tested_clust	nb_unique_seq_tested_clust	tested_clust_list_sequences	ref_clust	nb_unique_seq_ref_clust	ref_clust_list_sequences	nb_overlap	overlap_list_sequences
0	3	CAREVVLMVHRRGGLNMDVW_CQQYYSTPLTF;CARDPHYYDSSGYYYWYFDLW_CSSYAGSNNPYVF;NA_CQQANSFPLTF	2	1	CARGTPGWYW_CQQYGSSPTF	0	NA
0	3	CAREVVLMVHRRGGLNMDVW_CQQYYSTPLTF;CARDPHYYDSSGYYYWYFDLW_CSSYAGSNNPYVF;NA_CQQANSFPLTF	4	534	CARENYDFWSGYYHGADVW_CMIWHSSAWVF;CARRYYDSSGYSANFDYW_CQTWGTGIYVF;CAKAGDSSGYQKTYYFDYW_CQSADSSGTYGVF;CTTEALDYGANSRSPNFDYW_CQAWDSSNVVF;CAKDTEVGASRYYYYYGMDVW_CQQYGSSPPFTF;CASISMVRGEGGGYW_CQVWDSSSDHPVVF;CARADVVVVAALDYW_CQQYYSTPITF;CAKDFSGGEVVVVAATDYW_CQQYYSYPRTF;CARTGVTTVTTFPYW_CQQSYSTPGTF;CARDRWVVAAYYYGMDVW_CAIWYSSTWVF;CARDPMVRGVNYGMDVW_CMQALQTPRTF;CVGVGYNYRRDGAFDIW_CQQYGSSPQITF;CARETGYSSGWYEATGMDVW_CNSRDSSGNHLVF;CARSKGCSGGSCYHNWFDPW_CQQSYSTPYTF;CARDRYYYGSGRHRGSYYYYGMDVW_CAAWDDSLNGWVF;CAKPEAGQWLHVHHNHYGLDVW_CQSFDNSLSGSVF;CAAIAVYVYW_CQQYNSYPLTF;CAKANLAGVVAAIGIDYW_CAAWDDSLSGVVF;CARGIQLWWWFDPW_CQQSYSTPCTF;CASPQPGSGWSNYYYYGMDVW_CSSYTSSSTSYVF;CARDELDILTGYNIPTFGGCVYW_CQQYYSYPWTF;CVKEITAAKNRRKSLGYFFDFW_CQQYNDWPPLTF;CARDVCRGHYGDCLWGYW_CQQYYSYPITF;CARKGIAVRGGIDYW_CLLYYGGAWVF;CARDVSDGYNYEAWVDYW_CQQSYSTLWTF;CANGPPINYGDYEDAFDIW_CQQYNSYPLTF;NA_CQQSYRTPFTF;CARDRRGEHNFDYW_CQQRSNWPPGTF;CARDSEGEPSAGDAFDIW_CQQSYSTPWTF;CAKVLLDYYYGMDVW_CSSYTSSSTLVVF;CARGGWWELPYYYYYGMDVW_CMQALQTRNTF;CAKDPDYW_CQQRSNWPTF;CARVLDVW_CQQYNSYWTF;CAREKWELPPPPYYFDYW_CCSYAGSYTVVF;CAHRRYYYVAFDYW_CQQYYSTPLTF;CAHHGSARYSSSWHAAPGPYYFDYW_CQVWDSRAYVF;CARDFTEDGYNFDWRMLPDYW_CQQRSNWPPITF;CARGQIGGWSPYYYYGLDVW_CQQGYTNPFTF;CARGRNLGVVTKFNWFDPW_CAAWDDSLNGLVF;CARDGPYSGSYYGDAFDIW_CQQSYSTPRTF;CARDLGATDYW_CCSYAGSSTPYVF;NA_CQSADSSGTSWVF;CAKDGGLDYALYWYFDLW_CQQYNSLYTF;CAHKMGRGGGVDYW_CQQLSTDPITF;CTRDPHYGDHVPHNWFDPW_CQQSYRSPYTF;CARYDYDITVDHW_CMQGLQPFTF;CARAVDTAMVTNNWFDPW_CQQSYSTPFTF;CATEDTARDLYRAAFDIW_CQQYNGWTF;CARGYATALSRTDYW_CSSYTSSSTLVVF;CARGWSIVVVVAATFPNWFDPW_CQQRSNWPPTF;CARVAAVRSGRVNYYYYYGMDVW_CQSADSSGTYKVVF;CASIAVAGYFNYW_CQQYYSTPFTF;CAKVFSSSWGDYW_CQQSYSTPITF;CASFVDTAMAIPLDYWYFDLW_CQQYNNWPPWTF;CARGTVTTGRGYFDLW_CQQYGSSPQVTF;CAKDRASYYNFPIDPW_CQQYYSTPFTF;CAQTKLGIFGGMDVW_CQQSYSTPYTF;CARGPGYFDYW_CQQYDNLPRTF;CASHGVVVAATRGTPGSDYW_CQQSYSTLRTF;CASTVPSSLRAGAFDIW_CQQYYSTPRTF;CARDTMGPLYYGMDVW_CQVWDSSTVVF;CAKDLGELTDYW_CSSYTSSSTLVVVF;CAKSGPPLEWFFLGYYYGMDVW_CNSRDSSGNHVVF;CAKDATGYFDWLPYYYYYYGMDVW_CLLYYGGAQLWVF;CTTDSPHMITFGGVIVFDYW_CAAWDDSLNGGVF;CARDLRPVAGTADYLDYW_CQQYHYWPRTF;CARGVTIFGVVIMGGMDVW_CQQSYSTPYTF;CAKDLLSIYGSPSDYW_CQPYYGAPPYTF;CASAWYYYDSSGYYPFDYW_CQQYGSSPWTF;CVKDRSSRQLKAVGTYFDCW_CTSYTSSSTSYVF;CAREDLLWFGERWAKNSFDPW_CMQALQTPITF;CTRVVTMIVVAQGGFDYW_CAAWDDSLSAVVF;CARDKVVGARNWFDPW_CQQSYSTPSF;CARAVLRFLEWFSNWFDPW_CSSYTSSSTHVF;CARDRVVGATLYYYYYGMDVW_CQAWDSSSVVF;CARHEVPEMATIRGWFDPW_CQQYGSSLFTF;CARDRGSGTEPDFDYW_CMQATQFPLTF;CARVFGSVGATRSTDYW_CQQYITDPFTF;CARDELDILTGYNIPTFGGCVYW_CQQYYSYPWTF;CAHSDYYEGRGMDVW_CQQYYSTPYTF;NA_CQQYDELPVTF;CATTYYYDSSGYYQNDAFDIW_CQQYYSYPRTF;CAREIEGDGVFEIW_CMIWHSSAWVV;CARHIRGNRFGNDAFDIW_CQQYYSFPYTF;CARRLITMIEGGAFDIW_CQVWDSSSDHVVF;CAKVMIEHPSNRGHFDYW_CMQALQTPYTF;CTTDDEKRPYSGSYLPFDYW_CQSYDSSNVVF;CARGGRVSVAVYWDYYYYGMDVW_CQKYNSAPFTF;CAHSAQYYDILTGYYKAPWGGAFDIW_CQQYNSYSWTF;CARDDFGGATFYSSFDYW_CQQSYSTPYTF;CARAAKIFGVVTAFDIW_CQQYGSSPWTF;CVKDYSTSGWYYFDFW_CQQYGSSLPYTF;CARVVPAAFYGMDVW_CQQYGSSLFTF;CAGGSGYCTNGVCYPRGFDYYYGMDVW_CAAWDDSPPWVF;CAKDDTAMVTADFFDYW_CQTWGTGIWVF;CARTPRWLQCFDYW_CQQYNSYSWTF;CARDQWLAYYFDYW_CQSYDSSNHWVF;CARSGTTYYDILTGYYNYW_CQQYGSSRWTF;CAHRYYSNIDYW_CMQGTHWPWTF;CARDWGYYDSSGYSPRGYYYYYGMDVW_CQQLNSYSFTF;CAKDRVGYGDYVDYW_CQQYNNWPPWTF;CARLGSSPYYW_CQSYDSSLSGYVF;CTRYYGDVW_CQQYYSFPWTF;CAKDHYYDSSGYYSGLGYW_CQSADSSGTYRVVF;CATGLVVPAAILYGMDVW_CQQYGSSRGLTF;CAKDDGDAAAGLIYW_CAAWDDSLSGVVF;CAKDGGGEEALELPDYW_CGTWDSSLSAVVF;CATLRYPSLGVDYW_CHQYNNWPFTF;CARKDSSGSDAFDLW_CQQSYSTPYTF;CARDVVQLWYQIDYW_CQQSYSTPPNTF;CAKYVDTAMNQFDPW_CQQANSFPITF;CARGLHYYDSSGRSLYYFDYW_CQQYGSSPPGQTF;CANQPPSLYW_CQQYNNWPGTF;CARVGYDYVWGSYRYTGVMDVW_CSSYAGSSYVF;CARGRPYYYDSSGYPYDAFDIW_CMQALQTPLTF;CAKERVVTAIPVVIFDYW_CQQSYSTPRLTF;CARPYGDYAYFDYW_CQSYDSSLSGYVF;CARDWWERQDSKRPDYFDSW_CQQTNSFPITF;CARHSNDGSDYFDYW_CQESYGALLTYTF;CASTEIEMLVPRYCSSTSCYFVWFDPW_CGTWDSSLSAGHGVF;CASASSTGTDAFDIW_CQAWDSSTHVVF;CARDGSWYAAWFDPW_CQSYDSSLSGSVVF;CARDPSLGDPGWGYFDYW_CQQYNSYSTWTF;CVREMTGSFTGGLDPW_CMQGTHWPPTF;CAREVNTAMAYYYYYYGMDVW_CQQYGSSQWTF;CARERRGGGHYYDSSGYYLSDYW_CQQSYSTP;CARGGGYSSGWATREVVYW_CQSYDSSLGAVF;CAKVPTVTTFLGYYYGMDVW_CQQSYSTPWYTF;CARDLRPAANFDYW_CQVWDSSSDYVF;CARLSYSSSWYYFDYW_CQQSYSTLYTF;CARVPKVRYCSSTSCYKDYYYGMDVW_CQVWDSSSDSWVF;CATWHYYDSSGEDGMDVW_CQQYNNWPRTF;CARGRSSWHLDYW_CMQALQTPFTF;CARDPWELHGFDYW_CQQYGSSSFTF;CAREAYYYGMDVW_CNSRDSSGNHNYVF;CARDRSVVTMVRGVIPFYW_CCSYAGSYTVVF;CARHEKMNYYDILTGYSPPYYYYYGMDVW_CQSYDSSLSAYVVF;CAHYQGIAVTGTWFDPW_CQSYDSSNVVF;CARESSSWFPYW_CQQSYSTPFTF;CARERDYSPGRYYGMDVW_CGTWDSSLSAGVF;CARHPTPAAMVGYYYYGMDVW_CQQANSFPLTF;CARDGPMTAIGGYGMDVW_CQSYGSLGGSVF;CAKGRTTEGTDAFDMW_CQQVHSYPITF;CAKDRSSLLWFGELLYMPEEYGMDVW_CQQYNNWPLTF;CTNYGMDVW_CSSYAGSNNWVF;CARVDSFAPNSGYGAQLLNWFDPW_CQQYNNWPLTF;CAREDYDTASFGYW_CQQYDNLPYTF;CAKDFGRGSYHRAEYFQHW_CQQYNNWPPWTF;CARGGSLPLITMIVGFFW_CQQYGSSPEYTF;CTREAEMATISIDYW_CQVWDSSSDHVVF;CARDAPIWDTAIVYW_CQQYGSSLPWTF;CARLLVSAYNWFDPW_CQQSYSIPAF;CARIPMTTVTSYGMDVW_CQQYGSSSITF;CARDDEWEPYDYW_CCSYAGSSTYVF;CTTVLRYFDWLLSDYGMDVW_CLLSYSGARGVF;CAIGTGIVGTTFPREYW_CMQALQTSWTF;CAKDMELGWLIDYW_CMQALQTPLTF;CARERNIVVVPAAETFDYW_CQQYNNWPPLTF;CARIGFGEYDYGMDVW_CQSYDSSLSVVF;CARGNDYYGSGEFDYW_CSSYTSSSTLVF;CARGVGATDFDYW_CQSYDSSLSGVVF;CARDPSNWGSFGYW_CQAWDSSTYVF;CARVDGYNYSFDYW_CQQYNNWWTF;CAKEPYGGNSFVYYFDYW_CQQYGSSPGLTF;CAKAEWGGTENYIPYYFDFW_CQSYDNNNLIF;CARSHCSSTSCYPNYYYGMDVW_CQQSYSTPRTF;CARDFGERYCSGGSCYSFDPYYYYGMDVW_CLQHNSYPWTF;CAKEYPGPGQLDDAFDIW_CQSYDSSLSGKVF;CARVDTAMVTGLAISPPWDYGMDVW_CQQYNSYPWTF;CAKDIGDGSGSNSQKRDYYYGMDVW_CQQSYSTPRTF;CATDPYNSGWFASLKNQVLYYW_CQQSYSTPQTF;CAREHTGGWLQRYIDYW_CQSADSSGTYPRVVF;CARGYCDSTSCYAVGYFDLW_CQTWGTGIVVF;CARDPDPNWSKDWFDPW_CQQYNNWPPLTF;CAKGRYSFGLDNFDYW_CQQDGNSPTF;CASRAVQSSGWRQDYYYGMDVW_CQSYDSSLSGVF;CAREASEGPW_CQSYDSSNSWVF;CARLGGYSSRGNWFDPW_CQQSYSTPPYTF;CARDPHHTFGGVLVW_CQKYNSARTF;CAGYYYDSSGYLSSFDIW_CQSYDSSLSVVF;CARLPYRYSGSSNDAFDIW_CAAWDDSLSGPVF;CARAGYGDYVGDFDYW_CQSADSSGTYVVF;CARDYYGSRSDSGMDVW_CQQSYTTPYTL;CAKDGREAAAGTDYYYGMDVW_CQAWDSSTVVF;CARDSPGWGSSGFYYGMDVW_CQQYGSSPRYTF;CARVSGDTMIVVVHRDGMDVW_CQQYNSYSVTF;CAKNLATTGSHW_CLQDYNYPRTF;CAKDGGRGVVIIFYFDYW_CQQYGSSPITF;CARGIAVVTLWGPFDIW_CQQYNNWPRTF;CARDRWVPAAVPHYYYYGMDVW_CQQANSFPLTF;CAREGAAGPPPGHYYYYGMDVW_CMQALQTPFTF;CAKQGHFTDTKRIDYW_CQQYDSYPITF;CAVIPVTGQEASLSAEYFQHW_CQQSYSTPFTF;CARDSPSSGSYGLFDYW_CQTWGTGIRRVF;CASPGGGLLWFGELFRSYFDYW_CVLYMGSGFWVF;CAHRPVSDDILTGYRYNWFDPW_CQSYDSSLSGSVVF;CARGFIGYNFDSW_CQQSYRTPITF;CAREEGYCSGGSCEYNYYYGMDVW_CQQYGSSLITF;CARGRRVFLALSYW_CQQYGSSPHTF;CARGAGRIGQVDVW_CQQYNNWHTF;CARGYYDSSGQSLDYYYYGMDVW_CQQYYSYPFTF;CARTGKNGSGSYWFDPW_CQQYRTF;CARDGDTAMVINYFDYW_CQSADSSGTYWVF;CARTDIVATPDGGFDYW_CQTWGTGIHVVF;CAREGFYYYGSGSVSGGNWFDPW_CQVWDSSTVVF;CAKVPLGWGAAGGAYFDYW_CQQYGSSPATF;CARVGCSGDTCYSYDWFDPW_CGTWDSSLTAVVF;CARGGILTGKLSDYW_CQQYDNLPTF;CAHGLTGYYTYYFDYW_CQQYYSFPPTF;CARQVGANPFADYW_CAAWDDSLSGPVF;CARGKGEGRYYYDSSGYYYFDYW_CQQRSNWPPLTF;CSVYDAERGYFDYW_CCSYAGGDTSYYVF;CARNKQHIVGATLHTHYSNWFDPW_NA;CARLYGDYGDYW_CNSRDSSGNLFVVF;CARPYSSSWSPMDVW_CQSYDSSLSGHVVF;CARDKGYSSSWYIRSSWFDPW_CLLSYSGARLVF;CARAVCGDDCYLLDSW_CAAWDRSLGAVVF;CARTTTVVTGDAFDIW_CQSADSSGTYPVF;CAKGRGDYYYYGMDVW_CQQYDNLPITF;CTTGGALNYW_CQAWDSSTACVF;CARDLTTRDYSDAFDIW_CQQYGSSPRTF;CARAGLEINTPDSSGYYYGGGYFDYW_CQQYDNLPPRRFTF;CAKDHGYDFWSGYSDAFDIW_CQQSYSTPLYTF;CARESGYTNYYYYGMDVW_CQQYNSYPLTF;CARKYQLPYYYGMDVW_CQQSYNTPDTF;CARDSTYYYDSSGYPVSDAFDIW_CQQSYSTRRYTF;CAREVYSSSTNWFDPW_CQVWDSSTDVVF;CARANAEYSSSLLFDYW_CQSYDNSLSAYVF;CAHSPYDYVWGSYRQSWFDPW_CQAWDSSTVF;CTTIYYDILTGDYW_CMQALQTPITF;CARLDYDFWSGTPERMDVW_CQQYGSSPPWTF;CARVRKNWNYDLDDWYFDLW_CQVWDSSSDHYVF;CATRRVRGEGLAYW_CQQYNSYSRTF;CARNYDSSGYYVPPYFDYW_CQQYNNWPPYTF;CARDPANYFDYW_CQQSYSTLWTF;CAREESSSWYRYW_CQQYGSSPLTF;CARIVQGGSYLSGGIDYW_CMQSIQLLFTF;CARDRLIIRFLERPNWFDPW_CCSYAGSSTPVF;CAREYSNNWYFFDYW_CQQYAGSPLTF;CARVSGVGTSFAGFDPW_CQSADISATVF;CAREPTPRYSGSYRGFNYFDYW_CQQYYSFPLTF;CARAADYCTSASCPNEYFQHW_CQSYDSSLSVF;CARGRMTVHNDDSGFPEYLYYYGLDVW_CMQVMDNPRTL;CATSRVAVAGVDYW_CQSYDSSLSGVVF;CARDLGIAVAGRVEGYFDYW_CCSYAGSYTLVF;CARDVSNVLVIAVSPSWFDPW_CQQTYSIPYTF;CARDAPDRGSSWYSALFDYW_CQQYNNWPPTF;CARRDGGYCSSTSCSFDYW_CQQYNSYSPTF;CARAEIFGVVIQAFDYW_CQSYDSSLSGSVF;CVKKVIGFDDW_CQQSDTFGYTF;CAKGMDGSGSYYNKDGMDVW_CQAWDSSTGVF;CARVNGLLGEYYYGMDVW_CMQALQTPPNTF;CAKDWAVGWEFVDSW_CQQSHTVPLTF;CARDEGAAAYFDYW_CCSYAGSSTCWVF;CARAAGYCSSTSCYEIYYYYGMDVW_CQSYDSSLSVPF;CTRSYVLRFLEWFSPFDYW_CQQYGSSLWTF;CASSGSYQGNWFDPW_CQQSYSTPYTF;CARSPPRYDLSLVDAFDIW_CQQYNSYSTTF;CARETIAAAGSNFDYW_CQQSYSTPRTF;CARVSGYSYYFDYW_CQQLNSYLLTF;CATYIAAPRDYYYGMDVW_CMQALQTPYTF;CATGKTYSAPHAYYYFDYW_CQQANSFPRTF;CAKEVHSSGFDYW_CQSADSSGTYPWVF;CTTDHIVVVTAMIFGYYFDYW_CQQLNSPLTF;CAREGPTVTKFDYW_CQSYDSSLSGSVF;CEVKAAAGNFYW_CSSYAGSVVF;CAKDIEGGSGYYLTPGGFQHW_CCSYAGSSTFVVF;CARDAMAIGDYYYYGMDVW_CQQLNSYPSLTF;CARREGAGYDILTGSYYYYYGMDVW_CLLYYGGAQLGVF;CTTRLWRISQYYYDSSGYGHFDYW_CQSADSSGTYVF;CARTTLLAAAIDYW_CQQYYSFPYTF;CARAKAARPTPTYYYYYYGMDVW_CQAWDSSTGDVF;CARSGYDSSWVGYDFDYW_CQAWDSSTPVF;CAREGLEIDAFDIW_CQQSYSTPWTF;CAHTSAYYDSSGYYPPFDYW_CQQSYSTPLTF;CARATQDSSGWYGFWYFDYW_CQQYNNWPPTF;CARMLVVVAATGYYYYGMDVW_CQQYGSSQTF;CAREAYDSSAYSTIDYW_CQTWGTGIHVF;CARSAGSSGSFEYFQHW_CQQYGSSPLYTF;CARRLFLYSSSGYYFDSW_CQQASSFPPLSF;NA_CQQSYNTPRTF;CARGGGAVAGTIDFHYW_CCSYAGTDLWLF;CAKDRGYYDSSGYYYSDYGMDVW_CQSADSSGTYVF;CAKDGFGGASDHW_CQHYDRSPWTF;CARAIQMGCSDGSCLW_CQQYDNLPSYTF;CARKGRWLPDGDDAFDIW_CQQYYSYPLTF;CARAGLRSWFDPW_CMQSIQLPNTF;CARHSYGAYYYYGMDVW_CQQYGGSPLFTF;CAAGVMTARYDYW_CQQSYSTPLTF;CAHFMTTVTTGYFDPW_CIQVRQTPFTF;CAREGGGDILTTYYYYGMDVW_CQQYGSSTRALTF;CARGFGGGDYRSMDVW_CQQLITYPITF;CARTTYGGNSLNWFDPW_CQVWDSSSDHPVF;CAKRGGLMVRGVAVDYW_CQQYYSYPWTF;CARGYGSGNYYYYGMDVW_CMQALQTPWTF;CARSNYDILTGLDYW_CMQALQTPYTF;CAREDSGSYGYFDYW_CQQYNNWPQTF;CARRVLYYRFDPW_CNSRDSSGNHLF;CARGDYDYVWGSSPDAFDIW_CMQGTHWPLTF;CARDVRGYYYDSSGYSGEGYWW_CQQSYSTPYTF;CTRDRYSSSWYKGLYYYYGMDVW_CQQSYSTPYTF;CARVFFRVVYAMAYW_CQQYNNWPPMYTF;CASSLRYFDWTVNNWFDPW_CQQYGSSPQTF;CTRGYCSSTSCYTGWFDPW_CQAWDSSHVVF;CARDGRWELLGNQHW_CCSYAGSSTYVF;CARVYYDSSGYYYFDYW_CQQSYSTPWAF;CARGRVRWELLGDDAFDIW_CQQYDNLPLTF;CCTYVFVGIVPTIVDYW_CQQYNDWPPAGTF;CARDIQYYYDSSGYDAFDIW_CQQSYSTPWTF;CATSWGIAALYGMDVW_CNSRDSSGNPYVF;CAKDYPVAGDLDAFDIW_CCSYAGSSTWVF;CARANWDNWNDGLDYW_CGTWDSRLSSYVF;CARAGYCSSTSCSKEDVW_CQQSYSTPPRTF;CAREPLGGDYYYYYYGMDVW_CQQYGSSPTF;CARLSLRARFRGAFDIW_CCSYAGSYSVVF;CAHSLPSDIDYYYDSSGYSPSPPLFDYW_CQQYNNWPLTF;CASGYGGKTYYFDYW_CQQYGSSPGTF;CLGRELGHSW_CLQHNSYPWTF;CTAVLRYFDWLLMEAHENYYYYGMDVW_CQSADSSGGVF;CARDRSRWEFLYYFDYW_CQQYGSSGYTF;CARARYYDSNSYSYAW_CQTWGTGIWVF;CARLDYYDSSGYYDW_CQTWGTGIPVF;CARDYIAVAGPGENWFDPW_CQQSYSTRTF;CARDRGGYGVRWFDPW_CQQYDNLPPTF;CARRGNAIFGVVTHYYYYGMDVW_CMQALQTPLFTF;CSNYDILTGYYWFHYW_CQQYNNWPFTF;CASSFLDTSIVEYYFDYW_CATWDDSLSGLF;CARIVVVVTSRWFDPW_CQVWDSSSDHYVF;CARSLEWLDDYW_CQSYDSSLSGSVF;CARDAYGGYSFYYYGMDVW_CQQYGSSPFTF;CAGGSGSYYHLDPW_CQQANSFPYTF;CARPRLDYGDYGAGLGYW_CQKYNSAPFTF;CARDRGLRKKYFQHW_CQQYGSSPSTF;CARSLGPEFYYFDYW_CQQSYSTPWTF;CVSQLYYLDGRGYYYDYYYDYW_CLQHHDYPWTF;CTTVSPYGDYVGVYFDYW_CQQYYSYPPTF;CAKDFMEYYYYGMDVW_CSAWDSSLSAVVF;CARSPGSGSYTW_CQQYGSSPLTF;CARLPYAGGPYYYYGMDVW_CMQRIEFPFTF;CARGKPRSLELWSFYYYYGMDVW_CQQSYSTPPTF;CAMGGYDSSGVQLDYW_CAAWDDSLSGYVF;CAHRYCSSTSCYGLGDWFDPW_CQSADSSGTYLVF;CARHSEGLGPVDYW_CGTWDSSLSAWVF;CARAIFGVVSVMGFDYW_CMQALQTLTF;CAKSMKSFDYW_CQQSYSTPLTF;CTTEGGDGYNSFDYW_CQQYDNLPITF;CARDTTYGDYYYGMDVW_CQSADSSGNWVF;CARDGKGYSYGSGNYYGMDVW_CQQSYSTLYTF;CAHRTTTYYFDYW_CQQYNSYPYTF;CTTDLVWFGELANAFDIW_CLQHNSYLPEWTF;CTRGGTLGARSGYYDYYYGMDVW_CQQYNSYPLTF;CAKDEGRVVAVAGTGEHAFDIW_CQQYNSYSPTWTF;CAKDITIFGVVISHLDYW_CLQDYNYPLTF;CARTYYYDSSGYRNAFDIW_CQSADSSGTYPVVF;CAKCFYYDSSGYYYYYYGMDVW_CCSYAGSSTLVF;CARDLLSISGSPFDPW_CQQRSNWPPGGGGLTF;CARGGINGGAYFDYW_CQQYGSSPWTF;CARDRGPAGLDYW_CQQSYSTRYTF;CARRGYYYDSSGYYYDWFDPW_CNSRDSSGNRVVF;CAKGLNTAMVSYYFDYW_CVLYMGSGIWVF;CAKDIREGWSSGYYPVLDYW_CQVWDSSVVF;CAKDSPSGYYYYYYYGMDVW_CQQLNSYPITF;CARDRIAAADHNWFDPW_CAAWDDSLNGWVF;CARDIGGIAAAGSPPSAFDIW_CQQYNSYSTF;CAHSYYYGSGRGGWFDPW_CQSADSSGTYVF;CARDGSSSIFDYW_CNSRDSSGNHVVF;CAKPLRFGYSSSSCFDYW_CSSYAGSNNYVF;CAHTGFESLDYW_CQSYDNSLNGLGVF;CARDEDYYYDSSGSVDYW_CQQSYSTPWTF;CARQIAAAGPENWFDPW_CQSADSSGTYLVF;CARGLPVDVW_CGTWDSSLSAGHVVF;CARLIYYGSGRFGAFDIW_CQQYDNLPWTF;CARNEITIPLDVW_CQQYGSSPLVTF;CAKGGWFGELLFRLDYW_CQQYDNLLTF;CTTDHGDAYNYRW_CQQYGSSPRTF;CARDHRMNIAVAGTNWFDPW_CQKYNSAPLFTF;CARALREEQWLNNAFDIW_CQQYYSYPTF;CAHRPPYYDSSGYLSW_CQQYGSSLWTF;CARHYVDTAMVINQYYFDYW_CQSYDSSLSDVF;CARDNYDILTGHYGMDVW_CAAWDDSLSGLYVF;CAKDSSSSDWFDPW_CQQYYSYPLTF;CARDYVAVAGTLDYW_CQQYYSTPYTF;CTRDLAYSNYEPPNHNWFDPW_CLQHNSYPLTF;CARERYYYYGMDVW_CYSTDSSGNHGVF;CAKEGITGYYYYYGMDVW_CQQSYSTPHTF;CAKVALRYFDWLPPYFDYW_CQQYYSYPQNLTF;CARAHDSTGYQDFDYW_CQQAKSFPYTF;CARVGVYGSGSYLVGGDYW_CQQSYSTPWTF;CARGPYYGSGSGEFDPW_CQQYYSYPLTF;CARGSCYSSACYYYYGMDVW_CGTWDSSLSAVVF;CARDFDAAEGAFDIW_CQVWDSSSDPTFYVF;CARGAHSSGYYIDYW_CQQYYSFPFTF;NA_CHQYNNWSSWTF;CAREQDFGGNPFDCW_CMQVLHIPRAF;CARGTMVRGHYYYYGMDVW_CQQSYSTPLTF;CARGYSYGYLDWFDPW_CQSYDSSLSGVVF;CARAAPYSSSSLDYW_CQQSYSTLTWTF;CARRRITMNDYFDYW_CQSYDSSLSGVVF;CARGPDGGAFDIW_CQRGLTF;CARDLIARTALTYYYYGMDVW_CQSYDSSLSGGVF;CARYGVYGDYPGALFDYW_CAAWDDSLSGLWVF;CAKDRRGCSSTSCYTFDYW_CQQSYSTLSF;CARVSGYNSYYFDYW_CQQSYSTPRTF;CAAPSPRFTSSTGGGMELPLHVW_CCSYARGSSLVF;CAKDARWRPRVASIDALDIW_CQQYNNWPRTF;CARHIERYCSGGSCYEALDYW_CMQALHPITF;CASYLEMATRYYFDYW_CLQHNSFWTF;CARVTRVTQSNDFWTSYYTDCFDAW_CYSTDSSGNHKVF;CARLYSSSWTNYFDYW_CQQYYSYPLTF;CARGTVYSVPGGHYGDYVRDPKYYYYGMDVW_CQSADSSGTWVF;CARGAAGVRGPIGYW_CAAWDDSLSGWVF;CARVAVAGTTNWFDPW_CQQANSFPYTF;CARVLGGPGATTFDYW_CLQDYNYPWTF;CARTPVSTSYDSPGWYSSGWFFDYW_CQTWGTGIHVVF;CARTMVRGVTPADAFDIW_CQQYNSYSSTF;CAKSMGATILHAFDIW_CQQYNSYPLTF;CARANSGSYSFFFLRLDYFDYW_CQQYNNWPLTF;CARAAGTGGYYYGMDVW_CVLYMGSGISVF;CARAGQFGDSYYYYYYGMDVW_CLQDYNYPQTF;CAHFTKRPTDAFDIW_CNSRDSSGNHRVF;CARRLAYNGNWDYGDFDYW_CCSYSKTATF;CAAGFGLSGSYIHYYYYGMDVW_CQQYGSSPPLTF;CATDNWNFGADSGFGYW_CMQGTHWRTF;CARVLGSFSFGYDGFDIW_CQQLNAYPTF;CARDPGIAVAETVYYYYYYGMDVW_CMQALQTPPTF;CARTVGAGYKIGKGYFDYW_CQAWDSSTVVF;CARDQDLAALNYW_CGTWDSSLSAKVF;CTTENVLLWFGEPEYYYYYYGMDVW_CQSADSSGTYAVVF;CARSLFEGTVMAFRAEHMDVW_CQQYKTFFAVSF;NA_CQAWDSSTVVF;CARPPSHDSPMYHYW_CQSADSSGLWVF;CARDTMWWSYGMDVW_CCSYAGSGEVF;CARLRRYSSGYYYIAGDFDYW_CQSYDSSLSGVVF;CARDKGGTTVTTSNWFDPW_CQQYDNLPLTF;CARDGGGYYQKKGYFQHW_CGTWDSSLSAVVF;CARERPRGAAETW_CQAWDSSTWVF;CARDDIVVVPAAIDYW_CQSYDSSLSGPYVF;NA_CQQRSNWPPYTF;CARKFDCW_CQQYGTSLPVTF;CARGVLRFLEWLSNMDYYYYGMDVW_CMQALQTPRALTF;CAKDGSYYDSSGYSDYW_CQQYNNWPPWTF;CAKDKSYSVEYW_CMLFMGSGIWVF;CAKADVRSNWNDMHFDYW_CQAWDSSTVVF;CARATPRGYGGNSLNWFDPW_CQQYNSYPFTF;CAEGYQLPGLYYW_CNSRDSSGNHLF;CARHAGSGSYYFWFDPW_CQQYGSSPYTF;CAKDLQIGYCSSTSCRNAFDIW_CQQYGSSPPRVTF;CARGRGSYFDYW_CQQYGSSLWTF;CARTCSSTSCYTYGMDVW_CQQYNNWQYTF;CAHRGYSYGPLFDYW_CLLYYGGAQLVF;CARLPTLRYGSGSYYNGALDYYYGMDVW_CMQALQTPLTF;CARSIAAASPFDPW_CQQYDNLPPTF;CARGPPYGHLGYW_CQQYNNWPPITF;CAKDILGGGYFDYW_CQTWGTGMGVF;CAKDASYGYLFEYWYFDLW_CQQYNNWPPWTF;CARFGAKNYYDSW_CQQYNNWPGTF;CAREKWLRPQLDYW_CQQYGSSPKTF;CVKGPYYDGSGNSFGRKAFDIW_CQQYGSSPYTF;CARGASKGNQPALHYGMDVW_CQQSYSTPPAF;NA_CCSYAGSSTVVF;CATTLASPTHDYGDYEGGYMDVW_CQQYGSSPLTF;CALGIDAFDIW_CQQYNNWPKTF;NA_CQSYDDSLSGTVF;CARGFYYGSGSPLSGMDVW_CQQSYSTPRTF;CAKDPAASGSPWYFDYW_CQQYYSFPRTF;CAREVSRQSGSRPIKWFDPW_CQQSYSPPPLTF;CTPSLETYGDYALGYYW_CQSADSSGTYPYVF;CAKDFGGPLQFDYW_CQQYGSSPRTF;CAKDMLFSNNYW_CQTWGTGINWVF;CARDENHLYYGDLAYW_CQQSYSIPRAF;CARGSRLLLWFGELKVGPGFDPW_CQQYNSYWTF;CAMKGGRDGYNTRVYYYYGMDVW_CCSYAGSSTPYVF;CAKDIGPTNCSSTSCHAYYYYGMDVW_CQQYNSYSTF;CWRDRREAPIEMEVASTRG_CMQSTHWPYTF;CTRHTHCSGGSCYDAFDIW_CQQSYSTPRYTF;CAREPPHGSGTDYNWFDPW_CQSYDSSLSAYVF;CVKDLYDTGSYYYFDYW_CSSYTRSSTLVF;CSRHEGVGGNSDYW_CVLYMGSGISMF;CARNHDYGDYMFGGMDVW_CQSADSSGTYVF;CTTSGGDW_CMQSIQLPRTF;CARDRTSFGYSYGNIDYW_CQTWGTGILVF;CAKDELASYGGVGYYW_CQSADSSGTYFWVF;CAREPKHSGYCSSTSCYIGNWFDPW_CQSYDSSLSGNVVF;CARASWDSSSWGLGFDPW_CQAWDSSTGVF;CARTRVRGVISPFDYW_CQQANSFPPTF;CTREYYDFWSGDYW_CQQYDNLPLTF;CARDGGRGSGWSTPDYW_CNSRDSSGNHVVF;CARHYDFWSGDNPYWYYYYGMDVW_CQQYGSSPPWTF;CTTTTADIVVVPAAIQTVDYW_CQQYDNLPLTF;CAIMVRGVIGSYYYYGMDVW_CQQSYSTTWTF;CAKDNGYGGNSLQHW_CCSYAGSSTLVF;NA_CQQSYNTLWSF;CARARYRRDGYHNLYAFDIW_NA;CARGFSETGPGYKRFYYYFDLW_CQQYGSSPQTF;CARVKGDYYYYYGMDVW_CMQALQTPHTF;CARDPPLYSSGWFTGDYW_CQQYNSYPRTF;CAKDGGEHRGNDYW_CQVWDSSSDHYVF;CARGYDFWSGYLPHYGMDVW_CQVWDSSSDHPGVF;CARETKQYIDYRSPTVGRPYDYYYGMDVW_CLLFYGGAQLGVF;CAKGVWESTTEDAFDIW_CQQYNSYSPFTF;CAKDQGYCSSTSCYPYYYGMDVW_CQAWDSSTVVF;CARLGGYDSTFDYW_CSSYTSSSTYVF;CARGGDYYYGMDVW_CQQYNNWPLTF;CARVAAAGTYFDYW_CQQYGSSPETF;CARINQHGSGTYSPDYYYYGIDVW_CMQALQTPMYTF;CARKSIAAAGLPYYYYYGMDVW_CMQALQTRFTF;CAQGGYSYGYYDYW_CAAWDDSLNGVVF;CARQRGGTAVPVYYFDYW_CQQYGSSPLYTF;CARALYYDSSGYQPNRYYFDYW_CQSYDSSLSGYVVF;CTRALNSNHFDYW_CQQANSFPLTF;CARVTDPDAFDIW_CNSRDSSGNHYVF;CARSAWHPAATGGMDVW_CLQDYNYPYTF;CARVSLVVPQQFDYW_CQAWDSSTVVF;CAKVPGYSTGWYYFDYW_CQQCDSSPEWTF;CAKDSTCSSTSCYRGYYYYGMDVW_CQQYYSYPITF;CARDSKQQLADNWFDPW_CQAWDSSTLVVF;CARGRNGGNRFDWFDPW_CQSYDSSLSGSGVF;CARGKNWFDPW_CQQYGSSPLTF;CASGYSSGRPDYW_CQQYDNLPITF;CARLSDGDYTFDYW_CQQYNSYWTF;CARGGTAGYSYGYAYW_CQAWDSSTAVVF;CAKDIVVVPAAPITLYYYYGMDVW_CMQALQTSFTF;CARWRLYYDSRGYYYGMFDYW_CQQSYDTPLTF;CARSRRIVGATSFDWFDPW_CQQYNSYSRTF;CASEDSGYGGGFDYW_CQSYDSSLSEGVF;CAHGRDYDSSSLPFDYW_CQQYNSYPYTF;CARAGAYYYGSAIDYW_CQQYGSSPGLTF;CAKGSSHSGGWFDPW_CQQYNSYWTF;CARDLLRAYSSSSTSSIDYW_CQQYYSYPRTF;CAKDVSGYLDAFDIW_CGTWDSSLSAGWVF;CAREGSRYFDYW_CQVWDSSSDHYVF;CASHDSSGYYLLDYW_CQVWDSSSDHVVF;CARYCSSTSCYTTYYYYYYGMDVW_CQQYYSYPLTF;CARLWVFLTMVRGPDFDLW_CHQSSSLPLTF	0	NA
0	3	CAREVVLMVHRRGGLNMDVW_CQQYYSTPLTF;CARDPHYYDSSGYYYWYFDLW_CSSYAGSNNPYVF;NA_CQQANSFPLTF	9	1	CARTSRGLIAAAAAVDYW_NA	0	NA
0	3	CAREVVLMVHRRGGLNMDVW_CQQYYSTPLTF;CARDPHYYDSSGYYYWYFDLW_CSSYAGSNNPYVF;NA_CQQANSFPLTF	16	79	CARRRYYGGNSNKGWYFDLW_CQQRSNWRTF;CARDQEYSSGWDGPDYYYYYGMDVW_CQQSYSTPQTF;CARDDRFGGDTLGWFDPW_CQSYDSSLSGSGYVF;CAREGWGLGYCSSTSCYTGPFGYW_CQQYGSSPPYTF;CAKDPNYWRYFDWLTGYYFDYW_CQQRSNWPPWTF;CARDGGFGGSWLDPW_CQQRSHFRTF;CAKGEQFIAVNNWFDPW_CQQRSNWPITF;CARDRLDGYNSFYYGMDVW_CQSYDSSLSGSVF;CARDAGRDGNEYYFDYW_CQQYNSYLYTF;CARGSISSQRWFGPW_CQQYNYYYTF;CARDRGQWLVREEDYYYGMDVW_CQQYYSTPLTF;CARGGAVLRYFDWEPQGPLEDNWFDPW_CQQRSNTWTF;CARNMASGMDVW_CQQRSNWPLFLTF;CARIWAVAADHSFDYW_CQQYNNWPPWTF;CAHRPLDILTGYRVDYFDYW_CQQSYSTLGTF;CARDKGATFDYW_CQQSYSTPYTF;CARDRWSLHIVGASPRGPSFDYW_CQQANSFPVTF;CARAIWYYDILTGYYSYYGMDVW_CSSYAGSNNLEVF;CARARGDFWSGYTHWYFDLW_CQQRSNWPPWYTF;CAQTGILTGYPRVGNAFDIW_CQQRSNWLGFTF;CASGSSDRYSSGWYWGYFDYW_CQAWDSSTVVF;CARAEIYGSGSKYYYYGMDVW_CQSADSSGTYYVF;CARGPDRFSGSYDNWFDPW_CQHTRAF;CAKDYDSGSYYEGGAFDIW_CQQRSNWPLTF;CARDIVRDFDWPGVGYW_CAAWDDSLNGYVF;CARGWSGYSSSLHPYYFDYW_CCSYAGSSTTLVF;CAQIAAAGTMGFDYW_CQQRSNWPSLTF;CTTEVCSGYDCDLGDYW_CQQRSNWPTF;CARSVDTAMGNAHDW_CQQYGSSPPTF;CARDLYSGYSYGSAVYW_CQQRSNWPIF;CARDRPPYSNYVIYGMDVW_CQQRSNWPPLTF;CARESPFGGQSVAVGGTPDYW_CCSYAGSGTFVF;CARDHKQWRVSYVWFDPW_CQQRNTWPRPTF;CARGPGYCSGGSCYGMFDYW_CQSADSSGTYVVF;CARDISKGAAGTGDWFDPW_CQQRSNWPLTF;CARGTRRDGYNLIYW_CQQYDNPPLTF;CAKGTHYYGSGSMWGMDVW_CQQRSNWPPYTF;CAREGEITMIVANDAFDIW_CQQSYSTPPTF;CARAVPARPEYCGGDCYIYYYGMDVW_CQSADSSGTYWVF;CVLYYGSGSYYRFDYW_CQSYDSSLSAVF;CARDSSSPATRHFDYW_CMQATQFPYTF;CATSDWSW_CQQRINWPITF;CARGRGRYYDSSGEW_CQQYNSYPYTF;CARGPIVVVIAASPYYYYGMDVW_CQQRSNWPPGCTF;CARESRPTVTTRTTSGMDVW_CLQHNSYPRTF;CARARSSGWYHYW_CQQRSNWPPTF;CAKDSRYSLLIAVAGTEDYW_CQQRSNWPWTF;CARDIGYSSGWYWTPGVNYYYGMDVW_CQQYGSSPWTF;CARDRGVGARHFDYW_CQQYNNWPPWTF;CGRAAISVLRKMPPTFW_CQQYGSSPYTF;CARETYYYDSSGYYGPHAFDIW_CLLSYSGARVF;CARDSEIFGSSWYSYFDYW_CQQYNSYSYTF;CAKVEGIWFGELSDFYYYYGMDVW_CQQRSNWPLTF;CARTYVWGEVDYYYYGMDVW_CLQHNSYPWTF;CATDLNLAVAGEGGYW_CQQRSNWPLTF;CARDSYDFWSGYTPPNYYYYYGMDVW_CQQRSNWYTF;CARVYSYGYRYFDYW_CQQSYSTLWTF;CARDGGYSYGYAQGYYGMDVW_CQSADSSGTHVVF;CASATTVSHW_CQQRSNWPLTF;CARDRSAERRGYFDYW_CNSRDSSGNHYVF;CARVKSGGSSSLRQDAFDIW_CQQRSNWPYTF;CAREDSSGWLEFPNWFDPW_CCSYAGSSTYVF;CARDCSSTSCLAYW_CQLRSNWPTF;CAREGEQWLDGAFDYW_CQSADSSGTYKVF;CARDGGGWYGLVDYW_CQQYNNWPLTF;CARGNDAFDIW_CQQYNSYSGTF;CARDGKPSKTFDYW_CQQSYSTPLTF;CARHEKGIAAAVYYFDYW_CQQRSNWPLTF;CAKDVTDGYNIPYYFDSW_CQQRSNWPLTF;CTSWAIPQALTDYYYYGMDVW_CQQRSNWPPSITF;CARDCGGPVTTTTNDAFDIW_CQQYYSYPRTF;CARDCDGGCDYW_CQSADSSGTYRVF;CAKDDDRGYGWFGELLGRYGMDVW_CQQRSNWLLTF;CARALSLGPRTYYYDSPQRGHDAFDIW_CQQSYSTSWTF;CARGETYYYDSSGYYWGYYFDYW_CQQYNSYPLTF;CTTPTWGNYYYYGMDVW_CQQRSTGRDTF;CARDQQWLGDFDYW_CSSYAGSNNLWVF;CARVFRRYGSGSYYNLW_CQQRSNWLTF;CARDPGDYVEIEWYFDLW_CQQRSNWPRLTF	0	NA
0	3	CAREVVLMVHRRGGLNMDVW_CQQYYSTPLTF;CARDPHYYDSSGYYYWYFDLW_CSSYAGSNNPYVF;NA_CQQANSFPLTF	17	67	CARDEGIAARTRGETHYYYYGMDVW_CQQYYSTPYTF;CARDRDGAFAIW_CAIWYSNTHVIF;CASRVHGLVTVTTGGAFDIW_CQQYYSYPPAF;CARGGDPTWFDPW_CCSYAGSSIVVF;CARAGAVARGYFDYW_CQQYYSFPPTF;CARGRGAAAGTSILNYW_CQQYYSTPLGF;CAREPPDLTMVRTKGVRWFDPW_CQQYYSNPLTF;CARGGRVWSQATPTKNWFDPW_CQQYNNWPPWTF;CARETVVTPQNAFDIW_CAAWDDSLNGYVF;CARKSGPPQYRYFDYW_CQQSYSTPLHF;CARDEMVRRDGYNFAFDIW_CQQYYSTPPLTF;CARGVGGCSSTSCYTRGYYGMDVW_CQQANSFLTF;CAKDGIVFYGSGSYNDYW_CQQYYETPTF;CARGVRVAPIDYW_CAAWDDSLWVF;CARGPVYYYGSGSYYYFDYW_CLQDYNYPFTF;CARVRGAFGEPPPYNWFDPW_CQSADSSGTYYVF;CARGTRGRSSGYYSNW_CQQYNNWPPYTF;CARGGLYSSSWSVHSTFQHW_CQQYGSSPRTF;CARDLGARDGYNKFDYW_CQQYYSTPALTF;CAHTPGSGQKGSIYW_CQQYYSTPWTF;CARGRSSGYYPHFDYW_CNSRDSSGNHYVF;CARLGPYGSGSYSPVDYW_CQQYYSNPQAF;CARGAAAGTLDAFDIW_CQQYYSTPLTF;CAADRIRGSSANYDYGMDVW_CQQYYSLRTF;CTRGGGALGNW_CQQYYSIPWTF;CARGGRYCSGGSCYNWFDPW_CLQDYNYPWTF;CARGPGIYGDYGGGRPGYFDYW_CQQYYSTPPITF;CARVDNVWTTWGYW_CQQSYSTPPTF;CARGPSRSYNVYYFDYW_CQQYYSTGTF;CARGRGARYDYGYGLVPNYFDYW_CQQHSSSPPTF;CARDRVHDYVWGSYRDLDYW_CQQSYSTLMYTF;CARGPMTTVATPRTQYFQFW_CQQYYSTPWTF;CSKDWAATGREIGYW_CQQYYRTPYTF;CARRYSYGYKRLSGWIWYFDLW_CAAWDDSLNGYVF;CARRDCSGGSTQSLPQRHLTCYYGMDVW_CQQYYSTLYTF;CANDRDASSAWYGPVGYW_CQQHYSTPGTF;CASSGWFDPW_CAAWDDSLSGRVF;CARDQYSSGWYLGGWGYFDYW_CQQYYSTLRTF;CARGVVGHPHLIDFW_CQQYYHMGTF;CARGMGSSSWYPNTKLVNWFDPW_CQQYYSTPPTF;CARGEYGDYAFDYW_CAAWDDSLNGYVF;CARGTIAVAGKRYYYFDYW_CQVWDSSSDHHVVF;CARQDCSGGSCYLDYW_CQVWDSSSDHPVF;CAKGYSSSWYYNYGMDVW_CQQYYSTPTF;CARALYYDILTGYYPRYYFDYW_CQQLNSYPITF;CARDRYFGPW_CQQYYSTPWTF;CARGSGYYVGSYFDYW_CNSRDSSGNHPPVVF;CARITMIGGAFDIW_CQQYYSTPSITF;CARDLPAVYYYGMDVW_CQQSYSTLFTF;CARGNTRLRGYSYGLQMARGGYGMDVW_CQQYGSSPGTF;CASSAPPYGHFDYW_CNSRDSSGNHVVF;CARSVTGTMGIYYYGMDVW_CQQYGSSRGTF;CVRGGSGTLSWYDSW_CQQYLSSPDTF;CTRDLLVNWNDPGLISYYNSFDVW_CQQYYNSPRTF;CARGRGYYGSGSYFSFSYYYGMDVW_CAAWDDSLNGQVF;CARDRRGYSYGYPWFDPW_CNSRDSSGNHRVF;CARGRVYGDYVFWFDPW_CQQSYSTPLTF;CARSDDNGDYVFNYW_CQQYYSTPPTF;CARAYGMDVW_CQKYNSAPYTF;CARELASHLGDYFDYW_CQQYYSTPPKTF;CARGTRGRSSGYYSNW_CQQYNNWPPYTF;CARKARQWEVAIDSW_CHQYYTTPLF;CASLERVRRFYYYYGMDVW_CLLYYGGARVF;CSVYDSSGYLYGAFDIW_CQQYYSTPLTF;CARYNWNLNFDYW_CAAWDDSLNANYVF;CSIHPYYYDSSSHSEYFQHW_CQQYDNLPPAF;CARGSPYCSGGSCYLNWFDPW_CQQYYSYPRTF	0	NA
0	3	CAREVVLMVHRRGGLNMDVW_CQQYYSTPLTF;CARDPHYYDSSGYYYWYFDLW_CSSYAGSNNPYVF;NA_CQQANSFPLTF	18	68	CARQVGVGKWYLEDW_CCSYASGDNLVF;CARLIKYSGSYEMVDYW_CAAWDDSLNGYYVF;CARGGFITMIGYGMDVW_CQQYDNLPFTF;CARDLRWCSGGSCYGNYYGMDVW_CAAWDDSLNGQVF;CARDGRDYYDSSGYYYDDAFDIW_CQSADSSGTVVF;CARDHPLMVRENLGFDPW_CAAWDDSLNGPVF;CARDLRNYYDFWSGSPNPKINWFDPW_CQKYNSAPLTF;CARDLPAARYGDYGGFDYW_CAAWDDSLNGVVF;CARDLFPIQYGSEPYGMDVW_CQQYGSSPRTF;CARDIGPLDVW_CQVWDSSSDHRVF;CARDQGDGDYGAFDIW_CQQSYSTSSWTF;CARILEIVDPSGSYQYYFDYW_CGTWDSSLSAVVF;CARDGHYSGSYYVGYW_CCSYAGSYTYWVF;CAREEYSSSWHPYYFDYW_CGTWDSSLSAYVF;CAKDFRGWFDPW_CATWDDSLNGWVF;CARDRSGGSWFDPW_CVLYMGSGVF;CARASTAAYYYYYYGMDVW_CAAWDDSLNGHVVF;CAHHLSFGGNWAFAHW_CAAWDDSLNGSYVF;CASNLGYCSSISCYGFDYW_CQQYGSSPLYTF;CAKELPYYDSSGGPEYW_CAAWDDSLNGWVF;CARGEDYYGSGSYYGMDVW_CQAWDSNTVIF;CARVLGITGTTRRFDYW_CQQYYSYPFTF;CARDREQLAPFDYW_CQSADSSGTYVF;CAKDLIDTMIVVVITPPFDYW_CAAWDDSLNWVF;CARGGHLWSEEVMNRFYYYLGMDVW_CGAWDGSLNGYVF;CARDGYSGYDRADYYYYYGMDVW_CQSYDSSLSGSRVF;CARDHIAVAATPAEYYYYGMDVW_CQAWDSSTVVF;CARARDRQGAYYYGSGSYVPYYYYGMDVW_CCSYAGSSPWVF;CARQNFDILTGYSIDYW_CAAWDDSLNGLYVF;CARDNSGSYVVEYYFDYW_CAAWDDSLNGWVF;CARQYVEWLREMDVW_CAAWDDRLNGWVF;CARNYYYDSSGSGFDYW_CQQANSFPPTF;CAHRHHCSSTSCSPWDDWFDPW_CAAWDDSLNGPVF;CARQNFDILTGYSIDYW_CAAWDDSLNGLYVF;CAKTQVDGKALWFEPW_CATWDSILSGWIF;CARELLWFGEGINWFDPW_CAAWDDSLNGVVF;CARHNTITLRYFDWTKLGYFDLW_CAAWDDSLNGVVF;CARDRYDYGDYPAEYFQHW_CAAWDDSLNGVVF;CAREQLGGFDYW_CAAWDDSLSVVVF;CAIIPLATPVTIIMDYW_CMQSIQLPPQPTF;CAREQQLVPYYYYGMDVW_CAAWDDSLNGWVF;CARDGAGHYGSGSYFGSW_CATWDDSLNGFVIF;CASRTNHYYDIQRHYW_CQQSYSTPGVTF;CARHIMVRGVPPNFDYW_CAAWDDSLNGPVF;CASTGGGSYPILNW_CQQYYSYPLTF;CARGGPYPINSGYYYEVDYW_CAAWDDSLNGRYVF;CARGPNDAFDVW_CQQYARSPPWTF;CAHHASFGGNWAFAHW_CAAWDDSLNGSYVF;CARDRGYGSGSYFSGFDYW_CQQYNNWPPRTF;CARERGMYSSGWYNWFDPW_CQQYYSYPYTF;CARGGDGYNYHPYW_CQKYNSAPTF;CAKDSIPIYDSSGTTFDYW_CAAWDDSLNGWVF;CARDQRSYADYW_CQQYYSYPQTF;CARDLQRGYSYGYW_CAAWDDSLNGVVF;CARDIHGNGALYYYYGMDVW_CAAWDDSLNGLYVF;CARDNIVVVPAAMFEASDYYYGMDVW_CMQALQTPYTF;CARDELRQLVLW_CQSYDSSNPWVF;CARSYGSGSYPRPSPLAWFDPW_CAAWDDSLNGPVF;CARDLIGFGASFDYW_CQQYNNWPPYTF;CARMMGTYYGDHPTIVGYFDYW_CQQYNNWPLTF;CARDGLDYDSNAIDYW_CQQYDNLPYTF;CARHGGDCGLDCYSNWFDPW_CQHWTF;CAREPADSSSLW_CQSYDSSNWVF;CARSGQWLEGWFDPW_CQQYNSYSPTF;CAREGREGGGFDYW_CAAWDDSLSGWVF;CARFVPGGYDGFDIW_CASWDKNLNAFVF;CARDPVPVILGYCSGGRCSPLDYW_CQNYNSAPRTF;CAKDWDDYDSESGVYNYYGMDVW_CSAWDDSLNGVVF	0	NA
0	3	CAREVVLMVHRRGGLNMDVW_CQQYYSTPLTF;CARDPHYYDSSGYYYWYFDLW_CSSYAGSNNPYVF;NA_CQQANSFPLTF	19	62	CAKDFHRLTLLRYCSGGSCYSAFDIW_CCSYAGSSTYVF;CAKRPDTTGRSWYFDYW_CQQYNNWLWTF;CAKFDIAAADTGKGEDYW_CMQGTHWPPLTF;CAKDSLFDRIILIATDIW_CAAWDDSLNGWVF;CAKYPSFSSRRWYFDLW_CQQYNNWPPPYTF;CAKLPSYSYGPFDYW_CQVWDSSSDHPVF;CAKDRQQLVIDAFDIW_CQQANSFSYTF;CAKVLGFGPHYDILTGYYPFDYW_CQQSYSTPLTF;CASVQWLVDYW_CQQSYSTPMYTF;CAKDQSPSAKNGDYVSFDYW_CMQALQKTF;CAKDLRFLEWLLPYYYGMDVW_CMQALQTPWTF;CAKDIRGNSWYGDSEGIW_CMQGTHWPYTF;CASGMVDFDYW_CMQGTHWPPTF;CAKGDSRYWYFDLW_CQQRSNWPLTF;CAKWGHSSWYDNWFDPW_CQSADSSGTYVVF;CAKMGASRWGPSYYFDCW_CQQYGSSPRTF;CAKDHPTNWFDPW_CQQYYSYPRTF;CAKAQNYYDSSGYYPFDYW_CQVWDSSSDHSVVF;CAKAPESSAYYGPDYW_CAAWDDSLSGHWVF;CAKGATSCAYW_CQQSYSTPRTF;CARGRLGGYSLPGFDYW_CNSRDSSGNHVVF;CAKASARYCSGGSCYGTAFDIW_CQQSYSTPVF;CAKFHDSSGYYYLYGFDYW_CQAWDSSTYVF;CAKGAAASRTDYW_CQQSYSTPPYTF;CAKDEWERGAFDIW_CQQYNSYSPWTF;CAKADLLYSGSYGAW_CQQSYSTPYTF;CAKDGIVVVTAIKFGHGMDVW_CQQANSFPYTF;CAKRLDYW_CMQATQFPYTF;CANISPPPRYYGSGSYYNFAFDIW_CQQLNSYPFTF;CAKEDYNSGSCLDYW_CQQLNSYPQVTF;CAKVRGIVGATPCYFDYW_CQVWDSSSDHPVF;CAKDRGYRGDYSNWFDPW_CQQYNSYPRTF;CAKPSIVATIWAFDYW_CQQYDNLPPITF;CAKGRYSSSWYEDWYFDLW_CQQRSNWPPLTF;CAKDAEGQGPVLLWLGGMDVW_CQQYNSYSYTF;CATGIAVAGTLGYYGMDVW_CQQYNNWPRFTF;CAKASVAVAGTGGMDVW_CQVWDSSSDHVVF;CAKFFVVLSFWSGYYDYW_CQQLNSYPQTF;CAKGRNFVVVTAICDYW_CQQYGSSPLTF;CAKSLKLFAIDYW_CQSADSSGTYWVF;CAKGGYCSGGSCPLDYYYGMDVW_CMQALQTPLTF;CAKDHDEGATTYFDYW_CQAWDSSTVVF;CAKDRGPAEKYYYDSSGTQLIGAFDIW_CQQYYSYPPGTF;CAKALHAAVVGPAAIPFDYW_CSSYVGSNNYVF;CAKDHLMITFGGVGQGVPWFDPW_CQKYNSAPRTF;CAKAEGVKYNWNYGDYW_CQQSGSSPPTF;CAKETLGAVDYW_CCSYAGSSRVF;CAKAAMVRGVIDWYFDLW_CQQYYSYPPFTF;CAKGGGADFDHW_CQQYSIWPLSF;CAKDRDGYNADDAFDIW_CQQSYSTPLTF;CAKSYGSGSYYRTSEYYFDYW_CQQYNNWPPGTF;CAKRDSSSWGWDRGAFDIW_CQQLNSYPGFTF;CAKGFDYYGSGSYSPFDYW_CQQYNNWPPEYTF;CAKDGRWELGTFDIW_CQQYDNLPQF;CAKDRRLGPWIPDYW_CQQYDNLPQAF;CAKDRCTITSCSYQNW_CMQALQIPPTF;CAKDRSFDYPDYW_CQQYYSFPYTF;CAKLGEEDGSGSPSYYYYGMDVW_CQQYNNWPPLTF;CAKILYSSGWWGGAFDIW_CQQYNSYPLTF;CAKDKASSWQDRYYYYGMDVW_CVLYMGSGIRVF;CAKVGVGATSHFDYW_CQQSYSTPRYTF;CAKDLPRSVVVTANSYYYGMDVW_CQQYNSYPVTF	0	NA
0	3	CAREVVLMVHRRGGLNMDVW_CQQYYSTPLTF;CARDPHYYDSSGYYYWYFDLW_CSSYAGSNNPYVF;NA_CQQANSFPLTF	20	56	CARETTPVVTASTYYYYYGMDVW_CSSYTSSSTWVF;CARDWVRGVNDMDVW_CSSYTSSSTRVF;CTRPQRKWELPYPDAFDIW_CSSYTSSSTLF;CARGGAAVTTYYYYFYGMDAW_CCSYSSTNTLYVF;CARDGSGYLEQYYFDYW_CAAWDDSLNGYVF;CARGQGRTTSDYW_CSSYTSSSTLVVF;CARDPITMVRGVIISGWYFDLW_CSSYTSSSTLDVVF;CAKGADPYYDFWSGYSELFPLGMDVW_CSSYTSSSTVVF;CAREFKSFWSGYGDYYYGMDVW_CSSYTSSSTRVF;CARVVDDYYDSSGRYYFDYW_CSSYTSSSTQVF;CARHPFRVFGGWRDYW_CSSYTSSSTLWVF;CTGPDRMAYYDSSGYWEGVLDYW_CSSYTSSSPLYVF;CTRCGSSWTSYTMYDW_CSSYTGSRLYVF;CAKASLYGSGSYPPKYW_CSSYTSSSTYVF;CARDRPALWFGELHGMDVW_CSSYTSSSTLVF;CAKDHWEYYWYFDLW_CSSYTSSSTLVF;CARQISILRLLVWFDPW_CSSYTSSRGVF;CARHSPPRLWFGAFNYYYGMDVW_CSSYTGSSTLVF;CARRIAVAATVTGAMDVW_CTSYTSSSTLVF;CARYYDILTGYYYDYFDYW_CSSYTSSSTSF;CAKDPRLGPYFDYW_CSSYTSSSTRVF;CATSLVVVPAAILRGGVGGHYYGMDVW_CGTWDSSLSAVVF;CARILSDYYDSIGAFDYW_CSSYTSSSTPVVF;CARDRVAIMRGIKPNGMDVW_CQQLNSYPQTF;CARELTGDRDYW_CNSYTRSSTYVF;CARVNTMVRGLSTTKYYYPMDVW_CSSYTLSILIF;CARGGLPLGYCSGGSCSRRYYGMDVW_CSSYTSSSTLVVF;CARVEYGDYSGWFDPW_CSSYTSSSTWVF;CARGINYCSGGSCYYYYYYGMDVW_CSSYTSSSTLEGVF;CAREGPSRPAANYW_CSSYTSSSTEVF;CVRDQGSGGNYFDPW_CSSYTSSSLYVF;CARDDYYYDSSGYYPRFDYW_CSSYTSSSTLGVF;CARGSRYSYGDPCFDYW_CSSYTSSSTPVVVF;CARYYQDRFDYW_CSSYTSSSTLEVF;CARGPYDILTGSIYYYGMDVW_CSSYTSSSTLIF;CARDLGWSEGNYYYYGMDVW_CSSYTSSSTYVF;CAYDSSGYSLDYW_CQQYGSSPF;CARDQGTAAKPLDYW_CSSYTSSSTRVF;CARGGYSGYESDYW_CSSYTSSSTRVF;CARSSVGRQWPKGMDVW_CSSYTSSSTLAF;CAKDIRGRMATIMSW_CSSYTSSSTLVVF;CARVELHYYYYYGMDVW_CSSYTSSSTLF;CARGMIVVVMRYGMDVW_CSSYTSSSPVVF;CAKGILRYFDWHLEGMDVW_CSSYRNISTVF;CAKDIVSYSNYVLSNW_CSSYTSSSTQHVVF;CARHGSYLGYFQHW_CSSYTSSSTVVF;CAKDKGPDYYYGMDVW_CSSYTSSSTLYVF;CARSMVRGKYRAEYFQHW_CSSYTSSSTLNVVF;CATLSGMDVW_CSSYTSSSTLVVF;CAREGRPPRKPKNNWFDPW_CSSYAGSNNLVF;CARGYSYGPFDYW_CSSYTSSSTLVVF;CASPITTVTTRGAFDIW_CSSYTSSSTFYVF;CAETSYCSGGSCPMSEYGPVFDPW_CSSYTSSSTPWVF;CAKDCGEPWYNWNDGIGYW_CSSYTSSSTWVF;CARDSRLGGVDPW_CSSYTSSSTRVF;CAKAPGGYNWDNYHYYYFAMDVW_CSSYTSSSTLYVF	0	NA
0	3	CAREVVLMVHRRGGLNMDVW_CQQYYSTPLTF;CARDPHYYDSSGYYYWYFDLW_CSSYAGSNNPYVF;NA_CQQANSFPLTF	22	1	CARHGINYYDSSGYSGNDAFDIW_CQQYDNLFTF	0	NA
2	1	CARGTPGWYW_CQQYGSSPTF	0	3	CAREVVLMVHRRGGLNMDVW_CQQYYSTPLTF;CARDPHYYDSSGYYYWYFDLW_CSSYAGSNNPYVF;NA_CQQANSFPLTF	0	NA
2	1	CARGTPGWYW_CQQYGSSPTF	4	534	CARENYDFWSGYYHGADVW_CMIWHSSAWVF;CARRYYDSSGYSANFDYW_CQTWGTGIYVF;CAKAGDSSGYQKTYYFDYW_CQSADSSGTYGVF;CTTEALDYGANSRSPNFDYW_CQAWDSSNVVF;CAKDTEVGASRYYYYYGMDVW_CQQYGSSPPFTF;CASISMVRGEGGGYW_CQVWDSSSDHPVVF;CARADVVVVAALDYW_CQQYYSTPITF;CAKDFSGGEVVVVAATDYW_CQQYYSYPRTF;CARTGVTTVTTFPYW_CQQSYSTPGTF;CARDRWVVAAYYYGMDVW_CAIWYSSTWVF;CARDPMVRGVNYGMDVW_CMQALQTPRTF;CVGVGYNYRRDGAFDIW_CQQYGSSPQITF;CARETGYSSGWYEATGMDVW_CNSRDSSGNHLVF;CARSKGCSGGSCYHNWFDPW_CQQSYSTPYTF;CARDRYYYGSGRHRGSYYYYGMDVW_CAAWDDSLNGWVF;CAKPEAGQWLHVHHNHYGLDVW_CQSFDNSLSGSVF;CAAIAVYVYW_CQQYNSYPLTF;CAKANLAGVVAAIGIDYW_CAAWDDSLSGVVF;CARGIQLWWWFDPW_CQQSYSTPCTF;CASPQPGSGWSNYYYYGMDVW_CSSYTSSSTSYVF;CARDELDILTGYNIPTFGGCVYW_CQQYYSYPWTF;CVKEITAAKNRRKSLGYFFDFW_CQQYNDWPPLTF;CARDVCRGHYGDCLWGYW_CQQYYSYPITF;CARKGIAVRGGIDYW_CLLYYGGAWVF;CARDVSDGYNYEAWVDYW_CQQSYSTLWTF;CANGPPINYGDYEDAFDIW_CQQYNSYPLTF;NA_CQQSYRTPFTF;CARDRRGEHNFDYW_CQQRSNWPPGTF;CARDSEGEPSAGDAFDIW_CQQSYSTPWTF;CAKVLLDYYYGMDVW_CSSYTSSSTLVVF;CARGGWWELPYYYYYGMDVW_CMQALQTRNTF;CAKDPDYW_CQQRSNWPTF;CARVLDVW_CQQYNSYWTF;CAREKWELPPPPYYFDYW_CCSYAGSYTVVF;CAHRRYYYVAFDYW_CQQYYSTPLTF;CAHHGSARYSSSWHAAPGPYYFDYW_CQVWDSRAYVF;CARDFTEDGYNFDWRMLPDYW_CQQRSNWPPITF;CARGQIGGWSPYYYYGLDVW_CQQGYTNPFTF;CARGRNLGVVTKFNWFDPW_CAAWDDSLNGLVF;CARDGPYSGSYYGDAFDIW_CQQSYSTPRTF;CARDLGATDYW_CCSYAGSSTPYVF;NA_CQSADSSGTSWVF;CAKDGGLDYALYWYFDLW_CQQYNSLYTF;CAHKMGRGGGVDYW_CQQLSTDPITF;CTRDPHYGDHVPHNWFDPW_CQQSYRSPYTF;CARYDYDITVDHW_CMQGLQPFTF;CARAVDTAMVTNNWFDPW_CQQSYSTPFTF;CATEDTARDLYRAAFDIW_CQQYNGWTF;CARGYATALSRTDYW_CSSYTSSSTLVVF;CARGWSIVVVVAATFPNWFDPW_CQQRSNWPPTF;CARVAAVRSGRVNYYYYYGMDVW_CQSADSSGTYKVVF;CASIAVAGYFNYW_CQQYYSTPFTF;CAKVFSSSWGDYW_CQQSYSTPITF;CASFVDTAMAIPLDYWYFDLW_CQQYNNWPPWTF;CARGTVTTGRGYFDLW_CQQYGSSPQVTF;CAKDRASYYNFPIDPW_CQQYYSTPFTF;CAQTKLGIFGGMDVW_CQQSYSTPYTF;CARGPGYFDYW_CQQYDNLPRTF;CASHGVVVAATRGTPGSDYW_CQQSYSTLRTF;CASTVPSSLRAGAFDIW_CQQYYSTPRTF;CARDTMGPLYYGMDVW_CQVWDSSTVVF;CAKDLGELTDYW_CSSYTSSSTLVVVF;CAKSGPPLEWFFLGYYYGMDVW_CNSRDSSGNHVVF;CAKDATGYFDWLPYYYYYYGMDVW_CLLYYGGAQLWVF;CTTDSPHMITFGGVIVFDYW_CAAWDDSLNGGVF;CARDLRPVAGTADYLDYW_CQQYHYWPRTF;CARGVTIFGVVIMGGMDVW_CQQSYSTPYTF;CAKDLLSIYGSPSDYW_CQPYYGAPPYTF;CASAWYYYDSSGYYPFDYW_CQQYGSSPWTF;CVKDRSSRQLKAVGTYFDCW_CTSYTSSSTSYVF;CAREDLLWFGERWAKNSFDPW_CMQALQTPITF;CTRVVTMIVVAQGGFDYW_CAAWDDSLSAVVF;CARDKVVGARNWFDPW_CQQSYSTPSF;CARAVLRFLEWFSNWFDPW_CSSYTSSSTHVF;CARDRVVGATLYYYYYGMDVW_CQAWDSSSVVF;CARHEVPEMATIRGWFDPW_CQQYGSSLFTF;CARDRGSGTEPDFDYW_CMQATQFPLTF;CARVFGSVGATRSTDYW_CQQYITDPFTF;CARDELDILTGYNIPTFGGCVYW_CQQYYSYPWTF;CAHSDYYEGRGMDVW_CQQYYSTPYTF;NA_CQQYDELPVTF;CATTYYYDSSGYYQNDAFDIW_CQQYYSYPRTF;CAREIEGDGVFEIW_CMIWHSSAWVV;CARHIRGNRFGNDAFDIW_CQQYYSFPYTF;CARRLITMIEGGAFDIW_CQVWDSSSDHVVF;CAKVMIEHPSNRGHFDYW_CMQALQTPYTF;CTTDDEKRPYSGSYLPFDYW_CQSYDSSNVVF;CARGGRVSVAVYWDYYYYGMDVW_CQKYNSAPFTF;CAHSAQYYDILTGYYKAPWGGAFDIW_CQQYNSYSWTF;CARDDFGGATFYSSFDYW_CQQSYSTPYTF;CARAAKIFGVVTAFDIW_CQQYGSSPWTF;CVKDYSTSGWYYFDFW_CQQYGSSLPYTF;CARVVPAAFYGMDVW_CQQYGSSLFTF;CAGGSGYCTNGVCYPRGFDYYYGMDVW_CAAWDDSPPWVF;CAKDDTAMVTADFFDYW_CQTWGTGIWVF;CARTPRWLQCFDYW_CQQYNSYSWTF;CARDQWLAYYFDYW_CQSYDSSNHWVF;CARSGTTYYDILTGYYNYW_CQQYGSSRWTF;CAHRYYSNIDYW_CMQGTHWPWTF;CARDWGYYDSSGYSPRGYYYYYGMDVW_CQQLNSYSFTF;CAKDRVGYGDYVDYW_CQQYNNWPPWTF;CARLGSSPYYW_CQSYDSSLSGYVF;CTRYYGDVW_CQQYYSFPWTF;CAKDHYYDSSGYYSGLGYW_CQSADSSGTYRVVF;CATGLVVPAAILYGMDVW_CQQYGSSRGLTF;CAKDDGDAAAGLIYW_CAAWDDSLSGVVF;CAKDGGGEEALELPDYW_CGTWDSSLSAVVF;CATLRYPSLGVDYW_CHQYNNWPFTF;CARKDSSGSDAFDLW_CQQSYSTPYTF;CARDVVQLWYQIDYW_CQQSYSTPPNTF;CAKYVDTAMNQFDPW_CQQANSFPITF;CARGLHYYDSSGRSLYYFDYW_CQQYGSSPPGQTF;CANQPPSLYW_CQQYNNWPGTF;CARVGYDYVWGSYRYTGVMDVW_CSSYAGSSYVF;CARGRPYYYDSSGYPYDAFDIW_CMQALQTPLTF;CAKERVVTAIPVVIFDYW_CQQSYSTPRLTF;CARPYGDYAYFDYW_CQSYDSSLSGYVF;CARDWWERQDSKRPDYFDSW_CQQTNSFPITF;CARHSNDGSDYFDYW_CQESYGALLTYTF;CASTEIEMLVPRYCSSTSCYFVWFDPW_CGTWDSSLSAGHGVF;CASASSTGTDAFDIW_CQAWDSSTHVVF;CARDGSWYAAWFDPW_CQSYDSSLSGSVVF;CARDPSLGDPGWGYFDYW_CQQYNSYSTWTF;CVREMTGSFTGGLDPW_CMQGTHWPPTF;CAREVNTAMAYYYYYYGMDVW_CQQYGSSQWTF;CARERRGGGHYYDSSGYYLSDYW_CQQSYSTP;CARGGGYSSGWATREVVYW_CQSYDSSLGAVF;CAKVPTVTTFLGYYYGMDVW_CQQSYSTPWYTF;CARDLRPAANFDYW_CQVWDSSSDYVF;CARLSYSSSWYYFDYW_CQQSYSTLYTF;CARVPKVRYCSSTSCYKDYYYGMDVW_CQVWDSSSDSWVF;CATWHYYDSSGEDGMDVW_CQQYNNWPRTF;CARGRSSWHLDYW_CMQALQTPFTF;CARDPWELHGFDYW_CQQYGSSSFTF;CAREAYYYGMDVW_CNSRDSSGNHNYVF;CARDRSVVTMVRGVIPFYW_CCSYAGSYTVVF;CARHEKMNYYDILTGYSPPYYYYYGMDVW_CQSYDSSLSAYVVF;CAHYQGIAVTGTWFDPW_CQSYDSSNVVF;CARESSSWFPYW_CQQSYSTPFTF;CARERDYSPGRYYGMDVW_CGTWDSSLSAGVF;CARHPTPAAMVGYYYYGMDVW_CQQANSFPLTF;CARDGPMTAIGGYGMDVW_CQSYGSLGGSVF;CAKGRTTEGTDAFDMW_CQQVHSYPITF;CAKDRSSLLWFGELLYMPEEYGMDVW_CQQYNNWPLTF;CTNYGMDVW_CSSYAGSNNWVF;CARVDSFAPNSGYGAQLLNWFDPW_CQQYNNWPLTF;CAREDYDTASFGYW_CQQYDNLPYTF;CAKDFGRGSYHRAEYFQHW_CQQYNNWPPWTF;CARGGSLPLITMIVGFFW_CQQYGSSPEYTF;CTREAEMATISIDYW_CQVWDSSSDHVVF;CARDAPIWDTAIVYW_CQQYGSSLPWTF;CARLLVSAYNWFDPW_CQQSYSIPAF;CARIPMTTVTSYGMDVW_CQQYGSSSITF;CARDDEWEPYDYW_CCSYAGSSTYVF;CTTVLRYFDWLLSDYGMDVW_CLLSYSGARGVF;CAIGTGIVGTTFPREYW_CMQALQTSWTF;CAKDMELGWLIDYW_CMQALQTPLTF;CARERNIVVVPAAETFDYW_CQQYNNWPPLTF;CARIGFGEYDYGMDVW_CQSYDSSLSVVF;CARGNDYYGSGEFDYW_CSSYTSSSTLVF;CARGVGATDFDYW_CQSYDSSLSGVVF;CARDPSNWGSFGYW_CQAWDSSTYVF;CARVDGYNYSFDYW_CQQYNNWWTF;CAKEPYGGNSFVYYFDYW_CQQYGSSPGLTF;CAKAEWGGTENYIPYYFDFW_CQSYDNNNLIF;CARSHCSSTSCYPNYYYGMDVW_CQQSYSTPRTF;CARDFGERYCSGGSCYSFDPYYYYGMDVW_CLQHNSYPWTF;CAKEYPGPGQLDDAFDIW_CQSYDSSLSGKVF;CARVDTAMVTGLAISPPWDYGMDVW_CQQYNSYPWTF;CAKDIGDGSGSNSQKRDYYYGMDVW_CQQSYSTPRTF;CATDPYNSGWFASLKNQVLYYW_CQQSYSTPQTF;CAREHTGGWLQRYIDYW_CQSADSSGTYPRVVF;CARGYCDSTSCYAVGYFDLW_CQTWGTGIVVF;CARDPDPNWSKDWFDPW_CQQYNNWPPLTF;CAKGRYSFGLDNFDYW_CQQDGNSPTF;CASRAVQSSGWRQDYYYGMDVW_CQSYDSSLSGVF;CAREASEGPW_CQSYDSSNSWVF;CARLGGYSSRGNWFDPW_CQQSYSTPPYTF;CARDPHHTFGGVLVW_CQKYNSARTF;CAGYYYDSSGYLSSFDIW_CQSYDSSLSVVF;CARLPYRYSGSSNDAFDIW_CAAWDDSLSGPVF;CARAGYGDYVGDFDYW_CQSADSSGTYVVF;CARDYYGSRSDSGMDVW_CQQSYTTPYTL;CAKDGREAAAGTDYYYGMDVW_CQAWDSSTVVF;CARDSPGWGSSGFYYGMDVW_CQQYGSSPRYTF;CARVSGDTMIVVVHRDGMDVW_CQQYNSYSVTF;CAKNLATTGSHW_CLQDYNYPRTF;CAKDGGRGVVIIFYFDYW_CQQYGSSPITF;CARGIAVVTLWGPFDIW_CQQYNNWPRTF;CARDRWVPAAVPHYYYYGMDVW_CQQANSFPLTF;CAREGAAGPPPGHYYYYGMDVW_CMQALQTPFTF;CAKQGHFTDTKRIDYW_CQQYDSYPITF;CAVIPVTGQEASLSAEYFQHW_CQQSYSTPFTF;CARDSPSSGSYGLFDYW_CQTWGTGIRRVF;CASPGGGLLWFGELFRSYFDYW_CVLYMGSGFWVF;CAHRPVSDDILTGYRYNWFDPW_CQSYDSSLSGSVVF;CARGFIGYNFDSW_CQQSYRTPITF;CAREEGYCSGGSCEYNYYYGMDVW_CQQYGSSLITF;CARGRRVFLALSYW_CQQYGSSPHTF;CARGAGRIGQVDVW_CQQYNNWHTF;CARGYYDSSGQSLDYYYYGMDVW_CQQYYSYPFTF;CARTGKNGSGSYWFDPW_CQQYRTF;CARDGDTAMVINYFDYW_CQSADSSGTYWVF;CARTDIVATPDGGFDYW_CQTWGTGIHVVF;CAREGFYYYGSGSVSGGNWFDPW_CQVWDSSTVVF;CAKVPLGWGAAGGAYFDYW_CQQYGSSPATF;CARVGCSGDTCYSYDWFDPW_CGTWDSSLTAVVF;CARGGILTGKLSDYW_CQQYDNLPTF;CAHGLTGYYTYYFDYW_CQQYYSFPPTF;CARQVGANPFADYW_CAAWDDSLSGPVF;CARGKGEGRYYYDSSGYYYFDYW_CQQRSNWPPLTF;CSVYDAERGYFDYW_CCSYAGGDTSYYVF;CARNKQHIVGATLHTHYSNWFDPW_NA;CARLYGDYGDYW_CNSRDSSGNLFVVF;CARPYSSSWSPMDVW_CQSYDSSLSGHVVF;CARDKGYSSSWYIRSSWFDPW_CLLSYSGARLVF;CARAVCGDDCYLLDSW_CAAWDRSLGAVVF;CARTTTVVTGDAFDIW_CQSADSSGTYPVF;CAKGRGDYYYYGMDVW_CQQYDNLPITF;CTTGGALNYW_CQAWDSSTACVF;CARDLTTRDYSDAFDIW_CQQYGSSPRTF;CARAGLEINTPDSSGYYYGGGYFDYW_CQQYDNLPPRRFTF;CAKDHGYDFWSGYSDAFDIW_CQQSYSTPLYTF;CARESGYTNYYYYGMDVW_CQQYNSYPLTF;CARKYQLPYYYGMDVW_CQQSYNTPDTF;CARDSTYYYDSSGYPVSDAFDIW_CQQSYSTRRYTF;CAREVYSSSTNWFDPW_CQVWDSSTDVVF;CARANAEYSSSLLFDYW_CQSYDNSLSAYVF;CAHSPYDYVWGSYRQSWFDPW_CQAWDSSTVF;CTTIYYDILTGDYW_CMQALQTPITF;CARLDYDFWSGTPERMDVW_CQQYGSSPPWTF;CARVRKNWNYDLDDWYFDLW_CQVWDSSSDHYVF;CATRRVRGEGLAYW_CQQYNSYSRTF;CARNYDSSGYYVPPYFDYW_CQQYNNWPPYTF;CARDPANYFDYW_CQQSYSTLWTF;CAREESSSWYRYW_CQQYGSSPLTF;CARIVQGGSYLSGGIDYW_CMQSIQLLFTF;CARDRLIIRFLERPNWFDPW_CCSYAGSSTPVF;CAREYSNNWYFFDYW_CQQYAGSPLTF;CARVSGVGTSFAGFDPW_CQSADISATVF;CAREPTPRYSGSYRGFNYFDYW_CQQYYSFPLTF;CARAADYCTSASCPNEYFQHW_CQSYDSSLSVF;CARGRMTVHNDDSGFPEYLYYYGLDVW_CMQVMDNPRTL;CATSRVAVAGVDYW_CQSYDSSLSGVVF;CARDLGIAVAGRVEGYFDYW_CCSYAGSYTLVF;CARDVSNVLVIAVSPSWFDPW_CQQTYSIPYTF;CARDAPDRGSSWYSALFDYW_CQQYNNWPPTF;CARRDGGYCSSTSCSFDYW_CQQYNSYSPTF;CARAEIFGVVIQAFDYW_CQSYDSSLSGSVF;CVKKVIGFDDW_CQQSDTFGYTF;CAKGMDGSGSYYNKDGMDVW_CQAWDSSTGVF;CARVNGLLGEYYYGMDVW_CMQALQTPPNTF;CAKDWAVGWEFVDSW_CQQSHTVPLTF;CARDEGAAAYFDYW_CCSYAGSSTCWVF;CARAAGYCSSTSCYEIYYYYGMDVW_CQSYDSSLSVPF;CTRSYVLRFLEWFSPFDYW_CQQYGSSLWTF;CASSGSYQGNWFDPW_CQQSYSTPYTF;CARSPPRYDLSLVDAFDIW_CQQYNSYSTTF;CARETIAAAGSNFDYW_CQQSYSTPRTF;CARVSGYSYYFDYW_CQQLNSYLLTF;CATYIAAPRDYYYGMDVW_CMQALQTPYTF;CATGKTYSAPHAYYYFDYW_CQQANSFPRTF;CAKEVHSSGFDYW_CQSADSSGTYPWVF;CTTDHIVVVTAMIFGYYFDYW_CQQLNSPLTF;CAREGPTVTKFDYW_CQSYDSSLSGSVF;CEVKAAAGNFYW_CSSYAGSVVF;CAKDIEGGSGYYLTPGGFQHW_CCSYAGSSTFVVF;CARDAMAIGDYYYYGMDVW_CQQLNSYPSLTF;CARREGAGYDILTGSYYYYYGMDVW_CLLYYGGAQLGVF;CTTRLWRISQYYYDSSGYGHFDYW_CQSADSSGTYVF;CARTTLLAAAIDYW_CQQYYSFPYTF;CARAKAARPTPTYYYYYYGMDVW_CQAWDSSTGDVF;CARSGYDSSWVGYDFDYW_CQAWDSSTPVF;CAREGLEIDAFDIW_CQQSYSTPWTF;CAHTSAYYDSSGYYPPFDYW_CQQSYSTPLTF;CARATQDSSGWYGFWYFDYW_CQQYNNWPPTF;CARMLVVVAATGYYYYGMDVW_CQQYGSSQTF;CAREAYDSSAYSTIDYW_CQTWGTGIHVF;CARSAGSSGSFEYFQHW_CQQYGSSPLYTF;CARRLFLYSSSGYYFDSW_CQQASSFPPLSF;NA_CQQSYNTPRTF;CARGGGAVAGTIDFHYW_CCSYAGTDLWLF;CAKDRGYYDSSGYYYSDYGMDVW_CQSADSSGTYVF;CAKDGFGGASDHW_CQHYDRSPWTF;CARAIQMGCSDGSCLW_CQQYDNLPSYTF;CARKGRWLPDGDDAFDIW_CQQYYSYPLTF;CARAGLRSWFDPW_CMQSIQLPNTF;CARHSYGAYYYYGMDVW_CQQYGGSPLFTF;CAAGVMTARYDYW_CQQSYSTPLTF;CAHFMTTVTTGYFDPW_CIQVRQTPFTF;CAREGGGDILTTYYYYGMDVW_CQQYGSSTRALTF;CARGFGGGDYRSMDVW_CQQLITYPITF;CARTTYGGNSLNWFDPW_CQVWDSSSDHPVF;CAKRGGLMVRGVAVDYW_CQQYYSYPWTF;CARGYGSGNYYYYGMDVW_CMQALQTPWTF;CARSNYDILTGLDYW_CMQALQTPYTF;CAREDSGSYGYFDYW_CQQYNNWPQTF;CARRVLYYRFDPW_CNSRDSSGNHLF;CARGDYDYVWGSSPDAFDIW_CMQGTHWPLTF;CARDVRGYYYDSSGYSGEGYWW_CQQSYSTPYTF;CTRDRYSSSWYKGLYYYYGMDVW_CQQSYSTPYTF;CARVFFRVVYAMAYW_CQQYNNWPPMYTF;CASSLRYFDWTVNNWFDPW_CQQYGSSPQTF;CTRGYCSSTSCYTGWFDPW_CQAWDSSHVVF;CARDGRWELLGNQHW_CCSYAGSSTYVF;CARVYYDSSGYYYFDYW_CQQSYSTPWAF;CARGRVRWELLGDDAFDIW_CQQYDNLPLTF;CCTYVFVGIVPTIVDYW_CQQYNDWPPAGTF;CARDIQYYYDSSGYDAFDIW_CQQSYSTPWTF;CATSWGIAALYGMDVW_CNSRDSSGNPYVF;CAKDYPVAGDLDAFDIW_CCSYAGSSTWVF;CARANWDNWNDGLDYW_CGTWDSRLSSYVF;CARAGYCSSTSCSKEDVW_CQQSYSTPPRTF;CAREPLGGDYYYYYYGMDVW_CQQYGSSPTF;CARLSLRARFRGAFDIW_CCSYAGSYSVVF;CAHSLPSDIDYYYDSSGYSPSPPLFDYW_CQQYNNWPLTF;CASGYGGKTYYFDYW_CQQYGSSPGTF;CLGRELGHSW_CLQHNSYPWTF;CTAVLRYFDWLLMEAHENYYYYGMDVW_CQSADSSGGVF;CARDRSRWEFLYYFDYW_CQQYGSSGYTF;CARARYYDSNSYSYAW_CQTWGTGIWVF;CARLDYYDSSGYYDW_CQTWGTGIPVF;CARDYIAVAGPGENWFDPW_CQQSYSTRTF;CARDRGGYGVRWFDPW_CQQYDNLPPTF;CARRGNAIFGVVTHYYYYGMDVW_CMQALQTPLFTF;CSNYDILTGYYWFHYW_CQQYNNWPFTF;CASSFLDTSIVEYYFDYW_CATWDDSLSGLF;CARIVVVVTSRWFDPW_CQVWDSSSDHYVF;CARSLEWLDDYW_CQSYDSSLSGSVF;CARDAYGGYSFYYYGMDVW_CQQYGSSPFTF;CAGGSGSYYHLDPW_CQQANSFPYTF;CARPRLDYGDYGAGLGYW_CQKYNSAPFTF;CARDRGLRKKYFQHW_CQQYGSSPSTF;CARSLGPEFYYFDYW_CQQSYSTPWTF;CVSQLYYLDGRGYYYDYYYDYW_CLQHHDYPWTF;CTTVSPYGDYVGVYFDYW_CQQYYSYPPTF;CAKDFMEYYYYGMDVW_CSAWDSSLSAVVF;CARSPGSGSYTW_CQQYGSSPLTF;CARLPYAGGPYYYYGMDVW_CMQRIEFPFTF;CARGKPRSLELWSFYYYYGMDVW_CQQSYSTPPTF;CAMGGYDSSGVQLDYW_CAAWDDSLSGYVF;CAHRYCSSTSCYGLGDWFDPW_CQSADSSGTYLVF;CARHSEGLGPVDYW_CGTWDSSLSAWVF;CARAIFGVVSVMGFDYW_CMQALQTLTF;CAKSMKSFDYW_CQQSYSTPLTF;CTTEGGDGYNSFDYW_CQQYDNLPITF;CARDTTYGDYYYGMDVW_CQSADSSGNWVF;CARDGKGYSYGSGNYYGMDVW_CQQSYSTLYTF;CAHRTTTYYFDYW_CQQYNSYPYTF;CTTDLVWFGELANAFDIW_CLQHNSYLPEWTF;CTRGGTLGARSGYYDYYYGMDVW_CQQYNSYPLTF;CAKDEGRVVAVAGTGEHAFDIW_CQQYNSYSPTWTF;CAKDITIFGVVISHLDYW_CLQDYNYPLTF;CARTYYYDSSGYRNAFDIW_CQSADSSGTYPVVF;CAKCFYYDSSGYYYYYYGMDVW_CCSYAGSSTLVF;CARDLLSISGSPFDPW_CQQRSNWPPGGGGLTF;CARGGINGGAYFDYW_CQQYGSSPWTF;CARDRGPAGLDYW_CQQSYSTRYTF;CARRGYYYDSSGYYYDWFDPW_CNSRDSSGNRVVF;CAKGLNTAMVSYYFDYW_CVLYMGSGIWVF;CAKDIREGWSSGYYPVLDYW_CQVWDSSVVF;CAKDSPSGYYYYYYYGMDVW_CQQLNSYPITF;CARDRIAAADHNWFDPW_CAAWDDSLNGWVF;CARDIGGIAAAGSPPSAFDIW_CQQYNSYSTF;CAHSYYYGSGRGGWFDPW_CQSADSSGTYVF;CARDGSSSIFDYW_CNSRDSSGNHVVF;CAKPLRFGYSSSSCFDYW_CSSYAGSNNYVF;CAHTGFESLDYW_CQSYDNSLNGLGVF;CARDEDYYYDSSGSVDYW_CQQSYSTPWTF;CARQIAAAGPENWFDPW_CQSADSSGTYLVF;CARGLPVDVW_CGTWDSSLSAGHVVF;CARLIYYGSGRFGAFDIW_CQQYDNLPWTF;CARNEITIPLDVW_CQQYGSSPLVTF;CAKGGWFGELLFRLDYW_CQQYDNLLTF;CTTDHGDAYNYRW_CQQYGSSPRTF;CARDHRMNIAVAGTNWFDPW_CQKYNSAPLFTF;CARALREEQWLNNAFDIW_CQQYYSYPTF;CAHRPPYYDSSGYLSW_CQQYGSSLWTF;CARHYVDTAMVINQYYFDYW_CQSYDSSLSDVF;CARDNYDILTGHYGMDVW_CAAWDDSLSGLYVF;CAKDSSSSDWFDPW_CQQYYSYPLTF;CARDYVAVAGTLDYW_CQQYYSTPYTF;CTRDLAYSNYEPPNHNWFDPW_CLQHNSYPLTF;CARERYYYYGMDVW_CYSTDSSGNHGVF;CAKEGITGYYYYYGMDVW_CQQSYSTPHTF;CAKVALRYFDWLPPYFDYW_CQQYYSYPQNLTF;CARAHDSTGYQDFDYW_CQQAKSFPYTF;CARVGVYGSGSYLVGGDYW_CQQSYSTPWTF;CARGPYYGSGSGEFDPW_CQQYYSYPLTF;CARGSCYSSACYYYYGMDVW_CGTWDSSLSAVVF;CARDFDAAEGAFDIW_CQVWDSSSDPTFYVF;CARGAHSSGYYIDYW_CQQYYSFPFTF;NA_CHQYNNWSSWTF;CAREQDFGGNPFDCW_CMQVLHIPRAF;CARGTMVRGHYYYYGMDVW_CQQSYSTPLTF;CARGYSYGYLDWFDPW_CQSYDSSLSGVVF;CARAAPYSSSSLDYW_CQQSYSTLTWTF;CARRRITMNDYFDYW_CQSYDSSLSGVVF;CARGPDGGAFDIW_CQRGLTF;CARDLIARTALTYYYYGMDVW_CQSYDSSLSGGVF;CARYGVYGDYPGALFDYW_CAAWDDSLSGLWVF;CAKDRRGCSSTSCYTFDYW_CQQSYSTLSF;CARVSGYNSYYFDYW_CQQSYSTPRTF;CAAPSPRFTSSTGGGMELPLHVW_CCSYARGSSLVF;CAKDARWRPRVASIDALDIW_CQQYNNWPRTF;CARHIERYCSGGSCYEALDYW_CMQALHPITF;CASYLEMATRYYFDYW_CLQHNSFWTF;CARVTRVTQSNDFWTSYYTDCFDAW_CYSTDSSGNHKVF;CARLYSSSWTNYFDYW_CQQYYSYPLTF;CARGTVYSVPGGHYGDYVRDPKYYYYGMDVW_CQSADSSGTWVF;CARGAAGVRGPIGYW_CAAWDDSLSGWVF;CARVAVAGTTNWFDPW_CQQANSFPYTF;CARVLGGPGATTFDYW_CLQDYNYPWTF;CARTPVSTSYDSPGWYSSGWFFDYW_CQTWGTGIHVVF;CARTMVRGVTPADAFDIW_CQQYNSYSSTF;CAKSMGATILHAFDIW_CQQYNSYPLTF;CARANSGSYSFFFLRLDYFDYW_CQQYNNWPLTF;CARAAGTGGYYYGMDVW_CVLYMGSGISVF;CARAGQFGDSYYYYYYGMDVW_CLQDYNYPQTF;CAHFTKRPTDAFDIW_CNSRDSSGNHRVF;CARRLAYNGNWDYGDFDYW_CCSYSKTATF;CAAGFGLSGSYIHYYYYGMDVW_CQQYGSSPPLTF;CATDNWNFGADSGFGYW_CMQGTHWRTF;CARVLGSFSFGYDGFDIW_CQQLNAYPTF;CARDPGIAVAETVYYYYYYGMDVW_CMQALQTPPTF;CARTVGAGYKIGKGYFDYW_CQAWDSSTVVF;CARDQDLAALNYW_CGTWDSSLSAKVF;CTTENVLLWFGEPEYYYYYYGMDVW_CQSADSSGTYAVVF;CARSLFEGTVMAFRAEHMDVW_CQQYKTFFAVSF;NA_CQAWDSSTVVF;CARPPSHDSPMYHYW_CQSADSSGLWVF;CARDTMWWSYGMDVW_CCSYAGSGEVF;CARLRRYSSGYYYIAGDFDYW_CQSYDSSLSGVVF;CARDKGGTTVTTSNWFDPW_CQQYDNLPLTF;CARDGGGYYQKKGYFQHW_CGTWDSSLSAVVF;CARERPRGAAETW_CQAWDSSTWVF;CARDDIVVVPAAIDYW_CQSYDSSLSGPYVF;NA_CQQRSNWPPYTF;CARKFDCW_CQQYGTSLPVTF;CARGVLRFLEWLSNMDYYYYGMDVW_CMQALQTPRALTF;CAKDGSYYDSSGYSDYW_CQQYNNWPPWTF;CAKDKSYSVEYW_CMLFMGSGIWVF;CAKADVRSNWNDMHFDYW_CQAWDSSTVVF;CARATPRGYGGNSLNWFDPW_CQQYNSYPFTF;CAEGYQLPGLYYW_CNSRDSSGNHLF;CARHAGSGSYYFWFDPW_CQQYGSSPYTF;CAKDLQIGYCSSTSCRNAFDIW_CQQYGSSPPRVTF;CARGRGSYFDYW_CQQYGSSLWTF;CARTCSSTSCYTYGMDVW_CQQYNNWQYTF;CAHRGYSYGPLFDYW_CLLYYGGAQLVF;CARLPTLRYGSGSYYNGALDYYYGMDVW_CMQALQTPLTF;CARSIAAASPFDPW_CQQYDNLPPTF;CARGPPYGHLGYW_CQQYNNWPPITF;CAKDILGGGYFDYW_CQTWGTGMGVF;CAKDASYGYLFEYWYFDLW_CQQYNNWPPWTF;CARFGAKNYYDSW_CQQYNNWPGTF;CAREKWLRPQLDYW_CQQYGSSPKTF;CVKGPYYDGSGNSFGRKAFDIW_CQQYGSSPYTF;CARGASKGNQPALHYGMDVW_CQQSYSTPPAF;NA_CCSYAGSSTVVF;CATTLASPTHDYGDYEGGYMDVW_CQQYGSSPLTF;CALGIDAFDIW_CQQYNNWPKTF;NA_CQSYDDSLSGTVF;CARGFYYGSGSPLSGMDVW_CQQSYSTPRTF;CAKDPAASGSPWYFDYW_CQQYYSFPRTF;CAREVSRQSGSRPIKWFDPW_CQQSYSPPPLTF;CTPSLETYGDYALGYYW_CQSADSSGTYPYVF;CAKDFGGPLQFDYW_CQQYGSSPRTF;CAKDMLFSNNYW_CQTWGTGINWVF;CARDENHLYYGDLAYW_CQQSYSIPRAF;CARGSRLLLWFGELKVGPGFDPW_CQQYNSYWTF;CAMKGGRDGYNTRVYYYYGMDVW_CCSYAGSSTPYVF;CAKDIGPTNCSSTSCHAYYYYGMDVW_CQQYNSYSTF;CWRDRREAPIEMEVASTRG_CMQSTHWPYTF;CTRHTHCSGGSCYDAFDIW_CQQSYSTPRYTF;CAREPPHGSGTDYNWFDPW_CQSYDSSLSAYVF;CVKDLYDTGSYYYFDYW_CSSYTRSSTLVF;CSRHEGVGGNSDYW_CVLYMGSGISMF;CARNHDYGDYMFGGMDVW_CQSADSSGTYVF;CTTSGGDW_CMQSIQLPRTF;CARDRTSFGYSYGNIDYW_CQTWGTGILVF;CAKDELASYGGVGYYW_CQSADSSGTYFWVF;CAREPKHSGYCSSTSCYIGNWFDPW_CQSYDSSLSGNVVF;CARASWDSSSWGLGFDPW_CQAWDSSTGVF;CARTRVRGVISPFDYW_CQQANSFPPTF;CTREYYDFWSGDYW_CQQYDNLPLTF;CARDGGRGSGWSTPDYW_CNSRDSSGNHVVF;CARHYDFWSGDNPYWYYYYGMDVW_CQQYGSSPPWTF;CTTTTADIVVVPAAIQTVDYW_CQQYDNLPLTF;CAIMVRGVIGSYYYYGMDVW_CQQSYSTTWTF;CAKDNGYGGNSLQHW_CCSYAGSSTLVF;NA_CQQSYNTLWSF;CARARYRRDGYHNLYAFDIW_NA;CARGFSETGPGYKRFYYYFDLW_CQQYGSSPQTF;CARVKGDYYYYYGMDVW_CMQALQTPHTF;CARDPPLYSSGWFTGDYW_CQQYNSYPRTF;CAKDGGEHRGNDYW_CQVWDSSSDHYVF;CARGYDFWSGYLPHYGMDVW_CQVWDSSSDHPGVF;CARETKQYIDYRSPTVGRPYDYYYGMDVW_CLLFYGGAQLGVF;CAKGVWESTTEDAFDIW_CQQYNSYSPFTF;CAKDQGYCSSTSCYPYYYGMDVW_CQAWDSSTVVF;CARLGGYDSTFDYW_CSSYTSSSTYVF;CARGGDYYYGMDVW_CQQYNNWPLTF;CARVAAAGTYFDYW_CQQYGSSPETF;CARINQHGSGTYSPDYYYYGIDVW_CMQALQTPMYTF;CARKSIAAAGLPYYYYYGMDVW_CMQALQTRFTF;CAQGGYSYGYYDYW_CAAWDDSLNGVVF;CARQRGGTAVPVYYFDYW_CQQYGSSPLYTF;CARALYYDSSGYQPNRYYFDYW_CQSYDSSLSGYVVF;CTRALNSNHFDYW_CQQANSFPLTF;CARVTDPDAFDIW_CNSRDSSGNHYVF;CARSAWHPAATGGMDVW_CLQDYNYPYTF;CARVSLVVPQQFDYW_CQAWDSSTVVF;CAKVPGYSTGWYYFDYW_CQQCDSSPEWTF;CAKDSTCSSTSCYRGYYYYGMDVW_CQQYYSYPITF;CARDSKQQLADNWFDPW_CQAWDSSTLVVF;CARGRNGGNRFDWFDPW_CQSYDSSLSGSGVF;CARGKNWFDPW_CQQYGSSPLTF;CASGYSSGRPDYW_CQQYDNLPITF;CARLSDGDYTFDYW_CQQYNSYWTF;CARGGTAGYSYGYAYW_CQAWDSSTAVVF;CAKDIVVVPAAPITLYYYYGMDVW_CMQALQTSFTF;CARWRLYYDSRGYYYGMFDYW_CQQSYDTPLTF;CARSRRIVGATSFDWFDPW_CQQYNSYSRTF;CASEDSGYGGGFDYW_CQSYDSSLSEGVF;CAHGRDYDSSSLPFDYW_CQQYNSYPYTF;CARAGAYYYGSAIDYW_CQQYGSSPGLTF;CAKGSSHSGGWFDPW_CQQYNSYWTF;CARDLLRAYSSSSTSSIDYW_CQQYYSYPRTF;CAKDVSGYLDAFDIW_CGTWDSSLSAGWVF;CAREGSRYFDYW_CQVWDSSSDHYVF;CASHDSSGYYLLDYW_CQVWDSSSDHVVF;CARYCSSTSCYTTYYYYYYGMDVW_CQQYYSYPLTF;CARLWVFLTMVRGPDFDLW_CHQSSSLPLTF	0	NA
2	1	CARGTPGWYW_CQQYGSSPTF	9	1	CARTSRGLIAAAAAVDYW_NA	0	NA
2	1	CARGTPGWYW_CQQYGSSPTF	16	79	CARRRYYGGNSNKGWYFDLW_CQQRSNWRTF;CARDQEYSSGWDGPDYYYYYGMDVW_CQQSYSTPQTF;CARDDRFGGDTLGWFDPW_CQSYDSSLSGSGYVF;CAREGWGLGYCSSTSCYTGPFGYW_CQQYGSSPPYTF;CAKDPNYWRYFDWLTGYYFDYW_CQQRSNWPPWTF;CARDGGFGGSWLDPW_CQQRSHFRTF;CAKGEQFIAVNNWFDPW_CQQRSNWPITF;CARDRLDGYNSFYYGMDVW_CQSYDSSLSGSVF;CARDAGRDGNEYYFDYW_CQQYNSYLYTF;CARGSISSQRWFGPW_CQQYNYYYTF;CARDRGQWLVREEDYYYGMDVW_CQQYYSTPLTF;CARGGAVLRYFDWEPQGPLEDNWFDPW_CQQRSNTWTF;CARNMASGMDVW_CQQRSNWPLFLTF;CARIWAVAADHSFDYW_CQQYNNWPPWTF;CAHRPLDILTGYRVDYFDYW_CQQSYSTLGTF;CARDKGATFDYW_CQQSYSTPYTF;CARDRWSLHIVGASPRGPSFDYW_CQQANSFPVTF;CARAIWYYDILTGYYSYYGMDVW_CSSYAGSNNLEVF;CARARGDFWSGYTHWYFDLW_CQQRSNWPPWYTF;CAQTGILTGYPRVGNAFDIW_CQQRSNWLGFTF;CASGSSDRYSSGWYWGYFDYW_CQAWDSSTVVF;CARAEIYGSGSKYYYYGMDVW_CQSADSSGTYYVF;CARGPDRFSGSYDNWFDPW_CQHTRAF;CAKDYDSGSYYEGGAFDIW_CQQRSNWPLTF;CARDIVRDFDWPGVGYW_CAAWDDSLNGYVF;CARGWSGYSSSLHPYYFDYW_CCSYAGSSTTLVF;CAQIAAAGTMGFDYW_CQQRSNWPSLTF;CTTEVCSGYDCDLGDYW_CQQRSNWPTF;CARSVDTAMGNAHDW_CQQYGSSPPTF;CARDLYSGYSYGSAVYW_CQQRSNWPIF;CARDRPPYSNYVIYGMDVW_CQQRSNWPPLTF;CARESPFGGQSVAVGGTPDYW_CCSYAGSGTFVF;CARDHKQWRVSYVWFDPW_CQQRNTWPRPTF;CARGPGYCSGGSCYGMFDYW_CQSADSSGTYVVF;CARDISKGAAGTGDWFDPW_CQQRSNWPLTF;CARGTRRDGYNLIYW_CQQYDNPPLTF;CAKGTHYYGSGSMWGMDVW_CQQRSNWPPYTF;CAREGEITMIVANDAFDIW_CQQSYSTPPTF;CARAVPARPEYCGGDCYIYYYGMDVW_CQSADSSGTYWVF;CVLYYGSGSYYRFDYW_CQSYDSSLSAVF;CARDSSSPATRHFDYW_CMQATQFPYTF;CATSDWSW_CQQRINWPITF;CARGRGRYYDSSGEW_CQQYNSYPYTF;CARGPIVVVIAASPYYYYGMDVW_CQQRSNWPPGCTF;CARESRPTVTTRTTSGMDVW_CLQHNSYPRTF;CARARSSGWYHYW_CQQRSNWPPTF;CAKDSRYSLLIAVAGTEDYW_CQQRSNWPWTF;CARDIGYSSGWYWTPGVNYYYGMDVW_CQQYGSSPWTF;CARDRGVGARHFDYW_CQQYNNWPPWTF;CGRAAISVLRKMPPTFW_CQQYGSSPYTF;CARETYYYDSSGYYGPHAFDIW_CLLSYSGARVF;CARDSEIFGSSWYSYFDYW_CQQYNSYSYTF;CAKVEGIWFGELSDFYYYYGMDVW_CQQRSNWPLTF;CARTYVWGEVDYYYYGMDVW_CLQHNSYPWTF;CATDLNLAVAGEGGYW_CQQRSNWPLTF;CARDSYDFWSGYTPPNYYYYYGMDVW_CQQRSNWYTF;CARVYSYGYRYFDYW_CQQSYSTLWTF;CARDGGYSYGYAQGYYGMDVW_CQSADSSGTHVVF;CASATTVSHW_CQQRSNWPLTF;CARDRSAERRGYFDYW_CNSRDSSGNHYVF;CARVKSGGSSSLRQDAFDIW_CQQRSNWPYTF;CAREDSSGWLEFPNWFDPW_CCSYAGSSTYVF;CARDCSSTSCLAYW_CQLRSNWPTF;CAREGEQWLDGAFDYW_CQSADSSGTYKVF;CARDGGGWYGLVDYW_CQQYNNWPLTF;CARGNDAFDIW_CQQYNSYSGTF;CARDGKPSKTFDYW_CQQSYSTPLTF;CARHEKGIAAAVYYFDYW_CQQRSNWPLTF;CAKDVTDGYNIPYYFDSW_CQQRSNWPLTF;CTSWAIPQALTDYYYYGMDVW_CQQRSNWPPSITF;CARDCGGPVTTTTNDAFDIW_CQQYYSYPRTF;CARDCDGGCDYW_CQSADSSGTYRVF;CAKDDDRGYGWFGELLGRYGMDVW_CQQRSNWLLTF;CARALSLGPRTYYYDSPQRGHDAFDIW_CQQSYSTSWTF;CARGETYYYDSSGYYWGYYFDYW_CQQYNSYPLTF;CTTPTWGNYYYYGMDVW_CQQRSTGRDTF;CARDQQWLGDFDYW_CSSYAGSNNLWVF;CARVFRRYGSGSYYNLW_CQQRSNWLTF;CARDPGDYVEIEWYFDLW_CQQRSNWPRLTF	0	NA
2	1	CARGTPGWYW_CQQYGSSPTF	17	67	CARDEGIAARTRGETHYYYYGMDVW_CQQYYSTPYTF;CARDRDGAFAIW_CAIWYSNTHVIF;CASRVHGLVTVTTGGAFDIW_CQQYYSYPPAF;CARGGDPTWFDPW_CCSYAGSSIVVF;CARAGAVARGYFDYW_CQQYYSFPPTF;CARGRGAAAGTSILNYW_CQQYYSTPLGF;CAREPPDLTMVRTKGVRWFDPW_CQQYYSNPLTF;CARGGRVWSQATPTKNWFDPW_CQQYNNWPPWTF;CARETVVTPQNAFDIW_CAAWDDSLNGYVF;CARKSGPPQYRYFDYW_CQQSYSTPLHF;CARDEMVRRDGYNFAFDIW_CQQYYSTPPLTF;CARGVGGCSSTSCYTRGYYGMDVW_CQQANSFLTF;CAKDGIVFYGSGSYNDYW_CQQYYETPTF;CARGVRVAPIDYW_CAAWDDSLWVF;CARGPVYYYGSGSYYYFDYW_CLQDYNYPFTF;CARVRGAFGEPPPYNWFDPW_CQSADSSGTYYVF;CARGTRGRSSGYYSNW_CQQYNNWPPYTF;CARGGLYSSSWSVHSTFQHW_CQQYGSSPRTF;CARDLGARDGYNKFDYW_CQQYYSTPALTF;CAHTPGSGQKGSIYW_CQQYYSTPWTF;CARGRSSGYYPHFDYW_CNSRDSSGNHYVF;CARLGPYGSGSYSPVDYW_CQQYYSNPQAF;CARGAAAGTLDAFDIW_CQQYYSTPLTF;CAADRIRGSSANYDYGMDVW_CQQYYSLRTF;CTRGGGALGNW_CQQYYSIPWTF;CARGGRYCSGGSCYNWFDPW_CLQDYNYPWTF;CARGPGIYGDYGGGRPGYFDYW_CQQYYSTPPITF;CARVDNVWTTWGYW_CQQSYSTPPTF;CARGPSRSYNVYYFDYW_CQQYYSTGTF;CARGRGARYDYGYGLVPNYFDYW_CQQHSSSPPTF;CARDRVHDYVWGSYRDLDYW_CQQSYSTLMYTF;CARGPMTTVATPRTQYFQFW_CQQYYSTPWTF;CSKDWAATGREIGYW_CQQYYRTPYTF;CARRYSYGYKRLSGWIWYFDLW_CAAWDDSLNGYVF;CARRDCSGGSTQSLPQRHLTCYYGMDVW_CQQYYSTLYTF;CANDRDASSAWYGPVGYW_CQQHYSTPGTF;CASSGWFDPW_CAAWDDSLSGRVF;CARDQYSSGWYLGGWGYFDYW_CQQYYSTLRTF;CARGVVGHPHLIDFW_CQQYYHMGTF;CARGMGSSSWYPNTKLVNWFDPW_CQQYYSTPPTF;CARGEYGDYAFDYW_CAAWDDSLNGYVF;CARGTIAVAGKRYYYFDYW_CQVWDSSSDHHVVF;CARQDCSGGSCYLDYW_CQVWDSSSDHPVF;CAKGYSSSWYYNYGMDVW_CQQYYSTPTF;CARALYYDILTGYYPRYYFDYW_CQQLNSYPITF;CARDRYFGPW_CQQYYSTPWTF;CARGSGYYVGSYFDYW_CNSRDSSGNHPPVVF;CARITMIGGAFDIW_CQQYYSTPSITF;CARDLPAVYYYGMDVW_CQQSYSTLFTF;CARGNTRLRGYSYGLQMARGGYGMDVW_CQQYGSSPGTF;CASSAPPYGHFDYW_CNSRDSSGNHVVF;CARSVTGTMGIYYYGMDVW_CQQYGSSRGTF;CVRGGSGTLSWYDSW_CQQYLSSPDTF;CTRDLLVNWNDPGLISYYNSFDVW_CQQYYNSPRTF;CARGRGYYGSGSYFSFSYYYGMDVW_CAAWDDSLNGQVF;CARDRRGYSYGYPWFDPW_CNSRDSSGNHRVF;CARGRVYGDYVFWFDPW_CQQSYSTPLTF;CARSDDNGDYVFNYW_CQQYYSTPPTF;CARAYGMDVW_CQKYNSAPYTF;CARELASHLGDYFDYW_CQQYYSTPPKTF;CARGTRGRSSGYYSNW_CQQYNNWPPYTF;CARKARQWEVAIDSW_CHQYYTTPLF;CASLERVRRFYYYYGMDVW_CLLYYGGARVF;CSVYDSSGYLYGAFDIW_CQQYYSTPLTF;CARYNWNLNFDYW_CAAWDDSLNANYVF;CSIHPYYYDSSSHSEYFQHW_CQQYDNLPPAF;CARGSPYCSGGSCYLNWFDPW_CQQYYSYPRTF	0	NA
2	1	CARGTPGWYW_CQQYGSSPTF	18	68	CARQVGVGKWYLEDW_CCSYASGDNLVF;CARLIKYSGSYEMVDYW_CAAWDDSLNGYYVF;CARGGFITMIGYGMDVW_CQQYDNLPFTF;CARDLRWCSGGSCYGNYYGMDVW_CAAWDDSLNGQVF;CARDGRDYYDSSGYYYDDAFDIW_CQSADSSGTVVF;CARDHPLMVRENLGFDPW_CAAWDDSLNGPVF;CARDLRNYYDFWSGSPNPKINWFDPW_CQKYNSAPLTF;CARDLPAARYGDYGGFDYW_CAAWDDSLNGVVF;CARDLFPIQYGSEPYGMDVW_CQQYGSSPRTF;CARDIGPLDVW_CQVWDSSSDHRVF;CARDQGDGDYGAFDIW_CQQSYSTSSWTF;CARILEIVDPSGSYQYYFDYW_CGTWDSSLSAVVF;CARDGHYSGSYYVGYW_CCSYAGSYTYWVF;CAREEYSSSWHPYYFDYW_CGTWDSSLSAYVF;CAKDFRGWFDPW_CATWDDSLNGWVF;CARDRSGGSWFDPW_CVLYMGSGVF;CARASTAAYYYYYYGMDVW_CAAWDDSLNGHVVF;CAHHLSFGGNWAFAHW_CAAWDDSLNGSYVF;CASNLGYCSSISCYGFDYW_CQQYGSSPLYTF;CAKELPYYDSSGGPEYW_CAAWDDSLNGWVF;CARGEDYYGSGSYYGMDVW_CQAWDSNTVIF;CARVLGITGTTRRFDYW_CQQYYSYPFTF;CARDREQLAPFDYW_CQSADSSGTYVF;CAKDLIDTMIVVVITPPFDYW_CAAWDDSLNWVF;CARGGHLWSEEVMNRFYYYLGMDVW_CGAWDGSLNGYVF;CARDGYSGYDRADYYYYYGMDVW_CQSYDSSLSGSRVF;CARDHIAVAATPAEYYYYGMDVW_CQAWDSSTVVF;CARARDRQGAYYYGSGSYVPYYYYGMDVW_CCSYAGSSPWVF;CARQNFDILTGYSIDYW_CAAWDDSLNGLYVF;CARDNSGSYVVEYYFDYW_CAAWDDSLNGWVF;CARQYVEWLREMDVW_CAAWDDRLNGWVF;CARNYYYDSSGSGFDYW_CQQANSFPPTF;CAHRHHCSSTSCSPWDDWFDPW_CAAWDDSLNGPVF;CARQNFDILTGYSIDYW_CAAWDDSLNGLYVF;CAKTQVDGKALWFEPW_CATWDSILSGWIF;CARELLWFGEGINWFDPW_CAAWDDSLNGVVF;CARHNTITLRYFDWTKLGYFDLW_CAAWDDSLNGVVF;CARDRYDYGDYPAEYFQHW_CAAWDDSLNGVVF;CAREQLGGFDYW_CAAWDDSLSVVVF;CAIIPLATPVTIIMDYW_CMQSIQLPPQPTF;CAREQQLVPYYYYGMDVW_CAAWDDSLNGWVF;CARDGAGHYGSGSYFGSW_CATWDDSLNGFVIF;CASRTNHYYDIQRHYW_CQQSYSTPGVTF;CARHIMVRGVPPNFDYW_CAAWDDSLNGPVF;CASTGGGSYPILNW_CQQYYSYPLTF;CARGGPYPINSGYYYEVDYW_CAAWDDSLNGRYVF;CARGPNDAFDVW_CQQYARSPPWTF;CAHHASFGGNWAFAHW_CAAWDDSLNGSYVF;CARDRGYGSGSYFSGFDYW_CQQYNNWPPRTF;CARERGMYSSGWYNWFDPW_CQQYYSYPYTF;CARGGDGYNYHPYW_CQKYNSAPTF;CAKDSIPIYDSSGTTFDYW_CAAWDDSLNGWVF;CARDQRSYADYW_CQQYYSYPQTF;CARDLQRGYSYGYW_CAAWDDSLNGVVF;CARDIHGNGALYYYYGMDVW_CAAWDDSLNGLYVF;CARDNIVVVPAAMFEASDYYYGMDVW_CMQALQTPYTF;CARDELRQLVLW_CQSYDSSNPWVF;CARSYGSGSYPRPSPLAWFDPW_CAAWDDSLNGPVF;CARDLIGFGASFDYW_CQQYNNWPPYTF;CARMMGTYYGDHPTIVGYFDYW_CQQYNNWPLTF;CARDGLDYDSNAIDYW_CQQYDNLPYTF;CARHGGDCGLDCYSNWFDPW_CQHWTF;CAREPADSSSLW_CQSYDSSNWVF;CARSGQWLEGWFDPW_CQQYNSYSPTF;CAREGREGGGFDYW_CAAWDDSLSGWVF;CARFVPGGYDGFDIW_CASWDKNLNAFVF;CARDPVPVILGYCSGGRCSPLDYW_CQNYNSAPRTF;CAKDWDDYDSESGVYNYYGMDVW_CSAWDDSLNGVVF	0	NA
2	1	CARGTPGWYW_CQQYGSSPTF	19	62	CAKDFHRLTLLRYCSGGSCYSAFDIW_CCSYAGSSTYVF;CAKRPDTTGRSWYFDYW_CQQYNNWLWTF;CAKFDIAAADTGKGEDYW_CMQGTHWPPLTF;CAKDSLFDRIILIATDIW_CAAWDDSLNGWVF;CAKYPSFSSRRWYFDLW_CQQYNNWPPPYTF;CAKLPSYSYGPFDYW_CQVWDSSSDHPVF;CAKDRQQLVIDAFDIW_CQQANSFSYTF;CAKVLGFGPHYDILTGYYPFDYW_CQQSYSTPLTF;CASVQWLVDYW_CQQSYSTPMYTF;CAKDQSPSAKNGDYVSFDYW_CMQALQKTF;CAKDLRFLEWLLPYYYGMDVW_CMQALQTPWTF;CAKDIRGNSWYGDSEGIW_CMQGTHWPYTF;CASGMVDFDYW_CMQGTHWPPTF;CAKGDSRYWYFDLW_CQQRSNWPLTF;CAKWGHSSWYDNWFDPW_CQSADSSGTYVVF;CAKMGASRWGPSYYFDCW_CQQYGSSPRTF;CAKDHPTNWFDPW_CQQYYSYPRTF;CAKAQNYYDSSGYYPFDYW_CQVWDSSSDHSVVF;CAKAPESSAYYGPDYW_CAAWDDSLSGHWVF;CAKGATSCAYW_CQQSYSTPRTF;CARGRLGGYSLPGFDYW_CNSRDSSGNHVVF;CAKASARYCSGGSCYGTAFDIW_CQQSYSTPVF;CAKFHDSSGYYYLYGFDYW_CQAWDSSTYVF;CAKGAAASRTDYW_CQQSYSTPPYTF;CAKDEWERGAFDIW_CQQYNSYSPWTF;CAKADLLYSGSYGAW_CQQSYSTPYTF;CAKDGIVVVTAIKFGHGMDVW_CQQANSFPYTF;CAKRLDYW_CMQATQFPYTF;CANISPPPRYYGSGSYYNFAFDIW_CQQLNSYPFTF;CAKEDYNSGSCLDYW_CQQLNSYPQVTF;CAKVRGIVGATPCYFDYW_CQVWDSSSDHPVF;CAKDRGYRGDYSNWFDPW_CQQYNSYPRTF;CAKPSIVATIWAFDYW_CQQYDNLPPITF;CAKGRYSSSWYEDWYFDLW_CQQRSNWPPLTF;CAKDAEGQGPVLLWLGGMDVW_CQQYNSYSYTF;CATGIAVAGTLGYYGMDVW_CQQYNNWPRFTF;CAKASVAVAGTGGMDVW_CQVWDSSSDHVVF;CAKFFVVLSFWSGYYDYW_CQQLNSYPQTF;CAKGRNFVVVTAICDYW_CQQYGSSPLTF;CAKSLKLFAIDYW_CQSADSSGTYWVF;CAKGGYCSGGSCPLDYYYGMDVW_CMQALQTPLTF;CAKDHDEGATTYFDYW_CQAWDSSTVVF;CAKDRGPAEKYYYDSSGTQLIGAFDIW_CQQYYSYPPGTF;CAKALHAAVVGPAAIPFDYW_CSSYVGSNNYVF;CAKDHLMITFGGVGQGVPWFDPW_CQKYNSAPRTF;CAKAEGVKYNWNYGDYW_CQQSGSSPPTF;CAKETLGAVDYW_CCSYAGSSRVF;CAKAAMVRGVIDWYFDLW_CQQYYSYPPFTF;CAKGGGADFDHW_CQQYSIWPLSF;CAKDRDGYNADDAFDIW_CQQSYSTPLTF;CAKSYGSGSYYRTSEYYFDYW_CQQYNNWPPGTF;CAKRDSSSWGWDRGAFDIW_CQQLNSYPGFTF;CAKGFDYYGSGSYSPFDYW_CQQYNNWPPEYTF;CAKDGRWELGTFDIW_CQQYDNLPQF;CAKDRRLGPWIPDYW_CQQYDNLPQAF;CAKDRCTITSCSYQNW_CMQALQIPPTF;CAKDRSFDYPDYW_CQQYYSFPYTF;CAKLGEEDGSGSPSYYYYGMDVW_CQQYNNWPPLTF;CAKILYSSGWWGGAFDIW_CQQYNSYPLTF;CAKDKASSWQDRYYYYGMDVW_CVLYMGSGIRVF;CAKVGVGATSHFDYW_CQQSYSTPRYTF;CAKDLPRSVVVTANSYYYGMDVW_CQQYNSYPVTF	0	NA
2	1	CARGTPGWYW_CQQYGSSPTF	20	56	CARETTPVVTASTYYYYYGMDVW_CSSYTSSSTWVF;CARDWVRGVNDMDVW_CSSYTSSSTRVF;CTRPQRKWELPYPDAFDIW_CSSYTSSSTLF;CARGGAAVTTYYYYFYGMDAW_CCSYSSTNTLYVF;CARDGSGYLEQYYFDYW_CAAWDDSLNGYVF;CARGQGRTTSDYW_CSSYTSSSTLVVF;CARDPITMVRGVIISGWYFDLW_CSSYTSSSTLDVVF;CAKGADPYYDFWSGYSELFPLGMDVW_CSSYTSSSTVVF;CAREFKSFWSGYGDYYYGMDVW_CSSYTSSSTRVF;CARVVDDYYDSSGRYYFDYW_CSSYTSSSTQVF;CARHPFRVFGGWRDYW_CSSYTSSSTLWVF;CTGPDRMAYYDSSGYWEGVLDYW_CSSYTSSSPLYVF;CTRCGSSWTSYTMYDW_CSSYTGSRLYVF;CAKASLYGSGSYPPKYW_CSSYTSSSTYVF;CARDRPALWFGELHGMDVW_CSSYTSSSTLVF;CAKDHWEYYWYFDLW_CSSYTSSSTLVF;CARQISILRLLVWFDPW_CSSYTSSRGVF;CARHSPPRLWFGAFNYYYGMDVW_CSSYTGSSTLVF;CARRIAVAATVTGAMDVW_CTSYTSSSTLVF;CARYYDILTGYYYDYFDYW_CSSYTSSSTSF;CAKDPRLGPYFDYW_CSSYTSSSTRVF;CATSLVVVPAAILRGGVGGHYYGMDVW_CGTWDSSLSAVVF;CARILSDYYDSIGAFDYW_CSSYTSSSTPVVF;CARDRVAIMRGIKPNGMDVW_CQQLNSYPQTF;CARELTGDRDYW_CNSYTRSSTYVF;CARVNTMVRGLSTTKYYYPMDVW_CSSYTLSILIF;CARGGLPLGYCSGGSCSRRYYGMDVW_CSSYTSSSTLVVF;CARVEYGDYSGWFDPW_CSSYTSSSTWVF;CARGINYCSGGSCYYYYYYGMDVW_CSSYTSSSTLEGVF;CAREGPSRPAANYW_CSSYTSSSTEVF;CVRDQGSGGNYFDPW_CSSYTSSSLYVF;CARDDYYYDSSGYYPRFDYW_CSSYTSSSTLGVF;CARGSRYSYGDPCFDYW_CSSYTSSSTPVVVF;CARYYQDRFDYW_CSSYTSSSTLEVF;CARGPYDILTGSIYYYGMDVW_CSSYTSSSTLIF;CARDLGWSEGNYYYYGMDVW_CSSYTSSSTYVF;CAYDSSGYSLDYW_CQQYGSSPF;CARDQGTAAKPLDYW_CSSYTSSSTRVF;CARGGYSGYESDYW_CSSYTSSSTRVF;CARSSVGRQWPKGMDVW_CSSYTSSSTLAF;CAKDIRGRMATIMSW_CSSYTSSSTLVVF;CARVELHYYYYYGMDVW_CSSYTSSSTLF;CARGMIVVVMRYGMDVW_CSSYTSSSPVVF;CAKGILRYFDWHLEGMDVW_CSSYRNISTVF;CAKDIVSYSNYVLSNW_CSSYTSSSTQHVVF;CARHGSYLGYFQHW_CSSYTSSSTVVF;CAKDKGPDYYYGMDVW_CSSYTSSSTLYVF;CARSMVRGKYRAEYFQHW_CSSYTSSSTLNVVF;CATLSGMDVW_CSSYTSSSTLVVF;CAREGRPPRKPKNNWFDPW_CSSYAGSNNLVF;CARGYSYGPFDYW_CSSYTSSSTLVVF;CASPITTVTTRGAFDIW_CSSYTSSSTFYVF;CAETSYCSGGSCPMSEYGPVFDPW_CSSYTSSSTPWVF;CAKDCGEPWYNWNDGIGYW_CSSYTSSSTWVF;CARDSRLGGVDPW_CSSYTSSSTRVF;CAKAPGGYNWDNYHYYYFAMDVW_CSSYTSSSTLYVF	0	NA
2	1	CARGTPGWYW_CQQYGSSPTF	22	1	CARHGINYYDSSGYSGNDAFDIW_CQQYDNLFTF	0	NA
4	534	CARENYDFWSGYYHGADVW_CMIWHSSAWVF;CARRYYDSSGYSANFDYW_CQTWGTGIYVF;CAKAGDSSGYQKTYYFDYW_CQSADSSGTYGVF;CTTEALDYGANSRSPNFDYW_CQAWDSSNVVF;CAKDTEVGASRYYYYYGMDVW_CQQYGSSPPFTF;CASISMVRGEGGGYW_CQVWDSSSDHPVVF;CARADVVVVAALDYW_CQQYYSTPITF;CAKDFSGGEVVVVAATDYW_CQQYYSYPRTF;CARTGVTTVTTFPYW_CQQSYSTPGTF;CARDRWVVAAYYYGMDVW_CAIWYSSTWVF;CARDPMVRGVNYGMDVW_CMQALQTPRTF;CVGVGYNYRRDGAFDIW_CQQYGSSPQITF;CARETGYSSGWYEATGMDVW_CNSRDSSGNHLVF;CARSKGCSGGSCYHNWFDPW_CQQSYSTPYTF;CARDRYYYGSGRHRGSYYYYGMDVW_CAAWDDSLNGWVF;CAKPEAGQWLHVHHNHYGLDVW_CQSFDNSLSGSVF;CAAIAVYVYW_CQQYNSYPLTF;CAKANLAGVVAAIGIDYW_CAAWDDSLSGVVF;CARGIQLWWWFDPW_CQQSYSTPCTF;CASPQPGSGWSNYYYYGMDVW_CSSYTSSSTSYVF;CARDELDILTGYNIPTFGGCVYW_CQQYYSYPWTF;CVKEITAAKNRRKSLGYFFDFW_CQQYNDWPPLTF;CARDVCRGHYGDCLWGYW_CQQYYSYPITF;CARKGIAVRGGIDYW_CLLYYGGAWVF;CARDVSDGYNYEAWVDYW_CQQSYSTLWTF;CANGPPINYGDYEDAFDIW_CQQYNSYPLTF;NA_CQQSYRTPFTF;CARDRRGEHNFDYW_CQQRSNWPPGTF;CARDSEGEPSAGDAFDIW_CQQSYSTPWTF;CAKVLLDYYYGMDVW_CSSYTSSSTLVVF;CARGGWWELPYYYYYGMDVW_CMQALQTRNTF;CAKDPDYW_CQQRSNWPTF;CARVLDVW_CQQYNSYWTF;CAREKWELPPPPYYFDYW_CCSYAGSYTVVF;CAHRRYYYVAFDYW_CQQYYSTPLTF;CAHHGSARYSSSWHAAPGPYYFDYW_CQVWDSRAYVF;CARDFTEDGYNFDWRMLPDYW_CQQRSNWPPITF;CARGQIGGWSPYYYYGLDVW_CQQGYTNPFTF;CARGRNLGVVTKFNWFDPW_CAAWDDSLNGLVF;CARDGPYSGSYYGDAFDIW_CQQSYSTPRTF;CARDLGATDYW_CCSYAGSSTPYVF;NA_CQSADSSGTSWVF;CAKDGGLDYALYWYFDLW_CQQYNSLYTF;CAHKMGRGGGVDYW_CQQLSTDPITF;CTRDPHYGDHVPHNWFDPW_CQQSYRSPYTF;CARYDYDITVDHW_CMQGLQPFTF;CARAVDTAMVTNNWFDPW_CQQSYSTPFTF;CATEDTARDLYRAAFDIW_CQQYNGWTF;CARGYATALSRTDYW_CSSYTSSSTLVVF;CARGWSIVVVVAATFPNWFDPW_CQQRSNWPPTF;CARVAAVRSGRVNYYYYYGMDVW_CQSADSSGTYKVVF;CASIAVAGYFNYW_CQQYYSTPFTF;CAKVFSSSWGDYW_CQQSYSTPITF;CASFVDTAMAIPLDYWYFDLW_CQQYNNWPPWTF;CARGTVTTGRGYFDLW_CQQYGSSPQVTF;CAKDRASYYNFPIDPW_CQQYYSTPFTF;CAQTKLGIFGGMDVW_CQQSYSTPYTF;CARGPGYFDYW_CQQYDNLPRTF;CASHGVVVAATRGTPGSDYW_CQQSYSTLRTF;CASTVPSSLRAGAFDIW_CQQYYSTPRTF;CARDTMGPLYYGMDVW_CQVWDSSTVVF;CAKDLGELTDYW_CSSYTSSSTLVVVF;CAKSGPPLEWFFLGYYYGMDVW_CNSRDSSGNHVVF;CAKDATGYFDWLPYYYYYYGMDVW_CLLYYGGAQLWVF;CTTDSPHMITFGGVIVFDYW_CAAWDDSLNGGVF;CARDLRPVAGTADYLDYW_CQQYHYWPRTF;CARGVTIFGVVIMGGMDVW_CQQSYSTPYTF;CAKDLLSIYGSPSDYW_CQPYYGAPPYTF;CASAWYYYDSSGYYPFDYW_CQQYGSSPWTF;CVKDRSSRQLKAVGTYFDCW_CTSYTSSSTSYVF;CAREDLLWFGERWAKNSFDPW_CMQALQTPITF;CTRVVTMIVVAQGGFDYW_CAAWDDSLSAVVF;CARDKVVGARNWFDPW_CQQSYSTPSF;CARAVLRFLEWFSNWFDPW_CSSYTSSSTHVF;CARDRVVGATLYYYYYGMDVW_CQAWDSSSVVF;CARHEVPEMATIRGWFDPW_CQQYGSSLFTF;CARDRGSGTEPDFDYW_CMQATQFPLTF;CARVFGSVGATRSTDYW_CQQYITDPFTF;CARDELDILTGYNIPTFGGCVYW_CQQYYSYPWTF;CAHSDYYEGRGMDVW_CQQYYSTPYTF;NA_CQQYDELPVTF;CATTYYYDSSGYYQNDAFDIW_CQQYYSYPRTF;CAREIEGDGVFEIW_CMIWHSSAWVV;CARHIRGNRFGNDAFDIW_CQQYYSFPYTF;CARRLITMIEGGAFDIW_CQVWDSSSDHVVF;CAKVMIEHPSNRGHFDYW_CMQALQTPYTF;CTTDDEKRPYSGSYLPFDYW_CQSYDSSNVVF;CARGGRVSVAVYWDYYYYGMDVW_CQKYNSAPFTF;CAHSAQYYDILTGYYKAPWGGAFDIW_CQQYNSYSWTF;CARDDFGGATFYSSFDYW_CQQSYSTPYTF;CARAAKIFGVVTAFDIW_CQQYGSSPWTF;CVKDYSTSGWYYFDFW_CQQYGSSLPYTF;CARVVPAAFYGMDVW_CQQYGSSLFTF;CAGGSGYCTNGVCYPRGFDYYYGMDVW_CAAWDDSPPWVF;CAKDDTAMVTADFFDYW_CQTWGTGIWVF;CARTPRWLQCFDYW_CQQYNSYSWTF;CARDQWLAYYFDYW_CQSYDSSNHWVF;CARSGTTYYDILTGYYNYW_CQQYGSSRWTF;CAHRYYSNIDYW_CMQGTHWPWTF;CARDWGYYDSSGYSPRGYYYYYGMDVW_CQQLNSYSFTF;CAKDRVGYGDYVDYW_CQQYNNWPPWTF;CARLGSSPYYW_CQSYDSSLSGYVF;CTRYYGDVW_CQQYYSFPWTF;CAKDHYYDSSGYYSGLGYW_CQSADSSGTYRVVF;CATGLVVPAAILYGMDVW_CQQYGSSRGLTF;CAKDDGDAAAGLIYW_CAAWDDSLSGVVF;CAKDGGGEEALELPDYW_CGTWDSSLSAVVF;CATLRYPSLGVDYW_CHQYNNWPFTF;CARKDSSGSDAFDLW_CQQSYSTPYTF;CARDVVQLWYQIDYW_CQQSYSTPPNTF;CAKYVDTAMNQFDPW_CQQANSFPITF;CARGLHYYDSSGRSLYYFDYW_CQQYGSSPPGQTF;CANQPPSLYW_CQQYNNWPGTF;CARVGYDYVWGSYRYTGVMDVW_CSSYAGSSYVF;CARGRPYYYDSSGYPYDAFDIW_CMQALQTPLTF;CAKERVVTAIPVVIFDYW_CQQSYSTPRLTF;CARPYGDYAYFDYW_CQSYDSSLSGYVF;CARDWWERQDSKRPDYFDSW_CQQTNSFPITF;CARHSNDGSDYFDYW_CQESYGALLTYTF;CASTEIEMLVPRYCSSTSCYFVWFDPW_CGTWDSSLSAGHGVF;CASASSTGTDAFDIW_CQAWDSSTHVVF;CARDGSWYAAWFDPW_CQSYDSSLSGSVVF;CARDPSLGDPGWGYFDYW_CQQYNSYSTWTF;CVREMTGSFTGGLDPW_CMQGTHWPPTF;CAREVNTAMAYYYYYYGMDVW_CQQYGSSQWTF;CARERRGGGHYYDSSGYYLSDYW_CQQSYSTP;CARGGGYSSGWATREVVYW_CQSYDSSLGAVF;CAKVPTVTTFLGYYYGMDVW_CQQSYSTPWYTF;CARDLRPAANFDYW_CQVWDSSSDYVF;CARLSYSSSWYYFDYW_CQQSYSTLYTF;CARVPKVRYCSSTSCYKDYYYGMDVW_CQVWDSSSDSWVF;CATWHYYDSSGEDGMDVW_CQQYNNWPRTF;CARGRSSWHLDYW_CMQALQTPFTF;CARDPWELHGFDYW_CQQYGSSSFTF;CAREAYYYGMDVW_CNSRDSSGNHNYVF;CARDRSVVTMVRGVIPFYW_CCSYAGSYTVVF;CARHEKMNYYDILTGYSPPYYYYYGMDVW_CQSYDSSLSAYVVF;CAHYQGIAVTGTWFDPW_CQSYDSSNVVF;CARESSSWFPYW_CQQSYSTPFTF;CARERDYSPGRYYGMDVW_CGTWDSSLSAGVF;CARHPTPAAMVGYYYYGMDVW_CQQANSFPLTF;CARDGPMTAIGGYGMDVW_CQSYGSLGGSVF;CAKGRTTEGTDAFDMW_CQQVHSYPITF;CAKDRSSLLWFGELLYMPEEYGMDVW_CQQYNNWPLTF;CTNYGMDVW_CSSYAGSNNWVF;CARVDSFAPNSGYGAQLLNWFDPW_CQQYNNWPLTF;CAREDYDTASFGYW_CQQYDNLPYTF;CAKDFGRGSYHRAEYFQHW_CQQYNNWPPWTF;CARGGSLPLITMIVGFFW_CQQYGSSPEYTF;CTREAEMATISIDYW_CQVWDSSSDHVVF;CARDAPIWDTAIVYW_CQQYGSSLPWTF;CARLLVSAYNWFDPW_CQQSYSIPAF;CARIPMTTVTSYGMDVW_CQQYGSSSITF;CARDDEWEPYDYW_CCSYAGSSTYVF;CTTVLRYFDWLLSDYGMDVW_CLLSYSGARGVF;CAIGTGIVGTTFPREYW_CMQALQTSWTF;CAKDMELGWLIDYW_CMQALQTPLTF;CARERNIVVVPAAETFDYW_CQQYNNWPPLTF;CARIGFGEYDYGMDVW_CQSYDSSLSVVF;CARGNDYYGSGEFDYW_CSSYTSSSTLVF;CARGVGATDFDYW_CQSYDSSLSGVVF;CARDPSNWGSFGYW_CQAWDSSTYVF;CARVDGYNYSFDYW_CQQYNNWWTF;CAKEPYGGNSFVYYFDYW_CQQYGSSPGLTF;CAKAEWGGTENYIPYYFDFW_CQSYDNNNLIF;CARSHCSSTSCYPNYYYGMDVW_CQQSYSTPRTF;CARDFGERYCSGGSCYSFDPYYYYGMDVW_CLQHNSYPWTF;CAKEYPGPGQLDDAFDIW_CQSYDSSLSGKVF;CARVDTAMVTGLAISPPWDYGMDVW_CQQYNSYPWTF;CAKDIGDGSGSNSQKRDYYYGMDVW_CQQSYSTPRTF;CATDPYNSGWFASLKNQVLYYW_CQQSYSTPQTF;CAREHTGGWLQRYIDYW_CQSADSSGTYPRVVF;CARGYCDSTSCYAVGYFDLW_CQTWGTGIVVF;CARDPDPNWSKDWFDPW_CQQYNNWPPLTF;CAKGRYSFGLDNFDYW_CQQDGNSPTF;CASRAVQSSGWRQDYYYGMDVW_CQSYDSSLSGVF;CAREASEGPW_CQSYDSSNSWVF;CARLGGYSSRGNWFDPW_CQQSYSTPPYTF;CARDPHHTFGGVLVW_CQKYNSARTF;CAGYYYDSSGYLSSFDIW_CQSYDSSLSVVF;CARLPYRYSGSSNDAFDIW_CAAWDDSLSGPVF;CARAGYGDYVGDFDYW_CQSADSSGTYVVF;CARDYYGSRSDSGMDVW_CQQSYTTPYTL;CAKDGREAAAGTDYYYGMDVW_CQAWDSSTVVF;CARDSPGWGSSGFYYGMDVW_CQQYGSSPRYTF;CARVSGDTMIVVVHRDGMDVW_CQQYNSYSVTF;CAKNLATTGSHW_CLQDYNYPRTF;CAKDGGRGVVIIFYFDYW_CQQYGSSPITF;CARGIAVVTLWGPFDIW_CQQYNNWPRTF;CARDRWVPAAVPHYYYYGMDVW_CQQANSFPLTF;CAREGAAGPPPGHYYYYGMDVW_CMQALQTPFTF;CAKQGHFTDTKRIDYW_CQQYDSYPITF;CAVIPVTGQEASLSAEYFQHW_CQQSYSTPFTF;CARDSPSSGSYGLFDYW_CQTWGTGIRRVF;CASPGGGLLWFGELFRSYFDYW_CVLYMGSGFWVF;CAHRPVSDDILTGYRYNWFDPW_CQSYDSSLSGSVVF;CARGFIGYNFDSW_CQQSYRTPITF;CAREEGYCSGGSCEYNYYYGMDVW_CQQYGSSLITF;CARGRRVFLALSYW_CQQYGSSPHTF;CARGAGRIGQVDVW_CQQYNNWHTF;CARGYYDSSGQSLDYYYYGMDVW_CQQYYSYPFTF;CARTGKNGSGSYWFDPW_CQQYRTF;CARDGDTAMVINYFDYW_CQSADSSGTYWVF;CARTDIVATPDGGFDYW_CQTWGTGIHVVF;CAREGFYYYGSGSVSGGNWFDPW_CQVWDSSTVVF;CAKVPLGWGAAGGAYFDYW_CQQYGSSPATF;CARVGCSGDTCYSYDWFDPW_CGTWDSSLTAVVF;CARGGILTGKLSDYW_CQQYDNLPTF;CAHGLTGYYTYYFDYW_CQQYYSFPPTF;CARQVGANPFADYW_CAAWDDSLSGPVF;CARGKGEGRYYYDSSGYYYFDYW_CQQRSNWPPLTF;CSVYDAERGYFDYW_CCSYAGGDTSYYVF;CARNKQHIVGATLHTHYSNWFDPW_NA;CARLYGDYGDYW_CNSRDSSGNLFVVF;CARPYSSSWSPMDVW_CQSYDSSLSGHVVF;CARDKGYSSSWYIRSSWFDPW_CLLSYSGARLVF;CARAVCGDDCYLLDSW_CAAWDRSLGAVVF;CARTTTVVTGDAFDIW_CQSADSSGTYPVF;CAKGRGDYYYYGMDVW_CQQYDNLPITF;CTTGGALNYW_CQAWDSSTACVF;CARDLTTRDYSDAFDIW_CQQYGSSPRTF;CARAGLEINTPDSSGYYYGGGYFDYW_CQQYDNLPPRRFTF;CAKDHGYDFWSGYSDAFDIW_CQQSYSTPLYTF;CARESGYTNYYYYGMDVW_CQQYNSYPLTF;CARKYQLPYYYGMDVW_CQQSYNTPDTF;CARDSTYYYDSSGYPVSDAFDIW_CQQSYSTRRYTF;CAREVYSSSTNWFDPW_CQVWDSSTDVVF;CARANAEYSSSLLFDYW_CQSYDNSLSAYVF;CAHSPYDYVWGSYRQSWFDPW_CQAWDSSTVF;CTTIYYDILTGDYW_CMQALQTPITF;CARLDYDFWSGTPERMDVW_CQQYGSSPPWTF;CARVRKNWNYDLDDWYFDLW_CQVWDSSSDHYVF;CATRRVRGEGLAYW_CQQYNSYSRTF;CARNYDSSGYYVPPYFDYW_CQQYNNWPPYTF;CARDPANYFDYW_CQQSYSTLWTF;CAREESSSWYRYW_CQQYGSSPLTF;CARIVQGGSYLSGGIDYW_CMQSIQLLFTF;CARDRLIIRFLERPNWFDPW_CCSYAGSSTPVF;CAREYSNNWYFFDYW_CQQYAGSPLTF;CARVSGVGTSFAGFDPW_CQSADISATVF;CAREPTPRYSGSYRGFNYFDYW_CQQYYSFPLTF;CARAADYCTSASCPNEYFQHW_CQSYDSSLSVF;CARGRMTVHNDDSGFPEYLYYYGLDVW_CMQVMDNPRTL;CATSRVAVAGVDYW_CQSYDSSLSGVVF;CARDLGIAVAGRVEGYFDYW_CCSYAGSYTLVF;CARDVSNVLVIAVSPSWFDPW_CQQTYSIPYTF;CARDAPDRGSSWYSALFDYW_CQQYNNWPPTF;CARRDGGYCSSTSCSFDYW_CQQYNSYSPTF;CARAEIFGVVIQAFDYW_CQSYDSSLSGSVF;CVKKVIGFDDW_CQQSDTFGYTF;CAKGMDGSGSYYNKDGMDVW_CQAWDSSTGVF;CARVNGLLGEYYYGMDVW_CMQALQTPPNTF;CAKDWAVGWEFVDSW_CQQSHTVPLTF;CARDEGAAAYFDYW_CCSYAGSSTCWVF;CARAAGYCSSTSCYEIYYYYGMDVW_CQSYDSSLSVPF;CTRSYVLRFLEWFSPFDYW_CQQYGSSLWTF;CASSGSYQGNWFDPW_CQQSYSTPYTF;CARSPPRYDLSLVDAFDIW_CQQYNSYSTTF;CARETIAAAGSNFDYW_CQQSYSTPRTF;CARVSGYSYYFDYW_CQQLNSYLLTF;CATYIAAPRDYYYGMDVW_CMQALQTPYTF;CATGKTYSAPHAYYYFDYW_CQQANSFPRTF;CAKEVHSSGFDYW_CQSADSSGTYPWVF;CTTDHIVVVTAMIFGYYFDYW_CQQLNSPLTF;CAREGPTVTKFDYW_CQSYDSSLSGSVF;CEVKAAAGNFYW_CSSYAGSVVF;CAKDIEGGSGYYLTPGGFQHW_CCSYAGSSTFVVF;CARDAMAIGDYYYYGMDVW_CQQLNSYPSLTF;CARREGAGYDILTGSYYYYYGMDVW_CLLYYGGAQLGVF;CTTRLWRISQYYYDSSGYGHFDYW_CQSADSSGTYVF;CARTTLLAAAIDYW_CQQYYSFPYTF;CARAKAARPTPTYYYYYYGMDVW_CQAWDSSTGDVF;CARSGYDSSWVGYDFDYW_CQAWDSSTPVF;CAREGLEIDAFDIW_CQQSYSTPWTF;CAHTSAYYDSSGYYPPFDYW_CQQSYSTPLTF;CARATQDSSGWYGFWYFDYW_CQQYNNWPPTF;CARMLVVVAATGYYYYGMDVW_CQQYGSSQTF;CAREAYDSSAYSTIDYW_CQTWGTGIHVF;CARSAGSSGSFEYFQHW_CQQYGSSPLYTF;CARRLFLYSSSGYYFDSW_CQQASSFPPLSF;NA_CQQSYNTPRTF;CARGGGAVAGTIDFHYW_CCSYAGTDLWLF;CAKDRGYYDSSGYYYSDYGMDVW_CQSADSSGTYVF;CAKDGFGGASDHW_CQHYDRSPWTF;CARAIQMGCSDGSCLW_CQQYDNLPSYTF;CARKGRWLPDGDDAFDIW_CQQYYSYPLTF;CARAGLRSWFDPW_CMQSIQLPNTF;CARHSYGAYYYYGMDVW_CQQYGGSPLFTF;CAAGVMTARYDYW_CQQSYSTPLTF;CAHFMTTVTTGYFDPW_CIQVRQTPFTF;CAREGGGDILTTYYYYGMDVW_CQQYGSSTRALTF;CARGFGGGDYRSMDVW_CQQLITYPITF;CARTTYGGNSLNWFDPW_CQVWDSSSDHPVF;CAKRGGLMVRGVAVDYW_CQQYYSYPWTF;CARGYGSGNYYYYGMDVW_CMQALQTPWTF;CARSNYDILTGLDYW_CMQALQTPYTF;CAREDSGSYGYFDYW_CQQYNNWPQTF;CARRVLYYRFDPW_CNSRDSSGNHLF;CARGDYDYVWGSSPDAFDIW_CMQGTHWPLTF;CARDVRGYYYDSSGYSGEGYWW_CQQSYSTPYTF;CTRDRYSSSWYKGLYYYYGMDVW_CQQSYSTPYTF;CARVFFRVVYAMAYW_CQQYNNWPPMYTF;CASSLRYFDWTVNNWFDPW_CQQYGSSPQTF;CTRGYCSSTSCYTGWFDPW_CQAWDSSHVVF;CARDGRWELLGNQHW_CCSYAGSSTYVF;CARVYYDSSGYYYFDYW_CQQSYSTPWAF;CARGRVRWELLGDDAFDIW_CQQYDNLPLTF;CCTYVFVGIVPTIVDYW_CQQYNDWPPAGTF;CARDIQYYYDSSGYDAFDIW_CQQSYSTPWTF;CATSWGIAALYGMDVW_CNSRDSSGNPYVF;CAKDYPVAGDLDAFDIW_CCSYAGSSTWVF;CARANWDNWNDGLDYW_CGTWDSRLSSYVF;CARAGYCSSTSCSKEDVW_CQQSYSTPPRTF;CAREPLGGDYYYYYYGMDVW_CQQYGSSPTF;CARLSLRARFRGAFDIW_CCSYAGSYSVVF;CAHSLPSDIDYYYDSSGYSPSPPLFDYW_CQQYNNWPLTF;CASGYGGKTYYFDYW_CQQYGSSPGTF;CLGRELGHSW_CLQHNSYPWTF;CTAVLRYFDWLLMEAHENYYYYGMDVW_CQSADSSGGVF;CARDRSRWEFLYYFDYW_CQQYGSSGYTF;CARARYYDSNSYSYAW_CQTWGTGIWVF;CARLDYYDSSGYYDW_CQTWGTGIPVF;CARDYIAVAGPGENWFDPW_CQQSYSTRTF;CARDRGGYGVRWFDPW_CQQYDNLPPTF;CARRGNAIFGVVTHYYYYGMDVW_CMQALQTPLFTF;CSNYDILTGYYWFHYW_CQQYNNWPFTF;CASSFLDTSIVEYYFDYW_CATWDDSLSGLF;CARIVVVVTSRWFDPW_CQVWDSSSDHYVF;CARSLEWLDDYW_CQSYDSSLSGSVF;CARDAYGGYSFYYYGMDVW_CQQYGSSPFTF;CAGGSGSYYHLDPW_CQQANSFPYTF;CARPRLDYGDYGAGLGYW_CQKYNSAPFTF;CARDRGLRKKYFQHW_CQQYGSSPSTF;CARSLGPEFYYFDYW_CQQSYSTPWTF;CVSQLYYLDGRGYYYDYYYDYW_CLQHHDYPWTF;CTTVSPYGDYVGVYFDYW_CQQYYSYPPTF;CAKDFMEYYYYGMDVW_CSAWDSSLSAVVF;CARSPGSGSYTW_CQQYGSSPLTF;CARLPYAGGPYYYYGMDVW_CMQRIEFPFTF;CARGKPRSLELWSFYYYYGMDVW_CQQSYSTPPTF;CAMGGYDSSGVQLDYW_CAAWDDSLSGYVF;CAHRYCSSTSCYGLGDWFDPW_CQSADSSGTYLVF;CARHSEGLGPVDYW_CGTWDSSLSAWVF;CARAIFGVVSVMGFDYW_CMQALQTLTF;CAKSMKSFDYW_CQQSYSTPLTF;CTTEGGDGYNSFDYW_CQQYDNLPITF;CARDTTYGDYYYGMDVW_CQSADSSGNWVF;CARDGKGYSYGSGNYYGMDVW_CQQSYSTLYTF;CAHRTTTYYFDYW_CQQYNSYPYTF;CTTDLVWFGELANAFDIW_CLQHNSYLPEWTF;CTRGGTLGARSGYYDYYYGMDVW_CQQYNSYPLTF;CAKDEGRVVAVAGTGEHAFDIW_CQQYNSYSPTWTF;CAKDITIFGVVISHLDYW_CLQDYNYPLTF;CARTYYYDSSGYRNAFDIW_CQSADSSGTYPVVF;CAKCFYYDSSGYYYYYYGMDVW_CCSYAGSSTLVF;CARDLLSISGSPFDPW_CQQRSNWPPGGGGLTF;CARGGINGGAYFDYW_CQQYGSSPWTF;CARDRGPAGLDYW_CQQSYSTRYTF;CARRGYYYDSSGYYYDWFDPW_CNSRDSSGNRVVF;CAKGLNTAMVSYYFDYW_CVLYMGSGIWVF;CAKDIREGWSSGYYPVLDYW_CQVWDSSVVF;CAKDSPSGYYYYYYYGMDVW_CQQLNSYPITF;CARDRIAAADHNWFDPW_CAAWDDSLNGWVF;CARDIGGIAAAGSPPSAFDIW_CQQYNSYSTF;CAHSYYYGSGRGGWFDPW_CQSADSSGTYVF;CARDGSSSIFDYW_CNSRDSSGNHVVF;CAKPLRFGYSSSSCFDYW_CSSYAGSNNYVF;CAHTGFESLDYW_CQSYDNSLNGLGVF;CARDEDYYYDSSGSVDYW_CQQSYSTPWTF;CARQIAAAGPENWFDPW_CQSADSSGTYLVF;CARGLPVDVW_CGTWDSSLSAGHVVF;CARLIYYGSGRFGAFDIW_CQQYDNLPWTF;CARNEITIPLDVW_CQQYGSSPLVTF;CAKGGWFGELLFRLDYW_CQQYDNLLTF;CTTDHGDAYNYRW_CQQYGSSPRTF;CARDHRMNIAVAGTNWFDPW_CQKYNSAPLFTF;CARALREEQWLNNAFDIW_CQQYYSYPTF;CAHRPPYYDSSGYLSW_CQQYGSSLWTF;CARHYVDTAMVINQYYFDYW_CQSYDSSLSDVF;CARDNYDILTGHYGMDVW_CAAWDDSLSGLYVF;CAKDSSSSDWFDPW_CQQYYSYPLTF;CARDYVAVAGTLDYW_CQQYYSTPYTF;CTRDLAYSNYEPPNHNWFDPW_CLQHNSYPLTF;CARERYYYYGMDVW_CYSTDSSGNHGVF;CAKEGITGYYYYYGMDVW_CQQSYSTPHTF;CAKVALRYFDWLPPYFDYW_CQQYYSYPQNLTF;CARAHDSTGYQDFDYW_CQQAKSFPYTF;CARVGVYGSGSYLVGGDYW_CQQSYSTPWTF;CARGPYYGSGSGEFDPW_CQQYYSYPLTF;CARGSCYSSACYYYYGMDVW_CGTWDSSLSAVVF;CARDFDAAEGAFDIW_CQVWDSSSDPTFYVF;CARGAHSSGYYIDYW_CQQYYSFPFTF;NA_CHQYNNWSSWTF;CAREQDFGGNPFDCW_CMQVLHIPRAF;CARGTMVRGHYYYYGMDVW_CQQSYSTPLTF;CARGYSYGYLDWFDPW_CQSYDSSLSGVVF;CARAAPYSSSSLDYW_CQQSYSTLTWTF;CARRRITMNDYFDYW_CQSYDSSLSGVVF;CARGPDGGAFDIW_CQRGLTF;CARDLIARTALTYYYYGMDVW_CQSYDSSLSGGVF;CARYGVYGDYPGALFDYW_CAAWDDSLSGLWVF;CAKDRRGCSSTSCYTFDYW_CQQSYSTLSF;CARVSGYNSYYFDYW_CQQSYSTPRTF;CAAPSPRFTSSTGGGMELPLHVW_CCSYARGSSLVF;CAKDARWRPRVASIDALDIW_CQQYNNWPRTF;CARHIERYCSGGSCYEALDYW_CMQALHPITF;CASYLEMATRYYFDYW_CLQHNSFWTF;CARVTRVTQSNDFWTSYYTDCFDAW_CYSTDSSGNHKVF;CARLYSSSWTNYFDYW_CQQYYSYPLTF;CARGTVYSVPGGHYGDYVRDPKYYYYGMDVW_CQSADSSGTWVF;CARGAAGVRGPIGYW_CAAWDDSLSGWVF;CARVAVAGTTNWFDPW_CQQANSFPYTF;CARVLGGPGATTFDYW_CLQDYNYPWTF;CARTPVSTSYDSPGWYSSGWFFDYW_CQTWGTGIHVVF;CARTMVRGVTPADAFDIW_CQQYNSYSSTF;CAKSMGATILHAFDIW_CQQYNSYPLTF;CARANSGSYSFFFLRLDYFDYW_CQQYNNWPLTF;CARAAGTGGYYYGMDVW_CVLYMGSGISVF;CARAGQFGDSYYYYYYGMDVW_CLQDYNYPQTF;CAHFTKRPTDAFDIW_CNSRDSSGNHRVF;CARRLAYNGNWDYGDFDYW_CCSYSKTATF;CAAGFGLSGSYIHYYYYGMDVW_CQQYGSSPPLTF;CATDNWNFGADSGFGYW_CMQGTHWRTF;CARVLGSFSFGYDGFDIW_CQQLNAYPTF;CARDPGIAVAETVYYYYYYGMDVW_CMQALQTPPTF;CARTVGAGYKIGKGYFDYW_CQAWDSSTVVF;CARDQDLAALNYW_CGTWDSSLSAKVF;CTTENVLLWFGEPEYYYYYYGMDVW_CQSADSSGTYAVVF;CARSLFEGTVMAFRAEHMDVW_CQQYKTFFAVSF;NA_CQAWDSSTVVF;CARPPSHDSPMYHYW_CQSADSSGLWVF;CARDTMWWSYGMDVW_CCSYAGSGEVF;CARLRRYSSGYYYIAGDFDYW_CQSYDSSLSGVVF;CARDKGGTTVTTSNWFDPW_CQQYDNLPLTF;CARDGGGYYQKKGYFQHW_CGTWDSSLSAVVF;CARERPRGAAETW_CQAWDSSTWVF;CARDDIVVVPAAIDYW_CQSYDSSLSGPYVF;NA_CQQRSNWPPYTF;CARKFDCW_CQQYGTSLPVTF;CARGVLRFLEWLSNMDYYYYGMDVW_CMQALQTPRALTF;CAKDGSYYDSSGYSDYW_CQQYNNWPPWTF;CAKDKSYSVEYW_CMLFMGSGIWVF;CAKADVRSNWNDMHFDYW_CQAWDSSTVVF;CARATPRGYGGNSLNWFDPW_CQQYNSYPFTF;CAEGYQLPGLYYW_CNSRDSSGNHLF;CARHAGSGSYYFWFDPW_CQQYGSSPYTF;CAKDLQIGYCSSTSCRNAFDIW_CQQYGSSPPRVTF;CARGRGSYFDYW_CQQYGSSLWTF;CARTCSSTSCYTYGMDVW_CQQYNNWQYTF;CAHRGYSYGPLFDYW_CLLYYGGAQLVF;CARLPTLRYGSGSYYNGALDYYYGMDVW_CMQALQTPLTF;CARSIAAASPFDPW_CQQYDNLPPTF;CARGPPYGHLGYW_CQQYNNWPPITF;CAKDILGGGYFDYW_CQTWGTGMGVF;CAKDASYGYLFEYWYFDLW_CQQYNNWPPWTF;CARFGAKNYYDSW_CQQYNNWPGTF;CAREKWLRPQLDYW_CQQYGSSPKTF;CVKGPYYDGSGNSFGRKAFDIW_CQQYGSSPYTF;CARGASKGNQPALHYGMDVW_CQQSYSTPPAF;NA_CCSYAGSSTVVF;CATTLASPTHDYGDYEGGYMDVW_CQQYGSSPLTF;CALGIDAFDIW_CQQYNNWPKTF;NA_CQSYDDSLSGTVF;CARGFYYGSGSPLSGMDVW_CQQSYSTPRTF;CAKDPAASGSPWYFDYW_CQQYYSFPRTF;CAREVSRQSGSRPIKWFDPW_CQQSYSPPPLTF;CTPSLETYGDYALGYYW_CQSADSSGTYPYVF;CAKDFGGPLQFDYW_CQQYGSSPRTF;CAKDMLFSNNYW_CQTWGTGINWVF;CARDENHLYYGDLAYW_CQQSYSIPRAF;CARGSRLLLWFGELKVGPGFDPW_CQQYNSYWTF;CAMKGGRDGYNTRVYYYYGMDVW_CCSYAGSSTPYVF;CAKDIGPTNCSSTSCHAYYYYGMDVW_CQQYNSYSTF;CWRDRREAPIEMEVASTRG_CMQSTHWPYTF;CTRHTHCSGGSCYDAFDIW_CQQSYSTPRYTF;CAREPPHGSGTDYNWFDPW_CQSYDSSLSAYVF;CVKDLYDTGSYYYFDYW_CSSYTRSSTLVF;CSRHEGVGGNSDYW_CVLYMGSGISMF;CARNHDYGDYMFGGMDVW_CQSADSSGTYVF;CTTSGGDW_CMQSIQLPRTF;CARDRTSFGYSYGNIDYW_CQTWGTGILVF;CAKDELASYGGVGYYW_CQSADSSGTYFWVF;CAREPKHSGYCSSTSCYIGNWFDPW_CQSYDSSLSGNVVF;CARASWDSSSWGLGFDPW_CQAWDSSTGVF;CARTRVRGVISPFDYW_CQQANSFPPTF;CTREYYDFWSGDYW_CQQYDNLPLTF;CARDGGRGSGWSTPDYW_CNSRDSSGNHVVF;CARHYDFWSGDNPYWYYYYGMDVW_CQQYGSSPPWTF;CTTTTADIVVVPAAIQTVDYW_CQQYDNLPLTF;CAIMVRGVIGSYYYYGMDVW_CQQSYSTTWTF;CAKDNGYGGNSLQHW_CCSYAGSSTLVF;NA_CQQSYNTLWSF;CARARYRRDGYHNLYAFDIW_NA;CARGFSETGPGYKRFYYYFDLW_CQQYGSSPQTF;CARVKGDYYYYYGMDVW_CMQALQTPHTF;CARDPPLYSSGWFTGDYW_CQQYNSYPRTF;CAKDGGEHRGNDYW_CQVWDSSSDHYVF;CARGYDFWSGYLPHYGMDVW_CQVWDSSSDHPGVF;CARETKQYIDYRSPTVGRPYDYYYGMDVW_CLLFYGGAQLGVF;CAKGVWESTTEDAFDIW_CQQYNSYSPFTF;CAKDQGYCSSTSCYPYYYGMDVW_CQAWDSSTVVF;CARLGGYDSTFDYW_CSSYTSSSTYVF;CARGGDYYYGMDVW_CQQYNNWPLTF;CARVAAAGTYFDYW_CQQYGSSPETF;CARINQHGSGTYSPDYYYYGIDVW_CMQALQTPMYTF;CARKSIAAAGLPYYYYYGMDVW_CMQALQTRFTF;CAQGGYSYGYYDYW_CAAWDDSLNGVVF;CARQRGGTAVPVYYFDYW_CQQYGSSPLYTF;CARALYYDSSGYQPNRYYFDYW_CQSYDSSLSGYVVF;CTRALNSNHFDYW_CQQANSFPLTF;CARVTDPDAFDIW_CNSRDSSGNHYVF;CARSAWHPAATGGMDVW_CLQDYNYPYTF;CARVSLVVPQQFDYW_CQAWDSSTVVF;CAKVPGYSTGWYYFDYW_CQQCDSSPEWTF;CAKDSTCSSTSCYRGYYYYGMDVW_CQQYYSYPITF;CARDSKQQLADNWFDPW_CQAWDSSTLVVF;CARGRNGGNRFDWFDPW_CQSYDSSLSGSGVF;CARGKNWFDPW_CQQYGSSPLTF;CASGYSSGRPDYW_CQQYDNLPITF;CARLSDGDYTFDYW_CQQYNSYWTF;CARGGTAGYSYGYAYW_CQAWDSSTAVVF;CAKDIVVVPAAPITLYYYYGMDVW_CMQALQTSFTF;CARWRLYYDSRGYYYGMFDYW_CQQSYDTPLTF;CARSRRIVGATSFDWFDPW_CQQYNSYSRTF;CASEDSGYGGGFDYW_CQSYDSSLSEGVF;CAHGRDYDSSSLPFDYW_CQQYNSYPYTF;CARAGAYYYGSAIDYW_CQQYGSSPGLTF;CAKGSSHSGGWFDPW_CQQYNSYWTF;CARDLLRAYSSSSTSSIDYW_CQQYYSYPRTF;CAKDVSGYLDAFDIW_CGTWDSSLSAGWVF;CAREGSRYFDYW_CQVWDSSSDHYVF;CASHDSSGYYLLDYW_CQVWDSSSDHVVF;CARYCSSTSCYTTYYYYYYGMDVW_CQQYYSYPLTF;CARLWVFLTMVRGPDFDLW_CHQSSSLPLTF	0	3	CAREVVLMVHRRGGLNMDVW_CQQYYSTPLTF;CARDPHYYDSSGYYYWYFDLW_CSSYAGSNNPYVF;NA_CQQANSFPLTF	0	NA
4	534	CARENYDFWSGYYHGADVW_CMIWHSSAWVF;CARRYYDSSGYSANFDYW_CQTWGTGIYVF;CAKAGDSSGYQKTYYFDYW_CQSADSSGTYGVF;CTTEALDYGANSRSPNFDYW_CQAWDSSNVVF;CAKDTEVGASRYYYYYGMDVW_CQQYGSSPPFTF;CASISMVRGEGGGYW_CQVWDSSSDHPVVF;CARADVVVVAALDYW_CQQYYSTPITF;CAKDFSGGEVVVVAATDYW_CQQYYSYPRTF;CARTGVTTVTTFPYW_CQQSYSTPGTF;CARDRWVVAAYYYGMDVW_CAIWYSSTWVF;CARDPMVRGVNYGMDVW_CMQALQTPRTF;CVGVGYNYRRDGAFDIW_CQQYGSSPQITF;CARETGYSSGWYEATGMDVW_CNSRDSSGNHLVF;CARSKGCSGGSCYHNWFDPW_CQQSYSTPYTF;CARDRYYYGSGRHRGSYYYYGMDVW_CAAWDDSLNGWVF;CAKPEAGQWLHVHHNHYGLDVW_CQSFDNSLSGSVF;CAAIAVYVYW_CQQYNSYPLTF;CAKANLAGVVAAIGIDYW_CAAWDDSLSGVVF;CARGIQLWWWFDPW_CQQSYSTPCTF;CASPQPGSGWSNYYYYGMDVW_CSSYTSSSTSYVF;CARDELDILTGYNIPTFGGCVYW_CQQYYSYPWTF;CVKEITAAKNRRKSLGYFFDFW_CQQYNDWPPLTF;CARDVCRGHYGDCLWGYW_CQQYYSYPITF;CARKGIAVRGGIDYW_CLLYYGGAWVF;CARDVSDGYNYEAWVDYW_CQQSYSTLWTF;CANGPPINYGDYEDAFDIW_CQQYNSYPLTF;NA_CQQSYRTPFTF;CARDRRGEHNFDYW_CQQRSNWPPGTF;CARDSEGEPSAGDAFDIW_CQQSYSTPWTF;CAKVLLDYYYGMDVW_CSSYTSSSTLVVF;CARGGWWELPYYYYYGMDVW_CMQALQTRNTF;CAKDPDYW_CQQRSNWPTF;CARVLDVW_CQQYNSYWTF;CAREKWELPPPPYYFDYW_CCSYAGSYTVVF;CAHRRYYYVAFDYW_CQQYYSTPLTF;CAHHGSARYSSSWHAAPGPYYFDYW_CQVWDSRAYVF;CARDFTEDGYNFDWRMLPDYW_CQQRSNWPPITF;CARGQIGGWSPYYYYGLDVW_CQQGYTNPFTF;CARGRNLGVVTKFNWFDPW_CAAWDDSLNGLVF;CARDGPYSGSYYGDAFDIW_CQQSYSTPRTF;CARDLGATDYW_CCSYAGSSTPYVF;NA_CQSADSSGTSWVF;CAKDGGLDYALYWYFDLW_CQQYNSLYTF;CAHKMGRGGGVDYW_CQQLSTDPITF;CTRDPHYGDHVPHNWFDPW_CQQSYRSPYTF;CARYDYDITVDHW_CMQGLQPFTF;CARAVDTAMVTNNWFDPW_CQQSYSTPFTF;CATEDTARDLYRAAFDIW_CQQYNGWTF;CARGYATALSRTDYW_CSSYTSSSTLVVF;CARGWSIVVVVAATFPNWFDPW_CQQRSNWPPTF;CARVAAVRSGRVNYYYYYGMDVW_CQSADSSGTYKVVF;CASIAVAGYFNYW_CQQYYSTPFTF;CAKVFSSSWGDYW_CQQSYSTPITF;CASFVDTAMAIPLDYWYFDLW_CQQYNNWPPWTF;CARGTVTTGRGYFDLW_CQQYGSSPQVTF;CAKDRASYYNFPIDPW_CQQYYSTPFTF;CAQTKLGIFGGMDVW_CQQSYSTPYTF;CARGPGYFDYW_CQQYDNLPRTF;CASHGVVVAATRGTPGSDYW_CQQSYSTLRTF;CASTVPSSLRAGAFDIW_CQQYYSTPRTF;CARDTMGPLYYGMDVW_CQVWDSSTVVF;CAKDLGELTDYW_CSSYTSSSTLVVVF;CAKSGPPLEWFFLGYYYGMDVW_CNSRDSSGNHVVF;CAKDATGYFDWLPYYYYYYGMDVW_CLLYYGGAQLWVF;CTTDSPHMITFGGVIVFDYW_CAAWDDSLNGGVF;CARDLRPVAGTADYLDYW_CQQYHYWPRTF;CARGVTIFGVVIMGGMDVW_CQQSYSTPYTF;CAKDLLSIYGSPSDYW_CQPYYGAPPYTF;CASAWYYYDSSGYYPFDYW_CQQYGSSPWTF;CVKDRSSRQLKAVGTYFDCW_CTSYTSSSTSYVF;CAREDLLWFGERWAKNSFDPW_CMQALQTPITF;CTRVVTMIVVAQGGFDYW_CAAWDDSLSAVVF;CARDKVVGARNWFDPW_CQQSYSTPSF;CARAVLRFLEWFSNWFDPW_CSSYTSSSTHVF;CARDRVVGATLYYYYYGMDVW_CQAWDSSSVVF;CARHEVPEMATIRGWFDPW_CQQYGSSLFTF;CARDRGSGTEPDFDYW_CMQATQFPLTF;CARVFGSVGATRSTDYW_CQQYITDPFTF;CARDELDILTGYNIPTFGGCVYW_CQQYYSYPWTF;CAHSDYYEGRGMDVW_CQQYYSTPYTF;NA_CQQYDELPVTF;CATTYYYDSSGYYQNDAFDIW_CQQYYSYPRTF;CAREIEGDGVFEIW_CMIWHSSAWVV;CARHIRGNRFGNDAFDIW_CQQYYSFPYTF;CARRLITMIEGGAFDIW_CQVWDSSSDHVVF;CAKVMIEHPSNRGHFDYW_CMQALQTPYTF;CTTDDEKRPYSGSYLPFDYW_CQSYDSSNVVF;CARGGRVSVAVYWDYYYYGMDVW_CQKYNSAPFTF;CAHSAQYYDILTGYYKAPWGGAFDIW_CQQYNSYSWTF;CARDDFGGATFYSSFDYW_CQQSYSTPYTF;CARAAKIFGVVTAFDIW_CQQYGSSPWTF;CVKDYSTSGWYYFDFW_CQQYGSSLPYTF;CARVVPAAFYGMDVW_CQQYGSSLFTF;CAGGSGYCTNGVCYPRGFDYYYGMDVW_CAAWDDSPPWVF;CAKDDTAMVTADFFDYW_CQTWGTGIWVF;CARTPRWLQCFDYW_CQQYNSYSWTF;CARDQWLAYYFDYW_CQSYDSSNHWVF;CARSGTTYYDILTGYYNYW_CQQYGSSRWTF;CAHRYYSNIDYW_CMQGTHWPWTF;CARDWGYYDSSGYSPRGYYYYYGMDVW_CQQLNSYSFTF;CAKDRVGYGDYVDYW_CQQYNNWPPWTF;CARLGSSPYYW_CQSYDSSLSGYVF;CTRYYGDVW_CQQYYSFPWTF;CAKDHYYDSSGYYSGLGYW_CQSADSSGTYRVVF;CATGLVVPAAILYGMDVW_CQQYGSSRGLTF;CAKDDGDAAAGLIYW_CAAWDDSLSGVVF;CAKDGGGEEALELPDYW_CGTWDSSLSAVVF;CATLRYPSLGVDYW_CHQYNNWPFTF;CARKDSSGSDAFDLW_CQQSYSTPYTF;CARDVVQLWYQIDYW_CQQSYSTPPNTF;CAKYVDTAMNQFDPW_CQQANSFPITF;CARGLHYYDSSGRSLYYFDYW_CQQYGSSPPGQTF;CANQPPSLYW_CQQYNNWPGTF;CARVGYDYVWGSYRYTGVMDVW_CSSYAGSSYVF;CARGRPYYYDSSGYPYDAFDIW_CMQALQTPLTF;CAKERVVTAIPVVIFDYW_CQQSYSTPRLTF;CARPYGDYAYFDYW_CQSYDSSLSGYVF;CARDWWERQDSKRPDYFDSW_CQQTNSFPITF;CARHSNDGSDYFDYW_CQESYGALLTYTF;CASTEIEMLVPRYCSSTSCYFVWFDPW_CGTWDSSLSAGHGVF;CASASSTGTDAFDIW_CQAWDSSTHVVF;CARDGSWYAAWFDPW_CQSYDSSLSGSVVF;CARDPSLGDPGWGYFDYW_CQQYNSYSTWTF;CVREMTGSFTGGLDPW_CMQGTHWPPTF;CAREVNTAMAYYYYYYGMDVW_CQQYGSSQWTF;CARERRGGGHYYDSSGYYLSDYW_CQQSYSTP;CARGGGYSSGWATREVVYW_CQSYDSSLGAVF;CAKVPTVTTFLGYYYGMDVW_CQQSYSTPWYTF;CARDLRPAANFDYW_CQVWDSSSDYVF;CARLSYSSSWYYFDYW_CQQSYSTLYTF;CARVPKVRYCSSTSCYKDYYYGMDVW_CQVWDSSSDSWVF;CATWHYYDSSGEDGMDVW_CQQYNNWPRTF;CARGRSSWHLDYW_CMQALQTPFTF;CARDPWELHGFDYW_CQQYGSSSFTF;CAREAYYYGMDVW_CNSRDSSGNHNYVF;CARDRSVVTMVRGVIPFYW_CCSYAGSYTVVF;CARHEKMNYYDILTGYSPPYYYYYGMDVW_CQSYDSSLSAYVVF;CAHYQGIAVTGTWFDPW_CQSYDSSNVVF;CARESSSWFPYW_CQQSYSTPFTF;CARERDYSPGRYYGMDVW_CGTWDSSLSAGVF;CARHPTPAAMVGYYYYGMDVW_CQQANSFPLTF;CARDGPMTAIGGYGMDVW_CQSYGSLGGSVF;CAKGRTTEGTDAFDMW_CQQVHSYPITF;CAKDRSSLLWFGELLYMPEEYGMDVW_CQQYNNWPLTF;CTNYGMDVW_CSSYAGSNNWVF;CARVDSFAPNSGYGAQLLNWFDPW_CQQYNNWPLTF;CAREDYDTASFGYW_CQQYDNLPYTF;CAKDFGRGSYHRAEYFQHW_CQQYNNWPPWTF;CARGGSLPLITMIVGFFW_CQQYGSSPEYTF;CTREAEMATISIDYW_CQVWDSSSDHVVF;CARDAPIWDTAIVYW_CQQYGSSLPWTF;CARLLVSAYNWFDPW_CQQSYSIPAF;CARIPMTTVTSYGMDVW_CQQYGSSSITF;CARDDEWEPYDYW_CCSYAGSSTYVF;CTTVLRYFDWLLSDYGMDVW_CLLSYSGARGVF;CAIGTGIVGTTFPREYW_CMQALQTSWTF;CAKDMELGWLIDYW_CMQALQTPLTF;CARERNIVVVPAAETFDYW_CQQYNNWPPLTF;CARIGFGEYDYGMDVW_CQSYDSSLSVVF;CARGNDYYGSGEFDYW_CSSYTSSSTLVF;CARGVGATDFDYW_CQSYDSSLSGVVF;CARDPSNWGSFGYW_CQAWDSSTYVF;CARVDGYNYSFDYW_CQQYNNWWTF;CAKEPYGGNSFVYYFDYW_CQQYGSSPGLTF;CAKAEWGGTENYIPYYFDFW_CQSYDNNNLIF;CARSHCSSTSCYPNYYYGMDVW_CQQSYSTPRTF;CARDFGERYCSGGSCYSFDPYYYYGMDVW_CLQHNSYPWTF;CAKEYPGPGQLDDAFDIW_CQSYDSSLSGKVF;CARVDTAMVTGLAISPPWDYGMDVW_CQQYNSYPWTF;CAKDIGDGSGSNSQKRDYYYGMDVW_CQQSYSTPRTF;CATDPYNSGWFASLKNQVLYYW_CQQSYSTPQTF;CAREHTGGWLQRYIDYW_CQSADSSGTYPRVVF;CARGYCDSTSCYAVGYFDLW_CQTWGTGIVVF;CARDPDPNWSKDWFDPW_CQQYNNWPPLTF;CAKGRYSFGLDNFDYW_CQQDGNSPTF;CASRAVQSSGWRQDYYYGMDVW_CQSYDSSLSGVF;CAREASEGPW_CQSYDSSNSWVF;CARLGGYSSRGNWFDPW_CQQSYSTPPYTF;CARDPHHTFGGVLVW_CQKYNSARTF;CAGYYYDSSGYLSSFDIW_CQSYDSSLSVVF;CARLPYRYSGSSNDAFDIW_CAAWDDSLSGPVF;CARAGYGDYVGDFDYW_CQSADSSGTYVVF;CARDYYGSRSDSGMDVW_CQQSYTTPYTL;CAKDGREAAAGTDYYYGMDVW_CQAWDSSTVVF;CARDSPGWGSSGFYYGMDVW_CQQYGSSPRYTF;CARVSGDTMIVVVHRDGMDVW_CQQYNSYSVTF;CAKNLATTGSHW_CLQDYNYPRTF;CAKDGGRGVVIIFYFDYW_CQQYGSSPITF;CARGIAVVTLWGPFDIW_CQQYNNWPRTF;CARDRWVPAAVPHYYYYGMDVW_CQQANSFPLTF;CAREGAAGPPPGHYYYYGMDVW_CMQALQTPFTF;CAKQGHFTDTKRIDYW_CQQYDSYPITF;CAVIPVTGQEASLSAEYFQHW_CQQSYSTPFTF;CARDSPSSGSYGLFDYW_CQTWGTGIRRVF;CASPGGGLLWFGELFRSYFDYW_CVLYMGSGFWVF;CAHRPVSDDILTGYRYNWFDPW_CQSYDSSLSGSVVF;CARGFIGYNFDSW_CQQSYRTPITF;CAREEGYCSGGSCEYNYYYGMDVW_CQQYGSSLITF;CARGRRVFLALSYW_CQQYGSSPHTF;CARGAGRIGQVDVW_CQQYNNWHTF;CARGYYDSSGQSLDYYYYGMDVW_CQQYYSYPFTF;CARTGKNGSGSYWFDPW_CQQYRTF;CARDGDTAMVINYFDYW_CQSADSSGTYWVF;CARTDIVATPDGGFDYW_CQTWGTGIHVVF;CAREGFYYYGSGSVSGGNWFDPW_CQVWDSSTVVF;CAKVPLGWGAAGGAYFDYW_CQQYGSSPATF;CARVGCSGDTCYSYDWFDPW_CGTWDSSLTAVVF;CARGGILTGKLSDYW_CQQYDNLPTF;CAHGLTGYYTYYFDYW_CQQYYSFPPTF;CARQVGANPFADYW_CAAWDDSLSGPVF;CARGKGEGRYYYDSSGYYYFDYW_CQQRSNWPPLTF;CSVYDAERGYFDYW_CCSYAGGDTSYYVF;CARNKQHIVGATLHTHYSNWFDPW_NA;CARLYGDYGDYW_CNSRDSSGNLFVVF;CARPYSSSWSPMDVW_CQSYDSSLSGHVVF;CARDKGYSSSWYIRSSWFDPW_CLLSYSGARLVF;CARAVCGDDCYLLDSW_CAAWDRSLGAVVF;CARTTTVVTGDAFDIW_CQSADSSGTYPVF;CAKGRGDYYYYGMDVW_CQQYDNLPITF;CTTGGALNYW_CQAWDSSTACVF;CARDLTTRDYSDAFDIW_CQQYGSSPRTF;CARAGLEINTPDSSGYYYGGGYFDYW_CQQYDNLPPRRFTF;CAKDHGYDFWSGYSDAFDIW_CQQSYSTPLYTF;CARESGYTNYYYYGMDVW_CQQYNSYPLTF;CARKYQLPYYYGMDVW_CQQSYNTPDTF;CARDSTYYYDSSGYPVSDAFDIW_CQQSYSTRRYTF;CAREVYSSSTNWFDPW_CQVWDSSTDVVF;CARANAEYSSSLLFDYW_CQSYDNSLSAYVF;CAHSPYDYVWGSYRQSWFDPW_CQAWDSSTVF;CTTIYYDILTGDYW_CMQALQTPITF;CARLDYDFWSGTPERMDVW_CQQYGSSPPWTF;CARVRKNWNYDLDDWYFDLW_CQVWDSSSDHYVF;CATRRVRGEGLAYW_CQQYNSYSRTF;CARNYDSSGYYVPPYFDYW_CQQYNNWPPYTF;CARDPANYFDYW_CQQSYSTLWTF;CAREESSSWYRYW_CQQYGSSPLTF;CARIVQGGSYLSGGIDYW_CMQSIQLLFTF;CARDRLIIRFLERPNWFDPW_CCSYAGSSTPVF;CAREYSNNWYFFDYW_CQQYAGSPLTF;CARVSGVGTSFAGFDPW_CQSADISATVF;CAREPTPRYSGSYRGFNYFDYW_CQQYYSFPLTF;CARAADYCTSASCPNEYFQHW_CQSYDSSLSVF;CARGRMTVHNDDSGFPEYLYYYGLDVW_CMQVMDNPRTL;CATSRVAVAGVDYW_CQSYDSSLSGVVF;CARDLGIAVAGRVEGYFDYW_CCSYAGSYTLVF;CARDVSNVLVIAVSPSWFDPW_CQQTYSIPYTF;CARDAPDRGSSWYSALFDYW_CQQYNNWPPTF;CARRDGGYCSSTSCSFDYW_CQQYNSYSPTF;CARAEIFGVVIQAFDYW_CQSYDSSLSGSVF;CVKKVIGFDDW_CQQSDTFGYTF;CAKGMDGSGSYYNKDGMDVW_CQAWDSSTGVF;CARVNGLLGEYYYGMDVW_CMQALQTPPNTF;CAKDWAVGWEFVDSW_CQQSHTVPLTF;CARDEGAAAYFDYW_CCSYAGSSTCWVF;CARAAGYCSSTSCYEIYYYYGMDVW_CQSYDSSLSVPF;CTRSYVLRFLEWFSPFDYW_CQQYGSSLWTF;CASSGSYQGNWFDPW_CQQSYSTPYTF;CARSPPRYDLSLVDAFDIW_CQQYNSYSTTF;CARETIAAAGSNFDYW_CQQSYSTPRTF;CARVSGYSYYFDYW_CQQLNSYLLTF;CATYIAAPRDYYYGMDVW_CMQALQTPYTF;CATGKTYSAPHAYYYFDYW_CQQANSFPRTF;CAKEVHSSGFDYW_CQSADSSGTYPWVF;CTTDHIVVVTAMIFGYYFDYW_CQQLNSPLTF;CAREGPTVTKFDYW_CQSYDSSLSGSVF;CEVKAAAGNFYW_CSSYAGSVVF;CAKDIEGGSGYYLTPGGFQHW_CCSYAGSSTFVVF;CARDAMAIGDYYYYGMDVW_CQQLNSYPSLTF;CARREGAGYDILTGSYYYYYGMDVW_CLLYYGGAQLGVF;CTTRLWRISQYYYDSSGYGHFDYW_CQSADSSGTYVF;CARTTLLAAAIDYW_CQQYYSFPYTF;CARAKAARPTPTYYYYYYGMDVW_CQAWDSSTGDVF;CARSGYDSSWVGYDFDYW_CQAWDSSTPVF;CAREGLEIDAFDIW_CQQSYSTPWTF;CAHTSAYYDSSGYYPPFDYW_CQQSYSTPLTF;CARATQDSSGWYGFWYFDYW_CQQYNNWPPTF;CARMLVVVAATGYYYYGMDVW_CQQYGSSQTF;CAREAYDSSAYSTIDYW_CQTWGTGIHVF;CARSAGSSGSFEYFQHW_CQQYGSSPLYTF;CARRLFLYSSSGYYFDSW_CQQASSFPPLSF;NA_CQQSYNTPRTF;CARGGGAVAGTIDFHYW_CCSYAGTDLWLF;CAKDRGYYDSSGYYYSDYGMDVW_CQSADSSGTYVF;CAKDGFGGASDHW_CQHYDRSPWTF;CARAIQMGCSDGSCLW_CQQYDNLPSYTF;CARKGRWLPDGDDAFDIW_CQQYYSYPLTF;CARAGLRSWFDPW_CMQSIQLPNTF;CARHSYGAYYYYGMDVW_CQQYGGSPLFTF;CAAGVMTARYDYW_CQQSYSTPLTF;CAHFMTTVTTGYFDPW_CIQVRQTPFTF;CAREGGGDILTTYYYYGMDVW_CQQYGSSTRALTF;CARGFGGGDYRSMDVW_CQQLITYPITF;CARTTYGGNSLNWFDPW_CQVWDSSSDHPVF;CAKRGGLMVRGVAVDYW_CQQYYSYPWTF;CARGYGSGNYYYYGMDVW_CMQALQTPWTF;CARSNYDILTGLDYW_CMQALQTPYTF;CAREDSGSYGYFDYW_CQQYNNWPQTF;CARRVLYYRFDPW_CNSRDSSGNHLF;CARGDYDYVWGSSPDAFDIW_CMQGTHWPLTF;CARDVRGYYYDSSGYSGEGYWW_CQQSYSTPYTF;CTRDRYSSSWYKGLYYYYGMDVW_CQQSYSTPYTF;CARVFFRVVYAMAYW_CQQYNNWPPMYTF;CASSLRYFDWTVNNWFDPW_CQQYGSSPQTF;CTRGYCSSTSCYTGWFDPW_CQAWDSSHVVF;CARDGRWELLGNQHW_CCSYAGSSTYVF;CARVYYDSSGYYYFDYW_CQQSYSTPWAF;CARGRVRWELLGDDAFDIW_CQQYDNLPLTF;CCTYVFVGIVPTIVDYW_CQQYNDWPPAGTF;CARDIQYYYDSSGYDAFDIW_CQQSYSTPWTF;CATSWGIAALYGMDVW_CNSRDSSGNPYVF;CAKDYPVAGDLDAFDIW_CCSYAGSSTWVF;CARANWDNWNDGLDYW_CGTWDSRLSSYVF;CARAGYCSSTSCSKEDVW_CQQSYSTPPRTF;CAREPLGGDYYYYYYGMDVW_CQQYGSSPTF;CARLSLRARFRGAFDIW_CCSYAGSYSVVF;CAHSLPSDIDYYYDSSGYSPSPPLFDYW_CQQYNNWPLTF;CASGYGGKTYYFDYW_CQQYGSSPGTF;CLGRELGHSW_CLQHNSYPWTF;CTAVLRYFDWLLMEAHENYYYYGMDVW_CQSADSSGGVF;CARDRSRWEFLYYFDYW_CQQYGSSGYTF;CARARYYDSNSYSYAW_CQTWGTGIWVF;CARLDYYDSSGYYDW_CQTWGTGIPVF;CARDYIAVAGPGENWFDPW_CQQSYSTRTF;CARDRGGYGVRWFDPW_CQQYDNLPPTF;CARRGNAIFGVVTHYYYYGMDVW_CMQALQTPLFTF;CSNYDILTGYYWFHYW_CQQYNNWPFTF;CASSFLDTSIVEYYFDYW_CATWDDSLSGLF;CARIVVVVTSRWFDPW_CQVWDSSSDHYVF;CARSLEWLDDYW_CQSYDSSLSGSVF;CARDAYGGYSFYYYGMDVW_CQQYGSSPFTF;CAGGSGSYYHLDPW_CQQANSFPYTF;CARPRLDYGDYGAGLGYW_CQKYNSAPFTF;CARDRGLRKKYFQHW_CQQYGSSPSTF;CARSLGPEFYYFDYW_CQQSYSTPWTF;CVSQLYYLDGRGYYYDYYYDYW_CLQHHDYPWTF;CTTVSPYGDYVGVYFDYW_CQQYYSYPPTF;CAKDFMEYYYYGMDVW_CSAWDSSLSAVVF;CARSPGSGSYTW_CQQYGSSPLTF;CARLPYAGGPYYYYGMDVW_CMQRIEFPFTF;CARGKPRSLELWSFYYYYGMDVW_CQQSYSTPPTF;CAMGGYDSSGVQLDYW_CAAWDDSLSGYVF;CAHRYCSSTSCYGLGDWFDPW_CQSADSSGTYLVF;CARHSEGLGPVDYW_CGTWDSSLSAWVF;CARAIFGVVSVMGFDYW_CMQALQTLTF;CAKSMKSFDYW_CQQSYSTPLTF;CTTEGGDGYNSFDYW_CQQYDNLPITF;CARDTTYGDYYYGMDVW_CQSADSSGNWVF;CARDGKGYSYGSGNYYGMDVW_CQQSYSTLYTF;CAHRTTTYYFDYW_CQQYNSYPYTF;CTTDLVWFGELANAFDIW_CLQHNSYLPEWTF;CTRGGTLGARSGYYDYYYGMDVW_CQQYNSYPLTF;CAKDEGRVVAVAGTGEHAFDIW_CQQYNSYSPTWTF;CAKDITIFGVVISHLDYW_CLQDYNYPLTF;CARTYYYDSSGYRNAFDIW_CQSADSSGTYPVVF;CAKCFYYDSSGYYYYYYGMDVW_CCSYAGSSTLVF;CARDLLSISGSPFDPW_CQQRSNWPPGGGGLTF;CARGGINGGAYFDYW_CQQYGSSPWTF;CARDRGPAGLDYW_CQQSYSTRYTF;CARRGYYYDSSGYYYDWFDPW_CNSRDSSGNRVVF;CAKGLNTAMVSYYFDYW_CVLYMGSGIWVF;CAKDIREGWSSGYYPVLDYW_CQVWDSSVVF;CAKDSPSGYYYYYYYGMDVW_CQQLNSYPITF;CARDRIAAADHNWFDPW_CAAWDDSLNGWVF;CARDIGGIAAAGSPPSAFDIW_CQQYNSYSTF;CAHSYYYGSGRGGWFDPW_CQSADSSGTYVF;CARDGSSSIFDYW_CNSRDSSGNHVVF;CAKPLRFGYSSSSCFDYW_CSSYAGSNNYVF;CAHTGFESLDYW_CQSYDNSLNGLGVF;CARDEDYYYDSSGSVDYW_CQQSYSTPWTF;CARQIAAAGPENWFDPW_CQSADSSGTYLVF;CARGLPVDVW_CGTWDSSLSAGHVVF;CARLIYYGSGRFGAFDIW_CQQYDNLPWTF;CARNEITIPLDVW_CQQYGSSPLVTF;CAKGGWFGELLFRLDYW_CQQYDNLLTF;CTTDHGDAYNYRW_CQQYGSSPRTF;CARDHRMNIAVAGTNWFDPW_CQKYNSAPLFTF;CARALREEQWLNNAFDIW_CQQYYSYPTF;CAHRPPYYDSSGYLSW_CQQYGSSLWTF;CARHYVDTAMVINQYYFDYW_CQSYDSSLSDVF;CARDNYDILTGHYGMDVW_CAAWDDSLSGLYVF;CAKDSSSSDWFDPW_CQQYYSYPLTF;CARDYVAVAGTLDYW_CQQYYSTPYTF;CTRDLAYSNYEPPNHNWFDPW_CLQHNSYPLTF;CARERYYYYGMDVW_CYSTDSSGNHGVF;CAKEGITGYYYYYGMDVW_CQQSYSTPHTF;CAKVALRYFDWLPPYFDYW_CQQYYSYPQNLTF;CARAHDSTGYQDFDYW_CQQAKSFPYTF;CARVGVYGSGSYLVGGDYW_CQQSYSTPWTF;CARGPYYGSGSGEFDPW_CQQYYSYPLTF;CARGSCYSSACYYYYGMDVW_CGTWDSSLSAVVF;CARDFDAAEGAFDIW_CQVWDSSSDPTFYVF;CARGAHSSGYYIDYW_CQQYYSFPFTF;NA_CHQYNNWSSWTF;CAREQDFGGNPFDCW_CMQVLHIPRAF;CARGTMVRGHYYYYGMDVW_CQQSYSTPLTF;CARGYSYGYLDWFDPW_CQSYDSSLSGVVF;CARAAPYSSSSLDYW_CQQSYSTLTWTF;CARRRITMNDYFDYW_CQSYDSSLSGVVF;CARGPDGGAFDIW_CQRGLTF;CARDLIARTALTYYYYGMDVW_CQSYDSSLSGGVF;CARYGVYGDYPGALFDYW_CAAWDDSLSGLWVF;CAKDRRGCSSTSCYTFDYW_CQQSYSTLSF;CARVSGYNSYYFDYW_CQQSYSTPRTF;CAAPSPRFTSSTGGGMELPLHVW_CCSYARGSSLVF;CAKDARWRPRVASIDALDIW_CQQYNNWPRTF;CARHIERYCSGGSCYEALDYW_CMQALHPITF;CASYLEMATRYYFDYW_CLQHNSFWTF;CARVTRVTQSNDFWTSYYTDCFDAW_CYSTDSSGNHKVF;CARLYSSSWTNYFDYW_CQQYYSYPLTF;CARGTVYSVPGGHYGDYVRDPKYYYYGMDVW_CQSADSSGTWVF;CARGAAGVRGPIGYW_CAAWDDSLSGWVF;CARVAVAGTTNWFDPW_CQQANSFPYTF;CARVLGGPGATTFDYW_CLQDYNYPWTF;CARTPVSTSYDSPGWYSSGWFFDYW_CQTWGTGIHVVF;CARTMVRGVTPADAFDIW_CQQYNSYSSTF;CAKSMGATILHAFDIW_CQQYNSYPLTF;CARANSGSYSFFFLRLDYFDYW_CQQYNNWPLTF;CARAAGTGGYYYGMDVW_CVLYMGSGISVF;CARAGQFGDSYYYYYYGMDVW_CLQDYNYPQTF;CAHFTKRPTDAFDIW_CNSRDSSGNHRVF;CARRLAYNGNWDYGDFDYW_CCSYSKTATF;CAAGFGLSGSYIHYYYYGMDVW_CQQYGSSPPLTF;CATDNWNFGADSGFGYW_CMQGTHWRTF;CARVLGSFSFGYDGFDIW_CQQLNAYPTF;CARDPGIAVAETVYYYYYYGMDVW_CMQALQTPPTF;CARTVGAGYKIGKGYFDYW_CQAWDSSTVVF;CARDQDLAALNYW_CGTWDSSLSAKVF;CTTENVLLWFGEPEYYYYYYGMDVW_CQSADSSGTYAVVF;CARSLFEGTVMAFRAEHMDVW_CQQYKTFFAVSF;NA_CQAWDSSTVVF;CARPPSHDSPMYHYW_CQSADSSGLWVF;CARDTMWWSYGMDVW_CCSYAGSGEVF;CARLRRYSSGYYYIAGDFDYW_CQSYDSSLSGVVF;CARDKGGTTVTTSNWFDPW_CQQYDNLPLTF;CARDGGGYYQKKGYFQHW_CGTWDSSLSAVVF;CARERPRGAAETW_CQAWDSSTWVF;CARDDIVVVPAAIDYW_CQSYDSSLSGPYVF;NA_CQQRSNWPPYTF;CARKFDCW_CQQYGTSLPVTF;CARGVLRFLEWLSNMDYYYYGMDVW_CMQALQTPRALTF;CAKDGSYYDSSGYSDYW_CQQYNNWPPWTF;CAKDKSYSVEYW_CMLFMGSGIWVF;CAKADVRSNWNDMHFDYW_CQAWDSSTVVF;CARATPRGYGGNSLNWFDPW_CQQYNSYPFTF;CAEGYQLPGLYYW_CNSRDSSGNHLF;CARHAGSGSYYFWFDPW_CQQYGSSPYTF;CAKDLQIGYCSSTSCRNAFDIW_CQQYGSSPPRVTF;CARGRGSYFDYW_CQQYGSSLWTF;CARTCSSTSCYTYGMDVW_CQQYNNWQYTF;CAHRGYSYGPLFDYW_CLLYYGGAQLVF;CARLPTLRYGSGSYYNGALDYYYGMDVW_CMQALQTPLTF;CARSIAAASPFDPW_CQQYDNLPPTF;CARGPPYGHLGYW_CQQYNNWPPITF;CAKDILGGGYFDYW_CQTWGTGMGVF;CAKDASYGYLFEYWYFDLW_CQQYNNWPPWTF;CARFGAKNYYDSW_CQQYNNWPGTF;CAREKWLRPQLDYW_CQQYGSSPKTF;CVKGPYYDGSGNSFGRKAFDIW_CQQYGSSPYTF;CARGASKGNQPALHYGMDVW_CQQSYSTPPAF;NA_CCSYAGSSTVVF;CATTLASPTHDYGDYEGGYMDVW_CQQYGSSPLTF;CALGIDAFDIW_CQQYNNWPKTF;NA_CQSYDDSLSGTVF;CARGFYYGSGSPLSGMDVW_CQQSYSTPRTF;CAKDPAASGSPWYFDYW_CQQYYSFPRTF;CAREVSRQSGSRPIKWFDPW_CQQSYSPPPLTF;CTPSLETYGDYALGYYW_CQSADSSGTYPYVF;CAKDFGGPLQFDYW_CQQYGSSPRTF;CAKDMLFSNNYW_CQTWGTGINWVF;CARDENHLYYGDLAYW_CQQSYSIPRAF;CARGSRLLLWFGELKVGPGFDPW_CQQYNSYWTF;CAMKGGRDGYNTRVYYYYGMDVW_CCSYAGSSTPYVF;CAKDIGPTNCSSTSCHAYYYYGMDVW_CQQYNSYSTF;CWRDRREAPIEMEVASTRG_CMQSTHWPYTF;CTRHTHCSGGSCYDAFDIW_CQQSYSTPRYTF;CAREPPHGSGTDYNWFDPW_CQSYDSSLSAYVF;CVKDLYDTGSYYYFDYW_CSSYTRSSTLVF;CSRHEGVGGNSDYW_CVLYMGSGISMF;CARNHDYGDYMFGGMDVW_CQSADSSGTYVF;CTTSGGDW_CMQSIQLPRTF;CARDRTSFGYSYGNIDYW_CQTWGTGILVF;CAKDELASYGGVGYYW_CQSADSSGTYFWVF;CAREPKHSGYCSSTSCYIGNWFDPW_CQSYDSSLSGNVVF;CARASWDSSSWGLGFDPW_CQAWDSSTGVF;CARTRVRGVISPFDYW_CQQANSFPPTF;CTREYYDFWSGDYW_CQQYDNLPLTF;CARDGGRGSGWSTPDYW_CNSRDSSGNHVVF;CARHYDFWSGDNPYWYYYYGMDVW_CQQYGSSPPWTF;CTTTTADIVVVPAAIQTVDYW_CQQYDNLPLTF;CAIMVRGVIGSYYYYGMDVW_CQQSYSTTWTF;CAKDNGYGGNSLQHW_CCSYAGSSTLVF;NA_CQQSYNTLWSF;CARARYRRDGYHNLYAFDIW_NA;CARGFSETGPGYKRFYYYFDLW_CQQYGSSPQTF;CARVKGDYYYYYGMDVW_CMQALQTPHTF;CARDPPLYSSGWFTGDYW_CQQYNSYPRTF;CAKDGGEHRGNDYW_CQVWDSSSDHYVF;CARGYDFWSGYLPHYGMDVW_CQVWDSSSDHPGVF;CARETKQYIDYRSPTVGRPYDYYYGMDVW_CLLFYGGAQLGVF;CAKGVWESTTEDAFDIW_CQQYNSYSPFTF;CAKDQGYCSSTSCYPYYYGMDVW_CQAWDSSTVVF;CARLGGYDSTFDYW_CSSYTSSSTYVF;CARGGDYYYGMDVW_CQQYNNWPLTF;CARVAAAGTYFDYW_CQQYGSSPETF;CARINQHGSGTYSPDYYYYGIDVW_CMQALQTPMYTF;CARKSIAAAGLPYYYYYGMDVW_CMQALQTRFTF;CAQGGYSYGYYDYW_CAAWDDSLNGVVF;CARQRGGTAVPVYYFDYW_CQQYGSSPLYTF;CARALYYDSSGYQPNRYYFDYW_CQSYDSSLSGYVVF;CTRALNSNHFDYW_CQQANSFPLTF;CARVTDPDAFDIW_CNSRDSSGNHYVF;CARSAWHPAATGGMDVW_CLQDYNYPYTF;CARVSLVVPQQFDYW_CQAWDSSTVVF;CAKVPGYSTGWYYFDYW_CQQCDSSPEWTF;CAKDSTCSSTSCYRGYYYYGMDVW_CQQYYSYPITF;CARDSKQQLADNWFDPW_CQAWDSSTLVVF;CARGRNGGNRFDWFDPW_CQSYDSSLSGSGVF;CARGKNWFDPW_CQQYGSSPLTF;CASGYSSGRPDYW_CQQYDNLPITF;CARLSDGDYTFDYW_CQQYNSYWTF;CARGGTAGYSYGYAYW_CQAWDSSTAVVF;CAKDIVVVPAAPITLYYYYGMDVW_CMQALQTSFTF;CARWRLYYDSRGYYYGMFDYW_CQQSYDTPLTF;CARSRRIVGATSFDWFDPW_CQQYNSYSRTF;CASEDSGYGGGFDYW_CQSYDSSLSEGVF;CAHGRDYDSSSLPFDYW_CQQYNSYPYTF;CARAGAYYYGSAIDYW_CQQYGSSPGLTF;CAKGSSHSGGWFDPW_CQQYNSYWTF;CARDLLRAYSSSSTSSIDYW_CQQYYSYPRTF;CAKDVSGYLDAFDIW_CGTWDSSLSAGWVF;CAREGSRYFDYW_CQVWDSSSDHYVF;CASHDSSGYYLLDYW_CQVWDSSSDHVVF;CARYCSSTSCYTTYYYYYYGMDVW_CQQYYSYPLTF;CARLWVFLTMVRGPDFDLW_CHQSSSLPLTF	2	1	CARGTPGWYW_CQQYGSSPTF	0	NA
4	534	CARENYDFWSGYYHGADVW_CMIWHSSAWVF;CARRYYDSSGYSANFDYW_CQTWGTGIYVF;CAKAGDSSGYQKTYYFDYW_CQSADSSGTYGVF;CTTEALDYGANSRSPNFDYW_CQAWDSSNVVF;CAKDTEVGASRYYYYYGMDVW_CQQYGSSPPFTF;CASISMVRGEGGGYW_CQVWDSSSDHPVVF;CARADVVVVAALDYW_CQQYYSTPITF;CAKDFSGGEVVVVAATDYW_CQQYYSYPRTF;CARTGVTTVTTFPYW_CQQSYSTPGTF;CARDRWVVAAYYYGMDVW_CAIWYSSTWVF;CARDPMVRGVNYGMDVW_CMQALQTPRTF;CVGVGYNYRRDGAFDIW_CQQYGSSPQITF;CARETGYSSGWYEATGMDVW_CNSRDSSGNHLVF;CARSKGCSGGSCYHNWFDPW_CQQSYSTPYTF;CARDRYYYGSGRHRGSYYYYGMDVW_CAAWDDSLNGWVF;CAKPEAGQWLHVHHNHYGLDVW_CQSFDNSLSGSVF;CAAIAVYVYW_CQQYNSYPLTF;CAKANLAGVVAAIGIDYW_CAAWDDSLSGVVF;CARGIQLWWWFDPW_CQQSYSTPCTF;CASPQPGSGWSNYYYYGMDVW_CSSYTSSSTSYVF;CARDELDILTGYNIPTFGGCVYW_CQQYYSYPWTF;CVKEITAAKNRRKSLGYFFDFW_CQQYNDWPPLTF;CARDVCRGHYGDCLWGYW_CQQYYSYPITF;CARKGIAVRGGIDYW_CLLYYGGAWVF;CARDVSDGYNYEAWVDYW_CQQSYSTLWTF;CANGPPINYGDYEDAFDIW_CQQYNSYPLTF;NA_CQQSYRTPFTF;CARDRRGEHNFDYW_CQQRSNWPPGTF;CARDSEGEPSAGDAFDIW_CQQSYSTPWTF;CAKVLLDYYYGMDVW_CSSYTSSSTLVVF;CARGGWWELPYYYYYGMDVW_CMQALQTRNTF;CAKDPDYW_CQQRSNWPTF;CARVLDVW_CQQYNSYWTF;CAREKWELPPPPYYFDYW_CCSYAGSYTVVF;CAHRRYYYVAFDYW_CQQYYSTPLTF;CAHHGSARYSSSWHAAPGPYYFDYW_CQVWDSRAYVF;CARDFTEDGYNFDWRMLPDYW_CQQRSNWPPITF;CARGQIGGWSPYYYYGLDVW_CQQGYTNPFTF;CARGRNLGVVTKFNWFDPW_CAAWDDSLNGLVF;CARDGPYSGSYYGDAFDIW_CQQSYSTPRTF;CARDLGATDYW_CCSYAGSSTPYVF;NA_CQSADSSGTSWVF;CAKDGGLDYALYWYFDLW_CQQYNSLYTF;CAHKMGRGGGVDYW_CQQLSTDPITF;CTRDPHYGDHVPHNWFDPW_CQQSYRSPYTF;CARYDYDITVDHW_CMQGLQPFTF;CARAVDTAMVTNNWFDPW_CQQSYSTPFTF;CATEDTARDLYRAAFDIW_CQQYNGWTF;CARGYATALSRTDYW_CSSYTSSSTLVVF;CARGWSIVVVVAATFPNWFDPW_CQQRSNWPPTF;CARVAAVRSGRVNYYYYYGMDVW_CQSADSSGTYKVVF;CASIAVAGYFNYW_CQQYYSTPFTF;CAKVFSSSWGDYW_CQQSYSTPITF;CASFVDTAMAIPLDYWYFDLW_CQQYNNWPPWTF;CARGTVTTGRGYFDLW_CQQYGSSPQVTF;CAKDRASYYNFPIDPW_CQQYYSTPFTF;CAQTKLGIFGGMDVW_CQQSYSTPYTF;CARGPGYFDYW_CQQYDNLPRTF;CASHGVVVAATRGTPGSDYW_CQQSYSTLRTF;CASTVPSSLRAGAFDIW_CQQYYSTPRTF;CARDTMGPLYYGMDVW_CQVWDSSTVVF;CAKDLGELTDYW_CSSYTSSSTLVVVF;CAKSGPPLEWFFLGYYYGMDVW_CNSRDSSGNHVVF;CAKDATGYFDWLPYYYYYYGMDVW_CLLYYGGAQLWVF;CTTDSPHMITFGGVIVFDYW_CAAWDDSLNGGVF;CARDLRPVAGTADYLDYW_CQQYHYWPRTF;CARGVTIFGVVIMGGMDVW_CQQSYSTPYTF;CAKDLLSIYGSPSDYW_CQPYYGAPPYTF;CASAWYYYDSSGYYPFDYW_CQQYGSSPWTF;CVKDRSSRQLKAVGTYFDCW_CTSYTSSSTSYVF;CAREDLLWFGERWAKNSFDPW_CMQALQTPITF;CTRVVTMIVVAQGGFDYW_CAAWDDSLSAVVF;CARDKVVGARNWFDPW_CQQSYSTPSF;CARAVLRFLEWFSNWFDPW_CSSYTSSSTHVF;CARDRVVGATLYYYYYGMDVW_CQAWDSSSVVF;CARHEVPEMATIRGWFDPW_CQQYGSSLFTF;CARDRGSGTEPDFDYW_CMQATQFPLTF;CARVFGSVGATRSTDYW_CQQYITDPFTF;CARDELDILTGYNIPTFGGCVYW_CQQYYSYPWTF;CAHSDYYEGRGMDVW_CQQYYSTPYTF;NA_CQQYDELPVTF;CATTYYYDSSGYYQNDAFDIW_CQQYYSYPRTF;CAREIEGDGVFEIW_CMIWHSSAWVV;CARHIRGNRFGNDAFDIW_CQQYYSFPYTF;CARRLITMIEGGAFDIW_CQVWDSSSDHVVF;CAKVMIEHPSNRGHFDYW_CMQALQTPYTF;CTTDDEKRPYSGSYLPFDYW_CQSYDSSNVVF;CARGGRVSVAVYWDYYYYGMDVW_CQKYNSAPFTF;CAHSAQYYDILTGYYKAPWGGAFDIW_CQQYNSYSWTF;CARDDFGGATFYSSFDYW_CQQSYSTPYTF;CARAAKIFGVVTAFDIW_CQQYGSSPWTF;CVKDYSTSGWYYFDFW_CQQYGSSLPYTF;CARVVPAAFYGMDVW_CQQYGSSLFTF;CAGGSGYCTNGVCYPRGFDYYYGMDVW_CAAWDDSPPWVF;CAKDDTAMVTADFFDYW_CQTWGTGIWVF;CARTPRWLQCFDYW_CQQYNSYSWTF;CARDQWLAYYFDYW_CQSYDSSNHWVF;CARSGTTYYDILTGYYNYW_CQQYGSSRWTF;CAHRYYSNIDYW_CMQGTHWPWTF;CARDWGYYDSSGYSPRGYYYYYGMDVW_CQQLNSYSFTF;CAKDRVGYGDYVDYW_CQQYNNWPPWTF;CARLGSSPYYW_CQSYDSSLSGYVF;CTRYYGDVW_CQQYYSFPWTF;CAKDHYYDSSGYYSGLGYW_CQSADSSGTYRVVF;CATGLVVPAAILYGMDVW_CQQYGSSRGLTF;CAKDDGDAAAGLIYW_CAAWDDSLSGVVF;CAKDGGGEEALELPDYW_CGTWDSSLSAVVF;CATLRYPSLGVDYW_CHQYNNWPFTF;CARKDSSGSDAFDLW_CQQSYSTPYTF;CARDVVQLWYQIDYW_CQQSYSTPPNTF;CAKYVDTAMNQFDPW_CQQANSFPITF;CARGLHYYDSSGRSLYYFDYW_CQQYGSSPPGQTF;CANQPPSLYW_CQQYNNWPGTF;CARVGYDYVWGSYRYTGVMDVW_CSSYAGSSYVF;CARGRPYYYDSSGYPYDAFDIW_CMQALQTPLTF;CAKERVVTAIPVVIFDYW_CQQSYSTPRLTF;CARPYGDYAYFDYW_CQSYDSSLSGYVF;CARDWWERQDSKRPDYFDSW_CQQTNSFPITF;CARHSNDGSDYFDYW_CQESYGALLTYTF;CASTEIEMLVPRYCSSTSCYFVWFDPW_CGTWDSSLSAGHGVF;CASASSTGTDAFDIW_CQAWDSSTHVVF;CARDGSWYAAWFDPW_CQSYDSSLSGSVVF;CARDPSLGDPGWGYFDYW_CQQYNSYSTWTF;CVREMTGSFTGGLDPW_CMQGTHWPPTF;CAREVNTAMAYYYYYYGMDVW_CQQYGSSQWTF;CARERRGGGHYYDSSGYYLSDYW_CQQSYSTP;CARGGGYSSGWATREVVYW_CQSYDSSLGAVF;CAKVPTVTTFLGYYYGMDVW_CQQSYSTPWYTF;CARDLRPAANFDYW_CQVWDSSSDYVF;CARLSYSSSWYYFDYW_CQQSYSTLYTF;CARVPKVRYCSSTSCYKDYYYGMDVW_CQVWDSSSDSWVF;CATWHYYDSSGEDGMDVW_CQQYNNWPRTF;CARGRSSWHLDYW_CMQALQTPFTF;CARDPWELHGFDYW_CQQYGSSSFTF;CAREAYYYGMDVW_CNSRDSSGNHNYVF;CARDRSVVTMVRGVIPFYW_CCSYAGSYTVVF;CARHEKMNYYDILTGYSPPYYYYYGMDVW_CQSYDSSLSAYVVF;CAHYQGIAVTGTWFDPW_CQSYDSSNVVF;CARESSSWFPYW_CQQSYSTPFTF;CARERDYSPGRYYGMDVW_CGTWDSSLSAGVF;CARHPTPAAMVGYYYYGMDVW_CQQANSFPLTF;CARDGPMTAIGGYGMDVW_CQSYGSLGGSVF;CAKGRTTEGTDAFDMW_CQQVHSYPITF;CAKDRSSLLWFGELLYMPEEYGMDVW_CQQYNNWPLTF;CTNYGMDVW_CSSYAGSNNWVF;CARVDSFAPNSGYGAQLLNWFDPW_CQQYNNWPLTF;CAREDYDTASFGYW_CQQYDNLPYTF;CAKDFGRGSYHRAEYFQHW_CQQYNNWPPWTF;CARGGSLPLITMIVGFFW_CQQYGSSPEYTF;CTREAEMATISIDYW_CQVWDSSSDHVVF;CARDAPIWDTAIVYW_CQQYGSSLPWTF;CARLLVSAYNWFDPW_CQQSYSIPAF;CARIPMTTVTSYGMDVW_CQQYGSSSITF;CARDDEWEPYDYW_CCSYAGSSTYVF;CTTVLRYFDWLLSDYGMDVW_CLLSYSGARGVF;CAIGTGIVGTTFPREYW_CMQALQTSWTF;CAKDMELGWLIDYW_CMQALQTPLTF;CARERNIVVVPAAETFDYW_CQQYNNWPPLTF;CARIGFGEYDYGMDVW_CQSYDSSLSVVF;CARGNDYYGSGEFDYW_CSSYTSSSTLVF;CARGVGATDFDYW_CQSYDSSLSGVVF;CARDPSNWGSFGYW_CQAWDSSTYVF;CARVDGYNYSFDYW_CQQYNNWWTF;CAKEPYGGNSFVYYFDYW_CQQYGSSPGLTF;CAKAEWGGTENYIPYYFDFW_CQSYDNNNLIF;CARSHCSSTSCYPNYYYGMDVW_CQQSYSTPRTF;CARDFGERYCSGGSCYSFDPYYYYGMDVW_CLQHNSYPWTF;CAKEYPGPGQLDDAFDIW_CQSYDSSLSGKVF;CARVDTAMVTGLAISPPWDYGMDVW_CQQYNSYPWTF;CAKDIGDGSGSNSQKRDYYYGMDVW_CQQSYSTPRTF;CATDPYNSGWFASLKNQVLYYW_CQQSYSTPQTF;CAREHTGGWLQRYIDYW_CQSADSSGTYPRVVF;CARGYCDSTSCYAVGYFDLW_CQTWGTGIVVF;CARDPDPNWSKDWFDPW_CQQYNNWPPLTF;CAKGRYSFGLDNFDYW_CQQDGNSPTF;CASRAVQSSGWRQDYYYGMDVW_CQSYDSSLSGVF;CAREASEGPW_CQSYDSSNSWVF;CARLGGYSSRGNWFDPW_CQQSYSTPPYTF;CARDPHHTFGGVLVW_CQKYNSARTF;CAGYYYDSSGYLSSFDIW_CQSYDSSLSVVF;CARLPYRYSGSSNDAFDIW_CAAWDDSLSGPVF;CARAGYGDYVGDFDYW_CQSADSSGTYVVF;CARDYYGSRSDSGMDVW_CQQSYTTPYTL;CAKDGREAAAGTDYYYGMDVW_CQAWDSSTVVF;CARDSPGWGSSGFYYGMDVW_CQQYGSSPRYTF;CARVSGDTMIVVVHRDGMDVW_CQQYNSYSVTF;CAKNLATTGSHW_CLQDYNYPRTF;CAKDGGRGVVIIFYFDYW_CQQYGSSPITF;CARGIAVVTLWGPFDIW_CQQYNNWPRTF;CARDRWVPAAVPHYYYYGMDVW_CQQANSFPLTF;CAREGAAGPPPGHYYYYGMDVW_CMQALQTPFTF;CAKQGHFTDTKRIDYW_CQQYDSYPITF;CAVIPVTGQEASLSAEYFQHW_CQQSYSTPFTF;CARDSPSSGSYGLFDYW_CQTWGTGIRRVF;CASPGGGLLWFGELFRSYFDYW_CVLYMGSGFWVF;CAHRPVSDDILTGYRYNWFDPW_CQSYDSSLSGSVVF;CARGFIGYNFDSW_CQQSYRTPITF;CAREEGYCSGGSCEYNYYYGMDVW_CQQYGSSLITF;CARGRRVFLALSYW_CQQYGSSPHTF;CARGAGRIGQVDVW_CQQYNNWHTF;CARGYYDSSGQSLDYYYYGMDVW_CQQYYSYPFTF;CARTGKNGSGSYWFDPW_CQQYRTF;CARDGDTAMVINYFDYW_CQSADSSGTYWVF;CARTDIVATPDGGFDYW_CQTWGTGIHVVF;CAREGFYYYGSGSVSGGNWFDPW_CQVWDSSTVVF;CAKVPLGWGAAGGAYFDYW_CQQYGSSPATF;CARVGCSGDTCYSYDWFDPW_CGTWDSSLTAVVF;CARGGILTGKLSDYW_CQQYDNLPTF;CAHGLTGYYTYYFDYW_CQQYYSFPPTF;CARQVGANPFADYW_CAAWDDSLSGPVF;CARGKGEGRYYYDSSGYYYFDYW_CQQRSNWPPLTF;CSVYDAERGYFDYW_CCSYAGGDTSYYVF;CARNKQHIVGATLHTHYSNWFDPW_NA;CARLYGDYGDYW_CNSRDSSGNLFVVF;CARPYSSSWSPMDVW_CQSYDSSLSGHVVF;CARDKGYSSSWYIRSSWFDPW_CLLSYSGARLVF;CARAVCGDDCYLLDSW_CAAWDRSLGAVVF;CARTTTVVTGDAFDIW_CQSADSSGTYPVF;CAKGRGDYYYYGMDVW_CQQYDNLPITF;CTTGGALNYW_CQAWDSSTACVF;CARDLTTRDYSDAFDIW_CQQYGSSPRTF;CARAGLEINTPDSSGYYYGGGYFDYW_CQQYDNLPPRRFTF;CAKDHGYDFWSGYSDAFDIW_CQQSYSTPLYTF;CARESGYTNYYYYGMDVW_CQQYNSYPLTF;CARKYQLPYYYGMDVW_CQQSYNTPDTF;CARDSTYYYDSSGYPVSDAFDIW_CQQSYSTRRYTF;CAREVYSSSTNWFDPW_CQVWDSSTDVVF;CARANAEYSSSLLFDYW_CQSYDNSLSAYVF;CAHSPYDYVWGSYRQSWFDPW_CQAWDSSTVF;CTTIYYDILTGDYW_CMQALQTPITF;CARLDYDFWSGTPERMDVW_CQQYGSSPPWTF;CARVRKNWNYDLDDWYFDLW_CQVWDSSSDHYVF;CATRRVRGEGLAYW_CQQYNSYSRTF;CARNYDSSGYYVPPYFDYW_CQQYNNWPPYTF;CARDPANYFDYW_CQQSYSTLWTF;CAREESSSWYRYW_CQQYGSSPLTF;CARIVQGGSYLSGGIDYW_CMQSIQLLFTF;CARDRLIIRFLERPNWFDPW_CCSYAGSSTPVF;CAREYSNNWYFFDYW_CQQYAGSPLTF;CARVSGVGTSFAGFDPW_CQSADISATVF;CAREPTPRYSGSYRGFNYFDYW_CQQYYSFPLTF;CARAADYCTSASCPNEYFQHW_CQSYDSSLSVF;CARGRMTVHNDDSGFPEYLYYYGLDVW_CMQVMDNPRTL;CATSRVAVAGVDYW_CQSYDSSLSGVVF;CARDLGIAVAGRVEGYFDYW_CCSYAGSYTLVF;CARDVSNVLVIAVSPSWFDPW_CQQTYSIPYTF;CARDAPDRGSSWYSALFDYW_CQQYNNWPPTF;CARRDGGYCSSTSCSFDYW_CQQYNSYSPTF;CARAEIFGVVIQAFDYW_CQSYDSSLSGSVF;CVKKVIGFDDW_CQQSDTFGYTF;CAKGMDGSGSYYNKDGMDVW_CQAWDSSTGVF;CARVNGLLGEYYYGMDVW_CMQALQTPPNTF;CAKDWAVGWEFVDSW_CQQSHTVPLTF;CARDEGAAAYFDYW_CCSYAGSSTCWVF;CARAAGYCSSTSCYEIYYYYGMDVW_CQSYDSSLSVPF;CTRSYVLRFLEWFSPFDYW_CQQYGSSLWTF;CASSGSYQGNWFDPW_CQQSYSTPYTF;CARSPPRYDLSLVDAFDIW_CQQYNSYSTTF;CARETIAAAGSNFDYW_CQQSYSTPRTF;CARVSGYSYYFDYW_CQQLNSYLLTF;CATYIAAPRDYYYGMDVW_CMQALQTPYTF;CATGKTYSAPHAYYYFDYW_CQQANSFPRTF;CAKEVHSSGFDYW_CQSADSSGTYPWVF;CTTDHIVVVTAMIFGYYFDYW_CQQLNSPLTF;CAREGPTVTKFDYW_CQSYDSSLSGSVF;CEVKAAAGNFYW_CSSYAGSVVF;CAKDIEGGSGYYLTPGGFQHW_CCSYAGSSTFVVF;CARDAMAIGDYYYYGMDVW_CQQLNSYPSLTF;CARREGAGYDILTGSYYYYYGMDVW_CLLYYGGAQLGVF;CTTRLWRISQYYYDSSGYGHFDYW_CQSADSSGTYVF;CARTTLLAAAIDYW_CQQYYSFPYTF;CARAKAARPTPTYYYYYYGMDVW_CQAWDSSTGDVF;CARSGYDSSWVGYDFDYW_CQAWDSSTPVF;CAREGLEIDAFDIW_CQQSYSTPWTF;CAHTSAYYDSSGYYPPFDYW_CQQSYSTPLTF;CARATQDSSGWYGFWYFDYW_CQQYNNWPPTF;CARMLVVVAATGYYYYGMDVW_CQQYGSSQTF;CAREAYDSSAYSTIDYW_CQTWGTGIHVF;CARSAGSSGSFEYFQHW_CQQYGSSPLYTF;CARRLFLYSSSGYYFDSW_CQQASSFPPLSF;NA_CQQSYNTPRTF;CARGGGAVAGTIDFHYW_CCSYAGTDLWLF;CAKDRGYYDSSGYYYSDYGMDVW_CQSADSSGTYVF;CAKDGFGGASDHW_CQHYDRSPWTF;CARAIQMGCSDGSCLW_CQQYDNLPSYTF;CARKGRWLPDGDDAFDIW_CQQYYSYPLTF;CARAGLRSWFDPW_CMQSIQLPNTF;CARHSYGAYYYYGMDVW_CQQYGGSPLFTF;CAAGVMTARYDYW_CQQSYSTPLTF;CAHFMTTVTTGYFDPW_CIQVRQTPFTF;CAREGGGDILTTYYYYGMDVW_CQQYGSSTRALTF;CARGFGGGDYRSMDVW_CQQLITYPITF;CARTTYGGNSLNWFDPW_CQVWDSSSDHPVF;CAKRGGLMVRGVAVDYW_CQQYYSYPWTF;CARGYGSGNYYYYGMDVW_CMQALQTPWTF;CARSNYDILTGLDYW_CMQALQTPYTF;CAREDSGSYGYFDYW_CQQYNNWPQTF;CARRVLYYRFDPW_CNSRDSSGNHLF;CARGDYDYVWGSSPDAFDIW_CMQGTHWPLTF;CARDVRGYYYDSSGYSGEGYWW_CQQSYSTPYTF;CTRDRYSSSWYKGLYYYYGMDVW_CQQSYSTPYTF;CARVFFRVVYAMAYW_CQQYNNWPPMYTF;CASSLRYFDWTVNNWFDPW_CQQYGSSPQTF;CTRGYCSSTSCYTGWFDPW_CQAWDSSHVVF;CARDGRWELLGNQHW_CCSYAGSSTYVF;CARVYYDSSGYYYFDYW_CQQSYSTPWAF;CARGRVRWELLGDDAFDIW_CQQYDNLPLTF;CCTYVFVGIVPTIVDYW_CQQYNDWPPAGTF;CARDIQYYYDSSGYDAFDIW_CQQSYSTPWTF;CATSWGIAALYGMDVW_CNSRDSSGNPYVF;CAKDYPVAGDLDAFDIW_CCSYAGSSTWVF;CARANWDNWNDGLDYW_CGTWDSRLSSYVF;CARAGYCSSTSCSKEDVW_CQQSYSTPPRTF;CAREPLGGDYYYYYYGMDVW_CQQYGSSPTF;CARLSLRARFRGAFDIW_CCSYAGSYSVVF;CAHSLPSDIDYYYDSSGYSPSPPLFDYW_CQQYNNWPLTF;CASGYGGKTYYFDYW_CQQYGSSPGTF;CLGRELGHSW_CLQHNSYPWTF;CTAVLRYFDWLLMEAHENYYYYGMDVW_CQSADSSGGVF;CARDRSRWEFLYYFDYW_CQQYGSSGYTF;CARARYYDSNSYSYAW_CQTWGTGIWVF;CARLDYYDSSGYYDW_CQTWGTGIPVF;CARDYIAVAGPGENWFDPW_CQQSYSTRTF;CARDRGGYGVRWFDPW_CQQYDNLPPTF;CARRGNAIFGVVTHYYYYGMDVW_CMQALQTPLFTF;CSNYDILTGYYWFHYW_CQQYNNWPFTF;CASSFLDTSIVEYYFDYW_CATWDDSLSGLF;CARIVVVVTSRWFDPW_CQVWDSSSDHYVF;CARSLEWLDDYW_CQSYDSSLSGSVF;CARDAYGGYSFYYYGMDVW_CQQYGSSPFTF;CAGGSGSYYHLDPW_CQQANSFPYTF;CARPRLDYGDYGAGLGYW_CQKYNSAPFTF;CARDRGLRKKYFQHW_CQQYGSSPSTF;CARSLGPEFYYFDYW_CQQSYSTPWTF;CVSQLYYLDGRGYYYDYYYDYW_CLQHHDYPWTF;CTTVSPYGDYVGVYFDYW_CQQYYSYPPTF;CAKDFMEYYYYGMDVW_CSAWDSSLSAVVF;CARSPGSGSYTW_CQQYGSSPLTF;CARLPYAGGPYYYYGMDVW_CMQRIEFPFTF;CARGKPRSLELWSFYYYYGMDVW_CQQSYSTPPTF;CAMGGYDSSGVQLDYW_CAAWDDSLSGYVF;CAHRYCSSTSCYGLGDWFDPW_CQSADSSGTYLVF;CARHSEGLGPVDYW_CGTWDSSLSAWVF;CARAIFGVVSVMGFDYW_CMQALQTLTF;CAKSMKSFDYW_CQQSYSTPLTF;CTTEGGDGYNSFDYW_CQQYDNLPITF;CARDTTYGDYYYGMDVW_CQSADSSGNWVF;CARDGKGYSYGSGNYYGMDVW_CQQSYSTLYTF;CAHRTTTYYFDYW_CQQYNSYPYTF;CTTDLVWFGELANAFDIW_CLQHNSYLPEWTF;CTRGGTLGARSGYYDYYYGMDVW_CQQYNSYPLTF;CAKDEGRVVAVAGTGEHAFDIW_CQQYNSYSPTWTF;CAKDITIFGVVISHLDYW_CLQDYNYPLTF;CARTYYYDSSGYRNAFDIW_CQSADSSGTYPVVF;CAKCFYYDSSGYYYYYYGMDVW_CCSYAGSSTLVF;CARDLLSISGSPFDPW_CQQRSNWPPGGGGLTF;CARGGINGGAYFDYW_CQQYGSSPWTF;CARDRGPAGLDYW_CQQSYSTRYTF;CARRGYYYDSSGYYYDWFDPW_CNSRDSSGNRVVF;CAKGLNTAMVSYYFDYW_CVLYMGSGIWVF;CAKDIREGWSSGYYPVLDYW_CQVWDSSVVF;CAKDSPSGYYYYYYYGMDVW_CQQLNSYPITF;CARDRIAAADHNWFDPW_CAAWDDSLNGWVF;CARDIGGIAAAGSPPSAFDIW_CQQYNSYSTF;CAHSYYYGSGRGGWFDPW_CQSADSSGTYVF;CARDGSSSIFDYW_CNSRDSSGNHVVF;CAKPLRFGYSSSSCFDYW_CSSYAGSNNYVF;CAHTGFESLDYW_CQSYDNSLNGLGVF;CARDEDYYYDSSGSVDYW_CQQSYSTPWTF;CARQIAAAGPENWFDPW_CQSADSSGTYLVF;CARGLPVDVW_CGTWDSSLSAGHVVF;CARLIYYGSGRFGAFDIW_CQQYDNLPWTF;CARNEITIPLDVW_CQQYGSSPLVTF;CAKGGWFGELLFRLDYW_CQQYDNLLTF;CTTDHGDAYNYRW_CQQYGSSPRTF;CARDHRMNIAVAGTNWFDPW_CQKYNSAPLFTF;CARALREEQWLNNAFDIW_CQQYYSYPTF;CAHRPPYYDSSGYLSW_CQQYGSSLWTF;CARHYVDTAMVINQYYFDYW_CQSYDSSLSDVF;CARDNYDILTGHYGMDVW_CAAWDDSLSGLYVF;CAKDSSSSDWFDPW_CQQYYSYPLTF;CARDYVAVAGTLDYW_CQQYYSTPYTF;CTRDLAYSNYEPPNHNWFDPW_CLQHNSYPLTF;CARERYYYYGMDVW_CYSTDSSGNHGVF;CAKEGITGYYYYYGMDVW_CQQSYSTPHTF;CAKVALRYFDWLPPYFDYW_CQQYYSYPQNLTF;CARAHDSTGYQDFDYW_CQQAKSFPYTF;CARVGVYGSGSYLVGGDYW_CQQSYSTPWTF;CARGPYYGSGSGEFDPW_CQQYYSYPLTF;CARGSCYSSACYYYYGMDVW_CGTWDSSLSAVVF;CARDFDAAEGAFDIW_CQVWDSSSDPTFYVF;CARGAHSSGYYIDYW_CQQYYSFPFTF;NA_CHQYNNWSSWTF;CAREQDFGGNPFDCW_CMQVLHIPRAF;CARGTMVRGHYYYYGMDVW_CQQSYSTPLTF;CARGYSYGYLDWFDPW_CQSYDSSLSGVVF;CARAAPYSSSSLDYW_CQQSYSTLTWTF;CARRRITMNDYFDYW_CQSYDSSLSGVVF;CARGPDGGAFDIW_CQRGLTF;CARDLIARTALTYYYYGMDVW_CQSYDSSLSGGVF;CARYGVYGDYPGALFDYW_CAAWDDSLSGLWVF;CAKDRRGCSSTSCYTFDYW_CQQSYSTLSF;CARVSGYNSYYFDYW_CQQSYSTPRTF;CAAPSPRFTSSTGGGMELPLHVW_CCSYARGSSLVF;CAKDARWRPRVASIDALDIW_CQQYNNWPRTF;CARHIERYCSGGSCYEALDYW_CMQALHPITF;CASYLEMATRYYFDYW_CLQHNSFWTF;CARVTRVTQSNDFWTSYYTDCFDAW_CYSTDSSGNHKVF;CARLYSSSWTNYFDYW_CQQYYSYPLTF;CARGTVYSVPGGHYGDYVRDPKYYYYGMDVW_CQSADSSGTWVF;CARGAAGVRGPIGYW_CAAWDDSLSGWVF;CARVAVAGTTNWFDPW_CQQANSFPYTF;CARVLGGPGATTFDYW_CLQDYNYPWTF;CARTPVSTSYDSPGWYSSGWFFDYW_CQTWGTGIHVVF;CARTMVRGVTPADAFDIW_CQQYNSYSSTF;CAKSMGATILHAFDIW_CQQYNSYPLTF;CARANSGSYSFFFLRLDYFDYW_CQQYNNWPLTF;CARAAGTGGYYYGMDVW_CVLYMGSGISVF;CARAGQFGDSYYYYYYGMDVW_CLQDYNYPQTF;CAHFTKRPTDAFDIW_CNSRDSSGNHRVF;CARRLAYNGNWDYGDFDYW_CCSYSKTATF;CAAGFGLSGSYIHYYYYGMDVW_CQQYGSSPPLTF;CATDNWNFGADSGFGYW_CMQGTHWRTF;CARVLGSFSFGYDGFDIW_CQQLNAYPTF;CARDPGIAVAETVYYYYYYGMDVW_CMQALQTPPTF;CARTVGAGYKIGKGYFDYW_CQAWDSSTVVF;CARDQDLAALNYW_CGTWDSSLSAKVF;CTTENVLLWFGEPEYYYYYYGMDVW_CQSADSSGTYAVVF;CARSLFEGTVMAFRAEHMDVW_CQQYKTFFAVSF;NA_CQAWDSSTVVF;CARPPSHDSPMYHYW_CQSADSSGLWVF;CARDTMWWSYGMDVW_CCSYAGSGEVF;CARLRRYSSGYYYIAGDFDYW_CQSYDSSLSGVVF;CARDKGGTTVTTSNWFDPW_CQQYDNLPLTF;CARDGGGYYQKKGYFQHW_CGTWDSSLSAVVF;CARERPRGAAETW_CQAWDSSTWVF;CARDDIVVVPAAIDYW_CQSYDSSLSGPYVF;NA_CQQRSNWPPYTF;CARKFDCW_CQQYGTSLPVTF;CARGVLRFLEWLSNMDYYYYGMDVW_CMQALQTPRALTF;CAKDGSYYDSSGYSDYW_CQQYNNWPPWTF;CAKDKSYSVEYW_CMLFMGSGIWVF;CAKADVRSNWNDMHFDYW_CQAWDSSTVVF;CARATPRGYGGNSLNWFDPW_CQQYNSYPFTF;CAEGYQLPGLYYW_CNSRDSSGNHLF;CARHAGSGSYYFWFDPW_CQQYGSSPYTF;CAKDLQIGYCSSTSCRNAFDIW_CQQYGSSPPRVTF;CARGRGSYFDYW_CQQYGSSLWTF;CARTCSSTSCYTYGMDVW_CQQYNNWQYTF;CAHRGYSYGPLFDYW_CLLYYGGAQLVF;CARLPTLRYGSGSYYNGALDYYYGMDVW_CMQALQTPLTF;CARSIAAASPFDPW_CQQYDNLPPTF;CARGPPYGHLGYW_CQQYNNWPPITF;CAKDILGGGYFDYW_CQTWGTGMGVF;CAKDASYGYLFEYWYFDLW_CQQYNNWPPWTF;CARFGAKNYYDSW_CQQYNNWPGTF;CAREKWLRPQLDYW_CQQYGSSPKTF;CVKGPYYDGSGNSFGRKAFDIW_CQQYGSSPYTF;CARGASKGNQPALHYGMDVW_CQQSYSTPPAF;NA_CCSYAGSSTVVF;CATTLASPTHDYGDYEGGYMDVW_CQQYGSSPLTF;CALGIDAFDIW_CQQYNNWPKTF;NA_CQSYDDSLSGTVF;CARGFYYGSGSPLSGMDVW_CQQSYSTPRTF;CAKDPAASGSPWYFDYW_CQQYYSFPRTF;CAREVSRQSGSRPIKWFDPW_CQQSYSPPPLTF;CTPSLETYGDYALGYYW_CQSADSSGTYPYVF;CAKDFGGPLQFDYW_CQQYGSSPRTF;CAKDMLFSNNYW_CQTWGTGINWVF;CARDENHLYYGDLAYW_CQQSYSIPRAF;CARGSRLLLWFGELKVGPGFDPW_CQQYNSYWTF;CAMKGGRDGYNTRVYYYYGMDVW_CCSYAGSSTPYVF;CAKDIGPTNCSSTSCHAYYYYGMDVW_CQQYNSYSTF;CWRDRREAPIEMEVASTRG_CMQSTHWPYTF;CTRHTHCSGGSCYDAFDIW_CQQSYSTPRYTF;CAREPPHGSGTDYNWFDPW_CQSYDSSLSAYVF;CVKDLYDTGSYYYFDYW_CSSYTRSSTLVF;CSRHEGVGGNSDYW_CVLYMGSGISMF;CARNHDYGDYMFGGMDVW_CQSADSSGTYVF;CTTSGGDW_CMQSIQLPRTF;CARDRTSFGYSYGNIDYW_CQTWGTGILVF;CAKDELASYGGVGYYW_CQSADSSGTYFWVF;CAREPKHSGYCSSTSCYIGNWFDPW_CQSYDSSLSGNVVF;CARASWDSSSWGLGFDPW_CQAWDSSTGVF;CARTRVRGVISPFDYW_CQQANSFPPTF;CTREYYDFWSGDYW_CQQYDNLPLTF;CARDGGRGSGWSTPDYW_CNSRDSSGNHVVF;CARHYDFWSGDNPYWYYYYGMDVW_CQQYGSSPPWTF;CTTTTADIVVVPAAIQTVDYW_CQQYDNLPLTF;CAIMVRGVIGSYYYYGMDVW_CQQSYSTTWTF;CAKDNGYGGNSLQHW_CCSYAGSSTLVF;NA_CQQSYNTLWSF;CARARYRRDGYHNLYAFDIW_NA;CARGFSETGPGYKRFYYYFDLW_CQQYGSSPQTF;CARVKGDYYYYYGMDVW_CMQALQTPHTF;CARDPPLYSSGWFTGDYW_CQQYNSYPRTF;CAKDGGEHRGNDYW_CQVWDSSSDHYVF;CARGYDFWSGYLPHYGMDVW_CQVWDSSSDHPGVF;CARETKQYIDYRSPTVGRPYDYYYGMDVW_CLLFYGGAQLGVF;CAKGVWESTTEDAFDIW_CQQYNSYSPFTF;CAKDQGYCSSTSCYPYYYGMDVW_CQAWDSSTVVF;CARLGGYDSTFDYW_CSSYTSSSTYVF;CARGGDYYYGMDVW_CQQYNNWPLTF;CARVAAAGTYFDYW_CQQYGSSPETF;CARINQHGSGTYSPDYYYYGIDVW_CMQALQTPMYTF;CARKSIAAAGLPYYYYYGMDVW_CMQALQTRFTF;CAQGGYSYGYYDYW_CAAWDDSLNGVVF;CARQRGGTAVPVYYFDYW_CQQYGSSPLYTF;CARALYYDSSGYQPNRYYFDYW_CQSYDSSLSGYVVF;CTRALNSNHFDYW_CQQANSFPLTF;CARVTDPDAFDIW_CNSRDSSGNHYVF;CARSAWHPAATGGMDVW_CLQDYNYPYTF;CARVSLVVPQQFDYW_CQAWDSSTVVF;CAKVPGYSTGWYYFDYW_CQQCDSSPEWTF;CAKDSTCSSTSCYRGYYYYGMDVW_CQQYYSYPITF;CARDSKQQLADNWFDPW_CQAWDSSTLVVF;CARGRNGGNRFDWFDPW_CQSYDSSLSGSGVF;CARGKNWFDPW_CQQYGSSPLTF;CASGYSSGRPDYW_CQQYDNLPITF;CARLSDGDYTFDYW_CQQYNSYWTF;CARGGTAGYSYGYAYW_CQAWDSSTAVVF;CAKDIVVVPAAPITLYYYYGMDVW_CMQALQTSFTF;CARWRLYYDSRGYYYGMFDYW_CQQSYDTPLTF;CARSRRIVGATSFDWFDPW_CQQYNSYSRTF;CASEDSGYGGGFDYW_CQSYDSSLSEGVF;CAHGRDYDSSSLPFDYW_CQQYNSYPYTF;CARAGAYYYGSAIDYW_CQQYGSSPGLTF;CAKGSSHSGGWFDPW_CQQYNSYWTF;CARDLLRAYSSSSTSSIDYW_CQQYYSYPRTF;CAKDVSGYLDAFDIW_CGTWDSSLSAGWVF;CAREGSRYFDYW_CQVWDSSSDHYVF;CASHDSSGYYLLDYW_CQVWDSSSDHVVF;CARYCSSTSCYTTYYYYYYGMDVW_CQQYYSYPLTF;CARLWVFLTMVRGPDFDLW_CHQSSSLPLTF	9	1	CARTSRGLIAAAAAVDYW_NA	0	NA
4	534	CARENYDFWSGYYHGADVW_CMIWHSSAWVF;CARRYYDSSGYSANFDYW_CQTWGTGIYVF;CAKAGDSSGYQKTYYFDYW_CQSADSSGTYGVF;CTTEALDYGANSRSPNFDYW_CQAWDSSNVVF;CAKDTEVGASRYYYYYGMDVW_CQQYGSSPPFTF;CASISMVRGEGGGYW_CQVWDSSSDHPVVF;CARADVVVVAALDYW_CQQYYSTPITF;CAKDFSGGEVVVVAATDYW_CQQYYSYPRTF;CARTGVTTVTTFPYW_CQQSYSTPGTF;CARDRWVVAAYYYGMDVW_CAIWYSSTWVF;CARDPMVRGVNYGMDVW_CMQALQTPRTF;CVGVGYNYRRDGAFDIW_CQQYGSSPQITF;CARETGYSSGWYEATGMDVW_CNSRDSSGNHLVF;CARSKGCSGGSCYHNWFDPW_CQQSYSTPYTF;CARDRYYYGSGRHRGSYYYYGMDVW_CAAWDDSLNGWVF;CAKPEAGQWLHVHHNHYGLDVW_CQSFDNSLSGSVF;CAAIAVYVYW_CQQYNSYPLTF;CAKANLAGVVAAIGIDYW_CAAWDDSLSGVVF;CARGIQLWWWFDPW_CQQSYSTPCTF;CASPQPGSGWSNYYYYGMDVW_CSSYTSSSTSYVF;CARDELDILTGYNIPTFGGCVYW_CQQYYSYPWTF;CVKEITAAKNRRKSLGYFFDFW_CQQYNDWPPLTF;CARDVCRGHYGDCLWGYW_CQQYYSYPITF;CARKGIAVRGGIDYW_CLLYYGGAWVF;CARDVSDGYNYEAWVDYW_CQQSYSTLWTF;CANGPPINYGDYEDAFDIW_CQQYNSYPLTF;NA_CQQSYRTPFTF;CARDRRGEHNFDYW_CQQRSNWPPGTF;CARDSEGEPSAGDAFDIW_CQQSYSTPWTF;CAKVLLDYYYGMDVW_CSSYTSSSTLVVF;CARGGWWELPYYYYYGMDVW_CMQALQTRNTF;CAKDPDYW_CQQRSNWPTF;CARVLDVW_CQQYNSYWTF;CAREKWELPPPPYYFDYW_CCSYAGSYTVVF;CAHRRYYYVAFDYW_CQQYYSTPLTF;CAHHGSARYSSSWHAAPGPYYFDYW_CQVWDSRAYVF;CARDFTEDGYNFDWRMLPDYW_CQQRSNWPPITF;CARGQIGGWSPYYYYGLDVW_CQQGYTNPFTF;CARGRNLGVVTKFNWFDPW_CAAWDDSLNGLVF;CARDGPYSGSYYGDAFDIW_CQQSYSTPRTF;CARDLGATDYW_CCSYAGSSTPYVF;NA_CQSADSSGTSWVF;CAKDGGLDYALYWYFDLW_CQQYNSLYTF;CAHKMGRGGGVDYW_CQQLSTDPITF;CTRDPHYGDHVPHNWFDPW_CQQSYRSPYTF;CARYDYDITVDHW_CMQGLQPFTF;CARAVDTAMVTNNWFDPW_CQQSYSTPFTF;CATEDTARDLYRAAFDIW_CQQYNGWTF;CARGYATALSRTDYW_CSSYTSSSTLVVF;CARGWSIVVVVAATFPNWFDPW_CQQRSNWPPTF;CARVAAVRSGRVNYYYYYGMDVW_CQSADSSGTYKVVF;CASIAVAGYFNYW_CQQYYSTPFTF;CAKVFSSSWGDYW_CQQSYSTPITF;CASFVDTAMAIPLDYWYFDLW_CQQYNNWPPWTF;CARGTVTTGRGYFDLW_CQQYGSSPQVTF;CAKDRASYYNFPIDPW_CQQYYSTPFTF;CAQTKLGIFGGMDVW_CQQSYSTPYTF;CARGPGYFDYW_CQQYDNLPRTF;CASHGVVVAATRGTPGSDYW_CQQSYSTLRTF;CASTVPSSLRAGAFDIW_CQQYYSTPRTF;CARDTMGPLYYGMDVW_CQVWDSSTVVF;CAKDLGELTDYW_CSSYTSSSTLVVVF;CAKSGPPLEWFFLGYYYGMDVW_CNSRDSSGNHVVF;CAKDATGYFDWLPYYYYYYGMDVW_CLLYYGGAQLWVF;CTTDSPHMITFGGVIVFDYW_CAAWDDSLNGGVF;CARDLRPVAGTADYLDYW_CQQYHYWPRTF;CARGVTIFGVVIMGGMDVW_CQQSYSTPYTF;CAKDLLSIYGSPSDYW_CQPYYGAPPYTF;CASAWYYYDSSGYYPFDYW_CQQYGSSPWTF;CVKDRSSRQLKAVGTYFDCW_CTSYTSSSTSYVF;CAREDLLWFGERWAKNSFDPW_CMQALQTPITF;CTRVVTMIVVAQGGFDYW_CAAWDDSLSAVVF;CARDKVVGARNWFDPW_CQQSYSTPSF;CARAVLRFLEWFSNWFDPW_CSSYTSSSTHVF;CARDRVVGATLYYYYYGMDVW_CQAWDSSSVVF;CARHEVPEMATIRGWFDPW_CQQYGSSLFTF;CARDRGSGTEPDFDYW_CMQATQFPLTF;CARVFGSVGATRSTDYW_CQQYITDPFTF;CARDELDILTGYNIPTFGGCVYW_CQQYYSYPWTF;CAHSDYYEGRGMDVW_CQQYYSTPYTF;NA_CQQYDELPVTF;CATTYYYDSSGYYQNDAFDIW_CQQYYSYPRTF;CAREIEGDGVFEIW_CMIWHSSAWVV;CARHIRGNRFGNDAFDIW_CQQYYSFPYTF;CARRLITMIEGGAFDIW_CQVWDSSSDHVVF;CAKVMIEHPSNRGHFDYW_CMQALQTPYTF;CTTDDEKRPYSGSYLPFDYW_CQSYDSSNVVF;CARGGRVSVAVYWDYYYYGMDVW_CQKYNSAPFTF;CAHSAQYYDILTGYYKAPWGGAFDIW_CQQYNSYSWTF;CARDDFGGATFYSSFDYW_CQQSYSTPYTF;CARAAKIFGVVTAFDIW_CQQYGSSPWTF;CVKDYSTSGWYYFDFW_CQQYGSSLPYTF;CARVVPAAFYGMDVW_CQQYGSSLFTF;CAGGSGYCTNGVCYPRGFDYYYGMDVW_CAAWDDSPPWVF;CAKDDTAMVTADFFDYW_CQTWGTGIWVF;CARTPRWLQCFDYW_CQQYNSYSWTF;CARDQWLAYYFDYW_CQSYDSSNHWVF;CARSGTTYYDILTGYYNYW_CQQYGSSRWTF;CAHRYYSNIDYW_CMQGTHWPWTF;CARDWGYYDSSGYSPRGYYYYYGMDVW_CQQLNSYSFTF;CAKDRVGYGDYVDYW_CQQYNNWPPWTF;CARLGSSPYYW_CQSYDSSLSGYVF;CTRYYGDVW_CQQYYSFPWTF;CAKDHYYDSSGYYSGLGYW_CQSADSSGTYRVVF;CATGLVVPAAILYGMDVW_CQQYGSSRGLTF;CAKDDGDAAAGLIYW_CAAWDDSLSGVVF;CAKDGGGEEALELPDYW_CGTWDSSLSAVVF;CATLRYPSLGVDYW_CHQYNNWPFTF;CARKDSSGSDAFDLW_CQQSYSTPYTF;CARDVVQLWYQIDYW_CQQSYSTPPNTF;CAKYVDTAMNQFDPW_CQQANSFPITF;CARGLHYYDSSGRSLYYFDYW_CQQYGSSPPGQTF;CANQPPSLYW_CQQYNNWPGTF;CARVGYDYVWGSYRYTGVMDVW_CSSYAGSSYVF;CARGRPYYYDSSGYPYDAFDIW_CMQALQTPLTF;CAKERVVTAIPVVIFDYW_CQQSYSTPRLTF;CARPYGDYAYFDYW_CQSYDSSLSGYVF;CARDWWERQDSKRPDYFDSW_CQQTNSFPITF;CARHSNDGSDYFDYW_CQESYGALLTYTF;CASTEIEMLVPRYCSSTSCYFVWFDPW_CGTWDSSLSAGHGVF;CASASSTGTDAFDIW_CQAWDSSTHVVF;CARDGSWYAAWFDPW_CQSYDSSLSGSVVF;CARDPSLGDPGWGYFDYW_CQQYNSYSTWTF;CVREMTGSFTGGLDPW_CMQGTHWPPTF;CAREVNTAMAYYYYYYGMDVW_CQQYGSSQWTF;CARERRGGGHYYDSSGYYLSDYW_CQQSYSTP;CARGGGYSSGWATREVVYW_CQSYDSSLGAVF;CAKVPTVTTFLGYYYGMDVW_CQQSYSTPWYTF;CARDLRPAANFDYW_CQVWDSSSDYVF;CARLSYSSSWYYFDYW_CQQSYSTLYTF;CARVPKVRYCSSTSCYKDYYYGMDVW_CQVWDSSSDSWVF;CATWHYYDSSGEDGMDVW_CQQYNNWPRTF;CARGRSSWHLDYW_CMQALQTPFTF;CARDPWELHGFDYW_CQQYGSSSFTF;CAREAYYYGMDVW_CNSRDSSGNHNYVF;CARDRSVVTMVRGVIPFYW_CCSYAGSYTVVF;CARHEKMNYYDILTGYSPPYYYYYGMDVW_CQSYDSSLSAYVVF;CAHYQGIAVTGTWFDPW_CQSYDSSNVVF;CARESSSWFPYW_CQQSYSTPFTF;CARERDYSPGRYYGMDVW_CGTWDSSLSAGVF;CARHPTPAAMVGYYYYGMDVW_CQQANSFPLTF;CARDGPMTAIGGYGMDVW_CQSYGSLGGSVF;CAKGRTTEGTDAFDMW_CQQVHSYPITF;CAKDRSSLLWFGELLYMPEEYGMDVW_CQQYNNWPLTF;CTNYGMDVW_CSSYAGSNNWVF;CARVDSFAPNSGYGAQLLNWFDPW_CQQYNNWPLTF;CAREDYDTASFGYW_CQQYDNLPYTF;CAKDFGRGSYHRAEYFQHW_CQQYNNWPPWTF;CARGGSLPLITMIVGFFW_CQQYGSSPEYTF;CTREAEMATISIDYW_CQVWDSSSDHVVF;CARDAPIWDTAIVYW_CQQYGSSLPWTF;CARLLVSAYNWFDPW_CQQSYSIPAF;CARIPMTTVTSYGMDVW_CQQYGSSSITF;CARDDEWEPYDYW_CCSYAGSSTYVF;CTTVLRYFDWLLSDYGMDVW_CLLSYSGARGVF;CAIGTGIVGTTFPREYW_CMQALQTSWTF;CAKDMELGWLIDYW_CMQALQTPLTF;CARERNIVVVPAAETFDYW_CQQYNNWPPLTF;CARIGFGEYDYGMDVW_CQSYDSSLSVVF;CARGNDYYGSGEFDYW_CSSYTSSSTLVF;CARGVGATDFDYW_CQSYDSSLSGVVF;CARDPSNWGSFGYW_CQAWDSSTYVF;CARVDGYNYSFDYW_CQQYNNWWTF;CAKEPYGGNSFVYYFDYW_CQQYGSSPGLTF;CAKAEWGGTENYIPYYFDFW_CQSYDNNNLIF;CARSHCSSTSCYPNYYYGMDVW_CQQSYSTPRTF;CARDFGERYCSGGSCYSFDPYYYYGMDVW_CLQHNSYPWTF;CAKEYPGPGQLDDAFDIW_CQSYDSSLSGKVF;CARVDTAMVTGLAISPPWDYGMDVW_CQQYNSYPWTF;CAKDIGDGSGSNSQKRDYYYGMDVW_CQQSYSTPRTF;CATDPYNSGWFASLKNQVLYYW_CQQSYSTPQTF;CAREHTGGWLQRYIDYW_CQSADSSGTYPRVVF;CARGYCDSTSCYAVGYFDLW_CQTWGTGIVVF;CARDPDPNWSKDWFDPW_CQQYNNWPPLTF;CAKGRYSFGLDNFDYW_CQQDGNSPTF;CASRAVQSSGWRQDYYYGMDVW_CQSYDSSLSGVF;CAREASEGPW_CQSYDSSNSWVF;CARLGGYSSRGNWFDPW_CQQSYSTPPYTF;CARDPHHTFGGVLVW_CQKYNSARTF;CAGYYYDSSGYLSSFDIW_CQSYDSSLSVVF;CARLPYRYSGSSNDAFDIW_CAAWDDSLSGPVF;CARAGYGDYVGDFDYW_CQSADSSGTYVVF;CARDYYGSRSDSGMDVW_CQQSYTTPYTL;CAKDGREAAAGTDYYYGMDVW_CQAWDSSTVVF;CARDSPGWGSSGFYYGMDVW_CQQYGSSPRYTF;CARVSGDTMIVVVHRDGMDVW_CQQYNSYSVTF;CAKNLATTGSHW_CLQDYNYPRTF;CAKDGGRGVVIIFYFDYW_CQQYGSSPITF;CARGIAVVTLWGPFDIW_CQQYNNWPRTF;CARDRWVPAAVPHYYYYGMDVW_CQQANSFPLTF;CAREGAAGPPPGHYYYYGMDVW_CMQALQTPFTF;CAKQGHFTDTKRIDYW_CQQYDSYPITF;CAVIPVTGQEASLSAEYFQHW_CQQSYSTPFTF;CARDSPSSGSYGLFDYW_CQTWGTGIRRVF;CASPGGGLLWFGELFRSYFDYW_CVLYMGSGFWVF;CAHRPVSDDILTGYRYNWFDPW_CQSYDSSLSGSVVF;CARGFIGYNFDSW_CQQSYRTPITF;CAREEGYCSGGSCEYNYYYGMDVW_CQQYGSSLITF;CARGRRVFLALSYW_CQQYGSSPHTF;CARGAGRIGQVDVW_CQQYNNWHTF;CARGYYDSSGQSLDYYYYGMDVW_CQQYYSYPFTF;CARTGKNGSGSYWFDPW_CQQYRTF;CARDGDTAMVINYFDYW_CQSADSSGTYWVF;CARTDIVATPDGGFDYW_CQTWGTGIHVVF;CAREGFYYYGSGSVSGGNWFDPW_CQVWDSSTVVF;CAKVPLGWGAAGGAYFDYW_CQQYGSSPATF;CARVGCSGDTCYSYDWFDPW_CGTWDSSLTAVVF;CARGGILTGKLSDYW_CQQYDNLPTF;CAHGLTGYYTYYFDYW_CQQYYSFPPTF;CARQVGANPFADYW_CAAWDDSLSGPVF;CARGKGEGRYYYDSSGYYYFDYW_CQQRSNWPPLTF;CSVYDAERGYFDYW_CCSYAGGDTSYYVF;CARNKQHIVGATLHTHYSNWFDPW_NA;CARLYGDYGDYW_CNSRDSSGNLFVVF;CARPYSSSWSPMDVW_CQSYDSSLSGHVVF;CARDKGYSSSWYIRSSWFDPW_CLLSYSGARLVF;CARAVCGDDCYLLDSW_CAAWDRSLGAVVF;CARTTTVVTGDAFDIW_CQSADSSGTYPVF;CAKGRGDYYYYGMDVW_CQQYDNLPITF;CTTGGALNYW_CQAWDSSTACVF;CARDLTTRDYSDAFDIW_CQQYGSSPRTF;CARAGLEINTPDSSGYYYGGGYFDYW_CQQYDNLPPRRFTF;CAKDHGYDFWSGYSDAFDIW_CQQSYSTPLYTF;CARESGYTNYYYYGMDVW_CQQYNSYPLTF;CARKYQLPYYYGMDVW_CQQSYNTPDTF;CARDSTYYYDSSGYPVSDAFDIW_CQQSYSTRRYTF;CAREVYSSSTNWFDPW_CQVWDSSTDVVF;CARANAEYSSSLLFDYW_CQSYDNSLSAYVF;CAHSPYDYVWGSYRQSWFDPW_CQAWDSSTVF;CTTIYYDILTGDYW_CMQALQTPITF;CARLDYDFWSGTPERMDVW_CQQYGSSPPWTF;CARVRKNWNYDLDDWYFDLW_CQVWDSSSDHYVF;CATRRVRGEGLAYW_CQQYNSYSRTF;CARNYDSSGYYVPPYFDYW_CQQYNNWPPYTF;CARDPANYFDYW_CQQSYSTLWTF;CAREESSSWYRYW_CQQYGSSPLTF;CARIVQGGSYLSGGIDYW_CMQSIQLLFTF;CARDRLIIRFLERPNWFDPW_CCSYAGSSTPVF;CAREYSNNWYFFDYW_CQQYAGSPLTF;CARVSGVGTSFAGFDPW_CQSADISATVF;CAREPTPRYSGSYRGFNYFDYW_CQQYYSFPLTF;CARAADYCTSASCPNEYFQHW_CQSYDSSLSVF;CARGRMTVHNDDSGFPEYLYYYGLDVW_CMQVMDNPRTL;CATSRVAVAGVDYW_CQSYDSSLSGVVF;CARDLGIAVAGRVEGYFDYW_CCSYAGSYTLVF;CARDVSNVLVIAVSPSWFDPW_CQQTYSIPYTF;CARDAPDRGSSWYSALFDYW_CQQYNNWPPTF;CARRDGGYCSSTSCSFDYW_CQQYNSYSPTF;CARAEIFGVVIQAFDYW_CQSYDSSLSGSVF;CVKKVIGFDDW_CQQSDTFGYTF;CAKGMDGSGSYYNKDGMDVW_CQAWDSSTGVF;CARVNGLLGEYYYGMDVW_CMQALQTPPNTF;CAKDWAVGWEFVDSW_CQQSHTVPLTF;CARDEGAAAYFDYW_CCSYAGSSTCWVF;CARAAGYCSSTSCYEIYYYYGMDVW_CQSYDSSLSVPF;CTRSYVLRFLEWFSPFDYW_CQQYGSSLWTF;CASSGSYQGNWFDPW_CQQSYSTPYTF;CARSPPRYDLSLVDAFDIW_CQQYNSYSTTF;CARETIAAAGSNFDYW_CQQSYSTPRTF;CARVSGYSYYFDYW_CQQLNSYLLTF;CATYIAAPRDYYYGMDVW_CMQALQTPYTF;CATGKTYSAPHAYYYFDYW_CQQANSFPRTF;CAKEVHSSGFDYW_CQSADSSGTYPWVF;CTTDHIVVVTAMIFGYYFDYW_CQQLNSPLTF;CAREGPTVTKFDYW_CQSYDSSLSGSVF;CEVKAAAGNFYW_CSSYAGSVVF;CAKDIEGGSGYYLTPGGFQHW_CCSYAGSSTFVVF;CARDAMAIGDYYYYGMDVW_CQQLNSYPSLTF;CARREGAGYDILTGSYYYYYGMDVW_CLLYYGGAQLGVF;CTTRLWRISQYYYDSSGYGHFDYW_CQSADSSGTYVF;CARTTLLAAAIDYW_CQQYYSFPYTF;CARAKAARPTPTYYYYYYGMDVW_CQAWDSSTGDVF;CARSGYDSSWVGYDFDYW_CQAWDSSTPVF;CAREGLEIDAFDIW_CQQSYSTPWTF;CAHTSAYYDSSGYYPPFDYW_CQQSYSTPLTF;CARATQDSSGWYGFWYFDYW_CQQYNNWPPTF;CARMLVVVAATGYYYYGMDVW_CQQYGSSQTF;CAREAYDSSAYSTIDYW_CQTWGTGIHVF;CARSAGSSGSFEYFQHW_CQQYGSSPLYTF;CARRLFLYSSSGYYFDSW_CQQASSFPPLSF;NA_CQQSYNTPRTF;CARGGGAVAGTIDFHYW_CCSYAGTDLWLF;CAKDRGYYDSSGYYYSDYGMDVW_CQSADSSGTYVF;CAKDGFGGASDHW_CQHYDRSPWTF;CARAIQMGCSDGSCLW_CQQYDNLPSYTF;CARKGRWLPDGDDAFDIW_CQQYYSYPLTF;CARAGLRSWFDPW_CMQSIQLPNTF;CARHSYGAYYYYGMDVW_CQQYGGSPLFTF;CAAGVMTARYDYW_CQQSYSTPLTF;CAHFMTTVTTGYFDPW_CIQVRQTPFTF;CAREGGGDILTTYYYYGMDVW_CQQYGSSTRALTF;CARGFGGGDYRSMDVW_CQQLITYPITF;CARTTYGGNSLNWFDPW_CQVWDSSSDHPVF;CAKRGGLMVRGVAVDYW_CQQYYSYPWTF;CARGYGSGNYYYYGMDVW_CMQALQTPWTF;CARSNYDILTGLDYW_CMQALQTPYTF;CAREDSGSYGYFDYW_CQQYNNWPQTF;CARRVLYYRFDPW_CNSRDSSGNHLF;CARGDYDYVWGSSPDAFDIW_CMQGTHWPLTF;CARDVRGYYYDSSGYSGEGYWW_CQQSYSTPYTF;CTRDRYSSSWYKGLYYYYGMDVW_CQQSYSTPYTF;CARVFFRVVYAMAYW_CQQYNNWPPMYTF;CASSLRYFDWTVNNWFDPW_CQQYGSSPQTF;CTRGYCSSTSCYTGWFDPW_CQAWDSSHVVF;CARDGRWELLGNQHW_CCSYAGSSTYVF;CARVYYDSSGYYYFDYW_CQQSYSTPWAF;CARGRVRWELLGDDAFDIW_CQQYDNLPLTF;CCTYVFVGIVPTIVDYW_CQQYNDWPPAGTF;CARDIQYYYDSSGYDAFDIW_CQQSYSTPWTF;CATSWGIAALYGMDVW_CNSRDSSGNPYVF;CAKDYPVAGDLDAFDIW_CCSYAGSSTWVF;CARANWDNWNDGLDYW_CGTWDSRLSSYVF;CARAGYCSSTSCSKEDVW_CQQSYSTPPRTF;CAREPLGGDYYYYYYGMDVW_CQQYGSSPTF;CARLSLRARFRGAFDIW_CCSYAGSYSVVF;CAHSLPSDIDYYYDSSGYSPSPPLFDYW_CQQYNNWPLTF;CASGYGGKTYYFDYW_CQQYGSSPGTF;CLGRELGHSW_CLQHNSYPWTF;CTAVLRYFDWLLMEAHENYYYYGMDVW_CQSADSSGGVF;CARDRSRWEFLYYFDYW_CQQYGSSGYTF;CARARYYDSNSYSYAW_CQTWGTGIWVF;CARLDYYDSSGYYDW_CQTWGTGIPVF;CARDYIAVAGPGENWFDPW_CQQSYSTRTF;CARDRGGYGVRWFDPW_CQQYDNLPPTF;CARRGNAIFGVVTHYYYYGMDVW_CMQALQTPLFTF;CSNYDILTGYYWFHYW_CQQYNNWPFTF;CASSFLDTSIVEYYFDYW_CATWDDSLSGLF;CARIVVVVTSRWFDPW_CQVWDSSSDHYVF;CARSLEWLDDYW_CQSYDSSLSGSVF;CARDAYGGYSFYYYGMDVW_CQQYGSSPFTF;CAGGSGSYYHLDPW_CQQANSFPYTF;CARPRLDYGDYGAGLGYW_CQKYNSAPFTF;CARDRGLRKKYFQHW_CQQYGSSPSTF;CARSLGPEFYYFDYW_CQQSYSTPWTF;CVSQLYYLDGRGYYYDYYYDYW_CLQHHDYPWTF;CTTVSPYGDYVGVYFDYW_CQQYYSYPPTF;CAKDFMEYYYYGMDVW_CSAWDSSLSAVVF;CARSPGSGSYTW_CQQYGSSPLTF;CARLPYAGGPYYYYGMDVW_CMQRIEFPFTF;CARGKPRSLELWSFYYYYGMDVW_CQQSYSTPPTF;CAMGGYDSSGVQLDYW_CAAWDDSLSGYVF;CAHRYCSSTSCYGLGDWFDPW_CQSADSSGTYLVF;CARHSEGLGPVDYW_CGTWDSSLSAWVF;CARAIFGVVSVMGFDYW_CMQALQTLTF;CAKSMKSFDYW_CQQSYSTPLTF;CTTEGGDGYNSFDYW_CQQYDNLPITF;CARDTTYGDYYYGMDVW_CQSADSSGNWVF;CARDGKGYSYGSGNYYGMDVW_CQQSYSTLYTF;CAHRTTTYYFDYW_CQQYNSYPYTF;CTTDLVWFGELANAFDIW_CLQHNSYLPEWTF;CTRGGTLGARSGYYDYYYGMDVW_CQQYNSYPLTF;CAKDEGRVVAVAGTGEHAFDIW_CQQYNSYSPTWTF;CAKDITIFGVVISHLDYW_CLQDYNYPLTF;CARTYYYDSSGYRNAFDIW_CQSADSSGTYPVVF;CAKCFYYDSSGYYYYYYGMDVW_CCSYAGSSTLVF;CARDLLSISGSPFDPW_CQQRSNWPPGGGGLTF;CARGGINGGAYFDYW_CQQYGSSPWTF;CARDRGPAGLDYW_CQQSYSTRYTF;CARRGYYYDSSGYYYDWFDPW_CNSRDSSGNRVVF;CAKGLNTAMVSYYFDYW_CVLYMGSGIWVF;CAKDIREGWSSGYYPVLDYW_CQVWDSSVVF;CAKDSPSGYYYYYYYGMDVW_CQQLNSYPITF;CARDRIAAADHNWFDPW_CAAWDDSLNGWVF;CARDIGGIAAAGSPPSAFDIW_CQQYNSYSTF;CAHSYYYGSGRGGWFDPW_CQSADSSGTYVF;CARDGSSSIFDYW_CNSRDSSGNHVVF;CAKPLRFGYSSSSCFDYW_CSSYAGSNNYVF;CAHTGFESLDYW_CQSYDNSLNGLGVF;CARDEDYYYDSSGSVDYW_CQQSYSTPWTF;CARQIAAAGPENWFDPW_CQSADSSGTYLVF;CARGLPVDVW_CGTWDSSLSAGHVVF;CARLIYYGSGRFGAFDIW_CQQYDNLPWTF;CARNEITIPLDVW_CQQYGSSPLVTF;CAKGGWFGELLFRLDYW_CQQYDNLLTF;CTTDHGDAYNYRW_CQQYGSSPRTF;CARDHRMNIAVAGTNWFDPW_CQKYNSAPLFTF;CARALREEQWLNNAFDIW_CQQYYSYPTF;CAHRPPYYDSSGYLSW_CQQYGSSLWTF;CARHYVDTAMVINQYYFDYW_CQSYDSSLSDVF;CARDNYDILTGHYGMDVW_CAAWDDSLSGLYVF;CAKDSSSSDWFDPW_CQQYYSYPLTF;CARDYVAVAGTLDYW_CQQYYSTPYTF;CTRDLAYSNYEPPNHNWFDPW_CLQHNSYPLTF;CARERYYYYGMDVW_CYSTDSSGNHGVF;CAKEGITGYYYYYGMDVW_CQQSYSTPHTF;CAKVALRYFDWLPPYFDYW_CQQYYSYPQNLTF;CARAHDSTGYQDFDYW_CQQAKSFPYTF;CARVGVYGSGSYLVGGDYW_CQQSYSTPWTF;CARGPYYGSGSGEFDPW_CQQYYSYPLTF;CARGSCYSSACYYYYGMDVW_CGTWDSSLSAVVF;CARDFDAAEGAFDIW_CQVWDSSSDPTFYVF;CARGAHSSGYYIDYW_CQQYYSFPFTF;NA_CHQYNNWSSWTF;CAREQDFGGNPFDCW_CMQVLHIPRAF;CARGTMVRGHYYYYGMDVW_CQQSYSTPLTF;CARGYSYGYLDWFDPW_CQSYDSSLSGVVF;CARAAPYSSSSLDYW_CQQSYSTLTWTF;CARRRITMNDYFDYW_CQSYDSSLSGVVF;CARGPDGGAFDIW_CQRGLTF;CARDLIARTALTYYYYGMDVW_CQSYDSSLSGGVF;CARYGVYGDYPGALFDYW_CAAWDDSLSGLWVF;CAKDRRGCSSTSCYTFDYW_CQQSYSTLSF;CARVSGYNSYYFDYW_CQQSYSTPRTF;CAAPSPRFTSSTGGGMELPLHVW_CCSYARGSSLVF;CAKDARWRPRVASIDALDIW_CQQYNNWPRTF;CARHIERYCSGGSCYEALDYW_CMQALHPITF;CASYLEMATRYYFDYW_CLQHNSFWTF;CARVTRVTQSNDFWTSYYTDCFDAW_CYSTDSSGNHKVF;CARLYSSSWTNYFDYW_CQQYYSYPLTF;CARGTVYSVPGGHYGDYVRDPKYYYYGMDVW_CQSADSSGTWVF;CARGAAGVRGPIGYW_CAAWDDSLSGWVF;CARVAVAGTTNWFDPW_CQQANSFPYTF;CARVLGGPGATTFDYW_CLQDYNYPWTF;CARTPVSTSYDSPGWYSSGWFFDYW_CQTWGTGIHVVF;CARTMVRGVTPADAFDIW_CQQYNSYSSTF;CAKSMGATILHAFDIW_CQQYNSYPLTF;CARANSGSYSFFFLRLDYFDYW_CQQYNNWPLTF;CARAAGTGGYYYGMDVW_CVLYMGSGISVF;CARAGQFGDSYYYYYYGMDVW_CLQDYNYPQTF;CAHFTKRPTDAFDIW_CNSRDSSGNHRVF;CARRLAYNGNWDYGDFDYW_CCSYSKTATF;CAAGFGLSGSYIHYYYYGMDVW_CQQYGSSPPLTF;CATDNWNFGADSGFGYW_CMQGTHWRTF;CARVLGSFSFGYDGFDIW_CQQLNAYPTF;CARDPGIAVAETVYYYYYYGMDVW_CMQALQTPPTF;CARTVGAGYKIGKGYFDYW_CQAWDSSTVVF;CARDQDLAALNYW_CGTWDSSLSAKVF;CTTENVLLWFGEPEYYYYYYGMDVW_CQSADSSGTYAVVF;CARSLFEGTVMAFRAEHMDVW_CQQYKTFFAVSF;NA_CQAWDSSTVVF;CARPPSHDSPMYHYW_CQSADSSGLWVF;CARDTMWWSYGMDVW_CCSYAGSGEVF;CARLRRYSSGYYYIAGDFDYW_CQSYDSSLSGVVF;CARDKGGTTVTTSNWFDPW_CQQYDNLPLTF;CARDGGGYYQKKGYFQHW_CGTWDSSLSAVVF;CARERPRGAAETW_CQAWDSSTWVF;CARDDIVVVPAAIDYW_CQSYDSSLSGPYVF;NA_CQQRSNWPPYTF;CARKFDCW_CQQYGTSLPVTF;CARGVLRFLEWLSNMDYYYYGMDVW_CMQALQTPRALTF;CAKDGSYYDSSGYSDYW_CQQYNNWPPWTF;CAKDKSYSVEYW_CMLFMGSGIWVF;CAKADVRSNWNDMHFDYW_CQAWDSSTVVF;CARATPRGYGGNSLNWFDPW_CQQYNSYPFTF;CAEGYQLPGLYYW_CNSRDSSGNHLF;CARHAGSGSYYFWFDPW_CQQYGSSPYTF;CAKDLQIGYCSSTSCRNAFDIW_CQQYGSSPPRVTF;CARGRGSYFDYW_CQQYGSSLWTF;CARTCSSTSCYTYGMDVW_CQQYNNWQYTF;CAHRGYSYGPLFDYW_CLLYYGGAQLVF;CARLPTLRYGSGSYYNGALDYYYGMDVW_CMQALQTPLTF;CARSIAAASPFDPW_CQQYDNLPPTF;CARGPPYGHLGYW_CQQYNNWPPITF;CAKDILGGGYFDYW_CQTWGTGMGVF;CAKDASYGYLFEYWYFDLW_CQQYNNWPPWTF;CARFGAKNYYDSW_CQQYNNWPGTF;CAREKWLRPQLDYW_CQQYGSSPKTF;CVKGPYYDGSGNSFGRKAFDIW_CQQYGSSPYTF;CARGASKGNQPALHYGMDVW_CQQSYSTPPAF;NA_CCSYAGSSTVVF;CATTLASPTHDYGDYEGGYMDVW_CQQYGSSPLTF;CALGIDAFDIW_CQQYNNWPKTF;NA_CQSYDDSLSGTVF;CARGFYYGSGSPLSGMDVW_CQQSYSTPRTF;CAKDPAASGSPWYFDYW_CQQYYSFPRTF;CAREVSRQSGSRPIKWFDPW_CQQSYSPPPLTF;CTPSLETYGDYALGYYW_CQSADSSGTYPYVF;CAKDFGGPLQFDYW_CQQYGSSPRTF;CAKDMLFSNNYW_CQTWGTGINWVF;CARDENHLYYGDLAYW_CQQSYSIPRAF;CARGSRLLLWFGELKVGPGFDPW_CQQYNSYWTF;CAMKGGRDGYNTRVYYYYGMDVW_CCSYAGSSTPYVF;CAKDIGPTNCSSTSCHAYYYYGMDVW_CQQYNSYSTF;CWRDRREAPIEMEVASTRG_CMQSTHWPYTF;CTRHTHCSGGSCYDAFDIW_CQQSYSTPRYTF;CAREPPHGSGTDYNWFDPW_CQSYDSSLSAYVF;CVKDLYDTGSYYYFDYW_CSSYTRSSTLVF;CSRHEGVGGNSDYW_CVLYMGSGISMF;CARNHDYGDYMFGGMDVW_CQSADSSGTYVF;CTTSGGDW_CMQSIQLPRTF;CARDRTSFGYSYGNIDYW_CQTWGTGILVF;CAKDELASYGGVGYYW_CQSADSSGTYFWVF;CAREPKHSGYCSSTSCYIGNWFDPW_CQSYDSSLSGNVVF;CARASWDSSSWGLGFDPW_CQAWDSSTGVF;CARTRVRGVISPFDYW_CQQANSFPPTF;CTREYYDFWSGDYW_CQQYDNLPLTF;CARDGGRGSGWSTPDYW_CNSRDSSGNHVVF;CARHYDFWSGDNPYWYYYYGMDVW_CQQYGSSPPWTF;CTTTTADIVVVPAAIQTVDYW_CQQYDNLPLTF;CAIMVRGVIGSYYYYGMDVW_CQQSYSTTWTF;CAKDNGYGGNSLQHW_CCSYAGSSTLVF;NA_CQQSYNTLWSF;CARARYRRDGYHNLYAFDIW_NA;CARGFSETGPGYKRFYYYFDLW_CQQYGSSPQTF;CARVKGDYYYYYGMDVW_CMQALQTPHTF;CARDPPLYSSGWFTGDYW_CQQYNSYPRTF;CAKDGGEHRGNDYW_CQVWDSSSDHYVF;CARGYDFWSGYLPHYGMDVW_CQVWDSSSDHPGVF;CARETKQYIDYRSPTVGRPYDYYYGMDVW_CLLFYGGAQLGVF;CAKGVWESTTEDAFDIW_CQQYNSYSPFTF;CAKDQGYCSSTSCYPYYYGMDVW_CQAWDSSTVVF;CARLGGYDSTFDYW_CSSYTSSSTYVF;CARGGDYYYGMDVW_CQQYNNWPLTF;CARVAAAGTYFDYW_CQQYGSSPETF;CARINQHGSGTYSPDYYYYGIDVW_CMQALQTPMYTF;CARKSIAAAGLPYYYYYGMDVW_CMQALQTRFTF;CAQGGYSYGYYDYW_CAAWDDSLNGVVF;CARQRGGTAVPVYYFDYW_CQQYGSSPLYTF;CARALYYDSSGYQPNRYYFDYW_CQSYDSSLSGYVVF;CTRALNSNHFDYW_CQQANSFPLTF;CARVTDPDAFDIW_CNSRDSSGNHYVF;CARSAWHPAATGGMDVW_CLQDYNYPYTF;CARVSLVVPQQFDYW_CQAWDSSTVVF;CAKVPGYSTGWYYFDYW_CQQCDSSPEWTF;CAKDSTCSSTSCYRGYYYYGMDVW_CQQYYSYPITF;CARDSKQQLADNWFDPW_CQAWDSSTLVVF;CARGRNGGNRFDWFDPW_CQSYDSSLSGSGVF;CARGKNWFDPW_CQQYGSSPLTF;CASGYSSGRPDYW_CQQYDNLPITF;CARLSDGDYTFDYW_CQQYNSYWTF;CARGGTAGYSYGYAYW_CQAWDSSTAVVF;CAKDIVVVPAAPITLYYYYGMDVW_CMQALQTSFTF;CARWRLYYDSRGYYYGMFDYW_CQQSYDTPLTF;CARSRRIVGATSFDWFDPW_CQQYNSYSRTF;CASEDSGYGGGFDYW_CQSYDSSLSEGVF;CAHGRDYDSSSLPFDYW_CQQYNSYPYTF;CARAGAYYYGSAIDYW_CQQYGSSPGLTF;CAKGSSHSGGWFDPW_CQQYNSYWTF;CARDLLRAYSSSSTSSIDYW_CQQYYSYPRTF;CAKDVSGYLDAFDIW_CGTWDSSLSAGWVF;CAREGSRYFDYW_CQVWDSSSDHYVF;CASHDSSGYYLLDYW_CQVWDSSSDHVVF;CARYCSSTSCYTTYYYYYYGMDVW_CQQYYSYPLTF;CARLWVFLTMVRGPDFDLW_CHQSSSLPLTF	16	79	CARRRYYGGNSNKGWYFDLW_CQQRSNWRTF;CARDQEYSSGWDGPDYYYYYGMDVW_CQQSYSTPQTF;CARDDRFGGDTLGWFDPW_CQSYDSSLSGSGYVF;CAREGWGLGYCSSTSCYTGPFGYW_CQQYGSSPPYTF;CAKDPNYWRYFDWLTGYYFDYW_CQQRSNWPPWTF;CARDGGFGGSWLDPW_CQQRSHFRTF;CAKGEQFIAVNNWFDPW_CQQRSNWPITF;CARDRLDGYNSFYYGMDVW_CQSYDSSLSGSVF;CARDAGRDGNEYYFDYW_CQQYNSYLYTF;CARGSISSQRWFGPW_CQQYNYYYTF;CARDRGQWLVREEDYYYGMDVW_CQQYYSTPLTF;CARGGAVLRYFDWEPQGPLEDNWFDPW_CQQRSNTWTF;CARNMASGMDVW_CQQRSNWPLFLTF;CARIWAVAADHSFDYW_CQQYNNWPPWTF;CAHRPLDILTGYRVDYFDYW_CQQSYSTLGTF;CARDKGATFDYW_CQQSYSTPYTF;CARDRWSLHIVGASPRGPSFDYW_CQQANSFPVTF;CARAIWYYDILTGYYSYYGMDVW_CSSYAGSNNLEVF;CARARGDFWSGYTHWYFDLW_CQQRSNWPPWYTF;CAQTGILTGYPRVGNAFDIW_CQQRSNWLGFTF;CASGSSDRYSSGWYWGYFDYW_CQAWDSSTVVF;CARAEIYGSGSKYYYYGMDVW_CQSADSSGTYYVF;CARGPDRFSGSYDNWFDPW_CQHTRAF;CAKDYDSGSYYEGGAFDIW_CQQRSNWPLTF;CARDIVRDFDWPGVGYW_CAAWDDSLNGYVF;CARGWSGYSSSLHPYYFDYW_CCSYAGSSTTLVF;CAQIAAAGTMGFDYW_CQQRSNWPSLTF;CTTEVCSGYDCDLGDYW_CQQRSNWPTF;CARSVDTAMGNAHDW_CQQYGSSPPTF;CARDLYSGYSYGSAVYW_CQQRSNWPIF;CARDRPPYSNYVIYGMDVW_CQQRSNWPPLTF;CARESPFGGQSVAVGGTPDYW_CCSYAGSGTFVF;CARDHKQWRVSYVWFDPW_CQQRNTWPRPTF;CARGPGYCSGGSCYGMFDYW_CQSADSSGTYVVF;CARDISKGAAGTGDWFDPW_CQQRSNWPLTF;CARGTRRDGYNLIYW_CQQYDNPPLTF;CAKGTHYYGSGSMWGMDVW_CQQRSNWPPYTF;CAREGEITMIVANDAFDIW_CQQSYSTPPTF;CARAVPARPEYCGGDCYIYYYGMDVW_CQSADSSGTYWVF;CVLYYGSGSYYRFDYW_CQSYDSSLSAVF;CARDSSSPATRHFDYW_CMQATQFPYTF;CATSDWSW_CQQRINWPITF;CARGRGRYYDSSGEW_CQQYNSYPYTF;CARGPIVVVIAASPYYYYGMDVW_CQQRSNWPPGCTF;CARESRPTVTTRTTSGMDVW_CLQHNSYPRTF;CARARSSGWYHYW_CQQRSNWPPTF;CAKDSRYSLLIAVAGTEDYW_CQQRSNWPWTF;CARDIGYSSGWYWTPGVNYYYGMDVW_CQQYGSSPWTF;CARDRGVGARHFDYW_CQQYNNWPPWTF;CGRAAISVLRKMPPTFW_CQQYGSSPYTF;CARETYYYDSSGYYGPHAFDIW_CLLSYSGARVF;CARDSEIFGSSWYSYFDYW_CQQYNSYSYTF;CAKVEGIWFGELSDFYYYYGMDVW_CQQRSNWPLTF;CARTYVWGEVDYYYYGMDVW_CLQHNSYPWTF;CATDLNLAVAGEGGYW_CQQRSNWPLTF;CARDSYDFWSGYTPPNYYYYYGMDVW_CQQRSNWYTF;CARVYSYGYRYFDYW_CQQSYSTLWTF;CARDGGYSYGYAQGYYGMDVW_CQSADSSGTHVVF;CASATTVSHW_CQQRSNWPLTF;CARDRSAERRGYFDYW_CNSRDSSGNHYVF;CARVKSGGSSSLRQDAFDIW_CQQRSNWPYTF;CAREDSSGWLEFPNWFDPW_CCSYAGSSTYVF;CARDCSSTSCLAYW_CQLRSNWPTF;CAREGEQWLDGAFDYW_CQSADSSGTYKVF;CARDGGGWYGLVDYW_CQQYNNWPLTF;CARGNDAFDIW_CQQYNSYSGTF;CARDGKPSKTFDYW_CQQSYSTPLTF;CARHEKGIAAAVYYFDYW_CQQRSNWPLTF;CAKDVTDGYNIPYYFDSW_CQQRSNWPLTF;CTSWAIPQALTDYYYYGMDVW_CQQRSNWPPSITF;CARDCGGPVTTTTNDAFDIW_CQQYYSYPRTF;CARDCDGGCDYW_CQSADSSGTYRVF;CAKDDDRGYGWFGELLGRYGMDVW_CQQRSNWLLTF;CARALSLGPRTYYYDSPQRGHDAFDIW_CQQSYSTSWTF;CARGETYYYDSSGYYWGYYFDYW_CQQYNSYPLTF;CTTPTWGNYYYYGMDVW_CQQRSTGRDTF;CARDQQWLGDFDYW_CSSYAGSNNLWVF;CARVFRRYGSGSYYNLW_CQQRSNWLTF;CARDPGDYVEIEWYFDLW_CQQRSNWPRLTF	0	NA
4	534	CARENYDFWSGYYHGADVW_CMIWHSSAWVF;CARRYYDSSGYSANFDYW_CQTWGTGIYVF;CAKAGDSSGYQKTYYFDYW_CQSADSSGTYGVF;CTTEALDYGANSRSPNFDYW_CQAWDSSNVVF;CAKDTEVGASRYYYYYGMDVW_CQQYGSSPPFTF;CASISMVRGEGGGYW_CQVWDSSSDHPVVF;CARADVVVVAALDYW_CQQYYSTPITF;CAKDFSGGEVVVVAATDYW_CQQYYSYPRTF;CARTGVTTVTTFPYW_CQQSYSTPGTF;CARDRWVVAAYYYGMDVW_CAIWYSSTWVF;CARDPMVRGVNYGMDVW_CMQALQTPRTF;CVGVGYNYRRDGAFDIW_CQQYGSSPQITF;CARETGYSSGWYEATGMDVW_CNSRDSSGNHLVF;CARSKGCSGGSCYHNWFDPW_CQQSYSTPYTF;CARDRYYYGSGRHRGSYYYYGMDVW_CAAWDDSLNGWVF;CAKPEAGQWLHVHHNHYGLDVW_CQSFDNSLSGSVF;CAAIAVYVYW_CQQYNSYPLTF;CAKANLAGVVAAIGIDYW_CAAWDDSLSGVVF;CARGIQLWWWFDPW_CQQSYSTPCTF;CASPQPGSGWSNYYYYGMDVW_CSSYTSSSTSYVF;CARDELDILTGYNIPTFGGCVYW_CQQYYSYPWTF;CVKEITAAKNRRKSLGYFFDFW_CQQYNDWPPLTF;CARDVCRGHYGDCLWGYW_CQQYYSYPITF;CARKGIAVRGGIDYW_CLLYYGGAWVF;CARDVSDGYNYEAWVDYW_CQQSYSTLWTF;CANGPPINYGDYEDAFDIW_CQQYNSYPLTF;NA_CQQSYRTPFTF;CARDRRGEHNFDYW_CQQRSNWPPGTF;CARDSEGEPSAGDAFDIW_CQQSYSTPWTF;CAKVLLDYYYGMDVW_CSSYTSSSTLVVF;CARGGWWELPYYYYYGMDVW_CMQALQTRNTF;CAKDPDYW_CQQRSNWPTF;CARVLDVW_CQQYNSYWTF;CAREKWELPPPPYYFDYW_CCSYAGSYTVVF;CAHRRYYYVAFDYW_CQQYYSTPLTF;CAHHGSARYSSSWHAAPGPYYFDYW_CQVWDSRAYVF;CARDFTEDGYNFDWRMLPDYW_CQQRSNWPPITF;CARGQIGGWSPYYYYGLDVW_CQQGYTNPFTF;CARGRNLGVVTKFNWFDPW_CAAWDDSLNGLVF;CARDGPYSGSYYGDAFDIW_CQQSYSTPRTF;CARDLGATDYW_CCSYAGSSTPYVF;NA_CQSADSSGTSWVF;CAKDGGLDYALYWYFDLW_CQQYNSLYTF;CAHKMGRGGGVDYW_CQQLSTDPITF;CTRDPHYGDHVPHNWFDPW_CQQSYRSPYTF;CARYDYDITVDHW_CMQGLQPFTF;CARAVDTAMVTNNWFDPW_CQQSYSTPFTF;CATEDTARDLYRAAFDIW_CQQYNGWTF;CARGYATALSRTDYW_CSSYTSSSTLVVF;CARGWSIVVVVAATFPNWFDPW_CQQRSNWPPTF;CARVAAVRSGRVNYYYYYGMDVW_CQSADSSGTYKVVF;CASIAVAGYFNYW_CQQYYSTPFTF;CAKVFSSSWGDYW_CQQSYSTPITF;CASFVDTAMAIPLDYWYFDLW_CQQYNNWPPWTF;CARGTVTTGRGYFDLW_CQQYGSSPQVTF;CAKDRASYYNFPIDPW_CQQYYSTPFTF;CAQTKLGIFGGMDVW_CQQSYSTPYTF;CARGPGYFDYW_CQQYDNLPRTF;CASHGVVVAATRGTPGSDYW_CQQSYSTLRTF;CASTVPSSLRAGAFDIW_CQQYYSTPRTF;CARDTMGPLYYGMDVW_CQVWDSSTVVF;CAKDLGELTDYW_CSSYTSSSTLVVVF;CAKSGPPLEWFFLGYYYGMDVW_CNSRDSSGNHVVF;CAKDATGYFDWLPYYYYYYGMDVW_CLLYYGGAQLWVF;CTTDSPHMITFGGVIVFDYW_CAAWDDSLNGGVF;CARDLRPVAGTADYLDYW_CQQYHYWPRTF;CARGVTIFGVVIMGGMDVW_CQQSYSTPYTF;CAKDLLSIYGSPSDYW_CQPYYGAPPYTF;CASAWYYYDSSGYYPFDYW_CQQYGSSPWTF;CVKDRSSRQLKAVGTYFDCW_CTSYTSSSTSYVF;CAREDLLWFGERWAKNSFDPW_CMQALQTPITF;CTRVVTMIVVAQGGFDYW_CAAWDDSLSAVVF;CARDKVVGARNWFDPW_CQQSYSTPSF;CARAVLRFLEWFSNWFDPW_CSSYTSSSTHVF;CARDRVVGATLYYYYYGMDVW_CQAWDSSSVVF;CARHEVPEMATIRGWFDPW_CQQYGSSLFTF;CARDRGSGTEPDFDYW_CMQATQFPLTF;CARVFGSVGATRSTDYW_CQQYITDPFTF;CARDELDILTGYNIPTFGGCVYW_CQQYYSYPWTF;CAHSDYYEGRGMDVW_CQQYYSTPYTF;NA_CQQYDELPVTF;CATTYYYDSSGYYQNDAFDIW_CQQYYSYPRTF;CAREIEGDGVFEIW_CMIWHSSAWVV;CARHIRGNRFGNDAFDIW_CQQYYSFPYTF;CARRLITMIEGGAFDIW_CQVWDSSSDHVVF;CAKVMIEHPSNRGHFDYW_CMQALQTPYTF;CTTDDEKRPYSGSYLPFDYW_CQSYDSSNVVF;CARGGRVSVAVYWDYYYYGMDVW_CQKYNSAPFTF;CAHSAQYYDILTGYYKAPWGGAFDIW_CQQYNSYSWTF;CARDDFGGATFYSSFDYW_CQQSYSTPYTF;CARAAKIFGVVTAFDIW_CQQYGSSPWTF;CVKDYSTSGWYYFDFW_CQQYGSSLPYTF;CARVVPAAFYGMDVW_CQQYGSSLFTF;CAGGSGYCTNGVCYPRGFDYYYGMDVW_CAAWDDSPPWVF;CAKDDTAMVTADFFDYW_CQTWGTGIWVF;CARTPRWLQCFDYW_CQQYNSYSWTF;CARDQWLAYYFDYW_CQSYDSSNHWVF;CARSGTTYYDILTGYYNYW_CQQYGSSRWTF;CAHRYYSNIDYW_CMQGTHWPWTF;CARDWGYYDSSGYSPRGYYYYYGMDVW_CQQLNSYSFTF;CAKDRVGYGDYVDYW_CQQYNNWPPWTF;CARLGSSPYYW_CQSYDSSLSGYVF;CTRYYGDVW_CQQYYSFPWTF;CAKDHYYDSSGYYSGLGYW_CQSADSSGTYRVVF;CATGLVVPAAILYGMDVW_CQQYGSSRGLTF;CAKDDGDAAAGLIYW_CAAWDDSLSGVVF;CAKDGGGEEALELPDYW_CGTWDSSLSAVVF;CATLRYPSLGVDYW_CHQYNNWPFTF;CARKDSSGSDAFDLW_CQQSYSTPYTF;CARDVVQLWYQIDYW_CQQSYSTPPNTF;CAKYVDTAMNQFDPW_CQQANSFPITF;CARGLHYYDSSGRSLYYFDYW_CQQYGSSPPGQTF;CANQPPSLYW_CQQYNNWPGTF;CARVGYDYVWGSYRYTGVMDVW_CSSYAGSSYVF;CARGRPYYYDSSGYPYDAFDIW_CMQALQTPLTF;CAKERVVTAIPVVIFDYW_CQQSYSTPRLTF;CARPYGDYAYFDYW_CQSYDSSLSGYVF;CARDWWERQDSKRPDYFDSW_CQQTNSFPITF;CARHSNDGSDYFDYW_CQESYGALLTYTF;CASTEIEMLVPRYCSSTSCYFVWFDPW_CGTWDSSLSAGHGVF;CASASSTGTDAFDIW_CQAWDSSTHVVF;CARDGSWYAAWFDPW_CQSYDSSLSGSVVF;CARDPSLGDPGWGYFDYW_CQQYNSYSTWTF;CVREMTGSFTGGLDPW_CMQGTHWPPTF;CAREVNTAMAYYYYYYGMDVW_CQQYGSSQWTF;CARERRGGGHYYDSSGYYLSDYW_CQQSYSTP;CARGGGYSSGWATREVVYW_CQSYDSSLGAVF;CAKVPTVTTFLGYYYGMDVW_CQQSYSTPWYTF;CARDLRPAANFDYW_CQVWDSSSDYVF;CARLSYSSSWYYFDYW_CQQSYSTLYTF;CARVPKVRYCSSTSCYKDYYYGMDVW_CQVWDSSSDSWVF;CATWHYYDSSGEDGMDVW_CQQYNNWPRTF;CARGRSSWHLDYW_CMQALQTPFTF;CARDPWELHGFDYW_CQQYGSSSFTF;CAREAYYYGMDVW_CNSRDSSGNHNYVF;CARDRSVVTMVRGVIPFYW_CCSYAGSYTVVF;CARHEKMNYYDILTGYSPPYYYYYGMDVW_CQSYDSSLSAYVVF;CAHYQGIAVTGTWFDPW_CQSYDSSNVVF;CARESSSWFPYW_CQQSYSTPFTF;CARERDYSPGRYYGMDVW_CGTWDSSLSAGVF;CARHPTPAAMVGYYYYGMDVW_CQQANSFPLTF;CARDGPMTAIGGYGMDVW_CQSYGSLGGSVF;CAKGRTTEGTDAFDMW_CQQVHSYPITF;CAKDRSSLLWFGELLYMPEEYGMDVW_CQQYNNWPLTF;CTNYGMDVW_CSSYAGSNNWVF;CARVDSFAPNSGYGAQLLNWFDPW_CQQYNNWPLTF;CAREDYDTASFGYW_CQQYDNLPYTF;CAKDFGRGSYHRAEYFQHW_CQQYNNWPPWTF;CARGGSLPLITMIVGFFW_CQQYGSSPEYTF;CTREAEMATISIDYW_CQVWDSSSDHVVF;CARDAPIWDTAIVYW_CQQYGSSLPWTF;CARLLVSAYNWFDPW_CQQSYSIPAF;CARIPMTTVTSYGMDVW_CQQYGSSSITF;CARDDEWEPYDYW_CCSYAGSSTYVF;CTTVLRYFDWLLSDYGMDVW_CLLSYSGARGVF;CAIGTGIVGTTFPREYW_CMQALQTSWTF;CAKDMELGWLIDYW_CMQALQTPLTF;CARERNIVVVPAAETFDYW_CQQYNNWPPLTF;CARIGFGEYDYGMDVW_CQSYDSSLSVVF;CARGNDYYGSGEFDYW_CSSYTSSSTLVF;CARGVGATDFDYW_CQSYDSSLSGVVF;CARDPSNWGSFGYW_CQAWDSSTYVF;CARVDGYNYSFDYW_CQQYNNWWTF;CAKEPYGGNSFVYYFDYW_CQQYGSSPGLTF;CAKAEWGGTENYIPYYFDFW_CQSYDNNNLIF;CARSHCSSTSCYPNYYYGMDVW_CQQSYSTPRTF;CARDFGERYCSGGSCYSFDPYYYYGMDVW_CLQHNSYPWTF;CAKEYPGPGQLDDAFDIW_CQSYDSSLSGKVF;CARVDTAMVTGLAISPPWDYGMDVW_CQQYNSYPWTF;CAKDIGDGSGSNSQKRDYYYGMDVW_CQQSYSTPRTF;CATDPYNSGWFASLKNQVLYYW_CQQSYSTPQTF;CAREHTGGWLQRYIDYW_CQSADSSGTYPRVVF;CARGYCDSTSCYAVGYFDLW_CQTWGTGIVVF;CARDPDPNWSKDWFDPW_CQQYNNWPPLTF;CAKGRYSFGLDNFDYW_CQQDGNSPTF;CASRAVQSSGWRQDYYYGMDVW_CQSYDSSLSGVF;CAREASEGPW_CQSYDSSNSWVF;CARLGGYSSRGNWFDPW_CQQSYSTPPYTF;CARDPHHTFGGVLVW_CQKYNSARTF;CAGYYYDSSGYLSSFDIW_CQSYDSSLSVVF;CARLPYRYSGSSNDAFDIW_CAAWDDSLSGPVF;CARAGYGDYVGDFDYW_CQSADSSGTYVVF;CARDYYGSRSDSGMDVW_CQQSYTTPYTL;CAKDGREAAAGTDYYYGMDVW_CQAWDSSTVVF;CARDSPGWGSSGFYYGMDVW_CQQYGSSPRYTF;CARVSGDTMIVVVHRDGMDVW_CQQYNSYSVTF;CAKNLATTGSHW_CLQDYNYPRTF;CAKDGGRGVVIIFYFDYW_CQQYGSSPITF;CARGIAVVTLWGPFDIW_CQQYNNWPRTF;CARDRWVPAAVPHYYYYGMDVW_CQQANSFPLTF;CAREGAAGPPPGHYYYYGMDVW_CMQALQTPFTF;CAKQGHFTDTKRIDYW_CQQYDSYPITF;CAVIPVTGQEASLSAEYFQHW_CQQSYSTPFTF;CARDSPSSGSYGLFDYW_CQTWGTGIRRVF;CASPGGGLLWFGELFRSYFDYW_CVLYMGSGFWVF;CAHRPVSDDILTGYRYNWFDPW_CQSYDSSLSGSVVF;CARGFIGYNFDSW_CQQSYRTPITF;CAREEGYCSGGSCEYNYYYGMDVW_CQQYGSSLITF;CARGRRVFLALSYW_CQQYGSSPHTF;CARGAGRIGQVDVW_CQQYNNWHTF;CARGYYDSSGQSLDYYYYGMDVW_CQQYYSYPFTF;CARTGKNGSGSYWFDPW_CQQYRTF;CARDGDTAMVINYFDYW_CQSADSSGTYWVF;CARTDIVATPDGGFDYW_CQTWGTGIHVVF;CAREGFYYYGSGSVSGGNWFDPW_CQVWDSSTVVF;CAKVPLGWGAAGGAYFDYW_CQQYGSSPATF;CARVGCSGDTCYSYDWFDPW_CGTWDSSLTAVVF;CARGGILTGKLSDYW_CQQYDNLPTF;CAHGLTGYYTYYFDYW_CQQYYSFPPTF;CARQVGANPFADYW_CAAWDDSLSGPVF;CARGKGEGRYYYDSSGYYYFDYW_CQQRSNWPPLTF;CSVYDAERGYFDYW_CCSYAGGDTSYYVF;CARNKQHIVGATLHTHYSNWFDPW_NA;CARLYGDYGDYW_CNSRDSSGNLFVVF;CARPYSSSWSPMDVW_CQSYDSSLSGHVVF;CARDKGYSSSWYIRSSWFDPW_CLLSYSGARLVF;CARAVCGDDCYLLDSW_CAAWDRSLGAVVF;CARTTTVVTGDAFDIW_CQSADSSGTYPVF;CAKGRGDYYYYGMDVW_CQQYDNLPITF;CTTGGALNYW_CQAWDSSTACVF;CARDLTTRDYSDAFDIW_CQQYGSSPRTF;CARAGLEINTPDSSGYYYGGGYFDYW_CQQYDNLPPRRFTF;CAKDHGYDFWSGYSDAFDIW_CQQSYSTPLYTF;CARESGYTNYYYYGMDVW_CQQYNSYPLTF;CARKYQLPYYYGMDVW_CQQSYNTPDTF;CARDSTYYYDSSGYPVSDAFDIW_CQQSYSTRRYTF;CAREVYSSSTNWFDPW_CQVWDSSTDVVF;CARANAEYSSSLLFDYW_CQSYDNSLSAYVF;CAHSPYDYVWGSYRQSWFDPW_CQAWDSSTVF;CTTIYYDILTGDYW_CMQALQTPITF;CARLDYDFWSGTPERMDVW_CQQYGSSPPWTF;CARVRKNWNYDLDDWYFDLW_CQVWDSSSDHYVF;CATRRVRGEGLAYW_CQQYNSYSRTF;CARNYDSSGYYVPPYFDYW_CQQYNNWPPYTF;CARDPANYFDYW_CQQSYSTLWTF;CAREESSSWYRYW_CQQYGSSPLTF;CARIVQGGSYLSGGIDYW_CMQSIQLLFTF;CARDRLIIRFLERPNWFDPW_CCSYAGSSTPVF;CAREYSNNWYFFDYW_CQQYAGSPLTF;CARVSGVGTSFAGFDPW_CQSADISATVF;CAREPTPRYSGSYRGFNYFDYW_CQQYYSFPLTF;CARAADYCTSASCPNEYFQHW_CQSYDSSLSVF;CARGRMTVHNDDSGFPEYLYYYGLDVW_CMQVMDNPRTL;CATSRVAVAGVDYW_CQSYDSSLSGVVF;CARDLGIAVAGRVEGYFDYW_CCSYAGSYTLVF;CARDVSNVLVIAVSPSWFDPW_CQQTYSIPYTF;CARDAPDRGSSWYSALFDYW_CQQYNNWPPTF;CARRDGGYCSSTSCSFDYW_CQQYNSYSPTF;CARAEIFGVVIQAFDYW_CQSYDSSLSGSVF;CVKKVIGFDDW_CQQSDTFGYTF;CAKGMDGSGSYYNKDGMDVW_CQAWDSSTGVF;CARVNGLLGEYYYGMDVW_CMQALQTPPNTF;CAKDWAVGWEFVDSW_CQQSHTVPLTF;CARDEGAAAYFDYW_CCSYAGSSTCWVF;CARAAGYCSSTSCYEIYYYYGMDVW_CQSYDSSLSVPF;CTRSYVLRFLEWFSPFDYW_CQQYGSSLWTF;CASSGSYQGNWFDPW_CQQSYSTPYTF;CARSPPRYDLSLVDAFDIW_CQQYNSYSTTF;CARETIAAAGSNFDYW_CQQSYSTPRTF;CARVSGYSYYFDYW_CQQLNSYLLTF;CATYIAAPRDYYYGMDVW_CMQALQTPYTF;CATGKTYSAPHAYYYFDYW_CQQANSFPRTF;CAKEVHSSGFDYW_CQSADSSGTYPWVF;CTTDHIVVVTAMIFGYYFDYW_CQQLNSPLTF;CAREGPTVTKFDYW_CQSYDSSLSGSVF;CEVKAAAGNFYW_CSSYAGSVVF;CAKDIEGGSGYYLTPGGFQHW_CCSYAGSSTFVVF;CARDAMAIGDYYYYGMDVW_CQQLNSYPSLTF;CARREGAGYDILTGSYYYYYGMDVW_CLLYYGGAQLGVF;CTTRLWRISQYYYDSSGYGHFDYW_CQSADSSGTYVF;CARTTLLAAAIDYW_CQQYYSFPYTF;CARAKAARPTPTYYYYYYGMDVW_CQAWDSSTGDVF;CARSGYDSSWVGYDFDYW_CQAWDSSTPVF;CAREGLEIDAFDIW_CQQSYSTPWTF;CAHTSAYYDSSGYYPPFDYW_CQQSYSTPLTF;CARATQDSSGWYGFWYFDYW_CQQYNNWPPTF;CARMLVVVAATGYYYYGMDVW_CQQYGSSQTF;CAREAYDSSAYSTIDYW_CQTWGTGIHVF;CARSAGSSGSFEYFQHW_CQQYGSSPLYTF;CARRLFLYSSSGYYFDSW_CQQASSFPPLSF;NA_CQQSYNTPRTF;CARGGGAVAGTIDFHYW_CCSYAGTDLWLF;CAKDRGYYDSSGYYYSDYGMDVW_CQSADSSGTYVF;CAKDGFGGASDHW_CQHYDRSPWTF;CARAIQMGCSDGSCLW_CQQYDNLPSYTF;CARKGRWLPDGDDAFDIW_CQQYYSYPLTF;CARAGLRSWFDPW_CMQSIQLPNTF;CARHSYGAYYYYGMDVW_CQQYGGSPLFTF;CAAGVMTARYDYW_CQQSYSTPLTF;CAHFMTTVTTGYFDPW_CIQVRQTPFTF;CAREGGGDILTTYYYYGMDVW_CQQYGSSTRALTF;CARGFGGGDYRSMDVW_CQQLITYPITF;CARTTYGGNSLNWFDPW_CQVWDSSSDHPVF;CAKRGGLMVRGVAVDYW_CQQYYSYPWTF;CARGYGSGNYYYYGMDVW_CMQALQTPWTF;CARSNYDILTGLDYW_CMQALQTPYTF;CAREDSGSYGYFDYW_CQQYNNWPQTF;CARRVLYYRFDPW_CNSRDSSGNHLF;CARGDYDYVWGSSPDAFDIW_CMQGTHWPLTF;CARDVRGYYYDSSGYSGEGYWW_CQQSYSTPYTF;CTRDRYSSSWYKGLYYYYGMDVW_CQQSYSTPYTF;CARVFFRVVYAMAYW_CQQYNNWPPMYTF;CASSLRYFDWTVNNWFDPW_CQQYGSSPQTF;CTRGYCSSTSCYTGWFDPW_CQAWDSSHVVF;CARDGRWELLGNQHW_CCSYAGSSTYVF;CARVYYDSSGYYYFDYW_CQQSYSTPWAF;CARGRVRWELLGDDAFDIW_CQQYDNLPLTF;CCTYVFVGIVPTIVDYW_CQQYNDWPPAGTF;CARDIQYYYDSSGYDAFDIW_CQQSYSTPWTF;CATSWGIAALYGMDVW_CNSRDSSGNPYVF;CAKDYPVAGDLDAFDIW_CCSYAGSSTWVF;CARANWDNWNDGLDYW_CGTWDSRLSSYVF;CARAGYCSSTSCSKEDVW_CQQSYSTPPRTF;CAREPLGGDYYYYYYGMDVW_CQQYGSSPTF;CARLSLRARFRGAFDIW_CCSYAGSYSVVF;CAHSLPSDIDYYYDSSGYSPSPPLFDYW_CQQYNNWPLTF;CASGYGGKTYYFDYW_CQQYGSSPGTF;CLGRELGHSW_CLQHNSYPWTF;CTAVLRYFDWLLMEAHENYYYYGMDVW_CQSADSSGGVF;CARDRSRWEFLYYFDYW_CQQYGSSGYTF;CARARYYDSNSYSYAW_CQTWGTGIWVF;CARLDYYDSSGYYDW_CQTWGTGIPVF;CARDYIAVAGPGENWFDPW_CQQSYSTRTF;CARDRGGYGVRWFDPW_CQQYDNLPPTF;CARRGNAIFGVVTHYYYYGMDVW_CMQALQTPLFTF;CSNYDILTGYYWFHYW_CQQYNNWPFTF;CASSFLDTSIVEYYFDYW_CATWDDSLSGLF;CARIVVVVTSRWFDPW_CQVWDSSSDHYVF;CARSLEWLDDYW_CQSYDSSLSGSVF;CARDAYGGYSFYYYGMDVW_CQQYGSSPFTF;CAGGSGSYYHLDPW_CQQANSFPYTF;CARPRLDYGDYGAGLGYW_CQKYNSAPFTF;CARDRGLRKKYFQHW_CQQYGSSPSTF;CARSLGPEFYYFDYW_CQQSYSTPWTF;CVSQLYYLDGRGYYYDYYYDYW_CLQHHDYPWTF;CTTVSPYGDYVGVYFDYW_CQQYYSYPPTF;CAKDFMEYYYYGMDVW_CSAWDSSLSAVVF;CARSPGSGSYTW_CQQYGSSPLTF;CARLPYAGGPYYYYGMDVW_CMQRIEFPFTF;CARGKPRSLELWSFYYYYGMDVW_CQQSYSTPPTF;CAMGGYDSSGVQLDYW_CAAWDDSLSGYVF;CAHRYCSSTSCYGLGDWFDPW_CQSADSSGTYLVF;CARHSEGLGPVDYW_CGTWDSSLSAWVF;CARAIFGVVSVMGFDYW_CMQALQTLTF;CAKSMKSFDYW_CQQSYSTPLTF;CTTEGGDGYNSFDYW_CQQYDNLPITF;CARDTTYGDYYYGMDVW_CQSADSSGNWVF;CARDGKGYSYGSGNYYGMDVW_CQQSYSTLYTF;CAHRTTTYYFDYW_CQQYNSYPYTF;CTTDLVWFGELANAFDIW_CLQHNSYLPEWTF;CTRGGTLGARSGYYDYYYGMDVW_CQQYNSYPLTF;CAKDEGRVVAVAGTGEHAFDIW_CQQYNSYSPTWTF;CAKDITIFGVVISHLDYW_CLQDYNYPLTF;CARTYYYDSSGYRNAFDIW_CQSADSSGTYPVVF;CAKCFYYDSSGYYYYYYGMDVW_CCSYAGSSTLVF;CARDLLSISGSPFDPW_CQQRSNWPPGGGGLTF;CARGGINGGAYFDYW_CQQYGSSPWTF;CARDRGPAGLDYW_CQQSYSTRYTF;CARRGYYYDSSGYYYDWFDPW_CNSRDSSGNRVVF;CAKGLNTAMVSYYFDYW_CVLYMGSGIWVF;CAKDIREGWSSGYYPVLDYW_CQVWDSSVVF;CAKDSPSGYYYYYYYGMDVW_CQQLNSYPITF;CARDRIAAADHNWFDPW_CAAWDDSLNGWVF;CARDIGGIAAAGSPPSAFDIW_CQQYNSYSTF;CAHSYYYGSGRGGWFDPW_CQSADSSGTYVF;CARDGSSSIFDYW_CNSRDSSGNHVVF;CAKPLRFGYSSSSCFDYW_CSSYAGSNNYVF;CAHTGFESLDYW_CQSYDNSLNGLGVF;CARDEDYYYDSSGSVDYW_CQQSYSTPWTF;CARQIAAAGPENWFDPW_CQSADSSGTYLVF;CARGLPVDVW_CGTWDSSLSAGHVVF;CARLIYYGSGRFGAFDIW_CQQYDNLPWTF;CARNEITIPLDVW_CQQYGSSPLVTF;CAKGGWFGELLFRLDYW_CQQYDNLLTF;CTTDHGDAYNYRW_CQQYGSSPRTF;CARDHRMNIAVAGTNWFDPW_CQKYNSAPLFTF;CARALREEQWLNNAFDIW_CQQYYSYPTF;CAHRPPYYDSSGYLSW_CQQYGSSLWTF;CARHYVDTAMVINQYYFDYW_CQSYDSSLSDVF;CARDNYDILTGHYGMDVW_CAAWDDSLSGLYVF;CAKDSSSSDWFDPW_CQQYYSYPLTF;CARDYVAVAGTLDYW_CQQYYSTPYTF;CTRDLAYSNYEPPNHNWFDPW_CLQHNSYPLTF;CARERYYYYGMDVW_CYSTDSSGNHGVF;CAKEGITGYYYYYGMDVW_CQQSYSTPHTF;CAKVALRYFDWLPPYFDYW_CQQYYSYPQNLTF;CARAHDSTGYQDFDYW_CQQAKSFPYTF;CARVGVYGSGSYLVGGDYW_CQQSYSTPWTF;CARGPYYGSGSGEFDPW_CQQYYSYPLTF;CARGSCYSSACYYYYGMDVW_CGTWDSSLSAVVF;CARDFDAAEGAFDIW_CQVWDSSSDPTFYVF;CARGAHSSGYYIDYW_CQQYYSFPFTF;NA_CHQYNNWSSWTF;CAREQDFGGNPFDCW_CMQVLHIPRAF;CARGTMVRGHYYYYGMDVW_CQQSYSTPLTF;CARGYSYGYLDWFDPW_CQSYDSSLSGVVF;CARAAPYSSSSLDYW_CQQSYSTLTWTF;CARRRITMNDYFDYW_CQSYDSSLSGVVF;CARGPDGGAFDIW_CQRGLTF;CARDLIARTALTYYYYGMDVW_CQSYDSSLSGGVF;CARYGVYGDYPGALFDYW_CAAWDDSLSGLWVF;CAKDRRGCSSTSCYTFDYW_CQQSYSTLSF;CARVSGYNSYYFDYW_CQQSYSTPRTF;CAAPSPRFTSSTGGGMELPLHVW_CCSYARGSSLVF;CAKDARWRPRVASIDALDIW_CQQYNNWPRTF;CARHIERYCSGGSCYEALDYW_CMQALHPITF;CASYLEMATRYYFDYW_CLQHNSFWTF;CARVTRVTQSNDFWTSYYTDCFDAW_CYSTDSSGNHKVF;CARLYSSSWTNYFDYW_CQQYYSYPLTF;CARGTVYSVPGGHYGDYVRDPKYYYYGMDVW_CQSADSSGTWVF;CARGAAGVRGPIGYW_CAAWDDSLSGWVF;CARVAVAGTTNWFDPW_CQQANSFPYTF;CARVLGGPGATTFDYW_CLQDYNYPWTF;CARTPVSTSYDSPGWYSSGWFFDYW_CQTWGTGIHVVF;CARTMVRGVTPADAFDIW_CQQYNSYSSTF;CAKSMGATILHAFDIW_CQQYNSYPLTF;CARANSGSYSFFFLRLDYFDYW_CQQYNNWPLTF;CARAAGTGGYYYGMDVW_CVLYMGSGISVF;CARAGQFGDSYYYYYYGMDVW_CLQDYNYPQTF;CAHFTKRPTDAFDIW_CNSRDSSGNHRVF;CARRLAYNGNWDYGDFDYW_CCSYSKTATF;CAAGFGLSGSYIHYYYYGMDVW_CQQYGSSPPLTF;CATDNWNFGADSGFGYW_CMQGTHWRTF;CARVLGSFSFGYDGFDIW_CQQLNAYPTF;CARDPGIAVAETVYYYYYYGMDVW_CMQALQTPPTF;CARTVGAGYKIGKGYFDYW_CQAWDSSTVVF;CARDQDLAALNYW_CGTWDSSLSAKVF;CTTENVLLWFGEPEYYYYYYGMDVW_CQSADSSGTYAVVF;CARSLFEGTVMAFRAEHMDVW_CQQYKTFFAVSF;NA_CQAWDSSTVVF;CARPPSHDSPMYHYW_CQSADSSGLWVF;CARDTMWWSYGMDVW_CCSYAGSGEVF;CARLRRYSSGYYYIAGDFDYW_CQSYDSSLSGVVF;CARDKGGTTVTTSNWFDPW_CQQYDNLPLTF;CARDGGGYYQKKGYFQHW_CGTWDSSLSAVVF;CARERPRGAAETW_CQAWDSSTWVF;CARDDIVVVPAAIDYW_CQSYDSSLSGPYVF;NA_CQQRSNWPPYTF;CARKFDCW_CQQYGTSLPVTF;CARGVLRFLEWLSNMDYYYYGMDVW_CMQALQTPRALTF;CAKDGSYYDSSGYSDYW_CQQYNNWPPWTF;CAKDKSYSVEYW_CMLFMGSGIWVF;CAKADVRSNWNDMHFDYW_CQAWDSSTVVF;CARATPRGYGGNSLNWFDPW_CQQYNSYPFTF;CAEGYQLPGLYYW_CNSRDSSGNHLF;CARHAGSGSYYFWFDPW_CQQYGSSPYTF;CAKDLQIGYCSSTSCRNAFDIW_CQQYGSSPPRVTF;CARGRGSYFDYW_CQQYGSSLWTF;CARTCSSTSCYTYGMDVW_CQQYNNWQYTF;CAHRGYSYGPLFDYW_CLLYYGGAQLVF;CARLPTLRYGSGSYYNGALDYYYGMDVW_CMQALQTPLTF;CARSIAAASPFDPW_CQQYDNLPPTF;CARGPPYGHLGYW_CQQYNNWPPITF;CAKDILGGGYFDYW_CQTWGTGMGVF;CAKDASYGYLFEYWYFDLW_CQQYNNWPPWTF;CARFGAKNYYDSW_CQQYNNWPGTF;CAREKWLRPQLDYW_CQQYGSSPKTF;CVKGPYYDGSGNSFGRKAFDIW_CQQYGSSPYTF;CARGASKGNQPALHYGMDVW_CQQSYSTPPAF;NA_CCSYAGSSTVVF;CATTLASPTHDYGDYEGGYMDVW_CQQYGSSPLTF;CALGIDAFDIW_CQQYNNWPKTF;NA_CQSYDDSLSGTVF;CARGFYYGSGSPLSGMDVW_CQQSYSTPRTF;CAKDPAASGSPWYFDYW_CQQYYSFPRTF;CAREVSRQSGSRPIKWFDPW_CQQSYSPPPLTF;CTPSLETYGDYALGYYW_CQSADSSGTYPYVF;CAKDFGGPLQFDYW_CQQYGSSPRTF;CAKDMLFSNNYW_CQTWGTGINWVF;CARDENHLYYGDLAYW_CQQSYSIPRAF;CARGSRLLLWFGELKVGPGFDPW_CQQYNSYWTF;CAMKGGRDGYNTRVYYYYGMDVW_CCSYAGSSTPYVF;CAKDIGPTNCSSTSCHAYYYYGMDVW_CQQYNSYSTF;CWRDRREAPIEMEVASTRG_CMQSTHWPYTF;CTRHTHCSGGSCYDAFDIW_CQQSYSTPRYTF;CAREPPHGSGTDYNWFDPW_CQSYDSSLSAYVF;CVKDLYDTGSYYYFDYW_CSSYTRSSTLVF;CSRHEGVGGNSDYW_CVLYMGSGISMF;CARNHDYGDYMFGGMDVW_CQSADSSGTYVF;CTTSGGDW_CMQSIQLPRTF;CARDRTSFGYSYGNIDYW_CQTWGTGILVF;CAKDELASYGGVGYYW_CQSADSSGTYFWVF;CAREPKHSGYCSSTSCYIGNWFDPW_CQSYDSSLSGNVVF;CARASWDSSSWGLGFDPW_CQAWDSSTGVF;CARTRVRGVISPFDYW_CQQANSFPPTF;CTREYYDFWSGDYW_CQQYDNLPLTF;CARDGGRGSGWSTPDYW_CNSRDSSGNHVVF;CARHYDFWSGDNPYWYYYYGMDVW_CQQYGSSPPWTF;CTTTTADIVVVPAAIQTVDYW_CQQYDNLPLTF;CAIMVRGVIGSYYYYGMDVW_CQQSYSTTWTF;CAKDNGYGGNSLQHW_CCSYAGSSTLVF;NA_CQQSYNTLWSF;CARARYRRDGYHNLYAFDIW_NA;CARGFSETGPGYKRFYYYFDLW_CQQYGSSPQTF;CARVKGDYYYYYGMDVW_CMQALQTPHTF;CARDPPLYSSGWFTGDYW_CQQYNSYPRTF;CAKDGGEHRGNDYW_CQVWDSSSDHYVF;CARGYDFWSGYLPHYGMDVW_CQVWDSSSDHPGVF;CARETKQYIDYRSPTVGRPYDYYYGMDVW_CLLFYGGAQLGVF;CAKGVWESTTEDAFDIW_CQQYNSYSPFTF;CAKDQGYCSSTSCYPYYYGMDVW_CQAWDSSTVVF;CARLGGYDSTFDYW_CSSYTSSSTYVF;CARGGDYYYGMDVW_CQQYNNWPLTF;CARVAAAGTYFDYW_CQQYGSSPETF;CARINQHGSGTYSPDYYYYGIDVW_CMQALQTPMYTF;CARKSIAAAGLPYYYYYGMDVW_CMQALQTRFTF;CAQGGYSYGYYDYW_CAAWDDSLNGVVF;CARQRGGTAVPVYYFDYW_CQQYGSSPLYTF;CARALYYDSSGYQPNRYYFDYW_CQSYDSSLSGYVVF;CTRALNSNHFDYW_CQQANSFPLTF;CARVTDPDAFDIW_CNSRDSSGNHYVF;CARSAWHPAATGGMDVW_CLQDYNYPYTF;CARVSLVVPQQFDYW_CQAWDSSTVVF;CAKVPGYSTGWYYFDYW_CQQCDSSPEWTF;CAKDSTCSSTSCYRGYYYYGMDVW_CQQYYSYPITF;CARDSKQQLADNWFDPW_CQAWDSSTLVVF;CARGRNGGNRFDWFDPW_CQSYDSSLSGSGVF;CARGKNWFDPW_CQQYGSSPLTF;CASGYSSGRPDYW_CQQYDNLPITF;CARLSDGDYTFDYW_CQQYNSYWTF;CARGGTAGYSYGYAYW_CQAWDSSTAVVF;CAKDIVVVPAAPITLYYYYGMDVW_CMQALQTSFTF;CARWRLYYDSRGYYYGMFDYW_CQQSYDTPLTF;CARSRRIVGATSFDWFDPW_CQQYNSYSRTF;CASEDSGYGGGFDYW_CQSYDSSLSEGVF;CAHGRDYDSSSLPFDYW_CQQYNSYPYTF;CARAGAYYYGSAIDYW_CQQYGSSPGLTF;CAKGSSHSGGWFDPW_CQQYNSYWTF;CARDLLRAYSSSSTSSIDYW_CQQYYSYPRTF;CAKDVSGYLDAFDIW_CGTWDSSLSAGWVF;CAREGSRYFDYW_CQVWDSSSDHYVF;CASHDSSGYYLLDYW_CQVWDSSSDHVVF;CARYCSSTSCYTTYYYYYYGMDVW_CQQYYSYPLTF;CARLWVFLTMVRGPDFDLW_CHQSSSLPLTF	17	67	CARDEGIAARTRGETHYYYYGMDVW_CQQYYSTPYTF;CARDRDGAFAIW_CAIWYSNTHVIF;CASRVHGLVTVTTGGAFDIW_CQQYYSYPPAF;CARGGDPTWFDPW_CCSYAGSSIVVF;CARAGAVARGYFDYW_CQQYYSFPPTF;CARGRGAAAGTSILNYW_CQQYYSTPLGF;CAREPPDLTMVRTKGVRWFDPW_CQQYYSNPLTF;CARGGRVWSQATPTKNWFDPW_CQQYNNWPPWTF;CARETVVTPQNAFDIW_CAAWDDSLNGYVF;CARKSGPPQYRYFDYW_CQQSYSTPLHF;CARDEMVRRDGYNFAFDIW_CQQYYSTPPLTF;CARGVGGCSSTSCYTRGYYGMDVW_CQQANSFLTF;CAKDGIVFYGSGSYNDYW_CQQYYETPTF;CARGVRVAPIDYW_CAAWDDSLWVF;CARGPVYYYGSGSYYYFDYW_CLQDYNYPFTF;CARVRGAFGEPPPYNWFDPW_CQSADSSGTYYVF;CARGTRGRSSGYYSNW_CQQYNNWPPYTF;CARGGLYSSSWSVHSTFQHW_CQQYGSSPRTF;CARDLGARDGYNKFDYW_CQQYYSTPALTF;CAHTPGSGQKGSIYW_CQQYYSTPWTF;CARGRSSGYYPHFDYW_CNSRDSSGNHYVF;CARLGPYGSGSYSPVDYW_CQQYYSNPQAF;CARGAAAGTLDAFDIW_CQQYYSTPLTF;CAADRIRGSSANYDYGMDVW_CQQYYSLRTF;CTRGGGALGNW_CQQYYSIPWTF;CARGGRYCSGGSCYNWFDPW_CLQDYNYPWTF;CARGPGIYGDYGGGRPGYFDYW_CQQYYSTPPITF;CARVDNVWTTWGYW_CQQSYSTPPTF;CARGPSRSYNVYYFDYW_CQQYYSTGTF;CARGRGARYDYGYGLVPNYFDYW_CQQHSSSPPTF;CARDRVHDYVWGSYRDLDYW_CQQSYSTLMYTF;CARGPMTTVATPRTQYFQFW_CQQYYSTPWTF;CSKDWAATGREIGYW_CQQYYRTPYTF;CARRYSYGYKRLSGWIWYFDLW_CAAWDDSLNGYVF;CARRDCSGGSTQSLPQRHLTCYYGMDVW_CQQYYSTLYTF;CANDRDASSAWYGPVGYW_CQQHYSTPGTF;CASSGWFDPW_CAAWDDSLSGRVF;CARDQYSSGWYLGGWGYFDYW_CQQYYSTLRTF;CARGVVGHPHLIDFW_CQQYYHMGTF;CARGMGSSSWYPNTKLVNWFDPW_CQQYYSTPPTF;CARGEYGDYAFDYW_CAAWDDSLNGYVF;CARGTIAVAGKRYYYFDYW_CQVWDSSSDHHVVF;CARQDCSGGSCYLDYW_CQVWDSSSDHPVF;CAKGYSSSWYYNYGMDVW_CQQYYSTPTF;CARALYYDILTGYYPRYYFDYW_CQQLNSYPITF;CARDRYFGPW_CQQYYSTPWTF;CARGSGYYVGSYFDYW_CNSRDSSGNHPPVVF;CARITMIGGAFDIW_CQQYYSTPSITF;CARDLPAVYYYGMDVW_CQQSYSTLFTF;CARGNTRLRGYSYGLQMARGGYGMDVW_CQQYGSSPGTF;CASSAPPYGHFDYW_CNSRDSSGNHVVF;CARSVTGTMGIYYYGMDVW_CQQYGSSRGTF;CVRGGSGTLSWYDSW_CQQYLSSPDTF;CTRDLLVNWNDPGLISYYNSFDVW_CQQYYNSPRTF;CARGRGYYGSGSYFSFSYYYGMDVW_CAAWDDSLNGQVF;CARDRRGYSYGYPWFDPW_CNSRDSSGNHRVF;CARGRVYGDYVFWFDPW_CQQSYSTPLTF;CARSDDNGDYVFNYW_CQQYYSTPPTF;CARAYGMDVW_CQKYNSAPYTF;CARELASHLGDYFDYW_CQQYYSTPPKTF;CARGTRGRSSGYYSNW_CQQYNNWPPYTF;CARKARQWEVAIDSW_CHQYYTTPLF;CASLERVRRFYYYYGMDVW_CLLYYGGARVF;CSVYDSSGYLYGAFDIW_CQQYYSTPLTF;CARYNWNLNFDYW_CAAWDDSLNANYVF;CSIHPYYYDSSSHSEYFQHW_CQQYDNLPPAF;CARGSPYCSGGSCYLNWFDPW_CQQYYSYPRTF	0	NA
4	534	CARENYDFWSGYYHGADVW_CMIWHSSAWVF;CARRYYDSSGYSANFDYW_CQTWGTGIYVF;CAKAGDSSGYQKTYYFDYW_CQSADSSGTYGVF;CTTEALDYGANSRSPNFDYW_CQAWDSSNVVF;CAKDTEVGASRYYYYYGMDVW_CQQYGSSPPFTF;CASISMVRGEGGGYW_CQVWDSSSDHPVVF;CARADVVVVAALDYW_CQQYYSTPITF;CAKDFSGGEVVVVAATDYW_CQQYYSYPRTF;CARTGVTTVTTFPYW_CQQSYSTPGTF;CARDRWVVAAYYYGMDVW_CAIWYSSTWVF;CARDPMVRGVNYGMDVW_CMQALQTPRTF;CVGVGYNYRRDGAFDIW_CQQYGSSPQITF;CARETGYSSGWYEATGMDVW_CNSRDSSGNHLVF;CARSKGCSGGSCYHNWFDPW_CQQSYSTPYTF;CARDRYYYGSGRHRGSYYYYGMDVW_CAAWDDSLNGWVF;CAKPEAGQWLHVHHNHYGLDVW_CQSFDNSLSGSVF;CAAIAVYVYW_CQQYNSYPLTF;CAKANLAGVVAAIGIDYW_CAAWDDSLSGVVF;CARGIQLWWWFDPW_CQQSYSTPCTF;CASPQPGSGWSNYYYYGMDVW_CSSYTSSSTSYVF;CARDELDILTGYNIPTFGGCVYW_CQQYYSYPWTF;CVKEITAAKNRRKSLGYFFDFW_CQQYNDWPPLTF;CARDVCRGHYGDCLWGYW_CQQYYSYPITF;CARKGIAVRGGIDYW_CLLYYGGAWVF;CARDVSDGYNYEAWVDYW_CQQSYSTLWTF;CANGPPINYGDYEDAFDIW_CQQYNSYPLTF;NA_CQQSYRTPFTF;CARDRRGEHNFDYW_CQQRSNWPPGTF;CARDSEGEPSAGDAFDIW_CQQSYSTPWTF;CAKVLLDYYYGMDVW_CSSYTSSSTLVVF;CARGGWWELPYYYYYGMDVW_CMQALQTRNTF;CAKDPDYW_CQQRSNWPTF;CARVLDVW_CQQYNSYWTF;CAREKWELPPPPYYFDYW_CCSYAGSYTVVF;CAHRRYYYVAFDYW_CQQYYSTPLTF;CAHHGSARYSSSWHAAPGPYYFDYW_CQVWDSRAYVF;CARDFTEDGYNFDWRMLPDYW_CQQRSNWPPITF;CARGQIGGWSPYYYYGLDVW_CQQGYTNPFTF;CARGRNLGVVTKFNWFDPW_CAAWDDSLNGLVF;CARDGPYSGSYYGDAFDIW_CQQSYSTPRTF;CARDLGATDYW_CCSYAGSSTPYVF;NA_CQSADSSGTSWVF;CAKDGGLDYALYWYFDLW_CQQYNSLYTF;CAHKMGRGGGVDYW_CQQLSTDPITF;CTRDPHYGDHVPHNWFDPW_CQQSYRSPYTF;CARYDYDITVDHW_CMQGLQPFTF;CARAVDTAMVTNNWFDPW_CQQSYSTPFTF;CATEDTARDLYRAAFDIW_CQQYNGWTF;CARGYATALSRTDYW_CSSYTSSSTLVVF;CARGWSIVVVVAATFPNWFDPW_CQQRSNWPPTF;CARVAAVRSGRVNYYYYYGMDVW_CQSADSSGTYKVVF;CASIAVAGYFNYW_CQQYYSTPFTF;CAKVFSSSWGDYW_CQQSYSTPITF;CASFVDTAMAIPLDYWYFDLW_CQQYNNWPPWTF;CARGTVTTGRGYFDLW_CQQYGSSPQVTF;CAKDRASYYNFPIDPW_CQQYYSTPFTF;CAQTKLGIFGGMDVW_CQQSYSTPYTF;CARGPGYFDYW_CQQYDNLPRTF;CASHGVVVAATRGTPGSDYW_CQQSYSTLRTF;CASTVPSSLRAGAFDIW_CQQYYSTPRTF;CARDTMGPLYYGMDVW_CQVWDSSTVVF;CAKDLGELTDYW_CSSYTSSSTLVVVF;CAKSGPPLEWFFLGYYYGMDVW_CNSRDSSGNHVVF;CAKDATGYFDWLPYYYYYYGMDVW_CLLYYGGAQLWVF;CTTDSPHMITFGGVIVFDYW_CAAWDDSLNGGVF;CARDLRPVAGTADYLDYW_CQQYHYWPRTF;CARGVTIFGVVIMGGMDVW_CQQSYSTPYTF;CAKDLLSIYGSPSDYW_CQPYYGAPPYTF;CASAWYYYDSSGYYPFDYW_CQQYGSSPWTF;CVKDRSSRQLKAVGTYFDCW_CTSYTSSSTSYVF;CAREDLLWFGERWAKNSFDPW_CMQALQTPITF;CTRVVTMIVVAQGGFDYW_CAAWDDSLSAVVF;CARDKVVGARNWFDPW_CQQSYSTPSF;CARAVLRFLEWFSNWFDPW_CSSYTSSSTHVF;CARDRVVGATLYYYYYGMDVW_CQAWDSSSVVF;CARHEVPEMATIRGWFDPW_CQQYGSSLFTF;CARDRGSGTEPDFDYW_CMQATQFPLTF;CARVFGSVGATRSTDYW_CQQYITDPFTF;CARDELDILTGYNIPTFGGCVYW_CQQYYSYPWTF;CAHSDYYEGRGMDVW_CQQYYSTPYTF;NA_CQQYDELPVTF;CATTYYYDSSGYYQNDAFDIW_CQQYYSYPRTF;CAREIEGDGVFEIW_CMIWHSSAWVV;CARHIRGNRFGNDAFDIW_CQQYYSFPYTF;CARRLITMIEGGAFDIW_CQVWDSSSDHVVF;CAKVMIEHPSNRGHFDYW_CMQALQTPYTF;CTTDDEKRPYSGSYLPFDYW_CQSYDSSNVVF;CARGGRVSVAVYWDYYYYGMDVW_CQKYNSAPFTF;CAHSAQYYDILTGYYKAPWGGAFDIW_CQQYNSYSWTF;CARDDFGGATFYSSFDYW_CQQSYSTPYTF;CARAAKIFGVVTAFDIW_CQQYGSSPWTF;CVKDYSTSGWYYFDFW_CQQYGSSLPYTF;CARVVPAAFYGMDVW_CQQYGSSLFTF;CAGGSGYCTNGVCYPRGFDYYYGMDVW_CAAWDDSPPWVF;CAKDDTAMVTADFFDYW_CQTWGTGIWVF;CARTPRWLQCFDYW_CQQYNSYSWTF;CARDQWLAYYFDYW_CQSYDSSNHWVF;CARSGTTYYDILTGYYNYW_CQQYGSSRWTF;CAHRYYSNIDYW_CMQGTHWPWTF;CARDWGYYDSSGYSPRGYYYYYGMDVW_CQQLNSYSFTF;CAKDRVGYGDYVDYW_CQQYNNWPPWTF;CARLGSSPYYW_CQSYDSSLSGYVF;CTRYYGDVW_CQQYYSFPWTF;CAKDHYYDSSGYYSGLGYW_CQSADSSGTYRVVF;CATGLVVPAAILYGMDVW_CQQYGSSRGLTF;CAKDDGDAAAGLIYW_CAAWDDSLSGVVF;CAKDGGGEEALELPDYW_CGTWDSSLSAVVF;CATLRYPSLGVDYW_CHQYNNWPFTF;CARKDSSGSDAFDLW_CQQSYSTPYTF;CARDVVQLWYQIDYW_CQQSYSTPPNTF;CAKYVDTAMNQFDPW_CQQANSFPITF;CARGLHYYDSSGRSLYYFDYW_CQQYGSSPPGQTF;CANQPPSLYW_CQQYNNWPGTF;CARVGYDYVWGSYRYTGVMDVW_CSSYAGSSYVF;CARGRPYYYDSSGYPYDAFDIW_CMQALQTPLTF;CAKERVVTAIPVVIFDYW_CQQSYSTPRLTF;CARPYGDYAYFDYW_CQSYDSSLSGYVF;CARDWWERQDSKRPDYFDSW_CQQTNSFPITF;CARHSNDGSDYFDYW_CQESYGALLTYTF;CASTEIEMLVPRYCSSTSCYFVWFDPW_CGTWDSSLSAGHGVF;CASASSTGTDAFDIW_CQAWDSSTHVVF;CARDGSWYAAWFDPW_CQSYDSSLSGSVVF;CARDPSLGDPGWGYFDYW_CQQYNSYSTWTF;CVREMTGSFTGGLDPW_CMQGTHWPPTF;CAREVNTAMAYYYYYYGMDVW_CQQYGSSQWTF;CARERRGGGHYYDSSGYYLSDYW_CQQSYSTP;CARGGGYSSGWATREVVYW_CQSYDSSLGAVF;CAKVPTVTTFLGYYYGMDVW_CQQSYSTPWYTF;CARDLRPAANFDYW_CQVWDSSSDYVF;CARLSYSSSWYYFDYW_CQQSYSTLYTF;CARVPKVRYCSSTSCYKDYYYGMDVW_CQVWDSSSDSWVF;CATWHYYDSSGEDGMDVW_CQQYNNWPRTF;CARGRSSWHLDYW_CMQALQTPFTF;CARDPWELHGFDYW_CQQYGSSSFTF;CAREAYYYGMDVW_CNSRDSSGNHNYVF;CARDRSVVTMVRGVIPFYW_CCSYAGSYTVVF;CARHEKMNYYDILTGYSPPYYYYYGMDVW_CQSYDSSLSAYVVF;CAHYQGIAVTGTWFDPW_CQSYDSSNVVF;CARESSSWFPYW_CQQSYSTPFTF;CARERDYSPGRYYGMDVW_CGTWDSSLSAGVF;CARHPTPAAMVGYYYYGMDVW_CQQANSFPLTF;CARDGPMTAIGGYGMDVW_CQSYGSLGGSVF;CAKGRTTEGTDAFDMW_CQQVHSYPITF;CAKDRSSLLWFGELLYMPEEYGMDVW_CQQYNNWPLTF;CTNYGMDVW_CSSYAGSNNWVF;CARVDSFAPNSGYGAQLLNWFDPW_CQQYNNWPLTF;CAREDYDTASFGYW_CQQYDNLPYTF;CAKDFGRGSYHRAEYFQHW_CQQYNNWPPWTF;CARGGSLPLITMIVGFFW_CQQYGSSPEYTF;CTREAEMATISIDYW_CQVWDSSSDHVVF;CARDAPIWDTAIVYW_CQQYGSSLPWTF;CARLLVSAYNWFDPW_CQQSYSIPAF;CARIPMTTVTSYGMDVW_CQQYGSSSITF;CARDDEWEPYDYW_CCSYAGSSTYVF;CTTVLRYFDWLLSDYGMDVW_CLLSYSGARGVF;CAIGTGIVGTTFPREYW_CMQALQTSWTF;CAKDMELGWLIDYW_CMQALQTPLTF;CARERNIVVVPAAETFDYW_CQQYNNWPPLTF;CARIGFGEYDYGMDVW_CQSYDSSLSVVF;CARGNDYYGSGEFDYW_CSSYTSSSTLVF;CARGVGATDFDYW_CQSYDSSLSGVVF;CARDPSNWGSFGYW_CQAWDSSTYVF;CARVDGYNYSFDYW_CQQYNNWWTF;CAKEPYGGNSFVYYFDYW_CQQYGSSPGLTF;CAKAEWGGTENYIPYYFDFW_CQSYDNNNLIF;CARSHCSSTSCYPNYYYGMDVW_CQQSYSTPRTF;CARDFGERYCSGGSCYSFDPYYYYGMDVW_CLQHNSYPWTF;CAKEYPGPGQLDDAFDIW_CQSYDSSLSGKVF;CARVDTAMVTGLAISPPWDYGMDVW_CQQYNSYPWTF;CAKDIGDGSGSNSQKRDYYYGMDVW_CQQSYSTPRTF;CATDPYNSGWFASLKNQVLYYW_CQQSYSTPQTF;CAREHTGGWLQRYIDYW_CQSADSSGTYPRVVF;CARGYCDSTSCYAVGYFDLW_CQTWGTGIVVF;CARDPDPNWSKDWFDPW_CQQYNNWPPLTF;CAKGRYSFGLDNFDYW_CQQDGNSPTF;CASRAVQSSGWRQDYYYGMDVW_CQSYDSSLSGVF;CAREASEGPW_CQSYDSSNSWVF;CARLGGYSSRGNWFDPW_CQQSYSTPPYTF;CARDPHHTFGGVLVW_CQKYNSARTF;CAGYYYDSSGYLSSFDIW_CQSYDSSLSVVF;CARLPYRYSGSSNDAFDIW_CAAWDDSLSGPVF;CARAGYGDYVGDFDYW_CQSADSSGTYVVF;CARDYYGSRSDSGMDVW_CQQSYTTPYTL;CAKDGREAAAGTDYYYGMDVW_CQAWDSSTVVF;CARDSPGWGSSGFYYGMDVW_CQQYGSSPRYTF;CARVSGDTMIVVVHRDGMDVW_CQQYNSYSVTF;CAKNLATTGSHW_CLQDYNYPRTF;CAKDGGRGVVIIFYFDYW_CQQYGSSPITF;CARGIAVVTLWGPFDIW_CQQYNNWPRTF;CARDRWVPAAVPHYYYYGMDVW_CQQANSFPLTF;CAREGAAGPPPGHYYYYGMDVW_CMQALQTPFTF;CAKQGHFTDTKRIDYW_CQQYDSYPITF;CAVIPVTGQEASLSAEYFQHW_CQQSYSTPFTF;CARDSPSSGSYGLFDYW_CQTWGTGIRRVF;CASPGGGLLWFGELFRSYFDYW_CVLYMGSGFWVF;CAHRPVSDDILTGYRYNWFDPW_CQSYDSSLSGSVVF;CARGFIGYNFDSW_CQQSYRTPITF;CAREEGYCSGGSCEYNYYYGMDVW_CQQYGSSLITF;CARGRRVFLALSYW_CQQYGSSPHTF;CARGAGRIGQVDVW_CQQYNNWHTF;CARGYYDSSGQSLDYYYYGMDVW_CQQYYSYPFTF;CARTGKNGSGSYWFDPW_CQQYRTF;CARDGDTAMVINYFDYW_CQSADSSGTYWVF;CARTDIVATPDGGFDYW_CQTWGTGIHVVF;CAREGFYYYGSGSVSGGNWFDPW_CQVWDSSTVVF;CAKVPLGWGAAGGAYFDYW_CQQYGSSPATF;CARVGCSGDTCYSYDWFDPW_CGTWDSSLTAVVF;CARGGILTGKLSDYW_CQQYDNLPTF;CAHGLTGYYTYYFDYW_CQQYYSFPPTF;CARQVGANPFADYW_CAAWDDSLSGPVF;CARGKGEGRYYYDSSGYYYFDYW_CQQRSNWPPLTF;CSVYDAERGYFDYW_CCSYAGGDTSYYVF;CARNKQHIVGATLHTHYSNWFDPW_NA;CARLYGDYGDYW_CNSRDSSGNLFVVF;CARPYSSSWSPMDVW_CQSYDSSLSGHVVF;CARDKGYSSSWYIRSSWFDPW_CLLSYSGARLVF;CARAVCGDDCYLLDSW_CAAWDRSLGAVVF;CARTTTVVTGDAFDIW_CQSADSSGTYPVF;CAKGRGDYYYYGMDVW_CQQYDNLPITF;CTTGGALNYW_CQAWDSSTACVF;CARDLTTRDYSDAFDIW_CQQYGSSPRTF;CARAGLEINTPDSSGYYYGGGYFDYW_CQQYDNLPPRRFTF;CAKDHGYDFWSGYSDAFDIW_CQQSYSTPLYTF;CARESGYTNYYYYGMDVW_CQQYNSYPLTF;CARKYQLPYYYGMDVW_CQQSYNTPDTF;CARDSTYYYDSSGYPVSDAFDIW_CQQSYSTRRYTF;CAREVYSSSTNWFDPW_CQVWDSSTDVVF;CARANAEYSSSLLFDYW_CQSYDNSLSAYVF;CAHSPYDYVWGSYRQSWFDPW_CQAWDSSTVF;CTTIYYDILTGDYW_CMQALQTPITF;CARLDYDFWSGTPERMDVW_CQQYGSSPPWTF;CARVRKNWNYDLDDWYFDLW_CQVWDSSSDHYVF;CATRRVRGEGLAYW_CQQYNSYSRTF;CARNYDSSGYYVPPYFDYW_CQQYNNWPPYTF;CARDPANYFDYW_CQQSYSTLWTF;CAREESSSWYRYW_CQQYGSSPLTF;CARIVQGGSYLSGGIDYW_CMQSIQLLFTF;CARDRLIIRFLERPNWFDPW_CCSYAGSSTPVF;CAREYSNNWYFFDYW_CQQYAGSPLTF;CARVSGVGTSFAGFDPW_CQSADISATVF;CAREPTPRYSGSYRGFNYFDYW_CQQYYSFPLTF;CARAADYCTSASCPNEYFQHW_CQSYDSSLSVF;CARGRMTVHNDDSGFPEYLYYYGLDVW_CMQVMDNPRTL;CATSRVAVAGVDYW_CQSYDSSLSGVVF;CARDLGIAVAGRVEGYFDYW_CCSYAGSYTLVF;CARDVSNVLVIAVSPSWFDPW_CQQTYSIPYTF;CARDAPDRGSSWYSALFDYW_CQQYNNWPPTF;CARRDGGYCSSTSCSFDYW_CQQYNSYSPTF;CARAEIFGVVIQAFDYW_CQSYDSSLSGSVF;CVKKVIGFDDW_CQQSDTFGYTF;CAKGMDGSGSYYNKDGMDVW_CQAWDSSTGVF;CARVNGLLGEYYYGMDVW_CMQALQTPPNTF;CAKDWAVGWEFVDSW_CQQSHTVPLTF;CARDEGAAAYFDYW_CCSYAGSSTCWVF;CARAAGYCSSTSCYEIYYYYGMDVW_CQSYDSSLSVPF;CTRSYVLRFLEWFSPFDYW_CQQYGSSLWTF;CASSGSYQGNWFDPW_CQQSYSTPYTF;CARSPPRYDLSLVDAFDIW_CQQYNSYSTTF;CARETIAAAGSNFDYW_CQQSYSTPRTF;CARVSGYSYYFDYW_CQQLNSYLLTF;CATYIAAPRDYYYGMDVW_CMQALQTPYTF;CATGKTYSAPHAYYYFDYW_CQQANSFPRTF;CAKEVHSSGFDYW_CQSADSSGTYPWVF;CTTDHIVVVTAMIFGYYFDYW_CQQLNSPLTF;CAREGPTVTKFDYW_CQSYDSSLSGSVF;CEVKAAAGNFYW_CSSYAGSVVF;CAKDIEGGSGYYLTPGGFQHW_CCSYAGSSTFVVF;CARDAMAIGDYYYYGMDVW_CQQLNSYPSLTF;CARREGAGYDILTGSYYYYYGMDVW_CLLYYGGAQLGVF;CTTRLWRISQYYYDSSGYGHFDYW_CQSADSSGTYVF;CARTTLLAAAIDYW_CQQYYSFPYTF;CARAKAARPTPTYYYYYYGMDVW_CQAWDSSTGDVF;CARSGYDSSWVGYDFDYW_CQAWDSSTPVF;CAREGLEIDAFDIW_CQQSYSTPWTF;CAHTSAYYDSSGYYPPFDYW_CQQSYSTPLTF;CARATQDSSGWYGFWYFDYW_CQQYNNWPPTF;CARMLVVVAATGYYYYGMDVW_CQQYGSSQTF;CAREAYDSSAYSTIDYW_CQTWGTGIHVF;CARSAGSSGSFEYFQHW_CQQYGSSPLYTF;CARRLFLYSSSGYYFDSW_CQQASSFPPLSF;NA_CQQSYNTPRTF;CARGGGAVAGTIDFHYW_CCSYAGTDLWLF;CAKDRGYYDSSGYYYSDYGMDVW_CQSADSSGTYVF;CAKDGFGGASDHW_CQHYDRSPWTF;CARAIQMGCSDGSCLW_CQQYDNLPSYTF;CARKGRWLPDGDDAFDIW_CQQYYSYPLTF;CARAGLRSWFDPW_CMQSIQLPNTF;CARHSYGAYYYYGMDVW_CQQYGGSPLFTF;CAAGVMTARYDYW_CQQSYSTPLTF;CAHFMTTVTTGYFDPW_CIQVRQTPFTF;CAREGGGDILTTYYYYGMDVW_CQQYGSSTRALTF;CARGFGGGDYRSMDVW_CQQLITYPITF;CARTTYGGNSLNWFDPW_CQVWDSSSDHPVF;CAKRGGLMVRGVAVDYW_CQQYYSYPWTF;CARGYGSGNYYYYGMDVW_CMQALQTPWTF;CARSNYDILTGLDYW_CMQALQTPYTF;CAREDSGSYGYFDYW_CQQYNNWPQTF;CARRVLYYRFDPW_CNSRDSSGNHLF;CARGDYDYVWGSSPDAFDIW_CMQGTHWPLTF;CARDVRGYYYDSSGYSGEGYWW_CQQSYSTPYTF;CTRDRYSSSWYKGLYYYYGMDVW_CQQSYSTPYTF;CARVFFRVVYAMAYW_CQQYNNWPPMYTF;CASSLRYFDWTVNNWFDPW_CQQYGSSPQTF;CTRGYCSSTSCYTGWFDPW_CQAWDSSHVVF;CARDGRWELLGNQHW_CCSYAGSSTYVF;CARVYYDSSGYYYFDYW_CQQSYSTPWAF;CARGRVRWELLGDDAFDIW_CQQYDNLPLTF;CCTYVFVGIVPTIVDYW_CQQYNDWPPAGTF;CARDIQYYYDSSGYDAFDIW_CQQSYSTPWTF;CATSWGIAALYGMDVW_CNSRDSSGNPYVF;CAKDYPVAGDLDAFDIW_CCSYAGSSTWVF;CARANWDNWNDGLDYW_CGTWDSRLSSYVF;CARAGYCSSTSCSKEDVW_CQQSYSTPPRTF;CAREPLGGDYYYYYYGMDVW_CQQYGSSPTF;CARLSLRARFRGAFDIW_CCSYAGSYSVVF;CAHSLPSDIDYYYDSSGYSPSPPLFDYW_CQQYNNWPLTF;CASGYGGKTYYFDYW_CQQYGSSPGTF;CLGRELGHSW_CLQHNSYPWTF;CTAVLRYFDWLLMEAHENYYYYGMDVW_CQSADSSGGVF;CARDRSRWEFLYYFDYW_CQQYGSSGYTF;CARARYYDSNSYSYAW_CQTWGTGIWVF;CARLDYYDSSGYYDW_CQTWGTGIPVF;CARDYIAVAGPGENWFDPW_CQQSYSTRTF;CARDRGGYGVRWFDPW_CQQYDNLPPTF;CARRGNAIFGVVTHYYYYGMDVW_CMQALQTPLFTF;CSNYDILTGYYWFHYW_CQQYNNWPFTF;CASSFLDTSIVEYYFDYW_CATWDDSLSGLF;CARIVVVVTSRWFDPW_CQVWDSSSDHYVF;CARSLEWLDDYW_CQSYDSSLSGSVF;CARDAYGGYSFYYYGMDVW_CQQYGSSPFTF;CAGGSGSYYHLDPW_CQQANSFPYTF;CARPRLDYGDYGAGLGYW_CQKYNSAPFTF;CARDRGLRKKYFQHW_CQQYGSSPSTF;CARSLGPEFYYFDYW_CQQSYSTPWTF;CVSQLYYLDGRGYYYDYYYDYW_CLQHHDYPWTF;CTTVSPYGDYVGVYFDYW_CQQYYSYPPTF;CAKDFMEYYYYGMDVW_CSAWDSSLSAVVF;CARSPGSGSYTW_CQQYGSSPLTF;CARLPYAGGPYYYYGMDVW_CMQRIEFPFTF;CARGKPRSLELWSFYYYYGMDVW_CQQSYSTPPTF;CAMGGYDSSGVQLDYW_CAAWDDSLSGYVF;CAHRYCSSTSCYGLGDWFDPW_CQSADSSGTYLVF;CARHSEGLGPVDYW_CGTWDSSLSAWVF;CARAIFGVVSVMGFDYW_CMQALQTLTF;CAKSMKSFDYW_CQQSYSTPLTF;CTTEGGDGYNSFDYW_CQQYDNLPITF;CARDTTYGDYYYGMDVW_CQSADSSGNWVF;CARDGKGYSYGSGNYYGMDVW_CQQSYSTLYTF;CAHRTTTYYFDYW_CQQYNSYPYTF;CTTDLVWFGELANAFDIW_CLQHNSYLPEWTF;CTRGGTLGARSGYYDYYYGMDVW_CQQYNSYPLTF;CAKDEGRVVAVAGTGEHAFDIW_CQQYNSYSPTWTF;CAKDITIFGVVISHLDYW_CLQDYNYPLTF;CARTYYYDSSGYRNAFDIW_CQSADSSGTYPVVF;CAKCFYYDSSGYYYYYYGMDVW_CCSYAGSSTLVF;CARDLLSISGSPFDPW_CQQRSNWPPGGGGLTF;CARGGINGGAYFDYW_CQQYGSSPWTF;CARDRGPAGLDYW_CQQSYSTRYTF;CARRGYYYDSSGYYYDWFDPW_CNSRDSSGNRVVF;CAKGLNTAMVSYYFDYW_CVLYMGSGIWVF;CAKDIREGWSSGYYPVLDYW_CQVWDSSVVF;CAKDSPSGYYYYYYYGMDVW_CQQLNSYPITF;CARDRIAAADHNWFDPW_CAAWDDSLNGWVF;CARDIGGIAAAGSPPSAFDIW_CQQYNSYSTF;CAHSYYYGSGRGGWFDPW_CQSADSSGTYVF;CARDGSSSIFDYW_CNSRDSSGNHVVF;CAKPLRFGYSSSSCFDYW_CSSYAGSNNYVF;CAHTGFESLDYW_CQSYDNSLNGLGVF;CARDEDYYYDSSGSVDYW_CQQSYSTPWTF;CARQIAAAGPENWFDPW_CQSADSSGTYLVF;CARGLPVDVW_CGTWDSSLSAGHVVF;CARLIYYGSGRFGAFDIW_CQQYDNLPWTF;CARNEITIPLDVW_CQQYGSSPLVTF;CAKGGWFGELLFRLDYW_CQQYDNLLTF;CTTDHGDAYNYRW_CQQYGSSPRTF;CARDHRMNIAVAGTNWFDPW_CQKYNSAPLFTF;CARALREEQWLNNAFDIW_CQQYYSYPTF;CAHRPPYYDSSGYLSW_CQQYGSSLWTF;CARHYVDTAMVINQYYFDYW_CQSYDSSLSDVF;CARDNYDILTGHYGMDVW_CAAWDDSLSGLYVF;CAKDSSSSDWFDPW_CQQYYSYPLTF;CARDYVAVAGTLDYW_CQQYYSTPYTF;CTRDLAYSNYEPPNHNWFDPW_CLQHNSYPLTF;CARERYYYYGMDVW_CYSTDSSGNHGVF;CAKEGITGYYYYYGMDVW_CQQSYSTPHTF;CAKVALRYFDWLPPYFDYW_CQQYYSYPQNLTF;CARAHDSTGYQDFDYW_CQQAKSFPYTF;CARVGVYGSGSYLVGGDYW_CQQSYSTPWTF;CARGPYYGSGSGEFDPW_CQQYYSYPLTF;CARGSCYSSACYYYYGMDVW_CGTWDSSLSAVVF;CARDFDAAEGAFDIW_CQVWDSSSDPTFYVF;CARGAHSSGYYIDYW_CQQYYSFPFTF;NA_CHQYNNWSSWTF;CAREQDFGGNPFDCW_CMQVLHIPRAF;CARGTMVRGHYYYYGMDVW_CQQSYSTPLTF;CARGYSYGYLDWFDPW_CQSYDSSLSGVVF;CARAAPYSSSSLDYW_CQQSYSTLTWTF;CARRRITMNDYFDYW_CQSYDSSLSGVVF;CARGPDGGAFDIW_CQRGLTF;CARDLIARTALTYYYYGMDVW_CQSYDSSLSGGVF;CARYGVYGDYPGALFDYW_CAAWDDSLSGLWVF;CAKDRRGCSSTSCYTFDYW_CQQSYSTLSF;CARVSGYNSYYFDYW_CQQSYSTPRTF;CAAPSPRFTSSTGGGMELPLHVW_CCSYARGSSLVF;CAKDARWRPRVASIDALDIW_CQQYNNWPRTF;CARHIERYCSGGSCYEALDYW_CMQALHPITF;CASYLEMATRYYFDYW_CLQHNSFWTF;CARVTRVTQSNDFWTSYYTDCFDAW_CYSTDSSGNHKVF;CARLYSSSWTNYFDYW_CQQYYSYPLTF;CARGTVYSVPGGHYGDYVRDPKYYYYGMDVW_CQSADSSGTWVF;CARGAAGVRGPIGYW_CAAWDDSLSGWVF;CARVAVAGTTNWFDPW_CQQANSFPYTF;CARVLGGPGATTFDYW_CLQDYNYPWTF;CARTPVSTSYDSPGWYSSGWFFDYW_CQTWGTGIHVVF;CARTMVRGVTPADAFDIW_CQQYNSYSSTF;CAKSMGATILHAFDIW_CQQYNSYPLTF;CARANSGSYSFFFLRLDYFDYW_CQQYNNWPLTF;CARAAGTGGYYYGMDVW_CVLYMGSGISVF;CARAGQFGDSYYYYYYGMDVW_CLQDYNYPQTF;CAHFTKRPTDAFDIW_CNSRDSSGNHRVF;CARRLAYNGNWDYGDFDYW_CCSYSKTATF;CAAGFGLSGSYIHYYYYGMDVW_CQQYGSSPPLTF;CATDNWNFGADSGFGYW_CMQGTHWRTF;CARVLGSFSFGYDGFDIW_CQQLNAYPTF;CARDPGIAVAETVYYYYYYGMDVW_CMQALQTPPTF;CARTVGAGYKIGKGYFDYW_CQAWDSSTVVF;CARDQDLAALNYW_CGTWDSSLSAKVF;CTTENVLLWFGEPEYYYYYYGMDVW_CQSADSSGTYAVVF;CARSLFEGTVMAFRAEHMDVW_CQQYKTFFAVSF;NA_CQAWDSSTVVF;CARPPSHDSPMYHYW_CQSADSSGLWVF;CARDTMWWSYGMDVW_CCSYAGSGEVF;CARLRRYSSGYYYIAGDFDYW_CQSYDSSLSGVVF;CARDKGGTTVTTSNWFDPW_CQQYDNLPLTF;CARDGGGYYQKKGYFQHW_CGTWDSSLSAVVF;CARERPRGAAETW_CQAWDSSTWVF;CARDDIVVVPAAIDYW_CQSYDSSLSGPYVF;NA_CQQRSNWPPYTF;CARKFDCW_CQQYGTSLPVTF;CARGVLRFLEWLSNMDYYYYGMDVW_CMQALQTPRALTF;CAKDGSYYDSSGYSDYW_CQQYNNWPPWTF;CAKDKSYSVEYW_CMLFMGSGIWVF;CAKADVRSNWNDMHFDYW_CQAWDSSTVVF;CARATPRGYGGNSLNWFDPW_CQQYNSYPFTF;CAEGYQLPGLYYW_CNSRDSSGNHLF;CARHAGSGSYYFWFDPW_CQQYGSSPYTF;CAKDLQIGYCSSTSCRNAFDIW_CQQYGSSPPRVTF;CARGRGSYFDYW_CQQYGSSLWTF;CARTCSSTSCYTYGMDVW_CQQYNNWQYTF;CAHRGYSYGPLFDYW_CLLYYGGAQLVF;CARLPTLRYGSGSYYNGALDYYYGMDVW_CMQALQTPLTF;CARSIAAASPFDPW_CQQYDNLPPTF;CARGPPYGHLGYW_CQQYNNWPPITF;CAKDILGGGYFDYW_CQTWGTGMGVF;CAKDASYGYLFEYWYFDLW_CQQYNNWPPWTF;CARFGAKNYYDSW_CQQYNNWPGTF;CAREKWLRPQLDYW_CQQYGSSPKTF;CVKGPYYDGSGNSFGRKAFDIW_CQQYGSSPYTF;CARGASKGNQPALHYGMDVW_CQQSYSTPPAF;NA_CCSYAGSSTVVF;CATTLASPTHDYGDYEGGYMDVW_CQQYGSSPLTF;CALGIDAFDIW_CQQYNNWPKTF;NA_CQSYDDSLSGTVF;CARGFYYGSGSPLSGMDVW_CQQSYSTPRTF;CAKDPAASGSPWYFDYW_CQQYYSFPRTF;CAREVSRQSGSRPIKWFDPW_CQQSYSPPPLTF;CTPSLETYGDYALGYYW_CQSADSSGTYPYVF;CAKDFGGPLQFDYW_CQQYGSSPRTF;CAKDMLFSNNYW_CQTWGTGINWVF;CARDENHLYYGDLAYW_CQQSYSIPRAF;CARGSRLLLWFGELKVGPGFDPW_CQQYNSYWTF;CAMKGGRDGYNTRVYYYYGMDVW_CCSYAGSSTPYVF;CAKDIGPTNCSSTSCHAYYYYGMDVW_CQQYNSYSTF;CWRDRREAPIEMEVASTRG_CMQSTHWPYTF;CTRHTHCSGGSCYDAFDIW_CQQSYSTPRYTF;CAREPPHGSGTDYNWFDPW_CQSYDSSLSAYVF;CVKDLYDTGSYYYFDYW_CSSYTRSSTLVF;CSRHEGVGGNSDYW_CVLYMGSGISMF;CARNHDYGDYMFGGMDVW_CQSADSSGTYVF;CTTSGGDW_CMQSIQLPRTF;CARDRTSFGYSYGNIDYW_CQTWGTGILVF;CAKDELASYGGVGYYW_CQSADSSGTYFWVF;CAREPKHSGYCSSTSCYIGNWFDPW_CQSYDSSLSGNVVF;CARASWDSSSWGLGFDPW_CQAWDSSTGVF;CARTRVRGVISPFDYW_CQQANSFPPTF;CTREYYDFWSGDYW_CQQYDNLPLTF;CARDGGRGSGWSTPDYW_CNSRDSSGNHVVF;CARHYDFWSGDNPYWYYYYGMDVW_CQQYGSSPPWTF;CTTTTADIVVVPAAIQTVDYW_CQQYDNLPLTF;CAIMVRGVIGSYYYYGMDVW_CQQSYSTTWTF;CAKDNGYGGNSLQHW_CCSYAGSSTLVF;NA_CQQSYNTLWSF;CARARYRRDGYHNLYAFDIW_NA;CARGFSETGPGYKRFYYYFDLW_CQQYGSSPQTF;CARVKGDYYYYYGMDVW_CMQALQTPHTF;CARDPPLYSSGWFTGDYW_CQQYNSYPRTF;CAKDGGEHRGNDYW_CQVWDSSSDHYVF;CARGYDFWSGYLPHYGMDVW_CQVWDSSSDHPGVF;CARETKQYIDYRSPTVGRPYDYYYGMDVW_CLLFYGGAQLGVF;CAKGVWESTTEDAFDIW_CQQYNSYSPFTF;CAKDQGYCSSTSCYPYYYGMDVW_CQAWDSSTVVF;CARLGGYDSTFDYW_CSSYTSSSTYVF;CARGGDYYYGMDVW_CQQYNNWPLTF;CARVAAAGTYFDYW_CQQYGSSPETF;CARINQHGSGTYSPDYYYYGIDVW_CMQALQTPMYTF;CARKSIAAAGLPYYYYYGMDVW_CMQALQTRFTF;CAQGGYSYGYYDYW_CAAWDDSLNGVVF;CARQRGGTAVPVYYFDYW_CQQYGSSPLYTF;CARALYYDSSGYQPNRYYFDYW_CQSYDSSLSGYVVF;CTRALNSNHFDYW_CQQANSFPLTF;CARVTDPDAFDIW_CNSRDSSGNHYVF;CARSAWHPAATGGMDVW_CLQDYNYPYTF;CARVSLVVPQQFDYW_CQAWDSSTVVF;CAKVPGYSTGWYYFDYW_CQQCDSSPEWTF;CAKDSTCSSTSCYRGYYYYGMDVW_CQQYYSYPITF;CARDSKQQLADNWFDPW_CQAWDSSTLVVF;CARGRNGGNRFDWFDPW_CQSYDSSLSGSGVF;CARGKNWFDPW_CQQYGSSPLTF;CASGYSSGRPDYW_CQQYDNLPITF;CARLSDGDYTFDYW_CQQYNSYWTF;CARGGTAGYSYGYAYW_CQAWDSSTAVVF;CAKDIVVVPAAPITLYYYYGMDVW_CMQALQTSFTF;CARWRLYYDSRGYYYGMFDYW_CQQSYDTPLTF;CARSRRIVGATSFDWFDPW_CQQYNSYSRTF;CASEDSGYGGGFDYW_CQSYDSSLSEGVF;CAHGRDYDSSSLPFDYW_CQQYNSYPYTF;CARAGAYYYGSAIDYW_CQQYGSSPGLTF;CAKGSSHSGGWFDPW_CQQYNSYWTF;CARDLLRAYSSSSTSSIDYW_CQQYYSYPRTF;CAKDVSGYLDAFDIW_CGTWDSSLSAGWVF;CAREGSRYFDYW_CQVWDSSSDHYVF;CASHDSSGYYLLDYW_CQVWDSSSDHVVF;CARYCSSTSCYTTYYYYYYGMDVW_CQQYYSYPLTF;CARLWVFLTMVRGPDFDLW_CHQSSSLPLTF	18	68	CARQVGVGKWYLEDW_CCSYASGDNLVF;CARLIKYSGSYEMVDYW_CAAWDDSLNGYYVF;CARGGFITMIGYGMDVW_CQQYDNLPFTF;CARDLRWCSGGSCYGNYYGMDVW_CAAWDDSLNGQVF;CARDGRDYYDSSGYYYDDAFDIW_CQSADSSGTVVF;CARDHPLMVRENLGFDPW_CAAWDDSLNGPVF;CARDLRNYYDFWSGSPNPKINWFDPW_CQKYNSAPLTF;CARDLPAARYGDYGGFDYW_CAAWDDSLNGVVF;CARDLFPIQYGSEPYGMDVW_CQQYGSSPRTF;CARDIGPLDVW_CQVWDSSSDHRVF;CARDQGDGDYGAFDIW_CQQSYSTSSWTF;CARILEIVDPSGSYQYYFDYW_CGTWDSSLSAVVF;CARDGHYSGSYYVGYW_CCSYAGSYTYWVF;CAREEYSSSWHPYYFDYW_CGTWDSSLSAYVF;CAKDFRGWFDPW_CATWDDSLNGWVF;CARDRSGGSWFDPW_CVLYMGSGVF;CARASTAAYYYYYYGMDVW_CAAWDDSLNGHVVF;CAHHLSFGGNWAFAHW_CAAWDDSLNGSYVF;CASNLGYCSSISCYGFDYW_CQQYGSSPLYTF;CAKELPYYDSSGGPEYW_CAAWDDSLNGWVF;CARGEDYYGSGSYYGMDVW_CQAWDSNTVIF;CARVLGITGTTRRFDYW_CQQYYSYPFTF;CARDREQLAPFDYW_CQSADSSGTYVF;CAKDLIDTMIVVVITPPFDYW_CAAWDDSLNWVF;CARGGHLWSEEVMNRFYYYLGMDVW_CGAWDGSLNGYVF;CARDGYSGYDRADYYYYYGMDVW_CQSYDSSLSGSRVF;CARDHIAVAATPAEYYYYGMDVW_CQAWDSSTVVF;CARARDRQGAYYYGSGSYVPYYYYGMDVW_CCSYAGSSPWVF;CARQNFDILTGYSIDYW_CAAWDDSLNGLYVF;CARDNSGSYVVEYYFDYW_CAAWDDSLNGWVF;CARQYVEWLREMDVW_CAAWDDRLNGWVF;CARNYYYDSSGSGFDYW_CQQANSFPPTF;CAHRHHCSSTSCSPWDDWFDPW_CAAWDDSLNGPVF;CARQNFDILTGYSIDYW_CAAWDDSLNGLYVF;CAKTQVDGKALWFEPW_CATWDSILSGWIF;CARELLWFGEGINWFDPW_CAAWDDSLNGVVF;CARHNTITLRYFDWTKLGYFDLW_CAAWDDSLNGVVF;CARDRYDYGDYPAEYFQHW_CAAWDDSLNGVVF;CAREQLGGFDYW_CAAWDDSLSVVVF;CAIIPLATPVTIIMDYW_CMQSIQLPPQPTF;CAREQQLVPYYYYGMDVW_CAAWDDSLNGWVF;CARDGAGHYGSGSYFGSW_CATWDDSLNGFVIF;CASRTNHYYDIQRHYW_CQQSYSTPGVTF;CARHIMVRGVPPNFDYW_CAAWDDSLNGPVF;CASTGGGSYPILNW_CQQYYSYPLTF;CARGGPYPINSGYYYEVDYW_CAAWDDSLNGRYVF;CARGPNDAFDVW_CQQYARSPPWTF;CAHHASFGGNWAFAHW_CAAWDDSLNGSYVF;CARDRGYGSGSYFSGFDYW_CQQYNNWPPRTF;CARERGMYSSGWYNWFDPW_CQQYYSYPYTF;CARGGDGYNYHPYW_CQKYNSAPTF;CAKDSIPIYDSSGTTFDYW_CAAWDDSLNGWVF;CARDQRSYADYW_CQQYYSYPQTF;CARDLQRGYSYGYW_CAAWDDSLNGVVF;CARDIHGNGALYYYYGMDVW_CAAWDDSLNGLYVF;CARDNIVVVPAAMFEASDYYYGMDVW_CMQALQTPYTF;CARDELRQLVLW_CQSYDSSNPWVF;CARSYGSGSYPRPSPLAWFDPW_CAAWDDSLNGPVF;CARDLIGFGASFDYW_CQQYNNWPPYTF;CARMMGTYYGDHPTIVGYFDYW_CQQYNNWPLTF;CARDGLDYDSNAIDYW_CQQYDNLPYTF;CARHGGDCGLDCYSNWFDPW_CQHWTF;CAREPADSSSLW_CQSYDSSNWVF;CARSGQWLEGWFDPW_CQQYNSYSPTF;CAREGREGGGFDYW_CAAWDDSLSGWVF;CARFVPGGYDGFDIW_CASWDKNLNAFVF;CARDPVPVILGYCSGGRCSPLDYW_CQNYNSAPRTF;CAKDWDDYDSESGVYNYYGMDVW_CSAWDDSLNGVVF	0	NA
4	534	CARENYDFWSGYYHGADVW_CMIWHSSAWVF;CARRYYDSSGYSANFDYW_CQTWGTGIYVF;CAKAGDSSGYQKTYYFDYW_CQSADSSGTYGVF;CTTEALDYGANSRSPNFDYW_CQAWDSSNVVF;CAKDTEVGASRYYYYYGMDVW_CQQYGSSPPFTF;CASISMVRGEGGGYW_CQVWDSSSDHPVVF;CARADVVVVAALDYW_CQQYYSTPITF;CAKDFSGGEVVVVAATDYW_CQQYYSYPRTF;CARTGVTTVTTFPYW_CQQSYSTPGTF;CARDRWVVAAYYYGMDVW_CAIWYSSTWVF;CARDPMVRGVNYGMDVW_CMQALQTPRTF;CVGVGYNYRRDGAFDIW_CQQYGSSPQITF;CARETGYSSGWYEATGMDVW_CNSRDSSGNHLVF;CARSKGCSGGSCYHNWFDPW_CQQSYSTPYTF;CARDRYYYGSGRHRGSYYYYGMDVW_CAAWDDSLNGWVF;CAKPEAGQWLHVHHNHYGLDVW_CQSFDNSLSGSVF;CAAIAVYVYW_CQQYNSYPLTF;CAKANLAGVVAAIGIDYW_CAAWDDSLSGVVF;CARGIQLWWWFDPW_CQQSYSTPCTF;CASPQPGSGWSNYYYYGMDVW_CSSYTSSSTSYVF;CARDELDILTGYNIPTFGGCVYW_CQQYYSYPWTF;CVKEITAAKNRRKSLGYFFDFW_CQQYNDWPPLTF;CARDVCRGHYGDCLWGYW_CQQYYSYPITF;CARKGIAVRGGIDYW_CLLYYGGAWVF;CARDVSDGYNYEAWVDYW_CQQSYSTLWTF;CANGPPINYGDYEDAFDIW_CQQYNSYPLTF;NA_CQQSYRTPFTF;CARDRRGEHNFDYW_CQQRSNWPPGTF;CARDSEGEPSAGDAFDIW_CQQSYSTPWTF;CAKVLLDYYYGMDVW_CSSYTSSSTLVVF;CARGGWWELPYYYYYGMDVW_CMQALQTRNTF;CAKDPDYW_CQQRSNWPTF;CARVLDVW_CQQYNSYWTF;CAREKWELPPPPYYFDYW_CCSYAGSYTVVF;CAHRRYYYVAFDYW_CQQYYSTPLTF;CAHHGSARYSSSWHAAPGPYYFDYW_CQVWDSRAYVF;CARDFTEDGYNFDWRMLPDYW_CQQRSNWPPITF;CARGQIGGWSPYYYYGLDVW_CQQGYTNPFTF;CARGRNLGVVTKFNWFDPW_CAAWDDSLNGLVF;CARDGPYSGSYYGDAFDIW_CQQSYSTPRTF;CARDLGATDYW_CCSYAGSSTPYVF;NA_CQSADSSGTSWVF;CAKDGGLDYALYWYFDLW_CQQYNSLYTF;CAHKMGRGGGVDYW_CQQLSTDPITF;CTRDPHYGDHVPHNWFDPW_CQQSYRSPYTF;CARYDYDITVDHW_CMQGLQPFTF;CARAVDTAMVTNNWFDPW_CQQSYSTPFTF;CATEDTARDLYRAAFDIW_CQQYNGWTF;CARGYATALSRTDYW_CSSYTSSSTLVVF;CARGWSIVVVVAATFPNWFDPW_CQQRSNWPPTF;CARVAAVRSGRVNYYYYYGMDVW_CQSADSSGTYKVVF;CASIAVAGYFNYW_CQQYYSTPFTF;CAKVFSSSWGDYW_CQQSYSTPITF;CASFVDTAMAIPLDYWYFDLW_CQQYNNWPPWTF;CARGTVTTGRGYFDLW_CQQYGSSPQVTF;CAKDRASYYNFPIDPW_CQQYYSTPFTF;CAQTKLGIFGGMDVW_CQQSYSTPYTF;CARGPGYFDYW_CQQYDNLPRTF;CASHGVVVAATRGTPGSDYW_CQQSYSTLRTF;CASTVPSSLRAGAFDIW_CQQYYSTPRTF;CARDTMGPLYYGMDVW_CQVWDSSTVVF;CAKDLGELTDYW_CSSYTSSSTLVVVF;CAKSGPPLEWFFLGYYYGMDVW_CNSRDSSGNHVVF;CAKDATGYFDWLPYYYYYYGMDVW_CLLYYGGAQLWVF;CTTDSPHMITFGGVIVFDYW_CAAWDDSLNGGVF;CARDLRPVAGTADYLDYW_CQQYHYWPRTF;CARGVTIFGVVIMGGMDVW_CQQSYSTPYTF;CAKDLLSIYGSPSDYW_CQPYYGAPPYTF;CASAWYYYDSSGYYPFDYW_CQQYGSSPWTF;CVKDRSSRQLKAVGTYFDCW_CTSYTSSSTSYVF;CAREDLLWFGERWAKNSFDPW_CMQALQTPITF;CTRVVTMIVVAQGGFDYW_CAAWDDSLSAVVF;CARDKVVGARNWFDPW_CQQSYSTPSF;CARAVLRFLEWFSNWFDPW_CSSYTSSSTHVF;CARDRVVGATLYYYYYGMDVW_CQAWDSSSVVF;CARHEVPEMATIRGWFDPW_CQQYGSSLFTF;CARDRGSGTEPDFDYW_CMQATQFPLTF;CARVFGSVGATRSTDYW_CQQYITDPFTF;CARDELDILTGYNIPTFGGCVYW_CQQYYSYPWTF;CAHSDYYEGRGMDVW_CQQYYSTPYTF;NA_CQQYDELPVTF;CATTYYYDSSGYYQNDAFDIW_CQQYYSYPRTF;CAREIEGDGVFEIW_CMIWHSSAWVV;CARHIRGNRFGNDAFDIW_CQQYYSFPYTF;CARRLITMIEGGAFDIW_CQVWDSSSDHVVF;CAKVMIEHPSNRGHFDYW_CMQALQTPYTF;CTTDDEKRPYSGSYLPFDYW_CQSYDSSNVVF;CARGGRVSVAVYWDYYYYGMDVW_CQKYNSAPFTF;CAHSAQYYDILTGYYKAPWGGAFDIW_CQQYNSYSWTF;CARDDFGGATFYSSFDYW_CQQSYSTPYTF;CARAAKIFGVVTAFDIW_CQQYGSSPWTF;CVKDYSTSGWYYFDFW_CQQYGSSLPYTF;CARVVPAAFYGMDVW_CQQYGSSLFTF;CAGGSGYCTNGVCYPRGFDYYYGMDVW_CAAWDDSPPWVF;CAKDDTAMVTADFFDYW_CQTWGTGIWVF;CARTPRWLQCFDYW_CQQYNSYSWTF;CARDQWLAYYFDYW_CQSYDSSNHWVF;CARSGTTYYDILTGYYNYW_CQQYGSSRWTF;CAHRYYSNIDYW_CMQGTHWPWTF;CARDWGYYDSSGYSPRGYYYYYGMDVW_CQQLNSYSFTF;CAKDRVGYGDYVDYW_CQQYNNWPPWTF;CARLGSSPYYW_CQSYDSSLSGYVF;CTRYYGDVW_CQQYYSFPWTF;CAKDHYYDSSGYYSGLGYW_CQSADSSGTYRVVF;CATGLVVPAAILYGMDVW_CQQYGSSRGLTF;CAKDDGDAAAGLIYW_CAAWDDSLSGVVF;CAKDGGGEEALELPDYW_CGTWDSSLSAVVF;CATLRYPSLGVDYW_CHQYNNWPFTF;CARKDSSGSDAFDLW_CQQSYSTPYTF;CARDVVQLWYQIDYW_CQQSYSTPPNTF;CAKYVDTAMNQFDPW_CQQANSFPITF;CARGLHYYDSSGRSLYYFDYW_CQQYGSSPPGQTF;CANQPPSLYW_CQQYNNWPGTF;CARVGYDYVWGSYRYTGVMDVW_CSSYAGSSYVF;CARGRPYYYDSSGYPYDAFDIW_CMQALQTPLTF;CAKERVVTAIPVVIFDYW_CQQSYSTPRLTF;CARPYGDYAYFDYW_CQSYDSSLSGYVF;CARDWWERQDSKRPDYFDSW_CQQTNSFPITF;CARHSNDGSDYFDYW_CQESYGALLTYTF;CASTEIEMLVPRYCSSTSCYFVWFDPW_CGTWDSSLSAGHGVF;CASASSTGTDAFDIW_CQAWDSSTHVVF;CARDGSWYAAWFDPW_CQSYDSSLSGSVVF;CARDPSLGDPGWGYFDYW_CQQYNSYSTWTF;CVREMTGSFTGGLDPW_CMQGTHWPPTF;CAREVNTAMAYYYYYYGMDVW_CQQYGSSQWTF;CARERRGGGHYYDSSGYYLSDYW_CQQSYSTP;CARGGGYSSGWATREVVYW_CQSYDSSLGAVF;CAKVPTVTTFLGYYYGMDVW_CQQSYSTPWYTF;CARDLRPAANFDYW_CQVWDSSSDYVF;CARLSYSSSWYYFDYW_CQQSYSTLYTF;CARVPKVRYCSSTSCYKDYYYGMDVW_CQVWDSSSDSWVF;CATWHYYDSSGEDGMDVW_CQQYNNWPRTF;CARGRSSWHLDYW_CMQALQTPFTF;CARDPWELHGFDYW_CQQYGSSSFTF;CAREAYYYGMDVW_CNSRDSSGNHNYVF;CARDRSVVTMVRGVIPFYW_CCSYAGSYTVVF;CARHEKMNYYDILTGYSPPYYYYYGMDVW_CQSYDSSLSAYVVF;CAHYQGIAVTGTWFDPW_CQSYDSSNVVF;CARESSSWFPYW_CQQSYSTPFTF;CARERDYSPGRYYGMDVW_CGTWDSSLSAGVF;CARHPTPAAMVGYYYYGMDVW_CQQANSFPLTF;CARDGPMTAIGGYGMDVW_CQSYGSLGGSVF;CAKGRTTEGTDAFDMW_CQQVHSYPITF;CAKDRSSLLWFGELLYMPEEYGMDVW_CQQYNNWPLTF;CTNYGMDVW_CSSYAGSNNWVF;CARVDSFAPNSGYGAQLLNWFDPW_CQQYNNWPLTF;CAREDYDTASFGYW_CQQYDNLPYTF;CAKDFGRGSYHRAEYFQHW_CQQYNNWPPWTF;CARGGSLPLITMIVGFFW_CQQYGSSPEYTF;CTREAEMATISIDYW_CQVWDSSSDHVVF;CARDAPIWDTAIVYW_CQQYGSSLPWTF;CARLLVSAYNWFDPW_CQQSYSIPAF;CARIPMTTVTSYGMDVW_CQQYGSSSITF;CARDDEWEPYDYW_CCSYAGSSTYVF;CTTVLRYFDWLLSDYGMDVW_CLLSYSGARGVF;CAIGTGIVGTTFPREYW_CMQALQTSWTF;CAKDMELGWLIDYW_CMQALQTPLTF;CARERNIVVVPAAETFDYW_CQQYNNWPPLTF;CARIGFGEYDYGMDVW_CQSYDSSLSVVF;CARGNDYYGSGEFDYW_CSSYTSSSTLVF;CARGVGATDFDYW_CQSYDSSLSGVVF;CARDPSNWGSFGYW_CQAWDSSTYVF;CARVDGYNYSFDYW_CQQYNNWWTF;CAKEPYGGNSFVYYFDYW_CQQYGSSPGLTF;CAKAEWGGTENYIPYYFDFW_CQSYDNNNLIF;CARSHCSSTSCYPNYYYGMDVW_CQQSYSTPRTF;CARDFGERYCSGGSCYSFDPYYYYGMDVW_CLQHNSYPWTF;CAKEYPGPGQLDDAFDIW_CQSYDSSLSGKVF;CARVDTAMVTGLAISPPWDYGMDVW_CQQYNSYPWTF;CAKDIGDGSGSNSQKRDYYYGMDVW_CQQSYSTPRTF;CATDPYNSGWFASLKNQVLYYW_CQQSYSTPQTF;CAREHTGGWLQRYIDYW_CQSADSSGTYPRVVF;CARGYCDSTSCYAVGYFDLW_CQTWGTGIVVF;CARDPDPNWSKDWFDPW_CQQYNNWPPLTF;CAKGRYSFGLDNFDYW_CQQDGNSPTF;CASRAVQSSGWRQDYYYGMDVW_CQSYDSSLSGVF;CAREASEGPW_CQSYDSSNSWVF;CARLGGYSSRGNWFDPW_CQQSYSTPPYTF;CARDPHHTFGGVLVW_CQKYNSARTF;CAGYYYDSSGYLSSFDIW_CQSYDSSLSVVF;CARLPYRYSGSSNDAFDIW_CAAWDDSLSGPVF;CARAGYGDYVGDFDYW_CQSADSSGTYVVF;CARDYYGSRSDSGMDVW_CQQSYTTPYTL;CAKDGREAAAGTDYYYGMDVW_CQAWDSSTVVF;CARDSPGWGSSGFYYGMDVW_CQQYGSSPRYTF;CARVSGDTMIVVVHRDGMDVW_CQQYNSYSVTF;CAKNLATTGSHW_CLQDYNYPRTF;CAKDGGRGVVIIFYFDYW_CQQYGSSPITF;CARGIAVVTLWGPFDIW_CQQYNNWPRTF;CARDRWVPAAVPHYYYYGMDVW_CQQANSFPLTF;CAREGAAGPPPGHYYYYGMDVW_CMQALQTPFTF;CAKQGHFTDTKRIDYW_CQQYDSYPITF;CAVIPVTGQEASLSAEYFQHW_CQQSYSTPFTF;CARDSPSSGSYGLFDYW_CQTWGTGIRRVF;CASPGGGLLWFGELFRSYFDYW_CVLYMGSGFWVF;CAHRPVSDDILTGYRYNWFDPW_CQSYDSSLSGSVVF;CARGFIGYNFDSW_CQQSYRTPITF;CAREEGYCSGGSCEYNYYYGMDVW_CQQYGSSLITF;CARGRRVFLALSYW_CQQYGSSPHTF;CARGAGRIGQVDVW_CQQYNNWHTF;CARGYYDSSGQSLDYYYYGMDVW_CQQYYSYPFTF;CARTGKNGSGSYWFDPW_CQQYRTF;CARDGDTAMVINYFDYW_CQSADSSGTYWVF;CARTDIVATPDGGFDYW_CQTWGTGIHVVF;CAREGFYYYGSGSVSGGNWFDPW_CQVWDSSTVVF;CAKVPLGWGAAGGAYFDYW_CQQYGSSPATF;CARVGCSGDTCYSYDWFDPW_CGTWDSSLTAVVF;CARGGILTGKLSDYW_CQQYDNLPTF;CAHGLTGYYTYYFDYW_CQQYYSFPPTF;CARQVGANPFADYW_CAAWDDSLSGPVF;CARGKGEGRYYYDSSGYYYFDYW_CQQRSNWPPLTF;CSVYDAERGYFDYW_CCSYAGGDTSYYVF;CARNKQHIVGATLHTHYSNWFDPW_NA;CARLYGDYGDYW_CNSRDSSGNLFVVF;CARPYSSSWSPMDVW_CQSYDSSLSGHVVF;CARDKGYSSSWYIRSSWFDPW_CLLSYSGARLVF;CARAVCGDDCYLLDSW_CAAWDRSLGAVVF;CARTTTVVTGDAFDIW_CQSADSSGTYPVF;CAKGRGDYYYYGMDVW_CQQYDNLPITF;CTTGGALNYW_CQAWDSSTACVF;CARDLTTRDYSDAFDIW_CQQYGSSPRTF;CARAGLEINTPDSSGYYYGGGYFDYW_CQQYDNLPPRRFTF;CAKDHGYDFWSGYSDAFDIW_CQQSYSTPLYTF;CARESGYTNYYYYGMDVW_CQQYNSYPLTF;CARKYQLPYYYGMDVW_CQQSYNTPDTF;CARDSTYYYDSSGYPVSDAFDIW_CQQSYSTRRYTF;CAREVYSSSTNWFDPW_CQVWDSSTDVVF;CARANAEYSSSLLFDYW_CQSYDNSLSAYVF;CAHSPYDYVWGSYRQSWFDPW_CQAWDSSTVF;CTTIYYDILTGDYW_CMQALQTPITF;CARLDYDFWSGTPERMDVW_CQQYGSSPPWTF;CARVRKNWNYDLDDWYFDLW_CQVWDSSSDHYVF;CATRRVRGEGLAYW_CQQYNSYSRTF;CARNYDSSGYYVPPYFDYW_CQQYNNWPPYTF;CARDPANYFDYW_CQQSYSTLWTF;CAREESSSWYRYW_CQQYGSSPLTF;CARIVQGGSYLSGGIDYW_CMQSIQLLFTF;CARDRLIIRFLERPNWFDPW_CCSYAGSSTPVF;CAREYSNNWYFFDYW_CQQYAGSPLTF;CARVSGVGTSFAGFDPW_CQSADISATVF;CAREPTPRYSGSYRGFNYFDYW_CQQYYSFPLTF;CARAADYCTSASCPNEYFQHW_CQSYDSSLSVF;CARGRMTVHNDDSGFPEYLYYYGLDVW_CMQVMDNPRTL;CATSRVAVAGVDYW_CQSYDSSLSGVVF;CARDLGIAVAGRVEGYFDYW_CCSYAGSYTLVF;CARDVSNVLVIAVSPSWFDPW_CQQTYSIPYTF;CARDAPDRGSSWYSALFDYW_CQQYNNWPPTF;CARRDGGYCSSTSCSFDYW_CQQYNSYSPTF;CARAEIFGVVIQAFDYW_CQSYDSSLSGSVF;CVKKVIGFDDW_CQQSDTFGYTF;CAKGMDGSGSYYNKDGMDVW_CQAWDSSTGVF;CARVNGLLGEYYYGMDVW_CMQALQTPPNTF;CAKDWAVGWEFVDSW_CQQSHTVPLTF;CARDEGAAAYFDYW_CCSYAGSSTCWVF;CARAAGYCSSTSCYEIYYYYGMDVW_CQSYDSSLSVPF;CTRSYVLRFLEWFSPFDYW_CQQYGSSLWTF;CASSGSYQGNWFDPW_CQQSYSTPYTF;CARSPPRYDLSLVDAFDIW_CQQYNSYSTTF;CARETIAAAGSNFDYW_CQQSYSTPRTF;CARVSGYSYYFDYW_CQQLNSYLLTF;CATYIAAPRDYYYGMDVW_CMQALQTPYTF;CATGKTYSAPHAYYYFDYW_CQQANSFPRTF;CAKEVHSSGFDYW_CQSADSSGTYPWVF;CTTDHIVVVTAMIFGYYFDYW_CQQLNSPLTF;CAREGPTVTKFDYW_CQSYDSSLSGSVF;CEVKAAAGNFYW_CSSYAGSVVF;CAKDIEGGSGYYLTPGGFQHW_CCSYAGSSTFVVF;CARDAMAIGDYYYYGMDVW_CQQLNSYPSLTF;CARREGAGYDILTGSYYYYYGMDVW_CLLYYGGAQLGVF;CTTRLWRISQYYYDSSGYGHFDYW_CQSADSSGTYVF;CARTTLLAAAIDYW_CQQYYSFPYTF;CARAKAARPTPTYYYYYYGMDVW_CQAWDSSTGDVF;CARSGYDSSWVGYDFDYW_CQAWDSSTPVF;CAREGLEIDAFDIW_CQQSYSTPWTF;CAHTSAYYDSSGYYPPFDYW_CQQSYSTPLTF;CARATQDSSGWYGFWYFDYW_CQQYNNWPPTF;CARMLVVVAATGYYYYGMDVW_CQQYGSSQTF;CAREAYDSSAYSTIDYW_CQTWGTGIHVF;CARSAGSSGSFEYFQHW_CQQYGSSPLYTF;CARRLFLYSSSGYYFDSW_CQQASSFPPLSF;NA_CQQSYNTPRTF;CARGGGAVAGTIDFHYW_CCSYAGTDLWLF;CAKDRGYYDSSGYYYSDYGMDVW_CQSADSSGTYVF;CAKDGFGGASDHW_CQHYDRSPWTF;CARAIQMGCSDGSCLW_CQQYDNLPSYTF;CARKGRWLPDGDDAFDIW_CQQYYSYPLTF;CARAGLRSWFDPW_CMQSIQLPNTF;CARHSYGAYYYYGMDVW_CQQYGGSPLFTF;CAAGVMTARYDYW_CQQSYSTPLTF;CAHFMTTVTTGYFDPW_CIQVRQTPFTF;CAREGGGDILTTYYYYGMDVW_CQQYGSSTRALTF;CARGFGGGDYRSMDVW_CQQLITYPITF;CARTTYGGNSLNWFDPW_CQVWDSSSDHPVF;CAKRGGLMVRGVAVDYW_CQQYYSYPWTF;CARGYGSGNYYYYGMDVW_CMQALQTPWTF;CARSNYDILTGLDYW_CMQALQTPYTF;CAREDSGSYGYFDYW_CQQYNNWPQTF;CARRVLYYRFDPW_CNSRDSSGNHLF;CARGDYDYVWGSSPDAFDIW_CMQGTHWPLTF;CARDVRGYYYDSSGYSGEGYWW_CQQSYSTPYTF;CTRDRYSSSWYKGLYYYYGMDVW_CQQSYSTPYTF;CARVFFRVVYAMAYW_CQQYNNWPPMYTF;CASSLRYFDWTVNNWFDPW_CQQYGSSPQTF;CTRGYCSSTSCYTGWFDPW_CQAWDSSHVVF;CARDGRWELLGNQHW_CCSYAGSSTYVF;CARVYYDSSGYYYFDYW_CQQSYSTPWAF;CARGRVRWELLGDDAFDIW_CQQYDNLPLTF;CCTYVFVGIVPTIVDYW_CQQYNDWPPAGTF;CARDIQYYYDSSGYDAFDIW_CQQSYSTPWTF;CATSWGIAALYGMDVW_CNSRDSSGNPYVF;CAKDYPVAGDLDAFDIW_CCSYAGSSTWVF;CARANWDNWNDGLDYW_CGTWDSRLSSYVF;CARAGYCSSTSCSKEDVW_CQQSYSTPPRTF;CAREPLGGDYYYYYYGMDVW_CQQYGSSPTF;CARLSLRARFRGAFDIW_CCSYAGSYSVVF;CAHSLPSDIDYYYDSSGYSPSPPLFDYW_CQQYNNWPLTF;CASGYGGKTYYFDYW_CQQYGSSPGTF;CLGRELGHSW_CLQHNSYPWTF;CTAVLRYFDWLLMEAHENYYYYGMDVW_CQSADSSGGVF;CARDRSRWEFLYYFDYW_CQQYGSSGYTF;CARARYYDSNSYSYAW_CQTWGTGIWVF;CARLDYYDSSGYYDW_CQTWGTGIPVF;CARDYIAVAGPGENWFDPW_CQQSYSTRTF;CARDRGGYGVRWFDPW_CQQYDNLPPTF;CARRGNAIFGVVTHYYYYGMDVW_CMQALQTPLFTF;CSNYDILTGYYWFHYW_CQQYNNWPFTF;CASSFLDTSIVEYYFDYW_CATWDDSLSGLF;CARIVVVVTSRWFDPW_CQVWDSSSDHYVF;CARSLEWLDDYW_CQSYDSSLSGSVF;CARDAYGGYSFYYYGMDVW_CQQYGSSPFTF;CAGGSGSYYHLDPW_CQQANSFPYTF;CARPRLDYGDYGAGLGYW_CQKYNSAPFTF;CARDRGLRKKYFQHW_CQQYGSSPSTF;CARSLGPEFYYFDYW_CQQSYSTPWTF;CVSQLYYLDGRGYYYDYYYDYW_CLQHHDYPWTF;CTTVSPYGDYVGVYFDYW_CQQYYSYPPTF;CAKDFMEYYYYGMDVW_CSAWDSSLSAVVF;CARSPGSGSYTW_CQQYGSSPLTF;CARLPYAGGPYYYYGMDVW_CMQRIEFPFTF;CARGKPRSLELWSFYYYYGMDVW_CQQSYSTPPTF;CAMGGYDSSGVQLDYW_CAAWDDSLSGYVF;CAHRYCSSTSCYGLGDWFDPW_CQSADSSGTYLVF;CARHSEGLGPVDYW_CGTWDSSLSAWVF;CARAIFGVVSVMGFDYW_CMQALQTLTF;CAKSMKSFDYW_CQQSYSTPLTF;CTTEGGDGYNSFDYW_CQQYDNLPITF;CARDTTYGDYYYGMDVW_CQSADSSGNWVF;CARDGKGYSYGSGNYYGMDVW_CQQSYSTLYTF;CAHRTTTYYFDYW_CQQYNSYPYTF;CTTDLVWFGELANAFDIW_CLQHNSYLPEWTF;CTRGGTLGARSGYYDYYYGMDVW_CQQYNSYPLTF;CAKDEGRVVAVAGTGEHAFDIW_CQQYNSYSPTWTF;CAKDITIFGVVISHLDYW_CLQDYNYPLTF;CARTYYYDSSGYRNAFDIW_CQSADSSGTYPVVF;CAKCFYYDSSGYYYYYYGMDVW_CCSYAGSSTLVF;CARDLLSISGSPFDPW_CQQRSNWPPGGGGLTF;CARGGINGGAYFDYW_CQQYGSSPWTF;CARDRGPAGLDYW_CQQSYSTRYTF;CARRGYYYDSSGYYYDWFDPW_CNSRDSSGNRVVF;CAKGLNTAMVSYYFDYW_CVLYMGSGIWVF;CAKDIREGWSSGYYPVLDYW_CQVWDSSVVF;CAKDSPSGYYYYYYYGMDVW_CQQLNSYPITF;CARDRIAAADHNWFDPW_CAAWDDSLNGWVF;CARDIGGIAAAGSPPSAFDIW_CQQYNSYSTF;CAHSYYYGSGRGGWFDPW_CQSADSSGTYVF;CARDGSSSIFDYW_CNSRDSSGNHVVF;CAKPLRFGYSSSSCFDYW_CSSYAGSNNYVF;CAHTGFESLDYW_CQSYDNSLNGLGVF;CARDEDYYYDSSGSVDYW_CQQSYSTPWTF;CARQIAAAGPENWFDPW_CQSADSSGTYLVF;CARGLPVDVW_CGTWDSSLSAGHVVF;CARLIYYGSGRFGAFDIW_CQQYDNLPWTF;CARNEITIPLDVW_CQQYGSSPLVTF;CAKGGWFGELLFRLDYW_CQQYDNLLTF;CTTDHGDAYNYRW_CQQYGSSPRTF;CARDHRMNIAVAGTNWFDPW_CQKYNSAPLFTF;CARALREEQWLNNAFDIW_CQQYYSYPTF;CAHRPPYYDSSGYLSW_CQQYGSSLWTF;CARHYVDTAMVINQYYFDYW_CQSYDSSLSDVF;CARDNYDILTGHYGMDVW_CAAWDDSLSGLYVF;CAKDSSSSDWFDPW_CQQYYSYPLTF;CARDYVAVAGTLDYW_CQQYYSTPYTF;CTRDLAYSNYEPPNHNWFDPW_CLQHNSYPLTF;CARERYYYYGMDVW_CYSTDSSGNHGVF;CAKEGITGYYYYYGMDVW_CQQSYSTPHTF;CAKVALRYFDWLPPYFDYW_CQQYYSYPQNLTF;CARAHDSTGYQDFDYW_CQQAKSFPYTF;CARVGVYGSGSYLVGGDYW_CQQSYSTPWTF;CARGPYYGSGSGEFDPW_CQQYYSYPLTF;CARGSCYSSACYYYYGMDVW_CGTWDSSLSAVVF;CARDFDAAEGAFDIW_CQVWDSSSDPTFYVF;CARGAHSSGYYIDYW_CQQYYSFPFTF;NA_CHQYNNWSSWTF;CAREQDFGGNPFDCW_CMQVLHIPRAF;CARGTMVRGHYYYYGMDVW_CQQSYSTPLTF;CARGYSYGYLDWFDPW_CQSYDSSLSGVVF;CARAAPYSSSSLDYW_CQQSYSTLTWTF;CARRRITMNDYFDYW_CQSYDSSLSGVVF;CARGPDGGAFDIW_CQRGLTF;CARDLIARTALTYYYYGMDVW_CQSYDSSLSGGVF;CARYGVYGDYPGALFDYW_CAAWDDSLSGLWVF;CAKDRRGCSSTSCYTFDYW_CQQSYSTLSF;CARVSGYNSYYFDYW_CQQSYSTPRTF;CAAPSPRFTSSTGGGMELPLHVW_CCSYARGSSLVF;CAKDARWRPRVASIDALDIW_CQQYNNWPRTF;CARHIERYCSGGSCYEALDYW_CMQALHPITF;CASYLEMATRYYFDYW_CLQHNSFWTF;CARVTRVTQSNDFWTSYYTDCFDAW_CYSTDSSGNHKVF;CARLYSSSWTNYFDYW_CQQYYSYPLTF;CARGTVYSVPGGHYGDYVRDPKYYYYGMDVW_CQSADSSGTWVF;CARGAAGVRGPIGYW_CAAWDDSLSGWVF;CARVAVAGTTNWFDPW_CQQANSFPYTF;CARVLGGPGATTFDYW_CLQDYNYPWTF;CARTPVSTSYDSPGWYSSGWFFDYW_CQTWGTGIHVVF;CARTMVRGVTPADAFDIW_CQQYNSYSSTF;CAKSMGATILHAFDIW_CQQYNSYPLTF;CARANSGSYSFFFLRLDYFDYW_CQQYNNWPLTF;CARAAGTGGYYYGMDVW_CVLYMGSGISVF;CARAGQFGDSYYYYYYGMDVW_CLQDYNYPQTF;CAHFTKRPTDAFDIW_CNSRDSSGNHRVF;CARRLAYNGNWDYGDFDYW_CCSYSKTATF;CAAGFGLSGSYIHYYYYGMDVW_CQQYGSSPPLTF;CATDNWNFGADSGFGYW_CMQGTHWRTF;CARVLGSFSFGYDGFDIW_CQQLNAYPTF;CARDPGIAVAETVYYYYYYGMDVW_CMQALQTPPTF;CARTVGAGYKIGKGYFDYW_CQAWDSSTVVF;CARDQDLAALNYW_CGTWDSSLSAKVF;CTTENVLLWFGEPEYYYYYYGMDVW_CQSADSSGTYAVVF;CARSLFEGTVMAFRAEHMDVW_CQQYKTFFAVSF;NA_CQAWDSSTVVF;CARPPSHDSPMYHYW_CQSADSSGLWVF;CARDTMWWSYGMDVW_CCSYAGSGEVF;CARLRRYSSGYYYIAGDFDYW_CQSYDSSLSGVVF;CARDKGGTTVTTSNWFDPW_CQQYDNLPLTF;CARDGGGYYQKKGYFQHW_CGTWDSSLSAVVF;CARERPRGAAETW_CQAWDSSTWVF;CARDDIVVVPAAIDYW_CQSYDSSLSGPYVF;NA_CQQRSNWPPYTF;CARKFDCW_CQQYGTSLPVTF;CARGVLRFLEWLSNMDYYYYGMDVW_CMQALQTPRALTF;CAKDGSYYDSSGYSDYW_CQQYNNWPPWTF;CAKDKSYSVEYW_CMLFMGSGIWVF;CAKADVRSNWNDMHFDYW_CQAWDSSTVVF;CARATPRGYGGNSLNWFDPW_CQQYNSYPFTF;CAEGYQLPGLYYW_CNSRDSSGNHLF;CARHAGSGSYYFWFDPW_CQQYGSSPYTF;CAKDLQIGYCSSTSCRNAFDIW_CQQYGSSPPRVTF;CARGRGSYFDYW_CQQYGSSLWTF;CARTCSSTSCYTYGMDVW_CQQYNNWQYTF;CAHRGYSYGPLFDYW_CLLYYGGAQLVF;CARLPTLRYGSGSYYNGALDYYYGMDVW_CMQALQTPLTF;CARSIAAASPFDPW_CQQYDNLPPTF;CARGPPYGHLGYW_CQQYNNWPPITF;CAKDILGGGYFDYW_CQTWGTGMGVF;CAKDASYGYLFEYWYFDLW_CQQYNNWPPWTF;CARFGAKNYYDSW_CQQYNNWPGTF;CAREKWLRPQLDYW_CQQYGSSPKTF;CVKGPYYDGSGNSFGRKAFDIW_CQQYGSSPYTF;CARGASKGNQPALHYGMDVW_CQQSYSTPPAF;NA_CCSYAGSSTVVF;CATTLASPTHDYGDYEGGYMDVW_CQQYGSSPLTF;CALGIDAFDIW_CQQYNNWPKTF;NA_CQSYDDSLSGTVF;CARGFYYGSGSPLSGMDVW_CQQSYSTPRTF;CAKDPAASGSPWYFDYW_CQQYYSFPRTF;CAREVSRQSGSRPIKWFDPW_CQQSYSPPPLTF;CTPSLETYGDYALGYYW_CQSADSSGTYPYVF;CAKDFGGPLQFDYW_CQQYGSSPRTF;CAKDMLFSNNYW_CQTWGTGINWVF;CARDENHLYYGDLAYW_CQQSYSIPRAF;CARGSRLLLWFGELKVGPGFDPW_CQQYNSYWTF;CAMKGGRDGYNTRVYYYYGMDVW_CCSYAGSSTPYVF;CAKDIGPTNCSSTSCHAYYYYGMDVW_CQQYNSYSTF;CWRDRREAPIEMEVASTRG_CMQSTHWPYTF;CTRHTHCSGGSCYDAFDIW_CQQSYSTPRYTF;CAREPPHGSGTDYNWFDPW_CQSYDSSLSAYVF;CVKDLYDTGSYYYFDYW_CSSYTRSSTLVF;CSRHEGVGGNSDYW_CVLYMGSGISMF;CARNHDYGDYMFGGMDVW_CQSADSSGTYVF;CTTSGGDW_CMQSIQLPRTF;CARDRTSFGYSYGNIDYW_CQTWGTGILVF;CAKDELASYGGVGYYW_CQSADSSGTYFWVF;CAREPKHSGYCSSTSCYIGNWFDPW_CQSYDSSLSGNVVF;CARASWDSSSWGLGFDPW_CQAWDSSTGVF;CARTRVRGVISPFDYW_CQQANSFPPTF;CTREYYDFWSGDYW_CQQYDNLPLTF;CARDGGRGSGWSTPDYW_CNSRDSSGNHVVF;CARHYDFWSGDNPYWYYYYGMDVW_CQQYGSSPPWTF;CTTTTADIVVVPAAIQTVDYW_CQQYDNLPLTF;CAIMVRGVIGSYYYYGMDVW_CQQSYSTTWTF;CAKDNGYGGNSLQHW_CCSYAGSSTLVF;NA_CQQSYNTLWSF;CARARYRRDGYHNLYAFDIW_NA;CARGFSETGPGYKRFYYYFDLW_CQQYGSSPQTF;CARVKGDYYYYYGMDVW_CMQALQTPHTF;CARDPPLYSSGWFTGDYW_CQQYNSYPRTF;CAKDGGEHRGNDYW_CQVWDSSSDHYVF;CARGYDFWSGYLPHYGMDVW_CQVWDSSSDHPGVF;CARETKQYIDYRSPTVGRPYDYYYGMDVW_CLLFYGGAQLGVF;CAKGVWESTTEDAFDIW_CQQYNSYSPFTF;CAKDQGYCSSTSCYPYYYGMDVW_CQAWDSSTVVF;CARLGGYDSTFDYW_CSSYTSSSTYVF;CARGGDYYYGMDVW_CQQYNNWPLTF;CARVAAAGTYFDYW_CQQYGSSPETF;CARINQHGSGTYSPDYYYYGIDVW_CMQALQTPMYTF;CARKSIAAAGLPYYYYYGMDVW_CMQALQTRFTF;CAQGGYSYGYYDYW_CAAWDDSLNGVVF;CARQRGGTAVPVYYFDYW_CQQYGSSPLYTF;CARALYYDSSGYQPNRYYFDYW_CQSYDSSLSGYVVF;CTRALNSNHFDYW_CQQANSFPLTF;CARVTDPDAFDIW_CNSRDSSGNHYVF;CARSAWHPAATGGMDVW_CLQDYNYPYTF;CARVSLVVPQQFDYW_CQAWDSSTVVF;CAKVPGYSTGWYYFDYW_CQQCDSSPEWTF;CAKDSTCSSTSCYRGYYYYGMDVW_CQQYYSYPITF;CARDSKQQLADNWFDPW_CQAWDSSTLVVF;CARGRNGGNRFDWFDPW_CQSYDSSLSGSGVF;CARGKNWFDPW_CQQYGSSPLTF;CASGYSSGRPDYW_CQQYDNLPITF;CARLSDGDYTFDYW_CQQYNSYWTF;CARGGTAGYSYGYAYW_CQAWDSSTAVVF;CAKDIVVVPAAPITLYYYYGMDVW_CMQALQTSFTF;CARWRLYYDSRGYYYGMFDYW_CQQSYDTPLTF;CARSRRIVGATSFDWFDPW_CQQYNSYSRTF;CASEDSGYGGGFDYW_CQSYDSSLSEGVF;CAHGRDYDSSSLPFDYW_CQQYNSYPYTF;CARAGAYYYGSAIDYW_CQQYGSSPGLTF;CAKGSSHSGGWFDPW_CQQYNSYWTF;CARDLLRAYSSSSTSSIDYW_CQQYYSYPRTF;CAKDVSGYLDAFDIW_CGTWDSSLSAGWVF;CAREGSRYFDYW_CQVWDSSSDHYVF;CASHDSSGYYLLDYW_CQVWDSSSDHVVF;CARYCSSTSCYTTYYYYYYGMDVW_CQQYYSYPLTF;CARLWVFLTMVRGPDFDLW_CHQSSSLPLTF	19	62	CAKDFHRLTLLRYCSGGSCYSAFDIW_CCSYAGSSTYVF;CAKRPDTTGRSWYFDYW_CQQYNNWLWTF;CAKFDIAAADTGKGEDYW_CMQGTHWPPLTF;CAKDSLFDRIILIATDIW_CAAWDDSLNGWVF;CAKYPSFSSRRWYFDLW_CQQYNNWPPPYTF;CAKLPSYSYGPFDYW_CQVWDSSSDHPVF;CAKDRQQLVIDAFDIW_CQQANSFSYTF;CAKVLGFGPHYDILTGYYPFDYW_CQQSYSTPLTF;CASVQWLVDYW_CQQSYSTPMYTF;CAKDQSPSAKNGDYVSFDYW_CMQALQKTF;CAKDLRFLEWLLPYYYGMDVW_CMQALQTPWTF;CAKDIRGNSWYGDSEGIW_CMQGTHWPYTF;CASGMVDFDYW_CMQGTHWPPTF;CAKGDSRYWYFDLW_CQQRSNWPLTF;CAKWGHSSWYDNWFDPW_CQSADSSGTYVVF;CAKMGASRWGPSYYFDCW_CQQYGSSPRTF;CAKDHPTNWFDPW_CQQYYSYPRTF;CAKAQNYYDSSGYYPFDYW_CQVWDSSSDHSVVF;CAKAPESSAYYGPDYW_CAAWDDSLSGHWVF;CAKGATSCAYW_CQQSYSTPRTF;CARGRLGGYSLPGFDYW_CNSRDSSGNHVVF;CAKASARYCSGGSCYGTAFDIW_CQQSYSTPVF;CAKFHDSSGYYYLYGFDYW_CQAWDSSTYVF;CAKGAAASRTDYW_CQQSYSTPPYTF;CAKDEWERGAFDIW_CQQYNSYSPWTF;CAKADLLYSGSYGAW_CQQSYSTPYTF;CAKDGIVVVTAIKFGHGMDVW_CQQANSFPYTF;CAKRLDYW_CMQATQFPYTF;CANISPPPRYYGSGSYYNFAFDIW_CQQLNSYPFTF;CAKEDYNSGSCLDYW_CQQLNSYPQVTF;CAKVRGIVGATPCYFDYW_CQVWDSSSDHPVF;CAKDRGYRGDYSNWFDPW_CQQYNSYPRTF;CAKPSIVATIWAFDYW_CQQYDNLPPITF;CAKGRYSSSWYEDWYFDLW_CQQRSNWPPLTF;CAKDAEGQGPVLLWLGGMDVW_CQQYNSYSYTF;CATGIAVAGTLGYYGMDVW_CQQYNNWPRFTF;CAKASVAVAGTGGMDVW_CQVWDSSSDHVVF;CAKFFVVLSFWSGYYDYW_CQQLNSYPQTF;CAKGRNFVVVTAICDYW_CQQYGSSPLTF;CAKSLKLFAIDYW_CQSADSSGTYWVF;CAKGGYCSGGSCPLDYYYGMDVW_CMQALQTPLTF;CAKDHDEGATTYFDYW_CQAWDSSTVVF;CAKDRGPAEKYYYDSSGTQLIGAFDIW_CQQYYSYPPGTF;CAKALHAAVVGPAAIPFDYW_CSSYVGSNNYVF;CAKDHLMITFGGVGQGVPWFDPW_CQKYNSAPRTF;CAKAEGVKYNWNYGDYW_CQQSGSSPPTF;CAKETLGAVDYW_CCSYAGSSRVF;CAKAAMVRGVIDWYFDLW_CQQYYSYPPFTF;CAKGGGADFDHW_CQQYSIWPLSF;CAKDRDGYNADDAFDIW_CQQSYSTPLTF;CAKSYGSGSYYRTSEYYFDYW_CQQYNNWPPGTF;CAKRDSSSWGWDRGAFDIW_CQQLNSYPGFTF;CAKGFDYYGSGSYSPFDYW_CQQYNNWPPEYTF;CAKDGRWELGTFDIW_CQQYDNLPQF;CAKDRRLGPWIPDYW_CQQYDNLPQAF;CAKDRCTITSCSYQNW_CMQALQIPPTF;CAKDRSFDYPDYW_CQQYYSFPYTF;CAKLGEEDGSGSPSYYYYGMDVW_CQQYNNWPPLTF;CAKILYSSGWWGGAFDIW_CQQYNSYPLTF;CAKDKASSWQDRYYYYGMDVW_CVLYMGSGIRVF;CAKVGVGATSHFDYW_CQQSYSTPRYTF;CAKDLPRSVVVTANSYYYGMDVW_CQQYNSYPVTF	0	NA
4	534	CARENYDFWSGYYHGADVW_CMIWHSSAWVF;CARRYYDSSGYSANFDYW_CQTWGTGIYVF;CAKAGDSSGYQKTYYFDYW_CQSADSSGTYGVF;CTTEALDYGANSRSPNFDYW_CQAWDSSNVVF;CAKDTEVGASRYYYYYGMDVW_CQQYGSSPPFTF;CASISMVRGEGGGYW_CQVWDSSSDHPVVF;CARADVVVVAALDYW_CQQYYSTPITF;CAKDFSGGEVVVVAATDYW_CQQYYSYPRTF;CARTGVTTVTTFPYW_CQQSYSTPGTF;CARDRWVVAAYYYGMDVW_CAIWYSSTWVF;CARDPMVRGVNYGMDVW_CMQALQTPRTF;CVGVGYNYRRDGAFDIW_CQQYGSSPQITF;CARETGYSSGWYEATGMDVW_CNSRDSSGNHLVF;CARSKGCSGGSCYHNWFDPW_CQQSYSTPYTF;CARDRYYYGSGRHRGSYYYYGMDVW_CAAWDDSLNGWVF;CAKPEAGQWLHVHHNHYGLDVW_CQSFDNSLSGSVF;CAAIAVYVYW_CQQYNSYPLTF;CAKANLAGVVAAIGIDYW_CAAWDDSLSGVVF;CARGIQLWWWFDPW_CQQSYSTPCTF;CASPQPGSGWSNYYYYGMDVW_CSSYTSSSTSYVF;CARDELDILTGYNIPTFGGCVYW_CQQYYSYPWTF;CVKEITAAKNRRKSLGYFFDFW_CQQYNDWPPLTF;CARDVCRGHYGDCLWGYW_CQQYYSYPITF;CARKGIAVRGGIDYW_CLLYYGGAWVF;CARDVSDGYNYEAWVDYW_CQQSYSTLWTF;CANGPPINYGDYEDAFDIW_CQQYNSYPLTF;NA_CQQSYRTPFTF;CARDRRGEHNFDYW_CQQRSNWPPGTF;CARDSEGEPSAGDAFDIW_CQQSYSTPWTF;CAKVLLDYYYGMDVW_CSSYTSSSTLVVF;CARGGWWELPYYYYYGMDVW_CMQALQTRNTF;CAKDPDYW_CQQRSNWPTF;CARVLDVW_CQQYNSYWTF;CAREKWELPPPPYYFDYW_CCSYAGSYTVVF;CAHRRYYYVAFDYW_CQQYYSTPLTF;CAHHGSARYSSSWHAAPGPYYFDYW_CQVWDSRAYVF;CARDFTEDGYNFDWRMLPDYW_CQQRSNWPPITF;CARGQIGGWSPYYYYGLDVW_CQQGYTNPFTF;CARGRNLGVVTKFNWFDPW_CAAWDDSLNGLVF;CARDGPYSGSYYGDAFDIW_CQQSYSTPRTF;CARDLGATDYW_CCSYAGSSTPYVF;NA_CQSADSSGTSWVF;CAKDGGLDYALYWYFDLW_CQQYNSLYTF;CAHKMGRGGGVDYW_CQQLSTDPITF;CTRDPHYGDHVPHNWFDPW_CQQSYRSPYTF;CARYDYDITVDHW_CMQGLQPFTF;CARAVDTAMVTNNWFDPW_CQQSYSTPFTF;CATEDTARDLYRAAFDIW_CQQYNGWTF;CARGYATALSRTDYW_CSSYTSSSTLVVF;CARGWSIVVVVAATFPNWFDPW_CQQRSNWPPTF;CARVAAVRSGRVNYYYYYGMDVW_CQSADSSGTYKVVF;CASIAVAGYFNYW_CQQYYSTPFTF;CAKVFSSSWGDYW_CQQSYSTPITF;CASFVDTAMAIPLDYWYFDLW_CQQYNNWPPWTF;CARGTVTTGRGYFDLW_CQQYGSSPQVTF;CAKDRASYYNFPIDPW_CQQYYSTPFTF;CAQTKLGIFGGMDVW_CQQSYSTPYTF;CARGPGYFDYW_CQQYDNLPRTF;CASHGVVVAATRGTPGSDYW_CQQSYSTLRTF;CASTVPSSLRAGAFDIW_CQQYYSTPRTF;CARDTMGPLYYGMDVW_CQVWDSSTVVF;CAKDLGELTDYW_CSSYTSSSTLVVVF;CAKSGPPLEWFFLGYYYGMDVW_CNSRDSSGNHVVF;CAKDATGYFDWLPYYYYYYGMDVW_CLLYYGGAQLWVF;CTTDSPHMITFGGVIVFDYW_CAAWDDSLNGGVF;CARDLRPVAGTADYLDYW_CQQYHYWPRTF;CARGVTIFGVVIMGGMDVW_CQQSYSTPYTF;CAKDLLSIYGSPSDYW_CQPYYGAPPYTF;CASAWYYYDSSGYYPFDYW_CQQYGSSPWTF;CVKDRSSRQLKAVGTYFDCW_CTSYTSSSTSYVF;CAREDLLWFGERWAKNSFDPW_CMQALQTPITF;CTRVVTMIVVAQGGFDYW_CAAWDDSLSAVVF;CARDKVVGARNWFDPW_CQQSYSTPSF;CARAVLRFLEWFSNWFDPW_CSSYTSSSTHVF;CARDRVVGATLYYYYYGMDVW_CQAWDSSSVVF;CARHEVPEMATIRGWFDPW_CQQYGSSLFTF;CARDRGSGTEPDFDYW_CMQATQFPLTF;CARVFGSVGATRSTDYW_CQQYITDPFTF;CARDELDILTGYNIPTFGGCVYW_CQQYYSYPWTF;CAHSDYYEGRGMDVW_CQQYYSTPYTF;NA_CQQYDELPVTF;CATTYYYDSSGYYQNDAFDIW_CQQYYSYPRTF;CAREIEGDGVFEIW_CMIWHSSAWVV;CARHIRGNRFGNDAFDIW_CQQYYSFPYTF;CARRLITMIEGGAFDIW_CQVWDSSSDHVVF;CAKVMIEHPSNRGHFDYW_CMQALQTPYTF;CTTDDEKRPYSGSYLPFDYW_CQSYDSSNVVF;CARGGRVSVAVYWDYYYYGMDVW_CQKYNSAPFTF;CAHSAQYYDILTGYYKAPWGGAFDIW_CQQYNSYSWTF;CARDDFGGATFYSSFDYW_CQQSYSTPYTF;CARAAKIFGVVTAFDIW_CQQYGSSPWTF;CVKDYSTSGWYYFDFW_CQQYGSSLPYTF;CARVVPAAFYGMDVW_CQQYGSSLFTF;CAGGSGYCTNGVCYPRGFDYYYGMDVW_CAAWDDSPPWVF;CAKDDTAMVTADFFDYW_CQTWGTGIWVF;CARTPRWLQCFDYW_CQQYNSYSWTF;CARDQWLAYYFDYW_CQSYDSSNHWVF;CARSGTTYYDILTGYYNYW_CQQYGSSRWTF;CAHRYYSNIDYW_CMQGTHWPWTF;CARDWGYYDSSGYSPRGYYYYYGMDVW_CQQLNSYSFTF;CAKDRVGYGDYVDYW_CQQYNNWPPWTF;CARLGSSPYYW_CQSYDSSLSGYVF;CTRYYGDVW_CQQYYSFPWTF;CAKDHYYDSSGYYSGLGYW_CQSADSSGTYRVVF;CATGLVVPAAILYGMDVW_CQQYGSSRGLTF;CAKDDGDAAAGLIYW_CAAWDDSLSGVVF;CAKDGGGEEALELPDYW_CGTWDSSLSAVVF;CATLRYPSLGVDYW_CHQYNNWPFTF;CARKDSSGSDAFDLW_CQQSYSTPYTF;CARDVVQLWYQIDYW_CQQSYSTPPNTF;CAKYVDTAMNQFDPW_CQQANSFPITF;CARGLHYYDSSGRSLYYFDYW_CQQYGSSPPGQTF;CANQPPSLYW_CQQYNNWPGTF;CARVGYDYVWGSYRYTGVMDVW_CSSYAGSSYVF;CARGRPYYYDSSGYPYDAFDIW_CMQALQTPLTF;CAKERVVTAIPVVIFDYW_CQQSYSTPRLTF;CARPYGDYAYFDYW_CQSYDSSLSGYVF;CARDWWERQDSKRPDYFDSW_CQQTNSFPITF;CARHSNDGSDYFDYW_CQESYGALLTYTF;CASTEIEMLVPRYCSSTSCYFVWFDPW_CGTWDSSLSAGHGVF;CASASSTGTDAFDIW_CQAWDSSTHVVF;CARDGSWYAAWFDPW_CQSYDSSLSGSVVF;CARDPSLGDPGWGYFDYW_CQQYNSYSTWTF;CVREMTGSFTGGLDPW_CMQGTHWPPTF;CAREVNTAMAYYYYYYGMDVW_CQQYGSSQWTF;CARERRGGGHYYDSSGYYLSDYW_CQQSYSTP;CARGGGYSSGWATREVVYW_CQSYDSSLGAVF;CAKVPTVTTFLGYYYGMDVW_CQQSYSTPWYTF;CARDLRPAANFDYW_CQVWDSSSDYVF;CARLSYSSSWYYFDYW_CQQSYSTLYTF;CARVPKVRYCSSTSCYKDYYYGMDVW_CQVWDSSSDSWVF;CATWHYYDSSGEDGMDVW_CQQYNNWPRTF;CARGRSSWHLDYW_CMQALQTPFTF;CARDPWELHGFDYW_CQQYGSSSFTF;CAREAYYYGMDVW_CNSRDSSGNHNYVF;CARDRSVVTMVRGVIPFYW_CCSYAGSYTVVF;CARHEKMNYYDILTGYSPPYYYYYGMDVW_CQSYDSSLSAYVVF;CAHYQGIAVTGTWFDPW_CQSYDSSNVVF;CARESSSWFPYW_CQQSYSTPFTF;CARERDYSPGRYYGMDVW_CGTWDSSLSAGVF;CARHPTPAAMVGYYYYGMDVW_CQQANSFPLTF;CARDGPMTAIGGYGMDVW_CQSYGSLGGSVF;CAKGRTTEGTDAFDMW_CQQVHSYPITF;CAKDRSSLLWFGELLYMPEEYGMDVW_CQQYNNWPLTF;CTNYGMDVW_CSSYAGSNNWVF;CARVDSFAPNSGYGAQLLNWFDPW_CQQYNNWPLTF;CAREDYDTASFGYW_CQQYDNLPYTF;CAKDFGRGSYHRAEYFQHW_CQQYNNWPPWTF;CARGGSLPLITMIVGFFW_CQQYGSSPEYTF;CTREAEMATISIDYW_CQVWDSSSDHVVF;CARDAPIWDTAIVYW_CQQYGSSLPWTF;CARLLVSAYNWFDPW_CQQSYSIPAF;CARIPMTTVTSYGMDVW_CQQYGSSSITF;CARDDEWEPYDYW_CCSYAGSSTYVF;CTTVLRYFDWLLSDYGMDVW_CLLSYSGARGVF;CAIGTGIVGTTFPREYW_CMQALQTSWTF;CAKDMELGWLIDYW_CMQALQTPLTF;CARERNIVVVPAAETFDYW_CQQYNNWPPLTF;CARIGFGEYDYGMDVW_CQSYDSSLSVVF;CARGNDYYGSGEFDYW_CSSYTSSSTLVF;CARGVGATDFDYW_CQSYDSSLSGVVF;CARDPSNWGSFGYW_CQAWDSSTYVF;CARVDGYNYSFDYW_CQQYNNWWTF;CAKEPYGGNSFVYYFDYW_CQQYGSSPGLTF;CAKAEWGGTENYIPYYFDFW_CQSYDNNNLIF;CARSHCSSTSCYPNYYYGMDVW_CQQSYSTPRTF;CARDFGERYCSGGSCYSFDPYYYYGMDVW_CLQHNSYPWTF;CAKEYPGPGQLDDAFDIW_CQSYDSSLSGKVF;CARVDTAMVTGLAISPPWDYGMDVW_CQQYNSYPWTF;CAKDIGDGSGSNSQKRDYYYGMDVW_CQQSYSTPRTF;CATDPYNSGWFASLKNQVLYYW_CQQSYSTPQTF;CAREHTGGWLQRYIDYW_CQSADSSGTYPRVVF;CARGYCDSTSCYAVGYFDLW_CQTWGTGIVVF;CARDPDPNWSKDWFDPW_CQQYNNWPPLTF;CAKGRYSFGLDNFDYW_CQQDGNSPTF;CASRAVQSSGWRQDYYYGMDVW_CQSYDSSLSGVF;CAREASEGPW_CQSYDSSNSWVF;CARLGGYSSRGNWFDPW_CQQSYSTPPYTF;CARDPHHTFGGVLVW_CQKYNSARTF;CAGYYYDSSGYLSSFDIW_CQSYDSSLSVVF;CARLPYRYSGSSNDAFDIW_CAAWDDSLSGPVF;CARAGYGDYVGDFDYW_CQSADSSGTYVVF;CARDYYGSRSDSGMDVW_CQQSYTTPYTL;CAKDGREAAAGTDYYYGMDVW_CQAWDSSTVVF;CARDSPGWGSSGFYYGMDVW_CQQYGSSPRYTF;CARVSGDTMIVVVHRDGMDVW_CQQYNSYSVTF;CAKNLATTGSHW_CLQDYNYPRTF;CAKDGGRGVVIIFYFDYW_CQQYGSSPITF;CARGIAVVTLWGPFDIW_CQQYNNWPRTF;CARDRWVPAAVPHYYYYGMDVW_CQQANSFPLTF;CAREGAAGPPPGHYYYYGMDVW_CMQALQTPFTF;CAKQGHFTDTKRIDYW_CQQYDSYPITF;CAVIPVTGQEASLSAEYFQHW_CQQSYSTPFTF;CARDSPSSGSYGLFDYW_CQTWGTGIRRVF;CASPGGGLLWFGELFRSYFDYW_CVLYMGSGFWVF;CAHRPVSDDILTGYRYNWFDPW_CQSYDSSLSGSVVF;CARGFIGYNFDSW_CQQSYRTPITF;CAREEGYCSGGSCEYNYYYGMDVW_CQQYGSSLITF;CARGRRVFLALSYW_CQQYGSSPHTF;CARGAGRIGQVDVW_CQQYNNWHTF;CARGYYDSSGQSLDYYYYGMDVW_CQQYYSYPFTF;CARTGKNGSGSYWFDPW_CQQYRTF;CARDGDTAMVINYFDYW_CQSADSSGTYWVF;CARTDIVATPDGGFDYW_CQTWGTGIHVVF;CAREGFYYYGSGSVSGGNWFDPW_CQVWDSSTVVF;CAKVPLGWGAAGGAYFDYW_CQQYGSSPATF;CARVGCSGDTCYSYDWFDPW_CGTWDSSLTAVVF;CARGGILTGKLSDYW_CQQYDNLPTF;CAHGLTGYYTYYFDYW_CQQYYSFPPTF;CARQVGANPFADYW_CAAWDDSLSGPVF;CARGKGEGRYYYDSSGYYYFDYW_CQQRSNWPPLTF;CSVYDAERGYFDYW_CCSYAGGDTSYYVF;CARNKQHIVGATLHTHYSNWFDPW_NA;CARLYGDYGDYW_CNSRDSSGNLFVVF;CARPYSSSWSPMDVW_CQSYDSSLSGHVVF;CARDKGYSSSWYIRSSWFDPW_CLLSYSGARLVF;CARAVCGDDCYLLDSW_CAAWDRSLGAVVF;CARTTTVVTGDAFDIW_CQSADSSGTYPVF;CAKGRGDYYYYGMDVW_CQQYDNLPITF;CTTGGALNYW_CQAWDSSTACVF;CARDLTTRDYSDAFDIW_CQQYGSSPRTF;CARAGLEINTPDSSGYYYGGGYFDYW_CQQYDNLPPRRFTF;CAKDHGYDFWSGYSDAFDIW_CQQSYSTPLYTF;CARESGYTNYYYYGMDVW_CQQYNSYPLTF;CARKYQLPYYYGMDVW_CQQSYNTPDTF;CARDSTYYYDSSGYPVSDAFDIW_CQQSYSTRRYTF;CAREVYSSSTNWFDPW_CQVWDSSTDVVF;CARANAEYSSSLLFDYW_CQSYDNSLSAYVF;CAHSPYDYVWGSYRQSWFDPW_CQAWDSSTVF;CTTIYYDILTGDYW_CMQALQTPITF;CARLDYDFWSGTPERMDVW_CQQYGSSPPWTF;CARVRKNWNYDLDDWYFDLW_CQVWDSSSDHYVF;CATRRVRGEGLAYW_CQQYNSYSRTF;CARNYDSSGYYVPPYFDYW_CQQYNNWPPYTF;CARDPANYFDYW_CQQSYSTLWTF;CAREESSSWYRYW_CQQYGSSPLTF;CARIVQGGSYLSGGIDYW_CMQSIQLLFTF;CARDRLIIRFLERPNWFDPW_CCSYAGSSTPVF;CAREYSNNWYFFDYW_CQQYAGSPLTF;CARVSGVGTSFAGFDPW_CQSADISATVF;CAREPTPRYSGSYRGFNYFDYW_CQQYYSFPLTF;CARAADYCTSASCPNEYFQHW_CQSYDSSLSVF;CARGRMTVHNDDSGFPEYLYYYGLDVW_CMQVMDNPRTL;CATSRVAVAGVDYW_CQSYDSSLSGVVF;CARDLGIAVAGRVEGYFDYW_CCSYAGSYTLVF;CARDVSNVLVIAVSPSWFDPW_CQQTYSIPYTF;CARDAPDRGSSWYSALFDYW_CQQYNNWPPTF;CARRDGGYCSSTSCSFDYW_CQQYNSYSPTF;CARAEIFGVVIQAFDYW_CQSYDSSLSGSVF;CVKKVIGFDDW_CQQSDTFGYTF;CAKGMDGSGSYYNKDGMDVW_CQAWDSSTGVF;CARVNGLLGEYYYGMDVW_CMQALQTPPNTF;CAKDWAVGWEFVDSW_CQQSHTVPLTF;CARDEGAAAYFDYW_CCSYAGSSTCWVF;CARAAGYCSSTSCYEIYYYYGMDVW_CQSYDSSLSVPF;CTRSYVLRFLEWFSPFDYW_CQQYGSSLWTF;CASSGSYQGNWFDPW_CQQSYSTPYTF;CARSPPRYDLSLVDAFDIW_CQQYNSYSTTF;CARETIAAAGSNFDYW_CQQSYSTPRTF;CARVSGYSYYFDYW_CQQLNSYLLTF;CATYIAAPRDYYYGMDVW_CMQALQTPYTF;CATGKTYSAPHAYYYFDYW_CQQANSFPRTF;CAKEVHSSGFDYW_CQSADSSGTYPWVF;CTTDHIVVVTAMIFGYYFDYW_CQQLNSPLTF;CAREGPTVTKFDYW_CQSYDSSLSGSVF;CEVKAAAGNFYW_CSSYAGSVVF;CAKDIEGGSGYYLTPGGFQHW_CCSYAGSSTFVVF;CARDAMAIGDYYYYGMDVW_CQQLNSYPSLTF;CARREGAGYDILTGSYYYYYGMDVW_CLLYYGGAQLGVF;CTTRLWRISQYYYDSSGYGHFDYW_CQSADSSGTYVF;CARTTLLAAAIDYW_CQQYYSFPYTF;CARAKAARPTPTYYYYYYGMDVW_CQAWDSSTGDVF;CARSGYDSSWVGYDFDYW_CQAWDSSTPVF;CAREGLEIDAFDIW_CQQSYSTPWTF;CAHTSAYYDSSGYYPPFDYW_CQQSYSTPLTF;CARATQDSSGWYGFWYFDYW_CQQYNNWPPTF;CARMLVVVAATGYYYYGMDVW_CQQYGSSQTF;CAREAYDSSAYSTIDYW_CQTWGTGIHVF;CARSAGSSGSFEYFQHW_CQQYGSSPLYTF;CARRLFLYSSSGYYFDSW_CQQASSFPPLSF;NA_CQQSYNTPRTF;CARGGGAVAGTIDFHYW_CCSYAGTDLWLF;CAKDRGYYDSSGYYYSDYGMDVW_CQSADSSGTYVF;CAKDGFGGASDHW_CQHYDRSPWTF;CARAIQMGCSDGSCLW_CQQYDNLPSYTF;CARKGRWLPDGDDAFDIW_CQQYYSYPLTF;CARAGLRSWFDPW_CMQSIQLPNTF;CARHSYGAYYYYGMDVW_CQQYGGSPLFTF;CAAGVMTARYDYW_CQQSYSTPLTF;CAHFMTTVTTGYFDPW_CIQVRQTPFTF;CAREGGGDILTTYYYYGMDVW_CQQYGSSTRALTF;CARGFGGGDYRSMDVW_CQQLITYPITF;CARTTYGGNSLNWFDPW_CQVWDSSSDHPVF;CAKRGGLMVRGVAVDYW_CQQYYSYPWTF;CARGYGSGNYYYYGMDVW_CMQALQTPWTF;CARSNYDILTGLDYW_CMQALQTPYTF;CAREDSGSYGYFDYW_CQQYNNWPQTF;CARRVLYYRFDPW_CNSRDSSGNHLF;CARGDYDYVWGSSPDAFDIW_CMQGTHWPLTF;CARDVRGYYYDSSGYSGEGYWW_CQQSYSTPYTF;CTRDRYSSSWYKGLYYYYGMDVW_CQQSYSTPYTF;CARVFFRVVYAMAYW_CQQYNNWPPMYTF;CASSLRYFDWTVNNWFDPW_CQQYGSSPQTF;CTRGYCSSTSCYTGWFDPW_CQAWDSSHVVF;CARDGRWELLGNQHW_CCSYAGSSTYVF;CARVYYDSSGYYYFDYW_CQQSYSTPWAF;CARGRVRWELLGDDAFDIW_CQQYDNLPLTF;CCTYVFVGIVPTIVDYW_CQQYNDWPPAGTF;CARDIQYYYDSSGYDAFDIW_CQQSYSTPWTF;CATSWGIAALYGMDVW_CNSRDSSGNPYVF;CAKDYPVAGDLDAFDIW_CCSYAGSSTWVF;CARANWDNWNDGLDYW_CGTWDSRLSSYVF;CARAGYCSSTSCSKEDVW_CQQSYSTPPRTF;CAREPLGGDYYYYYYGMDVW_CQQYGSSPTF;CARLSLRARFRGAFDIW_CCSYAGSYSVVF;CAHSLPSDIDYYYDSSGYSPSPPLFDYW_CQQYNNWPLTF;CASGYGGKTYYFDYW_CQQYGSSPGTF;CLGRELGHSW_CLQHNSYPWTF;CTAVLRYFDWLLMEAHENYYYYGMDVW_CQSADSSGGVF;CARDRSRWEFLYYFDYW_CQQYGSSGYTF;CARARYYDSNSYSYAW_CQTWGTGIWVF;CARLDYYDSSGYYDW_CQTWGTGIPVF;CARDYIAVAGPGENWFDPW_CQQSYSTRTF;CARDRGGYGVRWFDPW_CQQYDNLPPTF;CARRGNAIFGVVTHYYYYGMDVW_CMQALQTPLFTF;CSNYDILTGYYWFHYW_CQQYNNWPFTF;CASSFLDTSIVEYYFDYW_CATWDDSLSGLF;CARIVVVVTSRWFDPW_CQVWDSSSDHYVF;CARSLEWLDDYW_CQSYDSSLSGSVF;CARDAYGGYSFYYYGMDVW_CQQYGSSPFTF;CAGGSGSYYHLDPW_CQQANSFPYTF;CARPRLDYGDYGAGLGYW_CQKYNSAPFTF;CARDRGLRKKYFQHW_CQQYGSSPSTF;CARSLGPEFYYFDYW_CQQSYSTPWTF;CVSQLYYLDGRGYYYDYYYDYW_CLQHHDYPWTF;CTTVSPYGDYVGVYFDYW_CQQYYSYPPTF;CAKDFMEYYYYGMDVW_CSAWDSSLSAVVF;CARSPGSGSYTW_CQQYGSSPLTF;CARLPYAGGPYYYYGMDVW_CMQRIEFPFTF;CARGKPRSLELWSFYYYYGMDVW_CQQSYSTPPTF;CAMGGYDSSGVQLDYW_CAAWDDSLSGYVF;CAHRYCSSTSCYGLGDWFDPW_CQSADSSGTYLVF;CARHSEGLGPVDYW_CGTWDSSLSAWVF;CARAIFGVVSVMGFDYW_CMQALQTLTF;CAKSMKSFDYW_CQQSYSTPLTF;CTTEGGDGYNSFDYW_CQQYDNLPITF;CARDTTYGDYYYGMDVW_CQSADSSGNWVF;CARDGKGYSYGSGNYYGMDVW_CQQSYSTLYTF;CAHRTTTYYFDYW_CQQYNSYPYTF;CTTDLVWFGELANAFDIW_CLQHNSYLPEWTF;CTRGGTLGARSGYYDYYYGMDVW_CQQYNSYPLTF;CAKDEGRVVAVAGTGEHAFDIW_CQQYNSYSPTWTF;CAKDITIFGVVISHLDYW_CLQDYNYPLTF;CARTYYYDSSGYRNAFDIW_CQSADSSGTYPVVF;CAKCFYYDSSGYYYYYYGMDVW_CCSYAGSSTLVF;CARDLLSISGSPFDPW_CQQRSNWPPGGGGLTF;CARGGINGGAYFDYW_CQQYGSSPWTF;CARDRGPAGLDYW_CQQSYSTRYTF;CARRGYYYDSSGYYYDWFDPW_CNSRDSSGNRVVF;CAKGLNTAMVSYYFDYW_CVLYMGSGIWVF;CAKDIREGWSSGYYPVLDYW_CQVWDSSVVF;CAKDSPSGYYYYYYYGMDVW_CQQLNSYPITF;CARDRIAAADHNWFDPW_CAAWDDSLNGWVF;CARDIGGIAAAGSPPSAFDIW_CQQYNSYSTF;CAHSYYYGSGRGGWFDPW_CQSADSSGTYVF;CARDGSSSIFDYW_CNSRDSSGNHVVF;CAKPLRFGYSSSSCFDYW_CSSYAGSNNYVF;CAHTGFESLDYW_CQSYDNSLNGLGVF;CARDEDYYYDSSGSVDYW_CQQSYSTPWTF;CARQIAAAGPENWFDPW_CQSADSSGTYLVF;CARGLPVDVW_CGTWDSSLSAGHVVF;CARLIYYGSGRFGAFDIW_CQQYDNLPWTF;CARNEITIPLDVW_CQQYGSSPLVTF;CAKGGWFGELLFRLDYW_CQQYDNLLTF;CTTDHGDAYNYRW_CQQYGSSPRTF;CARDHRMNIAVAGTNWFDPW_CQKYNSAPLFTF;CARALREEQWLNNAFDIW_CQQYYSYPTF;CAHRPPYYDSSGYLSW_CQQYGSSLWTF;CARHYVDTAMVINQYYFDYW_CQSYDSSLSDVF;CARDNYDILTGHYGMDVW_CAAWDDSLSGLYVF;CAKDSSSSDWFDPW_CQQYYSYPLTF;CARDYVAVAGTLDYW_CQQYYSTPYTF;CTRDLAYSNYEPPNHNWFDPW_CLQHNSYPLTF;CARERYYYYGMDVW_CYSTDSSGNHGVF;CAKEGITGYYYYYGMDVW_CQQSYSTPHTF;CAKVALRYFDWLPPYFDYW_CQQYYSYPQNLTF;CARAHDSTGYQDFDYW_CQQAKSFPYTF;CARVGVYGSGSYLVGGDYW_CQQSYSTPWTF;CARGPYYGSGSGEFDPW_CQQYYSYPLTF;CARGSCYSSACYYYYGMDVW_CGTWDSSLSAVVF;CARDFDAAEGAFDIW_CQVWDSSSDPTFYVF;CARGAHSSGYYIDYW_CQQYYSFPFTF;NA_CHQYNNWSSWTF;CAREQDFGGNPFDCW_CMQVLHIPRAF;CARGTMVRGHYYYYGMDVW_CQQSYSTPLTF;CARGYSYGYLDWFDPW_CQSYDSSLSGVVF;CARAAPYSSSSLDYW_CQQSYSTLTWTF;CARRRITMNDYFDYW_CQSYDSSLSGVVF;CARGPDGGAFDIW_CQRGLTF;CARDLIARTALTYYYYGMDVW_CQSYDSSLSGGVF;CARYGVYGDYPGALFDYW_CAAWDDSLSGLWVF;CAKDRRGCSSTSCYTFDYW_CQQSYSTLSF;CARVSGYNSYYFDYW_CQQSYSTPRTF;CAAPSPRFTSSTGGGMELPLHVW_CCSYARGSSLVF;CAKDARWRPRVASIDALDIW_CQQYNNWPRTF;CARHIERYCSGGSCYEALDYW_CMQALHPITF;CASYLEMATRYYFDYW_CLQHNSFWTF;CARVTRVTQSNDFWTSYYTDCFDAW_CYSTDSSGNHKVF;CARLYSSSWTNYFDYW_CQQYYSYPLTF;CARGTVYSVPGGHYGDYVRDPKYYYYGMDVW_CQSADSSGTWVF;CARGAAGVRGPIGYW_CAAWDDSLSGWVF;CARVAVAGTTNWFDPW_CQQANSFPYTF;CARVLGGPGATTFDYW_CLQDYNYPWTF;CARTPVSTSYDSPGWYSSGWFFDYW_CQTWGTGIHVVF;CARTMVRGVTPADAFDIW_CQQYNSYSSTF;CAKSMGATILHAFDIW_CQQYNSYPLTF;CARANSGSYSFFFLRLDYFDYW_CQQYNNWPLTF;CARAAGTGGYYYGMDVW_CVLYMGSGISVF;CARAGQFGDSYYYYYYGMDVW_CLQDYNYPQTF;CAHFTKRPTDAFDIW_CNSRDSSGNHRVF;CARRLAYNGNWDYGDFDYW_CCSYSKTATF;CAAGFGLSGSYIHYYYYGMDVW_CQQYGSSPPLTF;CATDNWNFGADSGFGYW_CMQGTHWRTF;CARVLGSFSFGYDGFDIW_CQQLNAYPTF;CARDPGIAVAETVYYYYYYGMDVW_CMQALQTPPTF;CARTVGAGYKIGKGYFDYW_CQAWDSSTVVF;CARDQDLAALNYW_CGTWDSSLSAKVF;CTTENVLLWFGEPEYYYYYYGMDVW_CQSADSSGTYAVVF;CARSLFEGTVMAFRAEHMDVW_CQQYKTFFAVSF;NA_CQAWDSSTVVF;CARPPSHDSPMYHYW_CQSADSSGLWVF;CARDTMWWSYGMDVW_CCSYAGSGEVF;CARLRRYSSGYYYIAGDFDYW_CQSYDSSLSGVVF;CARDKGGTTVTTSNWFDPW_CQQYDNLPLTF;CARDGGGYYQKKGYFQHW_CGTWDSSLSAVVF;CARERPRGAAETW_CQAWDSSTWVF;CARDDIVVVPAAIDYW_CQSYDSSLSGPYVF;NA_CQQRSNWPPYTF;CARKFDCW_CQQYGTSLPVTF;CARGVLRFLEWLSNMDYYYYGMDVW_CMQALQTPRALTF;CAKDGSYYDSSGYSDYW_CQQYNNWPPWTF;CAKDKSYSVEYW_CMLFMGSGIWVF;CAKADVRSNWNDMHFDYW_CQAWDSSTVVF;CARATPRGYGGNSLNWFDPW_CQQYNSYPFTF;CAEGYQLPGLYYW_CNSRDSSGNHLF;CARHAGSGSYYFWFDPW_CQQYGSSPYTF;CAKDLQIGYCSSTSCRNAFDIW_CQQYGSSPPRVTF;CARGRGSYFDYW_CQQYGSSLWTF;CARTCSSTSCYTYGMDVW_CQQYNNWQYTF;CAHRGYSYGPLFDYW_CLLYYGGAQLVF;CARLPTLRYGSGSYYNGALDYYYGMDVW_CMQALQTPLTF;CARSIAAASPFDPW_CQQYDNLPPTF;CARGPPYGHLGYW_CQQYNNWPPITF;CAKDILGGGYFDYW_CQTWGTGMGVF;CAKDASYGYLFEYWYFDLW_CQQYNNWPPWTF;CARFGAKNYYDSW_CQQYNNWPGTF;CAREKWLRPQLDYW_CQQYGSSPKTF;CVKGPYYDGSGNSFGRKAFDIW_CQQYGSSPYTF;CARGASKGNQPALHYGMDVW_CQQSYSTPPAF;NA_CCSYAGSSTVVF;CATTLASPTHDYGDYEGGYMDVW_CQQYGSSPLTF;CALGIDAFDIW_CQQYNNWPKTF;NA_CQSYDDSLSGTVF;CARGFYYGSGSPLSGMDVW_CQQSYSTPRTF;CAKDPAASGSPWYFDYW_CQQYYSFPRTF;CAREVSRQSGSRPIKWFDPW_CQQSYSPPPLTF;CTPSLETYGDYALGYYW_CQSADSSGTYPYVF;CAKDFGGPLQFDYW_CQQYGSSPRTF;CAKDMLFSNNYW_CQTWGTGINWVF;CARDENHLYYGDLAYW_CQQSYSIPRAF;CARGSRLLLWFGELKVGPGFDPW_CQQYNSYWTF;CAMKGGRDGYNTRVYYYYGMDVW_CCSYAGSSTPYVF;CAKDIGPTNCSSTSCHAYYYYGMDVW_CQQYNSYSTF;CWRDRREAPIEMEVASTRG_CMQSTHWPYTF;CTRHTHCSGGSCYDAFDIW_CQQSYSTPRYTF;CAREPPHGSGTDYNWFDPW_CQSYDSSLSAYVF;CVKDLYDTGSYYYFDYW_CSSYTRSSTLVF;CSRHEGVGGNSDYW_CVLYMGSGISMF;CARNHDYGDYMFGGMDVW_CQSADSSGTYVF;CTTSGGDW_CMQSIQLPRTF;CARDRTSFGYSYGNIDYW_CQTWGTGILVF;CAKDELASYGGVGYYW_CQSADSSGTYFWVF;CAREPKHSGYCSSTSCYIGNWFDPW_CQSYDSSLSGNVVF;CARASWDSSSWGLGFDPW_CQAWDSSTGVF;CARTRVRGVISPFDYW_CQQANSFPPTF;CTREYYDFWSGDYW_CQQYDNLPLTF;CARDGGRGSGWSTPDYW_CNSRDSSGNHVVF;CARHYDFWSGDNPYWYYYYGMDVW_CQQYGSSPPWTF;CTTTTADIVVVPAAIQTVDYW_CQQYDNLPLTF;CAIMVRGVIGSYYYYGMDVW_CQQSYSTTWTF;CAKDNGYGGNSLQHW_CCSYAGSSTLVF;NA_CQQSYNTLWSF;CARARYRRDGYHNLYAFDIW_NA;CARGFSETGPGYKRFYYYFDLW_CQQYGSSPQTF;CARVKGDYYYYYGMDVW_CMQALQTPHTF;CARDPPLYSSGWFTGDYW_CQQYNSYPRTF;CAKDGGEHRGNDYW_CQVWDSSSDHYVF;CARGYDFWSGYLPHYGMDVW_CQVWDSSSDHPGVF;CARETKQYIDYRSPTVGRPYDYYYGMDVW_CLLFYGGAQLGVF;CAKGVWESTTEDAFDIW_CQQYNSYSPFTF;CAKDQGYCSSTSCYPYYYGMDVW_CQAWDSSTVVF;CARLGGYDSTFDYW_CSSYTSSSTYVF;CARGGDYYYGMDVW_CQQYNNWPLTF;CARVAAAGTYFDYW_CQQYGSSPETF;CARINQHGSGTYSPDYYYYGIDVW_CMQALQTPMYTF;CARKSIAAAGLPYYYYYGMDVW_CMQALQTRFTF;CAQGGYSYGYYDYW_CAAWDDSLNGVVF;CARQRGGTAVPVYYFDYW_CQQYGSSPLYTF;CARALYYDSSGYQPNRYYFDYW_CQSYDSSLSGYVVF;CTRALNSNHFDYW_CQQANSFPLTF;CARVTDPDAFDIW_CNSRDSSGNHYVF;CARSAWHPAATGGMDVW_CLQDYNYPYTF;CARVSLVVPQQFDYW_CQAWDSSTVVF;CAKVPGYSTGWYYFDYW_CQQCDSSPEWTF;CAKDSTCSSTSCYRGYYYYGMDVW_CQQYYSYPITF;CARDSKQQLADNWFDPW_CQAWDSSTLVVF;CARGRNGGNRFDWFDPW_CQSYDSSLSGSGVF;CARGKNWFDPW_CQQYGSSPLTF;CASGYSSGRPDYW_CQQYDNLPITF;CARLSDGDYTFDYW_CQQYNSYWTF;CARGGTAGYSYGYAYW_CQAWDSSTAVVF;CAKDIVVVPAAPITLYYYYGMDVW_CMQALQTSFTF;CARWRLYYDSRGYYYGMFDYW_CQQSYDTPLTF;CARSRRIVGATSFDWFDPW_CQQYNSYSRTF;CASEDSGYGGGFDYW_CQSYDSSLSEGVF;CAHGRDYDSSSLPFDYW_CQQYNSYPYTF;CARAGAYYYGSAIDYW_CQQYGSSPGLTF;CAKGSSHSGGWFDPW_CQQYNSYWTF;CARDLLRAYSSSSTSSIDYW_CQQYYSYPRTF;CAKDVSGYLDAFDIW_CGTWDSSLSAGWVF;CAREGSRYFDYW_CQVWDSSSDHYVF;CASHDSSGYYLLDYW_CQVWDSSSDHVVF;CARYCSSTSCYTTYYYYYYGMDVW_CQQYYSYPLTF;CARLWVFLTMVRGPDFDLW_CHQSSSLPLTF	20	56	CARETTPVVTASTYYYYYGMDVW_CSSYTSSSTWVF;CARDWVRGVNDMDVW_CSSYTSSSTRVF;CTRPQRKWELPYPDAFDIW_CSSYTSSSTLF;CARGGAAVTTYYYYFYGMDAW_CCSYSSTNTLYVF;CARDGSGYLEQYYFDYW_CAAWDDSLNGYVF;CARGQGRTTSDYW_CSSYTSSSTLVVF;CARDPITMVRGVIISGWYFDLW_CSSYTSSSTLDVVF;CAKGADPYYDFWSGYSELFPLGMDVW_CSSYTSSSTVVF;CAREFKSFWSGYGDYYYGMDVW_CSSYTSSSTRVF;CARVVDDYYDSSGRYYFDYW_CSSYTSSSTQVF;CARHPFRVFGGWRDYW_CSSYTSSSTLWVF;CTGPDRMAYYDSSGYWEGVLDYW_CSSYTSSSPLYVF;CTRCGSSWTSYTMYDW_CSSYTGSRLYVF;CAKASLYGSGSYPPKYW_CSSYTSSSTYVF;CARDRPALWFGELHGMDVW_CSSYTSSSTLVF;CAKDHWEYYWYFDLW_CSSYTSSSTLVF;CARQISILRLLVWFDPW_CSSYTSSRGVF;CARHSPPRLWFGAFNYYYGMDVW_CSSYTGSSTLVF;CARRIAVAATVTGAMDVW_CTSYTSSSTLVF;CARYYDILTGYYYDYFDYW_CSSYTSSSTSF;CAKDPRLGPYFDYW_CSSYTSSSTRVF;CATSLVVVPAAILRGGVGGHYYGMDVW_CGTWDSSLSAVVF;CARILSDYYDSIGAFDYW_CSSYTSSSTPVVF;CARDRVAIMRGIKPNGMDVW_CQQLNSYPQTF;CARELTGDRDYW_CNSYTRSSTYVF;CARVNTMVRGLSTTKYYYPMDVW_CSSYTLSILIF;CARGGLPLGYCSGGSCSRRYYGMDVW_CSSYTSSSTLVVF;CARVEYGDYSGWFDPW_CSSYTSSSTWVF;CARGINYCSGGSCYYYYYYGMDVW_CSSYTSSSTLEGVF;CAREGPSRPAANYW_CSSYTSSSTEVF;CVRDQGSGGNYFDPW_CSSYTSSSLYVF;CARDDYYYDSSGYYPRFDYW_CSSYTSSSTLGVF;CARGSRYSYGDPCFDYW_CSSYTSSSTPVVVF;CARYYQDRFDYW_CSSYTSSSTLEVF;CARGPYDILTGSIYYYGMDVW_CSSYTSSSTLIF;CARDLGWSEGNYYYYGMDVW_CSSYTSSSTYVF;CAYDSSGYSLDYW_CQQYGSSPF;CARDQGTAAKPLDYW_CSSYTSSSTRVF;CARGGYSGYESDYW_CSSYTSSSTRVF;CARSSVGRQWPKGMDVW_CSSYTSSSTLAF;CAKDIRGRMATIMSW_CSSYTSSSTLVVF;CARVELHYYYYYGMDVW_CSSYTSSSTLF;CARGMIVVVMRYGMDVW_CSSYTSSSPVVF;CAKGILRYFDWHLEGMDVW_CSSYRNISTVF;CAKDIVSYSNYVLSNW_CSSYTSSSTQHVVF;CARHGSYLGYFQHW_CSSYTSSSTVVF;CAKDKGPDYYYGMDVW_CSSYTSSSTLYVF;CARSMVRGKYRAEYFQHW_CSSYTSSSTLNVVF;CATLSGMDVW_CSSYTSSSTLVVF;CAREGRPPRKPKNNWFDPW_CSSYAGSNNLVF;CARGYSYGPFDYW_CSSYTSSSTLVVF;CASPITTVTTRGAFDIW_CSSYTSSSTFYVF;CAETSYCSGGSCPMSEYGPVFDPW_CSSYTSSSTPWVF;CAKDCGEPWYNWNDGIGYW_CSSYTSSSTWVF;CARDSRLGGVDPW_CSSYTSSSTRVF;CAKAPGGYNWDNYHYYYFAMDVW_CSSYTSSSTLYVF	0	NA
4	534	CARENYDFWSGYYHGADVW_CMIWHSSAWVF;CARRYYDSSGYSANFDYW_CQTWGTGIYVF;CAKAGDSSGYQKTYYFDYW_CQSADSSGTYGVF;CTTEALDYGANSRSPNFDYW_CQAWDSSNVVF;CAKDTEVGASRYYYYYGMDVW_CQQYGSSPPFTF;CASISMVRGEGGGYW_CQVWDSSSDHPVVF;CARADVVVVAALDYW_CQQYYSTPITF;CAKDFSGGEVVVVAATDYW_CQQYYSYPRTF;CARTGVTTVTTFPYW_CQQSYSTPGTF;CARDRWVVAAYYYGMDVW_CAIWYSSTWVF;CARDPMVRGVNYGMDVW_CMQALQTPRTF;CVGVGYNYRRDGAFDIW_CQQYGSSPQITF;CARETGYSSGWYEATGMDVW_CNSRDSSGNHLVF;CARSKGCSGGSCYHNWFDPW_CQQSYSTPYTF;CARDRYYYGSGRHRGSYYYYGMDVW_CAAWDDSLNGWVF;CAKPEAGQWLHVHHNHYGLDVW_CQSFDNSLSGSVF;CAAIAVYVYW_CQQYNSYPLTF;CAKANLAGVVAAIGIDYW_CAAWDDSLSGVVF;CARGIQLWWWFDPW_CQQSYSTPCTF;CASPQPGSGWSNYYYYGMDVW_CSSYTSSSTSYVF;CARDELDILTGYNIPTFGGCVYW_CQQYYSYPWTF;CVKEITAAKNRRKSLGYFFDFW_CQQYNDWPPLTF;CARDVCRGHYGDCLWGYW_CQQYYSYPITF;CARKGIAVRGGIDYW_CLLYYGGAWVF;CARDVSDGYNYEAWVDYW_CQQSYSTLWTF;CANGPPINYGDYEDAFDIW_CQQYNSYPLTF;NA_CQQSYRTPFTF;CARDRRGEHNFDYW_CQQRSNWPPGTF;CARDSEGEPSAGDAFDIW_CQQSYSTPWTF;CAKVLLDYYYGMDVW_CSSYTSSSTLVVF;CARGGWWELPYYYYYGMDVW_CMQALQTRNTF;CAKDPDYW_CQQRSNWPTF;CARVLDVW_CQQYNSYWTF;CAREKWELPPPPYYFDYW_CCSYAGSYTVVF;CAHRRYYYVAFDYW_CQQYYSTPLTF;CAHHGSARYSSSWHAAPGPYYFDYW_CQVWDSRAYVF;CARDFTEDGYNFDWRMLPDYW_CQQRSNWPPITF;CARGQIGGWSPYYYYGLDVW_CQQGYTNPFTF;CARGRNLGVVTKFNWFDPW_CAAWDDSLNGLVF;CARDGPYSGSYYGDAFDIW_CQQSYSTPRTF;CARDLGATDYW_CCSYAGSSTPYVF;NA_CQSADSSGTSWVF;CAKDGGLDYALYWYFDLW_CQQYNSLYTF;CAHKMGRGGGVDYW_CQQLSTDPITF;CTRDPHYGDHVPHNWFDPW_CQQSYRSPYTF;CARYDYDITVDHW_CMQGLQPFTF;CARAVDTAMVTNNWFDPW_CQQSYSTPFTF;CATEDTARDLYRAAFDIW_CQQYNGWTF;CARGYATALSRTDYW_CSSYTSSSTLVVF;CARGWSIVVVVAATFPNWFDPW_CQQRSNWPPTF;CARVAAVRSGRVNYYYYYGMDVW_CQSADSSGTYKVVF;CASIAVAGYFNYW_CQQYYSTPFTF;CAKVFSSSWGDYW_CQQSYSTPITF;CASFVDTAMAIPLDYWYFDLW_CQQYNNWPPWTF;CARGTVTTGRGYFDLW_CQQYGSSPQVTF;CAKDRASYYNFPIDPW_CQQYYSTPFTF;CAQTKLGIFGGMDVW_CQQSYSTPYTF;CARGPGYFDYW_CQQYDNLPRTF;CASHGVVVAATRGTPGSDYW_CQQSYSTLRTF;CASTVPSSLRAGAFDIW_CQQYYSTPRTF;CARDTMGPLYYGMDVW_CQVWDSSTVVF;CAKDLGELTDYW_CSSYTSSSTLVVVF;CAKSGPPLEWFFLGYYYGMDVW_CNSRDSSGNHVVF;CAKDATGYFDWLPYYYYYYGMDVW_CLLYYGGAQLWVF;CTTDSPHMITFGGVIVFDYW_CAAWDDSLNGGVF;CARDLRPVAGTADYLDYW_CQQYHYWPRTF;CARGVTIFGVVIMGGMDVW_CQQSYSTPYTF;CAKDLLSIYGSPSDYW_CQPYYGAPPYTF;CASAWYYYDSSGYYPFDYW_CQQYGSSPWTF;CVKDRSSRQLKAVGTYFDCW_CTSYTSSSTSYVF;CAREDLLWFGERWAKNSFDPW_CMQALQTPITF;CTRVVTMIVVAQGGFDYW_CAAWDDSLSAVVF;CARDKVVGARNWFDPW_CQQSYSTPSF;CARAVLRFLEWFSNWFDPW_CSSYTSSSTHVF;CARDRVVGATLYYYYYGMDVW_CQAWDSSSVVF;CARHEVPEMATIRGWFDPW_CQQYGSSLFTF;CARDRGSGTEPDFDYW_CMQATQFPLTF;CARVFGSVGATRSTDYW_CQQYITDPFTF;CARDELDILTGYNIPTFGGCVYW_CQQYYSYPWTF;CAHSDYYEGRGMDVW_CQQYYSTPYTF;NA_CQQYDELPVTF;CATTYYYDSSGYYQNDAFDIW_CQQYYSYPRTF;CAREIEGDGVFEIW_CMIWHSSAWVV;CARHIRGNRFGNDAFDIW_CQQYYSFPYTF;CARRLITMIEGGAFDIW_CQVWDSSSDHVVF;CAKVMIEHPSNRGHFDYW_CMQALQTPYTF;CTTDDEKRPYSGSYLPFDYW_CQSYDSSNVVF;CARGGRVSVAVYWDYYYYGMDVW_CQKYNSAPFTF;CAHSAQYYDILTGYYKAPWGGAFDIW_CQQYNSYSWTF;CARDDFGGATFYSSFDYW_CQQSYSTPYTF;CARAAKIFGVVTAFDIW_CQQYGSSPWTF;CVKDYSTSGWYYFDFW_CQQYGSSLPYTF;CARVVPAAFYGMDVW_CQQYGSSLFTF;CAGGSGYCTNGVCYPRGFDYYYGMDVW_CAAWDDSPPWVF;CAKDDTAMVTADFFDYW_CQTWGTGIWVF;CARTPRWLQCFDYW_CQQYNSYSWTF;CARDQWLAYYFDYW_CQSYDSSNHWVF;CARSGTTYYDILTGYYNYW_CQQYGSSRWTF;CAHRYYSNIDYW_CMQGTHWPWTF;CARDWGYYDSSGYSPRGYYYYYGMDVW_CQQLNSYSFTF;CAKDRVGYGDYVDYW_CQQYNNWPPWTF;CARLGSSPYYW_CQSYDSSLSGYVF;CTRYYGDVW_CQQYYSFPWTF;CAKDHYYDSSGYYSGLGYW_CQSADSSGTYRVVF;CATGLVVPAAILYGMDVW_CQQYGSSRGLTF;CAKDDGDAAAGLIYW_CAAWDDSLSGVVF;CAKDGGGEEALELPDYW_CGTWDSSLSAVVF;CATLRYPSLGVDYW_CHQYNNWPFTF;CARKDSSGSDAFDLW_CQQSYSTPYTF;CARDVVQLWYQIDYW_CQQSYSTPPNTF;CAKYVDTAMNQFDPW_CQQANSFPITF;CARGLHYYDSSGRSLYYFDYW_CQQYGSSPPGQTF;CANQPPSLYW_CQQYNNWPGTF;CARVGYDYVWGSYRYTGVMDVW_CSSYAGSSYVF;CARGRPYYYDSSGYPYDAFDIW_CMQALQTPLTF;CAKERVVTAIPVVIFDYW_CQQSYSTPRLTF;CARPYGDYAYFDYW_CQSYDSSLSGYVF;CARDWWERQDSKRPDYFDSW_CQQTNSFPITF;CARHSNDGSDYFDYW_CQESYGALLTYTF;CASTEIEMLVPRYCSSTSCYFVWFDPW_CGTWDSSLSAGHGVF;CASASSTGTDAFDIW_CQAWDSSTHVVF;CARDGSWYAAWFDPW_CQSYDSSLSGSVVF;CARDPSLGDPGWGYFDYW_CQQYNSYSTWTF;CVREMTGSFTGGLDPW_CMQGTHWPPTF;CAREVNTAMAYYYYYYGMDVW_CQQYGSSQWTF;CARERRGGGHYYDSSGYYLSDYW_CQQSYSTP;CARGGGYSSGWATREVVYW_CQSYDSSLGAVF;CAKVPTVTTFLGYYYGMDVW_CQQSYSTPWYTF;CARDLRPAANFDYW_CQVWDSSSDYVF;CARLSYSSSWYYFDYW_CQQSYSTLYTF;CARVPKVRYCSSTSCYKDYYYGMDVW_CQVWDSSSDSWVF;CATWHYYDSSGEDGMDVW_CQQYNNWPRTF;CARGRSSWHLDYW_CMQALQTPFTF;CARDPWELHGFDYW_CQQYGSSSFTF;CAREAYYYGMDVW_CNSRDSSGNHNYVF;CARDRSVVTMVRGVIPFYW_CCSYAGSYTVVF;CARHEKMNYYDILTGYSPPYYYYYGMDVW_CQSYDSSLSAYVVF;CAHYQGIAVTGTWFDPW_CQSYDSSNVVF;CARESSSWFPYW_CQQSYSTPFTF;CARERDYSPGRYYGMDVW_CGTWDSSLSAGVF;CARHPTPAAMVGYYYYGMDVW_CQQANSFPLTF;CARDGPMTAIGGYGMDVW_CQSYGSLGGSVF;CAKGRTTEGTDAFDMW_CQQVHSYPITF;CAKDRSSLLWFGELLYMPEEYGMDVW_CQQYNNWPLTF;CTNYGMDVW_CSSYAGSNNWVF;CARVDSFAPNSGYGAQLLNWFDPW_CQQYNNWPLTF;CAREDYDTASFGYW_CQQYDNLPYTF;CAKDFGRGSYHRAEYFQHW_CQQYNNWPPWTF;CARGGSLPLITMIVGFFW_CQQYGSSPEYTF;CTREAEMATISIDYW_CQVWDSSSDHVVF;CARDAPIWDTAIVYW_CQQYGSSLPWTF;CARLLVSAYNWFDPW_CQQSYSIPAF;CARIPMTTVTSYGMDVW_CQQYGSSSITF;CARDDEWEPYDYW_CCSYAGSSTYVF;CTTVLRYFDWLLSDYGMDVW_CLLSYSGARGVF;CAIGTGIVGTTFPREYW_CMQALQTSWTF;CAKDMELGWLIDYW_CMQALQTPLTF;CARERNIVVVPAAETFDYW_CQQYNNWPPLTF;CARIGFGEYDYGMDVW_CQSYDSSLSVVF;CARGNDYYGSGEFDYW_CSSYTSSSTLVF;CARGVGATDFDYW_CQSYDSSLSGVVF;CARDPSNWGSFGYW_CQAWDSSTYVF;CARVDGYNYSFDYW_CQQYNNWWTF;CAKEPYGGNSFVYYFDYW_CQQYGSSPGLTF;CAKAEWGGTENYIPYYFDFW_CQSYDNNNLIF;CARSHCSSTSCYPNYYYGMDVW_CQQSYSTPRTF;CARDFGERYCSGGSCYSFDPYYYYGMDVW_CLQHNSYPWTF;CAKEYPGPGQLDDAFDIW_CQSYDSSLSGKVF;CARVDTAMVTGLAISPPWDYGMDVW_CQQYNSYPWTF;CAKDIGDGSGSNSQKRDYYYGMDVW_CQQSYSTPRTF;CATDPYNSGWFASLKNQVLYYW_CQQSYSTPQTF;CAREHTGGWLQRYIDYW_CQSADSSGTYPRVVF;CARGYCDSTSCYAVGYFDLW_CQTWGTGIVVF;CARDPDPNWSKDWFDPW_CQQYNNWPPLTF;CAKGRYSFGLDNFDYW_CQQDGNSPTF;CASRAVQSSGWRQDYYYGMDVW_CQSYDSSLSGVF;CAREASEGPW_CQSYDSSNSWVF;CARLGGYSSRGNWFDPW_CQQSYSTPPYTF;CARDPHHTFGGVLVW_CQKYNSARTF;CAGYYYDSSGYLSSFDIW_CQSYDSSLSVVF;CARLPYRYSGSSNDAFDIW_CAAWDDSLSGPVF;CARAGYGDYVGDFDYW_CQSADSSGTYVVF;CARDYYGSRSDSGMDVW_CQQSYTTPYTL;CAKDGREAAAGTDYYYGMDVW_CQAWDSSTVVF;CARDSPGWGSSGFYYGMDVW_CQQYGSSPRYTF;CARVSGDTMIVVVHRDGMDVW_CQQYNSYSVTF;CAKNLATTGSHW_CLQDYNYPRTF;CAKDGGRGVVIIFYFDYW_CQQYGSSPITF;CARGIAVVTLWGPFDIW_CQQYNNWPRTF;CARDRWVPAAVPHYYYYGMDVW_CQQANSFPLTF;CAREGAAGPPPGHYYYYGMDVW_CMQALQTPFTF;CAKQGHFTDTKRIDYW_CQQYDSYPITF;CAVIPVTGQEASLSAEYFQHW_CQQSYSTPFTF;CARDSPSSGSYGLFDYW_CQTWGTGIRRVF;CASPGGGLLWFGELFRSYFDYW_CVLYMGSGFWVF;CAHRPVSDDILTGYRYNWFDPW_CQSYDSSLSGSVVF;CARGFIGYNFDSW_CQQSYRTPITF;CAREEGYCSGGSCEYNYYYGMDVW_CQQYGSSLITF;CARGRRVFLALSYW_CQQYGSSPHTF;CARGAGRIGQVDVW_CQQYNNWHTF;CARGYYDSSGQSLDYYYYGMDVW_CQQYYSYPFTF;CARTGKNGSGSYWFDPW_CQQYRTF;CARDGDTAMVINYFDYW_CQSADSSGTYWVF;CARTDIVATPDGGFDYW_CQTWGTGIHVVF;CAREGFYYYGSGSVSGGNWFDPW_CQVWDSSTVVF;CAKVPLGWGAAGGAYFDYW_CQQYGSSPATF;CARVGCSGDTCYSYDWFDPW_CGTWDSSLTAVVF;CARGGILTGKLSDYW_CQQYDNLPTF;CAHGLTGYYTYYFDYW_CQQYYSFPPTF;CARQVGANPFADYW_CAAWDDSLSGPVF;CARGKGEGRYYYDSSGYYYFDYW_CQQRSNWPPLTF;CSVYDAERGYFDYW_CCSYAGGDTSYYVF;CARNKQHIVGATLHTHYSNWFDPW_NA;CARLYGDYGDYW_CNSRDSSGNLFVVF;CARPYSSSWSPMDVW_CQSYDSSLSGHVVF;CARDKGYSSSWYIRSSWFDPW_CLLSYSGARLVF;CARAVCGDDCYLLDSW_CAAWDRSLGAVVF;CARTTTVVTGDAFDIW_CQSADSSGTYPVF;CAKGRGDYYYYGMDVW_CQQYDNLPITF;CTTGGALNYW_CQAWDSSTACVF;CARDLTTRDYSDAFDIW_CQQYGSSPRTF;CARAGLEINTPDSSGYYYGGGYFDYW_CQQYDNLPPRRFTF;CAKDHGYDFWSGYSDAFDIW_CQQSYSTPLYTF;CARESGYTNYYYYGMDVW_CQQYNSYPLTF;CARKYQLPYYYGMDVW_CQQSYNTPDTF;CARDSTYYYDSSGYPVSDAFDIW_CQQSYSTRRYTF;CAREVYSSSTNWFDPW_CQVWDSSTDVVF;CARANAEYSSSLLFDYW_CQSYDNSLSAYVF;CAHSPYDYVWGSYRQSWFDPW_CQAWDSSTVF;CTTIYYDILTGDYW_CMQALQTPITF;CARLDYDFWSGTPERMDVW_CQQYGSSPPWTF;CARVRKNWNYDLDDWYFDLW_CQVWDSSSDHYVF;CATRRVRGEGLAYW_CQQYNSYSRTF;CARNYDSSGYYVPPYFDYW_CQQYNNWPPYTF;CARDPANYFDYW_CQQSYSTLWTF;CAREESSSWYRYW_CQQYGSSPLTF;CARIVQGGSYLSGGIDYW_CMQSIQLLFTF;CARDRLIIRFLERPNWFDPW_CCSYAGSSTPVF;CAREYSNNWYFFDYW_CQQYAGSPLTF;CARVSGVGTSFAGFDPW_CQSADISATVF;CAREPTPRYSGSYRGFNYFDYW_CQQYYSFPLTF;CARAADYCTSASCPNEYFQHW_CQSYDSSLSVF;CARGRMTVHNDDSGFPEYLYYYGLDVW_CMQVMDNPRTL;CATSRVAVAGVDYW_CQSYDSSLSGVVF;CARDLGIAVAGRVEGYFDYW_CCSYAGSYTLVF;CARDVSNVLVIAVSPSWFDPW_CQQTYSIPYTF;CARDAPDRGSSWYSALFDYW_CQQYNNWPPTF;CARRDGGYCSSTSCSFDYW_CQQYNSYSPTF;CARAEIFGVVIQAFDYW_CQSYDSSLSGSVF;CVKKVIGFDDW_CQQSDTFGYTF;CAKGMDGSGSYYNKDGMDVW_CQAWDSSTGVF;CARVNGLLGEYYYGMDVW_CMQALQTPPNTF;CAKDWAVGWEFVDSW_CQQSHTVPLTF;CARDEGAAAYFDYW_CCSYAGSSTCWVF;CARAAGYCSSTSCYEIYYYYGMDVW_CQSYDSSLSVPF;CTRSYVLRFLEWFSPFDYW_CQQYGSSLWTF;CASSGSYQGNWFDPW_CQQSYSTPYTF;CARSPPRYDLSLVDAFDIW_CQQYNSYSTTF;CARETIAAAGSNFDYW_CQQSYSTPRTF;CARVSGYSYYFDYW_CQQLNSYLLTF;CATYIAAPRDYYYGMDVW_CMQALQTPYTF;CATGKTYSAPHAYYYFDYW_CQQANSFPRTF;CAKEVHSSGFDYW_CQSADSSGTYPWVF;CTTDHIVVVTAMIFGYYFDYW_CQQLNSPLTF;CAREGPTVTKFDYW_CQSYDSSLSGSVF;CEVKAAAGNFYW_CSSYAGSVVF;CAKDIEGGSGYYLTPGGFQHW_CCSYAGSSTFVVF;CARDAMAIGDYYYYGMDVW_CQQLNSYPSLTF;CARREGAGYDILTGSYYYYYGMDVW_CLLYYGGAQLGVF;CTTRLWRISQYYYDSSGYGHFDYW_CQSADSSGTYVF;CARTTLLAAAIDYW_CQQYYSFPYTF;CARAKAARPTPTYYYYYYGMDVW_CQAWDSSTGDVF;CARSGYDSSWVGYDFDYW_CQAWDSSTPVF;CAREGLEIDAFDIW_CQQSYSTPWTF;CAHTSAYYDSSGYYPPFDYW_CQQSYSTPLTF;CARATQDSSGWYGFWYFDYW_CQQYNNWPPTF;CARMLVVVAATGYYYYGMDVW_CQQYGSSQTF;CAREAYDSSAYSTIDYW_CQTWGTGIHVF;CARSAGSSGSFEYFQHW_CQQYGSSPLYTF;CARRLFLYSSSGYYFDSW_CQQASSFPPLSF;NA_CQQSYNTPRTF;CARGGGAVAGTIDFHYW_CCSYAGTDLWLF;CAKDRGYYDSSGYYYSDYGMDVW_CQSADSSGTYVF;CAKDGFGGASDHW_CQHYDRSPWTF;CARAIQMGCSDGSCLW_CQQYDNLPSYTF;CARKGRWLPDGDDAFDIW_CQQYYSYPLTF;CARAGLRSWFDPW_CMQSIQLPNTF;CARHSYGAYYYYGMDVW_CQQYGGSPLFTF;CAAGVMTARYDYW_CQQSYSTPLTF;CAHFMTTVTTGYFDPW_CIQVRQTPFTF;CAREGGGDILTTYYYYGMDVW_CQQYGSSTRALTF;CARGFGGGDYRSMDVW_CQQLITYPITF;CARTTYGGNSLNWFDPW_CQVWDSSSDHPVF;CAKRGGLMVRGVAVDYW_CQQYYSYPWTF;CARGYGSGNYYYYGMDVW_CMQALQTPWTF;CARSNYDILTGLDYW_CMQALQTPYTF;CAREDSGSYGYFDYW_CQQYNNWPQTF;CARRVLYYRFDPW_CNSRDSSGNHLF;CARGDYDYVWGSSPDAFDIW_CMQGTHWPLTF;CARDVRGYYYDSSGYSGEGYWW_CQQSYSTPYTF;CTRDRYSSSWYKGLYYYYGMDVW_CQQSYSTPYTF;CARVFFRVVYAMAYW_CQQYNNWPPMYTF;CASSLRYFDWTVNNWFDPW_CQQYGSSPQTF;CTRGYCSSTSCYTGWFDPW_CQAWDSSHVVF;CARDGRWELLGNQHW_CCSYAGSSTYVF;CARVYYDSSGYYYFDYW_CQQSYSTPWAF;CARGRVRWELLGDDAFDIW_CQQYDNLPLTF;CCTYVFVGIVPTIVDYW_CQQYNDWPPAGTF;CARDIQYYYDSSGYDAFDIW_CQQSYSTPWTF;CATSWGIAALYGMDVW_CNSRDSSGNPYVF;CAKDYPVAGDLDAFDIW_CCSYAGSSTWVF;CARANWDNWNDGLDYW_CGTWDSRLSSYVF;CARAGYCSSTSCSKEDVW_CQQSYSTPPRTF;CAREPLGGDYYYYYYGMDVW_CQQYGSSPTF;CARLSLRARFRGAFDIW_CCSYAGSYSVVF;CAHSLPSDIDYYYDSSGYSPSPPLFDYW_CQQYNNWPLTF;CASGYGGKTYYFDYW_CQQYGSSPGTF;CLGRELGHSW_CLQHNSYPWTF;CTAVLRYFDWLLMEAHENYYYYGMDVW_CQSADSSGGVF;CARDRSRWEFLYYFDYW_CQQYGSSGYTF;CARARYYDSNSYSYAW_CQTWGTGIWVF;CARLDYYDSSGYYDW_CQTWGTGIPVF;CARDYIAVAGPGENWFDPW_CQQSYSTRTF;CARDRGGYGVRWFDPW_CQQYDNLPPTF;CARRGNAIFGVVTHYYYYGMDVW_CMQALQTPLFTF;CSNYDILTGYYWFHYW_CQQYNNWPFTF;CASSFLDTSIVEYYFDYW_CATWDDSLSGLF;CARIVVVVTSRWFDPW_CQVWDSSSDHYVF;CARSLEWLDDYW_CQSYDSSLSGSVF;CARDAYGGYSFYYYGMDVW_CQQYGSSPFTF;CAGGSGSYYHLDPW_CQQANSFPYTF;CARPRLDYGDYGAGLGYW_CQKYNSAPFTF;CARDRGLRKKYFQHW_CQQYGSSPSTF;CARSLGPEFYYFDYW_CQQSYSTPWTF;CVSQLYYLDGRGYYYDYYYDYW_CLQHHDYPWTF;CTTVSPYGDYVGVYFDYW_CQQYYSYPPTF;CAKDFMEYYYYGMDVW_CSAWDSSLSAVVF;CARSPGSGSYTW_CQQYGSSPLTF;CARLPYAGGPYYYYGMDVW_CMQRIEFPFTF;CARGKPRSLELWSFYYYYGMDVW_CQQSYSTPPTF;CAMGGYDSSGVQLDYW_CAAWDDSLSGYVF;CAHRYCSSTSCYGLGDWFDPW_CQSADSSGTYLVF;CARHSEGLGPVDYW_CGTWDSSLSAWVF;CARAIFGVVSVMGFDYW_CMQALQTLTF;CAKSMKSFDYW_CQQSYSTPLTF;CTTEGGDGYNSFDYW_CQQYDNLPITF;CARDTTYGDYYYGMDVW_CQSADSSGNWVF;CARDGKGYSYGSGNYYGMDVW_CQQSYSTLYTF;CAHRTTTYYFDYW_CQQYNSYPYTF;CTTDLVWFGELANAFDIW_CLQHNSYLPEWTF;CTRGGTLGARSGYYDYYYGMDVW_CQQYNSYPLTF;CAKDEGRVVAVAGTGEHAFDIW_CQQYNSYSPTWTF;CAKDITIFGVVISHLDYW_CLQDYNYPLTF;CARTYYYDSSGYRNAFDIW_CQSADSSGTYPVVF;CAKCFYYDSSGYYYYYYGMDVW_CCSYAGSSTLVF;CARDLLSISGSPFDPW_CQQRSNWPPGGGGLTF;CARGGINGGAYFDYW_CQQYGSSPWTF;CARDRGPAGLDYW_CQQSYSTRYTF;CARRGYYYDSSGYYYDWFDPW_CNSRDSSGNRVVF;CAKGLNTAMVSYYFDYW_CVLYMGSGIWVF;CAKDIREGWSSGYYPVLDYW_CQVWDSSVVF;CAKDSPSGYYYYYYYGMDVW_CQQLNSYPITF;CARDRIAAADHNWFDPW_CAAWDDSLNGWVF;CARDIGGIAAAGSPPSAFDIW_CQQYNSYSTF;CAHSYYYGSGRGGWFDPW_CQSADSSGTYVF;CARDGSSSIFDYW_CNSRDSSGNHVVF;CAKPLRFGYSSSSCFDYW_CSSYAGSNNYVF;CAHTGFESLDYW_CQSYDNSLNGLGVF;CARDEDYYYDSSGSVDYW_CQQSYSTPWTF;CARQIAAAGPENWFDPW_CQSADSSGTYLVF;CARGLPVDVW_CGTWDSSLSAGHVVF;CARLIYYGSGRFGAFDIW_CQQYDNLPWTF;CARNEITIPLDVW_CQQYGSSPLVTF;CAKGGWFGELLFRLDYW_CQQYDNLLTF;CTTDHGDAYNYRW_CQQYGSSPRTF;CARDHRMNIAVAGTNWFDPW_CQKYNSAPLFTF;CARALREEQWLNNAFDIW_CQQYYSYPTF;CAHRPPYYDSSGYLSW_CQQYGSSLWTF;CARHYVDTAMVINQYYFDYW_CQSYDSSLSDVF;CARDNYDILTGHYGMDVW_CAAWDDSLSGLYVF;CAKDSSSSDWFDPW_CQQYYSYPLTF;CARDYVAVAGTLDYW_CQQYYSTPYTF;CTRDLAYSNYEPPNHNWFDPW_CLQHNSYPLTF;CARERYYYYGMDVW_CYSTDSSGNHGVF;CAKEGITGYYYYYGMDVW_CQQSYSTPHTF;CAKVALRYFDWLPPYFDYW_CQQYYSYPQNLTF;CARAHDSTGYQDFDYW_CQQAKSFPYTF;CARVGVYGSGSYLVGGDYW_CQQSYSTPWTF;CARGPYYGSGSGEFDPW_CQQYYSYPLTF;CARGSCYSSACYYYYGMDVW_CGTWDSSLSAVVF;CARDFDAAEGAFDIW_CQVWDSSSDPTFYVF;CARGAHSSGYYIDYW_CQQYYSFPFTF;NA_CHQYNNWSSWTF;CAREQDFGGNPFDCW_CMQVLHIPRAF;CARGTMVRGHYYYYGMDVW_CQQSYSTPLTF;CARGYSYGYLDWFDPW_CQSYDSSLSGVVF;CARAAPYSSSSLDYW_CQQSYSTLTWTF;CARRRITMNDYFDYW_CQSYDSSLSGVVF;CARGPDGGAFDIW_CQRGLTF;CARDLIARTALTYYYYGMDVW_CQSYDSSLSGGVF;CARYGVYGDYPGALFDYW_CAAWDDSLSGLWVF;CAKDRRGCSSTSCYTFDYW_CQQSYSTLSF;CARVSGYNSYYFDYW_CQQSYSTPRTF;CAAPSPRFTSSTGGGMELPLHVW_CCSYARGSSLVF;CAKDARWRPRVASIDALDIW_CQQYNNWPRTF;CARHIERYCSGGSCYEALDYW_CMQALHPITF;CASYLEMATRYYFDYW_CLQHNSFWTF;CARVTRVTQSNDFWTSYYTDCFDAW_CYSTDSSGNHKVF;CARLYSSSWTNYFDYW_CQQYYSYPLTF;CARGTVYSVPGGHYGDYVRDPKYYYYGMDVW_CQSADSSGTWVF;CARGAAGVRGPIGYW_CAAWDDSLSGWVF;CARVAVAGTTNWFDPW_CQQANSFPYTF;CARVLGGPGATTFDYW_CLQDYNYPWTF;CARTPVSTSYDSPGWYSSGWFFDYW_CQTWGTGIHVVF;CARTMVRGVTPADAFDIW_CQQYNSYSSTF;CAKSMGATILHAFDIW_CQQYNSYPLTF;CARANSGSYSFFFLRLDYFDYW_CQQYNNWPLTF;CARAAGTGGYYYGMDVW_CVLYMGSGISVF;CARAGQFGDSYYYYYYGMDVW_CLQDYNYPQTF;CAHFTKRPTDAFDIW_CNSRDSSGNHRVF;CARRLAYNGNWDYGDFDYW_CCSYSKTATF;CAAGFGLSGSYIHYYYYGMDVW_CQQYGSSPPLTF;CATDNWNFGADSGFGYW_CMQGTHWRTF;CARVLGSFSFGYDGFDIW_CQQLNAYPTF;CARDPGIAVAETVYYYYYYGMDVW_CMQALQTPPTF;CARTVGAGYKIGKGYFDYW_CQAWDSSTVVF;CARDQDLAALNYW_CGTWDSSLSAKVF;CTTENVLLWFGEPEYYYYYYGMDVW_CQSADSSGTYAVVF;CARSLFEGTVMAFRAEHMDVW_CQQYKTFFAVSF;NA_CQAWDSSTVVF;CARPPSHDSPMYHYW_CQSADSSGLWVF;CARDTMWWSYGMDVW_CCSYAGSGEVF;CARLRRYSSGYYYIAGDFDYW_CQSYDSSLSGVVF;CARDKGGTTVTTSNWFDPW_CQQYDNLPLTF;CARDGGGYYQKKGYFQHW_CGTWDSSLSAVVF;CARERPRGAAETW_CQAWDSSTWVF;CARDDIVVVPAAIDYW_CQSYDSSLSGPYVF;NA_CQQRSNWPPYTF;CARKFDCW_CQQYGTSLPVTF;CARGVLRFLEWLSNMDYYYYGMDVW_CMQALQTPRALTF;CAKDGSYYDSSGYSDYW_CQQYNNWPPWTF;CAKDKSYSVEYW_CMLFMGSGIWVF;CAKADVRSNWNDMHFDYW_CQAWDSSTVVF;CARATPRGYGGNSLNWFDPW_CQQYNSYPFTF;CAEGYQLPGLYYW_CNSRDSSGNHLF;CARHAGSGSYYFWFDPW_CQQYGSSPYTF;CAKDLQIGYCSSTSCRNAFDIW_CQQYGSSPPRVTF;CARGRGSYFDYW_CQQYGSSLWTF;CARTCSSTSCYTYGMDVW_CQQYNNWQYTF;CAHRGYSYGPLFDYW_CLLYYGGAQLVF;CARLPTLRYGSGSYYNGALDYYYGMDVW_CMQALQTPLTF;CARSIAAASPFDPW_CQQYDNLPPTF;CARGPPYGHLGYW_CQQYNNWPPITF;CAKDILGGGYFDYW_CQTWGTGMGVF;CAKDASYGYLFEYWYFDLW_CQQYNNWPPWTF;CARFGAKNYYDSW_CQQYNNWPGTF;CAREKWLRPQLDYW_CQQYGSSPKTF;CVKGPYYDGSGNSFGRKAFDIW_CQQYGSSPYTF;CARGASKGNQPALHYGMDVW_CQQSYSTPPAF;NA_CCSYAGSSTVVF;CATTLASPTHDYGDYEGGYMDVW_CQQYGSSPLTF;CALGIDAFDIW_CQQYNNWPKTF;NA_CQSYDDSLSGTVF;CARGFYYGSGSPLSGMDVW_CQQSYSTPRTF;CAKDPAASGSPWYFDYW_CQQYYSFPRTF;CAREVSRQSGSRPIKWFDPW_CQQSYSPPPLTF;CTPSLETYGDYALGYYW_CQSADSSGTYPYVF;CAKDFGGPLQFDYW_CQQYGSSPRTF;CAKDMLFSNNYW_CQTWGTGINWVF;CARDENHLYYGDLAYW_CQQSYSIPRAF;CARGSRLLLWFGELKVGPGFDPW_CQQYNSYWTF;CAMKGGRDGYNTRVYYYYGMDVW_CCSYAGSSTPYVF;CAKDIGPTNCSSTSCHAYYYYGMDVW_CQQYNSYSTF;CWRDRREAPIEMEVASTRG_CMQSTHWPYTF;CTRHTHCSGGSCYDAFDIW_CQQSYSTPRYTF;CAREPPHGSGTDYNWFDPW_CQSYDSSLSAYVF;CVKDLYDTGSYYYFDYW_CSSYTRSSTLVF;CSRHEGVGGNSDYW_CVLYMGSGISMF;CARNHDYGDYMFGGMDVW_CQSADSSGTYVF;CTTSGGDW_CMQSIQLPRTF;CARDRTSFGYSYGNIDYW_CQTWGTGILVF;CAKDELASYGGVGYYW_CQSADSSGTYFWVF;CAREPKHSGYCSSTSCYIGNWFDPW_CQSYDSSLSGNVVF;CARASWDSSSWGLGFDPW_CQAWDSSTGVF;CARTRVRGVISPFDYW_CQQANSFPPTF;CTREYYDFWSGDYW_CQQYDNLPLTF;CARDGGRGSGWSTPDYW_CNSRDSSGNHVVF;CARHYDFWSGDNPYWYYYYGMDVW_CQQYGSSPPWTF;CTTTTADIVVVPAAIQTVDYW_CQQYDNLPLTF;CAIMVRGVIGSYYYYGMDVW_CQQSYSTTWTF;CAKDNGYGGNSLQHW_CCSYAGSSTLVF;NA_CQQSYNTLWSF;CARARYRRDGYHNLYAFDIW_NA;CARGFSETGPGYKRFYYYFDLW_CQQYGSSPQTF;CARVKGDYYYYYGMDVW_CMQALQTPHTF;CARDPPLYSSGWFTGDYW_CQQYNSYPRTF;CAKDGGEHRGNDYW_CQVWDSSSDHYVF;CARGYDFWSGYLPHYGMDVW_CQVWDSSSDHPGVF;CARETKQYIDYRSPTVGRPYDYYYGMDVW_CLLFYGGAQLGVF;CAKGVWESTTEDAFDIW_CQQYNSYSPFTF;CAKDQGYCSSTSCYPYYYGMDVW_CQAWDSSTVVF;CARLGGYDSTFDYW_CSSYTSSSTYVF;CARGGDYYYGMDVW_CQQYNNWPLTF;CARVAAAGTYFDYW_CQQYGSSPETF;CARINQHGSGTYSPDYYYYGIDVW_CMQALQTPMYTF;CARKSIAAAGLPYYYYYGMDVW_CMQALQTRFTF;CAQGGYSYGYYDYW_CAAWDDSLNGVVF;CARQRGGTAVPVYYFDYW_CQQYGSSPLYTF;CARALYYDSSGYQPNRYYFDYW_CQSYDSSLSGYVVF;CTRALNSNHFDYW_CQQANSFPLTF;CARVTDPDAFDIW_CNSRDSSGNHYVF;CARSAWHPAATGGMDVW_CLQDYNYPYTF;CARVSLVVPQQFDYW_CQAWDSSTVVF;CAKVPGYSTGWYYFDYW_CQQCDSSPEWTF;CAKDSTCSSTSCYRGYYYYGMDVW_CQQYYSYPITF;CARDSKQQLADNWFDPW_CQAWDSSTLVVF;CARGRNGGNRFDWFDPW_CQSYDSSLSGSGVF;CARGKNWFDPW_CQQYGSSPLTF;CASGYSSGRPDYW_CQQYDNLPITF;CARLSDGDYTFDYW_CQQYNSYWTF;CARGGTAGYSYGYAYW_CQAWDSSTAVVF;CAKDIVVVPAAPITLYYYYGMDVW_CMQALQTSFTF;CARWRLYYDSRGYYYGMFDYW_CQQSYDTPLTF;CARSRRIVGATSFDWFDPW_CQQYNSYSRTF;CASEDSGYGGGFDYW_CQSYDSSLSEGVF;CAHGRDYDSSSLPFDYW_CQQYNSYPYTF;CARAGAYYYGSAIDYW_CQQYGSSPGLTF;CAKGSSHSGGWFDPW_CQQYNSYWTF;CARDLLRAYSSSSTSSIDYW_CQQYYSYPRTF;CAKDVSGYLDAFDIW_CGTWDSSLSAGWVF;CAREGSRYFDYW_CQVWDSSSDHYVF;CASHDSSGYYLLDYW_CQVWDSSSDHVVF;CARYCSSTSCYTTYYYYYYGMDVW_CQQYYSYPLTF;CARLWVFLTMVRGPDFDLW_CHQSSSLPLTF	22	1	CARHGINYYDSSGYSGNDAFDIW_CQQYDNLFTF	0	NA
9	1	CARTSRGLIAAAAAVDYW_NA	0	3	CAREVVLMVHRRGGLNMDVW_CQQYYSTPLTF;CARDPHYYDSSGYYYWYFDLW_CSSYAGSNNPYVF;NA_CQQANSFPLTF	0	NA
9	1	CARTSRGLIAAAAAVDYW_NA	2	1	CARGTPGWYW_CQQYGSSPTF	0	NA
9	1	CARTSRGLIAAAAAVDYW_NA	4	534	CARENYDFWSGYYHGADVW_CMIWHSSAWVF;CARRYYDSSGYSANFDYW_CQTWGTGIYVF;CAKAGDSSGYQKTYYFDYW_CQSADSSGTYGVF;CTTEALDYGANSRSPNFDYW_CQAWDSSNVVF;CAKDTEVGASRYYYYYGMDVW_CQQYGSSPPFTF;CASISMVRGEGGGYW_CQVWDSSSDHPVVF;CARADVVVVAALDYW_CQQYYSTPITF;CAKDFSGGEVVVVAATDYW_CQQYYSYPRTF;CARTGVTTVTTFPYW_CQQSYSTPGTF;CARDRWVVAAYYYGMDVW_CAIWYSSTWVF;CARDPMVRGVNYGMDVW_CMQALQTPRTF;CVGVGYNYRRDGAFDIW_CQQYGSSPQITF;CARETGYSSGWYEATGMDVW_CNSRDSSGNHLVF;CARSKGCSGGSCYHNWFDPW_CQQSYSTPYTF;CARDRYYYGSGRHRGSYYYYGMDVW_CAAWDDSLNGWVF;CAKPEAGQWLHVHHNHYGLDVW_CQSFDNSLSGSVF;CAAIAVYVYW_CQQYNSYPLTF;CAKANLAGVVAAIGIDYW_CAAWDDSLSGVVF;CARGIQLWWWFDPW_CQQSYSTPCTF;CASPQPGSGWSNYYYYGMDVW_CSSYTSSSTSYVF;CARDELDILTGYNIPTFGGCVYW_CQQYYSYPWTF;CVKEITAAKNRRKSLGYFFDFW_CQQYNDWPPLTF;CARDVCRGHYGDCLWGYW_CQQYYSYPITF;CARKGIAVRGGIDYW_CLLYYGGAWVF;CARDVSDGYNYEAWVDYW_CQQSYSTLWTF;CANGPPINYGDYEDAFDIW_CQQYNSYPLTF;NA_CQQSYRTPFTF;CARDRRGEHNFDYW_CQQRSNWPPGTF;CARDSEGEPSAGDAFDIW_CQQSYSTPWTF;CAKVLLDYYYGMDVW_CSSYTSSSTLVVF;CARGGWWELPYYYYYGMDVW_CMQALQTRNTF;CAKDPDYW_CQQRSNWPTF;CARVLDVW_CQQYNSYWTF;CAREKWELPPPPYYFDYW_CCSYAGSYTVVF;CAHRRYYYVAFDYW_CQQYYSTPLTF;CAHHGSARYSSSWHAAPGPYYFDYW_CQVWDSRAYVF;CARDFTEDGYNFDWRMLPDYW_CQQRSNWPPITF;CARGQIGGWSPYYYYGLDVW_CQQGYTNPFTF;CARGRNLGVVTKFNWFDPW_CAAWDDSLNGLVF;CARDGPYSGSYYGDAFDIW_CQQSYSTPRTF;CARDLGATDYW_CCSYAGSSTPYVF;NA_CQSADSSGTSWVF;CAKDGGLDYALYWYFDLW_CQQYNSLYTF;CAHKMGRGGGVDYW_CQQLSTDPITF;CTRDPHYGDHVPHNWFDPW_CQQSYRSPYTF;CARYDYDITVDHW_CMQGLQPFTF;CARAVDTAMVTNNWFDPW_CQQSYSTPFTF;CATEDTARDLYRAAFDIW_CQQYNGWTF;CARGYATALSRTDYW_CSSYTSSSTLVVF;CARGWSIVVVVAATFPNWFDPW_CQQRSNWPPTF;CARVAAVRSGRVNYYYYYGMDVW_CQSADSSGTYKVVF;CASIAVAGYFNYW_CQQYYSTPFTF;CAKVFSSSWGDYW_CQQSYSTPITF;CASFVDTAMAIPLDYWYFDLW_CQQYNNWPPWTF;CARGTVTTGRGYFDLW_CQQYGSSPQVTF;CAKDRASYYNFPIDPW_CQQYYSTPFTF;CAQTKLGIFGGMDVW_CQQSYSTPYTF;CARGPGYFDYW_CQQYDNLPRTF;CASHGVVVAATRGTPGSDYW_CQQSYSTLRTF;CASTVPSSLRAGAFDIW_CQQYYSTPRTF;CARDTMGPLYYGMDVW_CQVWDSSTVVF;CAKDLGELTDYW_CSSYTSSSTLVVVF;CAKSGPPLEWFFLGYYYGMDVW_CNSRDSSGNHVVF;CAKDATGYFDWLPYYYYYYGMDVW_CLLYYGGAQLWVF;CTTDSPHMITFGGVIVFDYW_CAAWDDSLNGGVF;CARDLRPVAGTADYLDYW_CQQYHYWPRTF;CARGVTIFGVVIMGGMDVW_CQQSYSTPYTF;CAKDLLSIYGSPSDYW_CQPYYGAPPYTF;CASAWYYYDSSGYYPFDYW_CQQYGSSPWTF;CVKDRSSRQLKAVGTYFDCW_CTSYTSSSTSYVF;CAREDLLWFGERWAKNSFDPW_CMQALQTPITF;CTRVVTMIVVAQGGFDYW_CAAWDDSLSAVVF;CARDKVVGARNWFDPW_CQQSYSTPSF;CARAVLRFLEWFSNWFDPW_CSSYTSSSTHVF;CARDRVVGATLYYYYYGMDVW_CQAWDSSSVVF;CARHEVPEMATIRGWFDPW_CQQYGSSLFTF;CARDRGSGTEPDFDYW_CMQATQFPLTF;CARVFGSVGATRSTDYW_CQQYITDPFTF;CARDELDILTGYNIPTFGGCVYW_CQQYYSYPWTF;CAHSDYYEGRGMDVW_CQQYYSTPYTF;NA_CQQYDELPVTF;CATTYYYDSSGYYQNDAFDIW_CQQYYSYPRTF;CAREIEGDGVFEIW_CMIWHSSAWVV;CARHIRGNRFGNDAFDIW_CQQYYSFPYTF;CARRLITMIEGGAFDIW_CQVWDSSSDHVVF;CAKVMIEHPSNRGHFDYW_CMQALQTPYTF;CTTDDEKRPYSGSYLPFDYW_CQSYDSSNVVF;CARGGRVSVAVYWDYYYYGMDVW_CQKYNSAPFTF;CAHSAQYYDILTGYYKAPWGGAFDIW_CQQYNSYSWTF;CARDDFGGATFYSSFDYW_CQQSYSTPYTF;CARAAKIFGVVTAFDIW_CQQYGSSPWTF;CVKDYSTSGWYYFDFW_CQQYGSSLPYTF;CARVVPAAFYGMDVW_CQQYGSSLFTF;CAGGSGYCTNGVCYPRGFDYYYGMDVW_CAAWDDSPPWVF;CAKDDTAMVTADFFDYW_CQTWGTGIWVF;CARTPRWLQCFDYW_CQQYNSYSWTF;CARDQWLAYYFDYW_CQSYDSSNHWVF;CARSGTTYYDILTGYYNYW_CQQYGSSRWTF;CAHRYYSNIDYW_CMQGTHWPWTF;CARDWGYYDSSGYSPRGYYYYYGMDVW_CQQLNSYSFTF;CAKDRVGYGDYVDYW_CQQYNNWPPWTF;CARLGSSPYYW_CQSYDSSLSGYVF;CTRYYGDVW_CQQYYSFPWTF;CAKDHYYDSSGYYSGLGYW_CQSADSSGTYRVVF;CATGLVVPAAILYGMDVW_CQQYGSSRGLTF;CAKDDGDAAAGLIYW_CAAWDDSLSGVVF;CAKDGGGEEALELPDYW_CGTWDSSLSAVVF;CATLRYPSLGVDYW_CHQYNNWPFTF;CARKDSSGSDAFDLW_CQQSYSTPYTF;CARDVVQLWYQIDYW_CQQSYSTPPNTF;CAKYVDTAMNQFDPW_CQQANSFPITF;CARGLHYYDSSGRSLYYFDYW_CQQYGSSPPGQTF;CANQPPSLYW_CQQYNNWPGTF;CARVGYDYVWGSYRYTGVMDVW_CSSYAGSSYVF;CARGRPYYYDSSGYPYDAFDIW_CMQALQTPLTF;CAKERVVTAIPVVIFDYW_CQQSYSTPRLTF;CARPYGDYAYFDYW_CQSYDSSLSGYVF;CARDWWERQDSKRPDYFDSW_CQQTNSFPITF;CARHSNDGSDYFDYW_CQESYGALLTYTF;CASTEIEMLVPRYCSSTSCYFVWFDPW_CGTWDSSLSAGHGVF;CASASSTGTDAFDIW_CQAWDSSTHVVF;CARDGSWYAAWFDPW_CQSYDSSLSGSVVF;CARDPSLGDPGWGYFDYW_CQQYNSYSTWTF;CVREMTGSFTGGLDPW_CMQGTHWPPTF;CAREVNTAMAYYYYYYGMDVW_CQQYGSSQWTF;CARERRGGGHYYDSSGYYLSDYW_CQQSYSTP;CARGGGYSSGWATREVVYW_CQSYDSSLGAVF;CAKVPTVTTFLGYYYGMDVW_CQQSYSTPWYTF;CARDLRPAANFDYW_CQVWDSSSDYVF;CARLSYSSSWYYFDYW_CQQSYSTLYTF;CARVPKVRYCSSTSCYKDYYYGMDVW_CQVWDSSSDSWVF;CATWHYYDSSGEDGMDVW_CQQYNNWPRTF;CARGRSSWHLDYW_CMQALQTPFTF;CARDPWELHGFDYW_CQQYGSSSFTF;CAREAYYYGMDVW_CNSRDSSGNHNYVF;CARDRSVVTMVRGVIPFYW_CCSYAGSYTVVF;CARHEKMNYYDILTGYSPPYYYYYGMDVW_CQSYDSSLSAYVVF;CAHYQGIAVTGTWFDPW_CQSYDSSNVVF;CARESSSWFPYW_CQQSYSTPFTF;CARERDYSPGRYYGMDVW_CGTWDSSLSAGVF;CARHPTPAAMVGYYYYGMDVW_CQQANSFPLTF;CARDGPMTAIGGYGMDVW_CQSYGSLGGSVF;CAKGRTTEGTDAFDMW_CQQVHSYPITF;CAKDRSSLLWFGELLYMPEEYGMDVW_CQQYNNWPLTF;CTNYGMDVW_CSSYAGSNNWVF;CARVDSFAPNSGYGAQLLNWFDPW_CQQYNNWPLTF;CAREDYDTASFGYW_CQQYDNLPYTF;CAKDFGRGSYHRAEYFQHW_CQQYNNWPPWTF;CARGGSLPLITMIVGFFW_CQQYGSSPEYTF;CTREAEMATISIDYW_CQVWDSSSDHVVF;CARDAPIWDTAIVYW_CQQYGSSLPWTF;CARLLVSAYNWFDPW_CQQSYSIPAF;CARIPMTTVTSYGMDVW_CQQYGSSSITF;CARDDEWEPYDYW_CCSYAGSSTYVF;CTTVLRYFDWLLSDYGMDVW_CLLSYSGARGVF;CAIGTGIVGTTFPREYW_CMQALQTSWTF;CAKDMELGWLIDYW_CMQALQTPLTF;CARERNIVVVPAAETFDYW_CQQYNNWPPLTF;CARIGFGEYDYGMDVW_CQSYDSSLSVVF;CARGNDYYGSGEFDYW_CSSYTSSSTLVF;CARGVGATDFDYW_CQSYDSSLSGVVF;CARDPSNWGSFGYW_CQAWDSSTYVF;CARVDGYNYSFDYW_CQQYNNWWTF;CAKEPYGGNSFVYYFDYW_CQQYGSSPGLTF;CAKAEWGGTENYIPYYFDFW_CQSYDNNNLIF;CARSHCSSTSCYPNYYYGMDVW_CQQSYSTPRTF;CARDFGERYCSGGSCYSFDPYYYYGMDVW_CLQHNSYPWTF;CAKEYPGPGQLDDAFDIW_CQSYDSSLSGKVF;CARVDTAMVTGLAISPPWDYGMDVW_CQQYNSYPWTF;CAKDIGDGSGSNSQKRDYYYGMDVW_CQQSYSTPRTF;CATDPYNSGWFASLKNQVLYYW_CQQSYSTPQTF;CAREHTGGWLQRYIDYW_CQSADSSGTYPRVVF;CARGYCDSTSCYAVGYFDLW_CQTWGTGIVVF;CARDPDPNWSKDWFDPW_CQQYNNWPPLTF;CAKGRYSFGLDNFDYW_CQQDGNSPTF;CASRAVQSSGWRQDYYYGMDVW_CQSYDSSLSGVF;CAREASEGPW_CQSYDSSNSWVF;CARLGGYSSRGNWFDPW_CQQSYSTPPYTF;CARDPHHTFGGVLVW_CQKYNSARTF;CAGYYYDSSGYLSSFDIW_CQSYDSSLSVVF;CARLPYRYSGSSNDAFDIW_CAAWDDSLSGPVF;CARAGYGDYVGDFDYW_CQSADSSGTYVVF;CARDYYGSRSDSGMDVW_CQQSYTTPYTL;CAKDGREAAAGTDYYYGMDVW_CQAWDSSTVVF;CARDSPGWGSSGFYYGMDVW_CQQYGSSPRYTF;CARVSGDTMIVVVHRDGMDVW_CQQYNSYSVTF;CAKNLATTGSHW_CLQDYNYPRTF;CAKDGGRGVVIIFYFDYW_CQQYGSSPITF;CARGIAVVTLWGPFDIW_CQQYNNWPRTF;CARDRWVPAAVPHYYYYGMDVW_CQQANSFPLTF;CAREGAAGPPPGHYYYYGMDVW_CMQALQTPFTF;CAKQGHFTDTKRIDYW_CQQYDSYPITF;CAVIPVTGQEASLSAEYFQHW_CQQSYSTPFTF;CARDSPSSGSYGLFDYW_CQTWGTGIRRVF;CASPGGGLLWFGELFRSYFDYW_CVLYMGSGFWVF;CAHRPVSDDILTGYRYNWFDPW_CQSYDSSLSGSVVF;CARGFIGYNFDSW_CQQSYRTPITF;CAREEGYCSGGSCEYNYYYGMDVW_CQQYGSSLITF;CARGRRVFLALSYW_CQQYGSSPHTF;CARGAGRIGQVDVW_CQQYNNWHTF;CARGYYDSSGQSLDYYYYGMDVW_CQQYYSYPFTF;CARTGKNGSGSYWFDPW_CQQYRTF;CARDGDTAMVINYFDYW_CQSADSSGTYWVF;CARTDIVATPDGGFDYW_CQTWGTGIHVVF;CAREGFYYYGSGSVSGGNWFDPW_CQVWDSSTVVF;CAKVPLGWGAAGGAYFDYW_CQQYGSSPATF;CARVGCSGDTCYSYDWFDPW_CGTWDSSLTAVVF;CARGGILTGKLSDYW_CQQYDNLPTF;CAHGLTGYYTYYFDYW_CQQYYSFPPTF;CARQVGANPFADYW_CAAWDDSLSGPVF;CARGKGEGRYYYDSSGYYYFDYW_CQQRSNWPPLTF;CSVYDAERGYFDYW_CCSYAGGDTSYYVF;CARNKQHIVGATLHTHYSNWFDPW_NA;CARLYGDYGDYW_CNSRDSSGNLFVVF;CARPYSSSWSPMDVW_CQSYDSSLSGHVVF;CARDKGYSSSWYIRSSWFDPW_CLLSYSGARLVF;CARAVCGDDCYLLDSW_CAAWDRSLGAVVF;CARTTTVVTGDAFDIW_CQSADSSGTYPVF;CAKGRGDYYYYGMDVW_CQQYDNLPITF;CTTGGALNYW_CQAWDSSTACVF;CARDLTTRDYSDAFDIW_CQQYGSSPRTF;CARAGLEINTPDSSGYYYGGGYFDYW_CQQYDNLPPRRFTF;CAKDHGYDFWSGYSDAFDIW_CQQSYSTPLYTF;CARESGYTNYYYYGMDVW_CQQYNSYPLTF;CARKYQLPYYYGMDVW_CQQSYNTPDTF;CARDSTYYYDSSGYPVSDAFDIW_CQQSYSTRRYTF;CAREVYSSSTNWFDPW_CQVWDSSTDVVF;CARANAEYSSSLLFDYW_CQSYDNSLSAYVF;CAHSPYDYVWGSYRQSWFDPW_CQAWDSSTVF;CTTIYYDILTGDYW_CMQALQTPITF;CARLDYDFWSGTPERMDVW_CQQYGSSPPWTF;CARVRKNWNYDLDDWYFDLW_CQVWDSSSDHYVF;CATRRVRGEGLAYW_CQQYNSYSRTF;CARNYDSSGYYVPPYFDYW_CQQYNNWPPYTF;CARDPANYFDYW_CQQSYSTLWTF;CAREESSSWYRYW_CQQYGSSPLTF;CARIVQGGSYLSGGIDYW_CMQSIQLLFTF;CARDRLIIRFLERPNWFDPW_CCSYAGSSTPVF;CAREYSNNWYFFDYW_CQQYAGSPLTF;CARVSGVGTSFAGFDPW_CQSADISATVF;CAREPTPRYSGSYRGFNYFDYW_CQQYYSFPLTF;CARAADYCTSASCPNEYFQHW_CQSYDSSLSVF;CARGRMTVHNDDSGFPEYLYYYGLDVW_CMQVMDNPRTL;CATSRVAVAGVDYW_CQSYDSSLSGVVF;CARDLGIAVAGRVEGYFDYW_CCSYAGSYTLVF;CARDVSNVLVIAVSPSWFDPW_CQQTYSIPYTF;CARDAPDRGSSWYSALFDYW_CQQYNNWPPTF;CARRDGGYCSSTSCSFDYW_CQQYNSYSPTF;CARAEIFGVVIQAFDYW_CQSYDSSLSGSVF;CVKKVIGFDDW_CQQSDTFGYTF;CAKGMDGSGSYYNKDGMDVW_CQAWDSSTGVF;CARVNGLLGEYYYGMDVW_CMQALQTPPNTF;CAKDWAVGWEFVDSW_CQQSHTVPLTF;CARDEGAAAYFDYW_CCSYAGSSTCWVF;CARAAGYCSSTSCYEIYYYYGMDVW_CQSYDSSLSVPF;CTRSYVLRFLEWFSPFDYW_CQQYGSSLWTF;CASSGSYQGNWFDPW_CQQSYSTPYTF;CARSPPRYDLSLVDAFDIW_CQQYNSYSTTF;CARETIAAAGSNFDYW_CQQSYSTPRTF;CARVSGYSYYFDYW_CQQLNSYLLTF;CATYIAAPRDYYYGMDVW_CMQALQTPYTF;CATGKTYSAPHAYYYFDYW_CQQANSFPRTF;CAKEVHSSGFDYW_CQSADSSGTYPWVF;CTTDHIVVVTAMIFGYYFDYW_CQQLNSPLTF;CAREGPTVTKFDYW_CQSYDSSLSGSVF;CEVKAAAGNFYW_CSSYAGSVVF;CAKDIEGGSGYYLTPGGFQHW_CCSYAGSSTFVVF;CARDAMAIGDYYYYGMDVW_CQQLNSYPSLTF;CARREGAGYDILTGSYYYYYGMDVW_CLLYYGGAQLGVF;CTTRLWRISQYYYDSSGYGHFDYW_CQSADSSGTYVF;CARTTLLAAAIDYW_CQQYYSFPYTF;CARAKAARPTPTYYYYYYGMDVW_CQAWDSSTGDVF;CARSGYDSSWVGYDFDYW_CQAWDSSTPVF;CAREGLEIDAFDIW_CQQSYSTPWTF;CAHTSAYYDSSGYYPPFDYW_CQQSYSTPLTF;CARATQDSSGWYGFWYFDYW_CQQYNNWPPTF;CARMLVVVAATGYYYYGMDVW_CQQYGSSQTF;CAREAYDSSAYSTIDYW_CQTWGTGIHVF;CARSAGSSGSFEYFQHW_CQQYGSSPLYTF;CARRLFLYSSSGYYFDSW_CQQASSFPPLSF;NA_CQQSYNTPRTF;CARGGGAVAGTIDFHYW_CCSYAGTDLWLF;CAKDRGYYDSSGYYYSDYGMDVW_CQSADSSGTYVF;CAKDGFGGASDHW_CQHYDRSPWTF;CARAIQMGCSDGSCLW_CQQYDNLPSYTF;CARKGRWLPDGDDAFDIW_CQQYYSYPLTF;CARAGLRSWFDPW_CMQSIQLPNTF;CARHSYGAYYYYGMDVW_CQQYGGSPLFTF;CAAGVMTARYDYW_CQQSYSTPLTF;CAHFMTTVTTGYFDPW_CIQVRQTPFTF;CAREGGGDILTTYYYYGMDVW_CQQYGSSTRALTF;CARGFGGGDYRSMDVW_CQQLITYPITF;CARTTYGGNSLNWFDPW_CQVWDSSSDHPVF;CAKRGGLMVRGVAVDYW_CQQYYSYPWTF;CARGYGSGNYYYYGMDVW_CMQALQTPWTF;CARSNYDILTGLDYW_CMQALQTPYTF;CAREDSGSYGYFDYW_CQQYNNWPQTF;CARRVLYYRFDPW_CNSRDSSGNHLF;CARGDYDYVWGSSPDAFDIW_CMQGTHWPLTF;CARDVRGYYYDSSGYSGEGYWW_CQQSYSTPYTF;CTRDRYSSSWYKGLYYYYGMDVW_CQQSYSTPYTF;CARVFFRVVYAMAYW_CQQYNNWPPMYTF;CASSLRYFDWTVNNWFDPW_CQQYGSSPQTF;CTRGYCSSTSCYTGWFDPW_CQAWDSSHVVF;CARDGRWELLGNQHW_CCSYAGSSTYVF;CARVYYDSSGYYYFDYW_CQQSYSTPWAF;CARGRVRWELLGDDAFDIW_CQQYDNLPLTF;CCTYVFVGIVPTIVDYW_CQQYNDWPPAGTF;CARDIQYYYDSSGYDAFDIW_CQQSYSTPWTF;CATSWGIAALYGMDVW_CNSRDSSGNPYVF;CAKDYPVAGDLDAFDIW_CCSYAGSSTWVF;CARANWDNWNDGLDYW_CGTWDSRLSSYVF;CARAGYCSSTSCSKEDVW_CQQSYSTPPRTF;CAREPLGGDYYYYYYGMDVW_CQQYGSSPTF;CARLSLRARFRGAFDIW_CCSYAGSYSVVF;CAHSLPSDIDYYYDSSGYSPSPPLFDYW_CQQYNNWPLTF;CASGYGGKTYYFDYW_CQQYGSSPGTF;CLGRELGHSW_CLQHNSYPWTF;CTAVLRYFDWLLMEAHENYYYYGMDVW_CQSADSSGGVF;CARDRSRWEFLYYFDYW_CQQYGSSGYTF;CARARYYDSNSYSYAW_CQTWGTGIWVF;CARLDYYDSSGYYDW_CQTWGTGIPVF;CARDYIAVAGPGENWFDPW_CQQSYSTRTF;CARDRGGYGVRWFDPW_CQQYDNLPPTF;CARRGNAIFGVVTHYYYYGMDVW_CMQALQTPLFTF;CSNYDILTGYYWFHYW_CQQYNNWPFTF;CASSFLDTSIVEYYFDYW_CATWDDSLSGLF;CARIVVVVTSRWFDPW_CQVWDSSSDHYVF;CARSLEWLDDYW_CQSYDSSLSGSVF;CARDAYGGYSFYYYGMDVW_CQQYGSSPFTF;CAGGSGSYYHLDPW_CQQANSFPYTF;CARPRLDYGDYGAGLGYW_CQKYNSAPFTF;CARDRGLRKKYFQHW_CQQYGSSPSTF;CARSLGPEFYYFDYW_CQQSYSTPWTF;CVSQLYYLDGRGYYYDYYYDYW_CLQHHDYPWTF;CTTVSPYGDYVGVYFDYW_CQQYYSYPPTF;CAKDFMEYYYYGMDVW_CSAWDSSLSAVVF;CARSPGSGSYTW_CQQYGSSPLTF;CARLPYAGGPYYYYGMDVW_CMQRIEFPFTF;CARGKPRSLELWSFYYYYGMDVW_CQQSYSTPPTF;CAMGGYDSSGVQLDYW_CAAWDDSLSGYVF;CAHRYCSSTSCYGLGDWFDPW_CQSADSSGTYLVF;CARHSEGLGPVDYW_CGTWDSSLSAWVF;CARAIFGVVSVMGFDYW_CMQALQTLTF;CAKSMKSFDYW_CQQSYSTPLTF;CTTEGGDGYNSFDYW_CQQYDNLPITF;CARDTTYGDYYYGMDVW_CQSADSSGNWVF;CARDGKGYSYGSGNYYGMDVW_CQQSYSTLYTF;CAHRTTTYYFDYW_CQQYNSYPYTF;CTTDLVWFGELANAFDIW_CLQHNSYLPEWTF;CTRGGTLGARSGYYDYYYGMDVW_CQQYNSYPLTF;CAKDEGRVVAVAGTGEHAFDIW_CQQYNSYSPTWTF;CAKDITIFGVVISHLDYW_CLQDYNYPLTF;CARTYYYDSSGYRNAFDIW_CQSADSSGTYPVVF;CAKCFYYDSSGYYYYYYGMDVW_CCSYAGSSTLVF;CARDLLSISGSPFDPW_CQQRSNWPPGGGGLTF;CARGGINGGAYFDYW_CQQYGSSPWTF;CARDRGPAGLDYW_CQQSYSTRYTF;CARRGYYYDSSGYYYDWFDPW_CNSRDSSGNRVVF;CAKGLNTAMVSYYFDYW_CVLYMGSGIWVF;CAKDIREGWSSGYYPVLDYW_CQVWDSSVVF;CAKDSPSGYYYYYYYGMDVW_CQQLNSYPITF;CARDRIAAADHNWFDPW_CAAWDDSLNGWVF;CARDIGGIAAAGSPPSAFDIW_CQQYNSYSTF;CAHSYYYGSGRGGWFDPW_CQSADSSGTYVF;CARDGSSSIFDYW_CNSRDSSGNHVVF;CAKPLRFGYSSSSCFDYW_CSSYAGSNNYVF;CAHTGFESLDYW_CQSYDNSLNGLGVF;CARDEDYYYDSSGSVDYW_CQQSYSTPWTF;CARQIAAAGPENWFDPW_CQSADSSGTYLVF;CARGLPVDVW_CGTWDSSLSAGHVVF;CARLIYYGSGRFGAFDIW_CQQYDNLPWTF;CARNEITIPLDVW_CQQYGSSPLVTF;CAKGGWFGELLFRLDYW_CQQYDNLLTF;CTTDHGDAYNYRW_CQQYGSSPRTF;CARDHRMNIAVAGTNWFDPW_CQKYNSAPLFTF;CARALREEQWLNNAFDIW_CQQYYSYPTF;CAHRPPYYDSSGYLSW_CQQYGSSLWTF;CARHYVDTAMVINQYYFDYW_CQSYDSSLSDVF;CARDNYDILTGHYGMDVW_CAAWDDSLSGLYVF;CAKDSSSSDWFDPW_CQQYYSYPLTF;CARDYVAVAGTLDYW_CQQYYSTPYTF;CTRDLAYSNYEPPNHNWFDPW_CLQHNSYPLTF;CARERYYYYGMDVW_CYSTDSSGNHGVF;CAKEGITGYYYYYGMDVW_CQQSYSTPHTF;CAKVALRYFDWLPPYFDYW_CQQYYSYPQNLTF;CARAHDSTGYQDFDYW_CQQAKSFPYTF;CARVGVYGSGSYLVGGDYW_CQQSYSTPWTF;CARGPYYGSGSGEFDPW_CQQYYSYPLTF;CARGSCYSSACYYYYGMDVW_CGTWDSSLSAVVF;CARDFDAAEGAFDIW_CQVWDSSSDPTFYVF;CARGAHSSGYYIDYW_CQQYYSFPFTF;NA_CHQYNNWSSWTF;CAREQDFGGNPFDCW_CMQVLHIPRAF;CARGTMVRGHYYYYGMDVW_CQQSYSTPLTF;CARGYSYGYLDWFDPW_CQSYDSSLSGVVF;CARAAPYSSSSLDYW_CQQSYSTLTWTF;CARRRITMNDYFDYW_CQSYDSSLSGVVF;CARGPDGGAFDIW_CQRGLTF;CARDLIARTALTYYYYGMDVW_CQSYDSSLSGGVF;CARYGVYGDYPGALFDYW_CAAWDDSLSGLWVF;CAKDRRGCSSTSCYTFDYW_CQQSYSTLSF;CARVSGYNSYYFDYW_CQQSYSTPRTF;CAAPSPRFTSSTGGGMELPLHVW_CCSYARGSSLVF;CAKDARWRPRVASIDALDIW_CQQYNNWPRTF;CARHIERYCSGGSCYEALDYW_CMQALHPITF;CASYLEMATRYYFDYW_CLQHNSFWTF;CARVTRVTQSNDFWTSYYTDCFDAW_CYSTDSSGNHKVF;CARLYSSSWTNYFDYW_CQQYYSYPLTF;CARGTVYSVPGGHYGDYVRDPKYYYYGMDVW_CQSADSSGTWVF;CARGAAGVRGPIGYW_CAAWDDSLSGWVF;CARVAVAGTTNWFDPW_CQQANSFPYTF;CARVLGGPGATTFDYW_CLQDYNYPWTF;CARTPVSTSYDSPGWYSSGWFFDYW_CQTWGTGIHVVF;CARTMVRGVTPADAFDIW_CQQYNSYSSTF;CAKSMGATILHAFDIW_CQQYNSYPLTF;CARANSGSYSFFFLRLDYFDYW_CQQYNNWPLTF;CARAAGTGGYYYGMDVW_CVLYMGSGISVF;CARAGQFGDSYYYYYYGMDVW_CLQDYNYPQTF;CAHFTKRPTDAFDIW_CNSRDSSGNHRVF;CARRLAYNGNWDYGDFDYW_CCSYSKTATF;CAAGFGLSGSYIHYYYYGMDVW_CQQYGSSPPLTF;CATDNWNFGADSGFGYW_CMQGTHWRTF;CARVLGSFSFGYDGFDIW_CQQLNAYPTF;CARDPGIAVAETVYYYYYYGMDVW_CMQALQTPPTF;CARTVGAGYKIGKGYFDYW_CQAWDSSTVVF;CARDQDLAALNYW_CGTWDSSLSAKVF;CTTENVLLWFGEPEYYYYYYGMDVW_CQSADSSGTYAVVF;CARSLFEGTVMAFRAEHMDVW_CQQYKTFFAVSF;NA_CQAWDSSTVVF;CARPPSHDSPMYHYW_CQSADSSGLWVF;CARDTMWWSYGMDVW_CCSYAGSGEVF;CARLRRYSSGYYYIAGDFDYW_CQSYDSSLSGVVF;CARDKGGTTVTTSNWFDPW_CQQYDNLPLTF;CARDGGGYYQKKGYFQHW_CGTWDSSLSAVVF;CARERPRGAAETW_CQAWDSSTWVF;CARDDIVVVPAAIDYW_CQSYDSSLSGPYVF;NA_CQQRSNWPPYTF;CARKFDCW_CQQYGTSLPVTF;CARGVLRFLEWLSNMDYYYYGMDVW_CMQALQTPRALTF;CAKDGSYYDSSGYSDYW_CQQYNNWPPWTF;CAKDKSYSVEYW_CMLFMGSGIWVF;CAKADVRSNWNDMHFDYW_CQAWDSSTVVF;CARATPRGYGGNSLNWFDPW_CQQYNSYPFTF;CAEGYQLPGLYYW_CNSRDSSGNHLF;CARHAGSGSYYFWFDPW_CQQYGSSPYTF;CAKDLQIGYCSSTSCRNAFDIW_CQQYGSSPPRVTF;CARGRGSYFDYW_CQQYGSSLWTF;CARTCSSTSCYTYGMDVW_CQQYNNWQYTF;CAHRGYSYGPLFDYW_CLLYYGGAQLVF;CARLPTLRYGSGSYYNGALDYYYGMDVW_CMQALQTPLTF;CARSIAAASPFDPW_CQQYDNLPPTF;CARGPPYGHLGYW_CQQYNNWPPITF;CAKDILGGGYFDYW_CQTWGTGMGVF;CAKDASYGYLFEYWYFDLW_CQQYNNWPPWTF;CARFGAKNYYDSW_CQQYNNWPGTF;CAREKWLRPQLDYW_CQQYGSSPKTF;CVKGPYYDGSGNSFGRKAFDIW_CQQYGSSPYTF;CARGASKGNQPALHYGMDVW_CQQSYSTPPAF;NA_CCSYAGSSTVVF;CATTLASPTHDYGDYEGGYMDVW_CQQYGSSPLTF;CALGIDAFDIW_CQQYNNWPKTF;NA_CQSYDDSLSGTVF;CARGFYYGSGSPLSGMDVW_CQQSYSTPRTF;CAKDPAASGSPWYFDYW_CQQYYSFPRTF;CAREVSRQSGSRPIKWFDPW_CQQSYSPPPLTF;CTPSLETYGDYALGYYW_CQSADSSGTYPYVF;CAKDFGGPLQFDYW_CQQYGSSPRTF;CAKDMLFSNNYW_CQTWGTGINWVF;CARDENHLYYGDLAYW_CQQSYSIPRAF;CARGSRLLLWFGELKVGPGFDPW_CQQYNSYWTF;CAMKGGRDGYNTRVYYYYGMDVW_CCSYAGSSTPYVF;CAKDIGPTNCSSTSCHAYYYYGMDVW_CQQYNSYSTF;CWRDRREAPIEMEVASTRG_CMQSTHWPYTF;CTRHTHCSGGSCYDAFDIW_CQQSYSTPRYTF;CAREPPHGSGTDYNWFDPW_CQSYDSSLSAYVF;CVKDLYDTGSYYYFDYW_CSSYTRSSTLVF;CSRHEGVGGNSDYW_CVLYMGSGISMF;CARNHDYGDYMFGGMDVW_CQSADSSGTYVF;CTTSGGDW_CMQSIQLPRTF;CARDRTSFGYSYGNIDYW_CQTWGTGILVF;CAKDELASYGGVGYYW_CQSADSSGTYFWVF;CAREPKHSGYCSSTSCYIGNWFDPW_CQSYDSSLSGNVVF;CARASWDSSSWGLGFDPW_CQAWDSSTGVF;CARTRVRGVISPFDYW_CQQANSFPPTF;CTREYYDFWSGDYW_CQQYDNLPLTF;CARDGGRGSGWSTPDYW_CNSRDSSGNHVVF;CARHYDFWSGDNPYWYYYYGMDVW_CQQYGSSPPWTF;CTTTTADIVVVPAAIQTVDYW_CQQYDNLPLTF;CAIMVRGVIGSYYYYGMDVW_CQQSYSTTWTF;CAKDNGYGGNSLQHW_CCSYAGSSTLVF;NA_CQQSYNTLWSF;CARARYRRDGYHNLYAFDIW_NA;CARGFSETGPGYKRFYYYFDLW_CQQYGSSPQTF;CARVKGDYYYYYGMDVW_CMQALQTPHTF;CARDPPLYSSGWFTGDYW_CQQYNSYPRTF;CAKDGGEHRGNDYW_CQVWDSSSDHYVF;CARGYDFWSGYLPHYGMDVW_CQVWDSSSDHPGVF;CARETKQYIDYRSPTVGRPYDYYYGMDVW_CLLFYGGAQLGVF;CAKGVWESTTEDAFDIW_CQQYNSYSPFTF;CAKDQGYCSSTSCYPYYYGMDVW_CQAWDSSTVVF;CARLGGYDSTFDYW_CSSYTSSSTYVF;CARGGDYYYGMDVW_CQQYNNWPLTF;CARVAAAGTYFDYW_CQQYGSSPETF;CARINQHGSGTYSPDYYYYGIDVW_CMQALQTPMYTF;CARKSIAAAGLPYYYYYGMDVW_CMQALQTRFTF;CAQGGYSYGYYDYW_CAAWDDSLNGVVF;CARQRGGTAVPVYYFDYW_CQQYGSSPLYTF;CARALYYDSSGYQPNRYYFDYW_CQSYDSSLSGYVVF;CTRALNSNHFDYW_CQQANSFPLTF;CARVTDPDAFDIW_CNSRDSSGNHYVF;CARSAWHPAATGGMDVW_CLQDYNYPYTF;CARVSLVVPQQFDYW_CQAWDSSTVVF;CAKVPGYSTGWYYFDYW_CQQCDSSPEWTF;CAKDSTCSSTSCYRGYYYYGMDVW_CQQYYSYPITF;CARDSKQQLADNWFDPW_CQAWDSSTLVVF;CARGRNGGNRFDWFDPW_CQSYDSSLSGSGVF;CARGKNWFDPW_CQQYGSSPLTF;CASGYSSGRPDYW_CQQYDNLPITF;CARLSDGDYTFDYW_CQQYNSYWTF;CARGGTAGYSYGYAYW_CQAWDSSTAVVF;CAKDIVVVPAAPITLYYYYGMDVW_CMQALQTSFTF;CARWRLYYDSRGYYYGMFDYW_CQQSYDTPLTF;CARSRRIVGATSFDWFDPW_CQQYNSYSRTF;CASEDSGYGGGFDYW_CQSYDSSLSEGVF;CAHGRDYDSSSLPFDYW_CQQYNSYPYTF;CARAGAYYYGSAIDYW_CQQYGSSPGLTF;CAKGSSHSGGWFDPW_CQQYNSYWTF;CARDLLRAYSSSSTSSIDYW_CQQYYSYPRTF;CAKDVSGYLDAFDIW_CGTWDSSLSAGWVF;CAREGSRYFDYW_CQVWDSSSDHYVF;CASHDSSGYYLLDYW_CQVWDSSSDHVVF;CARYCSSTSCYTTYYYYYYGMDVW_CQQYYSYPLTF;CARLWVFLTMVRGPDFDLW_CHQSSSLPLTF	0	NA
9	1	CARTSRGLIAAAAAVDYW_NA	16	79	CARRRYYGGNSNKGWYFDLW_CQQRSNWRTF;CARDQEYSSGWDGPDYYYYYGMDVW_CQQSYSTPQTF;CARDDRFGGDTLGWFDPW_CQSYDSSLSGSGYVF;CAREGWGLGYCSSTSCYTGPFGYW_CQQYGSSPPYTF;CAKDPNYWRYFDWLTGYYFDYW_CQQRSNWPPWTF;CARDGGFGGSWLDPW_CQQRSHFRTF;CAKGEQFIAVNNWFDPW_CQQRSNWPITF;CARDRLDGYNSFYYGMDVW_CQSYDSSLSGSVF;CARDAGRDGNEYYFDYW_CQQYNSYLYTF;CARGSISSQRWFGPW_CQQYNYYYTF;CARDRGQWLVREEDYYYGMDVW_CQQYYSTPLTF;CARGGAVLRYFDWEPQGPLEDNWFDPW_CQQRSNTWTF;CARNMASGMDVW_CQQRSNWPLFLTF;CARIWAVAADHSFDYW_CQQYNNWPPWTF;CAHRPLDILTGYRVDYFDYW_CQQSYSTLGTF;CARDKGATFDYW_CQQSYSTPYTF;CARDRWSLHIVGASPRGPSFDYW_CQQANSFPVTF;CARAIWYYDILTGYYSYYGMDVW_CSSYAGSNNLEVF;CARARGDFWSGYTHWYFDLW_CQQRSNWPPWYTF;CAQTGILTGYPRVGNAFDIW_CQQRSNWLGFTF;CASGSSDRYSSGWYWGYFDYW_CQAWDSSTVVF;CARAEIYGSGSKYYYYGMDVW_CQSADSSGTYYVF;CARGPDRFSGSYDNWFDPW_CQHTRAF;CAKDYDSGSYYEGGAFDIW_CQQRSNWPLTF;CARDIVRDFDWPGVGYW_CAAWDDSLNGYVF;CARGWSGYSSSLHPYYFDYW_CCSYAGSSTTLVF;CAQIAAAGTMGFDYW_CQQRSNWPSLTF;CTTEVCSGYDCDLGDYW_CQQRSNWPTF;CARSVDTAMGNAHDW_CQQYGSSPPTF;CARDLYSGYSYGSAVYW_CQQRSNWPIF;CARDRPPYSNYVIYGMDVW_CQQRSNWPPLTF;CARESPFGGQSVAVGGTPDYW_CCSYAGSGTFVF;CARDHKQWRVSYVWFDPW_CQQRNTWPRPTF;CARGPGYCSGGSCYGMFDYW_CQSADSSGTYVVF;CARDISKGAAGTGDWFDPW_CQQRSNWPLTF;CARGTRRDGYNLIYW_CQQYDNPPLTF;CAKGTHYYGSGSMWGMDVW_CQQRSNWPPYTF;CAREGEITMIVANDAFDIW_CQQSYSTPPTF;CARAVPARPEYCGGDCYIYYYGMDVW_CQSADSSGTYWVF;CVLYYGSGSYYRFDYW_CQSYDSSLSAVF;CARDSSSPATRHFDYW_CMQATQFPYTF;CATSDWSW_CQQRINWPITF;CARGRGRYYDSSGEW_CQQYNSYPYTF;CARGPIVVVIAASPYYYYGMDVW_CQQRSNWPPGCTF;CARESRPTVTTRTTSGMDVW_CLQHNSYPRTF;CARARSSGWYHYW_CQQRSNWPPTF;CAKDSRYSLLIAVAGTEDYW_CQQRSNWPWTF;CARDIGYSSGWYWTPGVNYYYGMDVW_CQQYGSSPWTF;CARDRGVGARHFDYW_CQQYNNWPPWTF;CGRAAISVLRKMPPTFW_CQQYGSSPYTF;CARETYYYDSSGYYGPHAFDIW_CLLSYSGARVF;CARDSEIFGSSWYSYFDYW_CQQYNSYSYTF;CAKVEGIWFGELSDFYYYYGMDVW_CQQRSNWPLTF;CARTYVWGEVDYYYYGMDVW_CLQHNSYPWTF;CATDLNLAVAGEGGYW_CQQRSNWPLTF;CARDSYDFWSGYTPPNYYYYYGMDVW_CQQRSNWYTF;CARVYSYGYRYFDYW_CQQSYSTLWTF;CARDGGYSYGYAQGYYGMDVW_CQSADSSGTHVVF;CASATTVSHW_CQQRSNWPLTF;CARDRSAERRGYFDYW_CNSRDSSGNHYVF;CARVKSGGSSSLRQDAFDIW_CQQRSNWPYTF;CAREDSSGWLEFPNWFDPW_CCSYAGSSTYVF;CARDCSSTSCLAYW_CQLRSNWPTF;CAREGEQWLDGAFDYW_CQSADSSGTYKVF;CARDGGGWYGLVDYW_CQQYNNWPLTF;CARGNDAFDIW_CQQYNSYSGTF;CARDGKPSKTFDYW_CQQSYSTPLTF;CARHEKGIAAAVYYFDYW_CQQRSNWPLTF;CAKDVTDGYNIPYYFDSW_CQQRSNWPLTF;CTSWAIPQALTDYYYYGMDVW_CQQRSNWPPSITF;CARDCGGPVTTTTNDAFDIW_CQQYYSYPRTF;CARDCDGGCDYW_CQSADSSGTYRVF;CAKDDDRGYGWFGELLGRYGMDVW_CQQRSNWLLTF;CARALSLGPRTYYYDSPQRGHDAFDIW_CQQSYSTSWTF;CARGETYYYDSSGYYWGYYFDYW_CQQYNSYPLTF;CTTPTWGNYYYYGMDVW_CQQRSTGRDTF;CARDQQWLGDFDYW_CSSYAGSNNLWVF;CARVFRRYGSGSYYNLW_CQQRSNWLTF;CARDPGDYVEIEWYFDLW_CQQRSNWPRLTF	0	NA
9	1	CARTSRGLIAAAAAVDYW_NA	17	67	CARDEGIAARTRGETHYYYYGMDVW_CQQYYSTPYTF;CARDRDGAFAIW_CAIWYSNTHVIF;CASRVHGLVTVTTGGAFDIW_CQQYYSYPPAF;CARGGDPTWFDPW_CCSYAGSSIVVF;CARAGAVARGYFDYW_CQQYYSFPPTF;CARGRGAAAGTSILNYW_CQQYYSTPLGF;CAREPPDLTMVRTKGVRWFDPW_CQQYYSNPLTF;CARGGRVWSQATPTKNWFDPW_CQQYNNWPPWTF;CARETVVTPQNAFDIW_CAAWDDSLNGYVF;CARKSGPPQYRYFDYW_CQQSYSTPLHF;CARDEMVRRDGYNFAFDIW_CQQYYSTPPLTF;CARGVGGCSSTSCYTRGYYGMDVW_CQQANSFLTF;CAKDGIVFYGSGSYNDYW_CQQYYETPTF;CARGVRVAPIDYW_CAAWDDSLWVF;CARGPVYYYGSGSYYYFDYW_CLQDYNYPFTF;CARVRGAFGEPPPYNWFDPW_CQSADSSGTYYVF;CARGTRGRSSGYYSNW_CQQYNNWPPYTF;CARGGLYSSSWSVHSTFQHW_CQQYGSSPRTF;CARDLGARDGYNKFDYW_CQQYYSTPALTF;CAHTPGSGQKGSIYW_CQQYYSTPWTF;CARGRSSGYYPHFDYW_CNSRDSSGNHYVF;CARLGPYGSGSYSPVDYW_CQQYYSNPQAF;CARGAAAGTLDAFDIW_CQQYYSTPLTF;CAADRIRGSSANYDYGMDVW_CQQYYSLRTF;CTRGGGALGNW_CQQYYSIPWTF;CARGGRYCSGGSCYNWFDPW_CLQDYNYPWTF;CARGPGIYGDYGGGRPGYFDYW_CQQYYSTPPITF;CARVDNVWTTWGYW_CQQSYSTPPTF;CARGPSRSYNVYYFDYW_CQQYYSTGTF;CARGRGARYDYGYGLVPNYFDYW_CQQHSSSPPTF;CARDRVHDYVWGSYRDLDYW_CQQSYSTLMYTF;CARGPMTTVATPRTQYFQFW_CQQYYSTPWTF;CSKDWAATGREIGYW_CQQYYRTPYTF;CARRYSYGYKRLSGWIWYFDLW_CAAWDDSLNGYVF;CARRDCSGGSTQSLPQRHLTCYYGMDVW_CQQYYSTLYTF;CANDRDASSAWYGPVGYW_CQQHYSTPGTF;CASSGWFDPW_CAAWDDSLSGRVF;CARDQYSSGWYLGGWGYFDYW_CQQYYSTLRTF;CARGVVGHPHLIDFW_CQQYYHMGTF;CARGMGSSSWYPNTKLVNWFDPW_CQQYYSTPPTF;CARGEYGDYAFDYW_CAAWDDSLNGYVF;CARGTIAVAGKRYYYFDYW_CQVWDSSSDHHVVF;CARQDCSGGSCYLDYW_CQVWDSSSDHPVF;CAKGYSSSWYYNYGMDVW_CQQYYSTPTF;CARALYYDILTGYYPRYYFDYW_CQQLNSYPITF;CARDRYFGPW_CQQYYSTPWTF;CARGSGYYVGSYFDYW_CNSRDSSGNHPPVVF;CARITMIGGAFDIW_CQQYYSTPSITF;CARDLPAVYYYGMDVW_CQQSYSTLFTF;CARGNTRLRGYSYGLQMARGGYGMDVW_CQQYGSSPGTF;CASSAPPYGHFDYW_CNSRDSSGNHVVF;CARSVTGTMGIYYYGMDVW_CQQYGSSRGTF;CVRGGSGTLSWYDSW_CQQYLSSPDTF;CTRDLLVNWNDPGLISYYNSFDVW_CQQYYNSPRTF;CARGRGYYGSGSYFSFSYYYGMDVW_CAAWDDSLNGQVF;CARDRRGYSYGYPWFDPW_CNSRDSSGNHRVF;CARGRVYGDYVFWFDPW_CQQSYSTPLTF;CARSDDNGDYVFNYW_CQQYYSTPPTF;CARAYGMDVW_CQKYNSAPYTF;CARELASHLGDYFDYW_CQQYYSTPPKTF;CARGTRGRSSGYYSNW_CQQYNNWPPYTF;CARKARQWEVAIDSW_CHQYYTTPLF;CASLERVRRFYYYYGMDVW_CLLYYGGARVF;CSVYDSSGYLYGAFDIW_CQQYYSTPLTF;CARYNWNLNFDYW_CAAWDDSLNANYVF;CSIHPYYYDSSSHSEYFQHW_CQQYDNLPPAF;CARGSPYCSGGSCYLNWFDPW_CQQYYSYPRTF	0	NA
9	1	CARTSRGLIAAAAAVDYW_NA	18	68	CARQVGVGKWYLEDW_CCSYASGDNLVF;CARLIKYSGSYEMVDYW_CAAWDDSLNGYYVF;CARGGFITMIGYGMDVW_CQQYDNLPFTF;CARDLRWCSGGSCYGNYYGMDVW_CAAWDDSLNGQVF;CARDGRDYYDSSGYYYDDAFDIW_CQSADSSGTVVF;CARDHPLMVRENLGFDPW_CAAWDDSLNGPVF;CARDLRNYYDFWSGSPNPKINWFDPW_CQKYNSAPLTF;CARDLPAARYGDYGGFDYW_CAAWDDSLNGVVF;CARDLFPIQYGSEPYGMDVW_CQQYGSSPRTF;CARDIGPLDVW_CQVWDSSSDHRVF;CARDQGDGDYGAFDIW_CQQSYSTSSWTF;CARILEIVDPSGSYQYYFDYW_CGTWDSSLSAVVF;CARDGHYSGSYYVGYW_CCSYAGSYTYWVF;CAREEYSSSWHPYYFDYW_CGTWDSSLSAYVF;CAKDFRGWFDPW_CATWDDSLNGWVF;CARDRSGGSWFDPW_CVLYMGSGVF;CARASTAAYYYYYYGMDVW_CAAWDDSLNGHVVF;CAHHLSFGGNWAFAHW_CAAWDDSLNGSYVF;CASNLGYCSSISCYGFDYW_CQQYGSSPLYTF;CAKELPYYDSSGGPEYW_CAAWDDSLNGWVF;CARGEDYYGSGSYYGMDVW_CQAWDSNTVIF;CARVLGITGTTRRFDYW_CQQYYSYPFTF;CARDREQLAPFDYW_CQSADSSGTYVF;CAKDLIDTMIVVVITPPFDYW_CAAWDDSLNWVF;CARGGHLWSEEVMNRFYYYLGMDVW_CGAWDGSLNGYVF;CARDGYSGYDRADYYYYYGMDVW_CQSYDSSLSGSRVF;CARDHIAVAATPAEYYYYGMDVW_CQAWDSSTVVF;CARARDRQGAYYYGSGSYVPYYYYGMDVW_CCSYAGSSPWVF;CARQNFDILTGYSIDYW_CAAWDDSLNGLYVF;CARDNSGSYVVEYYFDYW_CAAWDDSLNGWVF;CARQYVEWLREMDVW_CAAWDDRLNGWVF;CARNYYYDSSGSGFDYW_CQQANSFPPTF;CAHRHHCSSTSCSPWDDWFDPW_CAAWDDSLNGPVF;CARQNFDILTGYSIDYW_CAAWDDSLNGLYVF;CAKTQVDGKALWFEPW_CATWDSILSGWIF;CARELLWFGEGINWFDPW_CAAWDDSLNGVVF;CARHNTITLRYFDWTKLGYFDLW_CAAWDDSLNGVVF;CARDRYDYGDYPAEYFQHW_CAAWDDSLNGVVF;CAREQLGGFDYW_CAAWDDSLSVVVF;CAIIPLATPVTIIMDYW_CMQSIQLPPQPTF;CAREQQLVPYYYYGMDVW_CAAWDDSLNGWVF;CARDGAGHYGSGSYFGSW_CATWDDSLNGFVIF;CASRTNHYYDIQRHYW_CQQSYSTPGVTF;CARHIMVRGVPPNFDYW_CAAWDDSLNGPVF;CASTGGGSYPILNW_CQQYYSYPLTF;CARGGPYPINSGYYYEVDYW_CAAWDDSLNGRYVF;CARGPNDAFDVW_CQQYARSPPWTF;CAHHASFGGNWAFAHW_CAAWDDSLNGSYVF;CARDRGYGSGSYFSGFDYW_CQQYNNWPPRTF;CARERGMYSSGWYNWFDPW_CQQYYSYPYTF;CARGGDGYNYHPYW_CQKYNSAPTF;CAKDSIPIYDSSGTTFDYW_CAAWDDSLNGWVF;CARDQRSYADYW_CQQYYSYPQTF;CARDLQRGYSYGYW_CAAWDDSLNGVVF;CARDIHGNGALYYYYGMDVW_CAAWDDSLNGLYVF;CARDNIVVVPAAMFEASDYYYGMDVW_CMQALQTPYTF;CARDELRQLVLW_CQSYDSSNPWVF;CARSYGSGSYPRPSPLAWFDPW_CAAWDDSLNGPVF;CARDLIGFGASFDYW_CQQYNNWPPYTF;CARMMGTYYGDHPTIVGYFDYW_CQQYNNWPLTF;CARDGLDYDSNAIDYW_CQQYDNLPYTF;CARHGGDCGLDCYSNWFDPW_CQHWTF;CAREPADSSSLW_CQSYDSSNWVF;CARSGQWLEGWFDPW_CQQYNSYSPTF;CAREGREGGGFDYW_CAAWDDSLSGWVF;CARFVPGGYDGFDIW_CASWDKNLNAFVF;CARDPVPVILGYCSGGRCSPLDYW_CQNYNSAPRTF;CAKDWDDYDSESGVYNYYGMDVW_CSAWDDSLNGVVF	0	NA
9	1	CARTSRGLIAAAAAVDYW_NA	19	62	CAKDFHRLTLLRYCSGGSCYSAFDIW_CCSYAGSSTYVF;CAKRPDTTGRSWYFDYW_CQQYNNWLWTF;CAKFDIAAADTGKGEDYW_CMQGTHWPPLTF;CAKDSLFDRIILIATDIW_CAAWDDSLNGWVF;CAKYPSFSSRRWYFDLW_CQQYNNWPPPYTF;CAKLPSYSYGPFDYW_CQVWDSSSDHPVF;CAKDRQQLVIDAFDIW_CQQANSFSYTF;CAKVLGFGPHYDILTGYYPFDYW_CQQSYSTPLTF;CASVQWLVDYW_CQQSYSTPMYTF;CAKDQSPSAKNGDYVSFDYW_CMQALQKTF;CAKDLRFLEWLLPYYYGMDVW_CMQALQTPWTF;CAKDIRGNSWYGDSEGIW_CMQGTHWPYTF;CASGMVDFDYW_CMQGTHWPPTF;CAKGDSRYWYFDLW_CQQRSNWPLTF;CAKWGHSSWYDNWFDPW_CQSADSSGTYVVF;CAKMGASRWGPSYYFDCW_CQQYGSSPRTF;CAKDHPTNWFDPW_CQQYYSYPRTF;CAKAQNYYDSSGYYPFDYW_CQVWDSSSDHSVVF;CAKAPESSAYYGPDYW_CAAWDDSLSGHWVF;CAKGATSCAYW_CQQSYSTPRTF;CARGRLGGYSLPGFDYW_CNSRDSSGNHVVF;CAKASARYCSGGSCYGTAFDIW_CQQSYSTPVF;CAKFHDSSGYYYLYGFDYW_CQAWDSSTYVF;CAKGAAASRTDYW_CQQSYSTPPYTF;CAKDEWERGAFDIW_CQQYNSYSPWTF;CAKADLLYSGSYGAW_CQQSYSTPYTF;CAKDGIVVVTAIKFGHGMDVW_CQQANSFPYTF;CAKRLDYW_CMQATQFPYTF;CANISPPPRYYGSGSYYNFAFDIW_CQQLNSYPFTF;CAKEDYNSGSCLDYW_CQQLNSYPQVTF;CAKVRGIVGATPCYFDYW_CQVWDSSSDHPVF;CAKDRGYRGDYSNWFDPW_CQQYNSYPRTF;CAKPSIVATIWAFDYW_CQQYDNLPPITF;CAKGRYSSSWYEDWYFDLW_CQQRSNWPPLTF;CAKDAEGQGPVLLWLGGMDVW_CQQYNSYSYTF;CATGIAVAGTLGYYGMDVW_CQQYNNWPRFTF;CAKASVAVAGTGGMDVW_CQVWDSSSDHVVF;CAKFFVVLSFWSGYYDYW_CQQLNSYPQTF;CAKGRNFVVVTAICDYW_CQQYGSSPLTF;CAKSLKLFAIDYW_CQSADSSGTYWVF;CAKGGYCSGGSCPLDYYYGMDVW_CMQALQTPLTF;CAKDHDEGATTYFDYW_CQAWDSSTVVF;CAKDRGPAEKYYYDSSGTQLIGAFDIW_CQQYYSYPPGTF;CAKALHAAVVGPAAIPFDYW_CSSYVGSNNYVF;CAKDHLMITFGGVGQGVPWFDPW_CQKYNSAPRTF;CAKAEGVKYNWNYGDYW_CQQSGSSPPTF;CAKETLGAVDYW_CCSYAGSSRVF;CAKAAMVRGVIDWYFDLW_CQQYYSYPPFTF;CAKGGGADFDHW_CQQYSIWPLSF;CAKDRDGYNADDAFDIW_CQQSYSTPLTF;CAKSYGSGSYYRTSEYYFDYW_CQQYNNWPPGTF;CAKRDSSSWGWDRGAFDIW_CQQLNSYPGFTF;CAKGFDYYGSGSYSPFDYW_CQQYNNWPPEYTF;CAKDGRWELGTFDIW_CQQYDNLPQF;CAKDRRLGPWIPDYW_CQQYDNLPQAF;CAKDRCTITSCSYQNW_CMQALQIPPTF;CAKDRSFDYPDYW_CQQYYSFPYTF;CAKLGEEDGSGSPSYYYYGMDVW_CQQYNNWPPLTF;CAKILYSSGWWGGAFDIW_CQQYNSYPLTF;CAKDKASSWQDRYYYYGMDVW_CVLYMGSGIRVF;CAKVGVGATSHFDYW_CQQSYSTPRYTF;CAKDLPRSVVVTANSYYYGMDVW_CQQYNSYPVTF	0	NA
9	1	CARTSRGLIAAAAAVDYW_NA	20	56	CARETTPVVTASTYYYYYGMDVW_CSSYTSSSTWVF;CARDWVRGVNDMDVW_CSSYTSSSTRVF;CTRPQRKWELPYPDAFDIW_CSSYTSSSTLF;CARGGAAVTTYYYYFYGMDAW_CCSYSSTNTLYVF;CARDGSGYLEQYYFDYW_CAAWDDSLNGYVF;CARGQGRTTSDYW_CSSYTSSSTLVVF;CARDPITMVRGVIISGWYFDLW_CSSYTSSSTLDVVF;CAKGADPYYDFWSGYSELFPLGMDVW_CSSYTSSSTVVF;CAREFKSFWSGYGDYYYGMDVW_CSSYTSSSTRVF;CARVVDDYYDSSGRYYFDYW_CSSYTSSSTQVF;CARHPFRVFGGWRDYW_CSSYTSSSTLWVF;CTGPDRMAYYDSSGYWEGVLDYW_CSSYTSSSPLYVF;CTRCGSSWTSYTMYDW_CSSYTGSRLYVF;CAKASLYGSGSYPPKYW_CSSYTSSSTYVF;CARDRPALWFGELHGMDVW_CSSYTSSSTLVF;CAKDHWEYYWYFDLW_CSSYTSSSTLVF;CARQISILRLLVWFDPW_CSSYTSSRGVF;CARHSPPRLWFGAFNYYYGMDVW_CSSYTGSSTLVF;CARRIAVAATVTGAMDVW_CTSYTSSSTLVF;CARYYDILTGYYYDYFDYW_CSSYTSSSTSF;CAKDPRLGPYFDYW_CSSYTSSSTRVF;CATSLVVVPAAILRGGVGGHYYGMDVW_CGTWDSSLSAVVF;CARILSDYYDSIGAFDYW_CSSYTSSSTPVVF;CARDRVAIMRGIKPNGMDVW_CQQLNSYPQTF;CARELTGDRDYW_CNSYTRSSTYVF;CARVNTMVRGLSTTKYYYPMDVW_CSSYTLSILIF;CARGGLPLGYCSGGSCSRRYYGMDVW_CSSYTSSSTLVVF;CARVEYGDYSGWFDPW_CSSYTSSSTWVF;CARGINYCSGGSCYYYYYYGMDVW_CSSYTSSSTLEGVF;CAREGPSRPAANYW_CSSYTSSSTEVF;CVRDQGSGGNYFDPW_CSSYTSSSLYVF;CARDDYYYDSSGYYPRFDYW_CSSYTSSSTLGVF;CARGSRYSYGDPCFDYW_CSSYTSSSTPVVVF;CARYYQDRFDYW_CSSYTSSSTLEVF;CARGPYDILTGSIYYYGMDVW_CSSYTSSSTLIF;CARDLGWSEGNYYYYGMDVW_CSSYTSSSTYVF;CAYDSSGYSLDYW_CQQYGSSPF;CARDQGTAAKPLDYW_CSSYTSSSTRVF;CARGGYSGYESDYW_CSSYTSSSTRVF;CARSSVGRQWPKGMDVW_CSSYTSSSTLAF;CAKDIRGRMATIMSW_CSSYTSSSTLVVF;CARVELHYYYYYGMDVW_CSSYTSSSTLF;CARGMIVVVMRYGMDVW_CSSYTSSSPVVF;CAKGILRYFDWHLEGMDVW_CSSYRNISTVF;CAKDIVSYSNYVLSNW_CSSYTSSSTQHVVF;CARHGSYLGYFQHW_CSSYTSSSTVVF;CAKDKGPDYYYGMDVW_CSSYTSSSTLYVF;CARSMVRGKYRAEYFQHW_CSSYTSSSTLNVVF;CATLSGMDVW_CSSYTSSSTLVVF;CAREGRPPRKPKNNWFDPW_CSSYAGSNNLVF;CARGYSYGPFDYW_CSSYTSSSTLVVF;CASPITTVTTRGAFDIW_CSSYTSSSTFYVF;CAETSYCSGGSCPMSEYGPVFDPW_CSSYTSSSTPWVF;CAKDCGEPWYNWNDGIGYW_CSSYTSSSTWVF;CARDSRLGGVDPW_CSSYTSSSTRVF;CAKAPGGYNWDNYHYYYFAMDVW_CSSYTSSSTLYVF	0	NA
9	1	CARTSRGLIAAAAAVDYW_NA	22	1	CARHGINYYDSSGYSGNDAFDIW_CQQYDNLFTF	0	NA
16	79	CARRRYYGGNSNKGWYFDLW_CQQRSNWRTF;CARDQEYSSGWDGPDYYYYYGMDVW_CQQSYSTPQTF;CARDDRFGGDTLGWFDPW_CQSYDSSLSGSGYVF;CAREGWGLGYCSSTSCYTGPFGYW_CQQYGSSPPYTF;CAKDPNYWRYFDWLTGYYFDYW_CQQRSNWPPWTF;CARDGGFGGSWLDPW_CQQRSHFRTF;CAKGEQFIAVNNWFDPW_CQQRSNWPITF;CARDRLDGYNSFYYGMDVW_CQSYDSSLSGSVF;CARDAGRDGNEYYFDYW_CQQYNSYLYTF;CARGSISSQRWFGPW_CQQYNYYYTF;CARDRGQWLVREEDYYYGMDVW_CQQYYSTPLTF;CARGGAVLRYFDWEPQGPLEDNWFDPW_CQQRSNTWTF;CARNMASGMDVW_CQQRSNWPLFLTF;CARIWAVAADHSFDYW_CQQYNNWPPWTF;CAHRPLDILTGYRVDYFDYW_CQQSYSTLGTF;CARDKGATFDYW_CQQSYSTPYTF;CARDRWSLHIVGASPRGPSFDYW_CQQANSFPVTF;CARAIWYYDILTGYYSYYGMDVW_CSSYAGSNNLEVF;CARARGDFWSGYTHWYFDLW_CQQRSNWPPWYTF;CAQTGILTGYPRVGNAFDIW_CQQRSNWLGFTF;CASGSSDRYSSGWYWGYFDYW_CQAWDSSTVVF;CARAEIYGSGSKYYYYGMDVW_CQSADSSGTYYVF;CARGPDRFSGSYDNWFDPW_CQHTRAF;CAKDYDSGSYYEGGAFDIW_CQQRSNWPLTF;CARDIVRDFDWPGVGYW_CAAWDDSLNGYVF;CARGWSGYSSSLHPYYFDYW_CCSYAGSSTTLVF;CAQIAAAGTMGFDYW_CQQRSNWPSLTF;CTTEVCSGYDCDLGDYW_CQQRSNWPTF;CARSVDTAMGNAHDW_CQQYGSSPPTF;CARDLYSGYSYGSAVYW_CQQRSNWPIF;CARDRPPYSNYVIYGMDVW_CQQRSNWPPLTF;CARESPFGGQSVAVGGTPDYW_CCSYAGSGTFVF;CARDHKQWRVSYVWFDPW_CQQRNTWPRPTF;CARGPGYCSGGSCYGMFDYW_CQSADSSGTYVVF;CARDISKGAAGTGDWFDPW_CQQRSNWPLTF;CARGTRRDGYNLIYW_CQQYDNPPLTF;CAKGTHYYGSGSMWGMDVW_CQQRSNWPPYTF;CAREGEITMIVANDAFDIW_CQQSYSTPPTF;CARAVPARPEYCGGDCYIYYYGMDVW_CQSADSSGTYWVF;CVLYYGSGSYYRFDYW_CQSYDSSLSAVF;CARDSSSPATRHFDYW_CMQATQFPYTF;CATSDWSW_CQQRINWPITF;CARGRGRYYDSSGEW_CQQYNSYPYTF;CARGPIVVVIAASPYYYYGMDVW_CQQRSNWPPGCTF;CARESRPTVTTRTTSGMDVW_CLQHNSYPRTF;CARARSSGWYHYW_CQQRSNWPPTF;CAKDSRYSLLIAVAGTEDYW_CQQRSNWPWTF;CARDIGYSSGWYWTPGVNYYYGMDVW_CQQYGSSPWTF;CARDRGVGARHFDYW_CQQYNNWPPWTF;CGRAAISVLRKMPPTFW_CQQYGSSPYTF;CARETYYYDSSGYYGPHAFDIW_CLLSYSGARVF;CARDSEIFGSSWYSYFDYW_CQQYNSYSYTF;CAKVEGIWFGELSDFYYYYGMDVW_CQQRSNWPLTF;CARTYVWGEVDYYYYGMDVW_CLQHNSYPWTF;CATDLNLAVAGEGGYW_CQQRSNWPLTF;CARDSYDFWSGYTPPNYYYYYGMDVW_CQQRSNWYTF;CARVYSYGYRYFDYW_CQQSYSTLWTF;CARDGGYSYGYAQGYYGMDVW_CQSADSSGTHVVF;CASATTVSHW_CQQRSNWPLTF;CARDRSAERRGYFDYW_CNSRDSSGNHYVF;CARVKSGGSSSLRQDAFDIW_CQQRSNWPYTF;CAREDSSGWLEFPNWFDPW_CCSYAGSSTYVF;CARDCSSTSCLAYW_CQLRSNWPTF;CAREGEQWLDGAFDYW_CQSADSSGTYKVF;CARDGGGWYGLVDYW_CQQYNNWPLTF;CARGNDAFDIW_CQQYNSYSGTF;CARDGKPSKTFDYW_CQQSYSTPLTF;CARHEKGIAAAVYYFDYW_CQQRSNWPLTF;CAKDVTDGYNIPYYFDSW_CQQRSNWPLTF;CTSWAIPQALTDYYYYGMDVW_CQQRSNWPPSITF;CARDCGGPVTTTTNDAFDIW_CQQYYSYPRTF;CARDCDGGCDYW_CQSADSSGTYRVF;CAKDDDRGYGWFGELLGRYGMDVW_CQQRSNWLLTF;CARALSLGPRTYYYDSPQRGHDAFDIW_CQQSYSTSWTF;CARGETYYYDSSGYYWGYYFDYW_CQQYNSYPLTF;CTTPTWGNYYYYGMDVW_CQQRSTGRDTF;CARDQQWLGDFDYW_CSSYAGSNNLWVF;CARVFRRYGSGSYYNLW_CQQRSNWLTF;CARDPGDYVEIEWYFDLW_CQQRSNWPRLTF	0	3	CAREVVLMVHRRGGLNMDVW_CQQYYSTPLTF;CARDPHYYDSSGYYYWYFDLW_CSSYAGSNNPYVF;NA_CQQANSFPLTF	0	NA
16	79	CARRRYYGGNSNKGWYFDLW_CQQRSNWRTF;CARDQEYSSGWDGPDYYYYYGMDVW_CQQSYSTPQTF;CARDDRFGGDTLGWFDPW_CQSYDSSLSGSGYVF;CAREGWGLGYCSSTSCYTGPFGYW_CQQYGSSPPYTF;CAKDPNYWRYFDWLTGYYFDYW_CQQRSNWPPWTF;CARDGGFGGSWLDPW_CQQRSHFRTF;CAKGEQFIAVNNWFDPW_CQQRSNWPITF;CARDRLDGYNSFYYGMDVW_CQSYDSSLSGSVF;CARDAGRDGNEYYFDYW_CQQYNSYLYTF;CARGSISSQRWFGPW_CQQYNYYYTF;CARDRGQWLVREEDYYYGMDVW_CQQYYSTPLTF;CARGGAVLRYFDWEPQGPLEDNWFDPW_CQQRSNTWTF;CARNMASGMDVW_CQQRSNWPLFLTF;CARIWAVAADHSFDYW_CQQYNNWPPWTF;CAHRPLDILTGYRVDYFDYW_CQQSYSTLGTF;CARDKGATFDYW_CQQSYSTPYTF;CARDRWSLHIVGASPRGPSFDYW_CQQANSFPVTF;CARAIWYYDILTGYYSYYGMDVW_CSSYAGSNNLEVF;CARARGDFWSGYTHWYFDLW_CQQRSNWPPWYTF;CAQTGILTGYPRVGNAFDIW_CQQRSNWLGFTF;CASGSSDRYSSGWYWGYFDYW_CQAWDSSTVVF;CARAEIYGSGSKYYYYGMDVW_CQSADSSGTYYVF;CARGPDRFSGSYDNWFDPW_CQHTRAF;CAKDYDSGSYYEGGAFDIW_CQQRSNWPLTF;CARDIVRDFDWPGVGYW_CAAWDDSLNGYVF;CARGWSGYSSSLHPYYFDYW_CCSYAGSSTTLVF;CAQIAAAGTMGFDYW_CQQRSNWPSLTF;CTTEVCSGYDCDLGDYW_CQQRSNWPTF;CARSVDTAMGNAHDW_CQQYGSSPPTF;CARDLYSGYSYGSAVYW_CQQRSNWPIF;CARDRPPYSNYVIYGMDVW_CQQRSNWPPLTF;CARESPFGGQSVAVGGTPDYW_CCSYAGSGTFVF;CARDHKQWRVSYVWFDPW_CQQRNTWPRPTF;CARGPGYCSGGSCYGMFDYW_CQSADSSGTYVVF;CARDISKGAAGTGDWFDPW_CQQRSNWPLTF;CARGTRRDGYNLIYW_CQQYDNPPLTF;CAKGTHYYGSGSMWGMDVW_CQQRSNWPPYTF;CAREGEITMIVANDAFDIW_CQQSYSTPPTF;CARAVPARPEYCGGDCYIYYYGMDVW_CQSADSSGTYWVF;CVLYYGSGSYYRFDYW_CQSYDSSLSAVF;CARDSSSPATRHFDYW_CMQATQFPYTF;CATSDWSW_CQQRINWPITF;CARGRGRYYDSSGEW_CQQYNSYPYTF;CARGPIVVVIAASPYYYYGMDVW_CQQRSNWPPGCTF;CARESRPTVTTRTTSGMDVW_CLQHNSYPRTF;CARARSSGWYHYW_CQQRSNWPPTF;CAKDSRYSLLIAVAGTEDYW_CQQRSNWPWTF;CARDIGYSSGWYWTPGVNYYYGMDVW_CQQYGSSPWTF;CARDRGVGARHFDYW_CQQYNNWPPWTF;CGRAAISVLRKMPPTFW_CQQYGSSPYTF;CARETYYYDSSGYYGPHAFDIW_CLLSYSGARVF;CARDSEIFGSSWYSYFDYW_CQQYNSYSYTF;CAKVEGIWFGELSDFYYYYGMDVW_CQQRSNWPLTF;CARTYVWGEVDYYYYGMDVW_CLQHNSYPWTF;CATDLNLAVAGEGGYW_CQQRSNWPLTF;CARDSYDFWSGYTPPNYYYYYGMDVW_CQQRSNWYTF;CARVYSYGYRYFDYW_CQQSYSTLWTF;CARDGGYSYGYAQGYYGMDVW_CQSADSSGTHVVF;CASATTVSHW_CQQRSNWPLTF;CARDRSAERRGYFDYW_CNSRDSSGNHYVF;CARVKSGGSSSLRQDAFDIW_CQQRSNWPYTF;CAREDSSGWLEFPNWFDPW_CCSYAGSSTYVF;CARDCSSTSCLAYW_CQLRSNWPTF;CAREGEQWLDGAFDYW_CQSADSSGTYKVF;CARDGGGWYGLVDYW_CQQYNNWPLTF;CARGNDAFDIW_CQQYNSYSGTF;CARDGKPSKTFDYW_CQQSYSTPLTF;CARHEKGIAAAVYYFDYW_CQQRSNWPLTF;CAKDVTDGYNIPYYFDSW_CQQRSNWPLTF;CTSWAIPQALTDYYYYGMDVW_CQQRSNWPPSITF;CARDCGGPVTTTTNDAFDIW_CQQYYSYPRTF;CARDCDGGCDYW_CQSADSSGTYRVF;CAKDDDRGYGWFGELLGRYGMDVW_CQQRSNWLLTF;CARALSLGPRTYYYDSPQRGHDAFDIW_CQQSYSTSWTF;CARGETYYYDSSGYYWGYYFDYW_CQQYNSYPLTF;CTTPTWGNYYYYGMDVW_CQQRSTGRDTF;CARDQQWLGDFDYW_CSSYAGSNNLWVF;CARVFRRYGSGSYYNLW_CQQRSNWLTF;CARDPGDYVEIEWYFDLW_CQQRSNWPRLTF	2	1	CARGTPGWYW_CQQYGSSPTF	0	NA
16	79	CARRRYYGGNSNKGWYFDLW_CQQRSNWRTF;CARDQEYSSGWDGPDYYYYYGMDVW_CQQSYSTPQTF;CARDDRFGGDTLGWFDPW_CQSYDSSLSGSGYVF;CAREGWGLGYCSSTSCYTGPFGYW_CQQYGSSPPYTF;CAKDPNYWRYFDWLTGYYFDYW_CQQRSNWPPWTF;CARDGGFGGSWLDPW_CQQRSHFRTF;CAKGEQFIAVNNWFDPW_CQQRSNWPITF;CARDRLDGYNSFYYGMDVW_CQSYDSSLSGSVF;CARDAGRDGNEYYFDYW_CQQYNSYLYTF;CARGSISSQRWFGPW_CQQYNYYYTF;CARDRGQWLVREEDYYYGMDVW_CQQYYSTPLTF;CARGGAVLRYFDWEPQGPLEDNWFDPW_CQQRSNTWTF;CARNMASGMDVW_CQQRSNWPLFLTF;CARIWAVAADHSFDYW_CQQYNNWPPWTF;CAHRPLDILTGYRVDYFDYW_CQQSYSTLGTF;CARDKGATFDYW_CQQSYSTPYTF;CARDRWSLHIVGASPRGPSFDYW_CQQANSFPVTF;CARAIWYYDILTGYYSYYGMDVW_CSSYAGSNNLEVF;CARARGDFWSGYTHWYFDLW_CQQRSNWPPWYTF;CAQTGILTGYPRVGNAFDIW_CQQRSNWLGFTF;CASGSSDRYSSGWYWGYFDYW_CQAWDSSTVVF;CARAEIYGSGSKYYYYGMDVW_CQSADSSGTYYVF;CARGPDRFSGSYDNWFDPW_CQHTRAF;CAKDYDSGSYYEGGAFDIW_CQQRSNWPLTF;CARDIVRDFDWPGVGYW_CAAWDDSLNGYVF;CARGWSGYSSSLHPYYFDYW_CCSYAGSSTTLVF;CAQIAAAGTMGFDYW_CQQRSNWPSLTF;CTTEVCSGYDCDLGDYW_CQQRSNWPTF;CARSVDTAMGNAHDW_CQQYGSSPPTF;CARDLYSGYSYGSAVYW_CQQRSNWPIF;CARDRPPYSNYVIYGMDVW_CQQRSNWPPLTF;CARESPFGGQSVAVGGTPDYW_CCSYAGSGTFVF;CARDHKQWRVSYVWFDPW_CQQRNTWPRPTF;CARGPGYCSGGSCYGMFDYW_CQSADSSGTYVVF;CARDISKGAAGTGDWFDPW_CQQRSNWPLTF;CARGTRRDGYNLIYW_CQQYDNPPLTF;CAKGTHYYGSGSMWGMDVW_CQQRSNWPPYTF;CAREGEITMIVANDAFDIW_CQQSYSTPPTF;CARAVPARPEYCGGDCYIYYYGMDVW_CQSADSSGTYWVF;CVLYYGSGSYYRFDYW_CQSYDSSLSAVF;CARDSSSPATRHFDYW_CMQATQFPYTF;CATSDWSW_CQQRINWPITF;CARGRGRYYDSSGEW_CQQYNSYPYTF;CARGPIVVVIAASPYYYYGMDVW_CQQRSNWPPGCTF;CARESRPTVTTRTTSGMDVW_CLQHNSYPRTF;CARARSSGWYHYW_CQQRSNWPPTF;CAKDSRYSLLIAVAGTEDYW_CQQRSNWPWTF;CARDIGYSSGWYWTPGVNYYYGMDVW_CQQYGSSPWTF;CARDRGVGARHFDYW_CQQYNNWPPWTF;CGRAAISVLRKMPPTFW_CQQYGSSPYTF;CARETYYYDSSGYYGPHAFDIW_CLLSYSGARVF;CARDSEIFGSSWYSYFDYW_CQQYNSYSYTF;CAKVEGIWFGELSDFYYYYGMDVW_CQQRSNWPLTF;CARTYVWGEVDYYYYGMDVW_CLQHNSYPWTF;CATDLNLAVAGEGGYW_CQQRSNWPLTF;CARDSYDFWSGYTPPNYYYYYGMDVW_CQQRSNWYTF;CARVYSYGYRYFDYW_CQQSYSTLWTF;CARDGGYSYGYAQGYYGMDVW_CQSADSSGTHVVF;CASATTVSHW_CQQRSNWPLTF;CARDRSAERRGYFDYW_CNSRDSSGNHYVF;CARVKSGGSSSLRQDAFDIW_CQQRSNWPYTF;CAREDSSGWLEFPNWFDPW_CCSYAGSSTYVF;CARDCSSTSCLAYW_CQLRSNWPTF;CAREGEQWLDGAFDYW_CQSADSSGTYKVF;CARDGGGWYGLVDYW_CQQYNNWPLTF;CARGNDAFDIW_CQQYNSYSGTF;CARDGKPSKTFDYW_CQQSYSTPLTF;CARHEKGIAAAVYYFDYW_CQQRSNWPLTF;CAKDVTDGYNIPYYFDSW_CQQRSNWPLTF;CTSWAIPQALTDYYYYGMDVW_CQQRSNWPPSITF;CARDCGGPVTTTTNDAFDIW_CQQYYSYPRTF;CARDCDGGCDYW_CQSADSSGTYRVF;CAKDDDRGYGWFGELLGRYGMDVW_CQQRSNWLLTF;CARALSLGPRTYYYDSPQRGHDAFDIW_CQQSYSTSWTF;CARGETYYYDSSGYYWGYYFDYW_CQQYNSYPLTF;CTTPTWGNYYYYGMDVW_CQQRSTGRDTF;CARDQQWLGDFDYW_CSSYAGSNNLWVF;CARVFRRYGSGSYYNLW_CQQRSNWLTF;CARDPGDYVEIEWYFDLW_CQQRSNWPRLTF	4	534	CARENYDFWSGYYHGADVW_CMIWHSSAWVF;CARRYYDSSGYSANFDYW_CQTWGTGIYVF;CAKAGDSSGYQKTYYFDYW_CQSADSSGTYGVF;CTTEALDYGANSRSPNFDYW_CQAWDSSNVVF;CAKDTEVGASRYYYYYGMDVW_CQQYGSSPPFTF;CASISMVRGEGGGYW_CQVWDSSSDHPVVF;CARADVVVVAALDYW_CQQYYSTPITF;CAKDFSGGEVVVVAATDYW_CQQYYSYPRTF;CARTGVTTVTTFPYW_CQQSYSTPGTF;CARDRWVVAAYYYGMDVW_CAIWYSSTWVF;CARDPMVRGVNYGMDVW_CMQALQTPRTF;CVGVGYNYRRDGAFDIW_CQQYGSSPQITF;CARETGYSSGWYEATGMDVW_CNSRDSSGNHLVF;CARSKGCSGGSCYHNWFDPW_CQQSYSTPYTF;CARDRYYYGSGRHRGSYYYYGMDVW_CAAWDDSLNGWVF;CAKPEAGQWLHVHHNHYGLDVW_CQSFDNSLSGSVF;CAAIAVYVYW_CQQYNSYPLTF;CAKANLAGVVAAIGIDYW_CAAWDDSLSGVVF;CARGIQLWWWFDPW_CQQSYSTPCTF;CASPQPGSGWSNYYYYGMDVW_CSSYTSSSTSYVF;CARDELDILTGYNIPTFGGCVYW_CQQYYSYPWTF;CVKEITAAKNRRKSLGYFFDFW_CQQYNDWPPLTF;CARDVCRGHYGDCLWGYW_CQQYYSYPITF;CARKGIAVRGGIDYW_CLLYYGGAWVF;CARDVSDGYNYEAWVDYW_CQQSYSTLWTF;CANGPPINYGDYEDAFDIW_CQQYNSYPLTF;NA_CQQSYRTPFTF;CARDRRGEHNFDYW_CQQRSNWPPGTF;CARDSEGEPSAGDAFDIW_CQQSYSTPWTF;CAKVLLDYYYGMDVW_CSSYTSSSTLVVF;CARGGWWELPYYYYYGMDVW_CMQALQTRNTF;CAKDPDYW_CQQRSNWPTF;CARVLDVW_CQQYNSYWTF;CAREKWELPPPPYYFDYW_CCSYAGSYTVVF;CAHRRYYYVAFDYW_CQQYYSTPLTF;CAHHGSARYSSSWHAAPGPYYFDYW_CQVWDSRAYVF;CARDFTEDGYNFDWRMLPDYW_CQQRSNWPPITF;CARGQIGGWSPYYYYGLDVW_CQQGYTNPFTF;CARGRNLGVVTKFNWFDPW_CAAWDDSLNGLVF;CARDGPYSGSYYGDAFDIW_CQQSYSTPRTF;CARDLGATDYW_CCSYAGSSTPYVF;NA_CQSADSSGTSWVF;CAKDGGLDYALYWYFDLW_CQQYNSLYTF;CAHKMGRGGGVDYW_CQQLSTDPITF;CTRDPHYGDHVPHNWFDPW_CQQSYRSPYTF;CARYDYDITVDHW_CMQGLQPFTF;CARAVDTAMVTNNWFDPW_CQQSYSTPFTF;CATEDTARDLYRAAFDIW_CQQYNGWTF;CARGYATALSRTDYW_CSSYTSSSTLVVF;CARGWSIVVVVAATFPNWFDPW_CQQRSNWPPTF;CARVAAVRSGRVNYYYYYGMDVW_CQSADSSGTYKVVF;CASIAVAGYFNYW_CQQYYSTPFTF;CAKVFSSSWGDYW_CQQSYSTPITF;CASFVDTAMAIPLDYWYFDLW_CQQYNNWPPWTF;CARGTVTTGRGYFDLW_CQQYGSSPQVTF;CAKDRASYYNFPIDPW_CQQYYSTPFTF;CAQTKLGIFGGMDVW_CQQSYSTPYTF;CARGPGYFDYW_CQQYDNLPRTF;CASHGVVVAATRGTPGSDYW_CQQSYSTLRTF;CASTVPSSLRAGAFDIW_CQQYYSTPRTF;CARDTMGPLYYGMDVW_CQVWDSSTVVF;CAKDLGELTDYW_CSSYTSSSTLVVVF;CAKSGPPLEWFFLGYYYGMDVW_CNSRDSSGNHVVF;CAKDATGYFDWLPYYYYYYGMDVW_CLLYYGGAQLWVF;CTTDSPHMITFGGVIVFDYW_CAAWDDSLNGGVF;CARDLRPVAGTADYLDYW_CQQYHYWPRTF;CARGVTIFGVVIMGGMDVW_CQQSYSTPYTF;CAKDLLSIYGSPSDYW_CQPYYGAPPYTF;CASAWYYYDSSGYYPFDYW_CQQYGSSPWTF;CVKDRSSRQLKAVGTYFDCW_CTSYTSSSTSYVF;CAREDLLWFGERWAKNSFDPW_CMQALQTPITF;CTRVVTMIVVAQGGFDYW_CAAWDDSLSAVVF;CARDKVVGARNWFDPW_CQQSYSTPSF;CARAVLRFLEWFSNWFDPW_CSSYTSSSTHVF;CARDRVVGATLYYYYYGMDVW_CQAWDSSSVVF;CARHEVPEMATIRGWFDPW_CQQYGSSLFTF;CARDRGSGTEPDFDYW_CMQATQFPLTF;CARVFGSVGATRSTDYW_CQQYITDPFTF;CARDELDILTGYNIPTFGGCVYW_CQQYYSYPWTF;CAHSDYYEGRGMDVW_CQQYYSTPYTF;NA_CQQYDELPVTF;CATTYYYDSSGYYQNDAFDIW_CQQYYSYPRTF;CAREIEGDGVFEIW_CMIWHSSAWVV;CARHIRGNRFGNDAFDIW_CQQYYSFPYTF;CARRLITMIEGGAFDIW_CQVWDSSSDHVVF;CAKVMIEHPSNRGHFDYW_CMQALQTPYTF;CTTDDEKRPYSGSYLPFDYW_CQSYDSSNVVF;CARGGRVSVAVYWDYYYYGMDVW_CQKYNSAPFTF;CAHSAQYYDILTGYYKAPWGGAFDIW_CQQYNSYSWTF;CARDDFGGATFYSSFDYW_CQQSYSTPYTF;CARAAKIFGVVTAFDIW_CQQYGSSPWTF;CVKDYSTSGWYYFDFW_CQQYGSSLPYTF;CARVVPAAFYGMDVW_CQQYGSSLFTF;CAGGSGYCTNGVCYPRGFDYYYGMDVW_CAAWDDSPPWVF;CAKDDTAMVTADFFDYW_CQTWGTGIWVF;CARTPRWLQCFDYW_CQQYNSYSWTF;CARDQWLAYYFDYW_CQSYDSSNHWVF;CARSGTTYYDILTGYYNYW_CQQYGSSRWTF;CAHRYYSNIDYW_CMQGTHWPWTF;CARDWGYYDSSGYSPRGYYYYYGMDVW_CQQLNSYSFTF;CAKDRVGYGDYVDYW_CQQYNNWPPWTF;CARLGSSPYYW_CQSYDSSLSGYVF;CTRYYGDVW_CQQYYSFPWTF;CAKDHYYDSSGYYSGLGYW_CQSADSSGTYRVVF;CATGLVVPAAILYGMDVW_CQQYGSSRGLTF;CAKDDGDAAAGLIYW_CAAWDDSLSGVVF;CAKDGGGEEALELPDYW_CGTWDSSLSAVVF;CATLRYPSLGVDYW_CHQYNNWPFTF;CARKDSSGSDAFDLW_CQQSYSTPYTF;CARDVVQLWYQIDYW_CQQSYSTPPNTF;CAKYVDTAMNQFDPW_CQQANSFPITF;CARGLHYYDSSGRSLYYFDYW_CQQYGSSPPGQTF;CANQPPSLYW_CQQYNNWPGTF;CARVGYDYVWGSYRYTGVMDVW_CSSYAGSSYVF;CARGRPYYYDSSGYPYDAFDIW_CMQALQTPLTF;CAKERVVTAIPVVIFDYW_CQQSYSTPRLTF;CARPYGDYAYFDYW_CQSYDSSLSGYVF;CARDWWERQDSKRPDYFDSW_CQQTNSFPITF;CARHSNDGSDYFDYW_CQESYGALLTYTF;CASTEIEMLVPRYCSSTSCYFVWFDPW_CGTWDSSLSAGHGVF;CASASSTGTDAFDIW_CQAWDSSTHVVF;CARDGSWYAAWFDPW_CQSYDSSLSGSVVF;CARDPSLGDPGWGYFDYW_CQQYNSYSTWTF;CVREMTGSFTGGLDPW_CMQGTHWPPTF;CAREVNTAMAYYYYYYGMDVW_CQQYGSSQWTF;CARERRGGGHYYDSSGYYLSDYW_CQQSYSTP;CARGGGYSSGWATREVVYW_CQSYDSSLGAVF;CAKVPTVTTFLGYYYGMDVW_CQQSYSTPWYTF;CARDLRPAANFDYW_CQVWDSSSDYVF;CARLSYSSSWYYFDYW_CQQSYSTLYTF;CARVPKVRYCSSTSCYKDYYYGMDVW_CQVWDSSSDSWVF;CATWHYYDSSGEDGMDVW_CQQYNNWPRTF;CARGRSSWHLDYW_CMQALQTPFTF;CARDPWELHGFDYW_CQQYGSSSFTF;CAREAYYYGMDVW_CNSRDSSGNHNYVF;CARDRSVVTMVRGVIPFYW_CCSYAGSYTVVF;CARHEKMNYYDILTGYSPPYYYYYGMDVW_CQSYDSSLSAYVVF;CAHYQGIAVTGTWFDPW_CQSYDSSNVVF;CARESSSWFPYW_CQQSYSTPFTF;CARERDYSPGRYYGMDVW_CGTWDSSLSAGVF;CARHPTPAAMVGYYYYGMDVW_CQQANSFPLTF;CARDGPMTAIGGYGMDVW_CQSYGSLGGSVF;CAKGRTTEGTDAFDMW_CQQVHSYPITF;CAKDRSSLLWFGELLYMPEEYGMDVW_CQQYNNWPLTF;CTNYGMDVW_CSSYAGSNNWVF;CARVDSFAPNSGYGAQLLNWFDPW_CQQYNNWPLTF;CAREDYDTASFGYW_CQQYDNLPYTF;CAKDFGRGSYHRAEYFQHW_CQQYNNWPPWTF;CARGGSLPLITMIVGFFW_CQQYGSSPEYTF;CTREAEMATISIDYW_CQVWDSSSDHVVF;CARDAPIWDTAIVYW_CQQYGSSLPWTF;CARLLVSAYNWFDPW_CQQSYSIPAF;CARIPMTTVTSYGMDVW_CQQYGSSSITF;CARDDEWEPYDYW_CCSYAGSSTYVF;CTTVLRYFDWLLSDYGMDVW_CLLSYSGARGVF;CAIGTGIVGTTFPREYW_CMQALQTSWTF;CAKDMELGWLIDYW_CMQALQTPLTF;CARERNIVVVPAAETFDYW_CQQYNNWPPLTF;CARIGFGEYDYGMDVW_CQSYDSSLSVVF;CARGNDYYGSGEFDYW_CSSYTSSSTLVF;CARGVGATDFDYW_CQSYDSSLSGVVF;CARDPSNWGSFGYW_CQAWDSSTYVF;CARVDGYNYSFDYW_CQQYNNWWTF;CAKEPYGGNSFVYYFDYW_CQQYGSSPGLTF;CAKAEWGGTENYIPYYFDFW_CQSYDNNNLIF;CARSHCSSTSCYPNYYYGMDVW_CQQSYSTPRTF;CARDFGERYCSGGSCYSFDPYYYYGMDVW_CLQHNSYPWTF;CAKEYPGPGQLDDAFDIW_CQSYDSSLSGKVF;CARVDTAMVTGLAISPPWDYGMDVW_CQQYNSYPWTF;CAKDIGDGSGSNSQKRDYYYGMDVW_CQQSYSTPRTF;CATDPYNSGWFASLKNQVLYYW_CQQSYSTPQTF;CAREHTGGWLQRYIDYW_CQSADSSGTYPRVVF;CARGYCDSTSCYAVGYFDLW_CQTWGTGIVVF;CARDPDPNWSKDWFDPW_CQQYNNWPPLTF;CAKGRYSFGLDNFDYW_CQQDGNSPTF;CASRAVQSSGWRQDYYYGMDVW_CQSYDSSLSGVF;CAREASEGPW_CQSYDSSNSWVF;CARLGGYSSRGNWFDPW_CQQSYSTPPYTF;CARDPHHTFGGVLVW_CQKYNSARTF;CAGYYYDSSGYLSSFDIW_CQSYDSSLSVVF;CARLPYRYSGSSNDAFDIW_CAAWDDSLSGPVF;CARAGYGDYVGDFDYW_CQSADSSGTYVVF;CARDYYGSRSDSGMDVW_CQQSYTTPYTL;CAKDGREAAAGTDYYYGMDVW_CQAWDSSTVVF;CARDSPGWGSSGFYYGMDVW_CQQYGSSPRYTF;CARVSGDTMIVVVHRDGMDVW_CQQYNSYSVTF;CAKNLATTGSHW_CLQDYNYPRTF;CAKDGGRGVVIIFYFDYW_CQQYGSSPITF;CARGIAVVTLWGPFDIW_CQQYNNWPRTF;CARDRWVPAAVPHYYYYGMDVW_CQQANSFPLTF;CAREGAAGPPPGHYYYYGMDVW_CMQALQTPFTF;CAKQGHFTDTKRIDYW_CQQYDSYPITF;CAVIPVTGQEASLSAEYFQHW_CQQSYSTPFTF;CARDSPSSGSYGLFDYW_CQTWGTGIRRVF;CASPGGGLLWFGELFRSYFDYW_CVLYMGSGFWVF;CAHRPVSDDILTGYRYNWFDPW_CQSYDSSLSGSVVF;CARGFIGYNFDSW_CQQSYRTPITF;CAREEGYCSGGSCEYNYYYGMDVW_CQQYGSSLITF;CARGRRVFLALSYW_CQQYGSSPHTF;CARGAGRIGQVDVW_CQQYNNWHTF;CARGYYDSSGQSLDYYYYGMDVW_CQQYYSYPFTF;CARTGKNGSGSYWFDPW_CQQYRTF;CARDGDTAMVINYFDYW_CQSADSSGTYWVF;CARTDIVATPDGGFDYW_CQTWGTGIHVVF;CAREGFYYYGSGSVSGGNWFDPW_CQVWDSSTVVF;CAKVPLGWGAAGGAYFDYW_CQQYGSSPATF;CARVGCSGDTCYSYDWFDPW_CGTWDSSLTAVVF;CARGGILTGKLSDYW_CQQYDNLPTF;CAHGLTGYYTYYFDYW_CQQYYSFPPTF;CARQVGANPFADYW_CAAWDDSLSGPVF;CARGKGEGRYYYDSSGYYYFDYW_CQQRSNWPPLTF;CSVYDAERGYFDYW_CCSYAGGDTSYYVF;CARNKQHIVGATLHTHYSNWFDPW_NA;CARLYGDYGDYW_CNSRDSSGNLFVVF;CARPYSSSWSPMDVW_CQSYDSSLSGHVVF;CARDKGYSSSWYIRSSWFDPW_CLLSYSGARLVF;CARAVCGDDCYLLDSW_CAAWDRSLGAVVF;CARTTTVVTGDAFDIW_CQSADSSGTYPVF;CAKGRGDYYYYGMDVW_CQQYDNLPITF;CTTGGALNYW_CQAWDSSTACVF;CARDLTTRDYSDAFDIW_CQQYGSSPRTF;CARAGLEINTPDSSGYYYGGGYFDYW_CQQYDNLPPRRFTF;CAKDHGYDFWSGYSDAFDIW_CQQSYSTPLYTF;CARESGYTNYYYYGMDVW_CQQYNSYPLTF;CARKYQLPYYYGMDVW_CQQSYNTPDTF;CARDSTYYYDSSGYPVSDAFDIW_CQQSYSTRRYTF;CAREVYSSSTNWFDPW_CQVWDSSTDVVF;CARANAEYSSSLLFDYW_CQSYDNSLSAYVF;CAHSPYDYVWGSYRQSWFDPW_CQAWDSSTVF;CTTIYYDILTGDYW_CMQALQTPITF;CARLDYDFWSGTPERMDVW_CQQYGSSPPWTF;CARVRKNWNYDLDDWYFDLW_CQVWDSSSDHYVF;CATRRVRGEGLAYW_CQQYNSYSRTF;CARNYDSSGYYVPPYFDYW_CQQYNNWPPYTF;CARDPANYFDYW_CQQSYSTLWTF;CAREESSSWYRYW_CQQYGSSPLTF;CARIVQGGSYLSGGIDYW_CMQSIQLLFTF;CARDRLIIRFLERPNWFDPW_CCSYAGSSTPVF;CAREYSNNWYFFDYW_CQQYAGSPLTF;CARVSGVGTSFAGFDPW_CQSADISATVF;CAREPTPRYSGSYRGFNYFDYW_CQQYYSFPLTF;CARAADYCTSASCPNEYFQHW_CQSYDSSLSVF;CARGRMTVHNDDSGFPEYLYYYGLDVW_CMQVMDNPRTL;CATSRVAVAGVDYW_CQSYDSSLSGVVF;CARDLGIAVAGRVEGYFDYW_CCSYAGSYTLVF;CARDVSNVLVIAVSPSWFDPW_CQQTYSIPYTF;CARDAPDRGSSWYSALFDYW_CQQYNNWPPTF;CARRDGGYCSSTSCSFDYW_CQQYNSYSPTF;CARAEIFGVVIQAFDYW_CQSYDSSLSGSVF;CVKKVIGFDDW_CQQSDTFGYTF;CAKGMDGSGSYYNKDGMDVW_CQAWDSSTGVF;CARVNGLLGEYYYGMDVW_CMQALQTPPNTF;CAKDWAVGWEFVDSW_CQQSHTVPLTF;CARDEGAAAYFDYW_CCSYAGSSTCWVF;CARAAGYCSSTSCYEIYYYYGMDVW_CQSYDSSLSVPF;CTRSYVLRFLEWFSPFDYW_CQQYGSSLWTF;CASSGSYQGNWFDPW_CQQSYSTPYTF;CARSPPRYDLSLVDAFDIW_CQQYNSYSTTF;CARETIAAAGSNFDYW_CQQSYSTPRTF;CARVSGYSYYFDYW_CQQLNSYLLTF;CATYIAAPRDYYYGMDVW_CMQALQTPYTF;CATGKTYSAPHAYYYFDYW_CQQANSFPRTF;CAKEVHSSGFDYW_CQSADSSGTYPWVF;CTTDHIVVVTAMIFGYYFDYW_CQQLNSPLTF;CAREGPTVTKFDYW_CQSYDSSLSGSVF;CEVKAAAGNFYW_CSSYAGSVVF;CAKDIEGGSGYYLTPGGFQHW_CCSYAGSSTFVVF;CARDAMAIGDYYYYGMDVW_CQQLNSYPSLTF;CARREGAGYDILTGSYYYYYGMDVW_CLLYYGGAQLGVF;CTTRLWRISQYYYDSSGYGHFDYW_CQSADSSGTYVF;CARTTLLAAAIDYW_CQQYYSFPYTF;CARAKAARPTPTYYYYYYGMDVW_CQAWDSSTGDVF;CARSGYDSSWVGYDFDYW_CQAWDSSTPVF;CAREGLEIDAFDIW_CQQSYSTPWTF;CAHTSAYYDSSGYYPPFDYW_CQQSYSTPLTF;CARATQDSSGWYGFWYFDYW_CQQYNNWPPTF;CARMLVVVAATGYYYYGMDVW_CQQYGSSQTF;CAREAYDSSAYSTIDYW_CQTWGTGIHVF;CARSAGSSGSFEYFQHW_CQQYGSSPLYTF;CARRLFLYSSSGYYFDSW_CQQASSFPPLSF;NA_CQQSYNTPRTF;CARGGGAVAGTIDFHYW_CCSYAGTDLWLF;CAKDRGYYDSSGYYYSDYGMDVW_CQSADSSGTYVF;CAKDGFGGASDHW_CQHYDRSPWTF;CARAIQMGCSDGSCLW_CQQYDNLPSYTF;CARKGRWLPDGDDAFDIW_CQQYYSYPLTF;CARAGLRSWFDPW_CMQSIQLPNTF;CARHSYGAYYYYGMDVW_CQQYGGSPLFTF;CAAGVMTARYDYW_CQQSYSTPLTF;CAHFMTTVTTGYFDPW_CIQVRQTPFTF;CAREGGGDILTTYYYYGMDVW_CQQYGSSTRALTF;CARGFGGGDYRSMDVW_CQQLITYPITF;CARTTYGGNSLNWFDPW_CQVWDSSSDHPVF;CAKRGGLMVRGVAVDYW_CQQYYSYPWTF;CARGYGSGNYYYYGMDVW_CMQALQTPWTF;CARSNYDILTGLDYW_CMQALQTPYTF;CAREDSGSYGYFDYW_CQQYNNWPQTF;CARRVLYYRFDPW_CNSRDSSGNHLF;CARGDYDYVWGSSPDAFDIW_CMQGTHWPLTF;CARDVRGYYYDSSGYSGEGYWW_CQQSYSTPYTF;CTRDRYSSSWYKGLYYYYGMDVW_CQQSYSTPYTF;CARVFFRVVYAMAYW_CQQYNNWPPMYTF;CASSLRYFDWTVNNWFDPW_CQQYGSSPQTF;CTRGYCSSTSCYTGWFDPW_CQAWDSSHVVF;CARDGRWELLGNQHW_CCSYAGSSTYVF;CARVYYDSSGYYYFDYW_CQQSYSTPWAF;CARGRVRWELLGDDAFDIW_CQQYDNLPLTF;CCTYVFVGIVPTIVDYW_CQQYNDWPPAGTF;CARDIQYYYDSSGYDAFDIW_CQQSYSTPWTF;CATSWGIAALYGMDVW_CNSRDSSGNPYVF;CAKDYPVAGDLDAFDIW_CCSYAGSSTWVF;CARANWDNWNDGLDYW_CGTWDSRLSSYVF;CARAGYCSSTSCSKEDVW_CQQSYSTPPRTF;CAREPLGGDYYYYYYGMDVW_CQQYGSSPTF;CARLSLRARFRGAFDIW_CCSYAGSYSVVF;CAHSLPSDIDYYYDSSGYSPSPPLFDYW_CQQYNNWPLTF;CASGYGGKTYYFDYW_CQQYGSSPGTF;CLGRELGHSW_CLQHNSYPWTF;CTAVLRYFDWLLMEAHENYYYYGMDVW_CQSADSSGGVF;CARDRSRWEFLYYFDYW_CQQYGSSGYTF;CARARYYDSNSYSYAW_CQTWGTGIWVF;CARLDYYDSSGYYDW_CQTWGTGIPVF;CARDYIAVAGPGENWFDPW_CQQSYSTRTF;CARDRGGYGVRWFDPW_CQQYDNLPPTF;CARRGNAIFGVVTHYYYYGMDVW_CMQALQTPLFTF;CSNYDILTGYYWFHYW_CQQYNNWPFTF;CASSFLDTSIVEYYFDYW_CATWDDSLSGLF;CARIVVVVTSRWFDPW_CQVWDSSSDHYVF;CARSLEWLDDYW_CQSYDSSLSGSVF;CARDAYGGYSFYYYGMDVW_CQQYGSSPFTF;CAGGSGSYYHLDPW_CQQANSFPYTF;CARPRLDYGDYGAGLGYW_CQKYNSAPFTF;CARDRGLRKKYFQHW_CQQYGSSPSTF;CARSLGPEFYYFDYW_CQQSYSTPWTF;CVSQLYYLDGRGYYYDYYYDYW_CLQHHDYPWTF;CTTVSPYGDYVGVYFDYW_CQQYYSYPPTF;CAKDFMEYYYYGMDVW_CSAWDSSLSAVVF;CARSPGSGSYTW_CQQYGSSPLTF;CARLPYAGGPYYYYGMDVW_CMQRIEFPFTF;CARGKPRSLELWSFYYYYGMDVW_CQQSYSTPPTF;CAMGGYDSSGVQLDYW_CAAWDDSLSGYVF;CAHRYCSSTSCYGLGDWFDPW_CQSADSSGTYLVF;CARHSEGLGPVDYW_CGTWDSSLSAWVF;CARAIFGVVSVMGFDYW_CMQALQTLTF;CAKSMKSFDYW_CQQSYSTPLTF;CTTEGGDGYNSFDYW_CQQYDNLPITF;CARDTTYGDYYYGMDVW_CQSADSSGNWVF;CARDGKGYSYGSGNYYGMDVW_CQQSYSTLYTF;CAHRTTTYYFDYW_CQQYNSYPYTF;CTTDLVWFGELANAFDIW_CLQHNSYLPEWTF;CTRGGTLGARSGYYDYYYGMDVW_CQQYNSYPLTF;CAKDEGRVVAVAGTGEHAFDIW_CQQYNSYSPTWTF;CAKDITIFGVVISHLDYW_CLQDYNYPLTF;CARTYYYDSSGYRNAFDIW_CQSADSSGTYPVVF;CAKCFYYDSSGYYYYYYGMDVW_CCSYAGSSTLVF;CARDLLSISGSPFDPW_CQQRSNWPPGGGGLTF;CARGGINGGAYFDYW_CQQYGSSPWTF;CARDRGPAGLDYW_CQQSYSTRYTF;CARRGYYYDSSGYYYDWFDPW_CNSRDSSGNRVVF;CAKGLNTAMVSYYFDYW_CVLYMGSGIWVF;CAKDIREGWSSGYYPVLDYW_CQVWDSSVVF;CAKDSPSGYYYYYYYGMDVW_CQQLNSYPITF;CARDRIAAADHNWFDPW_CAAWDDSLNGWVF;CARDIGGIAAAGSPPSAFDIW_CQQYNSYSTF;CAHSYYYGSGRGGWFDPW_CQSADSSGTYVF;CARDGSSSIFDYW_CNSRDSSGNHVVF;CAKPLRFGYSSSSCFDYW_CSSYAGSNNYVF;CAHTGFESLDYW_CQSYDNSLNGLGVF;CARDEDYYYDSSGSVDYW_CQQSYSTPWTF;CARQIAAAGPENWFDPW_CQSADSSGTYLVF;CARGLPVDVW_CGTWDSSLSAGHVVF;CARLIYYGSGRFGAFDIW_CQQYDNLPWTF;CARNEITIPLDVW_CQQYGSSPLVTF;CAKGGWFGELLFRLDYW_CQQYDNLLTF;CTTDHGDAYNYRW_CQQYGSSPRTF;CARDHRMNIAVAGTNWFDPW_CQKYNSAPLFTF;CARALREEQWLNNAFDIW_CQQYYSYPTF;CAHRPPYYDSSGYLSW_CQQYGSSLWTF;CARHYVDTAMVINQYYFDYW_CQSYDSSLSDVF;CARDNYDILTGHYGMDVW_CAAWDDSLSGLYVF;CAKDSSSSDWFDPW_CQQYYSYPLTF;CARDYVAVAGTLDYW_CQQYYSTPYTF;CTRDLAYSNYEPPNHNWFDPW_CLQHNSYPLTF;CARERYYYYGMDVW_CYSTDSSGNHGVF;CAKEGITGYYYYYGMDVW_CQQSYSTPHTF;CAKVALRYFDWLPPYFDYW_CQQYYSYPQNLTF;CARAHDSTGYQDFDYW_CQQAKSFPYTF;CARVGVYGSGSYLVGGDYW_CQQSYSTPWTF;CARGPYYGSGSGEFDPW_CQQYYSYPLTF;CARGSCYSSACYYYYGMDVW_CGTWDSSLSAVVF;CARDFDAAEGAFDIW_CQVWDSSSDPTFYVF;CARGAHSSGYYIDYW_CQQYYSFPFTF;NA_CHQYNNWSSWTF;CAREQDFGGNPFDCW_CMQVLHIPRAF;CARGTMVRGHYYYYGMDVW_CQQSYSTPLTF;CARGYSYGYLDWFDPW_CQSYDSSLSGVVF;CARAAPYSSSSLDYW_CQQSYSTLTWTF;CARRRITMNDYFDYW_CQSYDSSLSGVVF;CARGPDGGAFDIW_CQRGLTF;CARDLIARTALTYYYYGMDVW_CQSYDSSLSGGVF;CARYGVYGDYPGALFDYW_CAAWDDSLSGLWVF;CAKDRRGCSSTSCYTFDYW_CQQSYSTLSF;CARVSGYNSYYFDYW_CQQSYSTPRTF;CAAPSPRFTSSTGGGMELPLHVW_CCSYARGSSLVF;CAKDARWRPRVASIDALDIW_CQQYNNWPRTF;CARHIERYCSGGSCYEALDYW_CMQALHPITF;CASYLEMATRYYFDYW_CLQHNSFWTF;CARVTRVTQSNDFWTSYYTDCFDAW_CYSTDSSGNHKVF;CARLYSSSWTNYFDYW_CQQYYSYPLTF;CARGTVYSVPGGHYGDYVRDPKYYYYGMDVW_CQSADSSGTWVF;CARGAAGVRGPIGYW_CAAWDDSLSGWVF;CARVAVAGTTNWFDPW_CQQANSFPYTF;CARVLGGPGATTFDYW_CLQDYNYPWTF;CARTPVSTSYDSPGWYSSGWFFDYW_CQTWGTGIHVVF;CARTMVRGVTPADAFDIW_CQQYNSYSSTF;CAKSMGATILHAFDIW_CQQYNSYPLTF;CARANSGSYSFFFLRLDYFDYW_CQQYNNWPLTF;CARAAGTGGYYYGMDVW_CVLYMGSGISVF;CARAGQFGDSYYYYYYGMDVW_CLQDYNYPQTF;CAHFTKRPTDAFDIW_CNSRDSSGNHRVF;CARRLAYNGNWDYGDFDYW_CCSYSKTATF;CAAGFGLSGSYIHYYYYGMDVW_CQQYGSSPPLTF;CATDNWNFGADSGFGYW_CMQGTHWRTF;CARVLGSFSFGYDGFDIW_CQQLNAYPTF;CARDPGIAVAETVYYYYYYGMDVW_CMQALQTPPTF;CARTVGAGYKIGKGYFDYW_CQAWDSSTVVF;CARDQDLAALNYW_CGTWDSSLSAKVF;CTTENVLLWFGEPEYYYYYYGMDVW_CQSADSSGTYAVVF;CARSLFEGTVMAFRAEHMDVW_CQQYKTFFAVSF;NA_CQAWDSSTVVF;CARPPSHDSPMYHYW_CQSADSSGLWVF;CARDTMWWSYGMDVW_CCSYAGSGEVF;CARLRRYSSGYYYIAGDFDYW_CQSYDSSLSGVVF;CARDKGGTTVTTSNWFDPW_CQQYDNLPLTF;CARDGGGYYQKKGYFQHW_CGTWDSSLSAVVF;CARERPRGAAETW_CQAWDSSTWVF;CARDDIVVVPAAIDYW_CQSYDSSLSGPYVF;NA_CQQRSNWPPYTF;CARKFDCW_CQQYGTSLPVTF;CARGVLRFLEWLSNMDYYYYGMDVW_CMQALQTPRALTF;CAKDGSYYDSSGYSDYW_CQQYNNWPPWTF;CAKDKSYSVEYW_CMLFMGSGIWVF;CAKADVRSNWNDMHFDYW_CQAWDSSTVVF;CARATPRGYGGNSLNWFDPW_CQQYNSYPFTF;CAEGYQLPGLYYW_CNSRDSSGNHLF;CARHAGSGSYYFWFDPW_CQQYGSSPYTF;CAKDLQIGYCSSTSCRNAFDIW_CQQYGSSPPRVTF;CARGRGSYFDYW_CQQYGSSLWTF;CARTCSSTSCYTYGMDVW_CQQYNNWQYTF;CAHRGYSYGPLFDYW_CLLYYGGAQLVF;CARLPTLRYGSGSYYNGALDYYYGMDVW_CMQALQTPLTF;CARSIAAASPFDPW_CQQYDNLPPTF;CARGPPYGHLGYW_CQQYNNWPPITF;CAKDILGGGYFDYW_CQTWGTGMGVF;CAKDASYGYLFEYWYFDLW_CQQYNNWPPWTF;CARFGAKNYYDSW_CQQYNNWPGTF;CAREKWLRPQLDYW_CQQYGSSPKTF;CVKGPYYDGSGNSFGRKAFDIW_CQQYGSSPYTF;CARGASKGNQPALHYGMDVW_CQQSYSTPPAF;NA_CCSYAGSSTVVF;CATTLASPTHDYGDYEGGYMDVW_CQQYGSSPLTF;CALGIDAFDIW_CQQYNNWPKTF;NA_CQSYDDSLSGTVF;CARGFYYGSGSPLSGMDVW_CQQSYSTPRTF;CAKDPAASGSPWYFDYW_CQQYYSFPRTF;CAREVSRQSGSRPIKWFDPW_CQQSYSPPPLTF;CTPSLETYGDYALGYYW_CQSADSSGTYPYVF;CAKDFGGPLQFDYW_CQQYGSSPRTF;CAKDMLFSNNYW_CQTWGTGINWVF;CARDENHLYYGDLAYW_CQQSYSIPRAF;CARGSRLLLWFGELKVGPGFDPW_CQQYNSYWTF;CAMKGGRDGYNTRVYYYYGMDVW_CCSYAGSSTPYVF;CAKDIGPTNCSSTSCHAYYYYGMDVW_CQQYNSYSTF;CWRDRREAPIEMEVASTRG_CMQSTHWPYTF;CTRHTHCSGGSCYDAFDIW_CQQSYSTPRYTF;CAREPPHGSGTDYNWFDPW_CQSYDSSLSAYVF;CVKDLYDTGSYYYFDYW_CSSYTRSSTLVF;CSRHEGVGGNSDYW_CVLYMGSGISMF;CARNHDYGDYMFGGMDVW_CQSADSSGTYVF;CTTSGGDW_CMQSIQLPRTF;CARDRTSFGYSYGNIDYW_CQTWGTGILVF;CAKDELASYGGVGYYW_CQSADSSGTYFWVF;CAREPKHSGYCSSTSCYIGNWFDPW_CQSYDSSLSGNVVF;CARASWDSSSWGLGFDPW_CQAWDSSTGVF;CARTRVRGVISPFDYW_CQQANSFPPTF;CTREYYDFWSGDYW_CQQYDNLPLTF;CARDGGRGSGWSTPDYW_CNSRDSSGNHVVF;CARHYDFWSGDNPYWYYYYGMDVW_CQQYGSSPPWTF;CTTTTADIVVVPAAIQTVDYW_CQQYDNLPLTF;CAIMVRGVIGSYYYYGMDVW_CQQSYSTTWTF;CAKDNGYGGNSLQHW_CCSYAGSSTLVF;NA_CQQSYNTLWSF;CARARYRRDGYHNLYAFDIW_NA;CARGFSETGPGYKRFYYYFDLW_CQQYGSSPQTF;CARVKGDYYYYYGMDVW_CMQALQTPHTF;CARDPPLYSSGWFTGDYW_CQQYNSYPRTF;CAKDGGEHRGNDYW_CQVWDSSSDHYVF;CARGYDFWSGYLPHYGMDVW_CQVWDSSSDHPGVF;CARETKQYIDYRSPTVGRPYDYYYGMDVW_CLLFYGGAQLGVF;CAKGVWESTTEDAFDIW_CQQYNSYSPFTF;CAKDQGYCSSTSCYPYYYGMDVW_CQAWDSSTVVF;CARLGGYDSTFDYW_CSSYTSSSTYVF;CARGGDYYYGMDVW_CQQYNNWPLTF;CARVAAAGTYFDYW_CQQYGSSPETF;CARINQHGSGTYSPDYYYYGIDVW_CMQALQTPMYTF;CARKSIAAAGLPYYYYYGMDVW_CMQALQTRFTF;CAQGGYSYGYYDYW_CAAWDDSLNGVVF;CARQRGGTAVPVYYFDYW_CQQYGSSPLYTF;CARALYYDSSGYQPNRYYFDYW_CQSYDSSLSGYVVF;CTRALNSNHFDYW_CQQANSFPLTF;CARVTDPDAFDIW_CNSRDSSGNHYVF;CARSAWHPAATGGMDVW_CLQDYNYPYTF;CARVSLVVPQQFDYW_CQAWDSSTVVF;CAKVPGYSTGWYYFDYW_CQQCDSSPEWTF;CAKDSTCSSTSCYRGYYYYGMDVW_CQQYYSYPITF;CARDSKQQLADNWFDPW_CQAWDSSTLVVF;CARGRNGGNRFDWFDPW_CQSYDSSLSGSGVF;CARGKNWFDPW_CQQYGSSPLTF;CASGYSSGRPDYW_CQQYDNLPITF;CARLSDGDYTFDYW_CQQYNSYWTF;CARGGTAGYSYGYAYW_CQAWDSSTAVVF;CAKDIVVVPAAPITLYYYYGMDVW_CMQALQTSFTF;CARWRLYYDSRGYYYGMFDYW_CQQSYDTPLTF;CARSRRIVGATSFDWFDPW_CQQYNSYSRTF;CASEDSGYGGGFDYW_CQSYDSSLSEGVF;CAHGRDYDSSSLPFDYW_CQQYNSYPYTF;CARAGAYYYGSAIDYW_CQQYGSSPGLTF;CAKGSSHSGGWFDPW_CQQYNSYWTF;CARDLLRAYSSSSTSSIDYW_CQQYYSYPRTF;CAKDVSGYLDAFDIW_CGTWDSSLSAGWVF;CAREGSRYFDYW_CQVWDSSSDHYVF;CASHDSSGYYLLDYW_CQVWDSSSDHVVF;CARYCSSTSCYTTYYYYYYGMDVW_CQQYYSYPLTF;CARLWVFLTMVRGPDFDLW_CHQSSSLPLTF	0	NA
16	79	CARRRYYGGNSNKGWYFDLW_CQQRSNWRTF;CARDQEYSSGWDGPDYYYYYGMDVW_CQQSYSTPQTF;CARDDRFGGDTLGWFDPW_CQSYDSSLSGSGYVF;CAREGWGLGYCSSTSCYTGPFGYW_CQQYGSSPPYTF;CAKDPNYWRYFDWLTGYYFDYW_CQQRSNWPPWTF;CARDGGFGGSWLDPW_CQQRSHFRTF;CAKGEQFIAVNNWFDPW_CQQRSNWPITF;CARDRLDGYNSFYYGMDVW_CQSYDSSLSGSVF;CARDAGRDGNEYYFDYW_CQQYNSYLYTF;CARGSISSQRWFGPW_CQQYNYYYTF;CARDRGQWLVREEDYYYGMDVW_CQQYYSTPLTF;CARGGAVLRYFDWEPQGPLEDNWFDPW_CQQRSNTWTF;CARNMASGMDVW_CQQRSNWPLFLTF;CARIWAVAADHSFDYW_CQQYNNWPPWTF;CAHRPLDILTGYRVDYFDYW_CQQSYSTLGTF;CARDKGATFDYW_CQQSYSTPYTF;CARDRWSLHIVGASPRGPSFDYW_CQQANSFPVTF;CARAIWYYDILTGYYSYYGMDVW_CSSYAGSNNLEVF;CARARGDFWSGYTHWYFDLW_CQQRSNWPPWYTF;CAQTGILTGYPRVGNAFDIW_CQQRSNWLGFTF;CASGSSDRYSSGWYWGYFDYW_CQAWDSSTVVF;CARAEIYGSGSKYYYYGMDVW_CQSADSSGTYYVF;CARGPDRFSGSYDNWFDPW_CQHTRAF;CAKDYDSGSYYEGGAFDIW_CQQRSNWPLTF;CARDIVRDFDWPGVGYW_CAAWDDSLNGYVF;CARGWSGYSSSLHPYYFDYW_CCSYAGSSTTLVF;CAQIAAAGTMGFDYW_CQQRSNWPSLTF;CTTEVCSGYDCDLGDYW_CQQRSNWPTF;CARSVDTAMGNAHDW_CQQYGSSPPTF;CARDLYSGYSYGSAVYW_CQQRSNWPIF;CARDRPPYSNYVIYGMDVW_CQQRSNWPPLTF;CARESPFGGQSVAVGGTPDYW_CCSYAGSGTFVF;CARDHKQWRVSYVWFDPW_CQQRNTWPRPTF;CARGPGYCSGGSCYGMFDYW_CQSADSSGTYVVF;CARDISKGAAGTGDWFDPW_CQQRSNWPLTF;CARGTRRDGYNLIYW_CQQYDNPPLTF;CAKGTHYYGSGSMWGMDVW_CQQRSNWPPYTF;CAREGEITMIVANDAFDIW_CQQSYSTPPTF;CARAVPARPEYCGGDCYIYYYGMDVW_CQSADSSGTYWVF;CVLYYGSGSYYRFDYW_CQSYDSSLSAVF;CARDSSSPATRHFDYW_CMQATQFPYTF;CATSDWSW_CQQRINWPITF;CARGRGRYYDSSGEW_CQQYNSYPYTF;CARGPIVVVIAASPYYYYGMDVW_CQQRSNWPPGCTF;CARESRPTVTTRTTSGMDVW_CLQHNSYPRTF;CARARSSGWYHYW_CQQRSNWPPTF;CAKDSRYSLLIAVAGTEDYW_CQQRSNWPWTF;CARDIGYSSGWYWTPGVNYYYGMDVW_CQQYGSSPWTF;CARDRGVGARHFDYW_CQQYNNWPPWTF;CGRAAISVLRKMPPTFW_CQQYGSSPYTF;CARETYYYDSSGYYGPHAFDIW_CLLSYSGARVF;CARDSEIFGSSWYSYFDYW_CQQYNSYSYTF;CAKVEGIWFGELSDFYYYYGMDVW_CQQRSNWPLTF;CARTYVWGEVDYYYYGMDVW_CLQHNSYPWTF;CATDLNLAVAGEGGYW_CQQRSNWPLTF;CARDSYDFWSGYTPPNYYYYYGMDVW_CQQRSNWYTF;CARVYSYGYRYFDYW_CQQSYSTLWTF;CARDGGYSYGYAQGYYGMDVW_CQSADSSGTHVVF;CASATTVSHW_CQQRSNWPLTF;CARDRSAERRGYFDYW_CNSRDSSGNHYVF;CARVKSGGSSSLRQDAFDIW_CQQRSNWPYTF;CAREDSSGWLEFPNWFDPW_CCSYAGSSTYVF;CARDCSSTSCLAYW_CQLRSNWPTF;CAREGEQWLDGAFDYW_CQSADSSGTYKVF;CARDGGGWYGLVDYW_CQQYNNWPLTF;CARGNDAFDIW_CQQYNSYSGTF;CARDGKPSKTFDYW_CQQSYSTPLTF;CARHEKGIAAAVYYFDYW_CQQRSNWPLTF;CAKDVTDGYNIPYYFDSW_CQQRSNWPLTF;CTSWAIPQALTDYYYYGMDVW_CQQRSNWPPSITF;CARDCGGPVTTTTNDAFDIW_CQQYYSYPRTF;CARDCDGGCDYW_CQSADSSGTYRVF;CAKDDDRGYGWFGELLGRYGMDVW_CQQRSNWLLTF;CARALSLGPRTYYYDSPQRGHDAFDIW_CQQSYSTSWTF;CARGETYYYDSSGYYWGYYFDYW_CQQYNSYPLTF;CTTPTWGNYYYYGMDVW_CQQRSTGRDTF;CARDQQWLGDFDYW_CSSYAGSNNLWVF;CARVFRRYGSGSYYNLW_CQQRSNWLTF;CARDPGDYVEIEWYFDLW_CQQRSNWPRLTF	9	1	CARTSRGLIAAAAAVDYW_NA	0	NA
16	79	CARRRYYGGNSNKGWYFDLW_CQQRSNWRTF;CARDQEYSSGWDGPDYYYYYGMDVW_CQQSYSTPQTF;CARDDRFGGDTLGWFDPW_CQSYDSSLSGSGYVF;CAREGWGLGYCSSTSCYTGPFGYW_CQQYGSSPPYTF;CAKDPNYWRYFDWLTGYYFDYW_CQQRSNWPPWTF;CARDGGFGGSWLDPW_CQQRSHFRTF;CAKGEQFIAVNNWFDPW_CQQRSNWPITF;CARDRLDGYNSFYYGMDVW_CQSYDSSLSGSVF;CARDAGRDGNEYYFDYW_CQQYNSYLYTF;CARGSISSQRWFGPW_CQQYNYYYTF;CARDRGQWLVREEDYYYGMDVW_CQQYYSTPLTF;CARGGAVLRYFDWEPQGPLEDNWFDPW_CQQRSNTWTF;CARNMASGMDVW_CQQRSNWPLFLTF;CARIWAVAADHSFDYW_CQQYNNWPPWTF;CAHRPLDILTGYRVDYFDYW_CQQSYSTLGTF;CARDKGATFDYW_CQQSYSTPYTF;CARDRWSLHIVGASPRGPSFDYW_CQQANSFPVTF;CARAIWYYDILTGYYSYYGMDVW_CSSYAGSNNLEVF;CARARGDFWSGYTHWYFDLW_CQQRSNWPPWYTF;CAQTGILTGYPRVGNAFDIW_CQQRSNWLGFTF;CASGSSDRYSSGWYWGYFDYW_CQAWDSSTVVF;CARAEIYGSGSKYYYYGMDVW_CQSADSSGTYYVF;CARGPDRFSGSYDNWFDPW_CQHTRAF;CAKDYDSGSYYEGGAFDIW_CQQRSNWPLTF;CARDIVRDFDWPGVGYW_CAAWDDSLNGYVF;CARGWSGYSSSLHPYYFDYW_CCSYAGSSTTLVF;CAQIAAAGTMGFDYW_CQQRSNWPSLTF;CTTEVCSGYDCDLGDYW_CQQRSNWPTF;CARSVDTAMGNAHDW_CQQYGSSPPTF;CARDLYSGYSYGSAVYW_CQQRSNWPIF;CARDRPPYSNYVIYGMDVW_CQQRSNWPPLTF;CARESPFGGQSVAVGGTPDYW_CCSYAGSGTFVF;CARDHKQWRVSYVWFDPW_CQQRNTWPRPTF;CARGPGYCSGGSCYGMFDYW_CQSADSSGTYVVF;CARDISKGAAGTGDWFDPW_CQQRSNWPLTF;CARGTRRDGYNLIYW_CQQYDNPPLTF;CAKGTHYYGSGSMWGMDVW_CQQRSNWPPYTF;CAREGEITMIVANDAFDIW_CQQSYSTPPTF;CARAVPARPEYCGGDCYIYYYGMDVW_CQSADSSGTYWVF;CVLYYGSGSYYRFDYW_CQSYDSSLSAVF;CARDSSSPATRHFDYW_CMQATQFPYTF;CATSDWSW_CQQRINWPITF;CARGRGRYYDSSGEW_CQQYNSYPYTF;CARGPIVVVIAASPYYYYGMDVW_CQQRSNWPPGCTF;CARESRPTVTTRTTSGMDVW_CLQHNSYPRTF;CARARSSGWYHYW_CQQRSNWPPTF;CAKDSRYSLLIAVAGTEDYW_CQQRSNWPWTF;CARDIGYSSGWYWTPGVNYYYGMDVW_CQQYGSSPWTF;CARDRGVGARHFDYW_CQQYNNWPPWTF;CGRAAISVLRKMPPTFW_CQQYGSSPYTF;CARETYYYDSSGYYGPHAFDIW_CLLSYSGARVF;CARDSEIFGSSWYSYFDYW_CQQYNSYSYTF;CAKVEGIWFGELSDFYYYYGMDVW_CQQRSNWPLTF;CARTYVWGEVDYYYYGMDVW_CLQHNSYPWTF;CATDLNLAVAGEGGYW_CQQRSNWPLTF;CARDSYDFWSGYTPPNYYYYYGMDVW_CQQRSNWYTF;CARVYSYGYRYFDYW_CQQSYSTLWTF;CARDGGYSYGYAQGYYGMDVW_CQSADSSGTHVVF;CASATTVSHW_CQQRSNWPLTF;CARDRSAERRGYFDYW_CNSRDSSGNHYVF;CARVKSGGSSSLRQDAFDIW_CQQRSNWPYTF;CAREDSSGWLEFPNWFDPW_CCSYAGSSTYVF;CARDCSSTSCLAYW_CQLRSNWPTF;CAREGEQWLDGAFDYW_CQSADSSGTYKVF;CARDGGGWYGLVDYW_CQQYNNWPLTF;CARGNDAFDIW_CQQYNSYSGTF;CARDGKPSKTFDYW_CQQSYSTPLTF;CARHEKGIAAAVYYFDYW_CQQRSNWPLTF;CAKDVTDGYNIPYYFDSW_CQQRSNWPLTF;CTSWAIPQALTDYYYYGMDVW_CQQRSNWPPSITF;CARDCGGPVTTTTNDAFDIW_CQQYYSYPRTF;CARDCDGGCDYW_CQSADSSGTYRVF;CAKDDDRGYGWFGELLGRYGMDVW_CQQRSNWLLTF;CARALSLGPRTYYYDSPQRGHDAFDIW_CQQSYSTSWTF;CARGETYYYDSSGYYWGYYFDYW_CQQYNSYPLTF;CTTPTWGNYYYYGMDVW_CQQRSTGRDTF;CARDQQWLGDFDYW_CSSYAGSNNLWVF;CARVFRRYGSGSYYNLW_CQQRSNWLTF;CARDPGDYVEIEWYFDLW_CQQRSNWPRLTF	17	67	CARDEGIAARTRGETHYYYYGMDVW_CQQYYSTPYTF;CARDRDGAFAIW_CAIWYSNTHVIF;CASRVHGLVTVTTGGAFDIW_CQQYYSYPPAF;CARGGDPTWFDPW_CCSYAGSSIVVF;CARAGAVARGYFDYW_CQQYYSFPPTF;CARGRGAAAGTSILNYW_CQQYYSTPLGF;CAREPPDLTMVRTKGVRWFDPW_CQQYYSNPLTF;CARGGRVWSQATPTKNWFDPW_CQQYNNWPPWTF;CARETVVTPQNAFDIW_CAAWDDSLNGYVF;CARKSGPPQYRYFDYW_CQQSYSTPLHF;CARDEMVRRDGYNFAFDIW_CQQYYSTPPLTF;CARGVGGCSSTSCYTRGYYGMDVW_CQQANSFLTF;CAKDGIVFYGSGSYNDYW_CQQYYETPTF;CARGVRVAPIDYW_CAAWDDSLWVF;CARGPVYYYGSGSYYYFDYW_CLQDYNYPFTF;CARVRGAFGEPPPYNWFDPW_CQSADSSGTYYVF;CARGTRGRSSGYYSNW_CQQYNNWPPYTF;CARGGLYSSSWSVHSTFQHW_CQQYGSSPRTF;CARDLGARDGYNKFDYW_CQQYYSTPALTF;CAHTPGSGQKGSIYW_CQQYYSTPWTF;CARGRSSGYYPHFDYW_CNSRDSSGNHYVF;CARLGPYGSGSYSPVDYW_CQQYYSNPQAF;CARGAAAGTLDAFDIW_CQQYYSTPLTF;CAADRIRGSSANYDYGMDVW_CQQYYSLRTF;CTRGGGALGNW_CQQYYSIPWTF;CARGGRYCSGGSCYNWFDPW_CLQDYNYPWTF;CARGPGIYGDYGGGRPGYFDYW_CQQYYSTPPITF;CARVDNVWTTWGYW_CQQSYSTPPTF;CARGPSRSYNVYYFDYW_CQQYYSTGTF;CARGRGARYDYGYGLVPNYFDYW_CQQHSSSPPTF;CARDRVHDYVWGSYRDLDYW_CQQSYSTLMYTF;CARGPMTTVATPRTQYFQFW_CQQYYSTPWTF;CSKDWAATGREIGYW_CQQYYRTPYTF;CARRYSYGYKRLSGWIWYFDLW_CAAWDDSLNGYVF;CARRDCSGGSTQSLPQRHLTCYYGMDVW_CQQYYSTLYTF;CANDRDASSAWYGPVGYW_CQQHYSTPGTF;CASSGWFDPW_CAAWDDSLSGRVF;CARDQYSSGWYLGGWGYFDYW_CQQYYSTLRTF;CARGVVGHPHLIDFW_CQQYYHMGTF;CARGMGSSSWYPNTKLVNWFDPW_CQQYYSTPPTF;CARGEYGDYAFDYW_CAAWDDSLNGYVF;CARGTIAVAGKRYYYFDYW_CQVWDSSSDHHVVF;CARQDCSGGSCYLDYW_CQVWDSSSDHPVF;CAKGYSSSWYYNYGMDVW_CQQYYSTPTF;CARALYYDILTGYYPRYYFDYW_CQQLNSYPITF;CARDRYFGPW_CQQYYSTPWTF;CARGSGYYVGSYFDYW_CNSRDSSGNHPPVVF;CARITMIGGAFDIW_CQQYYSTPSITF;CARDLPAVYYYGMDVW_CQQSYSTLFTF;CARGNTRLRGYSYGLQMARGGYGMDVW_CQQYGSSPGTF;CASSAPPYGHFDYW_CNSRDSSGNHVVF;CARSVTGTMGIYYYGMDVW_CQQYGSSRGTF;CVRGGSGTLSWYDSW_CQQYLSSPDTF;CTRDLLVNWNDPGLISYYNSFDVW_CQQYYNSPRTF;CARGRGYYGSGSYFSFSYYYGMDVW_CAAWDDSLNGQVF;CARDRRGYSYGYPWFDPW_CNSRDSSGNHRVF;CARGRVYGDYVFWFDPW_CQQSYSTPLTF;CARSDDNGDYVFNYW_CQQYYSTPPTF;CARAYGMDVW_CQKYNSAPYTF;CARELASHLGDYFDYW_CQQYYSTPPKTF;CARGTRGRSSGYYSNW_CQQYNNWPPYTF;CARKARQWEVAIDSW_CHQYYTTPLF;CASLERVRRFYYYYGMDVW_CLLYYGGARVF;CSVYDSSGYLYGAFDIW_CQQYYSTPLTF;CARYNWNLNFDYW_CAAWDDSLNANYVF;CSIHPYYYDSSSHSEYFQHW_CQQYDNLPPAF;CARGSPYCSGGSCYLNWFDPW_CQQYYSYPRTF	0	NA
16	79	CARRRYYGGNSNKGWYFDLW_CQQRSNWRTF;CARDQEYSSGWDGPDYYYYYGMDVW_CQQSYSTPQTF;CARDDRFGGDTLGWFDPW_CQSYDSSLSGSGYVF;CAREGWGLGYCSSTSCYTGPFGYW_CQQYGSSPPYTF;CAKDPNYWRYFDWLTGYYFDYW_CQQRSNWPPWTF;CARDGGFGGSWLDPW_CQQRSHFRTF;CAKGEQFIAVNNWFDPW_CQQRSNWPITF;CARDRLDGYNSFYYGMDVW_CQSYDSSLSGSVF;CARDAGRDGNEYYFDYW_CQQYNSYLYTF;CARGSISSQRWFGPW_CQQYNYYYTF;CARDRGQWLVREEDYYYGMDVW_CQQYYSTPLTF;CARGGAVLRYFDWEPQGPLEDNWFDPW_CQQRSNTWTF;CARNMASGMDVW_CQQRSNWPLFLTF;CARIWAVAADHSFDYW_CQQYNNWPPWTF;CAHRPLDILTGYRVDYFDYW_CQQSYSTLGTF;CARDKGATFDYW_CQQSYSTPYTF;CARDRWSLHIVGASPRGPSFDYW_CQQANSFPVTF;CARAIWYYDILTGYYSYYGMDVW_CSSYAGSNNLEVF;CARARGDFWSGYTHWYFDLW_CQQRSNWPPWYTF;CAQTGILTGYPRVGNAFDIW_CQQRSNWLGFTF;CASGSSDRYSSGWYWGYFDYW_CQAWDSSTVVF;CARAEIYGSGSKYYYYGMDVW_CQSADSSGTYYVF;CARGPDRFSGSYDNWFDPW_CQHTRAF;CAKDYDSGSYYEGGAFDIW_CQQRSNWPLTF;CARDIVRDFDWPGVGYW_CAAWDDSLNGYVF;CARGWSGYSSSLHPYYFDYW_CCSYAGSSTTLVF;CAQIAAAGTMGFDYW_CQQRSNWPSLTF;CTTEVCSGYDCDLGDYW_CQQRSNWPTF;CARSVDTAMGNAHDW_CQQYGSSPPTF;CARDLYSGYSYGSAVYW_CQQRSNWPIF;CARDRPPYSNYVIYGMDVW_CQQRSNWPPLTF;CARESPFGGQSVAVGGTPDYW_CCSYAGSGTFVF;CARDHKQWRVSYVWFDPW_CQQRNTWPRPTF;CARGPGYCSGGSCYGMFDYW_CQSADSSGTYVVF;CARDISKGAAGTGDWFDPW_CQQRSNWPLTF;CARGTRRDGYNLIYW_CQQYDNPPLTF;CAKGTHYYGSGSMWGMDVW_CQQRSNWPPYTF;CAREGEITMIVANDAFDIW_CQQSYSTPPTF;CARAVPARPEYCGGDCYIYYYGMDVW_CQSADSSGTYWVF;CVLYYGSGSYYRFDYW_CQSYDSSLSAVF;CARDSSSPATRHFDYW_CMQATQFPYTF;CATSDWSW_CQQRINWPITF;CARGRGRYYDSSGEW_CQQYNSYPYTF;CARGPIVVVIAASPYYYYGMDVW_CQQRSNWPPGCTF;CARESRPTVTTRTTSGMDVW_CLQHNSYPRTF;CARARSSGWYHYW_CQQRSNWPPTF;CAKDSRYSLLIAVAGTEDYW_CQQRSNWPWTF;CARDIGYSSGWYWTPGVNYYYGMDVW_CQQYGSSPWTF;CARDRGVGARHFDYW_CQQYNNWPPWTF;CGRAAISVLRKMPPTFW_CQQYGSSPYTF;CARETYYYDSSGYYGPHAFDIW_CLLSYSGARVF;CARDSEIFGSSWYSYFDYW_CQQYNSYSYTF;CAKVEGIWFGELSDFYYYYGMDVW_CQQRSNWPLTF;CARTYVWGEVDYYYYGMDVW_CLQHNSYPWTF;CATDLNLAVAGEGGYW_CQQRSNWPLTF;CARDSYDFWSGYTPPNYYYYYGMDVW_CQQRSNWYTF;CARVYSYGYRYFDYW_CQQSYSTLWTF;CARDGGYSYGYAQGYYGMDVW_CQSADSSGTHVVF;CASATTVSHW_CQQRSNWPLTF;CARDRSAERRGYFDYW_CNSRDSSGNHYVF;CARVKSGGSSSLRQDAFDIW_CQQRSNWPYTF;CAREDSSGWLEFPNWFDPW_CCSYAGSSTYVF;CARDCSSTSCLAYW_CQLRSNWPTF;CAREGEQWLDGAFDYW_CQSADSSGTYKVF;CARDGGGWYGLVDYW_CQQYNNWPLTF;CARGNDAFDIW_CQQYNSYSGTF;CARDGKPSKTFDYW_CQQSYSTPLTF;CARHEKGIAAAVYYFDYW_CQQRSNWPLTF;CAKDVTDGYNIPYYFDSW_CQQRSNWPLTF;CTSWAIPQALTDYYYYGMDVW_CQQRSNWPPSITF;CARDCGGPVTTTTNDAFDIW_CQQYYSYPRTF;CARDCDGGCDYW_CQSADSSGTYRVF;CAKDDDRGYGWFGELLGRYGMDVW_CQQRSNWLLTF;CARALSLGPRTYYYDSPQRGHDAFDIW_CQQSYSTSWTF;CARGETYYYDSSGYYWGYYFDYW_CQQYNSYPLTF;CTTPTWGNYYYYGMDVW_CQQRSTGRDTF;CARDQQWLGDFDYW_CSSYAGSNNLWVF;CARVFRRYGSGSYYNLW_CQQRSNWLTF;CARDPGDYVEIEWYFDLW_CQQRSNWPRLTF	18	68	CARQVGVGKWYLEDW_CCSYASGDNLVF;CARLIKYSGSYEMVDYW_CAAWDDSLNGYYVF;CARGGFITMIGYGMDVW_CQQYDNLPFTF;CARDLRWCSGGSCYGNYYGMDVW_CAAWDDSLNGQVF;CARDGRDYYDSSGYYYDDAFDIW_CQSADSSGTVVF;CARDHPLMVRENLGFDPW_CAAWDDSLNGPVF;CARDLRNYYDFWSGSPNPKINWFDPW_CQKYNSAPLTF;CARDLPAARYGDYGGFDYW_CAAWDDSLNGVVF;CARDLFPIQYGSEPYGMDVW_CQQYGSSPRTF;CARDIGPLDVW_CQVWDSSSDHRVF;CARDQGDGDYGAFDIW_CQQSYSTSSWTF;CARILEIVDPSGSYQYYFDYW_CGTWDSSLSAVVF;CARDGHYSGSYYVGYW_CCSYAGSYTYWVF;CAREEYSSSWHPYYFDYW_CGTWDSSLSAYVF;CAKDFRGWFDPW_CATWDDSLNGWVF;CARDRSGGSWFDPW_CVLYMGSGVF;CARASTAAYYYYYYGMDVW_CAAWDDSLNGHVVF;CAHHLSFGGNWAFAHW_CAAWDDSLNGSYVF;CASNLGYCSSISCYGFDYW_CQQYGSSPLYTF;CAKELPYYDSSGGPEYW_CAAWDDSLNGWVF;CARGEDYYGSGSYYGMDVW_CQAWDSNTVIF;CARVLGITGTTRRFDYW_CQQYYSYPFTF;CARDREQLAPFDYW_CQSADSSGTYVF;CAKDLIDTMIVVVITPPFDYW_CAAWDDSLNWVF;CARGGHLWSEEVMNRFYYYLGMDVW_CGAWDGSLNGYVF;CARDGYSGYDRADYYYYYGMDVW_CQSYDSSLSGSRVF;CARDHIAVAATPAEYYYYGMDVW_CQAWDSSTVVF;CARARDRQGAYYYGSGSYVPYYYYGMDVW_CCSYAGSSPWVF;CARQNFDILTGYSIDYW_CAAWDDSLNGLYVF;CARDNSGSYVVEYYFDYW_CAAWDDSLNGWVF;CARQYVEWLREMDVW_CAAWDDRLNGWVF;CARNYYYDSSGSGFDYW_CQQANSFPPTF;CAHRHHCSSTSCSPWDDWFDPW_CAAWDDSLNGPVF;CARQNFDILTGYSIDYW_CAAWDDSLNGLYVF;CAKTQVDGKALWFEPW_CATWDSILSGWIF;CARELLWFGEGINWFDPW_CAAWDDSLNGVVF;CARHNTITLRYFDWTKLGYFDLW_CAAWDDSLNGVVF;CARDRYDYGDYPAEYFQHW_CAAWDDSLNGVVF;CAREQLGGFDYW_CAAWDDSLSVVVF;CAIIPLATPVTIIMDYW_CMQSIQLPPQPTF;CAREQQLVPYYYYGMDVW_CAAWDDSLNGWVF;CARDGAGHYGSGSYFGSW_CATWDDSLNGFVIF;CASRTNHYYDIQRHYW_CQQSYSTPGVTF;CARHIMVRGVPPNFDYW_CAAWDDSLNGPVF;CASTGGGSYPILNW_CQQYYSYPLTF;CARGGPYPINSGYYYEVDYW_CAAWDDSLNGRYVF;CARGPNDAFDVW_CQQYARSPPWTF;CAHHASFGGNWAFAHW_CAAWDDSLNGSYVF;CARDRGYGSGSYFSGFDYW_CQQYNNWPPRTF;CARERGMYSSGWYNWFDPW_CQQYYSYPYTF;CARGGDGYNYHPYW_CQKYNSAPTF;CAKDSIPIYDSSGTTFDYW_CAAWDDSLNGWVF;CARDQRSYADYW_CQQYYSYPQTF;CARDLQRGYSYGYW_CAAWDDSLNGVVF;CARDIHGNGALYYYYGMDVW_CAAWDDSLNGLYVF;CARDNIVVVPAAMFEASDYYYGMDVW_CMQALQTPYTF;CARDELRQLVLW_CQSYDSSNPWVF;CARSYGSGSYPRPSPLAWFDPW_CAAWDDSLNGPVF;CARDLIGFGASFDYW_CQQYNNWPPYTF;CARMMGTYYGDHPTIVGYFDYW_CQQYNNWPLTF;CARDGLDYDSNAIDYW_CQQYDNLPYTF;CARHGGDCGLDCYSNWFDPW_CQHWTF;CAREPADSSSLW_CQSYDSSNWVF;CARSGQWLEGWFDPW_CQQYNSYSPTF;CAREGREGGGFDYW_CAAWDDSLSGWVF;CARFVPGGYDGFDIW_CASWDKNLNAFVF;CARDPVPVILGYCSGGRCSPLDYW_CQNYNSAPRTF;CAKDWDDYDSESGVYNYYGMDVW_CSAWDDSLNGVVF	0	NA
16	79	CARRRYYGGNSNKGWYFDLW_CQQRSNWRTF;CARDQEYSSGWDGPDYYYYYGMDVW_CQQSYSTPQTF;CARDDRFGGDTLGWFDPW_CQSYDSSLSGSGYVF;CAREGWGLGYCSSTSCYTGPFGYW_CQQYGSSPPYTF;CAKDPNYWRYFDWLTGYYFDYW_CQQRSNWPPWTF;CARDGGFGGSWLDPW_CQQRSHFRTF;CAKGEQFIAVNNWFDPW_CQQRSNWPITF;CARDRLDGYNSFYYGMDVW_CQSYDSSLSGSVF;CARDAGRDGNEYYFDYW_CQQYNSYLYTF;CARGSISSQRWFGPW_CQQYNYYYTF;CARDRGQWLVREEDYYYGMDVW_CQQYYSTPLTF;CARGGAVLRYFDWEPQGPLEDNWFDPW_CQQRSNTWTF;CARNMASGMDVW_CQQRSNWPLFLTF;CARIWAVAADHSFDYW_CQQYNNWPPWTF;CAHRPLDILTGYRVDYFDYW_CQQSYSTLGTF;CARDKGATFDYW_CQQSYSTPYTF;CARDRWSLHIVGASPRGPSFDYW_CQQANSFPVTF;CARAIWYYDILTGYYSYYGMDVW_CSSYAGSNNLEVF;CARARGDFWSGYTHWYFDLW_CQQRSNWPPWYTF;CAQTGILTGYPRVGNAFDIW_CQQRSNWLGFTF;CASGSSDRYSSGWYWGYFDYW_CQAWDSSTVVF;CARAEIYGSGSKYYYYGMDVW_CQSADSSGTYYVF;CARGPDRFSGSYDNWFDPW_CQHTRAF;CAKDYDSGSYYEGGAFDIW_CQQRSNWPLTF;CARDIVRDFDWPGVGYW_CAAWDDSLNGYVF;CARGWSGYSSSLHPYYFDYW_CCSYAGSSTTLVF;CAQIAAAGTMGFDYW_CQQRSNWPSLTF;CTTEVCSGYDCDLGDYW_CQQRSNWPTF;CARSVDTAMGNAHDW_CQQYGSSPPTF;CARDLYSGYSYGSAVYW_CQQRSNWPIF;CARDRPPYSNYVIYGMDVW_CQQRSNWPPLTF;CARESPFGGQSVAVGGTPDYW_CCSYAGSGTFVF;CARDHKQWRVSYVWFDPW_CQQRNTWPRPTF;CARGPGYCSGGSCYGMFDYW_CQSADSSGTYVVF;CARDISKGAAGTGDWFDPW_CQQRSNWPLTF;CARGTRRDGYNLIYW_CQQYDNPPLTF;CAKGTHYYGSGSMWGMDVW_CQQRSNWPPYTF;CAREGEITMIVANDAFDIW_CQQSYSTPPTF;CARAVPARPEYCGGDCYIYYYGMDVW_CQSADSSGTYWVF;CVLYYGSGSYYRFDYW_CQSYDSSLSAVF;CARDSSSPATRHFDYW_CMQATQFPYTF;CATSDWSW_CQQRINWPITF;CARGRGRYYDSSGEW_CQQYNSYPYTF;CARGPIVVVIAASPYYYYGMDVW_CQQRSNWPPGCTF;CARESRPTVTTRTTSGMDVW_CLQHNSYPRTF;CARARSSGWYHYW_CQQRSNWPPTF;CAKDSRYSLLIAVAGTEDYW_CQQRSNWPWTF;CARDIGYSSGWYWTPGVNYYYGMDVW_CQQYGSSPWTF;CARDRGVGARHFDYW_CQQYNNWPPWTF;CGRAAISVLRKMPPTFW_CQQYGSSPYTF;CARETYYYDSSGYYGPHAFDIW_CLLSYSGARVF;CARDSEIFGSSWYSYFDYW_CQQYNSYSYTF;CAKVEGIWFGELSDFYYYYGMDVW_CQQRSNWPLTF;CARTYVWGEVDYYYYGMDVW_CLQHNSYPWTF;CATDLNLAVAGEGGYW_CQQRSNWPLTF;CARDSYDFWSGYTPPNYYYYYGMDVW_CQQRSNWYTF;CARVYSYGYRYFDYW_CQQSYSTLWTF;CARDGGYSYGYAQGYYGMDVW_CQSADSSGTHVVF;CASATTVSHW_CQQRSNWPLTF;CARDRSAERRGYFDYW_CNSRDSSGNHYVF;CARVKSGGSSSLRQDAFDIW_CQQRSNWPYTF;CAREDSSGWLEFPNWFDPW_CCSYAGSSTYVF;CARDCSSTSCLAYW_CQLRSNWPTF;CAREGEQWLDGAFDYW_CQSADSSGTYKVF;CARDGGGWYGLVDYW_CQQYNNWPLTF;CARGNDAFDIW_CQQYNSYSGTF;CARDGKPSKTFDYW_CQQSYSTPLTF;CARHEKGIAAAVYYFDYW_CQQRSNWPLTF;CAKDVTDGYNIPYYFDSW_CQQRSNWPLTF;CTSWAIPQALTDYYYYGMDVW_CQQRSNWPPSITF;CARDCGGPVTTTTNDAFDIW_CQQYYSYPRTF;CARDCDGGCDYW_CQSADSSGTYRVF;CAKDDDRGYGWFGELLGRYGMDVW_CQQRSNWLLTF;CARALSLGPRTYYYDSPQRGHDAFDIW_CQQSYSTSWTF;CARGETYYYDSSGYYWGYYFDYW_CQQYNSYPLTF;CTTPTWGNYYYYGMDVW_CQQRSTGRDTF;CARDQQWLGDFDYW_CSSYAGSNNLWVF;CARVFRRYGSGSYYNLW_CQQRSNWLTF;CARDPGDYVEIEWYFDLW_CQQRSNWPRLTF	19	62	CAKDFHRLTLLRYCSGGSCYSAFDIW_CCSYAGSSTYVF;CAKRPDTTGRSWYFDYW_CQQYNNWLWTF;CAKFDIAAADTGKGEDYW_CMQGTHWPPLTF;CAKDSLFDRIILIATDIW_CAAWDDSLNGWVF;CAKYPSFSSRRWYFDLW_CQQYNNWPPPYTF;CAKLPSYSYGPFDYW_CQVWDSSSDHPVF;CAKDRQQLVIDAFDIW_CQQANSFSYTF;CAKVLGFGPHYDILTGYYPFDYW_CQQSYSTPLTF;CASVQWLVDYW_CQQSYSTPMYTF;CAKDQSPSAKNGDYVSFDYW_CMQALQKTF;CAKDLRFLEWLLPYYYGMDVW_CMQALQTPWTF;CAKDIRGNSWYGDSEGIW_CMQGTHWPYTF;CASGMVDFDYW_CMQGTHWPPTF;CAKGDSRYWYFDLW_CQQRSNWPLTF;CAKWGHSSWYDNWFDPW_CQSADSSGTYVVF;CAKMGASRWGPSYYFDCW_CQQYGSSPRTF;CAKDHPTNWFDPW_CQQYYSYPRTF;CAKAQNYYDSSGYYPFDYW_CQVWDSSSDHSVVF;CAKAPESSAYYGPDYW_CAAWDDSLSGHWVF;CAKGATSCAYW_CQQSYSTPRTF;CARGRLGGYSLPGFDYW_CNSRDSSGNHVVF;CAKASARYCSGGSCYGTAFDIW_CQQSYSTPVF;CAKFHDSSGYYYLYGFDYW_CQAWDSSTYVF;CAKGAAASRTDYW_CQQSYSTPPYTF;CAKDEWERGAFDIW_CQQYNSYSPWTF;CAKADLLYSGSYGAW_CQQSYSTPYTF;CAKDGIVVVTAIKFGHGMDVW_CQQANSFPYTF;CAKRLDYW_CMQATQFPYTF;CANISPPPRYYGSGSYYNFAFDIW_CQQLNSYPFTF;CAKEDYNSGSCLDYW_CQQLNSYPQVTF;CAKVRGIVGATPCYFDYW_CQVWDSSSDHPVF;CAKDRGYRGDYSNWFDPW_CQQYNSYPRTF;CAKPSIVATIWAFDYW_CQQYDNLPPITF;CAKGRYSSSWYEDWYFDLW_CQQRSNWPPLTF;CAKDAEGQGPVLLWLGGMDVW_CQQYNSYSYTF;CATGIAVAGTLGYYGMDVW_CQQYNNWPRFTF;CAKASVAVAGTGGMDVW_CQVWDSSSDHVVF;CAKFFVVLSFWSGYYDYW_CQQLNSYPQTF;CAKGRNFVVVTAICDYW_CQQYGSSPLTF;CAKSLKLFAIDYW_CQSADSSGTYWVF;CAKGGYCSGGSCPLDYYYGMDVW_CMQALQTPLTF;CAKDHDEGATTYFDYW_CQAWDSSTVVF;CAKDRGPAEKYYYDSSGTQLIGAFDIW_CQQYYSYPPGTF;CAKALHAAVVGPAAIPFDYW_CSSYVGSNNYVF;CAKDHLMITFGGVGQGVPWFDPW_CQKYNSAPRTF;CAKAEGVKYNWNYGDYW_CQQSGSSPPTF;CAKETLGAVDYW_CCSYAGSSRVF;CAKAAMVRGVIDWYFDLW_CQQYYSYPPFTF;CAKGGGADFDHW_CQQYSIWPLSF;CAKDRDGYNADDAFDIW_CQQSYSTPLTF;CAKSYGSGSYYRTSEYYFDYW_CQQYNNWPPGTF;CAKRDSSSWGWDRGAFDIW_CQQLNSYPGFTF;CAKGFDYYGSGSYSPFDYW_CQQYNNWPPEYTF;CAKDGRWELGTFDIW_CQQYDNLPQF;CAKDRRLGPWIPDYW_CQQYDNLPQAF;CAKDRCTITSCSYQNW_CMQALQIPPTF;CAKDRSFDYPDYW_CQQYYSFPYTF;CAKLGEEDGSGSPSYYYYGMDVW_CQQYNNWPPLTF;CAKILYSSGWWGGAFDIW_CQQYNSYPLTF;CAKDKASSWQDRYYYYGMDVW_CVLYMGSGIRVF;CAKVGVGATSHFDYW_CQQSYSTPRYTF;CAKDLPRSVVVTANSYYYGMDVW_CQQYNSYPVTF	0	NA
16	79	CARRRYYGGNSNKGWYFDLW_CQQRSNWRTF;CARDQEYSSGWDGPDYYYYYGMDVW_CQQSYSTPQTF;CARDDRFGGDTLGWFDPW_CQSYDSSLSGSGYVF;CAREGWGLGYCSSTSCYTGPFGYW_CQQYGSSPPYTF;CAKDPNYWRYFDWLTGYYFDYW_CQQRSNWPPWTF;CARDGGFGGSWLDPW_CQQRSHFRTF;CAKGEQFIAVNNWFDPW_CQQRSNWPITF;CARDRLDGYNSFYYGMDVW_CQSYDSSLSGSVF;CARDAGRDGNEYYFDYW_CQQYNSYLYTF;CARGSISSQRWFGPW_CQQYNYYYTF;CARDRGQWLVREEDYYYGMDVW_CQQYYSTPLTF;CARGGAVLRYFDWEPQGPLEDNWFDPW_CQQRSNTWTF;CARNMASGMDVW_CQQRSNWPLFLTF;CARIWAVAADHSFDYW_CQQYNNWPPWTF;CAHRPLDILTGYRVDYFDYW_CQQSYSTLGTF;CARDKGATFDYW_CQQSYSTPYTF;CARDRWSLHIVGASPRGPSFDYW_CQQANSFPVTF;CARAIWYYDILTGYYSYYGMDVW_CSSYAGSNNLEVF;CARARGDFWSGYTHWYFDLW_CQQRSNWPPWYTF;CAQTGILTGYPRVGNAFDIW_CQQRSNWLGFTF;CASGSSDRYSSGWYWGYFDYW_CQAWDSSTVVF;CARAEIYGSGSKYYYYGMDVW_CQSADSSGTYYVF;CARGPDRFSGSYDNWFDPW_CQHTRAF;CAKDYDSGSYYEGGAFDIW_CQQRSNWPLTF;CARDIVRDFDWPGVGYW_CAAWDDSLNGYVF;CARGWSGYSSSLHPYYFDYW_CCSYAGSSTTLVF;CAQIAAAGTMGFDYW_CQQRSNWPSLTF;CTTEVCSGYDCDLGDYW_CQQRSNWPTF;CARSVDTAMGNAHDW_CQQYGSSPPTF;CARDLYSGYSYGSAVYW_CQQRSNWPIF;CARDRPPYSNYVIYGMDVW_CQQRSNWPPLTF;CARESPFGGQSVAVGGTPDYW_CCSYAGSGTFVF;CARDHKQWRVSYVWFDPW_CQQRNTWPRPTF;CARGPGYCSGGSCYGMFDYW_CQSADSSGTYVVF;CARDISKGAAGTGDWFDPW_CQQRSNWPLTF;CARGTRRDGYNLIYW_CQQYDNPPLTF;CAKGTHYYGSGSMWGMDVW_CQQRSNWPPYTF;CAREGEITMIVANDAFDIW_CQQSYSTPPTF;CARAVPARPEYCGGDCYIYYYGMDVW_CQSADSSGTYWVF;CVLYYGSGSYYRFDYW_CQSYDSSLSAVF;CARDSSSPATRHFDYW_CMQATQFPYTF;CATSDWSW_CQQRINWPITF;CARGRGRYYDSSGEW_CQQYNSYPYTF;CARGPIVVVIAASPYYYYGMDVW_CQQRSNWPPGCTF;CARESRPTVTTRTTSGMDVW_CLQHNSYPRTF;CARARSSGWYHYW_CQQRSNWPPTF;CAKDSRYSLLIAVAGTEDYW_CQQRSNWPWTF;CARDIGYSSGWYWTPGVNYYYGMDVW_CQQYGSSPWTF;CARDRGVGARHFDYW_CQQYNNWPPWTF;CGRAAISVLRKMPPTFW_CQQYGSSPYTF;CARETYYYDSSGYYGPHAFDIW_CLLSYSGARVF;CARDSEIFGSSWYSYFDYW_CQQYNSYSYTF;CAKVEGIWFGELSDFYYYYGMDVW_CQQRSNWPLTF;CARTYVWGEVDYYYYGMDVW_CLQHNSYPWTF;CATDLNLAVAGEGGYW_CQQRSNWPLTF;CARDSYDFWSGYTPPNYYYYYGMDVW_CQQRSNWYTF;CARVYSYGYRYFDYW_CQQSYSTLWTF;CARDGGYSYGYAQGYYGMDVW_CQSADSSGTHVVF;CASATTVSHW_CQQRSNWPLTF;CARDRSAERRGYFDYW_CNSRDSSGNHYVF;CARVKSGGSSSLRQDAFDIW_CQQRSNWPYTF;CAREDSSGWLEFPNWFDPW_CCSYAGSSTYVF;CARDCSSTSCLAYW_CQLRSNWPTF;CAREGEQWLDGAFDYW_CQSADSSGTYKVF;CARDGGGWYGLVDYW_CQQYNNWPLTF;CARGNDAFDIW_CQQYNSYSGTF;CARDGKPSKTFDYW_CQQSYSTPLTF;CARHEKGIAAAVYYFDYW_CQQRSNWPLTF;CAKDVTDGYNIPYYFDSW_CQQRSNWPLTF;CTSWAIPQALTDYYYYGMDVW_CQQRSNWPPSITF;CARDCGGPVTTTTNDAFDIW_CQQYYSYPRTF;CARDCDGGCDYW_CQSADSSGTYRVF;CAKDDDRGYGWFGELLGRYGMDVW_CQQRSNWLLTF;CARALSLGPRTYYYDSPQRGHDAFDIW_CQQSYSTSWTF;CARGETYYYDSSGYYWGYYFDYW_CQQYNSYPLTF;CTTPTWGNYYYYGMDVW_CQQRSTGRDTF;CARDQQWLGDFDYW_CSSYAGSNNLWVF;CARVFRRYGSGSYYNLW_CQQRSNWLTF;CARDPGDYVEIEWYFDLW_CQQRSNWPRLTF	20	56	CARETTPVVTASTYYYYYGMDVW_CSSYTSSSTWVF;CARDWVRGVNDMDVW_CSSYTSSSTRVF;CTRPQRKWELPYPDAFDIW_CSSYTSSSTLF;CARGGAAVTTYYYYFYGMDAW_CCSYSSTNTLYVF;CARDGSGYLEQYYFDYW_CAAWDDSLNGYVF;CARGQGRTTSDYW_CSSYTSSSTLVVF;CARDPITMVRGVIISGWYFDLW_CSSYTSSSTLDVVF;CAKGADPYYDFWSGYSELFPLGMDVW_CSSYTSSSTVVF;CAREFKSFWSGYGDYYYGMDVW_CSSYTSSSTRVF;CARVVDDYYDSSGRYYFDYW_CSSYTSSSTQVF;CARHPFRVFGGWRDYW_CSSYTSSSTLWVF;CTGPDRMAYYDSSGYWEGVLDYW_CSSYTSSSPLYVF;CTRCGSSWTSYTMYDW_CSSYTGSRLYVF;CAKASLYGSGSYPPKYW_CSSYTSSSTYVF;CARDRPALWFGELHGMDVW_CSSYTSSSTLVF;CAKDHWEYYWYFDLW_CSSYTSSSTLVF;CARQISILRLLVWFDPW_CSSYTSSRGVF;CARHSPPRLWFGAFNYYYGMDVW_CSSYTGSSTLVF;CARRIAVAATVTGAMDVW_CTSYTSSSTLVF;CARYYDILTGYYYDYFDYW_CSSYTSSSTSF;CAKDPRLGPYFDYW_CSSYTSSSTRVF;CATSLVVVPAAILRGGVGGHYYGMDVW_CGTWDSSLSAVVF;CARILSDYYDSIGAFDYW_CSSYTSSSTPVVF;CARDRVAIMRGIKPNGMDVW_CQQLNSYPQTF;CARELTGDRDYW_CNSYTRSSTYVF;CARVNTMVRGLSTTKYYYPMDVW_CSSYTLSILIF;CARGGLPLGYCSGGSCSRRYYGMDVW_CSSYTSSSTLVVF;CARVEYGDYSGWFDPW_CSSYTSSSTWVF;CARGINYCSGGSCYYYYYYGMDVW_CSSYTSSSTLEGVF;CAREGPSRPAANYW_CSSYTSSSTEVF;CVRDQGSGGNYFDPW_CSSYTSSSLYVF;CARDDYYYDSSGYYPRFDYW_CSSYTSSSTLGVF;CARGSRYSYGDPCFDYW_CSSYTSSSTPVVVF;CARYYQDRFDYW_CSSYTSSSTLEVF;CARGPYDILTGSIYYYGMDVW_CSSYTSSSTLIF;CARDLGWSEGNYYYYGMDVW_CSSYTSSSTYVF;CAYDSSGYSLDYW_CQQYGSSPF;CARDQGTAAKPLDYW_CSSYTSSSTRVF;CARGGYSGYESDYW_CSSYTSSSTRVF;CARSSVGRQWPKGMDVW_CSSYTSSSTLAF;CAKDIRGRMATIMSW_CSSYTSSSTLVVF;CARVELHYYYYYGMDVW_CSSYTSSSTLF;CARGMIVVVMRYGMDVW_CSSYTSSSPVVF;CAKGILRYFDWHLEGMDVW_CSSYRNISTVF;CAKDIVSYSNYVLSNW_CSSYTSSSTQHVVF;CARHGSYLGYFQHW_CSSYTSSSTVVF;CAKDKGPDYYYGMDVW_CSSYTSSSTLYVF;CARSMVRGKYRAEYFQHW_CSSYTSSSTLNVVF;CATLSGMDVW_CSSYTSSSTLVVF;CAREGRPPRKPKNNWFDPW_CSSYAGSNNLVF;CARGYSYGPFDYW_CSSYTSSSTLVVF;CASPITTVTTRGAFDIW_CSSYTSSSTFYVF;CAETSYCSGGSCPMSEYGPVFDPW_CSSYTSSSTPWVF;CAKDCGEPWYNWNDGIGYW_CSSYTSSSTWVF;CARDSRLGGVDPW_CSSYTSSSTRVF;CAKAPGGYNWDNYHYYYFAMDVW_CSSYTSSSTLYVF	0	NA
16	79	CARRRYYGGNSNKGWYFDLW_CQQRSNWRTF;CARDQEYSSGWDGPDYYYYYGMDVW_CQQSYSTPQTF;CARDDRFGGDTLGWFDPW_CQSYDSSLSGSGYVF;CAREGWGLGYCSSTSCYTGPFGYW_CQQYGSSPPYTF;CAKDPNYWRYFDWLTGYYFDYW_CQQRSNWPPWTF;CARDGGFGGSWLDPW_CQQRSHFRTF;CAKGEQFIAVNNWFDPW_CQQRSNWPITF;CARDRLDGYNSFYYGMDVW_CQSYDSSLSGSVF;CARDAGRDGNEYYFDYW_CQQYNSYLYTF;CARGSISSQRWFGPW_CQQYNYYYTF;CARDRGQWLVREEDYYYGMDVW_CQQYYSTPLTF;CARGGAVLRYFDWEPQGPLEDNWFDPW_CQQRSNTWTF;CARNMASGMDVW_CQQRSNWPLFLTF;CARIWAVAADHSFDYW_CQQYNNWPPWTF;CAHRPLDILTGYRVDYFDYW_CQQSYSTLGTF;CARDKGATFDYW_CQQSYSTPYTF;CARDRWSLHIVGASPRGPSFDYW_CQQANSFPVTF;CARAIWYYDILTGYYSYYGMDVW_CSSYAGSNNLEVF;CARARGDFWSGYTHWYFDLW_CQQRSNWPPWYTF;CAQTGILTGYPRVGNAFDIW_CQQRSNWLGFTF;CASGSSDRYSSGWYWGYFDYW_CQAWDSSTVVF;CARAEIYGSGSKYYYYGMDVW_CQSADSSGTYYVF;CARGPDRFSGSYDNWFDPW_CQHTRAF;CAKDYDSGSYYEGGAFDIW_CQQRSNWPLTF;CARDIVRDFDWPGVGYW_CAAWDDSLNGYVF;CARGWSGYSSSLHPYYFDYW_CCSYAGSSTTLVF;CAQIAAAGTMGFDYW_CQQRSNWPSLTF;CTTEVCSGYDCDLGDYW_CQQRSNWPTF;CARSVDTAMGNAHDW_CQQYGSSPPTF;CARDLYSGYSYGSAVYW_CQQRSNWPIF;CARDRPPYSNYVIYGMDVW_CQQRSNWPPLTF;CARESPFGGQSVAVGGTPDYW_CCSYAGSGTFVF;CARDHKQWRVSYVWFDPW_CQQRNTWPRPTF;CARGPGYCSGGSCYGMFDYW_CQSADSSGTYVVF;CARDISKGAAGTGDWFDPW_CQQRSNWPLTF;CARGTRRDGYNLIYW_CQQYDNPPLTF;CAKGTHYYGSGSMWGMDVW_CQQRSNWPPYTF;CAREGEITMIVANDAFDIW_CQQSYSTPPTF;CARAVPARPEYCGGDCYIYYYGMDVW_CQSADSSGTYWVF;CVLYYGSGSYYRFDYW_CQSYDSSLSAVF;CARDSSSPATRHFDYW_CMQATQFPYTF;CATSDWSW_CQQRINWPITF;CARGRGRYYDSSGEW_CQQYNSYPYTF;CARGPIVVVIAASPYYYYGMDVW_CQQRSNWPPGCTF;CARESRPTVTTRTTSGMDVW_CLQHNSYPRTF;CARARSSGWYHYW_CQQRSNWPPTF;CAKDSRYSLLIAVAGTEDYW_CQQRSNWPWTF;CARDIGYSSGWYWTPGVNYYYGMDVW_CQQYGSSPWTF;CARDRGVGARHFDYW_CQQYNNWPPWTF;CGRAAISVLRKMPPTFW_CQQYGSSPYTF;CARETYYYDSSGYYGPHAFDIW_CLLSYSGARVF;CARDSEIFGSSWYSYFDYW_CQQYNSYSYTF;CAKVEGIWFGELSDFYYYYGMDVW_CQQRSNWPLTF;CARTYVWGEVDYYYYGMDVW_CLQHNSYPWTF;CATDLNLAVAGEGGYW_CQQRSNWPLTF;CARDSYDFWSGYTPPNYYYYYGMDVW_CQQRSNWYTF;CARVYSYGYRYFDYW_CQQSYSTLWTF;CARDGGYSYGYAQGYYGMDVW_CQSADSSGTHVVF;CASATTVSHW_CQQRSNWPLTF;CARDRSAERRGYFDYW_CNSRDSSGNHYVF;CARVKSGGSSSLRQDAFDIW_CQQRSNWPYTF;CAREDSSGWLEFPNWFDPW_CCSYAGSSTYVF;CARDCSSTSCLAYW_CQLRSNWPTF;CAREGEQWLDGAFDYW_CQSADSSGTYKVF;CARDGGGWYGLVDYW_CQQYNNWPLTF;CARGNDAFDIW_CQQYNSYSGTF;CARDGKPSKTFDYW_CQQSYSTPLTF;CARHEKGIAAAVYYFDYW_CQQRSNWPLTF;CAKDVTDGYNIPYYFDSW_CQQRSNWPLTF;CTSWAIPQALTDYYYYGMDVW_CQQRSNWPPSITF;CARDCGGPVTTTTNDAFDIW_CQQYYSYPRTF;CARDCDGGCDYW_CQSADSSGTYRVF;CAKDDDRGYGWFGELLGRYGMDVW_CQQRSNWLLTF;CARALSLGPRTYYYDSPQRGHDAFDIW_CQQSYSTSWTF;CARGETYYYDSSGYYWGYYFDYW_CQQYNSYPLTF;CTTPTWGNYYYYGMDVW_CQQRSTGRDTF;CARDQQWLGDFDYW_CSSYAGSNNLWVF;CARVFRRYGSGSYYNLW_CQQRSNWLTF;CARDPGDYVEIEWYFDLW_CQQRSNWPRLTF	22	1	CARHGINYYDSSGYSGNDAFDIW_CQQYDNLFTF	0	NA
17	67	CARDEGIAARTRGETHYYYYGMDVW_CQQYYSTPYTF;CARDRDGAFAIW_CAIWYSNTHVIF;CASRVHGLVTVTTGGAFDIW_CQQYYSYPPAF;CARGGDPTWFDPW_CCSYAGSSIVVF;CARAGAVARGYFDYW_CQQYYSFPPTF;CARGRGAAAGTSILNYW_CQQYYSTPLGF;CAREPPDLTMVRTKGVRWFDPW_CQQYYSNPLTF;CARGGRVWSQATPTKNWFDPW_CQQYNNWPPWTF;CARETVVTPQNAFDIW_CAAWDDSLNGYVF;CARKSGPPQYRYFDYW_CQQSYSTPLHF;CARDEMVRRDGYNFAFDIW_CQQYYSTPPLTF;CARGVGGCSSTSCYTRGYYGMDVW_CQQANSFLTF;CAKDGIVFYGSGSYNDYW_CQQYYETPTF;CARGVRVAPIDYW_CAAWDDSLWVF;CARGPVYYYGSGSYYYFDYW_CLQDYNYPFTF;CARVRGAFGEPPPYNWFDPW_CQSADSSGTYYVF;CARGTRGRSSGYYSNW_CQQYNNWPPYTF;CARGGLYSSSWSVHSTFQHW_CQQYGSSPRTF;CARDLGARDGYNKFDYW_CQQYYSTPALTF;CAHTPGSGQKGSIYW_CQQYYSTPWTF;CARGRSSGYYPHFDYW_CNSRDSSGNHYVF;CARLGPYGSGSYSPVDYW_CQQYYSNPQAF;CARGAAAGTLDAFDIW_CQQYYSTPLTF;CAADRIRGSSANYDYGMDVW_CQQYYSLRTF;CTRGGGALGNW_CQQYYSIPWTF;CARGGRYCSGGSCYNWFDPW_CLQDYNYPWTF;CARGPGIYGDYGGGRPGYFDYW_CQQYYSTPPITF;CARVDNVWTTWGYW_CQQSYSTPPTF;CARGPSRSYNVYYFDYW_CQQYYSTGTF;CARGRGARYDYGYGLVPNYFDYW_CQQHSSSPPTF;CARDRVHDYVWGSYRDLDYW_CQQSYSTLMYTF;CARGPMTTVATPRTQYFQFW_CQQYYSTPWTF;CSKDWAATGREIGYW_CQQYYRTPYTF;CARRYSYGYKRLSGWIWYFDLW_CAAWDDSLNGYVF;CARRDCSGGSTQSLPQRHLTCYYGMDVW_CQQYYSTLYTF;CANDRDASSAWYGPVGYW_CQQHYSTPGTF;CASSGWFDPW_CAAWDDSLSGRVF;CARDQYSSGWYLGGWGYFDYW_CQQYYSTLRTF;CARGVVGHPHLIDFW_CQQYYHMGTF;CARGMGSSSWYPNTKLVNWFDPW_CQQYYSTPPTF;CARGEYGDYAFDYW_CAAWDDSLNGYVF;CARGTIAVAGKRYYYFDYW_CQVWDSSSDHHVVF;CARQDCSGGSCYLDYW_CQVWDSSSDHPVF;CAKGYSSSWYYNYGMDVW_CQQYYSTPTF;CARALYYDILTGYYPRYYFDYW_CQQLNSYPITF;CARDRYFGPW_CQQYYSTPWTF;CARGSGYYVGSYFDYW_CNSRDSSGNHPPVVF;CARITMIGGAFDIW_CQQYYSTPSITF;CARDLPAVYYYGMDVW_CQQSYSTLFTF;CARGNTRLRGYSYGLQMARGGYGMDVW_CQQYGSSPGTF;CASSAPPYGHFDYW_CNSRDSSGNHVVF;CARSVTGTMGIYYYGMDVW_CQQYGSSRGTF;CVRGGSGTLSWYDSW_CQQYLSSPDTF;CTRDLLVNWNDPGLISYYNSFDVW_CQQYYNSPRTF;CARGRGYYGSGSYFSFSYYYGMDVW_CAAWDDSLNGQVF;CARDRRGYSYGYPWFDPW_CNSRDSSGNHRVF;CARGRVYGDYVFWFDPW_CQQSYSTPLTF;CARSDDNGDYVFNYW_CQQYYSTPPTF;CARAYGMDVW_CQKYNSAPYTF;CARELASHLGDYFDYW_CQQYYSTPPKTF;CARGTRGRSSGYYSNW_CQQYNNWPPYTF;CARKARQWEVAIDSW_CHQYYTTPLF;CASLERVRRFYYYYGMDVW_CLLYYGGARVF;CSVYDSSGYLYGAFDIW_CQQYYSTPLTF;CARYNWNLNFDYW_CAAWDDSLNANYVF;CSIHPYYYDSSSHSEYFQHW_CQQYDNLPPAF;CARGSPYCSGGSCYLNWFDPW_CQQYYSYPRTF	0	3	CAREVVLMVHRRGGLNMDVW_CQQYYSTPLTF;CARDPHYYDSSGYYYWYFDLW_CSSYAGSNNPYVF;NA_CQQANSFPLTF	0	NA
17	67	CARDEGIAARTRGETHYYYYGMDVW_CQQYYSTPYTF;CARDRDGAFAIW_CAIWYSNTHVIF;CASRVHGLVTVTTGGAFDIW_CQQYYSYPPAF;CARGGDPTWFDPW_CCSYAGSSIVVF;CARAGAVARGYFDYW_CQQYYSFPPTF;CARGRGAAAGTSILNYW_CQQYYSTPLGF;CAREPPDLTMVRTKGVRWFDPW_CQQYYSNPLTF;CARGGRVWSQATPTKNWFDPW_CQQYNNWPPWTF;CARETVVTPQNAFDIW_CAAWDDSLNGYVF;CARKSGPPQYRYFDYW_CQQSYSTPLHF;CARDEMVRRDGYNFAFDIW_CQQYYSTPPLTF;CARGVGGCSSTSCYTRGYYGMDVW_CQQANSFLTF;CAKDGIVFYGSGSYNDYW_CQQYYETPTF;CARGVRVAPIDYW_CAAWDDSLWVF;CARGPVYYYGSGSYYYFDYW_CLQDYNYPFTF;CARVRGAFGEPPPYNWFDPW_CQSADSSGTYYVF;CARGTRGRSSGYYSNW_CQQYNNWPPYTF;CARGGLYSSSWSVHSTFQHW_CQQYGSSPRTF;CARDLGARDGYNKFDYW_CQQYYSTPALTF;CAHTPGSGQKGSIYW_CQQYYSTPWTF;CARGRSSGYYPHFDYW_CNSRDSSGNHYVF;CARLGPYGSGSYSPVDYW_CQQYYSNPQAF;CARGAAAGTLDAFDIW_CQQYYSTPLTF;CAADRIRGSSANYDYGMDVW_CQQYYSLRTF;CTRGGGALGNW_CQQYYSIPWTF;CARGGRYCSGGSCYNWFDPW_CLQDYNYPWTF;CARGPGIYGDYGGGRPGYFDYW_CQQYYSTPPITF;CARVDNVWTTWGYW_CQQSYSTPPTF;CARGPSRSYNVYYFDYW_CQQYYSTGTF;CARGRGARYDYGYGLVPNYFDYW_CQQHSSSPPTF;CARDRVHDYVWGSYRDLDYW_CQQSYSTLMYTF;CARGPMTTVATPRTQYFQFW_CQQYYSTPWTF;CSKDWAATGREIGYW_CQQYYRTPYTF;CARRYSYGYKRLSGWIWYFDLW_CAAWDDSLNGYVF;CARRDCSGGSTQSLPQRHLTCYYGMDVW_CQQYYSTLYTF;CANDRDASSAWYGPVGYW_CQQHYSTPGTF;CASSGWFDPW_CAAWDDSLSGRVF;CARDQYSSGWYLGGWGYFDYW_CQQYYSTLRTF;CARGVVGHPHLIDFW_CQQYYHMGTF;CARGMGSSSWYPNTKLVNWFDPW_CQQYYSTPPTF;CARGEYGDYAFDYW_CAAWDDSLNGYVF;CARGTIAVAGKRYYYFDYW_CQVWDSSSDHHVVF;CARQDCSGGSCYLDYW_CQVWDSSSDHPVF;CAKGYSSSWYYNYGMDVW_CQQYYSTPTF;CARALYYDILTGYYPRYYFDYW_CQQLNSYPITF;CARDRYFGPW_CQQYYSTPWTF;CARGSGYYVGSYFDYW_CNSRDSSGNHPPVVF;CARITMIGGAFDIW_CQQYYSTPSITF;CARDLPAVYYYGMDVW_CQQSYSTLFTF;CARGNTRLRGYSYGLQMARGGYGMDVW_CQQYGSSPGTF;CASSAPPYGHFDYW_CNSRDSSGNHVVF;CARSVTGTMGIYYYGMDVW_CQQYGSSRGTF;CVRGGSGTLSWYDSW_CQQYLSSPDTF;CTRDLLVNWNDPGLISYYNSFDVW_CQQYYNSPRTF;CARGRGYYGSGSYFSFSYYYGMDVW_CAAWDDSLNGQVF;CARDRRGYSYGYPWFDPW_CNSRDSSGNHRVF;CARGRVYGDYVFWFDPW_CQQSYSTPLTF;CARSDDNGDYVFNYW_CQQYYSTPPTF;CARAYGMDVW_CQKYNSAPYTF;CARELASHLGDYFDYW_CQQYYSTPPKTF;CARGTRGRSSGYYSNW_CQQYNNWPPYTF;CARKARQWEVAIDSW_CHQYYTTPLF;CASLERVRRFYYYYGMDVW_CLLYYGGARVF;CSVYDSSGYLYGAFDIW_CQQYYSTPLTF;CARYNWNLNFDYW_CAAWDDSLNANYVF;CSIHPYYYDSSSHSEYFQHW_CQQYDNLPPAF;CARGSPYCSGGSCYLNWFDPW_CQQYYSYPRTF	2	1	CARGTPGWYW_CQQYGSSPTF	0	NA
17	67	CARDEGIAARTRGETHYYYYGMDVW_CQQYYSTPYTF;CARDRDGAFAIW_CAIWYSNTHVIF;CASRVHGLVTVTTGGAFDIW_CQQYYSYPPAF;CARGGDPTWFDPW_CCSYAGSSIVVF;CARAGAVARGYFDYW_CQQYYSFPPTF;CARGRGAAAGTSILNYW_CQQYYSTPLGF;CAREPPDLTMVRTKGVRWFDPW_CQQYYSNPLTF;CARGGRVWSQATPTKNWFDPW_CQQYNNWPPWTF;CARETVVTPQNAFDIW_CAAWDDSLNGYVF;CARKSGPPQYRYFDYW_CQQSYSTPLHF;CARDEMVRRDGYNFAFDIW_CQQYYSTPPLTF;CARGVGGCSSTSCYTRGYYGMDVW_CQQANSFLTF;CAKDGIVFYGSGSYNDYW_CQQYYETPTF;CARGVRVAPIDYW_CAAWDDSLWVF;CARGPVYYYGSGSYYYFDYW_CLQDYNYPFTF;CARVRGAFGEPPPYNWFDPW_CQSADSSGTYYVF;CARGTRGRSSGYYSNW_CQQYNNWPPYTF;CARGGLYSSSWSVHSTFQHW_CQQYGSSPRTF;CARDLGARDGYNKFDYW_CQQYYSTPALTF;CAHTPGSGQKGSIYW_CQQYYSTPWTF;CARGRSSGYYPHFDYW_CNSRDSSGNHYVF;CARLGPYGSGSYSPVDYW_CQQYYSNPQAF;CARGAAAGTLDAFDIW_CQQYYSTPLTF;CAADRIRGSSANYDYGMDVW_CQQYYSLRTF;CTRGGGALGNW_CQQYYSIPWTF;CARGGRYCSGGSCYNWFDPW_CLQDYNYPWTF;CARGPGIYGDYGGGRPGYFDYW_CQQYYSTPPITF;CARVDNVWTTWGYW_CQQSYSTPPTF;CARGPSRSYNVYYFDYW_CQQYYSTGTF;CARGRGARYDYGYGLVPNYFDYW_CQQHSSSPPTF;CARDRVHDYVWGSYRDLDYW_CQQSYSTLMYTF;CARGPMTTVATPRTQYFQFW_CQQYYSTPWTF;CSKDWAATGREIGYW_CQQYYRTPYTF;CARRYSYGYKRLSGWIWYFDLW_CAAWDDSLNGYVF;CARRDCSGGSTQSLPQRHLTCYYGMDVW_CQQYYSTLYTF;CANDRDASSAWYGPVGYW_CQQHYSTPGTF;CASSGWFDPW_CAAWDDSLSGRVF;CARDQYSSGWYLGGWGYFDYW_CQQYYSTLRTF;CARGVVGHPHLIDFW_CQQYYHMGTF;CARGMGSSSWYPNTKLVNWFDPW_CQQYYSTPPTF;CARGEYGDYAFDYW_CAAWDDSLNGYVF;CARGTIAVAGKRYYYFDYW_CQVWDSSSDHHVVF;CARQDCSGGSCYLDYW_CQVWDSSSDHPVF;CAKGYSSSWYYNYGMDVW_CQQYYSTPTF;CARALYYDILTGYYPRYYFDYW_CQQLNSYPITF;CARDRYFGPW_CQQYYSTPWTF;CARGSGYYVGSYFDYW_CNSRDSSGNHPPVVF;CARITMIGGAFDIW_CQQYYSTPSITF;CARDLPAVYYYGMDVW_CQQSYSTLFTF;CARGNTRLRGYSYGLQMARGGYGMDVW_CQQYGSSPGTF;CASSAPPYGHFDYW_CNSRDSSGNHVVF;CARSVTGTMGIYYYGMDVW_CQQYGSSRGTF;CVRGGSGTLSWYDSW_CQQYLSSPDTF;CTRDLLVNWNDPGLISYYNSFDVW_CQQYYNSPRTF;CARGRGYYGSGSYFSFSYYYGMDVW_CAAWDDSLNGQVF;CARDRRGYSYGYPWFDPW_CNSRDSSGNHRVF;CARGRVYGDYVFWFDPW_CQQSYSTPLTF;CARSDDNGDYVFNYW_CQQYYSTPPTF;CARAYGMDVW_CQKYNSAPYTF;CARELASHLGDYFDYW_CQQYYSTPPKTF;CARGTRGRSSGYYSNW_CQQYNNWPPYTF;CARKARQWEVAIDSW_CHQYYTTPLF;CASLERVRRFYYYYGMDVW_CLLYYGGARVF;CSVYDSSGYLYGAFDIW_CQQYYSTPLTF;CARYNWNLNFDYW_CAAWDDSLNANYVF;CSIHPYYYDSSSHSEYFQHW_CQQYDNLPPAF;CARGSPYCSGGSCYLNWFDPW_CQQYYSYPRTF	4	534	CARENYDFWSGYYHGADVW_CMIWHSSAWVF;CARRYYDSSGYSANFDYW_CQTWGTGIYVF;CAKAGDSSGYQKTYYFDYW_CQSADSSGTYGVF;CTTEALDYGANSRSPNFDYW_CQAWDSSNVVF;CAKDTEVGASRYYYYYGMDVW_CQQYGSSPPFTF;CASISMVRGEGGGYW_CQVWDSSSDHPVVF;CARADVVVVAALDYW_CQQYYSTPITF;CAKDFSGGEVVVVAATDYW_CQQYYSYPRTF;CARTGVTTVTTFPYW_CQQSYSTPGTF;CARDRWVVAAYYYGMDVW_CAIWYSSTWVF;CARDPMVRGVNYGMDVW_CMQALQTPRTF;CVGVGYNYRRDGAFDIW_CQQYGSSPQITF;CARETGYSSGWYEATGMDVW_CNSRDSSGNHLVF;CARSKGCSGGSCYHNWFDPW_CQQSYSTPYTF;CARDRYYYGSGRHRGSYYYYGMDVW_CAAWDDSLNGWVF;CAKPEAGQWLHVHHNHYGLDVW_CQSFDNSLSGSVF;CAAIAVYVYW_CQQYNSYPLTF;CAKANLAGVVAAIGIDYW_CAAWDDSLSGVVF;CARGIQLWWWFDPW_CQQSYSTPCTF;CASPQPGSGWSNYYYYGMDVW_CSSYTSSSTSYVF;CARDELDILTGYNIPTFGGCVYW_CQQYYSYPWTF;CVKEITAAKNRRKSLGYFFDFW_CQQYNDWPPLTF;CARDVCRGHYGDCLWGYW_CQQYYSYPITF;CARKGIAVRGGIDYW_CLLYYGGAWVF;CARDVSDGYNYEAWVDYW_CQQSYSTLWTF;CANGPPINYGDYEDAFDIW_CQQYNSYPLTF;NA_CQQSYRTPFTF;CARDRRGEHNFDYW_CQQRSNWPPGTF;CARDSEGEPSAGDAFDIW_CQQSYSTPWTF;CAKVLLDYYYGMDVW_CSSYTSSSTLVVF;CARGGWWELPYYYYYGMDVW_CMQALQTRNTF;CAKDPDYW_CQQRSNWPTF;CARVLDVW_CQQYNSYWTF;CAREKWELPPPPYYFDYW_CCSYAGSYTVVF;CAHRRYYYVAFDYW_CQQYYSTPLTF;CAHHGSARYSSSWHAAPGPYYFDYW_CQVWDSRAYVF;CARDFTEDGYNFDWRMLPDYW_CQQRSNWPPITF;CARGQIGGWSPYYYYGLDVW_CQQGYTNPFTF;CARGRNLGVVTKFNWFDPW_CAAWDDSLNGLVF;CARDGPYSGSYYGDAFDIW_CQQSYSTPRTF;CARDLGATDYW_CCSYAGSSTPYVF;NA_CQSADSSGTSWVF;CAKDGGLDYALYWYFDLW_CQQYNSLYTF;CAHKMGRGGGVDYW_CQQLSTDPITF;CTRDPHYGDHVPHNWFDPW_CQQSYRSPYTF;CARYDYDITVDHW_CMQGLQPFTF;CARAVDTAMVTNNWFDPW_CQQSYSTPFTF;CATEDTARDLYRAAFDIW_CQQYNGWTF;CARGYATALSRTDYW_CSSYTSSSTLVVF;CARGWSIVVVVAATFPNWFDPW_CQQRSNWPPTF;CARVAAVRSGRVNYYYYYGMDVW_CQSADSSGTYKVVF;CASIAVAGYFNYW_CQQYYSTPFTF;CAKVFSSSWGDYW_CQQSYSTPITF;CASFVDTAMAIPLDYWYFDLW_CQQYNNWPPWTF;CARGTVTTGRGYFDLW_CQQYGSSPQVTF;CAKDRASYYNFPIDPW_CQQYYSTPFTF;CAQTKLGIFGGMDVW_CQQSYSTPYTF;CARGPGYFDYW_CQQYDNLPRTF;CASHGVVVAATRGTPGSDYW_CQQSYSTLRTF;CASTVPSSLRAGAFDIW_CQQYYSTPRTF;CARDTMGPLYYGMDVW_CQVWDSSTVVF;CAKDLGELTDYW_CSSYTSSSTLVVVF;CAKSGPPLEWFFLGYYYGMDVW_CNSRDSSGNHVVF;CAKDATGYFDWLPYYYYYYGMDVW_CLLYYGGAQLWVF;CTTDSPHMITFGGVIVFDYW_CAAWDDSLNGGVF;CARDLRPVAGTADYLDYW_CQQYHYWPRTF;CARGVTIFGVVIMGGMDVW_CQQSYSTPYTF;CAKDLLSIYGSPSDYW_CQPYYGAPPYTF;CASAWYYYDSSGYYPFDYW_CQQYGSSPWTF;CVKDRSSRQLKAVGTYFDCW_CTSYTSSSTSYVF;CAREDLLWFGERWAKNSFDPW_CMQALQTPITF;CTRVVTMIVVAQGGFDYW_CAAWDDSLSAVVF;CARDKVVGARNWFDPW_CQQSYSTPSF;CARAVLRFLEWFSNWFDPW_CSSYTSSSTHVF;CARDRVVGATLYYYYYGMDVW_CQAWDSSSVVF;CARHEVPEMATIRGWFDPW_CQQYGSSLFTF;CARDRGSGTEPDFDYW_CMQATQFPLTF;CARVFGSVGATRSTDYW_CQQYITDPFTF;CARDELDILTGYNIPTFGGCVYW_CQQYYSYPWTF;CAHSDYYEGRGMDVW_CQQYYSTPYTF;NA_CQQYDELPVTF;CATTYYYDSSGYYQNDAFDIW_CQQYYSYPRTF;CAREIEGDGVFEIW_CMIWHSSAWVV;CARHIRGNRFGNDAFDIW_CQQYYSFPYTF;CARRLITMIEGGAFDIW_CQVWDSSSDHVVF;CAKVMIEHPSNRGHFDYW_CMQALQTPYTF;CTTDDEKRPYSGSYLPFDYW_CQSYDSSNVVF;CARGGRVSVAVYWDYYYYGMDVW_CQKYNSAPFTF;CAHSAQYYDILTGYYKAPWGGAFDIW_CQQYNSYSWTF;CARDDFGGATFYSSFDYW_CQQSYSTPYTF;CARAAKIFGVVTAFDIW_CQQYGSSPWTF;CVKDYSTSGWYYFDFW_CQQYGSSLPYTF;CARVVPAAFYGMDVW_CQQYGSSLFTF;CAGGSGYCTNGVCYPRGFDYYYGMDVW_CAAWDDSPPWVF;CAKDDTAMVTADFFDYW_CQTWGTGIWVF;CARTPRWLQCFDYW_CQQYNSYSWTF;CARDQWLAYYFDYW_CQSYDSSNHWVF;CARSGTTYYDILTGYYNYW_CQQYGSSRWTF;CAHRYYSNIDYW_CMQGTHWPWTF;CARDWGYYDSSGYSPRGYYYYYGMDVW_CQQLNSYSFTF;CAKDRVGYGDYVDYW_CQQYNNWPPWTF;CARLGSSPYYW_CQSYDSSLSGYVF;CTRYYGDVW_CQQYYSFPWTF;CAKDHYYDSSGYYSGLGYW_CQSADSSGTYRVVF;CATGLVVPAAILYGMDVW_CQQYGSSRGLTF;CAKDDGDAAAGLIYW_CAAWDDSLSGVVF;CAKDGGGEEALELPDYW_CGTWDSSLSAVVF;CATLRYPSLGVDYW_CHQYNNWPFTF;CARKDSSGSDAFDLW_CQQSYSTPYTF;CARDVVQLWYQIDYW_CQQSYSTPPNTF;CAKYVDTAMNQFDPW_CQQANSFPITF;CARGLHYYDSSGRSLYYFDYW_CQQYGSSPPGQTF;CANQPPSLYW_CQQYNNWPGTF;CARVGYDYVWGSYRYTGVMDVW_CSSYAGSSYVF;CARGRPYYYDSSGYPYDAFDIW_CMQALQTPLTF;CAKERVVTAIPVVIFDYW_CQQSYSTPRLTF;CARPYGDYAYFDYW_CQSYDSSLSGYVF;CARDWWERQDSKRPDYFDSW_CQQTNSFPITF;CARHSNDGSDYFDYW_CQESYGALLTYTF;CASTEIEMLVPRYCSSTSCYFVWFDPW_CGTWDSSLSAGHGVF;CASASSTGTDAFDIW_CQAWDSSTHVVF;CARDGSWYAAWFDPW_CQSYDSSLSGSVVF;CARDPSLGDPGWGYFDYW_CQQYNSYSTWTF;CVREMTGSFTGGLDPW_CMQGTHWPPTF;CAREVNTAMAYYYYYYGMDVW_CQQYGSSQWTF;CARERRGGGHYYDSSGYYLSDYW_CQQSYSTP;CARGGGYSSGWATREVVYW_CQSYDSSLGAVF;CAKVPTVTTFLGYYYGMDVW_CQQSYSTPWYTF;CARDLRPAANFDYW_CQVWDSSSDYVF;CARLSYSSSWYYFDYW_CQQSYSTLYTF;CARVPKVRYCSSTSCYKDYYYGMDVW_CQVWDSSSDSWVF;CATWHYYDSSGEDGMDVW_CQQYNNWPRTF;CARGRSSWHLDYW_CMQALQTPFTF;CARDPWELHGFDYW_CQQYGSSSFTF;CAREAYYYGMDVW_CNSRDSSGNHNYVF;CARDRSVVTMVRGVIPFYW_CCSYAGSYTVVF;CARHEKMNYYDILTGYSPPYYYYYGMDVW_CQSYDSSLSAYVVF;CAHYQGIAVTGTWFDPW_CQSYDSSNVVF;CARESSSWFPYW_CQQSYSTPFTF;CARERDYSPGRYYGMDVW_CGTWDSSLSAGVF;CARHPTPAAMVGYYYYGMDVW_CQQANSFPLTF;CARDGPMTAIGGYGMDVW_CQSYGSLGGSVF;CAKGRTTEGTDAFDMW_CQQVHSYPITF;CAKDRSSLLWFGELLYMPEEYGMDVW_CQQYNNWPLTF;CTNYGMDVW_CSSYAGSNNWVF;CARVDSFAPNSGYGAQLLNWFDPW_CQQYNNWPLTF;CAREDYDTASFGYW_CQQYDNLPYTF;CAKDFGRGSYHRAEYFQHW_CQQYNNWPPWTF;CARGGSLPLITMIVGFFW_CQQYGSSPEYTF;CTREAEMATISIDYW_CQVWDSSSDHVVF;CARDAPIWDTAIVYW_CQQYGSSLPWTF;CARLLVSAYNWFDPW_CQQSYSIPAF;CARIPMTTVTSYGMDVW_CQQYGSSSITF;CARDDEWEPYDYW_CCSYAGSSTYVF;CTTVLRYFDWLLSDYGMDVW_CLLSYSGARGVF;CAIGTGIVGTTFPREYW_CMQALQTSWTF;CAKDMELGWLIDYW_CMQALQTPLTF;CARERNIVVVPAAETFDYW_CQQYNNWPPLTF;CARIGFGEYDYGMDVW_CQSYDSSLSVVF;CARGNDYYGSGEFDYW_CSSYTSSSTLVF;CARGVGATDFDYW_CQSYDSSLSGVVF;CARDPSNWGSFGYW_CQAWDSSTYVF;CARVDGYNYSFDYW_CQQYNNWWTF;CAKEPYGGNSFVYYFDYW_CQQYGSSPGLTF;CAKAEWGGTENYIPYYFDFW_CQSYDNNNLIF;CARSHCSSTSCYPNYYYGMDVW_CQQSYSTPRTF;CARDFGERYCSGGSCYSFDPYYYYGMDVW_CLQHNSYPWTF;CAKEYPGPGQLDDAFDIW_CQSYDSSLSGKVF;CARVDTAMVTGLAISPPWDYGMDVW_CQQYNSYPWTF;CAKDIGDGSGSNSQKRDYYYGMDVW_CQQSYSTPRTF;CATDPYNSGWFASLKNQVLYYW_CQQSYSTPQTF;CAREHTGGWLQRYIDYW_CQSADSSGTYPRVVF;CARGYCDSTSCYAVGYFDLW_CQTWGTGIVVF;CARDPDPNWSKDWFDPW_CQQYNNWPPLTF;CAKGRYSFGLDNFDYW_CQQDGNSPTF;CASRAVQSSGWRQDYYYGMDVW_CQSYDSSLSGVF;CAREASEGPW_CQSYDSSNSWVF;CARLGGYSSRGNWFDPW_CQQSYSTPPYTF;CARDPHHTFGGVLVW_CQKYNSARTF;CAGYYYDSSGYLSSFDIW_CQSYDSSLSVVF;CARLPYRYSGSSNDAFDIW_CAAWDDSLSGPVF;CARAGYGDYVGDFDYW_CQSADSSGTYVVF;CARDYYGSRSDSGMDVW_CQQSYTTPYTL;CAKDGREAAAGTDYYYGMDVW_CQAWDSSTVVF;CARDSPGWGSSGFYYGMDVW_CQQYGSSPRYTF;CARVSGDTMIVVVHRDGMDVW_CQQYNSYSVTF;CAKNLATTGSHW_CLQDYNYPRTF;CAKDGGRGVVIIFYFDYW_CQQYGSSPITF;CARGIAVVTLWGPFDIW_CQQYNNWPRTF;CARDRWVPAAVPHYYYYGMDVW_CQQANSFPLTF;CAREGAAGPPPGHYYYYGMDVW_CMQALQTPFTF;CAKQGHFTDTKRIDYW_CQQYDSYPITF;CAVIPVTGQEASLSAEYFQHW_CQQSYSTPFTF;CARDSPSSGSYGLFDYW_CQTWGTGIRRVF;CASPGGGLLWFGELFRSYFDYW_CVLYMGSGFWVF;CAHRPVSDDILTGYRYNWFDPW_CQSYDSSLSGSVVF;CARGFIGYNFDSW_CQQSYRTPITF;CAREEGYCSGGSCEYNYYYGMDVW_CQQYGSSLITF;CARGRRVFLALSYW_CQQYGSSPHTF;CARGAGRIGQVDVW_CQQYNNWHTF;CARGYYDSSGQSLDYYYYGMDVW_CQQYYSYPFTF;CARTGKNGSGSYWFDPW_CQQYRTF;CARDGDTAMVINYFDYW_CQSADSSGTYWVF;CARTDIVATPDGGFDYW_CQTWGTGIHVVF;CAREGFYYYGSGSVSGGNWFDPW_CQVWDSSTVVF;CAKVPLGWGAAGGAYFDYW_CQQYGSSPATF;CARVGCSGDTCYSYDWFDPW_CGTWDSSLTAVVF;CARGGILTGKLSDYW_CQQYDNLPTF;CAHGLTGYYTYYFDYW_CQQYYSFPPTF;CARQVGANPFADYW_CAAWDDSLSGPVF;CARGKGEGRYYYDSSGYYYFDYW_CQQRSNWPPLTF;CSVYDAERGYFDYW_CCSYAGGDTSYYVF;CARNKQHIVGATLHTHYSNWFDPW_NA;CARLYGDYGDYW_CNSRDSSGNLFVVF;CARPYSSSWSPMDVW_CQSYDSSLSGHVVF;CARDKGYSSSWYIRSSWFDPW_CLLSYSGARLVF;CARAVCGDDCYLLDSW_CAAWDRSLGAVVF;CARTTTVVTGDAFDIW_CQSADSSGTYPVF;CAKGRGDYYYYGMDVW_CQQYDNLPITF;CTTGGALNYW_CQAWDSSTACVF;CARDLTTRDYSDAFDIW_CQQYGSSPRTF;CARAGLEINTPDSSGYYYGGGYFDYW_CQQYDNLPPRRFTF;CAKDHGYDFWSGYSDAFDIW_CQQSYSTPLYTF;CARESGYTNYYYYGMDVW_CQQYNSYPLTF;CARKYQLPYYYGMDVW_CQQSYNTPDTF;CARDSTYYYDSSGYPVSDAFDIW_CQQSYSTRRYTF;CAREVYSSSTNWFDPW_CQVWDSSTDVVF;CARANAEYSSSLLFDYW_CQSYDNSLSAYVF;CAHSPYDYVWGSYRQSWFDPW_CQAWDSSTVF;CTTIYYDILTGDYW_CMQALQTPITF;CARLDYDFWSGTPERMDVW_CQQYGSSPPWTF;CARVRKNWNYDLDDWYFDLW_CQVWDSSSDHYVF;CATRRVRGEGLAYW_CQQYNSYSRTF;CARNYDSSGYYVPPYFDYW_CQQYNNWPPYTF;CARDPANYFDYW_CQQSYSTLWTF;CAREESSSWYRYW_CQQYGSSPLTF;CARIVQGGSYLSGGIDYW_CMQSIQLLFTF;CARDRLIIRFLERPNWFDPW_CCSYAGSSTPVF;CAREYSNNWYFFDYW_CQQYAGSPLTF;CARVSGVGTSFAGFDPW_CQSADISATVF;CAREPTPRYSGSYRGFNYFDYW_CQQYYSFPLTF;CARAADYCTSASCPNEYFQHW_CQSYDSSLSVF;CARGRMTVHNDDSGFPEYLYYYGLDVW_CMQVMDNPRTL;CATSRVAVAGVDYW_CQSYDSSLSGVVF;CARDLGIAVAGRVEGYFDYW_CCSYAGSYTLVF;CARDVSNVLVIAVSPSWFDPW_CQQTYSIPYTF;CARDAPDRGSSWYSALFDYW_CQQYNNWPPTF;CARRDGGYCSSTSCSFDYW_CQQYNSYSPTF;CARAEIFGVVIQAFDYW_CQSYDSSLSGSVF;CVKKVIGFDDW_CQQSDTFGYTF;CAKGMDGSGSYYNKDGMDVW_CQAWDSSTGVF;CARVNGLLGEYYYGMDVW_CMQALQTPPNTF;CAKDWAVGWEFVDSW_CQQSHTVPLTF;CARDEGAAAYFDYW_CCSYAGSSTCWVF;CARAAGYCSSTSCYEIYYYYGMDVW_CQSYDSSLSVPF;CTRSYVLRFLEWFSPFDYW_CQQYGSSLWTF;CASSGSYQGNWFDPW_CQQSYSTPYTF;CARSPPRYDLSLVDAFDIW_CQQYNSYSTTF;CARETIAAAGSNFDYW_CQQSYSTPRTF;CARVSGYSYYFDYW_CQQLNSYLLTF;CATYIAAPRDYYYGMDVW_CMQALQTPYTF;CATGKTYSAPHAYYYFDYW_CQQANSFPRTF;CAKEVHSSGFDYW_CQSADSSGTYPWVF;CTTDHIVVVTAMIFGYYFDYW_CQQLNSPLTF;CAREGPTVTKFDYW_CQSYDSSLSGSVF;CEVKAAAGNFYW_CSSYAGSVVF;CAKDIEGGSGYYLTPGGFQHW_CCSYAGSSTFVVF;CARDAMAIGDYYYYGMDVW_CQQLNSYPSLTF;CARREGAGYDILTGSYYYYYGMDVW_CLLYYGGAQLGVF;CTTRLWRISQYYYDSSGYGHFDYW_CQSADSSGTYVF;CARTTLLAAAIDYW_CQQYYSFPYTF;CARAKAARPTPTYYYYYYGMDVW_CQAWDSSTGDVF;CARSGYDSSWVGYDFDYW_CQAWDSSTPVF;CAREGLEIDAFDIW_CQQSYSTPWTF;CAHTSAYYDSSGYYPPFDYW_CQQSYSTPLTF;CARATQDSSGWYGFWYFDYW_CQQYNNWPPTF;CARMLVVVAATGYYYYGMDVW_CQQYGSSQTF;CAREAYDSSAYSTIDYW_CQTWGTGIHVF;CARSAGSSGSFEYFQHW_CQQYGSSPLYTF;CARRLFLYSSSGYYFDSW_CQQASSFPPLSF;NA_CQQSYNTPRTF;CARGGGAVAGTIDFHYW_CCSYAGTDLWLF;CAKDRGYYDSSGYYYSDYGMDVW_CQSADSSGTYVF;CAKDGFGGASDHW_CQHYDRSPWTF;CARAIQMGCSDGSCLW_CQQYDNLPSYTF;CARKGRWLPDGDDAFDIW_CQQYYSYPLTF;CARAGLRSWFDPW_CMQSIQLPNTF;CARHSYGAYYYYGMDVW_CQQYGGSPLFTF;CAAGVMTARYDYW_CQQSYSTPLTF;CAHFMTTVTTGYFDPW_CIQVRQTPFTF;CAREGGGDILTTYYYYGMDVW_CQQYGSSTRALTF;CARGFGGGDYRSMDVW_CQQLITYPITF;CARTTYGGNSLNWFDPW_CQVWDSSSDHPVF;CAKRGGLMVRGVAVDYW_CQQYYSYPWTF;CARGYGSGNYYYYGMDVW_CMQALQTPWTF;CARSNYDILTGLDYW_CMQALQTPYTF;CAREDSGSYGYFDYW_CQQYNNWPQTF;CARRVLYYRFDPW_CNSRDSSGNHLF;CARGDYDYVWGSSPDAFDIW_CMQGTHWPLTF;CARDVRGYYYDSSGYSGEGYWW_CQQSYSTPYTF;CTRDRYSSSWYKGLYYYYGMDVW_CQQSYSTPYTF;CARVFFRVVYAMAYW_CQQYNNWPPMYTF;CASSLRYFDWTVNNWFDPW_CQQYGSSPQTF;CTRGYCSSTSCYTGWFDPW_CQAWDSSHVVF;CARDGRWELLGNQHW_CCSYAGSSTYVF;CARVYYDSSGYYYFDYW_CQQSYSTPWAF;CARGRVRWELLGDDAFDIW_CQQYDNLPLTF;CCTYVFVGIVPTIVDYW_CQQYNDWPPAGTF;CARDIQYYYDSSGYDAFDIW_CQQSYSTPWTF;CATSWGIAALYGMDVW_CNSRDSSGNPYVF;CAKDYPVAGDLDAFDIW_CCSYAGSSTWVF;CARANWDNWNDGLDYW_CGTWDSRLSSYVF;CARAGYCSSTSCSKEDVW_CQQSYSTPPRTF;CAREPLGGDYYYYYYGMDVW_CQQYGSSPTF;CARLSLRARFRGAFDIW_CCSYAGSYSVVF;CAHSLPSDIDYYYDSSGYSPSPPLFDYW_CQQYNNWPLTF;CASGYGGKTYYFDYW_CQQYGSSPGTF;CLGRELGHSW_CLQHNSYPWTF;CTAVLRYFDWLLMEAHENYYYYGMDVW_CQSADSSGGVF;CARDRSRWEFLYYFDYW_CQQYGSSGYTF;CARARYYDSNSYSYAW_CQTWGTGIWVF;CARLDYYDSSGYYDW_CQTWGTGIPVF;CARDYIAVAGPGENWFDPW_CQQSYSTRTF;CARDRGGYGVRWFDPW_CQQYDNLPPTF;CARRGNAIFGVVTHYYYYGMDVW_CMQALQTPLFTF;CSNYDILTGYYWFHYW_CQQYNNWPFTF;CASSFLDTSIVEYYFDYW_CATWDDSLSGLF;CARIVVVVTSRWFDPW_CQVWDSSSDHYVF;CARSLEWLDDYW_CQSYDSSLSGSVF;CARDAYGGYSFYYYGMDVW_CQQYGSSPFTF;CAGGSGSYYHLDPW_CQQANSFPYTF;CARPRLDYGDYGAGLGYW_CQKYNSAPFTF;CARDRGLRKKYFQHW_CQQYGSSPSTF;CARSLGPEFYYFDYW_CQQSYSTPWTF;CVSQLYYLDGRGYYYDYYYDYW_CLQHHDYPWTF;CTTVSPYGDYVGVYFDYW_CQQYYSYPPTF;CAKDFMEYYYYGMDVW_CSAWDSSLSAVVF;CARSPGSGSYTW_CQQYGSSPLTF;CARLPYAGGPYYYYGMDVW_CMQRIEFPFTF;CARGKPRSLELWSFYYYYGMDVW_CQQSYSTPPTF;CAMGGYDSSGVQLDYW_CAAWDDSLSGYVF;CAHRYCSSTSCYGLGDWFDPW_CQSADSSGTYLVF;CARHSEGLGPVDYW_CGTWDSSLSAWVF;CARAIFGVVSVMGFDYW_CMQALQTLTF;CAKSMKSFDYW_CQQSYSTPLTF;CTTEGGDGYNSFDYW_CQQYDNLPITF;CARDTTYGDYYYGMDVW_CQSADSSGNWVF;CARDGKGYSYGSGNYYGMDVW_CQQSYSTLYTF;CAHRTTTYYFDYW_CQQYNSYPYTF;CTTDLVWFGELANAFDIW_CLQHNSYLPEWTF;CTRGGTLGARSGYYDYYYGMDVW_CQQYNSYPLTF;CAKDEGRVVAVAGTGEHAFDIW_CQQYNSYSPTWTF;CAKDITIFGVVISHLDYW_CLQDYNYPLTF;CARTYYYDSSGYRNAFDIW_CQSADSSGTYPVVF;CAKCFYYDSSGYYYYYYGMDVW_CCSYAGSSTLVF;CARDLLSISGSPFDPW_CQQRSNWPPGGGGLTF;CARGGINGGAYFDYW_CQQYGSSPWTF;CARDRGPAGLDYW_CQQSYSTRYTF;CARRGYYYDSSGYYYDWFDPW_CNSRDSSGNRVVF;CAKGLNTAMVSYYFDYW_CVLYMGSGIWVF;CAKDIREGWSSGYYPVLDYW_CQVWDSSVVF;CAKDSPSGYYYYYYYGMDVW_CQQLNSYPITF;CARDRIAAADHNWFDPW_CAAWDDSLNGWVF;CARDIGGIAAAGSPPSAFDIW_CQQYNSYSTF;CAHSYYYGSGRGGWFDPW_CQSADSSGTYVF;CARDGSSSIFDYW_CNSRDSSGNHVVF;CAKPLRFGYSSSSCFDYW_CSSYAGSNNYVF;CAHTGFESLDYW_CQSYDNSLNGLGVF;CARDEDYYYDSSGSVDYW_CQQSYSTPWTF;CARQIAAAGPENWFDPW_CQSADSSGTYLVF;CARGLPVDVW_CGTWDSSLSAGHVVF;CARLIYYGSGRFGAFDIW_CQQYDNLPWTF;CARNEITIPLDVW_CQQYGSSPLVTF;CAKGGWFGELLFRLDYW_CQQYDNLLTF;CTTDHGDAYNYRW_CQQYGSSPRTF;CARDHRMNIAVAGTNWFDPW_CQKYNSAPLFTF;CARALREEQWLNNAFDIW_CQQYYSYPTF;CAHRPPYYDSSGYLSW_CQQYGSSLWTF;CARHYVDTAMVINQYYFDYW_CQSYDSSLSDVF;CARDNYDILTGHYGMDVW_CAAWDDSLSGLYVF;CAKDSSSSDWFDPW_CQQYYSYPLTF;CARDYVAVAGTLDYW_CQQYYSTPYTF;CTRDLAYSNYEPPNHNWFDPW_CLQHNSYPLTF;CARERYYYYGMDVW_CYSTDSSGNHGVF;CAKEGITGYYYYYGMDVW_CQQSYSTPHTF;CAKVALRYFDWLPPYFDYW_CQQYYSYPQNLTF;CARAHDSTGYQDFDYW_CQQAKSFPYTF;CARVGVYGSGSYLVGGDYW_CQQSYSTPWTF;CARGPYYGSGSGEFDPW_CQQYYSYPLTF;CARGSCYSSACYYYYGMDVW_CGTWDSSLSAVVF;CARDFDAAEGAFDIW_CQVWDSSSDPTFYVF;CARGAHSSGYYIDYW_CQQYYSFPFTF;NA_CHQYNNWSSWTF;CAREQDFGGNPFDCW_CMQVLHIPRAF;CARGTMVRGHYYYYGMDVW_CQQSYSTPLTF;CARGYSYGYLDWFDPW_CQSYDSSLSGVVF;CARAAPYSSSSLDYW_CQQSYSTLTWTF;CARRRITMNDYFDYW_CQSYDSSLSGVVF;CARGPDGGAFDIW_CQRGLTF;CARDLIARTALTYYYYGMDVW_CQSYDSSLSGGVF;CARYGVYGDYPGALFDYW_CAAWDDSLSGLWVF;CAKDRRGCSSTSCYTFDYW_CQQSYSTLSF;CARVSGYNSYYFDYW_CQQSYSTPRTF;CAAPSPRFTSSTGGGMELPLHVW_CCSYARGSSLVF;CAKDARWRPRVASIDALDIW_CQQYNNWPRTF;CARHIERYCSGGSCYEALDYW_CMQALHPITF;CASYLEMATRYYFDYW_CLQHNSFWTF;CARVTRVTQSNDFWTSYYTDCFDAW_CYSTDSSGNHKVF;CARLYSSSWTNYFDYW_CQQYYSYPLTF;CARGTVYSVPGGHYGDYVRDPKYYYYGMDVW_CQSADSSGTWVF;CARGAAGVRGPIGYW_CAAWDDSLSGWVF;CARVAVAGTTNWFDPW_CQQANSFPYTF;CARVLGGPGATTFDYW_CLQDYNYPWTF;CARTPVSTSYDSPGWYSSGWFFDYW_CQTWGTGIHVVF;CARTMVRGVTPADAFDIW_CQQYNSYSSTF;CAKSMGATILHAFDIW_CQQYNSYPLTF;CARANSGSYSFFFLRLDYFDYW_CQQYNNWPLTF;CARAAGTGGYYYGMDVW_CVLYMGSGISVF;CARAGQFGDSYYYYYYGMDVW_CLQDYNYPQTF;CAHFTKRPTDAFDIW_CNSRDSSGNHRVF;CARRLAYNGNWDYGDFDYW_CCSYSKTATF;CAAGFGLSGSYIHYYYYGMDVW_CQQYGSSPPLTF;CATDNWNFGADSGFGYW_CMQGTHWRTF;CARVLGSFSFGYDGFDIW_CQQLNAYPTF;CARDPGIAVAETVYYYYYYGMDVW_CMQALQTPPTF;CARTVGAGYKIGKGYFDYW_CQAWDSSTVVF;CARDQDLAALNYW_CGTWDSSLSAKVF;CTTENVLLWFGEPEYYYYYYGMDVW_CQSADSSGTYAVVF;CARSLFEGTVMAFRAEHMDVW_CQQYKTFFAVSF;NA_CQAWDSSTVVF;CARPPSHDSPMYHYW_CQSADSSGLWVF;CARDTMWWSYGMDVW_CCSYAGSGEVF;CARLRRYSSGYYYIAGDFDYW_CQSYDSSLSGVVF;CARDKGGTTVTTSNWFDPW_CQQYDNLPLTF;CARDGGGYYQKKGYFQHW_CGTWDSSLSAVVF;CARERPRGAAETW_CQAWDSSTWVF;CARDDIVVVPAAIDYW_CQSYDSSLSGPYVF;NA_CQQRSNWPPYTF;CARKFDCW_CQQYGTSLPVTF;CARGVLRFLEWLSNMDYYYYGMDVW_CMQALQTPRALTF;CAKDGSYYDSSGYSDYW_CQQYNNWPPWTF;CAKDKSYSVEYW_CMLFMGSGIWVF;CAKADVRSNWNDMHFDYW_CQAWDSSTVVF;CARATPRGYGGNSLNWFDPW_CQQYNSYPFTF;CAEGYQLPGLYYW_CNSRDSSGNHLF;CARHAGSGSYYFWFDPW_CQQYGSSPYTF;CAKDLQIGYCSSTSCRNAFDIW_CQQYGSSPPRVTF;CARGRGSYFDYW_CQQYGSSLWTF;CARTCSSTSCYTYGMDVW_CQQYNNWQYTF;CAHRGYSYGPLFDYW_CLLYYGGAQLVF;CARLPTLRYGSGSYYNGALDYYYGMDVW_CMQALQTPLTF;CARSIAAASPFDPW_CQQYDNLPPTF;CARGPPYGHLGYW_CQQYNNWPPITF;CAKDILGGGYFDYW_CQTWGTGMGVF;CAKDASYGYLFEYWYFDLW_CQQYNNWPPWTF;CARFGAKNYYDSW_CQQYNNWPGTF;CAREKWLRPQLDYW_CQQYGSSPKTF;CVKGPYYDGSGNSFGRKAFDIW_CQQYGSSPYTF;CARGASKGNQPALHYGMDVW_CQQSYSTPPAF;NA_CCSYAGSSTVVF;CATTLASPTHDYGDYEGGYMDVW_CQQYGSSPLTF;CALGIDAFDIW_CQQYNNWPKTF;NA_CQSYDDSLSGTVF;CARGFYYGSGSPLSGMDVW_CQQSYSTPRTF;CAKDPAASGSPWYFDYW_CQQYYSFPRTF;CAREVSRQSGSRPIKWFDPW_CQQSYSPPPLTF;CTPSLETYGDYALGYYW_CQSADSSGTYPYVF;CAKDFGGPLQFDYW_CQQYGSSPRTF;CAKDMLFSNNYW_CQTWGTGINWVF;CARDENHLYYGDLAYW_CQQSYSIPRAF;CARGSRLLLWFGELKVGPGFDPW_CQQYNSYWTF;CAMKGGRDGYNTRVYYYYGMDVW_CCSYAGSSTPYVF;CAKDIGPTNCSSTSCHAYYYYGMDVW_CQQYNSYSTF;CWRDRREAPIEMEVASTRG_CMQSTHWPYTF;CTRHTHCSGGSCYDAFDIW_CQQSYSTPRYTF;CAREPPHGSGTDYNWFDPW_CQSYDSSLSAYVF;CVKDLYDTGSYYYFDYW_CSSYTRSSTLVF;CSRHEGVGGNSDYW_CVLYMGSGISMF;CARNHDYGDYMFGGMDVW_CQSADSSGTYVF;CTTSGGDW_CMQSIQLPRTF;CARDRTSFGYSYGNIDYW_CQTWGTGILVF;CAKDELASYGGVGYYW_CQSADSSGTYFWVF;CAREPKHSGYCSSTSCYIGNWFDPW_CQSYDSSLSGNVVF;CARASWDSSSWGLGFDPW_CQAWDSSTGVF;CARTRVRGVISPFDYW_CQQANSFPPTF;CTREYYDFWSGDYW_CQQYDNLPLTF;CARDGGRGSGWSTPDYW_CNSRDSSGNHVVF;CARHYDFWSGDNPYWYYYYGMDVW_CQQYGSSPPWTF;CTTTTADIVVVPAAIQTVDYW_CQQYDNLPLTF;CAIMVRGVIGSYYYYGMDVW_CQQSYSTTWTF;CAKDNGYGGNSLQHW_CCSYAGSSTLVF;NA_CQQSYNTLWSF;CARARYRRDGYHNLYAFDIW_NA;CARGFSETGPGYKRFYYYFDLW_CQQYGSSPQTF;CARVKGDYYYYYGMDVW_CMQALQTPHTF;CARDPPLYSSGWFTGDYW_CQQYNSYPRTF;CAKDGGEHRGNDYW_CQVWDSSSDHYVF;CARGYDFWSGYLPHYGMDVW_CQVWDSSSDHPGVF;CARETKQYIDYRSPTVGRPYDYYYGMDVW_CLLFYGGAQLGVF;CAKGVWESTTEDAFDIW_CQQYNSYSPFTF;CAKDQGYCSSTSCYPYYYGMDVW_CQAWDSSTVVF;CARLGGYDSTFDYW_CSSYTSSSTYVF;CARGGDYYYGMDVW_CQQYNNWPLTF;CARVAAAGTYFDYW_CQQYGSSPETF;CARINQHGSGTYSPDYYYYGIDVW_CMQALQTPMYTF;CARKSIAAAGLPYYYYYGMDVW_CMQALQTRFTF;CAQGGYSYGYYDYW_CAAWDDSLNGVVF;CARQRGGTAVPVYYFDYW_CQQYGSSPLYTF;CARALYYDSSGYQPNRYYFDYW_CQSYDSSLSGYVVF;CTRALNSNHFDYW_CQQANSFPLTF;CARVTDPDAFDIW_CNSRDSSGNHYVF;CARSAWHPAATGGMDVW_CLQDYNYPYTF;CARVSLVVPQQFDYW_CQAWDSSTVVF;CAKVPGYSTGWYYFDYW_CQQCDSSPEWTF;CAKDSTCSSTSCYRGYYYYGMDVW_CQQYYSYPITF;CARDSKQQLADNWFDPW_CQAWDSSTLVVF;CARGRNGGNRFDWFDPW_CQSYDSSLSGSGVF;CARGKNWFDPW_CQQYGSSPLTF;CASGYSSGRPDYW_CQQYDNLPITF;CARLSDGDYTFDYW_CQQYNSYWTF;CARGGTAGYSYGYAYW_CQAWDSSTAVVF;CAKDIVVVPAAPITLYYYYGMDVW_CMQALQTSFTF;CARWRLYYDSRGYYYGMFDYW_CQQSYDTPLTF;CARSRRIVGATSFDWFDPW_CQQYNSYSRTF;CASEDSGYGGGFDYW_CQSYDSSLSEGVF;CAHGRDYDSSSLPFDYW_CQQYNSYPYTF;CARAGAYYYGSAIDYW_CQQYGSSPGLTF;CAKGSSHSGGWFDPW_CQQYNSYWTF;CARDLLRAYSSSSTSSIDYW_CQQYYSYPRTF;CAKDVSGYLDAFDIW_CGTWDSSLSAGWVF;CAREGSRYFDYW_CQVWDSSSDHYVF;CASHDSSGYYLLDYW_CQVWDSSSDHVVF;CARYCSSTSCYTTYYYYYYGMDVW_CQQYYSYPLTF;CARLWVFLTMVRGPDFDLW_CHQSSSLPLTF	0	NA
17	67	CARDEGIAARTRGETHYYYYGMDVW_CQQYYSTPYTF;CARDRDGAFAIW_CAIWYSNTHVIF;CASRVHGLVTVTTGGAFDIW_CQQYYSYPPAF;CARGGDPTWFDPW_CCSYAGSSIVVF;CARAGAVARGYFDYW_CQQYYSFPPTF;CARGRGAAAGTSILNYW_CQQYYSTPLGF;CAREPPDLTMVRTKGVRWFDPW_CQQYYSNPLTF;CARGGRVWSQATPTKNWFDPW_CQQYNNWPPWTF;CARETVVTPQNAFDIW_CAAWDDSLNGYVF;CARKSGPPQYRYFDYW_CQQSYSTPLHF;CARDEMVRRDGYNFAFDIW_CQQYYSTPPLTF;CARGVGGCSSTSCYTRGYYGMDVW_CQQANSFLTF;CAKDGIVFYGSGSYNDYW_CQQYYETPTF;CARGVRVAPIDYW_CAAWDDSLWVF;CARGPVYYYGSGSYYYFDYW_CLQDYNYPFTF;CARVRGAFGEPPPYNWFDPW_CQSADSSGTYYVF;CARGTRGRSSGYYSNW_CQQYNNWPPYTF;CARGGLYSSSWSVHSTFQHW_CQQYGSSPRTF;CARDLGARDGYNKFDYW_CQQYYSTPALTF;CAHTPGSGQKGSIYW_CQQYYSTPWTF;CARGRSSGYYPHFDYW_CNSRDSSGNHYVF;CARLGPYGSGSYSPVDYW_CQQYYSNPQAF;CARGAAAGTLDAFDIW_CQQYYSTPLTF;CAADRIRGSSANYDYGMDVW_CQQYYSLRTF;CTRGGGALGNW_CQQYYSIPWTF;CARGGRYCSGGSCYNWFDPW_CLQDYNYPWTF;CARGPGIYGDYGGGRPGYFDYW_CQQYYSTPPITF;CARVDNVWTTWGYW_CQQSYSTPPTF;CARGPSRSYNVYYFDYW_CQQYYSTGTF;CARGRGARYDYGYGLVPNYFDYW_CQQHSSSPPTF;CARDRVHDYVWGSYRDLDYW_CQQSYSTLMYTF;CARGPMTTVATPRTQYFQFW_CQQYYSTPWTF;CSKDWAATGREIGYW_CQQYYRTPYTF;CARRYSYGYKRLSGWIWYFDLW_CAAWDDSLNGYVF;CARRDCSGGSTQSLPQRHLTCYYGMDVW_CQQYYSTLYTF;CANDRDASSAWYGPVGYW_CQQHYSTPGTF;CASSGWFDPW_CAAWDDSLSGRVF;CARDQYSSGWYLGGWGYFDYW_CQQYYSTLRTF;CARGVVGHPHLIDFW_CQQYYHMGTF;CARGMGSSSWYPNTKLVNWFDPW_CQQYYSTPPTF;CARGEYGDYAFDYW_CAAWDDSLNGYVF;CARGTIAVAGKRYYYFDYW_CQVWDSSSDHHVVF;CARQDCSGGSCYLDYW_CQVWDSSSDHPVF;CAKGYSSSWYYNYGMDVW_CQQYYSTPTF;CARALYYDILTGYYPRYYFDYW_CQQLNSYPITF;CARDRYFGPW_CQQYYSTPWTF;CARGSGYYVGSYFDYW_CNSRDSSGNHPPVVF;CARITMIGGAFDIW_CQQYYSTPSITF;CARDLPAVYYYGMDVW_CQQSYSTLFTF;CARGNTRLRGYSYGLQMARGGYGMDVW_CQQYGSSPGTF;CASSAPPYGHFDYW_CNSRDSSGNHVVF;CARSVTGTMGIYYYGMDVW_CQQYGSSRGTF;CVRGGSGTLSWYDSW_CQQYLSSPDTF;CTRDLLVNWNDPGLISYYNSFDVW_CQQYYNSPRTF;CARGRGYYGSGSYFSFSYYYGMDVW_CAAWDDSLNGQVF;CARDRRGYSYGYPWFDPW_CNSRDSSGNHRVF;CARGRVYGDYVFWFDPW_CQQSYSTPLTF;CARSDDNGDYVFNYW_CQQYYSTPPTF;CARAYGMDVW_CQKYNSAPYTF;CARELASHLGDYFDYW_CQQYYSTPPKTF;CARGTRGRSSGYYSNW_CQQYNNWPPYTF;CARKARQWEVAIDSW_CHQYYTTPLF;CASLERVRRFYYYYGMDVW_CLLYYGGARVF;CSVYDSSGYLYGAFDIW_CQQYYSTPLTF;CARYNWNLNFDYW_CAAWDDSLNANYVF;CSIHPYYYDSSSHSEYFQHW_CQQYDNLPPAF;CARGSPYCSGGSCYLNWFDPW_CQQYYSYPRTF	9	1	CARTSRGLIAAAAAVDYW_NA	0	NA
17	67	CARDEGIAARTRGETHYYYYGMDVW_CQQYYSTPYTF;CARDRDGAFAIW_CAIWYSNTHVIF;CASRVHGLVTVTTGGAFDIW_CQQYYSYPPAF;CARGGDPTWFDPW_CCSYAGSSIVVF;CARAGAVARGYFDYW_CQQYYSFPPTF;CARGRGAAAGTSILNYW_CQQYYSTPLGF;CAREPPDLTMVRTKGVRWFDPW_CQQYYSNPLTF;CARGGRVWSQATPTKNWFDPW_CQQYNNWPPWTF;CARETVVTPQNAFDIW_CAAWDDSLNGYVF;CARKSGPPQYRYFDYW_CQQSYSTPLHF;CARDEMVRRDGYNFAFDIW_CQQYYSTPPLTF;CARGVGGCSSTSCYTRGYYGMDVW_CQQANSFLTF;CAKDGIVFYGSGSYNDYW_CQQYYETPTF;CARGVRVAPIDYW_CAAWDDSLWVF;CARGPVYYYGSGSYYYFDYW_CLQDYNYPFTF;CARVRGAFGEPPPYNWFDPW_CQSADSSGTYYVF;CARGTRGRSSGYYSNW_CQQYNNWPPYTF;CARGGLYSSSWSVHSTFQHW_CQQYGSSPRTF;CARDLGARDGYNKFDYW_CQQYYSTPALTF;CAHTPGSGQKGSIYW_CQQYYSTPWTF;CARGRSSGYYPHFDYW_CNSRDSSGNHYVF;CARLGPYGSGSYSPVDYW_CQQYYSNPQAF;CARGAAAGTLDAFDIW_CQQYYSTPLTF;CAADRIRGSSANYDYGMDVW_CQQYYSLRTF;CTRGGGALGNW_CQQYYSIPWTF;CARGGRYCSGGSCYNWFDPW_CLQDYNYPWTF;CARGPGIYGDYGGGRPGYFDYW_CQQYYSTPPITF;CARVDNVWTTWGYW_CQQSYSTPPTF;CARGPSRSYNVYYFDYW_CQQYYSTGTF;CARGRGARYDYGYGLVPNYFDYW_CQQHSSSPPTF;CARDRVHDYVWGSYRDLDYW_CQQSYSTLMYTF;CARGPMTTVATPRTQYFQFW_CQQYYSTPWTF;CSKDWAATGREIGYW_CQQYYRTPYTF;CARRYSYGYKRLSGWIWYFDLW_CAAWDDSLNGYVF;CARRDCSGGSTQSLPQRHLTCYYGMDVW_CQQYYSTLYTF;CANDRDASSAWYGPVGYW_CQQHYSTPGTF;CASSGWFDPW_CAAWDDSLSGRVF;CARDQYSSGWYLGGWGYFDYW_CQQYYSTLRTF;CARGVVGHPHLIDFW_CQQYYHMGTF;CARGMGSSSWYPNTKLVNWFDPW_CQQYYSTPPTF;CARGEYGDYAFDYW_CAAWDDSLNGYVF;CARGTIAVAGKRYYYFDYW_CQVWDSSSDHHVVF;CARQDCSGGSCYLDYW_CQVWDSSSDHPVF;CAKGYSSSWYYNYGMDVW_CQQYYSTPTF;CARALYYDILTGYYPRYYFDYW_CQQLNSYPITF;CARDRYFGPW_CQQYYSTPWTF;CARGSGYYVGSYFDYW_CNSRDSSGNHPPVVF;CARITMIGGAFDIW_CQQYYSTPSITF;CARDLPAVYYYGMDVW_CQQSYSTLFTF;CARGNTRLRGYSYGLQMARGGYGMDVW_CQQYGSSPGTF;CASSAPPYGHFDYW_CNSRDSSGNHVVF;CARSVTGTMGIYYYGMDVW_CQQYGSSRGTF;CVRGGSGTLSWYDSW_CQQYLSSPDTF;CTRDLLVNWNDPGLISYYNSFDVW_CQQYYNSPRTF;CARGRGYYGSGSYFSFSYYYGMDVW_CAAWDDSLNGQVF;CARDRRGYSYGYPWFDPW_CNSRDSSGNHRVF;CARGRVYGDYVFWFDPW_CQQSYSTPLTF;CARSDDNGDYVFNYW_CQQYYSTPPTF;CARAYGMDVW_CQKYNSAPYTF;CARELASHLGDYFDYW_CQQYYSTPPKTF;CARGTRGRSSGYYSNW_CQQYNNWPPYTF;CARKARQWEVAIDSW_CHQYYTTPLF;CASLERVRRFYYYYGMDVW_CLLYYGGARVF;CSVYDSSGYLYGAFDIW_CQQYYSTPLTF;CARYNWNLNFDYW_CAAWDDSLNANYVF;CSIHPYYYDSSSHSEYFQHW_CQQYDNLPPAF;CARGSPYCSGGSCYLNWFDPW_CQQYYSYPRTF	16	79	CARRRYYGGNSNKGWYFDLW_CQQRSNWRTF;CARDQEYSSGWDGPDYYYYYGMDVW_CQQSYSTPQTF;CARDDRFGGDTLGWFDPW_CQSYDSSLSGSGYVF;CAREGWGLGYCSSTSCYTGPFGYW_CQQYGSSPPYTF;CAKDPNYWRYFDWLTGYYFDYW_CQQRSNWPPWTF;CARDGGFGGSWLDPW_CQQRSHFRTF;CAKGEQFIAVNNWFDPW_CQQRSNWPITF;CARDRLDGYNSFYYGMDVW_CQSYDSSLSGSVF;CARDAGRDGNEYYFDYW_CQQYNSYLYTF;CARGSISSQRWFGPW_CQQYNYYYTF;CARDRGQWLVREEDYYYGMDVW_CQQYYSTPLTF;CARGGAVLRYFDWEPQGPLEDNWFDPW_CQQRSNTWTF;CARNMASGMDVW_CQQRSNWPLFLTF;CARIWAVAADHSFDYW_CQQYNNWPPWTF;CAHRPLDILTGYRVDYFDYW_CQQSYSTLGTF;CARDKGATFDYW_CQQSYSTPYTF;CARDRWSLHIVGASPRGPSFDYW_CQQANSFPVTF;CARAIWYYDILTGYYSYYGMDVW_CSSYAGSNNLEVF;CARARGDFWSGYTHWYFDLW_CQQRSNWPPWYTF;CAQTGILTGYPRVGNAFDIW_CQQRSNWLGFTF;CASGSSDRYSSGWYWGYFDYW_CQAWDSSTVVF;CARAEIYGSGSKYYYYGMDVW_CQSADSSGTYYVF;CARGPDRFSGSYDNWFDPW_CQHTRAF;CAKDYDSGSYYEGGAFDIW_CQQRSNWPLTF;CARDIVRDFDWPGVGYW_CAAWDDSLNGYVF;CARGWSGYSSSLHPYYFDYW_CCSYAGSSTTLVF;CAQIAAAGTMGFDYW_CQQRSNWPSLTF;CTTEVCSGYDCDLGDYW_CQQRSNWPTF;CARSVDTAMGNAHDW_CQQYGSSPPTF;CARDLYSGYSYGSAVYW_CQQRSNWPIF;CARDRPPYSNYVIYGMDVW_CQQRSNWPPLTF;CARESPFGGQSVAVGGTPDYW_CCSYAGSGTFVF;CARDHKQWRVSYVWFDPW_CQQRNTWPRPTF;CARGPGYCSGGSCYGMFDYW_CQSADSSGTYVVF;CARDISKGAAGTGDWFDPW_CQQRSNWPLTF;CARGTRRDGYNLIYW_CQQYDNPPLTF;CAKGTHYYGSGSMWGMDVW_CQQRSNWPPYTF;CAREGEITMIVANDAFDIW_CQQSYSTPPTF;CARAVPARPEYCGGDCYIYYYGMDVW_CQSADSSGTYWVF;CVLYYGSGSYYRFDYW_CQSYDSSLSAVF;CARDSSSPATRHFDYW_CMQATQFPYTF;CATSDWSW_CQQRINWPITF;CARGRGRYYDSSGEW_CQQYNSYPYTF;CARGPIVVVIAASPYYYYGMDVW_CQQRSNWPPGCTF;CARESRPTVTTRTTSGMDVW_CLQHNSYPRTF;CARARSSGWYHYW_CQQRSNWPPTF;CAKDSRYSLLIAVAGTEDYW_CQQRSNWPWTF;CARDIGYSSGWYWTPGVNYYYGMDVW_CQQYGSSPWTF;CARDRGVGARHFDYW_CQQYNNWPPWTF;CGRAAISVLRKMPPTFW_CQQYGSSPYTF;CARETYYYDSSGYYGPHAFDIW_CLLSYSGARVF;CARDSEIFGSSWYSYFDYW_CQQYNSYSYTF;CAKVEGIWFGELSDFYYYYGMDVW_CQQRSNWPLTF;CARTYVWGEVDYYYYGMDVW_CLQHNSYPWTF;CATDLNLAVAGEGGYW_CQQRSNWPLTF;CARDSYDFWSGYTPPNYYYYYGMDVW_CQQRSNWYTF;CARVYSYGYRYFDYW_CQQSYSTLWTF;CARDGGYSYGYAQGYYGMDVW_CQSADSSGTHVVF;CASATTVSHW_CQQRSNWPLTF;CARDRSAERRGYFDYW_CNSRDSSGNHYVF;CARVKSGGSSSLRQDAFDIW_CQQRSNWPYTF;CAREDSSGWLEFPNWFDPW_CCSYAGSSTYVF;CARDCSSTSCLAYW_CQLRSNWPTF;CAREGEQWLDGAFDYW_CQSADSSGTYKVF;CARDGGGWYGLVDYW_CQQYNNWPLTF;CARGNDAFDIW_CQQYNSYSGTF;CARDGKPSKTFDYW_CQQSYSTPLTF;CARHEKGIAAAVYYFDYW_CQQRSNWPLTF;CAKDVTDGYNIPYYFDSW_CQQRSNWPLTF;CTSWAIPQALTDYYYYGMDVW_CQQRSNWPPSITF;CARDCGGPVTTTTNDAFDIW_CQQYYSYPRTF;CARDCDGGCDYW_CQSADSSGTYRVF;CAKDDDRGYGWFGELLGRYGMDVW_CQQRSNWLLTF;CARALSLGPRTYYYDSPQRGHDAFDIW_CQQSYSTSWTF;CARGETYYYDSSGYYWGYYFDYW_CQQYNSYPLTF;CTTPTWGNYYYYGMDVW_CQQRSTGRDTF;CARDQQWLGDFDYW_CSSYAGSNNLWVF;CARVFRRYGSGSYYNLW_CQQRSNWLTF;CARDPGDYVEIEWYFDLW_CQQRSNWPRLTF	0	NA
17	67	CARDEGIAARTRGETHYYYYGMDVW_CQQYYSTPYTF;CARDRDGAFAIW_CAIWYSNTHVIF;CASRVHGLVTVTTGGAFDIW_CQQYYSYPPAF;CARGGDPTWFDPW_CCSYAGSSIVVF;CARAGAVARGYFDYW_CQQYYSFPPTF;CARGRGAAAGTSILNYW_CQQYYSTPLGF;CAREPPDLTMVRTKGVRWFDPW_CQQYYSNPLTF;CARGGRVWSQATPTKNWFDPW_CQQYNNWPPWTF;CARETVVTPQNAFDIW_CAAWDDSLNGYVF;CARKSGPPQYRYFDYW_CQQSYSTPLHF;CARDEMVRRDGYNFAFDIW_CQQYYSTPPLTF;CARGVGGCSSTSCYTRGYYGMDVW_CQQANSFLTF;CAKDGIVFYGSGSYNDYW_CQQYYETPTF;CARGVRVAPIDYW_CAAWDDSLWVF;CARGPVYYYGSGSYYYFDYW_CLQDYNYPFTF;CARVRGAFGEPPPYNWFDPW_CQSADSSGTYYVF;CARGTRGRSSGYYSNW_CQQYNNWPPYTF;CARGGLYSSSWSVHSTFQHW_CQQYGSSPRTF;CARDLGARDGYNKFDYW_CQQYYSTPALTF;CAHTPGSGQKGSIYW_CQQYYSTPWTF;CARGRSSGYYPHFDYW_CNSRDSSGNHYVF;CARLGPYGSGSYSPVDYW_CQQYYSNPQAF;CARGAAAGTLDAFDIW_CQQYYSTPLTF;CAADRIRGSSANYDYGMDVW_CQQYYSLRTF;CTRGGGALGNW_CQQYYSIPWTF;CARGGRYCSGGSCYNWFDPW_CLQDYNYPWTF;CARGPGIYGDYGGGRPGYFDYW_CQQYYSTPPITF;CARVDNVWTTWGYW_CQQSYSTPPTF;CARGPSRSYNVYYFDYW_CQQYYSTGTF;CARGRGARYDYGYGLVPNYFDYW_CQQHSSSPPTF;CARDRVHDYVWGSYRDLDYW_CQQSYSTLMYTF;CARGPMTTVATPRTQYFQFW_CQQYYSTPWTF;CSKDWAATGREIGYW_CQQYYRTPYTF;CARRYSYGYKRLSGWIWYFDLW_CAAWDDSLNGYVF;CARRDCSGGSTQSLPQRHLTCYYGMDVW_CQQYYSTLYTF;CANDRDASSAWYGPVGYW_CQQHYSTPGTF;CASSGWFDPW_CAAWDDSLSGRVF;CARDQYSSGWYLGGWGYFDYW_CQQYYSTLRTF;CARGVVGHPHLIDFW_CQQYYHMGTF;CARGMGSSSWYPNTKLVNWFDPW_CQQYYSTPPTF;CARGEYGDYAFDYW_CAAWDDSLNGYVF;CARGTIAVAGKRYYYFDYW_CQVWDSSSDHHVVF;CARQDCSGGSCYLDYW_CQVWDSSSDHPVF;CAKGYSSSWYYNYGMDVW_CQQYYSTPTF;CARALYYDILTGYYPRYYFDYW_CQQLNSYPITF;CARDRYFGPW_CQQYYSTPWTF;CARGSGYYVGSYFDYW_CNSRDSSGNHPPVVF;CARITMIGGAFDIW_CQQYYSTPSITF;CARDLPAVYYYGMDVW_CQQSYSTLFTF;CARGNTRLRGYSYGLQMARGGYGMDVW_CQQYGSSPGTF;CASSAPPYGHFDYW_CNSRDSSGNHVVF;CARSVTGTMGIYYYGMDVW_CQQYGSSRGTF;CVRGGSGTLSWYDSW_CQQYLSSPDTF;CTRDLLVNWNDPGLISYYNSFDVW_CQQYYNSPRTF;CARGRGYYGSGSYFSFSYYYGMDVW_CAAWDDSLNGQVF;CARDRRGYSYGYPWFDPW_CNSRDSSGNHRVF;CARGRVYGDYVFWFDPW_CQQSYSTPLTF;CARSDDNGDYVFNYW_CQQYYSTPPTF;CARAYGMDVW_CQKYNSAPYTF;CARELASHLGDYFDYW_CQQYYSTPPKTF;CARGTRGRSSGYYSNW_CQQYNNWPPYTF;CARKARQWEVAIDSW_CHQYYTTPLF;CASLERVRRFYYYYGMDVW_CLLYYGGARVF;CSVYDSSGYLYGAFDIW_CQQYYSTPLTF;CARYNWNLNFDYW_CAAWDDSLNANYVF;CSIHPYYYDSSSHSEYFQHW_CQQYDNLPPAF;CARGSPYCSGGSCYLNWFDPW_CQQYYSYPRTF	18	68	CARQVGVGKWYLEDW_CCSYASGDNLVF;CARLIKYSGSYEMVDYW_CAAWDDSLNGYYVF;CARGGFITMIGYGMDVW_CQQYDNLPFTF;CARDLRWCSGGSCYGNYYGMDVW_CAAWDDSLNGQVF;CARDGRDYYDSSGYYYDDAFDIW_CQSADSSGTVVF;CARDHPLMVRENLGFDPW_CAAWDDSLNGPVF;CARDLRNYYDFWSGSPNPKINWFDPW_CQKYNSAPLTF;CARDLPAARYGDYGGFDYW_CAAWDDSLNGVVF;CARDLFPIQYGSEPYGMDVW_CQQYGSSPRTF;CARDIGPLDVW_CQVWDSSSDHRVF;CARDQGDGDYGAFDIW_CQQSYSTSSWTF;CARILEIVDPSGSYQYYFDYW_CGTWDSSLSAVVF;CARDGHYSGSYYVGYW_CCSYAGSYTYWVF;CAREEYSSSWHPYYFDYW_CGTWDSSLSAYVF;CAKDFRGWFDPW_CATWDDSLNGWVF;CARDRSGGSWFDPW_CVLYMGSGVF;CARASTAAYYYYYYGMDVW_CAAWDDSLNGHVVF;CAHHLSFGGNWAFAHW_CAAWDDSLNGSYVF;CASNLGYCSSISCYGFDYW_CQQYGSSPLYTF;CAKELPYYDSSGGPEYW_CAAWDDSLNGWVF;CARGEDYYGSGSYYGMDVW_CQAWDSNTVIF;CARVLGITGTTRRFDYW_CQQYYSYPFTF;CARDREQLAPFDYW_CQSADSSGTYVF;CAKDLIDTMIVVVITPPFDYW_CAAWDDSLNWVF;CARGGHLWSEEVMNRFYYYLGMDVW_CGAWDGSLNGYVF;CARDGYSGYDRADYYYYYGMDVW_CQSYDSSLSGSRVF;CARDHIAVAATPAEYYYYGMDVW_CQAWDSSTVVF;CARARDRQGAYYYGSGSYVPYYYYGMDVW_CCSYAGSSPWVF;CARQNFDILTGYSIDYW_CAAWDDSLNGLYVF;CARDNSGSYVVEYYFDYW_CAAWDDSLNGWVF;CARQYVEWLREMDVW_CAAWDDRLNGWVF;CARNYYYDSSGSGFDYW_CQQANSFPPTF;CAHRHHCSSTSCSPWDDWFDPW_CAAWDDSLNGPVF;CARQNFDILTGYSIDYW_CAAWDDSLNGLYVF;CAKTQVDGKALWFEPW_CATWDSILSGWIF;CARELLWFGEGINWFDPW_CAAWDDSLNGVVF;CARHNTITLRYFDWTKLGYFDLW_CAAWDDSLNGVVF;CARDRYDYGDYPAEYFQHW_CAAWDDSLNGVVF;CAREQLGGFDYW_CAAWDDSLSVVVF;CAIIPLATPVTIIMDYW_CMQSIQLPPQPTF;CAREQQLVPYYYYGMDVW_CAAWDDSLNGWVF;CARDGAGHYGSGSYFGSW_CATWDDSLNGFVIF;CASRTNHYYDIQRHYW_CQQSYSTPGVTF;CARHIMVRGVPPNFDYW_CAAWDDSLNGPVF;CASTGGGSYPILNW_CQQYYSYPLTF;CARGGPYPINSGYYYEVDYW_CAAWDDSLNGRYVF;CARGPNDAFDVW_CQQYARSPPWTF;CAHHASFGGNWAFAHW_CAAWDDSLNGSYVF;CARDRGYGSGSYFSGFDYW_CQQYNNWPPRTF;CARERGMYSSGWYNWFDPW_CQQYYSYPYTF;CARGGDGYNYHPYW_CQKYNSAPTF;CAKDSIPIYDSSGTTFDYW_CAAWDDSLNGWVF;CARDQRSYADYW_CQQYYSYPQTF;CARDLQRGYSYGYW_CAAWDDSLNGVVF;CARDIHGNGALYYYYGMDVW_CAAWDDSLNGLYVF;CARDNIVVVPAAMFEASDYYYGMDVW_CMQALQTPYTF;CARDELRQLVLW_CQSYDSSNPWVF;CARSYGSGSYPRPSPLAWFDPW_CAAWDDSLNGPVF;CARDLIGFGASFDYW_CQQYNNWPPYTF;CARMMGTYYGDHPTIVGYFDYW_CQQYNNWPLTF;CARDGLDYDSNAIDYW_CQQYDNLPYTF;CARHGGDCGLDCYSNWFDPW_CQHWTF;CAREPADSSSLW_CQSYDSSNWVF;CARSGQWLEGWFDPW_CQQYNSYSPTF;CAREGREGGGFDYW_CAAWDDSLSGWVF;CARFVPGGYDGFDIW_CASWDKNLNAFVF;CARDPVPVILGYCSGGRCSPLDYW_CQNYNSAPRTF;CAKDWDDYDSESGVYNYYGMDVW_CSAWDDSLNGVVF	0	NA
17	67	CARDEGIAARTRGETHYYYYGMDVW_CQQYYSTPYTF;CARDRDGAFAIW_CAIWYSNTHVIF;CASRVHGLVTVTTGGAFDIW_CQQYYSYPPAF;CARGGDPTWFDPW_CCSYAGSSIVVF;CARAGAVARGYFDYW_CQQYYSFPPTF;CARGRGAAAGTSILNYW_CQQYYSTPLGF;CAREPPDLTMVRTKGVRWFDPW_CQQYYSNPLTF;CARGGRVWSQATPTKNWFDPW_CQQYNNWPPWTF;CARETVVTPQNAFDIW_CAAWDDSLNGYVF;CARKSGPPQYRYFDYW_CQQSYSTPLHF;CARDEMVRRDGYNFAFDIW_CQQYYSTPPLTF;CARGVGGCSSTSCYTRGYYGMDVW_CQQANSFLTF;CAKDGIVFYGSGSYNDYW_CQQYYETPTF;CARGVRVAPIDYW_CAAWDDSLWVF;CARGPVYYYGSGSYYYFDYW_CLQDYNYPFTF;CARVRGAFGEPPPYNWFDPW_CQSADSSGTYYVF;CARGTRGRSSGYYSNW_CQQYNNWPPYTF;CARGGLYSSSWSVHSTFQHW_CQQYGSSPRTF;CARDLGARDGYNKFDYW_CQQYYSTPALTF;CAHTPGSGQKGSIYW_CQQYYSTPWTF;CARGRSSGYYPHFDYW_CNSRDSSGNHYVF;CARLGPYGSGSYSPVDYW_CQQYYSNPQAF;CARGAAAGTLDAFDIW_CQQYYSTPLTF;CAADRIRGSSANYDYGMDVW_CQQYYSLRTF;CTRGGGALGNW_CQQYYSIPWTF;CARGGRYCSGGSCYNWFDPW_CLQDYNYPWTF;CARGPGIYGDYGGGRPGYFDYW_CQQYYSTPPITF;CARVDNVWTTWGYW_CQQSYSTPPTF;CARGPSRSYNVYYFDYW_CQQYYSTGTF;CARGRGARYDYGYGLVPNYFDYW_CQQHSSSPPTF;CARDRVHDYVWGSYRDLDYW_CQQSYSTLMYTF;CARGPMTTVATPRTQYFQFW_CQQYYSTPWTF;CSKDWAATGREIGYW_CQQYYRTPYTF;CARRYSYGYKRLSGWIWYFDLW_CAAWDDSLNGYVF;CARRDCSGGSTQSLPQRHLTCYYGMDVW_CQQYYSTLYTF;CANDRDASSAWYGPVGYW_CQQHYSTPGTF;CASSGWFDPW_CAAWDDSLSGRVF;CARDQYSSGWYLGGWGYFDYW_CQQYYSTLRTF;CARGVVGHPHLIDFW_CQQYYHMGTF;CARGMGSSSWYPNTKLVNWFDPW_CQQYYSTPPTF;CARGEYGDYAFDYW_CAAWDDSLNGYVF;CARGTIAVAGKRYYYFDYW_CQVWDSSSDHHVVF;CARQDCSGGSCYLDYW_CQVWDSSSDHPVF;CAKGYSSSWYYNYGMDVW_CQQYYSTPTF;CARALYYDILTGYYPRYYFDYW_CQQLNSYPITF;CARDRYFGPW_CQQYYSTPWTF;CARGSGYYVGSYFDYW_CNSRDSSGNHPPVVF;CARITMIGGAFDIW_CQQYYSTPSITF;CARDLPAVYYYGMDVW_CQQSYSTLFTF;CARGNTRLRGYSYGLQMARGGYGMDVW_CQQYGSSPGTF;CASSAPPYGHFDYW_CNSRDSSGNHVVF;CARSVTGTMGIYYYGMDVW_CQQYGSSRGTF;CVRGGSGTLSWYDSW_CQQYLSSPDTF;CTRDLLVNWNDPGLISYYNSFDVW_CQQYYNSPRTF;CARGRGYYGSGSYFSFSYYYGMDVW_CAAWDDSLNGQVF;CARDRRGYSYGYPWFDPW_CNSRDSSGNHRVF;CARGRVYGDYVFWFDPW_CQQSYSTPLTF;CARSDDNGDYVFNYW_CQQYYSTPPTF;CARAYGMDVW_CQKYNSAPYTF;CARELASHLGDYFDYW_CQQYYSTPPKTF;CARGTRGRSSGYYSNW_CQQYNNWPPYTF;CARKARQWEVAIDSW_CHQYYTTPLF;CASLERVRRFYYYYGMDVW_CLLYYGGARVF;CSVYDSSGYLYGAFDIW_CQQYYSTPLTF;CARYNWNLNFDYW_CAAWDDSLNANYVF;CSIHPYYYDSSSHSEYFQHW_CQQYDNLPPAF;CARGSPYCSGGSCYLNWFDPW_CQQYYSYPRTF	19	62	CAKDFHRLTLLRYCSGGSCYSAFDIW_CCSYAGSSTYVF;CAKRPDTTGRSWYFDYW_CQQYNNWLWTF;CAKFDIAAADTGKGEDYW_CMQGTHWPPLTF;CAKDSLFDRIILIATDIW_CAAWDDSLNGWVF;CAKYPSFSSRRWYFDLW_CQQYNNWPPPYTF;CAKLPSYSYGPFDYW_CQVWDSSSDHPVF;CAKDRQQLVIDAFDIW_CQQANSFSYTF;CAKVLGFGPHYDILTGYYPFDYW_CQQSYSTPLTF;CASVQWLVDYW_CQQSYSTPMYTF;CAKDQSPSAKNGDYVSFDYW_CMQALQKTF;CAKDLRFLEWLLPYYYGMDVW_CMQALQTPWTF;CAKDIRGNSWYGDSEGIW_CMQGTHWPYTF;CASGMVDFDYW_CMQGTHWPPTF;CAKGDSRYWYFDLW_CQQRSNWPLTF;CAKWGHSSWYDNWFDPW_CQSADSSGTYVVF;CAKMGASRWGPSYYFDCW_CQQYGSSPRTF;CAKDHPTNWFDPW_CQQYYSYPRTF;CAKAQNYYDSSGYYPFDYW_CQVWDSSSDHSVVF;CAKAPESSAYYGPDYW_CAAWDDSLSGHWVF;CAKGATSCAYW_CQQSYSTPRTF;CARGRLGGYSLPGFDYW_CNSRDSSGNHVVF;CAKASARYCSGGSCYGTAFDIW_CQQSYSTPVF;CAKFHDSSGYYYLYGFDYW_CQAWDSSTYVF;CAKGAAASRTDYW_CQQSYSTPPYTF;CAKDEWERGAFDIW_CQQYNSYSPWTF;CAKADLLYSGSYGAW_CQQSYSTPYTF;CAKDGIVVVTAIKFGHGMDVW_CQQANSFPYTF;CAKRLDYW_CMQATQFPYTF;CANISPPPRYYGSGSYYNFAFDIW_CQQLNSYPFTF;CAKEDYNSGSCLDYW_CQQLNSYPQVTF;CAKVRGIVGATPCYFDYW_CQVWDSSSDHPVF;CAKDRGYRGDYSNWFDPW_CQQYNSYPRTF;CAKPSIVATIWAFDYW_CQQYDNLPPITF;CAKGRYSSSWYEDWYFDLW_CQQRSNWPPLTF;CAKDAEGQGPVLLWLGGMDVW_CQQYNSYSYTF;CATGIAVAGTLGYYGMDVW_CQQYNNWPRFTF;CAKASVAVAGTGGMDVW_CQVWDSSSDHVVF;CAKFFVVLSFWSGYYDYW_CQQLNSYPQTF;CAKGRNFVVVTAICDYW_CQQYGSSPLTF;CAKSLKLFAIDYW_CQSADSSGTYWVF;CAKGGYCSGGSCPLDYYYGMDVW_CMQALQTPLTF;CAKDHDEGATTYFDYW_CQAWDSSTVVF;CAKDRGPAEKYYYDSSGTQLIGAFDIW_CQQYYSYPPGTF;CAKALHAAVVGPAAIPFDYW_CSSYVGSNNYVF;CAKDHLMITFGGVGQGVPWFDPW_CQKYNSAPRTF;CAKAEGVKYNWNYGDYW_CQQSGSSPPTF;CAKETLGAVDYW_CCSYAGSSRVF;CAKAAMVRGVIDWYFDLW_CQQYYSYPPFTF;CAKGGGADFDHW_CQQYSIWPLSF;CAKDRDGYNADDAFDIW_CQQSYSTPLTF;CAKSYGSGSYYRTSEYYFDYW_CQQYNNWPPGTF;CAKRDSSSWGWDRGAFDIW_CQQLNSYPGFTF;CAKGFDYYGSGSYSPFDYW_CQQYNNWPPEYTF;CAKDGRWELGTFDIW_CQQYDNLPQF;CAKDRRLGPWIPDYW_CQQYDNLPQAF;CAKDRCTITSCSYQNW_CMQALQIPPTF;CAKDRSFDYPDYW_CQQYYSFPYTF;CAKLGEEDGSGSPSYYYYGMDVW_CQQYNNWPPLTF;CAKILYSSGWWGGAFDIW_CQQYNSYPLTF;CAKDKASSWQDRYYYYGMDVW_CVLYMGSGIRVF;CAKVGVGATSHFDYW_CQQSYSTPRYTF;CAKDLPRSVVVTANSYYYGMDVW_CQQYNSYPVTF	0	NA
17	67	CARDEGIAARTRGETHYYYYGMDVW_CQQYYSTPYTF;CARDRDGAFAIW_CAIWYSNTHVIF;CASRVHGLVTVTTGGAFDIW_CQQYYSYPPAF;CARGGDPTWFDPW_CCSYAGSSIVVF;CARAGAVARGYFDYW_CQQYYSFPPTF;CARGRGAAAGTSILNYW_CQQYYSTPLGF;CAREPPDLTMVRTKGVRWFDPW_CQQYYSNPLTF;CARGGRVWSQATPTKNWFDPW_CQQYNNWPPWTF;CARETVVTPQNAFDIW_CAAWDDSLNGYVF;CARKSGPPQYRYFDYW_CQQSYSTPLHF;CARDEMVRRDGYNFAFDIW_CQQYYSTPPLTF;CARGVGGCSSTSCYTRGYYGMDVW_CQQANSFLTF;CAKDGIVFYGSGSYNDYW_CQQYYETPTF;CARGVRVAPIDYW_CAAWDDSLWVF;CARGPVYYYGSGSYYYFDYW_CLQDYNYPFTF;CARVRGAFGEPPPYNWFDPW_CQSADSSGTYYVF;CARGTRGRSSGYYSNW_CQQYNNWPPYTF;CARGGLYSSSWSVHSTFQHW_CQQYGSSPRTF;CARDLGARDGYNKFDYW_CQQYYSTPALTF;CAHTPGSGQKGSIYW_CQQYYSTPWTF;CARGRSSGYYPHFDYW_CNSRDSSGNHYVF;CARLGPYGSGSYSPVDYW_CQQYYSNPQAF;CARGAAAGTLDAFDIW_CQQYYSTPLTF;CAADRIRGSSANYDYGMDVW_CQQYYSLRTF;CTRGGGALGNW_CQQYYSIPWTF;CARGGRYCSGGSCYNWFDPW_CLQDYNYPWTF;CARGPGIYGDYGGGRPGYFDYW_CQQYYSTPPITF;CARVDNVWTTWGYW_CQQSYSTPPTF;CARGPSRSYNVYYFDYW_CQQYYSTGTF;CARGRGARYDYGYGLVPNYFDYW_CQQHSSSPPTF;CARDRVHDYVWGSYRDLDYW_CQQSYSTLMYTF;CARGPMTTVATPRTQYFQFW_CQQYYSTPWTF;CSKDWAATGREIGYW_CQQYYRTPYTF;CARRYSYGYKRLSGWIWYFDLW_CAAWDDSLNGYVF;CARRDCSGGSTQSLPQRHLTCYYGMDVW_CQQYYSTLYTF;CANDRDASSAWYGPVGYW_CQQHYSTPGTF;CASSGWFDPW_CAAWDDSLSGRVF;CARDQYSSGWYLGGWGYFDYW_CQQYYSTLRTF;CARGVVGHPHLIDFW_CQQYYHMGTF;CARGMGSSSWYPNTKLVNWFDPW_CQQYYSTPPTF;CARGEYGDYAFDYW_CAAWDDSLNGYVF;CARGTIAVAGKRYYYFDYW_CQVWDSSSDHHVVF;CARQDCSGGSCYLDYW_CQVWDSSSDHPVF;CAKGYSSSWYYNYGMDVW_CQQYYSTPTF;CARALYYDILTGYYPRYYFDYW_CQQLNSYPITF;CARDRYFGPW_CQQYYSTPWTF;CARGSGYYVGSYFDYW_CNSRDSSGNHPPVVF;CARITMIGGAFDIW_CQQYYSTPSITF;CARDLPAVYYYGMDVW_CQQSYSTLFTF;CARGNTRLRGYSYGLQMARGGYGMDVW_CQQYGSSPGTF;CASSAPPYGHFDYW_CNSRDSSGNHVVF;CARSVTGTMGIYYYGMDVW_CQQYGSSRGTF;CVRGGSGTLSWYDSW_CQQYLSSPDTF;CTRDLLVNWNDPGLISYYNSFDVW_CQQYYNSPRTF;CARGRGYYGSGSYFSFSYYYGMDVW_CAAWDDSLNGQVF;CARDRRGYSYGYPWFDPW_CNSRDSSGNHRVF;CARGRVYGDYVFWFDPW_CQQSYSTPLTF;CARSDDNGDYVFNYW_CQQYYSTPPTF;CARAYGMDVW_CQKYNSAPYTF;CARELASHLGDYFDYW_CQQYYSTPPKTF;CARGTRGRSSGYYSNW_CQQYNNWPPYTF;CARKARQWEVAIDSW_CHQYYTTPLF;CASLERVRRFYYYYGMDVW_CLLYYGGARVF;CSVYDSSGYLYGAFDIW_CQQYYSTPLTF;CARYNWNLNFDYW_CAAWDDSLNANYVF;CSIHPYYYDSSSHSEYFQHW_CQQYDNLPPAF;CARGSPYCSGGSCYLNWFDPW_CQQYYSYPRTF	20	56	CARETTPVVTASTYYYYYGMDVW_CSSYTSSSTWVF;CARDWVRGVNDMDVW_CSSYTSSSTRVF;CTRPQRKWELPYPDAFDIW_CSSYTSSSTLF;CARGGAAVTTYYYYFYGMDAW_CCSYSSTNTLYVF;CARDGSGYLEQYYFDYW_CAAWDDSLNGYVF;CARGQGRTTSDYW_CSSYTSSSTLVVF;CARDPITMVRGVIISGWYFDLW_CSSYTSSSTLDVVF;CAKGADPYYDFWSGYSELFPLGMDVW_CSSYTSSSTVVF;CAREFKSFWSGYGDYYYGMDVW_CSSYTSSSTRVF;CARVVDDYYDSSGRYYFDYW_CSSYTSSSTQVF;CARHPFRVFGGWRDYW_CSSYTSSSTLWVF;CTGPDRMAYYDSSGYWEGVLDYW_CSSYTSSSPLYVF;CTRCGSSWTSYTMYDW_CSSYTGSRLYVF;CAKASLYGSGSYPPKYW_CSSYTSSSTYVF;CARDRPALWFGELHGMDVW_CSSYTSSSTLVF;CAKDHWEYYWYFDLW_CSSYTSSSTLVF;CARQISILRLLVWFDPW_CSSYTSSRGVF;CARHSPPRLWFGAFNYYYGMDVW_CSSYTGSSTLVF;CARRIAVAATVTGAMDVW_CTSYTSSSTLVF;CARYYDILTGYYYDYFDYW_CSSYTSSSTSF;CAKDPRLGPYFDYW_CSSYTSSSTRVF;CATSLVVVPAAILRGGVGGHYYGMDVW_CGTWDSSLSAVVF;CARILSDYYDSIGAFDYW_CSSYTSSSTPVVF;CARDRVAIMRGIKPNGMDVW_CQQLNSYPQTF;CARELTGDRDYW_CNSYTRSSTYVF;CARVNTMVRGLSTTKYYYPMDVW_CSSYTLSILIF;CARGGLPLGYCSGGSCSRRYYGMDVW_CSSYTSSSTLVVF;CARVEYGDYSGWFDPW_CSSYTSSSTWVF;CARGINYCSGGSCYYYYYYGMDVW_CSSYTSSSTLEGVF;CAREGPSRPAANYW_CSSYTSSSTEVF;CVRDQGSGGNYFDPW_CSSYTSSSLYVF;CARDDYYYDSSGYYPRFDYW_CSSYTSSSTLGVF;CARGSRYSYGDPCFDYW_CSSYTSSSTPVVVF;CARYYQDRFDYW_CSSYTSSSTLEVF;CARGPYDILTGSIYYYGMDVW_CSSYTSSSTLIF;CARDLGWSEGNYYYYGMDVW_CSSYTSSSTYVF;CAYDSSGYSLDYW_CQQYGSSPF;CARDQGTAAKPLDYW_CSSYTSSSTRVF;CARGGYSGYESDYW_CSSYTSSSTRVF;CARSSVGRQWPKGMDVW_CSSYTSSSTLAF;CAKDIRGRMATIMSW_CSSYTSSSTLVVF;CARVELHYYYYYGMDVW_CSSYTSSSTLF;CARGMIVVVMRYGMDVW_CSSYTSSSPVVF;CAKGILRYFDWHLEGMDVW_CSSYRNISTVF;CAKDIVSYSNYVLSNW_CSSYTSSSTQHVVF;CARHGSYLGYFQHW_CSSYTSSSTVVF;CAKDKGPDYYYGMDVW_CSSYTSSSTLYVF;CARSMVRGKYRAEYFQHW_CSSYTSSSTLNVVF;CATLSGMDVW_CSSYTSSSTLVVF;CAREGRPPRKPKNNWFDPW_CSSYAGSNNLVF;CARGYSYGPFDYW_CSSYTSSSTLVVF;CASPITTVTTRGAFDIW_CSSYTSSSTFYVF;CAETSYCSGGSCPMSEYGPVFDPW_CSSYTSSSTPWVF;CAKDCGEPWYNWNDGIGYW_CSSYTSSSTWVF;CARDSRLGGVDPW_CSSYTSSSTRVF;CAKAPGGYNWDNYHYYYFAMDVW_CSSYTSSSTLYVF	0	NA
17	67	CARDEGIAARTRGETHYYYYGMDVW_CQQYYSTPYTF;CARDRDGAFAIW_CAIWYSNTHVIF;CASRVHGLVTVTTGGAFDIW_CQQYYSYPPAF;CARGGDPTWFDPW_CCSYAGSSIVVF;CARAGAVARGYFDYW_CQQYYSFPPTF;CARGRGAAAGTSILNYW_CQQYYSTPLGF;CAREPPDLTMVRTKGVRWFDPW_CQQYYSNPLTF;CARGGRVWSQATPTKNWFDPW_CQQYNNWPPWTF;CARETVVTPQNAFDIW_CAAWDDSLNGYVF;CARKSGPPQYRYFDYW_CQQSYSTPLHF;CARDEMVRRDGYNFAFDIW_CQQYYSTPPLTF;CARGVGGCSSTSCYTRGYYGMDVW_CQQANSFLTF;CAKDGIVFYGSGSYNDYW_CQQYYETPTF;CARGVRVAPIDYW_CAAWDDSLWVF;CARGPVYYYGSGSYYYFDYW_CLQDYNYPFTF;CARVRGAFGEPPPYNWFDPW_CQSADSSGTYYVF;CARGTRGRSSGYYSNW_CQQYNNWPPYTF;CARGGLYSSSWSVHSTFQHW_CQQYGSSPRTF;CARDLGARDGYNKFDYW_CQQYYSTPALTF;CAHTPGSGQKGSIYW_CQQYYSTPWTF;CARGRSSGYYPHFDYW_CNSRDSSGNHYVF;CARLGPYGSGSYSPVDYW_CQQYYSNPQAF;CARGAAAGTLDAFDIW_CQQYYSTPLTF;CAADRIRGSSANYDYGMDVW_CQQYYSLRTF;CTRGGGALGNW_CQQYYSIPWTF;CARGGRYCSGGSCYNWFDPW_CLQDYNYPWTF;CARGPGIYGDYGGGRPGYFDYW_CQQYYSTPPITF;CARVDNVWTTWGYW_CQQSYSTPPTF;CARGPSRSYNVYYFDYW_CQQYYSTGTF;CARGRGARYDYGYGLVPNYFDYW_CQQHSSSPPTF;CARDRVHDYVWGSYRDLDYW_CQQSYSTLMYTF;CARGPMTTVATPRTQYFQFW_CQQYYSTPWTF;CSKDWAATGREIGYW_CQQYYRTPYTF;CARRYSYGYKRLSGWIWYFDLW_CAAWDDSLNGYVF;CARRDCSGGSTQSLPQRHLTCYYGMDVW_CQQYYSTLYTF;CANDRDASSAWYGPVGYW_CQQHYSTPGTF;CASSGWFDPW_CAAWDDSLSGRVF;CARDQYSSGWYLGGWGYFDYW_CQQYYSTLRTF;CARGVVGHPHLIDFW_CQQYYHMGTF;CARGMGSSSWYPNTKLVNWFDPW_CQQYYSTPPTF;CARGEYGDYAFDYW_CAAWDDSLNGYVF;CARGTIAVAGKRYYYFDYW_CQVWDSSSDHHVVF;CARQDCSGGSCYLDYW_CQVWDSSSDHPVF;CAKGYSSSWYYNYGMDVW_CQQYYSTPTF;CARALYYDILTGYYPRYYFDYW_CQQLNSYPITF;CARDRYFGPW_CQQYYSTPWTF;CARGSGYYVGSYFDYW_CNSRDSSGNHPPVVF;CARITMIGGAFDIW_CQQYYSTPSITF;CARDLPAVYYYGMDVW_CQQSYSTLFTF;CARGNTRLRGYSYGLQMARGGYGMDVW_CQQYGSSPGTF;CASSAPPYGHFDYW_CNSRDSSGNHVVF;CARSVTGTMGIYYYGMDVW_CQQYGSSRGTF;CVRGGSGTLSWYDSW_CQQYLSSPDTF;CTRDLLVNWNDPGLISYYNSFDVW_CQQYYNSPRTF;CARGRGYYGSGSYFSFSYYYGMDVW_CAAWDDSLNGQVF;CARDRRGYSYGYPWFDPW_CNSRDSSGNHRVF;CARGRVYGDYVFWFDPW_CQQSYSTPLTF;CARSDDNGDYVFNYW_CQQYYSTPPTF;CARAYGMDVW_CQKYNSAPYTF;CARELASHLGDYFDYW_CQQYYSTPPKTF;CARGTRGRSSGYYSNW_CQQYNNWPPYTF;CARKARQWEVAIDSW_CHQYYTTPLF;CASLERVRRFYYYYGMDVW_CLLYYGGARVF;CSVYDSSGYLYGAFDIW_CQQYYSTPLTF;CARYNWNLNFDYW_CAAWDDSLNANYVF;CSIHPYYYDSSSHSEYFQHW_CQQYDNLPPAF;CARGSPYCSGGSCYLNWFDPW_CQQYYSYPRTF	22	1	CARHGINYYDSSGYSGNDAFDIW_CQQYDNLFTF	0	NA
18	68	CARQVGVGKWYLEDW_CCSYASGDNLVF;CARLIKYSGSYEMVDYW_CAAWDDSLNGYYVF;CARGGFITMIGYGMDVW_CQQYDNLPFTF;CARDLRWCSGGSCYGNYYGMDVW_CAAWDDSLNGQVF;CARDGRDYYDSSGYYYDDAFDIW_CQSADSSGTVVF;CARDHPLMVRENLGFDPW_CAAWDDSLNGPVF;CARDLRNYYDFWSGSPNPKINWFDPW_CQKYNSAPLTF;CARDLPAARYGDYGGFDYW_CAAWDDSLNGVVF;CARDLFPIQYGSEPYGMDVW_CQQYGSSPRTF;CARDIGPLDVW_CQVWDSSSDHRVF;CARDQGDGDYGAFDIW_CQQSYSTSSWTF;CARILEIVDPSGSYQYYFDYW_CGTWDSSLSAVVF;CARDGHYSGSYYVGYW_CCSYAGSYTYWVF;CAREEYSSSWHPYYFDYW_CGTWDSSLSAYVF;CAKDFRGWFDPW_CATWDDSLNGWVF;CARDRSGGSWFDPW_CVLYMGSGVF;CARASTAAYYYYYYGMDVW_CAAWDDSLNGHVVF;CAHHLSFGGNWAFAHW_CAAWDDSLNGSYVF;CASNLGYCSSISCYGFDYW_CQQYGSSPLYTF;CAKELPYYDSSGGPEYW_CAAWDDSLNGWVF;CARGEDYYGSGSYYGMDVW_CQAWDSNTVIF;CARVLGITGTTRRFDYW_CQQYYSYPFTF;CARDREQLAPFDYW_CQSADSSGTYVF;CAKDLIDTMIVVVITPPFDYW_CAAWDDSLNWVF;CARGGHLWSEEVMNRFYYYLGMDVW_CGAWDGSLNGYVF;CARDGYSGYDRADYYYYYGMDVW_CQSYDSSLSGSRVF;CARDHIAVAATPAEYYYYGMDVW_CQAWDSSTVVF;CARARDRQGAYYYGSGSYVPYYYYGMDVW_CCSYAGSSPWVF;CARQNFDILTGYSIDYW_CAAWDDSLNGLYVF;CARDNSGSYVVEYYFDYW_CAAWDDSLNGWVF;CARQYVEWLREMDVW_CAAWDDRLNGWVF;CARNYYYDSSGSGFDYW_CQQANSFPPTF;CAHRHHCSSTSCSPWDDWFDPW_CAAWDDSLNGPVF;CARQNFDILTGYSIDYW_CAAWDDSLNGLYVF;CAKTQVDGKALWFEPW_CATWDSILSGWIF;CARELLWFGEGINWFDPW_CAAWDDSLNGVVF;CARHNTITLRYFDWTKLGYFDLW_CAAWDDSLNGVVF;CARDRYDYGDYPAEYFQHW_CAAWDDSLNGVVF;CAREQLGGFDYW_CAAWDDSLSVVVF;CAIIPLATPVTIIMDYW_CMQSIQLPPQPTF;CAREQQLVPYYYYGMDVW_CAAWDDSLNGWVF;CARDGAGHYGSGSYFGSW_CATWDDSLNGFVIF;CASRTNHYYDIQRHYW_CQQSYSTPGVTF;CARHIMVRGVPPNFDYW_CAAWDDSLNGPVF;CASTGGGSYPILNW_CQQYYSYPLTF;CARGGPYPINSGYYYEVDYW_CAAWDDSLNGRYVF;CARGPNDAFDVW_CQQYARSPPWTF;CAHHASFGGNWAFAHW_CAAWDDSLNGSYVF;CARDRGYGSGSYFSGFDYW_CQQYNNWPPRTF;CARERGMYSSGWYNWFDPW_CQQYYSYPYTF;CARGGDGYNYHPYW_CQKYNSAPTF;CAKDSIPIYDSSGTTFDYW_CAAWDDSLNGWVF;CARDQRSYADYW_CQQYYSYPQTF;CARDLQRGYSYGYW_CAAWDDSLNGVVF;CARDIHGNGALYYYYGMDVW_CAAWDDSLNGLYVF;CARDNIVVVPAAMFEASDYYYGMDVW_CMQALQTPYTF;CARDELRQLVLW_CQSYDSSNPWVF;CARSYGSGSYPRPSPLAWFDPW_CAAWDDSLNGPVF;CARDLIGFGASFDYW_CQQYNNWPPYTF;CARMMGTYYGDHPTIVGYFDYW_CQQYNNWPLTF;CARDGLDYDSNAIDYW_CQQYDNLPYTF;CARHGGDCGLDCYSNWFDPW_CQHWTF;CAREPADSSSLW_CQSYDSSNWVF;CARSGQWLEGWFDPW_CQQYNSYSPTF;CAREGREGGGFDYW_CAAWDDSLSGWVF;CARFVPGGYDGFDIW_CASWDKNLNAFVF;CARDPVPVILGYCSGGRCSPLDYW_CQNYNSAPRTF;CAKDWDDYDSESGVYNYYGMDVW_CSAWDDSLNGVVF	0	3	CAREVVLMVHRRGGLNMDVW_CQQYYSTPLTF;CARDPHYYDSSGYYYWYFDLW_CSSYAGSNNPYVF;NA_CQQANSFPLTF	0	NA
18	68	CARQVGVGKWYLEDW_CCSYASGDNLVF;CARLIKYSGSYEMVDYW_CAAWDDSLNGYYVF;CARGGFITMIGYGMDVW_CQQYDNLPFTF;CARDLRWCSGGSCYGNYYGMDVW_CAAWDDSLNGQVF;CARDGRDYYDSSGYYYDDAFDIW_CQSADSSGTVVF;CARDHPLMVRENLGFDPW_CAAWDDSLNGPVF;CARDLRNYYDFWSGSPNPKINWFDPW_CQKYNSAPLTF;CARDLPAARYGDYGGFDYW_CAAWDDSLNGVVF;CARDLFPIQYGSEPYGMDVW_CQQYGSSPRTF;CARDIGPLDVW_CQVWDSSSDHRVF;CARDQGDGDYGAFDIW_CQQSYSTSSWTF;CARILEIVDPSGSYQYYFDYW_CGTWDSSLSAVVF;CARDGHYSGSYYVGYW_CCSYAGSYTYWVF;CAREEYSSSWHPYYFDYW_CGTWDSSLSAYVF;CAKDFRGWFDPW_CATWDDSLNGWVF;CARDRSGGSWFDPW_CVLYMGSGVF;CARASTAAYYYYYYGMDVW_CAAWDDSLNGHVVF;CAHHLSFGGNWAFAHW_CAAWDDSLNGSYVF;CASNLGYCSSISCYGFDYW_CQQYGSSPLYTF;CAKELPYYDSSGGPEYW_CAAWDDSLNGWVF;CARGEDYYGSGSYYGMDVW_CQAWDSNTVIF;CARVLGITGTTRRFDYW_CQQYYSYPFTF;CARDREQLAPFDYW_CQSADSSGTYVF;CAKDLIDTMIVVVITPPFDYW_CAAWDDSLNWVF;CARGGHLWSEEVMNRFYYYLGMDVW_CGAWDGSLNGYVF;CARDGYSGYDRADYYYYYGMDVW_CQSYDSSLSGSRVF;CARDHIAVAATPAEYYYYGMDVW_CQAWDSSTVVF;CARARDRQGAYYYGSGSYVPYYYYGMDVW_CCSYAGSSPWVF;CARQNFDILTGYSIDYW_CAAWDDSLNGLYVF;CARDNSGSYVVEYYFDYW_CAAWDDSLNGWVF;CARQYVEWLREMDVW_CAAWDDRLNGWVF;CARNYYYDSSGSGFDYW_CQQANSFPPTF;CAHRHHCSSTSCSPWDDWFDPW_CAAWDDSLNGPVF;CARQNFDILTGYSIDYW_CAAWDDSLNGLYVF;CAKTQVDGKALWFEPW_CATWDSILSGWIF;CARELLWFGEGINWFDPW_CAAWDDSLNGVVF;CARHNTITLRYFDWTKLGYFDLW_CAAWDDSLNGVVF;CARDRYDYGDYPAEYFQHW_CAAWDDSLNGVVF;CAREQLGGFDYW_CAAWDDSLSVVVF;CAIIPLATPVTIIMDYW_CMQSIQLPPQPTF;CAREQQLVPYYYYGMDVW_CAAWDDSLNGWVF;CARDGAGHYGSGSYFGSW_CATWDDSLNGFVIF;CASRTNHYYDIQRHYW_CQQSYSTPGVTF;CARHIMVRGVPPNFDYW_CAAWDDSLNGPVF;CASTGGGSYPILNW_CQQYYSYPLTF;CARGGPYPINSGYYYEVDYW_CAAWDDSLNGRYVF;CARGPNDAFDVW_CQQYARSPPWTF;CAHHASFGGNWAFAHW_CAAWDDSLNGSYVF;CARDRGYGSGSYFSGFDYW_CQQYNNWPPRTF;CARERGMYSSGWYNWFDPW_CQQYYSYPYTF;CARGGDGYNYHPYW_CQKYNSAPTF;CAKDSIPIYDSSGTTFDYW_CAAWDDSLNGWVF;CARDQRSYADYW_CQQYYSYPQTF;CARDLQRGYSYGYW_CAAWDDSLNGVVF;CARDIHGNGALYYYYGMDVW_CAAWDDSLNGLYVF;CARDNIVVVPAAMFEASDYYYGMDVW_CMQALQTPYTF;CARDELRQLVLW_CQSYDSSNPWVF;CARSYGSGSYPRPSPLAWFDPW_CAAWDDSLNGPVF;CARDLIGFGASFDYW_CQQYNNWPPYTF;CARMMGTYYGDHPTIVGYFDYW_CQQYNNWPLTF;CARDGLDYDSNAIDYW_CQQYDNLPYTF;CARHGGDCGLDCYSNWFDPW_CQHWTF;CAREPADSSSLW_CQSYDSSNWVF;CARSGQWLEGWFDPW_CQQYNSYSPTF;CAREGREGGGFDYW_CAAWDDSLSGWVF;CARFVPGGYDGFDIW_CASWDKNLNAFVF;CARDPVPVILGYCSGGRCSPLDYW_CQNYNSAPRTF;CAKDWDDYDSESGVYNYYGMDVW_CSAWDDSLNGVVF	2	1	CARGTPGWYW_CQQYGSSPTF	0	NA
18	68	CARQVGVGKWYLEDW_CCSYASGDNLVF;CARLIKYSGSYEMVDYW_CAAWDDSLNGYYVF;CARGGFITMIGYGMDVW_CQQYDNLPFTF;CARDLRWCSGGSCYGNYYGMDVW_CAAWDDSLNGQVF;CARDGRDYYDSSGYYYDDAFDIW_CQSADSSGTVVF;CARDHPLMVRENLGFDPW_CAAWDDSLNGPVF;CARDLRNYYDFWSGSPNPKINWFDPW_CQKYNSAPLTF;CARDLPAARYGDYGGFDYW_CAAWDDSLNGVVF;CARDLFPIQYGSEPYGMDVW_CQQYGSSPRTF;CARDIGPLDVW_CQVWDSSSDHRVF;CARDQGDGDYGAFDIW_CQQSYSTSSWTF;CARILEIVDPSGSYQYYFDYW_CGTWDSSLSAVVF;CARDGHYSGSYYVGYW_CCSYAGSYTYWVF;CAREEYSSSWHPYYFDYW_CGTWDSSLSAYVF;CAKDFRGWFDPW_CATWDDSLNGWVF;CARDRSGGSWFDPW_CVLYMGSGVF;CARASTAAYYYYYYGMDVW_CAAWDDSLNGHVVF;CAHHLSFGGNWAFAHW_CAAWDDSLNGSYVF;CASNLGYCSSISCYGFDYW_CQQYGSSPLYTF;CAKELPYYDSSGGPEYW_CAAWDDSLNGWVF;CARGEDYYGSGSYYGMDVW_CQAWDSNTVIF;CARVLGITGTTRRFDYW_CQQYYSYPFTF;CARDREQLAPFDYW_CQSADSSGTYVF;CAKDLIDTMIVVVITPPFDYW_CAAWDDSLNWVF;CARGGHLWSEEVMNRFYYYLGMDVW_CGAWDGSLNGYVF;CARDGYSGYDRADYYYYYGMDVW_CQSYDSSLSGSRVF;CARDHIAVAATPAEYYYYGMDVW_CQAWDSSTVVF;CARARDRQGAYYYGSGSYVPYYYYGMDVW_CCSYAGSSPWVF;CARQNFDILTGYSIDYW_CAAWDDSLNGLYVF;CARDNSGSYVVEYYFDYW_CAAWDDSLNGWVF;CARQYVEWLREMDVW_CAAWDDRLNGWVF;CARNYYYDSSGSGFDYW_CQQANSFPPTF;CAHRHHCSSTSCSPWDDWFDPW_CAAWDDSLNGPVF;CARQNFDILTGYSIDYW_CAAWDDSLNGLYVF;CAKTQVDGKALWFEPW_CATWDSILSGWIF;CARELLWFGEGINWFDPW_CAAWDDSLNGVVF;CARHNTITLRYFDWTKLGYFDLW_CAAWDDSLNGVVF;CARDRYDYGDYPAEYFQHW_CAAWDDSLNGVVF;CAREQLGGFDYW_CAAWDDSLSVVVF;CAIIPLATPVTIIMDYW_CMQSIQLPPQPTF;CAREQQLVPYYYYGMDVW_CAAWDDSLNGWVF;CARDGAGHYGSGSYFGSW_CATWDDSLNGFVIF;CASRTNHYYDIQRHYW_CQQSYSTPGVTF;CARHIMVRGVPPNFDYW_CAAWDDSLNGPVF;CASTGGGSYPILNW_CQQYYSYPLTF;CARGGPYPINSGYYYEVDYW_CAAWDDSLNGRYVF;CARGPNDAFDVW_CQQYARSPPWTF;CAHHASFGGNWAFAHW_CAAWDDSLNGSYVF;CARDRGYGSGSYFSGFDYW_CQQYNNWPPRTF;CARERGMYSSGWYNWFDPW_CQQYYSYPYTF;CARGGDGYNYHPYW_CQKYNSAPTF;CAKDSIPIYDSSGTTFDYW_CAAWDDSLNGWVF;CARDQRSYADYW_CQQYYSYPQTF;CARDLQRGYSYGYW_CAAWDDSLNGVVF;CARDIHGNGALYYYYGMDVW_CAAWDDSLNGLYVF;CARDNIVVVPAAMFEASDYYYGMDVW_CMQALQTPYTF;CARDELRQLVLW_CQSYDSSNPWVF;CARSYGSGSYPRPSPLAWFDPW_CAAWDDSLNGPVF;CARDLIGFGASFDYW_CQQYNNWPPYTF;CARMMGTYYGDHPTIVGYFDYW_CQQYNNWPLTF;CARDGLDYDSNAIDYW_CQQYDNLPYTF;CARHGGDCGLDCYSNWFDPW_CQHWTF;CAREPADSSSLW_CQSYDSSNWVF;CARSGQWLEGWFDPW_CQQYNSYSPTF;CAREGREGGGFDYW_CAAWDDSLSGWVF;CARFVPGGYDGFDIW_CASWDKNLNAFVF;CARDPVPVILGYCSGGRCSPLDYW_CQNYNSAPRTF;CAKDWDDYDSESGVYNYYGMDVW_CSAWDDSLNGVVF	4	534	CARENYDFWSGYYHGADVW_CMIWHSSAWVF;CARRYYDSSGYSANFDYW_CQTWGTGIYVF;CAKAGDSSGYQKTYYFDYW_CQSADSSGTYGVF;CTTEALDYGANSRSPNFDYW_CQAWDSSNVVF;CAKDTEVGASRYYYYYGMDVW_CQQYGSSPPFTF;CASISMVRGEGGGYW_CQVWDSSSDHPVVF;CARADVVVVAALDYW_CQQYYSTPITF;CAKDFSGGEVVVVAATDYW_CQQYYSYPRTF;CARTGVTTVTTFPYW_CQQSYSTPGTF;CARDRWVVAAYYYGMDVW_CAIWYSSTWVF;CARDPMVRGVNYGMDVW_CMQALQTPRTF;CVGVGYNYRRDGAFDIW_CQQYGSSPQITF;CARETGYSSGWYEATGMDVW_CNSRDSSGNHLVF;CARSKGCSGGSCYHNWFDPW_CQQSYSTPYTF;CARDRYYYGSGRHRGSYYYYGMDVW_CAAWDDSLNGWVF;CAKPEAGQWLHVHHNHYGLDVW_CQSFDNSLSGSVF;CAAIAVYVYW_CQQYNSYPLTF;CAKANLAGVVAAIGIDYW_CAAWDDSLSGVVF;CARGIQLWWWFDPW_CQQSYSTPCTF;CASPQPGSGWSNYYYYGMDVW_CSSYTSSSTSYVF;CARDELDILTGYNIPTFGGCVYW_CQQYYSYPWTF;CVKEITAAKNRRKSLGYFFDFW_CQQYNDWPPLTF;CARDVCRGHYGDCLWGYW_CQQYYSYPITF;CARKGIAVRGGIDYW_CLLYYGGAWVF;CARDVSDGYNYEAWVDYW_CQQSYSTLWTF;CANGPPINYGDYEDAFDIW_CQQYNSYPLTF;NA_CQQSYRTPFTF;CARDRRGEHNFDYW_CQQRSNWPPGTF;CARDSEGEPSAGDAFDIW_CQQSYSTPWTF;CAKVLLDYYYGMDVW_CSSYTSSSTLVVF;CARGGWWELPYYYYYGMDVW_CMQALQTRNTF;CAKDPDYW_CQQRSNWPTF;CARVLDVW_CQQYNSYWTF;CAREKWELPPPPYYFDYW_CCSYAGSYTVVF;CAHRRYYYVAFDYW_CQQYYSTPLTF;CAHHGSARYSSSWHAAPGPYYFDYW_CQVWDSRAYVF;CARDFTEDGYNFDWRMLPDYW_CQQRSNWPPITF;CARGQIGGWSPYYYYGLDVW_CQQGYTNPFTF;CARGRNLGVVTKFNWFDPW_CAAWDDSLNGLVF;CARDGPYSGSYYGDAFDIW_CQQSYSTPRTF;CARDLGATDYW_CCSYAGSSTPYVF;NA_CQSADSSGTSWVF;CAKDGGLDYALYWYFDLW_CQQYNSLYTF;CAHKMGRGGGVDYW_CQQLSTDPITF;CTRDPHYGDHVPHNWFDPW_CQQSYRSPYTF;CARYDYDITVDHW_CMQGLQPFTF;CARAVDTAMVTNNWFDPW_CQQSYSTPFTF;CATEDTARDLYRAAFDIW_CQQYNGWTF;CARGYATALSRTDYW_CSSYTSSSTLVVF;CARGWSIVVVVAATFPNWFDPW_CQQRSNWPPTF;CARVAAVRSGRVNYYYYYGMDVW_CQSADSSGTYKVVF;CASIAVAGYFNYW_CQQYYSTPFTF;CAKVFSSSWGDYW_CQQSYSTPITF;CASFVDTAMAIPLDYWYFDLW_CQQYNNWPPWTF;CARGTVTTGRGYFDLW_CQQYGSSPQVTF;CAKDRASYYNFPIDPW_CQQYYSTPFTF;CAQTKLGIFGGMDVW_CQQSYSTPYTF;CARGPGYFDYW_CQQYDNLPRTF;CASHGVVVAATRGTPGSDYW_CQQSYSTLRTF;CASTVPSSLRAGAFDIW_CQQYYSTPRTF;CARDTMGPLYYGMDVW_CQVWDSSTVVF;CAKDLGELTDYW_CSSYTSSSTLVVVF;CAKSGPPLEWFFLGYYYGMDVW_CNSRDSSGNHVVF;CAKDATGYFDWLPYYYYYYGMDVW_CLLYYGGAQLWVF;CTTDSPHMITFGGVIVFDYW_CAAWDDSLNGGVF;CARDLRPVAGTADYLDYW_CQQYHYWPRTF;CARGVTIFGVVIMGGMDVW_CQQSYSTPYTF;CAKDLLSIYGSPSDYW_CQPYYGAPPYTF;CASAWYYYDSSGYYPFDYW_CQQYGSSPWTF;CVKDRSSRQLKAVGTYFDCW_CTSYTSSSTSYVF;CAREDLLWFGERWAKNSFDPW_CMQALQTPITF;CTRVVTMIVVAQGGFDYW_CAAWDDSLSAVVF;CARDKVVGARNWFDPW_CQQSYSTPSF;CARAVLRFLEWFSNWFDPW_CSSYTSSSTHVF;CARDRVVGATLYYYYYGMDVW_CQAWDSSSVVF;CARHEVPEMATIRGWFDPW_CQQYGSSLFTF;CARDRGSGTEPDFDYW_CMQATQFPLTF;CARVFGSVGATRSTDYW_CQQYITDPFTF;CARDELDILTGYNIPTFGGCVYW_CQQYYSYPWTF;CAHSDYYEGRGMDVW_CQQYYSTPYTF;NA_CQQYDELPVTF;CATTYYYDSSGYYQNDAFDIW_CQQYYSYPRTF;CAREIEGDGVFEIW_CMIWHSSAWVV;CARHIRGNRFGNDAFDIW_CQQYYSFPYTF;CARRLITMIEGGAFDIW_CQVWDSSSDHVVF;CAKVMIEHPSNRGHFDYW_CMQALQTPYTF;CTTDDEKRPYSGSYLPFDYW_CQSYDSSNVVF;CARGGRVSVAVYWDYYYYGMDVW_CQKYNSAPFTF;CAHSAQYYDILTGYYKAPWGGAFDIW_CQQYNSYSWTF;CARDDFGGATFYSSFDYW_CQQSYSTPYTF;CARAAKIFGVVTAFDIW_CQQYGSSPWTF;CVKDYSTSGWYYFDFW_CQQYGSSLPYTF;CARVVPAAFYGMDVW_CQQYGSSLFTF;CAGGSGYCTNGVCYPRGFDYYYGMDVW_CAAWDDSPPWVF;CAKDDTAMVTADFFDYW_CQTWGTGIWVF;CARTPRWLQCFDYW_CQQYNSYSWTF;CARDQWLAYYFDYW_CQSYDSSNHWVF;CARSGTTYYDILTGYYNYW_CQQYGSSRWTF;CAHRYYSNIDYW_CMQGTHWPWTF;CARDWGYYDSSGYSPRGYYYYYGMDVW_CQQLNSYSFTF;CAKDRVGYGDYVDYW_CQQYNNWPPWTF;CARLGSSPYYW_CQSYDSSLSGYVF;CTRYYGDVW_CQQYYSFPWTF;CAKDHYYDSSGYYSGLGYW_CQSADSSGTYRVVF;CATGLVVPAAILYGMDVW_CQQYGSSRGLTF;CAKDDGDAAAGLIYW_CAAWDDSLSGVVF;CAKDGGGEEALELPDYW_CGTWDSSLSAVVF;CATLRYPSLGVDYW_CHQYNNWPFTF;CARKDSSGSDAFDLW_CQQSYSTPYTF;CARDVVQLWYQIDYW_CQQSYSTPPNTF;CAKYVDTAMNQFDPW_CQQANSFPITF;CARGLHYYDSSGRSLYYFDYW_CQQYGSSPPGQTF;CANQPPSLYW_CQQYNNWPGTF;CARVGYDYVWGSYRYTGVMDVW_CSSYAGSSYVF;CARGRPYYYDSSGYPYDAFDIW_CMQALQTPLTF;CAKERVVTAIPVVIFDYW_CQQSYSTPRLTF;CARPYGDYAYFDYW_CQSYDSSLSGYVF;CARDWWERQDSKRPDYFDSW_CQQTNSFPITF;CARHSNDGSDYFDYW_CQESYGALLTYTF;CASTEIEMLVPRYCSSTSCYFVWFDPW_CGTWDSSLSAGHGVF;CASASSTGTDAFDIW_CQAWDSSTHVVF;CARDGSWYAAWFDPW_CQSYDSSLSGSVVF;CARDPSLGDPGWGYFDYW_CQQYNSYSTWTF;CVREMTGSFTGGLDPW_CMQGTHWPPTF;CAREVNTAMAYYYYYYGMDVW_CQQYGSSQWTF;CARERRGGGHYYDSSGYYLSDYW_CQQSYSTP;CARGGGYSSGWATREVVYW_CQSYDSSLGAVF;CAKVPTVTTFLGYYYGMDVW_CQQSYSTPWYTF;CARDLRPAANFDYW_CQVWDSSSDYVF;CARLSYSSSWYYFDYW_CQQSYSTLYTF;CARVPKVRYCSSTSCYKDYYYGMDVW_CQVWDSSSDSWVF;CATWHYYDSSGEDGMDVW_CQQYNNWPRTF;CARGRSSWHLDYW_CMQALQTPFTF;CARDPWELHGFDYW_CQQYGSSSFTF;CAREAYYYGMDVW_CNSRDSSGNHNYVF;CARDRSVVTMVRGVIPFYW_CCSYAGSYTVVF;CARHEKMNYYDILTGYSPPYYYYYGMDVW_CQSYDSSLSAYVVF;CAHYQGIAVTGTWFDPW_CQSYDSSNVVF;CARESSSWFPYW_CQQSYSTPFTF;CARERDYSPGRYYGMDVW_CGTWDSSLSAGVF;CARHPTPAAMVGYYYYGMDVW_CQQANSFPLTF;CARDGPMTAIGGYGMDVW_CQSYGSLGGSVF;CAKGRTTEGTDAFDMW_CQQVHSYPITF;CAKDRSSLLWFGELLYMPEEYGMDVW_CQQYNNWPLTF;CTNYGMDVW_CSSYAGSNNWVF;CARVDSFAPNSGYGAQLLNWFDPW_CQQYNNWPLTF;CAREDYDTASFGYW_CQQYDNLPYTF;CAKDFGRGSYHRAEYFQHW_CQQYNNWPPWTF;CARGGSLPLITMIVGFFW_CQQYGSSPEYTF;CTREAEMATISIDYW_CQVWDSSSDHVVF;CARDAPIWDTAIVYW_CQQYGSSLPWTF;CARLLVSAYNWFDPW_CQQSYSIPAF;CARIPMTTVTSYGMDVW_CQQYGSSSITF;CARDDEWEPYDYW_CCSYAGSSTYVF;CTTVLRYFDWLLSDYGMDVW_CLLSYSGARGVF;CAIGTGIVGTTFPREYW_CMQALQTSWTF;CAKDMELGWLIDYW_CMQALQTPLTF;CARERNIVVVPAAETFDYW_CQQYNNWPPLTF;CARIGFGEYDYGMDVW_CQSYDSSLSVVF;CARGNDYYGSGEFDYW_CSSYTSSSTLVF;CARGVGATDFDYW_CQSYDSSLSGVVF;CARDPSNWGSFGYW_CQAWDSSTYVF;CARVDGYNYSFDYW_CQQYNNWWTF;CAKEPYGGNSFVYYFDYW_CQQYGSSPGLTF;CAKAEWGGTENYIPYYFDFW_CQSYDNNNLIF;CARSHCSSTSCYPNYYYGMDVW_CQQSYSTPRTF;CARDFGERYCSGGSCYSFDPYYYYGMDVW_CLQHNSYPWTF;CAKEYPGPGQLDDAFDIW_CQSYDSSLSGKVF;CARVDTAMVTGLAISPPWDYGMDVW_CQQYNSYPWTF;CAKDIGDGSGSNSQKRDYYYGMDVW_CQQSYSTPRTF;CATDPYNSGWFASLKNQVLYYW_CQQSYSTPQTF;CAREHTGGWLQRYIDYW_CQSADSSGTYPRVVF;CARGYCDSTSCYAVGYFDLW_CQTWGTGIVVF;CARDPDPNWSKDWFDPW_CQQYNNWPPLTF;CAKGRYSFGLDNFDYW_CQQDGNSPTF;CASRAVQSSGWRQDYYYGMDVW_CQSYDSSLSGVF;CAREASEGPW_CQSYDSSNSWVF;CARLGGYSSRGNWFDPW_CQQSYSTPPYTF;CARDPHHTFGGVLVW_CQKYNSARTF;CAGYYYDSSGYLSSFDIW_CQSYDSSLSVVF;CARLPYRYSGSSNDAFDIW_CAAWDDSLSGPVF;CARAGYGDYVGDFDYW_CQSADSSGTYVVF;CARDYYGSRSDSGMDVW_CQQSYTTPYTL;CAKDGREAAAGTDYYYGMDVW_CQAWDSSTVVF;CARDSPGWGSSGFYYGMDVW_CQQYGSSPRYTF;CARVSGDTMIVVVHRDGMDVW_CQQYNSYSVTF;CAKNLATTGSHW_CLQDYNYPRTF;CAKDGGRGVVIIFYFDYW_CQQYGSSPITF;CARGIAVVTLWGPFDIW_CQQYNNWPRTF;CARDRWVPAAVPHYYYYGMDVW_CQQANSFPLTF;CAREGAAGPPPGHYYYYGMDVW_CMQALQTPFTF;CAKQGHFTDTKRIDYW_CQQYDSYPITF;CAVIPVTGQEASLSAEYFQHW_CQQSYSTPFTF;CARDSPSSGSYGLFDYW_CQTWGTGIRRVF;CASPGGGLLWFGELFRSYFDYW_CVLYMGSGFWVF;CAHRPVSDDILTGYRYNWFDPW_CQSYDSSLSGSVVF;CARGFIGYNFDSW_CQQSYRTPITF;CAREEGYCSGGSCEYNYYYGMDVW_CQQYGSSLITF;CARGRRVFLALSYW_CQQYGSSPHTF;CARGAGRIGQVDVW_CQQYNNWHTF;CARGYYDSSGQSLDYYYYGMDVW_CQQYYSYPFTF;CARTGKNGSGSYWFDPW_CQQYRTF;CARDGDTAMVINYFDYW_CQSADSSGTYWVF;CARTDIVATPDGGFDYW_CQTWGTGIHVVF;CAREGFYYYGSGSVSGGNWFDPW_CQVWDSSTVVF;CAKVPLGWGAAGGAYFDYW_CQQYGSSPATF;CARVGCSGDTCYSYDWFDPW_CGTWDSSLTAVVF;CARGGILTGKLSDYW_CQQYDNLPTF;CAHGLTGYYTYYFDYW_CQQYYSFPPTF;CARQVGANPFADYW_CAAWDDSLSGPVF;CARGKGEGRYYYDSSGYYYFDYW_CQQRSNWPPLTF;CSVYDAERGYFDYW_CCSYAGGDTSYYVF;CARNKQHIVGATLHTHYSNWFDPW_NA;CARLYGDYGDYW_CNSRDSSGNLFVVF;CARPYSSSWSPMDVW_CQSYDSSLSGHVVF;CARDKGYSSSWYIRSSWFDPW_CLLSYSGARLVF;CARAVCGDDCYLLDSW_CAAWDRSLGAVVF;CARTTTVVTGDAFDIW_CQSADSSGTYPVF;CAKGRGDYYYYGMDVW_CQQYDNLPITF;CTTGGALNYW_CQAWDSSTACVF;CARDLTTRDYSDAFDIW_CQQYGSSPRTF;CARAGLEINTPDSSGYYYGGGYFDYW_CQQYDNLPPRRFTF;CAKDHGYDFWSGYSDAFDIW_CQQSYSTPLYTF;CARESGYTNYYYYGMDVW_CQQYNSYPLTF;CARKYQLPYYYGMDVW_CQQSYNTPDTF;CARDSTYYYDSSGYPVSDAFDIW_CQQSYSTRRYTF;CAREVYSSSTNWFDPW_CQVWDSSTDVVF;CARANAEYSSSLLFDYW_CQSYDNSLSAYVF;CAHSPYDYVWGSYRQSWFDPW_CQAWDSSTVF;CTTIYYDILTGDYW_CMQALQTPITF;CARLDYDFWSGTPERMDVW_CQQYGSSPPWTF;CARVRKNWNYDLDDWYFDLW_CQVWDSSSDHYVF;CATRRVRGEGLAYW_CQQYNSYSRTF;CARNYDSSGYYVPPYFDYW_CQQYNNWPPYTF;CARDPANYFDYW_CQQSYSTLWTF;CAREESSSWYRYW_CQQYGSSPLTF;CARIVQGGSYLSGGIDYW_CMQSIQLLFTF;CARDRLIIRFLERPNWFDPW_CCSYAGSSTPVF;CAREYSNNWYFFDYW_CQQYAGSPLTF;CARVSGVGTSFAGFDPW_CQSADISATVF;CAREPTPRYSGSYRGFNYFDYW_CQQYYSFPLTF;CARAADYCTSASCPNEYFQHW_CQSYDSSLSVF;CARGRMTVHNDDSGFPEYLYYYGLDVW_CMQVMDNPRTL;CATSRVAVAGVDYW_CQSYDSSLSGVVF;CARDLGIAVAGRVEGYFDYW_CCSYAGSYTLVF;CARDVSNVLVIAVSPSWFDPW_CQQTYSIPYTF;CARDAPDRGSSWYSALFDYW_CQQYNNWPPTF;CARRDGGYCSSTSCSFDYW_CQQYNSYSPTF;CARAEIFGVVIQAFDYW_CQSYDSSLSGSVF;CVKKVIGFDDW_CQQSDTFGYTF;CAKGMDGSGSYYNKDGMDVW_CQAWDSSTGVF;CARVNGLLGEYYYGMDVW_CMQALQTPPNTF;CAKDWAVGWEFVDSW_CQQSHTVPLTF;CARDEGAAAYFDYW_CCSYAGSSTCWVF;CARAAGYCSSTSCYEIYYYYGMDVW_CQSYDSSLSVPF;CTRSYVLRFLEWFSPFDYW_CQQYGSSLWTF;CASSGSYQGNWFDPW_CQQSYSTPYTF;CARSPPRYDLSLVDAFDIW_CQQYNSYSTTF;CARETIAAAGSNFDYW_CQQSYSTPRTF;CARVSGYSYYFDYW_CQQLNSYLLTF;CATYIAAPRDYYYGMDVW_CMQALQTPYTF;CATGKTYSAPHAYYYFDYW_CQQANSFPRTF;CAKEVHSSGFDYW_CQSADSSGTYPWVF;CTTDHIVVVTAMIFGYYFDYW_CQQLNSPLTF;CAREGPTVTKFDYW_CQSYDSSLSGSVF;CEVKAAAGNFYW_CSSYAGSVVF;CAKDIEGGSGYYLTPGGFQHW_CCSYAGSSTFVVF;CARDAMAIGDYYYYGMDVW_CQQLNSYPSLTF;CARREGAGYDILTGSYYYYYGMDVW_CLLYYGGAQLGVF;CTTRLWRISQYYYDSSGYGHFDYW_CQSADSSGTYVF;CARTTLLAAAIDYW_CQQYYSFPYTF;CARAKAARPTPTYYYYYYGMDVW_CQAWDSSTGDVF;CARSGYDSSWVGYDFDYW_CQAWDSSTPVF;CAREGLEIDAFDIW_CQQSYSTPWTF;CAHTSAYYDSSGYYPPFDYW_CQQSYSTPLTF;CARATQDSSGWYGFWYFDYW_CQQYNNWPPTF;CARMLVVVAATGYYYYGMDVW_CQQYGSSQTF;CAREAYDSSAYSTIDYW_CQTWGTGIHVF;CARSAGSSGSFEYFQHW_CQQYGSSPLYTF;CARRLFLYSSSGYYFDSW_CQQASSFPPLSF;NA_CQQSYNTPRTF;CARGGGAVAGTIDFHYW_CCSYAGTDLWLF;CAKDRGYYDSSGYYYSDYGMDVW_CQSADSSGTYVF;CAKDGFGGASDHW_CQHYDRSPWTF;CARAIQMGCSDGSCLW_CQQYDNLPSYTF;CARKGRWLPDGDDAFDIW_CQQYYSYPLTF;CARAGLRSWFDPW_CMQSIQLPNTF;CARHSYGAYYYYGMDVW_CQQYGGSPLFTF;CAAGVMTARYDYW_CQQSYSTPLTF;CAHFMTTVTTGYFDPW_CIQVRQTPFTF;CAREGGGDILTTYYYYGMDVW_CQQYGSSTRALTF;CARGFGGGDYRSMDVW_CQQLITYPITF;CARTTYGGNSLNWFDPW_CQVWDSSSDHPVF;CAKRGGLMVRGVAVDYW_CQQYYSYPWTF;CARGYGSGNYYYYGMDVW_CMQALQTPWTF;CARSNYDILTGLDYW_CMQALQTPYTF;CAREDSGSYGYFDYW_CQQYNNWPQTF;CARRVLYYRFDPW_CNSRDSSGNHLF;CARGDYDYVWGSSPDAFDIW_CMQGTHWPLTF;CARDVRGYYYDSSGYSGEGYWW_CQQSYSTPYTF;CTRDRYSSSWYKGLYYYYGMDVW_CQQSYSTPYTF;CARVFFRVVYAMAYW_CQQYNNWPPMYTF;CASSLRYFDWTVNNWFDPW_CQQYGSSPQTF;CTRGYCSSTSCYTGWFDPW_CQAWDSSHVVF;CARDGRWELLGNQHW_CCSYAGSSTYVF;CARVYYDSSGYYYFDYW_CQQSYSTPWAF;CARGRVRWELLGDDAFDIW_CQQYDNLPLTF;CCTYVFVGIVPTIVDYW_CQQYNDWPPAGTF;CARDIQYYYDSSGYDAFDIW_CQQSYSTPWTF;CATSWGIAALYGMDVW_CNSRDSSGNPYVF;CAKDYPVAGDLDAFDIW_CCSYAGSSTWVF;CARANWDNWNDGLDYW_CGTWDSRLSSYVF;CARAGYCSSTSCSKEDVW_CQQSYSTPPRTF;CAREPLGGDYYYYYYGMDVW_CQQYGSSPTF;CARLSLRARFRGAFDIW_CCSYAGSYSVVF;CAHSLPSDIDYYYDSSGYSPSPPLFDYW_CQQYNNWPLTF;CASGYGGKTYYFDYW_CQQYGSSPGTF;CLGRELGHSW_CLQHNSYPWTF;CTAVLRYFDWLLMEAHENYYYYGMDVW_CQSADSSGGVF;CARDRSRWEFLYYFDYW_CQQYGSSGYTF;CARARYYDSNSYSYAW_CQTWGTGIWVF;CARLDYYDSSGYYDW_CQTWGTGIPVF;CARDYIAVAGPGENWFDPW_CQQSYSTRTF;CARDRGGYGVRWFDPW_CQQYDNLPPTF;CARRGNAIFGVVTHYYYYGMDVW_CMQALQTPLFTF;CSNYDILTGYYWFHYW_CQQYNNWPFTF;CASSFLDTSIVEYYFDYW_CATWDDSLSGLF;CARIVVVVTSRWFDPW_CQVWDSSSDHYVF;CARSLEWLDDYW_CQSYDSSLSGSVF;CARDAYGGYSFYYYGMDVW_CQQYGSSPFTF;CAGGSGSYYHLDPW_CQQANSFPYTF;CARPRLDYGDYGAGLGYW_CQKYNSAPFTF;CARDRGLRKKYFQHW_CQQYGSSPSTF;CARSLGPEFYYFDYW_CQQSYSTPWTF;CVSQLYYLDGRGYYYDYYYDYW_CLQHHDYPWTF;CTTVSPYGDYVGVYFDYW_CQQYYSYPPTF;CAKDFMEYYYYGMDVW_CSAWDSSLSAVVF;CARSPGSGSYTW_CQQYGSSPLTF;CARLPYAGGPYYYYGMDVW_CMQRIEFPFTF;CARGKPRSLELWSFYYYYGMDVW_CQQSYSTPPTF;CAMGGYDSSGVQLDYW_CAAWDDSLSGYVF;CAHRYCSSTSCYGLGDWFDPW_CQSADSSGTYLVF;CARHSEGLGPVDYW_CGTWDSSLSAWVF;CARAIFGVVSVMGFDYW_CMQALQTLTF;CAKSMKSFDYW_CQQSYSTPLTF;CTTEGGDGYNSFDYW_CQQYDNLPITF;CARDTTYGDYYYGMDVW_CQSADSSGNWVF;CARDGKGYSYGSGNYYGMDVW_CQQSYSTLYTF;CAHRTTTYYFDYW_CQQYNSYPYTF;CTTDLVWFGELANAFDIW_CLQHNSYLPEWTF;CTRGGTLGARSGYYDYYYGMDVW_CQQYNSYPLTF;CAKDEGRVVAVAGTGEHAFDIW_CQQYNSYSPTWTF;CAKDITIFGVVISHLDYW_CLQDYNYPLTF;CARTYYYDSSGYRNAFDIW_CQSADSSGTYPVVF;CAKCFYYDSSGYYYYYYGMDVW_CCSYAGSSTLVF;CARDLLSISGSPFDPW_CQQRSNWPPGGGGLTF;CARGGINGGAYFDYW_CQQYGSSPWTF;CARDRGPAGLDYW_CQQSYSTRYTF;CARRGYYYDSSGYYYDWFDPW_CNSRDSSGNRVVF;CAKGLNTAMVSYYFDYW_CVLYMGSGIWVF;CAKDIREGWSSGYYPVLDYW_CQVWDSSVVF;CAKDSPSGYYYYYYYGMDVW_CQQLNSYPITF;CARDRIAAADHNWFDPW_CAAWDDSLNGWVF;CARDIGGIAAAGSPPSAFDIW_CQQYNSYSTF;CAHSYYYGSGRGGWFDPW_CQSADSSGTYVF;CARDGSSSIFDYW_CNSRDSSGNHVVF;CAKPLRFGYSSSSCFDYW_CSSYAGSNNYVF;CAHTGFESLDYW_CQSYDNSLNGLGVF;CARDEDYYYDSSGSVDYW_CQQSYSTPWTF;CARQIAAAGPENWFDPW_CQSADSSGTYLVF;CARGLPVDVW_CGTWDSSLSAGHVVF;CARLIYYGSGRFGAFDIW_CQQYDNLPWTF;CARNEITIPLDVW_CQQYGSSPLVTF;CAKGGWFGELLFRLDYW_CQQYDNLLTF;CTTDHGDAYNYRW_CQQYGSSPRTF;CARDHRMNIAVAGTNWFDPW_CQKYNSAPLFTF;CARALREEQWLNNAFDIW_CQQYYSYPTF;CAHRPPYYDSSGYLSW_CQQYGSSLWTF;CARHYVDTAMVINQYYFDYW_CQSYDSSLSDVF;CARDNYDILTGHYGMDVW_CAAWDDSLSGLYVF;CAKDSSSSDWFDPW_CQQYYSYPLTF;CARDYVAVAGTLDYW_CQQYYSTPYTF;CTRDLAYSNYEPPNHNWFDPW_CLQHNSYPLTF;CARERYYYYGMDVW_CYSTDSSGNHGVF;CAKEGITGYYYYYGMDVW_CQQSYSTPHTF;CAKVALRYFDWLPPYFDYW_CQQYYSYPQNLTF;CARAHDSTGYQDFDYW_CQQAKSFPYTF;CARVGVYGSGSYLVGGDYW_CQQSYSTPWTF;CARGPYYGSGSGEFDPW_CQQYYSYPLTF;CARGSCYSSACYYYYGMDVW_CGTWDSSLSAVVF;CARDFDAAEGAFDIW_CQVWDSSSDPTFYVF;CARGAHSSGYYIDYW_CQQYYSFPFTF;NA_CHQYNNWSSWTF;CAREQDFGGNPFDCW_CMQVLHIPRAF;CARGTMVRGHYYYYGMDVW_CQQSYSTPLTF;CARGYSYGYLDWFDPW_CQSYDSSLSGVVF;CARAAPYSSSSLDYW_CQQSYSTLTWTF;CARRRITMNDYFDYW_CQSYDSSLSGVVF;CARGPDGGAFDIW_CQRGLTF;CARDLIARTALTYYYYGMDVW_CQSYDSSLSGGVF;CARYGVYGDYPGALFDYW_CAAWDDSLSGLWVF;CAKDRRGCSSTSCYTFDYW_CQQSYSTLSF;CARVSGYNSYYFDYW_CQQSYSTPRTF;CAAPSPRFTSSTGGGMELPLHVW_CCSYARGSSLVF;CAKDARWRPRVASIDALDIW_CQQYNNWPRTF;CARHIERYCSGGSCYEALDYW_CMQALHPITF;CASYLEMATRYYFDYW_CLQHNSFWTF;CARVTRVTQSNDFWTSYYTDCFDAW_CYSTDSSGNHKVF;CARLYSSSWTNYFDYW_CQQYYSYPLTF;CARGTVYSVPGGHYGDYVRDPKYYYYGMDVW_CQSADSSGTWVF;CARGAAGVRGPIGYW_CAAWDDSLSGWVF;CARVAVAGTTNWFDPW_CQQANSFPYTF;CARVLGGPGATTFDYW_CLQDYNYPWTF;CARTPVSTSYDSPGWYSSGWFFDYW_CQTWGTGIHVVF;CARTMVRGVTPADAFDIW_CQQYNSYSSTF;CAKSMGATILHAFDIW_CQQYNSYPLTF;CARANSGSYSFFFLRLDYFDYW_CQQYNNWPLTF;CARAAGTGGYYYGMDVW_CVLYMGSGISVF;CARAGQFGDSYYYYYYGMDVW_CLQDYNYPQTF;CAHFTKRPTDAFDIW_CNSRDSSGNHRVF;CARRLAYNGNWDYGDFDYW_CCSYSKTATF;CAAGFGLSGSYIHYYYYGMDVW_CQQYGSSPPLTF;CATDNWNFGADSGFGYW_CMQGTHWRTF;CARVLGSFSFGYDGFDIW_CQQLNAYPTF;CARDPGIAVAETVYYYYYYGMDVW_CMQALQTPPTF;CARTVGAGYKIGKGYFDYW_CQAWDSSTVVF;CARDQDLAALNYW_CGTWDSSLSAKVF;CTTENVLLWFGEPEYYYYYYGMDVW_CQSADSSGTYAVVF;CARSLFEGTVMAFRAEHMDVW_CQQYKTFFAVSF;NA_CQAWDSSTVVF;CARPPSHDSPMYHYW_CQSADSSGLWVF;CARDTMWWSYGMDVW_CCSYAGSGEVF;CARLRRYSSGYYYIAGDFDYW_CQSYDSSLSGVVF;CARDKGGTTVTTSNWFDPW_CQQYDNLPLTF;CARDGGGYYQKKGYFQHW_CGTWDSSLSAVVF;CARERPRGAAETW_CQAWDSSTWVF;CARDDIVVVPAAIDYW_CQSYDSSLSGPYVF;NA_CQQRSNWPPYTF;CARKFDCW_CQQYGTSLPVTF;CARGVLRFLEWLSNMDYYYYGMDVW_CMQALQTPRALTF;CAKDGSYYDSSGYSDYW_CQQYNNWPPWTF;CAKDKSYSVEYW_CMLFMGSGIWVF;CAKADVRSNWNDMHFDYW_CQAWDSSTVVF;CARATPRGYGGNSLNWFDPW_CQQYNSYPFTF;CAEGYQLPGLYYW_CNSRDSSGNHLF;CARHAGSGSYYFWFDPW_CQQYGSSPYTF;CAKDLQIGYCSSTSCRNAFDIW_CQQYGSSPPRVTF;CARGRGSYFDYW_CQQYGSSLWTF;CARTCSSTSCYTYGMDVW_CQQYNNWQYTF;CAHRGYSYGPLFDYW_CLLYYGGAQLVF;CARLPTLRYGSGSYYNGALDYYYGMDVW_CMQALQTPLTF;CARSIAAASPFDPW_CQQYDNLPPTF;CARGPPYGHLGYW_CQQYNNWPPITF;CAKDILGGGYFDYW_CQTWGTGMGVF;CAKDASYGYLFEYWYFDLW_CQQYNNWPPWTF;CARFGAKNYYDSW_CQQYNNWPGTF;CAREKWLRPQLDYW_CQQYGSSPKTF;CVKGPYYDGSGNSFGRKAFDIW_CQQYGSSPYTF;CARGASKGNQPALHYGMDVW_CQQSYSTPPAF;NA_CCSYAGSSTVVF;CATTLASPTHDYGDYEGGYMDVW_CQQYGSSPLTF;CALGIDAFDIW_CQQYNNWPKTF;NA_CQSYDDSLSGTVF;CARGFYYGSGSPLSGMDVW_CQQSYSTPRTF;CAKDPAASGSPWYFDYW_CQQYYSFPRTF;CAREVSRQSGSRPIKWFDPW_CQQSYSPPPLTF;CTPSLETYGDYALGYYW_CQSADSSGTYPYVF;CAKDFGGPLQFDYW_CQQYGSSPRTF;CAKDMLFSNNYW_CQTWGTGINWVF;CARDENHLYYGDLAYW_CQQSYSIPRAF;CARGSRLLLWFGELKVGPGFDPW_CQQYNSYWTF;CAMKGGRDGYNTRVYYYYGMDVW_CCSYAGSSTPYVF;CAKDIGPTNCSSTSCHAYYYYGMDVW_CQQYNSYSTF;CWRDRREAPIEMEVASTRG_CMQSTHWPYTF;CTRHTHCSGGSCYDAFDIW_CQQSYSTPRYTF;CAREPPHGSGTDYNWFDPW_CQSYDSSLSAYVF;CVKDLYDTGSYYYFDYW_CSSYTRSSTLVF;CSRHEGVGGNSDYW_CVLYMGSGISMF;CARNHDYGDYMFGGMDVW_CQSADSSGTYVF;CTTSGGDW_CMQSIQLPRTF;CARDRTSFGYSYGNIDYW_CQTWGTGILVF;CAKDELASYGGVGYYW_CQSADSSGTYFWVF;CAREPKHSGYCSSTSCYIGNWFDPW_CQSYDSSLSGNVVF;CARASWDSSSWGLGFDPW_CQAWDSSTGVF;CARTRVRGVISPFDYW_CQQANSFPPTF;CTREYYDFWSGDYW_CQQYDNLPLTF;CARDGGRGSGWSTPDYW_CNSRDSSGNHVVF;CARHYDFWSGDNPYWYYYYGMDVW_CQQYGSSPPWTF;CTTTTADIVVVPAAIQTVDYW_CQQYDNLPLTF;CAIMVRGVIGSYYYYGMDVW_CQQSYSTTWTF;CAKDNGYGGNSLQHW_CCSYAGSSTLVF;NA_CQQSYNTLWSF;CARARYRRDGYHNLYAFDIW_NA;CARGFSETGPGYKRFYYYFDLW_CQQYGSSPQTF;CARVKGDYYYYYGMDVW_CMQALQTPHTF;CARDPPLYSSGWFTGDYW_CQQYNSYPRTF;CAKDGGEHRGNDYW_CQVWDSSSDHYVF;CARGYDFWSGYLPHYGMDVW_CQVWDSSSDHPGVF;CARETKQYIDYRSPTVGRPYDYYYGMDVW_CLLFYGGAQLGVF;CAKGVWESTTEDAFDIW_CQQYNSYSPFTF;CAKDQGYCSSTSCYPYYYGMDVW_CQAWDSSTVVF;CARLGGYDSTFDYW_CSSYTSSSTYVF;CARGGDYYYGMDVW_CQQYNNWPLTF;CARVAAAGTYFDYW_CQQYGSSPETF;CARINQHGSGTYSPDYYYYGIDVW_CMQALQTPMYTF;CARKSIAAAGLPYYYYYGMDVW_CMQALQTRFTF;CAQGGYSYGYYDYW_CAAWDDSLNGVVF;CARQRGGTAVPVYYFDYW_CQQYGSSPLYTF;CARALYYDSSGYQPNRYYFDYW_CQSYDSSLSGYVVF;CTRALNSNHFDYW_CQQANSFPLTF;CARVTDPDAFDIW_CNSRDSSGNHYVF;CARSAWHPAATGGMDVW_CLQDYNYPYTF;CARVSLVVPQQFDYW_CQAWDSSTVVF;CAKVPGYSTGWYYFDYW_CQQCDSSPEWTF;CAKDSTCSSTSCYRGYYYYGMDVW_CQQYYSYPITF;CARDSKQQLADNWFDPW_CQAWDSSTLVVF;CARGRNGGNRFDWFDPW_CQSYDSSLSGSGVF;CARGKNWFDPW_CQQYGSSPLTF;CASGYSSGRPDYW_CQQYDNLPITF;CARLSDGDYTFDYW_CQQYNSYWTF;CARGGTAGYSYGYAYW_CQAWDSSTAVVF;CAKDIVVVPAAPITLYYYYGMDVW_CMQALQTSFTF;CARWRLYYDSRGYYYGMFDYW_CQQSYDTPLTF;CARSRRIVGATSFDWFDPW_CQQYNSYSRTF;CASEDSGYGGGFDYW_CQSYDSSLSEGVF;CAHGRDYDSSSLPFDYW_CQQYNSYPYTF;CARAGAYYYGSAIDYW_CQQYGSSPGLTF;CAKGSSHSGGWFDPW_CQQYNSYWTF;CARDLLRAYSSSSTSSIDYW_CQQYYSYPRTF;CAKDVSGYLDAFDIW_CGTWDSSLSAGWVF;CAREGSRYFDYW_CQVWDSSSDHYVF;CASHDSSGYYLLDYW_CQVWDSSSDHVVF;CARYCSSTSCYTTYYYYYYGMDVW_CQQYYSYPLTF;CARLWVFLTMVRGPDFDLW_CHQSSSLPLTF	0	NA
18	68	CARQVGVGKWYLEDW_CCSYASGDNLVF;CARLIKYSGSYEMVDYW_CAAWDDSLNGYYVF;CARGGFITMIGYGMDVW_CQQYDNLPFTF;CARDLRWCSGGSCYGNYYGMDVW_CAAWDDSLNGQVF;CARDGRDYYDSSGYYYDDAFDIW_CQSADSSGTVVF;CARDHPLMVRENLGFDPW_CAAWDDSLNGPVF;CARDLRNYYDFWSGSPNPKINWFDPW_CQKYNSAPLTF;CARDLPAARYGDYGGFDYW_CAAWDDSLNGVVF;CARDLFPIQYGSEPYGMDVW_CQQYGSSPRTF;CARDIGPLDVW_CQVWDSSSDHRVF;CARDQGDGDYGAFDIW_CQQSYSTSSWTF;CARILEIVDPSGSYQYYFDYW_CGTWDSSLSAVVF;CARDGHYSGSYYVGYW_CCSYAGSYTYWVF;CAREEYSSSWHPYYFDYW_CGTWDSSLSAYVF;CAKDFRGWFDPW_CATWDDSLNGWVF;CARDRSGGSWFDPW_CVLYMGSGVF;CARASTAAYYYYYYGMDVW_CAAWDDSLNGHVVF;CAHHLSFGGNWAFAHW_CAAWDDSLNGSYVF;CASNLGYCSSISCYGFDYW_CQQYGSSPLYTF;CAKELPYYDSSGGPEYW_CAAWDDSLNGWVF;CARGEDYYGSGSYYGMDVW_CQAWDSNTVIF;CARVLGITGTTRRFDYW_CQQYYSYPFTF;CARDREQLAPFDYW_CQSADSSGTYVF;CAKDLIDTMIVVVITPPFDYW_CAAWDDSLNWVF;CARGGHLWSEEVMNRFYYYLGMDVW_CGAWDGSLNGYVF;CARDGYSGYDRADYYYYYGMDVW_CQSYDSSLSGSRVF;CARDHIAVAATPAEYYYYGMDVW_CQAWDSSTVVF;CARARDRQGAYYYGSGSYVPYYYYGMDVW_CCSYAGSSPWVF;CARQNFDILTGYSIDYW_CAAWDDSLNGLYVF;CARDNSGSYVVEYYFDYW_CAAWDDSLNGWVF;CARQYVEWLREMDVW_CAAWDDRLNGWVF;CARNYYYDSSGSGFDYW_CQQANSFPPTF;CAHRHHCSSTSCSPWDDWFDPW_CAAWDDSLNGPVF;CARQNFDILTGYSIDYW_CAAWDDSLNGLYVF;CAKTQVDGKALWFEPW_CATWDSILSGWIF;CARELLWFGEGINWFDPW_CAAWDDSLNGVVF;CARHNTITLRYFDWTKLGYFDLW_CAAWDDSLNGVVF;CARDRYDYGDYPAEYFQHW_CAAWDDSLNGVVF;CAREQLGGFDYW_CAAWDDSLSVVVF;CAIIPLATPVTIIMDYW_CMQSIQLPPQPTF;CAREQQLVPYYYYGMDVW_CAAWDDSLNGWVF;CARDGAGHYGSGSYFGSW_CATWDDSLNGFVIF;CASRTNHYYDIQRHYW_CQQSYSTPGVTF;CARHIMVRGVPPNFDYW_CAAWDDSLNGPVF;CASTGGGSYPILNW_CQQYYSYPLTF;CARGGPYPINSGYYYEVDYW_CAAWDDSLNGRYVF;CARGPNDAFDVW_CQQYARSPPWTF;CAHHASFGGNWAFAHW_CAAWDDSLNGSYVF;CARDRGYGSGSYFSGFDYW_CQQYNNWPPRTF;CARERGMYSSGWYNWFDPW_CQQYYSYPYTF;CARGGDGYNYHPYW_CQKYNSAPTF;CAKDSIPIYDSSGTTFDYW_CAAWDDSLNGWVF;CARDQRSYADYW_CQQYYSYPQTF;CARDLQRGYSYGYW_CAAWDDSLNGVVF;CARDIHGNGALYYYYGMDVW_CAAWDDSLNGLYVF;CARDNIVVVPAAMFEASDYYYGMDVW_CMQALQTPYTF;CARDELRQLVLW_CQSYDSSNPWVF;CARSYGSGSYPRPSPLAWFDPW_CAAWDDSLNGPVF;CARDLIGFGASFDYW_CQQYNNWPPYTF;CARMMGTYYGDHPTIVGYFDYW_CQQYNNWPLTF;CARDGLDYDSNAIDYW_CQQYDNLPYTF;CARHGGDCGLDCYSNWFDPW_CQHWTF;CAREPADSSSLW_CQSYDSSNWVF;CARSGQWLEGWFDPW_CQQYNSYSPTF;CAREGREGGGFDYW_CAAWDDSLSGWVF;CARFVPGGYDGFDIW_CASWDKNLNAFVF;CARDPVPVILGYCSGGRCSPLDYW_CQNYNSAPRTF;CAKDWDDYDSESGVYNYYGMDVW_CSAWDDSLNGVVF	9	1	CARTSRGLIAAAAAVDYW_NA	0	NA
18	68	CARQVGVGKWYLEDW_CCSYASGDNLVF;CARLIKYSGSYEMVDYW_CAAWDDSLNGYYVF;CARGGFITMIGYGMDVW_CQQYDNLPFTF;CARDLRWCSGGSCYGNYYGMDVW_CAAWDDSLNGQVF;CARDGRDYYDSSGYYYDDAFDIW_CQSADSSGTVVF;CARDHPLMVRENLGFDPW_CAAWDDSLNGPVF;CARDLRNYYDFWSGSPNPKINWFDPW_CQKYNSAPLTF;CARDLPAARYGDYGGFDYW_CAAWDDSLNGVVF;CARDLFPIQYGSEPYGMDVW_CQQYGSSPRTF;CARDIGPLDVW_CQVWDSSSDHRVF;CARDQGDGDYGAFDIW_CQQSYSTSSWTF;CARILEIVDPSGSYQYYFDYW_CGTWDSSLSAVVF;CARDGHYSGSYYVGYW_CCSYAGSYTYWVF;CAREEYSSSWHPYYFDYW_CGTWDSSLSAYVF;CAKDFRGWFDPW_CATWDDSLNGWVF;CARDRSGGSWFDPW_CVLYMGSGVF;CARASTAAYYYYYYGMDVW_CAAWDDSLNGHVVF;CAHHLSFGGNWAFAHW_CAAWDDSLNGSYVF;CASNLGYCSSISCYGFDYW_CQQYGSSPLYTF;CAKELPYYDSSGGPEYW_CAAWDDSLNGWVF;CARGEDYYGSGSYYGMDVW_CQAWDSNTVIF;CARVLGITGTTRRFDYW_CQQYYSYPFTF;CARDREQLAPFDYW_CQSADSSGTYVF;CAKDLIDTMIVVVITPPFDYW_CAAWDDSLNWVF;CARGGHLWSEEVMNRFYYYLGMDVW_CGAWDGSLNGYVF;CARDGYSGYDRADYYYYYGMDVW_CQSYDSSLSGSRVF;CARDHIAVAATPAEYYYYGMDVW_CQAWDSSTVVF;CARARDRQGAYYYGSGSYVPYYYYGMDVW_CCSYAGSSPWVF;CARQNFDILTGYSIDYW_CAAWDDSLNGLYVF;CARDNSGSYVVEYYFDYW_CAAWDDSLNGWVF;CARQYVEWLREMDVW_CAAWDDRLNGWVF;CARNYYYDSSGSGFDYW_CQQANSFPPTF;CAHRHHCSSTSCSPWDDWFDPW_CAAWDDSLNGPVF;CARQNFDILTGYSIDYW_CAAWDDSLNGLYVF;CAKTQVDGKALWFEPW_CATWDSILSGWIF;CARELLWFGEGINWFDPW_CAAWDDSLNGVVF;CARHNTITLRYFDWTKLGYFDLW_CAAWDDSLNGVVF;CARDRYDYGDYPAEYFQHW_CAAWDDSLNGVVF;CAREQLGGFDYW_CAAWDDSLSVVVF;CAIIPLATPVTIIMDYW_CMQSIQLPPQPTF;CAREQQLVPYYYYGMDVW_CAAWDDSLNGWVF;CARDGAGHYGSGSYFGSW_CATWDDSLNGFVIF;CASRTNHYYDIQRHYW_CQQSYSTPGVTF;CARHIMVRGVPPNFDYW_CAAWDDSLNGPVF;CASTGGGSYPILNW_CQQYYSYPLTF;CARGGPYPINSGYYYEVDYW_CAAWDDSLNGRYVF;CARGPNDAFDVW_CQQYARSPPWTF;CAHHASFGGNWAFAHW_CAAWDDSLNGSYVF;CARDRGYGSGSYFSGFDYW_CQQYNNWPPRTF;CARERGMYSSGWYNWFDPW_CQQYYSYPYTF;CARGGDGYNYHPYW_CQKYNSAPTF;CAKDSIPIYDSSGTTFDYW_CAAWDDSLNGWVF;CARDQRSYADYW_CQQYYSYPQTF;CARDLQRGYSYGYW_CAAWDDSLNGVVF;CARDIHGNGALYYYYGMDVW_CAAWDDSLNGLYVF;CARDNIVVVPAAMFEASDYYYGMDVW_CMQALQTPYTF;CARDELRQLVLW_CQSYDSSNPWVF;CARSYGSGSYPRPSPLAWFDPW_CAAWDDSLNGPVF;CARDLIGFGASFDYW_CQQYNNWPPYTF;CARMMGTYYGDHPTIVGYFDYW_CQQYNNWPLTF;CARDGLDYDSNAIDYW_CQQYDNLPYTF;CARHGGDCGLDCYSNWFDPW_CQHWTF;CAREPADSSSLW_CQSYDSSNWVF;CARSGQWLEGWFDPW_CQQYNSYSPTF;CAREGREGGGFDYW_CAAWDDSLSGWVF;CARFVPGGYDGFDIW_CASWDKNLNAFVF;CARDPVPVILGYCSGGRCSPLDYW_CQNYNSAPRTF;CAKDWDDYDSESGVYNYYGMDVW_CSAWDDSLNGVVF	16	79	CARRRYYGGNSNKGWYFDLW_CQQRSNWRTF;CARDQEYSSGWDGPDYYYYYGMDVW_CQQSYSTPQTF;CARDDRFGGDTLGWFDPW_CQSYDSSLSGSGYVF;CAREGWGLGYCSSTSCYTGPFGYW_CQQYGSSPPYTF;CAKDPNYWRYFDWLTGYYFDYW_CQQRSNWPPWTF;CARDGGFGGSWLDPW_CQQRSHFRTF;CAKGEQFIAVNNWFDPW_CQQRSNWPITF;CARDRLDGYNSFYYGMDVW_CQSYDSSLSGSVF;CARDAGRDGNEYYFDYW_CQQYNSYLYTF;CARGSISSQRWFGPW_CQQYNYYYTF;CARDRGQWLVREEDYYYGMDVW_CQQYYSTPLTF;CARGGAVLRYFDWEPQGPLEDNWFDPW_CQQRSNTWTF;CARNMASGMDVW_CQQRSNWPLFLTF;CARIWAVAADHSFDYW_CQQYNNWPPWTF;CAHRPLDILTGYRVDYFDYW_CQQSYSTLGTF;CARDKGATFDYW_CQQSYSTPYTF;CARDRWSLHIVGASPRGPSFDYW_CQQANSFPVTF;CARAIWYYDILTGYYSYYGMDVW_CSSYAGSNNLEVF;CARARGDFWSGYTHWYFDLW_CQQRSNWPPWYTF;CAQTGILTGYPRVGNAFDIW_CQQRSNWLGFTF;CASGSSDRYSSGWYWGYFDYW_CQAWDSSTVVF;CARAEIYGSGSKYYYYGMDVW_CQSADSSGTYYVF;CARGPDRFSGSYDNWFDPW_CQHTRAF;CAKDYDSGSYYEGGAFDIW_CQQRSNWPLTF;CARDIVRDFDWPGVGYW_CAAWDDSLNGYVF;CARGWSGYSSSLHPYYFDYW_CCSYAGSSTTLVF;CAQIAAAGTMGFDYW_CQQRSNWPSLTF;CTTEVCSGYDCDLGDYW_CQQRSNWPTF;CARSVDTAMGNAHDW_CQQYGSSPPTF;CARDLYSGYSYGSAVYW_CQQRSNWPIF;CARDRPPYSNYVIYGMDVW_CQQRSNWPPLTF;CARESPFGGQSVAVGGTPDYW_CCSYAGSGTFVF;CARDHKQWRVSYVWFDPW_CQQRNTWPRPTF;CARGPGYCSGGSCYGMFDYW_CQSADSSGTYVVF;CARDISKGAAGTGDWFDPW_CQQRSNWPLTF;CARGTRRDGYNLIYW_CQQYDNPPLTF;CAKGTHYYGSGSMWGMDVW_CQQRSNWPPYTF;CAREGEITMIVANDAFDIW_CQQSYSTPPTF;CARAVPARPEYCGGDCYIYYYGMDVW_CQSADSSGTYWVF;CVLYYGSGSYYRFDYW_CQSYDSSLSAVF;CARDSSSPATRHFDYW_CMQATQFPYTF;CATSDWSW_CQQRINWPITF;CARGRGRYYDSSGEW_CQQYNSYPYTF;CARGPIVVVIAASPYYYYGMDVW_CQQRSNWPPGCTF;CARESRPTVTTRTTSGMDVW_CLQHNSYPRTF;CARARSSGWYHYW_CQQRSNWPPTF;CAKDSRYSLLIAVAGTEDYW_CQQRSNWPWTF;CARDIGYSSGWYWTPGVNYYYGMDVW_CQQYGSSPWTF;CARDRGVGARHFDYW_CQQYNNWPPWTF;CGRAAISVLRKMPPTFW_CQQYGSSPYTF;CARETYYYDSSGYYGPHAFDIW_CLLSYSGARVF;CARDSEIFGSSWYSYFDYW_CQQYNSYSYTF;CAKVEGIWFGELSDFYYYYGMDVW_CQQRSNWPLTF;CARTYVWGEVDYYYYGMDVW_CLQHNSYPWTF;CATDLNLAVAGEGGYW_CQQRSNWPLTF;CARDSYDFWSGYTPPNYYYYYGMDVW_CQQRSNWYTF;CARVYSYGYRYFDYW_CQQSYSTLWTF;CARDGGYSYGYAQGYYGMDVW_CQSADSSGTHVVF;CASATTVSHW_CQQRSNWPLTF;CARDRSAERRGYFDYW_CNSRDSSGNHYVF;CARVKSGGSSSLRQDAFDIW_CQQRSNWPYTF;CAREDSSGWLEFPNWFDPW_CCSYAGSSTYVF;CARDCSSTSCLAYW_CQLRSNWPTF;CAREGEQWLDGAFDYW_CQSADSSGTYKVF;CARDGGGWYGLVDYW_CQQYNNWPLTF;CARGNDAFDIW_CQQYNSYSGTF;CARDGKPSKTFDYW_CQQSYSTPLTF;CARHEKGIAAAVYYFDYW_CQQRSNWPLTF;CAKDVTDGYNIPYYFDSW_CQQRSNWPLTF;CTSWAIPQALTDYYYYGMDVW_CQQRSNWPPSITF;CARDCGGPVTTTTNDAFDIW_CQQYYSYPRTF;CARDCDGGCDYW_CQSADSSGTYRVF;CAKDDDRGYGWFGELLGRYGMDVW_CQQRSNWLLTF;CARALSLGPRTYYYDSPQRGHDAFDIW_CQQSYSTSWTF;CARGETYYYDSSGYYWGYYFDYW_CQQYNSYPLTF;CTTPTWGNYYYYGMDVW_CQQRSTGRDTF;CARDQQWLGDFDYW_CSSYAGSNNLWVF;CARVFRRYGSGSYYNLW_CQQRSNWLTF;CARDPGDYVEIEWYFDLW_CQQRSNWPRLTF	0	NA
18	68	CARQVGVGKWYLEDW_CCSYASGDNLVF;CARLIKYSGSYEMVDYW_CAAWDDSLNGYYVF;CARGGFITMIGYGMDVW_CQQYDNLPFTF;CARDLRWCSGGSCYGNYYGMDVW_CAAWDDSLNGQVF;CARDGRDYYDSSGYYYDDAFDIW_CQSADSSGTVVF;CARDHPLMVRENLGFDPW_CAAWDDSLNGPVF;CARDLRNYYDFWSGSPNPKINWFDPW_CQKYNSAPLTF;CARDLPAARYGDYGGFDYW_CAAWDDSLNGVVF;CARDLFPIQYGSEPYGMDVW_CQQYGSSPRTF;CARDIGPLDVW_CQVWDSSSDHRVF;CARDQGDGDYGAFDIW_CQQSYSTSSWTF;CARILEIVDPSGSYQYYFDYW_CGTWDSSLSAVVF;CARDGHYSGSYYVGYW_CCSYAGSYTYWVF;CAREEYSSSWHPYYFDYW_CGTWDSSLSAYVF;CAKDFRGWFDPW_CATWDDSLNGWVF;CARDRSGGSWFDPW_CVLYMGSGVF;CARASTAAYYYYYYGMDVW_CAAWDDSLNGHVVF;CAHHLSFGGNWAFAHW_CAAWDDSLNGSYVF;CASNLGYCSSISCYGFDYW_CQQYGSSPLYTF;CAKELPYYDSSGGPEYW_CAAWDDSLNGWVF;CARGEDYYGSGSYYGMDVW_CQAWDSNTVIF;CARVLGITGTTRRFDYW_CQQYYSYPFTF;CARDREQLAPFDYW_CQSADSSGTYVF;CAKDLIDTMIVVVITPPFDYW_CAAWDDSLNWVF;CARGGHLWSEEVMNRFYYYLGMDVW_CGAWDGSLNGYVF;CARDGYSGYDRADYYYYYGMDVW_CQSYDSSLSGSRVF;CARDHIAVAATPAEYYYYGMDVW_CQAWDSSTVVF;CARARDRQGAYYYGSGSYVPYYYYGMDVW_CCSYAGSSPWVF;CARQNFDILTGYSIDYW_CAAWDDSLNGLYVF;CARDNSGSYVVEYYFDYW_CAAWDDSLNGWVF;CARQYVEWLREMDVW_CAAWDDRLNGWVF;CARNYYYDSSGSGFDYW_CQQANSFPPTF;CAHRHHCSSTSCSPWDDWFDPW_CAAWDDSLNGPVF;CARQNFDILTGYSIDYW_CAAWDDSLNGLYVF;CAKTQVDGKALWFEPW_CATWDSILSGWIF;CARELLWFGEGINWFDPW_CAAWDDSLNGVVF;CARHNTITLRYFDWTKLGYFDLW_CAAWDDSLNGVVF;CARDRYDYGDYPAEYFQHW_CAAWDDSLNGVVF;CAREQLGGFDYW_CAAWDDSLSVVVF;CAIIPLATPVTIIMDYW_CMQSIQLPPQPTF;CAREQQLVPYYYYGMDVW_CAAWDDSLNGWVF;CARDGAGHYGSGSYFGSW_CATWDDSLNGFVIF;CASRTNHYYDIQRHYW_CQQSYSTPGVTF;CARHIMVRGVPPNFDYW_CAAWDDSLNGPVF;CASTGGGSYPILNW_CQQYYSYPLTF;CARGGPYPINSGYYYEVDYW_CAAWDDSLNGRYVF;CARGPNDAFDVW_CQQYARSPPWTF;CAHHASFGGNWAFAHW_CAAWDDSLNGSYVF;CARDRGYGSGSYFSGFDYW_CQQYNNWPPRTF;CARERGMYSSGWYNWFDPW_CQQYYSYPYTF;CARGGDGYNYHPYW_CQKYNSAPTF;CAKDSIPIYDSSGTTFDYW_CAAWDDSLNGWVF;CARDQRSYADYW_CQQYYSYPQTF;CARDLQRGYSYGYW_CAAWDDSLNGVVF;CARDIHGNGALYYYYGMDVW_CAAWDDSLNGLYVF;CARDNIVVVPAAMFEASDYYYGMDVW_CMQALQTPYTF;CARDELRQLVLW_CQSYDSSNPWVF;CARSYGSGSYPRPSPLAWFDPW_CAAWDDSLNGPVF;CARDLIGFGASFDYW_CQQYNNWPPYTF;CARMMGTYYGDHPTIVGYFDYW_CQQYNNWPLTF;CARDGLDYDSNAIDYW_CQQYDNLPYTF;CARHGGDCGLDCYSNWFDPW_CQHWTF;CAREPADSSSLW_CQSYDSSNWVF;CARSGQWLEGWFDPW_CQQYNSYSPTF;CAREGREGGGFDYW_CAAWDDSLSGWVF;CARFVPGGYDGFDIW_CASWDKNLNAFVF;CARDPVPVILGYCSGGRCSPLDYW_CQNYNSAPRTF;CAKDWDDYDSESGVYNYYGMDVW_CSAWDDSLNGVVF	17	67	CARDEGIAARTRGETHYYYYGMDVW_CQQYYSTPYTF;CARDRDGAFAIW_CAIWYSNTHVIF;CASRVHGLVTVTTGGAFDIW_CQQYYSYPPAF;CARGGDPTWFDPW_CCSYAGSSIVVF;CARAGAVARGYFDYW_CQQYYSFPPTF;CARGRGAAAGTSILNYW_CQQYYSTPLGF;CAREPPDLTMVRTKGVRWFDPW_CQQYYSNPLTF;CARGGRVWSQATPTKNWFDPW_CQQYNNWPPWTF;CARETVVTPQNAFDIW_CAAWDDSLNGYVF;CARKSGPPQYRYFDYW_CQQSYSTPLHF;CARDEMVRRDGYNFAFDIW_CQQYYSTPPLTF;CARGVGGCSSTSCYTRGYYGMDVW_CQQANSFLTF;CAKDGIVFYGSGSYNDYW_CQQYYETPTF;CARGVRVAPIDYW_CAAWDDSLWVF;CARGPVYYYGSGSYYYFDYW_CLQDYNYPFTF;CARVRGAFGEPPPYNWFDPW_CQSADSSGTYYVF;CARGTRGRSSGYYSNW_CQQYNNWPPYTF;CARGGLYSSSWSVHSTFQHW_CQQYGSSPRTF;CARDLGARDGYNKFDYW_CQQYYSTPALTF;CAHTPGSGQKGSIYW_CQQYYSTPWTF;CARGRSSGYYPHFDYW_CNSRDSSGNHYVF;CARLGPYGSGSYSPVDYW_CQQYYSNPQAF;CARGAAAGTLDAFDIW_CQQYYSTPLTF;CAADRIRGSSANYDYGMDVW_CQQYYSLRTF;CTRGGGALGNW_CQQYYSIPWTF;CARGGRYCSGGSCYNWFDPW_CLQDYNYPWTF;CARGPGIYGDYGGGRPGYFDYW_CQQYYSTPPITF;CARVDNVWTTWGYW_CQQSYSTPPTF;CARGPSRSYNVYYFDYW_CQQYYSTGTF;CARGRGARYDYGYGLVPNYFDYW_CQQHSSSPPTF;CARDRVHDYVWGSYRDLDYW_CQQSYSTLMYTF;CARGPMTTVATPRTQYFQFW_CQQYYSTPWTF;CSKDWAATGREIGYW_CQQYYRTPYTF;CARRYSYGYKRLSGWIWYFDLW_CAAWDDSLNGYVF;CARRDCSGGSTQSLPQRHLTCYYGMDVW_CQQYYSTLYTF;CANDRDASSAWYGPVGYW_CQQHYSTPGTF;CASSGWFDPW_CAAWDDSLSGRVF;CARDQYSSGWYLGGWGYFDYW_CQQYYSTLRTF;CARGVVGHPHLIDFW_CQQYYHMGTF;CARGMGSSSWYPNTKLVNWFDPW_CQQYYSTPPTF;CARGEYGDYAFDYW_CAAWDDSLNGYVF;CARGTIAVAGKRYYYFDYW_CQVWDSSSDHHVVF;CARQDCSGGSCYLDYW_CQVWDSSSDHPVF;CAKGYSSSWYYNYGMDVW_CQQYYSTPTF;CARALYYDILTGYYPRYYFDYW_CQQLNSYPITF;CARDRYFGPW_CQQYYSTPWTF;CARGSGYYVGSYFDYW_CNSRDSSGNHPPVVF;CARITMIGGAFDIW_CQQYYSTPSITF;CARDLPAVYYYGMDVW_CQQSYSTLFTF;CARGNTRLRGYSYGLQMARGGYGMDVW_CQQYGSSPGTF;CASSAPPYGHFDYW_CNSRDSSGNHVVF;CARSVTGTMGIYYYGMDVW_CQQYGSSRGTF;CVRGGSGTLSWYDSW_CQQYLSSPDTF;CTRDLLVNWNDPGLISYYNSFDVW_CQQYYNSPRTF;CARGRGYYGSGSYFSFSYYYGMDVW_CAAWDDSLNGQVF;CARDRRGYSYGYPWFDPW_CNSRDSSGNHRVF;CARGRVYGDYVFWFDPW_CQQSYSTPLTF;CARSDDNGDYVFNYW_CQQYYSTPPTF;CARAYGMDVW_CQKYNSAPYTF;CARELASHLGDYFDYW_CQQYYSTPPKTF;CARGTRGRSSGYYSNW_CQQYNNWPPYTF;CARKARQWEVAIDSW_CHQYYTTPLF;CASLERVRRFYYYYGMDVW_CLLYYGGARVF;CSVYDSSGYLYGAFDIW_CQQYYSTPLTF;CARYNWNLNFDYW_CAAWDDSLNANYVF;CSIHPYYYDSSSHSEYFQHW_CQQYDNLPPAF;CARGSPYCSGGSCYLNWFDPW_CQQYYSYPRTF	0	NA
18	68	CARQVGVGKWYLEDW_CCSYASGDNLVF;CARLIKYSGSYEMVDYW_CAAWDDSLNGYYVF;CARGGFITMIGYGMDVW_CQQYDNLPFTF;CARDLRWCSGGSCYGNYYGMDVW_CAAWDDSLNGQVF;CARDGRDYYDSSGYYYDDAFDIW_CQSADSSGTVVF;CARDHPLMVRENLGFDPW_CAAWDDSLNGPVF;CARDLRNYYDFWSGSPNPKINWFDPW_CQKYNSAPLTF;CARDLPAARYGDYGGFDYW_CAAWDDSLNGVVF;CARDLFPIQYGSEPYGMDVW_CQQYGSSPRTF;CARDIGPLDVW_CQVWDSSSDHRVF;CARDQGDGDYGAFDIW_CQQSYSTSSWTF;CARILEIVDPSGSYQYYFDYW_CGTWDSSLSAVVF;CARDGHYSGSYYVGYW_CCSYAGSYTYWVF;CAREEYSSSWHPYYFDYW_CGTWDSSLSAYVF;CAKDFRGWFDPW_CATWDDSLNGWVF;CARDRSGGSWFDPW_CVLYMGSGVF;CARASTAAYYYYYYGMDVW_CAAWDDSLNGHVVF;CAHHLSFGGNWAFAHW_CAAWDDSLNGSYVF;CASNLGYCSSISCYGFDYW_CQQYGSSPLYTF;CAKELPYYDSSGGPEYW_CAAWDDSLNGWVF;CARGEDYYGSGSYYGMDVW_CQAWDSNTVIF;CARVLGITGTTRRFDYW_CQQYYSYPFTF;CARDREQLAPFDYW_CQSADSSGTYVF;CAKDLIDTMIVVVITPPFDYW_CAAWDDSLNWVF;CARGGHLWSEEVMNRFYYYLGMDVW_CGAWDGSLNGYVF;CARDGYSGYDRADYYYYYGMDVW_CQSYDSSLSGSRVF;CARDHIAVAATPAEYYYYGMDVW_CQAWDSSTVVF;CARARDRQGAYYYGSGSYVPYYYYGMDVW_CCSYAGSSPWVF;CARQNFDILTGYSIDYW_CAAWDDSLNGLYVF;CARDNSGSYVVEYYFDYW_CAAWDDSLNGWVF;CARQYVEWLREMDVW_CAAWDDRLNGWVF;CARNYYYDSSGSGFDYW_CQQANSFPPTF;CAHRHHCSSTSCSPWDDWFDPW_CAAWDDSLNGPVF;CARQNFDILTGYSIDYW_CAAWDDSLNGLYVF;CAKTQVDGKALWFEPW_CATWDSILSGWIF;CARELLWFGEGINWFDPW_CAAWDDSLNGVVF;CARHNTITLRYFDWTKLGYFDLW_CAAWDDSLNGVVF;CARDRYDYGDYPAEYFQHW_CAAWDDSLNGVVF;CAREQLGGFDYW_CAAWDDSLSVVVF;CAIIPLATPVTIIMDYW_CMQSIQLPPQPTF;CAREQQLVPYYYYGMDVW_CAAWDDSLNGWVF;CARDGAGHYGSGSYFGSW_CATWDDSLNGFVIF;CASRTNHYYDIQRHYW_CQQSYSTPGVTF;CARHIMVRGVPPNFDYW_CAAWDDSLNGPVF;CASTGGGSYPILNW_CQQYYSYPLTF;CARGGPYPINSGYYYEVDYW_CAAWDDSLNGRYVF;CARGPNDAFDVW_CQQYARSPPWTF;CAHHASFGGNWAFAHW_CAAWDDSLNGSYVF;CARDRGYGSGSYFSGFDYW_CQQYNNWPPRTF;CARERGMYSSGWYNWFDPW_CQQYYSYPYTF;CARGGDGYNYHPYW_CQKYNSAPTF;CAKDSIPIYDSSGTTFDYW_CAAWDDSLNGWVF;CARDQRSYADYW_CQQYYSYPQTF;CARDLQRGYSYGYW_CAAWDDSLNGVVF;CARDIHGNGALYYYYGMDVW_CAAWDDSLNGLYVF;CARDNIVVVPAAMFEASDYYYGMDVW_CMQALQTPYTF;CARDELRQLVLW_CQSYDSSNPWVF;CARSYGSGSYPRPSPLAWFDPW_CAAWDDSLNGPVF;CARDLIGFGASFDYW_CQQYNNWPPYTF;CARMMGTYYGDHPTIVGYFDYW_CQQYNNWPLTF;CARDGLDYDSNAIDYW_CQQYDNLPYTF;CARHGGDCGLDCYSNWFDPW_CQHWTF;CAREPADSSSLW_CQSYDSSNWVF;CARSGQWLEGWFDPW_CQQYNSYSPTF;CAREGREGGGFDYW_CAAWDDSLSGWVF;CARFVPGGYDGFDIW_CASWDKNLNAFVF;CARDPVPVILGYCSGGRCSPLDYW_CQNYNSAPRTF;CAKDWDDYDSESGVYNYYGMDVW_CSAWDDSLNGVVF	19	62	CAKDFHRLTLLRYCSGGSCYSAFDIW_CCSYAGSSTYVF;CAKRPDTTGRSWYFDYW_CQQYNNWLWTF;CAKFDIAAADTGKGEDYW_CMQGTHWPPLTF;CAKDSLFDRIILIATDIW_CAAWDDSLNGWVF;CAKYPSFSSRRWYFDLW_CQQYNNWPPPYTF;CAKLPSYSYGPFDYW_CQVWDSSSDHPVF;CAKDRQQLVIDAFDIW_CQQANSFSYTF;CAKVLGFGPHYDILTGYYPFDYW_CQQSYSTPLTF;CASVQWLVDYW_CQQSYSTPMYTF;CAKDQSPSAKNGDYVSFDYW_CMQALQKTF;CAKDLRFLEWLLPYYYGMDVW_CMQALQTPWTF;CAKDIRGNSWYGDSEGIW_CMQGTHWPYTF;CASGMVDFDYW_CMQGTHWPPTF;CAKGDSRYWYFDLW_CQQRSNWPLTF;CAKWGHSSWYDNWFDPW_CQSADSSGTYVVF;CAKMGASRWGPSYYFDCW_CQQYGSSPRTF;CAKDHPTNWFDPW_CQQYYSYPRTF;CAKAQNYYDSSGYYPFDYW_CQVWDSSSDHSVVF;CAKAPESSAYYGPDYW_CAAWDDSLSGHWVF;CAKGATSCAYW_CQQSYSTPRTF;CARGRLGGYSLPGFDYW_CNSRDSSGNHVVF;CAKASARYCSGGSCYGTAFDIW_CQQSYSTPVF;CAKFHDSSGYYYLYGFDYW_CQAWDSSTYVF;CAKGAAASRTDYW_CQQSYSTPPYTF;CAKDEWERGAFDIW_CQQYNSYSPWTF;CAKADLLYSGSYGAW_CQQSYSTPYTF;CAKDGIVVVTAIKFGHGMDVW_CQQANSFPYTF;CAKRLDYW_CMQATQFPYTF;CANISPPPRYYGSGSYYNFAFDIW_CQQLNSYPFTF;CAKEDYNSGSCLDYW_CQQLNSYPQVTF;CAKVRGIVGATPCYFDYW_CQVWDSSSDHPVF;CAKDRGYRGDYSNWFDPW_CQQYNSYPRTF;CAKPSIVATIWAFDYW_CQQYDNLPPITF;CAKGRYSSSWYEDWYFDLW_CQQRSNWPPLTF;CAKDAEGQGPVLLWLGGMDVW_CQQYNSYSYTF;CATGIAVAGTLGYYGMDVW_CQQYNNWPRFTF;CAKASVAVAGTGGMDVW_CQVWDSSSDHVVF;CAKFFVVLSFWSGYYDYW_CQQLNSYPQTF;CAKGRNFVVVTAICDYW_CQQYGSSPLTF;CAKSLKLFAIDYW_CQSADSSGTYWVF;CAKGGYCSGGSCPLDYYYGMDVW_CMQALQTPLTF;CAKDHDEGATTYFDYW_CQAWDSSTVVF;CAKDRGPAEKYYYDSSGTQLIGAFDIW_CQQYYSYPPGTF;CAKALHAAVVGPAAIPFDYW_CSSYVGSNNYVF;CAKDHLMITFGGVGQGVPWFDPW_CQKYNSAPRTF;CAKAEGVKYNWNYGDYW_CQQSGSSPPTF;CAKETLGAVDYW_CCSYAGSSRVF;CAKAAMVRGVIDWYFDLW_CQQYYSYPPFTF;CAKGGGADFDHW_CQQYSIWPLSF;CAKDRDGYNADDAFDIW_CQQSYSTPLTF;CAKSYGSGSYYRTSEYYFDYW_CQQYNNWPPGTF;CAKRDSSSWGWDRGAFDIW_CQQLNSYPGFTF;CAKGFDYYGSGSYSPFDYW_CQQYNNWPPEYTF;CAKDGRWELGTFDIW_CQQYDNLPQF;CAKDRRLGPWIPDYW_CQQYDNLPQAF;CAKDRCTITSCSYQNW_CMQALQIPPTF;CAKDRSFDYPDYW_CQQYYSFPYTF;CAKLGEEDGSGSPSYYYYGMDVW_CQQYNNWPPLTF;CAKILYSSGWWGGAFDIW_CQQYNSYPLTF;CAKDKASSWQDRYYYYGMDVW_CVLYMGSGIRVF;CAKVGVGATSHFDYW_CQQSYSTPRYTF;CAKDLPRSVVVTANSYYYGMDVW_CQQYNSYPVTF	0	NA
18	68	CARQVGVGKWYLEDW_CCSYASGDNLVF;CARLIKYSGSYEMVDYW_CAAWDDSLNGYYVF;CARGGFITMIGYGMDVW_CQQYDNLPFTF;CARDLRWCSGGSCYGNYYGMDVW_CAAWDDSLNGQVF;CARDGRDYYDSSGYYYDDAFDIW_CQSADSSGTVVF;CARDHPLMVRENLGFDPW_CAAWDDSLNGPVF;CARDLRNYYDFWSGSPNPKINWFDPW_CQKYNSAPLTF;CARDLPAARYGDYGGFDYW_CAAWDDSLNGVVF;CARDLFPIQYGSEPYGMDVW_CQQYGSSPRTF;CARDIGPLDVW_CQVWDSSSDHRVF;CARDQGDGDYGAFDIW_CQQSYSTSSWTF;CARILEIVDPSGSYQYYFDYW_CGTWDSSLSAVVF;CARDGHYSGSYYVGYW_CCSYAGSYTYWVF;CAREEYSSSWHPYYFDYW_CGTWDSSLSAYVF;CAKDFRGWFDPW_CATWDDSLNGWVF;CARDRSGGSWFDPW_CVLYMGSGVF;CARASTAAYYYYYYGMDVW_CAAWDDSLNGHVVF;CAHHLSFGGNWAFAHW_CAAWDDSLNGSYVF;CASNLGYCSSISCYGFDYW_CQQYGSSPLYTF;CAKELPYYDSSGGPEYW_CAAWDDSLNGWVF;CARGEDYYGSGSYYGMDVW_CQAWDSNTVIF;CARVLGITGTTRRFDYW_CQQYYSYPFTF;CARDREQLAPFDYW_CQSADSSGTYVF;CAKDLIDTMIVVVITPPFDYW_CAAWDDSLNWVF;CARGGHLWSEEVMNRFYYYLGMDVW_CGAWDGSLNGYVF;CARDGYSGYDRADYYYYYGMDVW_CQSYDSSLSGSRVF;CARDHIAVAATPAEYYYYGMDVW_CQAWDSSTVVF;CARARDRQGAYYYGSGSYVPYYYYGMDVW_CCSYAGSSPWVF;CARQNFDILTGYSIDYW_CAAWDDSLNGLYVF;CARDNSGSYVVEYYFDYW_CAAWDDSLNGWVF;CARQYVEWLREMDVW_CAAWDDRLNGWVF;CARNYYYDSSGSGFDYW_CQQANSFPPTF;CAHRHHCSSTSCSPWDDWFDPW_CAAWDDSLNGPVF;CARQNFDILTGYSIDYW_CAAWDDSLNGLYVF;CAKTQVDGKALWFEPW_CATWDSILSGWIF;CARELLWFGEGINWFDPW_CAAWDDSLNGVVF;CARHNTITLRYFDWTKLGYFDLW_CAAWDDSLNGVVF;CARDRYDYGDYPAEYFQHW_CAAWDDSLNGVVF;CAREQLGGFDYW_CAAWDDSLSVVVF;CAIIPLATPVTIIMDYW_CMQSIQLPPQPTF;CAREQQLVPYYYYGMDVW_CAAWDDSLNGWVF;CARDGAGHYGSGSYFGSW_CATWDDSLNGFVIF;CASRTNHYYDIQRHYW_CQQSYSTPGVTF;CARHIMVRGVPPNFDYW_CAAWDDSLNGPVF;CASTGGGSYPILNW_CQQYYSYPLTF;CARGGPYPINSGYYYEVDYW_CAAWDDSLNGRYVF;CARGPNDAFDVW_CQQYARSPPWTF;CAHHASFGGNWAFAHW_CAAWDDSLNGSYVF;CARDRGYGSGSYFSGFDYW_CQQYNNWPPRTF;CARERGMYSSGWYNWFDPW_CQQYYSYPYTF;CARGGDGYNYHPYW_CQKYNSAPTF;CAKDSIPIYDSSGTTFDYW_CAAWDDSLNGWVF;CARDQRSYADYW_CQQYYSYPQTF;CARDLQRGYSYGYW_CAAWDDSLNGVVF;CARDIHGNGALYYYYGMDVW_CAAWDDSLNGLYVF;CARDNIVVVPAAMFEASDYYYGMDVW_CMQALQTPYTF;CARDELRQLVLW_CQSYDSSNPWVF;CARSYGSGSYPRPSPLAWFDPW_CAAWDDSLNGPVF;CARDLIGFGASFDYW_CQQYNNWPPYTF;CARMMGTYYGDHPTIVGYFDYW_CQQYNNWPLTF;CARDGLDYDSNAIDYW_CQQYDNLPYTF;CARHGGDCGLDCYSNWFDPW_CQHWTF;CAREPADSSSLW_CQSYDSSNWVF;CARSGQWLEGWFDPW_CQQYNSYSPTF;CAREGREGGGFDYW_CAAWDDSLSGWVF;CARFVPGGYDGFDIW_CASWDKNLNAFVF;CARDPVPVILGYCSGGRCSPLDYW_CQNYNSAPRTF;CAKDWDDYDSESGVYNYYGMDVW_CSAWDDSLNGVVF	20	56	CARETTPVVTASTYYYYYGMDVW_CSSYTSSSTWVF;CARDWVRGVNDMDVW_CSSYTSSSTRVF;CTRPQRKWELPYPDAFDIW_CSSYTSSSTLF;CARGGAAVTTYYYYFYGMDAW_CCSYSSTNTLYVF;CARDGSGYLEQYYFDYW_CAAWDDSLNGYVF;CARGQGRTTSDYW_CSSYTSSSTLVVF;CARDPITMVRGVIISGWYFDLW_CSSYTSSSTLDVVF;CAKGADPYYDFWSGYSELFPLGMDVW_CSSYTSSSTVVF;CAREFKSFWSGYGDYYYGMDVW_CSSYTSSSTRVF;CARVVDDYYDSSGRYYFDYW_CSSYTSSSTQVF;CARHPFRVFGGWRDYW_CSSYTSSSTLWVF;CTGPDRMAYYDSSGYWEGVLDYW_CSSYTSSSPLYVF;CTRCGSSWTSYTMYDW_CSSYTGSRLYVF;CAKASLYGSGSYPPKYW_CSSYTSSSTYVF;CARDRPALWFGELHGMDVW_CSSYTSSSTLVF;CAKDHWEYYWYFDLW_CSSYTSSSTLVF;CARQISILRLLVWFDPW_CSSYTSSRGVF;CARHSPPRLWFGAFNYYYGMDVW_CSSYTGSSTLVF;CARRIAVAATVTGAMDVW_CTSYTSSSTLVF;CARYYDILTGYYYDYFDYW_CSSYTSSSTSF;CAKDPRLGPYFDYW_CSSYTSSSTRVF;CATSLVVVPAAILRGGVGGHYYGMDVW_CGTWDSSLSAVVF;CARILSDYYDSIGAFDYW_CSSYTSSSTPVVF;CARDRVAIMRGIKPNGMDVW_CQQLNSYPQTF;CARELTGDRDYW_CNSYTRSSTYVF;CARVNTMVRGLSTTKYYYPMDVW_CSSYTLSILIF;CARGGLPLGYCSGGSCSRRYYGMDVW_CSSYTSSSTLVVF;CARVEYGDYSGWFDPW_CSSYTSSSTWVF;CARGINYCSGGSCYYYYYYGMDVW_CSSYTSSSTLEGVF;CAREGPSRPAANYW_CSSYTSSSTEVF;CVRDQGSGGNYFDPW_CSSYTSSSLYVF;CARDDYYYDSSGYYPRFDYW_CSSYTSSSTLGVF;CARGSRYSYGDPCFDYW_CSSYTSSSTPVVVF;CARYYQDRFDYW_CSSYTSSSTLEVF;CARGPYDILTGSIYYYGMDVW_CSSYTSSSTLIF;CARDLGWSEGNYYYYGMDVW_CSSYTSSSTYVF;CAYDSSGYSLDYW_CQQYGSSPF;CARDQGTAAKPLDYW_CSSYTSSSTRVF;CARGGYSGYESDYW_CSSYTSSSTRVF;CARSSVGRQWPKGMDVW_CSSYTSSSTLAF;CAKDIRGRMATIMSW_CSSYTSSSTLVVF;CARVELHYYYYYGMDVW_CSSYTSSSTLF;CARGMIVVVMRYGMDVW_CSSYTSSSPVVF;CAKGILRYFDWHLEGMDVW_CSSYRNISTVF;CAKDIVSYSNYVLSNW_CSSYTSSSTQHVVF;CARHGSYLGYFQHW_CSSYTSSSTVVF;CAKDKGPDYYYGMDVW_CSSYTSSSTLYVF;CARSMVRGKYRAEYFQHW_CSSYTSSSTLNVVF;CATLSGMDVW_CSSYTSSSTLVVF;CAREGRPPRKPKNNWFDPW_CSSYAGSNNLVF;CARGYSYGPFDYW_CSSYTSSSTLVVF;CASPITTVTTRGAFDIW_CSSYTSSSTFYVF;CAETSYCSGGSCPMSEYGPVFDPW_CSSYTSSSTPWVF;CAKDCGEPWYNWNDGIGYW_CSSYTSSSTWVF;CARDSRLGGVDPW_CSSYTSSSTRVF;CAKAPGGYNWDNYHYYYFAMDVW_CSSYTSSSTLYVF	0	NA
18	68	CARQVGVGKWYLEDW_CCSYASGDNLVF;CARLIKYSGSYEMVDYW_CAAWDDSLNGYYVF;CARGGFITMIGYGMDVW_CQQYDNLPFTF;CARDLRWCSGGSCYGNYYGMDVW_CAAWDDSLNGQVF;CARDGRDYYDSSGYYYDDAFDIW_CQSADSSGTVVF;CARDHPLMVRENLGFDPW_CAAWDDSLNGPVF;CARDLRNYYDFWSGSPNPKINWFDPW_CQKYNSAPLTF;CARDLPAARYGDYGGFDYW_CAAWDDSLNGVVF;CARDLFPIQYGSEPYGMDVW_CQQYGSSPRTF;CARDIGPLDVW_CQVWDSSSDHRVF;CARDQGDGDYGAFDIW_CQQSYSTSSWTF;CARILEIVDPSGSYQYYFDYW_CGTWDSSLSAVVF;CARDGHYSGSYYVGYW_CCSYAGSYTYWVF;CAREEYSSSWHPYYFDYW_CGTWDSSLSAYVF;CAKDFRGWFDPW_CATWDDSLNGWVF;CARDRSGGSWFDPW_CVLYMGSGVF;CARASTAAYYYYYYGMDVW_CAAWDDSLNGHVVF;CAHHLSFGGNWAFAHW_CAAWDDSLNGSYVF;CASNLGYCSSISCYGFDYW_CQQYGSSPLYTF;CAKELPYYDSSGGPEYW_CAAWDDSLNGWVF;CARGEDYYGSGSYYGMDVW_CQAWDSNTVIF;CARVLGITGTTRRFDYW_CQQYYSYPFTF;CARDREQLAPFDYW_CQSADSSGTYVF;CAKDLIDTMIVVVITPPFDYW_CAAWDDSLNWVF;CARGGHLWSEEVMNRFYYYLGMDVW_CGAWDGSLNGYVF;CARDGYSGYDRADYYYYYGMDVW_CQSYDSSLSGSRVF;CARDHIAVAATPAEYYYYGMDVW_CQAWDSSTVVF;CARARDRQGAYYYGSGSYVPYYYYGMDVW_CCSYAGSSPWVF;CARQNFDILTGYSIDYW_CAAWDDSLNGLYVF;CARDNSGSYVVEYYFDYW_CAAWDDSLNGWVF;CARQYVEWLREMDVW_CAAWDDRLNGWVF;CARNYYYDSSGSGFDYW_CQQANSFPPTF;CAHRHHCSSTSCSPWDDWFDPW_CAAWDDSLNGPVF;CARQNFDILTGYSIDYW_CAAWDDSLNGLYVF;CAKTQVDGKALWFEPW_CATWDSILSGWIF;CARELLWFGEGINWFDPW_CAAWDDSLNGVVF;CARHNTITLRYFDWTKLGYFDLW_CAAWDDSLNGVVF;CARDRYDYGDYPAEYFQHW_CAAWDDSLNGVVF;CAREQLGGFDYW_CAAWDDSLSVVVF;CAIIPLATPVTIIMDYW_CMQSIQLPPQPTF;CAREQQLVPYYYYGMDVW_CAAWDDSLNGWVF;CARDGAGHYGSGSYFGSW_CATWDDSLNGFVIF;CASRTNHYYDIQRHYW_CQQSYSTPGVTF;CARHIMVRGVPPNFDYW_CAAWDDSLNGPVF;CASTGGGSYPILNW_CQQYYSYPLTF;CARGGPYPINSGYYYEVDYW_CAAWDDSLNGRYVF;CARGPNDAFDVW_CQQYARSPPWTF;CAHHASFGGNWAFAHW_CAAWDDSLNGSYVF;CARDRGYGSGSYFSGFDYW_CQQYNNWPPRTF;CARERGMYSSGWYNWFDPW_CQQYYSYPYTF;CARGGDGYNYHPYW_CQKYNSAPTF;CAKDSIPIYDSSGTTFDYW_CAAWDDSLNGWVF;CARDQRSYADYW_CQQYYSYPQTF;CARDLQRGYSYGYW_CAAWDDSLNGVVF;CARDIHGNGALYYYYGMDVW_CAAWDDSLNGLYVF;CARDNIVVVPAAMFEASDYYYGMDVW_CMQALQTPYTF;CARDELRQLVLW_CQSYDSSNPWVF;CARSYGSGSYPRPSPLAWFDPW_CAAWDDSLNGPVF;CARDLIGFGASFDYW_CQQYNNWPPYTF;CARMMGTYYGDHPTIVGYFDYW_CQQYNNWPLTF;CARDGLDYDSNAIDYW_CQQYDNLPYTF;CARHGGDCGLDCYSNWFDPW_CQHWTF;CAREPADSSSLW_CQSYDSSNWVF;CARSGQWLEGWFDPW_CQQYNSYSPTF;CAREGREGGGFDYW_CAAWDDSLSGWVF;CARFVPGGYDGFDIW_CASWDKNLNAFVF;CARDPVPVILGYCSGGRCSPLDYW_CQNYNSAPRTF;CAKDWDDYDSESGVYNYYGMDVW_CSAWDDSLNGVVF	22	1	CARHGINYYDSSGYSGNDAFDIW_CQQYDNLFTF	0	NA
19	62	CAKDFHRLTLLRYCSGGSCYSAFDIW_CCSYAGSSTYVF;CAKRPDTTGRSWYFDYW_CQQYNNWLWTF;CAKFDIAAADTGKGEDYW_CMQGTHWPPLTF;CAKDSLFDRIILIATDIW_CAAWDDSLNGWVF;CAKYPSFSSRRWYFDLW_CQQYNNWPPPYTF;CAKLPSYSYGPFDYW_CQVWDSSSDHPVF;CAKDRQQLVIDAFDIW_CQQANSFSYTF;CAKVLGFGPHYDILTGYYPFDYW_CQQSYSTPLTF;CASVQWLVDYW_CQQSYSTPMYTF;CAKDQSPSAKNGDYVSFDYW_CMQALQKTF;CAKDLRFLEWLLPYYYGMDVW_CMQALQTPWTF;CAKDIRGNSWYGDSEGIW_CMQGTHWPYTF;CASGMVDFDYW_CMQGTHWPPTF;CAKGDSRYWYFDLW_CQQRSNWPLTF;CAKWGHSSWYDNWFDPW_CQSADSSGTYVVF;CAKMGASRWGPSYYFDCW_CQQYGSSPRTF;CAKDHPTNWFDPW_CQQYYSYPRTF;CAKAQNYYDSSGYYPFDYW_CQVWDSSSDHSVVF;CAKAPESSAYYGPDYW_CAAWDDSLSGHWVF;CAKGATSCAYW_CQQSYSTPRTF;CARGRLGGYSLPGFDYW_CNSRDSSGNHVVF;CAKASARYCSGGSCYGTAFDIW_CQQSYSTPVF;CAKFHDSSGYYYLYGFDYW_CQAWDSSTYVF;CAKGAAASRTDYW_CQQSYSTPPYTF;CAKDEWERGAFDIW_CQQYNSYSPWTF;CAKADLLYSGSYGAW_CQQSYSTPYTF;CAKDGIVVVTAIKFGHGMDVW_CQQANSFPYTF;CAKRLDYW_CMQATQFPYTF;CANISPPPRYYGSGSYYNFAFDIW_CQQLNSYPFTF;CAKEDYNSGSCLDYW_CQQLNSYPQVTF;CAKVRGIVGATPCYFDYW_CQVWDSSSDHPVF;CAKDRGYRGDYSNWFDPW_CQQYNSYPRTF;CAKPSIVATIWAFDYW_CQQYDNLPPITF;CAKGRYSSSWYEDWYFDLW_CQQRSNWPPLTF;CAKDAEGQGPVLLWLGGMDVW_CQQYNSYSYTF;CATGIAVAGTLGYYGMDVW_CQQYNNWPRFTF;CAKASVAVAGTGGMDVW_CQVWDSSSDHVVF;CAKFFVVLSFWSGYYDYW_CQQLNSYPQTF;CAKGRNFVVVTAICDYW_CQQYGSSPLTF;CAKSLKLFAIDYW_CQSADSSGTYWVF;CAKGGYCSGGSCPLDYYYGMDVW_CMQALQTPLTF;CAKDHDEGATTYFDYW_CQAWDSSTVVF;CAKDRGPAEKYYYDSSGTQLIGAFDIW_CQQYYSYPPGTF;CAKALHAAVVGPAAIPFDYW_CSSYVGSNNYVF;CAKDHLMITFGGVGQGVPWFDPW_CQKYNSAPRTF;CAKAEGVKYNWNYGDYW_CQQSGSSPPTF;CAKETLGAVDYW_CCSYAGSSRVF;CAKAAMVRGVIDWYFDLW_CQQYYSYPPFTF;CAKGGGADFDHW_CQQYSIWPLSF;CAKDRDGYNADDAFDIW_CQQSYSTPLTF;CAKSYGSGSYYRTSEYYFDYW_CQQYNNWPPGTF;CAKRDSSSWGWDRGAFDIW_CQQLNSYPGFTF;CAKGFDYYGSGSYSPFDYW_CQQYNNWPPEYTF;CAKDGRWELGTFDIW_CQQYDNLPQF;CAKDRRLGPWIPDYW_CQQYDNLPQAF;CAKDRCTITSCSYQNW_CMQALQIPPTF;CAKDRSFDYPDYW_CQQYYSFPYTF;CAKLGEEDGSGSPSYYYYGMDVW_CQQYNNWPPLTF;CAKILYSSGWWGGAFDIW_CQQYNSYPLTF;CAKDKASSWQDRYYYYGMDVW_CVLYMGSGIRVF;CAKVGVGATSHFDYW_CQQSYSTPRYTF;CAKDLPRSVVVTANSYYYGMDVW_CQQYNSYPVTF	0	3	CAREVVLMVHRRGGLNMDVW_CQQYYSTPLTF;CARDPHYYDSSGYYYWYFDLW_CSSYAGSNNPYVF;NA_CQQANSFPLTF	0	NA
19	62	CAKDFHRLTLLRYCSGGSCYSAFDIW_CCSYAGSSTYVF;CAKRPDTTGRSWYFDYW_CQQYNNWLWTF;CAKFDIAAADTGKGEDYW_CMQGTHWPPLTF;CAKDSLFDRIILIATDIW_CAAWDDSLNGWVF;CAKYPSFSSRRWYFDLW_CQQYNNWPPPYTF;CAKLPSYSYGPFDYW_CQVWDSSSDHPVF;CAKDRQQLVIDAFDIW_CQQANSFSYTF;CAKVLGFGPHYDILTGYYPFDYW_CQQSYSTPLTF;CASVQWLVDYW_CQQSYSTPMYTF;CAKDQSPSAKNGDYVSFDYW_CMQALQKTF;CAKDLRFLEWLLPYYYGMDVW_CMQALQTPWTF;CAKDIRGNSWYGDSEGIW_CMQGTHWPYTF;CASGMVDFDYW_CMQGTHWPPTF;CAKGDSRYWYFDLW_CQQRSNWPLTF;CAKWGHSSWYDNWFDPW_CQSADSSGTYVVF;CAKMGASRWGPSYYFDCW_CQQYGSSPRTF;CAKDHPTNWFDPW_CQQYYSYPRTF;CAKAQNYYDSSGYYPFDYW_CQVWDSSSDHSVVF;CAKAPESSAYYGPDYW_CAAWDDSLSGHWVF;CAKGATSCAYW_CQQSYSTPRTF;CARGRLGGYSLPGFDYW_CNSRDSSGNHVVF;CAKASARYCSGGSCYGTAFDIW_CQQSYSTPVF;CAKFHDSSGYYYLYGFDYW_CQAWDSSTYVF;CAKGAAASRTDYW_CQQSYSTPPYTF;CAKDEWERGAFDIW_CQQYNSYSPWTF;CAKADLLYSGSYGAW_CQQSYSTPYTF;CAKDGIVVVTAIKFGHGMDVW_CQQANSFPYTF;CAKRLDYW_CMQATQFPYTF;CANISPPPRYYGSGSYYNFAFDIW_CQQLNSYPFTF;CAKEDYNSGSCLDYW_CQQLNSYPQVTF;CAKVRGIVGATPCYFDYW_CQVWDSSSDHPVF;CAKDRGYRGDYSNWFDPW_CQQYNSYPRTF;CAKPSIVATIWAFDYW_CQQYDNLPPITF;CAKGRYSSSWYEDWYFDLW_CQQRSNWPPLTF;CAKDAEGQGPVLLWLGGMDVW_CQQYNSYSYTF;CATGIAVAGTLGYYGMDVW_CQQYNNWPRFTF;CAKASVAVAGTGGMDVW_CQVWDSSSDHVVF;CAKFFVVLSFWSGYYDYW_CQQLNSYPQTF;CAKGRNFVVVTAICDYW_CQQYGSSPLTF;CAKSLKLFAIDYW_CQSADSSGTYWVF;CAKGGYCSGGSCPLDYYYGMDVW_CMQALQTPLTF;CAKDHDEGATTYFDYW_CQAWDSSTVVF;CAKDRGPAEKYYYDSSGTQLIGAFDIW_CQQYYSYPPGTF;CAKALHAAVVGPAAIPFDYW_CSSYVGSNNYVF;CAKDHLMITFGGVGQGVPWFDPW_CQKYNSAPRTF;CAKAEGVKYNWNYGDYW_CQQSGSSPPTF;CAKETLGAVDYW_CCSYAGSSRVF;CAKAAMVRGVIDWYFDLW_CQQYYSYPPFTF;CAKGGGADFDHW_CQQYSIWPLSF;CAKDRDGYNADDAFDIW_CQQSYSTPLTF;CAKSYGSGSYYRTSEYYFDYW_CQQYNNWPPGTF;CAKRDSSSWGWDRGAFDIW_CQQLNSYPGFTF;CAKGFDYYGSGSYSPFDYW_CQQYNNWPPEYTF;CAKDGRWELGTFDIW_CQQYDNLPQF;CAKDRRLGPWIPDYW_CQQYDNLPQAF;CAKDRCTITSCSYQNW_CMQALQIPPTF;CAKDRSFDYPDYW_CQQYYSFPYTF;CAKLGEEDGSGSPSYYYYGMDVW_CQQYNNWPPLTF;CAKILYSSGWWGGAFDIW_CQQYNSYPLTF;CAKDKASSWQDRYYYYGMDVW_CVLYMGSGIRVF;CAKVGVGATSHFDYW_CQQSYSTPRYTF;CAKDLPRSVVVTANSYYYGMDVW_CQQYNSYPVTF	2	1	CARGTPGWYW_CQQYGSSPTF	0	NA
19	62	CAKDFHRLTLLRYCSGGSCYSAFDIW_CCSYAGSSTYVF;CAKRPDTTGRSWYFDYW_CQQYNNWLWTF;CAKFDIAAADTGKGEDYW_CMQGTHWPPLTF;CAKDSLFDRIILIATDIW_CAAWDDSLNGWVF;CAKYPSFSSRRWYFDLW_CQQYNNWPPPYTF;CAKLPSYSYGPFDYW_CQVWDSSSDHPVF;CAKDRQQLVIDAFDIW_CQQANSFSYTF;CAKVLGFGPHYDILTGYYPFDYW_CQQSYSTPLTF;CASVQWLVDYW_CQQSYSTPMYTF;CAKDQSPSAKNGDYVSFDYW_CMQALQKTF;CAKDLRFLEWLLPYYYGMDVW_CMQALQTPWTF;CAKDIRGNSWYGDSEGIW_CMQGTHWPYTF;CASGMVDFDYW_CMQGTHWPPTF;CAKGDSRYWYFDLW_CQQRSNWPLTF;CAKWGHSSWYDNWFDPW_CQSADSSGTYVVF;CAKMGASRWGPSYYFDCW_CQQYGSSPRTF;CAKDHPTNWFDPW_CQQYYSYPRTF;CAKAQNYYDSSGYYPFDYW_CQVWDSSSDHSVVF;CAKAPESSAYYGPDYW_CAAWDDSLSGHWVF;CAKGATSCAYW_CQQSYSTPRTF;CARGRLGGYSLPGFDYW_CNSRDSSGNHVVF;CAKASARYCSGGSCYGTAFDIW_CQQSYSTPVF;CAKFHDSSGYYYLYGFDYW_CQAWDSSTYVF;CAKGAAASRTDYW_CQQSYSTPPYTF;CAKDEWERGAFDIW_CQQYNSYSPWTF;CAKADLLYSGSYGAW_CQQSYSTPYTF;CAKDGIVVVTAIKFGHGMDVW_CQQANSFPYTF;CAKRLDYW_CMQATQFPYTF;CANISPPPRYYGSGSYYNFAFDIW_CQQLNSYPFTF;CAKEDYNSGSCLDYW_CQQLNSYPQVTF;CAKVRGIVGATPCYFDYW_CQVWDSSSDHPVF;CAKDRGYRGDYSNWFDPW_CQQYNSYPRTF;CAKPSIVATIWAFDYW_CQQYDNLPPITF;CAKGRYSSSWYEDWYFDLW_CQQRSNWPPLTF;CAKDAEGQGPVLLWLGGMDVW_CQQYNSYSYTF;CATGIAVAGTLGYYGMDVW_CQQYNNWPRFTF;CAKASVAVAGTGGMDVW_CQVWDSSSDHVVF;CAKFFVVLSFWSGYYDYW_CQQLNSYPQTF;CAKGRNFVVVTAICDYW_CQQYGSSPLTF;CAKSLKLFAIDYW_CQSADSSGTYWVF;CAKGGYCSGGSCPLDYYYGMDVW_CMQALQTPLTF;CAKDHDEGATTYFDYW_CQAWDSSTVVF;CAKDRGPAEKYYYDSSGTQLIGAFDIW_CQQYYSYPPGTF;CAKALHAAVVGPAAIPFDYW_CSSYVGSNNYVF;CAKDHLMITFGGVGQGVPWFDPW_CQKYNSAPRTF;CAKAEGVKYNWNYGDYW_CQQSGSSPPTF;CAKETLGAVDYW_CCSYAGSSRVF;CAKAAMVRGVIDWYFDLW_CQQYYSYPPFTF;CAKGGGADFDHW_CQQYSIWPLSF;CAKDRDGYNADDAFDIW_CQQSYSTPLTF;CAKSYGSGSYYRTSEYYFDYW_CQQYNNWPPGTF;CAKRDSSSWGWDRGAFDIW_CQQLNSYPGFTF;CAKGFDYYGSGSYSPFDYW_CQQYNNWPPEYTF;CAKDGRWELGTFDIW_CQQYDNLPQF;CAKDRRLGPWIPDYW_CQQYDNLPQAF;CAKDRCTITSCSYQNW_CMQALQIPPTF;CAKDRSFDYPDYW_CQQYYSFPYTF;CAKLGEEDGSGSPSYYYYGMDVW_CQQYNNWPPLTF;CAKILYSSGWWGGAFDIW_CQQYNSYPLTF;CAKDKASSWQDRYYYYGMDVW_CVLYMGSGIRVF;CAKVGVGATSHFDYW_CQQSYSTPRYTF;CAKDLPRSVVVTANSYYYGMDVW_CQQYNSYPVTF	4	534	CARENYDFWSGYYHGADVW_CMIWHSSAWVF;CARRYYDSSGYSANFDYW_CQTWGTGIYVF;CAKAGDSSGYQKTYYFDYW_CQSADSSGTYGVF;CTTEALDYGANSRSPNFDYW_CQAWDSSNVVF;CAKDTEVGASRYYYYYGMDVW_CQQYGSSPPFTF;CASISMVRGEGGGYW_CQVWDSSSDHPVVF;CARADVVVVAALDYW_CQQYYSTPITF;CAKDFSGGEVVVVAATDYW_CQQYYSYPRTF;CARTGVTTVTTFPYW_CQQSYSTPGTF;CARDRWVVAAYYYGMDVW_CAIWYSSTWVF;CARDPMVRGVNYGMDVW_CMQALQTPRTF;CVGVGYNYRRDGAFDIW_CQQYGSSPQITF;CARETGYSSGWYEATGMDVW_CNSRDSSGNHLVF;CARSKGCSGGSCYHNWFDPW_CQQSYSTPYTF;CARDRYYYGSGRHRGSYYYYGMDVW_CAAWDDSLNGWVF;CAKPEAGQWLHVHHNHYGLDVW_CQSFDNSLSGSVF;CAAIAVYVYW_CQQYNSYPLTF;CAKANLAGVVAAIGIDYW_CAAWDDSLSGVVF;CARGIQLWWWFDPW_CQQSYSTPCTF;CASPQPGSGWSNYYYYGMDVW_CSSYTSSSTSYVF;CARDELDILTGYNIPTFGGCVYW_CQQYYSYPWTF;CVKEITAAKNRRKSLGYFFDFW_CQQYNDWPPLTF;CARDVCRGHYGDCLWGYW_CQQYYSYPITF;CARKGIAVRGGIDYW_CLLYYGGAWVF;CARDVSDGYNYEAWVDYW_CQQSYSTLWTF;CANGPPINYGDYEDAFDIW_CQQYNSYPLTF;NA_CQQSYRTPFTF;CARDRRGEHNFDYW_CQQRSNWPPGTF;CARDSEGEPSAGDAFDIW_CQQSYSTPWTF;CAKVLLDYYYGMDVW_CSSYTSSSTLVVF;CARGGWWELPYYYYYGMDVW_CMQALQTRNTF;CAKDPDYW_CQQRSNWPTF;CARVLDVW_CQQYNSYWTF;CAREKWELPPPPYYFDYW_CCSYAGSYTVVF;CAHRRYYYVAFDYW_CQQYYSTPLTF;CAHHGSARYSSSWHAAPGPYYFDYW_CQVWDSRAYVF;CARDFTEDGYNFDWRMLPDYW_CQQRSNWPPITF;CARGQIGGWSPYYYYGLDVW_CQQGYTNPFTF;CARGRNLGVVTKFNWFDPW_CAAWDDSLNGLVF;CARDGPYSGSYYGDAFDIW_CQQSYSTPRTF;CARDLGATDYW_CCSYAGSSTPYVF;NA_CQSADSSGTSWVF;CAKDGGLDYALYWYFDLW_CQQYNSLYTF;CAHKMGRGGGVDYW_CQQLSTDPITF;CTRDPHYGDHVPHNWFDPW_CQQSYRSPYTF;CARYDYDITVDHW_CMQGLQPFTF;CARAVDTAMVTNNWFDPW_CQQSYSTPFTF;CATEDTARDLYRAAFDIW_CQQYNGWTF;CARGYATALSRTDYW_CSSYTSSSTLVVF;CARGWSIVVVVAATFPNWFDPW_CQQRSNWPPTF;CARVAAVRSGRVNYYYYYGMDVW_CQSADSSGTYKVVF;CASIAVAGYFNYW_CQQYYSTPFTF;CAKVFSSSWGDYW_CQQSYSTPITF;CASFVDTAMAIPLDYWYFDLW_CQQYNNWPPWTF;CARGTVTTGRGYFDLW_CQQYGSSPQVTF;CAKDRASYYNFPIDPW_CQQYYSTPFTF;CAQTKLGIFGGMDVW_CQQSYSTPYTF;CARGPGYFDYW_CQQYDNLPRTF;CASHGVVVAATRGTPGSDYW_CQQSYSTLRTF;CASTVPSSLRAGAFDIW_CQQYYSTPRTF;CARDTMGPLYYGMDVW_CQVWDSSTVVF;CAKDLGELTDYW_CSSYTSSSTLVVVF;CAKSGPPLEWFFLGYYYGMDVW_CNSRDSSGNHVVF;CAKDATGYFDWLPYYYYYYGMDVW_CLLYYGGAQLWVF;CTTDSPHMITFGGVIVFDYW_CAAWDDSLNGGVF;CARDLRPVAGTADYLDYW_CQQYHYWPRTF;CARGVTIFGVVIMGGMDVW_CQQSYSTPYTF;CAKDLLSIYGSPSDYW_CQPYYGAPPYTF;CASAWYYYDSSGYYPFDYW_CQQYGSSPWTF;CVKDRSSRQLKAVGTYFDCW_CTSYTSSSTSYVF;CAREDLLWFGERWAKNSFDPW_CMQALQTPITF;CTRVVTMIVVAQGGFDYW_CAAWDDSLSAVVF;CARDKVVGARNWFDPW_CQQSYSTPSF;CARAVLRFLEWFSNWFDPW_CSSYTSSSTHVF;CARDRVVGATLYYYYYGMDVW_CQAWDSSSVVF;CARHEVPEMATIRGWFDPW_CQQYGSSLFTF;CARDRGSGTEPDFDYW_CMQATQFPLTF;CARVFGSVGATRSTDYW_CQQYITDPFTF;CARDELDILTGYNIPTFGGCVYW_CQQYYSYPWTF;CAHSDYYEGRGMDVW_CQQYYSTPYTF;NA_CQQYDELPVTF;CATTYYYDSSGYYQNDAFDIW_CQQYYSYPRTF;CAREIEGDGVFEIW_CMIWHSSAWVV;CARHIRGNRFGNDAFDIW_CQQYYSFPYTF;CARRLITMIEGGAFDIW_CQVWDSSSDHVVF;CAKVMIEHPSNRGHFDYW_CMQALQTPYTF;CTTDDEKRPYSGSYLPFDYW_CQSYDSSNVVF;CARGGRVSVAVYWDYYYYGMDVW_CQKYNSAPFTF;CAHSAQYYDILTGYYKAPWGGAFDIW_CQQYNSYSWTF;CARDDFGGATFYSSFDYW_CQQSYSTPYTF;CARAAKIFGVVTAFDIW_CQQYGSSPWTF;CVKDYSTSGWYYFDFW_CQQYGSSLPYTF;CARVVPAAFYGMDVW_CQQYGSSLFTF;CAGGSGYCTNGVCYPRGFDYYYGMDVW_CAAWDDSPPWVF;CAKDDTAMVTADFFDYW_CQTWGTGIWVF;CARTPRWLQCFDYW_CQQYNSYSWTF;CARDQWLAYYFDYW_CQSYDSSNHWVF;CARSGTTYYDILTGYYNYW_CQQYGSSRWTF;CAHRYYSNIDYW_CMQGTHWPWTF;CARDWGYYDSSGYSPRGYYYYYGMDVW_CQQLNSYSFTF;CAKDRVGYGDYVDYW_CQQYNNWPPWTF;CARLGSSPYYW_CQSYDSSLSGYVF;CTRYYGDVW_CQQYYSFPWTF;CAKDHYYDSSGYYSGLGYW_CQSADSSGTYRVVF;CATGLVVPAAILYGMDVW_CQQYGSSRGLTF;CAKDDGDAAAGLIYW_CAAWDDSLSGVVF;CAKDGGGEEALELPDYW_CGTWDSSLSAVVF;CATLRYPSLGVDYW_CHQYNNWPFTF;CARKDSSGSDAFDLW_CQQSYSTPYTF;CARDVVQLWYQIDYW_CQQSYSTPPNTF;CAKYVDTAMNQFDPW_CQQANSFPITF;CARGLHYYDSSGRSLYYFDYW_CQQYGSSPPGQTF;CANQPPSLYW_CQQYNNWPGTF;CARVGYDYVWGSYRYTGVMDVW_CSSYAGSSYVF;CARGRPYYYDSSGYPYDAFDIW_CMQALQTPLTF;CAKERVVTAIPVVIFDYW_CQQSYSTPRLTF;CARPYGDYAYFDYW_CQSYDSSLSGYVF;CARDWWERQDSKRPDYFDSW_CQQTNSFPITF;CARHSNDGSDYFDYW_CQESYGALLTYTF;CASTEIEMLVPRYCSSTSCYFVWFDPW_CGTWDSSLSAGHGVF;CASASSTGTDAFDIW_CQAWDSSTHVVF;CARDGSWYAAWFDPW_CQSYDSSLSGSVVF;CARDPSLGDPGWGYFDYW_CQQYNSYSTWTF;CVREMTGSFTGGLDPW_CMQGTHWPPTF;CAREVNTAMAYYYYYYGMDVW_CQQYGSSQWTF;CARERRGGGHYYDSSGYYLSDYW_CQQSYSTP;CARGGGYSSGWATREVVYW_CQSYDSSLGAVF;CAKVPTVTTFLGYYYGMDVW_CQQSYSTPWYTF;CARDLRPAANFDYW_CQVWDSSSDYVF;CARLSYSSSWYYFDYW_CQQSYSTLYTF;CARVPKVRYCSSTSCYKDYYYGMDVW_CQVWDSSSDSWVF;CATWHYYDSSGEDGMDVW_CQQYNNWPRTF;CARGRSSWHLDYW_CMQALQTPFTF;CARDPWELHGFDYW_CQQYGSSSFTF;CAREAYYYGMDVW_CNSRDSSGNHNYVF;CARDRSVVTMVRGVIPFYW_CCSYAGSYTVVF;CARHEKMNYYDILTGYSPPYYYYYGMDVW_CQSYDSSLSAYVVF;CAHYQGIAVTGTWFDPW_CQSYDSSNVVF;CARESSSWFPYW_CQQSYSTPFTF;CARERDYSPGRYYGMDVW_CGTWDSSLSAGVF;CARHPTPAAMVGYYYYGMDVW_CQQANSFPLTF;CARDGPMTAIGGYGMDVW_CQSYGSLGGSVF;CAKGRTTEGTDAFDMW_CQQVHSYPITF;CAKDRSSLLWFGELLYMPEEYGMDVW_CQQYNNWPLTF;CTNYGMDVW_CSSYAGSNNWVF;CARVDSFAPNSGYGAQLLNWFDPW_CQQYNNWPLTF;CAREDYDTASFGYW_CQQYDNLPYTF;CAKDFGRGSYHRAEYFQHW_CQQYNNWPPWTF;CARGGSLPLITMIVGFFW_CQQYGSSPEYTF;CTREAEMATISIDYW_CQVWDSSSDHVVF;CARDAPIWDTAIVYW_CQQYGSSLPWTF;CARLLVSAYNWFDPW_CQQSYSIPAF;CARIPMTTVTSYGMDVW_CQQYGSSSITF;CARDDEWEPYDYW_CCSYAGSSTYVF;CTTVLRYFDWLLSDYGMDVW_CLLSYSGARGVF;CAIGTGIVGTTFPREYW_CMQALQTSWTF;CAKDMELGWLIDYW_CMQALQTPLTF;CARERNIVVVPAAETFDYW_CQQYNNWPPLTF;CARIGFGEYDYGMDVW_CQSYDSSLSVVF;CARGNDYYGSGEFDYW_CSSYTSSSTLVF;CARGVGATDFDYW_CQSYDSSLSGVVF;CARDPSNWGSFGYW_CQAWDSSTYVF;CARVDGYNYSFDYW_CQQYNNWWTF;CAKEPYGGNSFVYYFDYW_CQQYGSSPGLTF;CAKAEWGGTENYIPYYFDFW_CQSYDNNNLIF;CARSHCSSTSCYPNYYYGMDVW_CQQSYSTPRTF;CARDFGERYCSGGSCYSFDPYYYYGMDVW_CLQHNSYPWTF;CAKEYPGPGQLDDAFDIW_CQSYDSSLSGKVF;CARVDTAMVTGLAISPPWDYGMDVW_CQQYNSYPWTF;CAKDIGDGSGSNSQKRDYYYGMDVW_CQQSYSTPRTF;CATDPYNSGWFASLKNQVLYYW_CQQSYSTPQTF;CAREHTGGWLQRYIDYW_CQSADSSGTYPRVVF;CARGYCDSTSCYAVGYFDLW_CQTWGTGIVVF;CARDPDPNWSKDWFDPW_CQQYNNWPPLTF;CAKGRYSFGLDNFDYW_CQQDGNSPTF;CASRAVQSSGWRQDYYYGMDVW_CQSYDSSLSGVF;CAREASEGPW_CQSYDSSNSWVF;CARLGGYSSRGNWFDPW_CQQSYSTPPYTF;CARDPHHTFGGVLVW_CQKYNSARTF;CAGYYYDSSGYLSSFDIW_CQSYDSSLSVVF;CARLPYRYSGSSNDAFDIW_CAAWDDSLSGPVF;CARAGYGDYVGDFDYW_CQSADSSGTYVVF;CARDYYGSRSDSGMDVW_CQQSYTTPYTL;CAKDGREAAAGTDYYYGMDVW_CQAWDSSTVVF;CARDSPGWGSSGFYYGMDVW_CQQYGSSPRYTF;CARVSGDTMIVVVHRDGMDVW_CQQYNSYSVTF;CAKNLATTGSHW_CLQDYNYPRTF;CAKDGGRGVVIIFYFDYW_CQQYGSSPITF;CARGIAVVTLWGPFDIW_CQQYNNWPRTF;CARDRWVPAAVPHYYYYGMDVW_CQQANSFPLTF;CAREGAAGPPPGHYYYYGMDVW_CMQALQTPFTF;CAKQGHFTDTKRIDYW_CQQYDSYPITF;CAVIPVTGQEASLSAEYFQHW_CQQSYSTPFTF;CARDSPSSGSYGLFDYW_CQTWGTGIRRVF;CASPGGGLLWFGELFRSYFDYW_CVLYMGSGFWVF;CAHRPVSDDILTGYRYNWFDPW_CQSYDSSLSGSVVF;CARGFIGYNFDSW_CQQSYRTPITF;CAREEGYCSGGSCEYNYYYGMDVW_CQQYGSSLITF;CARGRRVFLALSYW_CQQYGSSPHTF;CARGAGRIGQVDVW_CQQYNNWHTF;CARGYYDSSGQSLDYYYYGMDVW_CQQYYSYPFTF;CARTGKNGSGSYWFDPW_CQQYRTF;CARDGDTAMVINYFDYW_CQSADSSGTYWVF;CARTDIVATPDGGFDYW_CQTWGTGIHVVF;CAREGFYYYGSGSVSGGNWFDPW_CQVWDSSTVVF;CAKVPLGWGAAGGAYFDYW_CQQYGSSPATF;CARVGCSGDTCYSYDWFDPW_CGTWDSSLTAVVF;CARGGILTGKLSDYW_CQQYDNLPTF;CAHGLTGYYTYYFDYW_CQQYYSFPPTF;CARQVGANPFADYW_CAAWDDSLSGPVF;CARGKGEGRYYYDSSGYYYFDYW_CQQRSNWPPLTF;CSVYDAERGYFDYW_CCSYAGGDTSYYVF;CARNKQHIVGATLHTHYSNWFDPW_NA;CARLYGDYGDYW_CNSRDSSGNLFVVF;CARPYSSSWSPMDVW_CQSYDSSLSGHVVF;CARDKGYSSSWYIRSSWFDPW_CLLSYSGARLVF;CARAVCGDDCYLLDSW_CAAWDRSLGAVVF;CARTTTVVTGDAFDIW_CQSADSSGTYPVF;CAKGRGDYYYYGMDVW_CQQYDNLPITF;CTTGGALNYW_CQAWDSSTACVF;CARDLTTRDYSDAFDIW_CQQYGSSPRTF;CARAGLEINTPDSSGYYYGGGYFDYW_CQQYDNLPPRRFTF;CAKDHGYDFWSGYSDAFDIW_CQQSYSTPLYTF;CARESGYTNYYYYGMDVW_CQQYNSYPLTF;CARKYQLPYYYGMDVW_CQQSYNTPDTF;CARDSTYYYDSSGYPVSDAFDIW_CQQSYSTRRYTF;CAREVYSSSTNWFDPW_CQVWDSSTDVVF;CARANAEYSSSLLFDYW_CQSYDNSLSAYVF;CAHSPYDYVWGSYRQSWFDPW_CQAWDSSTVF;CTTIYYDILTGDYW_CMQALQTPITF;CARLDYDFWSGTPERMDVW_CQQYGSSPPWTF;CARVRKNWNYDLDDWYFDLW_CQVWDSSSDHYVF;CATRRVRGEGLAYW_CQQYNSYSRTF;CARNYDSSGYYVPPYFDYW_CQQYNNWPPYTF;CARDPANYFDYW_CQQSYSTLWTF;CAREESSSWYRYW_CQQYGSSPLTF;CARIVQGGSYLSGGIDYW_CMQSIQLLFTF;CARDRLIIRFLERPNWFDPW_CCSYAGSSTPVF;CAREYSNNWYFFDYW_CQQYAGSPLTF;CARVSGVGTSFAGFDPW_CQSADISATVF;CAREPTPRYSGSYRGFNYFDYW_CQQYYSFPLTF;CARAADYCTSASCPNEYFQHW_CQSYDSSLSVF;CARGRMTVHNDDSGFPEYLYYYGLDVW_CMQVMDNPRTL;CATSRVAVAGVDYW_CQSYDSSLSGVVF;CARDLGIAVAGRVEGYFDYW_CCSYAGSYTLVF;CARDVSNVLVIAVSPSWFDPW_CQQTYSIPYTF;CARDAPDRGSSWYSALFDYW_CQQYNNWPPTF;CARRDGGYCSSTSCSFDYW_CQQYNSYSPTF;CARAEIFGVVIQAFDYW_CQSYDSSLSGSVF;CVKKVIGFDDW_CQQSDTFGYTF;CAKGMDGSGSYYNKDGMDVW_CQAWDSSTGVF;CARVNGLLGEYYYGMDVW_CMQALQTPPNTF;CAKDWAVGWEFVDSW_CQQSHTVPLTF;CARDEGAAAYFDYW_CCSYAGSSTCWVF;CARAAGYCSSTSCYEIYYYYGMDVW_CQSYDSSLSVPF;CTRSYVLRFLEWFSPFDYW_CQQYGSSLWTF;CASSGSYQGNWFDPW_CQQSYSTPYTF;CARSPPRYDLSLVDAFDIW_CQQYNSYSTTF;CARETIAAAGSNFDYW_CQQSYSTPRTF;CARVSGYSYYFDYW_CQQLNSYLLTF;CATYIAAPRDYYYGMDVW_CMQALQTPYTF;CATGKTYSAPHAYYYFDYW_CQQANSFPRTF;CAKEVHSSGFDYW_CQSADSSGTYPWVF;CTTDHIVVVTAMIFGYYFDYW_CQQLNSPLTF;CAREGPTVTKFDYW_CQSYDSSLSGSVF;CEVKAAAGNFYW_CSSYAGSVVF;CAKDIEGGSGYYLTPGGFQHW_CCSYAGSSTFVVF;CARDAMAIGDYYYYGMDVW_CQQLNSYPSLTF;CARREGAGYDILTGSYYYYYGMDVW_CLLYYGGAQLGVF;CTTRLWRISQYYYDSSGYGHFDYW_CQSADSSGTYVF;CARTTLLAAAIDYW_CQQYYSFPYTF;CARAKAARPTPTYYYYYYGMDVW_CQAWDSSTGDVF;CARSGYDSSWVGYDFDYW_CQAWDSSTPVF;CAREGLEIDAFDIW_CQQSYSTPWTF;CAHTSAYYDSSGYYPPFDYW_CQQSYSTPLTF;CARATQDSSGWYGFWYFDYW_CQQYNNWPPTF;CARMLVVVAATGYYYYGMDVW_CQQYGSSQTF;CAREAYDSSAYSTIDYW_CQTWGTGIHVF;CARSAGSSGSFEYFQHW_CQQYGSSPLYTF;CARRLFLYSSSGYYFDSW_CQQASSFPPLSF;NA_CQQSYNTPRTF;CARGGGAVAGTIDFHYW_CCSYAGTDLWLF;CAKDRGYYDSSGYYYSDYGMDVW_CQSADSSGTYVF;CAKDGFGGASDHW_CQHYDRSPWTF;CARAIQMGCSDGSCLW_CQQYDNLPSYTF;CARKGRWLPDGDDAFDIW_CQQYYSYPLTF;CARAGLRSWFDPW_CMQSIQLPNTF;CARHSYGAYYYYGMDVW_CQQYGGSPLFTF;CAAGVMTARYDYW_CQQSYSTPLTF;CAHFMTTVTTGYFDPW_CIQVRQTPFTF;CAREGGGDILTTYYYYGMDVW_CQQYGSSTRALTF;CARGFGGGDYRSMDVW_CQQLITYPITF;CARTTYGGNSLNWFDPW_CQVWDSSSDHPVF;CAKRGGLMVRGVAVDYW_CQQYYSYPWTF;CARGYGSGNYYYYGMDVW_CMQALQTPWTF;CARSNYDILTGLDYW_CMQALQTPYTF;CAREDSGSYGYFDYW_CQQYNNWPQTF;CARRVLYYRFDPW_CNSRDSSGNHLF;CARGDYDYVWGSSPDAFDIW_CMQGTHWPLTF;CARDVRGYYYDSSGYSGEGYWW_CQQSYSTPYTF;CTRDRYSSSWYKGLYYYYGMDVW_CQQSYSTPYTF;CARVFFRVVYAMAYW_CQQYNNWPPMYTF;CASSLRYFDWTVNNWFDPW_CQQYGSSPQTF;CTRGYCSSTSCYTGWFDPW_CQAWDSSHVVF;CARDGRWELLGNQHW_CCSYAGSSTYVF;CARVYYDSSGYYYFDYW_CQQSYSTPWAF;CARGRVRWELLGDDAFDIW_CQQYDNLPLTF;CCTYVFVGIVPTIVDYW_CQQYNDWPPAGTF;CARDIQYYYDSSGYDAFDIW_CQQSYSTPWTF;CATSWGIAALYGMDVW_CNSRDSSGNPYVF;CAKDYPVAGDLDAFDIW_CCSYAGSSTWVF;CARANWDNWNDGLDYW_CGTWDSRLSSYVF;CARAGYCSSTSCSKEDVW_CQQSYSTPPRTF;CAREPLGGDYYYYYYGMDVW_CQQYGSSPTF;CARLSLRARFRGAFDIW_CCSYAGSYSVVF;CAHSLPSDIDYYYDSSGYSPSPPLFDYW_CQQYNNWPLTF;CASGYGGKTYYFDYW_CQQYGSSPGTF;CLGRELGHSW_CLQHNSYPWTF;CTAVLRYFDWLLMEAHENYYYYGMDVW_CQSADSSGGVF;CARDRSRWEFLYYFDYW_CQQYGSSGYTF;CARARYYDSNSYSYAW_CQTWGTGIWVF;CARLDYYDSSGYYDW_CQTWGTGIPVF;CARDYIAVAGPGENWFDPW_CQQSYSTRTF;CARDRGGYGVRWFDPW_CQQYDNLPPTF;CARRGNAIFGVVTHYYYYGMDVW_CMQALQTPLFTF;CSNYDILTGYYWFHYW_CQQYNNWPFTF;CASSFLDTSIVEYYFDYW_CATWDDSLSGLF;CARIVVVVTSRWFDPW_CQVWDSSSDHYVF;CARSLEWLDDYW_CQSYDSSLSGSVF;CARDAYGGYSFYYYGMDVW_CQQYGSSPFTF;CAGGSGSYYHLDPW_CQQANSFPYTF;CARPRLDYGDYGAGLGYW_CQKYNSAPFTF;CARDRGLRKKYFQHW_CQQYGSSPSTF;CARSLGPEFYYFDYW_CQQSYSTPWTF;CVSQLYYLDGRGYYYDYYYDYW_CLQHHDYPWTF;CTTVSPYGDYVGVYFDYW_CQQYYSYPPTF;CAKDFMEYYYYGMDVW_CSAWDSSLSAVVF;CARSPGSGSYTW_CQQYGSSPLTF;CARLPYAGGPYYYYGMDVW_CMQRIEFPFTF;CARGKPRSLELWSFYYYYGMDVW_CQQSYSTPPTF;CAMGGYDSSGVQLDYW_CAAWDDSLSGYVF;CAHRYCSSTSCYGLGDWFDPW_CQSADSSGTYLVF;CARHSEGLGPVDYW_CGTWDSSLSAWVF;CARAIFGVVSVMGFDYW_CMQALQTLTF;CAKSMKSFDYW_CQQSYSTPLTF;CTTEGGDGYNSFDYW_CQQYDNLPITF;CARDTTYGDYYYGMDVW_CQSADSSGNWVF;CARDGKGYSYGSGNYYGMDVW_CQQSYSTLYTF;CAHRTTTYYFDYW_CQQYNSYPYTF;CTTDLVWFGELANAFDIW_CLQHNSYLPEWTF;CTRGGTLGARSGYYDYYYGMDVW_CQQYNSYPLTF;CAKDEGRVVAVAGTGEHAFDIW_CQQYNSYSPTWTF;CAKDITIFGVVISHLDYW_CLQDYNYPLTF;CARTYYYDSSGYRNAFDIW_CQSADSSGTYPVVF;CAKCFYYDSSGYYYYYYGMDVW_CCSYAGSSTLVF;CARDLLSISGSPFDPW_CQQRSNWPPGGGGLTF;CARGGINGGAYFDYW_CQQYGSSPWTF;CARDRGPAGLDYW_CQQSYSTRYTF;CARRGYYYDSSGYYYDWFDPW_CNSRDSSGNRVVF;CAKGLNTAMVSYYFDYW_CVLYMGSGIWVF;CAKDIREGWSSGYYPVLDYW_CQVWDSSVVF;CAKDSPSGYYYYYYYGMDVW_CQQLNSYPITF;CARDRIAAADHNWFDPW_CAAWDDSLNGWVF;CARDIGGIAAAGSPPSAFDIW_CQQYNSYSTF;CAHSYYYGSGRGGWFDPW_CQSADSSGTYVF;CARDGSSSIFDYW_CNSRDSSGNHVVF;CAKPLRFGYSSSSCFDYW_CSSYAGSNNYVF;CAHTGFESLDYW_CQSYDNSLNGLGVF;CARDEDYYYDSSGSVDYW_CQQSYSTPWTF;CARQIAAAGPENWFDPW_CQSADSSGTYLVF;CARGLPVDVW_CGTWDSSLSAGHVVF;CARLIYYGSGRFGAFDIW_CQQYDNLPWTF;CARNEITIPLDVW_CQQYGSSPLVTF;CAKGGWFGELLFRLDYW_CQQYDNLLTF;CTTDHGDAYNYRW_CQQYGSSPRTF;CARDHRMNIAVAGTNWFDPW_CQKYNSAPLFTF;CARALREEQWLNNAFDIW_CQQYYSYPTF;CAHRPPYYDSSGYLSW_CQQYGSSLWTF;CARHYVDTAMVINQYYFDYW_CQSYDSSLSDVF;CARDNYDILTGHYGMDVW_CAAWDDSLSGLYVF;CAKDSSSSDWFDPW_CQQYYSYPLTF;CARDYVAVAGTLDYW_CQQYYSTPYTF;CTRDLAYSNYEPPNHNWFDPW_CLQHNSYPLTF;CARERYYYYGMDVW_CYSTDSSGNHGVF;CAKEGITGYYYYYGMDVW_CQQSYSTPHTF;CAKVALRYFDWLPPYFDYW_CQQYYSYPQNLTF;CARAHDSTGYQDFDYW_CQQAKSFPYTF;CARVGVYGSGSYLVGGDYW_CQQSYSTPWTF;CARGPYYGSGSGEFDPW_CQQYYSYPLTF;CARGSCYSSACYYYYGMDVW_CGTWDSSLSAVVF;CARDFDAAEGAFDIW_CQVWDSSSDPTFYVF;CARGAHSSGYYIDYW_CQQYYSFPFTF;NA_CHQYNNWSSWTF;CAREQDFGGNPFDCW_CMQVLHIPRAF;CARGTMVRGHYYYYGMDVW_CQQSYSTPLTF;CARGYSYGYLDWFDPW_CQSYDSSLSGVVF;CARAAPYSSSSLDYW_CQQSYSTLTWTF;CARRRITMNDYFDYW_CQSYDSSLSGVVF;CARGPDGGAFDIW_CQRGLTF;CARDLIARTALTYYYYGMDVW_CQSYDSSLSGGVF;CARYGVYGDYPGALFDYW_CAAWDDSLSGLWVF;CAKDRRGCSSTSCYTFDYW_CQQSYSTLSF;CARVSGYNSYYFDYW_CQQSYSTPRTF;CAAPSPRFTSSTGGGMELPLHVW_CCSYARGSSLVF;CAKDARWRPRVASIDALDIW_CQQYNNWPRTF;CARHIERYCSGGSCYEALDYW_CMQALHPITF;CASYLEMATRYYFDYW_CLQHNSFWTF;CARVTRVTQSNDFWTSYYTDCFDAW_CYSTDSSGNHKVF;CARLYSSSWTNYFDYW_CQQYYSYPLTF;CARGTVYSVPGGHYGDYVRDPKYYYYGMDVW_CQSADSSGTWVF;CARGAAGVRGPIGYW_CAAWDDSLSGWVF;CARVAVAGTTNWFDPW_CQQANSFPYTF;CARVLGGPGATTFDYW_CLQDYNYPWTF;CARTPVSTSYDSPGWYSSGWFFDYW_CQTWGTGIHVVF;CARTMVRGVTPADAFDIW_CQQYNSYSSTF;CAKSMGATILHAFDIW_CQQYNSYPLTF;CARANSGSYSFFFLRLDYFDYW_CQQYNNWPLTF;CARAAGTGGYYYGMDVW_CVLYMGSGISVF;CARAGQFGDSYYYYYYGMDVW_CLQDYNYPQTF;CAHFTKRPTDAFDIW_CNSRDSSGNHRVF;CARRLAYNGNWDYGDFDYW_CCSYSKTATF;CAAGFGLSGSYIHYYYYGMDVW_CQQYGSSPPLTF;CATDNWNFGADSGFGYW_CMQGTHWRTF;CARVLGSFSFGYDGFDIW_CQQLNAYPTF;CARDPGIAVAETVYYYYYYGMDVW_CMQALQTPPTF;CARTVGAGYKIGKGYFDYW_CQAWDSSTVVF;CARDQDLAALNYW_CGTWDSSLSAKVF;CTTENVLLWFGEPEYYYYYYGMDVW_CQSADSSGTYAVVF;CARSLFEGTVMAFRAEHMDVW_CQQYKTFFAVSF;NA_CQAWDSSTVVF;CARPPSHDSPMYHYW_CQSADSSGLWVF;CARDTMWWSYGMDVW_CCSYAGSGEVF;CARLRRYSSGYYYIAGDFDYW_CQSYDSSLSGVVF;CARDKGGTTVTTSNWFDPW_CQQYDNLPLTF;CARDGGGYYQKKGYFQHW_CGTWDSSLSAVVF;CARERPRGAAETW_CQAWDSSTWVF;CARDDIVVVPAAIDYW_CQSYDSSLSGPYVF;NA_CQQRSNWPPYTF;CARKFDCW_CQQYGTSLPVTF;CARGVLRFLEWLSNMDYYYYGMDVW_CMQALQTPRALTF;CAKDGSYYDSSGYSDYW_CQQYNNWPPWTF;CAKDKSYSVEYW_CMLFMGSGIWVF;CAKADVRSNWNDMHFDYW_CQAWDSSTVVF;CARATPRGYGGNSLNWFDPW_CQQYNSYPFTF;CAEGYQLPGLYYW_CNSRDSSGNHLF;CARHAGSGSYYFWFDPW_CQQYGSSPYTF;CAKDLQIGYCSSTSCRNAFDIW_CQQYGSSPPRVTF;CARGRGSYFDYW_CQQYGSSLWTF;CARTCSSTSCYTYGMDVW_CQQYNNWQYTF;CAHRGYSYGPLFDYW_CLLYYGGAQLVF;CARLPTLRYGSGSYYNGALDYYYGMDVW_CMQALQTPLTF;CARSIAAASPFDPW_CQQYDNLPPTF;CARGPPYGHLGYW_CQQYNNWPPITF;CAKDILGGGYFDYW_CQTWGTGMGVF;CAKDASYGYLFEYWYFDLW_CQQYNNWPPWTF;CARFGAKNYYDSW_CQQYNNWPGTF;CAREKWLRPQLDYW_CQQYGSSPKTF;CVKGPYYDGSGNSFGRKAFDIW_CQQYGSSPYTF;CARGASKGNQPALHYGMDVW_CQQSYSTPPAF;NA_CCSYAGSSTVVF;CATTLASPTHDYGDYEGGYMDVW_CQQYGSSPLTF;CALGIDAFDIW_CQQYNNWPKTF;NA_CQSYDDSLSGTVF;CARGFYYGSGSPLSGMDVW_CQQSYSTPRTF;CAKDPAASGSPWYFDYW_CQQYYSFPRTF;CAREVSRQSGSRPIKWFDPW_CQQSYSPPPLTF;CTPSLETYGDYALGYYW_CQSADSSGTYPYVF;CAKDFGGPLQFDYW_CQQYGSSPRTF;CAKDMLFSNNYW_CQTWGTGINWVF;CARDENHLYYGDLAYW_CQQSYSIPRAF;CARGSRLLLWFGELKVGPGFDPW_CQQYNSYWTF;CAMKGGRDGYNTRVYYYYGMDVW_CCSYAGSSTPYVF;CAKDIGPTNCSSTSCHAYYYYGMDVW_CQQYNSYSTF;CWRDRREAPIEMEVASTRG_CMQSTHWPYTF;CTRHTHCSGGSCYDAFDIW_CQQSYSTPRYTF;CAREPPHGSGTDYNWFDPW_CQSYDSSLSAYVF;CVKDLYDTGSYYYFDYW_CSSYTRSSTLVF;CSRHEGVGGNSDYW_CVLYMGSGISMF;CARNHDYGDYMFGGMDVW_CQSADSSGTYVF;CTTSGGDW_CMQSIQLPRTF;CARDRTSFGYSYGNIDYW_CQTWGTGILVF;CAKDELASYGGVGYYW_CQSADSSGTYFWVF;CAREPKHSGYCSSTSCYIGNWFDPW_CQSYDSSLSGNVVF;CARASWDSSSWGLGFDPW_CQAWDSSTGVF;CARTRVRGVISPFDYW_CQQANSFPPTF;CTREYYDFWSGDYW_CQQYDNLPLTF;CARDGGRGSGWSTPDYW_CNSRDSSGNHVVF;CARHYDFWSGDNPYWYYYYGMDVW_CQQYGSSPPWTF;CTTTTADIVVVPAAIQTVDYW_CQQYDNLPLTF;CAIMVRGVIGSYYYYGMDVW_CQQSYSTTWTF;CAKDNGYGGNSLQHW_CCSYAGSSTLVF;NA_CQQSYNTLWSF;CARARYRRDGYHNLYAFDIW_NA;CARGFSETGPGYKRFYYYFDLW_CQQYGSSPQTF;CARVKGDYYYYYGMDVW_CMQALQTPHTF;CARDPPLYSSGWFTGDYW_CQQYNSYPRTF;CAKDGGEHRGNDYW_CQVWDSSSDHYVF;CARGYDFWSGYLPHYGMDVW_CQVWDSSSDHPGVF;CARETKQYIDYRSPTVGRPYDYYYGMDVW_CLLFYGGAQLGVF;CAKGVWESTTEDAFDIW_CQQYNSYSPFTF;CAKDQGYCSSTSCYPYYYGMDVW_CQAWDSSTVVF;CARLGGYDSTFDYW_CSSYTSSSTYVF;CARGGDYYYGMDVW_CQQYNNWPLTF;CARVAAAGTYFDYW_CQQYGSSPETF;CARINQHGSGTYSPDYYYYGIDVW_CMQALQTPMYTF;CARKSIAAAGLPYYYYYGMDVW_CMQALQTRFTF;CAQGGYSYGYYDYW_CAAWDDSLNGVVF;CARQRGGTAVPVYYFDYW_CQQYGSSPLYTF;CARALYYDSSGYQPNRYYFDYW_CQSYDSSLSGYVVF;CTRALNSNHFDYW_CQQANSFPLTF;CARVTDPDAFDIW_CNSRDSSGNHYVF;CARSAWHPAATGGMDVW_CLQDYNYPYTF;CARVSLVVPQQFDYW_CQAWDSSTVVF;CAKVPGYSTGWYYFDYW_CQQCDSSPEWTF;CAKDSTCSSTSCYRGYYYYGMDVW_CQQYYSYPITF;CARDSKQQLADNWFDPW_CQAWDSSTLVVF;CARGRNGGNRFDWFDPW_CQSYDSSLSGSGVF;CARGKNWFDPW_CQQYGSSPLTF;CASGYSSGRPDYW_CQQYDNLPITF;CARLSDGDYTFDYW_CQQYNSYWTF;CARGGTAGYSYGYAYW_CQAWDSSTAVVF;CAKDIVVVPAAPITLYYYYGMDVW_CMQALQTSFTF;CARWRLYYDSRGYYYGMFDYW_CQQSYDTPLTF;CARSRRIVGATSFDWFDPW_CQQYNSYSRTF;CASEDSGYGGGFDYW_CQSYDSSLSEGVF;CAHGRDYDSSSLPFDYW_CQQYNSYPYTF;CARAGAYYYGSAIDYW_CQQYGSSPGLTF;CAKGSSHSGGWFDPW_CQQYNSYWTF;CARDLLRAYSSSSTSSIDYW_CQQYYSYPRTF;CAKDVSGYLDAFDIW_CGTWDSSLSAGWVF;CAREGSRYFDYW_CQVWDSSSDHYVF;CASHDSSGYYLLDYW_CQVWDSSSDHVVF;CARYCSSTSCYTTYYYYYYGMDVW_CQQYYSYPLTF;CARLWVFLTMVRGPDFDLW_CHQSSSLPLTF	0	NA
19	62	CAKDFHRLTLLRYCSGGSCYSAFDIW_CCSYAGSSTYVF;CAKRPDTTGRSWYFDYW_CQQYNNWLWTF;CAKFDIAAADTGKGEDYW_CMQGTHWPPLTF;CAKDSLFDRIILIATDIW_CAAWDDSLNGWVF;CAKYPSFSSRRWYFDLW_CQQYNNWPPPYTF;CAKLPSYSYGPFDYW_CQVWDSSSDHPVF;CAKDRQQLVIDAFDIW_CQQANSFSYTF;CAKVLGFGPHYDILTGYYPFDYW_CQQSYSTPLTF;CASVQWLVDYW_CQQSYSTPMYTF;CAKDQSPSAKNGDYVSFDYW_CMQALQKTF;CAKDLRFLEWLLPYYYGMDVW_CMQALQTPWTF;CAKDIRGNSWYGDSEGIW_CMQGTHWPYTF;CASGMVDFDYW_CMQGTHWPPTF;CAKGDSRYWYFDLW_CQQRSNWPLTF;CAKWGHSSWYDNWFDPW_CQSADSSGTYVVF;CAKMGASRWGPSYYFDCW_CQQYGSSPRTF;CAKDHPTNWFDPW_CQQYYSYPRTF;CAKAQNYYDSSGYYPFDYW_CQVWDSSSDHSVVF;CAKAPESSAYYGPDYW_CAAWDDSLSGHWVF;CAKGATSCAYW_CQQSYSTPRTF;CARGRLGGYSLPGFDYW_CNSRDSSGNHVVF;CAKASARYCSGGSCYGTAFDIW_CQQSYSTPVF;CAKFHDSSGYYYLYGFDYW_CQAWDSSTYVF;CAKGAAASRTDYW_CQQSYSTPPYTF;CAKDEWERGAFDIW_CQQYNSYSPWTF;CAKADLLYSGSYGAW_CQQSYSTPYTF;CAKDGIVVVTAIKFGHGMDVW_CQQANSFPYTF;CAKRLDYW_CMQATQFPYTF;CANISPPPRYYGSGSYYNFAFDIW_CQQLNSYPFTF;CAKEDYNSGSCLDYW_CQQLNSYPQVTF;CAKVRGIVGATPCYFDYW_CQVWDSSSDHPVF;CAKDRGYRGDYSNWFDPW_CQQYNSYPRTF;CAKPSIVATIWAFDYW_CQQYDNLPPITF;CAKGRYSSSWYEDWYFDLW_CQQRSNWPPLTF;CAKDAEGQGPVLLWLGGMDVW_CQQYNSYSYTF;CATGIAVAGTLGYYGMDVW_CQQYNNWPRFTF;CAKASVAVAGTGGMDVW_CQVWDSSSDHVVF;CAKFFVVLSFWSGYYDYW_CQQLNSYPQTF;CAKGRNFVVVTAICDYW_CQQYGSSPLTF;CAKSLKLFAIDYW_CQSADSSGTYWVF;CAKGGYCSGGSCPLDYYYGMDVW_CMQALQTPLTF;CAKDHDEGATTYFDYW_CQAWDSSTVVF;CAKDRGPAEKYYYDSSGTQLIGAFDIW_CQQYYSYPPGTF;CAKALHAAVVGPAAIPFDYW_CSSYVGSNNYVF;CAKDHLMITFGGVGQGVPWFDPW_CQKYNSAPRTF;CAKAEGVKYNWNYGDYW_CQQSGSSPPTF;CAKETLGAVDYW_CCSYAGSSRVF;CAKAAMVRGVIDWYFDLW_CQQYYSYPPFTF;CAKGGGADFDHW_CQQYSIWPLSF;CAKDRDGYNADDAFDIW_CQQSYSTPLTF;CAKSYGSGSYYRTSEYYFDYW_CQQYNNWPPGTF;CAKRDSSSWGWDRGAFDIW_CQQLNSYPGFTF;CAKGFDYYGSGSYSPFDYW_CQQYNNWPPEYTF;CAKDGRWELGTFDIW_CQQYDNLPQF;CAKDRRLGPWIPDYW_CQQYDNLPQAF;CAKDRCTITSCSYQNW_CMQALQIPPTF;CAKDRSFDYPDYW_CQQYYSFPYTF;CAKLGEEDGSGSPSYYYYGMDVW_CQQYNNWPPLTF;CAKILYSSGWWGGAFDIW_CQQYNSYPLTF;CAKDKASSWQDRYYYYGMDVW_CVLYMGSGIRVF;CAKVGVGATSHFDYW_CQQSYSTPRYTF;CAKDLPRSVVVTANSYYYGMDVW_CQQYNSYPVTF	9	1	CARTSRGLIAAAAAVDYW_NA	0	NA
19	62	CAKDFHRLTLLRYCSGGSCYSAFDIW_CCSYAGSSTYVF;CAKRPDTTGRSWYFDYW_CQQYNNWLWTF;CAKFDIAAADTGKGEDYW_CMQGTHWPPLTF;CAKDSLFDRIILIATDIW_CAAWDDSLNGWVF;CAKYPSFSSRRWYFDLW_CQQYNNWPPPYTF;CAKLPSYSYGPFDYW_CQVWDSSSDHPVF;CAKDRQQLVIDAFDIW_CQQANSFSYTF;CAKVLGFGPHYDILTGYYPFDYW_CQQSYSTPLTF;CASVQWLVDYW_CQQSYSTPMYTF;CAKDQSPSAKNGDYVSFDYW_CMQALQKTF;CAKDLRFLEWLLPYYYGMDVW_CMQALQTPWTF;CAKDIRGNSWYGDSEGIW_CMQGTHWPYTF;CASGMVDFDYW_CMQGTHWPPTF;CAKGDSRYWYFDLW_CQQRSNWPLTF;CAKWGHSSWYDNWFDPW_CQSADSSGTYVVF;CAKMGASRWGPSYYFDCW_CQQYGSSPRTF;CAKDHPTNWFDPW_CQQYYSYPRTF;CAKAQNYYDSSGYYPFDYW_CQVWDSSSDHSVVF;CAKAPESSAYYGPDYW_CAAWDDSLSGHWVF;CAKGATSCAYW_CQQSYSTPRTF;CARGRLGGYSLPGFDYW_CNSRDSSGNHVVF;CAKASARYCSGGSCYGTAFDIW_CQQSYSTPVF;CAKFHDSSGYYYLYGFDYW_CQAWDSSTYVF;CAKGAAASRTDYW_CQQSYSTPPYTF;CAKDEWERGAFDIW_CQQYNSYSPWTF;CAKADLLYSGSYGAW_CQQSYSTPYTF;CAKDGIVVVTAIKFGHGMDVW_CQQANSFPYTF;CAKRLDYW_CMQATQFPYTF;CANISPPPRYYGSGSYYNFAFDIW_CQQLNSYPFTF;CAKEDYNSGSCLDYW_CQQLNSYPQVTF;CAKVRGIVGATPCYFDYW_CQVWDSSSDHPVF;CAKDRGYRGDYSNWFDPW_CQQYNSYPRTF;CAKPSIVATIWAFDYW_CQQYDNLPPITF;CAKGRYSSSWYEDWYFDLW_CQQRSNWPPLTF;CAKDAEGQGPVLLWLGGMDVW_CQQYNSYSYTF;CATGIAVAGTLGYYGMDVW_CQQYNNWPRFTF;CAKASVAVAGTGGMDVW_CQVWDSSSDHVVF;CAKFFVVLSFWSGYYDYW_CQQLNSYPQTF;CAKGRNFVVVTAICDYW_CQQYGSSPLTF;CAKSLKLFAIDYW_CQSADSSGTYWVF;CAKGGYCSGGSCPLDYYYGMDVW_CMQALQTPLTF;CAKDHDEGATTYFDYW_CQAWDSSTVVF;CAKDRGPAEKYYYDSSGTQLIGAFDIW_CQQYYSYPPGTF;CAKALHAAVVGPAAIPFDYW_CSSYVGSNNYVF;CAKDHLMITFGGVGQGVPWFDPW_CQKYNSAPRTF;CAKAEGVKYNWNYGDYW_CQQSGSSPPTF;CAKETLGAVDYW_CCSYAGSSRVF;CAKAAMVRGVIDWYFDLW_CQQYYSYPPFTF;CAKGGGADFDHW_CQQYSIWPLSF;CAKDRDGYNADDAFDIW_CQQSYSTPLTF;CAKSYGSGSYYRTSEYYFDYW_CQQYNNWPPGTF;CAKRDSSSWGWDRGAFDIW_CQQLNSYPGFTF;CAKGFDYYGSGSYSPFDYW_CQQYNNWPPEYTF;CAKDGRWELGTFDIW_CQQYDNLPQF;CAKDRRLGPWIPDYW_CQQYDNLPQAF;CAKDRCTITSCSYQNW_CMQALQIPPTF;CAKDRSFDYPDYW_CQQYYSFPYTF;CAKLGEEDGSGSPSYYYYGMDVW_CQQYNNWPPLTF;CAKILYSSGWWGGAFDIW_CQQYNSYPLTF;CAKDKASSWQDRYYYYGMDVW_CVLYMGSGIRVF;CAKVGVGATSHFDYW_CQQSYSTPRYTF;CAKDLPRSVVVTANSYYYGMDVW_CQQYNSYPVTF	16	79	CARRRYYGGNSNKGWYFDLW_CQQRSNWRTF;CARDQEYSSGWDGPDYYYYYGMDVW_CQQSYSTPQTF;CARDDRFGGDTLGWFDPW_CQSYDSSLSGSGYVF;CAREGWGLGYCSSTSCYTGPFGYW_CQQYGSSPPYTF;CAKDPNYWRYFDWLTGYYFDYW_CQQRSNWPPWTF;CARDGGFGGSWLDPW_CQQRSHFRTF;CAKGEQFIAVNNWFDPW_CQQRSNWPITF;CARDRLDGYNSFYYGMDVW_CQSYDSSLSGSVF;CARDAGRDGNEYYFDYW_CQQYNSYLYTF;CARGSISSQRWFGPW_CQQYNYYYTF;CARDRGQWLVREEDYYYGMDVW_CQQYYSTPLTF;CARGGAVLRYFDWEPQGPLEDNWFDPW_CQQRSNTWTF;CARNMASGMDVW_CQQRSNWPLFLTF;CARIWAVAADHSFDYW_CQQYNNWPPWTF;CAHRPLDILTGYRVDYFDYW_CQQSYSTLGTF;CARDKGATFDYW_CQQSYSTPYTF;CARDRWSLHIVGASPRGPSFDYW_CQQANSFPVTF;CARAIWYYDILTGYYSYYGMDVW_CSSYAGSNNLEVF;CARARGDFWSGYTHWYFDLW_CQQRSNWPPWYTF;CAQTGILTGYPRVGNAFDIW_CQQRSNWLGFTF;CASGSSDRYSSGWYWGYFDYW_CQAWDSSTVVF;CARAEIYGSGSKYYYYGMDVW_CQSADSSGTYYVF;CARGPDRFSGSYDNWFDPW_CQHTRAF;CAKDYDSGSYYEGGAFDIW_CQQRSNWPLTF;CARDIVRDFDWPGVGYW_CAAWDDSLNGYVF;CARGWSGYSSSLHPYYFDYW_CCSYAGSSTTLVF;CAQIAAAGTMGFDYW_CQQRSNWPSLTF;CTTEVCSGYDCDLGDYW_CQQRSNWPTF;CARSVDTAMGNAHDW_CQQYGSSPPTF;CARDLYSGYSYGSAVYW_CQQRSNWPIF;CARDRPPYSNYVIYGMDVW_CQQRSNWPPLTF;CARESPFGGQSVAVGGTPDYW_CCSYAGSGTFVF;CARDHKQWRVSYVWFDPW_CQQRNTWPRPTF;CARGPGYCSGGSCYGMFDYW_CQSADSSGTYVVF;CARDISKGAAGTGDWFDPW_CQQRSNWPLTF;CARGTRRDGYNLIYW_CQQYDNPPLTF;CAKGTHYYGSGSMWGMDVW_CQQRSNWPPYTF;CAREGEITMIVANDAFDIW_CQQSYSTPPTF;CARAVPARPEYCGGDCYIYYYGMDVW_CQSADSSGTYWVF;CVLYYGSGSYYRFDYW_CQSYDSSLSAVF;CARDSSSPATRHFDYW_CMQATQFPYTF;CATSDWSW_CQQRINWPITF;CARGRGRYYDSSGEW_CQQYNSYPYTF;CARGPIVVVIAASPYYYYGMDVW_CQQRSNWPPGCTF;CARESRPTVTTRTTSGMDVW_CLQHNSYPRTF;CARARSSGWYHYW_CQQRSNWPPTF;CAKDSRYSLLIAVAGTEDYW_CQQRSNWPWTF;CARDIGYSSGWYWTPGVNYYYGMDVW_CQQYGSSPWTF;CARDRGVGARHFDYW_CQQYNNWPPWTF;CGRAAISVLRKMPPTFW_CQQYGSSPYTF;CARETYYYDSSGYYGPHAFDIW_CLLSYSGARVF;CARDSEIFGSSWYSYFDYW_CQQYNSYSYTF;CAKVEGIWFGELSDFYYYYGMDVW_CQQRSNWPLTF;CARTYVWGEVDYYYYGMDVW_CLQHNSYPWTF;CATDLNLAVAGEGGYW_CQQRSNWPLTF;CARDSYDFWSGYTPPNYYYYYGMDVW_CQQRSNWYTF;CARVYSYGYRYFDYW_CQQSYSTLWTF;CARDGGYSYGYAQGYYGMDVW_CQSADSSGTHVVF;CASATTVSHW_CQQRSNWPLTF;CARDRSAERRGYFDYW_CNSRDSSGNHYVF;CARVKSGGSSSLRQDAFDIW_CQQRSNWPYTF;CAREDSSGWLEFPNWFDPW_CCSYAGSSTYVF;CARDCSSTSCLAYW_CQLRSNWPTF;CAREGEQWLDGAFDYW_CQSADSSGTYKVF;CARDGGGWYGLVDYW_CQQYNNWPLTF;CARGNDAFDIW_CQQYNSYSGTF;CARDGKPSKTFDYW_CQQSYSTPLTF;CARHEKGIAAAVYYFDYW_CQQRSNWPLTF;CAKDVTDGYNIPYYFDSW_CQQRSNWPLTF;CTSWAIPQALTDYYYYGMDVW_CQQRSNWPPSITF;CARDCGGPVTTTTNDAFDIW_CQQYYSYPRTF;CARDCDGGCDYW_CQSADSSGTYRVF;CAKDDDRGYGWFGELLGRYGMDVW_CQQRSNWLLTF;CARALSLGPRTYYYDSPQRGHDAFDIW_CQQSYSTSWTF;CARGETYYYDSSGYYWGYYFDYW_CQQYNSYPLTF;CTTPTWGNYYYYGMDVW_CQQRSTGRDTF;CARDQQWLGDFDYW_CSSYAGSNNLWVF;CARVFRRYGSGSYYNLW_CQQRSNWLTF;CARDPGDYVEIEWYFDLW_CQQRSNWPRLTF	0	NA
19	62	CAKDFHRLTLLRYCSGGSCYSAFDIW_CCSYAGSSTYVF;CAKRPDTTGRSWYFDYW_CQQYNNWLWTF;CAKFDIAAADTGKGEDYW_CMQGTHWPPLTF;CAKDSLFDRIILIATDIW_CAAWDDSLNGWVF;CAKYPSFSSRRWYFDLW_CQQYNNWPPPYTF;CAKLPSYSYGPFDYW_CQVWDSSSDHPVF;CAKDRQQLVIDAFDIW_CQQANSFSYTF;CAKVLGFGPHYDILTGYYPFDYW_CQQSYSTPLTF;CASVQWLVDYW_CQQSYSTPMYTF;CAKDQSPSAKNGDYVSFDYW_CMQALQKTF;CAKDLRFLEWLLPYYYGMDVW_CMQALQTPWTF;CAKDIRGNSWYGDSEGIW_CMQGTHWPYTF;CASGMVDFDYW_CMQGTHWPPTF;CAKGDSRYWYFDLW_CQQRSNWPLTF;CAKWGHSSWYDNWFDPW_CQSADSSGTYVVF;CAKMGASRWGPSYYFDCW_CQQYGSSPRTF;CAKDHPTNWFDPW_CQQYYSYPRTF;CAKAQNYYDSSGYYPFDYW_CQVWDSSSDHSVVF;CAKAPESSAYYGPDYW_CAAWDDSLSGHWVF;CAKGATSCAYW_CQQSYSTPRTF;CARGRLGGYSLPGFDYW_CNSRDSSGNHVVF;CAKASARYCSGGSCYGTAFDIW_CQQSYSTPVF;CAKFHDSSGYYYLYGFDYW_CQAWDSSTYVF;CAKGAAASRTDYW_CQQSYSTPPYTF;CAKDEWERGAFDIW_CQQYNSYSPWTF;CAKADLLYSGSYGAW_CQQSYSTPYTF;CAKDGIVVVTAIKFGHGMDVW_CQQANSFPYTF;CAKRLDYW_CMQATQFPYTF;CANISPPPRYYGSGSYYNFAFDIW_CQQLNSYPFTF;CAKEDYNSGSCLDYW_CQQLNSYPQVTF;CAKVRGIVGATPCYFDYW_CQVWDSSSDHPVF;CAKDRGYRGDYSNWFDPW_CQQYNSYPRTF;CAKPSIVATIWAFDYW_CQQYDNLPPITF;CAKGRYSSSWYEDWYFDLW_CQQRSNWPPLTF;CAKDAEGQGPVLLWLGGMDVW_CQQYNSYSYTF;CATGIAVAGTLGYYGMDVW_CQQYNNWPRFTF;CAKASVAVAGTGGMDVW_CQVWDSSSDHVVF;CAKFFVVLSFWSGYYDYW_CQQLNSYPQTF;CAKGRNFVVVTAICDYW_CQQYGSSPLTF;CAKSLKLFAIDYW_CQSADSSGTYWVF;CAKGGYCSGGSCPLDYYYGMDVW_CMQALQTPLTF;CAKDHDEGATTYFDYW_CQAWDSSTVVF;CAKDRGPAEKYYYDSSGTQLIGAFDIW_CQQYYSYPPGTF;CAKALHAAVVGPAAIPFDYW_CSSYVGSNNYVF;CAKDHLMITFGGVGQGVPWFDPW_CQKYNSAPRTF;CAKAEGVKYNWNYGDYW_CQQSGSSPPTF;CAKETLGAVDYW_CCSYAGSSRVF;CAKAAMVRGVIDWYFDLW_CQQYYSYPPFTF;CAKGGGADFDHW_CQQYSIWPLSF;CAKDRDGYNADDAFDIW_CQQSYSTPLTF;CAKSYGSGSYYRTSEYYFDYW_CQQYNNWPPGTF;CAKRDSSSWGWDRGAFDIW_CQQLNSYPGFTF;CAKGFDYYGSGSYSPFDYW_CQQYNNWPPEYTF;CAKDGRWELGTFDIW_CQQYDNLPQF;CAKDRRLGPWIPDYW_CQQYDNLPQAF;CAKDRCTITSCSYQNW_CMQALQIPPTF;CAKDRSFDYPDYW_CQQYYSFPYTF;CAKLGEEDGSGSPSYYYYGMDVW_CQQYNNWPPLTF;CAKILYSSGWWGGAFDIW_CQQYNSYPLTF;CAKDKASSWQDRYYYYGMDVW_CVLYMGSGIRVF;CAKVGVGATSHFDYW_CQQSYSTPRYTF;CAKDLPRSVVVTANSYYYGMDVW_CQQYNSYPVTF	17	67	CARDEGIAARTRGETHYYYYGMDVW_CQQYYSTPYTF;CARDRDGAFAIW_CAIWYSNTHVIF;CASRVHGLVTVTTGGAFDIW_CQQYYSYPPAF;CARGGDPTWFDPW_CCSYAGSSIVVF;CARAGAVARGYFDYW_CQQYYSFPPTF;CARGRGAAAGTSILNYW_CQQYYSTPLGF;CAREPPDLTMVRTKGVRWFDPW_CQQYYSNPLTF;CARGGRVWSQATPTKNWFDPW_CQQYNNWPPWTF;CARETVVTPQNAFDIW_CAAWDDSLNGYVF;CARKSGPPQYRYFDYW_CQQSYSTPLHF;CARDEMVRRDGYNFAFDIW_CQQYYSTPPLTF;CARGVGGCSSTSCYTRGYYGMDVW_CQQANSFLTF;CAKDGIVFYGSGSYNDYW_CQQYYETPTF;CARGVRVAPIDYW_CAAWDDSLWVF;CARGPVYYYGSGSYYYFDYW_CLQDYNYPFTF;CARVRGAFGEPPPYNWFDPW_CQSADSSGTYYVF;CARGTRGRSSGYYSNW_CQQYNNWPPYTF;CARGGLYSSSWSVHSTFQHW_CQQYGSSPRTF;CARDLGARDGYNKFDYW_CQQYYSTPALTF;CAHTPGSGQKGSIYW_CQQYYSTPWTF;CARGRSSGYYPHFDYW_CNSRDSSGNHYVF;CARLGPYGSGSYSPVDYW_CQQYYSNPQAF;CARGAAAGTLDAFDIW_CQQYYSTPLTF;CAADRIRGSSANYDYGMDVW_CQQYYSLRTF;CTRGGGALGNW_CQQYYSIPWTF;CARGGRYCSGGSCYNWFDPW_CLQDYNYPWTF;CARGPGIYGDYGGGRPGYFDYW_CQQYYSTPPITF;CARVDNVWTTWGYW_CQQSYSTPPTF;CARGPSRSYNVYYFDYW_CQQYYSTGTF;CARGRGARYDYGYGLVPNYFDYW_CQQHSSSPPTF;CARDRVHDYVWGSYRDLDYW_CQQSYSTLMYTF;CARGPMTTVATPRTQYFQFW_CQQYYSTPWTF;CSKDWAATGREIGYW_CQQYYRTPYTF;CARRYSYGYKRLSGWIWYFDLW_CAAWDDSLNGYVF;CARRDCSGGSTQSLPQRHLTCYYGMDVW_CQQYYSTLYTF;CANDRDASSAWYGPVGYW_CQQHYSTPGTF;CASSGWFDPW_CAAWDDSLSGRVF;CARDQYSSGWYLGGWGYFDYW_CQQYYSTLRTF;CARGVVGHPHLIDFW_CQQYYHMGTF;CARGMGSSSWYPNTKLVNWFDPW_CQQYYSTPPTF;CARGEYGDYAFDYW_CAAWDDSLNGYVF;CARGTIAVAGKRYYYFDYW_CQVWDSSSDHHVVF;CARQDCSGGSCYLDYW_CQVWDSSSDHPVF;CAKGYSSSWYYNYGMDVW_CQQYYSTPTF;CARALYYDILTGYYPRYYFDYW_CQQLNSYPITF;CARDRYFGPW_CQQYYSTPWTF;CARGSGYYVGSYFDYW_CNSRDSSGNHPPVVF;CARITMIGGAFDIW_CQQYYSTPSITF;CARDLPAVYYYGMDVW_CQQSYSTLFTF;CARGNTRLRGYSYGLQMARGGYGMDVW_CQQYGSSPGTF;CASSAPPYGHFDYW_CNSRDSSGNHVVF;CARSVTGTMGIYYYGMDVW_CQQYGSSRGTF;CVRGGSGTLSWYDSW_CQQYLSSPDTF;CTRDLLVNWNDPGLISYYNSFDVW_CQQYYNSPRTF;CARGRGYYGSGSYFSFSYYYGMDVW_CAAWDDSLNGQVF;CARDRRGYSYGYPWFDPW_CNSRDSSGNHRVF;CARGRVYGDYVFWFDPW_CQQSYSTPLTF;CARSDDNGDYVFNYW_CQQYYSTPPTF;CARAYGMDVW_CQKYNSAPYTF;CARELASHLGDYFDYW_CQQYYSTPPKTF;CARGTRGRSSGYYSNW_CQQYNNWPPYTF;CARKARQWEVAIDSW_CHQYYTTPLF;CASLERVRRFYYYYGMDVW_CLLYYGGARVF;CSVYDSSGYLYGAFDIW_CQQYYSTPLTF;CARYNWNLNFDYW_CAAWDDSLNANYVF;CSIHPYYYDSSSHSEYFQHW_CQQYDNLPPAF;CARGSPYCSGGSCYLNWFDPW_CQQYYSYPRTF	0	NA
19	62	CAKDFHRLTLLRYCSGGSCYSAFDIW_CCSYAGSSTYVF;CAKRPDTTGRSWYFDYW_CQQYNNWLWTF;CAKFDIAAADTGKGEDYW_CMQGTHWPPLTF;CAKDSLFDRIILIATDIW_CAAWDDSLNGWVF;CAKYPSFSSRRWYFDLW_CQQYNNWPPPYTF;CAKLPSYSYGPFDYW_CQVWDSSSDHPVF;CAKDRQQLVIDAFDIW_CQQANSFSYTF;CAKVLGFGPHYDILTGYYPFDYW_CQQSYSTPLTF;CASVQWLVDYW_CQQSYSTPMYTF;CAKDQSPSAKNGDYVSFDYW_CMQALQKTF;CAKDLRFLEWLLPYYYGMDVW_CMQALQTPWTF;CAKDIRGNSWYGDSEGIW_CMQGTHWPYTF;CASGMVDFDYW_CMQGTHWPPTF;CAKGDSRYWYFDLW_CQQRSNWPLTF;CAKWGHSSWYDNWFDPW_CQSADSSGTYVVF;CAKMGASRWGPSYYFDCW_CQQYGSSPRTF;CAKDHPTNWFDPW_CQQYYSYPRTF;CAKAQNYYDSSGYYPFDYW_CQVWDSSSDHSVVF;CAKAPESSAYYGPDYW_CAAWDDSLSGHWVF;CAKGATSCAYW_CQQSYSTPRTF;CARGRLGGYSLPGFDYW_CNSRDSSGNHVVF;CAKASARYCSGGSCYGTAFDIW_CQQSYSTPVF;CAKFHDSSGYYYLYGFDYW_CQAWDSSTYVF;CAKGAAASRTDYW_CQQSYSTPPYTF;CAKDEWERGAFDIW_CQQYNSYSPWTF;CAKADLLYSGSYGAW_CQQSYSTPYTF;CAKDGIVVVTAIKFGHGMDVW_CQQANSFPYTF;CAKRLDYW_CMQATQFPYTF;CANISPPPRYYGSGSYYNFAFDIW_CQQLNSYPFTF;CAKEDYNSGSCLDYW_CQQLNSYPQVTF;CAKVRGIVGATPCYFDYW_CQVWDSSSDHPVF;CAKDRGYRGDYSNWFDPW_CQQYNSYPRTF;CAKPSIVATIWAFDYW_CQQYDNLPPITF;CAKGRYSSSWYEDWYFDLW_CQQRSNWPPLTF;CAKDAEGQGPVLLWLGGMDVW_CQQYNSYSYTF;CATGIAVAGTLGYYGMDVW_CQQYNNWPRFTF;CAKASVAVAGTGGMDVW_CQVWDSSSDHVVF;CAKFFVVLSFWSGYYDYW_CQQLNSYPQTF;CAKGRNFVVVTAICDYW_CQQYGSSPLTF;CAKSLKLFAIDYW_CQSADSSGTYWVF;CAKGGYCSGGSCPLDYYYGMDVW_CMQALQTPLTF;CAKDHDEGATTYFDYW_CQAWDSSTVVF;CAKDRGPAEKYYYDSSGTQLIGAFDIW_CQQYYSYPPGTF;CAKALHAAVVGPAAIPFDYW_CSSYVGSNNYVF;CAKDHLMITFGGVGQGVPWFDPW_CQKYNSAPRTF;CAKAEGVKYNWNYGDYW_CQQSGSSPPTF;CAKETLGAVDYW_CCSYAGSSRVF;CAKAAMVRGVIDWYFDLW_CQQYYSYPPFTF;CAKGGGADFDHW_CQQYSIWPLSF;CAKDRDGYNADDAFDIW_CQQSYSTPLTF;CAKSYGSGSYYRTSEYYFDYW_CQQYNNWPPGTF;CAKRDSSSWGWDRGAFDIW_CQQLNSYPGFTF;CAKGFDYYGSGSYSPFDYW_CQQYNNWPPEYTF;CAKDGRWELGTFDIW_CQQYDNLPQF;CAKDRRLGPWIPDYW_CQQYDNLPQAF;CAKDRCTITSCSYQNW_CMQALQIPPTF;CAKDRSFDYPDYW_CQQYYSFPYTF;CAKLGEEDGSGSPSYYYYGMDVW_CQQYNNWPPLTF;CAKILYSSGWWGGAFDIW_CQQYNSYPLTF;CAKDKASSWQDRYYYYGMDVW_CVLYMGSGIRVF;CAKVGVGATSHFDYW_CQQSYSTPRYTF;CAKDLPRSVVVTANSYYYGMDVW_CQQYNSYPVTF	18	68	CARQVGVGKWYLEDW_CCSYASGDNLVF;CARLIKYSGSYEMVDYW_CAAWDDSLNGYYVF;CARGGFITMIGYGMDVW_CQQYDNLPFTF;CARDLRWCSGGSCYGNYYGMDVW_CAAWDDSLNGQVF;CARDGRDYYDSSGYYYDDAFDIW_CQSADSSGTVVF;CARDHPLMVRENLGFDPW_CAAWDDSLNGPVF;CARDLRNYYDFWSGSPNPKINWFDPW_CQKYNSAPLTF;CARDLPAARYGDYGGFDYW_CAAWDDSLNGVVF;CARDLFPIQYGSEPYGMDVW_CQQYGSSPRTF;CARDIGPLDVW_CQVWDSSSDHRVF;CARDQGDGDYGAFDIW_CQQSYSTSSWTF;CARILEIVDPSGSYQYYFDYW_CGTWDSSLSAVVF;CARDGHYSGSYYVGYW_CCSYAGSYTYWVF;CAREEYSSSWHPYYFDYW_CGTWDSSLSAYVF;CAKDFRGWFDPW_CATWDDSLNGWVF;CARDRSGGSWFDPW_CVLYMGSGVF;CARASTAAYYYYYYGMDVW_CAAWDDSLNGHVVF;CAHHLSFGGNWAFAHW_CAAWDDSLNGSYVF;CASNLGYCSSISCYGFDYW_CQQYGSSPLYTF;CAKELPYYDSSGGPEYW_CAAWDDSLNGWVF;CARGEDYYGSGSYYGMDVW_CQAWDSNTVIF;CARVLGITGTTRRFDYW_CQQYYSYPFTF;CARDREQLAPFDYW_CQSADSSGTYVF;CAKDLIDTMIVVVITPPFDYW_CAAWDDSLNWVF;CARGGHLWSEEVMNRFYYYLGMDVW_CGAWDGSLNGYVF;CARDGYSGYDRADYYYYYGMDVW_CQSYDSSLSGSRVF;CARDHIAVAATPAEYYYYGMDVW_CQAWDSSTVVF;CARARDRQGAYYYGSGSYVPYYYYGMDVW_CCSYAGSSPWVF;CARQNFDILTGYSIDYW_CAAWDDSLNGLYVF;CARDNSGSYVVEYYFDYW_CAAWDDSLNGWVF;CARQYVEWLREMDVW_CAAWDDRLNGWVF;CARNYYYDSSGSGFDYW_CQQANSFPPTF;CAHRHHCSSTSCSPWDDWFDPW_CAAWDDSLNGPVF;CARQNFDILTGYSIDYW_CAAWDDSLNGLYVF;CAKTQVDGKALWFEPW_CATWDSILSGWIF;CARELLWFGEGINWFDPW_CAAWDDSLNGVVF;CARHNTITLRYFDWTKLGYFDLW_CAAWDDSLNGVVF;CARDRYDYGDYPAEYFQHW_CAAWDDSLNGVVF;CAREQLGGFDYW_CAAWDDSLSVVVF;CAIIPLATPVTIIMDYW_CMQSIQLPPQPTF;CAREQQLVPYYYYGMDVW_CAAWDDSLNGWVF;CARDGAGHYGSGSYFGSW_CATWDDSLNGFVIF;CASRTNHYYDIQRHYW_CQQSYSTPGVTF;CARHIMVRGVPPNFDYW_CAAWDDSLNGPVF;CASTGGGSYPILNW_CQQYYSYPLTF;CARGGPYPINSGYYYEVDYW_CAAWDDSLNGRYVF;CARGPNDAFDVW_CQQYARSPPWTF;CAHHASFGGNWAFAHW_CAAWDDSLNGSYVF;CARDRGYGSGSYFSGFDYW_CQQYNNWPPRTF;CARERGMYSSGWYNWFDPW_CQQYYSYPYTF;CARGGDGYNYHPYW_CQKYNSAPTF;CAKDSIPIYDSSGTTFDYW_CAAWDDSLNGWVF;CARDQRSYADYW_CQQYYSYPQTF;CARDLQRGYSYGYW_CAAWDDSLNGVVF;CARDIHGNGALYYYYGMDVW_CAAWDDSLNGLYVF;CARDNIVVVPAAMFEASDYYYGMDVW_CMQALQTPYTF;CARDELRQLVLW_CQSYDSSNPWVF;CARSYGSGSYPRPSPLAWFDPW_CAAWDDSLNGPVF;CARDLIGFGASFDYW_CQQYNNWPPYTF;CARMMGTYYGDHPTIVGYFDYW_CQQYNNWPLTF;CARDGLDYDSNAIDYW_CQQYDNLPYTF;CARHGGDCGLDCYSNWFDPW_CQHWTF;CAREPADSSSLW_CQSYDSSNWVF;CARSGQWLEGWFDPW_CQQYNSYSPTF;CAREGREGGGFDYW_CAAWDDSLSGWVF;CARFVPGGYDGFDIW_CASWDKNLNAFVF;CARDPVPVILGYCSGGRCSPLDYW_CQNYNSAPRTF;CAKDWDDYDSESGVYNYYGMDVW_CSAWDDSLNGVVF	0	NA
19	62	CAKDFHRLTLLRYCSGGSCYSAFDIW_CCSYAGSSTYVF;CAKRPDTTGRSWYFDYW_CQQYNNWLWTF;CAKFDIAAADTGKGEDYW_CMQGTHWPPLTF;CAKDSLFDRIILIATDIW_CAAWDDSLNGWVF;CAKYPSFSSRRWYFDLW_CQQYNNWPPPYTF;CAKLPSYSYGPFDYW_CQVWDSSSDHPVF;CAKDRQQLVIDAFDIW_CQQANSFSYTF;CAKVLGFGPHYDILTGYYPFDYW_CQQSYSTPLTF;CASVQWLVDYW_CQQSYSTPMYTF;CAKDQSPSAKNGDYVSFDYW_CMQALQKTF;CAKDLRFLEWLLPYYYGMDVW_CMQALQTPWTF;CAKDIRGNSWYGDSEGIW_CMQGTHWPYTF;CASGMVDFDYW_CMQGTHWPPTF;CAKGDSRYWYFDLW_CQQRSNWPLTF;CAKWGHSSWYDNWFDPW_CQSADSSGTYVVF;CAKMGASRWGPSYYFDCW_CQQYGSSPRTF;CAKDHPTNWFDPW_CQQYYSYPRTF;CAKAQNYYDSSGYYPFDYW_CQVWDSSSDHSVVF;CAKAPESSAYYGPDYW_CAAWDDSLSGHWVF;CAKGATSCAYW_CQQSYSTPRTF;CARGRLGGYSLPGFDYW_CNSRDSSGNHVVF;CAKASARYCSGGSCYGTAFDIW_CQQSYSTPVF;CAKFHDSSGYYYLYGFDYW_CQAWDSSTYVF;CAKGAAASRTDYW_CQQSYSTPPYTF;CAKDEWERGAFDIW_CQQYNSYSPWTF;CAKADLLYSGSYGAW_CQQSYSTPYTF;CAKDGIVVVTAIKFGHGMDVW_CQQANSFPYTF;CAKRLDYW_CMQATQFPYTF;CANISPPPRYYGSGSYYNFAFDIW_CQQLNSYPFTF;CAKEDYNSGSCLDYW_CQQLNSYPQVTF;CAKVRGIVGATPCYFDYW_CQVWDSSSDHPVF;CAKDRGYRGDYSNWFDPW_CQQYNSYPRTF;CAKPSIVATIWAFDYW_CQQYDNLPPITF;CAKGRYSSSWYEDWYFDLW_CQQRSNWPPLTF;CAKDAEGQGPVLLWLGGMDVW_CQQYNSYSYTF;CATGIAVAGTLGYYGMDVW_CQQYNNWPRFTF;CAKASVAVAGTGGMDVW_CQVWDSSSDHVVF;CAKFFVVLSFWSGYYDYW_CQQLNSYPQTF;CAKGRNFVVVTAICDYW_CQQYGSSPLTF;CAKSLKLFAIDYW_CQSADSSGTYWVF;CAKGGYCSGGSCPLDYYYGMDVW_CMQALQTPLTF;CAKDHDEGATTYFDYW_CQAWDSSTVVF;CAKDRGPAEKYYYDSSGTQLIGAFDIW_CQQYYSYPPGTF;CAKALHAAVVGPAAIPFDYW_CSSYVGSNNYVF;CAKDHLMITFGGVGQGVPWFDPW_CQKYNSAPRTF;CAKAEGVKYNWNYGDYW_CQQSGSSPPTF;CAKETLGAVDYW_CCSYAGSSRVF;CAKAAMVRGVIDWYFDLW_CQQYYSYPPFTF;CAKGGGADFDHW_CQQYSIWPLSF;CAKDRDGYNADDAFDIW_CQQSYSTPLTF;CAKSYGSGSYYRTSEYYFDYW_CQQYNNWPPGTF;CAKRDSSSWGWDRGAFDIW_CQQLNSYPGFTF;CAKGFDYYGSGSYSPFDYW_CQQYNNWPPEYTF;CAKDGRWELGTFDIW_CQQYDNLPQF;CAKDRRLGPWIPDYW_CQQYDNLPQAF;CAKDRCTITSCSYQNW_CMQALQIPPTF;CAKDRSFDYPDYW_CQQYYSFPYTF;CAKLGEEDGSGSPSYYYYGMDVW_CQQYNNWPPLTF;CAKILYSSGWWGGAFDIW_CQQYNSYPLTF;CAKDKASSWQDRYYYYGMDVW_CVLYMGSGIRVF;CAKVGVGATSHFDYW_CQQSYSTPRYTF;CAKDLPRSVVVTANSYYYGMDVW_CQQYNSYPVTF	20	56	CARETTPVVTASTYYYYYGMDVW_CSSYTSSSTWVF;CARDWVRGVNDMDVW_CSSYTSSSTRVF;CTRPQRKWELPYPDAFDIW_CSSYTSSSTLF;CARGGAAVTTYYYYFYGMDAW_CCSYSSTNTLYVF;CARDGSGYLEQYYFDYW_CAAWDDSLNGYVF;CARGQGRTTSDYW_CSSYTSSSTLVVF;CARDPITMVRGVIISGWYFDLW_CSSYTSSSTLDVVF;CAKGADPYYDFWSGYSELFPLGMDVW_CSSYTSSSTVVF;CAREFKSFWSGYGDYYYGMDVW_CSSYTSSSTRVF;CARVVDDYYDSSGRYYFDYW_CSSYTSSSTQVF;CARHPFRVFGGWRDYW_CSSYTSSSTLWVF;CTGPDRMAYYDSSGYWEGVLDYW_CSSYTSSSPLYVF;CTRCGSSWTSYTMYDW_CSSYTGSRLYVF;CAKASLYGSGSYPPKYW_CSSYTSSSTYVF;CARDRPALWFGELHGMDVW_CSSYTSSSTLVF;CAKDHWEYYWYFDLW_CSSYTSSSTLVF;CARQISILRLLVWFDPW_CSSYTSSRGVF;CARHSPPRLWFGAFNYYYGMDVW_CSSYTGSSTLVF;CARRIAVAATVTGAMDVW_CTSYTSSSTLVF;CARYYDILTGYYYDYFDYW_CSSYTSSSTSF;CAKDPRLGPYFDYW_CSSYTSSSTRVF;CATSLVVVPAAILRGGVGGHYYGMDVW_CGTWDSSLSAVVF;CARILSDYYDSIGAFDYW_CSSYTSSSTPVVF;CARDRVAIMRGIKPNGMDVW_CQQLNSYPQTF;CARELTGDRDYW_CNSYTRSSTYVF;CARVNTMVRGLSTTKYYYPMDVW_CSSYTLSILIF;CARGGLPLGYCSGGSCSRRYYGMDVW_CSSYTSSSTLVVF;CARVEYGDYSGWFDPW_CSSYTSSSTWVF;CARGINYCSGGSCYYYYYYGMDVW_CSSYTSSSTLEGVF;CAREGPSRPAANYW_CSSYTSSSTEVF;CVRDQGSGGNYFDPW_CSSYTSSSLYVF;CARDDYYYDSSGYYPRFDYW_CSSYTSSSTLGVF;CARGSRYSYGDPCFDYW_CSSYTSSSTPVVVF;CARYYQDRFDYW_CSSYTSSSTLEVF;CARGPYDILTGSIYYYGMDVW_CSSYTSSSTLIF;CARDLGWSEGNYYYYGMDVW_CSSYTSSSTYVF;CAYDSSGYSLDYW_CQQYGSSPF;CARDQGTAAKPLDYW_CSSYTSSSTRVF;CARGGYSGYESDYW_CSSYTSSSTRVF;CARSSVGRQWPKGMDVW_CSSYTSSSTLAF;CAKDIRGRMATIMSW_CSSYTSSSTLVVF;CARVELHYYYYYGMDVW_CSSYTSSSTLF;CARGMIVVVMRYGMDVW_CSSYTSSSPVVF;CAKGILRYFDWHLEGMDVW_CSSYRNISTVF;CAKDIVSYSNYVLSNW_CSSYTSSSTQHVVF;CARHGSYLGYFQHW_CSSYTSSSTVVF;CAKDKGPDYYYGMDVW_CSSYTSSSTLYVF;CARSMVRGKYRAEYFQHW_CSSYTSSSTLNVVF;CATLSGMDVW_CSSYTSSSTLVVF;CAREGRPPRKPKNNWFDPW_CSSYAGSNNLVF;CARGYSYGPFDYW_CSSYTSSSTLVVF;CASPITTVTTRGAFDIW_CSSYTSSSTFYVF;CAETSYCSGGSCPMSEYGPVFDPW_CSSYTSSSTPWVF;CAKDCGEPWYNWNDGIGYW_CSSYTSSSTWVF;CARDSRLGGVDPW_CSSYTSSSTRVF;CAKAPGGYNWDNYHYYYFAMDVW_CSSYTSSSTLYVF	0	NA
19	62	CAKDFHRLTLLRYCSGGSCYSAFDIW_CCSYAGSSTYVF;CAKRPDTTGRSWYFDYW_CQQYNNWLWTF;CAKFDIAAADTGKGEDYW_CMQGTHWPPLTF;CAKDSLFDRIILIATDIW_CAAWDDSLNGWVF;CAKYPSFSSRRWYFDLW_CQQYNNWPPPYTF;CAKLPSYSYGPFDYW_CQVWDSSSDHPVF;CAKDRQQLVIDAFDIW_CQQANSFSYTF;CAKVLGFGPHYDILTGYYPFDYW_CQQSYSTPLTF;CASVQWLVDYW_CQQSYSTPMYTF;CAKDQSPSAKNGDYVSFDYW_CMQALQKTF;CAKDLRFLEWLLPYYYGMDVW_CMQALQTPWTF;CAKDIRGNSWYGDSEGIW_CMQGTHWPYTF;CASGMVDFDYW_CMQGTHWPPTF;CAKGDSRYWYFDLW_CQQRSNWPLTF;CAKWGHSSWYDNWFDPW_CQSADSSGTYVVF;CAKMGASRWGPSYYFDCW_CQQYGSSPRTF;CAKDHPTNWFDPW_CQQYYSYPRTF;CAKAQNYYDSSGYYPFDYW_CQVWDSSSDHSVVF;CAKAPESSAYYGPDYW_CAAWDDSLSGHWVF;CAKGATSCAYW_CQQSYSTPRTF;CARGRLGGYSLPGFDYW_CNSRDSSGNHVVF;CAKASARYCSGGSCYGTAFDIW_CQQSYSTPVF;CAKFHDSSGYYYLYGFDYW_CQAWDSSTYVF;CAKGAAASRTDYW_CQQSYSTPPYTF;CAKDEWERGAFDIW_CQQYNSYSPWTF;CAKADLLYSGSYGAW_CQQSYSTPYTF;CAKDGIVVVTAIKFGHGMDVW_CQQANSFPYTF;CAKRLDYW_CMQATQFPYTF;CANISPPPRYYGSGSYYNFAFDIW_CQQLNSYPFTF;CAKEDYNSGSCLDYW_CQQLNSYPQVTF;CAKVRGIVGATPCYFDYW_CQVWDSSSDHPVF;CAKDRGYRGDYSNWFDPW_CQQYNSYPRTF;CAKPSIVATIWAFDYW_CQQYDNLPPITF;CAKGRYSSSWYEDWYFDLW_CQQRSNWPPLTF;CAKDAEGQGPVLLWLGGMDVW_CQQYNSYSYTF;CATGIAVAGTLGYYGMDVW_CQQYNNWPRFTF;CAKASVAVAGTGGMDVW_CQVWDSSSDHVVF;CAKFFVVLSFWSGYYDYW_CQQLNSYPQTF;CAKGRNFVVVTAICDYW_CQQYGSSPLTF;CAKSLKLFAIDYW_CQSADSSGTYWVF;CAKGGYCSGGSCPLDYYYGMDVW_CMQALQTPLTF;CAKDHDEGATTYFDYW_CQAWDSSTVVF;CAKDRGPAEKYYYDSSGTQLIGAFDIW_CQQYYSYPPGTF;CAKALHAAVVGPAAIPFDYW_CSSYVGSNNYVF;CAKDHLMITFGGVGQGVPWFDPW_CQKYNSAPRTF;CAKAEGVKYNWNYGDYW_CQQSGSSPPTF;CAKETLGAVDYW_CCSYAGSSRVF;CAKAAMVRGVIDWYFDLW_CQQYYSYPPFTF;CAKGGGADFDHW_CQQYSIWPLSF;CAKDRDGYNADDAFDIW_CQQSYSTPLTF;CAKSYGSGSYYRTSEYYFDYW_CQQYNNWPPGTF;CAKRDSSSWGWDRGAFDIW_CQQLNSYPGFTF;CAKGFDYYGSGSYSPFDYW_CQQYNNWPPEYTF;CAKDGRWELGTFDIW_CQQYDNLPQF;CAKDRRLGPWIPDYW_CQQYDNLPQAF;CAKDRCTITSCSYQNW_CMQALQIPPTF;CAKDRSFDYPDYW_CQQYYSFPYTF;CAKLGEEDGSGSPSYYYYGMDVW_CQQYNNWPPLTF;CAKILYSSGWWGGAFDIW_CQQYNSYPLTF;CAKDKASSWQDRYYYYGMDVW_CVLYMGSGIRVF;CAKVGVGATSHFDYW_CQQSYSTPRYTF;CAKDLPRSVVVTANSYYYGMDVW_CQQYNSYPVTF	22	1	CARHGINYYDSSGYSGNDAFDIW_CQQYDNLFTF	0	NA
20	56	CARETTPVVTASTYYYYYGMDVW_CSSYTSSSTWVF;CARDWVRGVNDMDVW_CSSYTSSSTRVF;CTRPQRKWELPYPDAFDIW_CSSYTSSSTLF;CARGGAAVTTYYYYFYGMDAW_CCSYSSTNTLYVF;CARDGSGYLEQYYFDYW_CAAWDDSLNGYVF;CARGQGRTTSDYW_CSSYTSSSTLVVF;CARDPITMVRGVIISGWYFDLW_CSSYTSSSTLDVVF;CAKGADPYYDFWSGYSELFPLGMDVW_CSSYTSSSTVVF;CAREFKSFWSGYGDYYYGMDVW_CSSYTSSSTRVF;CARVVDDYYDSSGRYYFDYW_CSSYTSSSTQVF;CARHPFRVFGGWRDYW_CSSYTSSSTLWVF;CTGPDRMAYYDSSGYWEGVLDYW_CSSYTSSSPLYVF;CTRCGSSWTSYTMYDW_CSSYTGSRLYVF;CAKASLYGSGSYPPKYW_CSSYTSSSTYVF;CARDRPALWFGELHGMDVW_CSSYTSSSTLVF;CAKDHWEYYWYFDLW_CSSYTSSSTLVF;CARQISILRLLVWFDPW_CSSYTSSRGVF;CARHSPPRLWFGAFNYYYGMDVW_CSSYTGSSTLVF;CARRIAVAATVTGAMDVW_CTSYTSSSTLVF;CARYYDILTGYYYDYFDYW_CSSYTSSSTSF;CAKDPRLGPYFDYW_CSSYTSSSTRVF;CATSLVVVPAAILRGGVGGHYYGMDVW_CGTWDSSLSAVVF;CARILSDYYDSIGAFDYW_CSSYTSSSTPVVF;CARDRVAIMRGIKPNGMDVW_CQQLNSYPQTF;CARELTGDRDYW_CNSYTRSSTYVF;CARVNTMVRGLSTTKYYYPMDVW_CSSYTLSILIF;CARGGLPLGYCSGGSCSRRYYGMDVW_CSSYTSSSTLVVF;CARVEYGDYSGWFDPW_CSSYTSSSTWVF;CARGINYCSGGSCYYYYYYGMDVW_CSSYTSSSTLEGVF;CAREGPSRPAANYW_CSSYTSSSTEVF;CVRDQGSGGNYFDPW_CSSYTSSSLYVF;CARDDYYYDSSGYYPRFDYW_CSSYTSSSTLGVF;CARGSRYSYGDPCFDYW_CSSYTSSSTPVVVF;CARYYQDRFDYW_CSSYTSSSTLEVF;CARGPYDILTGSIYYYGMDVW_CSSYTSSSTLIF;CARDLGWSEGNYYYYGMDVW_CSSYTSSSTYVF;CAYDSSGYSLDYW_CQQYGSSPF;CARDQGTAAKPLDYW_CSSYTSSSTRVF;CARGGYSGYESDYW_CSSYTSSSTRVF;CARSSVGRQWPKGMDVW_CSSYTSSSTLAF;CAKDIRGRMATIMSW_CSSYTSSSTLVVF;CARVELHYYYYYGMDVW_CSSYTSSSTLF;CARGMIVVVMRYGMDVW_CSSYTSSSPVVF;CAKGILRYFDWHLEGMDVW_CSSYRNISTVF;CAKDIVSYSNYVLSNW_CSSYTSSSTQHVVF;CARHGSYLGYFQHW_CSSYTSSSTVVF;CAKDKGPDYYYGMDVW_CSSYTSSSTLYVF;CARSMVRGKYRAEYFQHW_CSSYTSSSTLNVVF;CATLSGMDVW_CSSYTSSSTLVVF;CAREGRPPRKPKNNWFDPW_CSSYAGSNNLVF;CARGYSYGPFDYW_CSSYTSSSTLVVF;CASPITTVTTRGAFDIW_CSSYTSSSTFYVF;CAETSYCSGGSCPMSEYGPVFDPW_CSSYTSSSTPWVF;CAKDCGEPWYNWNDGIGYW_CSSYTSSSTWVF;CARDSRLGGVDPW_CSSYTSSSTRVF;CAKAPGGYNWDNYHYYYFAMDVW_CSSYTSSSTLYVF	0	3	CAREVVLMVHRRGGLNMDVW_CQQYYSTPLTF;CARDPHYYDSSGYYYWYFDLW_CSSYAGSNNPYVF;NA_CQQANSFPLTF	0	NA
20	56	CARETTPVVTASTYYYYYGMDVW_CSSYTSSSTWVF;CARDWVRGVNDMDVW_CSSYTSSSTRVF;CTRPQRKWELPYPDAFDIW_CSSYTSSSTLF;CARGGAAVTTYYYYFYGMDAW_CCSYSSTNTLYVF;CARDGSGYLEQYYFDYW_CAAWDDSLNGYVF;CARGQGRTTSDYW_CSSYTSSSTLVVF;CARDPITMVRGVIISGWYFDLW_CSSYTSSSTLDVVF;CAKGADPYYDFWSGYSELFPLGMDVW_CSSYTSSSTVVF;CAREFKSFWSGYGDYYYGMDVW_CSSYTSSSTRVF;CARVVDDYYDSSGRYYFDYW_CSSYTSSSTQVF;CARHPFRVFGGWRDYW_CSSYTSSSTLWVF;CTGPDRMAYYDSSGYWEGVLDYW_CSSYTSSSPLYVF;CTRCGSSWTSYTMYDW_CSSYTGSRLYVF;CAKASLYGSGSYPPKYW_CSSYTSSSTYVF;CARDRPALWFGELHGMDVW_CSSYTSSSTLVF;CAKDHWEYYWYFDLW_CSSYTSSSTLVF;CARQISILRLLVWFDPW_CSSYTSSRGVF;CARHSPPRLWFGAFNYYYGMDVW_CSSYTGSSTLVF;CARRIAVAATVTGAMDVW_CTSYTSSSTLVF;CARYYDILTGYYYDYFDYW_CSSYTSSSTSF;CAKDPRLGPYFDYW_CSSYTSSSTRVF;CATSLVVVPAAILRGGVGGHYYGMDVW_CGTWDSSLSAVVF;CARILSDYYDSIGAFDYW_CSSYTSSSTPVVF;CARDRVAIMRGIKPNGMDVW_CQQLNSYPQTF;CARELTGDRDYW_CNSYTRSSTYVF;CARVNTMVRGLSTTKYYYPMDVW_CSSYTLSILIF;CARGGLPLGYCSGGSCSRRYYGMDVW_CSSYTSSSTLVVF;CARVEYGDYSGWFDPW_CSSYTSSSTWVF;CARGINYCSGGSCYYYYYYGMDVW_CSSYTSSSTLEGVF;CAREGPSRPAANYW_CSSYTSSSTEVF;CVRDQGSGGNYFDPW_CSSYTSSSLYVF;CARDDYYYDSSGYYPRFDYW_CSSYTSSSTLGVF;CARGSRYSYGDPCFDYW_CSSYTSSSTPVVVF;CARYYQDRFDYW_CSSYTSSSTLEVF;CARGPYDILTGSIYYYGMDVW_CSSYTSSSTLIF;CARDLGWSEGNYYYYGMDVW_CSSYTSSSTYVF;CAYDSSGYSLDYW_CQQYGSSPF;CARDQGTAAKPLDYW_CSSYTSSSTRVF;CARGGYSGYESDYW_CSSYTSSSTRVF;CARSSVGRQWPKGMDVW_CSSYTSSSTLAF;CAKDIRGRMATIMSW_CSSYTSSSTLVVF;CARVELHYYYYYGMDVW_CSSYTSSSTLF;CARGMIVVVMRYGMDVW_CSSYTSSSPVVF;CAKGILRYFDWHLEGMDVW_CSSYRNISTVF;CAKDIVSYSNYVLSNW_CSSYTSSSTQHVVF;CARHGSYLGYFQHW_CSSYTSSSTVVF;CAKDKGPDYYYGMDVW_CSSYTSSSTLYVF;CARSMVRGKYRAEYFQHW_CSSYTSSSTLNVVF;CATLSGMDVW_CSSYTSSSTLVVF;CAREGRPPRKPKNNWFDPW_CSSYAGSNNLVF;CARGYSYGPFDYW_CSSYTSSSTLVVF;CASPITTVTTRGAFDIW_CSSYTSSSTFYVF;CAETSYCSGGSCPMSEYGPVFDPW_CSSYTSSSTPWVF;CAKDCGEPWYNWNDGIGYW_CSSYTSSSTWVF;CARDSRLGGVDPW_CSSYTSSSTRVF;CAKAPGGYNWDNYHYYYFAMDVW_CSSYTSSSTLYVF	2	1	CARGTPGWYW_CQQYGSSPTF	0	NA
20	56	CARETTPVVTASTYYYYYGMDVW_CSSYTSSSTWVF;CARDWVRGVNDMDVW_CSSYTSSSTRVF;CTRPQRKWELPYPDAFDIW_CSSYTSSSTLF;CARGGAAVTTYYYYFYGMDAW_CCSYSSTNTLYVF;CARDGSGYLEQYYFDYW_CAAWDDSLNGYVF;CARGQGRTTSDYW_CSSYTSSSTLVVF;CARDPITMVRGVIISGWYFDLW_CSSYTSSSTLDVVF;CAKGADPYYDFWSGYSELFPLGMDVW_CSSYTSSSTVVF;CAREFKSFWSGYGDYYYGMDVW_CSSYTSSSTRVF;CARVVDDYYDSSGRYYFDYW_CSSYTSSSTQVF;CARHPFRVFGGWRDYW_CSSYTSSSTLWVF;CTGPDRMAYYDSSGYWEGVLDYW_CSSYTSSSPLYVF;CTRCGSSWTSYTMYDW_CSSYTGSRLYVF;CAKASLYGSGSYPPKYW_CSSYTSSSTYVF;CARDRPALWFGELHGMDVW_CSSYTSSSTLVF;CAKDHWEYYWYFDLW_CSSYTSSSTLVF;CARQISILRLLVWFDPW_CSSYTSSRGVF;CARHSPPRLWFGAFNYYYGMDVW_CSSYTGSSTLVF;CARRIAVAATVTGAMDVW_CTSYTSSSTLVF;CARYYDILTGYYYDYFDYW_CSSYTSSSTSF;CAKDPRLGPYFDYW_CSSYTSSSTRVF;CATSLVVVPAAILRGGVGGHYYGMDVW_CGTWDSSLSAVVF;CARILSDYYDSIGAFDYW_CSSYTSSSTPVVF;CARDRVAIMRGIKPNGMDVW_CQQLNSYPQTF;CARELTGDRDYW_CNSYTRSSTYVF;CARVNTMVRGLSTTKYYYPMDVW_CSSYTLSILIF;CARGGLPLGYCSGGSCSRRYYGMDVW_CSSYTSSSTLVVF;CARVEYGDYSGWFDPW_CSSYTSSSTWVF;CARGINYCSGGSCYYYYYYGMDVW_CSSYTSSSTLEGVF;CAREGPSRPAANYW_CSSYTSSSTEVF;CVRDQGSGGNYFDPW_CSSYTSSSLYVF;CARDDYYYDSSGYYPRFDYW_CSSYTSSSTLGVF;CARGSRYSYGDPCFDYW_CSSYTSSSTPVVVF;CARYYQDRFDYW_CSSYTSSSTLEVF;CARGPYDILTGSIYYYGMDVW_CSSYTSSSTLIF;CARDLGWSEGNYYYYGMDVW_CSSYTSSSTYVF;CAYDSSGYSLDYW_CQQYGSSPF;CARDQGTAAKPLDYW_CSSYTSSSTRVF;CARGGYSGYESDYW_CSSYTSSSTRVF;CARSSVGRQWPKGMDVW_CSSYTSSSTLAF;CAKDIRGRMATIMSW_CSSYTSSSTLVVF;CARVELHYYYYYGMDVW_CSSYTSSSTLF;CARGMIVVVMRYGMDVW_CSSYTSSSPVVF;CAKGILRYFDWHLEGMDVW_CSSYRNISTVF;CAKDIVSYSNYVLSNW_CSSYTSSSTQHVVF;CARHGSYLGYFQHW_CSSYTSSSTVVF;CAKDKGPDYYYGMDVW_CSSYTSSSTLYVF;CARSMVRGKYRAEYFQHW_CSSYTSSSTLNVVF;CATLSGMDVW_CSSYTSSSTLVVF;CAREGRPPRKPKNNWFDPW_CSSYAGSNNLVF;CARGYSYGPFDYW_CSSYTSSSTLVVF;CASPITTVTTRGAFDIW_CSSYTSSSTFYVF;CAETSYCSGGSCPMSEYGPVFDPW_CSSYTSSSTPWVF;CAKDCGEPWYNWNDGIGYW_CSSYTSSSTWVF;CARDSRLGGVDPW_CSSYTSSSTRVF;CAKAPGGYNWDNYHYYYFAMDVW_CSSYTSSSTLYVF	4	534	CARENYDFWSGYYHGADVW_CMIWHSSAWVF;CARRYYDSSGYSANFDYW_CQTWGTGIYVF;CAKAGDSSGYQKTYYFDYW_CQSADSSGTYGVF;CTTEALDYGANSRSPNFDYW_CQAWDSSNVVF;CAKDTEVGASRYYYYYGMDVW_CQQYGSSPPFTF;CASISMVRGEGGGYW_CQVWDSSSDHPVVF;CARADVVVVAALDYW_CQQYYSTPITF;CAKDFSGGEVVVVAATDYW_CQQYYSYPRTF;CARTGVTTVTTFPYW_CQQSYSTPGTF;CARDRWVVAAYYYGMDVW_CAIWYSSTWVF;CARDPMVRGVNYGMDVW_CMQALQTPRTF;CVGVGYNYRRDGAFDIW_CQQYGSSPQITF;CARETGYSSGWYEATGMDVW_CNSRDSSGNHLVF;CARSKGCSGGSCYHNWFDPW_CQQSYSTPYTF;CARDRYYYGSGRHRGSYYYYGMDVW_CAAWDDSLNGWVF;CAKPEAGQWLHVHHNHYGLDVW_CQSFDNSLSGSVF;CAAIAVYVYW_CQQYNSYPLTF;CAKANLAGVVAAIGIDYW_CAAWDDSLSGVVF;CARGIQLWWWFDPW_CQQSYSTPCTF;CASPQPGSGWSNYYYYGMDVW_CSSYTSSSTSYVF;CARDELDILTGYNIPTFGGCVYW_CQQYYSYPWTF;CVKEITAAKNRRKSLGYFFDFW_CQQYNDWPPLTF;CARDVCRGHYGDCLWGYW_CQQYYSYPITF;CARKGIAVRGGIDYW_CLLYYGGAWVF;CARDVSDGYNYEAWVDYW_CQQSYSTLWTF;CANGPPINYGDYEDAFDIW_CQQYNSYPLTF;NA_CQQSYRTPFTF;CARDRRGEHNFDYW_CQQRSNWPPGTF;CARDSEGEPSAGDAFDIW_CQQSYSTPWTF;CAKVLLDYYYGMDVW_CSSYTSSSTLVVF;CARGGWWELPYYYYYGMDVW_CMQALQTRNTF;CAKDPDYW_CQQRSNWPTF;CARVLDVW_CQQYNSYWTF;CAREKWELPPPPYYFDYW_CCSYAGSYTVVF;CAHRRYYYVAFDYW_CQQYYSTPLTF;CAHHGSARYSSSWHAAPGPYYFDYW_CQVWDSRAYVF;CARDFTEDGYNFDWRMLPDYW_CQQRSNWPPITF;CARGQIGGWSPYYYYGLDVW_CQQGYTNPFTF;CARGRNLGVVTKFNWFDPW_CAAWDDSLNGLVF;CARDGPYSGSYYGDAFDIW_CQQSYSTPRTF;CARDLGATDYW_CCSYAGSSTPYVF;NA_CQSADSSGTSWVF;CAKDGGLDYALYWYFDLW_CQQYNSLYTF;CAHKMGRGGGVDYW_CQQLSTDPITF;CTRDPHYGDHVPHNWFDPW_CQQSYRSPYTF;CARYDYDITVDHW_CMQGLQPFTF;CARAVDTAMVTNNWFDPW_CQQSYSTPFTF;CATEDTARDLYRAAFDIW_CQQYNGWTF;CARGYATALSRTDYW_CSSYTSSSTLVVF;CARGWSIVVVVAATFPNWFDPW_CQQRSNWPPTF;CARVAAVRSGRVNYYYYYGMDVW_CQSADSSGTYKVVF;CASIAVAGYFNYW_CQQYYSTPFTF;CAKVFSSSWGDYW_CQQSYSTPITF;CASFVDTAMAIPLDYWYFDLW_CQQYNNWPPWTF;CARGTVTTGRGYFDLW_CQQYGSSPQVTF;CAKDRASYYNFPIDPW_CQQYYSTPFTF;CAQTKLGIFGGMDVW_CQQSYSTPYTF;CARGPGYFDYW_CQQYDNLPRTF;CASHGVVVAATRGTPGSDYW_CQQSYSTLRTF;CASTVPSSLRAGAFDIW_CQQYYSTPRTF;CARDTMGPLYYGMDVW_CQVWDSSTVVF;CAKDLGELTDYW_CSSYTSSSTLVVVF;CAKSGPPLEWFFLGYYYGMDVW_CNSRDSSGNHVVF;CAKDATGYFDWLPYYYYYYGMDVW_CLLYYGGAQLWVF;CTTDSPHMITFGGVIVFDYW_CAAWDDSLNGGVF;CARDLRPVAGTADYLDYW_CQQYHYWPRTF;CARGVTIFGVVIMGGMDVW_CQQSYSTPYTF;CAKDLLSIYGSPSDYW_CQPYYGAPPYTF;CASAWYYYDSSGYYPFDYW_CQQYGSSPWTF;CVKDRSSRQLKAVGTYFDCW_CTSYTSSSTSYVF;CAREDLLWFGERWAKNSFDPW_CMQALQTPITF;CTRVVTMIVVAQGGFDYW_CAAWDDSLSAVVF;CARDKVVGARNWFDPW_CQQSYSTPSF;CARAVLRFLEWFSNWFDPW_CSSYTSSSTHVF;CARDRVVGATLYYYYYGMDVW_CQAWDSSSVVF;CARHEVPEMATIRGWFDPW_CQQYGSSLFTF;CARDRGSGTEPDFDYW_CMQATQFPLTF;CARVFGSVGATRSTDYW_CQQYITDPFTF;CARDELDILTGYNIPTFGGCVYW_CQQYYSYPWTF;CAHSDYYEGRGMDVW_CQQYYSTPYTF;NA_CQQYDELPVTF;CATTYYYDSSGYYQNDAFDIW_CQQYYSYPRTF;CAREIEGDGVFEIW_CMIWHSSAWVV;CARHIRGNRFGNDAFDIW_CQQYYSFPYTF;CARRLITMIEGGAFDIW_CQVWDSSSDHVVF;CAKVMIEHPSNRGHFDYW_CMQALQTPYTF;CTTDDEKRPYSGSYLPFDYW_CQSYDSSNVVF;CARGGRVSVAVYWDYYYYGMDVW_CQKYNSAPFTF;CAHSAQYYDILTGYYKAPWGGAFDIW_CQQYNSYSWTF;CARDDFGGATFYSSFDYW_CQQSYSTPYTF;CARAAKIFGVVTAFDIW_CQQYGSSPWTF;CVKDYSTSGWYYFDFW_CQQYGSSLPYTF;CARVVPAAFYGMDVW_CQQYGSSLFTF;CAGGSGYCTNGVCYPRGFDYYYGMDVW_CAAWDDSPPWVF;CAKDDTAMVTADFFDYW_CQTWGTGIWVF;CARTPRWLQCFDYW_CQQYNSYSWTF;CARDQWLAYYFDYW_CQSYDSSNHWVF;CARSGTTYYDILTGYYNYW_CQQYGSSRWTF;CAHRYYSNIDYW_CMQGTHWPWTF;CARDWGYYDSSGYSPRGYYYYYGMDVW_CQQLNSYSFTF;CAKDRVGYGDYVDYW_CQQYNNWPPWTF;CARLGSSPYYW_CQSYDSSLSGYVF;CTRYYGDVW_CQQYYSFPWTF;CAKDHYYDSSGYYSGLGYW_CQSADSSGTYRVVF;CATGLVVPAAILYGMDVW_CQQYGSSRGLTF;CAKDDGDAAAGLIYW_CAAWDDSLSGVVF;CAKDGGGEEALELPDYW_CGTWDSSLSAVVF;CATLRYPSLGVDYW_CHQYNNWPFTF;CARKDSSGSDAFDLW_CQQSYSTPYTF;CARDVVQLWYQIDYW_CQQSYSTPPNTF;CAKYVDTAMNQFDPW_CQQANSFPITF;CARGLHYYDSSGRSLYYFDYW_CQQYGSSPPGQTF;CANQPPSLYW_CQQYNNWPGTF;CARVGYDYVWGSYRYTGVMDVW_CSSYAGSSYVF;CARGRPYYYDSSGYPYDAFDIW_CMQALQTPLTF;CAKERVVTAIPVVIFDYW_CQQSYSTPRLTF;CARPYGDYAYFDYW_CQSYDSSLSGYVF;CARDWWERQDSKRPDYFDSW_CQQTNSFPITF;CARHSNDGSDYFDYW_CQESYGALLTYTF;CASTEIEMLVPRYCSSTSCYFVWFDPW_CGTWDSSLSAGHGVF;CASASSTGTDAFDIW_CQAWDSSTHVVF;CARDGSWYAAWFDPW_CQSYDSSLSGSVVF;CARDPSLGDPGWGYFDYW_CQQYNSYSTWTF;CVREMTGSFTGGLDPW_CMQGTHWPPTF;CAREVNTAMAYYYYYYGMDVW_CQQYGSSQWTF;CARERRGGGHYYDSSGYYLSDYW_CQQSYSTP;CARGGGYSSGWATREVVYW_CQSYDSSLGAVF;CAKVPTVTTFLGYYYGMDVW_CQQSYSTPWYTF;CARDLRPAANFDYW_CQVWDSSSDYVF;CARLSYSSSWYYFDYW_CQQSYSTLYTF;CARVPKVRYCSSTSCYKDYYYGMDVW_CQVWDSSSDSWVF;CATWHYYDSSGEDGMDVW_CQQYNNWPRTF;CARGRSSWHLDYW_CMQALQTPFTF;CARDPWELHGFDYW_CQQYGSSSFTF;CAREAYYYGMDVW_CNSRDSSGNHNYVF;CARDRSVVTMVRGVIPFYW_CCSYAGSYTVVF;CARHEKMNYYDILTGYSPPYYYYYGMDVW_CQSYDSSLSAYVVF;CAHYQGIAVTGTWFDPW_CQSYDSSNVVF;CARESSSWFPYW_CQQSYSTPFTF;CARERDYSPGRYYGMDVW_CGTWDSSLSAGVF;CARHPTPAAMVGYYYYGMDVW_CQQANSFPLTF;CARDGPMTAIGGYGMDVW_CQSYGSLGGSVF;CAKGRTTEGTDAFDMW_CQQVHSYPITF;CAKDRSSLLWFGELLYMPEEYGMDVW_CQQYNNWPLTF;CTNYGMDVW_CSSYAGSNNWVF;CARVDSFAPNSGYGAQLLNWFDPW_CQQYNNWPLTF;CAREDYDTASFGYW_CQQYDNLPYTF;CAKDFGRGSYHRAEYFQHW_CQQYNNWPPWTF;CARGGSLPLITMIVGFFW_CQQYGSSPEYTF;CTREAEMATISIDYW_CQVWDSSSDHVVF;CARDAPIWDTAIVYW_CQQYGSSLPWTF;CARLLVSAYNWFDPW_CQQSYSIPAF;CARIPMTTVTSYGMDVW_CQQYGSSSITF;CARDDEWEPYDYW_CCSYAGSSTYVF;CTTVLRYFDWLLSDYGMDVW_CLLSYSGARGVF;CAIGTGIVGTTFPREYW_CMQALQTSWTF;CAKDMELGWLIDYW_CMQALQTPLTF;CARERNIVVVPAAETFDYW_CQQYNNWPPLTF;CARIGFGEYDYGMDVW_CQSYDSSLSVVF;CARGNDYYGSGEFDYW_CSSYTSSSTLVF;CARGVGATDFDYW_CQSYDSSLSGVVF;CARDPSNWGSFGYW_CQAWDSSTYVF;CARVDGYNYSFDYW_CQQYNNWWTF;CAKEPYGGNSFVYYFDYW_CQQYGSSPGLTF;CAKAEWGGTENYIPYYFDFW_CQSYDNNNLIF;CARSHCSSTSCYPNYYYGMDVW_CQQSYSTPRTF;CARDFGERYCSGGSCYSFDPYYYYGMDVW_CLQHNSYPWTF;CAKEYPGPGQLDDAFDIW_CQSYDSSLSGKVF;CARVDTAMVTGLAISPPWDYGMDVW_CQQYNSYPWTF;CAKDIGDGSGSNSQKRDYYYGMDVW_CQQSYSTPRTF;CATDPYNSGWFASLKNQVLYYW_CQQSYSTPQTF;CAREHTGGWLQRYIDYW_CQSADSSGTYPRVVF;CARGYCDSTSCYAVGYFDLW_CQTWGTGIVVF;CARDPDPNWSKDWFDPW_CQQYNNWPPLTF;CAKGRYSFGLDNFDYW_CQQDGNSPTF;CASRAVQSSGWRQDYYYGMDVW_CQSYDSSLSGVF;CAREASEGPW_CQSYDSSNSWVF;CARLGGYSSRGNWFDPW_CQQSYSTPPYTF;CARDPHHTFGGVLVW_CQKYNSARTF;CAGYYYDSSGYLSSFDIW_CQSYDSSLSVVF;CARLPYRYSGSSNDAFDIW_CAAWDDSLSGPVF;CARAGYGDYVGDFDYW_CQSADSSGTYVVF;CARDYYGSRSDSGMDVW_CQQSYTTPYTL;CAKDGREAAAGTDYYYGMDVW_CQAWDSSTVVF;CARDSPGWGSSGFYYGMDVW_CQQYGSSPRYTF;CARVSGDTMIVVVHRDGMDVW_CQQYNSYSVTF;CAKNLATTGSHW_CLQDYNYPRTF;CAKDGGRGVVIIFYFDYW_CQQYGSSPITF;CARGIAVVTLWGPFDIW_CQQYNNWPRTF;CARDRWVPAAVPHYYYYGMDVW_CQQANSFPLTF;CAREGAAGPPPGHYYYYGMDVW_CMQALQTPFTF;CAKQGHFTDTKRIDYW_CQQYDSYPITF;CAVIPVTGQEASLSAEYFQHW_CQQSYSTPFTF;CARDSPSSGSYGLFDYW_CQTWGTGIRRVF;CASPGGGLLWFGELFRSYFDYW_CVLYMGSGFWVF;CAHRPVSDDILTGYRYNWFDPW_CQSYDSSLSGSVVF;CARGFIGYNFDSW_CQQSYRTPITF;CAREEGYCSGGSCEYNYYYGMDVW_CQQYGSSLITF;CARGRRVFLALSYW_CQQYGSSPHTF;CARGAGRIGQVDVW_CQQYNNWHTF;CARGYYDSSGQSLDYYYYGMDVW_CQQYYSYPFTF;CARTGKNGSGSYWFDPW_CQQYRTF;CARDGDTAMVINYFDYW_CQSADSSGTYWVF;CARTDIVATPDGGFDYW_CQTWGTGIHVVF;CAREGFYYYGSGSVSGGNWFDPW_CQVWDSSTVVF;CAKVPLGWGAAGGAYFDYW_CQQYGSSPATF;CARVGCSGDTCYSYDWFDPW_CGTWDSSLTAVVF;CARGGILTGKLSDYW_CQQYDNLPTF;CAHGLTGYYTYYFDYW_CQQYYSFPPTF;CARQVGANPFADYW_CAAWDDSLSGPVF;CARGKGEGRYYYDSSGYYYFDYW_CQQRSNWPPLTF;CSVYDAERGYFDYW_CCSYAGGDTSYYVF;CARNKQHIVGATLHTHYSNWFDPW_NA;CARLYGDYGDYW_CNSRDSSGNLFVVF;CARPYSSSWSPMDVW_CQSYDSSLSGHVVF;CARDKGYSSSWYIRSSWFDPW_CLLSYSGARLVF;CARAVCGDDCYLLDSW_CAAWDRSLGAVVF;CARTTTVVTGDAFDIW_CQSADSSGTYPVF;CAKGRGDYYYYGMDVW_CQQYDNLPITF;CTTGGALNYW_CQAWDSSTACVF;CARDLTTRDYSDAFDIW_CQQYGSSPRTF;CARAGLEINTPDSSGYYYGGGYFDYW_CQQYDNLPPRRFTF;CAKDHGYDFWSGYSDAFDIW_CQQSYSTPLYTF;CARESGYTNYYYYGMDVW_CQQYNSYPLTF;CARKYQLPYYYGMDVW_CQQSYNTPDTF;CARDSTYYYDSSGYPVSDAFDIW_CQQSYSTRRYTF;CAREVYSSSTNWFDPW_CQVWDSSTDVVF;CARANAEYSSSLLFDYW_CQSYDNSLSAYVF;CAHSPYDYVWGSYRQSWFDPW_CQAWDSSTVF;CTTIYYDILTGDYW_CMQALQTPITF;CARLDYDFWSGTPERMDVW_CQQYGSSPPWTF;CARVRKNWNYDLDDWYFDLW_CQVWDSSSDHYVF;CATRRVRGEGLAYW_CQQYNSYSRTF;CARNYDSSGYYVPPYFDYW_CQQYNNWPPYTF;CARDPANYFDYW_CQQSYSTLWTF;CAREESSSWYRYW_CQQYGSSPLTF;CARIVQGGSYLSGGIDYW_CMQSIQLLFTF;CARDRLIIRFLERPNWFDPW_CCSYAGSSTPVF;CAREYSNNWYFFDYW_CQQYAGSPLTF;CARVSGVGTSFAGFDPW_CQSADISATVF;CAREPTPRYSGSYRGFNYFDYW_CQQYYSFPLTF;CARAADYCTSASCPNEYFQHW_CQSYDSSLSVF;CARGRMTVHNDDSGFPEYLYYYGLDVW_CMQVMDNPRTL;CATSRVAVAGVDYW_CQSYDSSLSGVVF;CARDLGIAVAGRVEGYFDYW_CCSYAGSYTLVF;CARDVSNVLVIAVSPSWFDPW_CQQTYSIPYTF;CARDAPDRGSSWYSALFDYW_CQQYNNWPPTF;CARRDGGYCSSTSCSFDYW_CQQYNSYSPTF;CARAEIFGVVIQAFDYW_CQSYDSSLSGSVF;CVKKVIGFDDW_CQQSDTFGYTF;CAKGMDGSGSYYNKDGMDVW_CQAWDSSTGVF;CARVNGLLGEYYYGMDVW_CMQALQTPPNTF;CAKDWAVGWEFVDSW_CQQSHTVPLTF;CARDEGAAAYFDYW_CCSYAGSSTCWVF;CARAAGYCSSTSCYEIYYYYGMDVW_CQSYDSSLSVPF;CTRSYVLRFLEWFSPFDYW_CQQYGSSLWTF;CASSGSYQGNWFDPW_CQQSYSTPYTF;CARSPPRYDLSLVDAFDIW_CQQYNSYSTTF;CARETIAAAGSNFDYW_CQQSYSTPRTF;CARVSGYSYYFDYW_CQQLNSYLLTF;CATYIAAPRDYYYGMDVW_CMQALQTPYTF;CATGKTYSAPHAYYYFDYW_CQQANSFPRTF;CAKEVHSSGFDYW_CQSADSSGTYPWVF;CTTDHIVVVTAMIFGYYFDYW_CQQLNSPLTF;CAREGPTVTKFDYW_CQSYDSSLSGSVF;CEVKAAAGNFYW_CSSYAGSVVF;CAKDIEGGSGYYLTPGGFQHW_CCSYAGSSTFVVF;CARDAMAIGDYYYYGMDVW_CQQLNSYPSLTF;CARREGAGYDILTGSYYYYYGMDVW_CLLYYGGAQLGVF;CTTRLWRISQYYYDSSGYGHFDYW_CQSADSSGTYVF;CARTTLLAAAIDYW_CQQYYSFPYTF;CARAKAARPTPTYYYYYYGMDVW_CQAWDSSTGDVF;CARSGYDSSWVGYDFDYW_CQAWDSSTPVF;CAREGLEIDAFDIW_CQQSYSTPWTF;CAHTSAYYDSSGYYPPFDYW_CQQSYSTPLTF;CARATQDSSGWYGFWYFDYW_CQQYNNWPPTF;CARMLVVVAATGYYYYGMDVW_CQQYGSSQTF;CAREAYDSSAYSTIDYW_CQTWGTGIHVF;CARSAGSSGSFEYFQHW_CQQYGSSPLYTF;CARRLFLYSSSGYYFDSW_CQQASSFPPLSF;NA_CQQSYNTPRTF;CARGGGAVAGTIDFHYW_CCSYAGTDLWLF;CAKDRGYYDSSGYYYSDYGMDVW_CQSADSSGTYVF;CAKDGFGGASDHW_CQHYDRSPWTF;CARAIQMGCSDGSCLW_CQQYDNLPSYTF;CARKGRWLPDGDDAFDIW_CQQYYSYPLTF;CARAGLRSWFDPW_CMQSIQLPNTF;CARHSYGAYYYYGMDVW_CQQYGGSPLFTF;CAAGVMTARYDYW_CQQSYSTPLTF;CAHFMTTVTTGYFDPW_CIQVRQTPFTF;CAREGGGDILTTYYYYGMDVW_CQQYGSSTRALTF;CARGFGGGDYRSMDVW_CQQLITYPITF;CARTTYGGNSLNWFDPW_CQVWDSSSDHPVF;CAKRGGLMVRGVAVDYW_CQQYYSYPWTF;CARGYGSGNYYYYGMDVW_CMQALQTPWTF;CARSNYDILTGLDYW_CMQALQTPYTF;CAREDSGSYGYFDYW_CQQYNNWPQTF;CARRVLYYRFDPW_CNSRDSSGNHLF;CARGDYDYVWGSSPDAFDIW_CMQGTHWPLTF;CARDVRGYYYDSSGYSGEGYWW_CQQSYSTPYTF;CTRDRYSSSWYKGLYYYYGMDVW_CQQSYSTPYTF;CARVFFRVVYAMAYW_CQQYNNWPPMYTF;CASSLRYFDWTVNNWFDPW_CQQYGSSPQTF;CTRGYCSSTSCYTGWFDPW_CQAWDSSHVVF;CARDGRWELLGNQHW_CCSYAGSSTYVF;CARVYYDSSGYYYFDYW_CQQSYSTPWAF;CARGRVRWELLGDDAFDIW_CQQYDNLPLTF;CCTYVFVGIVPTIVDYW_CQQYNDWPPAGTF;CARDIQYYYDSSGYDAFDIW_CQQSYSTPWTF;CATSWGIAALYGMDVW_CNSRDSSGNPYVF;CAKDYPVAGDLDAFDIW_CCSYAGSSTWVF;CARANWDNWNDGLDYW_CGTWDSRLSSYVF;CARAGYCSSTSCSKEDVW_CQQSYSTPPRTF;CAREPLGGDYYYYYYGMDVW_CQQYGSSPTF;CARLSLRARFRGAFDIW_CCSYAGSYSVVF;CAHSLPSDIDYYYDSSGYSPSPPLFDYW_CQQYNNWPLTF;CASGYGGKTYYFDYW_CQQYGSSPGTF;CLGRELGHSW_CLQHNSYPWTF;CTAVLRYFDWLLMEAHENYYYYGMDVW_CQSADSSGGVF;CARDRSRWEFLYYFDYW_CQQYGSSGYTF;CARARYYDSNSYSYAW_CQTWGTGIWVF;CARLDYYDSSGYYDW_CQTWGTGIPVF;CARDYIAVAGPGENWFDPW_CQQSYSTRTF;CARDRGGYGVRWFDPW_CQQYDNLPPTF;CARRGNAIFGVVTHYYYYGMDVW_CMQALQTPLFTF;CSNYDILTGYYWFHYW_CQQYNNWPFTF;CASSFLDTSIVEYYFDYW_CATWDDSLSGLF;CARIVVVVTSRWFDPW_CQVWDSSSDHYVF;CARSLEWLDDYW_CQSYDSSLSGSVF;CARDAYGGYSFYYYGMDVW_CQQYGSSPFTF;CAGGSGSYYHLDPW_CQQANSFPYTF;CARPRLDYGDYGAGLGYW_CQKYNSAPFTF;CARDRGLRKKYFQHW_CQQYGSSPSTF;CARSLGPEFYYFDYW_CQQSYSTPWTF;CVSQLYYLDGRGYYYDYYYDYW_CLQHHDYPWTF;CTTVSPYGDYVGVYFDYW_CQQYYSYPPTF;CAKDFMEYYYYGMDVW_CSAWDSSLSAVVF;CARSPGSGSYTW_CQQYGSSPLTF;CARLPYAGGPYYYYGMDVW_CMQRIEFPFTF;CARGKPRSLELWSFYYYYGMDVW_CQQSYSTPPTF;CAMGGYDSSGVQLDYW_CAAWDDSLSGYVF;CAHRYCSSTSCYGLGDWFDPW_CQSADSSGTYLVF;CARHSEGLGPVDYW_CGTWDSSLSAWVF;CARAIFGVVSVMGFDYW_CMQALQTLTF;CAKSMKSFDYW_CQQSYSTPLTF;CTTEGGDGYNSFDYW_CQQYDNLPITF;CARDTTYGDYYYGMDVW_CQSADSSGNWVF;CARDGKGYSYGSGNYYGMDVW_CQQSYSTLYTF;CAHRTTTYYFDYW_CQQYNSYPYTF;CTTDLVWFGELANAFDIW_CLQHNSYLPEWTF;CTRGGTLGARSGYYDYYYGMDVW_CQQYNSYPLTF;CAKDEGRVVAVAGTGEHAFDIW_CQQYNSYSPTWTF;CAKDITIFGVVISHLDYW_CLQDYNYPLTF;CARTYYYDSSGYRNAFDIW_CQSADSSGTYPVVF;CAKCFYYDSSGYYYYYYGMDVW_CCSYAGSSTLVF;CARDLLSISGSPFDPW_CQQRSNWPPGGGGLTF;CARGGINGGAYFDYW_CQQYGSSPWTF;CARDRGPAGLDYW_CQQSYSTRYTF;CARRGYYYDSSGYYYDWFDPW_CNSRDSSGNRVVF;CAKGLNTAMVSYYFDYW_CVLYMGSGIWVF;CAKDIREGWSSGYYPVLDYW_CQVWDSSVVF;CAKDSPSGYYYYYYYGMDVW_CQQLNSYPITF;CARDRIAAADHNWFDPW_CAAWDDSLNGWVF;CARDIGGIAAAGSPPSAFDIW_CQQYNSYSTF;CAHSYYYGSGRGGWFDPW_CQSADSSGTYVF;CARDGSSSIFDYW_CNSRDSSGNHVVF;CAKPLRFGYSSSSCFDYW_CSSYAGSNNYVF;CAHTGFESLDYW_CQSYDNSLNGLGVF;CARDEDYYYDSSGSVDYW_CQQSYSTPWTF;CARQIAAAGPENWFDPW_CQSADSSGTYLVF;CARGLPVDVW_CGTWDSSLSAGHVVF;CARLIYYGSGRFGAFDIW_CQQYDNLPWTF;CARNEITIPLDVW_CQQYGSSPLVTF;CAKGGWFGELLFRLDYW_CQQYDNLLTF;CTTDHGDAYNYRW_CQQYGSSPRTF;CARDHRMNIAVAGTNWFDPW_CQKYNSAPLFTF;CARALREEQWLNNAFDIW_CQQYYSYPTF;CAHRPPYYDSSGYLSW_CQQYGSSLWTF;CARHYVDTAMVINQYYFDYW_CQSYDSSLSDVF;CARDNYDILTGHYGMDVW_CAAWDDSLSGLYVF;CAKDSSSSDWFDPW_CQQYYSYPLTF;CARDYVAVAGTLDYW_CQQYYSTPYTF;CTRDLAYSNYEPPNHNWFDPW_CLQHNSYPLTF;CARERYYYYGMDVW_CYSTDSSGNHGVF;CAKEGITGYYYYYGMDVW_CQQSYSTPHTF;CAKVALRYFDWLPPYFDYW_CQQYYSYPQNLTF;CARAHDSTGYQDFDYW_CQQAKSFPYTF;CARVGVYGSGSYLVGGDYW_CQQSYSTPWTF;CARGPYYGSGSGEFDPW_CQQYYSYPLTF;CARGSCYSSACYYYYGMDVW_CGTWDSSLSAVVF;CARDFDAAEGAFDIW_CQVWDSSSDPTFYVF;CARGAHSSGYYIDYW_CQQYYSFPFTF;NA_CHQYNNWSSWTF;CAREQDFGGNPFDCW_CMQVLHIPRAF;CARGTMVRGHYYYYGMDVW_CQQSYSTPLTF;CARGYSYGYLDWFDPW_CQSYDSSLSGVVF;CARAAPYSSSSLDYW_CQQSYSTLTWTF;CARRRITMNDYFDYW_CQSYDSSLSGVVF;CARGPDGGAFDIW_CQRGLTF;CARDLIARTALTYYYYGMDVW_CQSYDSSLSGGVF;CARYGVYGDYPGALFDYW_CAAWDDSLSGLWVF;CAKDRRGCSSTSCYTFDYW_CQQSYSTLSF;CARVSGYNSYYFDYW_CQQSYSTPRTF;CAAPSPRFTSSTGGGMELPLHVW_CCSYARGSSLVF;CAKDARWRPRVASIDALDIW_CQQYNNWPRTF;CARHIERYCSGGSCYEALDYW_CMQALHPITF;CASYLEMATRYYFDYW_CLQHNSFWTF;CARVTRVTQSNDFWTSYYTDCFDAW_CYSTDSSGNHKVF;CARLYSSSWTNYFDYW_CQQYYSYPLTF;CARGTVYSVPGGHYGDYVRDPKYYYYGMDVW_CQSADSSGTWVF;CARGAAGVRGPIGYW_CAAWDDSLSGWVF;CARVAVAGTTNWFDPW_CQQANSFPYTF;CARVLGGPGATTFDYW_CLQDYNYPWTF;CARTPVSTSYDSPGWYSSGWFFDYW_CQTWGTGIHVVF;CARTMVRGVTPADAFDIW_CQQYNSYSSTF;CAKSMGATILHAFDIW_CQQYNSYPLTF;CARANSGSYSFFFLRLDYFDYW_CQQYNNWPLTF;CARAAGTGGYYYGMDVW_CVLYMGSGISVF;CARAGQFGDSYYYYYYGMDVW_CLQDYNYPQTF;CAHFTKRPTDAFDIW_CNSRDSSGNHRVF;CARRLAYNGNWDYGDFDYW_CCSYSKTATF;CAAGFGLSGSYIHYYYYGMDVW_CQQYGSSPPLTF;CATDNWNFGADSGFGYW_CMQGTHWRTF;CARVLGSFSFGYDGFDIW_CQQLNAYPTF;CARDPGIAVAETVYYYYYYGMDVW_CMQALQTPPTF;CARTVGAGYKIGKGYFDYW_CQAWDSSTVVF;CARDQDLAALNYW_CGTWDSSLSAKVF;CTTENVLLWFGEPEYYYYYYGMDVW_CQSADSSGTYAVVF;CARSLFEGTVMAFRAEHMDVW_CQQYKTFFAVSF;NA_CQAWDSSTVVF;CARPPSHDSPMYHYW_CQSADSSGLWVF;CARDTMWWSYGMDVW_CCSYAGSGEVF;CARLRRYSSGYYYIAGDFDYW_CQSYDSSLSGVVF;CARDKGGTTVTTSNWFDPW_CQQYDNLPLTF;CARDGGGYYQKKGYFQHW_CGTWDSSLSAVVF;CARERPRGAAETW_CQAWDSSTWVF;CARDDIVVVPAAIDYW_CQSYDSSLSGPYVF;NA_CQQRSNWPPYTF;CARKFDCW_CQQYGTSLPVTF;CARGVLRFLEWLSNMDYYYYGMDVW_CMQALQTPRALTF;CAKDGSYYDSSGYSDYW_CQQYNNWPPWTF;CAKDKSYSVEYW_CMLFMGSGIWVF;CAKADVRSNWNDMHFDYW_CQAWDSSTVVF;CARATPRGYGGNSLNWFDPW_CQQYNSYPFTF;CAEGYQLPGLYYW_CNSRDSSGNHLF;CARHAGSGSYYFWFDPW_CQQYGSSPYTF;CAKDLQIGYCSSTSCRNAFDIW_CQQYGSSPPRVTF;CARGRGSYFDYW_CQQYGSSLWTF;CARTCSSTSCYTYGMDVW_CQQYNNWQYTF;CAHRGYSYGPLFDYW_CLLYYGGAQLVF;CARLPTLRYGSGSYYNGALDYYYGMDVW_CMQALQTPLTF;CARSIAAASPFDPW_CQQYDNLPPTF;CARGPPYGHLGYW_CQQYNNWPPITF;CAKDILGGGYFDYW_CQTWGTGMGVF;CAKDASYGYLFEYWYFDLW_CQQYNNWPPWTF;CARFGAKNYYDSW_CQQYNNWPGTF;CAREKWLRPQLDYW_CQQYGSSPKTF;CVKGPYYDGSGNSFGRKAFDIW_CQQYGSSPYTF;CARGASKGNQPALHYGMDVW_CQQSYSTPPAF;NA_CCSYAGSSTVVF;CATTLASPTHDYGDYEGGYMDVW_CQQYGSSPLTF;CALGIDAFDIW_CQQYNNWPKTF;NA_CQSYDDSLSGTVF;CARGFYYGSGSPLSGMDVW_CQQSYSTPRTF;CAKDPAASGSPWYFDYW_CQQYYSFPRTF;CAREVSRQSGSRPIKWFDPW_CQQSYSPPPLTF;CTPSLETYGDYALGYYW_CQSADSSGTYPYVF;CAKDFGGPLQFDYW_CQQYGSSPRTF;CAKDMLFSNNYW_CQTWGTGINWVF;CARDENHLYYGDLAYW_CQQSYSIPRAF;CARGSRLLLWFGELKVGPGFDPW_CQQYNSYWTF;CAMKGGRDGYNTRVYYYYGMDVW_CCSYAGSSTPYVF;CAKDIGPTNCSSTSCHAYYYYGMDVW_CQQYNSYSTF;CWRDRREAPIEMEVASTRG_CMQSTHWPYTF;CTRHTHCSGGSCYDAFDIW_CQQSYSTPRYTF;CAREPPHGSGTDYNWFDPW_CQSYDSSLSAYVF;CVKDLYDTGSYYYFDYW_CSSYTRSSTLVF;CSRHEGVGGNSDYW_CVLYMGSGISMF;CARNHDYGDYMFGGMDVW_CQSADSSGTYVF;CTTSGGDW_CMQSIQLPRTF;CARDRTSFGYSYGNIDYW_CQTWGTGILVF;CAKDELASYGGVGYYW_CQSADSSGTYFWVF;CAREPKHSGYCSSTSCYIGNWFDPW_CQSYDSSLSGNVVF;CARASWDSSSWGLGFDPW_CQAWDSSTGVF;CARTRVRGVISPFDYW_CQQANSFPPTF;CTREYYDFWSGDYW_CQQYDNLPLTF;CARDGGRGSGWSTPDYW_CNSRDSSGNHVVF;CARHYDFWSGDNPYWYYYYGMDVW_CQQYGSSPPWTF;CTTTTADIVVVPAAIQTVDYW_CQQYDNLPLTF;CAIMVRGVIGSYYYYGMDVW_CQQSYSTTWTF;CAKDNGYGGNSLQHW_CCSYAGSSTLVF;NA_CQQSYNTLWSF;CARARYRRDGYHNLYAFDIW_NA;CARGFSETGPGYKRFYYYFDLW_CQQYGSSPQTF;CARVKGDYYYYYGMDVW_CMQALQTPHTF;CARDPPLYSSGWFTGDYW_CQQYNSYPRTF;CAKDGGEHRGNDYW_CQVWDSSSDHYVF;CARGYDFWSGYLPHYGMDVW_CQVWDSSSDHPGVF;CARETKQYIDYRSPTVGRPYDYYYGMDVW_CLLFYGGAQLGVF;CAKGVWESTTEDAFDIW_CQQYNSYSPFTF;CAKDQGYCSSTSCYPYYYGMDVW_CQAWDSSTVVF;CARLGGYDSTFDYW_CSSYTSSSTYVF;CARGGDYYYGMDVW_CQQYNNWPLTF;CARVAAAGTYFDYW_CQQYGSSPETF;CARINQHGSGTYSPDYYYYGIDVW_CMQALQTPMYTF;CARKSIAAAGLPYYYYYGMDVW_CMQALQTRFTF;CAQGGYSYGYYDYW_CAAWDDSLNGVVF;CARQRGGTAVPVYYFDYW_CQQYGSSPLYTF;CARALYYDSSGYQPNRYYFDYW_CQSYDSSLSGYVVF;CTRALNSNHFDYW_CQQANSFPLTF;CARVTDPDAFDIW_CNSRDSSGNHYVF;CARSAWHPAATGGMDVW_CLQDYNYPYTF;CARVSLVVPQQFDYW_CQAWDSSTVVF;CAKVPGYSTGWYYFDYW_CQQCDSSPEWTF;CAKDSTCSSTSCYRGYYYYGMDVW_CQQYYSYPITF;CARDSKQQLADNWFDPW_CQAWDSSTLVVF;CARGRNGGNRFDWFDPW_CQSYDSSLSGSGVF;CARGKNWFDPW_CQQYGSSPLTF;CASGYSSGRPDYW_CQQYDNLPITF;CARLSDGDYTFDYW_CQQYNSYWTF;CARGGTAGYSYGYAYW_CQAWDSSTAVVF;CAKDIVVVPAAPITLYYYYGMDVW_CMQALQTSFTF;CARWRLYYDSRGYYYGMFDYW_CQQSYDTPLTF;CARSRRIVGATSFDWFDPW_CQQYNSYSRTF;CASEDSGYGGGFDYW_CQSYDSSLSEGVF;CAHGRDYDSSSLPFDYW_CQQYNSYPYTF;CARAGAYYYGSAIDYW_CQQYGSSPGLTF;CAKGSSHSGGWFDPW_CQQYNSYWTF;CARDLLRAYSSSSTSSIDYW_CQQYYSYPRTF;CAKDVSGYLDAFDIW_CGTWDSSLSAGWVF;CAREGSRYFDYW_CQVWDSSSDHYVF;CASHDSSGYYLLDYW_CQVWDSSSDHVVF;CARYCSSTSCYTTYYYYYYGMDVW_CQQYYSYPLTF;CARLWVFLTMVRGPDFDLW_CHQSSSLPLTF	0	NA
20	56	CARETTPVVTASTYYYYYGMDVW_CSSYTSSSTWVF;CARDWVRGVNDMDVW_CSSYTSSSTRVF;CTRPQRKWELPYPDAFDIW_CSSYTSSSTLF;CARGGAAVTTYYYYFYGMDAW_CCSYSSTNTLYVF;CARDGSGYLEQYYFDYW_CAAWDDSLNGYVF;CARGQGRTTSDYW_CSSYTSSSTLVVF;CARDPITMVRGVIISGWYFDLW_CSSYTSSSTLDVVF;CAKGADPYYDFWSGYSELFPLGMDVW_CSSYTSSSTVVF;CAREFKSFWSGYGDYYYGMDVW_CSSYTSSSTRVF;CARVVDDYYDSSGRYYFDYW_CSSYTSSSTQVF;CARHPFRVFGGWRDYW_CSSYTSSSTLWVF;CTGPDRMAYYDSSGYWEGVLDYW_CSSYTSSSPLYVF;CTRCGSSWTSYTMYDW_CSSYTGSRLYVF;CAKASLYGSGSYPPKYW_CSSYTSSSTYVF;CARDRPALWFGELHGMDVW_CSSYTSSSTLVF;CAKDHWEYYWYFDLW_CSSYTSSSTLVF;CARQISILRLLVWFDPW_CSSYTSSRGVF;CARHSPPRLWFGAFNYYYGMDVW_CSSYTGSSTLVF;CARRIAVAATVTGAMDVW_CTSYTSSSTLVF;CARYYDILTGYYYDYFDYW_CSSYTSSSTSF;CAKDPRLGPYFDYW_CSSYTSSSTRVF;CATSLVVVPAAILRGGVGGHYYGMDVW_CGTWDSSLSAVVF;CARILSDYYDSIGAFDYW_CSSYTSSSTPVVF;CARDRVAIMRGIKPNGMDVW_CQQLNSYPQTF;CARELTGDRDYW_CNSYTRSSTYVF;CARVNTMVRGLSTTKYYYPMDVW_CSSYTLSILIF;CARGGLPLGYCSGGSCSRRYYGMDVW_CSSYTSSSTLVVF;CARVEYGDYSGWFDPW_CSSYTSSSTWVF;CARGINYCSGGSCYYYYYYGMDVW_CSSYTSSSTLEGVF;CAREGPSRPAANYW_CSSYTSSSTEVF;CVRDQGSGGNYFDPW_CSSYTSSSLYVF;CARDDYYYDSSGYYPRFDYW_CSSYTSSSTLGVF;CARGSRYSYGDPCFDYW_CSSYTSSSTPVVVF;CARYYQDRFDYW_CSSYTSSSTLEVF;CARGPYDILTGSIYYYGMDVW_CSSYTSSSTLIF;CARDLGWSEGNYYYYGMDVW_CSSYTSSSTYVF;CAYDSSGYSLDYW_CQQYGSSPF;CARDQGTAAKPLDYW_CSSYTSSSTRVF;CARGGYSGYESDYW_CSSYTSSSTRVF;CARSSVGRQWPKGMDVW_CSSYTSSSTLAF;CAKDIRGRMATIMSW_CSSYTSSSTLVVF;CARVELHYYYYYGMDVW_CSSYTSSSTLF;CARGMIVVVMRYGMDVW_CSSYTSSSPVVF;CAKGILRYFDWHLEGMDVW_CSSYRNISTVF;CAKDIVSYSNYVLSNW_CSSYTSSSTQHVVF;CARHGSYLGYFQHW_CSSYTSSSTVVF;CAKDKGPDYYYGMDVW_CSSYTSSSTLYVF;CARSMVRGKYRAEYFQHW_CSSYTSSSTLNVVF;CATLSGMDVW_CSSYTSSSTLVVF;CAREGRPPRKPKNNWFDPW_CSSYAGSNNLVF;CARGYSYGPFDYW_CSSYTSSSTLVVF;CASPITTVTTRGAFDIW_CSSYTSSSTFYVF;CAETSYCSGGSCPMSEYGPVFDPW_CSSYTSSSTPWVF;CAKDCGEPWYNWNDGIGYW_CSSYTSSSTWVF;CARDSRLGGVDPW_CSSYTSSSTRVF;CAKAPGGYNWDNYHYYYFAMDVW_CSSYTSSSTLYVF	9	1	CARTSRGLIAAAAAVDYW_NA	0	NA
20	56	CARETTPVVTASTYYYYYGMDVW_CSSYTSSSTWVF;CARDWVRGVNDMDVW_CSSYTSSSTRVF;CTRPQRKWELPYPDAFDIW_CSSYTSSSTLF;CARGGAAVTTYYYYFYGMDAW_CCSYSSTNTLYVF;CARDGSGYLEQYYFDYW_CAAWDDSLNGYVF;CARGQGRTTSDYW_CSSYTSSSTLVVF;CARDPITMVRGVIISGWYFDLW_CSSYTSSSTLDVVF;CAKGADPYYDFWSGYSELFPLGMDVW_CSSYTSSSTVVF;CAREFKSFWSGYGDYYYGMDVW_CSSYTSSSTRVF;CARVVDDYYDSSGRYYFDYW_CSSYTSSSTQVF;CARHPFRVFGGWRDYW_CSSYTSSSTLWVF;CTGPDRMAYYDSSGYWEGVLDYW_CSSYTSSSPLYVF;CTRCGSSWTSYTMYDW_CSSYTGSRLYVF;CAKASLYGSGSYPPKYW_CSSYTSSSTYVF;CARDRPALWFGELHGMDVW_CSSYTSSSTLVF;CAKDHWEYYWYFDLW_CSSYTSSSTLVF;CARQISILRLLVWFDPW_CSSYTSSRGVF;CARHSPPRLWFGAFNYYYGMDVW_CSSYTGSSTLVF;CARRIAVAATVTGAMDVW_CTSYTSSSTLVF;CARYYDILTGYYYDYFDYW_CSSYTSSSTSF;CAKDPRLGPYFDYW_CSSYTSSSTRVF;CATSLVVVPAAILRGGVGGHYYGMDVW_CGTWDSSLSAVVF;CARILSDYYDSIGAFDYW_CSSYTSSSTPVVF;CARDRVAIMRGIKPNGMDVW_CQQLNSYPQTF;CARELTGDRDYW_CNSYTRSSTYVF;CARVNTMVRGLSTTKYYYPMDVW_CSSYTLSILIF;CARGGLPLGYCSGGSCSRRYYGMDVW_CSSYTSSSTLVVF;CARVEYGDYSGWFDPW_CSSYTSSSTWVF;CARGINYCSGGSCYYYYYYGMDVW_CSSYTSSSTLEGVF;CAREGPSRPAANYW_CSSYTSSSTEVF;CVRDQGSGGNYFDPW_CSSYTSSSLYVF;CARDDYYYDSSGYYPRFDYW_CSSYTSSSTLGVF;CARGSRYSYGDPCFDYW_CSSYTSSSTPVVVF;CARYYQDRFDYW_CSSYTSSSTLEVF;CARGPYDILTGSIYYYGMDVW_CSSYTSSSTLIF;CARDLGWSEGNYYYYGMDVW_CSSYTSSSTYVF;CAYDSSGYSLDYW_CQQYGSSPF;CARDQGTAAKPLDYW_CSSYTSSSTRVF;CARGGYSGYESDYW_CSSYTSSSTRVF;CARSSVGRQWPKGMDVW_CSSYTSSSTLAF;CAKDIRGRMATIMSW_CSSYTSSSTLVVF;CARVELHYYYYYGMDVW_CSSYTSSSTLF;CARGMIVVVMRYGMDVW_CSSYTSSSPVVF;CAKGILRYFDWHLEGMDVW_CSSYRNISTVF;CAKDIVSYSNYVLSNW_CSSYTSSSTQHVVF;CARHGSYLGYFQHW_CSSYTSSSTVVF;CAKDKGPDYYYGMDVW_CSSYTSSSTLYVF;CARSMVRGKYRAEYFQHW_CSSYTSSSTLNVVF;CATLSGMDVW_CSSYTSSSTLVVF;CAREGRPPRKPKNNWFDPW_CSSYAGSNNLVF;CARGYSYGPFDYW_CSSYTSSSTLVVF;CASPITTVTTRGAFDIW_CSSYTSSSTFYVF;CAETSYCSGGSCPMSEYGPVFDPW_CSSYTSSSTPWVF;CAKDCGEPWYNWNDGIGYW_CSSYTSSSTWVF;CARDSRLGGVDPW_CSSYTSSSTRVF;CAKAPGGYNWDNYHYYYFAMDVW_CSSYTSSSTLYVF	16	79	CARRRYYGGNSNKGWYFDLW_CQQRSNWRTF;CARDQEYSSGWDGPDYYYYYGMDVW_CQQSYSTPQTF;CARDDRFGGDTLGWFDPW_CQSYDSSLSGSGYVF;CAREGWGLGYCSSTSCYTGPFGYW_CQQYGSSPPYTF;CAKDPNYWRYFDWLTGYYFDYW_CQQRSNWPPWTF;CARDGGFGGSWLDPW_CQQRSHFRTF;CAKGEQFIAVNNWFDPW_CQQRSNWPITF;CARDRLDGYNSFYYGMDVW_CQSYDSSLSGSVF;CARDAGRDGNEYYFDYW_CQQYNSYLYTF;CARGSISSQRWFGPW_CQQYNYYYTF;CARDRGQWLVREEDYYYGMDVW_CQQYYSTPLTF;CARGGAVLRYFDWEPQGPLEDNWFDPW_CQQRSNTWTF;CARNMASGMDVW_CQQRSNWPLFLTF;CARIWAVAADHSFDYW_CQQYNNWPPWTF;CAHRPLDILTGYRVDYFDYW_CQQSYSTLGTF;CARDKGATFDYW_CQQSYSTPYTF;CARDRWSLHIVGASPRGPSFDYW_CQQANSFPVTF;CARAIWYYDILTGYYSYYGMDVW_CSSYAGSNNLEVF;CARARGDFWSGYTHWYFDLW_CQQRSNWPPWYTF;CAQTGILTGYPRVGNAFDIW_CQQRSNWLGFTF;CASGSSDRYSSGWYWGYFDYW_CQAWDSSTVVF;CARAEIYGSGSKYYYYGMDVW_CQSADSSGTYYVF;CARGPDRFSGSYDNWFDPW_CQHTRAF;CAKDYDSGSYYEGGAFDIW_CQQRSNWPLTF;CARDIVRDFDWPGVGYW_CAAWDDSLNGYVF;CARGWSGYSSSLHPYYFDYW_CCSYAGSSTTLVF;CAQIAAAGTMGFDYW_CQQRSNWPSLTF;CTTEVCSGYDCDLGDYW_CQQRSNWPTF;CARSVDTAMGNAHDW_CQQYGSSPPTF;CARDLYSGYSYGSAVYW_CQQRSNWPIF;CARDRPPYSNYVIYGMDVW_CQQRSNWPPLTF;CARESPFGGQSVAVGGTPDYW_CCSYAGSGTFVF;CARDHKQWRVSYVWFDPW_CQQRNTWPRPTF;CARGPGYCSGGSCYGMFDYW_CQSADSSGTYVVF;CARDISKGAAGTGDWFDPW_CQQRSNWPLTF;CARGTRRDGYNLIYW_CQQYDNPPLTF;CAKGTHYYGSGSMWGMDVW_CQQRSNWPPYTF;CAREGEITMIVANDAFDIW_CQQSYSTPPTF;CARAVPARPEYCGGDCYIYYYGMDVW_CQSADSSGTYWVF;CVLYYGSGSYYRFDYW_CQSYDSSLSAVF;CARDSSSPATRHFDYW_CMQATQFPYTF;CATSDWSW_CQQRINWPITF;CARGRGRYYDSSGEW_CQQYNSYPYTF;CARGPIVVVIAASPYYYYGMDVW_CQQRSNWPPGCTF;CARESRPTVTTRTTSGMDVW_CLQHNSYPRTF;CARARSSGWYHYW_CQQRSNWPPTF;CAKDSRYSLLIAVAGTEDYW_CQQRSNWPWTF;CARDIGYSSGWYWTPGVNYYYGMDVW_CQQYGSSPWTF;CARDRGVGARHFDYW_CQQYNNWPPWTF;CGRAAISVLRKMPPTFW_CQQYGSSPYTF;CARETYYYDSSGYYGPHAFDIW_CLLSYSGARVF;CARDSEIFGSSWYSYFDYW_CQQYNSYSYTF;CAKVEGIWFGELSDFYYYYGMDVW_CQQRSNWPLTF;CARTYVWGEVDYYYYGMDVW_CLQHNSYPWTF;CATDLNLAVAGEGGYW_CQQRSNWPLTF;CARDSYDFWSGYTPPNYYYYYGMDVW_CQQRSNWYTF;CARVYSYGYRYFDYW_CQQSYSTLWTF;CARDGGYSYGYAQGYYGMDVW_CQSADSSGTHVVF;CASATTVSHW_CQQRSNWPLTF;CARDRSAERRGYFDYW_CNSRDSSGNHYVF;CARVKSGGSSSLRQDAFDIW_CQQRSNWPYTF;CAREDSSGWLEFPNWFDPW_CCSYAGSSTYVF;CARDCSSTSCLAYW_CQLRSNWPTF;CAREGEQWLDGAFDYW_CQSADSSGTYKVF;CARDGGGWYGLVDYW_CQQYNNWPLTF;CARGNDAFDIW_CQQYNSYSGTF;CARDGKPSKTFDYW_CQQSYSTPLTF;CARHEKGIAAAVYYFDYW_CQQRSNWPLTF;CAKDVTDGYNIPYYFDSW_CQQRSNWPLTF;CTSWAIPQALTDYYYYGMDVW_CQQRSNWPPSITF;CARDCGGPVTTTTNDAFDIW_CQQYYSYPRTF;CARDCDGGCDYW_CQSADSSGTYRVF;CAKDDDRGYGWFGELLGRYGMDVW_CQQRSNWLLTF;CARALSLGPRTYYYDSPQRGHDAFDIW_CQQSYSTSWTF;CARGETYYYDSSGYYWGYYFDYW_CQQYNSYPLTF;CTTPTWGNYYYYGMDVW_CQQRSTGRDTF;CARDQQWLGDFDYW_CSSYAGSNNLWVF;CARVFRRYGSGSYYNLW_CQQRSNWLTF;CARDPGDYVEIEWYFDLW_CQQRSNWPRLTF	0	NA
20	56	CARETTPVVTASTYYYYYGMDVW_CSSYTSSSTWVF;CARDWVRGVNDMDVW_CSSYTSSSTRVF;CTRPQRKWELPYPDAFDIW_CSSYTSSSTLF;CARGGAAVTTYYYYFYGMDAW_CCSYSSTNTLYVF;CARDGSGYLEQYYFDYW_CAAWDDSLNGYVF;CARGQGRTTSDYW_CSSYTSSSTLVVF;CARDPITMVRGVIISGWYFDLW_CSSYTSSSTLDVVF;CAKGADPYYDFWSGYSELFPLGMDVW_CSSYTSSSTVVF;CAREFKSFWSGYGDYYYGMDVW_CSSYTSSSTRVF;CARVVDDYYDSSGRYYFDYW_CSSYTSSSTQVF;CARHPFRVFGGWRDYW_CSSYTSSSTLWVF;CTGPDRMAYYDSSGYWEGVLDYW_CSSYTSSSPLYVF;CTRCGSSWTSYTMYDW_CSSYTGSRLYVF;CAKASLYGSGSYPPKYW_CSSYTSSSTYVF;CARDRPALWFGELHGMDVW_CSSYTSSSTLVF;CAKDHWEYYWYFDLW_CSSYTSSSTLVF;CARQISILRLLVWFDPW_CSSYTSSRGVF;CARHSPPRLWFGAFNYYYGMDVW_CSSYTGSSTLVF;CARRIAVAATVTGAMDVW_CTSYTSSSTLVF;CARYYDILTGYYYDYFDYW_CSSYTSSSTSF;CAKDPRLGPYFDYW_CSSYTSSSTRVF;CATSLVVVPAAILRGGVGGHYYGMDVW_CGTWDSSLSAVVF;CARILSDYYDSIGAFDYW_CSSYTSSSTPVVF;CARDRVAIMRGIKPNGMDVW_CQQLNSYPQTF;CARELTGDRDYW_CNSYTRSSTYVF;CARVNTMVRGLSTTKYYYPMDVW_CSSYTLSILIF;CARGGLPLGYCSGGSCSRRYYGMDVW_CSSYTSSSTLVVF;CARVEYGDYSGWFDPW_CSSYTSSSTWVF;CARGINYCSGGSCYYYYYYGMDVW_CSSYTSSSTLEGVF;CAREGPSRPAANYW_CSSYTSSSTEVF;CVRDQGSGGNYFDPW_CSSYTSSSLYVF;CARDDYYYDSSGYYPRFDYW_CSSYTSSSTLGVF;CARGSRYSYGDPCFDYW_CSSYTSSSTPVVVF;CARYYQDRFDYW_CSSYTSSSTLEVF;CARGPYDILTGSIYYYGMDVW_CSSYTSSSTLIF;CARDLGWSEGNYYYYGMDVW_CSSYTSSSTYVF;CAYDSSGYSLDYW_CQQYGSSPF;CARDQGTAAKPLDYW_CSSYTSSSTRVF;CARGGYSGYESDYW_CSSYTSSSTRVF;CARSSVGRQWPKGMDVW_CSSYTSSSTLAF;CAKDIRGRMATIMSW_CSSYTSSSTLVVF;CARVELHYYYYYGMDVW_CSSYTSSSTLF;CARGMIVVVMRYGMDVW_CSSYTSSSPVVF;CAKGILRYFDWHLEGMDVW_CSSYRNISTVF;CAKDIVSYSNYVLSNW_CSSYTSSSTQHVVF;CARHGSYLGYFQHW_CSSYTSSSTVVF;CAKDKGPDYYYGMDVW_CSSYTSSSTLYVF;CARSMVRGKYRAEYFQHW_CSSYTSSSTLNVVF;CATLSGMDVW_CSSYTSSSTLVVF;CAREGRPPRKPKNNWFDPW_CSSYAGSNNLVF;CARGYSYGPFDYW_CSSYTSSSTLVVF;CASPITTVTTRGAFDIW_CSSYTSSSTFYVF;CAETSYCSGGSCPMSEYGPVFDPW_CSSYTSSSTPWVF;CAKDCGEPWYNWNDGIGYW_CSSYTSSSTWVF;CARDSRLGGVDPW_CSSYTSSSTRVF;CAKAPGGYNWDNYHYYYFAMDVW_CSSYTSSSTLYVF	17	67	CARDEGIAARTRGETHYYYYGMDVW_CQQYYSTPYTF;CARDRDGAFAIW_CAIWYSNTHVIF;CASRVHGLVTVTTGGAFDIW_CQQYYSYPPAF;CARGGDPTWFDPW_CCSYAGSSIVVF;CARAGAVARGYFDYW_CQQYYSFPPTF;CARGRGAAAGTSILNYW_CQQYYSTPLGF;CAREPPDLTMVRTKGVRWFDPW_CQQYYSNPLTF;CARGGRVWSQATPTKNWFDPW_CQQYNNWPPWTF;CARETVVTPQNAFDIW_CAAWDDSLNGYVF;CARKSGPPQYRYFDYW_CQQSYSTPLHF;CARDEMVRRDGYNFAFDIW_CQQYYSTPPLTF;CARGVGGCSSTSCYTRGYYGMDVW_CQQANSFLTF;CAKDGIVFYGSGSYNDYW_CQQYYETPTF;CARGVRVAPIDYW_CAAWDDSLWVF;CARGPVYYYGSGSYYYFDYW_CLQDYNYPFTF;CARVRGAFGEPPPYNWFDPW_CQSADSSGTYYVF;CARGTRGRSSGYYSNW_CQQYNNWPPYTF;CARGGLYSSSWSVHSTFQHW_CQQYGSSPRTF;CARDLGARDGYNKFDYW_CQQYYSTPALTF;CAHTPGSGQKGSIYW_CQQYYSTPWTF;CARGRSSGYYPHFDYW_CNSRDSSGNHYVF;CARLGPYGSGSYSPVDYW_CQQYYSNPQAF;CARGAAAGTLDAFDIW_CQQYYSTPLTF;CAADRIRGSSANYDYGMDVW_CQQYYSLRTF;CTRGGGALGNW_CQQYYSIPWTF;CARGGRYCSGGSCYNWFDPW_CLQDYNYPWTF;CARGPGIYGDYGGGRPGYFDYW_CQQYYSTPPITF;CARVDNVWTTWGYW_CQQSYSTPPTF;CARGPSRSYNVYYFDYW_CQQYYSTGTF;CARGRGARYDYGYGLVPNYFDYW_CQQHSSSPPTF;CARDRVHDYVWGSYRDLDYW_CQQSYSTLMYTF;CARGPMTTVATPRTQYFQFW_CQQYYSTPWTF;CSKDWAATGREIGYW_CQQYYRTPYTF;CARRYSYGYKRLSGWIWYFDLW_CAAWDDSLNGYVF;CARRDCSGGSTQSLPQRHLTCYYGMDVW_CQQYYSTLYTF;CANDRDASSAWYGPVGYW_CQQHYSTPGTF;CASSGWFDPW_CAAWDDSLSGRVF;CARDQYSSGWYLGGWGYFDYW_CQQYYSTLRTF;CARGVVGHPHLIDFW_CQQYYHMGTF;CARGMGSSSWYPNTKLVNWFDPW_CQQYYSTPPTF;CARGEYGDYAFDYW_CAAWDDSLNGYVF;CARGTIAVAGKRYYYFDYW_CQVWDSSSDHHVVF;CARQDCSGGSCYLDYW_CQVWDSSSDHPVF;CAKGYSSSWYYNYGMDVW_CQQYYSTPTF;CARALYYDILTGYYPRYYFDYW_CQQLNSYPITF;CARDRYFGPW_CQQYYSTPWTF;CARGSGYYVGSYFDYW_CNSRDSSGNHPPVVF;CARITMIGGAFDIW_CQQYYSTPSITF;CARDLPAVYYYGMDVW_CQQSYSTLFTF;CARGNTRLRGYSYGLQMARGGYGMDVW_CQQYGSSPGTF;CASSAPPYGHFDYW_CNSRDSSGNHVVF;CARSVTGTMGIYYYGMDVW_CQQYGSSRGTF;CVRGGSGTLSWYDSW_CQQYLSSPDTF;CTRDLLVNWNDPGLISYYNSFDVW_CQQYYNSPRTF;CARGRGYYGSGSYFSFSYYYGMDVW_CAAWDDSLNGQVF;CARDRRGYSYGYPWFDPW_CNSRDSSGNHRVF;CARGRVYGDYVFWFDPW_CQQSYSTPLTF;CARSDDNGDYVFNYW_CQQYYSTPPTF;CARAYGMDVW_CQKYNSAPYTF;CARELASHLGDYFDYW_CQQYYSTPPKTF;CARGTRGRSSGYYSNW_CQQYNNWPPYTF;CARKARQWEVAIDSW_CHQYYTTPLF;CASLERVRRFYYYYGMDVW_CLLYYGGARVF;CSVYDSSGYLYGAFDIW_CQQYYSTPLTF;CARYNWNLNFDYW_CAAWDDSLNANYVF;CSIHPYYYDSSSHSEYFQHW_CQQYDNLPPAF;CARGSPYCSGGSCYLNWFDPW_CQQYYSYPRTF	0	NA
20	56	CARETTPVVTASTYYYYYGMDVW_CSSYTSSSTWVF;CARDWVRGVNDMDVW_CSSYTSSSTRVF;CTRPQRKWELPYPDAFDIW_CSSYTSSSTLF;CARGGAAVTTYYYYFYGMDAW_CCSYSSTNTLYVF;CARDGSGYLEQYYFDYW_CAAWDDSLNGYVF;CARGQGRTTSDYW_CSSYTSSSTLVVF;CARDPITMVRGVIISGWYFDLW_CSSYTSSSTLDVVF;CAKGADPYYDFWSGYSELFPLGMDVW_CSSYTSSSTVVF;CAREFKSFWSGYGDYYYGMDVW_CSSYTSSSTRVF;CARVVDDYYDSSGRYYFDYW_CSSYTSSSTQVF;CARHPFRVFGGWRDYW_CSSYTSSSTLWVF;CTGPDRMAYYDSSGYWEGVLDYW_CSSYTSSSPLYVF;CTRCGSSWTSYTMYDW_CSSYTGSRLYVF;CAKASLYGSGSYPPKYW_CSSYTSSSTYVF;CARDRPALWFGELHGMDVW_CSSYTSSSTLVF;CAKDHWEYYWYFDLW_CSSYTSSSTLVF;CARQISILRLLVWFDPW_CSSYTSSRGVF;CARHSPPRLWFGAFNYYYGMDVW_CSSYTGSSTLVF;CARRIAVAATVTGAMDVW_CTSYTSSSTLVF;CARYYDILTGYYYDYFDYW_CSSYTSSSTSF;CAKDPRLGPYFDYW_CSSYTSSSTRVF;CATSLVVVPAAILRGGVGGHYYGMDVW_CGTWDSSLSAVVF;CARILSDYYDSIGAFDYW_CSSYTSSSTPVVF;CARDRVAIMRGIKPNGMDVW_CQQLNSYPQTF;CARELTGDRDYW_CNSYTRSSTYVF;CARVNTMVRGLSTTKYYYPMDVW_CSSYTLSILIF;CARGGLPLGYCSGGSCSRRYYGMDVW_CSSYTSSSTLVVF;CARVEYGDYSGWFDPW_CSSYTSSSTWVF;CARGINYCSGGSCYYYYYYGMDVW_CSSYTSSSTLEGVF;CAREGPSRPAANYW_CSSYTSSSTEVF;CVRDQGSGGNYFDPW_CSSYTSSSLYVF;CARDDYYYDSSGYYPRFDYW_CSSYTSSSTLGVF;CARGSRYSYGDPCFDYW_CSSYTSSSTPVVVF;CARYYQDRFDYW_CSSYTSSSTLEVF;CARGPYDILTGSIYYYGMDVW_CSSYTSSSTLIF;CARDLGWSEGNYYYYGMDVW_CSSYTSSSTYVF;CAYDSSGYSLDYW_CQQYGSSPF;CARDQGTAAKPLDYW_CSSYTSSSTRVF;CARGGYSGYESDYW_CSSYTSSSTRVF;CARSSVGRQWPKGMDVW_CSSYTSSSTLAF;CAKDIRGRMATIMSW_CSSYTSSSTLVVF;CARVELHYYYYYGMDVW_CSSYTSSSTLF;CARGMIVVVMRYGMDVW_CSSYTSSSPVVF;CAKGILRYFDWHLEGMDVW_CSSYRNISTVF;CAKDIVSYSNYVLSNW_CSSYTSSSTQHVVF;CARHGSYLGYFQHW_CSSYTSSSTVVF;CAKDKGPDYYYGMDVW_CSSYTSSSTLYVF;CARSMVRGKYRAEYFQHW_CSSYTSSSTLNVVF;CATLSGMDVW_CSSYTSSSTLVVF;CAREGRPPRKPKNNWFDPW_CSSYAGSNNLVF;CARGYSYGPFDYW_CSSYTSSSTLVVF;CASPITTVTTRGAFDIW_CSSYTSSSTFYVF;CAETSYCSGGSCPMSEYGPVFDPW_CSSYTSSSTPWVF;CAKDCGEPWYNWNDGIGYW_CSSYTSSSTWVF;CARDSRLGGVDPW_CSSYTSSSTRVF;CAKAPGGYNWDNYHYYYFAMDVW_CSSYTSSSTLYVF	18	68	CARQVGVGKWYLEDW_CCSYASGDNLVF;CARLIKYSGSYEMVDYW_CAAWDDSLNGYYVF;CARGGFITMIGYGMDVW_CQQYDNLPFTF;CARDLRWCSGGSCYGNYYGMDVW_CAAWDDSLNGQVF;CARDGRDYYDSSGYYYDDAFDIW_CQSADSSGTVVF;CARDHPLMVRENLGFDPW_CAAWDDSLNGPVF;CARDLRNYYDFWSGSPNPKINWFDPW_CQKYNSAPLTF;CARDLPAARYGDYGGFDYW_CAAWDDSLNGVVF;CARDLFPIQYGSEPYGMDVW_CQQYGSSPRTF;CARDIGPLDVW_CQVWDSSSDHRVF;CARDQGDGDYGAFDIW_CQQSYSTSSWTF;CARILEIVDPSGSYQYYFDYW_CGTWDSSLSAVVF;CARDGHYSGSYYVGYW_CCSYAGSYTYWVF;CAREEYSSSWHPYYFDYW_CGTWDSSLSAYVF;CAKDFRGWFDPW_CATWDDSLNGWVF;CARDRSGGSWFDPW_CVLYMGSGVF;CARASTAAYYYYYYGMDVW_CAAWDDSLNGHVVF;CAHHLSFGGNWAFAHW_CAAWDDSLNGSYVF;CASNLGYCSSISCYGFDYW_CQQYGSSPLYTF;CAKELPYYDSSGGPEYW_CAAWDDSLNGWVF;CARGEDYYGSGSYYGMDVW_CQAWDSNTVIF;CARVLGITGTTRRFDYW_CQQYYSYPFTF;CARDREQLAPFDYW_CQSADSSGTYVF;CAKDLIDTMIVVVITPPFDYW_CAAWDDSLNWVF;CARGGHLWSEEVMNRFYYYLGMDVW_CGAWDGSLNGYVF;CARDGYSGYDRADYYYYYGMDVW_CQSYDSSLSGSRVF;CARDHIAVAATPAEYYYYGMDVW_CQAWDSSTVVF;CARARDRQGAYYYGSGSYVPYYYYGMDVW_CCSYAGSSPWVF;CARQNFDILTGYSIDYW_CAAWDDSLNGLYVF;CARDNSGSYVVEYYFDYW_CAAWDDSLNGWVF;CARQYVEWLREMDVW_CAAWDDRLNGWVF;CARNYYYDSSGSGFDYW_CQQANSFPPTF;CAHRHHCSSTSCSPWDDWFDPW_CAAWDDSLNGPVF;CARQNFDILTGYSIDYW_CAAWDDSLNGLYVF;CAKTQVDGKALWFEPW_CATWDSILSGWIF;CARELLWFGEGINWFDPW_CAAWDDSLNGVVF;CARHNTITLRYFDWTKLGYFDLW_CAAWDDSLNGVVF;CARDRYDYGDYPAEYFQHW_CAAWDDSLNGVVF;CAREQLGGFDYW_CAAWDDSLSVVVF;CAIIPLATPVTIIMDYW_CMQSIQLPPQPTF;CAREQQLVPYYYYGMDVW_CAAWDDSLNGWVF;CARDGAGHYGSGSYFGSW_CATWDDSLNGFVIF;CASRTNHYYDIQRHYW_CQQSYSTPGVTF;CARHIMVRGVPPNFDYW_CAAWDDSLNGPVF;CASTGGGSYPILNW_CQQYYSYPLTF;CARGGPYPINSGYYYEVDYW_CAAWDDSLNGRYVF;CARGPNDAFDVW_CQQYARSPPWTF;CAHHASFGGNWAFAHW_CAAWDDSLNGSYVF;CARDRGYGSGSYFSGFDYW_CQQYNNWPPRTF;CARERGMYSSGWYNWFDPW_CQQYYSYPYTF;CARGGDGYNYHPYW_CQKYNSAPTF;CAKDSIPIYDSSGTTFDYW_CAAWDDSLNGWVF;CARDQRSYADYW_CQQYYSYPQTF;CARDLQRGYSYGYW_CAAWDDSLNGVVF;CARDIHGNGALYYYYGMDVW_CAAWDDSLNGLYVF;CARDNIVVVPAAMFEASDYYYGMDVW_CMQALQTPYTF;CARDELRQLVLW_CQSYDSSNPWVF;CARSYGSGSYPRPSPLAWFDPW_CAAWDDSLNGPVF;CARDLIGFGASFDYW_CQQYNNWPPYTF;CARMMGTYYGDHPTIVGYFDYW_CQQYNNWPLTF;CARDGLDYDSNAIDYW_CQQYDNLPYTF;CARHGGDCGLDCYSNWFDPW_CQHWTF;CAREPADSSSLW_CQSYDSSNWVF;CARSGQWLEGWFDPW_CQQYNSYSPTF;CAREGREGGGFDYW_CAAWDDSLSGWVF;CARFVPGGYDGFDIW_CASWDKNLNAFVF;CARDPVPVILGYCSGGRCSPLDYW_CQNYNSAPRTF;CAKDWDDYDSESGVYNYYGMDVW_CSAWDDSLNGVVF	0	NA
20	56	CARETTPVVTASTYYYYYGMDVW_CSSYTSSSTWVF;CARDWVRGVNDMDVW_CSSYTSSSTRVF;CTRPQRKWELPYPDAFDIW_CSSYTSSSTLF;CARGGAAVTTYYYYFYGMDAW_CCSYSSTNTLYVF;CARDGSGYLEQYYFDYW_CAAWDDSLNGYVF;CARGQGRTTSDYW_CSSYTSSSTLVVF;CARDPITMVRGVIISGWYFDLW_CSSYTSSSTLDVVF;CAKGADPYYDFWSGYSELFPLGMDVW_CSSYTSSSTVVF;CAREFKSFWSGYGDYYYGMDVW_CSSYTSSSTRVF;CARVVDDYYDSSGRYYFDYW_CSSYTSSSTQVF;CARHPFRVFGGWRDYW_CSSYTSSSTLWVF;CTGPDRMAYYDSSGYWEGVLDYW_CSSYTSSSPLYVF;CTRCGSSWTSYTMYDW_CSSYTGSRLYVF;CAKASLYGSGSYPPKYW_CSSYTSSSTYVF;CARDRPALWFGELHGMDVW_CSSYTSSSTLVF;CAKDHWEYYWYFDLW_CSSYTSSSTLVF;CARQISILRLLVWFDPW_CSSYTSSRGVF;CARHSPPRLWFGAFNYYYGMDVW_CSSYTGSSTLVF;CARRIAVAATVTGAMDVW_CTSYTSSSTLVF;CARYYDILTGYYYDYFDYW_CSSYTSSSTSF;CAKDPRLGPYFDYW_CSSYTSSSTRVF;CATSLVVVPAAILRGGVGGHYYGMDVW_CGTWDSSLSAVVF;CARILSDYYDSIGAFDYW_CSSYTSSSTPVVF;CARDRVAIMRGIKPNGMDVW_CQQLNSYPQTF;CARELTGDRDYW_CNSYTRSSTYVF;CARVNTMVRGLSTTKYYYPMDVW_CSSYTLSILIF;CARGGLPLGYCSGGSCSRRYYGMDVW_CSSYTSSSTLVVF;CARVEYGDYSGWFDPW_CSSYTSSSTWVF;CARGINYCSGGSCYYYYYYGMDVW_CSSYTSSSTLEGVF;CAREGPSRPAANYW_CSSYTSSSTEVF;CVRDQGSGGNYFDPW_CSSYTSSSLYVF;CARDDYYYDSSGYYPRFDYW_CSSYTSSSTLGVF;CARGSRYSYGDPCFDYW_CSSYTSSSTPVVVF;CARYYQDRFDYW_CSSYTSSSTLEVF;CARGPYDILTGSIYYYGMDVW_CSSYTSSSTLIF;CARDLGWSEGNYYYYGMDVW_CSSYTSSSTYVF;CAYDSSGYSLDYW_CQQYGSSPF;CARDQGTAAKPLDYW_CSSYTSSSTRVF;CARGGYSGYESDYW_CSSYTSSSTRVF;CARSSVGRQWPKGMDVW_CSSYTSSSTLAF;CAKDIRGRMATIMSW_CSSYTSSSTLVVF;CARVELHYYYYYGMDVW_CSSYTSSSTLF;CARGMIVVVMRYGMDVW_CSSYTSSSPVVF;CAKGILRYFDWHLEGMDVW_CSSYRNISTVF;CAKDIVSYSNYVLSNW_CSSYTSSSTQHVVF;CARHGSYLGYFQHW_CSSYTSSSTVVF;CAKDKGPDYYYGMDVW_CSSYTSSSTLYVF;CARSMVRGKYRAEYFQHW_CSSYTSSSTLNVVF;CATLSGMDVW_CSSYTSSSTLVVF;CAREGRPPRKPKNNWFDPW_CSSYAGSNNLVF;CARGYSYGPFDYW_CSSYTSSSTLVVF;CASPITTVTTRGAFDIW_CSSYTSSSTFYVF;CAETSYCSGGSCPMSEYGPVFDPW_CSSYTSSSTPWVF;CAKDCGEPWYNWNDGIGYW_CSSYTSSSTWVF;CARDSRLGGVDPW_CSSYTSSSTRVF;CAKAPGGYNWDNYHYYYFAMDVW_CSSYTSSSTLYVF	19	62	CAKDFHRLTLLRYCSGGSCYSAFDIW_CCSYAGSSTYVF;CAKRPDTTGRSWYFDYW_CQQYNNWLWTF;CAKFDIAAADTGKGEDYW_CMQGTHWPPLTF;CAKDSLFDRIILIATDIW_CAAWDDSLNGWVF;CAKYPSFSSRRWYFDLW_CQQYNNWPPPYTF;CAKLPSYSYGPFDYW_CQVWDSSSDHPVF;CAKDRQQLVIDAFDIW_CQQANSFSYTF;CAKVLGFGPHYDILTGYYPFDYW_CQQSYSTPLTF;CASVQWLVDYW_CQQSYSTPMYTF;CAKDQSPSAKNGDYVSFDYW_CMQALQKTF;CAKDLRFLEWLLPYYYGMDVW_CMQALQTPWTF;CAKDIRGNSWYGDSEGIW_CMQGTHWPYTF;CASGMVDFDYW_CMQGTHWPPTF;CAKGDSRYWYFDLW_CQQRSNWPLTF;CAKWGHSSWYDNWFDPW_CQSADSSGTYVVF;CAKMGASRWGPSYYFDCW_CQQYGSSPRTF;CAKDHPTNWFDPW_CQQYYSYPRTF;CAKAQNYYDSSGYYPFDYW_CQVWDSSSDHSVVF;CAKAPESSAYYGPDYW_CAAWDDSLSGHWVF;CAKGATSCAYW_CQQSYSTPRTF;CARGRLGGYSLPGFDYW_CNSRDSSGNHVVF;CAKASARYCSGGSCYGTAFDIW_CQQSYSTPVF;CAKFHDSSGYYYLYGFDYW_CQAWDSSTYVF;CAKGAAASRTDYW_CQQSYSTPPYTF;CAKDEWERGAFDIW_CQQYNSYSPWTF;CAKADLLYSGSYGAW_CQQSYSTPYTF;CAKDGIVVVTAIKFGHGMDVW_CQQANSFPYTF;CAKRLDYW_CMQATQFPYTF;CANISPPPRYYGSGSYYNFAFDIW_CQQLNSYPFTF;CAKEDYNSGSCLDYW_CQQLNSYPQVTF;CAKVRGIVGATPCYFDYW_CQVWDSSSDHPVF;CAKDRGYRGDYSNWFDPW_CQQYNSYPRTF;CAKPSIVATIWAFDYW_CQQYDNLPPITF;CAKGRYSSSWYEDWYFDLW_CQQRSNWPPLTF;CAKDAEGQGPVLLWLGGMDVW_CQQYNSYSYTF;CATGIAVAGTLGYYGMDVW_CQQYNNWPRFTF;CAKASVAVAGTGGMDVW_CQVWDSSSDHVVF;CAKFFVVLSFWSGYYDYW_CQQLNSYPQTF;CAKGRNFVVVTAICDYW_CQQYGSSPLTF;CAKSLKLFAIDYW_CQSADSSGTYWVF;CAKGGYCSGGSCPLDYYYGMDVW_CMQALQTPLTF;CAKDHDEGATTYFDYW_CQAWDSSTVVF;CAKDRGPAEKYYYDSSGTQLIGAFDIW_CQQYYSYPPGTF;CAKALHAAVVGPAAIPFDYW_CSSYVGSNNYVF;CAKDHLMITFGGVGQGVPWFDPW_CQKYNSAPRTF;CAKAEGVKYNWNYGDYW_CQQSGSSPPTF;CAKETLGAVDYW_CCSYAGSSRVF;CAKAAMVRGVIDWYFDLW_CQQYYSYPPFTF;CAKGGGADFDHW_CQQYSIWPLSF;CAKDRDGYNADDAFDIW_CQQSYSTPLTF;CAKSYGSGSYYRTSEYYFDYW_CQQYNNWPPGTF;CAKRDSSSWGWDRGAFDIW_CQQLNSYPGFTF;CAKGFDYYGSGSYSPFDYW_CQQYNNWPPEYTF;CAKDGRWELGTFDIW_CQQYDNLPQF;CAKDRRLGPWIPDYW_CQQYDNLPQAF;CAKDRCTITSCSYQNW_CMQALQIPPTF;CAKDRSFDYPDYW_CQQYYSFPYTF;CAKLGEEDGSGSPSYYYYGMDVW_CQQYNNWPPLTF;CAKILYSSGWWGGAFDIW_CQQYNSYPLTF;CAKDKASSWQDRYYYYGMDVW_CVLYMGSGIRVF;CAKVGVGATSHFDYW_CQQSYSTPRYTF;CAKDLPRSVVVTANSYYYGMDVW_CQQYNSYPVTF	0	NA
20	56	CARETTPVVTASTYYYYYGMDVW_CSSYTSSSTWVF;CARDWVRGVNDMDVW_CSSYTSSSTRVF;CTRPQRKWELPYPDAFDIW_CSSYTSSSTLF;CARGGAAVTTYYYYFYGMDAW_CCSYSSTNTLYVF;CARDGSGYLEQYYFDYW_CAAWDDSLNGYVF;CARGQGRTTSDYW_CSSYTSSSTLVVF;CARDPITMVRGVIISGWYFDLW_CSSYTSSSTLDVVF;CAKGADPYYDFWSGYSELFPLGMDVW_CSSYTSSSTVVF;CAREFKSFWSGYGDYYYGMDVW_CSSYTSSSTRVF;CARVVDDYYDSSGRYYFDYW_CSSYTSSSTQVF;CARHPFRVFGGWRDYW_CSSYTSSSTLWVF;CTGPDRMAYYDSSGYWEGVLDYW_CSSYTSSSPLYVF;CTRCGSSWTSYTMYDW_CSSYTGSRLYVF;CAKASLYGSGSYPPKYW_CSSYTSSSTYVF;CARDRPALWFGELHGMDVW_CSSYTSSSTLVF;CAKDHWEYYWYFDLW_CSSYTSSSTLVF;CARQISILRLLVWFDPW_CSSYTSSRGVF;CARHSPPRLWFGAFNYYYGMDVW_CSSYTGSSTLVF;CARRIAVAATVTGAMDVW_CTSYTSSSTLVF;CARYYDILTGYYYDYFDYW_CSSYTSSSTSF;CAKDPRLGPYFDYW_CSSYTSSSTRVF;CATSLVVVPAAILRGGVGGHYYGMDVW_CGTWDSSLSAVVF;CARILSDYYDSIGAFDYW_CSSYTSSSTPVVF;CARDRVAIMRGIKPNGMDVW_CQQLNSYPQTF;CARELTGDRDYW_CNSYTRSSTYVF;CARVNTMVRGLSTTKYYYPMDVW_CSSYTLSILIF;CARGGLPLGYCSGGSCSRRYYGMDVW_CSSYTSSSTLVVF;CARVEYGDYSGWFDPW_CSSYTSSSTWVF;CARGINYCSGGSCYYYYYYGMDVW_CSSYTSSSTLEGVF;CAREGPSRPAANYW_CSSYTSSSTEVF;CVRDQGSGGNYFDPW_CSSYTSSSLYVF;CARDDYYYDSSGYYPRFDYW_CSSYTSSSTLGVF;CARGSRYSYGDPCFDYW_CSSYTSSSTPVVVF;CARYYQDRFDYW_CSSYTSSSTLEVF;CARGPYDILTGSIYYYGMDVW_CSSYTSSSTLIF;CARDLGWSEGNYYYYGMDVW_CSSYTSSSTYVF;CAYDSSGYSLDYW_CQQYGSSPF;CARDQGTAAKPLDYW_CSSYTSSSTRVF;CARGGYSGYESDYW_CSSYTSSSTRVF;CARSSVGRQWPKGMDVW_CSSYTSSSTLAF;CAKDIRGRMATIMSW_CSSYTSSSTLVVF;CARVELHYYYYYGMDVW_CSSYTSSSTLF;CARGMIVVVMRYGMDVW_CSSYTSSSPVVF;CAKGILRYFDWHLEGMDVW_CSSYRNISTVF;CAKDIVSYSNYVLSNW_CSSYTSSSTQHVVF;CARHGSYLGYFQHW_CSSYTSSSTVVF;CAKDKGPDYYYGMDVW_CSSYTSSSTLYVF;CARSMVRGKYRAEYFQHW_CSSYTSSSTLNVVF;CATLSGMDVW_CSSYTSSSTLVVF;CAREGRPPRKPKNNWFDPW_CSSYAGSNNLVF;CARGYSYGPFDYW_CSSYTSSSTLVVF;CASPITTVTTRGAFDIW_CSSYTSSSTFYVF;CAETSYCSGGSCPMSEYGPVFDPW_CSSYTSSSTPWVF;CAKDCGEPWYNWNDGIGYW_CSSYTSSSTWVF;CARDSRLGGVDPW_CSSYTSSSTRVF;CAKAPGGYNWDNYHYYYFAMDVW_CSSYTSSSTLYVF	22	1	CARHGINYYDSSGYSGNDAFDIW_CQQYDNLFTF	0	NA
22	1	CARHGINYYDSSGYSGNDAFDIW_CQQYDNLFTF	0	3	CAREVVLMVHRRGGLNMDVW_CQQYYSTPLTF;CARDPHYYDSSGYYYWYFDLW_CSSYAGSNNPYVF;NA_CQQANSFPLTF	0	NA
22	1	CARHGINYYDSSGYSGNDAFDIW_CQQYDNLFTF	2	1	CARGTPGWYW_CQQYGSSPTF	0	NA
22	1	CARHGINYYDSSGYSGNDAFDIW_CQQYDNLFTF	4	534	CARENYDFWSGYYHGADVW_CMIWHSSAWVF;CARRYYDSSGYSANFDYW_CQTWGTGIYVF;CAKAGDSSGYQKTYYFDYW_CQSADSSGTYGVF;CTTEALDYGANSRSPNFDYW_CQAWDSSNVVF;CAKDTEVGASRYYYYYGMDVW_CQQYGSSPPFTF;CASISMVRGEGGGYW_CQVWDSSSDHPVVF;CARADVVVVAALDYW_CQQYYSTPITF;CAKDFSGGEVVVVAATDYW_CQQYYSYPRTF;CARTGVTTVTTFPYW_CQQSYSTPGTF;CARDRWVVAAYYYGMDVW_CAIWYSSTWVF;CARDPMVRGVNYGMDVW_CMQALQTPRTF;CVGVGYNYRRDGAFDIW_CQQYGSSPQITF;CARETGYSSGWYEATGMDVW_CNSRDSSGNHLVF;CARSKGCSGGSCYHNWFDPW_CQQSYSTPYTF;CARDRYYYGSGRHRGSYYYYGMDVW_CAAWDDSLNGWVF;CAKPEAGQWLHVHHNHYGLDVW_CQSFDNSLSGSVF;CAAIAVYVYW_CQQYNSYPLTF;CAKANLAGVVAAIGIDYW_CAAWDDSLSGVVF;CARGIQLWWWFDPW_CQQSYSTPCTF;CASPQPGSGWSNYYYYGMDVW_CSSYTSSSTSYVF;CARDELDILTGYNIPTFGGCVYW_CQQYYSYPWTF;CVKEITAAKNRRKSLGYFFDFW_CQQYNDWPPLTF;CARDVCRGHYGDCLWGYW_CQQYYSYPITF;CARKGIAVRGGIDYW_CLLYYGGAWVF;CARDVSDGYNYEAWVDYW_CQQSYSTLWTF;CANGPPINYGDYEDAFDIW_CQQYNSYPLTF;NA_CQQSYRTPFTF;CARDRRGEHNFDYW_CQQRSNWPPGTF;CARDSEGEPSAGDAFDIW_CQQSYSTPWTF;CAKVLLDYYYGMDVW_CSSYTSSSTLVVF;CARGGWWELPYYYYYGMDVW_CMQALQTRNTF;CAKDPDYW_CQQRSNWPTF;CARVLDVW_CQQYNSYWTF;CAREKWELPPPPYYFDYW_CCSYAGSYTVVF;CAHRRYYYVAFDYW_CQQYYSTPLTF;CAHHGSARYSSSWHAAPGPYYFDYW_CQVWDSRAYVF;CARDFTEDGYNFDWRMLPDYW_CQQRSNWPPITF;CARGQIGGWSPYYYYGLDVW_CQQGYTNPFTF;CARGRNLGVVTKFNWFDPW_CAAWDDSLNGLVF;CARDGPYSGSYYGDAFDIW_CQQSYSTPRTF;CARDLGATDYW_CCSYAGSSTPYVF;NA_CQSADSSGTSWVF;CAKDGGLDYALYWYFDLW_CQQYNSLYTF;CAHKMGRGGGVDYW_CQQLSTDPITF;CTRDPHYGDHVPHNWFDPW_CQQSYRSPYTF;CARYDYDITVDHW_CMQGLQPFTF;CARAVDTAMVTNNWFDPW_CQQSYSTPFTF;CATEDTARDLYRAAFDIW_CQQYNGWTF;CARGYATALSRTDYW_CSSYTSSSTLVVF;CARGWSIVVVVAATFPNWFDPW_CQQRSNWPPTF;CARVAAVRSGRVNYYYYYGMDVW_CQSADSSGTYKVVF;CASIAVAGYFNYW_CQQYYSTPFTF;CAKVFSSSWGDYW_CQQSYSTPITF;CASFVDTAMAIPLDYWYFDLW_CQQYNNWPPWTF;CARGTVTTGRGYFDLW_CQQYGSSPQVTF;CAKDRASYYNFPIDPW_CQQYYSTPFTF;CAQTKLGIFGGMDVW_CQQSYSTPYTF;CARGPGYFDYW_CQQYDNLPRTF;CASHGVVVAATRGTPGSDYW_CQQSYSTLRTF;CASTVPSSLRAGAFDIW_CQQYYSTPRTF;CARDTMGPLYYGMDVW_CQVWDSSTVVF;CAKDLGELTDYW_CSSYTSSSTLVVVF;CAKSGPPLEWFFLGYYYGMDVW_CNSRDSSGNHVVF;CAKDATGYFDWLPYYYYYYGMDVW_CLLYYGGAQLWVF;CTTDSPHMITFGGVIVFDYW_CAAWDDSLNGGVF;CARDLRPVAGTADYLDYW_CQQYHYWPRTF;CARGVTIFGVVIMGGMDVW_CQQSYSTPYTF;CAKDLLSIYGSPSDYW_CQPYYGAPPYTF;CASAWYYYDSSGYYPFDYW_CQQYGSSPWTF;CVKDRSSRQLKAVGTYFDCW_CTSYTSSSTSYVF;CAREDLLWFGERWAKNSFDPW_CMQALQTPITF;CTRVVTMIVVAQGGFDYW_CAAWDDSLSAVVF;CARDKVVGARNWFDPW_CQQSYSTPSF;CARAVLRFLEWFSNWFDPW_CSSYTSSSTHVF;CARDRVVGATLYYYYYGMDVW_CQAWDSSSVVF;CARHEVPEMATIRGWFDPW_CQQYGSSLFTF;CARDRGSGTEPDFDYW_CMQATQFPLTF;CARVFGSVGATRSTDYW_CQQYITDPFTF;CARDELDILTGYNIPTFGGCVYW_CQQYYSYPWTF;CAHSDYYEGRGMDVW_CQQYYSTPYTF;NA_CQQYDELPVTF;CATTYYYDSSGYYQNDAFDIW_CQQYYSYPRTF;CAREIEGDGVFEIW_CMIWHSSAWVV;CARHIRGNRFGNDAFDIW_CQQYYSFPYTF;CARRLITMIEGGAFDIW_CQVWDSSSDHVVF;CAKVMIEHPSNRGHFDYW_CMQALQTPYTF;CTTDDEKRPYSGSYLPFDYW_CQSYDSSNVVF;CARGGRVSVAVYWDYYYYGMDVW_CQKYNSAPFTF;CAHSAQYYDILTGYYKAPWGGAFDIW_CQQYNSYSWTF;CARDDFGGATFYSSFDYW_CQQSYSTPYTF;CARAAKIFGVVTAFDIW_CQQYGSSPWTF;CVKDYSTSGWYYFDFW_CQQYGSSLPYTF;CARVVPAAFYGMDVW_CQQYGSSLFTF;CAGGSGYCTNGVCYPRGFDYYYGMDVW_CAAWDDSPPWVF;CAKDDTAMVTADFFDYW_CQTWGTGIWVF;CARTPRWLQCFDYW_CQQYNSYSWTF;CARDQWLAYYFDYW_CQSYDSSNHWVF;CARSGTTYYDILTGYYNYW_CQQYGSSRWTF;CAHRYYSNIDYW_CMQGTHWPWTF;CARDWGYYDSSGYSPRGYYYYYGMDVW_CQQLNSYSFTF;CAKDRVGYGDYVDYW_CQQYNNWPPWTF;CARLGSSPYYW_CQSYDSSLSGYVF;CTRYYGDVW_CQQYYSFPWTF;CAKDHYYDSSGYYSGLGYW_CQSADSSGTYRVVF;CATGLVVPAAILYGMDVW_CQQYGSSRGLTF;CAKDDGDAAAGLIYW_CAAWDDSLSGVVF;CAKDGGGEEALELPDYW_CGTWDSSLSAVVF;CATLRYPSLGVDYW_CHQYNNWPFTF;CARKDSSGSDAFDLW_CQQSYSTPYTF;CARDVVQLWYQIDYW_CQQSYSTPPNTF;CAKYVDTAMNQFDPW_CQQANSFPITF;CARGLHYYDSSGRSLYYFDYW_CQQYGSSPPGQTF;CANQPPSLYW_CQQYNNWPGTF;CARVGYDYVWGSYRYTGVMDVW_CSSYAGSSYVF;CARGRPYYYDSSGYPYDAFDIW_CMQALQTPLTF;CAKERVVTAIPVVIFDYW_CQQSYSTPRLTF;CARPYGDYAYFDYW_CQSYDSSLSGYVF;CARDWWERQDSKRPDYFDSW_CQQTNSFPITF;CARHSNDGSDYFDYW_CQESYGALLTYTF;CASTEIEMLVPRYCSSTSCYFVWFDPW_CGTWDSSLSAGHGVF;CASASSTGTDAFDIW_CQAWDSSTHVVF;CARDGSWYAAWFDPW_CQSYDSSLSGSVVF;CARDPSLGDPGWGYFDYW_CQQYNSYSTWTF;CVREMTGSFTGGLDPW_CMQGTHWPPTF;CAREVNTAMAYYYYYYGMDVW_CQQYGSSQWTF;CARERRGGGHYYDSSGYYLSDYW_CQQSYSTP;CARGGGYSSGWATREVVYW_CQSYDSSLGAVF;CAKVPTVTTFLGYYYGMDVW_CQQSYSTPWYTF;CARDLRPAANFDYW_CQVWDSSSDYVF;CARLSYSSSWYYFDYW_CQQSYSTLYTF;CARVPKVRYCSSTSCYKDYYYGMDVW_CQVWDSSSDSWVF;CATWHYYDSSGEDGMDVW_CQQYNNWPRTF;CARGRSSWHLDYW_CMQALQTPFTF;CARDPWELHGFDYW_CQQYGSSSFTF;CAREAYYYGMDVW_CNSRDSSGNHNYVF;CARDRSVVTMVRGVIPFYW_CCSYAGSYTVVF;CARHEKMNYYDILTGYSPPYYYYYGMDVW_CQSYDSSLSAYVVF;CAHYQGIAVTGTWFDPW_CQSYDSSNVVF;CARESSSWFPYW_CQQSYSTPFTF;CARERDYSPGRYYGMDVW_CGTWDSSLSAGVF;CARHPTPAAMVGYYYYGMDVW_CQQANSFPLTF;CARDGPMTAIGGYGMDVW_CQSYGSLGGSVF;CAKGRTTEGTDAFDMW_CQQVHSYPITF;CAKDRSSLLWFGELLYMPEEYGMDVW_CQQYNNWPLTF;CTNYGMDVW_CSSYAGSNNWVF;CARVDSFAPNSGYGAQLLNWFDPW_CQQYNNWPLTF;CAREDYDTASFGYW_CQQYDNLPYTF;CAKDFGRGSYHRAEYFQHW_CQQYNNWPPWTF;CARGGSLPLITMIVGFFW_CQQYGSSPEYTF;CTREAEMATISIDYW_CQVWDSSSDHVVF;CARDAPIWDTAIVYW_CQQYGSSLPWTF;CARLLVSAYNWFDPW_CQQSYSIPAF;CARIPMTTVTSYGMDVW_CQQYGSSSITF;CARDDEWEPYDYW_CCSYAGSSTYVF;CTTVLRYFDWLLSDYGMDVW_CLLSYSGARGVF;CAIGTGIVGTTFPREYW_CMQALQTSWTF;CAKDMELGWLIDYW_CMQALQTPLTF;CARERNIVVVPAAETFDYW_CQQYNNWPPLTF;CARIGFGEYDYGMDVW_CQSYDSSLSVVF;CARGNDYYGSGEFDYW_CSSYTSSSTLVF;CARGVGATDFDYW_CQSYDSSLSGVVF;CARDPSNWGSFGYW_CQAWDSSTYVF;CARVDGYNYSFDYW_CQQYNNWWTF;CAKEPYGGNSFVYYFDYW_CQQYGSSPGLTF;CAKAEWGGTENYIPYYFDFW_CQSYDNNNLIF;CARSHCSSTSCYPNYYYGMDVW_CQQSYSTPRTF;CARDFGERYCSGGSCYSFDPYYYYGMDVW_CLQHNSYPWTF;CAKEYPGPGQLDDAFDIW_CQSYDSSLSGKVF;CARVDTAMVTGLAISPPWDYGMDVW_CQQYNSYPWTF;CAKDIGDGSGSNSQKRDYYYGMDVW_CQQSYSTPRTF;CATDPYNSGWFASLKNQVLYYW_CQQSYSTPQTF;CAREHTGGWLQRYIDYW_CQSADSSGTYPRVVF;CARGYCDSTSCYAVGYFDLW_CQTWGTGIVVF;CARDPDPNWSKDWFDPW_CQQYNNWPPLTF;CAKGRYSFGLDNFDYW_CQQDGNSPTF;CASRAVQSSGWRQDYYYGMDVW_CQSYDSSLSGVF;CAREASEGPW_CQSYDSSNSWVF;CARLGGYSSRGNWFDPW_CQQSYSTPPYTF;CARDPHHTFGGVLVW_CQKYNSARTF;CAGYYYDSSGYLSSFDIW_CQSYDSSLSVVF;CARLPYRYSGSSNDAFDIW_CAAWDDSLSGPVF;CARAGYGDYVGDFDYW_CQSADSSGTYVVF;CARDYYGSRSDSGMDVW_CQQSYTTPYTL;CAKDGREAAAGTDYYYGMDVW_CQAWDSSTVVF;CARDSPGWGSSGFYYGMDVW_CQQYGSSPRYTF;CARVSGDTMIVVVHRDGMDVW_CQQYNSYSVTF;CAKNLATTGSHW_CLQDYNYPRTF;CAKDGGRGVVIIFYFDYW_CQQYGSSPITF;CARGIAVVTLWGPFDIW_CQQYNNWPRTF;CARDRWVPAAVPHYYYYGMDVW_CQQANSFPLTF;CAREGAAGPPPGHYYYYGMDVW_CMQALQTPFTF;CAKQGHFTDTKRIDYW_CQQYDSYPITF;CAVIPVTGQEASLSAEYFQHW_CQQSYSTPFTF;CARDSPSSGSYGLFDYW_CQTWGTGIRRVF;CASPGGGLLWFGELFRSYFDYW_CVLYMGSGFWVF;CAHRPVSDDILTGYRYNWFDPW_CQSYDSSLSGSVVF;CARGFIGYNFDSW_CQQSYRTPITF;CAREEGYCSGGSCEYNYYYGMDVW_CQQYGSSLITF;CARGRRVFLALSYW_CQQYGSSPHTF;CARGAGRIGQVDVW_CQQYNNWHTF;CARGYYDSSGQSLDYYYYGMDVW_CQQYYSYPFTF;CARTGKNGSGSYWFDPW_CQQYRTF;CARDGDTAMVINYFDYW_CQSADSSGTYWVF;CARTDIVATPDGGFDYW_CQTWGTGIHVVF;CAREGFYYYGSGSVSGGNWFDPW_CQVWDSSTVVF;CAKVPLGWGAAGGAYFDYW_CQQYGSSPATF;CARVGCSGDTCYSYDWFDPW_CGTWDSSLTAVVF;CARGGILTGKLSDYW_CQQYDNLPTF;CAHGLTGYYTYYFDYW_CQQYYSFPPTF;CARQVGANPFADYW_CAAWDDSLSGPVF;CARGKGEGRYYYDSSGYYYFDYW_CQQRSNWPPLTF;CSVYDAERGYFDYW_CCSYAGGDTSYYVF;CARNKQHIVGATLHTHYSNWFDPW_NA;CARLYGDYGDYW_CNSRDSSGNLFVVF;CARPYSSSWSPMDVW_CQSYDSSLSGHVVF;CARDKGYSSSWYIRSSWFDPW_CLLSYSGARLVF;CARAVCGDDCYLLDSW_CAAWDRSLGAVVF;CARTTTVVTGDAFDIW_CQSADSSGTYPVF;CAKGRGDYYYYGMDVW_CQQYDNLPITF;CTTGGALNYW_CQAWDSSTACVF;CARDLTTRDYSDAFDIW_CQQYGSSPRTF;CARAGLEINTPDSSGYYYGGGYFDYW_CQQYDNLPPRRFTF;CAKDHGYDFWSGYSDAFDIW_CQQSYSTPLYTF;CARESGYTNYYYYGMDVW_CQQYNSYPLTF;CARKYQLPYYYGMDVW_CQQSYNTPDTF;CARDSTYYYDSSGYPVSDAFDIW_CQQSYSTRRYTF;CAREVYSSSTNWFDPW_CQVWDSSTDVVF;CARANAEYSSSLLFDYW_CQSYDNSLSAYVF;CAHSPYDYVWGSYRQSWFDPW_CQAWDSSTVF;CTTIYYDILTGDYW_CMQALQTPITF;CARLDYDFWSGTPERMDVW_CQQYGSSPPWTF;CARVRKNWNYDLDDWYFDLW_CQVWDSSSDHYVF;CATRRVRGEGLAYW_CQQYNSYSRTF;CARNYDSSGYYVPPYFDYW_CQQYNNWPPYTF;CARDPANYFDYW_CQQSYSTLWTF;CAREESSSWYRYW_CQQYGSSPLTF;CARIVQGGSYLSGGIDYW_CMQSIQLLFTF;CARDRLIIRFLERPNWFDPW_CCSYAGSSTPVF;CAREYSNNWYFFDYW_CQQYAGSPLTF;CARVSGVGTSFAGFDPW_CQSADISATVF;CAREPTPRYSGSYRGFNYFDYW_CQQYYSFPLTF;CARAADYCTSASCPNEYFQHW_CQSYDSSLSVF;CARGRMTVHNDDSGFPEYLYYYGLDVW_CMQVMDNPRTL;CATSRVAVAGVDYW_CQSYDSSLSGVVF;CARDLGIAVAGRVEGYFDYW_CCSYAGSYTLVF;CARDVSNVLVIAVSPSWFDPW_CQQTYSIPYTF;CARDAPDRGSSWYSALFDYW_CQQYNNWPPTF;CARRDGGYCSSTSCSFDYW_CQQYNSYSPTF;CARAEIFGVVIQAFDYW_CQSYDSSLSGSVF;CVKKVIGFDDW_CQQSDTFGYTF;CAKGMDGSGSYYNKDGMDVW_CQAWDSSTGVF;CARVNGLLGEYYYGMDVW_CMQALQTPPNTF;CAKDWAVGWEFVDSW_CQQSHTVPLTF;CARDEGAAAYFDYW_CCSYAGSSTCWVF;CARAAGYCSSTSCYEIYYYYGMDVW_CQSYDSSLSVPF;CTRSYVLRFLEWFSPFDYW_CQQYGSSLWTF;CASSGSYQGNWFDPW_CQQSYSTPYTF;CARSPPRYDLSLVDAFDIW_CQQYNSYSTTF;CARETIAAAGSNFDYW_CQQSYSTPRTF;CARVSGYSYYFDYW_CQQLNSYLLTF;CATYIAAPRDYYYGMDVW_CMQALQTPYTF;CATGKTYSAPHAYYYFDYW_CQQANSFPRTF;CAKEVHSSGFDYW_CQSADSSGTYPWVF;CTTDHIVVVTAMIFGYYFDYW_CQQLNSPLTF;CAREGPTVTKFDYW_CQSYDSSLSGSVF;CEVKAAAGNFYW_CSSYAGSVVF;CAKDIEGGSGYYLTPGGFQHW_CCSYAGSSTFVVF;CARDAMAIGDYYYYGMDVW_CQQLNSYPSLTF;CARREGAGYDILTGSYYYYYGMDVW_CLLYYGGAQLGVF;CTTRLWRISQYYYDSSGYGHFDYW_CQSADSSGTYVF;CARTTLLAAAIDYW_CQQYYSFPYTF;CARAKAARPTPTYYYYYYGMDVW_CQAWDSSTGDVF;CARSGYDSSWVGYDFDYW_CQAWDSSTPVF;CAREGLEIDAFDIW_CQQSYSTPWTF;CAHTSAYYDSSGYYPPFDYW_CQQSYSTPLTF;CARATQDSSGWYGFWYFDYW_CQQYNNWPPTF;CARMLVVVAATGYYYYGMDVW_CQQYGSSQTF;CAREAYDSSAYSTIDYW_CQTWGTGIHVF;CARSAGSSGSFEYFQHW_CQQYGSSPLYTF;CARRLFLYSSSGYYFDSW_CQQASSFPPLSF;NA_CQQSYNTPRTF;CARGGGAVAGTIDFHYW_CCSYAGTDLWLF;CAKDRGYYDSSGYYYSDYGMDVW_CQSADSSGTYVF;CAKDGFGGASDHW_CQHYDRSPWTF;CARAIQMGCSDGSCLW_CQQYDNLPSYTF;CARKGRWLPDGDDAFDIW_CQQYYSYPLTF;CARAGLRSWFDPW_CMQSIQLPNTF;CARHSYGAYYYYGMDVW_CQQYGGSPLFTF;CAAGVMTARYDYW_CQQSYSTPLTF;CAHFMTTVTTGYFDPW_CIQVRQTPFTF;CAREGGGDILTTYYYYGMDVW_CQQYGSSTRALTF;CARGFGGGDYRSMDVW_CQQLITYPITF;CARTTYGGNSLNWFDPW_CQVWDSSSDHPVF;CAKRGGLMVRGVAVDYW_CQQYYSYPWTF;CARGYGSGNYYYYGMDVW_CMQALQTPWTF;CARSNYDILTGLDYW_CMQALQTPYTF;CAREDSGSYGYFDYW_CQQYNNWPQTF;CARRVLYYRFDPW_CNSRDSSGNHLF;CARGDYDYVWGSSPDAFDIW_CMQGTHWPLTF;CARDVRGYYYDSSGYSGEGYWW_CQQSYSTPYTF;CTRDRYSSSWYKGLYYYYGMDVW_CQQSYSTPYTF;CARVFFRVVYAMAYW_CQQYNNWPPMYTF;CASSLRYFDWTVNNWFDPW_CQQYGSSPQTF;CTRGYCSSTSCYTGWFDPW_CQAWDSSHVVF;CARDGRWELLGNQHW_CCSYAGSSTYVF;CARVYYDSSGYYYFDYW_CQQSYSTPWAF;CARGRVRWELLGDDAFDIW_CQQYDNLPLTF;CCTYVFVGIVPTIVDYW_CQQYNDWPPAGTF;CARDIQYYYDSSGYDAFDIW_CQQSYSTPWTF;CATSWGIAALYGMDVW_CNSRDSSGNPYVF;CAKDYPVAGDLDAFDIW_CCSYAGSSTWVF;CARANWDNWNDGLDYW_CGTWDSRLSSYVF;CARAGYCSSTSCSKEDVW_CQQSYSTPPRTF;CAREPLGGDYYYYYYGMDVW_CQQYGSSPTF;CARLSLRARFRGAFDIW_CCSYAGSYSVVF;CAHSLPSDIDYYYDSSGYSPSPPLFDYW_CQQYNNWPLTF;CASGYGGKTYYFDYW_CQQYGSSPGTF;CLGRELGHSW_CLQHNSYPWTF;CTAVLRYFDWLLMEAHENYYYYGMDVW_CQSADSSGGVF;CARDRSRWEFLYYFDYW_CQQYGSSGYTF;CARARYYDSNSYSYAW_CQTWGTGIWVF;CARLDYYDSSGYYDW_CQTWGTGIPVF;CARDYIAVAGPGENWFDPW_CQQSYSTRTF;CARDRGGYGVRWFDPW_CQQYDNLPPTF;CARRGNAIFGVVTHYYYYGMDVW_CMQALQTPLFTF;CSNYDILTGYYWFHYW_CQQYNNWPFTF;CASSFLDTSIVEYYFDYW_CATWDDSLSGLF;CARIVVVVTSRWFDPW_CQVWDSSSDHYVF;CARSLEWLDDYW_CQSYDSSLSGSVF;CARDAYGGYSFYYYGMDVW_CQQYGSSPFTF;CAGGSGSYYHLDPW_CQQANSFPYTF;CARPRLDYGDYGAGLGYW_CQKYNSAPFTF;CARDRGLRKKYFQHW_CQQYGSSPSTF;CARSLGPEFYYFDYW_CQQSYSTPWTF;CVSQLYYLDGRGYYYDYYYDYW_CLQHHDYPWTF;CTTVSPYGDYVGVYFDYW_CQQYYSYPPTF;CAKDFMEYYYYGMDVW_CSAWDSSLSAVVF;CARSPGSGSYTW_CQQYGSSPLTF;CARLPYAGGPYYYYGMDVW_CMQRIEFPFTF;CARGKPRSLELWSFYYYYGMDVW_CQQSYSTPPTF;CAMGGYDSSGVQLDYW_CAAWDDSLSGYVF;CAHRYCSSTSCYGLGDWFDPW_CQSADSSGTYLVF;CARHSEGLGPVDYW_CGTWDSSLSAWVF;CARAIFGVVSVMGFDYW_CMQALQTLTF;CAKSMKSFDYW_CQQSYSTPLTF;CTTEGGDGYNSFDYW_CQQYDNLPITF;CARDTTYGDYYYGMDVW_CQSADSSGNWVF;CARDGKGYSYGSGNYYGMDVW_CQQSYSTLYTF;CAHRTTTYYFDYW_CQQYNSYPYTF;CTTDLVWFGELANAFDIW_CLQHNSYLPEWTF;CTRGGTLGARSGYYDYYYGMDVW_CQQYNSYPLTF;CAKDEGRVVAVAGTGEHAFDIW_CQQYNSYSPTWTF;CAKDITIFGVVISHLDYW_CLQDYNYPLTF;CARTYYYDSSGYRNAFDIW_CQSADSSGTYPVVF;CAKCFYYDSSGYYYYYYGMDVW_CCSYAGSSTLVF;CARDLLSISGSPFDPW_CQQRSNWPPGGGGLTF;CARGGINGGAYFDYW_CQQYGSSPWTF;CARDRGPAGLDYW_CQQSYSTRYTF;CARRGYYYDSSGYYYDWFDPW_CNSRDSSGNRVVF;CAKGLNTAMVSYYFDYW_CVLYMGSGIWVF;CAKDIREGWSSGYYPVLDYW_CQVWDSSVVF;CAKDSPSGYYYYYYYGMDVW_CQQLNSYPITF;CARDRIAAADHNWFDPW_CAAWDDSLNGWVF;CARDIGGIAAAGSPPSAFDIW_CQQYNSYSTF;CAHSYYYGSGRGGWFDPW_CQSADSSGTYVF;CARDGSSSIFDYW_CNSRDSSGNHVVF;CAKPLRFGYSSSSCFDYW_CSSYAGSNNYVF;CAHTGFESLDYW_CQSYDNSLNGLGVF;CARDEDYYYDSSGSVDYW_CQQSYSTPWTF;CARQIAAAGPENWFDPW_CQSADSSGTYLVF;CARGLPVDVW_CGTWDSSLSAGHVVF;CARLIYYGSGRFGAFDIW_CQQYDNLPWTF;CARNEITIPLDVW_CQQYGSSPLVTF;CAKGGWFGELLFRLDYW_CQQYDNLLTF;CTTDHGDAYNYRW_CQQYGSSPRTF;CARDHRMNIAVAGTNWFDPW_CQKYNSAPLFTF;CARALREEQWLNNAFDIW_CQQYYSYPTF;CAHRPPYYDSSGYLSW_CQQYGSSLWTF;CARHYVDTAMVINQYYFDYW_CQSYDSSLSDVF;CARDNYDILTGHYGMDVW_CAAWDDSLSGLYVF;CAKDSSSSDWFDPW_CQQYYSYPLTF;CARDYVAVAGTLDYW_CQQYYSTPYTF;CTRDLAYSNYEPPNHNWFDPW_CLQHNSYPLTF;CARERYYYYGMDVW_CYSTDSSGNHGVF;CAKEGITGYYYYYGMDVW_CQQSYSTPHTF;CAKVALRYFDWLPPYFDYW_CQQYYSYPQNLTF;CARAHDSTGYQDFDYW_CQQAKSFPYTF;CARVGVYGSGSYLVGGDYW_CQQSYSTPWTF;CARGPYYGSGSGEFDPW_CQQYYSYPLTF;CARGSCYSSACYYYYGMDVW_CGTWDSSLSAVVF;CARDFDAAEGAFDIW_CQVWDSSSDPTFYVF;CARGAHSSGYYIDYW_CQQYYSFPFTF;NA_CHQYNNWSSWTF;CAREQDFGGNPFDCW_CMQVLHIPRAF;CARGTMVRGHYYYYGMDVW_CQQSYSTPLTF;CARGYSYGYLDWFDPW_CQSYDSSLSGVVF;CARAAPYSSSSLDYW_CQQSYSTLTWTF;CARRRITMNDYFDYW_CQSYDSSLSGVVF;CARGPDGGAFDIW_CQRGLTF;CARDLIARTALTYYYYGMDVW_CQSYDSSLSGGVF;CARYGVYGDYPGALFDYW_CAAWDDSLSGLWVF;CAKDRRGCSSTSCYTFDYW_CQQSYSTLSF;CARVSGYNSYYFDYW_CQQSYSTPRTF;CAAPSPRFTSSTGGGMELPLHVW_CCSYARGSSLVF;CAKDARWRPRVASIDALDIW_CQQYNNWPRTF;CARHIERYCSGGSCYEALDYW_CMQALHPITF;CASYLEMATRYYFDYW_CLQHNSFWTF;CARVTRVTQSNDFWTSYYTDCFDAW_CYSTDSSGNHKVF;CARLYSSSWTNYFDYW_CQQYYSYPLTF;CARGTVYSVPGGHYGDYVRDPKYYYYGMDVW_CQSADSSGTWVF;CARGAAGVRGPIGYW_CAAWDDSLSGWVF;CARVAVAGTTNWFDPW_CQQANSFPYTF;CARVLGGPGATTFDYW_CLQDYNYPWTF;CARTPVSTSYDSPGWYSSGWFFDYW_CQTWGTGIHVVF;CARTMVRGVTPADAFDIW_CQQYNSYSSTF;CAKSMGATILHAFDIW_CQQYNSYPLTF;CARANSGSYSFFFLRLDYFDYW_CQQYNNWPLTF;CARAAGTGGYYYGMDVW_CVLYMGSGISVF;CARAGQFGDSYYYYYYGMDVW_CLQDYNYPQTF;CAHFTKRPTDAFDIW_CNSRDSSGNHRVF;CARRLAYNGNWDYGDFDYW_CCSYSKTATF;CAAGFGLSGSYIHYYYYGMDVW_CQQYGSSPPLTF;CATDNWNFGADSGFGYW_CMQGTHWRTF;CARVLGSFSFGYDGFDIW_CQQLNAYPTF;CARDPGIAVAETVYYYYYYGMDVW_CMQALQTPPTF;CARTVGAGYKIGKGYFDYW_CQAWDSSTVVF;CARDQDLAALNYW_CGTWDSSLSAKVF;CTTENVLLWFGEPEYYYYYYGMDVW_CQSADSSGTYAVVF;CARSLFEGTVMAFRAEHMDVW_CQQYKTFFAVSF;NA_CQAWDSSTVVF;CARPPSHDSPMYHYW_CQSADSSGLWVF;CARDTMWWSYGMDVW_CCSYAGSGEVF;CARLRRYSSGYYYIAGDFDYW_CQSYDSSLSGVVF;CARDKGGTTVTTSNWFDPW_CQQYDNLPLTF;CARDGGGYYQKKGYFQHW_CGTWDSSLSAVVF;CARERPRGAAETW_CQAWDSSTWVF;CARDDIVVVPAAIDYW_CQSYDSSLSGPYVF;NA_CQQRSNWPPYTF;CARKFDCW_CQQYGTSLPVTF;CARGVLRFLEWLSNMDYYYYGMDVW_CMQALQTPRALTF;CAKDGSYYDSSGYSDYW_CQQYNNWPPWTF;CAKDKSYSVEYW_CMLFMGSGIWVF;CAKADVRSNWNDMHFDYW_CQAWDSSTVVF;CARATPRGYGGNSLNWFDPW_CQQYNSYPFTF;CAEGYQLPGLYYW_CNSRDSSGNHLF;CARHAGSGSYYFWFDPW_CQQYGSSPYTF;CAKDLQIGYCSSTSCRNAFDIW_CQQYGSSPPRVTF;CARGRGSYFDYW_CQQYGSSLWTF;CARTCSSTSCYTYGMDVW_CQQYNNWQYTF;CAHRGYSYGPLFDYW_CLLYYGGAQLVF;CARLPTLRYGSGSYYNGALDYYYGMDVW_CMQALQTPLTF;CARSIAAASPFDPW_CQQYDNLPPTF;CARGPPYGHLGYW_CQQYNNWPPITF;CAKDILGGGYFDYW_CQTWGTGMGVF;CAKDASYGYLFEYWYFDLW_CQQYNNWPPWTF;CARFGAKNYYDSW_CQQYNNWPGTF;CAREKWLRPQLDYW_CQQYGSSPKTF;CVKGPYYDGSGNSFGRKAFDIW_CQQYGSSPYTF;CARGASKGNQPALHYGMDVW_CQQSYSTPPAF;NA_CCSYAGSSTVVF;CATTLASPTHDYGDYEGGYMDVW_CQQYGSSPLTF;CALGIDAFDIW_CQQYNNWPKTF;NA_CQSYDDSLSGTVF;CARGFYYGSGSPLSGMDVW_CQQSYSTPRTF;CAKDPAASGSPWYFDYW_CQQYYSFPRTF;CAREVSRQSGSRPIKWFDPW_CQQSYSPPPLTF;CTPSLETYGDYALGYYW_CQSADSSGTYPYVF;CAKDFGGPLQFDYW_CQQYGSSPRTF;CAKDMLFSNNYW_CQTWGTGINWVF;CARDENHLYYGDLAYW_CQQSYSIPRAF;CARGSRLLLWFGELKVGPGFDPW_CQQYNSYWTF;CAMKGGRDGYNTRVYYYYGMDVW_CCSYAGSSTPYVF;CAKDIGPTNCSSTSCHAYYYYGMDVW_CQQYNSYSTF;CWRDRREAPIEMEVASTRG_CMQSTHWPYTF;CTRHTHCSGGSCYDAFDIW_CQQSYSTPRYTF;CAREPPHGSGTDYNWFDPW_CQSYDSSLSAYVF;CVKDLYDTGSYYYFDYW_CSSYTRSSTLVF;CSRHEGVGGNSDYW_CVLYMGSGISMF;CARNHDYGDYMFGGMDVW_CQSADSSGTYVF;CTTSGGDW_CMQSIQLPRTF;CARDRTSFGYSYGNIDYW_CQTWGTGILVF;CAKDELASYGGVGYYW_CQSADSSGTYFWVF;CAREPKHSGYCSSTSCYIGNWFDPW_CQSYDSSLSGNVVF;CARASWDSSSWGLGFDPW_CQAWDSSTGVF;CARTRVRGVISPFDYW_CQQANSFPPTF;CTREYYDFWSGDYW_CQQYDNLPLTF;CARDGGRGSGWSTPDYW_CNSRDSSGNHVVF;CARHYDFWSGDNPYWYYYYGMDVW_CQQYGSSPPWTF;CTTTTADIVVVPAAIQTVDYW_CQQYDNLPLTF;CAIMVRGVIGSYYYYGMDVW_CQQSYSTTWTF;CAKDNGYGGNSLQHW_CCSYAGSSTLVF;NA_CQQSYNTLWSF;CARARYRRDGYHNLYAFDIW_NA;CARGFSETGPGYKRFYYYFDLW_CQQYGSSPQTF;CARVKGDYYYYYGMDVW_CMQALQTPHTF;CARDPPLYSSGWFTGDYW_CQQYNSYPRTF;CAKDGGEHRGNDYW_CQVWDSSSDHYVF;CARGYDFWSGYLPHYGMDVW_CQVWDSSSDHPGVF;CARETKQYIDYRSPTVGRPYDYYYGMDVW_CLLFYGGAQLGVF;CAKGVWESTTEDAFDIW_CQQYNSYSPFTF;CAKDQGYCSSTSCYPYYYGMDVW_CQAWDSSTVVF;CARLGGYDSTFDYW_CSSYTSSSTYVF;CARGGDYYYGMDVW_CQQYNNWPLTF;CARVAAAGTYFDYW_CQQYGSSPETF;CARINQHGSGTYSPDYYYYGIDVW_CMQALQTPMYTF;CARKSIAAAGLPYYYYYGMDVW_CMQALQTRFTF;CAQGGYSYGYYDYW_CAAWDDSLNGVVF;CARQRGGTAVPVYYFDYW_CQQYGSSPLYTF;CARALYYDSSGYQPNRYYFDYW_CQSYDSSLSGYVVF;CTRALNSNHFDYW_CQQANSFPLTF;CARVTDPDAFDIW_CNSRDSSGNHYVF;CARSAWHPAATGGMDVW_CLQDYNYPYTF;CARVSLVVPQQFDYW_CQAWDSSTVVF;CAKVPGYSTGWYYFDYW_CQQCDSSPEWTF;CAKDSTCSSTSCYRGYYYYGMDVW_CQQYYSYPITF;CARDSKQQLADNWFDPW_CQAWDSSTLVVF;CARGRNGGNRFDWFDPW_CQSYDSSLSGSGVF;CARGKNWFDPW_CQQYGSSPLTF;CASGYSSGRPDYW_CQQYDNLPITF;CARLSDGDYTFDYW_CQQYNSYWTF;CARGGTAGYSYGYAYW_CQAWDSSTAVVF;CAKDIVVVPAAPITLYYYYGMDVW_CMQALQTSFTF;CARWRLYYDSRGYYYGMFDYW_CQQSYDTPLTF;CARSRRIVGATSFDWFDPW_CQQYNSYSRTF;CASEDSGYGGGFDYW_CQSYDSSLSEGVF;CAHGRDYDSSSLPFDYW_CQQYNSYPYTF;CARAGAYYYGSAIDYW_CQQYGSSPGLTF;CAKGSSHSGGWFDPW_CQQYNSYWTF;CARDLLRAYSSSSTSSIDYW_CQQYYSYPRTF;CAKDVSGYLDAFDIW_CGTWDSSLSAGWVF;CAREGSRYFDYW_CQVWDSSSDHYVF;CASHDSSGYYLLDYW_CQVWDSSSDHVVF;CARYCSSTSCYTTYYYYYYGMDVW_CQQYYSYPLTF;CARLWVFLTMVRGPDFDLW_CHQSSSLPLTF	0	NA
22	1	CARHGINYYDSSGYSGNDAFDIW_CQQYDNLFTF	9	1	CARTSRGLIAAAAAVDYW_NA	0	NA
22	1	CARHGINYYDSSGYSGNDAFDIW_CQQYDNLFTF	16	79	CARRRYYGGNSNKGWYFDLW_CQQRSNWRTF;CARDQEYSSGWDGPDYYYYYGMDVW_CQQSYSTPQTF;CARDDRFGGDTLGWFDPW_CQSYDSSLSGSGYVF;CAREGWGLGYCSSTSCYTGPFGYW_CQQYGSSPPYTF;CAKDPNYWRYFDWLTGYYFDYW_CQQRSNWPPWTF;CARDGGFGGSWLDPW_CQQRSHFRTF;CAKGEQFIAVNNWFDPW_CQQRSNWPITF;CARDRLDGYNSFYYGMDVW_CQSYDSSLSGSVF;CARDAGRDGNEYYFDYW_CQQYNSYLYTF;CARGSISSQRWFGPW_CQQYNYYYTF;CARDRGQWLVREEDYYYGMDVW_CQQYYSTPLTF;CARGGAVLRYFDWEPQGPLEDNWFDPW_CQQRSNTWTF;CARNMASGMDVW_CQQRSNWPLFLTF;CARIWAVAADHSFDYW_CQQYNNWPPWTF;CAHRPLDILTGYRVDYFDYW_CQQSYSTLGTF;CARDKGATFDYW_CQQSYSTPYTF;CARDRWSLHIVGASPRGPSFDYW_CQQANSFPVTF;CARAIWYYDILTGYYSYYGMDVW_CSSYAGSNNLEVF;CARARGDFWSGYTHWYFDLW_CQQRSNWPPWYTF;CAQTGILTGYPRVGNAFDIW_CQQRSNWLGFTF;CASGSSDRYSSGWYWGYFDYW_CQAWDSSTVVF;CARAEIYGSGSKYYYYGMDVW_CQSADSSGTYYVF;CARGPDRFSGSYDNWFDPW_CQHTRAF;CAKDYDSGSYYEGGAFDIW_CQQRSNWPLTF;CARDIVRDFDWPGVGYW_CAAWDDSLNGYVF;CARGWSGYSSSLHPYYFDYW_CCSYAGSSTTLVF;CAQIAAAGTMGFDYW_CQQRSNWPSLTF;CTTEVCSGYDCDLGDYW_CQQRSNWPTF;CARSVDTAMGNAHDW_CQQYGSSPPTF;CARDLYSGYSYGSAVYW_CQQRSNWPIF;CARDRPPYSNYVIYGMDVW_CQQRSNWPPLTF;CARESPFGGQSVAVGGTPDYW_CCSYAGSGTFVF;CARDHKQWRVSYVWFDPW_CQQRNTWPRPTF;CARGPGYCSGGSCYGMFDYW_CQSADSSGTYVVF;CARDISKGAAGTGDWFDPW_CQQRSNWPLTF;CARGTRRDGYNLIYW_CQQYDNPPLTF;CAKGTHYYGSGSMWGMDVW_CQQRSNWPPYTF;CAREGEITMIVANDAFDIW_CQQSYSTPPTF;CARAVPARPEYCGGDCYIYYYGMDVW_CQSADSSGTYWVF;CVLYYGSGSYYRFDYW_CQSYDSSLSAVF;CARDSSSPATRHFDYW_CMQATQFPYTF;CATSDWSW_CQQRINWPITF;CARGRGRYYDSSGEW_CQQYNSYPYTF;CARGPIVVVIAASPYYYYGMDVW_CQQRSNWPPGCTF;CARESRPTVTTRTTSGMDVW_CLQHNSYPRTF;CARARSSGWYHYW_CQQRSNWPPTF;CAKDSRYSLLIAVAGTEDYW_CQQRSNWPWTF;CARDIGYSSGWYWTPGVNYYYGMDVW_CQQYGSSPWTF;CARDRGVGARHFDYW_CQQYNNWPPWTF;CGRAAISVLRKMPPTFW_CQQYGSSPYTF;CARETYYYDSSGYYGPHAFDIW_CLLSYSGARVF;CARDSEIFGSSWYSYFDYW_CQQYNSYSYTF;CAKVEGIWFGELSDFYYYYGMDVW_CQQRSNWPLTF;CARTYVWGEVDYYYYGMDVW_CLQHNSYPWTF;CATDLNLAVAGEGGYW_CQQRSNWPLTF;CARDSYDFWSGYTPPNYYYYYGMDVW_CQQRSNWYTF;CARVYSYGYRYFDYW_CQQSYSTLWTF;CARDGGYSYGYAQGYYGMDVW_CQSADSSGTHVVF;CASATTVSHW_CQQRSNWPLTF;CARDRSAERRGYFDYW_CNSRDSSGNHYVF;CARVKSGGSSSLRQDAFDIW_CQQRSNWPYTF;CAREDSSGWLEFPNWFDPW_CCSYAGSSTYVF;CARDCSSTSCLAYW_CQLRSNWPTF;CAREGEQWLDGAFDYW_CQSADSSGTYKVF;CARDGGGWYGLVDYW_CQQYNNWPLTF;CARGNDAFDIW_CQQYNSYSGTF;CARDGKPSKTFDYW_CQQSYSTPLTF;CARHEKGIAAAVYYFDYW_CQQRSNWPLTF;CAKDVTDGYNIPYYFDSW_CQQRSNWPLTF;CTSWAIPQALTDYYYYGMDVW_CQQRSNWPPSITF;CARDCGGPVTTTTNDAFDIW_CQQYYSYPRTF;CARDCDGGCDYW_CQSADSSGTYRVF;CAKDDDRGYGWFGELLGRYGMDVW_CQQRSNWLLTF;CARALSLGPRTYYYDSPQRGHDAFDIW_CQQSYSTSWTF;CARGETYYYDSSGYYWGYYFDYW_CQQYNSYPLTF;CTTPTWGNYYYYGMDVW_CQQRSTGRDTF;CARDQQWLGDFDYW_CSSYAGSNNLWVF;CARVFRRYGSGSYYNLW_CQQRSNWLTF;CARDPGDYVEIEWYFDLW_CQQRSNWPRLTF	0	NA
22	1	CARHGINYYDSSGYSGNDAFDIW_CQQYDNLFTF	17	67	CARDEGIAARTRGETHYYYYGMDVW_CQQYYSTPYTF;CARDRDGAFAIW_CAIWYSNTHVIF;CASRVHGLVTVTTGGAFDIW_CQQYYSYPPAF;CARGGDPTWFDPW_CCSYAGSSIVVF;CARAGAVARGYFDYW_CQQYYSFPPTF;CARGRGAAAGTSILNYW_CQQYYSTPLGF;CAREPPDLTMVRTKGVRWFDPW_CQQYYSNPLTF;CARGGRVWSQATPTKNWFDPW_CQQYNNWPPWTF;CARETVVTPQNAFDIW_CAAWDDSLNGYVF;CARKSGPPQYRYFDYW_CQQSYSTPLHF;CARDEMVRRDGYNFAFDIW_CQQYYSTPPLTF;CARGVGGCSSTSCYTRGYYGMDVW_CQQANSFLTF;CAKDGIVFYGSGSYNDYW_CQQYYETPTF;CARGVRVAPIDYW_CAAWDDSLWVF;CARGPVYYYGSGSYYYFDYW_CLQDYNYPFTF;CARVRGAFGEPPPYNWFDPW_CQSADSSGTYYVF;CARGTRGRSSGYYSNW_CQQYNNWPPYTF;CARGGLYSSSWSVHSTFQHW_CQQYGSSPRTF;CARDLGARDGYNKFDYW_CQQYYSTPALTF;CAHTPGSGQKGSIYW_CQQYYSTPWTF;CARGRSSGYYPHFDYW_CNSRDSSGNHYVF;CARLGPYGSGSYSPVDYW_CQQYYSNPQAF;CARGAAAGTLDAFDIW_CQQYYSTPLTF;CAADRIRGSSANYDYGMDVW_CQQYYSLRTF;CTRGGGALGNW_CQQYYSIPWTF;CARGGRYCSGGSCYNWFDPW_CLQDYNYPWTF;CARGPGIYGDYGGGRPGYFDYW_CQQYYSTPPITF;CARVDNVWTTWGYW_CQQSYSTPPTF;CARGPSRSYNVYYFDYW_CQQYYSTGTF;CARGRGARYDYGYGLVPNYFDYW_CQQHSSSPPTF;CARDRVHDYVWGSYRDLDYW_CQQSYSTLMYTF;CARGPMTTVATPRTQYFQFW_CQQYYSTPWTF;CSKDWAATGREIGYW_CQQYYRTPYTF;CARRYSYGYKRLSGWIWYFDLW_CAAWDDSLNGYVF;CARRDCSGGSTQSLPQRHLTCYYGMDVW_CQQYYSTLYTF;CANDRDASSAWYGPVGYW_CQQHYSTPGTF;CASSGWFDPW_CAAWDDSLSGRVF;CARDQYSSGWYLGGWGYFDYW_CQQYYSTLRTF;CARGVVGHPHLIDFW_CQQYYHMGTF;CARGMGSSSWYPNTKLVNWFDPW_CQQYYSTPPTF;CARGEYGDYAFDYW_CAAWDDSLNGYVF;CARGTIAVAGKRYYYFDYW_CQVWDSSSDHHVVF;CARQDCSGGSCYLDYW_CQVWDSSSDHPVF;CAKGYSSSWYYNYGMDVW_CQQYYSTPTF;CARALYYDILTGYYPRYYFDYW_CQQLNSYPITF;CARDRYFGPW_CQQYYSTPWTF;CARGSGYYVGSYFDYW_CNSRDSSGNHPPVVF;CARITMIGGAFDIW_CQQYYSTPSITF;CARDLPAVYYYGMDVW_CQQSYSTLFTF;CARGNTRLRGYSYGLQMARGGYGMDVW_CQQYGSSPGTF;CASSAPPYGHFDYW_CNSRDSSGNHVVF;CARSVTGTMGIYYYGMDVW_CQQYGSSRGTF;CVRGGSGTLSWYDSW_CQQYLSSPDTF;CTRDLLVNWNDPGLISYYNSFDVW_CQQYYNSPRTF;CARGRGYYGSGSYFSFSYYYGMDVW_CAAWDDSLNGQVF;CARDRRGYSYGYPWFDPW_CNSRDSSGNHRVF;CARGRVYGDYVFWFDPW_CQQSYSTPLTF;CARSDDNGDYVFNYW_CQQYYSTPPTF;CARAYGMDVW_CQKYNSAPYTF;CARELASHLGDYFDYW_CQQYYSTPPKTF;CARGTRGRSSGYYSNW_CQQYNNWPPYTF;CARKARQWEVAIDSW_CHQYYTTPLF;CASLERVRRFYYYYGMDVW_CLLYYGGARVF;CSVYDSSGYLYGAFDIW_CQQYYSTPLTF;CARYNWNLNFDYW_CAAWDDSLNANYVF;CSIHPYYYDSSSHSEYFQHW_CQQYDNLPPAF;CARGSPYCSGGSCYLNWFDPW_CQQYYSYPRTF	0	NA
22	1	CARHGINYYDSSGYSGNDAFDIW_CQQYDNLFTF	18	68	CARQVGVGKWYLEDW_CCSYASGDNLVF;CARLIKYSGSYEMVDYW_CAAWDDSLNGYYVF;CARGGFITMIGYGMDVW_CQQYDNLPFTF;CARDLRWCSGGSCYGNYYGMDVW_CAAWDDSLNGQVF;CARDGRDYYDSSGYYYDDAFDIW_CQSADSSGTVVF;CARDHPLMVRENLGFDPW_CAAWDDSLNGPVF;CARDLRNYYDFWSGSPNPKINWFDPW_CQKYNSAPLTF;CARDLPAARYGDYGGFDYW_CAAWDDSLNGVVF;CARDLFPIQYGSEPYGMDVW_CQQYGSSPRTF;CARDIGPLDVW_CQVWDSSSDHRVF;CARDQGDGDYGAFDIW_CQQSYSTSSWTF;CARILEIVDPSGSYQYYFDYW_CGTWDSSLSAVVF;CARDGHYSGSYYVGYW_CCSYAGSYTYWVF;CAREEYSSSWHPYYFDYW_CGTWDSSLSAYVF;CAKDFRGWFDPW_CATWDDSLNGWVF;CARDRSGGSWFDPW_CVLYMGSGVF;CARASTAAYYYYYYGMDVW_CAAWDDSLNGHVVF;CAHHLSFGGNWAFAHW_CAAWDDSLNGSYVF;CASNLGYCSSISCYGFDYW_CQQYGSSPLYTF;CAKELPYYDSSGGPEYW_CAAWDDSLNGWVF;CARGEDYYGSGSYYGMDVW_CQAWDSNTVIF;CARVLGITGTTRRFDYW_CQQYYSYPFTF;CARDREQLAPFDYW_CQSADSSGTYVF;CAKDLIDTMIVVVITPPFDYW_CAAWDDSLNWVF;CARGGHLWSEEVMNRFYYYLGMDVW_CGAWDGSLNGYVF;CARDGYSGYDRADYYYYYGMDVW_CQSYDSSLSGSRVF;CARDHIAVAATPAEYYYYGMDVW_CQAWDSSTVVF;CARARDRQGAYYYGSGSYVPYYYYGMDVW_CCSYAGSSPWVF;CARQNFDILTGYSIDYW_CAAWDDSLNGLYVF;CARDNSGSYVVEYYFDYW_CAAWDDSLNGWVF;CARQYVEWLREMDVW_CAAWDDRLNGWVF;CARNYYYDSSGSGFDYW_CQQANSFPPTF;CAHRHHCSSTSCSPWDDWFDPW_CAAWDDSLNGPVF;CARQNFDILTGYSIDYW_CAAWDDSLNGLYVF;CAKTQVDGKALWFEPW_CATWDSILSGWIF;CARELLWFGEGINWFDPW_CAAWDDSLNGVVF;CARHNTITLRYFDWTKLGYFDLW_CAAWDDSLNGVVF;CARDRYDYGDYPAEYFQHW_CAAWDDSLNGVVF;CAREQLGGFDYW_CAAWDDSLSVVVF;CAIIPLATPVTIIMDYW_CMQSIQLPPQPTF;CAREQQLVPYYYYGMDVW_CAAWDDSLNGWVF;CARDGAGHYGSGSYFGSW_CATWDDSLNGFVIF;CASRTNHYYDIQRHYW_CQQSYSTPGVTF;CARHIMVRGVPPNFDYW_CAAWDDSLNGPVF;CASTGGGSYPILNW_CQQYYSYPLTF;CARGGPYPINSGYYYEVDYW_CAAWDDSLNGRYVF;CARGPNDAFDVW_CQQYARSPPWTF;CAHHASFGGNWAFAHW_CAAWDDSLNGSYVF;CARDRGYGSGSYFSGFDYW_CQQYNNWPPRTF;CARERGMYSSGWYNWFDPW_CQQYYSYPYTF;CARGGDGYNYHPYW_CQKYNSAPTF;CAKDSIPIYDSSGTTFDYW_CAAWDDSLNGWVF;CARDQRSYADYW_CQQYYSYPQTF;CARDLQRGYSYGYW_CAAWDDSLNGVVF;CARDIHGNGALYYYYGMDVW_CAAWDDSLNGLYVF;CARDNIVVVPAAMFEASDYYYGMDVW_CMQALQTPYTF;CARDELRQLVLW_CQSYDSSNPWVF;CARSYGSGSYPRPSPLAWFDPW_CAAWDDSLNGPVF;CARDLIGFGASFDYW_CQQYNNWPPYTF;CARMMGTYYGDHPTIVGYFDYW_CQQYNNWPLTF;CARDGLDYDSNAIDYW_CQQYDNLPYTF;CARHGGDCGLDCYSNWFDPW_CQHWTF;CAREPADSSSLW_CQSYDSSNWVF;CARSGQWLEGWFDPW_CQQYNSYSPTF;CAREGREGGGFDYW_CAAWDDSLSGWVF;CARFVPGGYDGFDIW_CASWDKNLNAFVF;CARDPVPVILGYCSGGRCSPLDYW_CQNYNSAPRTF;CAKDWDDYDSESGVYNYYGMDVW_CSAWDDSLNGVVF	0	NA
22	1	CARHGINYYDSSGYSGNDAFDIW_CQQYDNLFTF	19	62	CAKDFHRLTLLRYCSGGSCYSAFDIW_CCSYAGSSTYVF;CAKRPDTTGRSWYFDYW_CQQYNNWLWTF;CAKFDIAAADTGKGEDYW_CMQGTHWPPLTF;CAKDSLFDRIILIATDIW_CAAWDDSLNGWVF;CAKYPSFSSRRWYFDLW_CQQYNNWPPPYTF;CAKLPSYSYGPFDYW_CQVWDSSSDHPVF;CAKDRQQLVIDAFDIW_CQQANSFSYTF;CAKVLGFGPHYDILTGYYPFDYW_CQQSYSTPLTF;CASVQWLVDYW_CQQSYSTPMYTF;CAKDQSPSAKNGDYVSFDYW_CMQALQKTF;CAKDLRFLEWLLPYYYGMDVW_CMQALQTPWTF;CAKDIRGNSWYGDSEGIW_CMQGTHWPYTF;CASGMVDFDYW_CMQGTHWPPTF;CAKGDSRYWYFDLW_CQQRSNWPLTF;CAKWGHSSWYDNWFDPW_CQSADSSGTYVVF;CAKMGASRWGPSYYFDCW_CQQYGSSPRTF;CAKDHPTNWFDPW_CQQYYSYPRTF;CAKAQNYYDSSGYYPFDYW_CQVWDSSSDHSVVF;CAKAPESSAYYGPDYW_CAAWDDSLSGHWVF;CAKGATSCAYW_CQQSYSTPRTF;CARGRLGGYSLPGFDYW_CNSRDSSGNHVVF;CAKASARYCSGGSCYGTAFDIW_CQQSYSTPVF;CAKFHDSSGYYYLYGFDYW_CQAWDSSTYVF;CAKGAAASRTDYW_CQQSYSTPPYTF;CAKDEWERGAFDIW_CQQYNSYSPWTF;CAKADLLYSGSYGAW_CQQSYSTPYTF;CAKDGIVVVTAIKFGHGMDVW_CQQANSFPYTF;CAKRLDYW_CMQATQFPYTF;CANISPPPRYYGSGSYYNFAFDIW_CQQLNSYPFTF;CAKEDYNSGSCLDYW_CQQLNSYPQVTF;CAKVRGIVGATPCYFDYW_CQVWDSSSDHPVF;CAKDRGYRGDYSNWFDPW_CQQYNSYPRTF;CAKPSIVATIWAFDYW_CQQYDNLPPITF;CAKGRYSSSWYEDWYFDLW_CQQRSNWPPLTF;CAKDAEGQGPVLLWLGGMDVW_CQQYNSYSYTF;CATGIAVAGTLGYYGMDVW_CQQYNNWPRFTF;CAKASVAVAGTGGMDVW_CQVWDSSSDHVVF;CAKFFVVLSFWSGYYDYW_CQQLNSYPQTF;CAKGRNFVVVTAICDYW_CQQYGSSPLTF;CAKSLKLFAIDYW_CQSADSSGTYWVF;CAKGGYCSGGSCPLDYYYGMDVW_CMQALQTPLTF;CAKDHDEGATTYFDYW_CQAWDSSTVVF;CAKDRGPAEKYYYDSSGTQLIGAFDIW_CQQYYSYPPGTF;CAKALHAAVVGPAAIPFDYW_CSSYVGSNNYVF;CAKDHLMITFGGVGQGVPWFDPW_CQKYNSAPRTF;CAKAEGVKYNWNYGDYW_CQQSGSSPPTF;CAKETLGAVDYW_CCSYAGSSRVF;CAKAAMVRGVIDWYFDLW_CQQYYSYPPFTF;CAKGGGADFDHW_CQQYSIWPLSF;CAKDRDGYNADDAFDIW_CQQSYSTPLTF;CAKSYGSGSYYRTSEYYFDYW_CQQYNNWPPGTF;CAKRDSSSWGWDRGAFDIW_CQQLNSYPGFTF;CAKGFDYYGSGSYSPFDYW_CQQYNNWPPEYTF;CAKDGRWELGTFDIW_CQQYDNLPQF;CAKDRRLGPWIPDYW_CQQYDNLPQAF;CAKDRCTITSCSYQNW_CMQALQIPPTF;CAKDRSFDYPDYW_CQQYYSFPYTF;CAKLGEEDGSGSPSYYYYGMDVW_CQQYNNWPPLTF;CAKILYSSGWWGGAFDIW_CQQYNSYPLTF;CAKDKASSWQDRYYYYGMDVW_CVLYMGSGIRVF;CAKVGVGATSHFDYW_CQQSYSTPRYTF;CAKDLPRSVVVTANSYYYGMDVW_CQQYNSYPVTF	0	NA
22	1	CARHGINYYDSSGYSGNDAFDIW_CQQYDNLFTF	20	56	CARETTPVVTASTYYYYYGMDVW_CSSYTSSSTWVF;CARDWVRGVNDMDVW_CSSYTSSSTRVF;CTRPQRKWELPYPDAFDIW_CSSYTSSSTLF;CARGGAAVTTYYYYFYGMDAW_CCSYSSTNTLYVF;CARDGSGYLEQYYFDYW_CAAWDDSLNGYVF;CARGQGRTTSDYW_CSSYTSSSTLVVF;CARDPITMVRGVIISGWYFDLW_CSSYTSSSTLDVVF;CAKGADPYYDFWSGYSELFPLGMDVW_CSSYTSSSTVVF;CAREFKSFWSGYGDYYYGMDVW_CSSYTSSSTRVF;CARVVDDYYDSSGRYYFDYW_CSSYTSSSTQVF;CARHPFRVFGGWRDYW_CSSYTSSSTLWVF;CTGPDRMAYYDSSGYWEGVLDYW_CSSYTSSSPLYVF;CTRCGSSWTSYTMYDW_CSSYTGSRLYVF;CAKASLYGSGSYPPKYW_CSSYTSSSTYVF;CARDRPALWFGELHGMDVW_CSSYTSSSTLVF;CAKDHWEYYWYFDLW_CSSYTSSSTLVF;CARQISILRLLVWFDPW_CSSYTSSRGVF;CARHSPPRLWFGAFNYYYGMDVW_CSSYTGSSTLVF;CARRIAVAATVTGAMDVW_CTSYTSSSTLVF;CARYYDILTGYYYDYFDYW_CSSYTSSSTSF;CAKDPRLGPYFDYW_CSSYTSSSTRVF;CATSLVVVPAAILRGGVGGHYYGMDVW_CGTWDSSLSAVVF;CARILSDYYDSIGAFDYW_CSSYTSSSTPVVF;CARDRVAIMRGIKPNGMDVW_CQQLNSYPQTF;CARELTGDRDYW_CNSYTRSSTYVF;CARVNTMVRGLSTTKYYYPMDVW_CSSYTLSILIF;CARGGLPLGYCSGGSCSRRYYGMDVW_CSSYTSSSTLVVF;CARVEYGDYSGWFDPW_CSSYTSSSTWVF;CARGINYCSGGSCYYYYYYGMDVW_CSSYTSSSTLEGVF;CAREGPSRPAANYW_CSSYTSSSTEVF;CVRDQGSGGNYFDPW_CSSYTSSSLYVF;CARDDYYYDSSGYYPRFDYW_CSSYTSSSTLGVF;CARGSRYSYGDPCFDYW_CSSYTSSSTPVVVF;CARYYQDRFDYW_CSSYTSSSTLEVF;CARGPYDILTGSIYYYGMDVW_CSSYTSSSTLIF;CARDLGWSEGNYYYYGMDVW_CSSYTSSSTYVF;CAYDSSGYSLDYW_CQQYGSSPF;CARDQGTAAKPLDYW_CSSYTSSSTRVF;CARGGYSGYESDYW_CSSYTSSSTRVF;CARSSVGRQWPKGMDVW_CSSYTSSSTLAF;CAKDIRGRMATIMSW_CSSYTSSSTLVVF;CARVELHYYYYYGMDVW_CSSYTSSSTLF;CARGMIVVVMRYGMDVW_CSSYTSSSPVVF;CAKGILRYFDWHLEGMDVW_CSSYRNISTVF;CAKDIVSYSNYVLSNW_CSSYTSSSTQHVVF;CARHGSYLGYFQHW_CSSYTSSSTVVF;CAKDKGPDYYYGMDVW_CSSYTSSSTLYVF;CARSMVRGKYRAEYFQHW_CSSYTSSSTLNVVF;CATLSGMDVW_CSSYTSSSTLVVF;CAREGRPPRKPKNNWFDPW_CSSYAGSNNLVF;CARGYSYGPFDYW_CSSYTSSSTLVVF;CASPITTVTTRGAFDIW_CSSYTSSSTFYVF;CAETSYCSGGSCPMSEYGPVFDPW_CSSYTSSSTPWVF;CAKDCGEPWYNWNDGIGYW_CSSYTSSSTWVF;CARDSRLGGVDPW_CSSYTSSSTRVF;CAKAPGGYNWDNYHYYYFAMDVW_CSSYTSSSTLYVF	0	NA
