tested_clust	nb_unique_seq_tested_clust	tested_clust_list_sequences	ref_clust	nb_unique_seq_ref_clust	ref_clust_list_sequences	nb_overlap	overlap_list_sequences
5	51	CAVMDSNYQLIW_CASRTSGDTGELFF;CAVMDSSYKLIF_CASSQDPGSGANVLTF;CAASGGAQKLVF_CASSYFPGGTGEQFF;CAVMDSNYQLIW_CSARDPGQGASPLHF;CAVRDSNYQLIW_CASSYGTSTDTQYF;CICRSWGKLQF_CASSLGAPTEAFF;NA_CASNPRQGVDYEQYF;CAVMDSSYKLIF_CASSETSGSTDTQYF;CAVMDSNYQLIW_CASSETSGRATDTQYF;CALRADQKVTF_CASSVGQASPLHF;CAVSGGTSGSRLTF_CASSQEGDGYNEQFF;CATDDKSTF_CATLTSSGELFF;CAGRDSNYQLIW_CASSQEGGGAYNEQFF;NA_CASSDSKQGSSGANVLTF;CVFMDSNYQLIW_CATSSGTDYNEQFF;CAYRTYKYIF_CASNLGGGMNTEAFF;CAVIRRPGGSYIPTF_CASSMVAANTDTQYF;CAVMDSNYQLIW_CSARAGDTEAFF;CAALDSNYQLIW_CASSYSPDRYNEQFF;CAVEGGTSYGKLTF_CASSLDLEKLFF;CAVMDSNYQLIW_CASSYSGTGGYEQYF;CAVMDSNYQLIW_CASSQGGTGVEKLFF;CAVNTGAGNQFYF_CASSVASGGKGYTF;CAARDTTSGTYKYIF_CASSPSRRGKETQYF;CAVSETGGGNKLTF_CASSLALARSTDTQYF;CAVMDSNYQLIW_CASSDELAGGDEQFF;CLVGDSHGYQLIW_CASSPKGGGLSSYEQYF;CALSLWNSGNTPLVF_CASSDGTGAYEQYF;CVEEDYGGSQGNLIF_CASSTLPPTANYGYTF;CAFMKPVDGGSQGNLIF_CASSSWAQGAGETQYF;CAVMDSSYKLIF_CASSDSASGGYNEQFF;CAVRFISGGYNKLIF_CASSVSDLVSGEQYF;NA_CASSDSKQGSSGANVLTF;CAVLDSNYQLIW_CSAAGLTSSYNEQFF;CVVNWGGKLIF_CASSLGGGGQETQYF;NA_CASSQDGITSGANVLTF;CATDVSDGQKLLF_CASSIKGGLYNEQFF;CAVRDGDYKLSF_CASSDSGSGGGEQFF;NA_CASSYSAAHTGELFF;CAVLDSNYQLIW_CASSPHGQGHNTGELFF;CAGRGGGADGLTF_CASSQDRQGRNYGYTF;NA_CSARNPNMNTEAFF;CALSDSWGKLQF_CASRHGLAGTDTQYF;CAVLDSNYQLIW_CASSDTSGTDTQYF;CALSAGRDDKIIF_CASSLPSYEQYF;CAVRDSDYKLSF_CASSDSSGSGTDTQYF;CAANDNDMRF_CASSLDFRRPQAGYTF;CAASWGYGNKLVF_CASGGEGSGKGNEQFF;CVVSEGGYQKVTF_CASSFGTDTQYF;CASNTGKLIF_CSARASQDWAEAFF;CGGSGNTGKLIF_CASSQGVVIGTGGYEQYF	7	1	CALRDMEYGNKLVF_CSVINRGQTEAFF	0	NA
5	51	CAVMDSNYQLIW_CASRTSGDTGELFF;CAVMDSSYKLIF_CASSQDPGSGANVLTF;CAASGGAQKLVF_CASSYFPGGTGEQFF;CAVMDSNYQLIW_CSARDPGQGASPLHF;CAVRDSNYQLIW_CASSYGTSTDTQYF;CICRSWGKLQF_CASSLGAPTEAFF;NA_CASNPRQGVDYEQYF;CAVMDSSYKLIF_CASSETSGSTDTQYF;CAVMDSNYQLIW_CASSETSGRATDTQYF;CALRADQKVTF_CASSVGQASPLHF;CAVSGGTSGSRLTF_CASSQEGDGYNEQFF;CATDDKSTF_CATLTSSGELFF;CAGRDSNYQLIW_CASSQEGGGAYNEQFF;NA_CASSDSKQGSSGANVLTF;CVFMDSNYQLIW_CATSSGTDYNEQFF;CAYRTYKYIF_CASNLGGGMNTEAFF;CAVIRRPGGSYIPTF_CASSMVAANTDTQYF;CAVMDSNYQLIW_CSARAGDTEAFF;CAALDSNYQLIW_CASSYSPDRYNEQFF;CAVEGGTSYGKLTF_CASSLDLEKLFF;CAVMDSNYQLIW_CASSYSGTGGYEQYF;CAVMDSNYQLIW_CASSQGGTGVEKLFF;CAVNTGAGNQFYF_CASSVASGGKGYTF;CAARDTTSGTYKYIF_CASSPSRRGKETQYF;CAVSETGGGNKLTF_CASSLALARSTDTQYF;CAVMDSNYQLIW_CASSDELAGGDEQFF;CLVGDSHGYQLIW_CASSPKGGGLSSYEQYF;CALSLWNSGNTPLVF_CASSDGTGAYEQYF;CVEEDYGGSQGNLIF_CASSTLPPTANYGYTF;CAFMKPVDGGSQGNLIF_CASSSWAQGAGETQYF;CAVMDSSYKLIF_CASSDSASGGYNEQFF;CAVRFISGGYNKLIF_CASSVSDLVSGEQYF;NA_CASSDSKQGSSGANVLTF;CAVLDSNYQLIW_CSAAGLTSSYNEQFF;CVVNWGGKLIF_CASSLGGGGQETQYF;NA_CASSQDGITSGANVLTF;CATDVSDGQKLLF_CASSIKGGLYNEQFF;CAVRDGDYKLSF_CASSDSGSGGGEQFF;NA_CASSYSAAHTGELFF;CAVLDSNYQLIW_CASSPHGQGHNTGELFF;CAGRGGGADGLTF_CASSQDRQGRNYGYTF;NA_CSARNPNMNTEAFF;CALSDSWGKLQF_CASRHGLAGTDTQYF;CAVLDSNYQLIW_CASSDTSGTDTQYF;CALSAGRDDKIIF_CASSLPSYEQYF;CAVRDSDYKLSF_CASSDSSGSGTDTQYF;CAANDNDMRF_CASSLDFRRPQAGYTF;CAASWGYGNKLVF_CASGGEGSGKGNEQFF;CVVSEGGYQKVTF_CASSFGTDTQYF;CASNTGKLIF_CSARASQDWAEAFF;CGGSGNTGKLIF_CASSQGVVIGTGGYEQYF	8	228	CALRPSGGSNYKLTF_CASSQARDSLEQYF;CALSEADRGSTLGRLYF_CASSPGRGRRNTEAFF;CAVINSGGYQKVTF_CASSSDRGRGIEAFF;CAASMSGNTGKLIF_CASTPLGTGVTEAFF;CAVRSSSGGGADGLTF_CASVNRGSTEAFF;CAALLNARLMF_CASTGGTPDTQYF;CAVQAGRETSGSRLTF_CASKRAGASYGYTF;CAVGGSNDYKLSF_CASSGGQSSTGELFF;NA_CASSTTGTKDMVWGEQYF;NA_CASSLEAQAFGTEAFF;CAVSGGGSYIPTF_CASSLRDREGGEQYF;CAVNTGGFKTIF_CASTIGLAGGRDEQFF;CAVGLHSNYQLIW_CAITGFRDQPQHF;CAASTWAGGFKTIF_CASSPTGQADTEAFF;CAFTLNFGNEKLTF_CASRGGGTGGSLSGYTF;CALRLLFTGNQFYF_CASSLKGQGNEQFF;CGAATVGNQFYF_CASSLLASSYNEQFF;CAALGGATNKLIF_CATSRWPGVNTEAFF;CAEIGGSYIPTF_CAWGDSSTDTQYF;CAVRGVNFGNEKLTF_CASSQGQQYEQYF;CAVGGGAQKLVF_CASSSFYNSPLHF;CAVTRLYSSASKIIF_CASSLVLSGGEYEQYF;CAASRGNQGGKLIF_CATSGRGADYQETQYF;NA_CASRAGRTSPLHF;CAVSSGGSYIPTF_CASSQPRGETYEQYF;CVVSETGGFKTIF_CASSRTGSTTEAFF;CAEKASRGATNKLIF_CASRRTMNTEAFF;CAPSSGGYNKLIF_CSVEQGSTEAFF;CAFYGGSQGNLIF_CASSLVGVDNSPLHF;CAGGDSWGKLQF_CASSQEDGTYEQYF;CAVTTSGTYKYIF_CASSTQRTANYGYTF;CAGRYDFNKFYF_CASSVSSRNTEAFF;CAGYNFNKFYF_CASSPGTAYGYTF;CAARDQKVTF_CASSRQDYNSPLHF;CAESMEYGQNFVF_CASSPGQLNSPLHF;CATRYRVYSGGGADGLTF_CASSYKLAGDTYEQYF;NA_CASSAHGSYRATDTQYF;CAVMGTGGFKTIF_CASSEDRGIAKNIQYF;CAADPSSGSARQLTF_CASSFLQGPLIEETQYF;CAVTMIKAAGNKLTF_CASSLPTGGHMNTEAFF;CAVRTGTSGAQKLVF_CASSQPGALNTEAFF;CAVSDAAAGNKLTF_CASSYSSRHGYTF;CAFNLGATNKLIF_CASTLDRLGNSPLHF;CIVRVAGGGADGLTF_CASSWSGGVTGELFF;CGDKLIF_CASSPGLRTGELFF;CAGRDNYGQNFVF_CASSPRATGELFF;CAGGEAGKSTF_CASSLAYRGEKLFF;CALEGDMRF_CAISFREQETQYF;CVVSELRRALTF_CSVERNNEQFF;CAVTTTDSWGKFQF_CASSYSGQLNTEAFF;CASRNQAGTALIF_CASSPLGAEGSNQPQHF;CAGAPSGTYKYIF_CASSILAATSEQYF;CAMSGDTGGFKTIF_CATSDSGTREDTQYF;NA_CASSQEGSEDSISTLYGYTF;CAASDSGGSQGNLIF_CASSESWASNSPLHF;NA_CASTPLPPGQSPLHF;CAEIANFNKFYF_CSARDLDGYGYTF;CAVNIYYGNNRLAF_CASGLGGQGLREQYF;NA_CASNDEITNEKLFF;CAVQGAQKLVF_CASSSPTGLGYGYTF;CAVKAAGNKLTF_CASSLKLQGAPAF;CAVRDRGTGGFKTIF_CASGFPEGEQYF;CAESIDGATNKLIF_CSVPKEDMYVDEQFF;CAVSEPSGSARQLTF_CASSDRPGNTIYF;CALYMDTGRRALTF_CASSQPDETQYF;CAALYYGNNRLAF_CASSEVTGLADEQYF;CALSDPVNTGNQFYF_CASRPGTGRRSNQPQHF;CAVSANNNDMRF_CASSLAPRHTGELFF;CAVRGGMTGYSTLTF_CASSLTGGQGTFSTDTQYF;CAVVGGTSYGKLTF_CASSRSEGARPLHF;CAVVGVSGGYNKLIF_CASSDRQGAYTEAFF;CVVSADQAGTALIF_CASSEERSYEQYF;CIVRVDTNAGKSTF_CATSDFPHNEQFF;CASQNRDDKIIF_CASSYSAYEQYF;CVVTRGGGGKLIF_CASSLGLGTLSYEQYF;CAGQTSGTYKYIF_CASSRQGTGANVLTF;CALGSGSNYQLIW_CASSQRGQGVGNEQFF;CAVSASNTGGFKTIF_CAWSVQGGPHNEQFF;CAVSSLSGGYNKLIF_CASSWDRGRVHNEQFF;CAVFPGGTSYGKLTF_CASSPRGPTDTQYF;CAAQDPMEYGNKLVF_CASSYSALRRDTQYF;NA_CASSPGQANEQFF;CAAGRGNTPLVF_CASSVDSVGELFF;NA_CATSPGISSYNEQFF;CAVSSIDNFNKFYF_CASSSPSGGSYEQYF;CGIQGAQKLVF_CASSLTRTEAFF;CAMSSLMDTGRRALTF_CASSPRDTPTDTQYF;CALMDSNYQLIW_CASSNPGPVQETQYF;CAVALSNRDDKIIF_CASSEYYRGHEQYF;CAYQGDYGGSQGNLIF_CASSYSSGDQPQHF;CVVRSTDSWGKLQF_CATSDGDSYYNEQFF;CAASAQGGSEKLVF_CASSASSYNSPLHF;NA_CASSHTSVGPGANVLTF;NA_CSRFMDSGSSYEQYF;CAASANAGNMLTF_CASSLRYNEQFF;CAVNVGRAAGNKLTF_CASSLGDRDDEQFF;NA_CASSNTGTGNTEAFF;CAGLGGSNYKLTF_NA;CVVTGTTSGTYKYIF_CASSYSGEQYF;CAVGSNDYKLSF_CASSVYQETQYF;CAVYNDMRF_CASSVNKKSETPNTEAFF;NA_CASGFPDTQYF;CAPLRTTSGTYKYIF_CASSTRTGMREKLFF;CAASQGSNYQLIW_CASSEGGRGIYEQYF;CAFMKHHMFSGAGSYQLTF_NA;NA_CATSDTMSGRDRNEQFF;CATGLSGGSYIPTF_CASSYAVPNTEAFF;NA_CASNQGSSNQPQHF;NA_CASSSYPTGEKLFF;CVVTPFSGGYNKLIF_CASSGAGAYNEQFF;CAVRGGGNTPLVF_CASTPGYRLNTEAFF;CAARAAWVPQSRTGRRALTF_CASLGVGNTEAFF;CAVRDPSNDYKLSF_CASRREAGNQPQHF;CAGQGGNQGGKLIF_CATSRDQKNIQYF;CAVIRSGGSNYKLTF_CASSLVGDRENEQFF;NA_CASSQDYPGQVNYEQYF;CAVNMNRDDKIIF_CASSVAAVNEKLFF;CAVNAPSGGNKLVF_CASRERDGYTGELFF;NA_CASSFKGLNTEAFF;NA_CASSLSWGRGKNQPQHF;CAMREFNTGGFKTIF_CASRPTGSENQPQHF;CALEDNARLMF_CASRRQGARNTEAFF;NA_CASSQGQGISNQPQHF;CAVRVRNTDKLIF_NA;CILRDATSGTYKYIF_CASGTGDQETQYF;NA_CASSFSGRFEQFF;CAVRDRGFKTIF_CASSLGGNHEQYF;CAALSGGSNYKLTF_CASSMAVLDEQYF;CAVGALTGGGADGLTF_CASSRGGLGTDTQYF;CATDDQAGTALIF_CATSVGSGTFYEQYF;CAARIVFAGSYQLTF_CASSNPKTANYGYTF;CAVQGYDNFNKFYF_CASSRELGSPLHF;CAVNRSNDYKLSF_CASRRARGEKLFF;CAVSEDTGGFKTIF_CASSSTDRAGKAFF;CAVNSNNFNKFYF_CASSPSGRETQYF;CALDMGSNYQLIW_CASSGSQGKGYYGYTF;CALGPSYSGAGSYQLTF_CASSLEVNTEAFF;CAARTSGAGSYQLTF_CASRHGGSSYNEQFF;CVVNWDTGNQFYF_CASSRPLNLNYGYTF;CAGDTGGFKTIF_CASRSGLLDNEKLFF;CAVASGAGSYQLTF_CAWSVGGTGDTQYF;NA_CASTIGMGNQPQHF;CAGRGSGTYKYIF_CATSSPTSESYEQYF;CVVNGEGFQKLVF_CASSLGGFNGELFF;CAASESAGNKLTF_CASSLYRGNSYNEQFF;CAERTPGFQKLVF_CASEGVISYEQYF;CAVTGDTGNQFYF_CASSRGQGAYEQYF;CAASNTGTASKLTF_NA;CAVGAEAAGNKLTF_CASSQDINKPNYGYTF;CAPPSPGGSTLGRLYF_CASSESRSQTYGYTF;CAVNSWTGTASKLTF_CASSLAGGRYDTQYF;CAPKDTDGQKLLF_CASSLDSREQFF;NA_CASSPSRAEQFF;CAVSDRGNTPLVF_CASSLTPRGQETQYF;CAAAEGSNYQLIW_CATTDGRDEQFF;CIPAPLGFGNVLHC_CASSFTTGANVLTF;CAKYNFNKFYF_CASSRLAGTDTQYF;CAVSDQGGKLIF_CASSSTALTEAFF;CVVSRYSGGGADGLTF_CASSINGGRKDEQFF;CAAIETSGSRLTF_CASSPSDRVNSPLHF;CAVIPRNNNDMRF_CASSVHTEAFF;CAVESDSGGGADGLTF_CASSFLGGAYEQYF;CVVSAGPYGGSQGNLIF_CASSPPGGPLHF;CIVPRAGNMLTF_CASSQEPTGDYWFYEQYF;CATAEAGNNRKLIW_CSVEFGVATEAFF;CAEILQGGKLIF_CASSAALTEAFF;CVVNIPLKGFKTIF_CASRPSWGSNEQFF;CAGYNYGQNFVF_CAIRGTSNEKLFF;CAFGTGTYKYIF_CASSQDLGHGETQYF;CAANNNAGNMLTF_CSVERGSSYNEQFF;CALSDRDFGNEKLTF_CASRPRRDRGTQYF;CAVNAAGGYNKLIF_CATSDGSTDTQYF;NA_CASSFQGAGSYGYTF;NA_CASSPLTGAPIQVAKNIQYF;NA_CASSFFGIDTEAFF;CAVSGPQGGSEKLVF_CASSLTGTSGGFEQYF;CAVSPAVGHTGFQKLVF_CASRPFRESSYNEQFF;CAFITGTASKLTF_CASRRASGATYEQYF;CILRVAGGTSYGKLTF_CASSPPGLAGVIEQFF;CAVPSGSRLTF_CASSPHIANTGELFF;CAAPLSGGYNKLIF_CASSLTRDLETQYF;CAVSDGGNTGKLIF_CASSQLRGDTQYF;CVVSAGRGNNRLAF_CASSPGVAVSSYNEQFF;CAGGGGANSKLTF_CASSLLGSPDTQYF;CAYGDWGTGTASKLTF_CASSPRLAGGETQYF;NA_CASVSRTDTQYF;CVVSVTGTASKLTF_CASSLAPSPSYNEQFF;CARSNNNNDMRF_CASKPRANYGYTF;NA_CASSLAAGGLSGELFF;CAAILGFQKLVF_CASSFQPSGGAYTGELFF;CAVRGSSSNTGKLIF_CASSFRDRATVEAFF;CAFEGSSGDKLTF_CASSLGQFGSGANVLTF;CAPSGYQKVTF_CASSYSTGEETQYF;CAVGNTGNQFYF_CAISASLSTDTQYF;CALSEADRGSTLGRLYF_CASSQNPWDGYTF;CALRNNNARLMF_CASWGGTEQYF;CALDITLGQAGTALIF_CASSDFQGTGELFF;CVVWKNKLIF_CASSISRDRINYGYTF;CAAGYNDYKLSF_CASSSRTGGRGDEQFF;CAVNDYKLSF_CASSMDRGNQPQHF;CATDRGNAGKSTF_NA;CAASFYHAGSTLGRLYF_CASRLQGGNQPQHF;CAVTSNAGNMLTF_CASSHGQGRSYEQYF;CAVSPSGGSNYKLTF_CATSDVRQNGTYEQYF;CAVSGPSGGYNKLIF_CASSFHPEKFF;CAVTYGSSGSARQLTF_CASSYFLSGANVLTF;CGTESGNFNKFYF_CASSYSGSGPGANVLTF;CAPFFGNEKLTF_CASSATPTGVRNYGYTF;CAGPNNNARLMF_CASSYSGGPGNTIYF;CAMSGEGFSGGGADGLTF_CASSLLTGNYGYTF;CALRGAGNNRKLIW_CASSYSDRGPMYGYTF;CAAGRTGNQFYF_CASSLWTGRNYGYTF;CATETSGTYKYIF_NA;CSRYAGNNRKLIW_CATSDFGQGSTGEQFF;CAASIGGSQGNLIF_CAISPEPGSYNEQFF;CAAPGGSNYKLTF_NA;CAALTHTGANSKLTF_CASSLDSRYAQYF;CAARGGGTSYGKLTF_CASSLGRAVVYGYTF;CAADFTGNQFYF_CAWSVRSPNQPQHF;CAVSPNSGGYQKVTF_CASSYSQGLGNSPLHF;CAASAGQGAQKLVF_CASGGRGGFSNQPQHF;CAVNIAGGTSYGKLTF_CASSSGATGNTIYF;CAVNPYRGSTLGRLYF_CAWSWTGGETQYF;CAARSSGNTPLVF_CASSLRTVEQYF;CAASAFSGNTGKLIF_CASSLPGTEAFF;CAGVTNFNKFYF_CASRIGPSSGANVLTF;NA_CASRPLARTGELFF;CAESPPTGGFKTIF_NA	0	NA
5	51	CAVMDSNYQLIW_CASRTSGDTGELFF;CAVMDSSYKLIF_CASSQDPGSGANVLTF;CAASGGAQKLVF_CASSYFPGGTGEQFF;CAVMDSNYQLIW_CSARDPGQGASPLHF;CAVRDSNYQLIW_CASSYGTSTDTQYF;CICRSWGKLQF_CASSLGAPTEAFF;NA_CASNPRQGVDYEQYF;CAVMDSSYKLIF_CASSETSGSTDTQYF;CAVMDSNYQLIW_CASSETSGRATDTQYF;CALRADQKVTF_CASSVGQASPLHF;CAVSGGTSGSRLTF_CASSQEGDGYNEQFF;CATDDKSTF_CATLTSSGELFF;CAGRDSNYQLIW_CASSQEGGGAYNEQFF;NA_CASSDSKQGSSGANVLTF;CVFMDSNYQLIW_CATSSGTDYNEQFF;CAYRTYKYIF_CASNLGGGMNTEAFF;CAVIRRPGGSYIPTF_CASSMVAANTDTQYF;CAVMDSNYQLIW_CSARAGDTEAFF;CAALDSNYQLIW_CASSYSPDRYNEQFF;CAVEGGTSYGKLTF_CASSLDLEKLFF;CAVMDSNYQLIW_CASSYSGTGGYEQYF;CAVMDSNYQLIW_CASSQGGTGVEKLFF;CAVNTGAGNQFYF_CASSVASGGKGYTF;CAARDTTSGTYKYIF_CASSPSRRGKETQYF;CAVSETGGGNKLTF_CASSLALARSTDTQYF;CAVMDSNYQLIW_CASSDELAGGDEQFF;CLVGDSHGYQLIW_CASSPKGGGLSSYEQYF;CALSLWNSGNTPLVF_CASSDGTGAYEQYF;CVEEDYGGSQGNLIF_CASSTLPPTANYGYTF;CAFMKPVDGGSQGNLIF_CASSSWAQGAGETQYF;CAVMDSSYKLIF_CASSDSASGGYNEQFF;CAVRFISGGYNKLIF_CASSVSDLVSGEQYF;NA_CASSDSKQGSSGANVLTF;CAVLDSNYQLIW_CSAAGLTSSYNEQFF;CVVNWGGKLIF_CASSLGGGGQETQYF;NA_CASSQDGITSGANVLTF;CATDVSDGQKLLF_CASSIKGGLYNEQFF;CAVRDGDYKLSF_CASSDSGSGGGEQFF;NA_CASSYSAAHTGELFF;CAVLDSNYQLIW_CASSPHGQGHNTGELFF;CAGRGGGADGLTF_CASSQDRQGRNYGYTF;NA_CSARNPNMNTEAFF;CALSDSWGKLQF_CASRHGLAGTDTQYF;CAVLDSNYQLIW_CASSDTSGTDTQYF;CALSAGRDDKIIF_CASSLPSYEQYF;CAVRDSDYKLSF_CASSDSSGSGTDTQYF;CAANDNDMRF_CASSLDFRRPQAGYTF;CAASWGYGNKLVF_CASGGEGSGKGNEQFF;CVVSEGGYQKVTF_CASSFGTDTQYF;CASNTGKLIF_CSARASQDWAEAFF;CGGSGNTGKLIF_CASSQGVVIGTGGYEQYF	9	9	NA_CASSFTRMNTEAFF;CAVTLSYNTDKLIF_CASRTRSYGVIQQETQYF;CGTDGEDGGSQGNLIF_CASTEVWGSTYEQYF;CVVKVGGGNDYKLSF_CASRDGSSYNSPLHF;NA_CASGGGNTIYF;NA_CASSLTGTGGNQPQHF;CALGFPNTGNQFYF_CASSDRSVLNTEAFF;CVVTYTSGTYKYIF_CASSPLKDEKLFF;CAVGNGQKLLF_NA	0	NA
5	51	CAVMDSNYQLIW_CASRTSGDTGELFF;CAVMDSSYKLIF_CASSQDPGSGANVLTF;CAASGGAQKLVF_CASSYFPGGTGEQFF;CAVMDSNYQLIW_CSARDPGQGASPLHF;CAVRDSNYQLIW_CASSYGTSTDTQYF;CICRSWGKLQF_CASSLGAPTEAFF;NA_CASNPRQGVDYEQYF;CAVMDSSYKLIF_CASSETSGSTDTQYF;CAVMDSNYQLIW_CASSETSGRATDTQYF;CALRADQKVTF_CASSVGQASPLHF;CAVSGGTSGSRLTF_CASSQEGDGYNEQFF;CATDDKSTF_CATLTSSGELFF;CAGRDSNYQLIW_CASSQEGGGAYNEQFF;NA_CASSDSKQGSSGANVLTF;CVFMDSNYQLIW_CATSSGTDYNEQFF;CAYRTYKYIF_CASNLGGGMNTEAFF;CAVIRRPGGSYIPTF_CASSMVAANTDTQYF;CAVMDSNYQLIW_CSARAGDTEAFF;CAALDSNYQLIW_CASSYSPDRYNEQFF;CAVEGGTSYGKLTF_CASSLDLEKLFF;CAVMDSNYQLIW_CASSYSGTGGYEQYF;CAVMDSNYQLIW_CASSQGGTGVEKLFF;CAVNTGAGNQFYF_CASSVASGGKGYTF;CAARDTTSGTYKYIF_CASSPSRRGKETQYF;CAVSETGGGNKLTF_CASSLALARSTDTQYF;CAVMDSNYQLIW_CASSDELAGGDEQFF;CLVGDSHGYQLIW_CASSPKGGGLSSYEQYF;CALSLWNSGNTPLVF_CASSDGTGAYEQYF;CVEEDYGGSQGNLIF_CASSTLPPTANYGYTF;CAFMKPVDGGSQGNLIF_CASSSWAQGAGETQYF;CAVMDSSYKLIF_CASSDSASGGYNEQFF;CAVRFISGGYNKLIF_CASSVSDLVSGEQYF;NA_CASSDSKQGSSGANVLTF;CAVLDSNYQLIW_CSAAGLTSSYNEQFF;CVVNWGGKLIF_CASSLGGGGQETQYF;NA_CASSQDGITSGANVLTF;CATDVSDGQKLLF_CASSIKGGLYNEQFF;CAVRDGDYKLSF_CASSDSGSGGGEQFF;NA_CASSYSAAHTGELFF;CAVLDSNYQLIW_CASSPHGQGHNTGELFF;CAGRGGGADGLTF_CASSQDRQGRNYGYTF;NA_CSARNPNMNTEAFF;CALSDSWGKLQF_CASRHGLAGTDTQYF;CAVLDSNYQLIW_CASSDTSGTDTQYF;CALSAGRDDKIIF_CASSLPSYEQYF;CAVRDSDYKLSF_CASSDSSGSGTDTQYF;CAANDNDMRF_CASSLDFRRPQAGYTF;CAASWGYGNKLVF_CASGGEGSGKGNEQFF;CVVSEGGYQKVTF_CASSFGTDTQYF;CASNTGKLIF_CSARASQDWAEAFF;CGGSGNTGKLIF_CASSQGVVIGTGGYEQYF	10	19	CAVRREETSGSRLTF_CASSLSQGPGELFF;NA_CASSLGGQETQYF;CAATGGGNKLTF_CASSLANRGSGNTIYF;CAVRSTYNFNKFYF_CASSQNSGASSGANVLTF;CAHNQAGTALIF_CASSWDGTTTNYGYTF;CAEMNQAGTALIF_CASSSGGTGDTQYF;CAVRPGTGRRALTF_CASSSPTGTNTGELFF;CAVNSNSGYALNF_CASSLPRTINEQFF;CAVGAQRPLVF_CASSPQEASYNEQFF;CAVVIASGSRLTF_CASSLGGIRNTIYF;CAVIKGAQKLVF_CASSSFGQGGYEQYF;CALSEGGKLIF_CASSLGYGYTF;CAELRSSNTGKLIF_CASSSRAGTGGVQQYF;CIVRGANAGGTSYGKLTF_CASSLQFGGAPMNTEAFF;CGTGTDSWGKLQF_CASSRTGTGVNEQFF;CAASGVGGNEKLTF_CASSLGRRQYF;CVVNGQKLLF_CASRKRDGNTEAFF;CAVEGRDGGTSYGKLTF_CASSLGASGYYEQYF;CAVRDLGLEKSGGSYIPTF_CASSLALPQFF	0	NA
5	51	CAVMDSNYQLIW_CASRTSGDTGELFF;CAVMDSSYKLIF_CASSQDPGSGANVLTF;CAASGGAQKLVF_CASSYFPGGTGEQFF;CAVMDSNYQLIW_CSARDPGQGASPLHF;CAVRDSNYQLIW_CASSYGTSTDTQYF;CICRSWGKLQF_CASSLGAPTEAFF;NA_CASNPRQGVDYEQYF;CAVMDSSYKLIF_CASSETSGSTDTQYF;CAVMDSNYQLIW_CASSETSGRATDTQYF;CALRADQKVTF_CASSVGQASPLHF;CAVSGGTSGSRLTF_CASSQEGDGYNEQFF;CATDDKSTF_CATLTSSGELFF;CAGRDSNYQLIW_CASSQEGGGAYNEQFF;NA_CASSDSKQGSSGANVLTF;CVFMDSNYQLIW_CATSSGTDYNEQFF;CAYRTYKYIF_CASNLGGGMNTEAFF;CAVIRRPGGSYIPTF_CASSMVAANTDTQYF;CAVMDSNYQLIW_CSARAGDTEAFF;CAALDSNYQLIW_CASSYSPDRYNEQFF;CAVEGGTSYGKLTF_CASSLDLEKLFF;CAVMDSNYQLIW_CASSYSGTGGYEQYF;CAVMDSNYQLIW_CASSQGGTGVEKLFF;CAVNTGAGNQFYF_CASSVASGGKGYTF;CAARDTTSGTYKYIF_CASSPSRRGKETQYF;CAVSETGGGNKLTF_CASSLALARSTDTQYF;CAVMDSNYQLIW_CASSDELAGGDEQFF;CLVGDSHGYQLIW_CASSPKGGGLSSYEQYF;CALSLWNSGNTPLVF_CASSDGTGAYEQYF;CVEEDYGGSQGNLIF_CASSTLPPTANYGYTF;CAFMKPVDGGSQGNLIF_CASSSWAQGAGETQYF;CAVMDSSYKLIF_CASSDSASGGYNEQFF;CAVRFISGGYNKLIF_CASSVSDLVSGEQYF;NA_CASSDSKQGSSGANVLTF;CAVLDSNYQLIW_CSAAGLTSSYNEQFF;CVVNWGGKLIF_CASSLGGGGQETQYF;NA_CASSQDGITSGANVLTF;CATDVSDGQKLLF_CASSIKGGLYNEQFF;CAVRDGDYKLSF_CASSDSGSGGGEQFF;NA_CASSYSAAHTGELFF;CAVLDSNYQLIW_CASSPHGQGHNTGELFF;CAGRGGGADGLTF_CASSQDRQGRNYGYTF;NA_CSARNPNMNTEAFF;CALSDSWGKLQF_CASRHGLAGTDTQYF;CAVLDSNYQLIW_CASSDTSGTDTQYF;CALSAGRDDKIIF_CASSLPSYEQYF;CAVRDSDYKLSF_CASSDSSGSGTDTQYF;CAANDNDMRF_CASSLDFRRPQAGYTF;CAASWGYGNKLVF_CASGGEGSGKGNEQFF;CVVSEGGYQKVTF_CASSFGTDTQYF;CASNTGKLIF_CSARASQDWAEAFF;CGGSGNTGKLIF_CASSQGVVIGTGGYEQYF	11	13	CALSEAWAEKLVF_CASSLGEGLQETQYF;NA_CASGPTGGSTYNSPLHF;CAYRATGNQFYF_CASRVQGALTDTQYF;CAVVYSGAGSYQLTF_CASSVAGSSYEQYF;CAVPYNTDKLIF_CASSLSRANEQYF;CIVRVATDKLIF_CASSQFLAGEENEQFF;CAMSAGNQAGTALIF_CASSPRGNEQYF;CAVSPKETSGSRLTF_CASSLRGGTGYSGELFF;CAYRSGVRAGTASKLTF_CASSLKGLVAEAFF;CAVKGGSYIPTF_CASSVTGLSSYEQYF;CAANLLNSNARLMF_CASSLLTQGSEQYF;CAMRDVASGGSYIPTF_CASSLEGLWNQETQYF;CAAGRGSGTYKYIF_CASSLLGGENTEAFF	0	NA
5	51	CAVMDSNYQLIW_CASRTSGDTGELFF;CAVMDSSYKLIF_CASSQDPGSGANVLTF;CAASGGAQKLVF_CASSYFPGGTGEQFF;CAVMDSNYQLIW_CSARDPGQGASPLHF;CAVRDSNYQLIW_CASSYGTSTDTQYF;CICRSWGKLQF_CASSLGAPTEAFF;NA_CASNPRQGVDYEQYF;CAVMDSSYKLIF_CASSETSGSTDTQYF;CAVMDSNYQLIW_CASSETSGRATDTQYF;CALRADQKVTF_CASSVGQASPLHF;CAVSGGTSGSRLTF_CASSQEGDGYNEQFF;CATDDKSTF_CATLTSSGELFF;CAGRDSNYQLIW_CASSQEGGGAYNEQFF;NA_CASSDSKQGSSGANVLTF;CVFMDSNYQLIW_CATSSGTDYNEQFF;CAYRTYKYIF_CASNLGGGMNTEAFF;CAVIRRPGGSYIPTF_CASSMVAANTDTQYF;CAVMDSNYQLIW_CSARAGDTEAFF;CAALDSNYQLIW_CASSYSPDRYNEQFF;CAVEGGTSYGKLTF_CASSLDLEKLFF;CAVMDSNYQLIW_CASSYSGTGGYEQYF;CAVMDSNYQLIW_CASSQGGTGVEKLFF;CAVNTGAGNQFYF_CASSVASGGKGYTF;CAARDTTSGTYKYIF_CASSPSRRGKETQYF;CAVSETGGGNKLTF_CASSLALARSTDTQYF;CAVMDSNYQLIW_CASSDELAGGDEQFF;CLVGDSHGYQLIW_CASSPKGGGLSSYEQYF;CALSLWNSGNTPLVF_CASSDGTGAYEQYF;CVEEDYGGSQGNLIF_CASSTLPPTANYGYTF;CAFMKPVDGGSQGNLIF_CASSSWAQGAGETQYF;CAVMDSSYKLIF_CASSDSASGGYNEQFF;CAVRFISGGYNKLIF_CASSVSDLVSGEQYF;NA_CASSDSKQGSSGANVLTF;CAVLDSNYQLIW_CSAAGLTSSYNEQFF;CVVNWGGKLIF_CASSLGGGGQETQYF;NA_CASSQDGITSGANVLTF;CATDVSDGQKLLF_CASSIKGGLYNEQFF;CAVRDGDYKLSF_CASSDSGSGGGEQFF;NA_CASSYSAAHTGELFF;CAVLDSNYQLIW_CASSPHGQGHNTGELFF;CAGRGGGADGLTF_CASSQDRQGRNYGYTF;NA_CSARNPNMNTEAFF;CALSDSWGKLQF_CASRHGLAGTDTQYF;CAVLDSNYQLIW_CASSDTSGTDTQYF;CALSAGRDDKIIF_CASSLPSYEQYF;CAVRDSDYKLSF_CASSDSSGSGTDTQYF;CAANDNDMRF_CASSLDFRRPQAGYTF;CAASWGYGNKLVF_CASGGEGSGKGNEQFF;CVVSEGGYQKVTF_CASSFGTDTQYF;CASNTGKLIF_CSARASQDWAEAFF;CGGSGNTGKLIF_CASSQGVVIGTGGYEQYF	12	13	CALSGNTDKLIF_CASSSRVGGLREQYF;CAAPNAGGTSYGKLTF_CASSSGLLGRAEPQHF;CAVRLDSNYQLIW_CASSLAGQRPAFF;CALPNMDTGRRALTF_CASTYDSSPQYF;CCEDDSWGKLQF_CASSLTANTGELFF;NA_CASRESHLNEKLFF;CAVKSEWTSYDKVIF_CASSFGETQYF;CVVNIGYSSASKIIF_CASSRAQGDTEAFF;NA_CASRGTGGAFNYGYTF;CAFMNRDDKIIF_CASSLTPSSRANTGELFF;CAVQRGSGNTGKLIF_CASSPGPRATEAFF;CIVRVRMNTGFQKLVF_CASSPRDRGYEQYF;CAPRDTGRRALTF_CASSSRDGLYGYTF	0	NA
5	51	CAVMDSNYQLIW_CASRTSGDTGELFF;CAVMDSSYKLIF_CASSQDPGSGANVLTF;CAASGGAQKLVF_CASSYFPGGTGEQFF;CAVMDSNYQLIW_CSARDPGQGASPLHF;CAVRDSNYQLIW_CASSYGTSTDTQYF;CICRSWGKLQF_CASSLGAPTEAFF;NA_CASNPRQGVDYEQYF;CAVMDSSYKLIF_CASSETSGSTDTQYF;CAVMDSNYQLIW_CASSETSGRATDTQYF;CALRADQKVTF_CASSVGQASPLHF;CAVSGGTSGSRLTF_CASSQEGDGYNEQFF;CATDDKSTF_CATLTSSGELFF;CAGRDSNYQLIW_CASSQEGGGAYNEQFF;NA_CASSDSKQGSSGANVLTF;CVFMDSNYQLIW_CATSSGTDYNEQFF;CAYRTYKYIF_CASNLGGGMNTEAFF;CAVIRRPGGSYIPTF_CASSMVAANTDTQYF;CAVMDSNYQLIW_CSARAGDTEAFF;CAALDSNYQLIW_CASSYSPDRYNEQFF;CAVEGGTSYGKLTF_CASSLDLEKLFF;CAVMDSNYQLIW_CASSYSGTGGYEQYF;CAVMDSNYQLIW_CASSQGGTGVEKLFF;CAVNTGAGNQFYF_CASSVASGGKGYTF;CAARDTTSGTYKYIF_CASSPSRRGKETQYF;CAVSETGGGNKLTF_CASSLALARSTDTQYF;CAVMDSNYQLIW_CASSDELAGGDEQFF;CLVGDSHGYQLIW_CASSPKGGGLSSYEQYF;CALSLWNSGNTPLVF_CASSDGTGAYEQYF;CVEEDYGGSQGNLIF_CASSTLPPTANYGYTF;CAFMKPVDGGSQGNLIF_CASSSWAQGAGETQYF;CAVMDSSYKLIF_CASSDSASGGYNEQFF;CAVRFISGGYNKLIF_CASSVSDLVSGEQYF;NA_CASSDSKQGSSGANVLTF;CAVLDSNYQLIW_CSAAGLTSSYNEQFF;CVVNWGGKLIF_CASSLGGGGQETQYF;NA_CASSQDGITSGANVLTF;CATDVSDGQKLLF_CASSIKGGLYNEQFF;CAVRDGDYKLSF_CASSDSGSGGGEQFF;NA_CASSYSAAHTGELFF;CAVLDSNYQLIW_CASSPHGQGHNTGELFF;CAGRGGGADGLTF_CASSQDRQGRNYGYTF;NA_CSARNPNMNTEAFF;CALSDSWGKLQF_CASRHGLAGTDTQYF;CAVLDSNYQLIW_CASSDTSGTDTQYF;CALSAGRDDKIIF_CASSLPSYEQYF;CAVRDSDYKLSF_CASSDSSGSGTDTQYF;CAANDNDMRF_CASSLDFRRPQAGYTF;CAASWGYGNKLVF_CASGGEGSGKGNEQFF;CVVSEGGYQKVTF_CASSFGTDTQYF;CASNTGKLIF_CSARASQDWAEAFF;CGGSGNTGKLIF_CASSQGVVIGTGGYEQYF	15	9	CAVNARSSASKIIF_CASSQDGGDRALPFYNEQFF;CAERSGGYQKVTF_CASSQTSTGAYGYTF;CAGDNAGNMLTF_CASSQVYRDTQYF;CAVEHNFNKFYF_CASSQSWAGQAHPEAFF;CAVRGSLGGTSYGKLTF_CASSGTGGRTEAFF;CAVNYGQNFVF_CASRPWTGEETQYF;CAGQRYGQNFVF_CASSQGVPGDSYTDTQYF;CVVRRQTGFQKLVF_CASSQDQRGPYNEQFF;CAVIGGGADGLTF_CASSQLGGVTDTQYF	0	NA
5	51	CAVMDSNYQLIW_CASRTSGDTGELFF;CAVMDSSYKLIF_CASSQDPGSGANVLTF;CAASGGAQKLVF_CASSYFPGGTGEQFF;CAVMDSNYQLIW_CSARDPGQGASPLHF;CAVRDSNYQLIW_CASSYGTSTDTQYF;CICRSWGKLQF_CASSLGAPTEAFF;NA_CASNPRQGVDYEQYF;CAVMDSSYKLIF_CASSETSGSTDTQYF;CAVMDSNYQLIW_CASSETSGRATDTQYF;CALRADQKVTF_CASSVGQASPLHF;CAVSGGTSGSRLTF_CASSQEGDGYNEQFF;CATDDKSTF_CATLTSSGELFF;CAGRDSNYQLIW_CASSQEGGGAYNEQFF;NA_CASSDSKQGSSGANVLTF;CVFMDSNYQLIW_CATSSGTDYNEQFF;CAYRTYKYIF_CASNLGGGMNTEAFF;CAVIRRPGGSYIPTF_CASSMVAANTDTQYF;CAVMDSNYQLIW_CSARAGDTEAFF;CAALDSNYQLIW_CASSYSPDRYNEQFF;CAVEGGTSYGKLTF_CASSLDLEKLFF;CAVMDSNYQLIW_CASSYSGTGGYEQYF;CAVMDSNYQLIW_CASSQGGTGVEKLFF;CAVNTGAGNQFYF_CASSVASGGKGYTF;CAARDTTSGTYKYIF_CASSPSRRGKETQYF;CAVSETGGGNKLTF_CASSLALARSTDTQYF;CAVMDSNYQLIW_CASSDELAGGDEQFF;CLVGDSHGYQLIW_CASSPKGGGLSSYEQYF;CALSLWNSGNTPLVF_CASSDGTGAYEQYF;CVEEDYGGSQGNLIF_CASSTLPPTANYGYTF;CAFMKPVDGGSQGNLIF_CASSSWAQGAGETQYF;CAVMDSSYKLIF_CASSDSASGGYNEQFF;CAVRFISGGYNKLIF_CASSVSDLVSGEQYF;NA_CASSDSKQGSSGANVLTF;CAVLDSNYQLIW_CSAAGLTSSYNEQFF;CVVNWGGKLIF_CASSLGGGGQETQYF;NA_CASSQDGITSGANVLTF;CATDVSDGQKLLF_CASSIKGGLYNEQFF;CAVRDGDYKLSF_CASSDSGSGGGEQFF;NA_CASSYSAAHTGELFF;CAVLDSNYQLIW_CASSPHGQGHNTGELFF;CAGRGGGADGLTF_CASSQDRQGRNYGYTF;NA_CSARNPNMNTEAFF;CALSDSWGKLQF_CASRHGLAGTDTQYF;CAVLDSNYQLIW_CASSDTSGTDTQYF;CALSAGRDDKIIF_CASSLPSYEQYF;CAVRDSDYKLSF_CASSDSSGSGTDTQYF;CAANDNDMRF_CASSLDFRRPQAGYTF;CAASWGYGNKLVF_CASGGEGSGKGNEQFF;CVVSEGGYQKVTF_CASSFGTDTQYF;CASNTGKLIF_CSARASQDWAEAFF;CGGSGNTGKLIF_CASSQGVVIGTGGYEQYF	24	38	CAFANDYKLSF_CSARETGVSYEQYF;CAEMDSSYKLIF_CSADKDGQNTEAFF;CIVRARPGNAQKLVF_CSAPGAYEQYF;CARSNDYKLSF_CSARQGARNSPLHF;CAASAYGGSQGNLIF_CSAADRRFNQPQHF;CATVPNSGGYQKVTF_CSARGPRQGLQNTEAFF;CASSLGDYKLSF_CSASRQANSPLHF;CAVRDRSGNTGKLIF_CSASRTGGSYEQYF;CAEILGHILTGGGNKLTF_CSAQSRGRLMETQYF;CAARPWETSGSRLTF_CSATDYSPEQFF;CATDATGGFKTIF_CSASPPRTAIYEQYF;CAAPPSFGNQFYF_CSAQTVLYGYTF;CIPGDFGNEKLTF_CSATGLAASPYEQYF;CAVGPNQAGTALIF_CSAPTGTGGGTEAFF;CAVSDRGYQKVTF_CSAPASGLGEQFF;CAGQIIQGAQKLVF_CSAREGYWGSNQPQHF;CAENSGGYQKVTF_CSALYDLGLGNTIYF;CAEIVGYSTLTF_CSAREGSPLHF;CAESIGGSSASKIIF_CSARNGGEAFF;NA_CSAPDGYEQYF;CALGGSGGSNYKLTF_CSARVQGLNYGYTF;CIVRVAGGNAGNMLTF_CSAADLRNEQFF;CAASSRSGGGADGLTF_CSANGGDGYTF;CAVRDEAAGNKLTF_CSARIRGLETQYF;CAVRGYQKVTF_CSALWLRVEDEQFF;CAVSDVGTSGSRLTF_CSAHLLSGGNRRETQYF;CALSADRGSTLGRLYF_CSAPRVRNIQYF;CAASENTGTASKLTF_CSAGGLAGVRNEQFF;CAVRDNYGQNFVF_CSASKTSEQYF;CVVSAPNEKLTF_CSATPGGQETQYF;CVVNTGFQKLVF_CSAHGGGNSGNTIYF;CILRVPGNQFYF_CSARDRYSLNEKLFF;CAVGARGGGADGLTF_CSAPQGFSNQPQHF;CAVRAVRNNNDMRF_CSARGGGPGNTIYF;CAVGESSSNTGKLIF_CSALGENTEAFF;CAVQAQVDGGATNKLIF_CSARDRDRVKNIQYF;CAVSVRAAGNKLTF_CSARDPRPGGGIFRDEQFF;CAVEIGGGKLIF_CSAREGGTGGYEQYF	0	NA
7	1	CALRDMEYGNKLVF_CSVINRGQTEAFF	5	51	CAVMDSNYQLIW_CASRTSGDTGELFF;CAVMDSSYKLIF_CASSQDPGSGANVLTF;CAASGGAQKLVF_CASSYFPGGTGEQFF;CAVMDSNYQLIW_CSARDPGQGASPLHF;CAVRDSNYQLIW_CASSYGTSTDTQYF;CICRSWGKLQF_CASSLGAPTEAFF;NA_CASNPRQGVDYEQYF;CAVMDSSYKLIF_CASSETSGSTDTQYF;CAVMDSNYQLIW_CASSETSGRATDTQYF;CALRADQKVTF_CASSVGQASPLHF;CAVSGGTSGSRLTF_CASSQEGDGYNEQFF;CATDDKSTF_CATLTSSGELFF;CAGRDSNYQLIW_CASSQEGGGAYNEQFF;NA_CASSDSKQGSSGANVLTF;CVFMDSNYQLIW_CATSSGTDYNEQFF;CAYRTYKYIF_CASNLGGGMNTEAFF;CAVIRRPGGSYIPTF_CASSMVAANTDTQYF;CAVMDSNYQLIW_CSARAGDTEAFF;CAALDSNYQLIW_CASSYSPDRYNEQFF;CAVEGGTSYGKLTF_CASSLDLEKLFF;CAVMDSNYQLIW_CASSYSGTGGYEQYF;CAVMDSNYQLIW_CASSQGGTGVEKLFF;CAVNTGAGNQFYF_CASSVASGGKGYTF;CAARDTTSGTYKYIF_CASSPSRRGKETQYF;CAVSETGGGNKLTF_CASSLALARSTDTQYF;CAVMDSNYQLIW_CASSDELAGGDEQFF;CLVGDSHGYQLIW_CASSPKGGGLSSYEQYF;CALSLWNSGNTPLVF_CASSDGTGAYEQYF;CVEEDYGGSQGNLIF_CASSTLPPTANYGYTF;CAFMKPVDGGSQGNLIF_CASSSWAQGAGETQYF;CAVMDSSYKLIF_CASSDSASGGYNEQFF;CAVRFISGGYNKLIF_CASSVSDLVSGEQYF;NA_CASSDSKQGSSGANVLTF;CAVLDSNYQLIW_CSAAGLTSSYNEQFF;CVVNWGGKLIF_CASSLGGGGQETQYF;NA_CASSQDGITSGANVLTF;CATDVSDGQKLLF_CASSIKGGLYNEQFF;CAVRDGDYKLSF_CASSDSGSGGGEQFF;NA_CASSYSAAHTGELFF;CAVLDSNYQLIW_CASSPHGQGHNTGELFF;CAGRGGGADGLTF_CASSQDRQGRNYGYTF;NA_CSARNPNMNTEAFF;CALSDSWGKLQF_CASRHGLAGTDTQYF;CAVLDSNYQLIW_CASSDTSGTDTQYF;CALSAGRDDKIIF_CASSLPSYEQYF;CAVRDSDYKLSF_CASSDSSGSGTDTQYF;CAANDNDMRF_CASSLDFRRPQAGYTF;CAASWGYGNKLVF_CASGGEGSGKGNEQFF;CVVSEGGYQKVTF_CASSFGTDTQYF;CASNTGKLIF_CSARASQDWAEAFF;CGGSGNTGKLIF_CASSQGVVIGTGGYEQYF	0	NA
7	1	CALRDMEYGNKLVF_CSVINRGQTEAFF	8	228	CALRPSGGSNYKLTF_CASSQARDSLEQYF;CALSEADRGSTLGRLYF_CASSPGRGRRNTEAFF;CAVINSGGYQKVTF_CASSSDRGRGIEAFF;CAASMSGNTGKLIF_CASTPLGTGVTEAFF;CAVRSSSGGGADGLTF_CASVNRGSTEAFF;CAALLNARLMF_CASTGGTPDTQYF;CAVQAGRETSGSRLTF_CASKRAGASYGYTF;CAVGGSNDYKLSF_CASSGGQSSTGELFF;NA_CASSTTGTKDMVWGEQYF;NA_CASSLEAQAFGTEAFF;CAVSGGGSYIPTF_CASSLRDREGGEQYF;CAVNTGGFKTIF_CASTIGLAGGRDEQFF;CAVGLHSNYQLIW_CAITGFRDQPQHF;CAASTWAGGFKTIF_CASSPTGQADTEAFF;CAFTLNFGNEKLTF_CASRGGGTGGSLSGYTF;CALRLLFTGNQFYF_CASSLKGQGNEQFF;CGAATVGNQFYF_CASSLLASSYNEQFF;CAALGGATNKLIF_CATSRWPGVNTEAFF;CAEIGGSYIPTF_CAWGDSSTDTQYF;CAVRGVNFGNEKLTF_CASSQGQQYEQYF;CAVGGGAQKLVF_CASSSFYNSPLHF;CAVTRLYSSASKIIF_CASSLVLSGGEYEQYF;CAASRGNQGGKLIF_CATSGRGADYQETQYF;NA_CASRAGRTSPLHF;CAVSSGGSYIPTF_CASSQPRGETYEQYF;CVVSETGGFKTIF_CASSRTGSTTEAFF;CAEKASRGATNKLIF_CASRRTMNTEAFF;CAPSSGGYNKLIF_CSVEQGSTEAFF;CAFYGGSQGNLIF_CASSLVGVDNSPLHF;CAGGDSWGKLQF_CASSQEDGTYEQYF;CAVTTSGTYKYIF_CASSTQRTANYGYTF;CAGRYDFNKFYF_CASSVSSRNTEAFF;CAGYNFNKFYF_CASSPGTAYGYTF;CAARDQKVTF_CASSRQDYNSPLHF;CAESMEYGQNFVF_CASSPGQLNSPLHF;CATRYRVYSGGGADGLTF_CASSYKLAGDTYEQYF;NA_CASSAHGSYRATDTQYF;CAVMGTGGFKTIF_CASSEDRGIAKNIQYF;CAADPSSGSARQLTF_CASSFLQGPLIEETQYF;CAVTMIKAAGNKLTF_CASSLPTGGHMNTEAFF;CAVRTGTSGAQKLVF_CASSQPGALNTEAFF;CAVSDAAAGNKLTF_CASSYSSRHGYTF;CAFNLGATNKLIF_CASTLDRLGNSPLHF;CIVRVAGGGADGLTF_CASSWSGGVTGELFF;CGDKLIF_CASSPGLRTGELFF;CAGRDNYGQNFVF_CASSPRATGELFF;CAGGEAGKSTF_CASSLAYRGEKLFF;CALEGDMRF_CAISFREQETQYF;CVVSELRRALTF_CSVERNNEQFF;CAVTTTDSWGKFQF_CASSYSGQLNTEAFF;CASRNQAGTALIF_CASSPLGAEGSNQPQHF;CAGAPSGTYKYIF_CASSILAATSEQYF;CAMSGDTGGFKTIF_CATSDSGTREDTQYF;NA_CASSQEGSEDSISTLYGYTF;CAASDSGGSQGNLIF_CASSESWASNSPLHF;NA_CASTPLPPGQSPLHF;CAEIANFNKFYF_CSARDLDGYGYTF;CAVNIYYGNNRLAF_CASGLGGQGLREQYF;NA_CASNDEITNEKLFF;CAVQGAQKLVF_CASSSPTGLGYGYTF;CAVKAAGNKLTF_CASSLKLQGAPAF;CAVRDRGTGGFKTIF_CASGFPEGEQYF;CAESIDGATNKLIF_CSVPKEDMYVDEQFF;CAVSEPSGSARQLTF_CASSDRPGNTIYF;CALYMDTGRRALTF_CASSQPDETQYF;CAALYYGNNRLAF_CASSEVTGLADEQYF;CALSDPVNTGNQFYF_CASRPGTGRRSNQPQHF;CAVSANNNDMRF_CASSLAPRHTGELFF;CAVRGGMTGYSTLTF_CASSLTGGQGTFSTDTQYF;CAVVGGTSYGKLTF_CASSRSEGARPLHF;CAVVGVSGGYNKLIF_CASSDRQGAYTEAFF;CVVSADQAGTALIF_CASSEERSYEQYF;CIVRVDTNAGKSTF_CATSDFPHNEQFF;CASQNRDDKIIF_CASSYSAYEQYF;CVVTRGGGGKLIF_CASSLGLGTLSYEQYF;CAGQTSGTYKYIF_CASSRQGTGANVLTF;CALGSGSNYQLIW_CASSQRGQGVGNEQFF;CAVSASNTGGFKTIF_CAWSVQGGPHNEQFF;CAVSSLSGGYNKLIF_CASSWDRGRVHNEQFF;CAVFPGGTSYGKLTF_CASSPRGPTDTQYF;CAAQDPMEYGNKLVF_CASSYSALRRDTQYF;NA_CASSPGQANEQFF;CAAGRGNTPLVF_CASSVDSVGELFF;NA_CATSPGISSYNEQFF;CAVSSIDNFNKFYF_CASSSPSGGSYEQYF;CGIQGAQKLVF_CASSLTRTEAFF;CAMSSLMDTGRRALTF_CASSPRDTPTDTQYF;CALMDSNYQLIW_CASSNPGPVQETQYF;CAVALSNRDDKIIF_CASSEYYRGHEQYF;CAYQGDYGGSQGNLIF_CASSYSSGDQPQHF;CVVRSTDSWGKLQF_CATSDGDSYYNEQFF;CAASAQGGSEKLVF_CASSASSYNSPLHF;NA_CASSHTSVGPGANVLTF;NA_CSRFMDSGSSYEQYF;CAASANAGNMLTF_CASSLRYNEQFF;CAVNVGRAAGNKLTF_CASSLGDRDDEQFF;NA_CASSNTGTGNTEAFF;CAGLGGSNYKLTF_NA;CVVTGTTSGTYKYIF_CASSYSGEQYF;CAVGSNDYKLSF_CASSVYQETQYF;CAVYNDMRF_CASSVNKKSETPNTEAFF;NA_CASGFPDTQYF;CAPLRTTSGTYKYIF_CASSTRTGMREKLFF;CAASQGSNYQLIW_CASSEGGRGIYEQYF;CAFMKHHMFSGAGSYQLTF_NA;NA_CATSDTMSGRDRNEQFF;CATGLSGGSYIPTF_CASSYAVPNTEAFF;NA_CASNQGSSNQPQHF;NA_CASSSYPTGEKLFF;CVVTPFSGGYNKLIF_CASSGAGAYNEQFF;CAVRGGGNTPLVF_CASTPGYRLNTEAFF;CAARAAWVPQSRTGRRALTF_CASLGVGNTEAFF;CAVRDPSNDYKLSF_CASRREAGNQPQHF;CAGQGGNQGGKLIF_CATSRDQKNIQYF;CAVIRSGGSNYKLTF_CASSLVGDRENEQFF;NA_CASSQDYPGQVNYEQYF;CAVNMNRDDKIIF_CASSVAAVNEKLFF;CAVNAPSGGNKLVF_CASRERDGYTGELFF;NA_CASSFKGLNTEAFF;NA_CASSLSWGRGKNQPQHF;CAMREFNTGGFKTIF_CASRPTGSENQPQHF;CALEDNARLMF_CASRRQGARNTEAFF;NA_CASSQGQGISNQPQHF;CAVRVRNTDKLIF_NA;CILRDATSGTYKYIF_CASGTGDQETQYF;NA_CASSFSGRFEQFF;CAVRDRGFKTIF_CASSLGGNHEQYF;CAALSGGSNYKLTF_CASSMAVLDEQYF;CAVGALTGGGADGLTF_CASSRGGLGTDTQYF;CATDDQAGTALIF_CATSVGSGTFYEQYF;CAARIVFAGSYQLTF_CASSNPKTANYGYTF;CAVQGYDNFNKFYF_CASSRELGSPLHF;CAVNRSNDYKLSF_CASRRARGEKLFF;CAVSEDTGGFKTIF_CASSSTDRAGKAFF;CAVNSNNFNKFYF_CASSPSGRETQYF;CALDMGSNYQLIW_CASSGSQGKGYYGYTF;CALGPSYSGAGSYQLTF_CASSLEVNTEAFF;CAARTSGAGSYQLTF_CASRHGGSSYNEQFF;CVVNWDTGNQFYF_CASSRPLNLNYGYTF;CAGDTGGFKTIF_CASRSGLLDNEKLFF;CAVASGAGSYQLTF_CAWSVGGTGDTQYF;NA_CASTIGMGNQPQHF;CAGRGSGTYKYIF_CATSSPTSESYEQYF;CVVNGEGFQKLVF_CASSLGGFNGELFF;CAASESAGNKLTF_CASSLYRGNSYNEQFF;CAERTPGFQKLVF_CASEGVISYEQYF;CAVTGDTGNQFYF_CASSRGQGAYEQYF;CAASNTGTASKLTF_NA;CAVGAEAAGNKLTF_CASSQDINKPNYGYTF;CAPPSPGGSTLGRLYF_CASSESRSQTYGYTF;CAVNSWTGTASKLTF_CASSLAGGRYDTQYF;CAPKDTDGQKLLF_CASSLDSREQFF;NA_CASSPSRAEQFF;CAVSDRGNTPLVF_CASSLTPRGQETQYF;CAAAEGSNYQLIW_CATTDGRDEQFF;CIPAPLGFGNVLHC_CASSFTTGANVLTF;CAKYNFNKFYF_CASSRLAGTDTQYF;CAVSDQGGKLIF_CASSSTALTEAFF;CVVSRYSGGGADGLTF_CASSINGGRKDEQFF;CAAIETSGSRLTF_CASSPSDRVNSPLHF;CAVIPRNNNDMRF_CASSVHTEAFF;CAVESDSGGGADGLTF_CASSFLGGAYEQYF;CVVSAGPYGGSQGNLIF_CASSPPGGPLHF;CIVPRAGNMLTF_CASSQEPTGDYWFYEQYF;CATAEAGNNRKLIW_CSVEFGVATEAFF;CAEILQGGKLIF_CASSAALTEAFF;CVVNIPLKGFKTIF_CASRPSWGSNEQFF;CAGYNYGQNFVF_CAIRGTSNEKLFF;CAFGTGTYKYIF_CASSQDLGHGETQYF;CAANNNAGNMLTF_CSVERGSSYNEQFF;CALSDRDFGNEKLTF_CASRPRRDRGTQYF;CAVNAAGGYNKLIF_CATSDGSTDTQYF;NA_CASSFQGAGSYGYTF;NA_CASSPLTGAPIQVAKNIQYF;NA_CASSFFGIDTEAFF;CAVSGPQGGSEKLVF_CASSLTGTSGGFEQYF;CAVSPAVGHTGFQKLVF_CASRPFRESSYNEQFF;CAFITGTASKLTF_CASRRASGATYEQYF;CILRVAGGTSYGKLTF_CASSPPGLAGVIEQFF;CAVPSGSRLTF_CASSPHIANTGELFF;CAAPLSGGYNKLIF_CASSLTRDLETQYF;CAVSDGGNTGKLIF_CASSQLRGDTQYF;CVVSAGRGNNRLAF_CASSPGVAVSSYNEQFF;CAGGGGANSKLTF_CASSLLGSPDTQYF;CAYGDWGTGTASKLTF_CASSPRLAGGETQYF;NA_CASVSRTDTQYF;CVVSVTGTASKLTF_CASSLAPSPSYNEQFF;CARSNNNNDMRF_CASKPRANYGYTF;NA_CASSLAAGGLSGELFF;CAAILGFQKLVF_CASSFQPSGGAYTGELFF;CAVRGSSSNTGKLIF_CASSFRDRATVEAFF;CAFEGSSGDKLTF_CASSLGQFGSGANVLTF;CAPSGYQKVTF_CASSYSTGEETQYF;CAVGNTGNQFYF_CAISASLSTDTQYF;CALSEADRGSTLGRLYF_CASSQNPWDGYTF;CALRNNNARLMF_CASWGGTEQYF;CALDITLGQAGTALIF_CASSDFQGTGELFF;CVVWKNKLIF_CASSISRDRINYGYTF;CAAGYNDYKLSF_CASSSRTGGRGDEQFF;CAVNDYKLSF_CASSMDRGNQPQHF;CATDRGNAGKSTF_NA;CAASFYHAGSTLGRLYF_CASRLQGGNQPQHF;CAVTSNAGNMLTF_CASSHGQGRSYEQYF;CAVSPSGGSNYKLTF_CATSDVRQNGTYEQYF;CAVSGPSGGYNKLIF_CASSFHPEKFF;CAVTYGSSGSARQLTF_CASSYFLSGANVLTF;CGTESGNFNKFYF_CASSYSGSGPGANVLTF;CAPFFGNEKLTF_CASSATPTGVRNYGYTF;CAGPNNNARLMF_CASSYSGGPGNTIYF;CAMSGEGFSGGGADGLTF_CASSLLTGNYGYTF;CALRGAGNNRKLIW_CASSYSDRGPMYGYTF;CAAGRTGNQFYF_CASSLWTGRNYGYTF;CATETSGTYKYIF_NA;CSRYAGNNRKLIW_CATSDFGQGSTGEQFF;CAASIGGSQGNLIF_CAISPEPGSYNEQFF;CAAPGGSNYKLTF_NA;CAALTHTGANSKLTF_CASSLDSRYAQYF;CAARGGGTSYGKLTF_CASSLGRAVVYGYTF;CAADFTGNQFYF_CAWSVRSPNQPQHF;CAVSPNSGGYQKVTF_CASSYSQGLGNSPLHF;CAASAGQGAQKLVF_CASGGRGGFSNQPQHF;CAVNIAGGTSYGKLTF_CASSSGATGNTIYF;CAVNPYRGSTLGRLYF_CAWSWTGGETQYF;CAARSSGNTPLVF_CASSLRTVEQYF;CAASAFSGNTGKLIF_CASSLPGTEAFF;CAGVTNFNKFYF_CASRIGPSSGANVLTF;NA_CASRPLARTGELFF;CAESPPTGGFKTIF_NA	0	NA
7	1	CALRDMEYGNKLVF_CSVINRGQTEAFF	9	9	NA_CASSFTRMNTEAFF;CAVTLSYNTDKLIF_CASRTRSYGVIQQETQYF;CGTDGEDGGSQGNLIF_CASTEVWGSTYEQYF;CVVKVGGGNDYKLSF_CASRDGSSYNSPLHF;NA_CASGGGNTIYF;NA_CASSLTGTGGNQPQHF;CALGFPNTGNQFYF_CASSDRSVLNTEAFF;CVVTYTSGTYKYIF_CASSPLKDEKLFF;CAVGNGQKLLF_NA	0	NA
7	1	CALRDMEYGNKLVF_CSVINRGQTEAFF	10	19	CAVRREETSGSRLTF_CASSLSQGPGELFF;NA_CASSLGGQETQYF;CAATGGGNKLTF_CASSLANRGSGNTIYF;CAVRSTYNFNKFYF_CASSQNSGASSGANVLTF;CAHNQAGTALIF_CASSWDGTTTNYGYTF;CAEMNQAGTALIF_CASSSGGTGDTQYF;CAVRPGTGRRALTF_CASSSPTGTNTGELFF;CAVNSNSGYALNF_CASSLPRTINEQFF;CAVGAQRPLVF_CASSPQEASYNEQFF;CAVVIASGSRLTF_CASSLGGIRNTIYF;CAVIKGAQKLVF_CASSSFGQGGYEQYF;CALSEGGKLIF_CASSLGYGYTF;CAELRSSNTGKLIF_CASSSRAGTGGVQQYF;CIVRGANAGGTSYGKLTF_CASSLQFGGAPMNTEAFF;CGTGTDSWGKLQF_CASSRTGTGVNEQFF;CAASGVGGNEKLTF_CASSLGRRQYF;CVVNGQKLLF_CASRKRDGNTEAFF;CAVEGRDGGTSYGKLTF_CASSLGASGYYEQYF;CAVRDLGLEKSGGSYIPTF_CASSLALPQFF	0	NA
7	1	CALRDMEYGNKLVF_CSVINRGQTEAFF	11	13	CALSEAWAEKLVF_CASSLGEGLQETQYF;NA_CASGPTGGSTYNSPLHF;CAYRATGNQFYF_CASRVQGALTDTQYF;CAVVYSGAGSYQLTF_CASSVAGSSYEQYF;CAVPYNTDKLIF_CASSLSRANEQYF;CIVRVATDKLIF_CASSQFLAGEENEQFF;CAMSAGNQAGTALIF_CASSPRGNEQYF;CAVSPKETSGSRLTF_CASSLRGGTGYSGELFF;CAYRSGVRAGTASKLTF_CASSLKGLVAEAFF;CAVKGGSYIPTF_CASSVTGLSSYEQYF;CAANLLNSNARLMF_CASSLLTQGSEQYF;CAMRDVASGGSYIPTF_CASSLEGLWNQETQYF;CAAGRGSGTYKYIF_CASSLLGGENTEAFF	0	NA
7	1	CALRDMEYGNKLVF_CSVINRGQTEAFF	12	13	CALSGNTDKLIF_CASSSRVGGLREQYF;CAAPNAGGTSYGKLTF_CASSSGLLGRAEPQHF;CAVRLDSNYQLIW_CASSLAGQRPAFF;CALPNMDTGRRALTF_CASTYDSSPQYF;CCEDDSWGKLQF_CASSLTANTGELFF;NA_CASRESHLNEKLFF;CAVKSEWTSYDKVIF_CASSFGETQYF;CVVNIGYSSASKIIF_CASSRAQGDTEAFF;NA_CASRGTGGAFNYGYTF;CAFMNRDDKIIF_CASSLTPSSRANTGELFF;CAVQRGSGNTGKLIF_CASSPGPRATEAFF;CIVRVRMNTGFQKLVF_CASSPRDRGYEQYF;CAPRDTGRRALTF_CASSSRDGLYGYTF	0	NA
7	1	CALRDMEYGNKLVF_CSVINRGQTEAFF	15	9	CAVNARSSASKIIF_CASSQDGGDRALPFYNEQFF;CAERSGGYQKVTF_CASSQTSTGAYGYTF;CAGDNAGNMLTF_CASSQVYRDTQYF;CAVEHNFNKFYF_CASSQSWAGQAHPEAFF;CAVRGSLGGTSYGKLTF_CASSGTGGRTEAFF;CAVNYGQNFVF_CASRPWTGEETQYF;CAGQRYGQNFVF_CASSQGVPGDSYTDTQYF;CVVRRQTGFQKLVF_CASSQDQRGPYNEQFF;CAVIGGGADGLTF_CASSQLGGVTDTQYF	0	NA
7	1	CALRDMEYGNKLVF_CSVINRGQTEAFF	24	38	CAFANDYKLSF_CSARETGVSYEQYF;CAEMDSSYKLIF_CSADKDGQNTEAFF;CIVRARPGNAQKLVF_CSAPGAYEQYF;CARSNDYKLSF_CSARQGARNSPLHF;CAASAYGGSQGNLIF_CSAADRRFNQPQHF;CATVPNSGGYQKVTF_CSARGPRQGLQNTEAFF;CASSLGDYKLSF_CSASRQANSPLHF;CAVRDRSGNTGKLIF_CSASRTGGSYEQYF;CAEILGHILTGGGNKLTF_CSAQSRGRLMETQYF;CAARPWETSGSRLTF_CSATDYSPEQFF;CATDATGGFKTIF_CSASPPRTAIYEQYF;CAAPPSFGNQFYF_CSAQTVLYGYTF;CIPGDFGNEKLTF_CSATGLAASPYEQYF;CAVGPNQAGTALIF_CSAPTGTGGGTEAFF;CAVSDRGYQKVTF_CSAPASGLGEQFF;CAGQIIQGAQKLVF_CSAREGYWGSNQPQHF;CAENSGGYQKVTF_CSALYDLGLGNTIYF;CAEIVGYSTLTF_CSAREGSPLHF;CAESIGGSSASKIIF_CSARNGGEAFF;NA_CSAPDGYEQYF;CALGGSGGSNYKLTF_CSARVQGLNYGYTF;CIVRVAGGNAGNMLTF_CSAADLRNEQFF;CAASSRSGGGADGLTF_CSANGGDGYTF;CAVRDEAAGNKLTF_CSARIRGLETQYF;CAVRGYQKVTF_CSALWLRVEDEQFF;CAVSDVGTSGSRLTF_CSAHLLSGGNRRETQYF;CALSADRGSTLGRLYF_CSAPRVRNIQYF;CAASENTGTASKLTF_CSAGGLAGVRNEQFF;CAVRDNYGQNFVF_CSASKTSEQYF;CVVSAPNEKLTF_CSATPGGQETQYF;CVVNTGFQKLVF_CSAHGGGNSGNTIYF;CILRVPGNQFYF_CSARDRYSLNEKLFF;CAVGARGGGADGLTF_CSAPQGFSNQPQHF;CAVRAVRNNNDMRF_CSARGGGPGNTIYF;CAVGESSSNTGKLIF_CSALGENTEAFF;CAVQAQVDGGATNKLIF_CSARDRDRVKNIQYF;CAVSVRAAGNKLTF_CSARDPRPGGGIFRDEQFF;CAVEIGGGKLIF_CSAREGGTGGYEQYF	0	NA
8	228	CALRPSGGSNYKLTF_CASSQARDSLEQYF;CALSEADRGSTLGRLYF_CASSPGRGRRNTEAFF;CAVINSGGYQKVTF_CASSSDRGRGIEAFF;CAASMSGNTGKLIF_CASTPLGTGVTEAFF;CAVRSSSGGGADGLTF_CASVNRGSTEAFF;CAALLNARLMF_CASTGGTPDTQYF;CAVQAGRETSGSRLTF_CASKRAGASYGYTF;CAVGGSNDYKLSF_CASSGGQSSTGELFF;NA_CASSTTGTKDMVWGEQYF;NA_CASSLEAQAFGTEAFF;CAVSGGGSYIPTF_CASSLRDREGGEQYF;CAVNTGGFKTIF_CASTIGLAGGRDEQFF;CAVGLHSNYQLIW_CAITGFRDQPQHF;CAASTWAGGFKTIF_CASSPTGQADTEAFF;CAFTLNFGNEKLTF_CASRGGGTGGSLSGYTF;CALRLLFTGNQFYF_CASSLKGQGNEQFF;CGAATVGNQFYF_CASSLLASSYNEQFF;CAALGGATNKLIF_CATSRWPGVNTEAFF;CAEIGGSYIPTF_CAWGDSSTDTQYF;CAVRGVNFGNEKLTF_CASSQGQQYEQYF;CAVGGGAQKLVF_CASSSFYNSPLHF;CAVTRLYSSASKIIF_CASSLVLSGGEYEQYF;CAASRGNQGGKLIF_CATSGRGADYQETQYF;NA_CASRAGRTSPLHF;CAVSSGGSYIPTF_CASSQPRGETYEQYF;CVVSETGGFKTIF_CASSRTGSTTEAFF;CAEKASRGATNKLIF_CASRRTMNTEAFF;CAPSSGGYNKLIF_CSVEQGSTEAFF;CAFYGGSQGNLIF_CASSLVGVDNSPLHF;CAGGDSWGKLQF_CASSQEDGTYEQYF;CAVTTSGTYKYIF_CASSTQRTANYGYTF;CAGRYDFNKFYF_CASSVSSRNTEAFF;CAGYNFNKFYF_CASSPGTAYGYTF;CAARDQKVTF_CASSRQDYNSPLHF;CAESMEYGQNFVF_CASSPGQLNSPLHF;CATRYRVYSGGGADGLTF_CASSYKLAGDTYEQYF;NA_CASSAHGSYRATDTQYF;CAVMGTGGFKTIF_CASSEDRGIAKNIQYF;CAADPSSGSARQLTF_CASSFLQGPLIEETQYF;CAVTMIKAAGNKLTF_CASSLPTGGHMNTEAFF;CAVRTGTSGAQKLVF_CASSQPGALNTEAFF;CAVSDAAAGNKLTF_CASSYSSRHGYTF;CAFNLGATNKLIF_CASTLDRLGNSPLHF;CIVRVAGGGADGLTF_CASSWSGGVTGELFF;CGDKLIF_CASSPGLRTGELFF;CAGRDNYGQNFVF_CASSPRATGELFF;CAGGEAGKSTF_CASSLAYRGEKLFF;CALEGDMRF_CAISFREQETQYF;CVVSELRRALTF_CSVERNNEQFF;CAVTTTDSWGKFQF_CASSYSGQLNTEAFF;CASRNQAGTALIF_CASSPLGAEGSNQPQHF;CAGAPSGTYKYIF_CASSILAATSEQYF;CAMSGDTGGFKTIF_CATSDSGTREDTQYF;NA_CASSQEGSEDSISTLYGYTF;CAASDSGGSQGNLIF_CASSESWASNSPLHF;NA_CASTPLPPGQSPLHF;CAEIANFNKFYF_CSARDLDGYGYTF;CAVNIYYGNNRLAF_CASGLGGQGLREQYF;NA_CASNDEITNEKLFF;CAVQGAQKLVF_CASSSPTGLGYGYTF;CAVKAAGNKLTF_CASSLKLQGAPAF;CAVRDRGTGGFKTIF_CASGFPEGEQYF;CAESIDGATNKLIF_CSVPKEDMYVDEQFF;CAVSEPSGSARQLTF_CASSDRPGNTIYF;CALYMDTGRRALTF_CASSQPDETQYF;CAALYYGNNRLAF_CASSEVTGLADEQYF;CALSDPVNTGNQFYF_CASRPGTGRRSNQPQHF;CAVSANNNDMRF_CASSLAPRHTGELFF;CAVRGGMTGYSTLTF_CASSLTGGQGTFSTDTQYF;CAVVGGTSYGKLTF_CASSRSEGARPLHF;CAVVGVSGGYNKLIF_CASSDRQGAYTEAFF;CVVSADQAGTALIF_CASSEERSYEQYF;CIVRVDTNAGKSTF_CATSDFPHNEQFF;CASQNRDDKIIF_CASSYSAYEQYF;CVVTRGGGGKLIF_CASSLGLGTLSYEQYF;CAGQTSGTYKYIF_CASSRQGTGANVLTF;CALGSGSNYQLIW_CASSQRGQGVGNEQFF;CAVSASNTGGFKTIF_CAWSVQGGPHNEQFF;CAVSSLSGGYNKLIF_CASSWDRGRVHNEQFF;CAVFPGGTSYGKLTF_CASSPRGPTDTQYF;CAAQDPMEYGNKLVF_CASSYSALRRDTQYF;NA_CASSPGQANEQFF;CAAGRGNTPLVF_CASSVDSVGELFF;NA_CATSPGISSYNEQFF;CAVSSIDNFNKFYF_CASSSPSGGSYEQYF;CGIQGAQKLVF_CASSLTRTEAFF;CAMSSLMDTGRRALTF_CASSPRDTPTDTQYF;CALMDSNYQLIW_CASSNPGPVQETQYF;CAVALSNRDDKIIF_CASSEYYRGHEQYF;CAYQGDYGGSQGNLIF_CASSYSSGDQPQHF;CVVRSTDSWGKLQF_CATSDGDSYYNEQFF;CAASAQGGSEKLVF_CASSASSYNSPLHF;NA_CASSHTSVGPGANVLTF;NA_CSRFMDSGSSYEQYF;CAASANAGNMLTF_CASSLRYNEQFF;CAVNVGRAAGNKLTF_CASSLGDRDDEQFF;NA_CASSNTGTGNTEAFF;CAGLGGSNYKLTF_NA;CVVTGTTSGTYKYIF_CASSYSGEQYF;CAVGSNDYKLSF_CASSVYQETQYF;CAVYNDMRF_CASSVNKKSETPNTEAFF;NA_CASGFPDTQYF;CAPLRTTSGTYKYIF_CASSTRTGMREKLFF;CAASQGSNYQLIW_CASSEGGRGIYEQYF;CAFMKHHMFSGAGSYQLTF_NA;NA_CATSDTMSGRDRNEQFF;CATGLSGGSYIPTF_CASSYAVPNTEAFF;NA_CASNQGSSNQPQHF;NA_CASSSYPTGEKLFF;CVVTPFSGGYNKLIF_CASSGAGAYNEQFF;CAVRGGGNTPLVF_CASTPGYRLNTEAFF;CAARAAWVPQSRTGRRALTF_CASLGVGNTEAFF;CAVRDPSNDYKLSF_CASRREAGNQPQHF;CAGQGGNQGGKLIF_CATSRDQKNIQYF;CAVIRSGGSNYKLTF_CASSLVGDRENEQFF;NA_CASSQDYPGQVNYEQYF;CAVNMNRDDKIIF_CASSVAAVNEKLFF;CAVNAPSGGNKLVF_CASRERDGYTGELFF;NA_CASSFKGLNTEAFF;NA_CASSLSWGRGKNQPQHF;CAMREFNTGGFKTIF_CASRPTGSENQPQHF;CALEDNARLMF_CASRRQGARNTEAFF;NA_CASSQGQGISNQPQHF;CAVRVRNTDKLIF_NA;CILRDATSGTYKYIF_CASGTGDQETQYF;NA_CASSFSGRFEQFF;CAVRDRGFKTIF_CASSLGGNHEQYF;CAALSGGSNYKLTF_CASSMAVLDEQYF;CAVGALTGGGADGLTF_CASSRGGLGTDTQYF;CATDDQAGTALIF_CATSVGSGTFYEQYF;CAARIVFAGSYQLTF_CASSNPKTANYGYTF;CAVQGYDNFNKFYF_CASSRELGSPLHF;CAVNRSNDYKLSF_CASRRARGEKLFF;CAVSEDTGGFKTIF_CASSSTDRAGKAFF;CAVNSNNFNKFYF_CASSPSGRETQYF;CALDMGSNYQLIW_CASSGSQGKGYYGYTF;CALGPSYSGAGSYQLTF_CASSLEVNTEAFF;CAARTSGAGSYQLTF_CASRHGGSSYNEQFF;CVVNWDTGNQFYF_CASSRPLNLNYGYTF;CAGDTGGFKTIF_CASRSGLLDNEKLFF;CAVASGAGSYQLTF_CAWSVGGTGDTQYF;NA_CASTIGMGNQPQHF;CAGRGSGTYKYIF_CATSSPTSESYEQYF;CVVNGEGFQKLVF_CASSLGGFNGELFF;CAASESAGNKLTF_CASSLYRGNSYNEQFF;CAERTPGFQKLVF_CASEGVISYEQYF;CAVTGDTGNQFYF_CASSRGQGAYEQYF;CAASNTGTASKLTF_NA;CAVGAEAAGNKLTF_CASSQDINKPNYGYTF;CAPPSPGGSTLGRLYF_CASSESRSQTYGYTF;CAVNSWTGTASKLTF_CASSLAGGRYDTQYF;CAPKDTDGQKLLF_CASSLDSREQFF;NA_CASSPSRAEQFF;CAVSDRGNTPLVF_CASSLTPRGQETQYF;CAAAEGSNYQLIW_CATTDGRDEQFF;CIPAPLGFGNVLHC_CASSFTTGANVLTF;CAKYNFNKFYF_CASSRLAGTDTQYF;CAVSDQGGKLIF_CASSSTALTEAFF;CVVSRYSGGGADGLTF_CASSINGGRKDEQFF;CAAIETSGSRLTF_CASSPSDRVNSPLHF;CAVIPRNNNDMRF_CASSVHTEAFF;CAVESDSGGGADGLTF_CASSFLGGAYEQYF;CVVSAGPYGGSQGNLIF_CASSPPGGPLHF;CIVPRAGNMLTF_CASSQEPTGDYWFYEQYF;CATAEAGNNRKLIW_CSVEFGVATEAFF;CAEILQGGKLIF_CASSAALTEAFF;CVVNIPLKGFKTIF_CASRPSWGSNEQFF;CAGYNYGQNFVF_CAIRGTSNEKLFF;CAFGTGTYKYIF_CASSQDLGHGETQYF;CAANNNAGNMLTF_CSVERGSSYNEQFF;CALSDRDFGNEKLTF_CASRPRRDRGTQYF;CAVNAAGGYNKLIF_CATSDGSTDTQYF;NA_CASSFQGAGSYGYTF;NA_CASSPLTGAPIQVAKNIQYF;NA_CASSFFGIDTEAFF;CAVSGPQGGSEKLVF_CASSLTGTSGGFEQYF;CAVSPAVGHTGFQKLVF_CASRPFRESSYNEQFF;CAFITGTASKLTF_CASRRASGATYEQYF;CILRVAGGTSYGKLTF_CASSPPGLAGVIEQFF;CAVPSGSRLTF_CASSPHIANTGELFF;CAAPLSGGYNKLIF_CASSLTRDLETQYF;CAVSDGGNTGKLIF_CASSQLRGDTQYF;CVVSAGRGNNRLAF_CASSPGVAVSSYNEQFF;CAGGGGANSKLTF_CASSLLGSPDTQYF;CAYGDWGTGTASKLTF_CASSPRLAGGETQYF;NA_CASVSRTDTQYF;CVVSVTGTASKLTF_CASSLAPSPSYNEQFF;CARSNNNNDMRF_CASKPRANYGYTF;NA_CASSLAAGGLSGELFF;CAAILGFQKLVF_CASSFQPSGGAYTGELFF;CAVRGSSSNTGKLIF_CASSFRDRATVEAFF;CAFEGSSGDKLTF_CASSLGQFGSGANVLTF;CAPSGYQKVTF_CASSYSTGEETQYF;CAVGNTGNQFYF_CAISASLSTDTQYF;CALSEADRGSTLGRLYF_CASSQNPWDGYTF;CALRNNNARLMF_CASWGGTEQYF;CALDITLGQAGTALIF_CASSDFQGTGELFF;CVVWKNKLIF_CASSISRDRINYGYTF;CAAGYNDYKLSF_CASSSRTGGRGDEQFF;CAVNDYKLSF_CASSMDRGNQPQHF;CATDRGNAGKSTF_NA;CAASFYHAGSTLGRLYF_CASRLQGGNQPQHF;CAVTSNAGNMLTF_CASSHGQGRSYEQYF;CAVSPSGGSNYKLTF_CATSDVRQNGTYEQYF;CAVSGPSGGYNKLIF_CASSFHPEKFF;CAVTYGSSGSARQLTF_CASSYFLSGANVLTF;CGTESGNFNKFYF_CASSYSGSGPGANVLTF;CAPFFGNEKLTF_CASSATPTGVRNYGYTF;CAGPNNNARLMF_CASSYSGGPGNTIYF;CAMSGEGFSGGGADGLTF_CASSLLTGNYGYTF;CALRGAGNNRKLIW_CASSYSDRGPMYGYTF;CAAGRTGNQFYF_CASSLWTGRNYGYTF;CATETSGTYKYIF_NA;CSRYAGNNRKLIW_CATSDFGQGSTGEQFF;CAASIGGSQGNLIF_CAISPEPGSYNEQFF;CAAPGGSNYKLTF_NA;CAALTHTGANSKLTF_CASSLDSRYAQYF;CAARGGGTSYGKLTF_CASSLGRAVVYGYTF;CAADFTGNQFYF_CAWSVRSPNQPQHF;CAVSPNSGGYQKVTF_CASSYSQGLGNSPLHF;CAASAGQGAQKLVF_CASGGRGGFSNQPQHF;CAVNIAGGTSYGKLTF_CASSSGATGNTIYF;CAVNPYRGSTLGRLYF_CAWSWTGGETQYF;CAARSSGNTPLVF_CASSLRTVEQYF;CAASAFSGNTGKLIF_CASSLPGTEAFF;CAGVTNFNKFYF_CASRIGPSSGANVLTF;NA_CASRPLARTGELFF;CAESPPTGGFKTIF_NA	5	51	CAVMDSNYQLIW_CASRTSGDTGELFF;CAVMDSSYKLIF_CASSQDPGSGANVLTF;CAASGGAQKLVF_CASSYFPGGTGEQFF;CAVMDSNYQLIW_CSARDPGQGASPLHF;CAVRDSNYQLIW_CASSYGTSTDTQYF;CICRSWGKLQF_CASSLGAPTEAFF;NA_CASNPRQGVDYEQYF;CAVMDSSYKLIF_CASSETSGSTDTQYF;CAVMDSNYQLIW_CASSETSGRATDTQYF;CALRADQKVTF_CASSVGQASPLHF;CAVSGGTSGSRLTF_CASSQEGDGYNEQFF;CATDDKSTF_CATLTSSGELFF;CAGRDSNYQLIW_CASSQEGGGAYNEQFF;NA_CASSDSKQGSSGANVLTF;CVFMDSNYQLIW_CATSSGTDYNEQFF;CAYRTYKYIF_CASNLGGGMNTEAFF;CAVIRRPGGSYIPTF_CASSMVAANTDTQYF;CAVMDSNYQLIW_CSARAGDTEAFF;CAALDSNYQLIW_CASSYSPDRYNEQFF;CAVEGGTSYGKLTF_CASSLDLEKLFF;CAVMDSNYQLIW_CASSYSGTGGYEQYF;CAVMDSNYQLIW_CASSQGGTGVEKLFF;CAVNTGAGNQFYF_CASSVASGGKGYTF;CAARDTTSGTYKYIF_CASSPSRRGKETQYF;CAVSETGGGNKLTF_CASSLALARSTDTQYF;CAVMDSNYQLIW_CASSDELAGGDEQFF;CLVGDSHGYQLIW_CASSPKGGGLSSYEQYF;CALSLWNSGNTPLVF_CASSDGTGAYEQYF;CVEEDYGGSQGNLIF_CASSTLPPTANYGYTF;CAFMKPVDGGSQGNLIF_CASSSWAQGAGETQYF;CAVMDSSYKLIF_CASSDSASGGYNEQFF;CAVRFISGGYNKLIF_CASSVSDLVSGEQYF;NA_CASSDSKQGSSGANVLTF;CAVLDSNYQLIW_CSAAGLTSSYNEQFF;CVVNWGGKLIF_CASSLGGGGQETQYF;NA_CASSQDGITSGANVLTF;CATDVSDGQKLLF_CASSIKGGLYNEQFF;CAVRDGDYKLSF_CASSDSGSGGGEQFF;NA_CASSYSAAHTGELFF;CAVLDSNYQLIW_CASSPHGQGHNTGELFF;CAGRGGGADGLTF_CASSQDRQGRNYGYTF;NA_CSARNPNMNTEAFF;CALSDSWGKLQF_CASRHGLAGTDTQYF;CAVLDSNYQLIW_CASSDTSGTDTQYF;CALSAGRDDKIIF_CASSLPSYEQYF;CAVRDSDYKLSF_CASSDSSGSGTDTQYF;CAANDNDMRF_CASSLDFRRPQAGYTF;CAASWGYGNKLVF_CASGGEGSGKGNEQFF;CVVSEGGYQKVTF_CASSFGTDTQYF;CASNTGKLIF_CSARASQDWAEAFF;CGGSGNTGKLIF_CASSQGVVIGTGGYEQYF	0	NA
8	228	CALRPSGGSNYKLTF_CASSQARDSLEQYF;CALSEADRGSTLGRLYF_CASSPGRGRRNTEAFF;CAVINSGGYQKVTF_CASSSDRGRGIEAFF;CAASMSGNTGKLIF_CASTPLGTGVTEAFF;CAVRSSSGGGADGLTF_CASVNRGSTEAFF;CAALLNARLMF_CASTGGTPDTQYF;CAVQAGRETSGSRLTF_CASKRAGASYGYTF;CAVGGSNDYKLSF_CASSGGQSSTGELFF;NA_CASSTTGTKDMVWGEQYF;NA_CASSLEAQAFGTEAFF;CAVSGGGSYIPTF_CASSLRDREGGEQYF;CAVNTGGFKTIF_CASTIGLAGGRDEQFF;CAVGLHSNYQLIW_CAITGFRDQPQHF;CAASTWAGGFKTIF_CASSPTGQADTEAFF;CAFTLNFGNEKLTF_CASRGGGTGGSLSGYTF;CALRLLFTGNQFYF_CASSLKGQGNEQFF;CGAATVGNQFYF_CASSLLASSYNEQFF;CAALGGATNKLIF_CATSRWPGVNTEAFF;CAEIGGSYIPTF_CAWGDSSTDTQYF;CAVRGVNFGNEKLTF_CASSQGQQYEQYF;CAVGGGAQKLVF_CASSSFYNSPLHF;CAVTRLYSSASKIIF_CASSLVLSGGEYEQYF;CAASRGNQGGKLIF_CATSGRGADYQETQYF;NA_CASRAGRTSPLHF;CAVSSGGSYIPTF_CASSQPRGETYEQYF;CVVSETGGFKTIF_CASSRTGSTTEAFF;CAEKASRGATNKLIF_CASRRTMNTEAFF;CAPSSGGYNKLIF_CSVEQGSTEAFF;CAFYGGSQGNLIF_CASSLVGVDNSPLHF;CAGGDSWGKLQF_CASSQEDGTYEQYF;CAVTTSGTYKYIF_CASSTQRTANYGYTF;CAGRYDFNKFYF_CASSVSSRNTEAFF;CAGYNFNKFYF_CASSPGTAYGYTF;CAARDQKVTF_CASSRQDYNSPLHF;CAESMEYGQNFVF_CASSPGQLNSPLHF;CATRYRVYSGGGADGLTF_CASSYKLAGDTYEQYF;NA_CASSAHGSYRATDTQYF;CAVMGTGGFKTIF_CASSEDRGIAKNIQYF;CAADPSSGSARQLTF_CASSFLQGPLIEETQYF;CAVTMIKAAGNKLTF_CASSLPTGGHMNTEAFF;CAVRTGTSGAQKLVF_CASSQPGALNTEAFF;CAVSDAAAGNKLTF_CASSYSSRHGYTF;CAFNLGATNKLIF_CASTLDRLGNSPLHF;CIVRVAGGGADGLTF_CASSWSGGVTGELFF;CGDKLIF_CASSPGLRTGELFF;CAGRDNYGQNFVF_CASSPRATGELFF;CAGGEAGKSTF_CASSLAYRGEKLFF;CALEGDMRF_CAISFREQETQYF;CVVSELRRALTF_CSVERNNEQFF;CAVTTTDSWGKFQF_CASSYSGQLNTEAFF;CASRNQAGTALIF_CASSPLGAEGSNQPQHF;CAGAPSGTYKYIF_CASSILAATSEQYF;CAMSGDTGGFKTIF_CATSDSGTREDTQYF;NA_CASSQEGSEDSISTLYGYTF;CAASDSGGSQGNLIF_CASSESWASNSPLHF;NA_CASTPLPPGQSPLHF;CAEIANFNKFYF_CSARDLDGYGYTF;CAVNIYYGNNRLAF_CASGLGGQGLREQYF;NA_CASNDEITNEKLFF;CAVQGAQKLVF_CASSSPTGLGYGYTF;CAVKAAGNKLTF_CASSLKLQGAPAF;CAVRDRGTGGFKTIF_CASGFPEGEQYF;CAESIDGATNKLIF_CSVPKEDMYVDEQFF;CAVSEPSGSARQLTF_CASSDRPGNTIYF;CALYMDTGRRALTF_CASSQPDETQYF;CAALYYGNNRLAF_CASSEVTGLADEQYF;CALSDPVNTGNQFYF_CASRPGTGRRSNQPQHF;CAVSANNNDMRF_CASSLAPRHTGELFF;CAVRGGMTGYSTLTF_CASSLTGGQGTFSTDTQYF;CAVVGGTSYGKLTF_CASSRSEGARPLHF;CAVVGVSGGYNKLIF_CASSDRQGAYTEAFF;CVVSADQAGTALIF_CASSEERSYEQYF;CIVRVDTNAGKSTF_CATSDFPHNEQFF;CASQNRDDKIIF_CASSYSAYEQYF;CVVTRGGGGKLIF_CASSLGLGTLSYEQYF;CAGQTSGTYKYIF_CASSRQGTGANVLTF;CALGSGSNYQLIW_CASSQRGQGVGNEQFF;CAVSASNTGGFKTIF_CAWSVQGGPHNEQFF;CAVSSLSGGYNKLIF_CASSWDRGRVHNEQFF;CAVFPGGTSYGKLTF_CASSPRGPTDTQYF;CAAQDPMEYGNKLVF_CASSYSALRRDTQYF;NA_CASSPGQANEQFF;CAAGRGNTPLVF_CASSVDSVGELFF;NA_CATSPGISSYNEQFF;CAVSSIDNFNKFYF_CASSSPSGGSYEQYF;CGIQGAQKLVF_CASSLTRTEAFF;CAMSSLMDTGRRALTF_CASSPRDTPTDTQYF;CALMDSNYQLIW_CASSNPGPVQETQYF;CAVALSNRDDKIIF_CASSEYYRGHEQYF;CAYQGDYGGSQGNLIF_CASSYSSGDQPQHF;CVVRSTDSWGKLQF_CATSDGDSYYNEQFF;CAASAQGGSEKLVF_CASSASSYNSPLHF;NA_CASSHTSVGPGANVLTF;NA_CSRFMDSGSSYEQYF;CAASANAGNMLTF_CASSLRYNEQFF;CAVNVGRAAGNKLTF_CASSLGDRDDEQFF;NA_CASSNTGTGNTEAFF;CAGLGGSNYKLTF_NA;CVVTGTTSGTYKYIF_CASSYSGEQYF;CAVGSNDYKLSF_CASSVYQETQYF;CAVYNDMRF_CASSVNKKSETPNTEAFF;NA_CASGFPDTQYF;CAPLRTTSGTYKYIF_CASSTRTGMREKLFF;CAASQGSNYQLIW_CASSEGGRGIYEQYF;CAFMKHHMFSGAGSYQLTF_NA;NA_CATSDTMSGRDRNEQFF;CATGLSGGSYIPTF_CASSYAVPNTEAFF;NA_CASNQGSSNQPQHF;NA_CASSSYPTGEKLFF;CVVTPFSGGYNKLIF_CASSGAGAYNEQFF;CAVRGGGNTPLVF_CASTPGYRLNTEAFF;CAARAAWVPQSRTGRRALTF_CASLGVGNTEAFF;CAVRDPSNDYKLSF_CASRREAGNQPQHF;CAGQGGNQGGKLIF_CATSRDQKNIQYF;CAVIRSGGSNYKLTF_CASSLVGDRENEQFF;NA_CASSQDYPGQVNYEQYF;CAVNMNRDDKIIF_CASSVAAVNEKLFF;CAVNAPSGGNKLVF_CASRERDGYTGELFF;NA_CASSFKGLNTEAFF;NA_CASSLSWGRGKNQPQHF;CAMREFNTGGFKTIF_CASRPTGSENQPQHF;CALEDNARLMF_CASRRQGARNTEAFF;NA_CASSQGQGISNQPQHF;CAVRVRNTDKLIF_NA;CILRDATSGTYKYIF_CASGTGDQETQYF;NA_CASSFSGRFEQFF;CAVRDRGFKTIF_CASSLGGNHEQYF;CAALSGGSNYKLTF_CASSMAVLDEQYF;CAVGALTGGGADGLTF_CASSRGGLGTDTQYF;CATDDQAGTALIF_CATSVGSGTFYEQYF;CAARIVFAGSYQLTF_CASSNPKTANYGYTF;CAVQGYDNFNKFYF_CASSRELGSPLHF;CAVNRSNDYKLSF_CASRRARGEKLFF;CAVSEDTGGFKTIF_CASSSTDRAGKAFF;CAVNSNNFNKFYF_CASSPSGRETQYF;CALDMGSNYQLIW_CASSGSQGKGYYGYTF;CALGPSYSGAGSYQLTF_CASSLEVNTEAFF;CAARTSGAGSYQLTF_CASRHGGSSYNEQFF;CVVNWDTGNQFYF_CASSRPLNLNYGYTF;CAGDTGGFKTIF_CASRSGLLDNEKLFF;CAVASGAGSYQLTF_CAWSVGGTGDTQYF;NA_CASTIGMGNQPQHF;CAGRGSGTYKYIF_CATSSPTSESYEQYF;CVVNGEGFQKLVF_CASSLGGFNGELFF;CAASESAGNKLTF_CASSLYRGNSYNEQFF;CAERTPGFQKLVF_CASEGVISYEQYF;CAVTGDTGNQFYF_CASSRGQGAYEQYF;CAASNTGTASKLTF_NA;CAVGAEAAGNKLTF_CASSQDINKPNYGYTF;CAPPSPGGSTLGRLYF_CASSESRSQTYGYTF;CAVNSWTGTASKLTF_CASSLAGGRYDTQYF;CAPKDTDGQKLLF_CASSLDSREQFF;NA_CASSPSRAEQFF;CAVSDRGNTPLVF_CASSLTPRGQETQYF;CAAAEGSNYQLIW_CATTDGRDEQFF;CIPAPLGFGNVLHC_CASSFTTGANVLTF;CAKYNFNKFYF_CASSRLAGTDTQYF;CAVSDQGGKLIF_CASSSTALTEAFF;CVVSRYSGGGADGLTF_CASSINGGRKDEQFF;CAAIETSGSRLTF_CASSPSDRVNSPLHF;CAVIPRNNNDMRF_CASSVHTEAFF;CAVESDSGGGADGLTF_CASSFLGGAYEQYF;CVVSAGPYGGSQGNLIF_CASSPPGGPLHF;CIVPRAGNMLTF_CASSQEPTGDYWFYEQYF;CATAEAGNNRKLIW_CSVEFGVATEAFF;CAEILQGGKLIF_CASSAALTEAFF;CVVNIPLKGFKTIF_CASRPSWGSNEQFF;CAGYNYGQNFVF_CAIRGTSNEKLFF;CAFGTGTYKYIF_CASSQDLGHGETQYF;CAANNNAGNMLTF_CSVERGSSYNEQFF;CALSDRDFGNEKLTF_CASRPRRDRGTQYF;CAVNAAGGYNKLIF_CATSDGSTDTQYF;NA_CASSFQGAGSYGYTF;NA_CASSPLTGAPIQVAKNIQYF;NA_CASSFFGIDTEAFF;CAVSGPQGGSEKLVF_CASSLTGTSGGFEQYF;CAVSPAVGHTGFQKLVF_CASRPFRESSYNEQFF;CAFITGTASKLTF_CASRRASGATYEQYF;CILRVAGGTSYGKLTF_CASSPPGLAGVIEQFF;CAVPSGSRLTF_CASSPHIANTGELFF;CAAPLSGGYNKLIF_CASSLTRDLETQYF;CAVSDGGNTGKLIF_CASSQLRGDTQYF;CVVSAGRGNNRLAF_CASSPGVAVSSYNEQFF;CAGGGGANSKLTF_CASSLLGSPDTQYF;CAYGDWGTGTASKLTF_CASSPRLAGGETQYF;NA_CASVSRTDTQYF;CVVSVTGTASKLTF_CASSLAPSPSYNEQFF;CARSNNNNDMRF_CASKPRANYGYTF;NA_CASSLAAGGLSGELFF;CAAILGFQKLVF_CASSFQPSGGAYTGELFF;CAVRGSSSNTGKLIF_CASSFRDRATVEAFF;CAFEGSSGDKLTF_CASSLGQFGSGANVLTF;CAPSGYQKVTF_CASSYSTGEETQYF;CAVGNTGNQFYF_CAISASLSTDTQYF;CALSEADRGSTLGRLYF_CASSQNPWDGYTF;CALRNNNARLMF_CASWGGTEQYF;CALDITLGQAGTALIF_CASSDFQGTGELFF;CVVWKNKLIF_CASSISRDRINYGYTF;CAAGYNDYKLSF_CASSSRTGGRGDEQFF;CAVNDYKLSF_CASSMDRGNQPQHF;CATDRGNAGKSTF_NA;CAASFYHAGSTLGRLYF_CASRLQGGNQPQHF;CAVTSNAGNMLTF_CASSHGQGRSYEQYF;CAVSPSGGSNYKLTF_CATSDVRQNGTYEQYF;CAVSGPSGGYNKLIF_CASSFHPEKFF;CAVTYGSSGSARQLTF_CASSYFLSGANVLTF;CGTESGNFNKFYF_CASSYSGSGPGANVLTF;CAPFFGNEKLTF_CASSATPTGVRNYGYTF;CAGPNNNARLMF_CASSYSGGPGNTIYF;CAMSGEGFSGGGADGLTF_CASSLLTGNYGYTF;CALRGAGNNRKLIW_CASSYSDRGPMYGYTF;CAAGRTGNQFYF_CASSLWTGRNYGYTF;CATETSGTYKYIF_NA;CSRYAGNNRKLIW_CATSDFGQGSTGEQFF;CAASIGGSQGNLIF_CAISPEPGSYNEQFF;CAAPGGSNYKLTF_NA;CAALTHTGANSKLTF_CASSLDSRYAQYF;CAARGGGTSYGKLTF_CASSLGRAVVYGYTF;CAADFTGNQFYF_CAWSVRSPNQPQHF;CAVSPNSGGYQKVTF_CASSYSQGLGNSPLHF;CAASAGQGAQKLVF_CASGGRGGFSNQPQHF;CAVNIAGGTSYGKLTF_CASSSGATGNTIYF;CAVNPYRGSTLGRLYF_CAWSWTGGETQYF;CAARSSGNTPLVF_CASSLRTVEQYF;CAASAFSGNTGKLIF_CASSLPGTEAFF;CAGVTNFNKFYF_CASRIGPSSGANVLTF;NA_CASRPLARTGELFF;CAESPPTGGFKTIF_NA	7	1	CALRDMEYGNKLVF_CSVINRGQTEAFF	0	NA
8	228	CALRPSGGSNYKLTF_CASSQARDSLEQYF;CALSEADRGSTLGRLYF_CASSPGRGRRNTEAFF;CAVINSGGYQKVTF_CASSSDRGRGIEAFF;CAASMSGNTGKLIF_CASTPLGTGVTEAFF;CAVRSSSGGGADGLTF_CASVNRGSTEAFF;CAALLNARLMF_CASTGGTPDTQYF;CAVQAGRETSGSRLTF_CASKRAGASYGYTF;CAVGGSNDYKLSF_CASSGGQSSTGELFF;NA_CASSTTGTKDMVWGEQYF;NA_CASSLEAQAFGTEAFF;CAVSGGGSYIPTF_CASSLRDREGGEQYF;CAVNTGGFKTIF_CASTIGLAGGRDEQFF;CAVGLHSNYQLIW_CAITGFRDQPQHF;CAASTWAGGFKTIF_CASSPTGQADTEAFF;CAFTLNFGNEKLTF_CASRGGGTGGSLSGYTF;CALRLLFTGNQFYF_CASSLKGQGNEQFF;CGAATVGNQFYF_CASSLLASSYNEQFF;CAALGGATNKLIF_CATSRWPGVNTEAFF;CAEIGGSYIPTF_CAWGDSSTDTQYF;CAVRGVNFGNEKLTF_CASSQGQQYEQYF;CAVGGGAQKLVF_CASSSFYNSPLHF;CAVTRLYSSASKIIF_CASSLVLSGGEYEQYF;CAASRGNQGGKLIF_CATSGRGADYQETQYF;NA_CASRAGRTSPLHF;CAVSSGGSYIPTF_CASSQPRGETYEQYF;CVVSETGGFKTIF_CASSRTGSTTEAFF;CAEKASRGATNKLIF_CASRRTMNTEAFF;CAPSSGGYNKLIF_CSVEQGSTEAFF;CAFYGGSQGNLIF_CASSLVGVDNSPLHF;CAGGDSWGKLQF_CASSQEDGTYEQYF;CAVTTSGTYKYIF_CASSTQRTANYGYTF;CAGRYDFNKFYF_CASSVSSRNTEAFF;CAGYNFNKFYF_CASSPGTAYGYTF;CAARDQKVTF_CASSRQDYNSPLHF;CAESMEYGQNFVF_CASSPGQLNSPLHF;CATRYRVYSGGGADGLTF_CASSYKLAGDTYEQYF;NA_CASSAHGSYRATDTQYF;CAVMGTGGFKTIF_CASSEDRGIAKNIQYF;CAADPSSGSARQLTF_CASSFLQGPLIEETQYF;CAVTMIKAAGNKLTF_CASSLPTGGHMNTEAFF;CAVRTGTSGAQKLVF_CASSQPGALNTEAFF;CAVSDAAAGNKLTF_CASSYSSRHGYTF;CAFNLGATNKLIF_CASTLDRLGNSPLHF;CIVRVAGGGADGLTF_CASSWSGGVTGELFF;CGDKLIF_CASSPGLRTGELFF;CAGRDNYGQNFVF_CASSPRATGELFF;CAGGEAGKSTF_CASSLAYRGEKLFF;CALEGDMRF_CAISFREQETQYF;CVVSELRRALTF_CSVERNNEQFF;CAVTTTDSWGKFQF_CASSYSGQLNTEAFF;CASRNQAGTALIF_CASSPLGAEGSNQPQHF;CAGAPSGTYKYIF_CASSILAATSEQYF;CAMSGDTGGFKTIF_CATSDSGTREDTQYF;NA_CASSQEGSEDSISTLYGYTF;CAASDSGGSQGNLIF_CASSESWASNSPLHF;NA_CASTPLPPGQSPLHF;CAEIANFNKFYF_CSARDLDGYGYTF;CAVNIYYGNNRLAF_CASGLGGQGLREQYF;NA_CASNDEITNEKLFF;CAVQGAQKLVF_CASSSPTGLGYGYTF;CAVKAAGNKLTF_CASSLKLQGAPAF;CAVRDRGTGGFKTIF_CASGFPEGEQYF;CAESIDGATNKLIF_CSVPKEDMYVDEQFF;CAVSEPSGSARQLTF_CASSDRPGNTIYF;CALYMDTGRRALTF_CASSQPDETQYF;CAALYYGNNRLAF_CASSEVTGLADEQYF;CALSDPVNTGNQFYF_CASRPGTGRRSNQPQHF;CAVSANNNDMRF_CASSLAPRHTGELFF;CAVRGGMTGYSTLTF_CASSLTGGQGTFSTDTQYF;CAVVGGTSYGKLTF_CASSRSEGARPLHF;CAVVGVSGGYNKLIF_CASSDRQGAYTEAFF;CVVSADQAGTALIF_CASSEERSYEQYF;CIVRVDTNAGKSTF_CATSDFPHNEQFF;CASQNRDDKIIF_CASSYSAYEQYF;CVVTRGGGGKLIF_CASSLGLGTLSYEQYF;CAGQTSGTYKYIF_CASSRQGTGANVLTF;CALGSGSNYQLIW_CASSQRGQGVGNEQFF;CAVSASNTGGFKTIF_CAWSVQGGPHNEQFF;CAVSSLSGGYNKLIF_CASSWDRGRVHNEQFF;CAVFPGGTSYGKLTF_CASSPRGPTDTQYF;CAAQDPMEYGNKLVF_CASSYSALRRDTQYF;NA_CASSPGQANEQFF;CAAGRGNTPLVF_CASSVDSVGELFF;NA_CATSPGISSYNEQFF;CAVSSIDNFNKFYF_CASSSPSGGSYEQYF;CGIQGAQKLVF_CASSLTRTEAFF;CAMSSLMDTGRRALTF_CASSPRDTPTDTQYF;CALMDSNYQLIW_CASSNPGPVQETQYF;CAVALSNRDDKIIF_CASSEYYRGHEQYF;CAYQGDYGGSQGNLIF_CASSYSSGDQPQHF;CVVRSTDSWGKLQF_CATSDGDSYYNEQFF;CAASAQGGSEKLVF_CASSASSYNSPLHF;NA_CASSHTSVGPGANVLTF;NA_CSRFMDSGSSYEQYF;CAASANAGNMLTF_CASSLRYNEQFF;CAVNVGRAAGNKLTF_CASSLGDRDDEQFF;NA_CASSNTGTGNTEAFF;CAGLGGSNYKLTF_NA;CVVTGTTSGTYKYIF_CASSYSGEQYF;CAVGSNDYKLSF_CASSVYQETQYF;CAVYNDMRF_CASSVNKKSETPNTEAFF;NA_CASGFPDTQYF;CAPLRTTSGTYKYIF_CASSTRTGMREKLFF;CAASQGSNYQLIW_CASSEGGRGIYEQYF;CAFMKHHMFSGAGSYQLTF_NA;NA_CATSDTMSGRDRNEQFF;CATGLSGGSYIPTF_CASSYAVPNTEAFF;NA_CASNQGSSNQPQHF;NA_CASSSYPTGEKLFF;CVVTPFSGGYNKLIF_CASSGAGAYNEQFF;CAVRGGGNTPLVF_CASTPGYRLNTEAFF;CAARAAWVPQSRTGRRALTF_CASLGVGNTEAFF;CAVRDPSNDYKLSF_CASRREAGNQPQHF;CAGQGGNQGGKLIF_CATSRDQKNIQYF;CAVIRSGGSNYKLTF_CASSLVGDRENEQFF;NA_CASSQDYPGQVNYEQYF;CAVNMNRDDKIIF_CASSVAAVNEKLFF;CAVNAPSGGNKLVF_CASRERDGYTGELFF;NA_CASSFKGLNTEAFF;NA_CASSLSWGRGKNQPQHF;CAMREFNTGGFKTIF_CASRPTGSENQPQHF;CALEDNARLMF_CASRRQGARNTEAFF;NA_CASSQGQGISNQPQHF;CAVRVRNTDKLIF_NA;CILRDATSGTYKYIF_CASGTGDQETQYF;NA_CASSFSGRFEQFF;CAVRDRGFKTIF_CASSLGGNHEQYF;CAALSGGSNYKLTF_CASSMAVLDEQYF;CAVGALTGGGADGLTF_CASSRGGLGTDTQYF;CATDDQAGTALIF_CATSVGSGTFYEQYF;CAARIVFAGSYQLTF_CASSNPKTANYGYTF;CAVQGYDNFNKFYF_CASSRELGSPLHF;CAVNRSNDYKLSF_CASRRARGEKLFF;CAVSEDTGGFKTIF_CASSSTDRAGKAFF;CAVNSNNFNKFYF_CASSPSGRETQYF;CALDMGSNYQLIW_CASSGSQGKGYYGYTF;CALGPSYSGAGSYQLTF_CASSLEVNTEAFF;CAARTSGAGSYQLTF_CASRHGGSSYNEQFF;CVVNWDTGNQFYF_CASSRPLNLNYGYTF;CAGDTGGFKTIF_CASRSGLLDNEKLFF;CAVASGAGSYQLTF_CAWSVGGTGDTQYF;NA_CASTIGMGNQPQHF;CAGRGSGTYKYIF_CATSSPTSESYEQYF;CVVNGEGFQKLVF_CASSLGGFNGELFF;CAASESAGNKLTF_CASSLYRGNSYNEQFF;CAERTPGFQKLVF_CASEGVISYEQYF;CAVTGDTGNQFYF_CASSRGQGAYEQYF;CAASNTGTASKLTF_NA;CAVGAEAAGNKLTF_CASSQDINKPNYGYTF;CAPPSPGGSTLGRLYF_CASSESRSQTYGYTF;CAVNSWTGTASKLTF_CASSLAGGRYDTQYF;CAPKDTDGQKLLF_CASSLDSREQFF;NA_CASSPSRAEQFF;CAVSDRGNTPLVF_CASSLTPRGQETQYF;CAAAEGSNYQLIW_CATTDGRDEQFF;CIPAPLGFGNVLHC_CASSFTTGANVLTF;CAKYNFNKFYF_CASSRLAGTDTQYF;CAVSDQGGKLIF_CASSSTALTEAFF;CVVSRYSGGGADGLTF_CASSINGGRKDEQFF;CAAIETSGSRLTF_CASSPSDRVNSPLHF;CAVIPRNNNDMRF_CASSVHTEAFF;CAVESDSGGGADGLTF_CASSFLGGAYEQYF;CVVSAGPYGGSQGNLIF_CASSPPGGPLHF;CIVPRAGNMLTF_CASSQEPTGDYWFYEQYF;CATAEAGNNRKLIW_CSVEFGVATEAFF;CAEILQGGKLIF_CASSAALTEAFF;CVVNIPLKGFKTIF_CASRPSWGSNEQFF;CAGYNYGQNFVF_CAIRGTSNEKLFF;CAFGTGTYKYIF_CASSQDLGHGETQYF;CAANNNAGNMLTF_CSVERGSSYNEQFF;CALSDRDFGNEKLTF_CASRPRRDRGTQYF;CAVNAAGGYNKLIF_CATSDGSTDTQYF;NA_CASSFQGAGSYGYTF;NA_CASSPLTGAPIQVAKNIQYF;NA_CASSFFGIDTEAFF;CAVSGPQGGSEKLVF_CASSLTGTSGGFEQYF;CAVSPAVGHTGFQKLVF_CASRPFRESSYNEQFF;CAFITGTASKLTF_CASRRASGATYEQYF;CILRVAGGTSYGKLTF_CASSPPGLAGVIEQFF;CAVPSGSRLTF_CASSPHIANTGELFF;CAAPLSGGYNKLIF_CASSLTRDLETQYF;CAVSDGGNTGKLIF_CASSQLRGDTQYF;CVVSAGRGNNRLAF_CASSPGVAVSSYNEQFF;CAGGGGANSKLTF_CASSLLGSPDTQYF;CAYGDWGTGTASKLTF_CASSPRLAGGETQYF;NA_CASVSRTDTQYF;CVVSVTGTASKLTF_CASSLAPSPSYNEQFF;CARSNNNNDMRF_CASKPRANYGYTF;NA_CASSLAAGGLSGELFF;CAAILGFQKLVF_CASSFQPSGGAYTGELFF;CAVRGSSSNTGKLIF_CASSFRDRATVEAFF;CAFEGSSGDKLTF_CASSLGQFGSGANVLTF;CAPSGYQKVTF_CASSYSTGEETQYF;CAVGNTGNQFYF_CAISASLSTDTQYF;CALSEADRGSTLGRLYF_CASSQNPWDGYTF;CALRNNNARLMF_CASWGGTEQYF;CALDITLGQAGTALIF_CASSDFQGTGELFF;CVVWKNKLIF_CASSISRDRINYGYTF;CAAGYNDYKLSF_CASSSRTGGRGDEQFF;CAVNDYKLSF_CASSMDRGNQPQHF;CATDRGNAGKSTF_NA;CAASFYHAGSTLGRLYF_CASRLQGGNQPQHF;CAVTSNAGNMLTF_CASSHGQGRSYEQYF;CAVSPSGGSNYKLTF_CATSDVRQNGTYEQYF;CAVSGPSGGYNKLIF_CASSFHPEKFF;CAVTYGSSGSARQLTF_CASSYFLSGANVLTF;CGTESGNFNKFYF_CASSYSGSGPGANVLTF;CAPFFGNEKLTF_CASSATPTGVRNYGYTF;CAGPNNNARLMF_CASSYSGGPGNTIYF;CAMSGEGFSGGGADGLTF_CASSLLTGNYGYTF;CALRGAGNNRKLIW_CASSYSDRGPMYGYTF;CAAGRTGNQFYF_CASSLWTGRNYGYTF;CATETSGTYKYIF_NA;CSRYAGNNRKLIW_CATSDFGQGSTGEQFF;CAASIGGSQGNLIF_CAISPEPGSYNEQFF;CAAPGGSNYKLTF_NA;CAALTHTGANSKLTF_CASSLDSRYAQYF;CAARGGGTSYGKLTF_CASSLGRAVVYGYTF;CAADFTGNQFYF_CAWSVRSPNQPQHF;CAVSPNSGGYQKVTF_CASSYSQGLGNSPLHF;CAASAGQGAQKLVF_CASGGRGGFSNQPQHF;CAVNIAGGTSYGKLTF_CASSSGATGNTIYF;CAVNPYRGSTLGRLYF_CAWSWTGGETQYF;CAARSSGNTPLVF_CASSLRTVEQYF;CAASAFSGNTGKLIF_CASSLPGTEAFF;CAGVTNFNKFYF_CASRIGPSSGANVLTF;NA_CASRPLARTGELFF;CAESPPTGGFKTIF_NA	9	9	NA_CASSFTRMNTEAFF;CAVTLSYNTDKLIF_CASRTRSYGVIQQETQYF;CGTDGEDGGSQGNLIF_CASTEVWGSTYEQYF;CVVKVGGGNDYKLSF_CASRDGSSYNSPLHF;NA_CASGGGNTIYF;NA_CASSLTGTGGNQPQHF;CALGFPNTGNQFYF_CASSDRSVLNTEAFF;CVVTYTSGTYKYIF_CASSPLKDEKLFF;CAVGNGQKLLF_NA	0	NA
8	228	CALRPSGGSNYKLTF_CASSQARDSLEQYF;CALSEADRGSTLGRLYF_CASSPGRGRRNTEAFF;CAVINSGGYQKVTF_CASSSDRGRGIEAFF;CAASMSGNTGKLIF_CASTPLGTGVTEAFF;CAVRSSSGGGADGLTF_CASVNRGSTEAFF;CAALLNARLMF_CASTGGTPDTQYF;CAVQAGRETSGSRLTF_CASKRAGASYGYTF;CAVGGSNDYKLSF_CASSGGQSSTGELFF;NA_CASSTTGTKDMVWGEQYF;NA_CASSLEAQAFGTEAFF;CAVSGGGSYIPTF_CASSLRDREGGEQYF;CAVNTGGFKTIF_CASTIGLAGGRDEQFF;CAVGLHSNYQLIW_CAITGFRDQPQHF;CAASTWAGGFKTIF_CASSPTGQADTEAFF;CAFTLNFGNEKLTF_CASRGGGTGGSLSGYTF;CALRLLFTGNQFYF_CASSLKGQGNEQFF;CGAATVGNQFYF_CASSLLASSYNEQFF;CAALGGATNKLIF_CATSRWPGVNTEAFF;CAEIGGSYIPTF_CAWGDSSTDTQYF;CAVRGVNFGNEKLTF_CASSQGQQYEQYF;CAVGGGAQKLVF_CASSSFYNSPLHF;CAVTRLYSSASKIIF_CASSLVLSGGEYEQYF;CAASRGNQGGKLIF_CATSGRGADYQETQYF;NA_CASRAGRTSPLHF;CAVSSGGSYIPTF_CASSQPRGETYEQYF;CVVSETGGFKTIF_CASSRTGSTTEAFF;CAEKASRGATNKLIF_CASRRTMNTEAFF;CAPSSGGYNKLIF_CSVEQGSTEAFF;CAFYGGSQGNLIF_CASSLVGVDNSPLHF;CAGGDSWGKLQF_CASSQEDGTYEQYF;CAVTTSGTYKYIF_CASSTQRTANYGYTF;CAGRYDFNKFYF_CASSVSSRNTEAFF;CAGYNFNKFYF_CASSPGTAYGYTF;CAARDQKVTF_CASSRQDYNSPLHF;CAESMEYGQNFVF_CASSPGQLNSPLHF;CATRYRVYSGGGADGLTF_CASSYKLAGDTYEQYF;NA_CASSAHGSYRATDTQYF;CAVMGTGGFKTIF_CASSEDRGIAKNIQYF;CAADPSSGSARQLTF_CASSFLQGPLIEETQYF;CAVTMIKAAGNKLTF_CASSLPTGGHMNTEAFF;CAVRTGTSGAQKLVF_CASSQPGALNTEAFF;CAVSDAAAGNKLTF_CASSYSSRHGYTF;CAFNLGATNKLIF_CASTLDRLGNSPLHF;CIVRVAGGGADGLTF_CASSWSGGVTGELFF;CGDKLIF_CASSPGLRTGELFF;CAGRDNYGQNFVF_CASSPRATGELFF;CAGGEAGKSTF_CASSLAYRGEKLFF;CALEGDMRF_CAISFREQETQYF;CVVSELRRALTF_CSVERNNEQFF;CAVTTTDSWGKFQF_CASSYSGQLNTEAFF;CASRNQAGTALIF_CASSPLGAEGSNQPQHF;CAGAPSGTYKYIF_CASSILAATSEQYF;CAMSGDTGGFKTIF_CATSDSGTREDTQYF;NA_CASSQEGSEDSISTLYGYTF;CAASDSGGSQGNLIF_CASSESWASNSPLHF;NA_CASTPLPPGQSPLHF;CAEIANFNKFYF_CSARDLDGYGYTF;CAVNIYYGNNRLAF_CASGLGGQGLREQYF;NA_CASNDEITNEKLFF;CAVQGAQKLVF_CASSSPTGLGYGYTF;CAVKAAGNKLTF_CASSLKLQGAPAF;CAVRDRGTGGFKTIF_CASGFPEGEQYF;CAESIDGATNKLIF_CSVPKEDMYVDEQFF;CAVSEPSGSARQLTF_CASSDRPGNTIYF;CALYMDTGRRALTF_CASSQPDETQYF;CAALYYGNNRLAF_CASSEVTGLADEQYF;CALSDPVNTGNQFYF_CASRPGTGRRSNQPQHF;CAVSANNNDMRF_CASSLAPRHTGELFF;CAVRGGMTGYSTLTF_CASSLTGGQGTFSTDTQYF;CAVVGGTSYGKLTF_CASSRSEGARPLHF;CAVVGVSGGYNKLIF_CASSDRQGAYTEAFF;CVVSADQAGTALIF_CASSEERSYEQYF;CIVRVDTNAGKSTF_CATSDFPHNEQFF;CASQNRDDKIIF_CASSYSAYEQYF;CVVTRGGGGKLIF_CASSLGLGTLSYEQYF;CAGQTSGTYKYIF_CASSRQGTGANVLTF;CALGSGSNYQLIW_CASSQRGQGVGNEQFF;CAVSASNTGGFKTIF_CAWSVQGGPHNEQFF;CAVSSLSGGYNKLIF_CASSWDRGRVHNEQFF;CAVFPGGTSYGKLTF_CASSPRGPTDTQYF;CAAQDPMEYGNKLVF_CASSYSALRRDTQYF;NA_CASSPGQANEQFF;CAAGRGNTPLVF_CASSVDSVGELFF;NA_CATSPGISSYNEQFF;CAVSSIDNFNKFYF_CASSSPSGGSYEQYF;CGIQGAQKLVF_CASSLTRTEAFF;CAMSSLMDTGRRALTF_CASSPRDTPTDTQYF;CALMDSNYQLIW_CASSNPGPVQETQYF;CAVALSNRDDKIIF_CASSEYYRGHEQYF;CAYQGDYGGSQGNLIF_CASSYSSGDQPQHF;CVVRSTDSWGKLQF_CATSDGDSYYNEQFF;CAASAQGGSEKLVF_CASSASSYNSPLHF;NA_CASSHTSVGPGANVLTF;NA_CSRFMDSGSSYEQYF;CAASANAGNMLTF_CASSLRYNEQFF;CAVNVGRAAGNKLTF_CASSLGDRDDEQFF;NA_CASSNTGTGNTEAFF;CAGLGGSNYKLTF_NA;CVVTGTTSGTYKYIF_CASSYSGEQYF;CAVGSNDYKLSF_CASSVYQETQYF;CAVYNDMRF_CASSVNKKSETPNTEAFF;NA_CASGFPDTQYF;CAPLRTTSGTYKYIF_CASSTRTGMREKLFF;CAASQGSNYQLIW_CASSEGGRGIYEQYF;CAFMKHHMFSGAGSYQLTF_NA;NA_CATSDTMSGRDRNEQFF;CATGLSGGSYIPTF_CASSYAVPNTEAFF;NA_CASNQGSSNQPQHF;NA_CASSSYPTGEKLFF;CVVTPFSGGYNKLIF_CASSGAGAYNEQFF;CAVRGGGNTPLVF_CASTPGYRLNTEAFF;CAARAAWVPQSRTGRRALTF_CASLGVGNTEAFF;CAVRDPSNDYKLSF_CASRREAGNQPQHF;CAGQGGNQGGKLIF_CATSRDQKNIQYF;CAVIRSGGSNYKLTF_CASSLVGDRENEQFF;NA_CASSQDYPGQVNYEQYF;CAVNMNRDDKIIF_CASSVAAVNEKLFF;CAVNAPSGGNKLVF_CASRERDGYTGELFF;NA_CASSFKGLNTEAFF;NA_CASSLSWGRGKNQPQHF;CAMREFNTGGFKTIF_CASRPTGSENQPQHF;CALEDNARLMF_CASRRQGARNTEAFF;NA_CASSQGQGISNQPQHF;CAVRVRNTDKLIF_NA;CILRDATSGTYKYIF_CASGTGDQETQYF;NA_CASSFSGRFEQFF;CAVRDRGFKTIF_CASSLGGNHEQYF;CAALSGGSNYKLTF_CASSMAVLDEQYF;CAVGALTGGGADGLTF_CASSRGGLGTDTQYF;CATDDQAGTALIF_CATSVGSGTFYEQYF;CAARIVFAGSYQLTF_CASSNPKTANYGYTF;CAVQGYDNFNKFYF_CASSRELGSPLHF;CAVNRSNDYKLSF_CASRRARGEKLFF;CAVSEDTGGFKTIF_CASSSTDRAGKAFF;CAVNSNNFNKFYF_CASSPSGRETQYF;CALDMGSNYQLIW_CASSGSQGKGYYGYTF;CALGPSYSGAGSYQLTF_CASSLEVNTEAFF;CAARTSGAGSYQLTF_CASRHGGSSYNEQFF;CVVNWDTGNQFYF_CASSRPLNLNYGYTF;CAGDTGGFKTIF_CASRSGLLDNEKLFF;CAVASGAGSYQLTF_CAWSVGGTGDTQYF;NA_CASTIGMGNQPQHF;CAGRGSGTYKYIF_CATSSPTSESYEQYF;CVVNGEGFQKLVF_CASSLGGFNGELFF;CAASESAGNKLTF_CASSLYRGNSYNEQFF;CAERTPGFQKLVF_CASEGVISYEQYF;CAVTGDTGNQFYF_CASSRGQGAYEQYF;CAASNTGTASKLTF_NA;CAVGAEAAGNKLTF_CASSQDINKPNYGYTF;CAPPSPGGSTLGRLYF_CASSESRSQTYGYTF;CAVNSWTGTASKLTF_CASSLAGGRYDTQYF;CAPKDTDGQKLLF_CASSLDSREQFF;NA_CASSPSRAEQFF;CAVSDRGNTPLVF_CASSLTPRGQETQYF;CAAAEGSNYQLIW_CATTDGRDEQFF;CIPAPLGFGNVLHC_CASSFTTGANVLTF;CAKYNFNKFYF_CASSRLAGTDTQYF;CAVSDQGGKLIF_CASSSTALTEAFF;CVVSRYSGGGADGLTF_CASSINGGRKDEQFF;CAAIETSGSRLTF_CASSPSDRVNSPLHF;CAVIPRNNNDMRF_CASSVHTEAFF;CAVESDSGGGADGLTF_CASSFLGGAYEQYF;CVVSAGPYGGSQGNLIF_CASSPPGGPLHF;CIVPRAGNMLTF_CASSQEPTGDYWFYEQYF;CATAEAGNNRKLIW_CSVEFGVATEAFF;CAEILQGGKLIF_CASSAALTEAFF;CVVNIPLKGFKTIF_CASRPSWGSNEQFF;CAGYNYGQNFVF_CAIRGTSNEKLFF;CAFGTGTYKYIF_CASSQDLGHGETQYF;CAANNNAGNMLTF_CSVERGSSYNEQFF;CALSDRDFGNEKLTF_CASRPRRDRGTQYF;CAVNAAGGYNKLIF_CATSDGSTDTQYF;NA_CASSFQGAGSYGYTF;NA_CASSPLTGAPIQVAKNIQYF;NA_CASSFFGIDTEAFF;CAVSGPQGGSEKLVF_CASSLTGTSGGFEQYF;CAVSPAVGHTGFQKLVF_CASRPFRESSYNEQFF;CAFITGTASKLTF_CASRRASGATYEQYF;CILRVAGGTSYGKLTF_CASSPPGLAGVIEQFF;CAVPSGSRLTF_CASSPHIANTGELFF;CAAPLSGGYNKLIF_CASSLTRDLETQYF;CAVSDGGNTGKLIF_CASSQLRGDTQYF;CVVSAGRGNNRLAF_CASSPGVAVSSYNEQFF;CAGGGGANSKLTF_CASSLLGSPDTQYF;CAYGDWGTGTASKLTF_CASSPRLAGGETQYF;NA_CASVSRTDTQYF;CVVSVTGTASKLTF_CASSLAPSPSYNEQFF;CARSNNNNDMRF_CASKPRANYGYTF;NA_CASSLAAGGLSGELFF;CAAILGFQKLVF_CASSFQPSGGAYTGELFF;CAVRGSSSNTGKLIF_CASSFRDRATVEAFF;CAFEGSSGDKLTF_CASSLGQFGSGANVLTF;CAPSGYQKVTF_CASSYSTGEETQYF;CAVGNTGNQFYF_CAISASLSTDTQYF;CALSEADRGSTLGRLYF_CASSQNPWDGYTF;CALRNNNARLMF_CASWGGTEQYF;CALDITLGQAGTALIF_CASSDFQGTGELFF;CVVWKNKLIF_CASSISRDRINYGYTF;CAAGYNDYKLSF_CASSSRTGGRGDEQFF;CAVNDYKLSF_CASSMDRGNQPQHF;CATDRGNAGKSTF_NA;CAASFYHAGSTLGRLYF_CASRLQGGNQPQHF;CAVTSNAGNMLTF_CASSHGQGRSYEQYF;CAVSPSGGSNYKLTF_CATSDVRQNGTYEQYF;CAVSGPSGGYNKLIF_CASSFHPEKFF;CAVTYGSSGSARQLTF_CASSYFLSGANVLTF;CGTESGNFNKFYF_CASSYSGSGPGANVLTF;CAPFFGNEKLTF_CASSATPTGVRNYGYTF;CAGPNNNARLMF_CASSYSGGPGNTIYF;CAMSGEGFSGGGADGLTF_CASSLLTGNYGYTF;CALRGAGNNRKLIW_CASSYSDRGPMYGYTF;CAAGRTGNQFYF_CASSLWTGRNYGYTF;CATETSGTYKYIF_NA;CSRYAGNNRKLIW_CATSDFGQGSTGEQFF;CAASIGGSQGNLIF_CAISPEPGSYNEQFF;CAAPGGSNYKLTF_NA;CAALTHTGANSKLTF_CASSLDSRYAQYF;CAARGGGTSYGKLTF_CASSLGRAVVYGYTF;CAADFTGNQFYF_CAWSVRSPNQPQHF;CAVSPNSGGYQKVTF_CASSYSQGLGNSPLHF;CAASAGQGAQKLVF_CASGGRGGFSNQPQHF;CAVNIAGGTSYGKLTF_CASSSGATGNTIYF;CAVNPYRGSTLGRLYF_CAWSWTGGETQYF;CAARSSGNTPLVF_CASSLRTVEQYF;CAASAFSGNTGKLIF_CASSLPGTEAFF;CAGVTNFNKFYF_CASRIGPSSGANVLTF;NA_CASRPLARTGELFF;CAESPPTGGFKTIF_NA	10	19	CAVRREETSGSRLTF_CASSLSQGPGELFF;NA_CASSLGGQETQYF;CAATGGGNKLTF_CASSLANRGSGNTIYF;CAVRSTYNFNKFYF_CASSQNSGASSGANVLTF;CAHNQAGTALIF_CASSWDGTTTNYGYTF;CAEMNQAGTALIF_CASSSGGTGDTQYF;CAVRPGTGRRALTF_CASSSPTGTNTGELFF;CAVNSNSGYALNF_CASSLPRTINEQFF;CAVGAQRPLVF_CASSPQEASYNEQFF;CAVVIASGSRLTF_CASSLGGIRNTIYF;CAVIKGAQKLVF_CASSSFGQGGYEQYF;CALSEGGKLIF_CASSLGYGYTF;CAELRSSNTGKLIF_CASSSRAGTGGVQQYF;CIVRGANAGGTSYGKLTF_CASSLQFGGAPMNTEAFF;CGTGTDSWGKLQF_CASSRTGTGVNEQFF;CAASGVGGNEKLTF_CASSLGRRQYF;CVVNGQKLLF_CASRKRDGNTEAFF;CAVEGRDGGTSYGKLTF_CASSLGASGYYEQYF;CAVRDLGLEKSGGSYIPTF_CASSLALPQFF	0	NA
8	228	CALRPSGGSNYKLTF_CASSQARDSLEQYF;CALSEADRGSTLGRLYF_CASSPGRGRRNTEAFF;CAVINSGGYQKVTF_CASSSDRGRGIEAFF;CAASMSGNTGKLIF_CASTPLGTGVTEAFF;CAVRSSSGGGADGLTF_CASVNRGSTEAFF;CAALLNARLMF_CASTGGTPDTQYF;CAVQAGRETSGSRLTF_CASKRAGASYGYTF;CAVGGSNDYKLSF_CASSGGQSSTGELFF;NA_CASSTTGTKDMVWGEQYF;NA_CASSLEAQAFGTEAFF;CAVSGGGSYIPTF_CASSLRDREGGEQYF;CAVNTGGFKTIF_CASTIGLAGGRDEQFF;CAVGLHSNYQLIW_CAITGFRDQPQHF;CAASTWAGGFKTIF_CASSPTGQADTEAFF;CAFTLNFGNEKLTF_CASRGGGTGGSLSGYTF;CALRLLFTGNQFYF_CASSLKGQGNEQFF;CGAATVGNQFYF_CASSLLASSYNEQFF;CAALGGATNKLIF_CATSRWPGVNTEAFF;CAEIGGSYIPTF_CAWGDSSTDTQYF;CAVRGVNFGNEKLTF_CASSQGQQYEQYF;CAVGGGAQKLVF_CASSSFYNSPLHF;CAVTRLYSSASKIIF_CASSLVLSGGEYEQYF;CAASRGNQGGKLIF_CATSGRGADYQETQYF;NA_CASRAGRTSPLHF;CAVSSGGSYIPTF_CASSQPRGETYEQYF;CVVSETGGFKTIF_CASSRTGSTTEAFF;CAEKASRGATNKLIF_CASRRTMNTEAFF;CAPSSGGYNKLIF_CSVEQGSTEAFF;CAFYGGSQGNLIF_CASSLVGVDNSPLHF;CAGGDSWGKLQF_CASSQEDGTYEQYF;CAVTTSGTYKYIF_CASSTQRTANYGYTF;CAGRYDFNKFYF_CASSVSSRNTEAFF;CAGYNFNKFYF_CASSPGTAYGYTF;CAARDQKVTF_CASSRQDYNSPLHF;CAESMEYGQNFVF_CASSPGQLNSPLHF;CATRYRVYSGGGADGLTF_CASSYKLAGDTYEQYF;NA_CASSAHGSYRATDTQYF;CAVMGTGGFKTIF_CASSEDRGIAKNIQYF;CAADPSSGSARQLTF_CASSFLQGPLIEETQYF;CAVTMIKAAGNKLTF_CASSLPTGGHMNTEAFF;CAVRTGTSGAQKLVF_CASSQPGALNTEAFF;CAVSDAAAGNKLTF_CASSYSSRHGYTF;CAFNLGATNKLIF_CASTLDRLGNSPLHF;CIVRVAGGGADGLTF_CASSWSGGVTGELFF;CGDKLIF_CASSPGLRTGELFF;CAGRDNYGQNFVF_CASSPRATGELFF;CAGGEAGKSTF_CASSLAYRGEKLFF;CALEGDMRF_CAISFREQETQYF;CVVSELRRALTF_CSVERNNEQFF;CAVTTTDSWGKFQF_CASSYSGQLNTEAFF;CASRNQAGTALIF_CASSPLGAEGSNQPQHF;CAGAPSGTYKYIF_CASSILAATSEQYF;CAMSGDTGGFKTIF_CATSDSGTREDTQYF;NA_CASSQEGSEDSISTLYGYTF;CAASDSGGSQGNLIF_CASSESWASNSPLHF;NA_CASTPLPPGQSPLHF;CAEIANFNKFYF_CSARDLDGYGYTF;CAVNIYYGNNRLAF_CASGLGGQGLREQYF;NA_CASNDEITNEKLFF;CAVQGAQKLVF_CASSSPTGLGYGYTF;CAVKAAGNKLTF_CASSLKLQGAPAF;CAVRDRGTGGFKTIF_CASGFPEGEQYF;CAESIDGATNKLIF_CSVPKEDMYVDEQFF;CAVSEPSGSARQLTF_CASSDRPGNTIYF;CALYMDTGRRALTF_CASSQPDETQYF;CAALYYGNNRLAF_CASSEVTGLADEQYF;CALSDPVNTGNQFYF_CASRPGTGRRSNQPQHF;CAVSANNNDMRF_CASSLAPRHTGELFF;CAVRGGMTGYSTLTF_CASSLTGGQGTFSTDTQYF;CAVVGGTSYGKLTF_CASSRSEGARPLHF;CAVVGVSGGYNKLIF_CASSDRQGAYTEAFF;CVVSADQAGTALIF_CASSEERSYEQYF;CIVRVDTNAGKSTF_CATSDFPHNEQFF;CASQNRDDKIIF_CASSYSAYEQYF;CVVTRGGGGKLIF_CASSLGLGTLSYEQYF;CAGQTSGTYKYIF_CASSRQGTGANVLTF;CALGSGSNYQLIW_CASSQRGQGVGNEQFF;CAVSASNTGGFKTIF_CAWSVQGGPHNEQFF;CAVSSLSGGYNKLIF_CASSWDRGRVHNEQFF;CAVFPGGTSYGKLTF_CASSPRGPTDTQYF;CAAQDPMEYGNKLVF_CASSYSALRRDTQYF;NA_CASSPGQANEQFF;CAAGRGNTPLVF_CASSVDSVGELFF;NA_CATSPGISSYNEQFF;CAVSSIDNFNKFYF_CASSSPSGGSYEQYF;CGIQGAQKLVF_CASSLTRTEAFF;CAMSSLMDTGRRALTF_CASSPRDTPTDTQYF;CALMDSNYQLIW_CASSNPGPVQETQYF;CAVALSNRDDKIIF_CASSEYYRGHEQYF;CAYQGDYGGSQGNLIF_CASSYSSGDQPQHF;CVVRSTDSWGKLQF_CATSDGDSYYNEQFF;CAASAQGGSEKLVF_CASSASSYNSPLHF;NA_CASSHTSVGPGANVLTF;NA_CSRFMDSGSSYEQYF;CAASANAGNMLTF_CASSLRYNEQFF;CAVNVGRAAGNKLTF_CASSLGDRDDEQFF;NA_CASSNTGTGNTEAFF;CAGLGGSNYKLTF_NA;CVVTGTTSGTYKYIF_CASSYSGEQYF;CAVGSNDYKLSF_CASSVYQETQYF;CAVYNDMRF_CASSVNKKSETPNTEAFF;NA_CASGFPDTQYF;CAPLRTTSGTYKYIF_CASSTRTGMREKLFF;CAASQGSNYQLIW_CASSEGGRGIYEQYF;CAFMKHHMFSGAGSYQLTF_NA;NA_CATSDTMSGRDRNEQFF;CATGLSGGSYIPTF_CASSYAVPNTEAFF;NA_CASNQGSSNQPQHF;NA_CASSSYPTGEKLFF;CVVTPFSGGYNKLIF_CASSGAGAYNEQFF;CAVRGGGNTPLVF_CASTPGYRLNTEAFF;CAARAAWVPQSRTGRRALTF_CASLGVGNTEAFF;CAVRDPSNDYKLSF_CASRREAGNQPQHF;CAGQGGNQGGKLIF_CATSRDQKNIQYF;CAVIRSGGSNYKLTF_CASSLVGDRENEQFF;NA_CASSQDYPGQVNYEQYF;CAVNMNRDDKIIF_CASSVAAVNEKLFF;CAVNAPSGGNKLVF_CASRERDGYTGELFF;NA_CASSFKGLNTEAFF;NA_CASSLSWGRGKNQPQHF;CAMREFNTGGFKTIF_CASRPTGSENQPQHF;CALEDNARLMF_CASRRQGARNTEAFF;NA_CASSQGQGISNQPQHF;CAVRVRNTDKLIF_NA;CILRDATSGTYKYIF_CASGTGDQETQYF;NA_CASSFSGRFEQFF;CAVRDRGFKTIF_CASSLGGNHEQYF;CAALSGGSNYKLTF_CASSMAVLDEQYF;CAVGALTGGGADGLTF_CASSRGGLGTDTQYF;CATDDQAGTALIF_CATSVGSGTFYEQYF;CAARIVFAGSYQLTF_CASSNPKTANYGYTF;CAVQGYDNFNKFYF_CASSRELGSPLHF;CAVNRSNDYKLSF_CASRRARGEKLFF;CAVSEDTGGFKTIF_CASSSTDRAGKAFF;CAVNSNNFNKFYF_CASSPSGRETQYF;CALDMGSNYQLIW_CASSGSQGKGYYGYTF;CALGPSYSGAGSYQLTF_CASSLEVNTEAFF;CAARTSGAGSYQLTF_CASRHGGSSYNEQFF;CVVNWDTGNQFYF_CASSRPLNLNYGYTF;CAGDTGGFKTIF_CASRSGLLDNEKLFF;CAVASGAGSYQLTF_CAWSVGGTGDTQYF;NA_CASTIGMGNQPQHF;CAGRGSGTYKYIF_CATSSPTSESYEQYF;CVVNGEGFQKLVF_CASSLGGFNGELFF;CAASESAGNKLTF_CASSLYRGNSYNEQFF;CAERTPGFQKLVF_CASEGVISYEQYF;CAVTGDTGNQFYF_CASSRGQGAYEQYF;CAASNTGTASKLTF_NA;CAVGAEAAGNKLTF_CASSQDINKPNYGYTF;CAPPSPGGSTLGRLYF_CASSESRSQTYGYTF;CAVNSWTGTASKLTF_CASSLAGGRYDTQYF;CAPKDTDGQKLLF_CASSLDSREQFF;NA_CASSPSRAEQFF;CAVSDRGNTPLVF_CASSLTPRGQETQYF;CAAAEGSNYQLIW_CATTDGRDEQFF;CIPAPLGFGNVLHC_CASSFTTGANVLTF;CAKYNFNKFYF_CASSRLAGTDTQYF;CAVSDQGGKLIF_CASSSTALTEAFF;CVVSRYSGGGADGLTF_CASSINGGRKDEQFF;CAAIETSGSRLTF_CASSPSDRVNSPLHF;CAVIPRNNNDMRF_CASSVHTEAFF;CAVESDSGGGADGLTF_CASSFLGGAYEQYF;CVVSAGPYGGSQGNLIF_CASSPPGGPLHF;CIVPRAGNMLTF_CASSQEPTGDYWFYEQYF;CATAEAGNNRKLIW_CSVEFGVATEAFF;CAEILQGGKLIF_CASSAALTEAFF;CVVNIPLKGFKTIF_CASRPSWGSNEQFF;CAGYNYGQNFVF_CAIRGTSNEKLFF;CAFGTGTYKYIF_CASSQDLGHGETQYF;CAANNNAGNMLTF_CSVERGSSYNEQFF;CALSDRDFGNEKLTF_CASRPRRDRGTQYF;CAVNAAGGYNKLIF_CATSDGSTDTQYF;NA_CASSFQGAGSYGYTF;NA_CASSPLTGAPIQVAKNIQYF;NA_CASSFFGIDTEAFF;CAVSGPQGGSEKLVF_CASSLTGTSGGFEQYF;CAVSPAVGHTGFQKLVF_CASRPFRESSYNEQFF;CAFITGTASKLTF_CASRRASGATYEQYF;CILRVAGGTSYGKLTF_CASSPPGLAGVIEQFF;CAVPSGSRLTF_CASSPHIANTGELFF;CAAPLSGGYNKLIF_CASSLTRDLETQYF;CAVSDGGNTGKLIF_CASSQLRGDTQYF;CVVSAGRGNNRLAF_CASSPGVAVSSYNEQFF;CAGGGGANSKLTF_CASSLLGSPDTQYF;CAYGDWGTGTASKLTF_CASSPRLAGGETQYF;NA_CASVSRTDTQYF;CVVSVTGTASKLTF_CASSLAPSPSYNEQFF;CARSNNNNDMRF_CASKPRANYGYTF;NA_CASSLAAGGLSGELFF;CAAILGFQKLVF_CASSFQPSGGAYTGELFF;CAVRGSSSNTGKLIF_CASSFRDRATVEAFF;CAFEGSSGDKLTF_CASSLGQFGSGANVLTF;CAPSGYQKVTF_CASSYSTGEETQYF;CAVGNTGNQFYF_CAISASLSTDTQYF;CALSEADRGSTLGRLYF_CASSQNPWDGYTF;CALRNNNARLMF_CASWGGTEQYF;CALDITLGQAGTALIF_CASSDFQGTGELFF;CVVWKNKLIF_CASSISRDRINYGYTF;CAAGYNDYKLSF_CASSSRTGGRGDEQFF;CAVNDYKLSF_CASSMDRGNQPQHF;CATDRGNAGKSTF_NA;CAASFYHAGSTLGRLYF_CASRLQGGNQPQHF;CAVTSNAGNMLTF_CASSHGQGRSYEQYF;CAVSPSGGSNYKLTF_CATSDVRQNGTYEQYF;CAVSGPSGGYNKLIF_CASSFHPEKFF;CAVTYGSSGSARQLTF_CASSYFLSGANVLTF;CGTESGNFNKFYF_CASSYSGSGPGANVLTF;CAPFFGNEKLTF_CASSATPTGVRNYGYTF;CAGPNNNARLMF_CASSYSGGPGNTIYF;CAMSGEGFSGGGADGLTF_CASSLLTGNYGYTF;CALRGAGNNRKLIW_CASSYSDRGPMYGYTF;CAAGRTGNQFYF_CASSLWTGRNYGYTF;CATETSGTYKYIF_NA;CSRYAGNNRKLIW_CATSDFGQGSTGEQFF;CAASIGGSQGNLIF_CAISPEPGSYNEQFF;CAAPGGSNYKLTF_NA;CAALTHTGANSKLTF_CASSLDSRYAQYF;CAARGGGTSYGKLTF_CASSLGRAVVYGYTF;CAADFTGNQFYF_CAWSVRSPNQPQHF;CAVSPNSGGYQKVTF_CASSYSQGLGNSPLHF;CAASAGQGAQKLVF_CASGGRGGFSNQPQHF;CAVNIAGGTSYGKLTF_CASSSGATGNTIYF;CAVNPYRGSTLGRLYF_CAWSWTGGETQYF;CAARSSGNTPLVF_CASSLRTVEQYF;CAASAFSGNTGKLIF_CASSLPGTEAFF;CAGVTNFNKFYF_CASRIGPSSGANVLTF;NA_CASRPLARTGELFF;CAESPPTGGFKTIF_NA	11	13	CALSEAWAEKLVF_CASSLGEGLQETQYF;NA_CASGPTGGSTYNSPLHF;CAYRATGNQFYF_CASRVQGALTDTQYF;CAVVYSGAGSYQLTF_CASSVAGSSYEQYF;CAVPYNTDKLIF_CASSLSRANEQYF;CIVRVATDKLIF_CASSQFLAGEENEQFF;CAMSAGNQAGTALIF_CASSPRGNEQYF;CAVSPKETSGSRLTF_CASSLRGGTGYSGELFF;CAYRSGVRAGTASKLTF_CASSLKGLVAEAFF;CAVKGGSYIPTF_CASSVTGLSSYEQYF;CAANLLNSNARLMF_CASSLLTQGSEQYF;CAMRDVASGGSYIPTF_CASSLEGLWNQETQYF;CAAGRGSGTYKYIF_CASSLLGGENTEAFF	0	NA
8	228	CALRPSGGSNYKLTF_CASSQARDSLEQYF;CALSEADRGSTLGRLYF_CASSPGRGRRNTEAFF;CAVINSGGYQKVTF_CASSSDRGRGIEAFF;CAASMSGNTGKLIF_CASTPLGTGVTEAFF;CAVRSSSGGGADGLTF_CASVNRGSTEAFF;CAALLNARLMF_CASTGGTPDTQYF;CAVQAGRETSGSRLTF_CASKRAGASYGYTF;CAVGGSNDYKLSF_CASSGGQSSTGELFF;NA_CASSTTGTKDMVWGEQYF;NA_CASSLEAQAFGTEAFF;CAVSGGGSYIPTF_CASSLRDREGGEQYF;CAVNTGGFKTIF_CASTIGLAGGRDEQFF;CAVGLHSNYQLIW_CAITGFRDQPQHF;CAASTWAGGFKTIF_CASSPTGQADTEAFF;CAFTLNFGNEKLTF_CASRGGGTGGSLSGYTF;CALRLLFTGNQFYF_CASSLKGQGNEQFF;CGAATVGNQFYF_CASSLLASSYNEQFF;CAALGGATNKLIF_CATSRWPGVNTEAFF;CAEIGGSYIPTF_CAWGDSSTDTQYF;CAVRGVNFGNEKLTF_CASSQGQQYEQYF;CAVGGGAQKLVF_CASSSFYNSPLHF;CAVTRLYSSASKIIF_CASSLVLSGGEYEQYF;CAASRGNQGGKLIF_CATSGRGADYQETQYF;NA_CASRAGRTSPLHF;CAVSSGGSYIPTF_CASSQPRGETYEQYF;CVVSETGGFKTIF_CASSRTGSTTEAFF;CAEKASRGATNKLIF_CASRRTMNTEAFF;CAPSSGGYNKLIF_CSVEQGSTEAFF;CAFYGGSQGNLIF_CASSLVGVDNSPLHF;CAGGDSWGKLQF_CASSQEDGTYEQYF;CAVTTSGTYKYIF_CASSTQRTANYGYTF;CAGRYDFNKFYF_CASSVSSRNTEAFF;CAGYNFNKFYF_CASSPGTAYGYTF;CAARDQKVTF_CASSRQDYNSPLHF;CAESMEYGQNFVF_CASSPGQLNSPLHF;CATRYRVYSGGGADGLTF_CASSYKLAGDTYEQYF;NA_CASSAHGSYRATDTQYF;CAVMGTGGFKTIF_CASSEDRGIAKNIQYF;CAADPSSGSARQLTF_CASSFLQGPLIEETQYF;CAVTMIKAAGNKLTF_CASSLPTGGHMNTEAFF;CAVRTGTSGAQKLVF_CASSQPGALNTEAFF;CAVSDAAAGNKLTF_CASSYSSRHGYTF;CAFNLGATNKLIF_CASTLDRLGNSPLHF;CIVRVAGGGADGLTF_CASSWSGGVTGELFF;CGDKLIF_CASSPGLRTGELFF;CAGRDNYGQNFVF_CASSPRATGELFF;CAGGEAGKSTF_CASSLAYRGEKLFF;CALEGDMRF_CAISFREQETQYF;CVVSELRRALTF_CSVERNNEQFF;CAVTTTDSWGKFQF_CASSYSGQLNTEAFF;CASRNQAGTALIF_CASSPLGAEGSNQPQHF;CAGAPSGTYKYIF_CASSILAATSEQYF;CAMSGDTGGFKTIF_CATSDSGTREDTQYF;NA_CASSQEGSEDSISTLYGYTF;CAASDSGGSQGNLIF_CASSESWASNSPLHF;NA_CASTPLPPGQSPLHF;CAEIANFNKFYF_CSARDLDGYGYTF;CAVNIYYGNNRLAF_CASGLGGQGLREQYF;NA_CASNDEITNEKLFF;CAVQGAQKLVF_CASSSPTGLGYGYTF;CAVKAAGNKLTF_CASSLKLQGAPAF;CAVRDRGTGGFKTIF_CASGFPEGEQYF;CAESIDGATNKLIF_CSVPKEDMYVDEQFF;CAVSEPSGSARQLTF_CASSDRPGNTIYF;CALYMDTGRRALTF_CASSQPDETQYF;CAALYYGNNRLAF_CASSEVTGLADEQYF;CALSDPVNTGNQFYF_CASRPGTGRRSNQPQHF;CAVSANNNDMRF_CASSLAPRHTGELFF;CAVRGGMTGYSTLTF_CASSLTGGQGTFSTDTQYF;CAVVGGTSYGKLTF_CASSRSEGARPLHF;CAVVGVSGGYNKLIF_CASSDRQGAYTEAFF;CVVSADQAGTALIF_CASSEERSYEQYF;CIVRVDTNAGKSTF_CATSDFPHNEQFF;CASQNRDDKIIF_CASSYSAYEQYF;CVVTRGGGGKLIF_CASSLGLGTLSYEQYF;CAGQTSGTYKYIF_CASSRQGTGANVLTF;CALGSGSNYQLIW_CASSQRGQGVGNEQFF;CAVSASNTGGFKTIF_CAWSVQGGPHNEQFF;CAVSSLSGGYNKLIF_CASSWDRGRVHNEQFF;CAVFPGGTSYGKLTF_CASSPRGPTDTQYF;CAAQDPMEYGNKLVF_CASSYSALRRDTQYF;NA_CASSPGQANEQFF;CAAGRGNTPLVF_CASSVDSVGELFF;NA_CATSPGISSYNEQFF;CAVSSIDNFNKFYF_CASSSPSGGSYEQYF;CGIQGAQKLVF_CASSLTRTEAFF;CAMSSLMDTGRRALTF_CASSPRDTPTDTQYF;CALMDSNYQLIW_CASSNPGPVQETQYF;CAVALSNRDDKIIF_CASSEYYRGHEQYF;CAYQGDYGGSQGNLIF_CASSYSSGDQPQHF;CVVRSTDSWGKLQF_CATSDGDSYYNEQFF;CAASAQGGSEKLVF_CASSASSYNSPLHF;NA_CASSHTSVGPGANVLTF;NA_CSRFMDSGSSYEQYF;CAASANAGNMLTF_CASSLRYNEQFF;CAVNVGRAAGNKLTF_CASSLGDRDDEQFF;NA_CASSNTGTGNTEAFF;CAGLGGSNYKLTF_NA;CVVTGTTSGTYKYIF_CASSYSGEQYF;CAVGSNDYKLSF_CASSVYQETQYF;CAVYNDMRF_CASSVNKKSETPNTEAFF;NA_CASGFPDTQYF;CAPLRTTSGTYKYIF_CASSTRTGMREKLFF;CAASQGSNYQLIW_CASSEGGRGIYEQYF;CAFMKHHMFSGAGSYQLTF_NA;NA_CATSDTMSGRDRNEQFF;CATGLSGGSYIPTF_CASSYAVPNTEAFF;NA_CASNQGSSNQPQHF;NA_CASSSYPTGEKLFF;CVVTPFSGGYNKLIF_CASSGAGAYNEQFF;CAVRGGGNTPLVF_CASTPGYRLNTEAFF;CAARAAWVPQSRTGRRALTF_CASLGVGNTEAFF;CAVRDPSNDYKLSF_CASRREAGNQPQHF;CAGQGGNQGGKLIF_CATSRDQKNIQYF;CAVIRSGGSNYKLTF_CASSLVGDRENEQFF;NA_CASSQDYPGQVNYEQYF;CAVNMNRDDKIIF_CASSVAAVNEKLFF;CAVNAPSGGNKLVF_CASRERDGYTGELFF;NA_CASSFKGLNTEAFF;NA_CASSLSWGRGKNQPQHF;CAMREFNTGGFKTIF_CASRPTGSENQPQHF;CALEDNARLMF_CASRRQGARNTEAFF;NA_CASSQGQGISNQPQHF;CAVRVRNTDKLIF_NA;CILRDATSGTYKYIF_CASGTGDQETQYF;NA_CASSFSGRFEQFF;CAVRDRGFKTIF_CASSLGGNHEQYF;CAALSGGSNYKLTF_CASSMAVLDEQYF;CAVGALTGGGADGLTF_CASSRGGLGTDTQYF;CATDDQAGTALIF_CATSVGSGTFYEQYF;CAARIVFAGSYQLTF_CASSNPKTANYGYTF;CAVQGYDNFNKFYF_CASSRELGSPLHF;CAVNRSNDYKLSF_CASRRARGEKLFF;CAVSEDTGGFKTIF_CASSSTDRAGKAFF;CAVNSNNFNKFYF_CASSPSGRETQYF;CALDMGSNYQLIW_CASSGSQGKGYYGYTF;CALGPSYSGAGSYQLTF_CASSLEVNTEAFF;CAARTSGAGSYQLTF_CASRHGGSSYNEQFF;CVVNWDTGNQFYF_CASSRPLNLNYGYTF;CAGDTGGFKTIF_CASRSGLLDNEKLFF;CAVASGAGSYQLTF_CAWSVGGTGDTQYF;NA_CASTIGMGNQPQHF;CAGRGSGTYKYIF_CATSSPTSESYEQYF;CVVNGEGFQKLVF_CASSLGGFNGELFF;CAASESAGNKLTF_CASSLYRGNSYNEQFF;CAERTPGFQKLVF_CASEGVISYEQYF;CAVTGDTGNQFYF_CASSRGQGAYEQYF;CAASNTGTASKLTF_NA;CAVGAEAAGNKLTF_CASSQDINKPNYGYTF;CAPPSPGGSTLGRLYF_CASSESRSQTYGYTF;CAVNSWTGTASKLTF_CASSLAGGRYDTQYF;CAPKDTDGQKLLF_CASSLDSREQFF;NA_CASSPSRAEQFF;CAVSDRGNTPLVF_CASSLTPRGQETQYF;CAAAEGSNYQLIW_CATTDGRDEQFF;CIPAPLGFGNVLHC_CASSFTTGANVLTF;CAKYNFNKFYF_CASSRLAGTDTQYF;CAVSDQGGKLIF_CASSSTALTEAFF;CVVSRYSGGGADGLTF_CASSINGGRKDEQFF;CAAIETSGSRLTF_CASSPSDRVNSPLHF;CAVIPRNNNDMRF_CASSVHTEAFF;CAVESDSGGGADGLTF_CASSFLGGAYEQYF;CVVSAGPYGGSQGNLIF_CASSPPGGPLHF;CIVPRAGNMLTF_CASSQEPTGDYWFYEQYF;CATAEAGNNRKLIW_CSVEFGVATEAFF;CAEILQGGKLIF_CASSAALTEAFF;CVVNIPLKGFKTIF_CASRPSWGSNEQFF;CAGYNYGQNFVF_CAIRGTSNEKLFF;CAFGTGTYKYIF_CASSQDLGHGETQYF;CAANNNAGNMLTF_CSVERGSSYNEQFF;CALSDRDFGNEKLTF_CASRPRRDRGTQYF;CAVNAAGGYNKLIF_CATSDGSTDTQYF;NA_CASSFQGAGSYGYTF;NA_CASSPLTGAPIQVAKNIQYF;NA_CASSFFGIDTEAFF;CAVSGPQGGSEKLVF_CASSLTGTSGGFEQYF;CAVSPAVGHTGFQKLVF_CASRPFRESSYNEQFF;CAFITGTASKLTF_CASRRASGATYEQYF;CILRVAGGTSYGKLTF_CASSPPGLAGVIEQFF;CAVPSGSRLTF_CASSPHIANTGELFF;CAAPLSGGYNKLIF_CASSLTRDLETQYF;CAVSDGGNTGKLIF_CASSQLRGDTQYF;CVVSAGRGNNRLAF_CASSPGVAVSSYNEQFF;CAGGGGANSKLTF_CASSLLGSPDTQYF;CAYGDWGTGTASKLTF_CASSPRLAGGETQYF;NA_CASVSRTDTQYF;CVVSVTGTASKLTF_CASSLAPSPSYNEQFF;CARSNNNNDMRF_CASKPRANYGYTF;NA_CASSLAAGGLSGELFF;CAAILGFQKLVF_CASSFQPSGGAYTGELFF;CAVRGSSSNTGKLIF_CASSFRDRATVEAFF;CAFEGSSGDKLTF_CASSLGQFGSGANVLTF;CAPSGYQKVTF_CASSYSTGEETQYF;CAVGNTGNQFYF_CAISASLSTDTQYF;CALSEADRGSTLGRLYF_CASSQNPWDGYTF;CALRNNNARLMF_CASWGGTEQYF;CALDITLGQAGTALIF_CASSDFQGTGELFF;CVVWKNKLIF_CASSISRDRINYGYTF;CAAGYNDYKLSF_CASSSRTGGRGDEQFF;CAVNDYKLSF_CASSMDRGNQPQHF;CATDRGNAGKSTF_NA;CAASFYHAGSTLGRLYF_CASRLQGGNQPQHF;CAVTSNAGNMLTF_CASSHGQGRSYEQYF;CAVSPSGGSNYKLTF_CATSDVRQNGTYEQYF;CAVSGPSGGYNKLIF_CASSFHPEKFF;CAVTYGSSGSARQLTF_CASSYFLSGANVLTF;CGTESGNFNKFYF_CASSYSGSGPGANVLTF;CAPFFGNEKLTF_CASSATPTGVRNYGYTF;CAGPNNNARLMF_CASSYSGGPGNTIYF;CAMSGEGFSGGGADGLTF_CASSLLTGNYGYTF;CALRGAGNNRKLIW_CASSYSDRGPMYGYTF;CAAGRTGNQFYF_CASSLWTGRNYGYTF;CATETSGTYKYIF_NA;CSRYAGNNRKLIW_CATSDFGQGSTGEQFF;CAASIGGSQGNLIF_CAISPEPGSYNEQFF;CAAPGGSNYKLTF_NA;CAALTHTGANSKLTF_CASSLDSRYAQYF;CAARGGGTSYGKLTF_CASSLGRAVVYGYTF;CAADFTGNQFYF_CAWSVRSPNQPQHF;CAVSPNSGGYQKVTF_CASSYSQGLGNSPLHF;CAASAGQGAQKLVF_CASGGRGGFSNQPQHF;CAVNIAGGTSYGKLTF_CASSSGATGNTIYF;CAVNPYRGSTLGRLYF_CAWSWTGGETQYF;CAARSSGNTPLVF_CASSLRTVEQYF;CAASAFSGNTGKLIF_CASSLPGTEAFF;CAGVTNFNKFYF_CASRIGPSSGANVLTF;NA_CASRPLARTGELFF;CAESPPTGGFKTIF_NA	12	13	CALSGNTDKLIF_CASSSRVGGLREQYF;CAAPNAGGTSYGKLTF_CASSSGLLGRAEPQHF;CAVRLDSNYQLIW_CASSLAGQRPAFF;CALPNMDTGRRALTF_CASTYDSSPQYF;CCEDDSWGKLQF_CASSLTANTGELFF;NA_CASRESHLNEKLFF;CAVKSEWTSYDKVIF_CASSFGETQYF;CVVNIGYSSASKIIF_CASSRAQGDTEAFF;NA_CASRGTGGAFNYGYTF;CAFMNRDDKIIF_CASSLTPSSRANTGELFF;CAVQRGSGNTGKLIF_CASSPGPRATEAFF;CIVRVRMNTGFQKLVF_CASSPRDRGYEQYF;CAPRDTGRRALTF_CASSSRDGLYGYTF	0	NA
8	228	CALRPSGGSNYKLTF_CASSQARDSLEQYF;CALSEADRGSTLGRLYF_CASSPGRGRRNTEAFF;CAVINSGGYQKVTF_CASSSDRGRGIEAFF;CAASMSGNTGKLIF_CASTPLGTGVTEAFF;CAVRSSSGGGADGLTF_CASVNRGSTEAFF;CAALLNARLMF_CASTGGTPDTQYF;CAVQAGRETSGSRLTF_CASKRAGASYGYTF;CAVGGSNDYKLSF_CASSGGQSSTGELFF;NA_CASSTTGTKDMVWGEQYF;NA_CASSLEAQAFGTEAFF;CAVSGGGSYIPTF_CASSLRDREGGEQYF;CAVNTGGFKTIF_CASTIGLAGGRDEQFF;CAVGLHSNYQLIW_CAITGFRDQPQHF;CAASTWAGGFKTIF_CASSPTGQADTEAFF;CAFTLNFGNEKLTF_CASRGGGTGGSLSGYTF;CALRLLFTGNQFYF_CASSLKGQGNEQFF;CGAATVGNQFYF_CASSLLASSYNEQFF;CAALGGATNKLIF_CATSRWPGVNTEAFF;CAEIGGSYIPTF_CAWGDSSTDTQYF;CAVRGVNFGNEKLTF_CASSQGQQYEQYF;CAVGGGAQKLVF_CASSSFYNSPLHF;CAVTRLYSSASKIIF_CASSLVLSGGEYEQYF;CAASRGNQGGKLIF_CATSGRGADYQETQYF;NA_CASRAGRTSPLHF;CAVSSGGSYIPTF_CASSQPRGETYEQYF;CVVSETGGFKTIF_CASSRTGSTTEAFF;CAEKASRGATNKLIF_CASRRTMNTEAFF;CAPSSGGYNKLIF_CSVEQGSTEAFF;CAFYGGSQGNLIF_CASSLVGVDNSPLHF;CAGGDSWGKLQF_CASSQEDGTYEQYF;CAVTTSGTYKYIF_CASSTQRTANYGYTF;CAGRYDFNKFYF_CASSVSSRNTEAFF;CAGYNFNKFYF_CASSPGTAYGYTF;CAARDQKVTF_CASSRQDYNSPLHF;CAESMEYGQNFVF_CASSPGQLNSPLHF;CATRYRVYSGGGADGLTF_CASSYKLAGDTYEQYF;NA_CASSAHGSYRATDTQYF;CAVMGTGGFKTIF_CASSEDRGIAKNIQYF;CAADPSSGSARQLTF_CASSFLQGPLIEETQYF;CAVTMIKAAGNKLTF_CASSLPTGGHMNTEAFF;CAVRTGTSGAQKLVF_CASSQPGALNTEAFF;CAVSDAAAGNKLTF_CASSYSSRHGYTF;CAFNLGATNKLIF_CASTLDRLGNSPLHF;CIVRVAGGGADGLTF_CASSWSGGVTGELFF;CGDKLIF_CASSPGLRTGELFF;CAGRDNYGQNFVF_CASSPRATGELFF;CAGGEAGKSTF_CASSLAYRGEKLFF;CALEGDMRF_CAISFREQETQYF;CVVSELRRALTF_CSVERNNEQFF;CAVTTTDSWGKFQF_CASSYSGQLNTEAFF;CASRNQAGTALIF_CASSPLGAEGSNQPQHF;CAGAPSGTYKYIF_CASSILAATSEQYF;CAMSGDTGGFKTIF_CATSDSGTREDTQYF;NA_CASSQEGSEDSISTLYGYTF;CAASDSGGSQGNLIF_CASSESWASNSPLHF;NA_CASTPLPPGQSPLHF;CAEIANFNKFYF_CSARDLDGYGYTF;CAVNIYYGNNRLAF_CASGLGGQGLREQYF;NA_CASNDEITNEKLFF;CAVQGAQKLVF_CASSSPTGLGYGYTF;CAVKAAGNKLTF_CASSLKLQGAPAF;CAVRDRGTGGFKTIF_CASGFPEGEQYF;CAESIDGATNKLIF_CSVPKEDMYVDEQFF;CAVSEPSGSARQLTF_CASSDRPGNTIYF;CALYMDTGRRALTF_CASSQPDETQYF;CAALYYGNNRLAF_CASSEVTGLADEQYF;CALSDPVNTGNQFYF_CASRPGTGRRSNQPQHF;CAVSANNNDMRF_CASSLAPRHTGELFF;CAVRGGMTGYSTLTF_CASSLTGGQGTFSTDTQYF;CAVVGGTSYGKLTF_CASSRSEGARPLHF;CAVVGVSGGYNKLIF_CASSDRQGAYTEAFF;CVVSADQAGTALIF_CASSEERSYEQYF;CIVRVDTNAGKSTF_CATSDFPHNEQFF;CASQNRDDKIIF_CASSYSAYEQYF;CVVTRGGGGKLIF_CASSLGLGTLSYEQYF;CAGQTSGTYKYIF_CASSRQGTGANVLTF;CALGSGSNYQLIW_CASSQRGQGVGNEQFF;CAVSASNTGGFKTIF_CAWSVQGGPHNEQFF;CAVSSLSGGYNKLIF_CASSWDRGRVHNEQFF;CAVFPGGTSYGKLTF_CASSPRGPTDTQYF;CAAQDPMEYGNKLVF_CASSYSALRRDTQYF;NA_CASSPGQANEQFF;CAAGRGNTPLVF_CASSVDSVGELFF;NA_CATSPGISSYNEQFF;CAVSSIDNFNKFYF_CASSSPSGGSYEQYF;CGIQGAQKLVF_CASSLTRTEAFF;CAMSSLMDTGRRALTF_CASSPRDTPTDTQYF;CALMDSNYQLIW_CASSNPGPVQETQYF;CAVALSNRDDKIIF_CASSEYYRGHEQYF;CAYQGDYGGSQGNLIF_CASSYSSGDQPQHF;CVVRSTDSWGKLQF_CATSDGDSYYNEQFF;CAASAQGGSEKLVF_CASSASSYNSPLHF;NA_CASSHTSVGPGANVLTF;NA_CSRFMDSGSSYEQYF;CAASANAGNMLTF_CASSLRYNEQFF;CAVNVGRAAGNKLTF_CASSLGDRDDEQFF;NA_CASSNTGTGNTEAFF;CAGLGGSNYKLTF_NA;CVVTGTTSGTYKYIF_CASSYSGEQYF;CAVGSNDYKLSF_CASSVYQETQYF;CAVYNDMRF_CASSVNKKSETPNTEAFF;NA_CASGFPDTQYF;CAPLRTTSGTYKYIF_CASSTRTGMREKLFF;CAASQGSNYQLIW_CASSEGGRGIYEQYF;CAFMKHHMFSGAGSYQLTF_NA;NA_CATSDTMSGRDRNEQFF;CATGLSGGSYIPTF_CASSYAVPNTEAFF;NA_CASNQGSSNQPQHF;NA_CASSSYPTGEKLFF;CVVTPFSGGYNKLIF_CASSGAGAYNEQFF;CAVRGGGNTPLVF_CASTPGYRLNTEAFF;CAARAAWVPQSRTGRRALTF_CASLGVGNTEAFF;CAVRDPSNDYKLSF_CASRREAGNQPQHF;CAGQGGNQGGKLIF_CATSRDQKNIQYF;CAVIRSGGSNYKLTF_CASSLVGDRENEQFF;NA_CASSQDYPGQVNYEQYF;CAVNMNRDDKIIF_CASSVAAVNEKLFF;CAVNAPSGGNKLVF_CASRERDGYTGELFF;NA_CASSFKGLNTEAFF;NA_CASSLSWGRGKNQPQHF;CAMREFNTGGFKTIF_CASRPTGSENQPQHF;CALEDNARLMF_CASRRQGARNTEAFF;NA_CASSQGQGISNQPQHF;CAVRVRNTDKLIF_NA;CILRDATSGTYKYIF_CASGTGDQETQYF;NA_CASSFSGRFEQFF;CAVRDRGFKTIF_CASSLGGNHEQYF;CAALSGGSNYKLTF_CASSMAVLDEQYF;CAVGALTGGGADGLTF_CASSRGGLGTDTQYF;CATDDQAGTALIF_CATSVGSGTFYEQYF;CAARIVFAGSYQLTF_CASSNPKTANYGYTF;CAVQGYDNFNKFYF_CASSRELGSPLHF;CAVNRSNDYKLSF_CASRRARGEKLFF;CAVSEDTGGFKTIF_CASSSTDRAGKAFF;CAVNSNNFNKFYF_CASSPSGRETQYF;CALDMGSNYQLIW_CASSGSQGKGYYGYTF;CALGPSYSGAGSYQLTF_CASSLEVNTEAFF;CAARTSGAGSYQLTF_CASRHGGSSYNEQFF;CVVNWDTGNQFYF_CASSRPLNLNYGYTF;CAGDTGGFKTIF_CASRSGLLDNEKLFF;CAVASGAGSYQLTF_CAWSVGGTGDTQYF;NA_CASTIGMGNQPQHF;CAGRGSGTYKYIF_CATSSPTSESYEQYF;CVVNGEGFQKLVF_CASSLGGFNGELFF;CAASESAGNKLTF_CASSLYRGNSYNEQFF;CAERTPGFQKLVF_CASEGVISYEQYF;CAVTGDTGNQFYF_CASSRGQGAYEQYF;CAASNTGTASKLTF_NA;CAVGAEAAGNKLTF_CASSQDINKPNYGYTF;CAPPSPGGSTLGRLYF_CASSESRSQTYGYTF;CAVNSWTGTASKLTF_CASSLAGGRYDTQYF;CAPKDTDGQKLLF_CASSLDSREQFF;NA_CASSPSRAEQFF;CAVSDRGNTPLVF_CASSLTPRGQETQYF;CAAAEGSNYQLIW_CATTDGRDEQFF;CIPAPLGFGNVLHC_CASSFTTGANVLTF;CAKYNFNKFYF_CASSRLAGTDTQYF;CAVSDQGGKLIF_CASSSTALTEAFF;CVVSRYSGGGADGLTF_CASSINGGRKDEQFF;CAAIETSGSRLTF_CASSPSDRVNSPLHF;CAVIPRNNNDMRF_CASSVHTEAFF;CAVESDSGGGADGLTF_CASSFLGGAYEQYF;CVVSAGPYGGSQGNLIF_CASSPPGGPLHF;CIVPRAGNMLTF_CASSQEPTGDYWFYEQYF;CATAEAGNNRKLIW_CSVEFGVATEAFF;CAEILQGGKLIF_CASSAALTEAFF;CVVNIPLKGFKTIF_CASRPSWGSNEQFF;CAGYNYGQNFVF_CAIRGTSNEKLFF;CAFGTGTYKYIF_CASSQDLGHGETQYF;CAANNNAGNMLTF_CSVERGSSYNEQFF;CALSDRDFGNEKLTF_CASRPRRDRGTQYF;CAVNAAGGYNKLIF_CATSDGSTDTQYF;NA_CASSFQGAGSYGYTF;NA_CASSPLTGAPIQVAKNIQYF;NA_CASSFFGIDTEAFF;CAVSGPQGGSEKLVF_CASSLTGTSGGFEQYF;CAVSPAVGHTGFQKLVF_CASRPFRESSYNEQFF;CAFITGTASKLTF_CASRRASGATYEQYF;CILRVAGGTSYGKLTF_CASSPPGLAGVIEQFF;CAVPSGSRLTF_CASSPHIANTGELFF;CAAPLSGGYNKLIF_CASSLTRDLETQYF;CAVSDGGNTGKLIF_CASSQLRGDTQYF;CVVSAGRGNNRLAF_CASSPGVAVSSYNEQFF;CAGGGGANSKLTF_CASSLLGSPDTQYF;CAYGDWGTGTASKLTF_CASSPRLAGGETQYF;NA_CASVSRTDTQYF;CVVSVTGTASKLTF_CASSLAPSPSYNEQFF;CARSNNNNDMRF_CASKPRANYGYTF;NA_CASSLAAGGLSGELFF;CAAILGFQKLVF_CASSFQPSGGAYTGELFF;CAVRGSSSNTGKLIF_CASSFRDRATVEAFF;CAFEGSSGDKLTF_CASSLGQFGSGANVLTF;CAPSGYQKVTF_CASSYSTGEETQYF;CAVGNTGNQFYF_CAISASLSTDTQYF;CALSEADRGSTLGRLYF_CASSQNPWDGYTF;CALRNNNARLMF_CASWGGTEQYF;CALDITLGQAGTALIF_CASSDFQGTGELFF;CVVWKNKLIF_CASSISRDRINYGYTF;CAAGYNDYKLSF_CASSSRTGGRGDEQFF;CAVNDYKLSF_CASSMDRGNQPQHF;CATDRGNAGKSTF_NA;CAASFYHAGSTLGRLYF_CASRLQGGNQPQHF;CAVTSNAGNMLTF_CASSHGQGRSYEQYF;CAVSPSGGSNYKLTF_CATSDVRQNGTYEQYF;CAVSGPSGGYNKLIF_CASSFHPEKFF;CAVTYGSSGSARQLTF_CASSYFLSGANVLTF;CGTESGNFNKFYF_CASSYSGSGPGANVLTF;CAPFFGNEKLTF_CASSATPTGVRNYGYTF;CAGPNNNARLMF_CASSYSGGPGNTIYF;CAMSGEGFSGGGADGLTF_CASSLLTGNYGYTF;CALRGAGNNRKLIW_CASSYSDRGPMYGYTF;CAAGRTGNQFYF_CASSLWTGRNYGYTF;CATETSGTYKYIF_NA;CSRYAGNNRKLIW_CATSDFGQGSTGEQFF;CAASIGGSQGNLIF_CAISPEPGSYNEQFF;CAAPGGSNYKLTF_NA;CAALTHTGANSKLTF_CASSLDSRYAQYF;CAARGGGTSYGKLTF_CASSLGRAVVYGYTF;CAADFTGNQFYF_CAWSVRSPNQPQHF;CAVSPNSGGYQKVTF_CASSYSQGLGNSPLHF;CAASAGQGAQKLVF_CASGGRGGFSNQPQHF;CAVNIAGGTSYGKLTF_CASSSGATGNTIYF;CAVNPYRGSTLGRLYF_CAWSWTGGETQYF;CAARSSGNTPLVF_CASSLRTVEQYF;CAASAFSGNTGKLIF_CASSLPGTEAFF;CAGVTNFNKFYF_CASRIGPSSGANVLTF;NA_CASRPLARTGELFF;CAESPPTGGFKTIF_NA	15	9	CAVNARSSASKIIF_CASSQDGGDRALPFYNEQFF;CAERSGGYQKVTF_CASSQTSTGAYGYTF;CAGDNAGNMLTF_CASSQVYRDTQYF;CAVEHNFNKFYF_CASSQSWAGQAHPEAFF;CAVRGSLGGTSYGKLTF_CASSGTGGRTEAFF;CAVNYGQNFVF_CASRPWTGEETQYF;CAGQRYGQNFVF_CASSQGVPGDSYTDTQYF;CVVRRQTGFQKLVF_CASSQDQRGPYNEQFF;CAVIGGGADGLTF_CASSQLGGVTDTQYF	0	NA
8	228	CALRPSGGSNYKLTF_CASSQARDSLEQYF;CALSEADRGSTLGRLYF_CASSPGRGRRNTEAFF;CAVINSGGYQKVTF_CASSSDRGRGIEAFF;CAASMSGNTGKLIF_CASTPLGTGVTEAFF;CAVRSSSGGGADGLTF_CASVNRGSTEAFF;CAALLNARLMF_CASTGGTPDTQYF;CAVQAGRETSGSRLTF_CASKRAGASYGYTF;CAVGGSNDYKLSF_CASSGGQSSTGELFF;NA_CASSTTGTKDMVWGEQYF;NA_CASSLEAQAFGTEAFF;CAVSGGGSYIPTF_CASSLRDREGGEQYF;CAVNTGGFKTIF_CASTIGLAGGRDEQFF;CAVGLHSNYQLIW_CAITGFRDQPQHF;CAASTWAGGFKTIF_CASSPTGQADTEAFF;CAFTLNFGNEKLTF_CASRGGGTGGSLSGYTF;CALRLLFTGNQFYF_CASSLKGQGNEQFF;CGAATVGNQFYF_CASSLLASSYNEQFF;CAALGGATNKLIF_CATSRWPGVNTEAFF;CAEIGGSYIPTF_CAWGDSSTDTQYF;CAVRGVNFGNEKLTF_CASSQGQQYEQYF;CAVGGGAQKLVF_CASSSFYNSPLHF;CAVTRLYSSASKIIF_CASSLVLSGGEYEQYF;CAASRGNQGGKLIF_CATSGRGADYQETQYF;NA_CASRAGRTSPLHF;CAVSSGGSYIPTF_CASSQPRGETYEQYF;CVVSETGGFKTIF_CASSRTGSTTEAFF;CAEKASRGATNKLIF_CASRRTMNTEAFF;CAPSSGGYNKLIF_CSVEQGSTEAFF;CAFYGGSQGNLIF_CASSLVGVDNSPLHF;CAGGDSWGKLQF_CASSQEDGTYEQYF;CAVTTSGTYKYIF_CASSTQRTANYGYTF;CAGRYDFNKFYF_CASSVSSRNTEAFF;CAGYNFNKFYF_CASSPGTAYGYTF;CAARDQKVTF_CASSRQDYNSPLHF;CAESMEYGQNFVF_CASSPGQLNSPLHF;CATRYRVYSGGGADGLTF_CASSYKLAGDTYEQYF;NA_CASSAHGSYRATDTQYF;CAVMGTGGFKTIF_CASSEDRGIAKNIQYF;CAADPSSGSARQLTF_CASSFLQGPLIEETQYF;CAVTMIKAAGNKLTF_CASSLPTGGHMNTEAFF;CAVRTGTSGAQKLVF_CASSQPGALNTEAFF;CAVSDAAAGNKLTF_CASSYSSRHGYTF;CAFNLGATNKLIF_CASTLDRLGNSPLHF;CIVRVAGGGADGLTF_CASSWSGGVTGELFF;CGDKLIF_CASSPGLRTGELFF;CAGRDNYGQNFVF_CASSPRATGELFF;CAGGEAGKSTF_CASSLAYRGEKLFF;CALEGDMRF_CAISFREQETQYF;CVVSELRRALTF_CSVERNNEQFF;CAVTTTDSWGKFQF_CASSYSGQLNTEAFF;CASRNQAGTALIF_CASSPLGAEGSNQPQHF;CAGAPSGTYKYIF_CASSILAATSEQYF;CAMSGDTGGFKTIF_CATSDSGTREDTQYF;NA_CASSQEGSEDSISTLYGYTF;CAASDSGGSQGNLIF_CASSESWASNSPLHF;NA_CASTPLPPGQSPLHF;CAEIANFNKFYF_CSARDLDGYGYTF;CAVNIYYGNNRLAF_CASGLGGQGLREQYF;NA_CASNDEITNEKLFF;CAVQGAQKLVF_CASSSPTGLGYGYTF;CAVKAAGNKLTF_CASSLKLQGAPAF;CAVRDRGTGGFKTIF_CASGFPEGEQYF;CAESIDGATNKLIF_CSVPKEDMYVDEQFF;CAVSEPSGSARQLTF_CASSDRPGNTIYF;CALYMDTGRRALTF_CASSQPDETQYF;CAALYYGNNRLAF_CASSEVTGLADEQYF;CALSDPVNTGNQFYF_CASRPGTGRRSNQPQHF;CAVSANNNDMRF_CASSLAPRHTGELFF;CAVRGGMTGYSTLTF_CASSLTGGQGTFSTDTQYF;CAVVGGTSYGKLTF_CASSRSEGARPLHF;CAVVGVSGGYNKLIF_CASSDRQGAYTEAFF;CVVSADQAGTALIF_CASSEERSYEQYF;CIVRVDTNAGKSTF_CATSDFPHNEQFF;CASQNRDDKIIF_CASSYSAYEQYF;CVVTRGGGGKLIF_CASSLGLGTLSYEQYF;CAGQTSGTYKYIF_CASSRQGTGANVLTF;CALGSGSNYQLIW_CASSQRGQGVGNEQFF;CAVSASNTGGFKTIF_CAWSVQGGPHNEQFF;CAVSSLSGGYNKLIF_CASSWDRGRVHNEQFF;CAVFPGGTSYGKLTF_CASSPRGPTDTQYF;CAAQDPMEYGNKLVF_CASSYSALRRDTQYF;NA_CASSPGQANEQFF;CAAGRGNTPLVF_CASSVDSVGELFF;NA_CATSPGISSYNEQFF;CAVSSIDNFNKFYF_CASSSPSGGSYEQYF;CGIQGAQKLVF_CASSLTRTEAFF;CAMSSLMDTGRRALTF_CASSPRDTPTDTQYF;CALMDSNYQLIW_CASSNPGPVQETQYF;CAVALSNRDDKIIF_CASSEYYRGHEQYF;CAYQGDYGGSQGNLIF_CASSYSSGDQPQHF;CVVRSTDSWGKLQF_CATSDGDSYYNEQFF;CAASAQGGSEKLVF_CASSASSYNSPLHF;NA_CASSHTSVGPGANVLTF;NA_CSRFMDSGSSYEQYF;CAASANAGNMLTF_CASSLRYNEQFF;CAVNVGRAAGNKLTF_CASSLGDRDDEQFF;NA_CASSNTGTGNTEAFF;CAGLGGSNYKLTF_NA;CVVTGTTSGTYKYIF_CASSYSGEQYF;CAVGSNDYKLSF_CASSVYQETQYF;CAVYNDMRF_CASSVNKKSETPNTEAFF;NA_CASGFPDTQYF;CAPLRTTSGTYKYIF_CASSTRTGMREKLFF;CAASQGSNYQLIW_CASSEGGRGIYEQYF;CAFMKHHMFSGAGSYQLTF_NA;NA_CATSDTMSGRDRNEQFF;CATGLSGGSYIPTF_CASSYAVPNTEAFF;NA_CASNQGSSNQPQHF;NA_CASSSYPTGEKLFF;CVVTPFSGGYNKLIF_CASSGAGAYNEQFF;CAVRGGGNTPLVF_CASTPGYRLNTEAFF;CAARAAWVPQSRTGRRALTF_CASLGVGNTEAFF;CAVRDPSNDYKLSF_CASRREAGNQPQHF;CAGQGGNQGGKLIF_CATSRDQKNIQYF;CAVIRSGGSNYKLTF_CASSLVGDRENEQFF;NA_CASSQDYPGQVNYEQYF;CAVNMNRDDKIIF_CASSVAAVNEKLFF;CAVNAPSGGNKLVF_CASRERDGYTGELFF;NA_CASSFKGLNTEAFF;NA_CASSLSWGRGKNQPQHF;CAMREFNTGGFKTIF_CASRPTGSENQPQHF;CALEDNARLMF_CASRRQGARNTEAFF;NA_CASSQGQGISNQPQHF;CAVRVRNTDKLIF_NA;CILRDATSGTYKYIF_CASGTGDQETQYF;NA_CASSFSGRFEQFF;CAVRDRGFKTIF_CASSLGGNHEQYF;CAALSGGSNYKLTF_CASSMAVLDEQYF;CAVGALTGGGADGLTF_CASSRGGLGTDTQYF;CATDDQAGTALIF_CATSVGSGTFYEQYF;CAARIVFAGSYQLTF_CASSNPKTANYGYTF;CAVQGYDNFNKFYF_CASSRELGSPLHF;CAVNRSNDYKLSF_CASRRARGEKLFF;CAVSEDTGGFKTIF_CASSSTDRAGKAFF;CAVNSNNFNKFYF_CASSPSGRETQYF;CALDMGSNYQLIW_CASSGSQGKGYYGYTF;CALGPSYSGAGSYQLTF_CASSLEVNTEAFF;CAARTSGAGSYQLTF_CASRHGGSSYNEQFF;CVVNWDTGNQFYF_CASSRPLNLNYGYTF;CAGDTGGFKTIF_CASRSGLLDNEKLFF;CAVASGAGSYQLTF_CAWSVGGTGDTQYF;NA_CASTIGMGNQPQHF;CAGRGSGTYKYIF_CATSSPTSESYEQYF;CVVNGEGFQKLVF_CASSLGGFNGELFF;CAASESAGNKLTF_CASSLYRGNSYNEQFF;CAERTPGFQKLVF_CASEGVISYEQYF;CAVTGDTGNQFYF_CASSRGQGAYEQYF;CAASNTGTASKLTF_NA;CAVGAEAAGNKLTF_CASSQDINKPNYGYTF;CAPPSPGGSTLGRLYF_CASSESRSQTYGYTF;CAVNSWTGTASKLTF_CASSLAGGRYDTQYF;CAPKDTDGQKLLF_CASSLDSREQFF;NA_CASSPSRAEQFF;CAVSDRGNTPLVF_CASSLTPRGQETQYF;CAAAEGSNYQLIW_CATTDGRDEQFF;CIPAPLGFGNVLHC_CASSFTTGANVLTF;CAKYNFNKFYF_CASSRLAGTDTQYF;CAVSDQGGKLIF_CASSSTALTEAFF;CVVSRYSGGGADGLTF_CASSINGGRKDEQFF;CAAIETSGSRLTF_CASSPSDRVNSPLHF;CAVIPRNNNDMRF_CASSVHTEAFF;CAVESDSGGGADGLTF_CASSFLGGAYEQYF;CVVSAGPYGGSQGNLIF_CASSPPGGPLHF;CIVPRAGNMLTF_CASSQEPTGDYWFYEQYF;CATAEAGNNRKLIW_CSVEFGVATEAFF;CAEILQGGKLIF_CASSAALTEAFF;CVVNIPLKGFKTIF_CASRPSWGSNEQFF;CAGYNYGQNFVF_CAIRGTSNEKLFF;CAFGTGTYKYIF_CASSQDLGHGETQYF;CAANNNAGNMLTF_CSVERGSSYNEQFF;CALSDRDFGNEKLTF_CASRPRRDRGTQYF;CAVNAAGGYNKLIF_CATSDGSTDTQYF;NA_CASSFQGAGSYGYTF;NA_CASSPLTGAPIQVAKNIQYF;NA_CASSFFGIDTEAFF;CAVSGPQGGSEKLVF_CASSLTGTSGGFEQYF;CAVSPAVGHTGFQKLVF_CASRPFRESSYNEQFF;CAFITGTASKLTF_CASRRASGATYEQYF;CILRVAGGTSYGKLTF_CASSPPGLAGVIEQFF;CAVPSGSRLTF_CASSPHIANTGELFF;CAAPLSGGYNKLIF_CASSLTRDLETQYF;CAVSDGGNTGKLIF_CASSQLRGDTQYF;CVVSAGRGNNRLAF_CASSPGVAVSSYNEQFF;CAGGGGANSKLTF_CASSLLGSPDTQYF;CAYGDWGTGTASKLTF_CASSPRLAGGETQYF;NA_CASVSRTDTQYF;CVVSVTGTASKLTF_CASSLAPSPSYNEQFF;CARSNNNNDMRF_CASKPRANYGYTF;NA_CASSLAAGGLSGELFF;CAAILGFQKLVF_CASSFQPSGGAYTGELFF;CAVRGSSSNTGKLIF_CASSFRDRATVEAFF;CAFEGSSGDKLTF_CASSLGQFGSGANVLTF;CAPSGYQKVTF_CASSYSTGEETQYF;CAVGNTGNQFYF_CAISASLSTDTQYF;CALSEADRGSTLGRLYF_CASSQNPWDGYTF;CALRNNNARLMF_CASWGGTEQYF;CALDITLGQAGTALIF_CASSDFQGTGELFF;CVVWKNKLIF_CASSISRDRINYGYTF;CAAGYNDYKLSF_CASSSRTGGRGDEQFF;CAVNDYKLSF_CASSMDRGNQPQHF;CATDRGNAGKSTF_NA;CAASFYHAGSTLGRLYF_CASRLQGGNQPQHF;CAVTSNAGNMLTF_CASSHGQGRSYEQYF;CAVSPSGGSNYKLTF_CATSDVRQNGTYEQYF;CAVSGPSGGYNKLIF_CASSFHPEKFF;CAVTYGSSGSARQLTF_CASSYFLSGANVLTF;CGTESGNFNKFYF_CASSYSGSGPGANVLTF;CAPFFGNEKLTF_CASSATPTGVRNYGYTF;CAGPNNNARLMF_CASSYSGGPGNTIYF;CAMSGEGFSGGGADGLTF_CASSLLTGNYGYTF;CALRGAGNNRKLIW_CASSYSDRGPMYGYTF;CAAGRTGNQFYF_CASSLWTGRNYGYTF;CATETSGTYKYIF_NA;CSRYAGNNRKLIW_CATSDFGQGSTGEQFF;CAASIGGSQGNLIF_CAISPEPGSYNEQFF;CAAPGGSNYKLTF_NA;CAALTHTGANSKLTF_CASSLDSRYAQYF;CAARGGGTSYGKLTF_CASSLGRAVVYGYTF;CAADFTGNQFYF_CAWSVRSPNQPQHF;CAVSPNSGGYQKVTF_CASSYSQGLGNSPLHF;CAASAGQGAQKLVF_CASGGRGGFSNQPQHF;CAVNIAGGTSYGKLTF_CASSSGATGNTIYF;CAVNPYRGSTLGRLYF_CAWSWTGGETQYF;CAARSSGNTPLVF_CASSLRTVEQYF;CAASAFSGNTGKLIF_CASSLPGTEAFF;CAGVTNFNKFYF_CASRIGPSSGANVLTF;NA_CASRPLARTGELFF;CAESPPTGGFKTIF_NA	24	38	CAFANDYKLSF_CSARETGVSYEQYF;CAEMDSSYKLIF_CSADKDGQNTEAFF;CIVRARPGNAQKLVF_CSAPGAYEQYF;CARSNDYKLSF_CSARQGARNSPLHF;CAASAYGGSQGNLIF_CSAADRRFNQPQHF;CATVPNSGGYQKVTF_CSARGPRQGLQNTEAFF;CASSLGDYKLSF_CSASRQANSPLHF;CAVRDRSGNTGKLIF_CSASRTGGSYEQYF;CAEILGHILTGGGNKLTF_CSAQSRGRLMETQYF;CAARPWETSGSRLTF_CSATDYSPEQFF;CATDATGGFKTIF_CSASPPRTAIYEQYF;CAAPPSFGNQFYF_CSAQTVLYGYTF;CIPGDFGNEKLTF_CSATGLAASPYEQYF;CAVGPNQAGTALIF_CSAPTGTGGGTEAFF;CAVSDRGYQKVTF_CSAPASGLGEQFF;CAGQIIQGAQKLVF_CSAREGYWGSNQPQHF;CAENSGGYQKVTF_CSALYDLGLGNTIYF;CAEIVGYSTLTF_CSAREGSPLHF;CAESIGGSSASKIIF_CSARNGGEAFF;NA_CSAPDGYEQYF;CALGGSGGSNYKLTF_CSARVQGLNYGYTF;CIVRVAGGNAGNMLTF_CSAADLRNEQFF;CAASSRSGGGADGLTF_CSANGGDGYTF;CAVRDEAAGNKLTF_CSARIRGLETQYF;CAVRGYQKVTF_CSALWLRVEDEQFF;CAVSDVGTSGSRLTF_CSAHLLSGGNRRETQYF;CALSADRGSTLGRLYF_CSAPRVRNIQYF;CAASENTGTASKLTF_CSAGGLAGVRNEQFF;CAVRDNYGQNFVF_CSASKTSEQYF;CVVSAPNEKLTF_CSATPGGQETQYF;CVVNTGFQKLVF_CSAHGGGNSGNTIYF;CILRVPGNQFYF_CSARDRYSLNEKLFF;CAVGARGGGADGLTF_CSAPQGFSNQPQHF;CAVRAVRNNNDMRF_CSARGGGPGNTIYF;CAVGESSSNTGKLIF_CSALGENTEAFF;CAVQAQVDGGATNKLIF_CSARDRDRVKNIQYF;CAVSVRAAGNKLTF_CSARDPRPGGGIFRDEQFF;CAVEIGGGKLIF_CSAREGGTGGYEQYF	0	NA
9	9	NA_CASSFTRMNTEAFF;CAVTLSYNTDKLIF_CASRTRSYGVIQQETQYF;CGTDGEDGGSQGNLIF_CASTEVWGSTYEQYF;CVVKVGGGNDYKLSF_CASRDGSSYNSPLHF;NA_CASGGGNTIYF;NA_CASSLTGTGGNQPQHF;CALGFPNTGNQFYF_CASSDRSVLNTEAFF;CVVTYTSGTYKYIF_CASSPLKDEKLFF;CAVGNGQKLLF_NA	5	51	CAVMDSNYQLIW_CASRTSGDTGELFF;CAVMDSSYKLIF_CASSQDPGSGANVLTF;CAASGGAQKLVF_CASSYFPGGTGEQFF;CAVMDSNYQLIW_CSARDPGQGASPLHF;CAVRDSNYQLIW_CASSYGTSTDTQYF;CICRSWGKLQF_CASSLGAPTEAFF;NA_CASNPRQGVDYEQYF;CAVMDSSYKLIF_CASSETSGSTDTQYF;CAVMDSNYQLIW_CASSETSGRATDTQYF;CALRADQKVTF_CASSVGQASPLHF;CAVSGGTSGSRLTF_CASSQEGDGYNEQFF;CATDDKSTF_CATLTSSGELFF;CAGRDSNYQLIW_CASSQEGGGAYNEQFF;NA_CASSDSKQGSSGANVLTF;CVFMDSNYQLIW_CATSSGTDYNEQFF;CAYRTYKYIF_CASNLGGGMNTEAFF;CAVIRRPGGSYIPTF_CASSMVAANTDTQYF;CAVMDSNYQLIW_CSARAGDTEAFF;CAALDSNYQLIW_CASSYSPDRYNEQFF;CAVEGGTSYGKLTF_CASSLDLEKLFF;CAVMDSNYQLIW_CASSYSGTGGYEQYF;CAVMDSNYQLIW_CASSQGGTGVEKLFF;CAVNTGAGNQFYF_CASSVASGGKGYTF;CAARDTTSGTYKYIF_CASSPSRRGKETQYF;CAVSETGGGNKLTF_CASSLALARSTDTQYF;CAVMDSNYQLIW_CASSDELAGGDEQFF;CLVGDSHGYQLIW_CASSPKGGGLSSYEQYF;CALSLWNSGNTPLVF_CASSDGTGAYEQYF;CVEEDYGGSQGNLIF_CASSTLPPTANYGYTF;CAFMKPVDGGSQGNLIF_CASSSWAQGAGETQYF;CAVMDSSYKLIF_CASSDSASGGYNEQFF;CAVRFISGGYNKLIF_CASSVSDLVSGEQYF;NA_CASSDSKQGSSGANVLTF;CAVLDSNYQLIW_CSAAGLTSSYNEQFF;CVVNWGGKLIF_CASSLGGGGQETQYF;NA_CASSQDGITSGANVLTF;CATDVSDGQKLLF_CASSIKGGLYNEQFF;CAVRDGDYKLSF_CASSDSGSGGGEQFF;NA_CASSYSAAHTGELFF;CAVLDSNYQLIW_CASSPHGQGHNTGELFF;CAGRGGGADGLTF_CASSQDRQGRNYGYTF;NA_CSARNPNMNTEAFF;CALSDSWGKLQF_CASRHGLAGTDTQYF;CAVLDSNYQLIW_CASSDTSGTDTQYF;CALSAGRDDKIIF_CASSLPSYEQYF;CAVRDSDYKLSF_CASSDSSGSGTDTQYF;CAANDNDMRF_CASSLDFRRPQAGYTF;CAASWGYGNKLVF_CASGGEGSGKGNEQFF;CVVSEGGYQKVTF_CASSFGTDTQYF;CASNTGKLIF_CSARASQDWAEAFF;CGGSGNTGKLIF_CASSQGVVIGTGGYEQYF	0	NA
9	9	NA_CASSFTRMNTEAFF;CAVTLSYNTDKLIF_CASRTRSYGVIQQETQYF;CGTDGEDGGSQGNLIF_CASTEVWGSTYEQYF;CVVKVGGGNDYKLSF_CASRDGSSYNSPLHF;NA_CASGGGNTIYF;NA_CASSLTGTGGNQPQHF;CALGFPNTGNQFYF_CASSDRSVLNTEAFF;CVVTYTSGTYKYIF_CASSPLKDEKLFF;CAVGNGQKLLF_NA	7	1	CALRDMEYGNKLVF_CSVINRGQTEAFF	0	NA
9	9	NA_CASSFTRMNTEAFF;CAVTLSYNTDKLIF_CASRTRSYGVIQQETQYF;CGTDGEDGGSQGNLIF_CASTEVWGSTYEQYF;CVVKVGGGNDYKLSF_CASRDGSSYNSPLHF;NA_CASGGGNTIYF;NA_CASSLTGTGGNQPQHF;CALGFPNTGNQFYF_CASSDRSVLNTEAFF;CVVTYTSGTYKYIF_CASSPLKDEKLFF;CAVGNGQKLLF_NA	8	228	CALRPSGGSNYKLTF_CASSQARDSLEQYF;CALSEADRGSTLGRLYF_CASSPGRGRRNTEAFF;CAVINSGGYQKVTF_CASSSDRGRGIEAFF;CAASMSGNTGKLIF_CASTPLGTGVTEAFF;CAVRSSSGGGADGLTF_CASVNRGSTEAFF;CAALLNARLMF_CASTGGTPDTQYF;CAVQAGRETSGSRLTF_CASKRAGASYGYTF;CAVGGSNDYKLSF_CASSGGQSSTGELFF;NA_CASSTTGTKDMVWGEQYF;NA_CASSLEAQAFGTEAFF;CAVSGGGSYIPTF_CASSLRDREGGEQYF;CAVNTGGFKTIF_CASTIGLAGGRDEQFF;CAVGLHSNYQLIW_CAITGFRDQPQHF;CAASTWAGGFKTIF_CASSPTGQADTEAFF;CAFTLNFGNEKLTF_CASRGGGTGGSLSGYTF;CALRLLFTGNQFYF_CASSLKGQGNEQFF;CGAATVGNQFYF_CASSLLASSYNEQFF;CAALGGATNKLIF_CATSRWPGVNTEAFF;CAEIGGSYIPTF_CAWGDSSTDTQYF;CAVRGVNFGNEKLTF_CASSQGQQYEQYF;CAVGGGAQKLVF_CASSSFYNSPLHF;CAVTRLYSSASKIIF_CASSLVLSGGEYEQYF;CAASRGNQGGKLIF_CATSGRGADYQETQYF;NA_CASRAGRTSPLHF;CAVSSGGSYIPTF_CASSQPRGETYEQYF;CVVSETGGFKTIF_CASSRTGSTTEAFF;CAEKASRGATNKLIF_CASRRTMNTEAFF;CAPSSGGYNKLIF_CSVEQGSTEAFF;CAFYGGSQGNLIF_CASSLVGVDNSPLHF;CAGGDSWGKLQF_CASSQEDGTYEQYF;CAVTTSGTYKYIF_CASSTQRTANYGYTF;CAGRYDFNKFYF_CASSVSSRNTEAFF;CAGYNFNKFYF_CASSPGTAYGYTF;CAARDQKVTF_CASSRQDYNSPLHF;CAESMEYGQNFVF_CASSPGQLNSPLHF;CATRYRVYSGGGADGLTF_CASSYKLAGDTYEQYF;NA_CASSAHGSYRATDTQYF;CAVMGTGGFKTIF_CASSEDRGIAKNIQYF;CAADPSSGSARQLTF_CASSFLQGPLIEETQYF;CAVTMIKAAGNKLTF_CASSLPTGGHMNTEAFF;CAVRTGTSGAQKLVF_CASSQPGALNTEAFF;CAVSDAAAGNKLTF_CASSYSSRHGYTF;CAFNLGATNKLIF_CASTLDRLGNSPLHF;CIVRVAGGGADGLTF_CASSWSGGVTGELFF;CGDKLIF_CASSPGLRTGELFF;CAGRDNYGQNFVF_CASSPRATGELFF;CAGGEAGKSTF_CASSLAYRGEKLFF;CALEGDMRF_CAISFREQETQYF;CVVSELRRALTF_CSVERNNEQFF;CAVTTTDSWGKFQF_CASSYSGQLNTEAFF;CASRNQAGTALIF_CASSPLGAEGSNQPQHF;CAGAPSGTYKYIF_CASSILAATSEQYF;CAMSGDTGGFKTIF_CATSDSGTREDTQYF;NA_CASSQEGSEDSISTLYGYTF;CAASDSGGSQGNLIF_CASSESWASNSPLHF;NA_CASTPLPPGQSPLHF;CAEIANFNKFYF_CSARDLDGYGYTF;CAVNIYYGNNRLAF_CASGLGGQGLREQYF;NA_CASNDEITNEKLFF;CAVQGAQKLVF_CASSSPTGLGYGYTF;CAVKAAGNKLTF_CASSLKLQGAPAF;CAVRDRGTGGFKTIF_CASGFPEGEQYF;CAESIDGATNKLIF_CSVPKEDMYVDEQFF;CAVSEPSGSARQLTF_CASSDRPGNTIYF;CALYMDTGRRALTF_CASSQPDETQYF;CAALYYGNNRLAF_CASSEVTGLADEQYF;CALSDPVNTGNQFYF_CASRPGTGRRSNQPQHF;CAVSANNNDMRF_CASSLAPRHTGELFF;CAVRGGMTGYSTLTF_CASSLTGGQGTFSTDTQYF;CAVVGGTSYGKLTF_CASSRSEGARPLHF;CAVVGVSGGYNKLIF_CASSDRQGAYTEAFF;CVVSADQAGTALIF_CASSEERSYEQYF;CIVRVDTNAGKSTF_CATSDFPHNEQFF;CASQNRDDKIIF_CASSYSAYEQYF;CVVTRGGGGKLIF_CASSLGLGTLSYEQYF;CAGQTSGTYKYIF_CASSRQGTGANVLTF;CALGSGSNYQLIW_CASSQRGQGVGNEQFF;CAVSASNTGGFKTIF_CAWSVQGGPHNEQFF;CAVSSLSGGYNKLIF_CASSWDRGRVHNEQFF;CAVFPGGTSYGKLTF_CASSPRGPTDTQYF;CAAQDPMEYGNKLVF_CASSYSALRRDTQYF;NA_CASSPGQANEQFF;CAAGRGNTPLVF_CASSVDSVGELFF;NA_CATSPGISSYNEQFF;CAVSSIDNFNKFYF_CASSSPSGGSYEQYF;CGIQGAQKLVF_CASSLTRTEAFF;CAMSSLMDTGRRALTF_CASSPRDTPTDTQYF;CALMDSNYQLIW_CASSNPGPVQETQYF;CAVALSNRDDKIIF_CASSEYYRGHEQYF;CAYQGDYGGSQGNLIF_CASSYSSGDQPQHF;CVVRSTDSWGKLQF_CATSDGDSYYNEQFF;CAASAQGGSEKLVF_CASSASSYNSPLHF;NA_CASSHTSVGPGANVLTF;NA_CSRFMDSGSSYEQYF;CAASANAGNMLTF_CASSLRYNEQFF;CAVNVGRAAGNKLTF_CASSLGDRDDEQFF;NA_CASSNTGTGNTEAFF;CAGLGGSNYKLTF_NA;CVVTGTTSGTYKYIF_CASSYSGEQYF;CAVGSNDYKLSF_CASSVYQETQYF;CAVYNDMRF_CASSVNKKSETPNTEAFF;NA_CASGFPDTQYF;CAPLRTTSGTYKYIF_CASSTRTGMREKLFF;CAASQGSNYQLIW_CASSEGGRGIYEQYF;CAFMKHHMFSGAGSYQLTF_NA;NA_CATSDTMSGRDRNEQFF;CATGLSGGSYIPTF_CASSYAVPNTEAFF;NA_CASNQGSSNQPQHF;NA_CASSSYPTGEKLFF;CVVTPFSGGYNKLIF_CASSGAGAYNEQFF;CAVRGGGNTPLVF_CASTPGYRLNTEAFF;CAARAAWVPQSRTGRRALTF_CASLGVGNTEAFF;CAVRDPSNDYKLSF_CASRREAGNQPQHF;CAGQGGNQGGKLIF_CATSRDQKNIQYF;CAVIRSGGSNYKLTF_CASSLVGDRENEQFF;NA_CASSQDYPGQVNYEQYF;CAVNMNRDDKIIF_CASSVAAVNEKLFF;CAVNAPSGGNKLVF_CASRERDGYTGELFF;NA_CASSFKGLNTEAFF;NA_CASSLSWGRGKNQPQHF;CAMREFNTGGFKTIF_CASRPTGSENQPQHF;CALEDNARLMF_CASRRQGARNTEAFF;NA_CASSQGQGISNQPQHF;CAVRVRNTDKLIF_NA;CILRDATSGTYKYIF_CASGTGDQETQYF;NA_CASSFSGRFEQFF;CAVRDRGFKTIF_CASSLGGNHEQYF;CAALSGGSNYKLTF_CASSMAVLDEQYF;CAVGALTGGGADGLTF_CASSRGGLGTDTQYF;CATDDQAGTALIF_CATSVGSGTFYEQYF;CAARIVFAGSYQLTF_CASSNPKTANYGYTF;CAVQGYDNFNKFYF_CASSRELGSPLHF;CAVNRSNDYKLSF_CASRRARGEKLFF;CAVSEDTGGFKTIF_CASSSTDRAGKAFF;CAVNSNNFNKFYF_CASSPSGRETQYF;CALDMGSNYQLIW_CASSGSQGKGYYGYTF;CALGPSYSGAGSYQLTF_CASSLEVNTEAFF;CAARTSGAGSYQLTF_CASRHGGSSYNEQFF;CVVNWDTGNQFYF_CASSRPLNLNYGYTF;CAGDTGGFKTIF_CASRSGLLDNEKLFF;CAVASGAGSYQLTF_CAWSVGGTGDTQYF;NA_CASTIGMGNQPQHF;CAGRGSGTYKYIF_CATSSPTSESYEQYF;CVVNGEGFQKLVF_CASSLGGFNGELFF;CAASESAGNKLTF_CASSLYRGNSYNEQFF;CAERTPGFQKLVF_CASEGVISYEQYF;CAVTGDTGNQFYF_CASSRGQGAYEQYF;CAASNTGTASKLTF_NA;CAVGAEAAGNKLTF_CASSQDINKPNYGYTF;CAPPSPGGSTLGRLYF_CASSESRSQTYGYTF;CAVNSWTGTASKLTF_CASSLAGGRYDTQYF;CAPKDTDGQKLLF_CASSLDSREQFF;NA_CASSPSRAEQFF;CAVSDRGNTPLVF_CASSLTPRGQETQYF;CAAAEGSNYQLIW_CATTDGRDEQFF;CIPAPLGFGNVLHC_CASSFTTGANVLTF;CAKYNFNKFYF_CASSRLAGTDTQYF;CAVSDQGGKLIF_CASSSTALTEAFF;CVVSRYSGGGADGLTF_CASSINGGRKDEQFF;CAAIETSGSRLTF_CASSPSDRVNSPLHF;CAVIPRNNNDMRF_CASSVHTEAFF;CAVESDSGGGADGLTF_CASSFLGGAYEQYF;CVVSAGPYGGSQGNLIF_CASSPPGGPLHF;CIVPRAGNMLTF_CASSQEPTGDYWFYEQYF;CATAEAGNNRKLIW_CSVEFGVATEAFF;CAEILQGGKLIF_CASSAALTEAFF;CVVNIPLKGFKTIF_CASRPSWGSNEQFF;CAGYNYGQNFVF_CAIRGTSNEKLFF;CAFGTGTYKYIF_CASSQDLGHGETQYF;CAANNNAGNMLTF_CSVERGSSYNEQFF;CALSDRDFGNEKLTF_CASRPRRDRGTQYF;CAVNAAGGYNKLIF_CATSDGSTDTQYF;NA_CASSFQGAGSYGYTF;NA_CASSPLTGAPIQVAKNIQYF;NA_CASSFFGIDTEAFF;CAVSGPQGGSEKLVF_CASSLTGTSGGFEQYF;CAVSPAVGHTGFQKLVF_CASRPFRESSYNEQFF;CAFITGTASKLTF_CASRRASGATYEQYF;CILRVAGGTSYGKLTF_CASSPPGLAGVIEQFF;CAVPSGSRLTF_CASSPHIANTGELFF;CAAPLSGGYNKLIF_CASSLTRDLETQYF;CAVSDGGNTGKLIF_CASSQLRGDTQYF;CVVSAGRGNNRLAF_CASSPGVAVSSYNEQFF;CAGGGGANSKLTF_CASSLLGSPDTQYF;CAYGDWGTGTASKLTF_CASSPRLAGGETQYF;NA_CASVSRTDTQYF;CVVSVTGTASKLTF_CASSLAPSPSYNEQFF;CARSNNNNDMRF_CASKPRANYGYTF;NA_CASSLAAGGLSGELFF;CAAILGFQKLVF_CASSFQPSGGAYTGELFF;CAVRGSSSNTGKLIF_CASSFRDRATVEAFF;CAFEGSSGDKLTF_CASSLGQFGSGANVLTF;CAPSGYQKVTF_CASSYSTGEETQYF;CAVGNTGNQFYF_CAISASLSTDTQYF;CALSEADRGSTLGRLYF_CASSQNPWDGYTF;CALRNNNARLMF_CASWGGTEQYF;CALDITLGQAGTALIF_CASSDFQGTGELFF;CVVWKNKLIF_CASSISRDRINYGYTF;CAAGYNDYKLSF_CASSSRTGGRGDEQFF;CAVNDYKLSF_CASSMDRGNQPQHF;CATDRGNAGKSTF_NA;CAASFYHAGSTLGRLYF_CASRLQGGNQPQHF;CAVTSNAGNMLTF_CASSHGQGRSYEQYF;CAVSPSGGSNYKLTF_CATSDVRQNGTYEQYF;CAVSGPSGGYNKLIF_CASSFHPEKFF;CAVTYGSSGSARQLTF_CASSYFLSGANVLTF;CGTESGNFNKFYF_CASSYSGSGPGANVLTF;CAPFFGNEKLTF_CASSATPTGVRNYGYTF;CAGPNNNARLMF_CASSYSGGPGNTIYF;CAMSGEGFSGGGADGLTF_CASSLLTGNYGYTF;CALRGAGNNRKLIW_CASSYSDRGPMYGYTF;CAAGRTGNQFYF_CASSLWTGRNYGYTF;CATETSGTYKYIF_NA;CSRYAGNNRKLIW_CATSDFGQGSTGEQFF;CAASIGGSQGNLIF_CAISPEPGSYNEQFF;CAAPGGSNYKLTF_NA;CAALTHTGANSKLTF_CASSLDSRYAQYF;CAARGGGTSYGKLTF_CASSLGRAVVYGYTF;CAADFTGNQFYF_CAWSVRSPNQPQHF;CAVSPNSGGYQKVTF_CASSYSQGLGNSPLHF;CAASAGQGAQKLVF_CASGGRGGFSNQPQHF;CAVNIAGGTSYGKLTF_CASSSGATGNTIYF;CAVNPYRGSTLGRLYF_CAWSWTGGETQYF;CAARSSGNTPLVF_CASSLRTVEQYF;CAASAFSGNTGKLIF_CASSLPGTEAFF;CAGVTNFNKFYF_CASRIGPSSGANVLTF;NA_CASRPLARTGELFF;CAESPPTGGFKTIF_NA	0	NA
9	9	NA_CASSFTRMNTEAFF;CAVTLSYNTDKLIF_CASRTRSYGVIQQETQYF;CGTDGEDGGSQGNLIF_CASTEVWGSTYEQYF;CVVKVGGGNDYKLSF_CASRDGSSYNSPLHF;NA_CASGGGNTIYF;NA_CASSLTGTGGNQPQHF;CALGFPNTGNQFYF_CASSDRSVLNTEAFF;CVVTYTSGTYKYIF_CASSPLKDEKLFF;CAVGNGQKLLF_NA	10	19	CAVRREETSGSRLTF_CASSLSQGPGELFF;NA_CASSLGGQETQYF;CAATGGGNKLTF_CASSLANRGSGNTIYF;CAVRSTYNFNKFYF_CASSQNSGASSGANVLTF;CAHNQAGTALIF_CASSWDGTTTNYGYTF;CAEMNQAGTALIF_CASSSGGTGDTQYF;CAVRPGTGRRALTF_CASSSPTGTNTGELFF;CAVNSNSGYALNF_CASSLPRTINEQFF;CAVGAQRPLVF_CASSPQEASYNEQFF;CAVVIASGSRLTF_CASSLGGIRNTIYF;CAVIKGAQKLVF_CASSSFGQGGYEQYF;CALSEGGKLIF_CASSLGYGYTF;CAELRSSNTGKLIF_CASSSRAGTGGVQQYF;CIVRGANAGGTSYGKLTF_CASSLQFGGAPMNTEAFF;CGTGTDSWGKLQF_CASSRTGTGVNEQFF;CAASGVGGNEKLTF_CASSLGRRQYF;CVVNGQKLLF_CASRKRDGNTEAFF;CAVEGRDGGTSYGKLTF_CASSLGASGYYEQYF;CAVRDLGLEKSGGSYIPTF_CASSLALPQFF	0	NA
9	9	NA_CASSFTRMNTEAFF;CAVTLSYNTDKLIF_CASRTRSYGVIQQETQYF;CGTDGEDGGSQGNLIF_CASTEVWGSTYEQYF;CVVKVGGGNDYKLSF_CASRDGSSYNSPLHF;NA_CASGGGNTIYF;NA_CASSLTGTGGNQPQHF;CALGFPNTGNQFYF_CASSDRSVLNTEAFF;CVVTYTSGTYKYIF_CASSPLKDEKLFF;CAVGNGQKLLF_NA	11	13	CALSEAWAEKLVF_CASSLGEGLQETQYF;NA_CASGPTGGSTYNSPLHF;CAYRATGNQFYF_CASRVQGALTDTQYF;CAVVYSGAGSYQLTF_CASSVAGSSYEQYF;CAVPYNTDKLIF_CASSLSRANEQYF;CIVRVATDKLIF_CASSQFLAGEENEQFF;CAMSAGNQAGTALIF_CASSPRGNEQYF;CAVSPKETSGSRLTF_CASSLRGGTGYSGELFF;CAYRSGVRAGTASKLTF_CASSLKGLVAEAFF;CAVKGGSYIPTF_CASSVTGLSSYEQYF;CAANLLNSNARLMF_CASSLLTQGSEQYF;CAMRDVASGGSYIPTF_CASSLEGLWNQETQYF;CAAGRGSGTYKYIF_CASSLLGGENTEAFF	0	NA
9	9	NA_CASSFTRMNTEAFF;CAVTLSYNTDKLIF_CASRTRSYGVIQQETQYF;CGTDGEDGGSQGNLIF_CASTEVWGSTYEQYF;CVVKVGGGNDYKLSF_CASRDGSSYNSPLHF;NA_CASGGGNTIYF;NA_CASSLTGTGGNQPQHF;CALGFPNTGNQFYF_CASSDRSVLNTEAFF;CVVTYTSGTYKYIF_CASSPLKDEKLFF;CAVGNGQKLLF_NA	12	13	CALSGNTDKLIF_CASSSRVGGLREQYF;CAAPNAGGTSYGKLTF_CASSSGLLGRAEPQHF;CAVRLDSNYQLIW_CASSLAGQRPAFF;CALPNMDTGRRALTF_CASTYDSSPQYF;CCEDDSWGKLQF_CASSLTANTGELFF;NA_CASRESHLNEKLFF;CAVKSEWTSYDKVIF_CASSFGETQYF;CVVNIGYSSASKIIF_CASSRAQGDTEAFF;NA_CASRGTGGAFNYGYTF;CAFMNRDDKIIF_CASSLTPSSRANTGELFF;CAVQRGSGNTGKLIF_CASSPGPRATEAFF;CIVRVRMNTGFQKLVF_CASSPRDRGYEQYF;CAPRDTGRRALTF_CASSSRDGLYGYTF	0	NA
9	9	NA_CASSFTRMNTEAFF;CAVTLSYNTDKLIF_CASRTRSYGVIQQETQYF;CGTDGEDGGSQGNLIF_CASTEVWGSTYEQYF;CVVKVGGGNDYKLSF_CASRDGSSYNSPLHF;NA_CASGGGNTIYF;NA_CASSLTGTGGNQPQHF;CALGFPNTGNQFYF_CASSDRSVLNTEAFF;CVVTYTSGTYKYIF_CASSPLKDEKLFF;CAVGNGQKLLF_NA	15	9	CAVNARSSASKIIF_CASSQDGGDRALPFYNEQFF;CAERSGGYQKVTF_CASSQTSTGAYGYTF;CAGDNAGNMLTF_CASSQVYRDTQYF;CAVEHNFNKFYF_CASSQSWAGQAHPEAFF;CAVRGSLGGTSYGKLTF_CASSGTGGRTEAFF;CAVNYGQNFVF_CASRPWTGEETQYF;CAGQRYGQNFVF_CASSQGVPGDSYTDTQYF;CVVRRQTGFQKLVF_CASSQDQRGPYNEQFF;CAVIGGGADGLTF_CASSQLGGVTDTQYF	0	NA
9	9	NA_CASSFTRMNTEAFF;CAVTLSYNTDKLIF_CASRTRSYGVIQQETQYF;CGTDGEDGGSQGNLIF_CASTEVWGSTYEQYF;CVVKVGGGNDYKLSF_CASRDGSSYNSPLHF;NA_CASGGGNTIYF;NA_CASSLTGTGGNQPQHF;CALGFPNTGNQFYF_CASSDRSVLNTEAFF;CVVTYTSGTYKYIF_CASSPLKDEKLFF;CAVGNGQKLLF_NA	24	38	CAFANDYKLSF_CSARETGVSYEQYF;CAEMDSSYKLIF_CSADKDGQNTEAFF;CIVRARPGNAQKLVF_CSAPGAYEQYF;CARSNDYKLSF_CSARQGARNSPLHF;CAASAYGGSQGNLIF_CSAADRRFNQPQHF;CATVPNSGGYQKVTF_CSARGPRQGLQNTEAFF;CASSLGDYKLSF_CSASRQANSPLHF;CAVRDRSGNTGKLIF_CSASRTGGSYEQYF;CAEILGHILTGGGNKLTF_CSAQSRGRLMETQYF;CAARPWETSGSRLTF_CSATDYSPEQFF;CATDATGGFKTIF_CSASPPRTAIYEQYF;CAAPPSFGNQFYF_CSAQTVLYGYTF;CIPGDFGNEKLTF_CSATGLAASPYEQYF;CAVGPNQAGTALIF_CSAPTGTGGGTEAFF;CAVSDRGYQKVTF_CSAPASGLGEQFF;CAGQIIQGAQKLVF_CSAREGYWGSNQPQHF;CAENSGGYQKVTF_CSALYDLGLGNTIYF;CAEIVGYSTLTF_CSAREGSPLHF;CAESIGGSSASKIIF_CSARNGGEAFF;NA_CSAPDGYEQYF;CALGGSGGSNYKLTF_CSARVQGLNYGYTF;CIVRVAGGNAGNMLTF_CSAADLRNEQFF;CAASSRSGGGADGLTF_CSANGGDGYTF;CAVRDEAAGNKLTF_CSARIRGLETQYF;CAVRGYQKVTF_CSALWLRVEDEQFF;CAVSDVGTSGSRLTF_CSAHLLSGGNRRETQYF;CALSADRGSTLGRLYF_CSAPRVRNIQYF;CAASENTGTASKLTF_CSAGGLAGVRNEQFF;CAVRDNYGQNFVF_CSASKTSEQYF;CVVSAPNEKLTF_CSATPGGQETQYF;CVVNTGFQKLVF_CSAHGGGNSGNTIYF;CILRVPGNQFYF_CSARDRYSLNEKLFF;CAVGARGGGADGLTF_CSAPQGFSNQPQHF;CAVRAVRNNNDMRF_CSARGGGPGNTIYF;CAVGESSSNTGKLIF_CSALGENTEAFF;CAVQAQVDGGATNKLIF_CSARDRDRVKNIQYF;CAVSVRAAGNKLTF_CSARDPRPGGGIFRDEQFF;CAVEIGGGKLIF_CSAREGGTGGYEQYF	0	NA
10	19	CAVRREETSGSRLTF_CASSLSQGPGELFF;NA_CASSLGGQETQYF;CAATGGGNKLTF_CASSLANRGSGNTIYF;CAVRSTYNFNKFYF_CASSQNSGASSGANVLTF;CAHNQAGTALIF_CASSWDGTTTNYGYTF;CAEMNQAGTALIF_CASSSGGTGDTQYF;CAVRPGTGRRALTF_CASSSPTGTNTGELFF;CAVNSNSGYALNF_CASSLPRTINEQFF;CAVGAQRPLVF_CASSPQEASYNEQFF;CAVVIASGSRLTF_CASSLGGIRNTIYF;CAVIKGAQKLVF_CASSSFGQGGYEQYF;CALSEGGKLIF_CASSLGYGYTF;CAELRSSNTGKLIF_CASSSRAGTGGVQQYF;CIVRGANAGGTSYGKLTF_CASSLQFGGAPMNTEAFF;CGTGTDSWGKLQF_CASSRTGTGVNEQFF;CAASGVGGNEKLTF_CASSLGRRQYF;CVVNGQKLLF_CASRKRDGNTEAFF;CAVEGRDGGTSYGKLTF_CASSLGASGYYEQYF;CAVRDLGLEKSGGSYIPTF_CASSLALPQFF	5	51	CAVMDSNYQLIW_CASRTSGDTGELFF;CAVMDSSYKLIF_CASSQDPGSGANVLTF;CAASGGAQKLVF_CASSYFPGGTGEQFF;CAVMDSNYQLIW_CSARDPGQGASPLHF;CAVRDSNYQLIW_CASSYGTSTDTQYF;CICRSWGKLQF_CASSLGAPTEAFF;NA_CASNPRQGVDYEQYF;CAVMDSSYKLIF_CASSETSGSTDTQYF;CAVMDSNYQLIW_CASSETSGRATDTQYF;CALRADQKVTF_CASSVGQASPLHF;CAVSGGTSGSRLTF_CASSQEGDGYNEQFF;CATDDKSTF_CATLTSSGELFF;CAGRDSNYQLIW_CASSQEGGGAYNEQFF;NA_CASSDSKQGSSGANVLTF;CVFMDSNYQLIW_CATSSGTDYNEQFF;CAYRTYKYIF_CASNLGGGMNTEAFF;CAVIRRPGGSYIPTF_CASSMVAANTDTQYF;CAVMDSNYQLIW_CSARAGDTEAFF;CAALDSNYQLIW_CASSYSPDRYNEQFF;CAVEGGTSYGKLTF_CASSLDLEKLFF;CAVMDSNYQLIW_CASSYSGTGGYEQYF;CAVMDSNYQLIW_CASSQGGTGVEKLFF;CAVNTGAGNQFYF_CASSVASGGKGYTF;CAARDTTSGTYKYIF_CASSPSRRGKETQYF;CAVSETGGGNKLTF_CASSLALARSTDTQYF;CAVMDSNYQLIW_CASSDELAGGDEQFF;CLVGDSHGYQLIW_CASSPKGGGLSSYEQYF;CALSLWNSGNTPLVF_CASSDGTGAYEQYF;CVEEDYGGSQGNLIF_CASSTLPPTANYGYTF;CAFMKPVDGGSQGNLIF_CASSSWAQGAGETQYF;CAVMDSSYKLIF_CASSDSASGGYNEQFF;CAVRFISGGYNKLIF_CASSVSDLVSGEQYF;NA_CASSDSKQGSSGANVLTF;CAVLDSNYQLIW_CSAAGLTSSYNEQFF;CVVNWGGKLIF_CASSLGGGGQETQYF;NA_CASSQDGITSGANVLTF;CATDVSDGQKLLF_CASSIKGGLYNEQFF;CAVRDGDYKLSF_CASSDSGSGGGEQFF;NA_CASSYSAAHTGELFF;CAVLDSNYQLIW_CASSPHGQGHNTGELFF;CAGRGGGADGLTF_CASSQDRQGRNYGYTF;NA_CSARNPNMNTEAFF;CALSDSWGKLQF_CASRHGLAGTDTQYF;CAVLDSNYQLIW_CASSDTSGTDTQYF;CALSAGRDDKIIF_CASSLPSYEQYF;CAVRDSDYKLSF_CASSDSSGSGTDTQYF;CAANDNDMRF_CASSLDFRRPQAGYTF;CAASWGYGNKLVF_CASGGEGSGKGNEQFF;CVVSEGGYQKVTF_CASSFGTDTQYF;CASNTGKLIF_CSARASQDWAEAFF;CGGSGNTGKLIF_CASSQGVVIGTGGYEQYF	0	NA
10	19	CAVRREETSGSRLTF_CASSLSQGPGELFF;NA_CASSLGGQETQYF;CAATGGGNKLTF_CASSLANRGSGNTIYF;CAVRSTYNFNKFYF_CASSQNSGASSGANVLTF;CAHNQAGTALIF_CASSWDGTTTNYGYTF;CAEMNQAGTALIF_CASSSGGTGDTQYF;CAVRPGTGRRALTF_CASSSPTGTNTGELFF;CAVNSNSGYALNF_CASSLPRTINEQFF;CAVGAQRPLVF_CASSPQEASYNEQFF;CAVVIASGSRLTF_CASSLGGIRNTIYF;CAVIKGAQKLVF_CASSSFGQGGYEQYF;CALSEGGKLIF_CASSLGYGYTF;CAELRSSNTGKLIF_CASSSRAGTGGVQQYF;CIVRGANAGGTSYGKLTF_CASSLQFGGAPMNTEAFF;CGTGTDSWGKLQF_CASSRTGTGVNEQFF;CAASGVGGNEKLTF_CASSLGRRQYF;CVVNGQKLLF_CASRKRDGNTEAFF;CAVEGRDGGTSYGKLTF_CASSLGASGYYEQYF;CAVRDLGLEKSGGSYIPTF_CASSLALPQFF	7	1	CALRDMEYGNKLVF_CSVINRGQTEAFF	0	NA
10	19	CAVRREETSGSRLTF_CASSLSQGPGELFF;NA_CASSLGGQETQYF;CAATGGGNKLTF_CASSLANRGSGNTIYF;CAVRSTYNFNKFYF_CASSQNSGASSGANVLTF;CAHNQAGTALIF_CASSWDGTTTNYGYTF;CAEMNQAGTALIF_CASSSGGTGDTQYF;CAVRPGTGRRALTF_CASSSPTGTNTGELFF;CAVNSNSGYALNF_CASSLPRTINEQFF;CAVGAQRPLVF_CASSPQEASYNEQFF;CAVVIASGSRLTF_CASSLGGIRNTIYF;CAVIKGAQKLVF_CASSSFGQGGYEQYF;CALSEGGKLIF_CASSLGYGYTF;CAELRSSNTGKLIF_CASSSRAGTGGVQQYF;CIVRGANAGGTSYGKLTF_CASSLQFGGAPMNTEAFF;CGTGTDSWGKLQF_CASSRTGTGVNEQFF;CAASGVGGNEKLTF_CASSLGRRQYF;CVVNGQKLLF_CASRKRDGNTEAFF;CAVEGRDGGTSYGKLTF_CASSLGASGYYEQYF;CAVRDLGLEKSGGSYIPTF_CASSLALPQFF	8	228	CALRPSGGSNYKLTF_CASSQARDSLEQYF;CALSEADRGSTLGRLYF_CASSPGRGRRNTEAFF;CAVINSGGYQKVTF_CASSSDRGRGIEAFF;CAASMSGNTGKLIF_CASTPLGTGVTEAFF;CAVRSSSGGGADGLTF_CASVNRGSTEAFF;CAALLNARLMF_CASTGGTPDTQYF;CAVQAGRETSGSRLTF_CASKRAGASYGYTF;CAVGGSNDYKLSF_CASSGGQSSTGELFF;NA_CASSTTGTKDMVWGEQYF;NA_CASSLEAQAFGTEAFF;CAVSGGGSYIPTF_CASSLRDREGGEQYF;CAVNTGGFKTIF_CASTIGLAGGRDEQFF;CAVGLHSNYQLIW_CAITGFRDQPQHF;CAASTWAGGFKTIF_CASSPTGQADTEAFF;CAFTLNFGNEKLTF_CASRGGGTGGSLSGYTF;CALRLLFTGNQFYF_CASSLKGQGNEQFF;CGAATVGNQFYF_CASSLLASSYNEQFF;CAALGGATNKLIF_CATSRWPGVNTEAFF;CAEIGGSYIPTF_CAWGDSSTDTQYF;CAVRGVNFGNEKLTF_CASSQGQQYEQYF;CAVGGGAQKLVF_CASSSFYNSPLHF;CAVTRLYSSASKIIF_CASSLVLSGGEYEQYF;CAASRGNQGGKLIF_CATSGRGADYQETQYF;NA_CASRAGRTSPLHF;CAVSSGGSYIPTF_CASSQPRGETYEQYF;CVVSETGGFKTIF_CASSRTGSTTEAFF;CAEKASRGATNKLIF_CASRRTMNTEAFF;CAPSSGGYNKLIF_CSVEQGSTEAFF;CAFYGGSQGNLIF_CASSLVGVDNSPLHF;CAGGDSWGKLQF_CASSQEDGTYEQYF;CAVTTSGTYKYIF_CASSTQRTANYGYTF;CAGRYDFNKFYF_CASSVSSRNTEAFF;CAGYNFNKFYF_CASSPGTAYGYTF;CAARDQKVTF_CASSRQDYNSPLHF;CAESMEYGQNFVF_CASSPGQLNSPLHF;CATRYRVYSGGGADGLTF_CASSYKLAGDTYEQYF;NA_CASSAHGSYRATDTQYF;CAVMGTGGFKTIF_CASSEDRGIAKNIQYF;CAADPSSGSARQLTF_CASSFLQGPLIEETQYF;CAVTMIKAAGNKLTF_CASSLPTGGHMNTEAFF;CAVRTGTSGAQKLVF_CASSQPGALNTEAFF;CAVSDAAAGNKLTF_CASSYSSRHGYTF;CAFNLGATNKLIF_CASTLDRLGNSPLHF;CIVRVAGGGADGLTF_CASSWSGGVTGELFF;CGDKLIF_CASSPGLRTGELFF;CAGRDNYGQNFVF_CASSPRATGELFF;CAGGEAGKSTF_CASSLAYRGEKLFF;CALEGDMRF_CAISFREQETQYF;CVVSELRRALTF_CSVERNNEQFF;CAVTTTDSWGKFQF_CASSYSGQLNTEAFF;CASRNQAGTALIF_CASSPLGAEGSNQPQHF;CAGAPSGTYKYIF_CASSILAATSEQYF;CAMSGDTGGFKTIF_CATSDSGTREDTQYF;NA_CASSQEGSEDSISTLYGYTF;CAASDSGGSQGNLIF_CASSESWASNSPLHF;NA_CASTPLPPGQSPLHF;CAEIANFNKFYF_CSARDLDGYGYTF;CAVNIYYGNNRLAF_CASGLGGQGLREQYF;NA_CASNDEITNEKLFF;CAVQGAQKLVF_CASSSPTGLGYGYTF;CAVKAAGNKLTF_CASSLKLQGAPAF;CAVRDRGTGGFKTIF_CASGFPEGEQYF;CAESIDGATNKLIF_CSVPKEDMYVDEQFF;CAVSEPSGSARQLTF_CASSDRPGNTIYF;CALYMDTGRRALTF_CASSQPDETQYF;CAALYYGNNRLAF_CASSEVTGLADEQYF;CALSDPVNTGNQFYF_CASRPGTGRRSNQPQHF;CAVSANNNDMRF_CASSLAPRHTGELFF;CAVRGGMTGYSTLTF_CASSLTGGQGTFSTDTQYF;CAVVGGTSYGKLTF_CASSRSEGARPLHF;CAVVGVSGGYNKLIF_CASSDRQGAYTEAFF;CVVSADQAGTALIF_CASSEERSYEQYF;CIVRVDTNAGKSTF_CATSDFPHNEQFF;CASQNRDDKIIF_CASSYSAYEQYF;CVVTRGGGGKLIF_CASSLGLGTLSYEQYF;CAGQTSGTYKYIF_CASSRQGTGANVLTF;CALGSGSNYQLIW_CASSQRGQGVGNEQFF;CAVSASNTGGFKTIF_CAWSVQGGPHNEQFF;CAVSSLSGGYNKLIF_CASSWDRGRVHNEQFF;CAVFPGGTSYGKLTF_CASSPRGPTDTQYF;CAAQDPMEYGNKLVF_CASSYSALRRDTQYF;NA_CASSPGQANEQFF;CAAGRGNTPLVF_CASSVDSVGELFF;NA_CATSPGISSYNEQFF;CAVSSIDNFNKFYF_CASSSPSGGSYEQYF;CGIQGAQKLVF_CASSLTRTEAFF;CAMSSLMDTGRRALTF_CASSPRDTPTDTQYF;CALMDSNYQLIW_CASSNPGPVQETQYF;CAVALSNRDDKIIF_CASSEYYRGHEQYF;CAYQGDYGGSQGNLIF_CASSYSSGDQPQHF;CVVRSTDSWGKLQF_CATSDGDSYYNEQFF;CAASAQGGSEKLVF_CASSASSYNSPLHF;NA_CASSHTSVGPGANVLTF;NA_CSRFMDSGSSYEQYF;CAASANAGNMLTF_CASSLRYNEQFF;CAVNVGRAAGNKLTF_CASSLGDRDDEQFF;NA_CASSNTGTGNTEAFF;CAGLGGSNYKLTF_NA;CVVTGTTSGTYKYIF_CASSYSGEQYF;CAVGSNDYKLSF_CASSVYQETQYF;CAVYNDMRF_CASSVNKKSETPNTEAFF;NA_CASGFPDTQYF;CAPLRTTSGTYKYIF_CASSTRTGMREKLFF;CAASQGSNYQLIW_CASSEGGRGIYEQYF;CAFMKHHMFSGAGSYQLTF_NA;NA_CATSDTMSGRDRNEQFF;CATGLSGGSYIPTF_CASSYAVPNTEAFF;NA_CASNQGSSNQPQHF;NA_CASSSYPTGEKLFF;CVVTPFSGGYNKLIF_CASSGAGAYNEQFF;CAVRGGGNTPLVF_CASTPGYRLNTEAFF;CAARAAWVPQSRTGRRALTF_CASLGVGNTEAFF;CAVRDPSNDYKLSF_CASRREAGNQPQHF;CAGQGGNQGGKLIF_CATSRDQKNIQYF;CAVIRSGGSNYKLTF_CASSLVGDRENEQFF;NA_CASSQDYPGQVNYEQYF;CAVNMNRDDKIIF_CASSVAAVNEKLFF;CAVNAPSGGNKLVF_CASRERDGYTGELFF;NA_CASSFKGLNTEAFF;NA_CASSLSWGRGKNQPQHF;CAMREFNTGGFKTIF_CASRPTGSENQPQHF;CALEDNARLMF_CASRRQGARNTEAFF;NA_CASSQGQGISNQPQHF;CAVRVRNTDKLIF_NA;CILRDATSGTYKYIF_CASGTGDQETQYF;NA_CASSFSGRFEQFF;CAVRDRGFKTIF_CASSLGGNHEQYF;CAALSGGSNYKLTF_CASSMAVLDEQYF;CAVGALTGGGADGLTF_CASSRGGLGTDTQYF;CATDDQAGTALIF_CATSVGSGTFYEQYF;CAARIVFAGSYQLTF_CASSNPKTANYGYTF;CAVQGYDNFNKFYF_CASSRELGSPLHF;CAVNRSNDYKLSF_CASRRARGEKLFF;CAVSEDTGGFKTIF_CASSSTDRAGKAFF;CAVNSNNFNKFYF_CASSPSGRETQYF;CALDMGSNYQLIW_CASSGSQGKGYYGYTF;CALGPSYSGAGSYQLTF_CASSLEVNTEAFF;CAARTSGAGSYQLTF_CASRHGGSSYNEQFF;CVVNWDTGNQFYF_CASSRPLNLNYGYTF;CAGDTGGFKTIF_CASRSGLLDNEKLFF;CAVASGAGSYQLTF_CAWSVGGTGDTQYF;NA_CASTIGMGNQPQHF;CAGRGSGTYKYIF_CATSSPTSESYEQYF;CVVNGEGFQKLVF_CASSLGGFNGELFF;CAASESAGNKLTF_CASSLYRGNSYNEQFF;CAERTPGFQKLVF_CASEGVISYEQYF;CAVTGDTGNQFYF_CASSRGQGAYEQYF;CAASNTGTASKLTF_NA;CAVGAEAAGNKLTF_CASSQDINKPNYGYTF;CAPPSPGGSTLGRLYF_CASSESRSQTYGYTF;CAVNSWTGTASKLTF_CASSLAGGRYDTQYF;CAPKDTDGQKLLF_CASSLDSREQFF;NA_CASSPSRAEQFF;CAVSDRGNTPLVF_CASSLTPRGQETQYF;CAAAEGSNYQLIW_CATTDGRDEQFF;CIPAPLGFGNVLHC_CASSFTTGANVLTF;CAKYNFNKFYF_CASSRLAGTDTQYF;CAVSDQGGKLIF_CASSSTALTEAFF;CVVSRYSGGGADGLTF_CASSINGGRKDEQFF;CAAIETSGSRLTF_CASSPSDRVNSPLHF;CAVIPRNNNDMRF_CASSVHTEAFF;CAVESDSGGGADGLTF_CASSFLGGAYEQYF;CVVSAGPYGGSQGNLIF_CASSPPGGPLHF;CIVPRAGNMLTF_CASSQEPTGDYWFYEQYF;CATAEAGNNRKLIW_CSVEFGVATEAFF;CAEILQGGKLIF_CASSAALTEAFF;CVVNIPLKGFKTIF_CASRPSWGSNEQFF;CAGYNYGQNFVF_CAIRGTSNEKLFF;CAFGTGTYKYIF_CASSQDLGHGETQYF;CAANNNAGNMLTF_CSVERGSSYNEQFF;CALSDRDFGNEKLTF_CASRPRRDRGTQYF;CAVNAAGGYNKLIF_CATSDGSTDTQYF;NA_CASSFQGAGSYGYTF;NA_CASSPLTGAPIQVAKNIQYF;NA_CASSFFGIDTEAFF;CAVSGPQGGSEKLVF_CASSLTGTSGGFEQYF;CAVSPAVGHTGFQKLVF_CASRPFRESSYNEQFF;CAFITGTASKLTF_CASRRASGATYEQYF;CILRVAGGTSYGKLTF_CASSPPGLAGVIEQFF;CAVPSGSRLTF_CASSPHIANTGELFF;CAAPLSGGYNKLIF_CASSLTRDLETQYF;CAVSDGGNTGKLIF_CASSQLRGDTQYF;CVVSAGRGNNRLAF_CASSPGVAVSSYNEQFF;CAGGGGANSKLTF_CASSLLGSPDTQYF;CAYGDWGTGTASKLTF_CASSPRLAGGETQYF;NA_CASVSRTDTQYF;CVVSVTGTASKLTF_CASSLAPSPSYNEQFF;CARSNNNNDMRF_CASKPRANYGYTF;NA_CASSLAAGGLSGELFF;CAAILGFQKLVF_CASSFQPSGGAYTGELFF;CAVRGSSSNTGKLIF_CASSFRDRATVEAFF;CAFEGSSGDKLTF_CASSLGQFGSGANVLTF;CAPSGYQKVTF_CASSYSTGEETQYF;CAVGNTGNQFYF_CAISASLSTDTQYF;CALSEADRGSTLGRLYF_CASSQNPWDGYTF;CALRNNNARLMF_CASWGGTEQYF;CALDITLGQAGTALIF_CASSDFQGTGELFF;CVVWKNKLIF_CASSISRDRINYGYTF;CAAGYNDYKLSF_CASSSRTGGRGDEQFF;CAVNDYKLSF_CASSMDRGNQPQHF;CATDRGNAGKSTF_NA;CAASFYHAGSTLGRLYF_CASRLQGGNQPQHF;CAVTSNAGNMLTF_CASSHGQGRSYEQYF;CAVSPSGGSNYKLTF_CATSDVRQNGTYEQYF;CAVSGPSGGYNKLIF_CASSFHPEKFF;CAVTYGSSGSARQLTF_CASSYFLSGANVLTF;CGTESGNFNKFYF_CASSYSGSGPGANVLTF;CAPFFGNEKLTF_CASSATPTGVRNYGYTF;CAGPNNNARLMF_CASSYSGGPGNTIYF;CAMSGEGFSGGGADGLTF_CASSLLTGNYGYTF;CALRGAGNNRKLIW_CASSYSDRGPMYGYTF;CAAGRTGNQFYF_CASSLWTGRNYGYTF;CATETSGTYKYIF_NA;CSRYAGNNRKLIW_CATSDFGQGSTGEQFF;CAASIGGSQGNLIF_CAISPEPGSYNEQFF;CAAPGGSNYKLTF_NA;CAALTHTGANSKLTF_CASSLDSRYAQYF;CAARGGGTSYGKLTF_CASSLGRAVVYGYTF;CAADFTGNQFYF_CAWSVRSPNQPQHF;CAVSPNSGGYQKVTF_CASSYSQGLGNSPLHF;CAASAGQGAQKLVF_CASGGRGGFSNQPQHF;CAVNIAGGTSYGKLTF_CASSSGATGNTIYF;CAVNPYRGSTLGRLYF_CAWSWTGGETQYF;CAARSSGNTPLVF_CASSLRTVEQYF;CAASAFSGNTGKLIF_CASSLPGTEAFF;CAGVTNFNKFYF_CASRIGPSSGANVLTF;NA_CASRPLARTGELFF;CAESPPTGGFKTIF_NA	0	NA
10	19	CAVRREETSGSRLTF_CASSLSQGPGELFF;NA_CASSLGGQETQYF;CAATGGGNKLTF_CASSLANRGSGNTIYF;CAVRSTYNFNKFYF_CASSQNSGASSGANVLTF;CAHNQAGTALIF_CASSWDGTTTNYGYTF;CAEMNQAGTALIF_CASSSGGTGDTQYF;CAVRPGTGRRALTF_CASSSPTGTNTGELFF;CAVNSNSGYALNF_CASSLPRTINEQFF;CAVGAQRPLVF_CASSPQEASYNEQFF;CAVVIASGSRLTF_CASSLGGIRNTIYF;CAVIKGAQKLVF_CASSSFGQGGYEQYF;CALSEGGKLIF_CASSLGYGYTF;CAELRSSNTGKLIF_CASSSRAGTGGVQQYF;CIVRGANAGGTSYGKLTF_CASSLQFGGAPMNTEAFF;CGTGTDSWGKLQF_CASSRTGTGVNEQFF;CAASGVGGNEKLTF_CASSLGRRQYF;CVVNGQKLLF_CASRKRDGNTEAFF;CAVEGRDGGTSYGKLTF_CASSLGASGYYEQYF;CAVRDLGLEKSGGSYIPTF_CASSLALPQFF	9	9	NA_CASSFTRMNTEAFF;CAVTLSYNTDKLIF_CASRTRSYGVIQQETQYF;CGTDGEDGGSQGNLIF_CASTEVWGSTYEQYF;CVVKVGGGNDYKLSF_CASRDGSSYNSPLHF;NA_CASGGGNTIYF;NA_CASSLTGTGGNQPQHF;CALGFPNTGNQFYF_CASSDRSVLNTEAFF;CVVTYTSGTYKYIF_CASSPLKDEKLFF;CAVGNGQKLLF_NA	0	NA
10	19	CAVRREETSGSRLTF_CASSLSQGPGELFF;NA_CASSLGGQETQYF;CAATGGGNKLTF_CASSLANRGSGNTIYF;CAVRSTYNFNKFYF_CASSQNSGASSGANVLTF;CAHNQAGTALIF_CASSWDGTTTNYGYTF;CAEMNQAGTALIF_CASSSGGTGDTQYF;CAVRPGTGRRALTF_CASSSPTGTNTGELFF;CAVNSNSGYALNF_CASSLPRTINEQFF;CAVGAQRPLVF_CASSPQEASYNEQFF;CAVVIASGSRLTF_CASSLGGIRNTIYF;CAVIKGAQKLVF_CASSSFGQGGYEQYF;CALSEGGKLIF_CASSLGYGYTF;CAELRSSNTGKLIF_CASSSRAGTGGVQQYF;CIVRGANAGGTSYGKLTF_CASSLQFGGAPMNTEAFF;CGTGTDSWGKLQF_CASSRTGTGVNEQFF;CAASGVGGNEKLTF_CASSLGRRQYF;CVVNGQKLLF_CASRKRDGNTEAFF;CAVEGRDGGTSYGKLTF_CASSLGASGYYEQYF;CAVRDLGLEKSGGSYIPTF_CASSLALPQFF	11	13	CALSEAWAEKLVF_CASSLGEGLQETQYF;NA_CASGPTGGSTYNSPLHF;CAYRATGNQFYF_CASRVQGALTDTQYF;CAVVYSGAGSYQLTF_CASSVAGSSYEQYF;CAVPYNTDKLIF_CASSLSRANEQYF;CIVRVATDKLIF_CASSQFLAGEENEQFF;CAMSAGNQAGTALIF_CASSPRGNEQYF;CAVSPKETSGSRLTF_CASSLRGGTGYSGELFF;CAYRSGVRAGTASKLTF_CASSLKGLVAEAFF;CAVKGGSYIPTF_CASSVTGLSSYEQYF;CAANLLNSNARLMF_CASSLLTQGSEQYF;CAMRDVASGGSYIPTF_CASSLEGLWNQETQYF;CAAGRGSGTYKYIF_CASSLLGGENTEAFF	0	NA
10	19	CAVRREETSGSRLTF_CASSLSQGPGELFF;NA_CASSLGGQETQYF;CAATGGGNKLTF_CASSLANRGSGNTIYF;CAVRSTYNFNKFYF_CASSQNSGASSGANVLTF;CAHNQAGTALIF_CASSWDGTTTNYGYTF;CAEMNQAGTALIF_CASSSGGTGDTQYF;CAVRPGTGRRALTF_CASSSPTGTNTGELFF;CAVNSNSGYALNF_CASSLPRTINEQFF;CAVGAQRPLVF_CASSPQEASYNEQFF;CAVVIASGSRLTF_CASSLGGIRNTIYF;CAVIKGAQKLVF_CASSSFGQGGYEQYF;CALSEGGKLIF_CASSLGYGYTF;CAELRSSNTGKLIF_CASSSRAGTGGVQQYF;CIVRGANAGGTSYGKLTF_CASSLQFGGAPMNTEAFF;CGTGTDSWGKLQF_CASSRTGTGVNEQFF;CAASGVGGNEKLTF_CASSLGRRQYF;CVVNGQKLLF_CASRKRDGNTEAFF;CAVEGRDGGTSYGKLTF_CASSLGASGYYEQYF;CAVRDLGLEKSGGSYIPTF_CASSLALPQFF	12	13	CALSGNTDKLIF_CASSSRVGGLREQYF;CAAPNAGGTSYGKLTF_CASSSGLLGRAEPQHF;CAVRLDSNYQLIW_CASSLAGQRPAFF;CALPNMDTGRRALTF_CASTYDSSPQYF;CCEDDSWGKLQF_CASSLTANTGELFF;NA_CASRESHLNEKLFF;CAVKSEWTSYDKVIF_CASSFGETQYF;CVVNIGYSSASKIIF_CASSRAQGDTEAFF;NA_CASRGTGGAFNYGYTF;CAFMNRDDKIIF_CASSLTPSSRANTGELFF;CAVQRGSGNTGKLIF_CASSPGPRATEAFF;CIVRVRMNTGFQKLVF_CASSPRDRGYEQYF;CAPRDTGRRALTF_CASSSRDGLYGYTF	0	NA
10	19	CAVRREETSGSRLTF_CASSLSQGPGELFF;NA_CASSLGGQETQYF;CAATGGGNKLTF_CASSLANRGSGNTIYF;CAVRSTYNFNKFYF_CASSQNSGASSGANVLTF;CAHNQAGTALIF_CASSWDGTTTNYGYTF;CAEMNQAGTALIF_CASSSGGTGDTQYF;CAVRPGTGRRALTF_CASSSPTGTNTGELFF;CAVNSNSGYALNF_CASSLPRTINEQFF;CAVGAQRPLVF_CASSPQEASYNEQFF;CAVVIASGSRLTF_CASSLGGIRNTIYF;CAVIKGAQKLVF_CASSSFGQGGYEQYF;CALSEGGKLIF_CASSLGYGYTF;CAELRSSNTGKLIF_CASSSRAGTGGVQQYF;CIVRGANAGGTSYGKLTF_CASSLQFGGAPMNTEAFF;CGTGTDSWGKLQF_CASSRTGTGVNEQFF;CAASGVGGNEKLTF_CASSLGRRQYF;CVVNGQKLLF_CASRKRDGNTEAFF;CAVEGRDGGTSYGKLTF_CASSLGASGYYEQYF;CAVRDLGLEKSGGSYIPTF_CASSLALPQFF	15	9	CAVNARSSASKIIF_CASSQDGGDRALPFYNEQFF;CAERSGGYQKVTF_CASSQTSTGAYGYTF;CAGDNAGNMLTF_CASSQVYRDTQYF;CAVEHNFNKFYF_CASSQSWAGQAHPEAFF;CAVRGSLGGTSYGKLTF_CASSGTGGRTEAFF;CAVNYGQNFVF_CASRPWTGEETQYF;CAGQRYGQNFVF_CASSQGVPGDSYTDTQYF;CVVRRQTGFQKLVF_CASSQDQRGPYNEQFF;CAVIGGGADGLTF_CASSQLGGVTDTQYF	0	NA
10	19	CAVRREETSGSRLTF_CASSLSQGPGELFF;NA_CASSLGGQETQYF;CAATGGGNKLTF_CASSLANRGSGNTIYF;CAVRSTYNFNKFYF_CASSQNSGASSGANVLTF;CAHNQAGTALIF_CASSWDGTTTNYGYTF;CAEMNQAGTALIF_CASSSGGTGDTQYF;CAVRPGTGRRALTF_CASSSPTGTNTGELFF;CAVNSNSGYALNF_CASSLPRTINEQFF;CAVGAQRPLVF_CASSPQEASYNEQFF;CAVVIASGSRLTF_CASSLGGIRNTIYF;CAVIKGAQKLVF_CASSSFGQGGYEQYF;CALSEGGKLIF_CASSLGYGYTF;CAELRSSNTGKLIF_CASSSRAGTGGVQQYF;CIVRGANAGGTSYGKLTF_CASSLQFGGAPMNTEAFF;CGTGTDSWGKLQF_CASSRTGTGVNEQFF;CAASGVGGNEKLTF_CASSLGRRQYF;CVVNGQKLLF_CASRKRDGNTEAFF;CAVEGRDGGTSYGKLTF_CASSLGASGYYEQYF;CAVRDLGLEKSGGSYIPTF_CASSLALPQFF	24	38	CAFANDYKLSF_CSARETGVSYEQYF;CAEMDSSYKLIF_CSADKDGQNTEAFF;CIVRARPGNAQKLVF_CSAPGAYEQYF;CARSNDYKLSF_CSARQGARNSPLHF;CAASAYGGSQGNLIF_CSAADRRFNQPQHF;CATVPNSGGYQKVTF_CSARGPRQGLQNTEAFF;CASSLGDYKLSF_CSASRQANSPLHF;CAVRDRSGNTGKLIF_CSASRTGGSYEQYF;CAEILGHILTGGGNKLTF_CSAQSRGRLMETQYF;CAARPWETSGSRLTF_CSATDYSPEQFF;CATDATGGFKTIF_CSASPPRTAIYEQYF;CAAPPSFGNQFYF_CSAQTVLYGYTF;CIPGDFGNEKLTF_CSATGLAASPYEQYF;CAVGPNQAGTALIF_CSAPTGTGGGTEAFF;CAVSDRGYQKVTF_CSAPASGLGEQFF;CAGQIIQGAQKLVF_CSAREGYWGSNQPQHF;CAENSGGYQKVTF_CSALYDLGLGNTIYF;CAEIVGYSTLTF_CSAREGSPLHF;CAESIGGSSASKIIF_CSARNGGEAFF;NA_CSAPDGYEQYF;CALGGSGGSNYKLTF_CSARVQGLNYGYTF;CIVRVAGGNAGNMLTF_CSAADLRNEQFF;CAASSRSGGGADGLTF_CSANGGDGYTF;CAVRDEAAGNKLTF_CSARIRGLETQYF;CAVRGYQKVTF_CSALWLRVEDEQFF;CAVSDVGTSGSRLTF_CSAHLLSGGNRRETQYF;CALSADRGSTLGRLYF_CSAPRVRNIQYF;CAASENTGTASKLTF_CSAGGLAGVRNEQFF;CAVRDNYGQNFVF_CSASKTSEQYF;CVVSAPNEKLTF_CSATPGGQETQYF;CVVNTGFQKLVF_CSAHGGGNSGNTIYF;CILRVPGNQFYF_CSARDRYSLNEKLFF;CAVGARGGGADGLTF_CSAPQGFSNQPQHF;CAVRAVRNNNDMRF_CSARGGGPGNTIYF;CAVGESSSNTGKLIF_CSALGENTEAFF;CAVQAQVDGGATNKLIF_CSARDRDRVKNIQYF;CAVSVRAAGNKLTF_CSARDPRPGGGIFRDEQFF;CAVEIGGGKLIF_CSAREGGTGGYEQYF	0	NA
11	13	CALSEAWAEKLVF_CASSLGEGLQETQYF;NA_CASGPTGGSTYNSPLHF;CAYRATGNQFYF_CASRVQGALTDTQYF;CAVVYSGAGSYQLTF_CASSVAGSSYEQYF;CAVPYNTDKLIF_CASSLSRANEQYF;CIVRVATDKLIF_CASSQFLAGEENEQFF;CAMSAGNQAGTALIF_CASSPRGNEQYF;CAVSPKETSGSRLTF_CASSLRGGTGYSGELFF;CAYRSGVRAGTASKLTF_CASSLKGLVAEAFF;CAVKGGSYIPTF_CASSVTGLSSYEQYF;CAANLLNSNARLMF_CASSLLTQGSEQYF;CAMRDVASGGSYIPTF_CASSLEGLWNQETQYF;CAAGRGSGTYKYIF_CASSLLGGENTEAFF	5	51	CAVMDSNYQLIW_CASRTSGDTGELFF;CAVMDSSYKLIF_CASSQDPGSGANVLTF;CAASGGAQKLVF_CASSYFPGGTGEQFF;CAVMDSNYQLIW_CSARDPGQGASPLHF;CAVRDSNYQLIW_CASSYGTSTDTQYF;CICRSWGKLQF_CASSLGAPTEAFF;NA_CASNPRQGVDYEQYF;CAVMDSSYKLIF_CASSETSGSTDTQYF;CAVMDSNYQLIW_CASSETSGRATDTQYF;CALRADQKVTF_CASSVGQASPLHF;CAVSGGTSGSRLTF_CASSQEGDGYNEQFF;CATDDKSTF_CATLTSSGELFF;CAGRDSNYQLIW_CASSQEGGGAYNEQFF;NA_CASSDSKQGSSGANVLTF;CVFMDSNYQLIW_CATSSGTDYNEQFF;CAYRTYKYIF_CASNLGGGMNTEAFF;CAVIRRPGGSYIPTF_CASSMVAANTDTQYF;CAVMDSNYQLIW_CSARAGDTEAFF;CAALDSNYQLIW_CASSYSPDRYNEQFF;CAVEGGTSYGKLTF_CASSLDLEKLFF;CAVMDSNYQLIW_CASSYSGTGGYEQYF;CAVMDSNYQLIW_CASSQGGTGVEKLFF;CAVNTGAGNQFYF_CASSVASGGKGYTF;CAARDTTSGTYKYIF_CASSPSRRGKETQYF;CAVSETGGGNKLTF_CASSLALARSTDTQYF;CAVMDSNYQLIW_CASSDELAGGDEQFF;CLVGDSHGYQLIW_CASSPKGGGLSSYEQYF;CALSLWNSGNTPLVF_CASSDGTGAYEQYF;CVEEDYGGSQGNLIF_CASSTLPPTANYGYTF;CAFMKPVDGGSQGNLIF_CASSSWAQGAGETQYF;CAVMDSSYKLIF_CASSDSASGGYNEQFF;CAVRFISGGYNKLIF_CASSVSDLVSGEQYF;NA_CASSDSKQGSSGANVLTF;CAVLDSNYQLIW_CSAAGLTSSYNEQFF;CVVNWGGKLIF_CASSLGGGGQETQYF;NA_CASSQDGITSGANVLTF;CATDVSDGQKLLF_CASSIKGGLYNEQFF;CAVRDGDYKLSF_CASSDSGSGGGEQFF;NA_CASSYSAAHTGELFF;CAVLDSNYQLIW_CASSPHGQGHNTGELFF;CAGRGGGADGLTF_CASSQDRQGRNYGYTF;NA_CSARNPNMNTEAFF;CALSDSWGKLQF_CASRHGLAGTDTQYF;CAVLDSNYQLIW_CASSDTSGTDTQYF;CALSAGRDDKIIF_CASSLPSYEQYF;CAVRDSDYKLSF_CASSDSSGSGTDTQYF;CAANDNDMRF_CASSLDFRRPQAGYTF;CAASWGYGNKLVF_CASGGEGSGKGNEQFF;CVVSEGGYQKVTF_CASSFGTDTQYF;CASNTGKLIF_CSARASQDWAEAFF;CGGSGNTGKLIF_CASSQGVVIGTGGYEQYF	0	NA
11	13	CALSEAWAEKLVF_CASSLGEGLQETQYF;NA_CASGPTGGSTYNSPLHF;CAYRATGNQFYF_CASRVQGALTDTQYF;CAVVYSGAGSYQLTF_CASSVAGSSYEQYF;CAVPYNTDKLIF_CASSLSRANEQYF;CIVRVATDKLIF_CASSQFLAGEENEQFF;CAMSAGNQAGTALIF_CASSPRGNEQYF;CAVSPKETSGSRLTF_CASSLRGGTGYSGELFF;CAYRSGVRAGTASKLTF_CASSLKGLVAEAFF;CAVKGGSYIPTF_CASSVTGLSSYEQYF;CAANLLNSNARLMF_CASSLLTQGSEQYF;CAMRDVASGGSYIPTF_CASSLEGLWNQETQYF;CAAGRGSGTYKYIF_CASSLLGGENTEAFF	7	1	CALRDMEYGNKLVF_CSVINRGQTEAFF	0	NA
11	13	CALSEAWAEKLVF_CASSLGEGLQETQYF;NA_CASGPTGGSTYNSPLHF;CAYRATGNQFYF_CASRVQGALTDTQYF;CAVVYSGAGSYQLTF_CASSVAGSSYEQYF;CAVPYNTDKLIF_CASSLSRANEQYF;CIVRVATDKLIF_CASSQFLAGEENEQFF;CAMSAGNQAGTALIF_CASSPRGNEQYF;CAVSPKETSGSRLTF_CASSLRGGTGYSGELFF;CAYRSGVRAGTASKLTF_CASSLKGLVAEAFF;CAVKGGSYIPTF_CASSVTGLSSYEQYF;CAANLLNSNARLMF_CASSLLTQGSEQYF;CAMRDVASGGSYIPTF_CASSLEGLWNQETQYF;CAAGRGSGTYKYIF_CASSLLGGENTEAFF	8	228	CALRPSGGSNYKLTF_CASSQARDSLEQYF;CALSEADRGSTLGRLYF_CASSPGRGRRNTEAFF;CAVINSGGYQKVTF_CASSSDRGRGIEAFF;CAASMSGNTGKLIF_CASTPLGTGVTEAFF;CAVRSSSGGGADGLTF_CASVNRGSTEAFF;CAALLNARLMF_CASTGGTPDTQYF;CAVQAGRETSGSRLTF_CASKRAGASYGYTF;CAVGGSNDYKLSF_CASSGGQSSTGELFF;NA_CASSTTGTKDMVWGEQYF;NA_CASSLEAQAFGTEAFF;CAVSGGGSYIPTF_CASSLRDREGGEQYF;CAVNTGGFKTIF_CASTIGLAGGRDEQFF;CAVGLHSNYQLIW_CAITGFRDQPQHF;CAASTWAGGFKTIF_CASSPTGQADTEAFF;CAFTLNFGNEKLTF_CASRGGGTGGSLSGYTF;CALRLLFTGNQFYF_CASSLKGQGNEQFF;CGAATVGNQFYF_CASSLLASSYNEQFF;CAALGGATNKLIF_CATSRWPGVNTEAFF;CAEIGGSYIPTF_CAWGDSSTDTQYF;CAVRGVNFGNEKLTF_CASSQGQQYEQYF;CAVGGGAQKLVF_CASSSFYNSPLHF;CAVTRLYSSASKIIF_CASSLVLSGGEYEQYF;CAASRGNQGGKLIF_CATSGRGADYQETQYF;NA_CASRAGRTSPLHF;CAVSSGGSYIPTF_CASSQPRGETYEQYF;CVVSETGGFKTIF_CASSRTGSTTEAFF;CAEKASRGATNKLIF_CASRRTMNTEAFF;CAPSSGGYNKLIF_CSVEQGSTEAFF;CAFYGGSQGNLIF_CASSLVGVDNSPLHF;CAGGDSWGKLQF_CASSQEDGTYEQYF;CAVTTSGTYKYIF_CASSTQRTANYGYTF;CAGRYDFNKFYF_CASSVSSRNTEAFF;CAGYNFNKFYF_CASSPGTAYGYTF;CAARDQKVTF_CASSRQDYNSPLHF;CAESMEYGQNFVF_CASSPGQLNSPLHF;CATRYRVYSGGGADGLTF_CASSYKLAGDTYEQYF;NA_CASSAHGSYRATDTQYF;CAVMGTGGFKTIF_CASSEDRGIAKNIQYF;CAADPSSGSARQLTF_CASSFLQGPLIEETQYF;CAVTMIKAAGNKLTF_CASSLPTGGHMNTEAFF;CAVRTGTSGAQKLVF_CASSQPGALNTEAFF;CAVSDAAAGNKLTF_CASSYSSRHGYTF;CAFNLGATNKLIF_CASTLDRLGNSPLHF;CIVRVAGGGADGLTF_CASSWSGGVTGELFF;CGDKLIF_CASSPGLRTGELFF;CAGRDNYGQNFVF_CASSPRATGELFF;CAGGEAGKSTF_CASSLAYRGEKLFF;CALEGDMRF_CAISFREQETQYF;CVVSELRRALTF_CSVERNNEQFF;CAVTTTDSWGKFQF_CASSYSGQLNTEAFF;CASRNQAGTALIF_CASSPLGAEGSNQPQHF;CAGAPSGTYKYIF_CASSILAATSEQYF;CAMSGDTGGFKTIF_CATSDSGTREDTQYF;NA_CASSQEGSEDSISTLYGYTF;CAASDSGGSQGNLIF_CASSESWASNSPLHF;NA_CASTPLPPGQSPLHF;CAEIANFNKFYF_CSARDLDGYGYTF;CAVNIYYGNNRLAF_CASGLGGQGLREQYF;NA_CASNDEITNEKLFF;CAVQGAQKLVF_CASSSPTGLGYGYTF;CAVKAAGNKLTF_CASSLKLQGAPAF;CAVRDRGTGGFKTIF_CASGFPEGEQYF;CAESIDGATNKLIF_CSVPKEDMYVDEQFF;CAVSEPSGSARQLTF_CASSDRPGNTIYF;CALYMDTGRRALTF_CASSQPDETQYF;CAALYYGNNRLAF_CASSEVTGLADEQYF;CALSDPVNTGNQFYF_CASRPGTGRRSNQPQHF;CAVSANNNDMRF_CASSLAPRHTGELFF;CAVRGGMTGYSTLTF_CASSLTGGQGTFSTDTQYF;CAVVGGTSYGKLTF_CASSRSEGARPLHF;CAVVGVSGGYNKLIF_CASSDRQGAYTEAFF;CVVSADQAGTALIF_CASSEERSYEQYF;CIVRVDTNAGKSTF_CATSDFPHNEQFF;CASQNRDDKIIF_CASSYSAYEQYF;CVVTRGGGGKLIF_CASSLGLGTLSYEQYF;CAGQTSGTYKYIF_CASSRQGTGANVLTF;CALGSGSNYQLIW_CASSQRGQGVGNEQFF;CAVSASNTGGFKTIF_CAWSVQGGPHNEQFF;CAVSSLSGGYNKLIF_CASSWDRGRVHNEQFF;CAVFPGGTSYGKLTF_CASSPRGPTDTQYF;CAAQDPMEYGNKLVF_CASSYSALRRDTQYF;NA_CASSPGQANEQFF;CAAGRGNTPLVF_CASSVDSVGELFF;NA_CATSPGISSYNEQFF;CAVSSIDNFNKFYF_CASSSPSGGSYEQYF;CGIQGAQKLVF_CASSLTRTEAFF;CAMSSLMDTGRRALTF_CASSPRDTPTDTQYF;CALMDSNYQLIW_CASSNPGPVQETQYF;CAVALSNRDDKIIF_CASSEYYRGHEQYF;CAYQGDYGGSQGNLIF_CASSYSSGDQPQHF;CVVRSTDSWGKLQF_CATSDGDSYYNEQFF;CAASAQGGSEKLVF_CASSASSYNSPLHF;NA_CASSHTSVGPGANVLTF;NA_CSRFMDSGSSYEQYF;CAASANAGNMLTF_CASSLRYNEQFF;CAVNVGRAAGNKLTF_CASSLGDRDDEQFF;NA_CASSNTGTGNTEAFF;CAGLGGSNYKLTF_NA;CVVTGTTSGTYKYIF_CASSYSGEQYF;CAVGSNDYKLSF_CASSVYQETQYF;CAVYNDMRF_CASSVNKKSETPNTEAFF;NA_CASGFPDTQYF;CAPLRTTSGTYKYIF_CASSTRTGMREKLFF;CAASQGSNYQLIW_CASSEGGRGIYEQYF;CAFMKHHMFSGAGSYQLTF_NA;NA_CATSDTMSGRDRNEQFF;CATGLSGGSYIPTF_CASSYAVPNTEAFF;NA_CASNQGSSNQPQHF;NA_CASSSYPTGEKLFF;CVVTPFSGGYNKLIF_CASSGAGAYNEQFF;CAVRGGGNTPLVF_CASTPGYRLNTEAFF;CAARAAWVPQSRTGRRALTF_CASLGVGNTEAFF;CAVRDPSNDYKLSF_CASRREAGNQPQHF;CAGQGGNQGGKLIF_CATSRDQKNIQYF;CAVIRSGGSNYKLTF_CASSLVGDRENEQFF;NA_CASSQDYPGQVNYEQYF;CAVNMNRDDKIIF_CASSVAAVNEKLFF;CAVNAPSGGNKLVF_CASRERDGYTGELFF;NA_CASSFKGLNTEAFF;NA_CASSLSWGRGKNQPQHF;CAMREFNTGGFKTIF_CASRPTGSENQPQHF;CALEDNARLMF_CASRRQGARNTEAFF;NA_CASSQGQGISNQPQHF;CAVRVRNTDKLIF_NA;CILRDATSGTYKYIF_CASGTGDQETQYF;NA_CASSFSGRFEQFF;CAVRDRGFKTIF_CASSLGGNHEQYF;CAALSGGSNYKLTF_CASSMAVLDEQYF;CAVGALTGGGADGLTF_CASSRGGLGTDTQYF;CATDDQAGTALIF_CATSVGSGTFYEQYF;CAARIVFAGSYQLTF_CASSNPKTANYGYTF;CAVQGYDNFNKFYF_CASSRELGSPLHF;CAVNRSNDYKLSF_CASRRARGEKLFF;CAVSEDTGGFKTIF_CASSSTDRAGKAFF;CAVNSNNFNKFYF_CASSPSGRETQYF;CALDMGSNYQLIW_CASSGSQGKGYYGYTF;CALGPSYSGAGSYQLTF_CASSLEVNTEAFF;CAARTSGAGSYQLTF_CASRHGGSSYNEQFF;CVVNWDTGNQFYF_CASSRPLNLNYGYTF;CAGDTGGFKTIF_CASRSGLLDNEKLFF;CAVASGAGSYQLTF_CAWSVGGTGDTQYF;NA_CASTIGMGNQPQHF;CAGRGSGTYKYIF_CATSSPTSESYEQYF;CVVNGEGFQKLVF_CASSLGGFNGELFF;CAASESAGNKLTF_CASSLYRGNSYNEQFF;CAERTPGFQKLVF_CASEGVISYEQYF;CAVTGDTGNQFYF_CASSRGQGAYEQYF;CAASNTGTASKLTF_NA;CAVGAEAAGNKLTF_CASSQDINKPNYGYTF;CAPPSPGGSTLGRLYF_CASSESRSQTYGYTF;CAVNSWTGTASKLTF_CASSLAGGRYDTQYF;CAPKDTDGQKLLF_CASSLDSREQFF;NA_CASSPSRAEQFF;CAVSDRGNTPLVF_CASSLTPRGQETQYF;CAAAEGSNYQLIW_CATTDGRDEQFF;CIPAPLGFGNVLHC_CASSFTTGANVLTF;CAKYNFNKFYF_CASSRLAGTDTQYF;CAVSDQGGKLIF_CASSSTALTEAFF;CVVSRYSGGGADGLTF_CASSINGGRKDEQFF;CAAIETSGSRLTF_CASSPSDRVNSPLHF;CAVIPRNNNDMRF_CASSVHTEAFF;CAVESDSGGGADGLTF_CASSFLGGAYEQYF;CVVSAGPYGGSQGNLIF_CASSPPGGPLHF;CIVPRAGNMLTF_CASSQEPTGDYWFYEQYF;CATAEAGNNRKLIW_CSVEFGVATEAFF;CAEILQGGKLIF_CASSAALTEAFF;CVVNIPLKGFKTIF_CASRPSWGSNEQFF;CAGYNYGQNFVF_CAIRGTSNEKLFF;CAFGTGTYKYIF_CASSQDLGHGETQYF;CAANNNAGNMLTF_CSVERGSSYNEQFF;CALSDRDFGNEKLTF_CASRPRRDRGTQYF;CAVNAAGGYNKLIF_CATSDGSTDTQYF;NA_CASSFQGAGSYGYTF;NA_CASSPLTGAPIQVAKNIQYF;NA_CASSFFGIDTEAFF;CAVSGPQGGSEKLVF_CASSLTGTSGGFEQYF;CAVSPAVGHTGFQKLVF_CASRPFRESSYNEQFF;CAFITGTASKLTF_CASRRASGATYEQYF;CILRVAGGTSYGKLTF_CASSPPGLAGVIEQFF;CAVPSGSRLTF_CASSPHIANTGELFF;CAAPLSGGYNKLIF_CASSLTRDLETQYF;CAVSDGGNTGKLIF_CASSQLRGDTQYF;CVVSAGRGNNRLAF_CASSPGVAVSSYNEQFF;CAGGGGANSKLTF_CASSLLGSPDTQYF;CAYGDWGTGTASKLTF_CASSPRLAGGETQYF;NA_CASVSRTDTQYF;CVVSVTGTASKLTF_CASSLAPSPSYNEQFF;CARSNNNNDMRF_CASKPRANYGYTF;NA_CASSLAAGGLSGELFF;CAAILGFQKLVF_CASSFQPSGGAYTGELFF;CAVRGSSSNTGKLIF_CASSFRDRATVEAFF;CAFEGSSGDKLTF_CASSLGQFGSGANVLTF;CAPSGYQKVTF_CASSYSTGEETQYF;CAVGNTGNQFYF_CAISASLSTDTQYF;CALSEADRGSTLGRLYF_CASSQNPWDGYTF;CALRNNNARLMF_CASWGGTEQYF;CALDITLGQAGTALIF_CASSDFQGTGELFF;CVVWKNKLIF_CASSISRDRINYGYTF;CAAGYNDYKLSF_CASSSRTGGRGDEQFF;CAVNDYKLSF_CASSMDRGNQPQHF;CATDRGNAGKSTF_NA;CAASFYHAGSTLGRLYF_CASRLQGGNQPQHF;CAVTSNAGNMLTF_CASSHGQGRSYEQYF;CAVSPSGGSNYKLTF_CATSDVRQNGTYEQYF;CAVSGPSGGYNKLIF_CASSFHPEKFF;CAVTYGSSGSARQLTF_CASSYFLSGANVLTF;CGTESGNFNKFYF_CASSYSGSGPGANVLTF;CAPFFGNEKLTF_CASSATPTGVRNYGYTF;CAGPNNNARLMF_CASSYSGGPGNTIYF;CAMSGEGFSGGGADGLTF_CASSLLTGNYGYTF;CALRGAGNNRKLIW_CASSYSDRGPMYGYTF;CAAGRTGNQFYF_CASSLWTGRNYGYTF;CATETSGTYKYIF_NA;CSRYAGNNRKLIW_CATSDFGQGSTGEQFF;CAASIGGSQGNLIF_CAISPEPGSYNEQFF;CAAPGGSNYKLTF_NA;CAALTHTGANSKLTF_CASSLDSRYAQYF;CAARGGGTSYGKLTF_CASSLGRAVVYGYTF;CAADFTGNQFYF_CAWSVRSPNQPQHF;CAVSPNSGGYQKVTF_CASSYSQGLGNSPLHF;CAASAGQGAQKLVF_CASGGRGGFSNQPQHF;CAVNIAGGTSYGKLTF_CASSSGATGNTIYF;CAVNPYRGSTLGRLYF_CAWSWTGGETQYF;CAARSSGNTPLVF_CASSLRTVEQYF;CAASAFSGNTGKLIF_CASSLPGTEAFF;CAGVTNFNKFYF_CASRIGPSSGANVLTF;NA_CASRPLARTGELFF;CAESPPTGGFKTIF_NA	0	NA
11	13	CALSEAWAEKLVF_CASSLGEGLQETQYF;NA_CASGPTGGSTYNSPLHF;CAYRATGNQFYF_CASRVQGALTDTQYF;CAVVYSGAGSYQLTF_CASSVAGSSYEQYF;CAVPYNTDKLIF_CASSLSRANEQYF;CIVRVATDKLIF_CASSQFLAGEENEQFF;CAMSAGNQAGTALIF_CASSPRGNEQYF;CAVSPKETSGSRLTF_CASSLRGGTGYSGELFF;CAYRSGVRAGTASKLTF_CASSLKGLVAEAFF;CAVKGGSYIPTF_CASSVTGLSSYEQYF;CAANLLNSNARLMF_CASSLLTQGSEQYF;CAMRDVASGGSYIPTF_CASSLEGLWNQETQYF;CAAGRGSGTYKYIF_CASSLLGGENTEAFF	9	9	NA_CASSFTRMNTEAFF;CAVTLSYNTDKLIF_CASRTRSYGVIQQETQYF;CGTDGEDGGSQGNLIF_CASTEVWGSTYEQYF;CVVKVGGGNDYKLSF_CASRDGSSYNSPLHF;NA_CASGGGNTIYF;NA_CASSLTGTGGNQPQHF;CALGFPNTGNQFYF_CASSDRSVLNTEAFF;CVVTYTSGTYKYIF_CASSPLKDEKLFF;CAVGNGQKLLF_NA	0	NA
11	13	CALSEAWAEKLVF_CASSLGEGLQETQYF;NA_CASGPTGGSTYNSPLHF;CAYRATGNQFYF_CASRVQGALTDTQYF;CAVVYSGAGSYQLTF_CASSVAGSSYEQYF;CAVPYNTDKLIF_CASSLSRANEQYF;CIVRVATDKLIF_CASSQFLAGEENEQFF;CAMSAGNQAGTALIF_CASSPRGNEQYF;CAVSPKETSGSRLTF_CASSLRGGTGYSGELFF;CAYRSGVRAGTASKLTF_CASSLKGLVAEAFF;CAVKGGSYIPTF_CASSVTGLSSYEQYF;CAANLLNSNARLMF_CASSLLTQGSEQYF;CAMRDVASGGSYIPTF_CASSLEGLWNQETQYF;CAAGRGSGTYKYIF_CASSLLGGENTEAFF	10	19	CAVRREETSGSRLTF_CASSLSQGPGELFF;NA_CASSLGGQETQYF;CAATGGGNKLTF_CASSLANRGSGNTIYF;CAVRSTYNFNKFYF_CASSQNSGASSGANVLTF;CAHNQAGTALIF_CASSWDGTTTNYGYTF;CAEMNQAGTALIF_CASSSGGTGDTQYF;CAVRPGTGRRALTF_CASSSPTGTNTGELFF;CAVNSNSGYALNF_CASSLPRTINEQFF;CAVGAQRPLVF_CASSPQEASYNEQFF;CAVVIASGSRLTF_CASSLGGIRNTIYF;CAVIKGAQKLVF_CASSSFGQGGYEQYF;CALSEGGKLIF_CASSLGYGYTF;CAELRSSNTGKLIF_CASSSRAGTGGVQQYF;CIVRGANAGGTSYGKLTF_CASSLQFGGAPMNTEAFF;CGTGTDSWGKLQF_CASSRTGTGVNEQFF;CAASGVGGNEKLTF_CASSLGRRQYF;CVVNGQKLLF_CASRKRDGNTEAFF;CAVEGRDGGTSYGKLTF_CASSLGASGYYEQYF;CAVRDLGLEKSGGSYIPTF_CASSLALPQFF	0	NA
11	13	CALSEAWAEKLVF_CASSLGEGLQETQYF;NA_CASGPTGGSTYNSPLHF;CAYRATGNQFYF_CASRVQGALTDTQYF;CAVVYSGAGSYQLTF_CASSVAGSSYEQYF;CAVPYNTDKLIF_CASSLSRANEQYF;CIVRVATDKLIF_CASSQFLAGEENEQFF;CAMSAGNQAGTALIF_CASSPRGNEQYF;CAVSPKETSGSRLTF_CASSLRGGTGYSGELFF;CAYRSGVRAGTASKLTF_CASSLKGLVAEAFF;CAVKGGSYIPTF_CASSVTGLSSYEQYF;CAANLLNSNARLMF_CASSLLTQGSEQYF;CAMRDVASGGSYIPTF_CASSLEGLWNQETQYF;CAAGRGSGTYKYIF_CASSLLGGENTEAFF	12	13	CALSGNTDKLIF_CASSSRVGGLREQYF;CAAPNAGGTSYGKLTF_CASSSGLLGRAEPQHF;CAVRLDSNYQLIW_CASSLAGQRPAFF;CALPNMDTGRRALTF_CASTYDSSPQYF;CCEDDSWGKLQF_CASSLTANTGELFF;NA_CASRESHLNEKLFF;CAVKSEWTSYDKVIF_CASSFGETQYF;CVVNIGYSSASKIIF_CASSRAQGDTEAFF;NA_CASRGTGGAFNYGYTF;CAFMNRDDKIIF_CASSLTPSSRANTGELFF;CAVQRGSGNTGKLIF_CASSPGPRATEAFF;CIVRVRMNTGFQKLVF_CASSPRDRGYEQYF;CAPRDTGRRALTF_CASSSRDGLYGYTF	0	NA
11	13	CALSEAWAEKLVF_CASSLGEGLQETQYF;NA_CASGPTGGSTYNSPLHF;CAYRATGNQFYF_CASRVQGALTDTQYF;CAVVYSGAGSYQLTF_CASSVAGSSYEQYF;CAVPYNTDKLIF_CASSLSRANEQYF;CIVRVATDKLIF_CASSQFLAGEENEQFF;CAMSAGNQAGTALIF_CASSPRGNEQYF;CAVSPKETSGSRLTF_CASSLRGGTGYSGELFF;CAYRSGVRAGTASKLTF_CASSLKGLVAEAFF;CAVKGGSYIPTF_CASSVTGLSSYEQYF;CAANLLNSNARLMF_CASSLLTQGSEQYF;CAMRDVASGGSYIPTF_CASSLEGLWNQETQYF;CAAGRGSGTYKYIF_CASSLLGGENTEAFF	15	9	CAVNARSSASKIIF_CASSQDGGDRALPFYNEQFF;CAERSGGYQKVTF_CASSQTSTGAYGYTF;CAGDNAGNMLTF_CASSQVYRDTQYF;CAVEHNFNKFYF_CASSQSWAGQAHPEAFF;CAVRGSLGGTSYGKLTF_CASSGTGGRTEAFF;CAVNYGQNFVF_CASRPWTGEETQYF;CAGQRYGQNFVF_CASSQGVPGDSYTDTQYF;CVVRRQTGFQKLVF_CASSQDQRGPYNEQFF;CAVIGGGADGLTF_CASSQLGGVTDTQYF	0	NA
11	13	CALSEAWAEKLVF_CASSLGEGLQETQYF;NA_CASGPTGGSTYNSPLHF;CAYRATGNQFYF_CASRVQGALTDTQYF;CAVVYSGAGSYQLTF_CASSVAGSSYEQYF;CAVPYNTDKLIF_CASSLSRANEQYF;CIVRVATDKLIF_CASSQFLAGEENEQFF;CAMSAGNQAGTALIF_CASSPRGNEQYF;CAVSPKETSGSRLTF_CASSLRGGTGYSGELFF;CAYRSGVRAGTASKLTF_CASSLKGLVAEAFF;CAVKGGSYIPTF_CASSVTGLSSYEQYF;CAANLLNSNARLMF_CASSLLTQGSEQYF;CAMRDVASGGSYIPTF_CASSLEGLWNQETQYF;CAAGRGSGTYKYIF_CASSLLGGENTEAFF	24	38	CAFANDYKLSF_CSARETGVSYEQYF;CAEMDSSYKLIF_CSADKDGQNTEAFF;CIVRARPGNAQKLVF_CSAPGAYEQYF;CARSNDYKLSF_CSARQGARNSPLHF;CAASAYGGSQGNLIF_CSAADRRFNQPQHF;CATVPNSGGYQKVTF_CSARGPRQGLQNTEAFF;CASSLGDYKLSF_CSASRQANSPLHF;CAVRDRSGNTGKLIF_CSASRTGGSYEQYF;CAEILGHILTGGGNKLTF_CSAQSRGRLMETQYF;CAARPWETSGSRLTF_CSATDYSPEQFF;CATDATGGFKTIF_CSASPPRTAIYEQYF;CAAPPSFGNQFYF_CSAQTVLYGYTF;CIPGDFGNEKLTF_CSATGLAASPYEQYF;CAVGPNQAGTALIF_CSAPTGTGGGTEAFF;CAVSDRGYQKVTF_CSAPASGLGEQFF;CAGQIIQGAQKLVF_CSAREGYWGSNQPQHF;CAENSGGYQKVTF_CSALYDLGLGNTIYF;CAEIVGYSTLTF_CSAREGSPLHF;CAESIGGSSASKIIF_CSARNGGEAFF;NA_CSAPDGYEQYF;CALGGSGGSNYKLTF_CSARVQGLNYGYTF;CIVRVAGGNAGNMLTF_CSAADLRNEQFF;CAASSRSGGGADGLTF_CSANGGDGYTF;CAVRDEAAGNKLTF_CSARIRGLETQYF;CAVRGYQKVTF_CSALWLRVEDEQFF;CAVSDVGTSGSRLTF_CSAHLLSGGNRRETQYF;CALSADRGSTLGRLYF_CSAPRVRNIQYF;CAASENTGTASKLTF_CSAGGLAGVRNEQFF;CAVRDNYGQNFVF_CSASKTSEQYF;CVVSAPNEKLTF_CSATPGGQETQYF;CVVNTGFQKLVF_CSAHGGGNSGNTIYF;CILRVPGNQFYF_CSARDRYSLNEKLFF;CAVGARGGGADGLTF_CSAPQGFSNQPQHF;CAVRAVRNNNDMRF_CSARGGGPGNTIYF;CAVGESSSNTGKLIF_CSALGENTEAFF;CAVQAQVDGGATNKLIF_CSARDRDRVKNIQYF;CAVSVRAAGNKLTF_CSARDPRPGGGIFRDEQFF;CAVEIGGGKLIF_CSAREGGTGGYEQYF	0	NA
12	13	CALSGNTDKLIF_CASSSRVGGLREQYF;CAAPNAGGTSYGKLTF_CASSSGLLGRAEPQHF;CAVRLDSNYQLIW_CASSLAGQRPAFF;CALPNMDTGRRALTF_CASTYDSSPQYF;CCEDDSWGKLQF_CASSLTANTGELFF;NA_CASRESHLNEKLFF;CAVKSEWTSYDKVIF_CASSFGETQYF;CVVNIGYSSASKIIF_CASSRAQGDTEAFF;NA_CASRGTGGAFNYGYTF;CAFMNRDDKIIF_CASSLTPSSRANTGELFF;CAVQRGSGNTGKLIF_CASSPGPRATEAFF;CIVRVRMNTGFQKLVF_CASSPRDRGYEQYF;CAPRDTGRRALTF_CASSSRDGLYGYTF	5	51	CAVMDSNYQLIW_CASRTSGDTGELFF;CAVMDSSYKLIF_CASSQDPGSGANVLTF;CAASGGAQKLVF_CASSYFPGGTGEQFF;CAVMDSNYQLIW_CSARDPGQGASPLHF;CAVRDSNYQLIW_CASSYGTSTDTQYF;CICRSWGKLQF_CASSLGAPTEAFF;NA_CASNPRQGVDYEQYF;CAVMDSSYKLIF_CASSETSGSTDTQYF;CAVMDSNYQLIW_CASSETSGRATDTQYF;CALRADQKVTF_CASSVGQASPLHF;CAVSGGTSGSRLTF_CASSQEGDGYNEQFF;CATDDKSTF_CATLTSSGELFF;CAGRDSNYQLIW_CASSQEGGGAYNEQFF;NA_CASSDSKQGSSGANVLTF;CVFMDSNYQLIW_CATSSGTDYNEQFF;CAYRTYKYIF_CASNLGGGMNTEAFF;CAVIRRPGGSYIPTF_CASSMVAANTDTQYF;CAVMDSNYQLIW_CSARAGDTEAFF;CAALDSNYQLIW_CASSYSPDRYNEQFF;CAVEGGTSYGKLTF_CASSLDLEKLFF;CAVMDSNYQLIW_CASSYSGTGGYEQYF;CAVMDSNYQLIW_CASSQGGTGVEKLFF;CAVNTGAGNQFYF_CASSVASGGKGYTF;CAARDTTSGTYKYIF_CASSPSRRGKETQYF;CAVSETGGGNKLTF_CASSLALARSTDTQYF;CAVMDSNYQLIW_CASSDELAGGDEQFF;CLVGDSHGYQLIW_CASSPKGGGLSSYEQYF;CALSLWNSGNTPLVF_CASSDGTGAYEQYF;CVEEDYGGSQGNLIF_CASSTLPPTANYGYTF;CAFMKPVDGGSQGNLIF_CASSSWAQGAGETQYF;CAVMDSSYKLIF_CASSDSASGGYNEQFF;CAVRFISGGYNKLIF_CASSVSDLVSGEQYF;NA_CASSDSKQGSSGANVLTF;CAVLDSNYQLIW_CSAAGLTSSYNEQFF;CVVNWGGKLIF_CASSLGGGGQETQYF;NA_CASSQDGITSGANVLTF;CATDVSDGQKLLF_CASSIKGGLYNEQFF;CAVRDGDYKLSF_CASSDSGSGGGEQFF;NA_CASSYSAAHTGELFF;CAVLDSNYQLIW_CASSPHGQGHNTGELFF;CAGRGGGADGLTF_CASSQDRQGRNYGYTF;NA_CSARNPNMNTEAFF;CALSDSWGKLQF_CASRHGLAGTDTQYF;CAVLDSNYQLIW_CASSDTSGTDTQYF;CALSAGRDDKIIF_CASSLPSYEQYF;CAVRDSDYKLSF_CASSDSSGSGTDTQYF;CAANDNDMRF_CASSLDFRRPQAGYTF;CAASWGYGNKLVF_CASGGEGSGKGNEQFF;CVVSEGGYQKVTF_CASSFGTDTQYF;CASNTGKLIF_CSARASQDWAEAFF;CGGSGNTGKLIF_CASSQGVVIGTGGYEQYF	0	NA
12	13	CALSGNTDKLIF_CASSSRVGGLREQYF;CAAPNAGGTSYGKLTF_CASSSGLLGRAEPQHF;CAVRLDSNYQLIW_CASSLAGQRPAFF;CALPNMDTGRRALTF_CASTYDSSPQYF;CCEDDSWGKLQF_CASSLTANTGELFF;NA_CASRESHLNEKLFF;CAVKSEWTSYDKVIF_CASSFGETQYF;CVVNIGYSSASKIIF_CASSRAQGDTEAFF;NA_CASRGTGGAFNYGYTF;CAFMNRDDKIIF_CASSLTPSSRANTGELFF;CAVQRGSGNTGKLIF_CASSPGPRATEAFF;CIVRVRMNTGFQKLVF_CASSPRDRGYEQYF;CAPRDTGRRALTF_CASSSRDGLYGYTF	7	1	CALRDMEYGNKLVF_CSVINRGQTEAFF	0	NA
12	13	CALSGNTDKLIF_CASSSRVGGLREQYF;CAAPNAGGTSYGKLTF_CASSSGLLGRAEPQHF;CAVRLDSNYQLIW_CASSLAGQRPAFF;CALPNMDTGRRALTF_CASTYDSSPQYF;CCEDDSWGKLQF_CASSLTANTGELFF;NA_CASRESHLNEKLFF;CAVKSEWTSYDKVIF_CASSFGETQYF;CVVNIGYSSASKIIF_CASSRAQGDTEAFF;NA_CASRGTGGAFNYGYTF;CAFMNRDDKIIF_CASSLTPSSRANTGELFF;CAVQRGSGNTGKLIF_CASSPGPRATEAFF;CIVRVRMNTGFQKLVF_CASSPRDRGYEQYF;CAPRDTGRRALTF_CASSSRDGLYGYTF	8	228	CALRPSGGSNYKLTF_CASSQARDSLEQYF;CALSEADRGSTLGRLYF_CASSPGRGRRNTEAFF;CAVINSGGYQKVTF_CASSSDRGRGIEAFF;CAASMSGNTGKLIF_CASTPLGTGVTEAFF;CAVRSSSGGGADGLTF_CASVNRGSTEAFF;CAALLNARLMF_CASTGGTPDTQYF;CAVQAGRETSGSRLTF_CASKRAGASYGYTF;CAVGGSNDYKLSF_CASSGGQSSTGELFF;NA_CASSTTGTKDMVWGEQYF;NA_CASSLEAQAFGTEAFF;CAVSGGGSYIPTF_CASSLRDREGGEQYF;CAVNTGGFKTIF_CASTIGLAGGRDEQFF;CAVGLHSNYQLIW_CAITGFRDQPQHF;CAASTWAGGFKTIF_CASSPTGQADTEAFF;CAFTLNFGNEKLTF_CASRGGGTGGSLSGYTF;CALRLLFTGNQFYF_CASSLKGQGNEQFF;CGAATVGNQFYF_CASSLLASSYNEQFF;CAALGGATNKLIF_CATSRWPGVNTEAFF;CAEIGGSYIPTF_CAWGDSSTDTQYF;CAVRGVNFGNEKLTF_CASSQGQQYEQYF;CAVGGGAQKLVF_CASSSFYNSPLHF;CAVTRLYSSASKIIF_CASSLVLSGGEYEQYF;CAASRGNQGGKLIF_CATSGRGADYQETQYF;NA_CASRAGRTSPLHF;CAVSSGGSYIPTF_CASSQPRGETYEQYF;CVVSETGGFKTIF_CASSRTGSTTEAFF;CAEKASRGATNKLIF_CASRRTMNTEAFF;CAPSSGGYNKLIF_CSVEQGSTEAFF;CAFYGGSQGNLIF_CASSLVGVDNSPLHF;CAGGDSWGKLQF_CASSQEDGTYEQYF;CAVTTSGTYKYIF_CASSTQRTANYGYTF;CAGRYDFNKFYF_CASSVSSRNTEAFF;CAGYNFNKFYF_CASSPGTAYGYTF;CAARDQKVTF_CASSRQDYNSPLHF;CAESMEYGQNFVF_CASSPGQLNSPLHF;CATRYRVYSGGGADGLTF_CASSYKLAGDTYEQYF;NA_CASSAHGSYRATDTQYF;CAVMGTGGFKTIF_CASSEDRGIAKNIQYF;CAADPSSGSARQLTF_CASSFLQGPLIEETQYF;CAVTMIKAAGNKLTF_CASSLPTGGHMNTEAFF;CAVRTGTSGAQKLVF_CASSQPGALNTEAFF;CAVSDAAAGNKLTF_CASSYSSRHGYTF;CAFNLGATNKLIF_CASTLDRLGNSPLHF;CIVRVAGGGADGLTF_CASSWSGGVTGELFF;CGDKLIF_CASSPGLRTGELFF;CAGRDNYGQNFVF_CASSPRATGELFF;CAGGEAGKSTF_CASSLAYRGEKLFF;CALEGDMRF_CAISFREQETQYF;CVVSELRRALTF_CSVERNNEQFF;CAVTTTDSWGKFQF_CASSYSGQLNTEAFF;CASRNQAGTALIF_CASSPLGAEGSNQPQHF;CAGAPSGTYKYIF_CASSILAATSEQYF;CAMSGDTGGFKTIF_CATSDSGTREDTQYF;NA_CASSQEGSEDSISTLYGYTF;CAASDSGGSQGNLIF_CASSESWASNSPLHF;NA_CASTPLPPGQSPLHF;CAEIANFNKFYF_CSARDLDGYGYTF;CAVNIYYGNNRLAF_CASGLGGQGLREQYF;NA_CASNDEITNEKLFF;CAVQGAQKLVF_CASSSPTGLGYGYTF;CAVKAAGNKLTF_CASSLKLQGAPAF;CAVRDRGTGGFKTIF_CASGFPEGEQYF;CAESIDGATNKLIF_CSVPKEDMYVDEQFF;CAVSEPSGSARQLTF_CASSDRPGNTIYF;CALYMDTGRRALTF_CASSQPDETQYF;CAALYYGNNRLAF_CASSEVTGLADEQYF;CALSDPVNTGNQFYF_CASRPGTGRRSNQPQHF;CAVSANNNDMRF_CASSLAPRHTGELFF;CAVRGGMTGYSTLTF_CASSLTGGQGTFSTDTQYF;CAVVGGTSYGKLTF_CASSRSEGARPLHF;CAVVGVSGGYNKLIF_CASSDRQGAYTEAFF;CVVSADQAGTALIF_CASSEERSYEQYF;CIVRVDTNAGKSTF_CATSDFPHNEQFF;CASQNRDDKIIF_CASSYSAYEQYF;CVVTRGGGGKLIF_CASSLGLGTLSYEQYF;CAGQTSGTYKYIF_CASSRQGTGANVLTF;CALGSGSNYQLIW_CASSQRGQGVGNEQFF;CAVSASNTGGFKTIF_CAWSVQGGPHNEQFF;CAVSSLSGGYNKLIF_CASSWDRGRVHNEQFF;CAVFPGGTSYGKLTF_CASSPRGPTDTQYF;CAAQDPMEYGNKLVF_CASSYSALRRDTQYF;NA_CASSPGQANEQFF;CAAGRGNTPLVF_CASSVDSVGELFF;NA_CATSPGISSYNEQFF;CAVSSIDNFNKFYF_CASSSPSGGSYEQYF;CGIQGAQKLVF_CASSLTRTEAFF;CAMSSLMDTGRRALTF_CASSPRDTPTDTQYF;CALMDSNYQLIW_CASSNPGPVQETQYF;CAVALSNRDDKIIF_CASSEYYRGHEQYF;CAYQGDYGGSQGNLIF_CASSYSSGDQPQHF;CVVRSTDSWGKLQF_CATSDGDSYYNEQFF;CAASAQGGSEKLVF_CASSASSYNSPLHF;NA_CASSHTSVGPGANVLTF;NA_CSRFMDSGSSYEQYF;CAASANAGNMLTF_CASSLRYNEQFF;CAVNVGRAAGNKLTF_CASSLGDRDDEQFF;NA_CASSNTGTGNTEAFF;CAGLGGSNYKLTF_NA;CVVTGTTSGTYKYIF_CASSYSGEQYF;CAVGSNDYKLSF_CASSVYQETQYF;CAVYNDMRF_CASSVNKKSETPNTEAFF;NA_CASGFPDTQYF;CAPLRTTSGTYKYIF_CASSTRTGMREKLFF;CAASQGSNYQLIW_CASSEGGRGIYEQYF;CAFMKHHMFSGAGSYQLTF_NA;NA_CATSDTMSGRDRNEQFF;CATGLSGGSYIPTF_CASSYAVPNTEAFF;NA_CASNQGSSNQPQHF;NA_CASSSYPTGEKLFF;CVVTPFSGGYNKLIF_CASSGAGAYNEQFF;CAVRGGGNTPLVF_CASTPGYRLNTEAFF;CAARAAWVPQSRTGRRALTF_CASLGVGNTEAFF;CAVRDPSNDYKLSF_CASRREAGNQPQHF;CAGQGGNQGGKLIF_CATSRDQKNIQYF;CAVIRSGGSNYKLTF_CASSLVGDRENEQFF;NA_CASSQDYPGQVNYEQYF;CAVNMNRDDKIIF_CASSVAAVNEKLFF;CAVNAPSGGNKLVF_CASRERDGYTGELFF;NA_CASSFKGLNTEAFF;NA_CASSLSWGRGKNQPQHF;CAMREFNTGGFKTIF_CASRPTGSENQPQHF;CALEDNARLMF_CASRRQGARNTEAFF;NA_CASSQGQGISNQPQHF;CAVRVRNTDKLIF_NA;CILRDATSGTYKYIF_CASGTGDQETQYF;NA_CASSFSGRFEQFF;CAVRDRGFKTIF_CASSLGGNHEQYF;CAALSGGSNYKLTF_CASSMAVLDEQYF;CAVGALTGGGADGLTF_CASSRGGLGTDTQYF;CATDDQAGTALIF_CATSVGSGTFYEQYF;CAARIVFAGSYQLTF_CASSNPKTANYGYTF;CAVQGYDNFNKFYF_CASSRELGSPLHF;CAVNRSNDYKLSF_CASRRARGEKLFF;CAVSEDTGGFKTIF_CASSSTDRAGKAFF;CAVNSNNFNKFYF_CASSPSGRETQYF;CALDMGSNYQLIW_CASSGSQGKGYYGYTF;CALGPSYSGAGSYQLTF_CASSLEVNTEAFF;CAARTSGAGSYQLTF_CASRHGGSSYNEQFF;CVVNWDTGNQFYF_CASSRPLNLNYGYTF;CAGDTGGFKTIF_CASRSGLLDNEKLFF;CAVASGAGSYQLTF_CAWSVGGTGDTQYF;NA_CASTIGMGNQPQHF;CAGRGSGTYKYIF_CATSSPTSESYEQYF;CVVNGEGFQKLVF_CASSLGGFNGELFF;CAASESAGNKLTF_CASSLYRGNSYNEQFF;CAERTPGFQKLVF_CASEGVISYEQYF;CAVTGDTGNQFYF_CASSRGQGAYEQYF;CAASNTGTASKLTF_NA;CAVGAEAAGNKLTF_CASSQDINKPNYGYTF;CAPPSPGGSTLGRLYF_CASSESRSQTYGYTF;CAVNSWTGTASKLTF_CASSLAGGRYDTQYF;CAPKDTDGQKLLF_CASSLDSREQFF;NA_CASSPSRAEQFF;CAVSDRGNTPLVF_CASSLTPRGQETQYF;CAAAEGSNYQLIW_CATTDGRDEQFF;CIPAPLGFGNVLHC_CASSFTTGANVLTF;CAKYNFNKFYF_CASSRLAGTDTQYF;CAVSDQGGKLIF_CASSSTALTEAFF;CVVSRYSGGGADGLTF_CASSINGGRKDEQFF;CAAIETSGSRLTF_CASSPSDRVNSPLHF;CAVIPRNNNDMRF_CASSVHTEAFF;CAVESDSGGGADGLTF_CASSFLGGAYEQYF;CVVSAGPYGGSQGNLIF_CASSPPGGPLHF;CIVPRAGNMLTF_CASSQEPTGDYWFYEQYF;CATAEAGNNRKLIW_CSVEFGVATEAFF;CAEILQGGKLIF_CASSAALTEAFF;CVVNIPLKGFKTIF_CASRPSWGSNEQFF;CAGYNYGQNFVF_CAIRGTSNEKLFF;CAFGTGTYKYIF_CASSQDLGHGETQYF;CAANNNAGNMLTF_CSVERGSSYNEQFF;CALSDRDFGNEKLTF_CASRPRRDRGTQYF;CAVNAAGGYNKLIF_CATSDGSTDTQYF;NA_CASSFQGAGSYGYTF;NA_CASSPLTGAPIQVAKNIQYF;NA_CASSFFGIDTEAFF;CAVSGPQGGSEKLVF_CASSLTGTSGGFEQYF;CAVSPAVGHTGFQKLVF_CASRPFRESSYNEQFF;CAFITGTASKLTF_CASRRASGATYEQYF;CILRVAGGTSYGKLTF_CASSPPGLAGVIEQFF;CAVPSGSRLTF_CASSPHIANTGELFF;CAAPLSGGYNKLIF_CASSLTRDLETQYF;CAVSDGGNTGKLIF_CASSQLRGDTQYF;CVVSAGRGNNRLAF_CASSPGVAVSSYNEQFF;CAGGGGANSKLTF_CASSLLGSPDTQYF;CAYGDWGTGTASKLTF_CASSPRLAGGETQYF;NA_CASVSRTDTQYF;CVVSVTGTASKLTF_CASSLAPSPSYNEQFF;CARSNNNNDMRF_CASKPRANYGYTF;NA_CASSLAAGGLSGELFF;CAAILGFQKLVF_CASSFQPSGGAYTGELFF;CAVRGSSSNTGKLIF_CASSFRDRATVEAFF;CAFEGSSGDKLTF_CASSLGQFGSGANVLTF;CAPSGYQKVTF_CASSYSTGEETQYF;CAVGNTGNQFYF_CAISASLSTDTQYF;CALSEADRGSTLGRLYF_CASSQNPWDGYTF;CALRNNNARLMF_CASWGGTEQYF;CALDITLGQAGTALIF_CASSDFQGTGELFF;CVVWKNKLIF_CASSISRDRINYGYTF;CAAGYNDYKLSF_CASSSRTGGRGDEQFF;CAVNDYKLSF_CASSMDRGNQPQHF;CATDRGNAGKSTF_NA;CAASFYHAGSTLGRLYF_CASRLQGGNQPQHF;CAVTSNAGNMLTF_CASSHGQGRSYEQYF;CAVSPSGGSNYKLTF_CATSDVRQNGTYEQYF;CAVSGPSGGYNKLIF_CASSFHPEKFF;CAVTYGSSGSARQLTF_CASSYFLSGANVLTF;CGTESGNFNKFYF_CASSYSGSGPGANVLTF;CAPFFGNEKLTF_CASSATPTGVRNYGYTF;CAGPNNNARLMF_CASSYSGGPGNTIYF;CAMSGEGFSGGGADGLTF_CASSLLTGNYGYTF;CALRGAGNNRKLIW_CASSYSDRGPMYGYTF;CAAGRTGNQFYF_CASSLWTGRNYGYTF;CATETSGTYKYIF_NA;CSRYAGNNRKLIW_CATSDFGQGSTGEQFF;CAASIGGSQGNLIF_CAISPEPGSYNEQFF;CAAPGGSNYKLTF_NA;CAALTHTGANSKLTF_CASSLDSRYAQYF;CAARGGGTSYGKLTF_CASSLGRAVVYGYTF;CAADFTGNQFYF_CAWSVRSPNQPQHF;CAVSPNSGGYQKVTF_CASSYSQGLGNSPLHF;CAASAGQGAQKLVF_CASGGRGGFSNQPQHF;CAVNIAGGTSYGKLTF_CASSSGATGNTIYF;CAVNPYRGSTLGRLYF_CAWSWTGGETQYF;CAARSSGNTPLVF_CASSLRTVEQYF;CAASAFSGNTGKLIF_CASSLPGTEAFF;CAGVTNFNKFYF_CASRIGPSSGANVLTF;NA_CASRPLARTGELFF;CAESPPTGGFKTIF_NA	0	NA
12	13	CALSGNTDKLIF_CASSSRVGGLREQYF;CAAPNAGGTSYGKLTF_CASSSGLLGRAEPQHF;CAVRLDSNYQLIW_CASSLAGQRPAFF;CALPNMDTGRRALTF_CASTYDSSPQYF;CCEDDSWGKLQF_CASSLTANTGELFF;NA_CASRESHLNEKLFF;CAVKSEWTSYDKVIF_CASSFGETQYF;CVVNIGYSSASKIIF_CASSRAQGDTEAFF;NA_CASRGTGGAFNYGYTF;CAFMNRDDKIIF_CASSLTPSSRANTGELFF;CAVQRGSGNTGKLIF_CASSPGPRATEAFF;CIVRVRMNTGFQKLVF_CASSPRDRGYEQYF;CAPRDTGRRALTF_CASSSRDGLYGYTF	9	9	NA_CASSFTRMNTEAFF;CAVTLSYNTDKLIF_CASRTRSYGVIQQETQYF;CGTDGEDGGSQGNLIF_CASTEVWGSTYEQYF;CVVKVGGGNDYKLSF_CASRDGSSYNSPLHF;NA_CASGGGNTIYF;NA_CASSLTGTGGNQPQHF;CALGFPNTGNQFYF_CASSDRSVLNTEAFF;CVVTYTSGTYKYIF_CASSPLKDEKLFF;CAVGNGQKLLF_NA	0	NA
12	13	CALSGNTDKLIF_CASSSRVGGLREQYF;CAAPNAGGTSYGKLTF_CASSSGLLGRAEPQHF;CAVRLDSNYQLIW_CASSLAGQRPAFF;CALPNMDTGRRALTF_CASTYDSSPQYF;CCEDDSWGKLQF_CASSLTANTGELFF;NA_CASRESHLNEKLFF;CAVKSEWTSYDKVIF_CASSFGETQYF;CVVNIGYSSASKIIF_CASSRAQGDTEAFF;NA_CASRGTGGAFNYGYTF;CAFMNRDDKIIF_CASSLTPSSRANTGELFF;CAVQRGSGNTGKLIF_CASSPGPRATEAFF;CIVRVRMNTGFQKLVF_CASSPRDRGYEQYF;CAPRDTGRRALTF_CASSSRDGLYGYTF	10	19	CAVRREETSGSRLTF_CASSLSQGPGELFF;NA_CASSLGGQETQYF;CAATGGGNKLTF_CASSLANRGSGNTIYF;CAVRSTYNFNKFYF_CASSQNSGASSGANVLTF;CAHNQAGTALIF_CASSWDGTTTNYGYTF;CAEMNQAGTALIF_CASSSGGTGDTQYF;CAVRPGTGRRALTF_CASSSPTGTNTGELFF;CAVNSNSGYALNF_CASSLPRTINEQFF;CAVGAQRPLVF_CASSPQEASYNEQFF;CAVVIASGSRLTF_CASSLGGIRNTIYF;CAVIKGAQKLVF_CASSSFGQGGYEQYF;CALSEGGKLIF_CASSLGYGYTF;CAELRSSNTGKLIF_CASSSRAGTGGVQQYF;CIVRGANAGGTSYGKLTF_CASSLQFGGAPMNTEAFF;CGTGTDSWGKLQF_CASSRTGTGVNEQFF;CAASGVGGNEKLTF_CASSLGRRQYF;CVVNGQKLLF_CASRKRDGNTEAFF;CAVEGRDGGTSYGKLTF_CASSLGASGYYEQYF;CAVRDLGLEKSGGSYIPTF_CASSLALPQFF	0	NA
12	13	CALSGNTDKLIF_CASSSRVGGLREQYF;CAAPNAGGTSYGKLTF_CASSSGLLGRAEPQHF;CAVRLDSNYQLIW_CASSLAGQRPAFF;CALPNMDTGRRALTF_CASTYDSSPQYF;CCEDDSWGKLQF_CASSLTANTGELFF;NA_CASRESHLNEKLFF;CAVKSEWTSYDKVIF_CASSFGETQYF;CVVNIGYSSASKIIF_CASSRAQGDTEAFF;NA_CASRGTGGAFNYGYTF;CAFMNRDDKIIF_CASSLTPSSRANTGELFF;CAVQRGSGNTGKLIF_CASSPGPRATEAFF;CIVRVRMNTGFQKLVF_CASSPRDRGYEQYF;CAPRDTGRRALTF_CASSSRDGLYGYTF	11	13	CALSEAWAEKLVF_CASSLGEGLQETQYF;NA_CASGPTGGSTYNSPLHF;CAYRATGNQFYF_CASRVQGALTDTQYF;CAVVYSGAGSYQLTF_CASSVAGSSYEQYF;CAVPYNTDKLIF_CASSLSRANEQYF;CIVRVATDKLIF_CASSQFLAGEENEQFF;CAMSAGNQAGTALIF_CASSPRGNEQYF;CAVSPKETSGSRLTF_CASSLRGGTGYSGELFF;CAYRSGVRAGTASKLTF_CASSLKGLVAEAFF;CAVKGGSYIPTF_CASSVTGLSSYEQYF;CAANLLNSNARLMF_CASSLLTQGSEQYF;CAMRDVASGGSYIPTF_CASSLEGLWNQETQYF;CAAGRGSGTYKYIF_CASSLLGGENTEAFF	0	NA
12	13	CALSGNTDKLIF_CASSSRVGGLREQYF;CAAPNAGGTSYGKLTF_CASSSGLLGRAEPQHF;CAVRLDSNYQLIW_CASSLAGQRPAFF;CALPNMDTGRRALTF_CASTYDSSPQYF;CCEDDSWGKLQF_CASSLTANTGELFF;NA_CASRESHLNEKLFF;CAVKSEWTSYDKVIF_CASSFGETQYF;CVVNIGYSSASKIIF_CASSRAQGDTEAFF;NA_CASRGTGGAFNYGYTF;CAFMNRDDKIIF_CASSLTPSSRANTGELFF;CAVQRGSGNTGKLIF_CASSPGPRATEAFF;CIVRVRMNTGFQKLVF_CASSPRDRGYEQYF;CAPRDTGRRALTF_CASSSRDGLYGYTF	15	9	CAVNARSSASKIIF_CASSQDGGDRALPFYNEQFF;CAERSGGYQKVTF_CASSQTSTGAYGYTF;CAGDNAGNMLTF_CASSQVYRDTQYF;CAVEHNFNKFYF_CASSQSWAGQAHPEAFF;CAVRGSLGGTSYGKLTF_CASSGTGGRTEAFF;CAVNYGQNFVF_CASRPWTGEETQYF;CAGQRYGQNFVF_CASSQGVPGDSYTDTQYF;CVVRRQTGFQKLVF_CASSQDQRGPYNEQFF;CAVIGGGADGLTF_CASSQLGGVTDTQYF	0	NA
12	13	CALSGNTDKLIF_CASSSRVGGLREQYF;CAAPNAGGTSYGKLTF_CASSSGLLGRAEPQHF;CAVRLDSNYQLIW_CASSLAGQRPAFF;CALPNMDTGRRALTF_CASTYDSSPQYF;CCEDDSWGKLQF_CASSLTANTGELFF;NA_CASRESHLNEKLFF;CAVKSEWTSYDKVIF_CASSFGETQYF;CVVNIGYSSASKIIF_CASSRAQGDTEAFF;NA_CASRGTGGAFNYGYTF;CAFMNRDDKIIF_CASSLTPSSRANTGELFF;CAVQRGSGNTGKLIF_CASSPGPRATEAFF;CIVRVRMNTGFQKLVF_CASSPRDRGYEQYF;CAPRDTGRRALTF_CASSSRDGLYGYTF	24	38	CAFANDYKLSF_CSARETGVSYEQYF;CAEMDSSYKLIF_CSADKDGQNTEAFF;CIVRARPGNAQKLVF_CSAPGAYEQYF;CARSNDYKLSF_CSARQGARNSPLHF;CAASAYGGSQGNLIF_CSAADRRFNQPQHF;CATVPNSGGYQKVTF_CSARGPRQGLQNTEAFF;CASSLGDYKLSF_CSASRQANSPLHF;CAVRDRSGNTGKLIF_CSASRTGGSYEQYF;CAEILGHILTGGGNKLTF_CSAQSRGRLMETQYF;CAARPWETSGSRLTF_CSATDYSPEQFF;CATDATGGFKTIF_CSASPPRTAIYEQYF;CAAPPSFGNQFYF_CSAQTVLYGYTF;CIPGDFGNEKLTF_CSATGLAASPYEQYF;CAVGPNQAGTALIF_CSAPTGTGGGTEAFF;CAVSDRGYQKVTF_CSAPASGLGEQFF;CAGQIIQGAQKLVF_CSAREGYWGSNQPQHF;CAENSGGYQKVTF_CSALYDLGLGNTIYF;CAEIVGYSTLTF_CSAREGSPLHF;CAESIGGSSASKIIF_CSARNGGEAFF;NA_CSAPDGYEQYF;CALGGSGGSNYKLTF_CSARVQGLNYGYTF;CIVRVAGGNAGNMLTF_CSAADLRNEQFF;CAASSRSGGGADGLTF_CSANGGDGYTF;CAVRDEAAGNKLTF_CSARIRGLETQYF;CAVRGYQKVTF_CSALWLRVEDEQFF;CAVSDVGTSGSRLTF_CSAHLLSGGNRRETQYF;CALSADRGSTLGRLYF_CSAPRVRNIQYF;CAASENTGTASKLTF_CSAGGLAGVRNEQFF;CAVRDNYGQNFVF_CSASKTSEQYF;CVVSAPNEKLTF_CSATPGGQETQYF;CVVNTGFQKLVF_CSAHGGGNSGNTIYF;CILRVPGNQFYF_CSARDRYSLNEKLFF;CAVGARGGGADGLTF_CSAPQGFSNQPQHF;CAVRAVRNNNDMRF_CSARGGGPGNTIYF;CAVGESSSNTGKLIF_CSALGENTEAFF;CAVQAQVDGGATNKLIF_CSARDRDRVKNIQYF;CAVSVRAAGNKLTF_CSARDPRPGGGIFRDEQFF;CAVEIGGGKLIF_CSAREGGTGGYEQYF	0	NA
15	9	CAVNARSSASKIIF_CASSQDGGDRALPFYNEQFF;CAERSGGYQKVTF_CASSQTSTGAYGYTF;CAGDNAGNMLTF_CASSQVYRDTQYF;CAVEHNFNKFYF_CASSQSWAGQAHPEAFF;CAVRGSLGGTSYGKLTF_CASSGTGGRTEAFF;CAVNYGQNFVF_CASRPWTGEETQYF;CAGQRYGQNFVF_CASSQGVPGDSYTDTQYF;CVVRRQTGFQKLVF_CASSQDQRGPYNEQFF;CAVIGGGADGLTF_CASSQLGGVTDTQYF	5	51	CAVMDSNYQLIW_CASRTSGDTGELFF;CAVMDSSYKLIF_CASSQDPGSGANVLTF;CAASGGAQKLVF_CASSYFPGGTGEQFF;CAVMDSNYQLIW_CSARDPGQGASPLHF;CAVRDSNYQLIW_CASSYGTSTDTQYF;CICRSWGKLQF_CASSLGAPTEAFF;NA_CASNPRQGVDYEQYF;CAVMDSSYKLIF_CASSETSGSTDTQYF;CAVMDSNYQLIW_CASSETSGRATDTQYF;CALRADQKVTF_CASSVGQASPLHF;CAVSGGTSGSRLTF_CASSQEGDGYNEQFF;CATDDKSTF_CATLTSSGELFF;CAGRDSNYQLIW_CASSQEGGGAYNEQFF;NA_CASSDSKQGSSGANVLTF;CVFMDSNYQLIW_CATSSGTDYNEQFF;CAYRTYKYIF_CASNLGGGMNTEAFF;CAVIRRPGGSYIPTF_CASSMVAANTDTQYF;CAVMDSNYQLIW_CSARAGDTEAFF;CAALDSNYQLIW_CASSYSPDRYNEQFF;CAVEGGTSYGKLTF_CASSLDLEKLFF;CAVMDSNYQLIW_CASSYSGTGGYEQYF;CAVMDSNYQLIW_CASSQGGTGVEKLFF;CAVNTGAGNQFYF_CASSVASGGKGYTF;CAARDTTSGTYKYIF_CASSPSRRGKETQYF;CAVSETGGGNKLTF_CASSLALARSTDTQYF;CAVMDSNYQLIW_CASSDELAGGDEQFF;CLVGDSHGYQLIW_CASSPKGGGLSSYEQYF;CALSLWNSGNTPLVF_CASSDGTGAYEQYF;CVEEDYGGSQGNLIF_CASSTLPPTANYGYTF;CAFMKPVDGGSQGNLIF_CASSSWAQGAGETQYF;CAVMDSSYKLIF_CASSDSASGGYNEQFF;CAVRFISGGYNKLIF_CASSVSDLVSGEQYF;NA_CASSDSKQGSSGANVLTF;CAVLDSNYQLIW_CSAAGLTSSYNEQFF;CVVNWGGKLIF_CASSLGGGGQETQYF;NA_CASSQDGITSGANVLTF;CATDVSDGQKLLF_CASSIKGGLYNEQFF;CAVRDGDYKLSF_CASSDSGSGGGEQFF;NA_CASSYSAAHTGELFF;CAVLDSNYQLIW_CASSPHGQGHNTGELFF;CAGRGGGADGLTF_CASSQDRQGRNYGYTF;NA_CSARNPNMNTEAFF;CALSDSWGKLQF_CASRHGLAGTDTQYF;CAVLDSNYQLIW_CASSDTSGTDTQYF;CALSAGRDDKIIF_CASSLPSYEQYF;CAVRDSDYKLSF_CASSDSSGSGTDTQYF;CAANDNDMRF_CASSLDFRRPQAGYTF;CAASWGYGNKLVF_CASGGEGSGKGNEQFF;CVVSEGGYQKVTF_CASSFGTDTQYF;CASNTGKLIF_CSARASQDWAEAFF;CGGSGNTGKLIF_CASSQGVVIGTGGYEQYF	0	NA
15	9	CAVNARSSASKIIF_CASSQDGGDRALPFYNEQFF;CAERSGGYQKVTF_CASSQTSTGAYGYTF;CAGDNAGNMLTF_CASSQVYRDTQYF;CAVEHNFNKFYF_CASSQSWAGQAHPEAFF;CAVRGSLGGTSYGKLTF_CASSGTGGRTEAFF;CAVNYGQNFVF_CASRPWTGEETQYF;CAGQRYGQNFVF_CASSQGVPGDSYTDTQYF;CVVRRQTGFQKLVF_CASSQDQRGPYNEQFF;CAVIGGGADGLTF_CASSQLGGVTDTQYF	7	1	CALRDMEYGNKLVF_CSVINRGQTEAFF	0	NA
15	9	CAVNARSSASKIIF_CASSQDGGDRALPFYNEQFF;CAERSGGYQKVTF_CASSQTSTGAYGYTF;CAGDNAGNMLTF_CASSQVYRDTQYF;CAVEHNFNKFYF_CASSQSWAGQAHPEAFF;CAVRGSLGGTSYGKLTF_CASSGTGGRTEAFF;CAVNYGQNFVF_CASRPWTGEETQYF;CAGQRYGQNFVF_CASSQGVPGDSYTDTQYF;CVVRRQTGFQKLVF_CASSQDQRGPYNEQFF;CAVIGGGADGLTF_CASSQLGGVTDTQYF	8	228	CALRPSGGSNYKLTF_CASSQARDSLEQYF;CALSEADRGSTLGRLYF_CASSPGRGRRNTEAFF;CAVINSGGYQKVTF_CASSSDRGRGIEAFF;CAASMSGNTGKLIF_CASTPLGTGVTEAFF;CAVRSSSGGGADGLTF_CASVNRGSTEAFF;CAALLNARLMF_CASTGGTPDTQYF;CAVQAGRETSGSRLTF_CASKRAGASYGYTF;CAVGGSNDYKLSF_CASSGGQSSTGELFF;NA_CASSTTGTKDMVWGEQYF;NA_CASSLEAQAFGTEAFF;CAVSGGGSYIPTF_CASSLRDREGGEQYF;CAVNTGGFKTIF_CASTIGLAGGRDEQFF;CAVGLHSNYQLIW_CAITGFRDQPQHF;CAASTWAGGFKTIF_CASSPTGQADTEAFF;CAFTLNFGNEKLTF_CASRGGGTGGSLSGYTF;CALRLLFTGNQFYF_CASSLKGQGNEQFF;CGAATVGNQFYF_CASSLLASSYNEQFF;CAALGGATNKLIF_CATSRWPGVNTEAFF;CAEIGGSYIPTF_CAWGDSSTDTQYF;CAVRGVNFGNEKLTF_CASSQGQQYEQYF;CAVGGGAQKLVF_CASSSFYNSPLHF;CAVTRLYSSASKIIF_CASSLVLSGGEYEQYF;CAASRGNQGGKLIF_CATSGRGADYQETQYF;NA_CASRAGRTSPLHF;CAVSSGGSYIPTF_CASSQPRGETYEQYF;CVVSETGGFKTIF_CASSRTGSTTEAFF;CAEKASRGATNKLIF_CASRRTMNTEAFF;CAPSSGGYNKLIF_CSVEQGSTEAFF;CAFYGGSQGNLIF_CASSLVGVDNSPLHF;CAGGDSWGKLQF_CASSQEDGTYEQYF;CAVTTSGTYKYIF_CASSTQRTANYGYTF;CAGRYDFNKFYF_CASSVSSRNTEAFF;CAGYNFNKFYF_CASSPGTAYGYTF;CAARDQKVTF_CASSRQDYNSPLHF;CAESMEYGQNFVF_CASSPGQLNSPLHF;CATRYRVYSGGGADGLTF_CASSYKLAGDTYEQYF;NA_CASSAHGSYRATDTQYF;CAVMGTGGFKTIF_CASSEDRGIAKNIQYF;CAADPSSGSARQLTF_CASSFLQGPLIEETQYF;CAVTMIKAAGNKLTF_CASSLPTGGHMNTEAFF;CAVRTGTSGAQKLVF_CASSQPGALNTEAFF;CAVSDAAAGNKLTF_CASSYSSRHGYTF;CAFNLGATNKLIF_CASTLDRLGNSPLHF;CIVRVAGGGADGLTF_CASSWSGGVTGELFF;CGDKLIF_CASSPGLRTGELFF;CAGRDNYGQNFVF_CASSPRATGELFF;CAGGEAGKSTF_CASSLAYRGEKLFF;CALEGDMRF_CAISFREQETQYF;CVVSELRRALTF_CSVERNNEQFF;CAVTTTDSWGKFQF_CASSYSGQLNTEAFF;CASRNQAGTALIF_CASSPLGAEGSNQPQHF;CAGAPSGTYKYIF_CASSILAATSEQYF;CAMSGDTGGFKTIF_CATSDSGTREDTQYF;NA_CASSQEGSEDSISTLYGYTF;CAASDSGGSQGNLIF_CASSESWASNSPLHF;NA_CASTPLPPGQSPLHF;CAEIANFNKFYF_CSARDLDGYGYTF;CAVNIYYGNNRLAF_CASGLGGQGLREQYF;NA_CASNDEITNEKLFF;CAVQGAQKLVF_CASSSPTGLGYGYTF;CAVKAAGNKLTF_CASSLKLQGAPAF;CAVRDRGTGGFKTIF_CASGFPEGEQYF;CAESIDGATNKLIF_CSVPKEDMYVDEQFF;CAVSEPSGSARQLTF_CASSDRPGNTIYF;CALYMDTGRRALTF_CASSQPDETQYF;CAALYYGNNRLAF_CASSEVTGLADEQYF;CALSDPVNTGNQFYF_CASRPGTGRRSNQPQHF;CAVSANNNDMRF_CASSLAPRHTGELFF;CAVRGGMTGYSTLTF_CASSLTGGQGTFSTDTQYF;CAVVGGTSYGKLTF_CASSRSEGARPLHF;CAVVGVSGGYNKLIF_CASSDRQGAYTEAFF;CVVSADQAGTALIF_CASSEERSYEQYF;CIVRVDTNAGKSTF_CATSDFPHNEQFF;CASQNRDDKIIF_CASSYSAYEQYF;CVVTRGGGGKLIF_CASSLGLGTLSYEQYF;CAGQTSGTYKYIF_CASSRQGTGANVLTF;CALGSGSNYQLIW_CASSQRGQGVGNEQFF;CAVSASNTGGFKTIF_CAWSVQGGPHNEQFF;CAVSSLSGGYNKLIF_CASSWDRGRVHNEQFF;CAVFPGGTSYGKLTF_CASSPRGPTDTQYF;CAAQDPMEYGNKLVF_CASSYSALRRDTQYF;NA_CASSPGQANEQFF;CAAGRGNTPLVF_CASSVDSVGELFF;NA_CATSPGISSYNEQFF;CAVSSIDNFNKFYF_CASSSPSGGSYEQYF;CGIQGAQKLVF_CASSLTRTEAFF;CAMSSLMDTGRRALTF_CASSPRDTPTDTQYF;CALMDSNYQLIW_CASSNPGPVQETQYF;CAVALSNRDDKIIF_CASSEYYRGHEQYF;CAYQGDYGGSQGNLIF_CASSYSSGDQPQHF;CVVRSTDSWGKLQF_CATSDGDSYYNEQFF;CAASAQGGSEKLVF_CASSASSYNSPLHF;NA_CASSHTSVGPGANVLTF;NA_CSRFMDSGSSYEQYF;CAASANAGNMLTF_CASSLRYNEQFF;CAVNVGRAAGNKLTF_CASSLGDRDDEQFF;NA_CASSNTGTGNTEAFF;CAGLGGSNYKLTF_NA;CVVTGTTSGTYKYIF_CASSYSGEQYF;CAVGSNDYKLSF_CASSVYQETQYF;CAVYNDMRF_CASSVNKKSETPNTEAFF;NA_CASGFPDTQYF;CAPLRTTSGTYKYIF_CASSTRTGMREKLFF;CAASQGSNYQLIW_CASSEGGRGIYEQYF;CAFMKHHMFSGAGSYQLTF_NA;NA_CATSDTMSGRDRNEQFF;CATGLSGGSYIPTF_CASSYAVPNTEAFF;NA_CASNQGSSNQPQHF;NA_CASSSYPTGEKLFF;CVVTPFSGGYNKLIF_CASSGAGAYNEQFF;CAVRGGGNTPLVF_CASTPGYRLNTEAFF;CAARAAWVPQSRTGRRALTF_CASLGVGNTEAFF;CAVRDPSNDYKLSF_CASRREAGNQPQHF;CAGQGGNQGGKLIF_CATSRDQKNIQYF;CAVIRSGGSNYKLTF_CASSLVGDRENEQFF;NA_CASSQDYPGQVNYEQYF;CAVNMNRDDKIIF_CASSVAAVNEKLFF;CAVNAPSGGNKLVF_CASRERDGYTGELFF;NA_CASSFKGLNTEAFF;NA_CASSLSWGRGKNQPQHF;CAMREFNTGGFKTIF_CASRPTGSENQPQHF;CALEDNARLMF_CASRRQGARNTEAFF;NA_CASSQGQGISNQPQHF;CAVRVRNTDKLIF_NA;CILRDATSGTYKYIF_CASGTGDQETQYF;NA_CASSFSGRFEQFF;CAVRDRGFKTIF_CASSLGGNHEQYF;CAALSGGSNYKLTF_CASSMAVLDEQYF;CAVGALTGGGADGLTF_CASSRGGLGTDTQYF;CATDDQAGTALIF_CATSVGSGTFYEQYF;CAARIVFAGSYQLTF_CASSNPKTANYGYTF;CAVQGYDNFNKFYF_CASSRELGSPLHF;CAVNRSNDYKLSF_CASRRARGEKLFF;CAVSEDTGGFKTIF_CASSSTDRAGKAFF;CAVNSNNFNKFYF_CASSPSGRETQYF;CALDMGSNYQLIW_CASSGSQGKGYYGYTF;CALGPSYSGAGSYQLTF_CASSLEVNTEAFF;CAARTSGAGSYQLTF_CASRHGGSSYNEQFF;CVVNWDTGNQFYF_CASSRPLNLNYGYTF;CAGDTGGFKTIF_CASRSGLLDNEKLFF;CAVASGAGSYQLTF_CAWSVGGTGDTQYF;NA_CASTIGMGNQPQHF;CAGRGSGTYKYIF_CATSSPTSESYEQYF;CVVNGEGFQKLVF_CASSLGGFNGELFF;CAASESAGNKLTF_CASSLYRGNSYNEQFF;CAERTPGFQKLVF_CASEGVISYEQYF;CAVTGDTGNQFYF_CASSRGQGAYEQYF;CAASNTGTASKLTF_NA;CAVGAEAAGNKLTF_CASSQDINKPNYGYTF;CAPPSPGGSTLGRLYF_CASSESRSQTYGYTF;CAVNSWTGTASKLTF_CASSLAGGRYDTQYF;CAPKDTDGQKLLF_CASSLDSREQFF;NA_CASSPSRAEQFF;CAVSDRGNTPLVF_CASSLTPRGQETQYF;CAAAEGSNYQLIW_CATTDGRDEQFF;CIPAPLGFGNVLHC_CASSFTTGANVLTF;CAKYNFNKFYF_CASSRLAGTDTQYF;CAVSDQGGKLIF_CASSSTALTEAFF;CVVSRYSGGGADGLTF_CASSINGGRKDEQFF;CAAIETSGSRLTF_CASSPSDRVNSPLHF;CAVIPRNNNDMRF_CASSVHTEAFF;CAVESDSGGGADGLTF_CASSFLGGAYEQYF;CVVSAGPYGGSQGNLIF_CASSPPGGPLHF;CIVPRAGNMLTF_CASSQEPTGDYWFYEQYF;CATAEAGNNRKLIW_CSVEFGVATEAFF;CAEILQGGKLIF_CASSAALTEAFF;CVVNIPLKGFKTIF_CASRPSWGSNEQFF;CAGYNYGQNFVF_CAIRGTSNEKLFF;CAFGTGTYKYIF_CASSQDLGHGETQYF;CAANNNAGNMLTF_CSVERGSSYNEQFF;CALSDRDFGNEKLTF_CASRPRRDRGTQYF;CAVNAAGGYNKLIF_CATSDGSTDTQYF;NA_CASSFQGAGSYGYTF;NA_CASSPLTGAPIQVAKNIQYF;NA_CASSFFGIDTEAFF;CAVSGPQGGSEKLVF_CASSLTGTSGGFEQYF;CAVSPAVGHTGFQKLVF_CASRPFRESSYNEQFF;CAFITGTASKLTF_CASRRASGATYEQYF;CILRVAGGTSYGKLTF_CASSPPGLAGVIEQFF;CAVPSGSRLTF_CASSPHIANTGELFF;CAAPLSGGYNKLIF_CASSLTRDLETQYF;CAVSDGGNTGKLIF_CASSQLRGDTQYF;CVVSAGRGNNRLAF_CASSPGVAVSSYNEQFF;CAGGGGANSKLTF_CASSLLGSPDTQYF;CAYGDWGTGTASKLTF_CASSPRLAGGETQYF;NA_CASVSRTDTQYF;CVVSVTGTASKLTF_CASSLAPSPSYNEQFF;CARSNNNNDMRF_CASKPRANYGYTF;NA_CASSLAAGGLSGELFF;CAAILGFQKLVF_CASSFQPSGGAYTGELFF;CAVRGSSSNTGKLIF_CASSFRDRATVEAFF;CAFEGSSGDKLTF_CASSLGQFGSGANVLTF;CAPSGYQKVTF_CASSYSTGEETQYF;CAVGNTGNQFYF_CAISASLSTDTQYF;CALSEADRGSTLGRLYF_CASSQNPWDGYTF;CALRNNNARLMF_CASWGGTEQYF;CALDITLGQAGTALIF_CASSDFQGTGELFF;CVVWKNKLIF_CASSISRDRINYGYTF;CAAGYNDYKLSF_CASSSRTGGRGDEQFF;CAVNDYKLSF_CASSMDRGNQPQHF;CATDRGNAGKSTF_NA;CAASFYHAGSTLGRLYF_CASRLQGGNQPQHF;CAVTSNAGNMLTF_CASSHGQGRSYEQYF;CAVSPSGGSNYKLTF_CATSDVRQNGTYEQYF;CAVSGPSGGYNKLIF_CASSFHPEKFF;CAVTYGSSGSARQLTF_CASSYFLSGANVLTF;CGTESGNFNKFYF_CASSYSGSGPGANVLTF;CAPFFGNEKLTF_CASSATPTGVRNYGYTF;CAGPNNNARLMF_CASSYSGGPGNTIYF;CAMSGEGFSGGGADGLTF_CASSLLTGNYGYTF;CALRGAGNNRKLIW_CASSYSDRGPMYGYTF;CAAGRTGNQFYF_CASSLWTGRNYGYTF;CATETSGTYKYIF_NA;CSRYAGNNRKLIW_CATSDFGQGSTGEQFF;CAASIGGSQGNLIF_CAISPEPGSYNEQFF;CAAPGGSNYKLTF_NA;CAALTHTGANSKLTF_CASSLDSRYAQYF;CAARGGGTSYGKLTF_CASSLGRAVVYGYTF;CAADFTGNQFYF_CAWSVRSPNQPQHF;CAVSPNSGGYQKVTF_CASSYSQGLGNSPLHF;CAASAGQGAQKLVF_CASGGRGGFSNQPQHF;CAVNIAGGTSYGKLTF_CASSSGATGNTIYF;CAVNPYRGSTLGRLYF_CAWSWTGGETQYF;CAARSSGNTPLVF_CASSLRTVEQYF;CAASAFSGNTGKLIF_CASSLPGTEAFF;CAGVTNFNKFYF_CASRIGPSSGANVLTF;NA_CASRPLARTGELFF;CAESPPTGGFKTIF_NA	0	NA
15	9	CAVNARSSASKIIF_CASSQDGGDRALPFYNEQFF;CAERSGGYQKVTF_CASSQTSTGAYGYTF;CAGDNAGNMLTF_CASSQVYRDTQYF;CAVEHNFNKFYF_CASSQSWAGQAHPEAFF;CAVRGSLGGTSYGKLTF_CASSGTGGRTEAFF;CAVNYGQNFVF_CASRPWTGEETQYF;CAGQRYGQNFVF_CASSQGVPGDSYTDTQYF;CVVRRQTGFQKLVF_CASSQDQRGPYNEQFF;CAVIGGGADGLTF_CASSQLGGVTDTQYF	9	9	NA_CASSFTRMNTEAFF;CAVTLSYNTDKLIF_CASRTRSYGVIQQETQYF;CGTDGEDGGSQGNLIF_CASTEVWGSTYEQYF;CVVKVGGGNDYKLSF_CASRDGSSYNSPLHF;NA_CASGGGNTIYF;NA_CASSLTGTGGNQPQHF;CALGFPNTGNQFYF_CASSDRSVLNTEAFF;CVVTYTSGTYKYIF_CASSPLKDEKLFF;CAVGNGQKLLF_NA	0	NA
15	9	CAVNARSSASKIIF_CASSQDGGDRALPFYNEQFF;CAERSGGYQKVTF_CASSQTSTGAYGYTF;CAGDNAGNMLTF_CASSQVYRDTQYF;CAVEHNFNKFYF_CASSQSWAGQAHPEAFF;CAVRGSLGGTSYGKLTF_CASSGTGGRTEAFF;CAVNYGQNFVF_CASRPWTGEETQYF;CAGQRYGQNFVF_CASSQGVPGDSYTDTQYF;CVVRRQTGFQKLVF_CASSQDQRGPYNEQFF;CAVIGGGADGLTF_CASSQLGGVTDTQYF	10	19	CAVRREETSGSRLTF_CASSLSQGPGELFF;NA_CASSLGGQETQYF;CAATGGGNKLTF_CASSLANRGSGNTIYF;CAVRSTYNFNKFYF_CASSQNSGASSGANVLTF;CAHNQAGTALIF_CASSWDGTTTNYGYTF;CAEMNQAGTALIF_CASSSGGTGDTQYF;CAVRPGTGRRALTF_CASSSPTGTNTGELFF;CAVNSNSGYALNF_CASSLPRTINEQFF;CAVGAQRPLVF_CASSPQEASYNEQFF;CAVVIASGSRLTF_CASSLGGIRNTIYF;CAVIKGAQKLVF_CASSSFGQGGYEQYF;CALSEGGKLIF_CASSLGYGYTF;CAELRSSNTGKLIF_CASSSRAGTGGVQQYF;CIVRGANAGGTSYGKLTF_CASSLQFGGAPMNTEAFF;CGTGTDSWGKLQF_CASSRTGTGVNEQFF;CAASGVGGNEKLTF_CASSLGRRQYF;CVVNGQKLLF_CASRKRDGNTEAFF;CAVEGRDGGTSYGKLTF_CASSLGASGYYEQYF;CAVRDLGLEKSGGSYIPTF_CASSLALPQFF	0	NA
15	9	CAVNARSSASKIIF_CASSQDGGDRALPFYNEQFF;CAERSGGYQKVTF_CASSQTSTGAYGYTF;CAGDNAGNMLTF_CASSQVYRDTQYF;CAVEHNFNKFYF_CASSQSWAGQAHPEAFF;CAVRGSLGGTSYGKLTF_CASSGTGGRTEAFF;CAVNYGQNFVF_CASRPWTGEETQYF;CAGQRYGQNFVF_CASSQGVPGDSYTDTQYF;CVVRRQTGFQKLVF_CASSQDQRGPYNEQFF;CAVIGGGADGLTF_CASSQLGGVTDTQYF	11	13	CALSEAWAEKLVF_CASSLGEGLQETQYF;NA_CASGPTGGSTYNSPLHF;CAYRATGNQFYF_CASRVQGALTDTQYF;CAVVYSGAGSYQLTF_CASSVAGSSYEQYF;CAVPYNTDKLIF_CASSLSRANEQYF;CIVRVATDKLIF_CASSQFLAGEENEQFF;CAMSAGNQAGTALIF_CASSPRGNEQYF;CAVSPKETSGSRLTF_CASSLRGGTGYSGELFF;CAYRSGVRAGTASKLTF_CASSLKGLVAEAFF;CAVKGGSYIPTF_CASSVTGLSSYEQYF;CAANLLNSNARLMF_CASSLLTQGSEQYF;CAMRDVASGGSYIPTF_CASSLEGLWNQETQYF;CAAGRGSGTYKYIF_CASSLLGGENTEAFF	0	NA
15	9	CAVNARSSASKIIF_CASSQDGGDRALPFYNEQFF;CAERSGGYQKVTF_CASSQTSTGAYGYTF;CAGDNAGNMLTF_CASSQVYRDTQYF;CAVEHNFNKFYF_CASSQSWAGQAHPEAFF;CAVRGSLGGTSYGKLTF_CASSGTGGRTEAFF;CAVNYGQNFVF_CASRPWTGEETQYF;CAGQRYGQNFVF_CASSQGVPGDSYTDTQYF;CVVRRQTGFQKLVF_CASSQDQRGPYNEQFF;CAVIGGGADGLTF_CASSQLGGVTDTQYF	12	13	CALSGNTDKLIF_CASSSRVGGLREQYF;CAAPNAGGTSYGKLTF_CASSSGLLGRAEPQHF;CAVRLDSNYQLIW_CASSLAGQRPAFF;CALPNMDTGRRALTF_CASTYDSSPQYF;CCEDDSWGKLQF_CASSLTANTGELFF;NA_CASRESHLNEKLFF;CAVKSEWTSYDKVIF_CASSFGETQYF;CVVNIGYSSASKIIF_CASSRAQGDTEAFF;NA_CASRGTGGAFNYGYTF;CAFMNRDDKIIF_CASSLTPSSRANTGELFF;CAVQRGSGNTGKLIF_CASSPGPRATEAFF;CIVRVRMNTGFQKLVF_CASSPRDRGYEQYF;CAPRDTGRRALTF_CASSSRDGLYGYTF	0	NA
15	9	CAVNARSSASKIIF_CASSQDGGDRALPFYNEQFF;CAERSGGYQKVTF_CASSQTSTGAYGYTF;CAGDNAGNMLTF_CASSQVYRDTQYF;CAVEHNFNKFYF_CASSQSWAGQAHPEAFF;CAVRGSLGGTSYGKLTF_CASSGTGGRTEAFF;CAVNYGQNFVF_CASRPWTGEETQYF;CAGQRYGQNFVF_CASSQGVPGDSYTDTQYF;CVVRRQTGFQKLVF_CASSQDQRGPYNEQFF;CAVIGGGADGLTF_CASSQLGGVTDTQYF	24	38	CAFANDYKLSF_CSARETGVSYEQYF;CAEMDSSYKLIF_CSADKDGQNTEAFF;CIVRARPGNAQKLVF_CSAPGAYEQYF;CARSNDYKLSF_CSARQGARNSPLHF;CAASAYGGSQGNLIF_CSAADRRFNQPQHF;CATVPNSGGYQKVTF_CSARGPRQGLQNTEAFF;CASSLGDYKLSF_CSASRQANSPLHF;CAVRDRSGNTGKLIF_CSASRTGGSYEQYF;CAEILGHILTGGGNKLTF_CSAQSRGRLMETQYF;CAARPWETSGSRLTF_CSATDYSPEQFF;CATDATGGFKTIF_CSASPPRTAIYEQYF;CAAPPSFGNQFYF_CSAQTVLYGYTF;CIPGDFGNEKLTF_CSATGLAASPYEQYF;CAVGPNQAGTALIF_CSAPTGTGGGTEAFF;CAVSDRGYQKVTF_CSAPASGLGEQFF;CAGQIIQGAQKLVF_CSAREGYWGSNQPQHF;CAENSGGYQKVTF_CSALYDLGLGNTIYF;CAEIVGYSTLTF_CSAREGSPLHF;CAESIGGSSASKIIF_CSARNGGEAFF;NA_CSAPDGYEQYF;CALGGSGGSNYKLTF_CSARVQGLNYGYTF;CIVRVAGGNAGNMLTF_CSAADLRNEQFF;CAASSRSGGGADGLTF_CSANGGDGYTF;CAVRDEAAGNKLTF_CSARIRGLETQYF;CAVRGYQKVTF_CSALWLRVEDEQFF;CAVSDVGTSGSRLTF_CSAHLLSGGNRRETQYF;CALSADRGSTLGRLYF_CSAPRVRNIQYF;CAASENTGTASKLTF_CSAGGLAGVRNEQFF;CAVRDNYGQNFVF_CSASKTSEQYF;CVVSAPNEKLTF_CSATPGGQETQYF;CVVNTGFQKLVF_CSAHGGGNSGNTIYF;CILRVPGNQFYF_CSARDRYSLNEKLFF;CAVGARGGGADGLTF_CSAPQGFSNQPQHF;CAVRAVRNNNDMRF_CSARGGGPGNTIYF;CAVGESSSNTGKLIF_CSALGENTEAFF;CAVQAQVDGGATNKLIF_CSARDRDRVKNIQYF;CAVSVRAAGNKLTF_CSARDPRPGGGIFRDEQFF;CAVEIGGGKLIF_CSAREGGTGGYEQYF	0	NA
24	38	CAFANDYKLSF_CSARETGVSYEQYF;CAEMDSSYKLIF_CSADKDGQNTEAFF;CIVRARPGNAQKLVF_CSAPGAYEQYF;CARSNDYKLSF_CSARQGARNSPLHF;CAASAYGGSQGNLIF_CSAADRRFNQPQHF;CATVPNSGGYQKVTF_CSARGPRQGLQNTEAFF;CASSLGDYKLSF_CSASRQANSPLHF;CAVRDRSGNTGKLIF_CSASRTGGSYEQYF;CAEILGHILTGGGNKLTF_CSAQSRGRLMETQYF;CAARPWETSGSRLTF_CSATDYSPEQFF;CATDATGGFKTIF_CSASPPRTAIYEQYF;CAAPPSFGNQFYF_CSAQTVLYGYTF;CIPGDFGNEKLTF_CSATGLAASPYEQYF;CAVGPNQAGTALIF_CSAPTGTGGGTEAFF;CAVSDRGYQKVTF_CSAPASGLGEQFF;CAGQIIQGAQKLVF_CSAREGYWGSNQPQHF;CAENSGGYQKVTF_CSALYDLGLGNTIYF;CAEIVGYSTLTF_CSAREGSPLHF;CAESIGGSSASKIIF_CSARNGGEAFF;NA_CSAPDGYEQYF;CALGGSGGSNYKLTF_CSARVQGLNYGYTF;CIVRVAGGNAGNMLTF_CSAADLRNEQFF;CAASSRSGGGADGLTF_CSANGGDGYTF;CAVRDEAAGNKLTF_CSARIRGLETQYF;CAVRGYQKVTF_CSALWLRVEDEQFF;CAVSDVGTSGSRLTF_CSAHLLSGGNRRETQYF;CALSADRGSTLGRLYF_CSAPRVRNIQYF;CAASENTGTASKLTF_CSAGGLAGVRNEQFF;CAVRDNYGQNFVF_CSASKTSEQYF;CVVSAPNEKLTF_CSATPGGQETQYF;CVVNTGFQKLVF_CSAHGGGNSGNTIYF;CILRVPGNQFYF_CSARDRYSLNEKLFF;CAVGARGGGADGLTF_CSAPQGFSNQPQHF;CAVRAVRNNNDMRF_CSARGGGPGNTIYF;CAVGESSSNTGKLIF_CSALGENTEAFF;CAVQAQVDGGATNKLIF_CSARDRDRVKNIQYF;CAVSVRAAGNKLTF_CSARDPRPGGGIFRDEQFF;CAVEIGGGKLIF_CSAREGGTGGYEQYF	5	51	CAVMDSNYQLIW_CASRTSGDTGELFF;CAVMDSSYKLIF_CASSQDPGSGANVLTF;CAASGGAQKLVF_CASSYFPGGTGEQFF;CAVMDSNYQLIW_CSARDPGQGASPLHF;CAVRDSNYQLIW_CASSYGTSTDTQYF;CICRSWGKLQF_CASSLGAPTEAFF;NA_CASNPRQGVDYEQYF;CAVMDSSYKLIF_CASSETSGSTDTQYF;CAVMDSNYQLIW_CASSETSGRATDTQYF;CALRADQKVTF_CASSVGQASPLHF;CAVSGGTSGSRLTF_CASSQEGDGYNEQFF;CATDDKSTF_CATLTSSGELFF;CAGRDSNYQLIW_CASSQEGGGAYNEQFF;NA_CASSDSKQGSSGANVLTF;CVFMDSNYQLIW_CATSSGTDYNEQFF;CAYRTYKYIF_CASNLGGGMNTEAFF;CAVIRRPGGSYIPTF_CASSMVAANTDTQYF;CAVMDSNYQLIW_CSARAGDTEAFF;CAALDSNYQLIW_CASSYSPDRYNEQFF;CAVEGGTSYGKLTF_CASSLDLEKLFF;CAVMDSNYQLIW_CASSYSGTGGYEQYF;CAVMDSNYQLIW_CASSQGGTGVEKLFF;CAVNTGAGNQFYF_CASSVASGGKGYTF;CAARDTTSGTYKYIF_CASSPSRRGKETQYF;CAVSETGGGNKLTF_CASSLALARSTDTQYF;CAVMDSNYQLIW_CASSDELAGGDEQFF;CLVGDSHGYQLIW_CASSPKGGGLSSYEQYF;CALSLWNSGNTPLVF_CASSDGTGAYEQYF;CVEEDYGGSQGNLIF_CASSTLPPTANYGYTF;CAFMKPVDGGSQGNLIF_CASSSWAQGAGETQYF;CAVMDSSYKLIF_CASSDSASGGYNEQFF;CAVRFISGGYNKLIF_CASSVSDLVSGEQYF;NA_CASSDSKQGSSGANVLTF;CAVLDSNYQLIW_CSAAGLTSSYNEQFF;CVVNWGGKLIF_CASSLGGGGQETQYF;NA_CASSQDGITSGANVLTF;CATDVSDGQKLLF_CASSIKGGLYNEQFF;CAVRDGDYKLSF_CASSDSGSGGGEQFF;NA_CASSYSAAHTGELFF;CAVLDSNYQLIW_CASSPHGQGHNTGELFF;CAGRGGGADGLTF_CASSQDRQGRNYGYTF;NA_CSARNPNMNTEAFF;CALSDSWGKLQF_CASRHGLAGTDTQYF;CAVLDSNYQLIW_CASSDTSGTDTQYF;CALSAGRDDKIIF_CASSLPSYEQYF;CAVRDSDYKLSF_CASSDSSGSGTDTQYF;CAANDNDMRF_CASSLDFRRPQAGYTF;CAASWGYGNKLVF_CASGGEGSGKGNEQFF;CVVSEGGYQKVTF_CASSFGTDTQYF;CASNTGKLIF_CSARASQDWAEAFF;CGGSGNTGKLIF_CASSQGVVIGTGGYEQYF	0	NA
24	38	CAFANDYKLSF_CSARETGVSYEQYF;CAEMDSSYKLIF_CSADKDGQNTEAFF;CIVRARPGNAQKLVF_CSAPGAYEQYF;CARSNDYKLSF_CSARQGARNSPLHF;CAASAYGGSQGNLIF_CSAADRRFNQPQHF;CATVPNSGGYQKVTF_CSARGPRQGLQNTEAFF;CASSLGDYKLSF_CSASRQANSPLHF;CAVRDRSGNTGKLIF_CSASRTGGSYEQYF;CAEILGHILTGGGNKLTF_CSAQSRGRLMETQYF;CAARPWETSGSRLTF_CSATDYSPEQFF;CATDATGGFKTIF_CSASPPRTAIYEQYF;CAAPPSFGNQFYF_CSAQTVLYGYTF;CIPGDFGNEKLTF_CSATGLAASPYEQYF;CAVGPNQAGTALIF_CSAPTGTGGGTEAFF;CAVSDRGYQKVTF_CSAPASGLGEQFF;CAGQIIQGAQKLVF_CSAREGYWGSNQPQHF;CAENSGGYQKVTF_CSALYDLGLGNTIYF;CAEIVGYSTLTF_CSAREGSPLHF;CAESIGGSSASKIIF_CSARNGGEAFF;NA_CSAPDGYEQYF;CALGGSGGSNYKLTF_CSARVQGLNYGYTF;CIVRVAGGNAGNMLTF_CSAADLRNEQFF;CAASSRSGGGADGLTF_CSANGGDGYTF;CAVRDEAAGNKLTF_CSARIRGLETQYF;CAVRGYQKVTF_CSALWLRVEDEQFF;CAVSDVGTSGSRLTF_CSAHLLSGGNRRETQYF;CALSADRGSTLGRLYF_CSAPRVRNIQYF;CAASENTGTASKLTF_CSAGGLAGVRNEQFF;CAVRDNYGQNFVF_CSASKTSEQYF;CVVSAPNEKLTF_CSATPGGQETQYF;CVVNTGFQKLVF_CSAHGGGNSGNTIYF;CILRVPGNQFYF_CSARDRYSLNEKLFF;CAVGARGGGADGLTF_CSAPQGFSNQPQHF;CAVRAVRNNNDMRF_CSARGGGPGNTIYF;CAVGESSSNTGKLIF_CSALGENTEAFF;CAVQAQVDGGATNKLIF_CSARDRDRVKNIQYF;CAVSVRAAGNKLTF_CSARDPRPGGGIFRDEQFF;CAVEIGGGKLIF_CSAREGGTGGYEQYF	7	1	CALRDMEYGNKLVF_CSVINRGQTEAFF	0	NA
24	38	CAFANDYKLSF_CSARETGVSYEQYF;CAEMDSSYKLIF_CSADKDGQNTEAFF;CIVRARPGNAQKLVF_CSAPGAYEQYF;CARSNDYKLSF_CSARQGARNSPLHF;CAASAYGGSQGNLIF_CSAADRRFNQPQHF;CATVPNSGGYQKVTF_CSARGPRQGLQNTEAFF;CASSLGDYKLSF_CSASRQANSPLHF;CAVRDRSGNTGKLIF_CSASRTGGSYEQYF;CAEILGHILTGGGNKLTF_CSAQSRGRLMETQYF;CAARPWETSGSRLTF_CSATDYSPEQFF;CATDATGGFKTIF_CSASPPRTAIYEQYF;CAAPPSFGNQFYF_CSAQTVLYGYTF;CIPGDFGNEKLTF_CSATGLAASPYEQYF;CAVGPNQAGTALIF_CSAPTGTGGGTEAFF;CAVSDRGYQKVTF_CSAPASGLGEQFF;CAGQIIQGAQKLVF_CSAREGYWGSNQPQHF;CAENSGGYQKVTF_CSALYDLGLGNTIYF;CAEIVGYSTLTF_CSAREGSPLHF;CAESIGGSSASKIIF_CSARNGGEAFF;NA_CSAPDGYEQYF;CALGGSGGSNYKLTF_CSARVQGLNYGYTF;CIVRVAGGNAGNMLTF_CSAADLRNEQFF;CAASSRSGGGADGLTF_CSANGGDGYTF;CAVRDEAAGNKLTF_CSARIRGLETQYF;CAVRGYQKVTF_CSALWLRVEDEQFF;CAVSDVGTSGSRLTF_CSAHLLSGGNRRETQYF;CALSADRGSTLGRLYF_CSAPRVRNIQYF;CAASENTGTASKLTF_CSAGGLAGVRNEQFF;CAVRDNYGQNFVF_CSASKTSEQYF;CVVSAPNEKLTF_CSATPGGQETQYF;CVVNTGFQKLVF_CSAHGGGNSGNTIYF;CILRVPGNQFYF_CSARDRYSLNEKLFF;CAVGARGGGADGLTF_CSAPQGFSNQPQHF;CAVRAVRNNNDMRF_CSARGGGPGNTIYF;CAVGESSSNTGKLIF_CSALGENTEAFF;CAVQAQVDGGATNKLIF_CSARDRDRVKNIQYF;CAVSVRAAGNKLTF_CSARDPRPGGGIFRDEQFF;CAVEIGGGKLIF_CSAREGGTGGYEQYF	8	228	CALRPSGGSNYKLTF_CASSQARDSLEQYF;CALSEADRGSTLGRLYF_CASSPGRGRRNTEAFF;CAVINSGGYQKVTF_CASSSDRGRGIEAFF;CAASMSGNTGKLIF_CASTPLGTGVTEAFF;CAVRSSSGGGADGLTF_CASVNRGSTEAFF;CAALLNARLMF_CASTGGTPDTQYF;CAVQAGRETSGSRLTF_CASKRAGASYGYTF;CAVGGSNDYKLSF_CASSGGQSSTGELFF;NA_CASSTTGTKDMVWGEQYF;NA_CASSLEAQAFGTEAFF;CAVSGGGSYIPTF_CASSLRDREGGEQYF;CAVNTGGFKTIF_CASTIGLAGGRDEQFF;CAVGLHSNYQLIW_CAITGFRDQPQHF;CAASTWAGGFKTIF_CASSPTGQADTEAFF;CAFTLNFGNEKLTF_CASRGGGTGGSLSGYTF;CALRLLFTGNQFYF_CASSLKGQGNEQFF;CGAATVGNQFYF_CASSLLASSYNEQFF;CAALGGATNKLIF_CATSRWPGVNTEAFF;CAEIGGSYIPTF_CAWGDSSTDTQYF;CAVRGVNFGNEKLTF_CASSQGQQYEQYF;CAVGGGAQKLVF_CASSSFYNSPLHF;CAVTRLYSSASKIIF_CASSLVLSGGEYEQYF;CAASRGNQGGKLIF_CATSGRGADYQETQYF;NA_CASRAGRTSPLHF;CAVSSGGSYIPTF_CASSQPRGETYEQYF;CVVSETGGFKTIF_CASSRTGSTTEAFF;CAEKASRGATNKLIF_CASRRTMNTEAFF;CAPSSGGYNKLIF_CSVEQGSTEAFF;CAFYGGSQGNLIF_CASSLVGVDNSPLHF;CAGGDSWGKLQF_CASSQEDGTYEQYF;CAVTTSGTYKYIF_CASSTQRTANYGYTF;CAGRYDFNKFYF_CASSVSSRNTEAFF;CAGYNFNKFYF_CASSPGTAYGYTF;CAARDQKVTF_CASSRQDYNSPLHF;CAESMEYGQNFVF_CASSPGQLNSPLHF;CATRYRVYSGGGADGLTF_CASSYKLAGDTYEQYF;NA_CASSAHGSYRATDTQYF;CAVMGTGGFKTIF_CASSEDRGIAKNIQYF;CAADPSSGSARQLTF_CASSFLQGPLIEETQYF;CAVTMIKAAGNKLTF_CASSLPTGGHMNTEAFF;CAVRTGTSGAQKLVF_CASSQPGALNTEAFF;CAVSDAAAGNKLTF_CASSYSSRHGYTF;CAFNLGATNKLIF_CASTLDRLGNSPLHF;CIVRVAGGGADGLTF_CASSWSGGVTGELFF;CGDKLIF_CASSPGLRTGELFF;CAGRDNYGQNFVF_CASSPRATGELFF;CAGGEAGKSTF_CASSLAYRGEKLFF;CALEGDMRF_CAISFREQETQYF;CVVSELRRALTF_CSVERNNEQFF;CAVTTTDSWGKFQF_CASSYSGQLNTEAFF;CASRNQAGTALIF_CASSPLGAEGSNQPQHF;CAGAPSGTYKYIF_CASSILAATSEQYF;CAMSGDTGGFKTIF_CATSDSGTREDTQYF;NA_CASSQEGSEDSISTLYGYTF;CAASDSGGSQGNLIF_CASSESWASNSPLHF;NA_CASTPLPPGQSPLHF;CAEIANFNKFYF_CSARDLDGYGYTF;CAVNIYYGNNRLAF_CASGLGGQGLREQYF;NA_CASNDEITNEKLFF;CAVQGAQKLVF_CASSSPTGLGYGYTF;CAVKAAGNKLTF_CASSLKLQGAPAF;CAVRDRGTGGFKTIF_CASGFPEGEQYF;CAESIDGATNKLIF_CSVPKEDMYVDEQFF;CAVSEPSGSARQLTF_CASSDRPGNTIYF;CALYMDTGRRALTF_CASSQPDETQYF;CAALYYGNNRLAF_CASSEVTGLADEQYF;CALSDPVNTGNQFYF_CASRPGTGRRSNQPQHF;CAVSANNNDMRF_CASSLAPRHTGELFF;CAVRGGMTGYSTLTF_CASSLTGGQGTFSTDTQYF;CAVVGGTSYGKLTF_CASSRSEGARPLHF;CAVVGVSGGYNKLIF_CASSDRQGAYTEAFF;CVVSADQAGTALIF_CASSEERSYEQYF;CIVRVDTNAGKSTF_CATSDFPHNEQFF;CASQNRDDKIIF_CASSYSAYEQYF;CVVTRGGGGKLIF_CASSLGLGTLSYEQYF;CAGQTSGTYKYIF_CASSRQGTGANVLTF;CALGSGSNYQLIW_CASSQRGQGVGNEQFF;CAVSASNTGGFKTIF_CAWSVQGGPHNEQFF;CAVSSLSGGYNKLIF_CASSWDRGRVHNEQFF;CAVFPGGTSYGKLTF_CASSPRGPTDTQYF;CAAQDPMEYGNKLVF_CASSYSALRRDTQYF;NA_CASSPGQANEQFF;CAAGRGNTPLVF_CASSVDSVGELFF;NA_CATSPGISSYNEQFF;CAVSSIDNFNKFYF_CASSSPSGGSYEQYF;CGIQGAQKLVF_CASSLTRTEAFF;CAMSSLMDTGRRALTF_CASSPRDTPTDTQYF;CALMDSNYQLIW_CASSNPGPVQETQYF;CAVALSNRDDKIIF_CASSEYYRGHEQYF;CAYQGDYGGSQGNLIF_CASSYSSGDQPQHF;CVVRSTDSWGKLQF_CATSDGDSYYNEQFF;CAASAQGGSEKLVF_CASSASSYNSPLHF;NA_CASSHTSVGPGANVLTF;NA_CSRFMDSGSSYEQYF;CAASANAGNMLTF_CASSLRYNEQFF;CAVNVGRAAGNKLTF_CASSLGDRDDEQFF;NA_CASSNTGTGNTEAFF;CAGLGGSNYKLTF_NA;CVVTGTTSGTYKYIF_CASSYSGEQYF;CAVGSNDYKLSF_CASSVYQETQYF;CAVYNDMRF_CASSVNKKSETPNTEAFF;NA_CASGFPDTQYF;CAPLRTTSGTYKYIF_CASSTRTGMREKLFF;CAASQGSNYQLIW_CASSEGGRGIYEQYF;CAFMKHHMFSGAGSYQLTF_NA;NA_CATSDTMSGRDRNEQFF;CATGLSGGSYIPTF_CASSYAVPNTEAFF;NA_CASNQGSSNQPQHF;NA_CASSSYPTGEKLFF;CVVTPFSGGYNKLIF_CASSGAGAYNEQFF;CAVRGGGNTPLVF_CASTPGYRLNTEAFF;CAARAAWVPQSRTGRRALTF_CASLGVGNTEAFF;CAVRDPSNDYKLSF_CASRREAGNQPQHF;CAGQGGNQGGKLIF_CATSRDQKNIQYF;CAVIRSGGSNYKLTF_CASSLVGDRENEQFF;NA_CASSQDYPGQVNYEQYF;CAVNMNRDDKIIF_CASSVAAVNEKLFF;CAVNAPSGGNKLVF_CASRERDGYTGELFF;NA_CASSFKGLNTEAFF;NA_CASSLSWGRGKNQPQHF;CAMREFNTGGFKTIF_CASRPTGSENQPQHF;CALEDNARLMF_CASRRQGARNTEAFF;NA_CASSQGQGISNQPQHF;CAVRVRNTDKLIF_NA;CILRDATSGTYKYIF_CASGTGDQETQYF;NA_CASSFSGRFEQFF;CAVRDRGFKTIF_CASSLGGNHEQYF;CAALSGGSNYKLTF_CASSMAVLDEQYF;CAVGALTGGGADGLTF_CASSRGGLGTDTQYF;CATDDQAGTALIF_CATSVGSGTFYEQYF;CAARIVFAGSYQLTF_CASSNPKTANYGYTF;CAVQGYDNFNKFYF_CASSRELGSPLHF;CAVNRSNDYKLSF_CASRRARGEKLFF;CAVSEDTGGFKTIF_CASSSTDRAGKAFF;CAVNSNNFNKFYF_CASSPSGRETQYF;CALDMGSNYQLIW_CASSGSQGKGYYGYTF;CALGPSYSGAGSYQLTF_CASSLEVNTEAFF;CAARTSGAGSYQLTF_CASRHGGSSYNEQFF;CVVNWDTGNQFYF_CASSRPLNLNYGYTF;CAGDTGGFKTIF_CASRSGLLDNEKLFF;CAVASGAGSYQLTF_CAWSVGGTGDTQYF;NA_CASTIGMGNQPQHF;CAGRGSGTYKYIF_CATSSPTSESYEQYF;CVVNGEGFQKLVF_CASSLGGFNGELFF;CAASESAGNKLTF_CASSLYRGNSYNEQFF;CAERTPGFQKLVF_CASEGVISYEQYF;CAVTGDTGNQFYF_CASSRGQGAYEQYF;CAASNTGTASKLTF_NA;CAVGAEAAGNKLTF_CASSQDINKPNYGYTF;CAPPSPGGSTLGRLYF_CASSESRSQTYGYTF;CAVNSWTGTASKLTF_CASSLAGGRYDTQYF;CAPKDTDGQKLLF_CASSLDSREQFF;NA_CASSPSRAEQFF;CAVSDRGNTPLVF_CASSLTPRGQETQYF;CAAAEGSNYQLIW_CATTDGRDEQFF;CIPAPLGFGNVLHC_CASSFTTGANVLTF;CAKYNFNKFYF_CASSRLAGTDTQYF;CAVSDQGGKLIF_CASSSTALTEAFF;CVVSRYSGGGADGLTF_CASSINGGRKDEQFF;CAAIETSGSRLTF_CASSPSDRVNSPLHF;CAVIPRNNNDMRF_CASSVHTEAFF;CAVESDSGGGADGLTF_CASSFLGGAYEQYF;CVVSAGPYGGSQGNLIF_CASSPPGGPLHF;CIVPRAGNMLTF_CASSQEPTGDYWFYEQYF;CATAEAGNNRKLIW_CSVEFGVATEAFF;CAEILQGGKLIF_CASSAALTEAFF;CVVNIPLKGFKTIF_CASRPSWGSNEQFF;CAGYNYGQNFVF_CAIRGTSNEKLFF;CAFGTGTYKYIF_CASSQDLGHGETQYF;CAANNNAGNMLTF_CSVERGSSYNEQFF;CALSDRDFGNEKLTF_CASRPRRDRGTQYF;CAVNAAGGYNKLIF_CATSDGSTDTQYF;NA_CASSFQGAGSYGYTF;NA_CASSPLTGAPIQVAKNIQYF;NA_CASSFFGIDTEAFF;CAVSGPQGGSEKLVF_CASSLTGTSGGFEQYF;CAVSPAVGHTGFQKLVF_CASRPFRESSYNEQFF;CAFITGTASKLTF_CASRRASGATYEQYF;CILRVAGGTSYGKLTF_CASSPPGLAGVIEQFF;CAVPSGSRLTF_CASSPHIANTGELFF;CAAPLSGGYNKLIF_CASSLTRDLETQYF;CAVSDGGNTGKLIF_CASSQLRGDTQYF;CVVSAGRGNNRLAF_CASSPGVAVSSYNEQFF;CAGGGGANSKLTF_CASSLLGSPDTQYF;CAYGDWGTGTASKLTF_CASSPRLAGGETQYF;NA_CASVSRTDTQYF;CVVSVTGTASKLTF_CASSLAPSPSYNEQFF;CARSNNNNDMRF_CASKPRANYGYTF;NA_CASSLAAGGLSGELFF;CAAILGFQKLVF_CASSFQPSGGAYTGELFF;CAVRGSSSNTGKLIF_CASSFRDRATVEAFF;CAFEGSSGDKLTF_CASSLGQFGSGANVLTF;CAPSGYQKVTF_CASSYSTGEETQYF;CAVGNTGNQFYF_CAISASLSTDTQYF;CALSEADRGSTLGRLYF_CASSQNPWDGYTF;CALRNNNARLMF_CASWGGTEQYF;CALDITLGQAGTALIF_CASSDFQGTGELFF;CVVWKNKLIF_CASSISRDRINYGYTF;CAAGYNDYKLSF_CASSSRTGGRGDEQFF;CAVNDYKLSF_CASSMDRGNQPQHF;CATDRGNAGKSTF_NA;CAASFYHAGSTLGRLYF_CASRLQGGNQPQHF;CAVTSNAGNMLTF_CASSHGQGRSYEQYF;CAVSPSGGSNYKLTF_CATSDVRQNGTYEQYF;CAVSGPSGGYNKLIF_CASSFHPEKFF;CAVTYGSSGSARQLTF_CASSYFLSGANVLTF;CGTESGNFNKFYF_CASSYSGSGPGANVLTF;CAPFFGNEKLTF_CASSATPTGVRNYGYTF;CAGPNNNARLMF_CASSYSGGPGNTIYF;CAMSGEGFSGGGADGLTF_CASSLLTGNYGYTF;CALRGAGNNRKLIW_CASSYSDRGPMYGYTF;CAAGRTGNQFYF_CASSLWTGRNYGYTF;CATETSGTYKYIF_NA;CSRYAGNNRKLIW_CATSDFGQGSTGEQFF;CAASIGGSQGNLIF_CAISPEPGSYNEQFF;CAAPGGSNYKLTF_NA;CAALTHTGANSKLTF_CASSLDSRYAQYF;CAARGGGTSYGKLTF_CASSLGRAVVYGYTF;CAADFTGNQFYF_CAWSVRSPNQPQHF;CAVSPNSGGYQKVTF_CASSYSQGLGNSPLHF;CAASAGQGAQKLVF_CASGGRGGFSNQPQHF;CAVNIAGGTSYGKLTF_CASSSGATGNTIYF;CAVNPYRGSTLGRLYF_CAWSWTGGETQYF;CAARSSGNTPLVF_CASSLRTVEQYF;CAASAFSGNTGKLIF_CASSLPGTEAFF;CAGVTNFNKFYF_CASRIGPSSGANVLTF;NA_CASRPLARTGELFF;CAESPPTGGFKTIF_NA	0	NA
24	38	CAFANDYKLSF_CSARETGVSYEQYF;CAEMDSSYKLIF_CSADKDGQNTEAFF;CIVRARPGNAQKLVF_CSAPGAYEQYF;CARSNDYKLSF_CSARQGARNSPLHF;CAASAYGGSQGNLIF_CSAADRRFNQPQHF;CATVPNSGGYQKVTF_CSARGPRQGLQNTEAFF;CASSLGDYKLSF_CSASRQANSPLHF;CAVRDRSGNTGKLIF_CSASRTGGSYEQYF;CAEILGHILTGGGNKLTF_CSAQSRGRLMETQYF;CAARPWETSGSRLTF_CSATDYSPEQFF;CATDATGGFKTIF_CSASPPRTAIYEQYF;CAAPPSFGNQFYF_CSAQTVLYGYTF;CIPGDFGNEKLTF_CSATGLAASPYEQYF;CAVGPNQAGTALIF_CSAPTGTGGGTEAFF;CAVSDRGYQKVTF_CSAPASGLGEQFF;CAGQIIQGAQKLVF_CSAREGYWGSNQPQHF;CAENSGGYQKVTF_CSALYDLGLGNTIYF;CAEIVGYSTLTF_CSAREGSPLHF;CAESIGGSSASKIIF_CSARNGGEAFF;NA_CSAPDGYEQYF;CALGGSGGSNYKLTF_CSARVQGLNYGYTF;CIVRVAGGNAGNMLTF_CSAADLRNEQFF;CAASSRSGGGADGLTF_CSANGGDGYTF;CAVRDEAAGNKLTF_CSARIRGLETQYF;CAVRGYQKVTF_CSALWLRVEDEQFF;CAVSDVGTSGSRLTF_CSAHLLSGGNRRETQYF;CALSADRGSTLGRLYF_CSAPRVRNIQYF;CAASENTGTASKLTF_CSAGGLAGVRNEQFF;CAVRDNYGQNFVF_CSASKTSEQYF;CVVSAPNEKLTF_CSATPGGQETQYF;CVVNTGFQKLVF_CSAHGGGNSGNTIYF;CILRVPGNQFYF_CSARDRYSLNEKLFF;CAVGARGGGADGLTF_CSAPQGFSNQPQHF;CAVRAVRNNNDMRF_CSARGGGPGNTIYF;CAVGESSSNTGKLIF_CSALGENTEAFF;CAVQAQVDGGATNKLIF_CSARDRDRVKNIQYF;CAVSVRAAGNKLTF_CSARDPRPGGGIFRDEQFF;CAVEIGGGKLIF_CSAREGGTGGYEQYF	9	9	NA_CASSFTRMNTEAFF;CAVTLSYNTDKLIF_CASRTRSYGVIQQETQYF;CGTDGEDGGSQGNLIF_CASTEVWGSTYEQYF;CVVKVGGGNDYKLSF_CASRDGSSYNSPLHF;NA_CASGGGNTIYF;NA_CASSLTGTGGNQPQHF;CALGFPNTGNQFYF_CASSDRSVLNTEAFF;CVVTYTSGTYKYIF_CASSPLKDEKLFF;CAVGNGQKLLF_NA	0	NA
24	38	CAFANDYKLSF_CSARETGVSYEQYF;CAEMDSSYKLIF_CSADKDGQNTEAFF;CIVRARPGNAQKLVF_CSAPGAYEQYF;CARSNDYKLSF_CSARQGARNSPLHF;CAASAYGGSQGNLIF_CSAADRRFNQPQHF;CATVPNSGGYQKVTF_CSARGPRQGLQNTEAFF;CASSLGDYKLSF_CSASRQANSPLHF;CAVRDRSGNTGKLIF_CSASRTGGSYEQYF;CAEILGHILTGGGNKLTF_CSAQSRGRLMETQYF;CAARPWETSGSRLTF_CSATDYSPEQFF;CATDATGGFKTIF_CSASPPRTAIYEQYF;CAAPPSFGNQFYF_CSAQTVLYGYTF;CIPGDFGNEKLTF_CSATGLAASPYEQYF;CAVGPNQAGTALIF_CSAPTGTGGGTEAFF;CAVSDRGYQKVTF_CSAPASGLGEQFF;CAGQIIQGAQKLVF_CSAREGYWGSNQPQHF;CAENSGGYQKVTF_CSALYDLGLGNTIYF;CAEIVGYSTLTF_CSAREGSPLHF;CAESIGGSSASKIIF_CSARNGGEAFF;NA_CSAPDGYEQYF;CALGGSGGSNYKLTF_CSARVQGLNYGYTF;CIVRVAGGNAGNMLTF_CSAADLRNEQFF;CAASSRSGGGADGLTF_CSANGGDGYTF;CAVRDEAAGNKLTF_CSARIRGLETQYF;CAVRGYQKVTF_CSALWLRVEDEQFF;CAVSDVGTSGSRLTF_CSAHLLSGGNRRETQYF;CALSADRGSTLGRLYF_CSAPRVRNIQYF;CAASENTGTASKLTF_CSAGGLAGVRNEQFF;CAVRDNYGQNFVF_CSASKTSEQYF;CVVSAPNEKLTF_CSATPGGQETQYF;CVVNTGFQKLVF_CSAHGGGNSGNTIYF;CILRVPGNQFYF_CSARDRYSLNEKLFF;CAVGARGGGADGLTF_CSAPQGFSNQPQHF;CAVRAVRNNNDMRF_CSARGGGPGNTIYF;CAVGESSSNTGKLIF_CSALGENTEAFF;CAVQAQVDGGATNKLIF_CSARDRDRVKNIQYF;CAVSVRAAGNKLTF_CSARDPRPGGGIFRDEQFF;CAVEIGGGKLIF_CSAREGGTGGYEQYF	10	19	CAVRREETSGSRLTF_CASSLSQGPGELFF;NA_CASSLGGQETQYF;CAATGGGNKLTF_CASSLANRGSGNTIYF;CAVRSTYNFNKFYF_CASSQNSGASSGANVLTF;CAHNQAGTALIF_CASSWDGTTTNYGYTF;CAEMNQAGTALIF_CASSSGGTGDTQYF;CAVRPGTGRRALTF_CASSSPTGTNTGELFF;CAVNSNSGYALNF_CASSLPRTINEQFF;CAVGAQRPLVF_CASSPQEASYNEQFF;CAVVIASGSRLTF_CASSLGGIRNTIYF;CAVIKGAQKLVF_CASSSFGQGGYEQYF;CALSEGGKLIF_CASSLGYGYTF;CAELRSSNTGKLIF_CASSSRAGTGGVQQYF;CIVRGANAGGTSYGKLTF_CASSLQFGGAPMNTEAFF;CGTGTDSWGKLQF_CASSRTGTGVNEQFF;CAASGVGGNEKLTF_CASSLGRRQYF;CVVNGQKLLF_CASRKRDGNTEAFF;CAVEGRDGGTSYGKLTF_CASSLGASGYYEQYF;CAVRDLGLEKSGGSYIPTF_CASSLALPQFF	0	NA
24	38	CAFANDYKLSF_CSARETGVSYEQYF;CAEMDSSYKLIF_CSADKDGQNTEAFF;CIVRARPGNAQKLVF_CSAPGAYEQYF;CARSNDYKLSF_CSARQGARNSPLHF;CAASAYGGSQGNLIF_CSAADRRFNQPQHF;CATVPNSGGYQKVTF_CSARGPRQGLQNTEAFF;CASSLGDYKLSF_CSASRQANSPLHF;CAVRDRSGNTGKLIF_CSASRTGGSYEQYF;CAEILGHILTGGGNKLTF_CSAQSRGRLMETQYF;CAARPWETSGSRLTF_CSATDYSPEQFF;CATDATGGFKTIF_CSASPPRTAIYEQYF;CAAPPSFGNQFYF_CSAQTVLYGYTF;CIPGDFGNEKLTF_CSATGLAASPYEQYF;CAVGPNQAGTALIF_CSAPTGTGGGTEAFF;CAVSDRGYQKVTF_CSAPASGLGEQFF;CAGQIIQGAQKLVF_CSAREGYWGSNQPQHF;CAENSGGYQKVTF_CSALYDLGLGNTIYF;CAEIVGYSTLTF_CSAREGSPLHF;CAESIGGSSASKIIF_CSARNGGEAFF;NA_CSAPDGYEQYF;CALGGSGGSNYKLTF_CSARVQGLNYGYTF;CIVRVAGGNAGNMLTF_CSAADLRNEQFF;CAASSRSGGGADGLTF_CSANGGDGYTF;CAVRDEAAGNKLTF_CSARIRGLETQYF;CAVRGYQKVTF_CSALWLRVEDEQFF;CAVSDVGTSGSRLTF_CSAHLLSGGNRRETQYF;CALSADRGSTLGRLYF_CSAPRVRNIQYF;CAASENTGTASKLTF_CSAGGLAGVRNEQFF;CAVRDNYGQNFVF_CSASKTSEQYF;CVVSAPNEKLTF_CSATPGGQETQYF;CVVNTGFQKLVF_CSAHGGGNSGNTIYF;CILRVPGNQFYF_CSARDRYSLNEKLFF;CAVGARGGGADGLTF_CSAPQGFSNQPQHF;CAVRAVRNNNDMRF_CSARGGGPGNTIYF;CAVGESSSNTGKLIF_CSALGENTEAFF;CAVQAQVDGGATNKLIF_CSARDRDRVKNIQYF;CAVSVRAAGNKLTF_CSARDPRPGGGIFRDEQFF;CAVEIGGGKLIF_CSAREGGTGGYEQYF	11	13	CALSEAWAEKLVF_CASSLGEGLQETQYF;NA_CASGPTGGSTYNSPLHF;CAYRATGNQFYF_CASRVQGALTDTQYF;CAVVYSGAGSYQLTF_CASSVAGSSYEQYF;CAVPYNTDKLIF_CASSLSRANEQYF;CIVRVATDKLIF_CASSQFLAGEENEQFF;CAMSAGNQAGTALIF_CASSPRGNEQYF;CAVSPKETSGSRLTF_CASSLRGGTGYSGELFF;CAYRSGVRAGTASKLTF_CASSLKGLVAEAFF;CAVKGGSYIPTF_CASSVTGLSSYEQYF;CAANLLNSNARLMF_CASSLLTQGSEQYF;CAMRDVASGGSYIPTF_CASSLEGLWNQETQYF;CAAGRGSGTYKYIF_CASSLLGGENTEAFF	0	NA
24	38	CAFANDYKLSF_CSARETGVSYEQYF;CAEMDSSYKLIF_CSADKDGQNTEAFF;CIVRARPGNAQKLVF_CSAPGAYEQYF;CARSNDYKLSF_CSARQGARNSPLHF;CAASAYGGSQGNLIF_CSAADRRFNQPQHF;CATVPNSGGYQKVTF_CSARGPRQGLQNTEAFF;CASSLGDYKLSF_CSASRQANSPLHF;CAVRDRSGNTGKLIF_CSASRTGGSYEQYF;CAEILGHILTGGGNKLTF_CSAQSRGRLMETQYF;CAARPWETSGSRLTF_CSATDYSPEQFF;CATDATGGFKTIF_CSASPPRTAIYEQYF;CAAPPSFGNQFYF_CSAQTVLYGYTF;CIPGDFGNEKLTF_CSATGLAASPYEQYF;CAVGPNQAGTALIF_CSAPTGTGGGTEAFF;CAVSDRGYQKVTF_CSAPASGLGEQFF;CAGQIIQGAQKLVF_CSAREGYWGSNQPQHF;CAENSGGYQKVTF_CSALYDLGLGNTIYF;CAEIVGYSTLTF_CSAREGSPLHF;CAESIGGSSASKIIF_CSARNGGEAFF;NA_CSAPDGYEQYF;CALGGSGGSNYKLTF_CSARVQGLNYGYTF;CIVRVAGGNAGNMLTF_CSAADLRNEQFF;CAASSRSGGGADGLTF_CSANGGDGYTF;CAVRDEAAGNKLTF_CSARIRGLETQYF;CAVRGYQKVTF_CSALWLRVEDEQFF;CAVSDVGTSGSRLTF_CSAHLLSGGNRRETQYF;CALSADRGSTLGRLYF_CSAPRVRNIQYF;CAASENTGTASKLTF_CSAGGLAGVRNEQFF;CAVRDNYGQNFVF_CSASKTSEQYF;CVVSAPNEKLTF_CSATPGGQETQYF;CVVNTGFQKLVF_CSAHGGGNSGNTIYF;CILRVPGNQFYF_CSARDRYSLNEKLFF;CAVGARGGGADGLTF_CSAPQGFSNQPQHF;CAVRAVRNNNDMRF_CSARGGGPGNTIYF;CAVGESSSNTGKLIF_CSALGENTEAFF;CAVQAQVDGGATNKLIF_CSARDRDRVKNIQYF;CAVSVRAAGNKLTF_CSARDPRPGGGIFRDEQFF;CAVEIGGGKLIF_CSAREGGTGGYEQYF	12	13	CALSGNTDKLIF_CASSSRVGGLREQYF;CAAPNAGGTSYGKLTF_CASSSGLLGRAEPQHF;CAVRLDSNYQLIW_CASSLAGQRPAFF;CALPNMDTGRRALTF_CASTYDSSPQYF;CCEDDSWGKLQF_CASSLTANTGELFF;NA_CASRESHLNEKLFF;CAVKSEWTSYDKVIF_CASSFGETQYF;CVVNIGYSSASKIIF_CASSRAQGDTEAFF;NA_CASRGTGGAFNYGYTF;CAFMNRDDKIIF_CASSLTPSSRANTGELFF;CAVQRGSGNTGKLIF_CASSPGPRATEAFF;CIVRVRMNTGFQKLVF_CASSPRDRGYEQYF;CAPRDTGRRALTF_CASSSRDGLYGYTF	0	NA
24	38	CAFANDYKLSF_CSARETGVSYEQYF;CAEMDSSYKLIF_CSADKDGQNTEAFF;CIVRARPGNAQKLVF_CSAPGAYEQYF;CARSNDYKLSF_CSARQGARNSPLHF;CAASAYGGSQGNLIF_CSAADRRFNQPQHF;CATVPNSGGYQKVTF_CSARGPRQGLQNTEAFF;CASSLGDYKLSF_CSASRQANSPLHF;CAVRDRSGNTGKLIF_CSASRTGGSYEQYF;CAEILGHILTGGGNKLTF_CSAQSRGRLMETQYF;CAARPWETSGSRLTF_CSATDYSPEQFF;CATDATGGFKTIF_CSASPPRTAIYEQYF;CAAPPSFGNQFYF_CSAQTVLYGYTF;CIPGDFGNEKLTF_CSATGLAASPYEQYF;CAVGPNQAGTALIF_CSAPTGTGGGTEAFF;CAVSDRGYQKVTF_CSAPASGLGEQFF;CAGQIIQGAQKLVF_CSAREGYWGSNQPQHF;CAENSGGYQKVTF_CSALYDLGLGNTIYF;CAEIVGYSTLTF_CSAREGSPLHF;CAESIGGSSASKIIF_CSARNGGEAFF;NA_CSAPDGYEQYF;CALGGSGGSNYKLTF_CSARVQGLNYGYTF;CIVRVAGGNAGNMLTF_CSAADLRNEQFF;CAASSRSGGGADGLTF_CSANGGDGYTF;CAVRDEAAGNKLTF_CSARIRGLETQYF;CAVRGYQKVTF_CSALWLRVEDEQFF;CAVSDVGTSGSRLTF_CSAHLLSGGNRRETQYF;CALSADRGSTLGRLYF_CSAPRVRNIQYF;CAASENTGTASKLTF_CSAGGLAGVRNEQFF;CAVRDNYGQNFVF_CSASKTSEQYF;CVVSAPNEKLTF_CSATPGGQETQYF;CVVNTGFQKLVF_CSAHGGGNSGNTIYF;CILRVPGNQFYF_CSARDRYSLNEKLFF;CAVGARGGGADGLTF_CSAPQGFSNQPQHF;CAVRAVRNNNDMRF_CSARGGGPGNTIYF;CAVGESSSNTGKLIF_CSALGENTEAFF;CAVQAQVDGGATNKLIF_CSARDRDRVKNIQYF;CAVSVRAAGNKLTF_CSARDPRPGGGIFRDEQFF;CAVEIGGGKLIF_CSAREGGTGGYEQYF	15	9	CAVNARSSASKIIF_CASSQDGGDRALPFYNEQFF;CAERSGGYQKVTF_CASSQTSTGAYGYTF;CAGDNAGNMLTF_CASSQVYRDTQYF;CAVEHNFNKFYF_CASSQSWAGQAHPEAFF;CAVRGSLGGTSYGKLTF_CASSGTGGRTEAFF;CAVNYGQNFVF_CASRPWTGEETQYF;CAGQRYGQNFVF_CASSQGVPGDSYTDTQYF;CVVRRQTGFQKLVF_CASSQDQRGPYNEQFF;CAVIGGGADGLTF_CASSQLGGVTDTQYF	0	NA
