tested_clust	nb_unique_seq_tested_clust	tested_clust_list_sequences	ref_clust	nb_unique_seq_ref_clust	ref_clust_list_sequences	nb_overlap	overlap_list_sequences
0	3	IGHV1-2..IGHJ6.IGHM_IGKV4-1.IGKJ4.IGKC;IGHV4-61.IGHD3-22.IGHJ2.IGHM_IGLV2-8.IGLJ1.IGLC1;NA_IGKV1-12.IGKJ4.IGKC	2	1	IGHV3-48..IGHJ4.IGHM_IGKV3-20.IGKJ1.IGKC	0	NA
0	3	IGHV1-2..IGHJ6.IGHM_IGKV4-1.IGKJ4.IGKC;IGHV4-61.IGHD3-22.IGHJ2.IGHM_IGLV2-8.IGLJ1.IGLC1;NA_IGKV1-12.IGKJ4.IGKC	4	454	NA_IGKV1-8.IGKJ4.IGKC;IGHV1-69D.IGHD3-22.IGHJ3.IGHM_IGKV1-8.IGKJ1.IGKC;IGHV1-2..IGHJ3.IGHM_IGLV5-45.IGLJ3.IGLC3;IGHV5-51..IGHJ3.IGHM_IGKV1D-8.IGKJ2.IGKC;IGHV4-39..IGHJ3.IGHM_IGLV3-21.IGLJ2.IGLC2;IGHV3-33..IGHJ4.IGHM_IGKV2-28.IGKJ2.IGKC;IGHV3-15..IGHJ4.IGHM_IGLV6-57.IGLJ2.IGLC2;IGHV1-2..IGHJ6.IGHM_IGKV1-27.IGKJ3.IGKC;IGHV2-5.IGHD3-9.IGHJ3.IGHM_IGKV1-5.IGKJ1.IGKC;IGHV3-7..IGHJ4.IGHM_IGKV1-39.IGKJ2.IGKC;IGHV1-8..IGHJ3.IGHM_IGKV3-20.IGKJ1.IGKC;IGHV3-9..IGHJ4.IGHM_IGKV3-20.IGKJ2.IGKC;IGHV4-59..IGHJ6.IGHM_IGKV3-20.IGKJ3.IGKC;IGHV4-31.IGHD2-8.IGHJ6.IGHM_IGLV1-47.IGLJ3.IGLC3;IGHV3-30.IGHD5-5.IGHJ4.IGHM_IGLV4-69.IGLJ3.IGLC3;IGHV2-26..IGHJ4.IGHM_IGKV1-5.IGKJ1.IGKC;IGHV3-33..IGHJ4.IGHG1_IGLV6-57.IGLJ3.IGLC3;IGHV5-51.IGHD3-9.IGHJ4.IGHM_IGKV3-20.IGKJ1.IGKC;IGHV2-5..IGHJ4.IGHM_IGKV2-30.IGKJ1.IGKC;IGHV3-74.IGHD3-22.IGHJ6.IGHD_IGKV1-9.IGKJ3.IGKC;IGHV3-33.IGHD4-17.IGHJ4.IGHM_IGKV3-15.IGKJ1.IGKC;IGHV4-39..IGHJ4.IGHM_IGLV1-40.IGLJ1.IGLC1;IGHV3-49..IGHJ6.IGHM_IGKV1D-8.IGKJ1.IGKC;IGHV3-30.IGHD3-22.IGHJ4.IGHM_IGLV3-25.IGLJ2.IGLC2;IGHV1-24.IGHD2-2.IGHJ6.IGHM_IGKV3-20.IGKJ4.IGKC;IGHV3-30..IGHJ4.IGHM_IGLV1-47.IGLJ2.IGLC2;IGHV3-43..IGHJ4.IGHM_IGLV1-51.IGLJ2.IGLC2;IGHV4-59..IGHJ4.IGHM_IGKV3-15.IGKJ3.IGKC;IGHV4-30-4..IGHJ3.IGHG2_IGKV1-39.IGKJ2.IGKC;IGHV3-7..IGHJ4.IGHM_IGKV1-39.IGKJ2.IGKC;IGHV4-59..IGHJ5.IGHM_IGKV1-12.IGKJ5.IGKC;IGHV1-69D.IGHD3-22.IGHJ4.IGHM_IGKV3-20.IGKJ1.IGKC;IGHV3-30..IGHJ4.IGHM_IGKV3-15.IGKJ1.IGKC;IGHV3-48.IGHD3-16.IGHJ6.IGHM_IGLV2-8.IGLJ1.IGLC1;IGHV1-8.IGHD3-22.IGHJ3.IGHM_IGKV2-28.IGKJ4.IGKC;IGHV3-30..IGHJ4.IGHM_IGKV1-39.IGKJ4.IGKC;IGHV3-11..IGHJ4.IGHM_IGLV1-40.IGLJ1.IGLC1;IGHV3-33..IGHJ4.IGHM_IGKV1-12.IGKJ5.IGKC;IGHV4-61..IGHJ4.IGHG1_IGKV1-39.IGKJ2.IGKC;IGHV1-69D.IGHD2-2.IGHJ5.IGHM_IGLV1-51.IGLJ3.IGLC3;IGHV3-7..IGHJ3.IGHM_IGLV3-1.IGLJ2.IGLC2;IGHV1-69D..IGHJ5.IGHM_IGLV1-40.IGLJ2.IGLC2;IGHV3-11..IGHJ4.IGHM_IGKV1-5.IGKJ1.IGKC;IGHV4-61..IGHJ5.IGHM_IGKV2-30.IGKJ4.IGKC;IGHV3-33..IGHJ6.IGHM_IGKV3-20.IGKJ1.IGKC;IGHV4-61.IGHD3-22.IGHJ4.IGHM_IGKV1-39.IGKJ4.IGKC;IGHV1-8.IGHD6-19.IGHJ4.IGHM_IGLV1-40.IGLJ2.IGLC2;IGHV3-33.IGHD4-4.IGHJ6.IGHM_IGKV1-39.IGKJ2.IGKC;IGHV3-7..IGHJ4.IGHM_IGLV3-21.IGLJ1.IGLC1;IGHV3-7.IGHD6-13.IGHJ4.IGHM_IGKV1-39.IGKJ2.IGKC;IGHV3-13.IGHD2-2.IGHJ6.IGHM_IGLV3-21.IGLJ3.IGLC2;IGHV5-51.IGHD3-22.IGHJ6.IGHM_IGKV3-15.IGKJ1.IGKC;IGHV3-7..IGHJ4.IGHM_IGKV2-28.IGKJ4.IGKC;IGHV1-18..IGHJ4.IGHM_IGKV3-20.IGKJ3.IGKC;IGHV3-7..IGHJ6.IGHM_IGLV3-19.IGLJ1.IGLC1;IGHV7-4-1.IGHD3-10.IGHJ4.IGHM_IGLV2-11.IGLJ2.IGLC2;IGHV5-51.IGHD3-9.IGHJ6.IGHM_IGLV1-40.IGLJ2.IGLC2;IGHV2-5.IGHD6-19.IGHJ5.IGHM_IGLV6-57.IGLJ2.IGLC2;IGHV4-59..IGHJ4.IGHM_IGKV1-39.IGKJ3.IGKC;IGHV1-69D..IGHJ6.IGHM_IGLV1-51.IGLJ1.IGLC1;IGHV4-39..IGHJ6.IGHM_IGKV1-12.IGKJ4.IGKC;IGHV4-61..IGHJ6.IGHM_IGLV1-40.IGLJ1.IGLC1;IGHV3-30..IGHJ3.IGHA1_IGKV1-9.IGKJ5.IGKC;IGHV3-30.IGHD3-10.IGHJ6.IGHM_IGKV3-15.IGKJ1.IGKC;IGHV3-15..IGHJ6.IGHM_IGLV2-8.IGLJ3.IGLC3;IGHV1-69D..IGHJ5.IGHM_IGKV3-15.IGKJ4.IGKC;IGHV6-1..IGHJ4.IGHM_IGKV1-33.IGKJ2.IGKC;IGHV3-33..IGHJ1.IGHM_IGKV3-15.IGKJ1.IGKC;IGHV1-2..IGHJ4.IGHM_IGKV3-20.IGKJ2.IGKC;IGHV3-49.IGHD5-24.IGHJ4.IGHM_IGLV3-21.IGLJ2.IGLC2;IGHV7-4-1..IGHJ4.IGHM_IGKV3-20.IGKJ1.IGKC;IGHV3-74..IGHJ5.IGHM_IGKV1-39.IGKJ1.IGKC;IGHV2-26.IGHD4-17.IGHJ6.IGHM_IGKV3-20.IGKJ5.IGKC;IGHV3-74..IGHJ4.IGHM_IGLV2-23.IGLJ1.IGLC1;IGHV3-15.IGHD3-9.IGHJ6.IGHD_IGLV7-46.IGLJ3.IGLC3;IGHV1-18..IGHJ4.IGHM_IGKV2-28.IGKJ1.IGKC;IGHV3-33..IGHJ4.IGHM_IGKV2-28.IGKJ4.IGKC;IGHV1-46.IGHD2-2.IGHJ4.IGHM_IGKV3D-15.IGKJ4.IGKC;IGHV4-59..IGHJ6.IGHM_IGLV1-40.IGLJ2.IGLC2;IGHV3-33..IGHJ4.IGHM_IGLV2-14.IGLJ2.IGLC2;IGHV5-51..IGHJ4.IGHM_IGLV1-40.IGLJ2.IGLC2;IGHV3-53..IGHJ4.IGHM_IGLV3-1.IGLJ1.IGLC1;IGHV3-53.IGHD5-24.IGHJ4.IGHM_IGKV3-15.IGKJ1.IGKC;IGHV3-9.IGHD4-23.IGHJ4.IGHM_IGKV3D-20.IGKJ4.IGKC;IGHV3-30..IGHJ4.IGHA1_IGLV6-57.IGLJ2.IGLC2;IGHV4-59.IGHD2-2.IGHJ6.IGHM_IGKV1-39.IGKJ1.IGKC;IGHV4-61.IGHD2-15.IGHJ6.IGHM_IGKV1-17.IGKJ1.IGKC;IGHV3-9..IGHJ3.IGHM_IGLV1-40.IGLJ3.IGLC3;IGHV5-51.IGHD5-5.IGHJ6.IGHM_IGKV1-16.IGKJ1.IGKC;IGHV3-9..IGHJ6.IGHM_IGKV1-39.IGKJ2.IGKC;IGHV1-24..IGHJ4.IGHG1_IGKV1-39.IGKJ1.IGKC;IGHV3-11..IGHJ4.IGHM_IGLV3-25.IGLJ2.IGLC2;IGHV4-39.IGHD2-2.IGHJ2.IGHM_IGLV4-69.IGLJ2.IGLC2;IGHV3-48..IGHJ5.IGHM_IGKV3-15.IGKJ4.IGKC;IGHV3-9..IGHJ4.IGHG1_IGKV3-20.IGKJ1.IGKC;IGHV1-69D..IGHJ6.IGHM_IGLV1-40.IGLJ1.IGLC1;IGHV4-59..IGHJ5.IGHM_IGLV6-57.IGLJ3.IGLC3;IGHV3-21.IGHD6-13.IGHJ5.IGHM_IGKV1-39.IGKJ2.IGKC;IGHV3-53..IGHJ3.IGHM_IGKV1-27.IGKJ3.IGKC;IGHV3-48.IGHD3-22.IGHJ3.IGHM_IGLV1-40.IGLJ2.IGLC2;IGHV5-51.IGHD1-26.IGHJ3.IGHM_IGLV1-47.IGLJ3.IGLC2;IGHV4-59.IGHD4-17.IGHJ4.IGHM_IGLV3-25.IGLJ2.IGLC2;IGHV1-2..IGHJ6.IGHM_IGKV1-39.IGKJ2.IGKC;IGHV3-43..IGHJ6.IGHM_IGLV3-1.IGLJ2.IGLC2;IGHV3-48..IGHJ6.IGHM_IGKV3-20.IGKJ2.IGKC;IGHV3-21..IGHJ6.IGHM_IGKV1-5.IGKJ1.IGKC;IGHV3-11..IGHJ4.IGHM_IGKV1-6.IGKJ1.IGKC;IGHV3-9..IGHJ4.IGHM_IGKV3-20.IGKJ5.IGKC;IGHV4-34..IGHJ3.IGHG3_IGKV3-15.IGKJ1.IGKC;IGHV3-21..IGHJ6.IGHM_IGKV1-12.IGKJ4.IGKC;IGHV4-30-4..IGHJ6.IGHM_IGKV2-28.IGKJ3.IGKC;IGHV4-39..IGHJ4.IGHA1_IGKV1-16.IGKJ3.IGKC;IGHV4-39..IGHJ1.IGHG3_IGKV1-39.IGKJ3.IGKC;IGHV4-59..IGHJ4.IGHM_IGLV4-69.IGLJ3.IGLC2;IGHV4-39.IGHD3-10.IGHJ4.IGHM_IGLV8-61.IGLJ3.IGLC2;IGHV2-5.IGHD3-9.IGHJ5.IGHM_IGLV1-40.IGLJ2.IGLC2;IGHV3-53..IGHJ4.IGHM_IGKV1-39.IGKJ5.IGKC;IGHV3-53.IGHD2-15.IGHJ6.IGHM_IGKV3-20.IGKJ5.IGKC;IGHV1-8..IGHJ4.IGHM_IGKV3-20.IGKJ2.IGKC;IGHV1-69D..IGHJ6.IGHM_IGKV3-15.IGKJ2.IGKC;IGHV4-61..IGHJ6.IGHM_IGKV1-8.IGKJ3.IGKC;IGHV4-61..IGHJ5.IGHM_IGKV3-20.IGKJ1.IGKC;IGHV3-48.IGHD5-5.IGHJ4.IGHM_IGLV3-25.IGLJ3.IGLC3;IGHV3-7..IGHJ4.IGHM_IGLV4-69.IGLJ2.IGLC2;IGHV4-30-4.IGHD3-10.IGHJ5.IGHM_IGLV3-9.IGLJ2.IGLC2;IGHV3-30..IGHJ4.IGHM_IGKV3-20.IGKJ1.IGKC;IGHV4-30-4..IGHJ5.IGHA1_IGLV1-51.IGLJ2.IGLC2;IGHV1-3..IGHJ4.IGHM_IGKV1-33.IGKJ4.IGKC;IGHV2-5..IGHJ4.IGHM_IGKV1D-8.IGKJ1.IGKC;IGHV4-39..IGHJ4.IGHM_IGLV1-47.IGLJ2.IGLC2;IGHV1-69D.IGHD3-22.IGHJ4.IGHM_IGKV3-11.IGKJ4.IGKC;IGHV3-49..IGHJ4.IGHA1_IGLV2-23.IGLJ1.IGLC1;IGHV5-51..IGHJ5.IGHM_NA;IGHV5-51..IGHJ4.IGHM_IGLV3-19.IGLJ2.IGLC2;IGHV1-8.IGHD6-13.IGHJ6.IGHM_IGLV1-40.IGLJ2.IGLC2;IGHV1-18.IGHD6-13.IGHJ5.IGHM_IGLV7-46.IGLJ1.IGLC1;IGHV3-33..IGHJ4.IGHA1_IGLV1-51.IGLJ2.IGLC2;IGHV3-48..IGHJ3.IGHM_IGLV3-25.IGLJ3.IGLC3;IGHV3-33..IGHJ6.IGHM_IGKV1-33.IGKJ5.IGKC;IGHV3-15..IGHJ4.IGHM_IGLV3-1.IGLJ1.IGLC1;IGHV2-26..IGHJ3.IGHM_IGKV3-20.IGKJ1.IGKC;IGHV4-59.IGHD3-22.IGHJ4.IGHM_IGKV1-33.IGKJ3.IGKC;IGHV3-30.IGHD3-3.IGHJ3.IGHM_IGKV1-39.IGKJ2.IGKC;IGHV4-59..IGHJ6.IGHM_IGKV1-5.IGKJ4.IGKC;IGHV3-7..IGHJ6.IGHM_IGKV1-39.IGKJ2.IGKC;IGHV3-53.IGHD3-22.IGHJ3.IGHM_IGKV1-39.IGKJ2.IGKC;IGHV3-7..IGHJ5.IGHM_IGLV3-9.IGLJ2.IGLC2;IGHV4-59.IGHD6-6.IGHJ4.IGHG1_IGLV1-40.IGLJ1.IGLC1;IGHV2-5.IGHD3-16.IGHJ5.IGHM_IGLV3-1.IGLJ2.IGLC2;IGHV3-15.IGHD3-9.IGHJ4.IGHM_IGKV2-28.IGKJ5.IGKC;IGHV1-18.IGHD3-3.IGHJ6.IGHM_IGKV3-20.IGKJ1.IGKC;IGHV4-61.IGHD1-7.IGHJ2.IGHM_IGLV3-21.IGLJ1.IGLC1;IGHV1-24..IGHJ4.IGHM_IGKV1-5.IGKJ1.IGKC;IGHV3-48.IGHD3-22.IGHJ4.IGHM_IGKV3-15.IGKJ2.IGKC;IGHV3-48..IGHJ4.IGHM_IGKV1-39.IGKJ1.IGKC;IGHV3-7..IGHJ4.IGHM_IGKV3D-20.IGKJ4.IGKC;IGHV2-26..IGHJ4.IGHM_IGKV2D-29.IGKJ3.IGKC;IGHV1-2..IGHJ5.IGHM_IGLV2-23.IGLJ2.IGLC2;IGHV3-7..IGHJ4.IGHM_IGKV3-20.IGKJ4.IGKC;IGHV4-34..IGHJ5.IGHG3_IGLV3-25.IGLJ2.IGLC2;IGHV4-61.IGHD1-26.IGHJ4.IGHM_IGKV1D-8.IGKJ4.IGKC;IGHV4-30-4..IGHJ1.IGHG1_IGLV1-40.IGLJ1.IGLC1;IGHV2-70..IGHJ6.IGHG1_IGKV2-28.IGKJ2.IGKC;IGHV7-4-1..IGHJ4.IGHM_IGLV1-40.IGLJ2.IGLC2;IGHV1-2.IGHD6-19.IGHJ4.IGHM_IGLV2-11.IGLJ2.IGLC2;IGHV1-18..IGHJ5.IGHG1_IGKV1-39.IGKJ1.IGKC;IGHV3-7..IGHJ4.IGHM_IGKV3-15.IGKJ1.IGKC;IGHV4-39.IGHD2-2.IGHJ4.IGHM_IGKV1-5.IGKJ4.IGKC;IGHV4-39.IGHD3-3.IGHJ4.IGHM_IGLV1-40.IGLJ2.IGLC2;IGHV3-23..IGHJ4.IGHA1_IGKV1-39.IGKJ2.IGKC;IGHV3-9.IGHD3-10.IGHJ6.IGHM_IGLV3-1.IGLJ1.IGLC1;IGHV1-69D..IGHJ6.IGHM_IGKV2-28.IGKJ2.IGKC;IGHV3-30..IGHJ4.IGHA1_IGKV1-39.IGKJ4.IGKC;IGHV6-1..IGHJ4.IGHM_IGLV2-23.IGLJ3.IGLC3;IGHV4-30-4.IGHD2-2.IGHJ6.IGHM_IGLV1-40.IGLJ2.IGLC2;IGHV3-49.IGHD3-3.IGHJ4.IGHM_IGKV3-20.IGKJ1.IGKC;IGHV3-74..IGHJ5.IGHM_IGKV1-39.IGKJ2.IGKC;IGHV1-69D..IGHJ3.IGHM_IGKV1-5.IGKJ4.IGKC;IGHV7-4-1..IGHJ4.IGHM_IGKV1-39.IGKJ3.IGKC;IGHV5-51..IGHJ4.IGHM_IGKV1-9.IGKJ4.IGKC;IGHV3-53..IGHJ6.IGHM_IGKV2-28.IGKJ2.IGKC;IGHV1-24..IGHJ4.IGHM_IGKV1-12.IGKJ4.IGKC;IGHV3-9..IGHJ4.IGHM_IGLV3-25.IGLJ3.IGLC3;IGHV3-15.IGHD2-21.IGHJ4.IGHM_IGKV1-9.IGKJ4.IGKC;IGHV7-4-1..IGHJ4.IGHM_IGLV1-40.IGLJ2.IGLC2;IGHV1-2..IGHJ4.IGHM_IGLV2-8.IGLJ2.IGLC2;IGHV3-9..IGHJ1.IGHM_IGLV2-23.IGLJ2.IGLC2;IGHV1-3..IGHJ6.IGHM_IGKV1-9.IGKJ4.IGKC;IGHV5-51.IGHD3-9.IGHJ6.IGHM_IGLV7-43.IGLJ2.IGLC2;IGHV3-15.IGHD3-22.IGHJ4.IGHM_IGLV3-25.IGLJ1.IGLC1;IGHV4-61..IGHJ4.IGHM_IGKV1D-8.IGKJ2.IGKC;IGHV4-61..IGHJ6.IGHM_IGLV3-1.IGLJ1.IGLC1;IGHV3-7..IGHJ4.IGHM_IGLV3-1.IGLJ2.IGLC2;IGHV3-74..IGHJ3.IGHM_IGKV1-39.IGKJ1.IGKC;IGHV2-5.IGHD3-22.IGHJ4.IGHM_IGKV1-39.IGKJ4.IGKC;IGHV3-48..IGHJ4.IGHM_IGKV3-15.IGKJ2.IGKC;IGHV2-70.IGHD2-15.IGHJ6.IGHM_IGKV3-20.IGKJ1.IGKC;IGHV3-48.IGHD3-22.IGHJ4.IGHM_IGLV4-69.IGLJ3.IGLC2;IGHV5-51..IGHJ1.IGHM_IGKV3-20.IGKJ2.IGKC;IGHV5-51..IGHJ4.IGHG2_IGKV1-12.IGKJ4.IGKC;NA_IGKV1-39.IGKJ1.IGKC;IGHV7-4-1..IGHJ1.IGHA1_IGLV2-23.IGLJ3.IGLC3;IGHV3-30.IGHD3-22.IGHJ6.IGHM_IGLV3-25.IGLJ1.IGLC1;IGHV3-23..IGHJ4.IGHA1_IGKV1-5.IGKJ1.IGKC;IGHV1-2..IGHJ4.IGHM_IGKV1-33.IGKJ2.IGKC;IGHV4-59..IGHJ3.IGHM_IGKV1-8.IGKJ4.IGKC;IGHV4-30-4..IGHJ5.IGHM_IGKV2D-29.IGKJ2.IGKC;IGHV3-7..IGHJ6.IGHG2_IGKV3-20.IGKJ3.IGKC;IGHV4-59..IGHJ4.IGHG1_IGKV1-39.IGKJ4.IGKC;IGHV2-5..IGHJ5.IGHA2_IGKV2-28.IGKJ2.IGKC;IGHV6-1..IGHJ6.IGHM_IGKV3-20.IGKJ4.IGKC;IGHV3-72..IGHJ6.IGHA2_IGKV1-9.IGKJ5.IGKC;IGHV3-53.IGHD4-23.IGHJ5.IGHM_IGLV3-21.IGLJ2.IGLC2;IGHV3-23..IGHJ4.IGHM_IGKV1-8.IGKJ1.IGKC;IGHV1-18..IGHJ6.IGHM_IGKV2-28.IGKJ2.IGKC;IGHV3-48..IGHJ4.IGHM_IGKV2-28.IGKJ2.IGKC;IGHV3-21..IGHJ4.IGHM_IGKV3-15.IGKJ1.IGKC;IGHV1-8..IGHJ5.IGHM_IGLV3-19.IGLJ2.IGLC2;IGHV1-3.IGHD3-16.IGHJ3.IGHM_IGKV2-30.IGKJ4.IGKC;IGHV3-11.IGHD3-22.IGHJ4.IGHM_IGKV1-39.IGKJ2.IGKC;IGHV3-49.IGHD6-13.IGHJ6.IGHM_IGKV1-39.IGKJ2.IGKC;IGHV1-2..IGHJ4.IGHM_IGKV3-15.IGKJ2.IGKC;IGHV4-39..IGHJ5.IGHM_IGKV3-20.IGKJ2.IGKC;IGHV3-49.IGHD2-2.IGHJ5.IGHM_IGLV3-1.IGLJ2.IGLC2;IGHV1-46..IGHJ1.IGHM_IGLV2-23.IGLJ1.IGLC1;IGHV3-74.IGHD3-22.IGHJ4.IGHM_IGKV1-39.IGKJ1.IGKC;IGHV1-8..IGHJ3.IGHM_IGKV1-33.IGKJ4.IGKC;IGHV3-15..IGHJ4.IGHM_IGKV3-15.IGKJ3.IGKC;IGHV3-11.IGHD3-22.IGHJ3.IGHM_IGKV1-39.IGKJ1.IGKC;IGHV1-24..IGHJ6.IGHM_IGLV3-19.IGLJ1.IGLC1;IGHV3-33..IGHJ3.IGHM_IGLV2-23.IGLJ3.IGLC3;IGHV3-11.IGHD1-1.IGHJ4.IGHM_IGLV1-51.IGLJ1.IGLC1;IGHV3-11.IGHD2-2.IGHJ6.IGHM_IGKV1-39.IGKJ1.IGKC;IGHV1-18..IGHJ6.IGHM_IGKV3-20.IGKJ1.IGKC;IGHV1-2..IGHJ3.IGHM_IGLV2-11.IGLJ2.IGLC2;IGHV2-5.IGHD3-22.IGHJ4.IGHM_IGKV3-15.IGKJ4.IGKC;IGHV1-18..IGHJ4.IGHM_IGKV3-20.IGKJ2.IGKC;IGHV3-30..IGHJ4.IGHM_IGKV1-17.IGKJ1.IGKC;IGHV3-15.IGHD3-9.IGHJ6.IGHM_IGLV3-25.IGLJ2.IGLC2;IGHV3-11..IGHJ4.IGHM_IGKV3-20.IGKJ2.IGKC;IGHV7-4-1..IGHJ5.IGHA1_IGLV4-69.IGLJ3.IGLC2;IGHV3-53.IGHD3-22.IGHJ4.IGHM_IGLV4-69.IGLJ3.IGLC3;IGHV1-18..IGHJ5.IGHM_IGKV1-39.IGKJ1.IGKC;IGHV3-11..IGHJ5.IGHM_IGKV1-33.IGKJ3.IGKC;IGHV5-51..IGHJ6.IGHM_IGKV2-28.IGKJ3.IGKC;IGHV4-39.IGHD3-9.IGHJ4.IGHM_IGKV3-15.IGKJ2.IGKC;IGHV4-59..IGHJ4.IGHM_IGLV1-47.IGLJ2.IGLC2;IGHV2-26..IGHJ5.IGHM_IGLV3-21.IGLJ1.IGLC1;IGHV4-39..IGHJ4.IGHM_IGLV1-40.IGLJ2.IGLC2;IGHV1-2..IGHJ6.IGHM_IGKV3-20.IGKJ3.IGKC;IGHV4-39..IGHJ5.IGHM_IGKV1-12.IGKJ2.IGKC;IGHV1-69D.IGHD4-17.IGHJ4.IGHM_IGKV1-27.IGKJ3.IGKC;IGHV1-18..IGHJ1.IGHM_IGKV3-20.IGKJ2.IGKC;IGHV4-30-4..IGHJ4.IGHM_IGKV1-39.IGKJ1.IGKC;IGHV3-73..IGHJ4.IGHG1_IGKV1-17.IGKJ1.IGKC;IGHV3-15..IGHJ4.IGHM_IGKV1-8.IGKJ3.IGKC;IGHV3-9..IGHJ6.IGHM_IGLV10-54.IGLJ2.IGLC2;IGHV4-59..IGHJ4.IGHM_IGKV3-20.IGKJ4.IGKC;IGHV5-51..IGHJ6.IGHM_IGKV2D-40.IGKJ4.IGKC;IGHV3-53..IGHJ6.IGHM_IGKV1-39.IGKJ1.IGKC;IGHV3-30..IGHJ4.IGHM_IGLV1-47.IGLJ1.IGLC1;IGHV2-5.IGHD2-2.IGHJ5.IGHM_IGLV3-25.IGLJ1.IGLC1;IGHV4-39..IGHJ4.IGHM_IGLV1-51.IGLJ3.IGLC3;IGHV4-59..IGHJ4.IGHM_IGKV2-28.IGKJ5.IGKC;IGHV3-23..IGHJ4.IGHM_IGKV1-39.IGKJ4.IGKC;IGHV3-15.IGHD5-24.IGHJ4.IGHM_IGKV1-33.IGKJ5.IGKC;IGHV3-48..IGHJ6.IGHM_IGLV3-25.IGLJ3.IGLC2;IGHV4-59..IGHJ6.IGHM_IGKV1-39.IGKJ2.IGKC;IGHV2-5..IGHJ4.IGHM_IGKV1-5.IGKJ2.IGKC;IGHV3-15..IGHJ3.IGHM_IGKV1-17.IGKJ1.IGKC;IGHV3-49..IGHJ6.IGHM_IGKV1-16.IGKJ4.IGKC;IGHV3-30.IGHD6-19.IGHJ3.IGHM_IGKV1-5.IGKJ1.IGKC;IGHV3-33.IGHD3-3.IGHJ4.IGHM_IGKV1-6.IGKJ2.IGKC;IGHV4-30-4.IGHD3-22.IGHJ3.IGHM_IGLV3-25.IGLJ2.IGLC2;IGHV3-30.IGHD3-22.IGHJ6.IGHM_IGLV2-23.IGLJ2.IGLC2;IGHV7-4-1..IGHJ5.IGHM_IGKV3-11.IGKJ4.IGKC;IGHV3-21..IGHJ4.IGHG1_IGKV3-20.IGKJ1.IGKC;IGHV1-2..IGHJ4.IGHM_IGKV1-39.IGKJ2.IGKC;IGHV4-39.IGHD3-22.IGHJ5.IGHM_IGLV3-19.IGLJ2.IGLC2;IGHV3-33..IGHJ4.IGHM_IGLV8-61.IGLJ3.IGLC3;IGHV3-9..IGHJ4.IGHM_IGLV3-21.IGLJ2.IGLC2;IGHV3-33..IGHJ6.IGHM_IGKV1-9.IGKJ5.IGKC;IGHV6-1..IGHJ5.IGHM_IGLV1-36.IGLJ3.IGLC2;IGHV6-1.IGHD6-13.IGHJ3.IGHM_IGKV1-5.IGKJ1.IGKC;IGHV2-5.IGHD3-10.IGHJ5.IGHM_IGLV3-25.IGLJ1.IGLC1;IGHV4-59..IGHJ4.IGHM_IGLV3-19.IGLJ2.IGLC2;IGHV3-30.IGHD6-6.IGHJ4.IGHM_IGLV2-8.IGLJ1.IGLC1;IGHV2-5..IGHJ4.IGHG1_IGLV1-40.IGLJ2.IGLC2;IGHV3-74.IGHD3-22.IGHJ4.IGHM_IGKV1-39.IGKJ1.IGKC;IGHV4-39..IGHJ5.IGHM_IGLV3-25.IGLJ2.IGLC2;IGHV1-8..IGHJ6.IGHM_IGLV1-51.IGLJ2.IGLC2;IGHV5-51..IGHJ3.IGHM_IGKV1-33.IGKJ1.IGKC;IGHV1-18..IGHJ6.IGHM_IGKV3-20.IGKJ2.IGKC;IGHV3-23.IGHD3-10.IGHJ4.IGHM_IGKV1-33.IGKJ4.IGKC;IGHV3-15.IGHD5-24.IGHJ4.IGHG1_IGKV3-20.IGKJ2.IGKC;IGHV1-18..IGHJ5.IGHM_IGKV1-27.IGKJ3.IGKC;IGHV4-61..IGHJ3.IGHM_IGKV1-8.IGKJ1.IGKC;IGHV2-5.IGHD3-22.IGHJ5.IGHM_IGKV3-20.IGKJ1.IGKC;IGHV4-39.IGHD5-5.IGHJ4.IGHM_IGLV1-40.IGLJ1.IGLC1;IGHV4-59.IGHD3-9.IGHJ6.IGHM_IGLV1-47.IGLJ1.IGLC1;IGHV3-30..IGHJ5.IGHM_IGKV1-8.IGKJ4.IGKC;IGHV1-46..IGHJ4.IGHM_IGKV4-1.IGKJ2.IGKC;IGHV3-49.IGHD4-4.IGHJ5.IGHM_IGKV1-17.IGKJ4.IGKC;IGHV4-61..IGHJ6.IGHM_IGLV3-10.IGLJ3.IGLC3;IGHV3-30..IGHJ6.IGHM_IGKV1-39.IGKJ2.IGKC;IGHV3-30.IGHD3-9.IGHJ4.IGHM_IGKV1-8.IGKJ4.IGKC;IGHV3-48..IGHJ4.IGHM_IGKV1-12.IGKJ2.IGKC;IGHV7-4-1.IGHD3-10.IGHJ4.IGHM_IGKV1-39.IGKJ1.IGKC;IGHV4-39..IGHJ5.IGHM_IGKV1-8.IGKJ1.IGKC;IGHV4-61..IGHJ6.IGHM_IGLV1-51.IGLJ2.IGLC2;IGHV3-48..IGHJ3.IGHM_IGLV3-21.IGLJ1.IGLC1;IGHV4-31..IGHJ4.IGHM_IGKV1D-8.IGKJ3.IGKC;NA_IGKV3-15.IGKJ1.IGKC;IGHV3-48..IGHJ4.IGHM_IGKV2-28.IGKJ2.IGKC;IGHV5-51..IGHJ6.IGHD_IGKV1-39.IGKJ4.IGKC;IGHV3-11.IGHD5-5.IGHJ5.IGHM_IGLV1-40.IGLJ2.IGLC2;IGHV3-13..IGHJ4.IGHM_IGKV1-39.IGKJ1.IGKC;IGHV3-7..IGHJ4.IGHM_IGLV1-40.IGLJ2.IGLC2;IGHV4-30-4..IGHJ3.IGHM_IGKV3D-20.IGKJ4.IGKC;IGHV3-7..IGHJ6.IGHM_IGLV1-40.IGLJ3.IGLC2;IGHV4-59..IGHJ4.IGHM_IGLV1-47.IGLJ3.IGLC3;IGHV3-30.IGHD2-2.IGHJ4.IGHM_IGKV1-39.IGKJ5.IGKC;IGHV4-31..IGHJ4.IGHM_IGKV1-39.IGKJ2.IGKC;IGHV1-69D..IGHJ4.IGHG1_IGLV2-23.IGLJ1.IGLC1;IGHV3-30..IGHJ3.IGHM_IGKV3-15.IGKJ1.IGKC;IGHV5-51.IGHD2-15.IGHJ4.IGHM_IGKV2-28.IGKJ3.IGKC;IGHV1-69D..IGHJ4.IGHM_IGKV1-17.IGKJ1.IGKC;IGHV4-59..IGHJ5.IGHG1_IGLV3-10.IGLJ2.IGLC2;IGHV3-7..IGHJ4.IGHM_IGKV1-8.IGKJ4.IGKC;IGHV1-18..IGHJ6.IGHM_IGLV3-25.IGLJ3.IGLC2;IGHV1-8..IGHJ4.IGHM_IGLV1-47.IGLJ3.IGLC3;IGHV1-18.IGHD6-19.IGHJ5.IGHM_IGKV1-12.IGKJ2.IGKC;IGHV3-7..IGHJ4.IGHM_IGKV1-6.IGKJ1.IGKC;IGHV5-51.IGHD6-19.IGHJ4.IGHM_IGLV4-69.IGLJ2.IGLC2;IGHV1-2.IGHD3-10.IGHJ3.IGHM_IGKV1-5.IGKJ1.IGKC;IGHV3-30..IGHJ3.IGHM_IGKV1-16.IGKJ4.IGKC;IGHV1-46..IGHJ4.IGHM_IGKV3-15.IGKJ1.IGKC;IGHV4-28..IGHJ6.IGHM_IGLV8-61.IGLJ3.IGLC2;IGHV1-8..IGHJ6.IGHM_IGKV1-6.IGKJ1.IGKC;IGHV2-5..IGHJ3.IGHM_IGLV3-19.IGLJ3.IGLC3;IGHV2-5..IGHJ4.IGHM_IGLV2-23.IGLJ1.IGLC1;IGHV1-58..IGHJ6.IGHM_IGKV3-20.IGKJ4.IGKC;IGHV1-18..IGHJ4.IGHG2_IGKV2-30.IGKJ2.IGKC;IGHV4-31..IGHJ3.IGHG1_IGKV1-9.IGKJ5.IGKC;IGHV1-2.IGHD6-19.IGHJ6.IGHM_IGKV2-28.IGKJ4.IGKC;IGHV3-7..IGHJ4.IGHM_IGLV3-1.IGLJ2.IGLC2;IGHV7-4-1..IGHJ4.IGHM_IGLV1-51.IGLJ1.IGLC1;IGHV3-15.IGHD3-10.IGHJ6.IGHM_IGLV3-25.IGLJ2.IGLC2;IGHV1-69D..IGHJ6.IGHG3_IGKV3-15.IGKJ4.IGKC;NA_IGLV3-1.IGLJ2.IGLC2;IGHV5-51..IGHJ4.IGHG1_IGLV3-25.IGLJ3.IGLC2;IGHV4-59..IGHJ6.IGHM_IGLV2-11.IGLJ2.IGLC3;IGHV4-39.IGHD3-22.IGHJ4.IGHM_IGLV1-40.IGLJ2.IGLC2;IGHV3-11.IGHD4-17.IGHJ5.IGHM_IGKV1-33.IGKJ4.IGKC;IGHV4-30-4..IGHJ1.IGHM_IGLV1-51.IGLJ2.IGLC2;IGHV3-11..IGHJ5.IGHD_IGLV3-1.IGLJ3.IGLC2;IGHV3-48.IGHD2-2.IGHJ4.IGHM_IGLV1-40.IGLJ1.IGLC1;NA_IGKV3-11.IGKJ2.IGKC;IGHV4-30-4..IGHJ4.IGHM_IGKV3-20.IGKJ5.IGKC;IGHV3-7.IGHD3-3.IGHJ6.IGHD_IGKV2-28.IGKJ4.IGKC;IGHV3-30.IGHD3-22.IGHJ4.IGHM_IGKV3-15.IGKJ1.IGKC;IGHV3-33..IGHJ4.IGHM_IGLV8-61.IGLJ3.IGLC3;IGHV3-9..IGHJ4.IGHM_IGLV3-1.IGLJ2.IGLC2;IGHV1-3.IGHD4-23.IGHJ5.IGHM_IGKV1-16.IGKJ5.IGKC;IGHV4-39..IGHJ4.IGHM_IGLV3-19.IGLJ2.IGLC2;IGHV4-39..IGHJ5.IGHM_IGKV3-20.IGKJ2.IGKC;IGHV3-30.IGHD2-2.IGHJ3.IGHM_IGKV3-20.IGKJ3.IGKC;IGHV3-7..IGHJ4.IGHM_IGKV3-20.IGKJ1.IGKC;IGHV5-51.IGHD2-2.IGHJ6.IGHM_IGKV3-15.IGKJ2.IGKC;IGHV2-5..IGHJ4.IGHM_IGLV7-43.IGLJ2.IGLC2;IGHV5-51.IGHD3-10.IGHJ6.IGHM_IGKV2-28.IGKJ4.IGKC;IGHV6-1..IGHJ5.IGHM_IGKV1-33.IGKJ1.IGKC;IGHV1-2..IGHJ4.IGHM_IGKV3-15.IGKJ5.IGKC;IGHV3-30..IGHJ4.IGHM_IGLV4-69.IGLJ2.IGLC2;IGHV3-33..IGHJ2.IGHM_IGKV3-15.IGKJ1.IGKC;IGHV3-48..IGHJ4.IGHM_IGKV3-15.IGKJ1.IGKC;IGHV4-30-4..IGHJ4.IGHM_IGKV3-20.IGKJ1.IGKC;IGHV3-30..IGHJ3.IGHG1_IGKV3-20.IGKJ2.IGKC;IGHV1-2..IGHJ6.IGHM_IGKV1-39.IGKJ4.IGKC;NA_IGLV2-23.IGLJ2.IGLC2;IGHV1-69D..IGHJ6.IGHM_IGKV3-20.IGKJ4.IGKC;IGHV2-70..IGHJ3.IGHM_IGKV3-15.IGKJ1.IGKC;NA_IGLV1-40.IGLJ2.IGLC2;IGHV4-59.IGHD3-10.IGHJ6.IGHM_IGKV1-39.IGKJ2.IGKC;IGHV3-9..IGHJ4.IGHM_IGKV1D-8.IGKJ1.IGKC;IGHV3-74..IGHJ5.IGHM_IGKV1-39.IGKJ4.IGKC;IGHV3-15.IGHD4-17.IGHJ4.IGHM_IGLV3-25.IGLJ1.IGLC1;IGHV3-43..IGHJ4.IGHM_IGKV3-20.IGKJ1.IGKC;IGHV3-9..IGHJ4.IGHD_IGLV4-69.IGLJ3.IGLC3;IGHV4-61..IGHJ4.IGHM_IGKV1-39.IGKJ2.IGKC;IGHV4-30-4..IGHJ5.IGHM_IGKV1-5.IGKJ1.IGKC;IGHV3-11.IGHD5-24.IGHJ6.IGHM_IGLV2-23.IGLJ1.IGLC1;IGHV3-9.IGHD2-2.IGHJ6.IGHM_IGKV1-5.IGKJ2.IGKC;IGHV3-7..IGHJ4.IGHA2_IGKV2-30.IGKJ2.IGKC;IGHV3-73.IGHD2-15.IGHJ3.IGHM_IGKV1-39.IGKJ2.IGKC;IGHV4-39..IGHJ5.IGHM_IGLV1-40.IGLJ1.IGLC1;IGHV3-9..IGHJ4.IGHM_IGLV2-14.IGLJ2.IGLC2;IGHV5-51..IGHJ4.IGHM_IGLV8-61.IGLJ3.IGLC3;IGHV1-2.IGHD4-17.IGHJ6.IGHD_IGLV3-25.IGLJ1.IGLC1;IGHV3-73..IGHJ4.IGHM_IGKV2D-29.IGKJ1.IGKC;IGHV3-74..IGHJ4.IGHM_IGLV4-69.IGLJ1.IGLC1;IGHV3-30..IGHJ4.IGHM_IGLV3-25.IGLJ3.IGLC2;IGHV1-69D.IGHD2-2.IGHJ5.IGHM_IGLV1-40.IGLJ2.IGLC2;IGHV2-5..IGHJ5.IGHM_IGLV3-1.IGLJ1.IGLC1;IGHV2-26..IGHJ4.IGHM_IGKV1-12.IGKJ1.IGKC;IGHV3-15.IGHD3-3.IGHJ4.IGHM_IGKV1-33.IGKJ4.IGKC;IGHV1-46..IGHJ4.IGHM_IGLV3-19.IGLJ2.IGLC2;IGHV1-8.IGHD3-3.IGHJ6.IGHM_IGKV3-20.IGKJ1.IGKC;IGHV3-15.IGHD2-2.IGHJ4.IGHM_IGKV1-33.IGKJ4.IGKC;IGHV1-8.IGHD3-10.IGHJ6.IGHM_IGKV1-39.IGKJ1.IGKC;IGHV3-9.IGHD4-23.IGHJ1.IGHM_IGLV2-23.IGLJ3.IGLC2;NA_IGKV1-39.IGKJ2.IGKC;IGHV1-69D..IGHJ3.IGHM_NA;IGHV4-59..IGHJ2.IGHG2_IGKV3-20.IGKJ4.IGKC;IGHV1-46..IGHJ6.IGHM_IGKV2-28.IGKJ4.IGKC;IGHV3-48.IGHD6-19.IGHJ4.IGHM_IGKV1-16.IGKJ1.IGKC;IGHV3-30..IGHJ4.IGHM_IGLV3-21.IGLJ1.IGLC1;IGHV1-18.IGHD3-3.IGHJ6.IGHM_IGLV3-21.IGLJ1.IGLC1;IGHV4-61..IGHJ6.IGHM_IGLV7-43.IGLJ1.IGLC1;IGHV3-33..IGHJ3.IGHM_IGKV1-5.IGKJ3.IGKC;IGHV3-30.IGHD2-2.IGHJ6.IGHM_IGLV3-1.IGLJ2.IGLC2;IGHV4-39..IGHJ4.IGHM_IGLV2-18.IGLJ1.IGLC1;IGHV3-33..IGHJ6.IGHM_IGKV3-15.IGKJ4.IGKC;IGHV4-31..IGHJ4.IGHM_IGKV3-20.IGKJ1.IGKC;IGHV4-59..IGHJ6.IGHA1_IGKV2-28.IGKJ2.IGKC;IGHV1-8..IGHJ6.IGHM_IGKV2-28.IGKJ3.IGKC;IGHV4-61.IGHD5-5.IGHJ4.IGHM_IGLV1-36.IGLJ2.IGLC2;IGHV5-51..IGHJ4.IGHM_IGKV3-20.IGKJ2.IGKC;IGHV1-46.IGHD3-22.IGHJ4.IGHM_IGLV1-40.IGLJ2.IGLC2;IGHV3-49..IGHJ4.IGHM_IGKV1-12.IGKJ4.IGKC;IGHV4-61..IGHJ3.IGHM_IGLV3-19.IGLJ1.IGLC1;IGHV2-5..IGHJ6.IGHG1_IGKV1-6.IGKJ2.IGKC;IGHV1-69D..IGHJ4.IGHM_IGLV3-1.IGLJ2.IGLC2;IGHV3-33.IGHD6-19.IGHJ4.IGHM_IGKV3-20.IGKJ1.IGKC;IGHV3-43.IGHD2-2.IGHJ6.IGHM_IGKV1-8.IGKJ5.IGKC;IGHV4-61..IGHJ5.IGHM_IGLV3-1.IGLJ2.IGLC2;IGHV1-18..IGHJ5.IGHM_IGLV1-40.IGLJ3.IGLC3;IGHV4-31..IGHJ5.IGHM_IGKV3-20.IGKJ3.IGKC;IGHV3-48..IGHJ4.IGHM_IGKV1-33.IGKJ5.IGKC;IGHV1-8..IGHJ4.IGHM_IGKV1-5.IGKJ1.IGKC;IGHV4-30-4..IGHJ4.IGHM_IGLV3-1.IGLJ2.IGLC2;IGHV3-30.IGHD2-2.IGHJ6.IGHM_IGKV2-28.IGKJ3.IGKC;IGHV3-11..IGHJ4.IGHM_IGKV1-39.IGKJ2.IGKC;IGHV4-39..IGHJ5.IGHM_IGKV1-5.IGKJ1.IGKC;IGHV3-48..IGHJ4.IGHM_IGLV1-40.IGLJ2.IGLC2;IGHV2-5..IGHJ4.IGHM_IGKV1-16.IGKJ2.IGKC;IGHV3-20..IGHJ4.IGHM_IGKV3-20.IGKJ4.IGKC;IGHV3-33..IGHJ5.IGHM_IGKV1-5.IGKJ1.IGKC;IGHV3-48..IGHJ4.IGHM_IGKV1-8.IGKJ1.IGKC;IGHV3-30..IGHJ3.IGHM_IGLV1-51.IGLJ3.IGLC2;IGHV4-39..IGHJ4.IGHM_IGLV3-21.IGLJ1.IGLC1;IGHV3-11.IGHD3-22.IGHJ4.IGHM_IGLV3-21.IGLJ2.IGLC2;IGHV1-8.IGHD2-2.IGHJ6.IGHM_IGKV1-8.IGKJ4.IGKC;IGHV4-39..IGHJ2.IGHM_IGKV6-21.IGKJ4.IGKC	0	NA
0	3	IGHV1-2..IGHJ6.IGHM_IGKV4-1.IGKJ4.IGKC;IGHV4-61.IGHD3-22.IGHJ2.IGHM_IGLV2-8.IGLJ1.IGLC1;NA_IGKV1-12.IGKJ4.IGKC	9	1	IGHV1-69D..IGHJ4.IGHM_NA	0	NA
0	3	IGHV1-2..IGHJ6.IGHM_IGKV4-1.IGKJ4.IGKC;IGHV4-61.IGHD3-22.IGHJ2.IGHM_IGLV2-8.IGLJ1.IGLC1;NA_IGKV1-12.IGKJ4.IGKC	16	79	IGHV3-21.IGHD4-23.IGHJ2.IGHM_IGKV3-11.IGKJ2.IGKC;IGHV3-33.IGHD6-19.IGHJ6.IGHM_IGKV1-39.IGKJ1.IGKC;IGHV3-33..IGHJ5.IGHM_IGLV1-40.IGLJ1.IGLC1;IGHV3-33.IGHD2-2.IGHJ4.IGHM_IGKV3-20.IGKJ2.IGKC;IGHV3-30..IGHJ4.IGHM_IGKV3-11.IGKJ1.IGKC;IGHV4-59..IGHJ5.IGHG1_IGKV3-11.IGKJ4.IGKC;IGHV3-23..IGHJ5.IGHM_IGKV3-11.IGKJ5.IGKC;IGHV3-33..IGHJ6.IGHM_IGLV1-40.IGLJ2.IGLC2;IGHV3-33..IGHJ4.IGHM_IGKV1-5.IGKJ2.IGKC;IGHV3-11..IGHJ5.IGHM_IGKV3-15.IGKJ2.IGKC;IGHV3-33..IGHJ6.IGHM_IGKV4-1.IGKJ4.IGKC;IGHV1-3.IGHD3-9.IGHJ5.IGHM_IGKV3-11.IGKJ1.IGKC;IGHV3-7..IGHJ6.IGHM_IGKV3-11.IGKJ4.IGKC;IGHV3-33..IGHJ4.IGHM_IGKV3-15.IGKJ1.IGKC;IGHV2-5.IGHD3-9.IGHJ4.IGHM_IGKV1-39.IGKJ2.IGKC;IGHV3-33..IGHJ4.IGHM_IGKV1-39.IGKJ2.IGKC;IGHV3-33..IGHJ4.IGHM_IGKV1-12.IGKJ4.IGKC;IGHV4-59.IGHD3-9.IGHJ6.IGHM_IGLV2-8.IGLJ2.IGLC2;IGHV1-8.IGHD3-3.IGHJ2.IGHM_IGKV3-11.IGKJ2.IGKC;IGHV4-39..IGHJ3.IGHM_IGKV3-11.IGKJ3.IGKC;IGHV3-33.IGHD6-19.IGHJ4.IGHM_IGLV3-1.IGLJ2.IGLC2;IGHV3-33..IGHJ6.IGHM_IGLV3-25.IGLJ1.IGLC1;IGHV3-33..IGHJ5.IGHM_IGKV1-39.IGKJ1.IGKC;IGHV3-30..IGHJ3.IGHM_IGKV3-11.IGKJ4.IGKC;IGHV3-33..IGHJ4.IGHM_IGLV1-44.IGLJ1.IGLC1;IGHV3-33..IGHJ4.IGHM_IGLV2-23.IGLJ3.IGLC3;IGHV1-69D.IGHD6-13.IGHJ4.IGHM_IGKV3-11.IGKJ3.IGKC;IGHV3-15..IGHJ4.IGHM_IGKV3-11.IGKJ4.IGKC;IGHV1-69D.IGHD5-5.IGHJ4.IGHM_IGKV3-20.IGKJ1.IGKC;IGHV3-33.IGHD5-5.IGHJ4.IGHM_IGKV3-11.IGKJ2.IGKC;IGHV1-46..IGHJ6.IGHM_IGKV3-11.IGKJ4.IGKC;IGHV3-33..IGHJ4.IGHA1_IGLV2-23.IGLJ1.IGLC1;IGHV3-20..IGHJ5.IGHM_IGKV3-11.IGKJ4.IGKC;IGHV3-33.IGHD2-15.IGHJ4.IGHM_IGLV3-25.IGLJ2.IGLC2;IGHV4-59..IGHJ5.IGHM_IGKV3-11.IGKJ4.IGKC;IGHV3-33.IGHD5-24.IGHJ4.IGHM_IGKV1-33.IGKJ4.IGKC;IGHV3-30.IGHD3-10.IGHJ6.IGHM_IGKV3-11.IGKJ5.IGKC;IGHV3-74..IGHJ3.IGHM_IGKV1-39.IGKJ1.IGKC;IGHV1-69D.IGHD2-21.IGHJ6.IGHM_IGLV3-25.IGLJ3.IGLC3;IGHV3-33.IGHD3-10.IGHJ4.IGHM_IGLV1-40.IGLJ7.IGLC7;IGHV3-33..IGHJ4.IGHM_IGKV2-24.IGKJ2.IGKC;IGHV3-23..IGHJ5.IGHM_IGKV3-11.IGKJ5.IGKC;IGHV3-33.IGHD3-22.IGHJ4.IGHM_IGKV1-5.IGKJ2.IGKC;IGHV4-34.IGHD2-15.IGHJ6.IGHM_IGKV3-11.IGKJ2.IGKC;IGHV3-33.IGHD4-17.IGHJ6.IGHM_IGKV1-17.IGKJ1.IGKC;IGHV3-21.IGHD6-19.IGHJ4.IGHM_IGKV3-11.IGKJ1.IGKC;IGHV3-23.IGHD6-19.IGHJ4.IGHM_IGKV3-11.IGKJ1.IGKC;IGHV3-33.IGHD6-19.IGHJ6.IGHM_IGKV3-20.IGKJ1.IGKC;IGHV3-33..IGHJ4.IGHM_IGKV3-15.IGKJ1.IGKC;IGHV3-33..IGHJ4.IGHM_IGKV3-20.IGKJ2.IGKC;IGHV3-33.IGHD3-22.IGHJ3.IGHM_IGLV7-46.IGLJ3.IGLC2;IGHV3-33..IGHJ4.IGHM_IGKV1-5.IGKJ2.IGKC;IGHV3-30.IGHD3-10.IGHJ6.IGHM_IGKV3-11.IGKJ4.IGKC;IGHV3-33..IGHJ6.IGHM_IGKV1-17.IGKJ1.IGKC;IGHV1-24..IGHJ4.IGHM_IGKV3-11.IGKJ4.IGKC;IGHV1-18.IGHD3-3.IGHJ6.IGHM_IGKV3-11.IGKJ2.IGKC;IGHV3-33.IGHD5-5.IGHJ4.IGHM_IGKV1-39.IGKJ1.IGKC;IGHV3-33.IGHD5-5.IGHJ6.IGHM_IGLV3-25.IGLJ2.IGLC2;IGHV3-23..IGHJ4.IGHM_IGKV3-11.IGKJ4.IGKC;IGHV3-33..IGHJ4.IGHM_IGLV3-19.IGLJ1.IGLC1;IGHV3-33..IGHJ3.IGHM_IGKV3-11.IGKJ2.IGKC;IGHV3-33..IGHJ5.IGHM_IGLV2-23.IGLJ1.IGLC1;IGHV3-7.IGHD2-2.IGHJ4.IGHM_IGKV3-11.IGKJ3.IGKC;IGHV3-33..IGHJ4.IGHM_IGLV3-25.IGLJ1.IGLC1;IGHV3-33..IGHJ4.IGHM_IGKV3-15.IGKJ4.IGKC;IGHV3-33..IGHJ3.IGHM_IGKV1-5.IGKJ1.IGKC;IGHV3-33..IGHJ4.IGHM_IGKV1-39.IGKJ4.IGKC;IGHV5-51..IGHJ4.IGHM_IGKV3-11.IGKJ4.IGKC;IGHV3-23..IGHJ4.IGHM_IGKV3-11.IGKJ4.IGKC;IGHV3-49..IGHJ6.IGHM_IGKV3-11.IGKJ5.IGKC;IGHV3-33..IGHJ3.IGHM_IGKV1-8.IGKJ1.IGKC;IGHV3-33..IGHJ4.IGHM_IGLV3-25.IGLJ3.IGLC3;IGHV3-30.IGHD3-10.IGHJ6.IGHM_IGKV3-11.IGKJ4.IGKC;IGHV3-33..IGHJ3.IGHM_IGKV1-39.IGKJ1.IGKC;IGHV3-33.IGHD3-22.IGHJ4.IGHM_IGKV1-5.IGKJ4.IGKC;IGHV3-15..IGHJ6.IGHM_IGKV3-11.IGKJ2.IGKC;IGHV3-33..IGHJ4.IGHM_IGLV2-8.IGLJ3.IGLC2;IGHV7-4-1.IGHD3-10.IGHJ4.IGHM_IGKV3-11.IGKJ5.IGKC;IGHV3-21..IGHJ2.IGHM_IGKV3-11.IGKJ4.IGKC	0	NA
0	3	IGHV1-2..IGHJ6.IGHM_IGKV4-1.IGKJ4.IGKC;IGHV4-61.IGHD3-22.IGHJ2.IGHM_IGLV2-8.IGLJ1.IGLC1;NA_IGKV1-12.IGKJ4.IGKC	17	67	IGHV6-1..IGHJ6.IGHM_IGKV4-1.IGKJ2.IGKC;IGHV4-34..IGHJ3.IGHM_IGLV5-39.IGLJ2.IGLC2;IGHV4-34..IGHJ3.IGHM_IGKV1-8.IGKJ1.IGKC;IGHV4-34..IGHJ5.IGHM_IGLV2-23.IGLJ2.IGLC2;IGHV4-34..IGHJ4.IGHM_IGKV1D-8.IGKJ1.IGKC;IGHV4-34..IGHJ4.IGHM_IGKV4-1.IGKJ3.IGKC;IGHV4-39..IGHJ5.IGHM_IGKV4-1.IGKJ4.IGKC;IGHV4-34..IGHJ5.IGHM_IGKV3-15.IGKJ1.IGKC;IGHV1-8..IGHJ3.IGHM_IGLV1-44.IGLJ1.IGLC1;IGHV4-34..IGHJ4.IGHM_IGKV1-39.IGKJ2.IGKC;IGHV1-18.IGHD5-24.IGHJ3.IGHM_IGKV4-1.IGKJ4.IGKC;IGHV4-34.IGHD2-2.IGHJ6.IGHM_IGKV1-12.IGKJ4.IGKC;IGHV3-30.IGHD3-10.IGHJ4.IGHG1_IGKV4-1.IGKJ4.IGKC;IGHV4-34..IGHJ4.IGHM_IGLV1-47.IGLJ3.IGLC3;IGHV4-34.IGHD3-10.IGHJ4.IGHM_IGKV1-6.IGKJ4.IGKC;IGHV3-11..IGHJ5.IGHM_IGLV3-25.IGLJ1.IGLC1;IGHV4-34..IGHJ4.IGHM_IGKV3-15.IGKJ2.IGKC;IGHV4-61..IGHJ1.IGHM_IGKV3-20.IGKJ1.IGKC;IGHV7-4-1..IGHJ4.IGHM_IGKV4-1.IGKJ4.IGKC;IGHV2-5..IGHJ4.IGHM_IGKV4-1.IGKJ1.IGKC;IGHV4-34..IGHJ4.IGHM_IGLV3-19.IGLJ1.IGLC1;IGHV4-59.IGHD3-10.IGHJ4.IGHM_IGKV4-1.IGKJ1.IGKC;IGHV3-11..IGHJ3.IGHM_IGKV4-1.IGKJ4.IGKC;IGHV1-58..IGHJ6.IGHM_IGKV4-1.IGKJ1.IGKC;IGHV6-1..IGHJ4.IGHM_IGKV4-1.IGKJ1.IGKC;IGHV4-34.IGHD2-15.IGHJ5.IGHM_IGKV1-6.IGKJ2.IGKC;IGHV3-21..IGHJ4.IGHM_IGKV4-1.IGKJ3.IGKC;IGHV4-34..IGHJ4.IGHM_IGKV1-39.IGKJ1.IGKC;IGHV3-64..IGHJ4.IGHM_IGKV4-1.IGKJ1.IGKC;IGHV1-8..IGHJ4.IGHA1_IGKV4-1.IGKJ1.IGKC;IGHV4-34.IGHD3-16.IGHJ4.IGHM_IGKV1-39.IGKJ2.IGKC;IGHV4-34.IGHD4-23.IGHJ1.IGHM_IGKV4-1.IGKJ1.IGKC;IGHV3-30..IGHJ4.IGHG2_IGKV4-1.IGKJ2.IGKC;IGHV4-34.IGHD5-5.IGHJ2.IGHM_IGLV1-44.IGLJ1.IGLC1;IGHV5-51..IGHJ6.IGHM_IGKV4-1.IGKJ2.IGKC;IGHV3-23..IGHJ4.IGHM_IGKV4-1.IGKJ1.IGKC;IGHV4-34..IGHJ5.IGHM_IGLV1-47.IGLJ1.IGLC1;IGHV4-59.IGHD6-19.IGHJ4.IGHM_IGKV4-1.IGKJ1.IGKC;IGHV4-59..IGHJ4.IGHG2_IGKV4-1.IGKJ1.IGKC;IGHV4-34..IGHJ5.IGHM_IGKV4-1.IGKJ1.IGKC;IGHV4-34.IGHD4-17.IGHJ4.IGHM_IGLV1-44.IGLJ1.IGLC1;IGHV4-34..IGHJ4.IGHM_IGLV3-21.IGLJ2.IGLC2;IGHV4-39.IGHD2-15.IGHJ4.IGHM_IGLV3-21.IGLJ2.IGLC2;IGHV3-9.IGHD6-13.IGHJ6.IGHM_IGKV4-1.IGKJ1.IGKC;IGHV4-34.IGHD3-9.IGHJ4.IGHM_IGKV1-9.IGKJ5.IGKC;IGHV4-59..IGHJ5.IGHM_IGKV4-1.IGKJ1.IGKC;IGHV4-34..IGHJ4.IGHM_IGLV3-19.IGLJ2.IGLC2;IGHV1-46..IGHJ3.IGHM_IGKV4-1.IGKJ5.IGKC;IGHV3-11..IGHJ6.IGHM_IGKV1-39.IGKJ3.IGKC;IGHV4-34..IGHJ6.IGHM_IGKV3-20.IGKJ1.IGKC;IGHV4-34..IGHJ4.IGHM_IGLV3-19.IGLJ2.IGLC2;IGHV4-34..IGHJ6.IGHM_IGKV3-20.IGKJ1.IGKC;IGHV1-3..IGHJ5.IGHM_IGKV4-1.IGKJ2.IGKC;IGHV7-4-1..IGHJ6.IGHA1_IGKV4-1.IGKJ1.IGKC;IGHV4-34.IGHD3-10.IGHJ6.IGHM_IGLV1-44.IGLJ2.IGLC2;IGHV4-34.IGHD5-5.IGHJ5.IGHM_IGLV3-19.IGLJ2.IGLC2;IGHV4-34..IGHJ5.IGHM_IGKV1-39.IGKJ4.IGKC;IGHV1-18.IGHD4-17.IGHJ4.IGHM_IGKV4-1.IGKJ4.IGKC;IGHV4-34..IGHJ6.IGHM_IGKV1-27.IGKJ2.IGKC;IGHV6-1..IGHJ4.IGHM_IGKV4-1.IGKJ1.IGKC;IGHV4-34..IGHJ4.IGHM_IGKV3-15.IGKJ2.IGKC;IGHV1-2..IGHJ5.IGHM_IGKV4-1.IGKJ2.IGKC;IGHV4-34..IGHJ6.IGHM_IGLV7-43.IGLJ1.IGLC1;IGHV4-39..IGHJ3.IGHM_IGKV4-1.IGKJ4.IGKC;IGHV4-34..IGHJ4.IGHM_IGLV1-44.IGLJ1.IGLC1;IGHV4-34.IGHD3-22.IGHJ1.IGHM_IGKV1-33.IGKJ4.IGKC;IGHV4-34.IGHD2-15.IGHJ5.IGHM_IGKV1-8.IGKJ1.IGKC	0	NA
0	3	IGHV1-2..IGHJ6.IGHM_IGKV4-1.IGKJ4.IGKC;IGHV4-61.IGHD3-22.IGHJ2.IGHM_IGLV2-8.IGLJ1.IGLC1;NA_IGKV1-12.IGKJ4.IGKC	18	68	IGHV4-39..IGHJ4.IGHA1_IGLV2-23.IGLJ3.IGLC2;IGHV4-39..IGHJ4.IGHM_IGLV1-44.IGLJ1.IGLC1;IGHV3-21..IGHJ6.IGHM_IGKV1-33.IGKJ3.IGKC;IGHV3-74.IGHD2-15.IGHJ6.IGHM_IGLV1-44.IGLJ1.IGLC1;IGHV3-21.IGHD3-22.IGHJ3.IGHM_IGLV3-25.IGLJ2.IGLC2;IGHV4-30-4..IGHJ5.IGHM_IGLV1-44.IGLJ2.IGLC2;IGHV3-21.IGHD3-3.IGHJ5.IGHM_IGKV1-27.IGKJ4.IGKC;IGHV3-21.IGHD4-17.IGHJ4.IGHM_IGLV1-44.IGLJ2.IGLC2;IGHV3-21..IGHJ6.IGHM_IGKV3-20.IGKJ2.IGKC;IGHV3-21..IGHJ6.IGHM_IGLV3-21.IGLJ1.IGLC1;IGHV3-21..IGHJ3.IGHM_IGKV1-39.IGKJ1.IGKC;IGHV2-26..IGHJ4.IGHM_IGLV1-51.IGLJ2.IGLC2;IGHV3-21.IGHD1-26.IGHJ4.IGHM_IGLV2-11.IGLJ3.IGLC3;IGHV3-21.IGHD6-13.IGHJ4.IGHM_IGLV1-51.IGLJ1.IGLC1;IGHV3-30..IGHJ5.IGHG1_IGLV1-44.IGLJ3.IGLC2;IGHV3-21..IGHJ5.IGHM_IGLV8-61.IGLJ2.IGLC2;IGHV4-59..IGHJ6.IGHM_IGLV1-44.IGLJ2.IGLC2;IGHV2-5..IGHJ4.IGHG1_IGLV1-44.IGLJ1.IGLC1;IGHV1-69D.IGHD2-2.IGHJ4.IGHA1_IGKV3-20.IGKJ2.IGKC;IGHV3-33.IGHD3-22.IGHJ4.IGHM_IGLV1-44.IGLJ3.IGLC2;IGHV3-11..IGHJ6.IGHA1_IGLV3-1.IGLJ2.IGLC2;IGHV3-21.IGHD1-20.IGHJ4.IGHD_IGKV1-8.IGKJ3.IGKC;IGHV3-21..IGHJ4.IGHM_IGLV3-25.IGLJ1.IGLC1;IGHV3-23.IGHD3-22.IGHJ4.IGHM_IGLV1-44.IGLJ3.IGLC3;IGHV1-8..IGHJ6.IGHG2_IGLV1-44.IGLJ1.IGLC1;IGHV3-21.IGHD5-12.IGHJ6.IGHM_IGLV1-40.IGLJ3.IGLC2;IGHV3-21..IGHJ6.IGHM_IGLV3-1.IGLJ2.IGLC2;IGHV3-21.IGHD3-10.IGHJ6.IGHM_IGLV2-23.IGLJ3.IGLC3;IGHV4-39.IGHD3-9.IGHJ4.IGHM_IGLV1-44.IGLJ1.IGLC1;IGHV1-18..IGHJ4.IGHM_IGLV1-44.IGLJ3.IGLC2;IGHV3-66..IGHJ6.IGHM_IGLV1-44.IGLJ3.IGLC3;IGHV3-21.IGHD3-22.IGHJ4.IGHM_IGKV1-12.IGKJ5.IGKC;IGHV2-5.IGHD2-2.IGHJ5.IGHM_IGLV1-44.IGLJ2.IGLC2;IGHV4-39.IGHD3-9.IGHJ4.IGHM_IGLV1-44.IGLJ1.IGLC1;IGHV6-1..IGHJ5.IGHA1_IGLV1-51.IGLJ3.IGLC2;IGHV4-59.IGHD3-10.IGHJ5.IGHM_IGLV1-44.IGLJ2.IGLC2;IGHV4-39.IGHD3-9.IGHJ2.IGHM_IGLV1-44.IGLJ2.IGLC2;IGHV1-18.IGHD4-17.IGHJ1.IGHM_IGLV1-44.IGLJ2.IGLC2;IGHV3-21..IGHJ4.IGHM_IGLV1-47.IGLJ2.IGLC2;IGHV3-21..IGHJ4.IGHG1_IGKV2D-29.IGKJ4.IGKC;IGHV4-61..IGHJ6.IGHM_IGLV1-44.IGLJ3.IGLC2;IGHV4-30-4.IGHD3-10.IGHJ4.IGHG2_IGLV1-44.IGLJ2.IGLC2;IGHV3-21..IGHJ4.IGHM_IGKV1-39.IGKJ3.IGKC;IGHV4-39..IGHJ4.IGHM_IGLV1-44.IGLJ2.IGLC2;IGHV3-21..IGHJ4.IGHM_IGKV1-8.IGKJ4.IGKC;IGHV1-69D..IGHJ4.IGHM_IGLV1-44.IGLJ1.IGLC1;IGHV3-21..IGHJ3.IGHA2_IGKV3-20.IGKJ1.IGKC;IGHV2-5..IGHJ4.IGHG1_IGLV1-44.IGLJ1.IGLC1;IGHV3-33.IGHD3-10.IGHJ4.IGHM_IGKV3-15.IGKJ1.IGKC;IGHV3-21.IGHD6-19.IGHJ5.IGHM_IGKV1-8.IGKJ2.IGKC;IGHV3-21.IGHD5-24.IGHJ4.IGHM_IGKV1-27.IGKJ3.IGKC;IGHV3-9..IGHJ4.IGHM_IGLV1-44.IGLJ3.IGLC3;IGHV3-21..IGHJ4.IGHM_IGKV1-8.IGKJ1.IGKC;IGHV3-21.IGHD5-5.IGHJ4.IGHM_IGLV1-44.IGLJ2.IGLC2;IGHV3-48..IGHJ6.IGHM_IGLV1-44.IGLJ1.IGLC1;IGHV3-21.IGHD2-2.IGHJ6.IGHM_IGKV2-28.IGKJ2.IGKC;IGHV3-21..IGHJ4.IGHM_IGLV6-57.IGLJ3.IGLC2;IGHV4-30-4.IGHD3-10.IGHJ5.IGHM_IGLV1-44.IGLJ3.IGLC3;IGHV3-21..IGHJ4.IGHM_IGKV3-15.IGKJ2.IGKC;IGHV3-21..IGHJ4.IGHM_IGKV3-15.IGKJ4.IGKC;IGHV3-21..IGHJ4.IGHM_IGKV1-33.IGKJ2.IGKC;IGHV5-51..IGHJ5.IGHA2_IGKV1-5.IGKJ1.IGKC;IGHV3-21..IGHJ4.IGHM_IGLV6-57.IGLJ3.IGLC3;IGHV3-21..IGHJ5.IGHM_IGKV1-5.IGKJ1.IGKC;IGHV3-7..IGHJ4.IGHM_IGLV1-47.IGLJ3.IGLC3;IGHV4-59..IGHJ3.IGHA1_IGLV1-44.IGLJ1.IGLC1;IGHV3-21.IGHD2-15.IGHJ4.IGHM_IGKV1-27.IGKJ1.IGKC;IGHV3-30..IGHJ6.IGHA1_IGLV1-44.IGLJ2.IGLC2	0	NA
0	3	IGHV1-2..IGHJ6.IGHM_IGKV4-1.IGKJ4.IGKC;IGHV4-61.IGHD3-22.IGHJ2.IGHM_IGLV2-8.IGLJ1.IGLC1;NA_IGKV1-12.IGKJ4.IGKC	19	62	IGHV3-23.IGHD2-15.IGHJ3.IGHD_IGLV2-23.IGLJ1.IGLC1;IGHV3-23..IGHJ4.IGHM_IGKV3-15.IGKJ1.IGKC;IGHV3-23..IGHJ4.IGHM_IGKV2-30.IGKJ4.IGKC;IGHV3-23..IGHJ3.IGHM_IGLV1-44.IGLJ3.IGLC3;IGHV3-23..IGHJ2.IGHM_IGKV3D-15.IGKJ2.IGKC;IGHV3-23..IGHJ4.IGHM_IGLV3-21.IGLJ2.IGLC2;IGHV3-23..IGHJ3.IGHM_IGKV1-12.IGKJ2.IGKC;IGHV3-23.IGHD3-9.IGHJ4.IGHM_IGKV1-39.IGKJ1.IGKC;IGHV3-23..IGHJ4.IGHM_IGKV1-39.IGKJ2.IGKC;IGHV3-23..IGHJ4.IGHM_IGKV2-28.IGKJ2.IGKC;IGHV3-23.IGHD3-3.IGHJ6.IGHM_IGKV2-28.IGKJ1.IGKC;IGHV3-23..IGHJ3.IGHM_IGKV2-30.IGKJ2.IGKC;IGHV3-7..IGHJ4.IGHM_IGKV2-30.IGKJ1.IGKC;IGHV3-23..IGHJ2.IGHM_IGKV3-11.IGKJ4.IGKC;IGHV3-23..IGHJ5.IGHM_IGLV3-25.IGLJ2.IGLC2;IGHV3-23..IGHJ4.IGHM_IGKV3-20.IGKJ1.IGKC;IGHV3-23..IGHJ5.IGHM_IGKV1-8.IGKJ1.IGKC;IGHV3-23.IGHD3-22.IGHJ4.IGHM_IGLV3-21.IGLJ2.IGLC2;IGHV3-23..IGHJ4.IGHG2_IGLV1-47.IGLJ3.IGLC3;IGHV3-23..IGHJ4.IGHM_IGKV1-39.IGKJ1.IGKC;IGHV4-30-4..IGHJ4.IGHM_IGLV3-19.IGLJ2.IGLC2;IGHV3-23.IGHD2-15.IGHJ3.IGHM_IGKV1-39.IGKJ4.IGKC;IGHV3-23.IGHD3-22.IGHJ4.IGHM_IGLV3-1.IGLJ1.IGLC1;IGHV3-23..IGHJ4.IGHM_IGKV1-39.IGKJ2.IGKC;IGHV3-23..IGHJ3.IGHM_IGKV1-5.IGKJ1.IGKC;IGHV3-23..IGHJ5.IGHM_IGKV1-39.IGKJ2.IGKC;IGHV3-23.IGHD2-21.IGHJ6.IGHM_IGKV1-12.IGKJ2.IGKC;IGHV3-23..IGHJ4.IGHM_IGKV2-24.IGKJ2.IGKC;IGHV3-23.IGHD3-10.IGHJ3.IGHM_IGKV1-9.IGKJ3.IGKC;IGHV3-23..IGHJ4.IGHM_IGKV1-9.IGKJ5.IGKC;IGHV3-23.IGHD1-26.IGHJ4.IGHM_IGLV3-21.IGLJ3.IGLC3;IGHV3-23..IGHJ5.IGHM_IGKV1-16.IGKJ1.IGKC;IGHV3-23..IGHJ4.IGHM_IGKV1-33.IGKJ5.IGKC;IGHV3-23.IGHD6-13.IGHJ2.IGHM_IGKV3-11.IGKJ4.IGKC;IGHV3-23..IGHJ6.IGHD_IGKV1-5.IGKJ2.IGKC;IGHV3-23.IGHD6-19.IGHJ6.IGHM_IGKV3-15.IGKJ3.IGKC;IGHV3-23.IGHD6-19.IGHJ6.IGHM_IGLV3-21.IGLJ2.IGLC2;IGHV3-23.IGHD3-3.IGHJ4.IGHM_IGKV1-9.IGKJ4.IGKC;IGHV3-23.IGHD2-21.IGHJ4.IGHM_IGKV3-20.IGKJ4.IGKC;IGHV3-23..IGHJ4.IGHM_IGLV3-25.IGLJ3.IGLC2;IGHV3-23.IGHD2-15.IGHJ6.IGHM_IGKV2-28.IGKJ4.IGKC;IGHV3-23..IGHJ4.IGHM_IGLV3-1.IGLJ2.IGLC2;IGHV3-23.IGHD3-22.IGHJ3.IGHM_IGKV1-8.IGKJ1.IGKC;IGHV3-23.IGHD2-2.IGHJ4.IGHM_IGLV2-8.IGLJ1.IGLC1;IGHV3-23.IGHD3-16.IGHJ5.IGHM_IGKV1-27.IGKJ1.IGKC;IGHV3-23.IGHD1-7.IGHJ4.IGHM_IGKV3-20.IGKJ1.IGKC;IGHV3-23..IGHJ4.IGHM_IGLV2-11.IGLJ2.IGLC2;IGHV3-23.IGHD3-10.IGHJ2.IGHM_IGKV1-8.IGKJ4.IGKC;IGHV3-23..IGHJ4.IGHM_IGKV3-15.IGKJ4.IGKC;IGHV3-23..IGHJ3.IGHM_IGKV1-39.IGKJ4.IGKC;IGHV3-23.IGHD3-10.IGHJ4.IGHM_IGKV3-15.IGKJ2.IGKC;IGHV3-23..IGHJ3.IGHM_IGKV1-9.IGKJ3.IGKC;IGHV3-23.IGHD3-10.IGHJ4.IGHM_IGKV3D-15.IGKJ2.IGKC;IGHV3-23..IGHJ3.IGHM_IGKV1-33.IGKJ3.IGKC;IGHV3-23..IGHJ4.IGHM_IGKV1-33.IGKJ1.IGKC;IGHV3-23..IGHJ1.IGHM_IGKV2-28.IGKJ1.IGKC;IGHV3-23..IGHJ4.IGHM_IGKV1D-8.IGKJ2.IGKC;IGHV3-23..IGHJ6.IGHM_IGKV3-15.IGKJ4.IGKC;IGHV3-23..IGHJ3.IGHM_IGKV1-5.IGKJ4.IGKC;IGHV3-23..IGHJ6.IGHM_IGLV8-61.IGLJ2.IGLC2;IGHV3-23..IGHJ4.IGHM_IGKV1-39.IGKJ2.IGKC;IGHV3-23..IGHJ6.IGHM_IGKV1-5.IGKJ2.IGKC	0	NA
0	3	IGHV1-2..IGHJ6.IGHM_IGKV4-1.IGKJ4.IGKC;IGHV4-61.IGHD3-22.IGHJ2.IGHM_IGLV2-8.IGLJ1.IGLC1;NA_IGKV1-12.IGKJ4.IGKC	20	56	IGHV4-61..IGHJ6.IGHM_IGLV2-14.IGLJ3.IGLC3;IGHV3-33..IGHJ6.IGHM_IGLV2-14.IGLJ1.IGLC1;IGHV3-49..IGHJ3.IGHM_IGLV2-14.IGLJ2.IGLC2;IGHV3-7..IGHJ6.IGHA1_IGLV2-14.IGLJ1.IGLC1;IGHV3-11..IGHJ4.IGHM_IGLV1-36.IGLJ1.IGLC1;IGHV1-8..IGHJ4.IGHM_IGLV2-14.IGLJ2.IGLC2;IGHV1-3.IGHD3-10.IGHJ2.IGHM_IGLV2-14.IGLJ2.IGLC2;IGHV3-23.IGHD3-3.IGHJ6.IGHD_IGLV2-14.IGLJ2.IGLC2;IGHV3-11..IGHJ6.IGHM_IGLV2-14.IGLJ3.IGLC3;IGHV4-61.IGHD3-22.IGHJ4.IGHM_IGLV2-14.IGLJ1.IGLC1;IGHV4-39..IGHJ4.IGHM_IGLV2-14.IGLJ3.IGLC3;IGHV3-15.IGHD3-22.IGHJ4.IGHM_IGLV2-14.IGLJ1.IGLC1;IGHV2-5..IGHJ6.IGHG2_IGLV2-14.IGLJ1.IGLC1;IGHV3-30.IGHD3-10.IGHJ4.IGHM_IGLV2-14.IGLJ1.IGLC1;IGHV1-69D..IGHJ6.IGHM_IGLV2-14.IGLJ1.IGLC1;IGHV3-30..IGHJ2.IGHM_IGLV2-14.IGLJ2.IGLC3;IGHV4-39..IGHJ5.IGHM_IGLV2-14.IGLJ2.IGLC2;IGHV4-39..IGHJ6.IGHM_IGLV2-14.IGLJ2.IGLC2;IGHV4-34.IGHD6-19.IGHJ6.IGHM_IGLV2-14.IGLJ2.IGLC2;IGHV1-18.IGHD3-9.IGHJ4.IGHM_IGLV2-14.IGLJ2.IGLC2;IGHV3-30..IGHJ4.IGHM_IGLV2-14.IGLJ3.IGLC2;IGHV3-33.IGHD2-2.IGHJ6.IGHM_IGLV1-51.IGLJ2.IGLC2;IGHV2-70..IGHJ4.IGHM_IGLV2-14.IGLJ2.IGLC2;IGHV3-53..IGHJ6.IGHM_IGKV1-9.IGKJ2.IGKC;IGHV3-74.IGHD7-27.IGHJ4.IGHG1_IGLV2-14.IGLJ1.IGLC1;IGHV3-33.IGHD3-10.IGHJ6.IGHG1_IGLV2-14.IGLJ2.IGLC2;IGHV2-26.IGHD2-15.IGHJ6.IGHM_IGLV2-14.IGLJ2.IGLC2;IGHV3-21..IGHJ5.IGHG2_IGLV2-14.IGLJ3.IGLC3;IGHV4-61.IGHD2-15.IGHJ6.IGHM_IGLV2-14.IGLJ3.IGLC2;IGHV1-2..IGHJ4.IGHM_IGLV2-14.IGLJ2.IGLC3;IGHV3-33..IGHJ5.IGHM_IGLV2-14.IGLJ1.IGLC1;IGHV3-21.IGHD3-22.IGHJ4.IGHM_IGLV2-14.IGLJ2.IGLC2;IGHV4-31..IGHJ4.IGHM_IGLV2-14.IGLJ2.IGLC2;IGHV2-5..IGHJ4.IGHM_IGLV2-14.IGLJ2.IGLC3;IGHV4-31.IGHD3-9.IGHJ6.IGHM_IGLV2-14.IGLJ1.IGLC1;IGHV3-33..IGHJ6.IGHM_IGLV2-14.IGLJ1.IGLC1;IGHV4-39..IGHJ4.IGHM_IGKV3-20.IGKJ1.IGKC;IGHV3-66..IGHJ4.IGHM_IGLV2-14.IGLJ1.IGLC1;IGHV5-51..IGHJ4.IGHM_IGLV2-14.IGLJ3.IGLC3;IGHV3-33..IGHJ6.IGHA1_IGLV2-14.IGLJ2.IGLC2;IGHV3-9..IGHJ4.IGHM_IGLV2-14.IGLJ2.IGLC2;IGHV4-34..IGHJ6.IGHM_IGLV2-14.IGLJ1.IGLC1;IGHV3-11.IGHD3-22.IGHJ6.IGHM_IGLV2-14.IGLJ2.IGLC2;IGHV3-9.IGHD3-9.IGHJ6.IGHA1_IGLV2-14.IGLJ1.IGLC1;IGHV3-9..IGHJ4.IGHM_IGLV2-14.IGLJ2.IGLC2;IGHV4-39..IGHJ1.IGHM_IGLV2-14.IGLJ2.IGLC2;IGHV3-9..IGHJ6.IGHM_IGLV2-14.IGLJ1.IGLC1;IGHV4-30-4..IGHJ1.IGHM_IGLV2-14.IGLJ2.IGLC2;IGHV3-48..IGHJ6.IGHM_IGLV2-14.IGLJ2.IGLC2;IGHV1-46..IGHJ5.IGHM_IGLV2-8.IGLJ2.IGLC2;IGHV3-74..IGHJ4.IGHM_IGLV2-14.IGLJ2.IGLC2;IGHV3-33.IGHD4-17.IGHJ3.IGHG1_IGLV2-14.IGLJ1.IGLC1;IGHV1-69D.IGHD2-15.IGHJ5.IGHM_IGLV2-14.IGLJ3.IGLC2;IGHV3-23.IGHD1-20.IGHJ4.IGHM_IGLV2-14.IGLJ3.IGLC2;IGHV3-48..IGHJ5.IGHM_IGLV2-14.IGLJ3.IGLC3;IGHV3-9..IGHJ6.IGHA1_IGLV2-14.IGLJ1.IGLC1	0	NA
0	3	IGHV1-2..IGHJ6.IGHM_IGKV4-1.IGKJ4.IGKC;IGHV4-61.IGHD3-22.IGHJ2.IGHM_IGLV2-8.IGLJ1.IGLC1;NA_IGKV1-12.IGKJ4.IGKC	22	1	IGHV4-59.IGHD3-22.IGHJ3.IGHM_IGKV1-33.IGKJ3.IGKC	0	NA
2	1	IGHV3-48..IGHJ4.IGHM_IGKV3-20.IGKJ1.IGKC	0	3	IGHV1-2..IGHJ6.IGHM_IGKV4-1.IGKJ4.IGKC;IGHV4-61.IGHD3-22.IGHJ2.IGHM_IGLV2-8.IGLJ1.IGLC1;NA_IGKV1-12.IGKJ4.IGKC	0	NA
2	1	IGHV3-48..IGHJ4.IGHM_IGKV3-20.IGKJ1.IGKC	4	454	NA_IGKV1-8.IGKJ4.IGKC;IGHV1-69D.IGHD3-22.IGHJ3.IGHM_IGKV1-8.IGKJ1.IGKC;IGHV1-2..IGHJ3.IGHM_IGLV5-45.IGLJ3.IGLC3;IGHV5-51..IGHJ3.IGHM_IGKV1D-8.IGKJ2.IGKC;IGHV4-39..IGHJ3.IGHM_IGLV3-21.IGLJ2.IGLC2;IGHV3-33..IGHJ4.IGHM_IGKV2-28.IGKJ2.IGKC;IGHV3-15..IGHJ4.IGHM_IGLV6-57.IGLJ2.IGLC2;IGHV1-2..IGHJ6.IGHM_IGKV1-27.IGKJ3.IGKC;IGHV2-5.IGHD3-9.IGHJ3.IGHM_IGKV1-5.IGKJ1.IGKC;IGHV3-7..IGHJ4.IGHM_IGKV1-39.IGKJ2.IGKC;IGHV1-8..IGHJ3.IGHM_IGKV3-20.IGKJ1.IGKC;IGHV3-9..IGHJ4.IGHM_IGKV3-20.IGKJ2.IGKC;IGHV4-59..IGHJ6.IGHM_IGKV3-20.IGKJ3.IGKC;IGHV4-31.IGHD2-8.IGHJ6.IGHM_IGLV1-47.IGLJ3.IGLC3;IGHV3-30.IGHD5-5.IGHJ4.IGHM_IGLV4-69.IGLJ3.IGLC3;IGHV2-26..IGHJ4.IGHM_IGKV1-5.IGKJ1.IGKC;IGHV3-33..IGHJ4.IGHG1_IGLV6-57.IGLJ3.IGLC3;IGHV5-51.IGHD3-9.IGHJ4.IGHM_IGKV3-20.IGKJ1.IGKC;IGHV2-5..IGHJ4.IGHM_IGKV2-30.IGKJ1.IGKC;IGHV3-74.IGHD3-22.IGHJ6.IGHD_IGKV1-9.IGKJ3.IGKC;IGHV3-33.IGHD4-17.IGHJ4.IGHM_IGKV3-15.IGKJ1.IGKC;IGHV4-39..IGHJ4.IGHM_IGLV1-40.IGLJ1.IGLC1;IGHV3-49..IGHJ6.IGHM_IGKV1D-8.IGKJ1.IGKC;IGHV3-30.IGHD3-22.IGHJ4.IGHM_IGLV3-25.IGLJ2.IGLC2;IGHV1-24.IGHD2-2.IGHJ6.IGHM_IGKV3-20.IGKJ4.IGKC;IGHV3-30..IGHJ4.IGHM_IGLV1-47.IGLJ2.IGLC2;IGHV3-43..IGHJ4.IGHM_IGLV1-51.IGLJ2.IGLC2;IGHV4-59..IGHJ4.IGHM_IGKV3-15.IGKJ3.IGKC;IGHV4-30-4..IGHJ3.IGHG2_IGKV1-39.IGKJ2.IGKC;IGHV3-7..IGHJ4.IGHM_IGKV1-39.IGKJ2.IGKC;IGHV4-59..IGHJ5.IGHM_IGKV1-12.IGKJ5.IGKC;IGHV1-69D.IGHD3-22.IGHJ4.IGHM_IGKV3-20.IGKJ1.IGKC;IGHV3-30..IGHJ4.IGHM_IGKV3-15.IGKJ1.IGKC;IGHV3-48.IGHD3-16.IGHJ6.IGHM_IGLV2-8.IGLJ1.IGLC1;IGHV1-8.IGHD3-22.IGHJ3.IGHM_IGKV2-28.IGKJ4.IGKC;IGHV3-30..IGHJ4.IGHM_IGKV1-39.IGKJ4.IGKC;IGHV3-11..IGHJ4.IGHM_IGLV1-40.IGLJ1.IGLC1;IGHV3-33..IGHJ4.IGHM_IGKV1-12.IGKJ5.IGKC;IGHV4-61..IGHJ4.IGHG1_IGKV1-39.IGKJ2.IGKC;IGHV1-69D.IGHD2-2.IGHJ5.IGHM_IGLV1-51.IGLJ3.IGLC3;IGHV3-7..IGHJ3.IGHM_IGLV3-1.IGLJ2.IGLC2;IGHV1-69D..IGHJ5.IGHM_IGLV1-40.IGLJ2.IGLC2;IGHV3-11..IGHJ4.IGHM_IGKV1-5.IGKJ1.IGKC;IGHV4-61..IGHJ5.IGHM_IGKV2-30.IGKJ4.IGKC;IGHV3-33..IGHJ6.IGHM_IGKV3-20.IGKJ1.IGKC;IGHV4-61.IGHD3-22.IGHJ4.IGHM_IGKV1-39.IGKJ4.IGKC;IGHV1-8.IGHD6-19.IGHJ4.IGHM_IGLV1-40.IGLJ2.IGLC2;IGHV3-33.IGHD4-4.IGHJ6.IGHM_IGKV1-39.IGKJ2.IGKC;IGHV3-7..IGHJ4.IGHM_IGLV3-21.IGLJ1.IGLC1;IGHV3-7.IGHD6-13.IGHJ4.IGHM_IGKV1-39.IGKJ2.IGKC;IGHV3-13.IGHD2-2.IGHJ6.IGHM_IGLV3-21.IGLJ3.IGLC2;IGHV5-51.IGHD3-22.IGHJ6.IGHM_IGKV3-15.IGKJ1.IGKC;IGHV3-7..IGHJ4.IGHM_IGKV2-28.IGKJ4.IGKC;IGHV1-18..IGHJ4.IGHM_IGKV3-20.IGKJ3.IGKC;IGHV3-7..IGHJ6.IGHM_IGLV3-19.IGLJ1.IGLC1;IGHV7-4-1.IGHD3-10.IGHJ4.IGHM_IGLV2-11.IGLJ2.IGLC2;IGHV5-51.IGHD3-9.IGHJ6.IGHM_IGLV1-40.IGLJ2.IGLC2;IGHV2-5.IGHD6-19.IGHJ5.IGHM_IGLV6-57.IGLJ2.IGLC2;IGHV4-59..IGHJ4.IGHM_IGKV1-39.IGKJ3.IGKC;IGHV1-69D..IGHJ6.IGHM_IGLV1-51.IGLJ1.IGLC1;IGHV4-39..IGHJ6.IGHM_IGKV1-12.IGKJ4.IGKC;IGHV4-61..IGHJ6.IGHM_IGLV1-40.IGLJ1.IGLC1;IGHV3-30..IGHJ3.IGHA1_IGKV1-9.IGKJ5.IGKC;IGHV3-30.IGHD3-10.IGHJ6.IGHM_IGKV3-15.IGKJ1.IGKC;IGHV3-15..IGHJ6.IGHM_IGLV2-8.IGLJ3.IGLC3;IGHV1-69D..IGHJ5.IGHM_IGKV3-15.IGKJ4.IGKC;IGHV6-1..IGHJ4.IGHM_IGKV1-33.IGKJ2.IGKC;IGHV3-33..IGHJ1.IGHM_IGKV3-15.IGKJ1.IGKC;IGHV1-2..IGHJ4.IGHM_IGKV3-20.IGKJ2.IGKC;IGHV3-49.IGHD5-24.IGHJ4.IGHM_IGLV3-21.IGLJ2.IGLC2;IGHV7-4-1..IGHJ4.IGHM_IGKV3-20.IGKJ1.IGKC;IGHV3-74..IGHJ5.IGHM_IGKV1-39.IGKJ1.IGKC;IGHV2-26.IGHD4-17.IGHJ6.IGHM_IGKV3-20.IGKJ5.IGKC;IGHV3-74..IGHJ4.IGHM_IGLV2-23.IGLJ1.IGLC1;IGHV3-15.IGHD3-9.IGHJ6.IGHD_IGLV7-46.IGLJ3.IGLC3;IGHV1-18..IGHJ4.IGHM_IGKV2-28.IGKJ1.IGKC;IGHV3-33..IGHJ4.IGHM_IGKV2-28.IGKJ4.IGKC;IGHV1-46.IGHD2-2.IGHJ4.IGHM_IGKV3D-15.IGKJ4.IGKC;IGHV4-59..IGHJ6.IGHM_IGLV1-40.IGLJ2.IGLC2;IGHV3-33..IGHJ4.IGHM_IGLV2-14.IGLJ2.IGLC2;IGHV5-51..IGHJ4.IGHM_IGLV1-40.IGLJ2.IGLC2;IGHV3-53..IGHJ4.IGHM_IGLV3-1.IGLJ1.IGLC1;IGHV3-53.IGHD5-24.IGHJ4.IGHM_IGKV3-15.IGKJ1.IGKC;IGHV3-9.IGHD4-23.IGHJ4.IGHM_IGKV3D-20.IGKJ4.IGKC;IGHV3-30..IGHJ4.IGHA1_IGLV6-57.IGLJ2.IGLC2;IGHV4-59.IGHD2-2.IGHJ6.IGHM_IGKV1-39.IGKJ1.IGKC;IGHV4-61.IGHD2-15.IGHJ6.IGHM_IGKV1-17.IGKJ1.IGKC;IGHV3-9..IGHJ3.IGHM_IGLV1-40.IGLJ3.IGLC3;IGHV5-51.IGHD5-5.IGHJ6.IGHM_IGKV1-16.IGKJ1.IGKC;IGHV3-9..IGHJ6.IGHM_IGKV1-39.IGKJ2.IGKC;IGHV1-24..IGHJ4.IGHG1_IGKV1-39.IGKJ1.IGKC;IGHV3-11..IGHJ4.IGHM_IGLV3-25.IGLJ2.IGLC2;IGHV4-39.IGHD2-2.IGHJ2.IGHM_IGLV4-69.IGLJ2.IGLC2;IGHV3-48..IGHJ5.IGHM_IGKV3-15.IGKJ4.IGKC;IGHV3-9..IGHJ4.IGHG1_IGKV3-20.IGKJ1.IGKC;IGHV1-69D..IGHJ6.IGHM_IGLV1-40.IGLJ1.IGLC1;IGHV4-59..IGHJ5.IGHM_IGLV6-57.IGLJ3.IGLC3;IGHV3-21.IGHD6-13.IGHJ5.IGHM_IGKV1-39.IGKJ2.IGKC;IGHV3-53..IGHJ3.IGHM_IGKV1-27.IGKJ3.IGKC;IGHV3-48.IGHD3-22.IGHJ3.IGHM_IGLV1-40.IGLJ2.IGLC2;IGHV5-51.IGHD1-26.IGHJ3.IGHM_IGLV1-47.IGLJ3.IGLC2;IGHV4-59.IGHD4-17.IGHJ4.IGHM_IGLV3-25.IGLJ2.IGLC2;IGHV1-2..IGHJ6.IGHM_IGKV1-39.IGKJ2.IGKC;IGHV3-43..IGHJ6.IGHM_IGLV3-1.IGLJ2.IGLC2;IGHV3-48..IGHJ6.IGHM_IGKV3-20.IGKJ2.IGKC;IGHV3-21..IGHJ6.IGHM_IGKV1-5.IGKJ1.IGKC;IGHV3-11..IGHJ4.IGHM_IGKV1-6.IGKJ1.IGKC;IGHV3-9..IGHJ4.IGHM_IGKV3-20.IGKJ5.IGKC;IGHV4-34..IGHJ3.IGHG3_IGKV3-15.IGKJ1.IGKC;IGHV3-21..IGHJ6.IGHM_IGKV1-12.IGKJ4.IGKC;IGHV4-30-4..IGHJ6.IGHM_IGKV2-28.IGKJ3.IGKC;IGHV4-39..IGHJ4.IGHA1_IGKV1-16.IGKJ3.IGKC;IGHV4-39..IGHJ1.IGHG3_IGKV1-39.IGKJ3.IGKC;IGHV4-59..IGHJ4.IGHM_IGLV4-69.IGLJ3.IGLC2;IGHV4-39.IGHD3-10.IGHJ4.IGHM_IGLV8-61.IGLJ3.IGLC2;IGHV2-5.IGHD3-9.IGHJ5.IGHM_IGLV1-40.IGLJ2.IGLC2;IGHV3-53..IGHJ4.IGHM_IGKV1-39.IGKJ5.IGKC;IGHV3-53.IGHD2-15.IGHJ6.IGHM_IGKV3-20.IGKJ5.IGKC;IGHV1-8..IGHJ4.IGHM_IGKV3-20.IGKJ2.IGKC;IGHV1-69D..IGHJ6.IGHM_IGKV3-15.IGKJ2.IGKC;IGHV4-61..IGHJ6.IGHM_IGKV1-8.IGKJ3.IGKC;IGHV4-61..IGHJ5.IGHM_IGKV3-20.IGKJ1.IGKC;IGHV3-48.IGHD5-5.IGHJ4.IGHM_IGLV3-25.IGLJ3.IGLC3;IGHV3-7..IGHJ4.IGHM_IGLV4-69.IGLJ2.IGLC2;IGHV4-30-4.IGHD3-10.IGHJ5.IGHM_IGLV3-9.IGLJ2.IGLC2;IGHV3-30..IGHJ4.IGHM_IGKV3-20.IGKJ1.IGKC;IGHV4-30-4..IGHJ5.IGHA1_IGLV1-51.IGLJ2.IGLC2;IGHV1-3..IGHJ4.IGHM_IGKV1-33.IGKJ4.IGKC;IGHV2-5..IGHJ4.IGHM_IGKV1D-8.IGKJ1.IGKC;IGHV4-39..IGHJ4.IGHM_IGLV1-47.IGLJ2.IGLC2;IGHV1-69D.IGHD3-22.IGHJ4.IGHM_IGKV3-11.IGKJ4.IGKC;IGHV3-49..IGHJ4.IGHA1_IGLV2-23.IGLJ1.IGLC1;IGHV5-51..IGHJ5.IGHM_NA;IGHV5-51..IGHJ4.IGHM_IGLV3-19.IGLJ2.IGLC2;IGHV1-8.IGHD6-13.IGHJ6.IGHM_IGLV1-40.IGLJ2.IGLC2;IGHV1-18.IGHD6-13.IGHJ5.IGHM_IGLV7-46.IGLJ1.IGLC1;IGHV3-33..IGHJ4.IGHA1_IGLV1-51.IGLJ2.IGLC2;IGHV3-48..IGHJ3.IGHM_IGLV3-25.IGLJ3.IGLC3;IGHV3-33..IGHJ6.IGHM_IGKV1-33.IGKJ5.IGKC;IGHV3-15..IGHJ4.IGHM_IGLV3-1.IGLJ1.IGLC1;IGHV2-26..IGHJ3.IGHM_IGKV3-20.IGKJ1.IGKC;IGHV4-59.IGHD3-22.IGHJ4.IGHM_IGKV1-33.IGKJ3.IGKC;IGHV3-30.IGHD3-3.IGHJ3.IGHM_IGKV1-39.IGKJ2.IGKC;IGHV4-59..IGHJ6.IGHM_IGKV1-5.IGKJ4.IGKC;IGHV3-7..IGHJ6.IGHM_IGKV1-39.IGKJ2.IGKC;IGHV3-53.IGHD3-22.IGHJ3.IGHM_IGKV1-39.IGKJ2.IGKC;IGHV3-7..IGHJ5.IGHM_IGLV3-9.IGLJ2.IGLC2;IGHV4-59.IGHD6-6.IGHJ4.IGHG1_IGLV1-40.IGLJ1.IGLC1;IGHV2-5.IGHD3-16.IGHJ5.IGHM_IGLV3-1.IGLJ2.IGLC2;IGHV3-15.IGHD3-9.IGHJ4.IGHM_IGKV2-28.IGKJ5.IGKC;IGHV1-18.IGHD3-3.IGHJ6.IGHM_IGKV3-20.IGKJ1.IGKC;IGHV4-61.IGHD1-7.IGHJ2.IGHM_IGLV3-21.IGLJ1.IGLC1;IGHV1-24..IGHJ4.IGHM_IGKV1-5.IGKJ1.IGKC;IGHV3-48.IGHD3-22.IGHJ4.IGHM_IGKV3-15.IGKJ2.IGKC;IGHV3-48..IGHJ4.IGHM_IGKV1-39.IGKJ1.IGKC;IGHV3-7..IGHJ4.IGHM_IGKV3D-20.IGKJ4.IGKC;IGHV2-26..IGHJ4.IGHM_IGKV2D-29.IGKJ3.IGKC;IGHV1-2..IGHJ5.IGHM_IGLV2-23.IGLJ2.IGLC2;IGHV3-7..IGHJ4.IGHM_IGKV3-20.IGKJ4.IGKC;IGHV4-34..IGHJ5.IGHG3_IGLV3-25.IGLJ2.IGLC2;IGHV4-61.IGHD1-26.IGHJ4.IGHM_IGKV1D-8.IGKJ4.IGKC;IGHV4-30-4..IGHJ1.IGHG1_IGLV1-40.IGLJ1.IGLC1;IGHV2-70..IGHJ6.IGHG1_IGKV2-28.IGKJ2.IGKC;IGHV7-4-1..IGHJ4.IGHM_IGLV1-40.IGLJ2.IGLC2;IGHV1-2.IGHD6-19.IGHJ4.IGHM_IGLV2-11.IGLJ2.IGLC2;IGHV1-18..IGHJ5.IGHG1_IGKV1-39.IGKJ1.IGKC;IGHV3-7..IGHJ4.IGHM_IGKV3-15.IGKJ1.IGKC;IGHV4-39.IGHD2-2.IGHJ4.IGHM_IGKV1-5.IGKJ4.IGKC;IGHV4-39.IGHD3-3.IGHJ4.IGHM_IGLV1-40.IGLJ2.IGLC2;IGHV3-23..IGHJ4.IGHA1_IGKV1-39.IGKJ2.IGKC;IGHV3-9.IGHD3-10.IGHJ6.IGHM_IGLV3-1.IGLJ1.IGLC1;IGHV1-69D..IGHJ6.IGHM_IGKV2-28.IGKJ2.IGKC;IGHV3-30..IGHJ4.IGHA1_IGKV1-39.IGKJ4.IGKC;IGHV6-1..IGHJ4.IGHM_IGLV2-23.IGLJ3.IGLC3;IGHV4-30-4.IGHD2-2.IGHJ6.IGHM_IGLV1-40.IGLJ2.IGLC2;IGHV3-49.IGHD3-3.IGHJ4.IGHM_IGKV3-20.IGKJ1.IGKC;IGHV3-74..IGHJ5.IGHM_IGKV1-39.IGKJ2.IGKC;IGHV1-69D..IGHJ3.IGHM_IGKV1-5.IGKJ4.IGKC;IGHV7-4-1..IGHJ4.IGHM_IGKV1-39.IGKJ3.IGKC;IGHV5-51..IGHJ4.IGHM_IGKV1-9.IGKJ4.IGKC;IGHV3-53..IGHJ6.IGHM_IGKV2-28.IGKJ2.IGKC;IGHV1-24..IGHJ4.IGHM_IGKV1-12.IGKJ4.IGKC;IGHV3-9..IGHJ4.IGHM_IGLV3-25.IGLJ3.IGLC3;IGHV3-15.IGHD2-21.IGHJ4.IGHM_IGKV1-9.IGKJ4.IGKC;IGHV7-4-1..IGHJ4.IGHM_IGLV1-40.IGLJ2.IGLC2;IGHV1-2..IGHJ4.IGHM_IGLV2-8.IGLJ2.IGLC2;IGHV3-9..IGHJ1.IGHM_IGLV2-23.IGLJ2.IGLC2;IGHV1-3..IGHJ6.IGHM_IGKV1-9.IGKJ4.IGKC;IGHV5-51.IGHD3-9.IGHJ6.IGHM_IGLV7-43.IGLJ2.IGLC2;IGHV3-15.IGHD3-22.IGHJ4.IGHM_IGLV3-25.IGLJ1.IGLC1;IGHV4-61..IGHJ4.IGHM_IGKV1D-8.IGKJ2.IGKC;IGHV4-61..IGHJ6.IGHM_IGLV3-1.IGLJ1.IGLC1;IGHV3-7..IGHJ4.IGHM_IGLV3-1.IGLJ2.IGLC2;IGHV3-74..IGHJ3.IGHM_IGKV1-39.IGKJ1.IGKC;IGHV2-5.IGHD3-22.IGHJ4.IGHM_IGKV1-39.IGKJ4.IGKC;IGHV3-48..IGHJ4.IGHM_IGKV3-15.IGKJ2.IGKC;IGHV2-70.IGHD2-15.IGHJ6.IGHM_IGKV3-20.IGKJ1.IGKC;IGHV3-48.IGHD3-22.IGHJ4.IGHM_IGLV4-69.IGLJ3.IGLC2;IGHV5-51..IGHJ1.IGHM_IGKV3-20.IGKJ2.IGKC;IGHV5-51..IGHJ4.IGHG2_IGKV1-12.IGKJ4.IGKC;NA_IGKV1-39.IGKJ1.IGKC;IGHV7-4-1..IGHJ1.IGHA1_IGLV2-23.IGLJ3.IGLC3;IGHV3-30.IGHD3-22.IGHJ6.IGHM_IGLV3-25.IGLJ1.IGLC1;IGHV3-23..IGHJ4.IGHA1_IGKV1-5.IGKJ1.IGKC;IGHV1-2..IGHJ4.IGHM_IGKV1-33.IGKJ2.IGKC;IGHV4-59..IGHJ3.IGHM_IGKV1-8.IGKJ4.IGKC;IGHV4-30-4..IGHJ5.IGHM_IGKV2D-29.IGKJ2.IGKC;IGHV3-7..IGHJ6.IGHG2_IGKV3-20.IGKJ3.IGKC;IGHV4-59..IGHJ4.IGHG1_IGKV1-39.IGKJ4.IGKC;IGHV2-5..IGHJ5.IGHA2_IGKV2-28.IGKJ2.IGKC;IGHV6-1..IGHJ6.IGHM_IGKV3-20.IGKJ4.IGKC;IGHV3-72..IGHJ6.IGHA2_IGKV1-9.IGKJ5.IGKC;IGHV3-53.IGHD4-23.IGHJ5.IGHM_IGLV3-21.IGLJ2.IGLC2;IGHV3-23..IGHJ4.IGHM_IGKV1-8.IGKJ1.IGKC;IGHV1-18..IGHJ6.IGHM_IGKV2-28.IGKJ2.IGKC;IGHV3-48..IGHJ4.IGHM_IGKV2-28.IGKJ2.IGKC;IGHV3-21..IGHJ4.IGHM_IGKV3-15.IGKJ1.IGKC;IGHV1-8..IGHJ5.IGHM_IGLV3-19.IGLJ2.IGLC2;IGHV1-3.IGHD3-16.IGHJ3.IGHM_IGKV2-30.IGKJ4.IGKC;IGHV3-11.IGHD3-22.IGHJ4.IGHM_IGKV1-39.IGKJ2.IGKC;IGHV3-49.IGHD6-13.IGHJ6.IGHM_IGKV1-39.IGKJ2.IGKC;IGHV1-2..IGHJ4.IGHM_IGKV3-15.IGKJ2.IGKC;IGHV4-39..IGHJ5.IGHM_IGKV3-20.IGKJ2.IGKC;IGHV3-49.IGHD2-2.IGHJ5.IGHM_IGLV3-1.IGLJ2.IGLC2;IGHV1-46..IGHJ1.IGHM_IGLV2-23.IGLJ1.IGLC1;IGHV3-74.IGHD3-22.IGHJ4.IGHM_IGKV1-39.IGKJ1.IGKC;IGHV1-8..IGHJ3.IGHM_IGKV1-33.IGKJ4.IGKC;IGHV3-15..IGHJ4.IGHM_IGKV3-15.IGKJ3.IGKC;IGHV3-11.IGHD3-22.IGHJ3.IGHM_IGKV1-39.IGKJ1.IGKC;IGHV1-24..IGHJ6.IGHM_IGLV3-19.IGLJ1.IGLC1;IGHV3-33..IGHJ3.IGHM_IGLV2-23.IGLJ3.IGLC3;IGHV3-11.IGHD1-1.IGHJ4.IGHM_IGLV1-51.IGLJ1.IGLC1;IGHV3-11.IGHD2-2.IGHJ6.IGHM_IGKV1-39.IGKJ1.IGKC;IGHV1-18..IGHJ6.IGHM_IGKV3-20.IGKJ1.IGKC;IGHV1-2..IGHJ3.IGHM_IGLV2-11.IGLJ2.IGLC2;IGHV2-5.IGHD3-22.IGHJ4.IGHM_IGKV3-15.IGKJ4.IGKC;IGHV1-18..IGHJ4.IGHM_IGKV3-20.IGKJ2.IGKC;IGHV3-30..IGHJ4.IGHM_IGKV1-17.IGKJ1.IGKC;IGHV3-15.IGHD3-9.IGHJ6.IGHM_IGLV3-25.IGLJ2.IGLC2;IGHV3-11..IGHJ4.IGHM_IGKV3-20.IGKJ2.IGKC;IGHV7-4-1..IGHJ5.IGHA1_IGLV4-69.IGLJ3.IGLC2;IGHV3-53.IGHD3-22.IGHJ4.IGHM_IGLV4-69.IGLJ3.IGLC3;IGHV1-18..IGHJ5.IGHM_IGKV1-39.IGKJ1.IGKC;IGHV3-11..IGHJ5.IGHM_IGKV1-33.IGKJ3.IGKC;IGHV5-51..IGHJ6.IGHM_IGKV2-28.IGKJ3.IGKC;IGHV4-39.IGHD3-9.IGHJ4.IGHM_IGKV3-15.IGKJ2.IGKC;IGHV4-59..IGHJ4.IGHM_IGLV1-47.IGLJ2.IGLC2;IGHV2-26..IGHJ5.IGHM_IGLV3-21.IGLJ1.IGLC1;IGHV4-39..IGHJ4.IGHM_IGLV1-40.IGLJ2.IGLC2;IGHV1-2..IGHJ6.IGHM_IGKV3-20.IGKJ3.IGKC;IGHV4-39..IGHJ5.IGHM_IGKV1-12.IGKJ2.IGKC;IGHV1-69D.IGHD4-17.IGHJ4.IGHM_IGKV1-27.IGKJ3.IGKC;IGHV1-18..IGHJ1.IGHM_IGKV3-20.IGKJ2.IGKC;IGHV4-30-4..IGHJ4.IGHM_IGKV1-39.IGKJ1.IGKC;IGHV3-73..IGHJ4.IGHG1_IGKV1-17.IGKJ1.IGKC;IGHV3-15..IGHJ4.IGHM_IGKV1-8.IGKJ3.IGKC;IGHV3-9..IGHJ6.IGHM_IGLV10-54.IGLJ2.IGLC2;IGHV4-59..IGHJ4.IGHM_IGKV3-20.IGKJ4.IGKC;IGHV5-51..IGHJ6.IGHM_IGKV2D-40.IGKJ4.IGKC;IGHV3-53..IGHJ6.IGHM_IGKV1-39.IGKJ1.IGKC;IGHV3-30..IGHJ4.IGHM_IGLV1-47.IGLJ1.IGLC1;IGHV2-5.IGHD2-2.IGHJ5.IGHM_IGLV3-25.IGLJ1.IGLC1;IGHV4-39..IGHJ4.IGHM_IGLV1-51.IGLJ3.IGLC3;IGHV4-59..IGHJ4.IGHM_IGKV2-28.IGKJ5.IGKC;IGHV3-23..IGHJ4.IGHM_IGKV1-39.IGKJ4.IGKC;IGHV3-15.IGHD5-24.IGHJ4.IGHM_IGKV1-33.IGKJ5.IGKC;IGHV3-48..IGHJ6.IGHM_IGLV3-25.IGLJ3.IGLC2;IGHV4-59..IGHJ6.IGHM_IGKV1-39.IGKJ2.IGKC;IGHV2-5..IGHJ4.IGHM_IGKV1-5.IGKJ2.IGKC;IGHV3-15..IGHJ3.IGHM_IGKV1-17.IGKJ1.IGKC;IGHV3-49..IGHJ6.IGHM_IGKV1-16.IGKJ4.IGKC;IGHV3-30.IGHD6-19.IGHJ3.IGHM_IGKV1-5.IGKJ1.IGKC;IGHV3-33.IGHD3-3.IGHJ4.IGHM_IGKV1-6.IGKJ2.IGKC;IGHV4-30-4.IGHD3-22.IGHJ3.IGHM_IGLV3-25.IGLJ2.IGLC2;IGHV3-30.IGHD3-22.IGHJ6.IGHM_IGLV2-23.IGLJ2.IGLC2;IGHV7-4-1..IGHJ5.IGHM_IGKV3-11.IGKJ4.IGKC;IGHV3-21..IGHJ4.IGHG1_IGKV3-20.IGKJ1.IGKC;IGHV1-2..IGHJ4.IGHM_IGKV1-39.IGKJ2.IGKC;IGHV4-39.IGHD3-22.IGHJ5.IGHM_IGLV3-19.IGLJ2.IGLC2;IGHV3-33..IGHJ4.IGHM_IGLV8-61.IGLJ3.IGLC3;IGHV3-9..IGHJ4.IGHM_IGLV3-21.IGLJ2.IGLC2;IGHV3-33..IGHJ6.IGHM_IGKV1-9.IGKJ5.IGKC;IGHV6-1..IGHJ5.IGHM_IGLV1-36.IGLJ3.IGLC2;IGHV6-1.IGHD6-13.IGHJ3.IGHM_IGKV1-5.IGKJ1.IGKC;IGHV2-5.IGHD3-10.IGHJ5.IGHM_IGLV3-25.IGLJ1.IGLC1;IGHV4-59..IGHJ4.IGHM_IGLV3-19.IGLJ2.IGLC2;IGHV3-30.IGHD6-6.IGHJ4.IGHM_IGLV2-8.IGLJ1.IGLC1;IGHV2-5..IGHJ4.IGHG1_IGLV1-40.IGLJ2.IGLC2;IGHV3-74.IGHD3-22.IGHJ4.IGHM_IGKV1-39.IGKJ1.IGKC;IGHV4-39..IGHJ5.IGHM_IGLV3-25.IGLJ2.IGLC2;IGHV1-8..IGHJ6.IGHM_IGLV1-51.IGLJ2.IGLC2;IGHV5-51..IGHJ3.IGHM_IGKV1-33.IGKJ1.IGKC;IGHV1-18..IGHJ6.IGHM_IGKV3-20.IGKJ2.IGKC;IGHV3-23.IGHD3-10.IGHJ4.IGHM_IGKV1-33.IGKJ4.IGKC;IGHV3-15.IGHD5-24.IGHJ4.IGHG1_IGKV3-20.IGKJ2.IGKC;IGHV1-18..IGHJ5.IGHM_IGKV1-27.IGKJ3.IGKC;IGHV4-61..IGHJ3.IGHM_IGKV1-8.IGKJ1.IGKC;IGHV2-5.IGHD3-22.IGHJ5.IGHM_IGKV3-20.IGKJ1.IGKC;IGHV4-39.IGHD5-5.IGHJ4.IGHM_IGLV1-40.IGLJ1.IGLC1;IGHV4-59.IGHD3-9.IGHJ6.IGHM_IGLV1-47.IGLJ1.IGLC1;IGHV3-30..IGHJ5.IGHM_IGKV1-8.IGKJ4.IGKC;IGHV1-46..IGHJ4.IGHM_IGKV4-1.IGKJ2.IGKC;IGHV3-49.IGHD4-4.IGHJ5.IGHM_IGKV1-17.IGKJ4.IGKC;IGHV4-61..IGHJ6.IGHM_IGLV3-10.IGLJ3.IGLC3;IGHV3-30..IGHJ6.IGHM_IGKV1-39.IGKJ2.IGKC;IGHV3-30.IGHD3-9.IGHJ4.IGHM_IGKV1-8.IGKJ4.IGKC;IGHV3-48..IGHJ4.IGHM_IGKV1-12.IGKJ2.IGKC;IGHV7-4-1.IGHD3-10.IGHJ4.IGHM_IGKV1-39.IGKJ1.IGKC;IGHV4-39..IGHJ5.IGHM_IGKV1-8.IGKJ1.IGKC;IGHV4-61..IGHJ6.IGHM_IGLV1-51.IGLJ2.IGLC2;IGHV3-48..IGHJ3.IGHM_IGLV3-21.IGLJ1.IGLC1;IGHV4-31..IGHJ4.IGHM_IGKV1D-8.IGKJ3.IGKC;NA_IGKV3-15.IGKJ1.IGKC;IGHV3-48..IGHJ4.IGHM_IGKV2-28.IGKJ2.IGKC;IGHV5-51..IGHJ6.IGHD_IGKV1-39.IGKJ4.IGKC;IGHV3-11.IGHD5-5.IGHJ5.IGHM_IGLV1-40.IGLJ2.IGLC2;IGHV3-13..IGHJ4.IGHM_IGKV1-39.IGKJ1.IGKC;IGHV3-7..IGHJ4.IGHM_IGLV1-40.IGLJ2.IGLC2;IGHV4-30-4..IGHJ3.IGHM_IGKV3D-20.IGKJ4.IGKC;IGHV3-7..IGHJ6.IGHM_IGLV1-40.IGLJ3.IGLC2;IGHV4-59..IGHJ4.IGHM_IGLV1-47.IGLJ3.IGLC3;IGHV3-30.IGHD2-2.IGHJ4.IGHM_IGKV1-39.IGKJ5.IGKC;IGHV4-31..IGHJ4.IGHM_IGKV1-39.IGKJ2.IGKC;IGHV1-69D..IGHJ4.IGHG1_IGLV2-23.IGLJ1.IGLC1;IGHV3-30..IGHJ3.IGHM_IGKV3-15.IGKJ1.IGKC;IGHV5-51.IGHD2-15.IGHJ4.IGHM_IGKV2-28.IGKJ3.IGKC;IGHV1-69D..IGHJ4.IGHM_IGKV1-17.IGKJ1.IGKC;IGHV4-59..IGHJ5.IGHG1_IGLV3-10.IGLJ2.IGLC2;IGHV3-7..IGHJ4.IGHM_IGKV1-8.IGKJ4.IGKC;IGHV1-18..IGHJ6.IGHM_IGLV3-25.IGLJ3.IGLC2;IGHV1-8..IGHJ4.IGHM_IGLV1-47.IGLJ3.IGLC3;IGHV1-18.IGHD6-19.IGHJ5.IGHM_IGKV1-12.IGKJ2.IGKC;IGHV3-7..IGHJ4.IGHM_IGKV1-6.IGKJ1.IGKC;IGHV5-51.IGHD6-19.IGHJ4.IGHM_IGLV4-69.IGLJ2.IGLC2;IGHV1-2.IGHD3-10.IGHJ3.IGHM_IGKV1-5.IGKJ1.IGKC;IGHV3-30..IGHJ3.IGHM_IGKV1-16.IGKJ4.IGKC;IGHV1-46..IGHJ4.IGHM_IGKV3-15.IGKJ1.IGKC;IGHV4-28..IGHJ6.IGHM_IGLV8-61.IGLJ3.IGLC2;IGHV1-8..IGHJ6.IGHM_IGKV1-6.IGKJ1.IGKC;IGHV2-5..IGHJ3.IGHM_IGLV3-19.IGLJ3.IGLC3;IGHV2-5..IGHJ4.IGHM_IGLV2-23.IGLJ1.IGLC1;IGHV1-58..IGHJ6.IGHM_IGKV3-20.IGKJ4.IGKC;IGHV1-18..IGHJ4.IGHG2_IGKV2-30.IGKJ2.IGKC;IGHV4-31..IGHJ3.IGHG1_IGKV1-9.IGKJ5.IGKC;IGHV1-2.IGHD6-19.IGHJ6.IGHM_IGKV2-28.IGKJ4.IGKC;IGHV3-7..IGHJ4.IGHM_IGLV3-1.IGLJ2.IGLC2;IGHV7-4-1..IGHJ4.IGHM_IGLV1-51.IGLJ1.IGLC1;IGHV3-15.IGHD3-10.IGHJ6.IGHM_IGLV3-25.IGLJ2.IGLC2;IGHV1-69D..IGHJ6.IGHG3_IGKV3-15.IGKJ4.IGKC;NA_IGLV3-1.IGLJ2.IGLC2;IGHV5-51..IGHJ4.IGHG1_IGLV3-25.IGLJ3.IGLC2;IGHV4-59..IGHJ6.IGHM_IGLV2-11.IGLJ2.IGLC3;IGHV4-39.IGHD3-22.IGHJ4.IGHM_IGLV1-40.IGLJ2.IGLC2;IGHV3-11.IGHD4-17.IGHJ5.IGHM_IGKV1-33.IGKJ4.IGKC;IGHV4-30-4..IGHJ1.IGHM_IGLV1-51.IGLJ2.IGLC2;IGHV3-11..IGHJ5.IGHD_IGLV3-1.IGLJ3.IGLC2;IGHV3-48.IGHD2-2.IGHJ4.IGHM_IGLV1-40.IGLJ1.IGLC1;NA_IGKV3-11.IGKJ2.IGKC;IGHV4-30-4..IGHJ4.IGHM_IGKV3-20.IGKJ5.IGKC;IGHV3-7.IGHD3-3.IGHJ6.IGHD_IGKV2-28.IGKJ4.IGKC;IGHV3-30.IGHD3-22.IGHJ4.IGHM_IGKV3-15.IGKJ1.IGKC;IGHV3-33..IGHJ4.IGHM_IGLV8-61.IGLJ3.IGLC3;IGHV3-9..IGHJ4.IGHM_IGLV3-1.IGLJ2.IGLC2;IGHV1-3.IGHD4-23.IGHJ5.IGHM_IGKV1-16.IGKJ5.IGKC;IGHV4-39..IGHJ4.IGHM_IGLV3-19.IGLJ2.IGLC2;IGHV4-39..IGHJ5.IGHM_IGKV3-20.IGKJ2.IGKC;IGHV3-30.IGHD2-2.IGHJ3.IGHM_IGKV3-20.IGKJ3.IGKC;IGHV3-7..IGHJ4.IGHM_IGKV3-20.IGKJ1.IGKC;IGHV5-51.IGHD2-2.IGHJ6.IGHM_IGKV3-15.IGKJ2.IGKC;IGHV2-5..IGHJ4.IGHM_IGLV7-43.IGLJ2.IGLC2;IGHV5-51.IGHD3-10.IGHJ6.IGHM_IGKV2-28.IGKJ4.IGKC;IGHV6-1..IGHJ5.IGHM_IGKV1-33.IGKJ1.IGKC;IGHV1-2..IGHJ4.IGHM_IGKV3-15.IGKJ5.IGKC;IGHV3-30..IGHJ4.IGHM_IGLV4-69.IGLJ2.IGLC2;IGHV3-33..IGHJ2.IGHM_IGKV3-15.IGKJ1.IGKC;IGHV3-48..IGHJ4.IGHM_IGKV3-15.IGKJ1.IGKC;IGHV4-30-4..IGHJ4.IGHM_IGKV3-20.IGKJ1.IGKC;IGHV3-30..IGHJ3.IGHG1_IGKV3-20.IGKJ2.IGKC;IGHV1-2..IGHJ6.IGHM_IGKV1-39.IGKJ4.IGKC;NA_IGLV2-23.IGLJ2.IGLC2;IGHV1-69D..IGHJ6.IGHM_IGKV3-20.IGKJ4.IGKC;IGHV2-70..IGHJ3.IGHM_IGKV3-15.IGKJ1.IGKC;NA_IGLV1-40.IGLJ2.IGLC2;IGHV4-59.IGHD3-10.IGHJ6.IGHM_IGKV1-39.IGKJ2.IGKC;IGHV3-9..IGHJ4.IGHM_IGKV1D-8.IGKJ1.IGKC;IGHV3-74..IGHJ5.IGHM_IGKV1-39.IGKJ4.IGKC;IGHV3-15.IGHD4-17.IGHJ4.IGHM_IGLV3-25.IGLJ1.IGLC1;IGHV3-43..IGHJ4.IGHM_IGKV3-20.IGKJ1.IGKC;IGHV3-9..IGHJ4.IGHD_IGLV4-69.IGLJ3.IGLC3;IGHV4-61..IGHJ4.IGHM_IGKV1-39.IGKJ2.IGKC;IGHV4-30-4..IGHJ5.IGHM_IGKV1-5.IGKJ1.IGKC;IGHV3-11.IGHD5-24.IGHJ6.IGHM_IGLV2-23.IGLJ1.IGLC1;IGHV3-9.IGHD2-2.IGHJ6.IGHM_IGKV1-5.IGKJ2.IGKC;IGHV3-7..IGHJ4.IGHA2_IGKV2-30.IGKJ2.IGKC;IGHV3-73.IGHD2-15.IGHJ3.IGHM_IGKV1-39.IGKJ2.IGKC;IGHV4-39..IGHJ5.IGHM_IGLV1-40.IGLJ1.IGLC1;IGHV3-9..IGHJ4.IGHM_IGLV2-14.IGLJ2.IGLC2;IGHV5-51..IGHJ4.IGHM_IGLV8-61.IGLJ3.IGLC3;IGHV1-2.IGHD4-17.IGHJ6.IGHD_IGLV3-25.IGLJ1.IGLC1;IGHV3-73..IGHJ4.IGHM_IGKV2D-29.IGKJ1.IGKC;IGHV3-74..IGHJ4.IGHM_IGLV4-69.IGLJ1.IGLC1;IGHV3-30..IGHJ4.IGHM_IGLV3-25.IGLJ3.IGLC2;IGHV1-69D.IGHD2-2.IGHJ5.IGHM_IGLV1-40.IGLJ2.IGLC2;IGHV2-5..IGHJ5.IGHM_IGLV3-1.IGLJ1.IGLC1;IGHV2-26..IGHJ4.IGHM_IGKV1-12.IGKJ1.IGKC;IGHV3-15.IGHD3-3.IGHJ4.IGHM_IGKV1-33.IGKJ4.IGKC;IGHV1-46..IGHJ4.IGHM_IGLV3-19.IGLJ2.IGLC2;IGHV1-8.IGHD3-3.IGHJ6.IGHM_IGKV3-20.IGKJ1.IGKC;IGHV3-15.IGHD2-2.IGHJ4.IGHM_IGKV1-33.IGKJ4.IGKC;IGHV1-8.IGHD3-10.IGHJ6.IGHM_IGKV1-39.IGKJ1.IGKC;IGHV3-9.IGHD4-23.IGHJ1.IGHM_IGLV2-23.IGLJ3.IGLC2;NA_IGKV1-39.IGKJ2.IGKC;IGHV1-69D..IGHJ3.IGHM_NA;IGHV4-59..IGHJ2.IGHG2_IGKV3-20.IGKJ4.IGKC;IGHV1-46..IGHJ6.IGHM_IGKV2-28.IGKJ4.IGKC;IGHV3-48.IGHD6-19.IGHJ4.IGHM_IGKV1-16.IGKJ1.IGKC;IGHV3-30..IGHJ4.IGHM_IGLV3-21.IGLJ1.IGLC1;IGHV1-18.IGHD3-3.IGHJ6.IGHM_IGLV3-21.IGLJ1.IGLC1;IGHV4-61..IGHJ6.IGHM_IGLV7-43.IGLJ1.IGLC1;IGHV3-33..IGHJ3.IGHM_IGKV1-5.IGKJ3.IGKC;IGHV3-30.IGHD2-2.IGHJ6.IGHM_IGLV3-1.IGLJ2.IGLC2;IGHV4-39..IGHJ4.IGHM_IGLV2-18.IGLJ1.IGLC1;IGHV3-33..IGHJ6.IGHM_IGKV3-15.IGKJ4.IGKC;IGHV4-31..IGHJ4.IGHM_IGKV3-20.IGKJ1.IGKC;IGHV4-59..IGHJ6.IGHA1_IGKV2-28.IGKJ2.IGKC;IGHV1-8..IGHJ6.IGHM_IGKV2-28.IGKJ3.IGKC;IGHV4-61.IGHD5-5.IGHJ4.IGHM_IGLV1-36.IGLJ2.IGLC2;IGHV5-51..IGHJ4.IGHM_IGKV3-20.IGKJ2.IGKC;IGHV1-46.IGHD3-22.IGHJ4.IGHM_IGLV1-40.IGLJ2.IGLC2;IGHV3-49..IGHJ4.IGHM_IGKV1-12.IGKJ4.IGKC;IGHV4-61..IGHJ3.IGHM_IGLV3-19.IGLJ1.IGLC1;IGHV2-5..IGHJ6.IGHG1_IGKV1-6.IGKJ2.IGKC;IGHV1-69D..IGHJ4.IGHM_IGLV3-1.IGLJ2.IGLC2;IGHV3-33.IGHD6-19.IGHJ4.IGHM_IGKV3-20.IGKJ1.IGKC;IGHV3-43.IGHD2-2.IGHJ6.IGHM_IGKV1-8.IGKJ5.IGKC;IGHV4-61..IGHJ5.IGHM_IGLV3-1.IGLJ2.IGLC2;IGHV1-18..IGHJ5.IGHM_IGLV1-40.IGLJ3.IGLC3;IGHV4-31..IGHJ5.IGHM_IGKV3-20.IGKJ3.IGKC;IGHV3-48..IGHJ4.IGHM_IGKV1-33.IGKJ5.IGKC;IGHV1-8..IGHJ4.IGHM_IGKV1-5.IGKJ1.IGKC;IGHV4-30-4..IGHJ4.IGHM_IGLV3-1.IGLJ2.IGLC2;IGHV3-30.IGHD2-2.IGHJ6.IGHM_IGKV2-28.IGKJ3.IGKC;IGHV3-11..IGHJ4.IGHM_IGKV1-39.IGKJ2.IGKC;IGHV4-39..IGHJ5.IGHM_IGKV1-5.IGKJ1.IGKC;IGHV3-48..IGHJ4.IGHM_IGLV1-40.IGLJ2.IGLC2;IGHV2-5..IGHJ4.IGHM_IGKV1-16.IGKJ2.IGKC;IGHV3-20..IGHJ4.IGHM_IGKV3-20.IGKJ4.IGKC;IGHV3-33..IGHJ5.IGHM_IGKV1-5.IGKJ1.IGKC;IGHV3-48..IGHJ4.IGHM_IGKV1-8.IGKJ1.IGKC;IGHV3-30..IGHJ3.IGHM_IGLV1-51.IGLJ3.IGLC2;IGHV4-39..IGHJ4.IGHM_IGLV3-21.IGLJ1.IGLC1;IGHV3-11.IGHD3-22.IGHJ4.IGHM_IGLV3-21.IGLJ2.IGLC2;IGHV1-8.IGHD2-2.IGHJ6.IGHM_IGKV1-8.IGKJ4.IGKC;IGHV4-39..IGHJ2.IGHM_IGKV6-21.IGKJ4.IGKC	0	NA
2	1	IGHV3-48..IGHJ4.IGHM_IGKV3-20.IGKJ1.IGKC	9	1	IGHV1-69D..IGHJ4.IGHM_NA	0	NA
2	1	IGHV3-48..IGHJ4.IGHM_IGKV3-20.IGKJ1.IGKC	16	79	IGHV3-21.IGHD4-23.IGHJ2.IGHM_IGKV3-11.IGKJ2.IGKC;IGHV3-33.IGHD6-19.IGHJ6.IGHM_IGKV1-39.IGKJ1.IGKC;IGHV3-33..IGHJ5.IGHM_IGLV1-40.IGLJ1.IGLC1;IGHV3-33.IGHD2-2.IGHJ4.IGHM_IGKV3-20.IGKJ2.IGKC;IGHV3-30..IGHJ4.IGHM_IGKV3-11.IGKJ1.IGKC;IGHV4-59..IGHJ5.IGHG1_IGKV3-11.IGKJ4.IGKC;IGHV3-23..IGHJ5.IGHM_IGKV3-11.IGKJ5.IGKC;IGHV3-33..IGHJ6.IGHM_IGLV1-40.IGLJ2.IGLC2;IGHV3-33..IGHJ4.IGHM_IGKV1-5.IGKJ2.IGKC;IGHV3-11..IGHJ5.IGHM_IGKV3-15.IGKJ2.IGKC;IGHV3-33..IGHJ6.IGHM_IGKV4-1.IGKJ4.IGKC;IGHV1-3.IGHD3-9.IGHJ5.IGHM_IGKV3-11.IGKJ1.IGKC;IGHV3-7..IGHJ6.IGHM_IGKV3-11.IGKJ4.IGKC;IGHV3-33..IGHJ4.IGHM_IGKV3-15.IGKJ1.IGKC;IGHV2-5.IGHD3-9.IGHJ4.IGHM_IGKV1-39.IGKJ2.IGKC;IGHV3-33..IGHJ4.IGHM_IGKV1-39.IGKJ2.IGKC;IGHV3-33..IGHJ4.IGHM_IGKV1-12.IGKJ4.IGKC;IGHV4-59.IGHD3-9.IGHJ6.IGHM_IGLV2-8.IGLJ2.IGLC2;IGHV1-8.IGHD3-3.IGHJ2.IGHM_IGKV3-11.IGKJ2.IGKC;IGHV4-39..IGHJ3.IGHM_IGKV3-11.IGKJ3.IGKC;IGHV3-33.IGHD6-19.IGHJ4.IGHM_IGLV3-1.IGLJ2.IGLC2;IGHV3-33..IGHJ6.IGHM_IGLV3-25.IGLJ1.IGLC1;IGHV3-33..IGHJ5.IGHM_IGKV1-39.IGKJ1.IGKC;IGHV3-30..IGHJ3.IGHM_IGKV3-11.IGKJ4.IGKC;IGHV3-33..IGHJ4.IGHM_IGLV1-44.IGLJ1.IGLC1;IGHV3-33..IGHJ4.IGHM_IGLV2-23.IGLJ3.IGLC3;IGHV1-69D.IGHD6-13.IGHJ4.IGHM_IGKV3-11.IGKJ3.IGKC;IGHV3-15..IGHJ4.IGHM_IGKV3-11.IGKJ4.IGKC;IGHV1-69D.IGHD5-5.IGHJ4.IGHM_IGKV3-20.IGKJ1.IGKC;IGHV3-33.IGHD5-5.IGHJ4.IGHM_IGKV3-11.IGKJ2.IGKC;IGHV1-46..IGHJ6.IGHM_IGKV3-11.IGKJ4.IGKC;IGHV3-33..IGHJ4.IGHA1_IGLV2-23.IGLJ1.IGLC1;IGHV3-20..IGHJ5.IGHM_IGKV3-11.IGKJ4.IGKC;IGHV3-33.IGHD2-15.IGHJ4.IGHM_IGLV3-25.IGLJ2.IGLC2;IGHV4-59..IGHJ5.IGHM_IGKV3-11.IGKJ4.IGKC;IGHV3-33.IGHD5-24.IGHJ4.IGHM_IGKV1-33.IGKJ4.IGKC;IGHV3-30.IGHD3-10.IGHJ6.IGHM_IGKV3-11.IGKJ5.IGKC;IGHV3-74..IGHJ3.IGHM_IGKV1-39.IGKJ1.IGKC;IGHV1-69D.IGHD2-21.IGHJ6.IGHM_IGLV3-25.IGLJ3.IGLC3;IGHV3-33.IGHD3-10.IGHJ4.IGHM_IGLV1-40.IGLJ7.IGLC7;IGHV3-33..IGHJ4.IGHM_IGKV2-24.IGKJ2.IGKC;IGHV3-23..IGHJ5.IGHM_IGKV3-11.IGKJ5.IGKC;IGHV3-33.IGHD3-22.IGHJ4.IGHM_IGKV1-5.IGKJ2.IGKC;IGHV4-34.IGHD2-15.IGHJ6.IGHM_IGKV3-11.IGKJ2.IGKC;IGHV3-33.IGHD4-17.IGHJ6.IGHM_IGKV1-17.IGKJ1.IGKC;IGHV3-21.IGHD6-19.IGHJ4.IGHM_IGKV3-11.IGKJ1.IGKC;IGHV3-23.IGHD6-19.IGHJ4.IGHM_IGKV3-11.IGKJ1.IGKC;IGHV3-33.IGHD6-19.IGHJ6.IGHM_IGKV3-20.IGKJ1.IGKC;IGHV3-33..IGHJ4.IGHM_IGKV3-15.IGKJ1.IGKC;IGHV3-33..IGHJ4.IGHM_IGKV3-20.IGKJ2.IGKC;IGHV3-33.IGHD3-22.IGHJ3.IGHM_IGLV7-46.IGLJ3.IGLC2;IGHV3-33..IGHJ4.IGHM_IGKV1-5.IGKJ2.IGKC;IGHV3-30.IGHD3-10.IGHJ6.IGHM_IGKV3-11.IGKJ4.IGKC;IGHV3-33..IGHJ6.IGHM_IGKV1-17.IGKJ1.IGKC;IGHV1-24..IGHJ4.IGHM_IGKV3-11.IGKJ4.IGKC;IGHV1-18.IGHD3-3.IGHJ6.IGHM_IGKV3-11.IGKJ2.IGKC;IGHV3-33.IGHD5-5.IGHJ4.IGHM_IGKV1-39.IGKJ1.IGKC;IGHV3-33.IGHD5-5.IGHJ6.IGHM_IGLV3-25.IGLJ2.IGLC2;IGHV3-23..IGHJ4.IGHM_IGKV3-11.IGKJ4.IGKC;IGHV3-33..IGHJ4.IGHM_IGLV3-19.IGLJ1.IGLC1;IGHV3-33..IGHJ3.IGHM_IGKV3-11.IGKJ2.IGKC;IGHV3-33..IGHJ5.IGHM_IGLV2-23.IGLJ1.IGLC1;IGHV3-7.IGHD2-2.IGHJ4.IGHM_IGKV3-11.IGKJ3.IGKC;IGHV3-33..IGHJ4.IGHM_IGLV3-25.IGLJ1.IGLC1;IGHV3-33..IGHJ4.IGHM_IGKV3-15.IGKJ4.IGKC;IGHV3-33..IGHJ3.IGHM_IGKV1-5.IGKJ1.IGKC;IGHV3-33..IGHJ4.IGHM_IGKV1-39.IGKJ4.IGKC;IGHV5-51..IGHJ4.IGHM_IGKV3-11.IGKJ4.IGKC;IGHV3-23..IGHJ4.IGHM_IGKV3-11.IGKJ4.IGKC;IGHV3-49..IGHJ6.IGHM_IGKV3-11.IGKJ5.IGKC;IGHV3-33..IGHJ3.IGHM_IGKV1-8.IGKJ1.IGKC;IGHV3-33..IGHJ4.IGHM_IGLV3-25.IGLJ3.IGLC3;IGHV3-30.IGHD3-10.IGHJ6.IGHM_IGKV3-11.IGKJ4.IGKC;IGHV3-33..IGHJ3.IGHM_IGKV1-39.IGKJ1.IGKC;IGHV3-33.IGHD3-22.IGHJ4.IGHM_IGKV1-5.IGKJ4.IGKC;IGHV3-15..IGHJ6.IGHM_IGKV3-11.IGKJ2.IGKC;IGHV3-33..IGHJ4.IGHM_IGLV2-8.IGLJ3.IGLC2;IGHV7-4-1.IGHD3-10.IGHJ4.IGHM_IGKV3-11.IGKJ5.IGKC;IGHV3-21..IGHJ2.IGHM_IGKV3-11.IGKJ4.IGKC	0	NA
2	1	IGHV3-48..IGHJ4.IGHM_IGKV3-20.IGKJ1.IGKC	17	67	IGHV6-1..IGHJ6.IGHM_IGKV4-1.IGKJ2.IGKC;IGHV4-34..IGHJ3.IGHM_IGLV5-39.IGLJ2.IGLC2;IGHV4-34..IGHJ3.IGHM_IGKV1-8.IGKJ1.IGKC;IGHV4-34..IGHJ5.IGHM_IGLV2-23.IGLJ2.IGLC2;IGHV4-34..IGHJ4.IGHM_IGKV1D-8.IGKJ1.IGKC;IGHV4-34..IGHJ4.IGHM_IGKV4-1.IGKJ3.IGKC;IGHV4-39..IGHJ5.IGHM_IGKV4-1.IGKJ4.IGKC;IGHV4-34..IGHJ5.IGHM_IGKV3-15.IGKJ1.IGKC;IGHV1-8..IGHJ3.IGHM_IGLV1-44.IGLJ1.IGLC1;IGHV4-34..IGHJ4.IGHM_IGKV1-39.IGKJ2.IGKC;IGHV1-18.IGHD5-24.IGHJ3.IGHM_IGKV4-1.IGKJ4.IGKC;IGHV4-34.IGHD2-2.IGHJ6.IGHM_IGKV1-12.IGKJ4.IGKC;IGHV3-30.IGHD3-10.IGHJ4.IGHG1_IGKV4-1.IGKJ4.IGKC;IGHV4-34..IGHJ4.IGHM_IGLV1-47.IGLJ3.IGLC3;IGHV4-34.IGHD3-10.IGHJ4.IGHM_IGKV1-6.IGKJ4.IGKC;IGHV3-11..IGHJ5.IGHM_IGLV3-25.IGLJ1.IGLC1;IGHV4-34..IGHJ4.IGHM_IGKV3-15.IGKJ2.IGKC;IGHV4-61..IGHJ1.IGHM_IGKV3-20.IGKJ1.IGKC;IGHV7-4-1..IGHJ4.IGHM_IGKV4-1.IGKJ4.IGKC;IGHV2-5..IGHJ4.IGHM_IGKV4-1.IGKJ1.IGKC;IGHV4-34..IGHJ4.IGHM_IGLV3-19.IGLJ1.IGLC1;IGHV4-59.IGHD3-10.IGHJ4.IGHM_IGKV4-1.IGKJ1.IGKC;IGHV3-11..IGHJ3.IGHM_IGKV4-1.IGKJ4.IGKC;IGHV1-58..IGHJ6.IGHM_IGKV4-1.IGKJ1.IGKC;IGHV6-1..IGHJ4.IGHM_IGKV4-1.IGKJ1.IGKC;IGHV4-34.IGHD2-15.IGHJ5.IGHM_IGKV1-6.IGKJ2.IGKC;IGHV3-21..IGHJ4.IGHM_IGKV4-1.IGKJ3.IGKC;IGHV4-34..IGHJ4.IGHM_IGKV1-39.IGKJ1.IGKC;IGHV3-64..IGHJ4.IGHM_IGKV4-1.IGKJ1.IGKC;IGHV1-8..IGHJ4.IGHA1_IGKV4-1.IGKJ1.IGKC;IGHV4-34.IGHD3-16.IGHJ4.IGHM_IGKV1-39.IGKJ2.IGKC;IGHV4-34.IGHD4-23.IGHJ1.IGHM_IGKV4-1.IGKJ1.IGKC;IGHV3-30..IGHJ4.IGHG2_IGKV4-1.IGKJ2.IGKC;IGHV4-34.IGHD5-5.IGHJ2.IGHM_IGLV1-44.IGLJ1.IGLC1;IGHV5-51..IGHJ6.IGHM_IGKV4-1.IGKJ2.IGKC;IGHV3-23..IGHJ4.IGHM_IGKV4-1.IGKJ1.IGKC;IGHV4-34..IGHJ5.IGHM_IGLV1-47.IGLJ1.IGLC1;IGHV4-59.IGHD6-19.IGHJ4.IGHM_IGKV4-1.IGKJ1.IGKC;IGHV4-59..IGHJ4.IGHG2_IGKV4-1.IGKJ1.IGKC;IGHV4-34..IGHJ5.IGHM_IGKV4-1.IGKJ1.IGKC;IGHV4-34.IGHD4-17.IGHJ4.IGHM_IGLV1-44.IGLJ1.IGLC1;IGHV4-34..IGHJ4.IGHM_IGLV3-21.IGLJ2.IGLC2;IGHV4-39.IGHD2-15.IGHJ4.IGHM_IGLV3-21.IGLJ2.IGLC2;IGHV3-9.IGHD6-13.IGHJ6.IGHM_IGKV4-1.IGKJ1.IGKC;IGHV4-34.IGHD3-9.IGHJ4.IGHM_IGKV1-9.IGKJ5.IGKC;IGHV4-59..IGHJ5.IGHM_IGKV4-1.IGKJ1.IGKC;IGHV4-34..IGHJ4.IGHM_IGLV3-19.IGLJ2.IGLC2;IGHV1-46..IGHJ3.IGHM_IGKV4-1.IGKJ5.IGKC;IGHV3-11..IGHJ6.IGHM_IGKV1-39.IGKJ3.IGKC;IGHV4-34..IGHJ6.IGHM_IGKV3-20.IGKJ1.IGKC;IGHV4-34..IGHJ4.IGHM_IGLV3-19.IGLJ2.IGLC2;IGHV4-34..IGHJ6.IGHM_IGKV3-20.IGKJ1.IGKC;IGHV1-3..IGHJ5.IGHM_IGKV4-1.IGKJ2.IGKC;IGHV7-4-1..IGHJ6.IGHA1_IGKV4-1.IGKJ1.IGKC;IGHV4-34.IGHD3-10.IGHJ6.IGHM_IGLV1-44.IGLJ2.IGLC2;IGHV4-34.IGHD5-5.IGHJ5.IGHM_IGLV3-19.IGLJ2.IGLC2;IGHV4-34..IGHJ5.IGHM_IGKV1-39.IGKJ4.IGKC;IGHV1-18.IGHD4-17.IGHJ4.IGHM_IGKV4-1.IGKJ4.IGKC;IGHV4-34..IGHJ6.IGHM_IGKV1-27.IGKJ2.IGKC;IGHV6-1..IGHJ4.IGHM_IGKV4-1.IGKJ1.IGKC;IGHV4-34..IGHJ4.IGHM_IGKV3-15.IGKJ2.IGKC;IGHV1-2..IGHJ5.IGHM_IGKV4-1.IGKJ2.IGKC;IGHV4-34..IGHJ6.IGHM_IGLV7-43.IGLJ1.IGLC1;IGHV4-39..IGHJ3.IGHM_IGKV4-1.IGKJ4.IGKC;IGHV4-34..IGHJ4.IGHM_IGLV1-44.IGLJ1.IGLC1;IGHV4-34.IGHD3-22.IGHJ1.IGHM_IGKV1-33.IGKJ4.IGKC;IGHV4-34.IGHD2-15.IGHJ5.IGHM_IGKV1-8.IGKJ1.IGKC	0	NA
2	1	IGHV3-48..IGHJ4.IGHM_IGKV3-20.IGKJ1.IGKC	18	68	IGHV4-39..IGHJ4.IGHA1_IGLV2-23.IGLJ3.IGLC2;IGHV4-39..IGHJ4.IGHM_IGLV1-44.IGLJ1.IGLC1;IGHV3-21..IGHJ6.IGHM_IGKV1-33.IGKJ3.IGKC;IGHV3-74.IGHD2-15.IGHJ6.IGHM_IGLV1-44.IGLJ1.IGLC1;IGHV3-21.IGHD3-22.IGHJ3.IGHM_IGLV3-25.IGLJ2.IGLC2;IGHV4-30-4..IGHJ5.IGHM_IGLV1-44.IGLJ2.IGLC2;IGHV3-21.IGHD3-3.IGHJ5.IGHM_IGKV1-27.IGKJ4.IGKC;IGHV3-21.IGHD4-17.IGHJ4.IGHM_IGLV1-44.IGLJ2.IGLC2;IGHV3-21..IGHJ6.IGHM_IGKV3-20.IGKJ2.IGKC;IGHV3-21..IGHJ6.IGHM_IGLV3-21.IGLJ1.IGLC1;IGHV3-21..IGHJ3.IGHM_IGKV1-39.IGKJ1.IGKC;IGHV2-26..IGHJ4.IGHM_IGLV1-51.IGLJ2.IGLC2;IGHV3-21.IGHD1-26.IGHJ4.IGHM_IGLV2-11.IGLJ3.IGLC3;IGHV3-21.IGHD6-13.IGHJ4.IGHM_IGLV1-51.IGLJ1.IGLC1;IGHV3-30..IGHJ5.IGHG1_IGLV1-44.IGLJ3.IGLC2;IGHV3-21..IGHJ5.IGHM_IGLV8-61.IGLJ2.IGLC2;IGHV4-59..IGHJ6.IGHM_IGLV1-44.IGLJ2.IGLC2;IGHV2-5..IGHJ4.IGHG1_IGLV1-44.IGLJ1.IGLC1;IGHV1-69D.IGHD2-2.IGHJ4.IGHA1_IGKV3-20.IGKJ2.IGKC;IGHV3-33.IGHD3-22.IGHJ4.IGHM_IGLV1-44.IGLJ3.IGLC2;IGHV3-11..IGHJ6.IGHA1_IGLV3-1.IGLJ2.IGLC2;IGHV3-21.IGHD1-20.IGHJ4.IGHD_IGKV1-8.IGKJ3.IGKC;IGHV3-21..IGHJ4.IGHM_IGLV3-25.IGLJ1.IGLC1;IGHV3-23.IGHD3-22.IGHJ4.IGHM_IGLV1-44.IGLJ3.IGLC3;IGHV1-8..IGHJ6.IGHG2_IGLV1-44.IGLJ1.IGLC1;IGHV3-21.IGHD5-12.IGHJ6.IGHM_IGLV1-40.IGLJ3.IGLC2;IGHV3-21..IGHJ6.IGHM_IGLV3-1.IGLJ2.IGLC2;IGHV3-21.IGHD3-10.IGHJ6.IGHM_IGLV2-23.IGLJ3.IGLC3;IGHV4-39.IGHD3-9.IGHJ4.IGHM_IGLV1-44.IGLJ1.IGLC1;IGHV1-18..IGHJ4.IGHM_IGLV1-44.IGLJ3.IGLC2;IGHV3-66..IGHJ6.IGHM_IGLV1-44.IGLJ3.IGLC3;IGHV3-21.IGHD3-22.IGHJ4.IGHM_IGKV1-12.IGKJ5.IGKC;IGHV2-5.IGHD2-2.IGHJ5.IGHM_IGLV1-44.IGLJ2.IGLC2;IGHV4-39.IGHD3-9.IGHJ4.IGHM_IGLV1-44.IGLJ1.IGLC1;IGHV6-1..IGHJ5.IGHA1_IGLV1-51.IGLJ3.IGLC2;IGHV4-59.IGHD3-10.IGHJ5.IGHM_IGLV1-44.IGLJ2.IGLC2;IGHV4-39.IGHD3-9.IGHJ2.IGHM_IGLV1-44.IGLJ2.IGLC2;IGHV1-18.IGHD4-17.IGHJ1.IGHM_IGLV1-44.IGLJ2.IGLC2;IGHV3-21..IGHJ4.IGHM_IGLV1-47.IGLJ2.IGLC2;IGHV3-21..IGHJ4.IGHG1_IGKV2D-29.IGKJ4.IGKC;IGHV4-61..IGHJ6.IGHM_IGLV1-44.IGLJ3.IGLC2;IGHV4-30-4.IGHD3-10.IGHJ4.IGHG2_IGLV1-44.IGLJ2.IGLC2;IGHV3-21..IGHJ4.IGHM_IGKV1-39.IGKJ3.IGKC;IGHV4-39..IGHJ4.IGHM_IGLV1-44.IGLJ2.IGLC2;IGHV3-21..IGHJ4.IGHM_IGKV1-8.IGKJ4.IGKC;IGHV1-69D..IGHJ4.IGHM_IGLV1-44.IGLJ1.IGLC1;IGHV3-21..IGHJ3.IGHA2_IGKV3-20.IGKJ1.IGKC;IGHV2-5..IGHJ4.IGHG1_IGLV1-44.IGLJ1.IGLC1;IGHV3-33.IGHD3-10.IGHJ4.IGHM_IGKV3-15.IGKJ1.IGKC;IGHV3-21.IGHD6-19.IGHJ5.IGHM_IGKV1-8.IGKJ2.IGKC;IGHV3-21.IGHD5-24.IGHJ4.IGHM_IGKV1-27.IGKJ3.IGKC;IGHV3-9..IGHJ4.IGHM_IGLV1-44.IGLJ3.IGLC3;IGHV3-21..IGHJ4.IGHM_IGKV1-8.IGKJ1.IGKC;IGHV3-21.IGHD5-5.IGHJ4.IGHM_IGLV1-44.IGLJ2.IGLC2;IGHV3-48..IGHJ6.IGHM_IGLV1-44.IGLJ1.IGLC1;IGHV3-21.IGHD2-2.IGHJ6.IGHM_IGKV2-28.IGKJ2.IGKC;IGHV3-21..IGHJ4.IGHM_IGLV6-57.IGLJ3.IGLC2;IGHV4-30-4.IGHD3-10.IGHJ5.IGHM_IGLV1-44.IGLJ3.IGLC3;IGHV3-21..IGHJ4.IGHM_IGKV3-15.IGKJ2.IGKC;IGHV3-21..IGHJ4.IGHM_IGKV3-15.IGKJ4.IGKC;IGHV3-21..IGHJ4.IGHM_IGKV1-33.IGKJ2.IGKC;IGHV5-51..IGHJ5.IGHA2_IGKV1-5.IGKJ1.IGKC;IGHV3-21..IGHJ4.IGHM_IGLV6-57.IGLJ3.IGLC3;IGHV3-21..IGHJ5.IGHM_IGKV1-5.IGKJ1.IGKC;IGHV3-7..IGHJ4.IGHM_IGLV1-47.IGLJ3.IGLC3;IGHV4-59..IGHJ3.IGHA1_IGLV1-44.IGLJ1.IGLC1;IGHV3-21.IGHD2-15.IGHJ4.IGHM_IGKV1-27.IGKJ1.IGKC;IGHV3-30..IGHJ6.IGHA1_IGLV1-44.IGLJ2.IGLC2	0	NA
2	1	IGHV3-48..IGHJ4.IGHM_IGKV3-20.IGKJ1.IGKC	19	62	IGHV3-23.IGHD2-15.IGHJ3.IGHD_IGLV2-23.IGLJ1.IGLC1;IGHV3-23..IGHJ4.IGHM_IGKV3-15.IGKJ1.IGKC;IGHV3-23..IGHJ4.IGHM_IGKV2-30.IGKJ4.IGKC;IGHV3-23..IGHJ3.IGHM_IGLV1-44.IGLJ3.IGLC3;IGHV3-23..IGHJ2.IGHM_IGKV3D-15.IGKJ2.IGKC;IGHV3-23..IGHJ4.IGHM_IGLV3-21.IGLJ2.IGLC2;IGHV3-23..IGHJ3.IGHM_IGKV1-12.IGKJ2.IGKC;IGHV3-23.IGHD3-9.IGHJ4.IGHM_IGKV1-39.IGKJ1.IGKC;IGHV3-23..IGHJ4.IGHM_IGKV1-39.IGKJ2.IGKC;IGHV3-23..IGHJ4.IGHM_IGKV2-28.IGKJ2.IGKC;IGHV3-23.IGHD3-3.IGHJ6.IGHM_IGKV2-28.IGKJ1.IGKC;IGHV3-23..IGHJ3.IGHM_IGKV2-30.IGKJ2.IGKC;IGHV3-7..IGHJ4.IGHM_IGKV2-30.IGKJ1.IGKC;IGHV3-23..IGHJ2.IGHM_IGKV3-11.IGKJ4.IGKC;IGHV3-23..IGHJ5.IGHM_IGLV3-25.IGLJ2.IGLC2;IGHV3-23..IGHJ4.IGHM_IGKV3-20.IGKJ1.IGKC;IGHV3-23..IGHJ5.IGHM_IGKV1-8.IGKJ1.IGKC;IGHV3-23.IGHD3-22.IGHJ4.IGHM_IGLV3-21.IGLJ2.IGLC2;IGHV3-23..IGHJ4.IGHG2_IGLV1-47.IGLJ3.IGLC3;IGHV3-23..IGHJ4.IGHM_IGKV1-39.IGKJ1.IGKC;IGHV4-30-4..IGHJ4.IGHM_IGLV3-19.IGLJ2.IGLC2;IGHV3-23.IGHD2-15.IGHJ3.IGHM_IGKV1-39.IGKJ4.IGKC;IGHV3-23.IGHD3-22.IGHJ4.IGHM_IGLV3-1.IGLJ1.IGLC1;IGHV3-23..IGHJ4.IGHM_IGKV1-39.IGKJ2.IGKC;IGHV3-23..IGHJ3.IGHM_IGKV1-5.IGKJ1.IGKC;IGHV3-23..IGHJ5.IGHM_IGKV1-39.IGKJ2.IGKC;IGHV3-23.IGHD2-21.IGHJ6.IGHM_IGKV1-12.IGKJ2.IGKC;IGHV3-23..IGHJ4.IGHM_IGKV2-24.IGKJ2.IGKC;IGHV3-23.IGHD3-10.IGHJ3.IGHM_IGKV1-9.IGKJ3.IGKC;IGHV3-23..IGHJ4.IGHM_IGKV1-9.IGKJ5.IGKC;IGHV3-23.IGHD1-26.IGHJ4.IGHM_IGLV3-21.IGLJ3.IGLC3;IGHV3-23..IGHJ5.IGHM_IGKV1-16.IGKJ1.IGKC;IGHV3-23..IGHJ4.IGHM_IGKV1-33.IGKJ5.IGKC;IGHV3-23.IGHD6-13.IGHJ2.IGHM_IGKV3-11.IGKJ4.IGKC;IGHV3-23..IGHJ6.IGHD_IGKV1-5.IGKJ2.IGKC;IGHV3-23.IGHD6-19.IGHJ6.IGHM_IGKV3-15.IGKJ3.IGKC;IGHV3-23.IGHD6-19.IGHJ6.IGHM_IGLV3-21.IGLJ2.IGLC2;IGHV3-23.IGHD3-3.IGHJ4.IGHM_IGKV1-9.IGKJ4.IGKC;IGHV3-23.IGHD2-21.IGHJ4.IGHM_IGKV3-20.IGKJ4.IGKC;IGHV3-23..IGHJ4.IGHM_IGLV3-25.IGLJ3.IGLC2;IGHV3-23.IGHD2-15.IGHJ6.IGHM_IGKV2-28.IGKJ4.IGKC;IGHV3-23..IGHJ4.IGHM_IGLV3-1.IGLJ2.IGLC2;IGHV3-23.IGHD3-22.IGHJ3.IGHM_IGKV1-8.IGKJ1.IGKC;IGHV3-23.IGHD2-2.IGHJ4.IGHM_IGLV2-8.IGLJ1.IGLC1;IGHV3-23.IGHD3-16.IGHJ5.IGHM_IGKV1-27.IGKJ1.IGKC;IGHV3-23.IGHD1-7.IGHJ4.IGHM_IGKV3-20.IGKJ1.IGKC;IGHV3-23..IGHJ4.IGHM_IGLV2-11.IGLJ2.IGLC2;IGHV3-23.IGHD3-10.IGHJ2.IGHM_IGKV1-8.IGKJ4.IGKC;IGHV3-23..IGHJ4.IGHM_IGKV3-15.IGKJ4.IGKC;IGHV3-23..IGHJ3.IGHM_IGKV1-39.IGKJ4.IGKC;IGHV3-23.IGHD3-10.IGHJ4.IGHM_IGKV3-15.IGKJ2.IGKC;IGHV3-23..IGHJ3.IGHM_IGKV1-9.IGKJ3.IGKC;IGHV3-23.IGHD3-10.IGHJ4.IGHM_IGKV3D-15.IGKJ2.IGKC;IGHV3-23..IGHJ3.IGHM_IGKV1-33.IGKJ3.IGKC;IGHV3-23..IGHJ4.IGHM_IGKV1-33.IGKJ1.IGKC;IGHV3-23..IGHJ1.IGHM_IGKV2-28.IGKJ1.IGKC;IGHV3-23..IGHJ4.IGHM_IGKV1D-8.IGKJ2.IGKC;IGHV3-23..IGHJ6.IGHM_IGKV3-15.IGKJ4.IGKC;IGHV3-23..IGHJ3.IGHM_IGKV1-5.IGKJ4.IGKC;IGHV3-23..IGHJ6.IGHM_IGLV8-61.IGLJ2.IGLC2;IGHV3-23..IGHJ4.IGHM_IGKV1-39.IGKJ2.IGKC;IGHV3-23..IGHJ6.IGHM_IGKV1-5.IGKJ2.IGKC	0	NA
2	1	IGHV3-48..IGHJ4.IGHM_IGKV3-20.IGKJ1.IGKC	20	56	IGHV4-61..IGHJ6.IGHM_IGLV2-14.IGLJ3.IGLC3;IGHV3-33..IGHJ6.IGHM_IGLV2-14.IGLJ1.IGLC1;IGHV3-49..IGHJ3.IGHM_IGLV2-14.IGLJ2.IGLC2;IGHV3-7..IGHJ6.IGHA1_IGLV2-14.IGLJ1.IGLC1;IGHV3-11..IGHJ4.IGHM_IGLV1-36.IGLJ1.IGLC1;IGHV1-8..IGHJ4.IGHM_IGLV2-14.IGLJ2.IGLC2;IGHV1-3.IGHD3-10.IGHJ2.IGHM_IGLV2-14.IGLJ2.IGLC2;IGHV3-23.IGHD3-3.IGHJ6.IGHD_IGLV2-14.IGLJ2.IGLC2;IGHV3-11..IGHJ6.IGHM_IGLV2-14.IGLJ3.IGLC3;IGHV4-61.IGHD3-22.IGHJ4.IGHM_IGLV2-14.IGLJ1.IGLC1;IGHV4-39..IGHJ4.IGHM_IGLV2-14.IGLJ3.IGLC3;IGHV3-15.IGHD3-22.IGHJ4.IGHM_IGLV2-14.IGLJ1.IGLC1;IGHV2-5..IGHJ6.IGHG2_IGLV2-14.IGLJ1.IGLC1;IGHV3-30.IGHD3-10.IGHJ4.IGHM_IGLV2-14.IGLJ1.IGLC1;IGHV1-69D..IGHJ6.IGHM_IGLV2-14.IGLJ1.IGLC1;IGHV3-30..IGHJ2.IGHM_IGLV2-14.IGLJ2.IGLC3;IGHV4-39..IGHJ5.IGHM_IGLV2-14.IGLJ2.IGLC2;IGHV4-39..IGHJ6.IGHM_IGLV2-14.IGLJ2.IGLC2;IGHV4-34.IGHD6-19.IGHJ6.IGHM_IGLV2-14.IGLJ2.IGLC2;IGHV1-18.IGHD3-9.IGHJ4.IGHM_IGLV2-14.IGLJ2.IGLC2;IGHV3-30..IGHJ4.IGHM_IGLV2-14.IGLJ3.IGLC2;IGHV3-33.IGHD2-2.IGHJ6.IGHM_IGLV1-51.IGLJ2.IGLC2;IGHV2-70..IGHJ4.IGHM_IGLV2-14.IGLJ2.IGLC2;IGHV3-53..IGHJ6.IGHM_IGKV1-9.IGKJ2.IGKC;IGHV3-74.IGHD7-27.IGHJ4.IGHG1_IGLV2-14.IGLJ1.IGLC1;IGHV3-33.IGHD3-10.IGHJ6.IGHG1_IGLV2-14.IGLJ2.IGLC2;IGHV2-26.IGHD2-15.IGHJ6.IGHM_IGLV2-14.IGLJ2.IGLC2;IGHV3-21..IGHJ5.IGHG2_IGLV2-14.IGLJ3.IGLC3;IGHV4-61.IGHD2-15.IGHJ6.IGHM_IGLV2-14.IGLJ3.IGLC2;IGHV1-2..IGHJ4.IGHM_IGLV2-14.IGLJ2.IGLC3;IGHV3-33..IGHJ5.IGHM_IGLV2-14.IGLJ1.IGLC1;IGHV3-21.IGHD3-22.IGHJ4.IGHM_IGLV2-14.IGLJ2.IGLC2;IGHV4-31..IGHJ4.IGHM_IGLV2-14.IGLJ2.IGLC2;IGHV2-5..IGHJ4.IGHM_IGLV2-14.IGLJ2.IGLC3;IGHV4-31.IGHD3-9.IGHJ6.IGHM_IGLV2-14.IGLJ1.IGLC1;IGHV3-33..IGHJ6.IGHM_IGLV2-14.IGLJ1.IGLC1;IGHV4-39..IGHJ4.IGHM_IGKV3-20.IGKJ1.IGKC;IGHV3-66..IGHJ4.IGHM_IGLV2-14.IGLJ1.IGLC1;IGHV5-51..IGHJ4.IGHM_IGLV2-14.IGLJ3.IGLC3;IGHV3-33..IGHJ6.IGHA1_IGLV2-14.IGLJ2.IGLC2;IGHV3-9..IGHJ4.IGHM_IGLV2-14.IGLJ2.IGLC2;IGHV4-34..IGHJ6.IGHM_IGLV2-14.IGLJ1.IGLC1;IGHV3-11.IGHD3-22.IGHJ6.IGHM_IGLV2-14.IGLJ2.IGLC2;IGHV3-9.IGHD3-9.IGHJ6.IGHA1_IGLV2-14.IGLJ1.IGLC1;IGHV3-9..IGHJ4.IGHM_IGLV2-14.IGLJ2.IGLC2;IGHV4-39..IGHJ1.IGHM_IGLV2-14.IGLJ2.IGLC2;IGHV3-9..IGHJ6.IGHM_IGLV2-14.IGLJ1.IGLC1;IGHV4-30-4..IGHJ1.IGHM_IGLV2-14.IGLJ2.IGLC2;IGHV3-48..IGHJ6.IGHM_IGLV2-14.IGLJ2.IGLC2;IGHV1-46..IGHJ5.IGHM_IGLV2-8.IGLJ2.IGLC2;IGHV3-74..IGHJ4.IGHM_IGLV2-14.IGLJ2.IGLC2;IGHV3-33.IGHD4-17.IGHJ3.IGHG1_IGLV2-14.IGLJ1.IGLC1;IGHV1-69D.IGHD2-15.IGHJ5.IGHM_IGLV2-14.IGLJ3.IGLC2;IGHV3-23.IGHD1-20.IGHJ4.IGHM_IGLV2-14.IGLJ3.IGLC2;IGHV3-48..IGHJ5.IGHM_IGLV2-14.IGLJ3.IGLC3;IGHV3-9..IGHJ6.IGHA1_IGLV2-14.IGLJ1.IGLC1	0	NA
2	1	IGHV3-48..IGHJ4.IGHM_IGKV3-20.IGKJ1.IGKC	22	1	IGHV4-59.IGHD3-22.IGHJ3.IGHM_IGKV1-33.IGKJ3.IGKC	0	NA
4	454	NA_IGKV1-8.IGKJ4.IGKC;IGHV1-69D.IGHD3-22.IGHJ3.IGHM_IGKV1-8.IGKJ1.IGKC;IGHV1-2..IGHJ3.IGHM_IGLV5-45.IGLJ3.IGLC3;IGHV5-51..IGHJ3.IGHM_IGKV1D-8.IGKJ2.IGKC;IGHV4-39..IGHJ3.IGHM_IGLV3-21.IGLJ2.IGLC2;IGHV3-33..IGHJ4.IGHM_IGKV2-28.IGKJ2.IGKC;IGHV3-15..IGHJ4.IGHM_IGLV6-57.IGLJ2.IGLC2;IGHV1-2..IGHJ6.IGHM_IGKV1-27.IGKJ3.IGKC;IGHV2-5.IGHD3-9.IGHJ3.IGHM_IGKV1-5.IGKJ1.IGKC;IGHV3-7..IGHJ4.IGHM_IGKV1-39.IGKJ2.IGKC;IGHV1-8..IGHJ3.IGHM_IGKV3-20.IGKJ1.IGKC;IGHV3-9..IGHJ4.IGHM_IGKV3-20.IGKJ2.IGKC;IGHV4-59..IGHJ6.IGHM_IGKV3-20.IGKJ3.IGKC;IGHV4-31.IGHD2-8.IGHJ6.IGHM_IGLV1-47.IGLJ3.IGLC3;IGHV3-30.IGHD5-5.IGHJ4.IGHM_IGLV4-69.IGLJ3.IGLC3;IGHV2-26..IGHJ4.IGHM_IGKV1-5.IGKJ1.IGKC;IGHV3-33..IGHJ4.IGHG1_IGLV6-57.IGLJ3.IGLC3;IGHV5-51.IGHD3-9.IGHJ4.IGHM_IGKV3-20.IGKJ1.IGKC;IGHV2-5..IGHJ4.IGHM_IGKV2-30.IGKJ1.IGKC;IGHV3-74.IGHD3-22.IGHJ6.IGHD_IGKV1-9.IGKJ3.IGKC;IGHV3-33.IGHD4-17.IGHJ4.IGHM_IGKV3-15.IGKJ1.IGKC;IGHV4-39..IGHJ4.IGHM_IGLV1-40.IGLJ1.IGLC1;IGHV3-49..IGHJ6.IGHM_IGKV1D-8.IGKJ1.IGKC;IGHV3-30.IGHD3-22.IGHJ4.IGHM_IGLV3-25.IGLJ2.IGLC2;IGHV1-24.IGHD2-2.IGHJ6.IGHM_IGKV3-20.IGKJ4.IGKC;IGHV3-30..IGHJ4.IGHM_IGLV1-47.IGLJ2.IGLC2;IGHV3-43..IGHJ4.IGHM_IGLV1-51.IGLJ2.IGLC2;IGHV4-59..IGHJ4.IGHM_IGKV3-15.IGKJ3.IGKC;IGHV4-30-4..IGHJ3.IGHG2_IGKV1-39.IGKJ2.IGKC;IGHV3-7..IGHJ4.IGHM_IGKV1-39.IGKJ2.IGKC;IGHV4-59..IGHJ5.IGHM_IGKV1-12.IGKJ5.IGKC;IGHV1-69D.IGHD3-22.IGHJ4.IGHM_IGKV3-20.IGKJ1.IGKC;IGHV3-30..IGHJ4.IGHM_IGKV3-15.IGKJ1.IGKC;IGHV3-48.IGHD3-16.IGHJ6.IGHM_IGLV2-8.IGLJ1.IGLC1;IGHV1-8.IGHD3-22.IGHJ3.IGHM_IGKV2-28.IGKJ4.IGKC;IGHV3-30..IGHJ4.IGHM_IGKV1-39.IGKJ4.IGKC;IGHV3-11..IGHJ4.IGHM_IGLV1-40.IGLJ1.IGLC1;IGHV3-33..IGHJ4.IGHM_IGKV1-12.IGKJ5.IGKC;IGHV4-61..IGHJ4.IGHG1_IGKV1-39.IGKJ2.IGKC;IGHV1-69D.IGHD2-2.IGHJ5.IGHM_IGLV1-51.IGLJ3.IGLC3;IGHV3-7..IGHJ3.IGHM_IGLV3-1.IGLJ2.IGLC2;IGHV1-69D..IGHJ5.IGHM_IGLV1-40.IGLJ2.IGLC2;IGHV3-11..IGHJ4.IGHM_IGKV1-5.IGKJ1.IGKC;IGHV4-61..IGHJ5.IGHM_IGKV2-30.IGKJ4.IGKC;IGHV3-33..IGHJ6.IGHM_IGKV3-20.IGKJ1.IGKC;IGHV4-61.IGHD3-22.IGHJ4.IGHM_IGKV1-39.IGKJ4.IGKC;IGHV1-8.IGHD6-19.IGHJ4.IGHM_IGLV1-40.IGLJ2.IGLC2;IGHV3-33.IGHD4-4.IGHJ6.IGHM_IGKV1-39.IGKJ2.IGKC;IGHV3-7..IGHJ4.IGHM_IGLV3-21.IGLJ1.IGLC1;IGHV3-7.IGHD6-13.IGHJ4.IGHM_IGKV1-39.IGKJ2.IGKC;IGHV3-13.IGHD2-2.IGHJ6.IGHM_IGLV3-21.IGLJ3.IGLC2;IGHV5-51.IGHD3-22.IGHJ6.IGHM_IGKV3-15.IGKJ1.IGKC;IGHV3-7..IGHJ4.IGHM_IGKV2-28.IGKJ4.IGKC;IGHV1-18..IGHJ4.IGHM_IGKV3-20.IGKJ3.IGKC;IGHV3-7..IGHJ6.IGHM_IGLV3-19.IGLJ1.IGLC1;IGHV7-4-1.IGHD3-10.IGHJ4.IGHM_IGLV2-11.IGLJ2.IGLC2;IGHV5-51.IGHD3-9.IGHJ6.IGHM_IGLV1-40.IGLJ2.IGLC2;IGHV2-5.IGHD6-19.IGHJ5.IGHM_IGLV6-57.IGLJ2.IGLC2;IGHV4-59..IGHJ4.IGHM_IGKV1-39.IGKJ3.IGKC;IGHV1-69D..IGHJ6.IGHM_IGLV1-51.IGLJ1.IGLC1;IGHV4-39..IGHJ6.IGHM_IGKV1-12.IGKJ4.IGKC;IGHV4-61..IGHJ6.IGHM_IGLV1-40.IGLJ1.IGLC1;IGHV3-30..IGHJ3.IGHA1_IGKV1-9.IGKJ5.IGKC;IGHV3-30.IGHD3-10.IGHJ6.IGHM_IGKV3-15.IGKJ1.IGKC;IGHV3-15..IGHJ6.IGHM_IGLV2-8.IGLJ3.IGLC3;IGHV1-69D..IGHJ5.IGHM_IGKV3-15.IGKJ4.IGKC;IGHV6-1..IGHJ4.IGHM_IGKV1-33.IGKJ2.IGKC;IGHV3-33..IGHJ1.IGHM_IGKV3-15.IGKJ1.IGKC;IGHV1-2..IGHJ4.IGHM_IGKV3-20.IGKJ2.IGKC;IGHV3-49.IGHD5-24.IGHJ4.IGHM_IGLV3-21.IGLJ2.IGLC2;IGHV7-4-1..IGHJ4.IGHM_IGKV3-20.IGKJ1.IGKC;IGHV3-74..IGHJ5.IGHM_IGKV1-39.IGKJ1.IGKC;IGHV2-26.IGHD4-17.IGHJ6.IGHM_IGKV3-20.IGKJ5.IGKC;IGHV3-74..IGHJ4.IGHM_IGLV2-23.IGLJ1.IGLC1;IGHV3-15.IGHD3-9.IGHJ6.IGHD_IGLV7-46.IGLJ3.IGLC3;IGHV1-18..IGHJ4.IGHM_IGKV2-28.IGKJ1.IGKC;IGHV3-33..IGHJ4.IGHM_IGKV2-28.IGKJ4.IGKC;IGHV1-46.IGHD2-2.IGHJ4.IGHM_IGKV3D-15.IGKJ4.IGKC;IGHV4-59..IGHJ6.IGHM_IGLV1-40.IGLJ2.IGLC2;IGHV3-33..IGHJ4.IGHM_IGLV2-14.IGLJ2.IGLC2;IGHV5-51..IGHJ4.IGHM_IGLV1-40.IGLJ2.IGLC2;IGHV3-53..IGHJ4.IGHM_IGLV3-1.IGLJ1.IGLC1;IGHV3-53.IGHD5-24.IGHJ4.IGHM_IGKV3-15.IGKJ1.IGKC;IGHV3-9.IGHD4-23.IGHJ4.IGHM_IGKV3D-20.IGKJ4.IGKC;IGHV3-30..IGHJ4.IGHA1_IGLV6-57.IGLJ2.IGLC2;IGHV4-59.IGHD2-2.IGHJ6.IGHM_IGKV1-39.IGKJ1.IGKC;IGHV4-61.IGHD2-15.IGHJ6.IGHM_IGKV1-17.IGKJ1.IGKC;IGHV3-9..IGHJ3.IGHM_IGLV1-40.IGLJ3.IGLC3;IGHV5-51.IGHD5-5.IGHJ6.IGHM_IGKV1-16.IGKJ1.IGKC;IGHV3-9..IGHJ6.IGHM_IGKV1-39.IGKJ2.IGKC;IGHV1-24..IGHJ4.IGHG1_IGKV1-39.IGKJ1.IGKC;IGHV3-11..IGHJ4.IGHM_IGLV3-25.IGLJ2.IGLC2;IGHV4-39.IGHD2-2.IGHJ2.IGHM_IGLV4-69.IGLJ2.IGLC2;IGHV3-48..IGHJ5.IGHM_IGKV3-15.IGKJ4.IGKC;IGHV3-9..IGHJ4.IGHG1_IGKV3-20.IGKJ1.IGKC;IGHV1-69D..IGHJ6.IGHM_IGLV1-40.IGLJ1.IGLC1;IGHV4-59..IGHJ5.IGHM_IGLV6-57.IGLJ3.IGLC3;IGHV3-21.IGHD6-13.IGHJ5.IGHM_IGKV1-39.IGKJ2.IGKC;IGHV3-53..IGHJ3.IGHM_IGKV1-27.IGKJ3.IGKC;IGHV3-48.IGHD3-22.IGHJ3.IGHM_IGLV1-40.IGLJ2.IGLC2;IGHV5-51.IGHD1-26.IGHJ3.IGHM_IGLV1-47.IGLJ3.IGLC2;IGHV4-59.IGHD4-17.IGHJ4.IGHM_IGLV3-25.IGLJ2.IGLC2;IGHV1-2..IGHJ6.IGHM_IGKV1-39.IGKJ2.IGKC;IGHV3-43..IGHJ6.IGHM_IGLV3-1.IGLJ2.IGLC2;IGHV3-48..IGHJ6.IGHM_IGKV3-20.IGKJ2.IGKC;IGHV3-21..IGHJ6.IGHM_IGKV1-5.IGKJ1.IGKC;IGHV3-11..IGHJ4.IGHM_IGKV1-6.IGKJ1.IGKC;IGHV3-9..IGHJ4.IGHM_IGKV3-20.IGKJ5.IGKC;IGHV4-34..IGHJ3.IGHG3_IGKV3-15.IGKJ1.IGKC;IGHV3-21..IGHJ6.IGHM_IGKV1-12.IGKJ4.IGKC;IGHV4-30-4..IGHJ6.IGHM_IGKV2-28.IGKJ3.IGKC;IGHV4-39..IGHJ4.IGHA1_IGKV1-16.IGKJ3.IGKC;IGHV4-39..IGHJ1.IGHG3_IGKV1-39.IGKJ3.IGKC;IGHV4-59..IGHJ4.IGHM_IGLV4-69.IGLJ3.IGLC2;IGHV4-39.IGHD3-10.IGHJ4.IGHM_IGLV8-61.IGLJ3.IGLC2;IGHV2-5.IGHD3-9.IGHJ5.IGHM_IGLV1-40.IGLJ2.IGLC2;IGHV3-53..IGHJ4.IGHM_IGKV1-39.IGKJ5.IGKC;IGHV3-53.IGHD2-15.IGHJ6.IGHM_IGKV3-20.IGKJ5.IGKC;IGHV1-8..IGHJ4.IGHM_IGKV3-20.IGKJ2.IGKC;IGHV1-69D..IGHJ6.IGHM_IGKV3-15.IGKJ2.IGKC;IGHV4-61..IGHJ6.IGHM_IGKV1-8.IGKJ3.IGKC;IGHV4-61..IGHJ5.IGHM_IGKV3-20.IGKJ1.IGKC;IGHV3-48.IGHD5-5.IGHJ4.IGHM_IGLV3-25.IGLJ3.IGLC3;IGHV3-7..IGHJ4.IGHM_IGLV4-69.IGLJ2.IGLC2;IGHV4-30-4.IGHD3-10.IGHJ5.IGHM_IGLV3-9.IGLJ2.IGLC2;IGHV3-30..IGHJ4.IGHM_IGKV3-20.IGKJ1.IGKC;IGHV4-30-4..IGHJ5.IGHA1_IGLV1-51.IGLJ2.IGLC2;IGHV1-3..IGHJ4.IGHM_IGKV1-33.IGKJ4.IGKC;IGHV2-5..IGHJ4.IGHM_IGKV1D-8.IGKJ1.IGKC;IGHV4-39..IGHJ4.IGHM_IGLV1-47.IGLJ2.IGLC2;IGHV1-69D.IGHD3-22.IGHJ4.IGHM_IGKV3-11.IGKJ4.IGKC;IGHV3-49..IGHJ4.IGHA1_IGLV2-23.IGLJ1.IGLC1;IGHV5-51..IGHJ5.IGHM_NA;IGHV5-51..IGHJ4.IGHM_IGLV3-19.IGLJ2.IGLC2;IGHV1-8.IGHD6-13.IGHJ6.IGHM_IGLV1-40.IGLJ2.IGLC2;IGHV1-18.IGHD6-13.IGHJ5.IGHM_IGLV7-46.IGLJ1.IGLC1;IGHV3-33..IGHJ4.IGHA1_IGLV1-51.IGLJ2.IGLC2;IGHV3-48..IGHJ3.IGHM_IGLV3-25.IGLJ3.IGLC3;IGHV3-33..IGHJ6.IGHM_IGKV1-33.IGKJ5.IGKC;IGHV3-15..IGHJ4.IGHM_IGLV3-1.IGLJ1.IGLC1;IGHV2-26..IGHJ3.IGHM_IGKV3-20.IGKJ1.IGKC;IGHV4-59.IGHD3-22.IGHJ4.IGHM_IGKV1-33.IGKJ3.IGKC;IGHV3-30.IGHD3-3.IGHJ3.IGHM_IGKV1-39.IGKJ2.IGKC;IGHV4-59..IGHJ6.IGHM_IGKV1-5.IGKJ4.IGKC;IGHV3-7..IGHJ6.IGHM_IGKV1-39.IGKJ2.IGKC;IGHV3-53.IGHD3-22.IGHJ3.IGHM_IGKV1-39.IGKJ2.IGKC;IGHV3-7..IGHJ5.IGHM_IGLV3-9.IGLJ2.IGLC2;IGHV4-59.IGHD6-6.IGHJ4.IGHG1_IGLV1-40.IGLJ1.IGLC1;IGHV2-5.IGHD3-16.IGHJ5.IGHM_IGLV3-1.IGLJ2.IGLC2;IGHV3-15.IGHD3-9.IGHJ4.IGHM_IGKV2-28.IGKJ5.IGKC;IGHV1-18.IGHD3-3.IGHJ6.IGHM_IGKV3-20.IGKJ1.IGKC;IGHV4-61.IGHD1-7.IGHJ2.IGHM_IGLV3-21.IGLJ1.IGLC1;IGHV1-24..IGHJ4.IGHM_IGKV1-5.IGKJ1.IGKC;IGHV3-48.IGHD3-22.IGHJ4.IGHM_IGKV3-15.IGKJ2.IGKC;IGHV3-48..IGHJ4.IGHM_IGKV1-39.IGKJ1.IGKC;IGHV3-7..IGHJ4.IGHM_IGKV3D-20.IGKJ4.IGKC;IGHV2-26..IGHJ4.IGHM_IGKV2D-29.IGKJ3.IGKC;IGHV1-2..IGHJ5.IGHM_IGLV2-23.IGLJ2.IGLC2;IGHV3-7..IGHJ4.IGHM_IGKV3-20.IGKJ4.IGKC;IGHV4-34..IGHJ5.IGHG3_IGLV3-25.IGLJ2.IGLC2;IGHV4-61.IGHD1-26.IGHJ4.IGHM_IGKV1D-8.IGKJ4.IGKC;IGHV4-30-4..IGHJ1.IGHG1_IGLV1-40.IGLJ1.IGLC1;IGHV2-70..IGHJ6.IGHG1_IGKV2-28.IGKJ2.IGKC;IGHV7-4-1..IGHJ4.IGHM_IGLV1-40.IGLJ2.IGLC2;IGHV1-2.IGHD6-19.IGHJ4.IGHM_IGLV2-11.IGLJ2.IGLC2;IGHV1-18..IGHJ5.IGHG1_IGKV1-39.IGKJ1.IGKC;IGHV3-7..IGHJ4.IGHM_IGKV3-15.IGKJ1.IGKC;IGHV4-39.IGHD2-2.IGHJ4.IGHM_IGKV1-5.IGKJ4.IGKC;IGHV4-39.IGHD3-3.IGHJ4.IGHM_IGLV1-40.IGLJ2.IGLC2;IGHV3-23..IGHJ4.IGHA1_IGKV1-39.IGKJ2.IGKC;IGHV3-9.IGHD3-10.IGHJ6.IGHM_IGLV3-1.IGLJ1.IGLC1;IGHV1-69D..IGHJ6.IGHM_IGKV2-28.IGKJ2.IGKC;IGHV3-30..IGHJ4.IGHA1_IGKV1-39.IGKJ4.IGKC;IGHV6-1..IGHJ4.IGHM_IGLV2-23.IGLJ3.IGLC3;IGHV4-30-4.IGHD2-2.IGHJ6.IGHM_IGLV1-40.IGLJ2.IGLC2;IGHV3-49.IGHD3-3.IGHJ4.IGHM_IGKV3-20.IGKJ1.IGKC;IGHV3-74..IGHJ5.IGHM_IGKV1-39.IGKJ2.IGKC;IGHV1-69D..IGHJ3.IGHM_IGKV1-5.IGKJ4.IGKC;IGHV7-4-1..IGHJ4.IGHM_IGKV1-39.IGKJ3.IGKC;IGHV5-51..IGHJ4.IGHM_IGKV1-9.IGKJ4.IGKC;IGHV3-53..IGHJ6.IGHM_IGKV2-28.IGKJ2.IGKC;IGHV1-24..IGHJ4.IGHM_IGKV1-12.IGKJ4.IGKC;IGHV3-9..IGHJ4.IGHM_IGLV3-25.IGLJ3.IGLC3;IGHV3-15.IGHD2-21.IGHJ4.IGHM_IGKV1-9.IGKJ4.IGKC;IGHV7-4-1..IGHJ4.IGHM_IGLV1-40.IGLJ2.IGLC2;IGHV1-2..IGHJ4.IGHM_IGLV2-8.IGLJ2.IGLC2;IGHV3-9..IGHJ1.IGHM_IGLV2-23.IGLJ2.IGLC2;IGHV1-3..IGHJ6.IGHM_IGKV1-9.IGKJ4.IGKC;IGHV5-51.IGHD3-9.IGHJ6.IGHM_IGLV7-43.IGLJ2.IGLC2;IGHV3-15.IGHD3-22.IGHJ4.IGHM_IGLV3-25.IGLJ1.IGLC1;IGHV4-61..IGHJ4.IGHM_IGKV1D-8.IGKJ2.IGKC;IGHV4-61..IGHJ6.IGHM_IGLV3-1.IGLJ1.IGLC1;IGHV3-7..IGHJ4.IGHM_IGLV3-1.IGLJ2.IGLC2;IGHV3-74..IGHJ3.IGHM_IGKV1-39.IGKJ1.IGKC;IGHV2-5.IGHD3-22.IGHJ4.IGHM_IGKV1-39.IGKJ4.IGKC;IGHV3-48..IGHJ4.IGHM_IGKV3-15.IGKJ2.IGKC;IGHV2-70.IGHD2-15.IGHJ6.IGHM_IGKV3-20.IGKJ1.IGKC;IGHV3-48.IGHD3-22.IGHJ4.IGHM_IGLV4-69.IGLJ3.IGLC2;IGHV5-51..IGHJ1.IGHM_IGKV3-20.IGKJ2.IGKC;IGHV5-51..IGHJ4.IGHG2_IGKV1-12.IGKJ4.IGKC;NA_IGKV1-39.IGKJ1.IGKC;IGHV7-4-1..IGHJ1.IGHA1_IGLV2-23.IGLJ3.IGLC3;IGHV3-30.IGHD3-22.IGHJ6.IGHM_IGLV3-25.IGLJ1.IGLC1;IGHV3-23..IGHJ4.IGHA1_IGKV1-5.IGKJ1.IGKC;IGHV1-2..IGHJ4.IGHM_IGKV1-33.IGKJ2.IGKC;IGHV4-59..IGHJ3.IGHM_IGKV1-8.IGKJ4.IGKC;IGHV4-30-4..IGHJ5.IGHM_IGKV2D-29.IGKJ2.IGKC;IGHV3-7..IGHJ6.IGHG2_IGKV3-20.IGKJ3.IGKC;IGHV4-59..IGHJ4.IGHG1_IGKV1-39.IGKJ4.IGKC;IGHV2-5..IGHJ5.IGHA2_IGKV2-28.IGKJ2.IGKC;IGHV6-1..IGHJ6.IGHM_IGKV3-20.IGKJ4.IGKC;IGHV3-72..IGHJ6.IGHA2_IGKV1-9.IGKJ5.IGKC;IGHV3-53.IGHD4-23.IGHJ5.IGHM_IGLV3-21.IGLJ2.IGLC2;IGHV3-23..IGHJ4.IGHM_IGKV1-8.IGKJ1.IGKC;IGHV1-18..IGHJ6.IGHM_IGKV2-28.IGKJ2.IGKC;IGHV3-48..IGHJ4.IGHM_IGKV2-28.IGKJ2.IGKC;IGHV3-21..IGHJ4.IGHM_IGKV3-15.IGKJ1.IGKC;IGHV1-8..IGHJ5.IGHM_IGLV3-19.IGLJ2.IGLC2;IGHV1-3.IGHD3-16.IGHJ3.IGHM_IGKV2-30.IGKJ4.IGKC;IGHV3-11.IGHD3-22.IGHJ4.IGHM_IGKV1-39.IGKJ2.IGKC;IGHV3-49.IGHD6-13.IGHJ6.IGHM_IGKV1-39.IGKJ2.IGKC;IGHV1-2..IGHJ4.IGHM_IGKV3-15.IGKJ2.IGKC;IGHV4-39..IGHJ5.IGHM_IGKV3-20.IGKJ2.IGKC;IGHV3-49.IGHD2-2.IGHJ5.IGHM_IGLV3-1.IGLJ2.IGLC2;IGHV1-46..IGHJ1.IGHM_IGLV2-23.IGLJ1.IGLC1;IGHV3-74.IGHD3-22.IGHJ4.IGHM_IGKV1-39.IGKJ1.IGKC;IGHV1-8..IGHJ3.IGHM_IGKV1-33.IGKJ4.IGKC;IGHV3-15..IGHJ4.IGHM_IGKV3-15.IGKJ3.IGKC;IGHV3-11.IGHD3-22.IGHJ3.IGHM_IGKV1-39.IGKJ1.IGKC;IGHV1-24..IGHJ6.IGHM_IGLV3-19.IGLJ1.IGLC1;IGHV3-33..IGHJ3.IGHM_IGLV2-23.IGLJ3.IGLC3;IGHV3-11.IGHD1-1.IGHJ4.IGHM_IGLV1-51.IGLJ1.IGLC1;IGHV3-11.IGHD2-2.IGHJ6.IGHM_IGKV1-39.IGKJ1.IGKC;IGHV1-18..IGHJ6.IGHM_IGKV3-20.IGKJ1.IGKC;IGHV1-2..IGHJ3.IGHM_IGLV2-11.IGLJ2.IGLC2;IGHV2-5.IGHD3-22.IGHJ4.IGHM_IGKV3-15.IGKJ4.IGKC;IGHV1-18..IGHJ4.IGHM_IGKV3-20.IGKJ2.IGKC;IGHV3-30..IGHJ4.IGHM_IGKV1-17.IGKJ1.IGKC;IGHV3-15.IGHD3-9.IGHJ6.IGHM_IGLV3-25.IGLJ2.IGLC2;IGHV3-11..IGHJ4.IGHM_IGKV3-20.IGKJ2.IGKC;IGHV7-4-1..IGHJ5.IGHA1_IGLV4-69.IGLJ3.IGLC2;IGHV3-53.IGHD3-22.IGHJ4.IGHM_IGLV4-69.IGLJ3.IGLC3;IGHV1-18..IGHJ5.IGHM_IGKV1-39.IGKJ1.IGKC;IGHV3-11..IGHJ5.IGHM_IGKV1-33.IGKJ3.IGKC;IGHV5-51..IGHJ6.IGHM_IGKV2-28.IGKJ3.IGKC;IGHV4-39.IGHD3-9.IGHJ4.IGHM_IGKV3-15.IGKJ2.IGKC;IGHV4-59..IGHJ4.IGHM_IGLV1-47.IGLJ2.IGLC2;IGHV2-26..IGHJ5.IGHM_IGLV3-21.IGLJ1.IGLC1;IGHV4-39..IGHJ4.IGHM_IGLV1-40.IGLJ2.IGLC2;IGHV1-2..IGHJ6.IGHM_IGKV3-20.IGKJ3.IGKC;IGHV4-39..IGHJ5.IGHM_IGKV1-12.IGKJ2.IGKC;IGHV1-69D.IGHD4-17.IGHJ4.IGHM_IGKV1-27.IGKJ3.IGKC;IGHV1-18..IGHJ1.IGHM_IGKV3-20.IGKJ2.IGKC;IGHV4-30-4..IGHJ4.IGHM_IGKV1-39.IGKJ1.IGKC;IGHV3-73..IGHJ4.IGHG1_IGKV1-17.IGKJ1.IGKC;IGHV3-15..IGHJ4.IGHM_IGKV1-8.IGKJ3.IGKC;IGHV3-9..IGHJ6.IGHM_IGLV10-54.IGLJ2.IGLC2;IGHV4-59..IGHJ4.IGHM_IGKV3-20.IGKJ4.IGKC;IGHV5-51..IGHJ6.IGHM_IGKV2D-40.IGKJ4.IGKC;IGHV3-53..IGHJ6.IGHM_IGKV1-39.IGKJ1.IGKC;IGHV3-30..IGHJ4.IGHM_IGLV1-47.IGLJ1.IGLC1;IGHV2-5.IGHD2-2.IGHJ5.IGHM_IGLV3-25.IGLJ1.IGLC1;IGHV4-39..IGHJ4.IGHM_IGLV1-51.IGLJ3.IGLC3;IGHV4-59..IGHJ4.IGHM_IGKV2-28.IGKJ5.IGKC;IGHV3-23..IGHJ4.IGHM_IGKV1-39.IGKJ4.IGKC;IGHV3-15.IGHD5-24.IGHJ4.IGHM_IGKV1-33.IGKJ5.IGKC;IGHV3-48..IGHJ6.IGHM_IGLV3-25.IGLJ3.IGLC2;IGHV4-59..IGHJ6.IGHM_IGKV1-39.IGKJ2.IGKC;IGHV2-5..IGHJ4.IGHM_IGKV1-5.IGKJ2.IGKC;IGHV3-15..IGHJ3.IGHM_IGKV1-17.IGKJ1.IGKC;IGHV3-49..IGHJ6.IGHM_IGKV1-16.IGKJ4.IGKC;IGHV3-30.IGHD6-19.IGHJ3.IGHM_IGKV1-5.IGKJ1.IGKC;IGHV3-33.IGHD3-3.IGHJ4.IGHM_IGKV1-6.IGKJ2.IGKC;IGHV4-30-4.IGHD3-22.IGHJ3.IGHM_IGLV3-25.IGLJ2.IGLC2;IGHV3-30.IGHD3-22.IGHJ6.IGHM_IGLV2-23.IGLJ2.IGLC2;IGHV7-4-1..IGHJ5.IGHM_IGKV3-11.IGKJ4.IGKC;IGHV3-21..IGHJ4.IGHG1_IGKV3-20.IGKJ1.IGKC;IGHV1-2..IGHJ4.IGHM_IGKV1-39.IGKJ2.IGKC;IGHV4-39.IGHD3-22.IGHJ5.IGHM_IGLV3-19.IGLJ2.IGLC2;IGHV3-33..IGHJ4.IGHM_IGLV8-61.IGLJ3.IGLC3;IGHV3-9..IGHJ4.IGHM_IGLV3-21.IGLJ2.IGLC2;IGHV3-33..IGHJ6.IGHM_IGKV1-9.IGKJ5.IGKC;IGHV6-1..IGHJ5.IGHM_IGLV1-36.IGLJ3.IGLC2;IGHV6-1.IGHD6-13.IGHJ3.IGHM_IGKV1-5.IGKJ1.IGKC;IGHV2-5.IGHD3-10.IGHJ5.IGHM_IGLV3-25.IGLJ1.IGLC1;IGHV4-59..IGHJ4.IGHM_IGLV3-19.IGLJ2.IGLC2;IGHV3-30.IGHD6-6.IGHJ4.IGHM_IGLV2-8.IGLJ1.IGLC1;IGHV2-5..IGHJ4.IGHG1_IGLV1-40.IGLJ2.IGLC2;IGHV3-74.IGHD3-22.IGHJ4.IGHM_IGKV1-39.IGKJ1.IGKC;IGHV4-39..IGHJ5.IGHM_IGLV3-25.IGLJ2.IGLC2;IGHV1-8..IGHJ6.IGHM_IGLV1-51.IGLJ2.IGLC2;IGHV5-51..IGHJ3.IGHM_IGKV1-33.IGKJ1.IGKC;IGHV1-18..IGHJ6.IGHM_IGKV3-20.IGKJ2.IGKC;IGHV3-23.IGHD3-10.IGHJ4.IGHM_IGKV1-33.IGKJ4.IGKC;IGHV3-15.IGHD5-24.IGHJ4.IGHG1_IGKV3-20.IGKJ2.IGKC;IGHV1-18..IGHJ5.IGHM_IGKV1-27.IGKJ3.IGKC;IGHV4-61..IGHJ3.IGHM_IGKV1-8.IGKJ1.IGKC;IGHV2-5.IGHD3-22.IGHJ5.IGHM_IGKV3-20.IGKJ1.IGKC;IGHV4-39.IGHD5-5.IGHJ4.IGHM_IGLV1-40.IGLJ1.IGLC1;IGHV4-59.IGHD3-9.IGHJ6.IGHM_IGLV1-47.IGLJ1.IGLC1;IGHV3-30..IGHJ5.IGHM_IGKV1-8.IGKJ4.IGKC;IGHV1-46..IGHJ4.IGHM_IGKV4-1.IGKJ2.IGKC;IGHV3-49.IGHD4-4.IGHJ5.IGHM_IGKV1-17.IGKJ4.IGKC;IGHV4-61..IGHJ6.IGHM_IGLV3-10.IGLJ3.IGLC3;IGHV3-30..IGHJ6.IGHM_IGKV1-39.IGKJ2.IGKC;IGHV3-30.IGHD3-9.IGHJ4.IGHM_IGKV1-8.IGKJ4.IGKC;IGHV3-48..IGHJ4.IGHM_IGKV1-12.IGKJ2.IGKC;IGHV7-4-1.IGHD3-10.IGHJ4.IGHM_IGKV1-39.IGKJ1.IGKC;IGHV4-39..IGHJ5.IGHM_IGKV1-8.IGKJ1.IGKC;IGHV4-61..IGHJ6.IGHM_IGLV1-51.IGLJ2.IGLC2;IGHV3-48..IGHJ3.IGHM_IGLV3-21.IGLJ1.IGLC1;IGHV4-31..IGHJ4.IGHM_IGKV1D-8.IGKJ3.IGKC;NA_IGKV3-15.IGKJ1.IGKC;IGHV3-48..IGHJ4.IGHM_IGKV2-28.IGKJ2.IGKC;IGHV5-51..IGHJ6.IGHD_IGKV1-39.IGKJ4.IGKC;IGHV3-11.IGHD5-5.IGHJ5.IGHM_IGLV1-40.IGLJ2.IGLC2;IGHV3-13..IGHJ4.IGHM_IGKV1-39.IGKJ1.IGKC;IGHV3-7..IGHJ4.IGHM_IGLV1-40.IGLJ2.IGLC2;IGHV4-30-4..IGHJ3.IGHM_IGKV3D-20.IGKJ4.IGKC;IGHV3-7..IGHJ6.IGHM_IGLV1-40.IGLJ3.IGLC2;IGHV4-59..IGHJ4.IGHM_IGLV1-47.IGLJ3.IGLC3;IGHV3-30.IGHD2-2.IGHJ4.IGHM_IGKV1-39.IGKJ5.IGKC;IGHV4-31..IGHJ4.IGHM_IGKV1-39.IGKJ2.IGKC;IGHV1-69D..IGHJ4.IGHG1_IGLV2-23.IGLJ1.IGLC1;IGHV3-30..IGHJ3.IGHM_IGKV3-15.IGKJ1.IGKC;IGHV5-51.IGHD2-15.IGHJ4.IGHM_IGKV2-28.IGKJ3.IGKC;IGHV1-69D..IGHJ4.IGHM_IGKV1-17.IGKJ1.IGKC;IGHV4-59..IGHJ5.IGHG1_IGLV3-10.IGLJ2.IGLC2;IGHV3-7..IGHJ4.IGHM_IGKV1-8.IGKJ4.IGKC;IGHV1-18..IGHJ6.IGHM_IGLV3-25.IGLJ3.IGLC2;IGHV1-8..IGHJ4.IGHM_IGLV1-47.IGLJ3.IGLC3;IGHV1-18.IGHD6-19.IGHJ5.IGHM_IGKV1-12.IGKJ2.IGKC;IGHV3-7..IGHJ4.IGHM_IGKV1-6.IGKJ1.IGKC;IGHV5-51.IGHD6-19.IGHJ4.IGHM_IGLV4-69.IGLJ2.IGLC2;IGHV1-2.IGHD3-10.IGHJ3.IGHM_IGKV1-5.IGKJ1.IGKC;IGHV3-30..IGHJ3.IGHM_IGKV1-16.IGKJ4.IGKC;IGHV1-46..IGHJ4.IGHM_IGKV3-15.IGKJ1.IGKC;IGHV4-28..IGHJ6.IGHM_IGLV8-61.IGLJ3.IGLC2;IGHV1-8..IGHJ6.IGHM_IGKV1-6.IGKJ1.IGKC;IGHV2-5..IGHJ3.IGHM_IGLV3-19.IGLJ3.IGLC3;IGHV2-5..IGHJ4.IGHM_IGLV2-23.IGLJ1.IGLC1;IGHV1-58..IGHJ6.IGHM_IGKV3-20.IGKJ4.IGKC;IGHV1-18..IGHJ4.IGHG2_IGKV2-30.IGKJ2.IGKC;IGHV4-31..IGHJ3.IGHG1_IGKV1-9.IGKJ5.IGKC;IGHV1-2.IGHD6-19.IGHJ6.IGHM_IGKV2-28.IGKJ4.IGKC;IGHV3-7..IGHJ4.IGHM_IGLV3-1.IGLJ2.IGLC2;IGHV7-4-1..IGHJ4.IGHM_IGLV1-51.IGLJ1.IGLC1;IGHV3-15.IGHD3-10.IGHJ6.IGHM_IGLV3-25.IGLJ2.IGLC2;IGHV1-69D..IGHJ6.IGHG3_IGKV3-15.IGKJ4.IGKC;NA_IGLV3-1.IGLJ2.IGLC2;IGHV5-51..IGHJ4.IGHG1_IGLV3-25.IGLJ3.IGLC2;IGHV4-59..IGHJ6.IGHM_IGLV2-11.IGLJ2.IGLC3;IGHV4-39.IGHD3-22.IGHJ4.IGHM_IGLV1-40.IGLJ2.IGLC2;IGHV3-11.IGHD4-17.IGHJ5.IGHM_IGKV1-33.IGKJ4.IGKC;IGHV4-30-4..IGHJ1.IGHM_IGLV1-51.IGLJ2.IGLC2;IGHV3-11..IGHJ5.IGHD_IGLV3-1.IGLJ3.IGLC2;IGHV3-48.IGHD2-2.IGHJ4.IGHM_IGLV1-40.IGLJ1.IGLC1;NA_IGKV3-11.IGKJ2.IGKC;IGHV4-30-4..IGHJ4.IGHM_IGKV3-20.IGKJ5.IGKC;IGHV3-7.IGHD3-3.IGHJ6.IGHD_IGKV2-28.IGKJ4.IGKC;IGHV3-30.IGHD3-22.IGHJ4.IGHM_IGKV3-15.IGKJ1.IGKC;IGHV3-33..IGHJ4.IGHM_IGLV8-61.IGLJ3.IGLC3;IGHV3-9..IGHJ4.IGHM_IGLV3-1.IGLJ2.IGLC2;IGHV1-3.IGHD4-23.IGHJ5.IGHM_IGKV1-16.IGKJ5.IGKC;IGHV4-39..IGHJ4.IGHM_IGLV3-19.IGLJ2.IGLC2;IGHV4-39..IGHJ5.IGHM_IGKV3-20.IGKJ2.IGKC;IGHV3-30.IGHD2-2.IGHJ3.IGHM_IGKV3-20.IGKJ3.IGKC;IGHV3-7..IGHJ4.IGHM_IGKV3-20.IGKJ1.IGKC;IGHV5-51.IGHD2-2.IGHJ6.IGHM_IGKV3-15.IGKJ2.IGKC;IGHV2-5..IGHJ4.IGHM_IGLV7-43.IGLJ2.IGLC2;IGHV5-51.IGHD3-10.IGHJ6.IGHM_IGKV2-28.IGKJ4.IGKC;IGHV6-1..IGHJ5.IGHM_IGKV1-33.IGKJ1.IGKC;IGHV1-2..IGHJ4.IGHM_IGKV3-15.IGKJ5.IGKC;IGHV3-30..IGHJ4.IGHM_IGLV4-69.IGLJ2.IGLC2;IGHV3-33..IGHJ2.IGHM_IGKV3-15.IGKJ1.IGKC;IGHV3-48..IGHJ4.IGHM_IGKV3-15.IGKJ1.IGKC;IGHV4-30-4..IGHJ4.IGHM_IGKV3-20.IGKJ1.IGKC;IGHV3-30..IGHJ3.IGHG1_IGKV3-20.IGKJ2.IGKC;IGHV1-2..IGHJ6.IGHM_IGKV1-39.IGKJ4.IGKC;NA_IGLV2-23.IGLJ2.IGLC2;IGHV1-69D..IGHJ6.IGHM_IGKV3-20.IGKJ4.IGKC;IGHV2-70..IGHJ3.IGHM_IGKV3-15.IGKJ1.IGKC;NA_IGLV1-40.IGLJ2.IGLC2;IGHV4-59.IGHD3-10.IGHJ6.IGHM_IGKV1-39.IGKJ2.IGKC;IGHV3-9..IGHJ4.IGHM_IGKV1D-8.IGKJ1.IGKC;IGHV3-74..IGHJ5.IGHM_IGKV1-39.IGKJ4.IGKC;IGHV3-15.IGHD4-17.IGHJ4.IGHM_IGLV3-25.IGLJ1.IGLC1;IGHV3-43..IGHJ4.IGHM_IGKV3-20.IGKJ1.IGKC;IGHV3-9..IGHJ4.IGHD_IGLV4-69.IGLJ3.IGLC3;IGHV4-61..IGHJ4.IGHM_IGKV1-39.IGKJ2.IGKC;IGHV4-30-4..IGHJ5.IGHM_IGKV1-5.IGKJ1.IGKC;IGHV3-11.IGHD5-24.IGHJ6.IGHM_IGLV2-23.IGLJ1.IGLC1;IGHV3-9.IGHD2-2.IGHJ6.IGHM_IGKV1-5.IGKJ2.IGKC;IGHV3-7..IGHJ4.IGHA2_IGKV2-30.IGKJ2.IGKC;IGHV3-73.IGHD2-15.IGHJ3.IGHM_IGKV1-39.IGKJ2.IGKC;IGHV4-39..IGHJ5.IGHM_IGLV1-40.IGLJ1.IGLC1;IGHV3-9..IGHJ4.IGHM_IGLV2-14.IGLJ2.IGLC2;IGHV5-51..IGHJ4.IGHM_IGLV8-61.IGLJ3.IGLC3;IGHV1-2.IGHD4-17.IGHJ6.IGHD_IGLV3-25.IGLJ1.IGLC1;IGHV3-73..IGHJ4.IGHM_IGKV2D-29.IGKJ1.IGKC;IGHV3-74..IGHJ4.IGHM_IGLV4-69.IGLJ1.IGLC1;IGHV3-30..IGHJ4.IGHM_IGLV3-25.IGLJ3.IGLC2;IGHV1-69D.IGHD2-2.IGHJ5.IGHM_IGLV1-40.IGLJ2.IGLC2;IGHV2-5..IGHJ5.IGHM_IGLV3-1.IGLJ1.IGLC1;IGHV2-26..IGHJ4.IGHM_IGKV1-12.IGKJ1.IGKC;IGHV3-15.IGHD3-3.IGHJ4.IGHM_IGKV1-33.IGKJ4.IGKC;IGHV1-46..IGHJ4.IGHM_IGLV3-19.IGLJ2.IGLC2;IGHV1-8.IGHD3-3.IGHJ6.IGHM_IGKV3-20.IGKJ1.IGKC;IGHV3-15.IGHD2-2.IGHJ4.IGHM_IGKV1-33.IGKJ4.IGKC;IGHV1-8.IGHD3-10.IGHJ6.IGHM_IGKV1-39.IGKJ1.IGKC;IGHV3-9.IGHD4-23.IGHJ1.IGHM_IGLV2-23.IGLJ3.IGLC2;NA_IGKV1-39.IGKJ2.IGKC;IGHV1-69D..IGHJ3.IGHM_NA;IGHV4-59..IGHJ2.IGHG2_IGKV3-20.IGKJ4.IGKC;IGHV1-46..IGHJ6.IGHM_IGKV2-28.IGKJ4.IGKC;IGHV3-48.IGHD6-19.IGHJ4.IGHM_IGKV1-16.IGKJ1.IGKC;IGHV3-30..IGHJ4.IGHM_IGLV3-21.IGLJ1.IGLC1;IGHV1-18.IGHD3-3.IGHJ6.IGHM_IGLV3-21.IGLJ1.IGLC1;IGHV4-61..IGHJ6.IGHM_IGLV7-43.IGLJ1.IGLC1;IGHV3-33..IGHJ3.IGHM_IGKV1-5.IGKJ3.IGKC;IGHV3-30.IGHD2-2.IGHJ6.IGHM_IGLV3-1.IGLJ2.IGLC2;IGHV4-39..IGHJ4.IGHM_IGLV2-18.IGLJ1.IGLC1;IGHV3-33..IGHJ6.IGHM_IGKV3-15.IGKJ4.IGKC;IGHV4-31..IGHJ4.IGHM_IGKV3-20.IGKJ1.IGKC;IGHV4-59..IGHJ6.IGHA1_IGKV2-28.IGKJ2.IGKC;IGHV1-8..IGHJ6.IGHM_IGKV2-28.IGKJ3.IGKC;IGHV4-61.IGHD5-5.IGHJ4.IGHM_IGLV1-36.IGLJ2.IGLC2;IGHV5-51..IGHJ4.IGHM_IGKV3-20.IGKJ2.IGKC;IGHV1-46.IGHD3-22.IGHJ4.IGHM_IGLV1-40.IGLJ2.IGLC2;IGHV3-49..IGHJ4.IGHM_IGKV1-12.IGKJ4.IGKC;IGHV4-61..IGHJ3.IGHM_IGLV3-19.IGLJ1.IGLC1;IGHV2-5..IGHJ6.IGHG1_IGKV1-6.IGKJ2.IGKC;IGHV1-69D..IGHJ4.IGHM_IGLV3-1.IGLJ2.IGLC2;IGHV3-33.IGHD6-19.IGHJ4.IGHM_IGKV3-20.IGKJ1.IGKC;IGHV3-43.IGHD2-2.IGHJ6.IGHM_IGKV1-8.IGKJ5.IGKC;IGHV4-61..IGHJ5.IGHM_IGLV3-1.IGLJ2.IGLC2;IGHV1-18..IGHJ5.IGHM_IGLV1-40.IGLJ3.IGLC3;IGHV4-31..IGHJ5.IGHM_IGKV3-20.IGKJ3.IGKC;IGHV3-48..IGHJ4.IGHM_IGKV1-33.IGKJ5.IGKC;IGHV1-8..IGHJ4.IGHM_IGKV1-5.IGKJ1.IGKC;IGHV4-30-4..IGHJ4.IGHM_IGLV3-1.IGLJ2.IGLC2;IGHV3-30.IGHD2-2.IGHJ6.IGHM_IGKV2-28.IGKJ3.IGKC;IGHV3-11..IGHJ4.IGHM_IGKV1-39.IGKJ2.IGKC;IGHV4-39..IGHJ5.IGHM_IGKV1-5.IGKJ1.IGKC;IGHV3-48..IGHJ4.IGHM_IGLV1-40.IGLJ2.IGLC2;IGHV2-5..IGHJ4.IGHM_IGKV1-16.IGKJ2.IGKC;IGHV3-20..IGHJ4.IGHM_IGKV3-20.IGKJ4.IGKC;IGHV3-33..IGHJ5.IGHM_IGKV1-5.IGKJ1.IGKC;IGHV3-48..IGHJ4.IGHM_IGKV1-8.IGKJ1.IGKC;IGHV3-30..IGHJ3.IGHM_IGLV1-51.IGLJ3.IGLC2;IGHV4-39..IGHJ4.IGHM_IGLV3-21.IGLJ1.IGLC1;IGHV3-11.IGHD3-22.IGHJ4.IGHM_IGLV3-21.IGLJ2.IGLC2;IGHV1-8.IGHD2-2.IGHJ6.IGHM_IGKV1-8.IGKJ4.IGKC;IGHV4-39..IGHJ2.IGHM_IGKV6-21.IGKJ4.IGKC	0	3	IGHV1-2..IGHJ6.IGHM_IGKV4-1.IGKJ4.IGKC;IGHV4-61.IGHD3-22.IGHJ2.IGHM_IGLV2-8.IGLJ1.IGLC1;NA_IGKV1-12.IGKJ4.IGKC	0	NA
4	454	NA_IGKV1-8.IGKJ4.IGKC;IGHV1-69D.IGHD3-22.IGHJ3.IGHM_IGKV1-8.IGKJ1.IGKC;IGHV1-2..IGHJ3.IGHM_IGLV5-45.IGLJ3.IGLC3;IGHV5-51..IGHJ3.IGHM_IGKV1D-8.IGKJ2.IGKC;IGHV4-39..IGHJ3.IGHM_IGLV3-21.IGLJ2.IGLC2;IGHV3-33..IGHJ4.IGHM_IGKV2-28.IGKJ2.IGKC;IGHV3-15..IGHJ4.IGHM_IGLV6-57.IGLJ2.IGLC2;IGHV1-2..IGHJ6.IGHM_IGKV1-27.IGKJ3.IGKC;IGHV2-5.IGHD3-9.IGHJ3.IGHM_IGKV1-5.IGKJ1.IGKC;IGHV3-7..IGHJ4.IGHM_IGKV1-39.IGKJ2.IGKC;IGHV1-8..IGHJ3.IGHM_IGKV3-20.IGKJ1.IGKC;IGHV3-9..IGHJ4.IGHM_IGKV3-20.IGKJ2.IGKC;IGHV4-59..IGHJ6.IGHM_IGKV3-20.IGKJ3.IGKC;IGHV4-31.IGHD2-8.IGHJ6.IGHM_IGLV1-47.IGLJ3.IGLC3;IGHV3-30.IGHD5-5.IGHJ4.IGHM_IGLV4-69.IGLJ3.IGLC3;IGHV2-26..IGHJ4.IGHM_IGKV1-5.IGKJ1.IGKC;IGHV3-33..IGHJ4.IGHG1_IGLV6-57.IGLJ3.IGLC3;IGHV5-51.IGHD3-9.IGHJ4.IGHM_IGKV3-20.IGKJ1.IGKC;IGHV2-5..IGHJ4.IGHM_IGKV2-30.IGKJ1.IGKC;IGHV3-74.IGHD3-22.IGHJ6.IGHD_IGKV1-9.IGKJ3.IGKC;IGHV3-33.IGHD4-17.IGHJ4.IGHM_IGKV3-15.IGKJ1.IGKC;IGHV4-39..IGHJ4.IGHM_IGLV1-40.IGLJ1.IGLC1;IGHV3-49..IGHJ6.IGHM_IGKV1D-8.IGKJ1.IGKC;IGHV3-30.IGHD3-22.IGHJ4.IGHM_IGLV3-25.IGLJ2.IGLC2;IGHV1-24.IGHD2-2.IGHJ6.IGHM_IGKV3-20.IGKJ4.IGKC;IGHV3-30..IGHJ4.IGHM_IGLV1-47.IGLJ2.IGLC2;IGHV3-43..IGHJ4.IGHM_IGLV1-51.IGLJ2.IGLC2;IGHV4-59..IGHJ4.IGHM_IGKV3-15.IGKJ3.IGKC;IGHV4-30-4..IGHJ3.IGHG2_IGKV1-39.IGKJ2.IGKC;IGHV3-7..IGHJ4.IGHM_IGKV1-39.IGKJ2.IGKC;IGHV4-59..IGHJ5.IGHM_IGKV1-12.IGKJ5.IGKC;IGHV1-69D.IGHD3-22.IGHJ4.IGHM_IGKV3-20.IGKJ1.IGKC;IGHV3-30..IGHJ4.IGHM_IGKV3-15.IGKJ1.IGKC;IGHV3-48.IGHD3-16.IGHJ6.IGHM_IGLV2-8.IGLJ1.IGLC1;IGHV1-8.IGHD3-22.IGHJ3.IGHM_IGKV2-28.IGKJ4.IGKC;IGHV3-30..IGHJ4.IGHM_IGKV1-39.IGKJ4.IGKC;IGHV3-11..IGHJ4.IGHM_IGLV1-40.IGLJ1.IGLC1;IGHV3-33..IGHJ4.IGHM_IGKV1-12.IGKJ5.IGKC;IGHV4-61..IGHJ4.IGHG1_IGKV1-39.IGKJ2.IGKC;IGHV1-69D.IGHD2-2.IGHJ5.IGHM_IGLV1-51.IGLJ3.IGLC3;IGHV3-7..IGHJ3.IGHM_IGLV3-1.IGLJ2.IGLC2;IGHV1-69D..IGHJ5.IGHM_IGLV1-40.IGLJ2.IGLC2;IGHV3-11..IGHJ4.IGHM_IGKV1-5.IGKJ1.IGKC;IGHV4-61..IGHJ5.IGHM_IGKV2-30.IGKJ4.IGKC;IGHV3-33..IGHJ6.IGHM_IGKV3-20.IGKJ1.IGKC;IGHV4-61.IGHD3-22.IGHJ4.IGHM_IGKV1-39.IGKJ4.IGKC;IGHV1-8.IGHD6-19.IGHJ4.IGHM_IGLV1-40.IGLJ2.IGLC2;IGHV3-33.IGHD4-4.IGHJ6.IGHM_IGKV1-39.IGKJ2.IGKC;IGHV3-7..IGHJ4.IGHM_IGLV3-21.IGLJ1.IGLC1;IGHV3-7.IGHD6-13.IGHJ4.IGHM_IGKV1-39.IGKJ2.IGKC;IGHV3-13.IGHD2-2.IGHJ6.IGHM_IGLV3-21.IGLJ3.IGLC2;IGHV5-51.IGHD3-22.IGHJ6.IGHM_IGKV3-15.IGKJ1.IGKC;IGHV3-7..IGHJ4.IGHM_IGKV2-28.IGKJ4.IGKC;IGHV1-18..IGHJ4.IGHM_IGKV3-20.IGKJ3.IGKC;IGHV3-7..IGHJ6.IGHM_IGLV3-19.IGLJ1.IGLC1;IGHV7-4-1.IGHD3-10.IGHJ4.IGHM_IGLV2-11.IGLJ2.IGLC2;IGHV5-51.IGHD3-9.IGHJ6.IGHM_IGLV1-40.IGLJ2.IGLC2;IGHV2-5.IGHD6-19.IGHJ5.IGHM_IGLV6-57.IGLJ2.IGLC2;IGHV4-59..IGHJ4.IGHM_IGKV1-39.IGKJ3.IGKC;IGHV1-69D..IGHJ6.IGHM_IGLV1-51.IGLJ1.IGLC1;IGHV4-39..IGHJ6.IGHM_IGKV1-12.IGKJ4.IGKC;IGHV4-61..IGHJ6.IGHM_IGLV1-40.IGLJ1.IGLC1;IGHV3-30..IGHJ3.IGHA1_IGKV1-9.IGKJ5.IGKC;IGHV3-30.IGHD3-10.IGHJ6.IGHM_IGKV3-15.IGKJ1.IGKC;IGHV3-15..IGHJ6.IGHM_IGLV2-8.IGLJ3.IGLC3;IGHV1-69D..IGHJ5.IGHM_IGKV3-15.IGKJ4.IGKC;IGHV6-1..IGHJ4.IGHM_IGKV1-33.IGKJ2.IGKC;IGHV3-33..IGHJ1.IGHM_IGKV3-15.IGKJ1.IGKC;IGHV1-2..IGHJ4.IGHM_IGKV3-20.IGKJ2.IGKC;IGHV3-49.IGHD5-24.IGHJ4.IGHM_IGLV3-21.IGLJ2.IGLC2;IGHV7-4-1..IGHJ4.IGHM_IGKV3-20.IGKJ1.IGKC;IGHV3-74..IGHJ5.IGHM_IGKV1-39.IGKJ1.IGKC;IGHV2-26.IGHD4-17.IGHJ6.IGHM_IGKV3-20.IGKJ5.IGKC;IGHV3-74..IGHJ4.IGHM_IGLV2-23.IGLJ1.IGLC1;IGHV3-15.IGHD3-9.IGHJ6.IGHD_IGLV7-46.IGLJ3.IGLC3;IGHV1-18..IGHJ4.IGHM_IGKV2-28.IGKJ1.IGKC;IGHV3-33..IGHJ4.IGHM_IGKV2-28.IGKJ4.IGKC;IGHV1-46.IGHD2-2.IGHJ4.IGHM_IGKV3D-15.IGKJ4.IGKC;IGHV4-59..IGHJ6.IGHM_IGLV1-40.IGLJ2.IGLC2;IGHV3-33..IGHJ4.IGHM_IGLV2-14.IGLJ2.IGLC2;IGHV5-51..IGHJ4.IGHM_IGLV1-40.IGLJ2.IGLC2;IGHV3-53..IGHJ4.IGHM_IGLV3-1.IGLJ1.IGLC1;IGHV3-53.IGHD5-24.IGHJ4.IGHM_IGKV3-15.IGKJ1.IGKC;IGHV3-9.IGHD4-23.IGHJ4.IGHM_IGKV3D-20.IGKJ4.IGKC;IGHV3-30..IGHJ4.IGHA1_IGLV6-57.IGLJ2.IGLC2;IGHV4-59.IGHD2-2.IGHJ6.IGHM_IGKV1-39.IGKJ1.IGKC;IGHV4-61.IGHD2-15.IGHJ6.IGHM_IGKV1-17.IGKJ1.IGKC;IGHV3-9..IGHJ3.IGHM_IGLV1-40.IGLJ3.IGLC3;IGHV5-51.IGHD5-5.IGHJ6.IGHM_IGKV1-16.IGKJ1.IGKC;IGHV3-9..IGHJ6.IGHM_IGKV1-39.IGKJ2.IGKC;IGHV1-24..IGHJ4.IGHG1_IGKV1-39.IGKJ1.IGKC;IGHV3-11..IGHJ4.IGHM_IGLV3-25.IGLJ2.IGLC2;IGHV4-39.IGHD2-2.IGHJ2.IGHM_IGLV4-69.IGLJ2.IGLC2;IGHV3-48..IGHJ5.IGHM_IGKV3-15.IGKJ4.IGKC;IGHV3-9..IGHJ4.IGHG1_IGKV3-20.IGKJ1.IGKC;IGHV1-69D..IGHJ6.IGHM_IGLV1-40.IGLJ1.IGLC1;IGHV4-59..IGHJ5.IGHM_IGLV6-57.IGLJ3.IGLC3;IGHV3-21.IGHD6-13.IGHJ5.IGHM_IGKV1-39.IGKJ2.IGKC;IGHV3-53..IGHJ3.IGHM_IGKV1-27.IGKJ3.IGKC;IGHV3-48.IGHD3-22.IGHJ3.IGHM_IGLV1-40.IGLJ2.IGLC2;IGHV5-51.IGHD1-26.IGHJ3.IGHM_IGLV1-47.IGLJ3.IGLC2;IGHV4-59.IGHD4-17.IGHJ4.IGHM_IGLV3-25.IGLJ2.IGLC2;IGHV1-2..IGHJ6.IGHM_IGKV1-39.IGKJ2.IGKC;IGHV3-43..IGHJ6.IGHM_IGLV3-1.IGLJ2.IGLC2;IGHV3-48..IGHJ6.IGHM_IGKV3-20.IGKJ2.IGKC;IGHV3-21..IGHJ6.IGHM_IGKV1-5.IGKJ1.IGKC;IGHV3-11..IGHJ4.IGHM_IGKV1-6.IGKJ1.IGKC;IGHV3-9..IGHJ4.IGHM_IGKV3-20.IGKJ5.IGKC;IGHV4-34..IGHJ3.IGHG3_IGKV3-15.IGKJ1.IGKC;IGHV3-21..IGHJ6.IGHM_IGKV1-12.IGKJ4.IGKC;IGHV4-30-4..IGHJ6.IGHM_IGKV2-28.IGKJ3.IGKC;IGHV4-39..IGHJ4.IGHA1_IGKV1-16.IGKJ3.IGKC;IGHV4-39..IGHJ1.IGHG3_IGKV1-39.IGKJ3.IGKC;IGHV4-59..IGHJ4.IGHM_IGLV4-69.IGLJ3.IGLC2;IGHV4-39.IGHD3-10.IGHJ4.IGHM_IGLV8-61.IGLJ3.IGLC2;IGHV2-5.IGHD3-9.IGHJ5.IGHM_IGLV1-40.IGLJ2.IGLC2;IGHV3-53..IGHJ4.IGHM_IGKV1-39.IGKJ5.IGKC;IGHV3-53.IGHD2-15.IGHJ6.IGHM_IGKV3-20.IGKJ5.IGKC;IGHV1-8..IGHJ4.IGHM_IGKV3-20.IGKJ2.IGKC;IGHV1-69D..IGHJ6.IGHM_IGKV3-15.IGKJ2.IGKC;IGHV4-61..IGHJ6.IGHM_IGKV1-8.IGKJ3.IGKC;IGHV4-61..IGHJ5.IGHM_IGKV3-20.IGKJ1.IGKC;IGHV3-48.IGHD5-5.IGHJ4.IGHM_IGLV3-25.IGLJ3.IGLC3;IGHV3-7..IGHJ4.IGHM_IGLV4-69.IGLJ2.IGLC2;IGHV4-30-4.IGHD3-10.IGHJ5.IGHM_IGLV3-9.IGLJ2.IGLC2;IGHV3-30..IGHJ4.IGHM_IGKV3-20.IGKJ1.IGKC;IGHV4-30-4..IGHJ5.IGHA1_IGLV1-51.IGLJ2.IGLC2;IGHV1-3..IGHJ4.IGHM_IGKV1-33.IGKJ4.IGKC;IGHV2-5..IGHJ4.IGHM_IGKV1D-8.IGKJ1.IGKC;IGHV4-39..IGHJ4.IGHM_IGLV1-47.IGLJ2.IGLC2;IGHV1-69D.IGHD3-22.IGHJ4.IGHM_IGKV3-11.IGKJ4.IGKC;IGHV3-49..IGHJ4.IGHA1_IGLV2-23.IGLJ1.IGLC1;IGHV5-51..IGHJ5.IGHM_NA;IGHV5-51..IGHJ4.IGHM_IGLV3-19.IGLJ2.IGLC2;IGHV1-8.IGHD6-13.IGHJ6.IGHM_IGLV1-40.IGLJ2.IGLC2;IGHV1-18.IGHD6-13.IGHJ5.IGHM_IGLV7-46.IGLJ1.IGLC1;IGHV3-33..IGHJ4.IGHA1_IGLV1-51.IGLJ2.IGLC2;IGHV3-48..IGHJ3.IGHM_IGLV3-25.IGLJ3.IGLC3;IGHV3-33..IGHJ6.IGHM_IGKV1-33.IGKJ5.IGKC;IGHV3-15..IGHJ4.IGHM_IGLV3-1.IGLJ1.IGLC1;IGHV2-26..IGHJ3.IGHM_IGKV3-20.IGKJ1.IGKC;IGHV4-59.IGHD3-22.IGHJ4.IGHM_IGKV1-33.IGKJ3.IGKC;IGHV3-30.IGHD3-3.IGHJ3.IGHM_IGKV1-39.IGKJ2.IGKC;IGHV4-59..IGHJ6.IGHM_IGKV1-5.IGKJ4.IGKC;IGHV3-7..IGHJ6.IGHM_IGKV1-39.IGKJ2.IGKC;IGHV3-53.IGHD3-22.IGHJ3.IGHM_IGKV1-39.IGKJ2.IGKC;IGHV3-7..IGHJ5.IGHM_IGLV3-9.IGLJ2.IGLC2;IGHV4-59.IGHD6-6.IGHJ4.IGHG1_IGLV1-40.IGLJ1.IGLC1;IGHV2-5.IGHD3-16.IGHJ5.IGHM_IGLV3-1.IGLJ2.IGLC2;IGHV3-15.IGHD3-9.IGHJ4.IGHM_IGKV2-28.IGKJ5.IGKC;IGHV1-18.IGHD3-3.IGHJ6.IGHM_IGKV3-20.IGKJ1.IGKC;IGHV4-61.IGHD1-7.IGHJ2.IGHM_IGLV3-21.IGLJ1.IGLC1;IGHV1-24..IGHJ4.IGHM_IGKV1-5.IGKJ1.IGKC;IGHV3-48.IGHD3-22.IGHJ4.IGHM_IGKV3-15.IGKJ2.IGKC;IGHV3-48..IGHJ4.IGHM_IGKV1-39.IGKJ1.IGKC;IGHV3-7..IGHJ4.IGHM_IGKV3D-20.IGKJ4.IGKC;IGHV2-26..IGHJ4.IGHM_IGKV2D-29.IGKJ3.IGKC;IGHV1-2..IGHJ5.IGHM_IGLV2-23.IGLJ2.IGLC2;IGHV3-7..IGHJ4.IGHM_IGKV3-20.IGKJ4.IGKC;IGHV4-34..IGHJ5.IGHG3_IGLV3-25.IGLJ2.IGLC2;IGHV4-61.IGHD1-26.IGHJ4.IGHM_IGKV1D-8.IGKJ4.IGKC;IGHV4-30-4..IGHJ1.IGHG1_IGLV1-40.IGLJ1.IGLC1;IGHV2-70..IGHJ6.IGHG1_IGKV2-28.IGKJ2.IGKC;IGHV7-4-1..IGHJ4.IGHM_IGLV1-40.IGLJ2.IGLC2;IGHV1-2.IGHD6-19.IGHJ4.IGHM_IGLV2-11.IGLJ2.IGLC2;IGHV1-18..IGHJ5.IGHG1_IGKV1-39.IGKJ1.IGKC;IGHV3-7..IGHJ4.IGHM_IGKV3-15.IGKJ1.IGKC;IGHV4-39.IGHD2-2.IGHJ4.IGHM_IGKV1-5.IGKJ4.IGKC;IGHV4-39.IGHD3-3.IGHJ4.IGHM_IGLV1-40.IGLJ2.IGLC2;IGHV3-23..IGHJ4.IGHA1_IGKV1-39.IGKJ2.IGKC;IGHV3-9.IGHD3-10.IGHJ6.IGHM_IGLV3-1.IGLJ1.IGLC1;IGHV1-69D..IGHJ6.IGHM_IGKV2-28.IGKJ2.IGKC;IGHV3-30..IGHJ4.IGHA1_IGKV1-39.IGKJ4.IGKC;IGHV6-1..IGHJ4.IGHM_IGLV2-23.IGLJ3.IGLC3;IGHV4-30-4.IGHD2-2.IGHJ6.IGHM_IGLV1-40.IGLJ2.IGLC2;IGHV3-49.IGHD3-3.IGHJ4.IGHM_IGKV3-20.IGKJ1.IGKC;IGHV3-74..IGHJ5.IGHM_IGKV1-39.IGKJ2.IGKC;IGHV1-69D..IGHJ3.IGHM_IGKV1-5.IGKJ4.IGKC;IGHV7-4-1..IGHJ4.IGHM_IGKV1-39.IGKJ3.IGKC;IGHV5-51..IGHJ4.IGHM_IGKV1-9.IGKJ4.IGKC;IGHV3-53..IGHJ6.IGHM_IGKV2-28.IGKJ2.IGKC;IGHV1-24..IGHJ4.IGHM_IGKV1-12.IGKJ4.IGKC;IGHV3-9..IGHJ4.IGHM_IGLV3-25.IGLJ3.IGLC3;IGHV3-15.IGHD2-21.IGHJ4.IGHM_IGKV1-9.IGKJ4.IGKC;IGHV7-4-1..IGHJ4.IGHM_IGLV1-40.IGLJ2.IGLC2;IGHV1-2..IGHJ4.IGHM_IGLV2-8.IGLJ2.IGLC2;IGHV3-9..IGHJ1.IGHM_IGLV2-23.IGLJ2.IGLC2;IGHV1-3..IGHJ6.IGHM_IGKV1-9.IGKJ4.IGKC;IGHV5-51.IGHD3-9.IGHJ6.IGHM_IGLV7-43.IGLJ2.IGLC2;IGHV3-15.IGHD3-22.IGHJ4.IGHM_IGLV3-25.IGLJ1.IGLC1;IGHV4-61..IGHJ4.IGHM_IGKV1D-8.IGKJ2.IGKC;IGHV4-61..IGHJ6.IGHM_IGLV3-1.IGLJ1.IGLC1;IGHV3-7..IGHJ4.IGHM_IGLV3-1.IGLJ2.IGLC2;IGHV3-74..IGHJ3.IGHM_IGKV1-39.IGKJ1.IGKC;IGHV2-5.IGHD3-22.IGHJ4.IGHM_IGKV1-39.IGKJ4.IGKC;IGHV3-48..IGHJ4.IGHM_IGKV3-15.IGKJ2.IGKC;IGHV2-70.IGHD2-15.IGHJ6.IGHM_IGKV3-20.IGKJ1.IGKC;IGHV3-48.IGHD3-22.IGHJ4.IGHM_IGLV4-69.IGLJ3.IGLC2;IGHV5-51..IGHJ1.IGHM_IGKV3-20.IGKJ2.IGKC;IGHV5-51..IGHJ4.IGHG2_IGKV1-12.IGKJ4.IGKC;NA_IGKV1-39.IGKJ1.IGKC;IGHV7-4-1..IGHJ1.IGHA1_IGLV2-23.IGLJ3.IGLC3;IGHV3-30.IGHD3-22.IGHJ6.IGHM_IGLV3-25.IGLJ1.IGLC1;IGHV3-23..IGHJ4.IGHA1_IGKV1-5.IGKJ1.IGKC;IGHV1-2..IGHJ4.IGHM_IGKV1-33.IGKJ2.IGKC;IGHV4-59..IGHJ3.IGHM_IGKV1-8.IGKJ4.IGKC;IGHV4-30-4..IGHJ5.IGHM_IGKV2D-29.IGKJ2.IGKC;IGHV3-7..IGHJ6.IGHG2_IGKV3-20.IGKJ3.IGKC;IGHV4-59..IGHJ4.IGHG1_IGKV1-39.IGKJ4.IGKC;IGHV2-5..IGHJ5.IGHA2_IGKV2-28.IGKJ2.IGKC;IGHV6-1..IGHJ6.IGHM_IGKV3-20.IGKJ4.IGKC;IGHV3-72..IGHJ6.IGHA2_IGKV1-9.IGKJ5.IGKC;IGHV3-53.IGHD4-23.IGHJ5.IGHM_IGLV3-21.IGLJ2.IGLC2;IGHV3-23..IGHJ4.IGHM_IGKV1-8.IGKJ1.IGKC;IGHV1-18..IGHJ6.IGHM_IGKV2-28.IGKJ2.IGKC;IGHV3-48..IGHJ4.IGHM_IGKV2-28.IGKJ2.IGKC;IGHV3-21..IGHJ4.IGHM_IGKV3-15.IGKJ1.IGKC;IGHV1-8..IGHJ5.IGHM_IGLV3-19.IGLJ2.IGLC2;IGHV1-3.IGHD3-16.IGHJ3.IGHM_IGKV2-30.IGKJ4.IGKC;IGHV3-11.IGHD3-22.IGHJ4.IGHM_IGKV1-39.IGKJ2.IGKC;IGHV3-49.IGHD6-13.IGHJ6.IGHM_IGKV1-39.IGKJ2.IGKC;IGHV1-2..IGHJ4.IGHM_IGKV3-15.IGKJ2.IGKC;IGHV4-39..IGHJ5.IGHM_IGKV3-20.IGKJ2.IGKC;IGHV3-49.IGHD2-2.IGHJ5.IGHM_IGLV3-1.IGLJ2.IGLC2;IGHV1-46..IGHJ1.IGHM_IGLV2-23.IGLJ1.IGLC1;IGHV3-74.IGHD3-22.IGHJ4.IGHM_IGKV1-39.IGKJ1.IGKC;IGHV1-8..IGHJ3.IGHM_IGKV1-33.IGKJ4.IGKC;IGHV3-15..IGHJ4.IGHM_IGKV3-15.IGKJ3.IGKC;IGHV3-11.IGHD3-22.IGHJ3.IGHM_IGKV1-39.IGKJ1.IGKC;IGHV1-24..IGHJ6.IGHM_IGLV3-19.IGLJ1.IGLC1;IGHV3-33..IGHJ3.IGHM_IGLV2-23.IGLJ3.IGLC3;IGHV3-11.IGHD1-1.IGHJ4.IGHM_IGLV1-51.IGLJ1.IGLC1;IGHV3-11.IGHD2-2.IGHJ6.IGHM_IGKV1-39.IGKJ1.IGKC;IGHV1-18..IGHJ6.IGHM_IGKV3-20.IGKJ1.IGKC;IGHV1-2..IGHJ3.IGHM_IGLV2-11.IGLJ2.IGLC2;IGHV2-5.IGHD3-22.IGHJ4.IGHM_IGKV3-15.IGKJ4.IGKC;IGHV1-18..IGHJ4.IGHM_IGKV3-20.IGKJ2.IGKC;IGHV3-30..IGHJ4.IGHM_IGKV1-17.IGKJ1.IGKC;IGHV3-15.IGHD3-9.IGHJ6.IGHM_IGLV3-25.IGLJ2.IGLC2;IGHV3-11..IGHJ4.IGHM_IGKV3-20.IGKJ2.IGKC;IGHV7-4-1..IGHJ5.IGHA1_IGLV4-69.IGLJ3.IGLC2;IGHV3-53.IGHD3-22.IGHJ4.IGHM_IGLV4-69.IGLJ3.IGLC3;IGHV1-18..IGHJ5.IGHM_IGKV1-39.IGKJ1.IGKC;IGHV3-11..IGHJ5.IGHM_IGKV1-33.IGKJ3.IGKC;IGHV5-51..IGHJ6.IGHM_IGKV2-28.IGKJ3.IGKC;IGHV4-39.IGHD3-9.IGHJ4.IGHM_IGKV3-15.IGKJ2.IGKC;IGHV4-59..IGHJ4.IGHM_IGLV1-47.IGLJ2.IGLC2;IGHV2-26..IGHJ5.IGHM_IGLV3-21.IGLJ1.IGLC1;IGHV4-39..IGHJ4.IGHM_IGLV1-40.IGLJ2.IGLC2;IGHV1-2..IGHJ6.IGHM_IGKV3-20.IGKJ3.IGKC;IGHV4-39..IGHJ5.IGHM_IGKV1-12.IGKJ2.IGKC;IGHV1-69D.IGHD4-17.IGHJ4.IGHM_IGKV1-27.IGKJ3.IGKC;IGHV1-18..IGHJ1.IGHM_IGKV3-20.IGKJ2.IGKC;IGHV4-30-4..IGHJ4.IGHM_IGKV1-39.IGKJ1.IGKC;IGHV3-73..IGHJ4.IGHG1_IGKV1-17.IGKJ1.IGKC;IGHV3-15..IGHJ4.IGHM_IGKV1-8.IGKJ3.IGKC;IGHV3-9..IGHJ6.IGHM_IGLV10-54.IGLJ2.IGLC2;IGHV4-59..IGHJ4.IGHM_IGKV3-20.IGKJ4.IGKC;IGHV5-51..IGHJ6.IGHM_IGKV2D-40.IGKJ4.IGKC;IGHV3-53..IGHJ6.IGHM_IGKV1-39.IGKJ1.IGKC;IGHV3-30..IGHJ4.IGHM_IGLV1-47.IGLJ1.IGLC1;IGHV2-5.IGHD2-2.IGHJ5.IGHM_IGLV3-25.IGLJ1.IGLC1;IGHV4-39..IGHJ4.IGHM_IGLV1-51.IGLJ3.IGLC3;IGHV4-59..IGHJ4.IGHM_IGKV2-28.IGKJ5.IGKC;IGHV3-23..IGHJ4.IGHM_IGKV1-39.IGKJ4.IGKC;IGHV3-15.IGHD5-24.IGHJ4.IGHM_IGKV1-33.IGKJ5.IGKC;IGHV3-48..IGHJ6.IGHM_IGLV3-25.IGLJ3.IGLC2;IGHV4-59..IGHJ6.IGHM_IGKV1-39.IGKJ2.IGKC;IGHV2-5..IGHJ4.IGHM_IGKV1-5.IGKJ2.IGKC;IGHV3-15..IGHJ3.IGHM_IGKV1-17.IGKJ1.IGKC;IGHV3-49..IGHJ6.IGHM_IGKV1-16.IGKJ4.IGKC;IGHV3-30.IGHD6-19.IGHJ3.IGHM_IGKV1-5.IGKJ1.IGKC;IGHV3-33.IGHD3-3.IGHJ4.IGHM_IGKV1-6.IGKJ2.IGKC;IGHV4-30-4.IGHD3-22.IGHJ3.IGHM_IGLV3-25.IGLJ2.IGLC2;IGHV3-30.IGHD3-22.IGHJ6.IGHM_IGLV2-23.IGLJ2.IGLC2;IGHV7-4-1..IGHJ5.IGHM_IGKV3-11.IGKJ4.IGKC;IGHV3-21..IGHJ4.IGHG1_IGKV3-20.IGKJ1.IGKC;IGHV1-2..IGHJ4.IGHM_IGKV1-39.IGKJ2.IGKC;IGHV4-39.IGHD3-22.IGHJ5.IGHM_IGLV3-19.IGLJ2.IGLC2;IGHV3-33..IGHJ4.IGHM_IGLV8-61.IGLJ3.IGLC3;IGHV3-9..IGHJ4.IGHM_IGLV3-21.IGLJ2.IGLC2;IGHV3-33..IGHJ6.IGHM_IGKV1-9.IGKJ5.IGKC;IGHV6-1..IGHJ5.IGHM_IGLV1-36.IGLJ3.IGLC2;IGHV6-1.IGHD6-13.IGHJ3.IGHM_IGKV1-5.IGKJ1.IGKC;IGHV2-5.IGHD3-10.IGHJ5.IGHM_IGLV3-25.IGLJ1.IGLC1;IGHV4-59..IGHJ4.IGHM_IGLV3-19.IGLJ2.IGLC2;IGHV3-30.IGHD6-6.IGHJ4.IGHM_IGLV2-8.IGLJ1.IGLC1;IGHV2-5..IGHJ4.IGHG1_IGLV1-40.IGLJ2.IGLC2;IGHV3-74.IGHD3-22.IGHJ4.IGHM_IGKV1-39.IGKJ1.IGKC;IGHV4-39..IGHJ5.IGHM_IGLV3-25.IGLJ2.IGLC2;IGHV1-8..IGHJ6.IGHM_IGLV1-51.IGLJ2.IGLC2;IGHV5-51..IGHJ3.IGHM_IGKV1-33.IGKJ1.IGKC;IGHV1-18..IGHJ6.IGHM_IGKV3-20.IGKJ2.IGKC;IGHV3-23.IGHD3-10.IGHJ4.IGHM_IGKV1-33.IGKJ4.IGKC;IGHV3-15.IGHD5-24.IGHJ4.IGHG1_IGKV3-20.IGKJ2.IGKC;IGHV1-18..IGHJ5.IGHM_IGKV1-27.IGKJ3.IGKC;IGHV4-61..IGHJ3.IGHM_IGKV1-8.IGKJ1.IGKC;IGHV2-5.IGHD3-22.IGHJ5.IGHM_IGKV3-20.IGKJ1.IGKC;IGHV4-39.IGHD5-5.IGHJ4.IGHM_IGLV1-40.IGLJ1.IGLC1;IGHV4-59.IGHD3-9.IGHJ6.IGHM_IGLV1-47.IGLJ1.IGLC1;IGHV3-30..IGHJ5.IGHM_IGKV1-8.IGKJ4.IGKC;IGHV1-46..IGHJ4.IGHM_IGKV4-1.IGKJ2.IGKC;IGHV3-49.IGHD4-4.IGHJ5.IGHM_IGKV1-17.IGKJ4.IGKC;IGHV4-61..IGHJ6.IGHM_IGLV3-10.IGLJ3.IGLC3;IGHV3-30..IGHJ6.IGHM_IGKV1-39.IGKJ2.IGKC;IGHV3-30.IGHD3-9.IGHJ4.IGHM_IGKV1-8.IGKJ4.IGKC;IGHV3-48..IGHJ4.IGHM_IGKV1-12.IGKJ2.IGKC;IGHV7-4-1.IGHD3-10.IGHJ4.IGHM_IGKV1-39.IGKJ1.IGKC;IGHV4-39..IGHJ5.IGHM_IGKV1-8.IGKJ1.IGKC;IGHV4-61..IGHJ6.IGHM_IGLV1-51.IGLJ2.IGLC2;IGHV3-48..IGHJ3.IGHM_IGLV3-21.IGLJ1.IGLC1;IGHV4-31..IGHJ4.IGHM_IGKV1D-8.IGKJ3.IGKC;NA_IGKV3-15.IGKJ1.IGKC;IGHV3-48..IGHJ4.IGHM_IGKV2-28.IGKJ2.IGKC;IGHV5-51..IGHJ6.IGHD_IGKV1-39.IGKJ4.IGKC;IGHV3-11.IGHD5-5.IGHJ5.IGHM_IGLV1-40.IGLJ2.IGLC2;IGHV3-13..IGHJ4.IGHM_IGKV1-39.IGKJ1.IGKC;IGHV3-7..IGHJ4.IGHM_IGLV1-40.IGLJ2.IGLC2;IGHV4-30-4..IGHJ3.IGHM_IGKV3D-20.IGKJ4.IGKC;IGHV3-7..IGHJ6.IGHM_IGLV1-40.IGLJ3.IGLC2;IGHV4-59..IGHJ4.IGHM_IGLV1-47.IGLJ3.IGLC3;IGHV3-30.IGHD2-2.IGHJ4.IGHM_IGKV1-39.IGKJ5.IGKC;IGHV4-31..IGHJ4.IGHM_IGKV1-39.IGKJ2.IGKC;IGHV1-69D..IGHJ4.IGHG1_IGLV2-23.IGLJ1.IGLC1;IGHV3-30..IGHJ3.IGHM_IGKV3-15.IGKJ1.IGKC;IGHV5-51.IGHD2-15.IGHJ4.IGHM_IGKV2-28.IGKJ3.IGKC;IGHV1-69D..IGHJ4.IGHM_IGKV1-17.IGKJ1.IGKC;IGHV4-59..IGHJ5.IGHG1_IGLV3-10.IGLJ2.IGLC2;IGHV3-7..IGHJ4.IGHM_IGKV1-8.IGKJ4.IGKC;IGHV1-18..IGHJ6.IGHM_IGLV3-25.IGLJ3.IGLC2;IGHV1-8..IGHJ4.IGHM_IGLV1-47.IGLJ3.IGLC3;IGHV1-18.IGHD6-19.IGHJ5.IGHM_IGKV1-12.IGKJ2.IGKC;IGHV3-7..IGHJ4.IGHM_IGKV1-6.IGKJ1.IGKC;IGHV5-51.IGHD6-19.IGHJ4.IGHM_IGLV4-69.IGLJ2.IGLC2;IGHV1-2.IGHD3-10.IGHJ3.IGHM_IGKV1-5.IGKJ1.IGKC;IGHV3-30..IGHJ3.IGHM_IGKV1-16.IGKJ4.IGKC;IGHV1-46..IGHJ4.IGHM_IGKV3-15.IGKJ1.IGKC;IGHV4-28..IGHJ6.IGHM_IGLV8-61.IGLJ3.IGLC2;IGHV1-8..IGHJ6.IGHM_IGKV1-6.IGKJ1.IGKC;IGHV2-5..IGHJ3.IGHM_IGLV3-19.IGLJ3.IGLC3;IGHV2-5..IGHJ4.IGHM_IGLV2-23.IGLJ1.IGLC1;IGHV1-58..IGHJ6.IGHM_IGKV3-20.IGKJ4.IGKC;IGHV1-18..IGHJ4.IGHG2_IGKV2-30.IGKJ2.IGKC;IGHV4-31..IGHJ3.IGHG1_IGKV1-9.IGKJ5.IGKC;IGHV1-2.IGHD6-19.IGHJ6.IGHM_IGKV2-28.IGKJ4.IGKC;IGHV3-7..IGHJ4.IGHM_IGLV3-1.IGLJ2.IGLC2;IGHV7-4-1..IGHJ4.IGHM_IGLV1-51.IGLJ1.IGLC1;IGHV3-15.IGHD3-10.IGHJ6.IGHM_IGLV3-25.IGLJ2.IGLC2;IGHV1-69D..IGHJ6.IGHG3_IGKV3-15.IGKJ4.IGKC;NA_IGLV3-1.IGLJ2.IGLC2;IGHV5-51..IGHJ4.IGHG1_IGLV3-25.IGLJ3.IGLC2;IGHV4-59..IGHJ6.IGHM_IGLV2-11.IGLJ2.IGLC3;IGHV4-39.IGHD3-22.IGHJ4.IGHM_IGLV1-40.IGLJ2.IGLC2;IGHV3-11.IGHD4-17.IGHJ5.IGHM_IGKV1-33.IGKJ4.IGKC;IGHV4-30-4..IGHJ1.IGHM_IGLV1-51.IGLJ2.IGLC2;IGHV3-11..IGHJ5.IGHD_IGLV3-1.IGLJ3.IGLC2;IGHV3-48.IGHD2-2.IGHJ4.IGHM_IGLV1-40.IGLJ1.IGLC1;NA_IGKV3-11.IGKJ2.IGKC;IGHV4-30-4..IGHJ4.IGHM_IGKV3-20.IGKJ5.IGKC;IGHV3-7.IGHD3-3.IGHJ6.IGHD_IGKV2-28.IGKJ4.IGKC;IGHV3-30.IGHD3-22.IGHJ4.IGHM_IGKV3-15.IGKJ1.IGKC;IGHV3-33..IGHJ4.IGHM_IGLV8-61.IGLJ3.IGLC3;IGHV3-9..IGHJ4.IGHM_IGLV3-1.IGLJ2.IGLC2;IGHV1-3.IGHD4-23.IGHJ5.IGHM_IGKV1-16.IGKJ5.IGKC;IGHV4-39..IGHJ4.IGHM_IGLV3-19.IGLJ2.IGLC2;IGHV4-39..IGHJ5.IGHM_IGKV3-20.IGKJ2.IGKC;IGHV3-30.IGHD2-2.IGHJ3.IGHM_IGKV3-20.IGKJ3.IGKC;IGHV3-7..IGHJ4.IGHM_IGKV3-20.IGKJ1.IGKC;IGHV5-51.IGHD2-2.IGHJ6.IGHM_IGKV3-15.IGKJ2.IGKC;IGHV2-5..IGHJ4.IGHM_IGLV7-43.IGLJ2.IGLC2;IGHV5-51.IGHD3-10.IGHJ6.IGHM_IGKV2-28.IGKJ4.IGKC;IGHV6-1..IGHJ5.IGHM_IGKV1-33.IGKJ1.IGKC;IGHV1-2..IGHJ4.IGHM_IGKV3-15.IGKJ5.IGKC;IGHV3-30..IGHJ4.IGHM_IGLV4-69.IGLJ2.IGLC2;IGHV3-33..IGHJ2.IGHM_IGKV3-15.IGKJ1.IGKC;IGHV3-48..IGHJ4.IGHM_IGKV3-15.IGKJ1.IGKC;IGHV4-30-4..IGHJ4.IGHM_IGKV3-20.IGKJ1.IGKC;IGHV3-30..IGHJ3.IGHG1_IGKV3-20.IGKJ2.IGKC;IGHV1-2..IGHJ6.IGHM_IGKV1-39.IGKJ4.IGKC;NA_IGLV2-23.IGLJ2.IGLC2;IGHV1-69D..IGHJ6.IGHM_IGKV3-20.IGKJ4.IGKC;IGHV2-70..IGHJ3.IGHM_IGKV3-15.IGKJ1.IGKC;NA_IGLV1-40.IGLJ2.IGLC2;IGHV4-59.IGHD3-10.IGHJ6.IGHM_IGKV1-39.IGKJ2.IGKC;IGHV3-9..IGHJ4.IGHM_IGKV1D-8.IGKJ1.IGKC;IGHV3-74..IGHJ5.IGHM_IGKV1-39.IGKJ4.IGKC;IGHV3-15.IGHD4-17.IGHJ4.IGHM_IGLV3-25.IGLJ1.IGLC1;IGHV3-43..IGHJ4.IGHM_IGKV3-20.IGKJ1.IGKC;IGHV3-9..IGHJ4.IGHD_IGLV4-69.IGLJ3.IGLC3;IGHV4-61..IGHJ4.IGHM_IGKV1-39.IGKJ2.IGKC;IGHV4-30-4..IGHJ5.IGHM_IGKV1-5.IGKJ1.IGKC;IGHV3-11.IGHD5-24.IGHJ6.IGHM_IGLV2-23.IGLJ1.IGLC1;IGHV3-9.IGHD2-2.IGHJ6.IGHM_IGKV1-5.IGKJ2.IGKC;IGHV3-7..IGHJ4.IGHA2_IGKV2-30.IGKJ2.IGKC;IGHV3-73.IGHD2-15.IGHJ3.IGHM_IGKV1-39.IGKJ2.IGKC;IGHV4-39..IGHJ5.IGHM_IGLV1-40.IGLJ1.IGLC1;IGHV3-9..IGHJ4.IGHM_IGLV2-14.IGLJ2.IGLC2;IGHV5-51..IGHJ4.IGHM_IGLV8-61.IGLJ3.IGLC3;IGHV1-2.IGHD4-17.IGHJ6.IGHD_IGLV3-25.IGLJ1.IGLC1;IGHV3-73..IGHJ4.IGHM_IGKV2D-29.IGKJ1.IGKC;IGHV3-74..IGHJ4.IGHM_IGLV4-69.IGLJ1.IGLC1;IGHV3-30..IGHJ4.IGHM_IGLV3-25.IGLJ3.IGLC2;IGHV1-69D.IGHD2-2.IGHJ5.IGHM_IGLV1-40.IGLJ2.IGLC2;IGHV2-5..IGHJ5.IGHM_IGLV3-1.IGLJ1.IGLC1;IGHV2-26..IGHJ4.IGHM_IGKV1-12.IGKJ1.IGKC;IGHV3-15.IGHD3-3.IGHJ4.IGHM_IGKV1-33.IGKJ4.IGKC;IGHV1-46..IGHJ4.IGHM_IGLV3-19.IGLJ2.IGLC2;IGHV1-8.IGHD3-3.IGHJ6.IGHM_IGKV3-20.IGKJ1.IGKC;IGHV3-15.IGHD2-2.IGHJ4.IGHM_IGKV1-33.IGKJ4.IGKC;IGHV1-8.IGHD3-10.IGHJ6.IGHM_IGKV1-39.IGKJ1.IGKC;IGHV3-9.IGHD4-23.IGHJ1.IGHM_IGLV2-23.IGLJ3.IGLC2;NA_IGKV1-39.IGKJ2.IGKC;IGHV1-69D..IGHJ3.IGHM_NA;IGHV4-59..IGHJ2.IGHG2_IGKV3-20.IGKJ4.IGKC;IGHV1-46..IGHJ6.IGHM_IGKV2-28.IGKJ4.IGKC;IGHV3-48.IGHD6-19.IGHJ4.IGHM_IGKV1-16.IGKJ1.IGKC;IGHV3-30..IGHJ4.IGHM_IGLV3-21.IGLJ1.IGLC1;IGHV1-18.IGHD3-3.IGHJ6.IGHM_IGLV3-21.IGLJ1.IGLC1;IGHV4-61..IGHJ6.IGHM_IGLV7-43.IGLJ1.IGLC1;IGHV3-33..IGHJ3.IGHM_IGKV1-5.IGKJ3.IGKC;IGHV3-30.IGHD2-2.IGHJ6.IGHM_IGLV3-1.IGLJ2.IGLC2;IGHV4-39..IGHJ4.IGHM_IGLV2-18.IGLJ1.IGLC1;IGHV3-33..IGHJ6.IGHM_IGKV3-15.IGKJ4.IGKC;IGHV4-31..IGHJ4.IGHM_IGKV3-20.IGKJ1.IGKC;IGHV4-59..IGHJ6.IGHA1_IGKV2-28.IGKJ2.IGKC;IGHV1-8..IGHJ6.IGHM_IGKV2-28.IGKJ3.IGKC;IGHV4-61.IGHD5-5.IGHJ4.IGHM_IGLV1-36.IGLJ2.IGLC2;IGHV5-51..IGHJ4.IGHM_IGKV3-20.IGKJ2.IGKC;IGHV1-46.IGHD3-22.IGHJ4.IGHM_IGLV1-40.IGLJ2.IGLC2;IGHV3-49..IGHJ4.IGHM_IGKV1-12.IGKJ4.IGKC;IGHV4-61..IGHJ3.IGHM_IGLV3-19.IGLJ1.IGLC1;IGHV2-5..IGHJ6.IGHG1_IGKV1-6.IGKJ2.IGKC;IGHV1-69D..IGHJ4.IGHM_IGLV3-1.IGLJ2.IGLC2;IGHV3-33.IGHD6-19.IGHJ4.IGHM_IGKV3-20.IGKJ1.IGKC;IGHV3-43.IGHD2-2.IGHJ6.IGHM_IGKV1-8.IGKJ5.IGKC;IGHV4-61..IGHJ5.IGHM_IGLV3-1.IGLJ2.IGLC2;IGHV1-18..IGHJ5.IGHM_IGLV1-40.IGLJ3.IGLC3;IGHV4-31..IGHJ5.IGHM_IGKV3-20.IGKJ3.IGKC;IGHV3-48..IGHJ4.IGHM_IGKV1-33.IGKJ5.IGKC;IGHV1-8..IGHJ4.IGHM_IGKV1-5.IGKJ1.IGKC;IGHV4-30-4..IGHJ4.IGHM_IGLV3-1.IGLJ2.IGLC2;IGHV3-30.IGHD2-2.IGHJ6.IGHM_IGKV2-28.IGKJ3.IGKC;IGHV3-11..IGHJ4.IGHM_IGKV1-39.IGKJ2.IGKC;IGHV4-39..IGHJ5.IGHM_IGKV1-5.IGKJ1.IGKC;IGHV3-48..IGHJ4.IGHM_IGLV1-40.IGLJ2.IGLC2;IGHV2-5..IGHJ4.IGHM_IGKV1-16.IGKJ2.IGKC;IGHV3-20..IGHJ4.IGHM_IGKV3-20.IGKJ4.IGKC;IGHV3-33..IGHJ5.IGHM_IGKV1-5.IGKJ1.IGKC;IGHV3-48..IGHJ4.IGHM_IGKV1-8.IGKJ1.IGKC;IGHV3-30..IGHJ3.IGHM_IGLV1-51.IGLJ3.IGLC2;IGHV4-39..IGHJ4.IGHM_IGLV3-21.IGLJ1.IGLC1;IGHV3-11.IGHD3-22.IGHJ4.IGHM_IGLV3-21.IGLJ2.IGLC2;IGHV1-8.IGHD2-2.IGHJ6.IGHM_IGKV1-8.IGKJ4.IGKC;IGHV4-39..IGHJ2.IGHM_IGKV6-21.IGKJ4.IGKC	2	1	IGHV3-48..IGHJ4.IGHM_IGKV3-20.IGKJ1.IGKC	0	NA
4	454	NA_IGKV1-8.IGKJ4.IGKC;IGHV1-69D.IGHD3-22.IGHJ3.IGHM_IGKV1-8.IGKJ1.IGKC;IGHV1-2..IGHJ3.IGHM_IGLV5-45.IGLJ3.IGLC3;IGHV5-51..IGHJ3.IGHM_IGKV1D-8.IGKJ2.IGKC;IGHV4-39..IGHJ3.IGHM_IGLV3-21.IGLJ2.IGLC2;IGHV3-33..IGHJ4.IGHM_IGKV2-28.IGKJ2.IGKC;IGHV3-15..IGHJ4.IGHM_IGLV6-57.IGLJ2.IGLC2;IGHV1-2..IGHJ6.IGHM_IGKV1-27.IGKJ3.IGKC;IGHV2-5.IGHD3-9.IGHJ3.IGHM_IGKV1-5.IGKJ1.IGKC;IGHV3-7..IGHJ4.IGHM_IGKV1-39.IGKJ2.IGKC;IGHV1-8..IGHJ3.IGHM_IGKV3-20.IGKJ1.IGKC;IGHV3-9..IGHJ4.IGHM_IGKV3-20.IGKJ2.IGKC;IGHV4-59..IGHJ6.IGHM_IGKV3-20.IGKJ3.IGKC;IGHV4-31.IGHD2-8.IGHJ6.IGHM_IGLV1-47.IGLJ3.IGLC3;IGHV3-30.IGHD5-5.IGHJ4.IGHM_IGLV4-69.IGLJ3.IGLC3;IGHV2-26..IGHJ4.IGHM_IGKV1-5.IGKJ1.IGKC;IGHV3-33..IGHJ4.IGHG1_IGLV6-57.IGLJ3.IGLC3;IGHV5-51.IGHD3-9.IGHJ4.IGHM_IGKV3-20.IGKJ1.IGKC;IGHV2-5..IGHJ4.IGHM_IGKV2-30.IGKJ1.IGKC;IGHV3-74.IGHD3-22.IGHJ6.IGHD_IGKV1-9.IGKJ3.IGKC;IGHV3-33.IGHD4-17.IGHJ4.IGHM_IGKV3-15.IGKJ1.IGKC;IGHV4-39..IGHJ4.IGHM_IGLV1-40.IGLJ1.IGLC1;IGHV3-49..IGHJ6.IGHM_IGKV1D-8.IGKJ1.IGKC;IGHV3-30.IGHD3-22.IGHJ4.IGHM_IGLV3-25.IGLJ2.IGLC2;IGHV1-24.IGHD2-2.IGHJ6.IGHM_IGKV3-20.IGKJ4.IGKC;IGHV3-30..IGHJ4.IGHM_IGLV1-47.IGLJ2.IGLC2;IGHV3-43..IGHJ4.IGHM_IGLV1-51.IGLJ2.IGLC2;IGHV4-59..IGHJ4.IGHM_IGKV3-15.IGKJ3.IGKC;IGHV4-30-4..IGHJ3.IGHG2_IGKV1-39.IGKJ2.IGKC;IGHV3-7..IGHJ4.IGHM_IGKV1-39.IGKJ2.IGKC;IGHV4-59..IGHJ5.IGHM_IGKV1-12.IGKJ5.IGKC;IGHV1-69D.IGHD3-22.IGHJ4.IGHM_IGKV3-20.IGKJ1.IGKC;IGHV3-30..IGHJ4.IGHM_IGKV3-15.IGKJ1.IGKC;IGHV3-48.IGHD3-16.IGHJ6.IGHM_IGLV2-8.IGLJ1.IGLC1;IGHV1-8.IGHD3-22.IGHJ3.IGHM_IGKV2-28.IGKJ4.IGKC;IGHV3-30..IGHJ4.IGHM_IGKV1-39.IGKJ4.IGKC;IGHV3-11..IGHJ4.IGHM_IGLV1-40.IGLJ1.IGLC1;IGHV3-33..IGHJ4.IGHM_IGKV1-12.IGKJ5.IGKC;IGHV4-61..IGHJ4.IGHG1_IGKV1-39.IGKJ2.IGKC;IGHV1-69D.IGHD2-2.IGHJ5.IGHM_IGLV1-51.IGLJ3.IGLC3;IGHV3-7..IGHJ3.IGHM_IGLV3-1.IGLJ2.IGLC2;IGHV1-69D..IGHJ5.IGHM_IGLV1-40.IGLJ2.IGLC2;IGHV3-11..IGHJ4.IGHM_IGKV1-5.IGKJ1.IGKC;IGHV4-61..IGHJ5.IGHM_IGKV2-30.IGKJ4.IGKC;IGHV3-33..IGHJ6.IGHM_IGKV3-20.IGKJ1.IGKC;IGHV4-61.IGHD3-22.IGHJ4.IGHM_IGKV1-39.IGKJ4.IGKC;IGHV1-8.IGHD6-19.IGHJ4.IGHM_IGLV1-40.IGLJ2.IGLC2;IGHV3-33.IGHD4-4.IGHJ6.IGHM_IGKV1-39.IGKJ2.IGKC;IGHV3-7..IGHJ4.IGHM_IGLV3-21.IGLJ1.IGLC1;IGHV3-7.IGHD6-13.IGHJ4.IGHM_IGKV1-39.IGKJ2.IGKC;IGHV3-13.IGHD2-2.IGHJ6.IGHM_IGLV3-21.IGLJ3.IGLC2;IGHV5-51.IGHD3-22.IGHJ6.IGHM_IGKV3-15.IGKJ1.IGKC;IGHV3-7..IGHJ4.IGHM_IGKV2-28.IGKJ4.IGKC;IGHV1-18..IGHJ4.IGHM_IGKV3-20.IGKJ3.IGKC;IGHV3-7..IGHJ6.IGHM_IGLV3-19.IGLJ1.IGLC1;IGHV7-4-1.IGHD3-10.IGHJ4.IGHM_IGLV2-11.IGLJ2.IGLC2;IGHV5-51.IGHD3-9.IGHJ6.IGHM_IGLV1-40.IGLJ2.IGLC2;IGHV2-5.IGHD6-19.IGHJ5.IGHM_IGLV6-57.IGLJ2.IGLC2;IGHV4-59..IGHJ4.IGHM_IGKV1-39.IGKJ3.IGKC;IGHV1-69D..IGHJ6.IGHM_IGLV1-51.IGLJ1.IGLC1;IGHV4-39..IGHJ6.IGHM_IGKV1-12.IGKJ4.IGKC;IGHV4-61..IGHJ6.IGHM_IGLV1-40.IGLJ1.IGLC1;IGHV3-30..IGHJ3.IGHA1_IGKV1-9.IGKJ5.IGKC;IGHV3-30.IGHD3-10.IGHJ6.IGHM_IGKV3-15.IGKJ1.IGKC;IGHV3-15..IGHJ6.IGHM_IGLV2-8.IGLJ3.IGLC3;IGHV1-69D..IGHJ5.IGHM_IGKV3-15.IGKJ4.IGKC;IGHV6-1..IGHJ4.IGHM_IGKV1-33.IGKJ2.IGKC;IGHV3-33..IGHJ1.IGHM_IGKV3-15.IGKJ1.IGKC;IGHV1-2..IGHJ4.IGHM_IGKV3-20.IGKJ2.IGKC;IGHV3-49.IGHD5-24.IGHJ4.IGHM_IGLV3-21.IGLJ2.IGLC2;IGHV7-4-1..IGHJ4.IGHM_IGKV3-20.IGKJ1.IGKC;IGHV3-74..IGHJ5.IGHM_IGKV1-39.IGKJ1.IGKC;IGHV2-26.IGHD4-17.IGHJ6.IGHM_IGKV3-20.IGKJ5.IGKC;IGHV3-74..IGHJ4.IGHM_IGLV2-23.IGLJ1.IGLC1;IGHV3-15.IGHD3-9.IGHJ6.IGHD_IGLV7-46.IGLJ3.IGLC3;IGHV1-18..IGHJ4.IGHM_IGKV2-28.IGKJ1.IGKC;IGHV3-33..IGHJ4.IGHM_IGKV2-28.IGKJ4.IGKC;IGHV1-46.IGHD2-2.IGHJ4.IGHM_IGKV3D-15.IGKJ4.IGKC;IGHV4-59..IGHJ6.IGHM_IGLV1-40.IGLJ2.IGLC2;IGHV3-33..IGHJ4.IGHM_IGLV2-14.IGLJ2.IGLC2;IGHV5-51..IGHJ4.IGHM_IGLV1-40.IGLJ2.IGLC2;IGHV3-53..IGHJ4.IGHM_IGLV3-1.IGLJ1.IGLC1;IGHV3-53.IGHD5-24.IGHJ4.IGHM_IGKV3-15.IGKJ1.IGKC;IGHV3-9.IGHD4-23.IGHJ4.IGHM_IGKV3D-20.IGKJ4.IGKC;IGHV3-30..IGHJ4.IGHA1_IGLV6-57.IGLJ2.IGLC2;IGHV4-59.IGHD2-2.IGHJ6.IGHM_IGKV1-39.IGKJ1.IGKC;IGHV4-61.IGHD2-15.IGHJ6.IGHM_IGKV1-17.IGKJ1.IGKC;IGHV3-9..IGHJ3.IGHM_IGLV1-40.IGLJ3.IGLC3;IGHV5-51.IGHD5-5.IGHJ6.IGHM_IGKV1-16.IGKJ1.IGKC;IGHV3-9..IGHJ6.IGHM_IGKV1-39.IGKJ2.IGKC;IGHV1-24..IGHJ4.IGHG1_IGKV1-39.IGKJ1.IGKC;IGHV3-11..IGHJ4.IGHM_IGLV3-25.IGLJ2.IGLC2;IGHV4-39.IGHD2-2.IGHJ2.IGHM_IGLV4-69.IGLJ2.IGLC2;IGHV3-48..IGHJ5.IGHM_IGKV3-15.IGKJ4.IGKC;IGHV3-9..IGHJ4.IGHG1_IGKV3-20.IGKJ1.IGKC;IGHV1-69D..IGHJ6.IGHM_IGLV1-40.IGLJ1.IGLC1;IGHV4-59..IGHJ5.IGHM_IGLV6-57.IGLJ3.IGLC3;IGHV3-21.IGHD6-13.IGHJ5.IGHM_IGKV1-39.IGKJ2.IGKC;IGHV3-53..IGHJ3.IGHM_IGKV1-27.IGKJ3.IGKC;IGHV3-48.IGHD3-22.IGHJ3.IGHM_IGLV1-40.IGLJ2.IGLC2;IGHV5-51.IGHD1-26.IGHJ3.IGHM_IGLV1-47.IGLJ3.IGLC2;IGHV4-59.IGHD4-17.IGHJ4.IGHM_IGLV3-25.IGLJ2.IGLC2;IGHV1-2..IGHJ6.IGHM_IGKV1-39.IGKJ2.IGKC;IGHV3-43..IGHJ6.IGHM_IGLV3-1.IGLJ2.IGLC2;IGHV3-48..IGHJ6.IGHM_IGKV3-20.IGKJ2.IGKC;IGHV3-21..IGHJ6.IGHM_IGKV1-5.IGKJ1.IGKC;IGHV3-11..IGHJ4.IGHM_IGKV1-6.IGKJ1.IGKC;IGHV3-9..IGHJ4.IGHM_IGKV3-20.IGKJ5.IGKC;IGHV4-34..IGHJ3.IGHG3_IGKV3-15.IGKJ1.IGKC;IGHV3-21..IGHJ6.IGHM_IGKV1-12.IGKJ4.IGKC;IGHV4-30-4..IGHJ6.IGHM_IGKV2-28.IGKJ3.IGKC;IGHV4-39..IGHJ4.IGHA1_IGKV1-16.IGKJ3.IGKC;IGHV4-39..IGHJ1.IGHG3_IGKV1-39.IGKJ3.IGKC;IGHV4-59..IGHJ4.IGHM_IGLV4-69.IGLJ3.IGLC2;IGHV4-39.IGHD3-10.IGHJ4.IGHM_IGLV8-61.IGLJ3.IGLC2;IGHV2-5.IGHD3-9.IGHJ5.IGHM_IGLV1-40.IGLJ2.IGLC2;IGHV3-53..IGHJ4.IGHM_IGKV1-39.IGKJ5.IGKC;IGHV3-53.IGHD2-15.IGHJ6.IGHM_IGKV3-20.IGKJ5.IGKC;IGHV1-8..IGHJ4.IGHM_IGKV3-20.IGKJ2.IGKC;IGHV1-69D..IGHJ6.IGHM_IGKV3-15.IGKJ2.IGKC;IGHV4-61..IGHJ6.IGHM_IGKV1-8.IGKJ3.IGKC;IGHV4-61..IGHJ5.IGHM_IGKV3-20.IGKJ1.IGKC;IGHV3-48.IGHD5-5.IGHJ4.IGHM_IGLV3-25.IGLJ3.IGLC3;IGHV3-7..IGHJ4.IGHM_IGLV4-69.IGLJ2.IGLC2;IGHV4-30-4.IGHD3-10.IGHJ5.IGHM_IGLV3-9.IGLJ2.IGLC2;IGHV3-30..IGHJ4.IGHM_IGKV3-20.IGKJ1.IGKC;IGHV4-30-4..IGHJ5.IGHA1_IGLV1-51.IGLJ2.IGLC2;IGHV1-3..IGHJ4.IGHM_IGKV1-33.IGKJ4.IGKC;IGHV2-5..IGHJ4.IGHM_IGKV1D-8.IGKJ1.IGKC;IGHV4-39..IGHJ4.IGHM_IGLV1-47.IGLJ2.IGLC2;IGHV1-69D.IGHD3-22.IGHJ4.IGHM_IGKV3-11.IGKJ4.IGKC;IGHV3-49..IGHJ4.IGHA1_IGLV2-23.IGLJ1.IGLC1;IGHV5-51..IGHJ5.IGHM_NA;IGHV5-51..IGHJ4.IGHM_IGLV3-19.IGLJ2.IGLC2;IGHV1-8.IGHD6-13.IGHJ6.IGHM_IGLV1-40.IGLJ2.IGLC2;IGHV1-18.IGHD6-13.IGHJ5.IGHM_IGLV7-46.IGLJ1.IGLC1;IGHV3-33..IGHJ4.IGHA1_IGLV1-51.IGLJ2.IGLC2;IGHV3-48..IGHJ3.IGHM_IGLV3-25.IGLJ3.IGLC3;IGHV3-33..IGHJ6.IGHM_IGKV1-33.IGKJ5.IGKC;IGHV3-15..IGHJ4.IGHM_IGLV3-1.IGLJ1.IGLC1;IGHV2-26..IGHJ3.IGHM_IGKV3-20.IGKJ1.IGKC;IGHV4-59.IGHD3-22.IGHJ4.IGHM_IGKV1-33.IGKJ3.IGKC;IGHV3-30.IGHD3-3.IGHJ3.IGHM_IGKV1-39.IGKJ2.IGKC;IGHV4-59..IGHJ6.IGHM_IGKV1-5.IGKJ4.IGKC;IGHV3-7..IGHJ6.IGHM_IGKV1-39.IGKJ2.IGKC;IGHV3-53.IGHD3-22.IGHJ3.IGHM_IGKV1-39.IGKJ2.IGKC;IGHV3-7..IGHJ5.IGHM_IGLV3-9.IGLJ2.IGLC2;IGHV4-59.IGHD6-6.IGHJ4.IGHG1_IGLV1-40.IGLJ1.IGLC1;IGHV2-5.IGHD3-16.IGHJ5.IGHM_IGLV3-1.IGLJ2.IGLC2;IGHV3-15.IGHD3-9.IGHJ4.IGHM_IGKV2-28.IGKJ5.IGKC;IGHV1-18.IGHD3-3.IGHJ6.IGHM_IGKV3-20.IGKJ1.IGKC;IGHV4-61.IGHD1-7.IGHJ2.IGHM_IGLV3-21.IGLJ1.IGLC1;IGHV1-24..IGHJ4.IGHM_IGKV1-5.IGKJ1.IGKC;IGHV3-48.IGHD3-22.IGHJ4.IGHM_IGKV3-15.IGKJ2.IGKC;IGHV3-48..IGHJ4.IGHM_IGKV1-39.IGKJ1.IGKC;IGHV3-7..IGHJ4.IGHM_IGKV3D-20.IGKJ4.IGKC;IGHV2-26..IGHJ4.IGHM_IGKV2D-29.IGKJ3.IGKC;IGHV1-2..IGHJ5.IGHM_IGLV2-23.IGLJ2.IGLC2;IGHV3-7..IGHJ4.IGHM_IGKV3-20.IGKJ4.IGKC;IGHV4-34..IGHJ5.IGHG3_IGLV3-25.IGLJ2.IGLC2;IGHV4-61.IGHD1-26.IGHJ4.IGHM_IGKV1D-8.IGKJ4.IGKC;IGHV4-30-4..IGHJ1.IGHG1_IGLV1-40.IGLJ1.IGLC1;IGHV2-70..IGHJ6.IGHG1_IGKV2-28.IGKJ2.IGKC;IGHV7-4-1..IGHJ4.IGHM_IGLV1-40.IGLJ2.IGLC2;IGHV1-2.IGHD6-19.IGHJ4.IGHM_IGLV2-11.IGLJ2.IGLC2;IGHV1-18..IGHJ5.IGHG1_IGKV1-39.IGKJ1.IGKC;IGHV3-7..IGHJ4.IGHM_IGKV3-15.IGKJ1.IGKC;IGHV4-39.IGHD2-2.IGHJ4.IGHM_IGKV1-5.IGKJ4.IGKC;IGHV4-39.IGHD3-3.IGHJ4.IGHM_IGLV1-40.IGLJ2.IGLC2;IGHV3-23..IGHJ4.IGHA1_IGKV1-39.IGKJ2.IGKC;IGHV3-9.IGHD3-10.IGHJ6.IGHM_IGLV3-1.IGLJ1.IGLC1;IGHV1-69D..IGHJ6.IGHM_IGKV2-28.IGKJ2.IGKC;IGHV3-30..IGHJ4.IGHA1_IGKV1-39.IGKJ4.IGKC;IGHV6-1..IGHJ4.IGHM_IGLV2-23.IGLJ3.IGLC3;IGHV4-30-4.IGHD2-2.IGHJ6.IGHM_IGLV1-40.IGLJ2.IGLC2;IGHV3-49.IGHD3-3.IGHJ4.IGHM_IGKV3-20.IGKJ1.IGKC;IGHV3-74..IGHJ5.IGHM_IGKV1-39.IGKJ2.IGKC;IGHV1-69D..IGHJ3.IGHM_IGKV1-5.IGKJ4.IGKC;IGHV7-4-1..IGHJ4.IGHM_IGKV1-39.IGKJ3.IGKC;IGHV5-51..IGHJ4.IGHM_IGKV1-9.IGKJ4.IGKC;IGHV3-53..IGHJ6.IGHM_IGKV2-28.IGKJ2.IGKC;IGHV1-24..IGHJ4.IGHM_IGKV1-12.IGKJ4.IGKC;IGHV3-9..IGHJ4.IGHM_IGLV3-25.IGLJ3.IGLC3;IGHV3-15.IGHD2-21.IGHJ4.IGHM_IGKV1-9.IGKJ4.IGKC;IGHV7-4-1..IGHJ4.IGHM_IGLV1-40.IGLJ2.IGLC2;IGHV1-2..IGHJ4.IGHM_IGLV2-8.IGLJ2.IGLC2;IGHV3-9..IGHJ1.IGHM_IGLV2-23.IGLJ2.IGLC2;IGHV1-3..IGHJ6.IGHM_IGKV1-9.IGKJ4.IGKC;IGHV5-51.IGHD3-9.IGHJ6.IGHM_IGLV7-43.IGLJ2.IGLC2;IGHV3-15.IGHD3-22.IGHJ4.IGHM_IGLV3-25.IGLJ1.IGLC1;IGHV4-61..IGHJ4.IGHM_IGKV1D-8.IGKJ2.IGKC;IGHV4-61..IGHJ6.IGHM_IGLV3-1.IGLJ1.IGLC1;IGHV3-7..IGHJ4.IGHM_IGLV3-1.IGLJ2.IGLC2;IGHV3-74..IGHJ3.IGHM_IGKV1-39.IGKJ1.IGKC;IGHV2-5.IGHD3-22.IGHJ4.IGHM_IGKV1-39.IGKJ4.IGKC;IGHV3-48..IGHJ4.IGHM_IGKV3-15.IGKJ2.IGKC;IGHV2-70.IGHD2-15.IGHJ6.IGHM_IGKV3-20.IGKJ1.IGKC;IGHV3-48.IGHD3-22.IGHJ4.IGHM_IGLV4-69.IGLJ3.IGLC2;IGHV5-51..IGHJ1.IGHM_IGKV3-20.IGKJ2.IGKC;IGHV5-51..IGHJ4.IGHG2_IGKV1-12.IGKJ4.IGKC;NA_IGKV1-39.IGKJ1.IGKC;IGHV7-4-1..IGHJ1.IGHA1_IGLV2-23.IGLJ3.IGLC3;IGHV3-30.IGHD3-22.IGHJ6.IGHM_IGLV3-25.IGLJ1.IGLC1;IGHV3-23..IGHJ4.IGHA1_IGKV1-5.IGKJ1.IGKC;IGHV1-2..IGHJ4.IGHM_IGKV1-33.IGKJ2.IGKC;IGHV4-59..IGHJ3.IGHM_IGKV1-8.IGKJ4.IGKC;IGHV4-30-4..IGHJ5.IGHM_IGKV2D-29.IGKJ2.IGKC;IGHV3-7..IGHJ6.IGHG2_IGKV3-20.IGKJ3.IGKC;IGHV4-59..IGHJ4.IGHG1_IGKV1-39.IGKJ4.IGKC;IGHV2-5..IGHJ5.IGHA2_IGKV2-28.IGKJ2.IGKC;IGHV6-1..IGHJ6.IGHM_IGKV3-20.IGKJ4.IGKC;IGHV3-72..IGHJ6.IGHA2_IGKV1-9.IGKJ5.IGKC;IGHV3-53.IGHD4-23.IGHJ5.IGHM_IGLV3-21.IGLJ2.IGLC2;IGHV3-23..IGHJ4.IGHM_IGKV1-8.IGKJ1.IGKC;IGHV1-18..IGHJ6.IGHM_IGKV2-28.IGKJ2.IGKC;IGHV3-48..IGHJ4.IGHM_IGKV2-28.IGKJ2.IGKC;IGHV3-21..IGHJ4.IGHM_IGKV3-15.IGKJ1.IGKC;IGHV1-8..IGHJ5.IGHM_IGLV3-19.IGLJ2.IGLC2;IGHV1-3.IGHD3-16.IGHJ3.IGHM_IGKV2-30.IGKJ4.IGKC;IGHV3-11.IGHD3-22.IGHJ4.IGHM_IGKV1-39.IGKJ2.IGKC;IGHV3-49.IGHD6-13.IGHJ6.IGHM_IGKV1-39.IGKJ2.IGKC;IGHV1-2..IGHJ4.IGHM_IGKV3-15.IGKJ2.IGKC;IGHV4-39..IGHJ5.IGHM_IGKV3-20.IGKJ2.IGKC;IGHV3-49.IGHD2-2.IGHJ5.IGHM_IGLV3-1.IGLJ2.IGLC2;IGHV1-46..IGHJ1.IGHM_IGLV2-23.IGLJ1.IGLC1;IGHV3-74.IGHD3-22.IGHJ4.IGHM_IGKV1-39.IGKJ1.IGKC;IGHV1-8..IGHJ3.IGHM_IGKV1-33.IGKJ4.IGKC;IGHV3-15..IGHJ4.IGHM_IGKV3-15.IGKJ3.IGKC;IGHV3-11.IGHD3-22.IGHJ3.IGHM_IGKV1-39.IGKJ1.IGKC;IGHV1-24..IGHJ6.IGHM_IGLV3-19.IGLJ1.IGLC1;IGHV3-33..IGHJ3.IGHM_IGLV2-23.IGLJ3.IGLC3;IGHV3-11.IGHD1-1.IGHJ4.IGHM_IGLV1-51.IGLJ1.IGLC1;IGHV3-11.IGHD2-2.IGHJ6.IGHM_IGKV1-39.IGKJ1.IGKC;IGHV1-18..IGHJ6.IGHM_IGKV3-20.IGKJ1.IGKC;IGHV1-2..IGHJ3.IGHM_IGLV2-11.IGLJ2.IGLC2;IGHV2-5.IGHD3-22.IGHJ4.IGHM_IGKV3-15.IGKJ4.IGKC;IGHV1-18..IGHJ4.IGHM_IGKV3-20.IGKJ2.IGKC;IGHV3-30..IGHJ4.IGHM_IGKV1-17.IGKJ1.IGKC;IGHV3-15.IGHD3-9.IGHJ6.IGHM_IGLV3-25.IGLJ2.IGLC2;IGHV3-11..IGHJ4.IGHM_IGKV3-20.IGKJ2.IGKC;IGHV7-4-1..IGHJ5.IGHA1_IGLV4-69.IGLJ3.IGLC2;IGHV3-53.IGHD3-22.IGHJ4.IGHM_IGLV4-69.IGLJ3.IGLC3;IGHV1-18..IGHJ5.IGHM_IGKV1-39.IGKJ1.IGKC;IGHV3-11..IGHJ5.IGHM_IGKV1-33.IGKJ3.IGKC;IGHV5-51..IGHJ6.IGHM_IGKV2-28.IGKJ3.IGKC;IGHV4-39.IGHD3-9.IGHJ4.IGHM_IGKV3-15.IGKJ2.IGKC;IGHV4-59..IGHJ4.IGHM_IGLV1-47.IGLJ2.IGLC2;IGHV2-26..IGHJ5.IGHM_IGLV3-21.IGLJ1.IGLC1;IGHV4-39..IGHJ4.IGHM_IGLV1-40.IGLJ2.IGLC2;IGHV1-2..IGHJ6.IGHM_IGKV3-20.IGKJ3.IGKC;IGHV4-39..IGHJ5.IGHM_IGKV1-12.IGKJ2.IGKC;IGHV1-69D.IGHD4-17.IGHJ4.IGHM_IGKV1-27.IGKJ3.IGKC;IGHV1-18..IGHJ1.IGHM_IGKV3-20.IGKJ2.IGKC;IGHV4-30-4..IGHJ4.IGHM_IGKV1-39.IGKJ1.IGKC;IGHV3-73..IGHJ4.IGHG1_IGKV1-17.IGKJ1.IGKC;IGHV3-15..IGHJ4.IGHM_IGKV1-8.IGKJ3.IGKC;IGHV3-9..IGHJ6.IGHM_IGLV10-54.IGLJ2.IGLC2;IGHV4-59..IGHJ4.IGHM_IGKV3-20.IGKJ4.IGKC;IGHV5-51..IGHJ6.IGHM_IGKV2D-40.IGKJ4.IGKC;IGHV3-53..IGHJ6.IGHM_IGKV1-39.IGKJ1.IGKC;IGHV3-30..IGHJ4.IGHM_IGLV1-47.IGLJ1.IGLC1;IGHV2-5.IGHD2-2.IGHJ5.IGHM_IGLV3-25.IGLJ1.IGLC1;IGHV4-39..IGHJ4.IGHM_IGLV1-51.IGLJ3.IGLC3;IGHV4-59..IGHJ4.IGHM_IGKV2-28.IGKJ5.IGKC;IGHV3-23..IGHJ4.IGHM_IGKV1-39.IGKJ4.IGKC;IGHV3-15.IGHD5-24.IGHJ4.IGHM_IGKV1-33.IGKJ5.IGKC;IGHV3-48..IGHJ6.IGHM_IGLV3-25.IGLJ3.IGLC2;IGHV4-59..IGHJ6.IGHM_IGKV1-39.IGKJ2.IGKC;IGHV2-5..IGHJ4.IGHM_IGKV1-5.IGKJ2.IGKC;IGHV3-15..IGHJ3.IGHM_IGKV1-17.IGKJ1.IGKC;IGHV3-49..IGHJ6.IGHM_IGKV1-16.IGKJ4.IGKC;IGHV3-30.IGHD6-19.IGHJ3.IGHM_IGKV1-5.IGKJ1.IGKC;IGHV3-33.IGHD3-3.IGHJ4.IGHM_IGKV1-6.IGKJ2.IGKC;IGHV4-30-4.IGHD3-22.IGHJ3.IGHM_IGLV3-25.IGLJ2.IGLC2;IGHV3-30.IGHD3-22.IGHJ6.IGHM_IGLV2-23.IGLJ2.IGLC2;IGHV7-4-1..IGHJ5.IGHM_IGKV3-11.IGKJ4.IGKC;IGHV3-21..IGHJ4.IGHG1_IGKV3-20.IGKJ1.IGKC;IGHV1-2..IGHJ4.IGHM_IGKV1-39.IGKJ2.IGKC;IGHV4-39.IGHD3-22.IGHJ5.IGHM_IGLV3-19.IGLJ2.IGLC2;IGHV3-33..IGHJ4.IGHM_IGLV8-61.IGLJ3.IGLC3;IGHV3-9..IGHJ4.IGHM_IGLV3-21.IGLJ2.IGLC2;IGHV3-33..IGHJ6.IGHM_IGKV1-9.IGKJ5.IGKC;IGHV6-1..IGHJ5.IGHM_IGLV1-36.IGLJ3.IGLC2;IGHV6-1.IGHD6-13.IGHJ3.IGHM_IGKV1-5.IGKJ1.IGKC;IGHV2-5.IGHD3-10.IGHJ5.IGHM_IGLV3-25.IGLJ1.IGLC1;IGHV4-59..IGHJ4.IGHM_IGLV3-19.IGLJ2.IGLC2;IGHV3-30.IGHD6-6.IGHJ4.IGHM_IGLV2-8.IGLJ1.IGLC1;IGHV2-5..IGHJ4.IGHG1_IGLV1-40.IGLJ2.IGLC2;IGHV3-74.IGHD3-22.IGHJ4.IGHM_IGKV1-39.IGKJ1.IGKC;IGHV4-39..IGHJ5.IGHM_IGLV3-25.IGLJ2.IGLC2;IGHV1-8..IGHJ6.IGHM_IGLV1-51.IGLJ2.IGLC2;IGHV5-51..IGHJ3.IGHM_IGKV1-33.IGKJ1.IGKC;IGHV1-18..IGHJ6.IGHM_IGKV3-20.IGKJ2.IGKC;IGHV3-23.IGHD3-10.IGHJ4.IGHM_IGKV1-33.IGKJ4.IGKC;IGHV3-15.IGHD5-24.IGHJ4.IGHG1_IGKV3-20.IGKJ2.IGKC;IGHV1-18..IGHJ5.IGHM_IGKV1-27.IGKJ3.IGKC;IGHV4-61..IGHJ3.IGHM_IGKV1-8.IGKJ1.IGKC;IGHV2-5.IGHD3-22.IGHJ5.IGHM_IGKV3-20.IGKJ1.IGKC;IGHV4-39.IGHD5-5.IGHJ4.IGHM_IGLV1-40.IGLJ1.IGLC1;IGHV4-59.IGHD3-9.IGHJ6.IGHM_IGLV1-47.IGLJ1.IGLC1;IGHV3-30..IGHJ5.IGHM_IGKV1-8.IGKJ4.IGKC;IGHV1-46..IGHJ4.IGHM_IGKV4-1.IGKJ2.IGKC;IGHV3-49.IGHD4-4.IGHJ5.IGHM_IGKV1-17.IGKJ4.IGKC;IGHV4-61..IGHJ6.IGHM_IGLV3-10.IGLJ3.IGLC3;IGHV3-30..IGHJ6.IGHM_IGKV1-39.IGKJ2.IGKC;IGHV3-30.IGHD3-9.IGHJ4.IGHM_IGKV1-8.IGKJ4.IGKC;IGHV3-48..IGHJ4.IGHM_IGKV1-12.IGKJ2.IGKC;IGHV7-4-1.IGHD3-10.IGHJ4.IGHM_IGKV1-39.IGKJ1.IGKC;IGHV4-39..IGHJ5.IGHM_IGKV1-8.IGKJ1.IGKC;IGHV4-61..IGHJ6.IGHM_IGLV1-51.IGLJ2.IGLC2;IGHV3-48..IGHJ3.IGHM_IGLV3-21.IGLJ1.IGLC1;IGHV4-31..IGHJ4.IGHM_IGKV1D-8.IGKJ3.IGKC;NA_IGKV3-15.IGKJ1.IGKC;IGHV3-48..IGHJ4.IGHM_IGKV2-28.IGKJ2.IGKC;IGHV5-51..IGHJ6.IGHD_IGKV1-39.IGKJ4.IGKC;IGHV3-11.IGHD5-5.IGHJ5.IGHM_IGLV1-40.IGLJ2.IGLC2;IGHV3-13..IGHJ4.IGHM_IGKV1-39.IGKJ1.IGKC;IGHV3-7..IGHJ4.IGHM_IGLV1-40.IGLJ2.IGLC2;IGHV4-30-4..IGHJ3.IGHM_IGKV3D-20.IGKJ4.IGKC;IGHV3-7..IGHJ6.IGHM_IGLV1-40.IGLJ3.IGLC2;IGHV4-59..IGHJ4.IGHM_IGLV1-47.IGLJ3.IGLC3;IGHV3-30.IGHD2-2.IGHJ4.IGHM_IGKV1-39.IGKJ5.IGKC;IGHV4-31..IGHJ4.IGHM_IGKV1-39.IGKJ2.IGKC;IGHV1-69D..IGHJ4.IGHG1_IGLV2-23.IGLJ1.IGLC1;IGHV3-30..IGHJ3.IGHM_IGKV3-15.IGKJ1.IGKC;IGHV5-51.IGHD2-15.IGHJ4.IGHM_IGKV2-28.IGKJ3.IGKC;IGHV1-69D..IGHJ4.IGHM_IGKV1-17.IGKJ1.IGKC;IGHV4-59..IGHJ5.IGHG1_IGLV3-10.IGLJ2.IGLC2;IGHV3-7..IGHJ4.IGHM_IGKV1-8.IGKJ4.IGKC;IGHV1-18..IGHJ6.IGHM_IGLV3-25.IGLJ3.IGLC2;IGHV1-8..IGHJ4.IGHM_IGLV1-47.IGLJ3.IGLC3;IGHV1-18.IGHD6-19.IGHJ5.IGHM_IGKV1-12.IGKJ2.IGKC;IGHV3-7..IGHJ4.IGHM_IGKV1-6.IGKJ1.IGKC;IGHV5-51.IGHD6-19.IGHJ4.IGHM_IGLV4-69.IGLJ2.IGLC2;IGHV1-2.IGHD3-10.IGHJ3.IGHM_IGKV1-5.IGKJ1.IGKC;IGHV3-30..IGHJ3.IGHM_IGKV1-16.IGKJ4.IGKC;IGHV1-46..IGHJ4.IGHM_IGKV3-15.IGKJ1.IGKC;IGHV4-28..IGHJ6.IGHM_IGLV8-61.IGLJ3.IGLC2;IGHV1-8..IGHJ6.IGHM_IGKV1-6.IGKJ1.IGKC;IGHV2-5..IGHJ3.IGHM_IGLV3-19.IGLJ3.IGLC3;IGHV2-5..IGHJ4.IGHM_IGLV2-23.IGLJ1.IGLC1;IGHV1-58..IGHJ6.IGHM_IGKV3-20.IGKJ4.IGKC;IGHV1-18..IGHJ4.IGHG2_IGKV2-30.IGKJ2.IGKC;IGHV4-31..IGHJ3.IGHG1_IGKV1-9.IGKJ5.IGKC;IGHV1-2.IGHD6-19.IGHJ6.IGHM_IGKV2-28.IGKJ4.IGKC;IGHV3-7..IGHJ4.IGHM_IGLV3-1.IGLJ2.IGLC2;IGHV7-4-1..IGHJ4.IGHM_IGLV1-51.IGLJ1.IGLC1;IGHV3-15.IGHD3-10.IGHJ6.IGHM_IGLV3-25.IGLJ2.IGLC2;IGHV1-69D..IGHJ6.IGHG3_IGKV3-15.IGKJ4.IGKC;NA_IGLV3-1.IGLJ2.IGLC2;IGHV5-51..IGHJ4.IGHG1_IGLV3-25.IGLJ3.IGLC2;IGHV4-59..IGHJ6.IGHM_IGLV2-11.IGLJ2.IGLC3;IGHV4-39.IGHD3-22.IGHJ4.IGHM_IGLV1-40.IGLJ2.IGLC2;IGHV3-11.IGHD4-17.IGHJ5.IGHM_IGKV1-33.IGKJ4.IGKC;IGHV4-30-4..IGHJ1.IGHM_IGLV1-51.IGLJ2.IGLC2;IGHV3-11..IGHJ5.IGHD_IGLV3-1.IGLJ3.IGLC2;IGHV3-48.IGHD2-2.IGHJ4.IGHM_IGLV1-40.IGLJ1.IGLC1;NA_IGKV3-11.IGKJ2.IGKC;IGHV4-30-4..IGHJ4.IGHM_IGKV3-20.IGKJ5.IGKC;IGHV3-7.IGHD3-3.IGHJ6.IGHD_IGKV2-28.IGKJ4.IGKC;IGHV3-30.IGHD3-22.IGHJ4.IGHM_IGKV3-15.IGKJ1.IGKC;IGHV3-33..IGHJ4.IGHM_IGLV8-61.IGLJ3.IGLC3;IGHV3-9..IGHJ4.IGHM_IGLV3-1.IGLJ2.IGLC2;IGHV1-3.IGHD4-23.IGHJ5.IGHM_IGKV1-16.IGKJ5.IGKC;IGHV4-39..IGHJ4.IGHM_IGLV3-19.IGLJ2.IGLC2;IGHV4-39..IGHJ5.IGHM_IGKV3-20.IGKJ2.IGKC;IGHV3-30.IGHD2-2.IGHJ3.IGHM_IGKV3-20.IGKJ3.IGKC;IGHV3-7..IGHJ4.IGHM_IGKV3-20.IGKJ1.IGKC;IGHV5-51.IGHD2-2.IGHJ6.IGHM_IGKV3-15.IGKJ2.IGKC;IGHV2-5..IGHJ4.IGHM_IGLV7-43.IGLJ2.IGLC2;IGHV5-51.IGHD3-10.IGHJ6.IGHM_IGKV2-28.IGKJ4.IGKC;IGHV6-1..IGHJ5.IGHM_IGKV1-33.IGKJ1.IGKC;IGHV1-2..IGHJ4.IGHM_IGKV3-15.IGKJ5.IGKC;IGHV3-30..IGHJ4.IGHM_IGLV4-69.IGLJ2.IGLC2;IGHV3-33..IGHJ2.IGHM_IGKV3-15.IGKJ1.IGKC;IGHV3-48..IGHJ4.IGHM_IGKV3-15.IGKJ1.IGKC;IGHV4-30-4..IGHJ4.IGHM_IGKV3-20.IGKJ1.IGKC;IGHV3-30..IGHJ3.IGHG1_IGKV3-20.IGKJ2.IGKC;IGHV1-2..IGHJ6.IGHM_IGKV1-39.IGKJ4.IGKC;NA_IGLV2-23.IGLJ2.IGLC2;IGHV1-69D..IGHJ6.IGHM_IGKV3-20.IGKJ4.IGKC;IGHV2-70..IGHJ3.IGHM_IGKV3-15.IGKJ1.IGKC;NA_IGLV1-40.IGLJ2.IGLC2;IGHV4-59.IGHD3-10.IGHJ6.IGHM_IGKV1-39.IGKJ2.IGKC;IGHV3-9..IGHJ4.IGHM_IGKV1D-8.IGKJ1.IGKC;IGHV3-74..IGHJ5.IGHM_IGKV1-39.IGKJ4.IGKC;IGHV3-15.IGHD4-17.IGHJ4.IGHM_IGLV3-25.IGLJ1.IGLC1;IGHV3-43..IGHJ4.IGHM_IGKV3-20.IGKJ1.IGKC;IGHV3-9..IGHJ4.IGHD_IGLV4-69.IGLJ3.IGLC3;IGHV4-61..IGHJ4.IGHM_IGKV1-39.IGKJ2.IGKC;IGHV4-30-4..IGHJ5.IGHM_IGKV1-5.IGKJ1.IGKC;IGHV3-11.IGHD5-24.IGHJ6.IGHM_IGLV2-23.IGLJ1.IGLC1;IGHV3-9.IGHD2-2.IGHJ6.IGHM_IGKV1-5.IGKJ2.IGKC;IGHV3-7..IGHJ4.IGHA2_IGKV2-30.IGKJ2.IGKC;IGHV3-73.IGHD2-15.IGHJ3.IGHM_IGKV1-39.IGKJ2.IGKC;IGHV4-39..IGHJ5.IGHM_IGLV1-40.IGLJ1.IGLC1;IGHV3-9..IGHJ4.IGHM_IGLV2-14.IGLJ2.IGLC2;IGHV5-51..IGHJ4.IGHM_IGLV8-61.IGLJ3.IGLC3;IGHV1-2.IGHD4-17.IGHJ6.IGHD_IGLV3-25.IGLJ1.IGLC1;IGHV3-73..IGHJ4.IGHM_IGKV2D-29.IGKJ1.IGKC;IGHV3-74..IGHJ4.IGHM_IGLV4-69.IGLJ1.IGLC1;IGHV3-30..IGHJ4.IGHM_IGLV3-25.IGLJ3.IGLC2;IGHV1-69D.IGHD2-2.IGHJ5.IGHM_IGLV1-40.IGLJ2.IGLC2;IGHV2-5..IGHJ5.IGHM_IGLV3-1.IGLJ1.IGLC1;IGHV2-26..IGHJ4.IGHM_IGKV1-12.IGKJ1.IGKC;IGHV3-15.IGHD3-3.IGHJ4.IGHM_IGKV1-33.IGKJ4.IGKC;IGHV1-46..IGHJ4.IGHM_IGLV3-19.IGLJ2.IGLC2;IGHV1-8.IGHD3-3.IGHJ6.IGHM_IGKV3-20.IGKJ1.IGKC;IGHV3-15.IGHD2-2.IGHJ4.IGHM_IGKV1-33.IGKJ4.IGKC;IGHV1-8.IGHD3-10.IGHJ6.IGHM_IGKV1-39.IGKJ1.IGKC;IGHV3-9.IGHD4-23.IGHJ1.IGHM_IGLV2-23.IGLJ3.IGLC2;NA_IGKV1-39.IGKJ2.IGKC;IGHV1-69D..IGHJ3.IGHM_NA;IGHV4-59..IGHJ2.IGHG2_IGKV3-20.IGKJ4.IGKC;IGHV1-46..IGHJ6.IGHM_IGKV2-28.IGKJ4.IGKC;IGHV3-48.IGHD6-19.IGHJ4.IGHM_IGKV1-16.IGKJ1.IGKC;IGHV3-30..IGHJ4.IGHM_IGLV3-21.IGLJ1.IGLC1;IGHV1-18.IGHD3-3.IGHJ6.IGHM_IGLV3-21.IGLJ1.IGLC1;IGHV4-61..IGHJ6.IGHM_IGLV7-43.IGLJ1.IGLC1;IGHV3-33..IGHJ3.IGHM_IGKV1-5.IGKJ3.IGKC;IGHV3-30.IGHD2-2.IGHJ6.IGHM_IGLV3-1.IGLJ2.IGLC2;IGHV4-39..IGHJ4.IGHM_IGLV2-18.IGLJ1.IGLC1;IGHV3-33..IGHJ6.IGHM_IGKV3-15.IGKJ4.IGKC;IGHV4-31..IGHJ4.IGHM_IGKV3-20.IGKJ1.IGKC;IGHV4-59..IGHJ6.IGHA1_IGKV2-28.IGKJ2.IGKC;IGHV1-8..IGHJ6.IGHM_IGKV2-28.IGKJ3.IGKC;IGHV4-61.IGHD5-5.IGHJ4.IGHM_IGLV1-36.IGLJ2.IGLC2;IGHV5-51..IGHJ4.IGHM_IGKV3-20.IGKJ2.IGKC;IGHV1-46.IGHD3-22.IGHJ4.IGHM_IGLV1-40.IGLJ2.IGLC2;IGHV3-49..IGHJ4.IGHM_IGKV1-12.IGKJ4.IGKC;IGHV4-61..IGHJ3.IGHM_IGLV3-19.IGLJ1.IGLC1;IGHV2-5..IGHJ6.IGHG1_IGKV1-6.IGKJ2.IGKC;IGHV1-69D..IGHJ4.IGHM_IGLV3-1.IGLJ2.IGLC2;IGHV3-33.IGHD6-19.IGHJ4.IGHM_IGKV3-20.IGKJ1.IGKC;IGHV3-43.IGHD2-2.IGHJ6.IGHM_IGKV1-8.IGKJ5.IGKC;IGHV4-61..IGHJ5.IGHM_IGLV3-1.IGLJ2.IGLC2;IGHV1-18..IGHJ5.IGHM_IGLV1-40.IGLJ3.IGLC3;IGHV4-31..IGHJ5.IGHM_IGKV3-20.IGKJ3.IGKC;IGHV3-48..IGHJ4.IGHM_IGKV1-33.IGKJ5.IGKC;IGHV1-8..IGHJ4.IGHM_IGKV1-5.IGKJ1.IGKC;IGHV4-30-4..IGHJ4.IGHM_IGLV3-1.IGLJ2.IGLC2;IGHV3-30.IGHD2-2.IGHJ6.IGHM_IGKV2-28.IGKJ3.IGKC;IGHV3-11..IGHJ4.IGHM_IGKV1-39.IGKJ2.IGKC;IGHV4-39..IGHJ5.IGHM_IGKV1-5.IGKJ1.IGKC;IGHV3-48..IGHJ4.IGHM_IGLV1-40.IGLJ2.IGLC2;IGHV2-5..IGHJ4.IGHM_IGKV1-16.IGKJ2.IGKC;IGHV3-20..IGHJ4.IGHM_IGKV3-20.IGKJ4.IGKC;IGHV3-33..IGHJ5.IGHM_IGKV1-5.IGKJ1.IGKC;IGHV3-48..IGHJ4.IGHM_IGKV1-8.IGKJ1.IGKC;IGHV3-30..IGHJ3.IGHM_IGLV1-51.IGLJ3.IGLC2;IGHV4-39..IGHJ4.IGHM_IGLV3-21.IGLJ1.IGLC1;IGHV3-11.IGHD3-22.IGHJ4.IGHM_IGLV3-21.IGLJ2.IGLC2;IGHV1-8.IGHD2-2.IGHJ6.IGHM_IGKV1-8.IGKJ4.IGKC;IGHV4-39..IGHJ2.IGHM_IGKV6-21.IGKJ4.IGKC	9	1	IGHV1-69D..IGHJ4.IGHM_NA	0	NA
4	454	NA_IGKV1-8.IGKJ4.IGKC;IGHV1-69D.IGHD3-22.IGHJ3.IGHM_IGKV1-8.IGKJ1.IGKC;IGHV1-2..IGHJ3.IGHM_IGLV5-45.IGLJ3.IGLC3;IGHV5-51..IGHJ3.IGHM_IGKV1D-8.IGKJ2.IGKC;IGHV4-39..IGHJ3.IGHM_IGLV3-21.IGLJ2.IGLC2;IGHV3-33..IGHJ4.IGHM_IGKV2-28.IGKJ2.IGKC;IGHV3-15..IGHJ4.IGHM_IGLV6-57.IGLJ2.IGLC2;IGHV1-2..IGHJ6.IGHM_IGKV1-27.IGKJ3.IGKC;IGHV2-5.IGHD3-9.IGHJ3.IGHM_IGKV1-5.IGKJ1.IGKC;IGHV3-7..IGHJ4.IGHM_IGKV1-39.IGKJ2.IGKC;IGHV1-8..IGHJ3.IGHM_IGKV3-20.IGKJ1.IGKC;IGHV3-9..IGHJ4.IGHM_IGKV3-20.IGKJ2.IGKC;IGHV4-59..IGHJ6.IGHM_IGKV3-20.IGKJ3.IGKC;IGHV4-31.IGHD2-8.IGHJ6.IGHM_IGLV1-47.IGLJ3.IGLC3;IGHV3-30.IGHD5-5.IGHJ4.IGHM_IGLV4-69.IGLJ3.IGLC3;IGHV2-26..IGHJ4.IGHM_IGKV1-5.IGKJ1.IGKC;IGHV3-33..IGHJ4.IGHG1_IGLV6-57.IGLJ3.IGLC3;IGHV5-51.IGHD3-9.IGHJ4.IGHM_IGKV3-20.IGKJ1.IGKC;IGHV2-5..IGHJ4.IGHM_IGKV2-30.IGKJ1.IGKC;IGHV3-74.IGHD3-22.IGHJ6.IGHD_IGKV1-9.IGKJ3.IGKC;IGHV3-33.IGHD4-17.IGHJ4.IGHM_IGKV3-15.IGKJ1.IGKC;IGHV4-39..IGHJ4.IGHM_IGLV1-40.IGLJ1.IGLC1;IGHV3-49..IGHJ6.IGHM_IGKV1D-8.IGKJ1.IGKC;IGHV3-30.IGHD3-22.IGHJ4.IGHM_IGLV3-25.IGLJ2.IGLC2;IGHV1-24.IGHD2-2.IGHJ6.IGHM_IGKV3-20.IGKJ4.IGKC;IGHV3-30..IGHJ4.IGHM_IGLV1-47.IGLJ2.IGLC2;IGHV3-43..IGHJ4.IGHM_IGLV1-51.IGLJ2.IGLC2;IGHV4-59..IGHJ4.IGHM_IGKV3-15.IGKJ3.IGKC;IGHV4-30-4..IGHJ3.IGHG2_IGKV1-39.IGKJ2.IGKC;IGHV3-7..IGHJ4.IGHM_IGKV1-39.IGKJ2.IGKC;IGHV4-59..IGHJ5.IGHM_IGKV1-12.IGKJ5.IGKC;IGHV1-69D.IGHD3-22.IGHJ4.IGHM_IGKV3-20.IGKJ1.IGKC;IGHV3-30..IGHJ4.IGHM_IGKV3-15.IGKJ1.IGKC;IGHV3-48.IGHD3-16.IGHJ6.IGHM_IGLV2-8.IGLJ1.IGLC1;IGHV1-8.IGHD3-22.IGHJ3.IGHM_IGKV2-28.IGKJ4.IGKC;IGHV3-30..IGHJ4.IGHM_IGKV1-39.IGKJ4.IGKC;IGHV3-11..IGHJ4.IGHM_IGLV1-40.IGLJ1.IGLC1;IGHV3-33..IGHJ4.IGHM_IGKV1-12.IGKJ5.IGKC;IGHV4-61..IGHJ4.IGHG1_IGKV1-39.IGKJ2.IGKC;IGHV1-69D.IGHD2-2.IGHJ5.IGHM_IGLV1-51.IGLJ3.IGLC3;IGHV3-7..IGHJ3.IGHM_IGLV3-1.IGLJ2.IGLC2;IGHV1-69D..IGHJ5.IGHM_IGLV1-40.IGLJ2.IGLC2;IGHV3-11..IGHJ4.IGHM_IGKV1-5.IGKJ1.IGKC;IGHV4-61..IGHJ5.IGHM_IGKV2-30.IGKJ4.IGKC;IGHV3-33..IGHJ6.IGHM_IGKV3-20.IGKJ1.IGKC;IGHV4-61.IGHD3-22.IGHJ4.IGHM_IGKV1-39.IGKJ4.IGKC;IGHV1-8.IGHD6-19.IGHJ4.IGHM_IGLV1-40.IGLJ2.IGLC2;IGHV3-33.IGHD4-4.IGHJ6.IGHM_IGKV1-39.IGKJ2.IGKC;IGHV3-7..IGHJ4.IGHM_IGLV3-21.IGLJ1.IGLC1;IGHV3-7.IGHD6-13.IGHJ4.IGHM_IGKV1-39.IGKJ2.IGKC;IGHV3-13.IGHD2-2.IGHJ6.IGHM_IGLV3-21.IGLJ3.IGLC2;IGHV5-51.IGHD3-22.IGHJ6.IGHM_IGKV3-15.IGKJ1.IGKC;IGHV3-7..IGHJ4.IGHM_IGKV2-28.IGKJ4.IGKC;IGHV1-18..IGHJ4.IGHM_IGKV3-20.IGKJ3.IGKC;IGHV3-7..IGHJ6.IGHM_IGLV3-19.IGLJ1.IGLC1;IGHV7-4-1.IGHD3-10.IGHJ4.IGHM_IGLV2-11.IGLJ2.IGLC2;IGHV5-51.IGHD3-9.IGHJ6.IGHM_IGLV1-40.IGLJ2.IGLC2;IGHV2-5.IGHD6-19.IGHJ5.IGHM_IGLV6-57.IGLJ2.IGLC2;IGHV4-59..IGHJ4.IGHM_IGKV1-39.IGKJ3.IGKC;IGHV1-69D..IGHJ6.IGHM_IGLV1-51.IGLJ1.IGLC1;IGHV4-39..IGHJ6.IGHM_IGKV1-12.IGKJ4.IGKC;IGHV4-61..IGHJ6.IGHM_IGLV1-40.IGLJ1.IGLC1;IGHV3-30..IGHJ3.IGHA1_IGKV1-9.IGKJ5.IGKC;IGHV3-30.IGHD3-10.IGHJ6.IGHM_IGKV3-15.IGKJ1.IGKC;IGHV3-15..IGHJ6.IGHM_IGLV2-8.IGLJ3.IGLC3;IGHV1-69D..IGHJ5.IGHM_IGKV3-15.IGKJ4.IGKC;IGHV6-1..IGHJ4.IGHM_IGKV1-33.IGKJ2.IGKC;IGHV3-33..IGHJ1.IGHM_IGKV3-15.IGKJ1.IGKC;IGHV1-2..IGHJ4.IGHM_IGKV3-20.IGKJ2.IGKC;IGHV3-49.IGHD5-24.IGHJ4.IGHM_IGLV3-21.IGLJ2.IGLC2;IGHV7-4-1..IGHJ4.IGHM_IGKV3-20.IGKJ1.IGKC;IGHV3-74..IGHJ5.IGHM_IGKV1-39.IGKJ1.IGKC;IGHV2-26.IGHD4-17.IGHJ6.IGHM_IGKV3-20.IGKJ5.IGKC;IGHV3-74..IGHJ4.IGHM_IGLV2-23.IGLJ1.IGLC1;IGHV3-15.IGHD3-9.IGHJ6.IGHD_IGLV7-46.IGLJ3.IGLC3;IGHV1-18..IGHJ4.IGHM_IGKV2-28.IGKJ1.IGKC;IGHV3-33..IGHJ4.IGHM_IGKV2-28.IGKJ4.IGKC;IGHV1-46.IGHD2-2.IGHJ4.IGHM_IGKV3D-15.IGKJ4.IGKC;IGHV4-59..IGHJ6.IGHM_IGLV1-40.IGLJ2.IGLC2;IGHV3-33..IGHJ4.IGHM_IGLV2-14.IGLJ2.IGLC2;IGHV5-51..IGHJ4.IGHM_IGLV1-40.IGLJ2.IGLC2;IGHV3-53..IGHJ4.IGHM_IGLV3-1.IGLJ1.IGLC1;IGHV3-53.IGHD5-24.IGHJ4.IGHM_IGKV3-15.IGKJ1.IGKC;IGHV3-9.IGHD4-23.IGHJ4.IGHM_IGKV3D-20.IGKJ4.IGKC;IGHV3-30..IGHJ4.IGHA1_IGLV6-57.IGLJ2.IGLC2;IGHV4-59.IGHD2-2.IGHJ6.IGHM_IGKV1-39.IGKJ1.IGKC;IGHV4-61.IGHD2-15.IGHJ6.IGHM_IGKV1-17.IGKJ1.IGKC;IGHV3-9..IGHJ3.IGHM_IGLV1-40.IGLJ3.IGLC3;IGHV5-51.IGHD5-5.IGHJ6.IGHM_IGKV1-16.IGKJ1.IGKC;IGHV3-9..IGHJ6.IGHM_IGKV1-39.IGKJ2.IGKC;IGHV1-24..IGHJ4.IGHG1_IGKV1-39.IGKJ1.IGKC;IGHV3-11..IGHJ4.IGHM_IGLV3-25.IGLJ2.IGLC2;IGHV4-39.IGHD2-2.IGHJ2.IGHM_IGLV4-69.IGLJ2.IGLC2;IGHV3-48..IGHJ5.IGHM_IGKV3-15.IGKJ4.IGKC;IGHV3-9..IGHJ4.IGHG1_IGKV3-20.IGKJ1.IGKC;IGHV1-69D..IGHJ6.IGHM_IGLV1-40.IGLJ1.IGLC1;IGHV4-59..IGHJ5.IGHM_IGLV6-57.IGLJ3.IGLC3;IGHV3-21.IGHD6-13.IGHJ5.IGHM_IGKV1-39.IGKJ2.IGKC;IGHV3-53..IGHJ3.IGHM_IGKV1-27.IGKJ3.IGKC;IGHV3-48.IGHD3-22.IGHJ3.IGHM_IGLV1-40.IGLJ2.IGLC2;IGHV5-51.IGHD1-26.IGHJ3.IGHM_IGLV1-47.IGLJ3.IGLC2;IGHV4-59.IGHD4-17.IGHJ4.IGHM_IGLV3-25.IGLJ2.IGLC2;IGHV1-2..IGHJ6.IGHM_IGKV1-39.IGKJ2.IGKC;IGHV3-43..IGHJ6.IGHM_IGLV3-1.IGLJ2.IGLC2;IGHV3-48..IGHJ6.IGHM_IGKV3-20.IGKJ2.IGKC;IGHV3-21..IGHJ6.IGHM_IGKV1-5.IGKJ1.IGKC;IGHV3-11..IGHJ4.IGHM_IGKV1-6.IGKJ1.IGKC;IGHV3-9..IGHJ4.IGHM_IGKV3-20.IGKJ5.IGKC;IGHV4-34..IGHJ3.IGHG3_IGKV3-15.IGKJ1.IGKC;IGHV3-21..IGHJ6.IGHM_IGKV1-12.IGKJ4.IGKC;IGHV4-30-4..IGHJ6.IGHM_IGKV2-28.IGKJ3.IGKC;IGHV4-39..IGHJ4.IGHA1_IGKV1-16.IGKJ3.IGKC;IGHV4-39..IGHJ1.IGHG3_IGKV1-39.IGKJ3.IGKC;IGHV4-59..IGHJ4.IGHM_IGLV4-69.IGLJ3.IGLC2;IGHV4-39.IGHD3-10.IGHJ4.IGHM_IGLV8-61.IGLJ3.IGLC2;IGHV2-5.IGHD3-9.IGHJ5.IGHM_IGLV1-40.IGLJ2.IGLC2;IGHV3-53..IGHJ4.IGHM_IGKV1-39.IGKJ5.IGKC;IGHV3-53.IGHD2-15.IGHJ6.IGHM_IGKV3-20.IGKJ5.IGKC;IGHV1-8..IGHJ4.IGHM_IGKV3-20.IGKJ2.IGKC;IGHV1-69D..IGHJ6.IGHM_IGKV3-15.IGKJ2.IGKC;IGHV4-61..IGHJ6.IGHM_IGKV1-8.IGKJ3.IGKC;IGHV4-61..IGHJ5.IGHM_IGKV3-20.IGKJ1.IGKC;IGHV3-48.IGHD5-5.IGHJ4.IGHM_IGLV3-25.IGLJ3.IGLC3;IGHV3-7..IGHJ4.IGHM_IGLV4-69.IGLJ2.IGLC2;IGHV4-30-4.IGHD3-10.IGHJ5.IGHM_IGLV3-9.IGLJ2.IGLC2;IGHV3-30..IGHJ4.IGHM_IGKV3-20.IGKJ1.IGKC;IGHV4-30-4..IGHJ5.IGHA1_IGLV1-51.IGLJ2.IGLC2;IGHV1-3..IGHJ4.IGHM_IGKV1-33.IGKJ4.IGKC;IGHV2-5..IGHJ4.IGHM_IGKV1D-8.IGKJ1.IGKC;IGHV4-39..IGHJ4.IGHM_IGLV1-47.IGLJ2.IGLC2;IGHV1-69D.IGHD3-22.IGHJ4.IGHM_IGKV3-11.IGKJ4.IGKC;IGHV3-49..IGHJ4.IGHA1_IGLV2-23.IGLJ1.IGLC1;IGHV5-51..IGHJ5.IGHM_NA;IGHV5-51..IGHJ4.IGHM_IGLV3-19.IGLJ2.IGLC2;IGHV1-8.IGHD6-13.IGHJ6.IGHM_IGLV1-40.IGLJ2.IGLC2;IGHV1-18.IGHD6-13.IGHJ5.IGHM_IGLV7-46.IGLJ1.IGLC1;IGHV3-33..IGHJ4.IGHA1_IGLV1-51.IGLJ2.IGLC2;IGHV3-48..IGHJ3.IGHM_IGLV3-25.IGLJ3.IGLC3;IGHV3-33..IGHJ6.IGHM_IGKV1-33.IGKJ5.IGKC;IGHV3-15..IGHJ4.IGHM_IGLV3-1.IGLJ1.IGLC1;IGHV2-26..IGHJ3.IGHM_IGKV3-20.IGKJ1.IGKC;IGHV4-59.IGHD3-22.IGHJ4.IGHM_IGKV1-33.IGKJ3.IGKC;IGHV3-30.IGHD3-3.IGHJ3.IGHM_IGKV1-39.IGKJ2.IGKC;IGHV4-59..IGHJ6.IGHM_IGKV1-5.IGKJ4.IGKC;IGHV3-7..IGHJ6.IGHM_IGKV1-39.IGKJ2.IGKC;IGHV3-53.IGHD3-22.IGHJ3.IGHM_IGKV1-39.IGKJ2.IGKC;IGHV3-7..IGHJ5.IGHM_IGLV3-9.IGLJ2.IGLC2;IGHV4-59.IGHD6-6.IGHJ4.IGHG1_IGLV1-40.IGLJ1.IGLC1;IGHV2-5.IGHD3-16.IGHJ5.IGHM_IGLV3-1.IGLJ2.IGLC2;IGHV3-15.IGHD3-9.IGHJ4.IGHM_IGKV2-28.IGKJ5.IGKC;IGHV1-18.IGHD3-3.IGHJ6.IGHM_IGKV3-20.IGKJ1.IGKC;IGHV4-61.IGHD1-7.IGHJ2.IGHM_IGLV3-21.IGLJ1.IGLC1;IGHV1-24..IGHJ4.IGHM_IGKV1-5.IGKJ1.IGKC;IGHV3-48.IGHD3-22.IGHJ4.IGHM_IGKV3-15.IGKJ2.IGKC;IGHV3-48..IGHJ4.IGHM_IGKV1-39.IGKJ1.IGKC;IGHV3-7..IGHJ4.IGHM_IGKV3D-20.IGKJ4.IGKC;IGHV2-26..IGHJ4.IGHM_IGKV2D-29.IGKJ3.IGKC;IGHV1-2..IGHJ5.IGHM_IGLV2-23.IGLJ2.IGLC2;IGHV3-7..IGHJ4.IGHM_IGKV3-20.IGKJ4.IGKC;IGHV4-34..IGHJ5.IGHG3_IGLV3-25.IGLJ2.IGLC2;IGHV4-61.IGHD1-26.IGHJ4.IGHM_IGKV1D-8.IGKJ4.IGKC;IGHV4-30-4..IGHJ1.IGHG1_IGLV1-40.IGLJ1.IGLC1;IGHV2-70..IGHJ6.IGHG1_IGKV2-28.IGKJ2.IGKC;IGHV7-4-1..IGHJ4.IGHM_IGLV1-40.IGLJ2.IGLC2;IGHV1-2.IGHD6-19.IGHJ4.IGHM_IGLV2-11.IGLJ2.IGLC2;IGHV1-18..IGHJ5.IGHG1_IGKV1-39.IGKJ1.IGKC;IGHV3-7..IGHJ4.IGHM_IGKV3-15.IGKJ1.IGKC;IGHV4-39.IGHD2-2.IGHJ4.IGHM_IGKV1-5.IGKJ4.IGKC;IGHV4-39.IGHD3-3.IGHJ4.IGHM_IGLV1-40.IGLJ2.IGLC2;IGHV3-23..IGHJ4.IGHA1_IGKV1-39.IGKJ2.IGKC;IGHV3-9.IGHD3-10.IGHJ6.IGHM_IGLV3-1.IGLJ1.IGLC1;IGHV1-69D..IGHJ6.IGHM_IGKV2-28.IGKJ2.IGKC;IGHV3-30..IGHJ4.IGHA1_IGKV1-39.IGKJ4.IGKC;IGHV6-1..IGHJ4.IGHM_IGLV2-23.IGLJ3.IGLC3;IGHV4-30-4.IGHD2-2.IGHJ6.IGHM_IGLV1-40.IGLJ2.IGLC2;IGHV3-49.IGHD3-3.IGHJ4.IGHM_IGKV3-20.IGKJ1.IGKC;IGHV3-74..IGHJ5.IGHM_IGKV1-39.IGKJ2.IGKC;IGHV1-69D..IGHJ3.IGHM_IGKV1-5.IGKJ4.IGKC;IGHV7-4-1..IGHJ4.IGHM_IGKV1-39.IGKJ3.IGKC;IGHV5-51..IGHJ4.IGHM_IGKV1-9.IGKJ4.IGKC;IGHV3-53..IGHJ6.IGHM_IGKV2-28.IGKJ2.IGKC;IGHV1-24..IGHJ4.IGHM_IGKV1-12.IGKJ4.IGKC;IGHV3-9..IGHJ4.IGHM_IGLV3-25.IGLJ3.IGLC3;IGHV3-15.IGHD2-21.IGHJ4.IGHM_IGKV1-9.IGKJ4.IGKC;IGHV7-4-1..IGHJ4.IGHM_IGLV1-40.IGLJ2.IGLC2;IGHV1-2..IGHJ4.IGHM_IGLV2-8.IGLJ2.IGLC2;IGHV3-9..IGHJ1.IGHM_IGLV2-23.IGLJ2.IGLC2;IGHV1-3..IGHJ6.IGHM_IGKV1-9.IGKJ4.IGKC;IGHV5-51.IGHD3-9.IGHJ6.IGHM_IGLV7-43.IGLJ2.IGLC2;IGHV3-15.IGHD3-22.IGHJ4.IGHM_IGLV3-25.IGLJ1.IGLC1;IGHV4-61..IGHJ4.IGHM_IGKV1D-8.IGKJ2.IGKC;IGHV4-61..IGHJ6.IGHM_IGLV3-1.IGLJ1.IGLC1;IGHV3-7..IGHJ4.IGHM_IGLV3-1.IGLJ2.IGLC2;IGHV3-74..IGHJ3.IGHM_IGKV1-39.IGKJ1.IGKC;IGHV2-5.IGHD3-22.IGHJ4.IGHM_IGKV1-39.IGKJ4.IGKC;IGHV3-48..IGHJ4.IGHM_IGKV3-15.IGKJ2.IGKC;IGHV2-70.IGHD2-15.IGHJ6.IGHM_IGKV3-20.IGKJ1.IGKC;IGHV3-48.IGHD3-22.IGHJ4.IGHM_IGLV4-69.IGLJ3.IGLC2;IGHV5-51..IGHJ1.IGHM_IGKV3-20.IGKJ2.IGKC;IGHV5-51..IGHJ4.IGHG2_IGKV1-12.IGKJ4.IGKC;NA_IGKV1-39.IGKJ1.IGKC;IGHV7-4-1..IGHJ1.IGHA1_IGLV2-23.IGLJ3.IGLC3;IGHV3-30.IGHD3-22.IGHJ6.IGHM_IGLV3-25.IGLJ1.IGLC1;IGHV3-23..IGHJ4.IGHA1_IGKV1-5.IGKJ1.IGKC;IGHV1-2..IGHJ4.IGHM_IGKV1-33.IGKJ2.IGKC;IGHV4-59..IGHJ3.IGHM_IGKV1-8.IGKJ4.IGKC;IGHV4-30-4..IGHJ5.IGHM_IGKV2D-29.IGKJ2.IGKC;IGHV3-7..IGHJ6.IGHG2_IGKV3-20.IGKJ3.IGKC;IGHV4-59..IGHJ4.IGHG1_IGKV1-39.IGKJ4.IGKC;IGHV2-5..IGHJ5.IGHA2_IGKV2-28.IGKJ2.IGKC;IGHV6-1..IGHJ6.IGHM_IGKV3-20.IGKJ4.IGKC;IGHV3-72..IGHJ6.IGHA2_IGKV1-9.IGKJ5.IGKC;IGHV3-53.IGHD4-23.IGHJ5.IGHM_IGLV3-21.IGLJ2.IGLC2;IGHV3-23..IGHJ4.IGHM_IGKV1-8.IGKJ1.IGKC;IGHV1-18..IGHJ6.IGHM_IGKV2-28.IGKJ2.IGKC;IGHV3-48..IGHJ4.IGHM_IGKV2-28.IGKJ2.IGKC;IGHV3-21..IGHJ4.IGHM_IGKV3-15.IGKJ1.IGKC;IGHV1-8..IGHJ5.IGHM_IGLV3-19.IGLJ2.IGLC2;IGHV1-3.IGHD3-16.IGHJ3.IGHM_IGKV2-30.IGKJ4.IGKC;IGHV3-11.IGHD3-22.IGHJ4.IGHM_IGKV1-39.IGKJ2.IGKC;IGHV3-49.IGHD6-13.IGHJ6.IGHM_IGKV1-39.IGKJ2.IGKC;IGHV1-2..IGHJ4.IGHM_IGKV3-15.IGKJ2.IGKC;IGHV4-39..IGHJ5.IGHM_IGKV3-20.IGKJ2.IGKC;IGHV3-49.IGHD2-2.IGHJ5.IGHM_IGLV3-1.IGLJ2.IGLC2;IGHV1-46..IGHJ1.IGHM_IGLV2-23.IGLJ1.IGLC1;IGHV3-74.IGHD3-22.IGHJ4.IGHM_IGKV1-39.IGKJ1.IGKC;IGHV1-8..IGHJ3.IGHM_IGKV1-33.IGKJ4.IGKC;IGHV3-15..IGHJ4.IGHM_IGKV3-15.IGKJ3.IGKC;IGHV3-11.IGHD3-22.IGHJ3.IGHM_IGKV1-39.IGKJ1.IGKC;IGHV1-24..IGHJ6.IGHM_IGLV3-19.IGLJ1.IGLC1;IGHV3-33..IGHJ3.IGHM_IGLV2-23.IGLJ3.IGLC3;IGHV3-11.IGHD1-1.IGHJ4.IGHM_IGLV1-51.IGLJ1.IGLC1;IGHV3-11.IGHD2-2.IGHJ6.IGHM_IGKV1-39.IGKJ1.IGKC;IGHV1-18..IGHJ6.IGHM_IGKV3-20.IGKJ1.IGKC;IGHV1-2..IGHJ3.IGHM_IGLV2-11.IGLJ2.IGLC2;IGHV2-5.IGHD3-22.IGHJ4.IGHM_IGKV3-15.IGKJ4.IGKC;IGHV1-18..IGHJ4.IGHM_IGKV3-20.IGKJ2.IGKC;IGHV3-30..IGHJ4.IGHM_IGKV1-17.IGKJ1.IGKC;IGHV3-15.IGHD3-9.IGHJ6.IGHM_IGLV3-25.IGLJ2.IGLC2;IGHV3-11..IGHJ4.IGHM_IGKV3-20.IGKJ2.IGKC;IGHV7-4-1..IGHJ5.IGHA1_IGLV4-69.IGLJ3.IGLC2;IGHV3-53.IGHD3-22.IGHJ4.IGHM_IGLV4-69.IGLJ3.IGLC3;IGHV1-18..IGHJ5.IGHM_IGKV1-39.IGKJ1.IGKC;IGHV3-11..IGHJ5.IGHM_IGKV1-33.IGKJ3.IGKC;IGHV5-51..IGHJ6.IGHM_IGKV2-28.IGKJ3.IGKC;IGHV4-39.IGHD3-9.IGHJ4.IGHM_IGKV3-15.IGKJ2.IGKC;IGHV4-59..IGHJ4.IGHM_IGLV1-47.IGLJ2.IGLC2;IGHV2-26..IGHJ5.IGHM_IGLV3-21.IGLJ1.IGLC1;IGHV4-39..IGHJ4.IGHM_IGLV1-40.IGLJ2.IGLC2;IGHV1-2..IGHJ6.IGHM_IGKV3-20.IGKJ3.IGKC;IGHV4-39..IGHJ5.IGHM_IGKV1-12.IGKJ2.IGKC;IGHV1-69D.IGHD4-17.IGHJ4.IGHM_IGKV1-27.IGKJ3.IGKC;IGHV1-18..IGHJ1.IGHM_IGKV3-20.IGKJ2.IGKC;IGHV4-30-4..IGHJ4.IGHM_IGKV1-39.IGKJ1.IGKC;IGHV3-73..IGHJ4.IGHG1_IGKV1-17.IGKJ1.IGKC;IGHV3-15..IGHJ4.IGHM_IGKV1-8.IGKJ3.IGKC;IGHV3-9..IGHJ6.IGHM_IGLV10-54.IGLJ2.IGLC2;IGHV4-59..IGHJ4.IGHM_IGKV3-20.IGKJ4.IGKC;IGHV5-51..IGHJ6.IGHM_IGKV2D-40.IGKJ4.IGKC;IGHV3-53..IGHJ6.IGHM_IGKV1-39.IGKJ1.IGKC;IGHV3-30..IGHJ4.IGHM_IGLV1-47.IGLJ1.IGLC1;IGHV2-5.IGHD2-2.IGHJ5.IGHM_IGLV3-25.IGLJ1.IGLC1;IGHV4-39..IGHJ4.IGHM_IGLV1-51.IGLJ3.IGLC3;IGHV4-59..IGHJ4.IGHM_IGKV2-28.IGKJ5.IGKC;IGHV3-23..IGHJ4.IGHM_IGKV1-39.IGKJ4.IGKC;IGHV3-15.IGHD5-24.IGHJ4.IGHM_IGKV1-33.IGKJ5.IGKC;IGHV3-48..IGHJ6.IGHM_IGLV3-25.IGLJ3.IGLC2;IGHV4-59..IGHJ6.IGHM_IGKV1-39.IGKJ2.IGKC;IGHV2-5..IGHJ4.IGHM_IGKV1-5.IGKJ2.IGKC;IGHV3-15..IGHJ3.IGHM_IGKV1-17.IGKJ1.IGKC;IGHV3-49..IGHJ6.IGHM_IGKV1-16.IGKJ4.IGKC;IGHV3-30.IGHD6-19.IGHJ3.IGHM_IGKV1-5.IGKJ1.IGKC;IGHV3-33.IGHD3-3.IGHJ4.IGHM_IGKV1-6.IGKJ2.IGKC;IGHV4-30-4.IGHD3-22.IGHJ3.IGHM_IGLV3-25.IGLJ2.IGLC2;IGHV3-30.IGHD3-22.IGHJ6.IGHM_IGLV2-23.IGLJ2.IGLC2;IGHV7-4-1..IGHJ5.IGHM_IGKV3-11.IGKJ4.IGKC;IGHV3-21..IGHJ4.IGHG1_IGKV3-20.IGKJ1.IGKC;IGHV1-2..IGHJ4.IGHM_IGKV1-39.IGKJ2.IGKC;IGHV4-39.IGHD3-22.IGHJ5.IGHM_IGLV3-19.IGLJ2.IGLC2;IGHV3-33..IGHJ4.IGHM_IGLV8-61.IGLJ3.IGLC3;IGHV3-9..IGHJ4.IGHM_IGLV3-21.IGLJ2.IGLC2;IGHV3-33..IGHJ6.IGHM_IGKV1-9.IGKJ5.IGKC;IGHV6-1..IGHJ5.IGHM_IGLV1-36.IGLJ3.IGLC2;IGHV6-1.IGHD6-13.IGHJ3.IGHM_IGKV1-5.IGKJ1.IGKC;IGHV2-5.IGHD3-10.IGHJ5.IGHM_IGLV3-25.IGLJ1.IGLC1;IGHV4-59..IGHJ4.IGHM_IGLV3-19.IGLJ2.IGLC2;IGHV3-30.IGHD6-6.IGHJ4.IGHM_IGLV2-8.IGLJ1.IGLC1;IGHV2-5..IGHJ4.IGHG1_IGLV1-40.IGLJ2.IGLC2;IGHV3-74.IGHD3-22.IGHJ4.IGHM_IGKV1-39.IGKJ1.IGKC;IGHV4-39..IGHJ5.IGHM_IGLV3-25.IGLJ2.IGLC2;IGHV1-8..IGHJ6.IGHM_IGLV1-51.IGLJ2.IGLC2;IGHV5-51..IGHJ3.IGHM_IGKV1-33.IGKJ1.IGKC;IGHV1-18..IGHJ6.IGHM_IGKV3-20.IGKJ2.IGKC;IGHV3-23.IGHD3-10.IGHJ4.IGHM_IGKV1-33.IGKJ4.IGKC;IGHV3-15.IGHD5-24.IGHJ4.IGHG1_IGKV3-20.IGKJ2.IGKC;IGHV1-18..IGHJ5.IGHM_IGKV1-27.IGKJ3.IGKC;IGHV4-61..IGHJ3.IGHM_IGKV1-8.IGKJ1.IGKC;IGHV2-5.IGHD3-22.IGHJ5.IGHM_IGKV3-20.IGKJ1.IGKC;IGHV4-39.IGHD5-5.IGHJ4.IGHM_IGLV1-40.IGLJ1.IGLC1;IGHV4-59.IGHD3-9.IGHJ6.IGHM_IGLV1-47.IGLJ1.IGLC1;IGHV3-30..IGHJ5.IGHM_IGKV1-8.IGKJ4.IGKC;IGHV1-46..IGHJ4.IGHM_IGKV4-1.IGKJ2.IGKC;IGHV3-49.IGHD4-4.IGHJ5.IGHM_IGKV1-17.IGKJ4.IGKC;IGHV4-61..IGHJ6.IGHM_IGLV3-10.IGLJ3.IGLC3;IGHV3-30..IGHJ6.IGHM_IGKV1-39.IGKJ2.IGKC;IGHV3-30.IGHD3-9.IGHJ4.IGHM_IGKV1-8.IGKJ4.IGKC;IGHV3-48..IGHJ4.IGHM_IGKV1-12.IGKJ2.IGKC;IGHV7-4-1.IGHD3-10.IGHJ4.IGHM_IGKV1-39.IGKJ1.IGKC;IGHV4-39..IGHJ5.IGHM_IGKV1-8.IGKJ1.IGKC;IGHV4-61..IGHJ6.IGHM_IGLV1-51.IGLJ2.IGLC2;IGHV3-48..IGHJ3.IGHM_IGLV3-21.IGLJ1.IGLC1;IGHV4-31..IGHJ4.IGHM_IGKV1D-8.IGKJ3.IGKC;NA_IGKV3-15.IGKJ1.IGKC;IGHV3-48..IGHJ4.IGHM_IGKV2-28.IGKJ2.IGKC;IGHV5-51..IGHJ6.IGHD_IGKV1-39.IGKJ4.IGKC;IGHV3-11.IGHD5-5.IGHJ5.IGHM_IGLV1-40.IGLJ2.IGLC2;IGHV3-13..IGHJ4.IGHM_IGKV1-39.IGKJ1.IGKC;IGHV3-7..IGHJ4.IGHM_IGLV1-40.IGLJ2.IGLC2;IGHV4-30-4..IGHJ3.IGHM_IGKV3D-20.IGKJ4.IGKC;IGHV3-7..IGHJ6.IGHM_IGLV1-40.IGLJ3.IGLC2;IGHV4-59..IGHJ4.IGHM_IGLV1-47.IGLJ3.IGLC3;IGHV3-30.IGHD2-2.IGHJ4.IGHM_IGKV1-39.IGKJ5.IGKC;IGHV4-31..IGHJ4.IGHM_IGKV1-39.IGKJ2.IGKC;IGHV1-69D..IGHJ4.IGHG1_IGLV2-23.IGLJ1.IGLC1;IGHV3-30..IGHJ3.IGHM_IGKV3-15.IGKJ1.IGKC;IGHV5-51.IGHD2-15.IGHJ4.IGHM_IGKV2-28.IGKJ3.IGKC;IGHV1-69D..IGHJ4.IGHM_IGKV1-17.IGKJ1.IGKC;IGHV4-59..IGHJ5.IGHG1_IGLV3-10.IGLJ2.IGLC2;IGHV3-7..IGHJ4.IGHM_IGKV1-8.IGKJ4.IGKC;IGHV1-18..IGHJ6.IGHM_IGLV3-25.IGLJ3.IGLC2;IGHV1-8..IGHJ4.IGHM_IGLV1-47.IGLJ3.IGLC3;IGHV1-18.IGHD6-19.IGHJ5.IGHM_IGKV1-12.IGKJ2.IGKC;IGHV3-7..IGHJ4.IGHM_IGKV1-6.IGKJ1.IGKC;IGHV5-51.IGHD6-19.IGHJ4.IGHM_IGLV4-69.IGLJ2.IGLC2;IGHV1-2.IGHD3-10.IGHJ3.IGHM_IGKV1-5.IGKJ1.IGKC;IGHV3-30..IGHJ3.IGHM_IGKV1-16.IGKJ4.IGKC;IGHV1-46..IGHJ4.IGHM_IGKV3-15.IGKJ1.IGKC;IGHV4-28..IGHJ6.IGHM_IGLV8-61.IGLJ3.IGLC2;IGHV1-8..IGHJ6.IGHM_IGKV1-6.IGKJ1.IGKC;IGHV2-5..IGHJ3.IGHM_IGLV3-19.IGLJ3.IGLC3;IGHV2-5..IGHJ4.IGHM_IGLV2-23.IGLJ1.IGLC1;IGHV1-58..IGHJ6.IGHM_IGKV3-20.IGKJ4.IGKC;IGHV1-18..IGHJ4.IGHG2_IGKV2-30.IGKJ2.IGKC;IGHV4-31..IGHJ3.IGHG1_IGKV1-9.IGKJ5.IGKC;IGHV1-2.IGHD6-19.IGHJ6.IGHM_IGKV2-28.IGKJ4.IGKC;IGHV3-7..IGHJ4.IGHM_IGLV3-1.IGLJ2.IGLC2;IGHV7-4-1..IGHJ4.IGHM_IGLV1-51.IGLJ1.IGLC1;IGHV3-15.IGHD3-10.IGHJ6.IGHM_IGLV3-25.IGLJ2.IGLC2;IGHV1-69D..IGHJ6.IGHG3_IGKV3-15.IGKJ4.IGKC;NA_IGLV3-1.IGLJ2.IGLC2;IGHV5-51..IGHJ4.IGHG1_IGLV3-25.IGLJ3.IGLC2;IGHV4-59..IGHJ6.IGHM_IGLV2-11.IGLJ2.IGLC3;IGHV4-39.IGHD3-22.IGHJ4.IGHM_IGLV1-40.IGLJ2.IGLC2;IGHV3-11.IGHD4-17.IGHJ5.IGHM_IGKV1-33.IGKJ4.IGKC;IGHV4-30-4..IGHJ1.IGHM_IGLV1-51.IGLJ2.IGLC2;IGHV3-11..IGHJ5.IGHD_IGLV3-1.IGLJ3.IGLC2;IGHV3-48.IGHD2-2.IGHJ4.IGHM_IGLV1-40.IGLJ1.IGLC1;NA_IGKV3-11.IGKJ2.IGKC;IGHV4-30-4..IGHJ4.IGHM_IGKV3-20.IGKJ5.IGKC;IGHV3-7.IGHD3-3.IGHJ6.IGHD_IGKV2-28.IGKJ4.IGKC;IGHV3-30.IGHD3-22.IGHJ4.IGHM_IGKV3-15.IGKJ1.IGKC;IGHV3-33..IGHJ4.IGHM_IGLV8-61.IGLJ3.IGLC3;IGHV3-9..IGHJ4.IGHM_IGLV3-1.IGLJ2.IGLC2;IGHV1-3.IGHD4-23.IGHJ5.IGHM_IGKV1-16.IGKJ5.IGKC;IGHV4-39..IGHJ4.IGHM_IGLV3-19.IGLJ2.IGLC2;IGHV4-39..IGHJ5.IGHM_IGKV3-20.IGKJ2.IGKC;IGHV3-30.IGHD2-2.IGHJ3.IGHM_IGKV3-20.IGKJ3.IGKC;IGHV3-7..IGHJ4.IGHM_IGKV3-20.IGKJ1.IGKC;IGHV5-51.IGHD2-2.IGHJ6.IGHM_IGKV3-15.IGKJ2.IGKC;IGHV2-5..IGHJ4.IGHM_IGLV7-43.IGLJ2.IGLC2;IGHV5-51.IGHD3-10.IGHJ6.IGHM_IGKV2-28.IGKJ4.IGKC;IGHV6-1..IGHJ5.IGHM_IGKV1-33.IGKJ1.IGKC;IGHV1-2..IGHJ4.IGHM_IGKV3-15.IGKJ5.IGKC;IGHV3-30..IGHJ4.IGHM_IGLV4-69.IGLJ2.IGLC2;IGHV3-33..IGHJ2.IGHM_IGKV3-15.IGKJ1.IGKC;IGHV3-48..IGHJ4.IGHM_IGKV3-15.IGKJ1.IGKC;IGHV4-30-4..IGHJ4.IGHM_IGKV3-20.IGKJ1.IGKC;IGHV3-30..IGHJ3.IGHG1_IGKV3-20.IGKJ2.IGKC;IGHV1-2..IGHJ6.IGHM_IGKV1-39.IGKJ4.IGKC;NA_IGLV2-23.IGLJ2.IGLC2;IGHV1-69D..IGHJ6.IGHM_IGKV3-20.IGKJ4.IGKC;IGHV2-70..IGHJ3.IGHM_IGKV3-15.IGKJ1.IGKC;NA_IGLV1-40.IGLJ2.IGLC2;IGHV4-59.IGHD3-10.IGHJ6.IGHM_IGKV1-39.IGKJ2.IGKC;IGHV3-9..IGHJ4.IGHM_IGKV1D-8.IGKJ1.IGKC;IGHV3-74..IGHJ5.IGHM_IGKV1-39.IGKJ4.IGKC;IGHV3-15.IGHD4-17.IGHJ4.IGHM_IGLV3-25.IGLJ1.IGLC1;IGHV3-43..IGHJ4.IGHM_IGKV3-20.IGKJ1.IGKC;IGHV3-9..IGHJ4.IGHD_IGLV4-69.IGLJ3.IGLC3;IGHV4-61..IGHJ4.IGHM_IGKV1-39.IGKJ2.IGKC;IGHV4-30-4..IGHJ5.IGHM_IGKV1-5.IGKJ1.IGKC;IGHV3-11.IGHD5-24.IGHJ6.IGHM_IGLV2-23.IGLJ1.IGLC1;IGHV3-9.IGHD2-2.IGHJ6.IGHM_IGKV1-5.IGKJ2.IGKC;IGHV3-7..IGHJ4.IGHA2_IGKV2-30.IGKJ2.IGKC;IGHV3-73.IGHD2-15.IGHJ3.IGHM_IGKV1-39.IGKJ2.IGKC;IGHV4-39..IGHJ5.IGHM_IGLV1-40.IGLJ1.IGLC1;IGHV3-9..IGHJ4.IGHM_IGLV2-14.IGLJ2.IGLC2;IGHV5-51..IGHJ4.IGHM_IGLV8-61.IGLJ3.IGLC3;IGHV1-2.IGHD4-17.IGHJ6.IGHD_IGLV3-25.IGLJ1.IGLC1;IGHV3-73..IGHJ4.IGHM_IGKV2D-29.IGKJ1.IGKC;IGHV3-74..IGHJ4.IGHM_IGLV4-69.IGLJ1.IGLC1;IGHV3-30..IGHJ4.IGHM_IGLV3-25.IGLJ3.IGLC2;IGHV1-69D.IGHD2-2.IGHJ5.IGHM_IGLV1-40.IGLJ2.IGLC2;IGHV2-5..IGHJ5.IGHM_IGLV3-1.IGLJ1.IGLC1;IGHV2-26..IGHJ4.IGHM_IGKV1-12.IGKJ1.IGKC;IGHV3-15.IGHD3-3.IGHJ4.IGHM_IGKV1-33.IGKJ4.IGKC;IGHV1-46..IGHJ4.IGHM_IGLV3-19.IGLJ2.IGLC2;IGHV1-8.IGHD3-3.IGHJ6.IGHM_IGKV3-20.IGKJ1.IGKC;IGHV3-15.IGHD2-2.IGHJ4.IGHM_IGKV1-33.IGKJ4.IGKC;IGHV1-8.IGHD3-10.IGHJ6.IGHM_IGKV1-39.IGKJ1.IGKC;IGHV3-9.IGHD4-23.IGHJ1.IGHM_IGLV2-23.IGLJ3.IGLC2;NA_IGKV1-39.IGKJ2.IGKC;IGHV1-69D..IGHJ3.IGHM_NA;IGHV4-59..IGHJ2.IGHG2_IGKV3-20.IGKJ4.IGKC;IGHV1-46..IGHJ6.IGHM_IGKV2-28.IGKJ4.IGKC;IGHV3-48.IGHD6-19.IGHJ4.IGHM_IGKV1-16.IGKJ1.IGKC;IGHV3-30..IGHJ4.IGHM_IGLV3-21.IGLJ1.IGLC1;IGHV1-18.IGHD3-3.IGHJ6.IGHM_IGLV3-21.IGLJ1.IGLC1;IGHV4-61..IGHJ6.IGHM_IGLV7-43.IGLJ1.IGLC1;IGHV3-33..IGHJ3.IGHM_IGKV1-5.IGKJ3.IGKC;IGHV3-30.IGHD2-2.IGHJ6.IGHM_IGLV3-1.IGLJ2.IGLC2;IGHV4-39..IGHJ4.IGHM_IGLV2-18.IGLJ1.IGLC1;IGHV3-33..IGHJ6.IGHM_IGKV3-15.IGKJ4.IGKC;IGHV4-31..IGHJ4.IGHM_IGKV3-20.IGKJ1.IGKC;IGHV4-59..IGHJ6.IGHA1_IGKV2-28.IGKJ2.IGKC;IGHV1-8..IGHJ6.IGHM_IGKV2-28.IGKJ3.IGKC;IGHV4-61.IGHD5-5.IGHJ4.IGHM_IGLV1-36.IGLJ2.IGLC2;IGHV5-51..IGHJ4.IGHM_IGKV3-20.IGKJ2.IGKC;IGHV1-46.IGHD3-22.IGHJ4.IGHM_IGLV1-40.IGLJ2.IGLC2;IGHV3-49..IGHJ4.IGHM_IGKV1-12.IGKJ4.IGKC;IGHV4-61..IGHJ3.IGHM_IGLV3-19.IGLJ1.IGLC1;IGHV2-5..IGHJ6.IGHG1_IGKV1-6.IGKJ2.IGKC;IGHV1-69D..IGHJ4.IGHM_IGLV3-1.IGLJ2.IGLC2;IGHV3-33.IGHD6-19.IGHJ4.IGHM_IGKV3-20.IGKJ1.IGKC;IGHV3-43.IGHD2-2.IGHJ6.IGHM_IGKV1-8.IGKJ5.IGKC;IGHV4-61..IGHJ5.IGHM_IGLV3-1.IGLJ2.IGLC2;IGHV1-18..IGHJ5.IGHM_IGLV1-40.IGLJ3.IGLC3;IGHV4-31..IGHJ5.IGHM_IGKV3-20.IGKJ3.IGKC;IGHV3-48..IGHJ4.IGHM_IGKV1-33.IGKJ5.IGKC;IGHV1-8..IGHJ4.IGHM_IGKV1-5.IGKJ1.IGKC;IGHV4-30-4..IGHJ4.IGHM_IGLV3-1.IGLJ2.IGLC2;IGHV3-30.IGHD2-2.IGHJ6.IGHM_IGKV2-28.IGKJ3.IGKC;IGHV3-11..IGHJ4.IGHM_IGKV1-39.IGKJ2.IGKC;IGHV4-39..IGHJ5.IGHM_IGKV1-5.IGKJ1.IGKC;IGHV3-48..IGHJ4.IGHM_IGLV1-40.IGLJ2.IGLC2;IGHV2-5..IGHJ4.IGHM_IGKV1-16.IGKJ2.IGKC;IGHV3-20..IGHJ4.IGHM_IGKV3-20.IGKJ4.IGKC;IGHV3-33..IGHJ5.IGHM_IGKV1-5.IGKJ1.IGKC;IGHV3-48..IGHJ4.IGHM_IGKV1-8.IGKJ1.IGKC;IGHV3-30..IGHJ3.IGHM_IGLV1-51.IGLJ3.IGLC2;IGHV4-39..IGHJ4.IGHM_IGLV3-21.IGLJ1.IGLC1;IGHV3-11.IGHD3-22.IGHJ4.IGHM_IGLV3-21.IGLJ2.IGLC2;IGHV1-8.IGHD2-2.IGHJ6.IGHM_IGKV1-8.IGKJ4.IGKC;IGHV4-39..IGHJ2.IGHM_IGKV6-21.IGKJ4.IGKC	16	79	IGHV3-21.IGHD4-23.IGHJ2.IGHM_IGKV3-11.IGKJ2.IGKC;IGHV3-33.IGHD6-19.IGHJ6.IGHM_IGKV1-39.IGKJ1.IGKC;IGHV3-33..IGHJ5.IGHM_IGLV1-40.IGLJ1.IGLC1;IGHV3-33.IGHD2-2.IGHJ4.IGHM_IGKV3-20.IGKJ2.IGKC;IGHV3-30..IGHJ4.IGHM_IGKV3-11.IGKJ1.IGKC;IGHV4-59..IGHJ5.IGHG1_IGKV3-11.IGKJ4.IGKC;IGHV3-23..IGHJ5.IGHM_IGKV3-11.IGKJ5.IGKC;IGHV3-33..IGHJ6.IGHM_IGLV1-40.IGLJ2.IGLC2;IGHV3-33..IGHJ4.IGHM_IGKV1-5.IGKJ2.IGKC;IGHV3-11..IGHJ5.IGHM_IGKV3-15.IGKJ2.IGKC;IGHV3-33..IGHJ6.IGHM_IGKV4-1.IGKJ4.IGKC;IGHV1-3.IGHD3-9.IGHJ5.IGHM_IGKV3-11.IGKJ1.IGKC;IGHV3-7..IGHJ6.IGHM_IGKV3-11.IGKJ4.IGKC;IGHV3-33..IGHJ4.IGHM_IGKV3-15.IGKJ1.IGKC;IGHV2-5.IGHD3-9.IGHJ4.IGHM_IGKV1-39.IGKJ2.IGKC;IGHV3-33..IGHJ4.IGHM_IGKV1-39.IGKJ2.IGKC;IGHV3-33..IGHJ4.IGHM_IGKV1-12.IGKJ4.IGKC;IGHV4-59.IGHD3-9.IGHJ6.IGHM_IGLV2-8.IGLJ2.IGLC2;IGHV1-8.IGHD3-3.IGHJ2.IGHM_IGKV3-11.IGKJ2.IGKC;IGHV4-39..IGHJ3.IGHM_IGKV3-11.IGKJ3.IGKC;IGHV3-33.IGHD6-19.IGHJ4.IGHM_IGLV3-1.IGLJ2.IGLC2;IGHV3-33..IGHJ6.IGHM_IGLV3-25.IGLJ1.IGLC1;IGHV3-33..IGHJ5.IGHM_IGKV1-39.IGKJ1.IGKC;IGHV3-30..IGHJ3.IGHM_IGKV3-11.IGKJ4.IGKC;IGHV3-33..IGHJ4.IGHM_IGLV1-44.IGLJ1.IGLC1;IGHV3-33..IGHJ4.IGHM_IGLV2-23.IGLJ3.IGLC3;IGHV1-69D.IGHD6-13.IGHJ4.IGHM_IGKV3-11.IGKJ3.IGKC;IGHV3-15..IGHJ4.IGHM_IGKV3-11.IGKJ4.IGKC;IGHV1-69D.IGHD5-5.IGHJ4.IGHM_IGKV3-20.IGKJ1.IGKC;IGHV3-33.IGHD5-5.IGHJ4.IGHM_IGKV3-11.IGKJ2.IGKC;IGHV1-46..IGHJ6.IGHM_IGKV3-11.IGKJ4.IGKC;IGHV3-33..IGHJ4.IGHA1_IGLV2-23.IGLJ1.IGLC1;IGHV3-20..IGHJ5.IGHM_IGKV3-11.IGKJ4.IGKC;IGHV3-33.IGHD2-15.IGHJ4.IGHM_IGLV3-25.IGLJ2.IGLC2;IGHV4-59..IGHJ5.IGHM_IGKV3-11.IGKJ4.IGKC;IGHV3-33.IGHD5-24.IGHJ4.IGHM_IGKV1-33.IGKJ4.IGKC;IGHV3-30.IGHD3-10.IGHJ6.IGHM_IGKV3-11.IGKJ5.IGKC;IGHV3-74..IGHJ3.IGHM_IGKV1-39.IGKJ1.IGKC;IGHV1-69D.IGHD2-21.IGHJ6.IGHM_IGLV3-25.IGLJ3.IGLC3;IGHV3-33.IGHD3-10.IGHJ4.IGHM_IGLV1-40.IGLJ7.IGLC7;IGHV3-33..IGHJ4.IGHM_IGKV2-24.IGKJ2.IGKC;IGHV3-23..IGHJ5.IGHM_IGKV3-11.IGKJ5.IGKC;IGHV3-33.IGHD3-22.IGHJ4.IGHM_IGKV1-5.IGKJ2.IGKC;IGHV4-34.IGHD2-15.IGHJ6.IGHM_IGKV3-11.IGKJ2.IGKC;IGHV3-33.IGHD4-17.IGHJ6.IGHM_IGKV1-17.IGKJ1.IGKC;IGHV3-21.IGHD6-19.IGHJ4.IGHM_IGKV3-11.IGKJ1.IGKC;IGHV3-23.IGHD6-19.IGHJ4.IGHM_IGKV3-11.IGKJ1.IGKC;IGHV3-33.IGHD6-19.IGHJ6.IGHM_IGKV3-20.IGKJ1.IGKC;IGHV3-33..IGHJ4.IGHM_IGKV3-15.IGKJ1.IGKC;IGHV3-33..IGHJ4.IGHM_IGKV3-20.IGKJ2.IGKC;IGHV3-33.IGHD3-22.IGHJ3.IGHM_IGLV7-46.IGLJ3.IGLC2;IGHV3-33..IGHJ4.IGHM_IGKV1-5.IGKJ2.IGKC;IGHV3-30.IGHD3-10.IGHJ6.IGHM_IGKV3-11.IGKJ4.IGKC;IGHV3-33..IGHJ6.IGHM_IGKV1-17.IGKJ1.IGKC;IGHV1-24..IGHJ4.IGHM_IGKV3-11.IGKJ4.IGKC;IGHV1-18.IGHD3-3.IGHJ6.IGHM_IGKV3-11.IGKJ2.IGKC;IGHV3-33.IGHD5-5.IGHJ4.IGHM_IGKV1-39.IGKJ1.IGKC;IGHV3-33.IGHD5-5.IGHJ6.IGHM_IGLV3-25.IGLJ2.IGLC2;IGHV3-23..IGHJ4.IGHM_IGKV3-11.IGKJ4.IGKC;IGHV3-33..IGHJ4.IGHM_IGLV3-19.IGLJ1.IGLC1;IGHV3-33..IGHJ3.IGHM_IGKV3-11.IGKJ2.IGKC;IGHV3-33..IGHJ5.IGHM_IGLV2-23.IGLJ1.IGLC1;IGHV3-7.IGHD2-2.IGHJ4.IGHM_IGKV3-11.IGKJ3.IGKC;IGHV3-33..IGHJ4.IGHM_IGLV3-25.IGLJ1.IGLC1;IGHV3-33..IGHJ4.IGHM_IGKV3-15.IGKJ4.IGKC;IGHV3-33..IGHJ3.IGHM_IGKV1-5.IGKJ1.IGKC;IGHV3-33..IGHJ4.IGHM_IGKV1-39.IGKJ4.IGKC;IGHV5-51..IGHJ4.IGHM_IGKV3-11.IGKJ4.IGKC;IGHV3-23..IGHJ4.IGHM_IGKV3-11.IGKJ4.IGKC;IGHV3-49..IGHJ6.IGHM_IGKV3-11.IGKJ5.IGKC;IGHV3-33..IGHJ3.IGHM_IGKV1-8.IGKJ1.IGKC;IGHV3-33..IGHJ4.IGHM_IGLV3-25.IGLJ3.IGLC3;IGHV3-30.IGHD3-10.IGHJ6.IGHM_IGKV3-11.IGKJ4.IGKC;IGHV3-33..IGHJ3.IGHM_IGKV1-39.IGKJ1.IGKC;IGHV3-33.IGHD3-22.IGHJ4.IGHM_IGKV1-5.IGKJ4.IGKC;IGHV3-15..IGHJ6.IGHM_IGKV3-11.IGKJ2.IGKC;IGHV3-33..IGHJ4.IGHM_IGLV2-8.IGLJ3.IGLC2;IGHV7-4-1.IGHD3-10.IGHJ4.IGHM_IGKV3-11.IGKJ5.IGKC;IGHV3-21..IGHJ2.IGHM_IGKV3-11.IGKJ4.IGKC	1	IGHV3-74..IGHJ3.IGHM_IGKV1-39.IGKJ1.IGKC
4	454	NA_IGKV1-8.IGKJ4.IGKC;IGHV1-69D.IGHD3-22.IGHJ3.IGHM_IGKV1-8.IGKJ1.IGKC;IGHV1-2..IGHJ3.IGHM_IGLV5-45.IGLJ3.IGLC3;IGHV5-51..IGHJ3.IGHM_IGKV1D-8.IGKJ2.IGKC;IGHV4-39..IGHJ3.IGHM_IGLV3-21.IGLJ2.IGLC2;IGHV3-33..IGHJ4.IGHM_IGKV2-28.IGKJ2.IGKC;IGHV3-15..IGHJ4.IGHM_IGLV6-57.IGLJ2.IGLC2;IGHV1-2..IGHJ6.IGHM_IGKV1-27.IGKJ3.IGKC;IGHV2-5.IGHD3-9.IGHJ3.IGHM_IGKV1-5.IGKJ1.IGKC;IGHV3-7..IGHJ4.IGHM_IGKV1-39.IGKJ2.IGKC;IGHV1-8..IGHJ3.IGHM_IGKV3-20.IGKJ1.IGKC;IGHV3-9..IGHJ4.IGHM_IGKV3-20.IGKJ2.IGKC;IGHV4-59..IGHJ6.IGHM_IGKV3-20.IGKJ3.IGKC;IGHV4-31.IGHD2-8.IGHJ6.IGHM_IGLV1-47.IGLJ3.IGLC3;IGHV3-30.IGHD5-5.IGHJ4.IGHM_IGLV4-69.IGLJ3.IGLC3;IGHV2-26..IGHJ4.IGHM_IGKV1-5.IGKJ1.IGKC;IGHV3-33..IGHJ4.IGHG1_IGLV6-57.IGLJ3.IGLC3;IGHV5-51.IGHD3-9.IGHJ4.IGHM_IGKV3-20.IGKJ1.IGKC;IGHV2-5..IGHJ4.IGHM_IGKV2-30.IGKJ1.IGKC;IGHV3-74.IGHD3-22.IGHJ6.IGHD_IGKV1-9.IGKJ3.IGKC;IGHV3-33.IGHD4-17.IGHJ4.IGHM_IGKV3-15.IGKJ1.IGKC;IGHV4-39..IGHJ4.IGHM_IGLV1-40.IGLJ1.IGLC1;IGHV3-49..IGHJ6.IGHM_IGKV1D-8.IGKJ1.IGKC;IGHV3-30.IGHD3-22.IGHJ4.IGHM_IGLV3-25.IGLJ2.IGLC2;IGHV1-24.IGHD2-2.IGHJ6.IGHM_IGKV3-20.IGKJ4.IGKC;IGHV3-30..IGHJ4.IGHM_IGLV1-47.IGLJ2.IGLC2;IGHV3-43..IGHJ4.IGHM_IGLV1-51.IGLJ2.IGLC2;IGHV4-59..IGHJ4.IGHM_IGKV3-15.IGKJ3.IGKC;IGHV4-30-4..IGHJ3.IGHG2_IGKV1-39.IGKJ2.IGKC;IGHV3-7..IGHJ4.IGHM_IGKV1-39.IGKJ2.IGKC;IGHV4-59..IGHJ5.IGHM_IGKV1-12.IGKJ5.IGKC;IGHV1-69D.IGHD3-22.IGHJ4.IGHM_IGKV3-20.IGKJ1.IGKC;IGHV3-30..IGHJ4.IGHM_IGKV3-15.IGKJ1.IGKC;IGHV3-48.IGHD3-16.IGHJ6.IGHM_IGLV2-8.IGLJ1.IGLC1;IGHV1-8.IGHD3-22.IGHJ3.IGHM_IGKV2-28.IGKJ4.IGKC;IGHV3-30..IGHJ4.IGHM_IGKV1-39.IGKJ4.IGKC;IGHV3-11..IGHJ4.IGHM_IGLV1-40.IGLJ1.IGLC1;IGHV3-33..IGHJ4.IGHM_IGKV1-12.IGKJ5.IGKC;IGHV4-61..IGHJ4.IGHG1_IGKV1-39.IGKJ2.IGKC;IGHV1-69D.IGHD2-2.IGHJ5.IGHM_IGLV1-51.IGLJ3.IGLC3;IGHV3-7..IGHJ3.IGHM_IGLV3-1.IGLJ2.IGLC2;IGHV1-69D..IGHJ5.IGHM_IGLV1-40.IGLJ2.IGLC2;IGHV3-11..IGHJ4.IGHM_IGKV1-5.IGKJ1.IGKC;IGHV4-61..IGHJ5.IGHM_IGKV2-30.IGKJ4.IGKC;IGHV3-33..IGHJ6.IGHM_IGKV3-20.IGKJ1.IGKC;IGHV4-61.IGHD3-22.IGHJ4.IGHM_IGKV1-39.IGKJ4.IGKC;IGHV1-8.IGHD6-19.IGHJ4.IGHM_IGLV1-40.IGLJ2.IGLC2;IGHV3-33.IGHD4-4.IGHJ6.IGHM_IGKV1-39.IGKJ2.IGKC;IGHV3-7..IGHJ4.IGHM_IGLV3-21.IGLJ1.IGLC1;IGHV3-7.IGHD6-13.IGHJ4.IGHM_IGKV1-39.IGKJ2.IGKC;IGHV3-13.IGHD2-2.IGHJ6.IGHM_IGLV3-21.IGLJ3.IGLC2;IGHV5-51.IGHD3-22.IGHJ6.IGHM_IGKV3-15.IGKJ1.IGKC;IGHV3-7..IGHJ4.IGHM_IGKV2-28.IGKJ4.IGKC;IGHV1-18..IGHJ4.IGHM_IGKV3-20.IGKJ3.IGKC;IGHV3-7..IGHJ6.IGHM_IGLV3-19.IGLJ1.IGLC1;IGHV7-4-1.IGHD3-10.IGHJ4.IGHM_IGLV2-11.IGLJ2.IGLC2;IGHV5-51.IGHD3-9.IGHJ6.IGHM_IGLV1-40.IGLJ2.IGLC2;IGHV2-5.IGHD6-19.IGHJ5.IGHM_IGLV6-57.IGLJ2.IGLC2;IGHV4-59..IGHJ4.IGHM_IGKV1-39.IGKJ3.IGKC;IGHV1-69D..IGHJ6.IGHM_IGLV1-51.IGLJ1.IGLC1;IGHV4-39..IGHJ6.IGHM_IGKV1-12.IGKJ4.IGKC;IGHV4-61..IGHJ6.IGHM_IGLV1-40.IGLJ1.IGLC1;IGHV3-30..IGHJ3.IGHA1_IGKV1-9.IGKJ5.IGKC;IGHV3-30.IGHD3-10.IGHJ6.IGHM_IGKV3-15.IGKJ1.IGKC;IGHV3-15..IGHJ6.IGHM_IGLV2-8.IGLJ3.IGLC3;IGHV1-69D..IGHJ5.IGHM_IGKV3-15.IGKJ4.IGKC;IGHV6-1..IGHJ4.IGHM_IGKV1-33.IGKJ2.IGKC;IGHV3-33..IGHJ1.IGHM_IGKV3-15.IGKJ1.IGKC;IGHV1-2..IGHJ4.IGHM_IGKV3-20.IGKJ2.IGKC;IGHV3-49.IGHD5-24.IGHJ4.IGHM_IGLV3-21.IGLJ2.IGLC2;IGHV7-4-1..IGHJ4.IGHM_IGKV3-20.IGKJ1.IGKC;IGHV3-74..IGHJ5.IGHM_IGKV1-39.IGKJ1.IGKC;IGHV2-26.IGHD4-17.IGHJ6.IGHM_IGKV3-20.IGKJ5.IGKC;IGHV3-74..IGHJ4.IGHM_IGLV2-23.IGLJ1.IGLC1;IGHV3-15.IGHD3-9.IGHJ6.IGHD_IGLV7-46.IGLJ3.IGLC3;IGHV1-18..IGHJ4.IGHM_IGKV2-28.IGKJ1.IGKC;IGHV3-33..IGHJ4.IGHM_IGKV2-28.IGKJ4.IGKC;IGHV1-46.IGHD2-2.IGHJ4.IGHM_IGKV3D-15.IGKJ4.IGKC;IGHV4-59..IGHJ6.IGHM_IGLV1-40.IGLJ2.IGLC2;IGHV3-33..IGHJ4.IGHM_IGLV2-14.IGLJ2.IGLC2;IGHV5-51..IGHJ4.IGHM_IGLV1-40.IGLJ2.IGLC2;IGHV3-53..IGHJ4.IGHM_IGLV3-1.IGLJ1.IGLC1;IGHV3-53.IGHD5-24.IGHJ4.IGHM_IGKV3-15.IGKJ1.IGKC;IGHV3-9.IGHD4-23.IGHJ4.IGHM_IGKV3D-20.IGKJ4.IGKC;IGHV3-30..IGHJ4.IGHA1_IGLV6-57.IGLJ2.IGLC2;IGHV4-59.IGHD2-2.IGHJ6.IGHM_IGKV1-39.IGKJ1.IGKC;IGHV4-61.IGHD2-15.IGHJ6.IGHM_IGKV1-17.IGKJ1.IGKC;IGHV3-9..IGHJ3.IGHM_IGLV1-40.IGLJ3.IGLC3;IGHV5-51.IGHD5-5.IGHJ6.IGHM_IGKV1-16.IGKJ1.IGKC;IGHV3-9..IGHJ6.IGHM_IGKV1-39.IGKJ2.IGKC;IGHV1-24..IGHJ4.IGHG1_IGKV1-39.IGKJ1.IGKC;IGHV3-11..IGHJ4.IGHM_IGLV3-25.IGLJ2.IGLC2;IGHV4-39.IGHD2-2.IGHJ2.IGHM_IGLV4-69.IGLJ2.IGLC2;IGHV3-48..IGHJ5.IGHM_IGKV3-15.IGKJ4.IGKC;IGHV3-9..IGHJ4.IGHG1_IGKV3-20.IGKJ1.IGKC;IGHV1-69D..IGHJ6.IGHM_IGLV1-40.IGLJ1.IGLC1;IGHV4-59..IGHJ5.IGHM_IGLV6-57.IGLJ3.IGLC3;IGHV3-21.IGHD6-13.IGHJ5.IGHM_IGKV1-39.IGKJ2.IGKC;IGHV3-53..IGHJ3.IGHM_IGKV1-27.IGKJ3.IGKC;IGHV3-48.IGHD3-22.IGHJ3.IGHM_IGLV1-40.IGLJ2.IGLC2;IGHV5-51.IGHD1-26.IGHJ3.IGHM_IGLV1-47.IGLJ3.IGLC2;IGHV4-59.IGHD4-17.IGHJ4.IGHM_IGLV3-25.IGLJ2.IGLC2;IGHV1-2..IGHJ6.IGHM_IGKV1-39.IGKJ2.IGKC;IGHV3-43..IGHJ6.IGHM_IGLV3-1.IGLJ2.IGLC2;IGHV3-48..IGHJ6.IGHM_IGKV3-20.IGKJ2.IGKC;IGHV3-21..IGHJ6.IGHM_IGKV1-5.IGKJ1.IGKC;IGHV3-11..IGHJ4.IGHM_IGKV1-6.IGKJ1.IGKC;IGHV3-9..IGHJ4.IGHM_IGKV3-20.IGKJ5.IGKC;IGHV4-34..IGHJ3.IGHG3_IGKV3-15.IGKJ1.IGKC;IGHV3-21..IGHJ6.IGHM_IGKV1-12.IGKJ4.IGKC;IGHV4-30-4..IGHJ6.IGHM_IGKV2-28.IGKJ3.IGKC;IGHV4-39..IGHJ4.IGHA1_IGKV1-16.IGKJ3.IGKC;IGHV4-39..IGHJ1.IGHG3_IGKV1-39.IGKJ3.IGKC;IGHV4-59..IGHJ4.IGHM_IGLV4-69.IGLJ3.IGLC2;IGHV4-39.IGHD3-10.IGHJ4.IGHM_IGLV8-61.IGLJ3.IGLC2;IGHV2-5.IGHD3-9.IGHJ5.IGHM_IGLV1-40.IGLJ2.IGLC2;IGHV3-53..IGHJ4.IGHM_IGKV1-39.IGKJ5.IGKC;IGHV3-53.IGHD2-15.IGHJ6.IGHM_IGKV3-20.IGKJ5.IGKC;IGHV1-8..IGHJ4.IGHM_IGKV3-20.IGKJ2.IGKC;IGHV1-69D..IGHJ6.IGHM_IGKV3-15.IGKJ2.IGKC;IGHV4-61..IGHJ6.IGHM_IGKV1-8.IGKJ3.IGKC;IGHV4-61..IGHJ5.IGHM_IGKV3-20.IGKJ1.IGKC;IGHV3-48.IGHD5-5.IGHJ4.IGHM_IGLV3-25.IGLJ3.IGLC3;IGHV3-7..IGHJ4.IGHM_IGLV4-69.IGLJ2.IGLC2;IGHV4-30-4.IGHD3-10.IGHJ5.IGHM_IGLV3-9.IGLJ2.IGLC2;IGHV3-30..IGHJ4.IGHM_IGKV3-20.IGKJ1.IGKC;IGHV4-30-4..IGHJ5.IGHA1_IGLV1-51.IGLJ2.IGLC2;IGHV1-3..IGHJ4.IGHM_IGKV1-33.IGKJ4.IGKC;IGHV2-5..IGHJ4.IGHM_IGKV1D-8.IGKJ1.IGKC;IGHV4-39..IGHJ4.IGHM_IGLV1-47.IGLJ2.IGLC2;IGHV1-69D.IGHD3-22.IGHJ4.IGHM_IGKV3-11.IGKJ4.IGKC;IGHV3-49..IGHJ4.IGHA1_IGLV2-23.IGLJ1.IGLC1;IGHV5-51..IGHJ5.IGHM_NA;IGHV5-51..IGHJ4.IGHM_IGLV3-19.IGLJ2.IGLC2;IGHV1-8.IGHD6-13.IGHJ6.IGHM_IGLV1-40.IGLJ2.IGLC2;IGHV1-18.IGHD6-13.IGHJ5.IGHM_IGLV7-46.IGLJ1.IGLC1;IGHV3-33..IGHJ4.IGHA1_IGLV1-51.IGLJ2.IGLC2;IGHV3-48..IGHJ3.IGHM_IGLV3-25.IGLJ3.IGLC3;IGHV3-33..IGHJ6.IGHM_IGKV1-33.IGKJ5.IGKC;IGHV3-15..IGHJ4.IGHM_IGLV3-1.IGLJ1.IGLC1;IGHV2-26..IGHJ3.IGHM_IGKV3-20.IGKJ1.IGKC;IGHV4-59.IGHD3-22.IGHJ4.IGHM_IGKV1-33.IGKJ3.IGKC;IGHV3-30.IGHD3-3.IGHJ3.IGHM_IGKV1-39.IGKJ2.IGKC;IGHV4-59..IGHJ6.IGHM_IGKV1-5.IGKJ4.IGKC;IGHV3-7..IGHJ6.IGHM_IGKV1-39.IGKJ2.IGKC;IGHV3-53.IGHD3-22.IGHJ3.IGHM_IGKV1-39.IGKJ2.IGKC;IGHV3-7..IGHJ5.IGHM_IGLV3-9.IGLJ2.IGLC2;IGHV4-59.IGHD6-6.IGHJ4.IGHG1_IGLV1-40.IGLJ1.IGLC1;IGHV2-5.IGHD3-16.IGHJ5.IGHM_IGLV3-1.IGLJ2.IGLC2;IGHV3-15.IGHD3-9.IGHJ4.IGHM_IGKV2-28.IGKJ5.IGKC;IGHV1-18.IGHD3-3.IGHJ6.IGHM_IGKV3-20.IGKJ1.IGKC;IGHV4-61.IGHD1-7.IGHJ2.IGHM_IGLV3-21.IGLJ1.IGLC1;IGHV1-24..IGHJ4.IGHM_IGKV1-5.IGKJ1.IGKC;IGHV3-48.IGHD3-22.IGHJ4.IGHM_IGKV3-15.IGKJ2.IGKC;IGHV3-48..IGHJ4.IGHM_IGKV1-39.IGKJ1.IGKC;IGHV3-7..IGHJ4.IGHM_IGKV3D-20.IGKJ4.IGKC;IGHV2-26..IGHJ4.IGHM_IGKV2D-29.IGKJ3.IGKC;IGHV1-2..IGHJ5.IGHM_IGLV2-23.IGLJ2.IGLC2;IGHV3-7..IGHJ4.IGHM_IGKV3-20.IGKJ4.IGKC;IGHV4-34..IGHJ5.IGHG3_IGLV3-25.IGLJ2.IGLC2;IGHV4-61.IGHD1-26.IGHJ4.IGHM_IGKV1D-8.IGKJ4.IGKC;IGHV4-30-4..IGHJ1.IGHG1_IGLV1-40.IGLJ1.IGLC1;IGHV2-70..IGHJ6.IGHG1_IGKV2-28.IGKJ2.IGKC;IGHV7-4-1..IGHJ4.IGHM_IGLV1-40.IGLJ2.IGLC2;IGHV1-2.IGHD6-19.IGHJ4.IGHM_IGLV2-11.IGLJ2.IGLC2;IGHV1-18..IGHJ5.IGHG1_IGKV1-39.IGKJ1.IGKC;IGHV3-7..IGHJ4.IGHM_IGKV3-15.IGKJ1.IGKC;IGHV4-39.IGHD2-2.IGHJ4.IGHM_IGKV1-5.IGKJ4.IGKC;IGHV4-39.IGHD3-3.IGHJ4.IGHM_IGLV1-40.IGLJ2.IGLC2;IGHV3-23..IGHJ4.IGHA1_IGKV1-39.IGKJ2.IGKC;IGHV3-9.IGHD3-10.IGHJ6.IGHM_IGLV3-1.IGLJ1.IGLC1;IGHV1-69D..IGHJ6.IGHM_IGKV2-28.IGKJ2.IGKC;IGHV3-30..IGHJ4.IGHA1_IGKV1-39.IGKJ4.IGKC;IGHV6-1..IGHJ4.IGHM_IGLV2-23.IGLJ3.IGLC3;IGHV4-30-4.IGHD2-2.IGHJ6.IGHM_IGLV1-40.IGLJ2.IGLC2;IGHV3-49.IGHD3-3.IGHJ4.IGHM_IGKV3-20.IGKJ1.IGKC;IGHV3-74..IGHJ5.IGHM_IGKV1-39.IGKJ2.IGKC;IGHV1-69D..IGHJ3.IGHM_IGKV1-5.IGKJ4.IGKC;IGHV7-4-1..IGHJ4.IGHM_IGKV1-39.IGKJ3.IGKC;IGHV5-51..IGHJ4.IGHM_IGKV1-9.IGKJ4.IGKC;IGHV3-53..IGHJ6.IGHM_IGKV2-28.IGKJ2.IGKC;IGHV1-24..IGHJ4.IGHM_IGKV1-12.IGKJ4.IGKC;IGHV3-9..IGHJ4.IGHM_IGLV3-25.IGLJ3.IGLC3;IGHV3-15.IGHD2-21.IGHJ4.IGHM_IGKV1-9.IGKJ4.IGKC;IGHV7-4-1..IGHJ4.IGHM_IGLV1-40.IGLJ2.IGLC2;IGHV1-2..IGHJ4.IGHM_IGLV2-8.IGLJ2.IGLC2;IGHV3-9..IGHJ1.IGHM_IGLV2-23.IGLJ2.IGLC2;IGHV1-3..IGHJ6.IGHM_IGKV1-9.IGKJ4.IGKC;IGHV5-51.IGHD3-9.IGHJ6.IGHM_IGLV7-43.IGLJ2.IGLC2;IGHV3-15.IGHD3-22.IGHJ4.IGHM_IGLV3-25.IGLJ1.IGLC1;IGHV4-61..IGHJ4.IGHM_IGKV1D-8.IGKJ2.IGKC;IGHV4-61..IGHJ6.IGHM_IGLV3-1.IGLJ1.IGLC1;IGHV3-7..IGHJ4.IGHM_IGLV3-1.IGLJ2.IGLC2;IGHV3-74..IGHJ3.IGHM_IGKV1-39.IGKJ1.IGKC;IGHV2-5.IGHD3-22.IGHJ4.IGHM_IGKV1-39.IGKJ4.IGKC;IGHV3-48..IGHJ4.IGHM_IGKV3-15.IGKJ2.IGKC;IGHV2-70.IGHD2-15.IGHJ6.IGHM_IGKV3-20.IGKJ1.IGKC;IGHV3-48.IGHD3-22.IGHJ4.IGHM_IGLV4-69.IGLJ3.IGLC2;IGHV5-51..IGHJ1.IGHM_IGKV3-20.IGKJ2.IGKC;IGHV5-51..IGHJ4.IGHG2_IGKV1-12.IGKJ4.IGKC;NA_IGKV1-39.IGKJ1.IGKC;IGHV7-4-1..IGHJ1.IGHA1_IGLV2-23.IGLJ3.IGLC3;IGHV3-30.IGHD3-22.IGHJ6.IGHM_IGLV3-25.IGLJ1.IGLC1;IGHV3-23..IGHJ4.IGHA1_IGKV1-5.IGKJ1.IGKC;IGHV1-2..IGHJ4.IGHM_IGKV1-33.IGKJ2.IGKC;IGHV4-59..IGHJ3.IGHM_IGKV1-8.IGKJ4.IGKC;IGHV4-30-4..IGHJ5.IGHM_IGKV2D-29.IGKJ2.IGKC;IGHV3-7..IGHJ6.IGHG2_IGKV3-20.IGKJ3.IGKC;IGHV4-59..IGHJ4.IGHG1_IGKV1-39.IGKJ4.IGKC;IGHV2-5..IGHJ5.IGHA2_IGKV2-28.IGKJ2.IGKC;IGHV6-1..IGHJ6.IGHM_IGKV3-20.IGKJ4.IGKC;IGHV3-72..IGHJ6.IGHA2_IGKV1-9.IGKJ5.IGKC;IGHV3-53.IGHD4-23.IGHJ5.IGHM_IGLV3-21.IGLJ2.IGLC2;IGHV3-23..IGHJ4.IGHM_IGKV1-8.IGKJ1.IGKC;IGHV1-18..IGHJ6.IGHM_IGKV2-28.IGKJ2.IGKC;IGHV3-48..IGHJ4.IGHM_IGKV2-28.IGKJ2.IGKC;IGHV3-21..IGHJ4.IGHM_IGKV3-15.IGKJ1.IGKC;IGHV1-8..IGHJ5.IGHM_IGLV3-19.IGLJ2.IGLC2;IGHV1-3.IGHD3-16.IGHJ3.IGHM_IGKV2-30.IGKJ4.IGKC;IGHV3-11.IGHD3-22.IGHJ4.IGHM_IGKV1-39.IGKJ2.IGKC;IGHV3-49.IGHD6-13.IGHJ6.IGHM_IGKV1-39.IGKJ2.IGKC;IGHV1-2..IGHJ4.IGHM_IGKV3-15.IGKJ2.IGKC;IGHV4-39..IGHJ5.IGHM_IGKV3-20.IGKJ2.IGKC;IGHV3-49.IGHD2-2.IGHJ5.IGHM_IGLV3-1.IGLJ2.IGLC2;IGHV1-46..IGHJ1.IGHM_IGLV2-23.IGLJ1.IGLC1;IGHV3-74.IGHD3-22.IGHJ4.IGHM_IGKV1-39.IGKJ1.IGKC;IGHV1-8..IGHJ3.IGHM_IGKV1-33.IGKJ4.IGKC;IGHV3-15..IGHJ4.IGHM_IGKV3-15.IGKJ3.IGKC;IGHV3-11.IGHD3-22.IGHJ3.IGHM_IGKV1-39.IGKJ1.IGKC;IGHV1-24..IGHJ6.IGHM_IGLV3-19.IGLJ1.IGLC1;IGHV3-33..IGHJ3.IGHM_IGLV2-23.IGLJ3.IGLC3;IGHV3-11.IGHD1-1.IGHJ4.IGHM_IGLV1-51.IGLJ1.IGLC1;IGHV3-11.IGHD2-2.IGHJ6.IGHM_IGKV1-39.IGKJ1.IGKC;IGHV1-18..IGHJ6.IGHM_IGKV3-20.IGKJ1.IGKC;IGHV1-2..IGHJ3.IGHM_IGLV2-11.IGLJ2.IGLC2;IGHV2-5.IGHD3-22.IGHJ4.IGHM_IGKV3-15.IGKJ4.IGKC;IGHV1-18..IGHJ4.IGHM_IGKV3-20.IGKJ2.IGKC;IGHV3-30..IGHJ4.IGHM_IGKV1-17.IGKJ1.IGKC;IGHV3-15.IGHD3-9.IGHJ6.IGHM_IGLV3-25.IGLJ2.IGLC2;IGHV3-11..IGHJ4.IGHM_IGKV3-20.IGKJ2.IGKC;IGHV7-4-1..IGHJ5.IGHA1_IGLV4-69.IGLJ3.IGLC2;IGHV3-53.IGHD3-22.IGHJ4.IGHM_IGLV4-69.IGLJ3.IGLC3;IGHV1-18..IGHJ5.IGHM_IGKV1-39.IGKJ1.IGKC;IGHV3-11..IGHJ5.IGHM_IGKV1-33.IGKJ3.IGKC;IGHV5-51..IGHJ6.IGHM_IGKV2-28.IGKJ3.IGKC;IGHV4-39.IGHD3-9.IGHJ4.IGHM_IGKV3-15.IGKJ2.IGKC;IGHV4-59..IGHJ4.IGHM_IGLV1-47.IGLJ2.IGLC2;IGHV2-26..IGHJ5.IGHM_IGLV3-21.IGLJ1.IGLC1;IGHV4-39..IGHJ4.IGHM_IGLV1-40.IGLJ2.IGLC2;IGHV1-2..IGHJ6.IGHM_IGKV3-20.IGKJ3.IGKC;IGHV4-39..IGHJ5.IGHM_IGKV1-12.IGKJ2.IGKC;IGHV1-69D.IGHD4-17.IGHJ4.IGHM_IGKV1-27.IGKJ3.IGKC;IGHV1-18..IGHJ1.IGHM_IGKV3-20.IGKJ2.IGKC;IGHV4-30-4..IGHJ4.IGHM_IGKV1-39.IGKJ1.IGKC;IGHV3-73..IGHJ4.IGHG1_IGKV1-17.IGKJ1.IGKC;IGHV3-15..IGHJ4.IGHM_IGKV1-8.IGKJ3.IGKC;IGHV3-9..IGHJ6.IGHM_IGLV10-54.IGLJ2.IGLC2;IGHV4-59..IGHJ4.IGHM_IGKV3-20.IGKJ4.IGKC;IGHV5-51..IGHJ6.IGHM_IGKV2D-40.IGKJ4.IGKC;IGHV3-53..IGHJ6.IGHM_IGKV1-39.IGKJ1.IGKC;IGHV3-30..IGHJ4.IGHM_IGLV1-47.IGLJ1.IGLC1;IGHV2-5.IGHD2-2.IGHJ5.IGHM_IGLV3-25.IGLJ1.IGLC1;IGHV4-39..IGHJ4.IGHM_IGLV1-51.IGLJ3.IGLC3;IGHV4-59..IGHJ4.IGHM_IGKV2-28.IGKJ5.IGKC;IGHV3-23..IGHJ4.IGHM_IGKV1-39.IGKJ4.IGKC;IGHV3-15.IGHD5-24.IGHJ4.IGHM_IGKV1-33.IGKJ5.IGKC;IGHV3-48..IGHJ6.IGHM_IGLV3-25.IGLJ3.IGLC2;IGHV4-59..IGHJ6.IGHM_IGKV1-39.IGKJ2.IGKC;IGHV2-5..IGHJ4.IGHM_IGKV1-5.IGKJ2.IGKC;IGHV3-15..IGHJ3.IGHM_IGKV1-17.IGKJ1.IGKC;IGHV3-49..IGHJ6.IGHM_IGKV1-16.IGKJ4.IGKC;IGHV3-30.IGHD6-19.IGHJ3.IGHM_IGKV1-5.IGKJ1.IGKC;IGHV3-33.IGHD3-3.IGHJ4.IGHM_IGKV1-6.IGKJ2.IGKC;IGHV4-30-4.IGHD3-22.IGHJ3.IGHM_IGLV3-25.IGLJ2.IGLC2;IGHV3-30.IGHD3-22.IGHJ6.IGHM_IGLV2-23.IGLJ2.IGLC2;IGHV7-4-1..IGHJ5.IGHM_IGKV3-11.IGKJ4.IGKC;IGHV3-21..IGHJ4.IGHG1_IGKV3-20.IGKJ1.IGKC;IGHV1-2..IGHJ4.IGHM_IGKV1-39.IGKJ2.IGKC;IGHV4-39.IGHD3-22.IGHJ5.IGHM_IGLV3-19.IGLJ2.IGLC2;IGHV3-33..IGHJ4.IGHM_IGLV8-61.IGLJ3.IGLC3;IGHV3-9..IGHJ4.IGHM_IGLV3-21.IGLJ2.IGLC2;IGHV3-33..IGHJ6.IGHM_IGKV1-9.IGKJ5.IGKC;IGHV6-1..IGHJ5.IGHM_IGLV1-36.IGLJ3.IGLC2;IGHV6-1.IGHD6-13.IGHJ3.IGHM_IGKV1-5.IGKJ1.IGKC;IGHV2-5.IGHD3-10.IGHJ5.IGHM_IGLV3-25.IGLJ1.IGLC1;IGHV4-59..IGHJ4.IGHM_IGLV3-19.IGLJ2.IGLC2;IGHV3-30.IGHD6-6.IGHJ4.IGHM_IGLV2-8.IGLJ1.IGLC1;IGHV2-5..IGHJ4.IGHG1_IGLV1-40.IGLJ2.IGLC2;IGHV3-74.IGHD3-22.IGHJ4.IGHM_IGKV1-39.IGKJ1.IGKC;IGHV4-39..IGHJ5.IGHM_IGLV3-25.IGLJ2.IGLC2;IGHV1-8..IGHJ6.IGHM_IGLV1-51.IGLJ2.IGLC2;IGHV5-51..IGHJ3.IGHM_IGKV1-33.IGKJ1.IGKC;IGHV1-18..IGHJ6.IGHM_IGKV3-20.IGKJ2.IGKC;IGHV3-23.IGHD3-10.IGHJ4.IGHM_IGKV1-33.IGKJ4.IGKC;IGHV3-15.IGHD5-24.IGHJ4.IGHG1_IGKV3-20.IGKJ2.IGKC;IGHV1-18..IGHJ5.IGHM_IGKV1-27.IGKJ3.IGKC;IGHV4-61..IGHJ3.IGHM_IGKV1-8.IGKJ1.IGKC;IGHV2-5.IGHD3-22.IGHJ5.IGHM_IGKV3-20.IGKJ1.IGKC;IGHV4-39.IGHD5-5.IGHJ4.IGHM_IGLV1-40.IGLJ1.IGLC1;IGHV4-59.IGHD3-9.IGHJ6.IGHM_IGLV1-47.IGLJ1.IGLC1;IGHV3-30..IGHJ5.IGHM_IGKV1-8.IGKJ4.IGKC;IGHV1-46..IGHJ4.IGHM_IGKV4-1.IGKJ2.IGKC;IGHV3-49.IGHD4-4.IGHJ5.IGHM_IGKV1-17.IGKJ4.IGKC;IGHV4-61..IGHJ6.IGHM_IGLV3-10.IGLJ3.IGLC3;IGHV3-30..IGHJ6.IGHM_IGKV1-39.IGKJ2.IGKC;IGHV3-30.IGHD3-9.IGHJ4.IGHM_IGKV1-8.IGKJ4.IGKC;IGHV3-48..IGHJ4.IGHM_IGKV1-12.IGKJ2.IGKC;IGHV7-4-1.IGHD3-10.IGHJ4.IGHM_IGKV1-39.IGKJ1.IGKC;IGHV4-39..IGHJ5.IGHM_IGKV1-8.IGKJ1.IGKC;IGHV4-61..IGHJ6.IGHM_IGLV1-51.IGLJ2.IGLC2;IGHV3-48..IGHJ3.IGHM_IGLV3-21.IGLJ1.IGLC1;IGHV4-31..IGHJ4.IGHM_IGKV1D-8.IGKJ3.IGKC;NA_IGKV3-15.IGKJ1.IGKC;IGHV3-48..IGHJ4.IGHM_IGKV2-28.IGKJ2.IGKC;IGHV5-51..IGHJ6.IGHD_IGKV1-39.IGKJ4.IGKC;IGHV3-11.IGHD5-5.IGHJ5.IGHM_IGLV1-40.IGLJ2.IGLC2;IGHV3-13..IGHJ4.IGHM_IGKV1-39.IGKJ1.IGKC;IGHV3-7..IGHJ4.IGHM_IGLV1-40.IGLJ2.IGLC2;IGHV4-30-4..IGHJ3.IGHM_IGKV3D-20.IGKJ4.IGKC;IGHV3-7..IGHJ6.IGHM_IGLV1-40.IGLJ3.IGLC2;IGHV4-59..IGHJ4.IGHM_IGLV1-47.IGLJ3.IGLC3;IGHV3-30.IGHD2-2.IGHJ4.IGHM_IGKV1-39.IGKJ5.IGKC;IGHV4-31..IGHJ4.IGHM_IGKV1-39.IGKJ2.IGKC;IGHV1-69D..IGHJ4.IGHG1_IGLV2-23.IGLJ1.IGLC1;IGHV3-30..IGHJ3.IGHM_IGKV3-15.IGKJ1.IGKC;IGHV5-51.IGHD2-15.IGHJ4.IGHM_IGKV2-28.IGKJ3.IGKC;IGHV1-69D..IGHJ4.IGHM_IGKV1-17.IGKJ1.IGKC;IGHV4-59..IGHJ5.IGHG1_IGLV3-10.IGLJ2.IGLC2;IGHV3-7..IGHJ4.IGHM_IGKV1-8.IGKJ4.IGKC;IGHV1-18..IGHJ6.IGHM_IGLV3-25.IGLJ3.IGLC2;IGHV1-8..IGHJ4.IGHM_IGLV1-47.IGLJ3.IGLC3;IGHV1-18.IGHD6-19.IGHJ5.IGHM_IGKV1-12.IGKJ2.IGKC;IGHV3-7..IGHJ4.IGHM_IGKV1-6.IGKJ1.IGKC;IGHV5-51.IGHD6-19.IGHJ4.IGHM_IGLV4-69.IGLJ2.IGLC2;IGHV1-2.IGHD3-10.IGHJ3.IGHM_IGKV1-5.IGKJ1.IGKC;IGHV3-30..IGHJ3.IGHM_IGKV1-16.IGKJ4.IGKC;IGHV1-46..IGHJ4.IGHM_IGKV3-15.IGKJ1.IGKC;IGHV4-28..IGHJ6.IGHM_IGLV8-61.IGLJ3.IGLC2;IGHV1-8..IGHJ6.IGHM_IGKV1-6.IGKJ1.IGKC;IGHV2-5..IGHJ3.IGHM_IGLV3-19.IGLJ3.IGLC3;IGHV2-5..IGHJ4.IGHM_IGLV2-23.IGLJ1.IGLC1;IGHV1-58..IGHJ6.IGHM_IGKV3-20.IGKJ4.IGKC;IGHV1-18..IGHJ4.IGHG2_IGKV2-30.IGKJ2.IGKC;IGHV4-31..IGHJ3.IGHG1_IGKV1-9.IGKJ5.IGKC;IGHV1-2.IGHD6-19.IGHJ6.IGHM_IGKV2-28.IGKJ4.IGKC;IGHV3-7..IGHJ4.IGHM_IGLV3-1.IGLJ2.IGLC2;IGHV7-4-1..IGHJ4.IGHM_IGLV1-51.IGLJ1.IGLC1;IGHV3-15.IGHD3-10.IGHJ6.IGHM_IGLV3-25.IGLJ2.IGLC2;IGHV1-69D..IGHJ6.IGHG3_IGKV3-15.IGKJ4.IGKC;NA_IGLV3-1.IGLJ2.IGLC2;IGHV5-51..IGHJ4.IGHG1_IGLV3-25.IGLJ3.IGLC2;IGHV4-59..IGHJ6.IGHM_IGLV2-11.IGLJ2.IGLC3;IGHV4-39.IGHD3-22.IGHJ4.IGHM_IGLV1-40.IGLJ2.IGLC2;IGHV3-11.IGHD4-17.IGHJ5.IGHM_IGKV1-33.IGKJ4.IGKC;IGHV4-30-4..IGHJ1.IGHM_IGLV1-51.IGLJ2.IGLC2;IGHV3-11..IGHJ5.IGHD_IGLV3-1.IGLJ3.IGLC2;IGHV3-48.IGHD2-2.IGHJ4.IGHM_IGLV1-40.IGLJ1.IGLC1;NA_IGKV3-11.IGKJ2.IGKC;IGHV4-30-4..IGHJ4.IGHM_IGKV3-20.IGKJ5.IGKC;IGHV3-7.IGHD3-3.IGHJ6.IGHD_IGKV2-28.IGKJ4.IGKC;IGHV3-30.IGHD3-22.IGHJ4.IGHM_IGKV3-15.IGKJ1.IGKC;IGHV3-33..IGHJ4.IGHM_IGLV8-61.IGLJ3.IGLC3;IGHV3-9..IGHJ4.IGHM_IGLV3-1.IGLJ2.IGLC2;IGHV1-3.IGHD4-23.IGHJ5.IGHM_IGKV1-16.IGKJ5.IGKC;IGHV4-39..IGHJ4.IGHM_IGLV3-19.IGLJ2.IGLC2;IGHV4-39..IGHJ5.IGHM_IGKV3-20.IGKJ2.IGKC;IGHV3-30.IGHD2-2.IGHJ3.IGHM_IGKV3-20.IGKJ3.IGKC;IGHV3-7..IGHJ4.IGHM_IGKV3-20.IGKJ1.IGKC;IGHV5-51.IGHD2-2.IGHJ6.IGHM_IGKV3-15.IGKJ2.IGKC;IGHV2-5..IGHJ4.IGHM_IGLV7-43.IGLJ2.IGLC2;IGHV5-51.IGHD3-10.IGHJ6.IGHM_IGKV2-28.IGKJ4.IGKC;IGHV6-1..IGHJ5.IGHM_IGKV1-33.IGKJ1.IGKC;IGHV1-2..IGHJ4.IGHM_IGKV3-15.IGKJ5.IGKC;IGHV3-30..IGHJ4.IGHM_IGLV4-69.IGLJ2.IGLC2;IGHV3-33..IGHJ2.IGHM_IGKV3-15.IGKJ1.IGKC;IGHV3-48..IGHJ4.IGHM_IGKV3-15.IGKJ1.IGKC;IGHV4-30-4..IGHJ4.IGHM_IGKV3-20.IGKJ1.IGKC;IGHV3-30..IGHJ3.IGHG1_IGKV3-20.IGKJ2.IGKC;IGHV1-2..IGHJ6.IGHM_IGKV1-39.IGKJ4.IGKC;NA_IGLV2-23.IGLJ2.IGLC2;IGHV1-69D..IGHJ6.IGHM_IGKV3-20.IGKJ4.IGKC;IGHV2-70..IGHJ3.IGHM_IGKV3-15.IGKJ1.IGKC;NA_IGLV1-40.IGLJ2.IGLC2;IGHV4-59.IGHD3-10.IGHJ6.IGHM_IGKV1-39.IGKJ2.IGKC;IGHV3-9..IGHJ4.IGHM_IGKV1D-8.IGKJ1.IGKC;IGHV3-74..IGHJ5.IGHM_IGKV1-39.IGKJ4.IGKC;IGHV3-15.IGHD4-17.IGHJ4.IGHM_IGLV3-25.IGLJ1.IGLC1;IGHV3-43..IGHJ4.IGHM_IGKV3-20.IGKJ1.IGKC;IGHV3-9..IGHJ4.IGHD_IGLV4-69.IGLJ3.IGLC3;IGHV4-61..IGHJ4.IGHM_IGKV1-39.IGKJ2.IGKC;IGHV4-30-4..IGHJ5.IGHM_IGKV1-5.IGKJ1.IGKC;IGHV3-11.IGHD5-24.IGHJ6.IGHM_IGLV2-23.IGLJ1.IGLC1;IGHV3-9.IGHD2-2.IGHJ6.IGHM_IGKV1-5.IGKJ2.IGKC;IGHV3-7..IGHJ4.IGHA2_IGKV2-30.IGKJ2.IGKC;IGHV3-73.IGHD2-15.IGHJ3.IGHM_IGKV1-39.IGKJ2.IGKC;IGHV4-39..IGHJ5.IGHM_IGLV1-40.IGLJ1.IGLC1;IGHV3-9..IGHJ4.IGHM_IGLV2-14.IGLJ2.IGLC2;IGHV5-51..IGHJ4.IGHM_IGLV8-61.IGLJ3.IGLC3;IGHV1-2.IGHD4-17.IGHJ6.IGHD_IGLV3-25.IGLJ1.IGLC1;IGHV3-73..IGHJ4.IGHM_IGKV2D-29.IGKJ1.IGKC;IGHV3-74..IGHJ4.IGHM_IGLV4-69.IGLJ1.IGLC1;IGHV3-30..IGHJ4.IGHM_IGLV3-25.IGLJ3.IGLC2;IGHV1-69D.IGHD2-2.IGHJ5.IGHM_IGLV1-40.IGLJ2.IGLC2;IGHV2-5..IGHJ5.IGHM_IGLV3-1.IGLJ1.IGLC1;IGHV2-26..IGHJ4.IGHM_IGKV1-12.IGKJ1.IGKC;IGHV3-15.IGHD3-3.IGHJ4.IGHM_IGKV1-33.IGKJ4.IGKC;IGHV1-46..IGHJ4.IGHM_IGLV3-19.IGLJ2.IGLC2;IGHV1-8.IGHD3-3.IGHJ6.IGHM_IGKV3-20.IGKJ1.IGKC;IGHV3-15.IGHD2-2.IGHJ4.IGHM_IGKV1-33.IGKJ4.IGKC;IGHV1-8.IGHD3-10.IGHJ6.IGHM_IGKV1-39.IGKJ1.IGKC;IGHV3-9.IGHD4-23.IGHJ1.IGHM_IGLV2-23.IGLJ3.IGLC2;NA_IGKV1-39.IGKJ2.IGKC;IGHV1-69D..IGHJ3.IGHM_NA;IGHV4-59..IGHJ2.IGHG2_IGKV3-20.IGKJ4.IGKC;IGHV1-46..IGHJ6.IGHM_IGKV2-28.IGKJ4.IGKC;IGHV3-48.IGHD6-19.IGHJ4.IGHM_IGKV1-16.IGKJ1.IGKC;IGHV3-30..IGHJ4.IGHM_IGLV3-21.IGLJ1.IGLC1;IGHV1-18.IGHD3-3.IGHJ6.IGHM_IGLV3-21.IGLJ1.IGLC1;IGHV4-61..IGHJ6.IGHM_IGLV7-43.IGLJ1.IGLC1;IGHV3-33..IGHJ3.IGHM_IGKV1-5.IGKJ3.IGKC;IGHV3-30.IGHD2-2.IGHJ6.IGHM_IGLV3-1.IGLJ2.IGLC2;IGHV4-39..IGHJ4.IGHM_IGLV2-18.IGLJ1.IGLC1;IGHV3-33..IGHJ6.IGHM_IGKV3-15.IGKJ4.IGKC;IGHV4-31..IGHJ4.IGHM_IGKV3-20.IGKJ1.IGKC;IGHV4-59..IGHJ6.IGHA1_IGKV2-28.IGKJ2.IGKC;IGHV1-8..IGHJ6.IGHM_IGKV2-28.IGKJ3.IGKC;IGHV4-61.IGHD5-5.IGHJ4.IGHM_IGLV1-36.IGLJ2.IGLC2;IGHV5-51..IGHJ4.IGHM_IGKV3-20.IGKJ2.IGKC;IGHV1-46.IGHD3-22.IGHJ4.IGHM_IGLV1-40.IGLJ2.IGLC2;IGHV3-49..IGHJ4.IGHM_IGKV1-12.IGKJ4.IGKC;IGHV4-61..IGHJ3.IGHM_IGLV3-19.IGLJ1.IGLC1;IGHV2-5..IGHJ6.IGHG1_IGKV1-6.IGKJ2.IGKC;IGHV1-69D..IGHJ4.IGHM_IGLV3-1.IGLJ2.IGLC2;IGHV3-33.IGHD6-19.IGHJ4.IGHM_IGKV3-20.IGKJ1.IGKC;IGHV3-43.IGHD2-2.IGHJ6.IGHM_IGKV1-8.IGKJ5.IGKC;IGHV4-61..IGHJ5.IGHM_IGLV3-1.IGLJ2.IGLC2;IGHV1-18..IGHJ5.IGHM_IGLV1-40.IGLJ3.IGLC3;IGHV4-31..IGHJ5.IGHM_IGKV3-20.IGKJ3.IGKC;IGHV3-48..IGHJ4.IGHM_IGKV1-33.IGKJ5.IGKC;IGHV1-8..IGHJ4.IGHM_IGKV1-5.IGKJ1.IGKC;IGHV4-30-4..IGHJ4.IGHM_IGLV3-1.IGLJ2.IGLC2;IGHV3-30.IGHD2-2.IGHJ6.IGHM_IGKV2-28.IGKJ3.IGKC;IGHV3-11..IGHJ4.IGHM_IGKV1-39.IGKJ2.IGKC;IGHV4-39..IGHJ5.IGHM_IGKV1-5.IGKJ1.IGKC;IGHV3-48..IGHJ4.IGHM_IGLV1-40.IGLJ2.IGLC2;IGHV2-5..IGHJ4.IGHM_IGKV1-16.IGKJ2.IGKC;IGHV3-20..IGHJ4.IGHM_IGKV3-20.IGKJ4.IGKC;IGHV3-33..IGHJ5.IGHM_IGKV1-5.IGKJ1.IGKC;IGHV3-48..IGHJ4.IGHM_IGKV1-8.IGKJ1.IGKC;IGHV3-30..IGHJ3.IGHM_IGLV1-51.IGLJ3.IGLC2;IGHV4-39..IGHJ4.IGHM_IGLV3-21.IGLJ1.IGLC1;IGHV3-11.IGHD3-22.IGHJ4.IGHM_IGLV3-21.IGLJ2.IGLC2;IGHV1-8.IGHD2-2.IGHJ6.IGHM_IGKV1-8.IGKJ4.IGKC;IGHV4-39..IGHJ2.IGHM_IGKV6-21.IGKJ4.IGKC	17	67	IGHV6-1..IGHJ6.IGHM_IGKV4-1.IGKJ2.IGKC;IGHV4-34..IGHJ3.IGHM_IGLV5-39.IGLJ2.IGLC2;IGHV4-34..IGHJ3.IGHM_IGKV1-8.IGKJ1.IGKC;IGHV4-34..IGHJ5.IGHM_IGLV2-23.IGLJ2.IGLC2;IGHV4-34..IGHJ4.IGHM_IGKV1D-8.IGKJ1.IGKC;IGHV4-34..IGHJ4.IGHM_IGKV4-1.IGKJ3.IGKC;IGHV4-39..IGHJ5.IGHM_IGKV4-1.IGKJ4.IGKC;IGHV4-34..IGHJ5.IGHM_IGKV3-15.IGKJ1.IGKC;IGHV1-8..IGHJ3.IGHM_IGLV1-44.IGLJ1.IGLC1;IGHV4-34..IGHJ4.IGHM_IGKV1-39.IGKJ2.IGKC;IGHV1-18.IGHD5-24.IGHJ3.IGHM_IGKV4-1.IGKJ4.IGKC;IGHV4-34.IGHD2-2.IGHJ6.IGHM_IGKV1-12.IGKJ4.IGKC;IGHV3-30.IGHD3-10.IGHJ4.IGHG1_IGKV4-1.IGKJ4.IGKC;IGHV4-34..IGHJ4.IGHM_IGLV1-47.IGLJ3.IGLC3;IGHV4-34.IGHD3-10.IGHJ4.IGHM_IGKV1-6.IGKJ4.IGKC;IGHV3-11..IGHJ5.IGHM_IGLV3-25.IGLJ1.IGLC1;IGHV4-34..IGHJ4.IGHM_IGKV3-15.IGKJ2.IGKC;IGHV4-61..IGHJ1.IGHM_IGKV3-20.IGKJ1.IGKC;IGHV7-4-1..IGHJ4.IGHM_IGKV4-1.IGKJ4.IGKC;IGHV2-5..IGHJ4.IGHM_IGKV4-1.IGKJ1.IGKC;IGHV4-34..IGHJ4.IGHM_IGLV3-19.IGLJ1.IGLC1;IGHV4-59.IGHD3-10.IGHJ4.IGHM_IGKV4-1.IGKJ1.IGKC;IGHV3-11..IGHJ3.IGHM_IGKV4-1.IGKJ4.IGKC;IGHV1-58..IGHJ6.IGHM_IGKV4-1.IGKJ1.IGKC;IGHV6-1..IGHJ4.IGHM_IGKV4-1.IGKJ1.IGKC;IGHV4-34.IGHD2-15.IGHJ5.IGHM_IGKV1-6.IGKJ2.IGKC;IGHV3-21..IGHJ4.IGHM_IGKV4-1.IGKJ3.IGKC;IGHV4-34..IGHJ4.IGHM_IGKV1-39.IGKJ1.IGKC;IGHV3-64..IGHJ4.IGHM_IGKV4-1.IGKJ1.IGKC;IGHV1-8..IGHJ4.IGHA1_IGKV4-1.IGKJ1.IGKC;IGHV4-34.IGHD3-16.IGHJ4.IGHM_IGKV1-39.IGKJ2.IGKC;IGHV4-34.IGHD4-23.IGHJ1.IGHM_IGKV4-1.IGKJ1.IGKC;IGHV3-30..IGHJ4.IGHG2_IGKV4-1.IGKJ2.IGKC;IGHV4-34.IGHD5-5.IGHJ2.IGHM_IGLV1-44.IGLJ1.IGLC1;IGHV5-51..IGHJ6.IGHM_IGKV4-1.IGKJ2.IGKC;IGHV3-23..IGHJ4.IGHM_IGKV4-1.IGKJ1.IGKC;IGHV4-34..IGHJ5.IGHM_IGLV1-47.IGLJ1.IGLC1;IGHV4-59.IGHD6-19.IGHJ4.IGHM_IGKV4-1.IGKJ1.IGKC;IGHV4-59..IGHJ4.IGHG2_IGKV4-1.IGKJ1.IGKC;IGHV4-34..IGHJ5.IGHM_IGKV4-1.IGKJ1.IGKC;IGHV4-34.IGHD4-17.IGHJ4.IGHM_IGLV1-44.IGLJ1.IGLC1;IGHV4-34..IGHJ4.IGHM_IGLV3-21.IGLJ2.IGLC2;IGHV4-39.IGHD2-15.IGHJ4.IGHM_IGLV3-21.IGLJ2.IGLC2;IGHV3-9.IGHD6-13.IGHJ6.IGHM_IGKV4-1.IGKJ1.IGKC;IGHV4-34.IGHD3-9.IGHJ4.IGHM_IGKV1-9.IGKJ5.IGKC;IGHV4-59..IGHJ5.IGHM_IGKV4-1.IGKJ1.IGKC;IGHV4-34..IGHJ4.IGHM_IGLV3-19.IGLJ2.IGLC2;IGHV1-46..IGHJ3.IGHM_IGKV4-1.IGKJ5.IGKC;IGHV3-11..IGHJ6.IGHM_IGKV1-39.IGKJ3.IGKC;IGHV4-34..IGHJ6.IGHM_IGKV3-20.IGKJ1.IGKC;IGHV4-34..IGHJ4.IGHM_IGLV3-19.IGLJ2.IGLC2;IGHV4-34..IGHJ6.IGHM_IGKV3-20.IGKJ1.IGKC;IGHV1-3..IGHJ5.IGHM_IGKV4-1.IGKJ2.IGKC;IGHV7-4-1..IGHJ6.IGHA1_IGKV4-1.IGKJ1.IGKC;IGHV4-34.IGHD3-10.IGHJ6.IGHM_IGLV1-44.IGLJ2.IGLC2;IGHV4-34.IGHD5-5.IGHJ5.IGHM_IGLV3-19.IGLJ2.IGLC2;IGHV4-34..IGHJ5.IGHM_IGKV1-39.IGKJ4.IGKC;IGHV1-18.IGHD4-17.IGHJ4.IGHM_IGKV4-1.IGKJ4.IGKC;IGHV4-34..IGHJ6.IGHM_IGKV1-27.IGKJ2.IGKC;IGHV6-1..IGHJ4.IGHM_IGKV4-1.IGKJ1.IGKC;IGHV4-34..IGHJ4.IGHM_IGKV3-15.IGKJ2.IGKC;IGHV1-2..IGHJ5.IGHM_IGKV4-1.IGKJ2.IGKC;IGHV4-34..IGHJ6.IGHM_IGLV7-43.IGLJ1.IGLC1;IGHV4-39..IGHJ3.IGHM_IGKV4-1.IGKJ4.IGKC;IGHV4-34..IGHJ4.IGHM_IGLV1-44.IGLJ1.IGLC1;IGHV4-34.IGHD3-22.IGHJ1.IGHM_IGKV1-33.IGKJ4.IGKC;IGHV4-34.IGHD2-15.IGHJ5.IGHM_IGKV1-8.IGKJ1.IGKC	0	NA
4	454	NA_IGKV1-8.IGKJ4.IGKC;IGHV1-69D.IGHD3-22.IGHJ3.IGHM_IGKV1-8.IGKJ1.IGKC;IGHV1-2..IGHJ3.IGHM_IGLV5-45.IGLJ3.IGLC3;IGHV5-51..IGHJ3.IGHM_IGKV1D-8.IGKJ2.IGKC;IGHV4-39..IGHJ3.IGHM_IGLV3-21.IGLJ2.IGLC2;IGHV3-33..IGHJ4.IGHM_IGKV2-28.IGKJ2.IGKC;IGHV3-15..IGHJ4.IGHM_IGLV6-57.IGLJ2.IGLC2;IGHV1-2..IGHJ6.IGHM_IGKV1-27.IGKJ3.IGKC;IGHV2-5.IGHD3-9.IGHJ3.IGHM_IGKV1-5.IGKJ1.IGKC;IGHV3-7..IGHJ4.IGHM_IGKV1-39.IGKJ2.IGKC;IGHV1-8..IGHJ3.IGHM_IGKV3-20.IGKJ1.IGKC;IGHV3-9..IGHJ4.IGHM_IGKV3-20.IGKJ2.IGKC;IGHV4-59..IGHJ6.IGHM_IGKV3-20.IGKJ3.IGKC;IGHV4-31.IGHD2-8.IGHJ6.IGHM_IGLV1-47.IGLJ3.IGLC3;IGHV3-30.IGHD5-5.IGHJ4.IGHM_IGLV4-69.IGLJ3.IGLC3;IGHV2-26..IGHJ4.IGHM_IGKV1-5.IGKJ1.IGKC;IGHV3-33..IGHJ4.IGHG1_IGLV6-57.IGLJ3.IGLC3;IGHV5-51.IGHD3-9.IGHJ4.IGHM_IGKV3-20.IGKJ1.IGKC;IGHV2-5..IGHJ4.IGHM_IGKV2-30.IGKJ1.IGKC;IGHV3-74.IGHD3-22.IGHJ6.IGHD_IGKV1-9.IGKJ3.IGKC;IGHV3-33.IGHD4-17.IGHJ4.IGHM_IGKV3-15.IGKJ1.IGKC;IGHV4-39..IGHJ4.IGHM_IGLV1-40.IGLJ1.IGLC1;IGHV3-49..IGHJ6.IGHM_IGKV1D-8.IGKJ1.IGKC;IGHV3-30.IGHD3-22.IGHJ4.IGHM_IGLV3-25.IGLJ2.IGLC2;IGHV1-24.IGHD2-2.IGHJ6.IGHM_IGKV3-20.IGKJ4.IGKC;IGHV3-30..IGHJ4.IGHM_IGLV1-47.IGLJ2.IGLC2;IGHV3-43..IGHJ4.IGHM_IGLV1-51.IGLJ2.IGLC2;IGHV4-59..IGHJ4.IGHM_IGKV3-15.IGKJ3.IGKC;IGHV4-30-4..IGHJ3.IGHG2_IGKV1-39.IGKJ2.IGKC;IGHV3-7..IGHJ4.IGHM_IGKV1-39.IGKJ2.IGKC;IGHV4-59..IGHJ5.IGHM_IGKV1-12.IGKJ5.IGKC;IGHV1-69D.IGHD3-22.IGHJ4.IGHM_IGKV3-20.IGKJ1.IGKC;IGHV3-30..IGHJ4.IGHM_IGKV3-15.IGKJ1.IGKC;IGHV3-48.IGHD3-16.IGHJ6.IGHM_IGLV2-8.IGLJ1.IGLC1;IGHV1-8.IGHD3-22.IGHJ3.IGHM_IGKV2-28.IGKJ4.IGKC;IGHV3-30..IGHJ4.IGHM_IGKV1-39.IGKJ4.IGKC;IGHV3-11..IGHJ4.IGHM_IGLV1-40.IGLJ1.IGLC1;IGHV3-33..IGHJ4.IGHM_IGKV1-12.IGKJ5.IGKC;IGHV4-61..IGHJ4.IGHG1_IGKV1-39.IGKJ2.IGKC;IGHV1-69D.IGHD2-2.IGHJ5.IGHM_IGLV1-51.IGLJ3.IGLC3;IGHV3-7..IGHJ3.IGHM_IGLV3-1.IGLJ2.IGLC2;IGHV1-69D..IGHJ5.IGHM_IGLV1-40.IGLJ2.IGLC2;IGHV3-11..IGHJ4.IGHM_IGKV1-5.IGKJ1.IGKC;IGHV4-61..IGHJ5.IGHM_IGKV2-30.IGKJ4.IGKC;IGHV3-33..IGHJ6.IGHM_IGKV3-20.IGKJ1.IGKC;IGHV4-61.IGHD3-22.IGHJ4.IGHM_IGKV1-39.IGKJ4.IGKC;IGHV1-8.IGHD6-19.IGHJ4.IGHM_IGLV1-40.IGLJ2.IGLC2;IGHV3-33.IGHD4-4.IGHJ6.IGHM_IGKV1-39.IGKJ2.IGKC;IGHV3-7..IGHJ4.IGHM_IGLV3-21.IGLJ1.IGLC1;IGHV3-7.IGHD6-13.IGHJ4.IGHM_IGKV1-39.IGKJ2.IGKC;IGHV3-13.IGHD2-2.IGHJ6.IGHM_IGLV3-21.IGLJ3.IGLC2;IGHV5-51.IGHD3-22.IGHJ6.IGHM_IGKV3-15.IGKJ1.IGKC;IGHV3-7..IGHJ4.IGHM_IGKV2-28.IGKJ4.IGKC;IGHV1-18..IGHJ4.IGHM_IGKV3-20.IGKJ3.IGKC;IGHV3-7..IGHJ6.IGHM_IGLV3-19.IGLJ1.IGLC1;IGHV7-4-1.IGHD3-10.IGHJ4.IGHM_IGLV2-11.IGLJ2.IGLC2;IGHV5-51.IGHD3-9.IGHJ6.IGHM_IGLV1-40.IGLJ2.IGLC2;IGHV2-5.IGHD6-19.IGHJ5.IGHM_IGLV6-57.IGLJ2.IGLC2;IGHV4-59..IGHJ4.IGHM_IGKV1-39.IGKJ3.IGKC;IGHV1-69D..IGHJ6.IGHM_IGLV1-51.IGLJ1.IGLC1;IGHV4-39..IGHJ6.IGHM_IGKV1-12.IGKJ4.IGKC;IGHV4-61..IGHJ6.IGHM_IGLV1-40.IGLJ1.IGLC1;IGHV3-30..IGHJ3.IGHA1_IGKV1-9.IGKJ5.IGKC;IGHV3-30.IGHD3-10.IGHJ6.IGHM_IGKV3-15.IGKJ1.IGKC;IGHV3-15..IGHJ6.IGHM_IGLV2-8.IGLJ3.IGLC3;IGHV1-69D..IGHJ5.IGHM_IGKV3-15.IGKJ4.IGKC;IGHV6-1..IGHJ4.IGHM_IGKV1-33.IGKJ2.IGKC;IGHV3-33..IGHJ1.IGHM_IGKV3-15.IGKJ1.IGKC;IGHV1-2..IGHJ4.IGHM_IGKV3-20.IGKJ2.IGKC;IGHV3-49.IGHD5-24.IGHJ4.IGHM_IGLV3-21.IGLJ2.IGLC2;IGHV7-4-1..IGHJ4.IGHM_IGKV3-20.IGKJ1.IGKC;IGHV3-74..IGHJ5.IGHM_IGKV1-39.IGKJ1.IGKC;IGHV2-26.IGHD4-17.IGHJ6.IGHM_IGKV3-20.IGKJ5.IGKC;IGHV3-74..IGHJ4.IGHM_IGLV2-23.IGLJ1.IGLC1;IGHV3-15.IGHD3-9.IGHJ6.IGHD_IGLV7-46.IGLJ3.IGLC3;IGHV1-18..IGHJ4.IGHM_IGKV2-28.IGKJ1.IGKC;IGHV3-33..IGHJ4.IGHM_IGKV2-28.IGKJ4.IGKC;IGHV1-46.IGHD2-2.IGHJ4.IGHM_IGKV3D-15.IGKJ4.IGKC;IGHV4-59..IGHJ6.IGHM_IGLV1-40.IGLJ2.IGLC2;IGHV3-33..IGHJ4.IGHM_IGLV2-14.IGLJ2.IGLC2;IGHV5-51..IGHJ4.IGHM_IGLV1-40.IGLJ2.IGLC2;IGHV3-53..IGHJ4.IGHM_IGLV3-1.IGLJ1.IGLC1;IGHV3-53.IGHD5-24.IGHJ4.IGHM_IGKV3-15.IGKJ1.IGKC;IGHV3-9.IGHD4-23.IGHJ4.IGHM_IGKV3D-20.IGKJ4.IGKC;IGHV3-30..IGHJ4.IGHA1_IGLV6-57.IGLJ2.IGLC2;IGHV4-59.IGHD2-2.IGHJ6.IGHM_IGKV1-39.IGKJ1.IGKC;IGHV4-61.IGHD2-15.IGHJ6.IGHM_IGKV1-17.IGKJ1.IGKC;IGHV3-9..IGHJ3.IGHM_IGLV1-40.IGLJ3.IGLC3;IGHV5-51.IGHD5-5.IGHJ6.IGHM_IGKV1-16.IGKJ1.IGKC;IGHV3-9..IGHJ6.IGHM_IGKV1-39.IGKJ2.IGKC;IGHV1-24..IGHJ4.IGHG1_IGKV1-39.IGKJ1.IGKC;IGHV3-11..IGHJ4.IGHM_IGLV3-25.IGLJ2.IGLC2;IGHV4-39.IGHD2-2.IGHJ2.IGHM_IGLV4-69.IGLJ2.IGLC2;IGHV3-48..IGHJ5.IGHM_IGKV3-15.IGKJ4.IGKC;IGHV3-9..IGHJ4.IGHG1_IGKV3-20.IGKJ1.IGKC;IGHV1-69D..IGHJ6.IGHM_IGLV1-40.IGLJ1.IGLC1;IGHV4-59..IGHJ5.IGHM_IGLV6-57.IGLJ3.IGLC3;IGHV3-21.IGHD6-13.IGHJ5.IGHM_IGKV1-39.IGKJ2.IGKC;IGHV3-53..IGHJ3.IGHM_IGKV1-27.IGKJ3.IGKC;IGHV3-48.IGHD3-22.IGHJ3.IGHM_IGLV1-40.IGLJ2.IGLC2;IGHV5-51.IGHD1-26.IGHJ3.IGHM_IGLV1-47.IGLJ3.IGLC2;IGHV4-59.IGHD4-17.IGHJ4.IGHM_IGLV3-25.IGLJ2.IGLC2;IGHV1-2..IGHJ6.IGHM_IGKV1-39.IGKJ2.IGKC;IGHV3-43..IGHJ6.IGHM_IGLV3-1.IGLJ2.IGLC2;IGHV3-48..IGHJ6.IGHM_IGKV3-20.IGKJ2.IGKC;IGHV3-21..IGHJ6.IGHM_IGKV1-5.IGKJ1.IGKC;IGHV3-11..IGHJ4.IGHM_IGKV1-6.IGKJ1.IGKC;IGHV3-9..IGHJ4.IGHM_IGKV3-20.IGKJ5.IGKC;IGHV4-34..IGHJ3.IGHG3_IGKV3-15.IGKJ1.IGKC;IGHV3-21..IGHJ6.IGHM_IGKV1-12.IGKJ4.IGKC;IGHV4-30-4..IGHJ6.IGHM_IGKV2-28.IGKJ3.IGKC;IGHV4-39..IGHJ4.IGHA1_IGKV1-16.IGKJ3.IGKC;IGHV4-39..IGHJ1.IGHG3_IGKV1-39.IGKJ3.IGKC;IGHV4-59..IGHJ4.IGHM_IGLV4-69.IGLJ3.IGLC2;IGHV4-39.IGHD3-10.IGHJ4.IGHM_IGLV8-61.IGLJ3.IGLC2;IGHV2-5.IGHD3-9.IGHJ5.IGHM_IGLV1-40.IGLJ2.IGLC2;IGHV3-53..IGHJ4.IGHM_IGKV1-39.IGKJ5.IGKC;IGHV3-53.IGHD2-15.IGHJ6.IGHM_IGKV3-20.IGKJ5.IGKC;IGHV1-8..IGHJ4.IGHM_IGKV3-20.IGKJ2.IGKC;IGHV1-69D..IGHJ6.IGHM_IGKV3-15.IGKJ2.IGKC;IGHV4-61..IGHJ6.IGHM_IGKV1-8.IGKJ3.IGKC;IGHV4-61..IGHJ5.IGHM_IGKV3-20.IGKJ1.IGKC;IGHV3-48.IGHD5-5.IGHJ4.IGHM_IGLV3-25.IGLJ3.IGLC3;IGHV3-7..IGHJ4.IGHM_IGLV4-69.IGLJ2.IGLC2;IGHV4-30-4.IGHD3-10.IGHJ5.IGHM_IGLV3-9.IGLJ2.IGLC2;IGHV3-30..IGHJ4.IGHM_IGKV3-20.IGKJ1.IGKC;IGHV4-30-4..IGHJ5.IGHA1_IGLV1-51.IGLJ2.IGLC2;IGHV1-3..IGHJ4.IGHM_IGKV1-33.IGKJ4.IGKC;IGHV2-5..IGHJ4.IGHM_IGKV1D-8.IGKJ1.IGKC;IGHV4-39..IGHJ4.IGHM_IGLV1-47.IGLJ2.IGLC2;IGHV1-69D.IGHD3-22.IGHJ4.IGHM_IGKV3-11.IGKJ4.IGKC;IGHV3-49..IGHJ4.IGHA1_IGLV2-23.IGLJ1.IGLC1;IGHV5-51..IGHJ5.IGHM_NA;IGHV5-51..IGHJ4.IGHM_IGLV3-19.IGLJ2.IGLC2;IGHV1-8.IGHD6-13.IGHJ6.IGHM_IGLV1-40.IGLJ2.IGLC2;IGHV1-18.IGHD6-13.IGHJ5.IGHM_IGLV7-46.IGLJ1.IGLC1;IGHV3-33..IGHJ4.IGHA1_IGLV1-51.IGLJ2.IGLC2;IGHV3-48..IGHJ3.IGHM_IGLV3-25.IGLJ3.IGLC3;IGHV3-33..IGHJ6.IGHM_IGKV1-33.IGKJ5.IGKC;IGHV3-15..IGHJ4.IGHM_IGLV3-1.IGLJ1.IGLC1;IGHV2-26..IGHJ3.IGHM_IGKV3-20.IGKJ1.IGKC;IGHV4-59.IGHD3-22.IGHJ4.IGHM_IGKV1-33.IGKJ3.IGKC;IGHV3-30.IGHD3-3.IGHJ3.IGHM_IGKV1-39.IGKJ2.IGKC;IGHV4-59..IGHJ6.IGHM_IGKV1-5.IGKJ4.IGKC;IGHV3-7..IGHJ6.IGHM_IGKV1-39.IGKJ2.IGKC;IGHV3-53.IGHD3-22.IGHJ3.IGHM_IGKV1-39.IGKJ2.IGKC;IGHV3-7..IGHJ5.IGHM_IGLV3-9.IGLJ2.IGLC2;IGHV4-59.IGHD6-6.IGHJ4.IGHG1_IGLV1-40.IGLJ1.IGLC1;IGHV2-5.IGHD3-16.IGHJ5.IGHM_IGLV3-1.IGLJ2.IGLC2;IGHV3-15.IGHD3-9.IGHJ4.IGHM_IGKV2-28.IGKJ5.IGKC;IGHV1-18.IGHD3-3.IGHJ6.IGHM_IGKV3-20.IGKJ1.IGKC;IGHV4-61.IGHD1-7.IGHJ2.IGHM_IGLV3-21.IGLJ1.IGLC1;IGHV1-24..IGHJ4.IGHM_IGKV1-5.IGKJ1.IGKC;IGHV3-48.IGHD3-22.IGHJ4.IGHM_IGKV3-15.IGKJ2.IGKC;IGHV3-48..IGHJ4.IGHM_IGKV1-39.IGKJ1.IGKC;IGHV3-7..IGHJ4.IGHM_IGKV3D-20.IGKJ4.IGKC;IGHV2-26..IGHJ4.IGHM_IGKV2D-29.IGKJ3.IGKC;IGHV1-2..IGHJ5.IGHM_IGLV2-23.IGLJ2.IGLC2;IGHV3-7..IGHJ4.IGHM_IGKV3-20.IGKJ4.IGKC;IGHV4-34..IGHJ5.IGHG3_IGLV3-25.IGLJ2.IGLC2;IGHV4-61.IGHD1-26.IGHJ4.IGHM_IGKV1D-8.IGKJ4.IGKC;IGHV4-30-4..IGHJ1.IGHG1_IGLV1-40.IGLJ1.IGLC1;IGHV2-70..IGHJ6.IGHG1_IGKV2-28.IGKJ2.IGKC;IGHV7-4-1..IGHJ4.IGHM_IGLV1-40.IGLJ2.IGLC2;IGHV1-2.IGHD6-19.IGHJ4.IGHM_IGLV2-11.IGLJ2.IGLC2;IGHV1-18..IGHJ5.IGHG1_IGKV1-39.IGKJ1.IGKC;IGHV3-7..IGHJ4.IGHM_IGKV3-15.IGKJ1.IGKC;IGHV4-39.IGHD2-2.IGHJ4.IGHM_IGKV1-5.IGKJ4.IGKC;IGHV4-39.IGHD3-3.IGHJ4.IGHM_IGLV1-40.IGLJ2.IGLC2;IGHV3-23..IGHJ4.IGHA1_IGKV1-39.IGKJ2.IGKC;IGHV3-9.IGHD3-10.IGHJ6.IGHM_IGLV3-1.IGLJ1.IGLC1;IGHV1-69D..IGHJ6.IGHM_IGKV2-28.IGKJ2.IGKC;IGHV3-30..IGHJ4.IGHA1_IGKV1-39.IGKJ4.IGKC;IGHV6-1..IGHJ4.IGHM_IGLV2-23.IGLJ3.IGLC3;IGHV4-30-4.IGHD2-2.IGHJ6.IGHM_IGLV1-40.IGLJ2.IGLC2;IGHV3-49.IGHD3-3.IGHJ4.IGHM_IGKV3-20.IGKJ1.IGKC;IGHV3-74..IGHJ5.IGHM_IGKV1-39.IGKJ2.IGKC;IGHV1-69D..IGHJ3.IGHM_IGKV1-5.IGKJ4.IGKC;IGHV7-4-1..IGHJ4.IGHM_IGKV1-39.IGKJ3.IGKC;IGHV5-51..IGHJ4.IGHM_IGKV1-9.IGKJ4.IGKC;IGHV3-53..IGHJ6.IGHM_IGKV2-28.IGKJ2.IGKC;IGHV1-24..IGHJ4.IGHM_IGKV1-12.IGKJ4.IGKC;IGHV3-9..IGHJ4.IGHM_IGLV3-25.IGLJ3.IGLC3;IGHV3-15.IGHD2-21.IGHJ4.IGHM_IGKV1-9.IGKJ4.IGKC;IGHV7-4-1..IGHJ4.IGHM_IGLV1-40.IGLJ2.IGLC2;IGHV1-2..IGHJ4.IGHM_IGLV2-8.IGLJ2.IGLC2;IGHV3-9..IGHJ1.IGHM_IGLV2-23.IGLJ2.IGLC2;IGHV1-3..IGHJ6.IGHM_IGKV1-9.IGKJ4.IGKC;IGHV5-51.IGHD3-9.IGHJ6.IGHM_IGLV7-43.IGLJ2.IGLC2;IGHV3-15.IGHD3-22.IGHJ4.IGHM_IGLV3-25.IGLJ1.IGLC1;IGHV4-61..IGHJ4.IGHM_IGKV1D-8.IGKJ2.IGKC;IGHV4-61..IGHJ6.IGHM_IGLV3-1.IGLJ1.IGLC1;IGHV3-7..IGHJ4.IGHM_IGLV3-1.IGLJ2.IGLC2;IGHV3-74..IGHJ3.IGHM_IGKV1-39.IGKJ1.IGKC;IGHV2-5.IGHD3-22.IGHJ4.IGHM_IGKV1-39.IGKJ4.IGKC;IGHV3-48..IGHJ4.IGHM_IGKV3-15.IGKJ2.IGKC;IGHV2-70.IGHD2-15.IGHJ6.IGHM_IGKV3-20.IGKJ1.IGKC;IGHV3-48.IGHD3-22.IGHJ4.IGHM_IGLV4-69.IGLJ3.IGLC2;IGHV5-51..IGHJ1.IGHM_IGKV3-20.IGKJ2.IGKC;IGHV5-51..IGHJ4.IGHG2_IGKV1-12.IGKJ4.IGKC;NA_IGKV1-39.IGKJ1.IGKC;IGHV7-4-1..IGHJ1.IGHA1_IGLV2-23.IGLJ3.IGLC3;IGHV3-30.IGHD3-22.IGHJ6.IGHM_IGLV3-25.IGLJ1.IGLC1;IGHV3-23..IGHJ4.IGHA1_IGKV1-5.IGKJ1.IGKC;IGHV1-2..IGHJ4.IGHM_IGKV1-33.IGKJ2.IGKC;IGHV4-59..IGHJ3.IGHM_IGKV1-8.IGKJ4.IGKC;IGHV4-30-4..IGHJ5.IGHM_IGKV2D-29.IGKJ2.IGKC;IGHV3-7..IGHJ6.IGHG2_IGKV3-20.IGKJ3.IGKC;IGHV4-59..IGHJ4.IGHG1_IGKV1-39.IGKJ4.IGKC;IGHV2-5..IGHJ5.IGHA2_IGKV2-28.IGKJ2.IGKC;IGHV6-1..IGHJ6.IGHM_IGKV3-20.IGKJ4.IGKC;IGHV3-72..IGHJ6.IGHA2_IGKV1-9.IGKJ5.IGKC;IGHV3-53.IGHD4-23.IGHJ5.IGHM_IGLV3-21.IGLJ2.IGLC2;IGHV3-23..IGHJ4.IGHM_IGKV1-8.IGKJ1.IGKC;IGHV1-18..IGHJ6.IGHM_IGKV2-28.IGKJ2.IGKC;IGHV3-48..IGHJ4.IGHM_IGKV2-28.IGKJ2.IGKC;IGHV3-21..IGHJ4.IGHM_IGKV3-15.IGKJ1.IGKC;IGHV1-8..IGHJ5.IGHM_IGLV3-19.IGLJ2.IGLC2;IGHV1-3.IGHD3-16.IGHJ3.IGHM_IGKV2-30.IGKJ4.IGKC;IGHV3-11.IGHD3-22.IGHJ4.IGHM_IGKV1-39.IGKJ2.IGKC;IGHV3-49.IGHD6-13.IGHJ6.IGHM_IGKV1-39.IGKJ2.IGKC;IGHV1-2..IGHJ4.IGHM_IGKV3-15.IGKJ2.IGKC;IGHV4-39..IGHJ5.IGHM_IGKV3-20.IGKJ2.IGKC;IGHV3-49.IGHD2-2.IGHJ5.IGHM_IGLV3-1.IGLJ2.IGLC2;IGHV1-46..IGHJ1.IGHM_IGLV2-23.IGLJ1.IGLC1;IGHV3-74.IGHD3-22.IGHJ4.IGHM_IGKV1-39.IGKJ1.IGKC;IGHV1-8..IGHJ3.IGHM_IGKV1-33.IGKJ4.IGKC;IGHV3-15..IGHJ4.IGHM_IGKV3-15.IGKJ3.IGKC;IGHV3-11.IGHD3-22.IGHJ3.IGHM_IGKV1-39.IGKJ1.IGKC;IGHV1-24..IGHJ6.IGHM_IGLV3-19.IGLJ1.IGLC1;IGHV3-33..IGHJ3.IGHM_IGLV2-23.IGLJ3.IGLC3;IGHV3-11.IGHD1-1.IGHJ4.IGHM_IGLV1-51.IGLJ1.IGLC1;IGHV3-11.IGHD2-2.IGHJ6.IGHM_IGKV1-39.IGKJ1.IGKC;IGHV1-18..IGHJ6.IGHM_IGKV3-20.IGKJ1.IGKC;IGHV1-2..IGHJ3.IGHM_IGLV2-11.IGLJ2.IGLC2;IGHV2-5.IGHD3-22.IGHJ4.IGHM_IGKV3-15.IGKJ4.IGKC;IGHV1-18..IGHJ4.IGHM_IGKV3-20.IGKJ2.IGKC;IGHV3-30..IGHJ4.IGHM_IGKV1-17.IGKJ1.IGKC;IGHV3-15.IGHD3-9.IGHJ6.IGHM_IGLV3-25.IGLJ2.IGLC2;IGHV3-11..IGHJ4.IGHM_IGKV3-20.IGKJ2.IGKC;IGHV7-4-1..IGHJ5.IGHA1_IGLV4-69.IGLJ3.IGLC2;IGHV3-53.IGHD3-22.IGHJ4.IGHM_IGLV4-69.IGLJ3.IGLC3;IGHV1-18..IGHJ5.IGHM_IGKV1-39.IGKJ1.IGKC;IGHV3-11..IGHJ5.IGHM_IGKV1-33.IGKJ3.IGKC;IGHV5-51..IGHJ6.IGHM_IGKV2-28.IGKJ3.IGKC;IGHV4-39.IGHD3-9.IGHJ4.IGHM_IGKV3-15.IGKJ2.IGKC;IGHV4-59..IGHJ4.IGHM_IGLV1-47.IGLJ2.IGLC2;IGHV2-26..IGHJ5.IGHM_IGLV3-21.IGLJ1.IGLC1;IGHV4-39..IGHJ4.IGHM_IGLV1-40.IGLJ2.IGLC2;IGHV1-2..IGHJ6.IGHM_IGKV3-20.IGKJ3.IGKC;IGHV4-39..IGHJ5.IGHM_IGKV1-12.IGKJ2.IGKC;IGHV1-69D.IGHD4-17.IGHJ4.IGHM_IGKV1-27.IGKJ3.IGKC;IGHV1-18..IGHJ1.IGHM_IGKV3-20.IGKJ2.IGKC;IGHV4-30-4..IGHJ4.IGHM_IGKV1-39.IGKJ1.IGKC;IGHV3-73..IGHJ4.IGHG1_IGKV1-17.IGKJ1.IGKC;IGHV3-15..IGHJ4.IGHM_IGKV1-8.IGKJ3.IGKC;IGHV3-9..IGHJ6.IGHM_IGLV10-54.IGLJ2.IGLC2;IGHV4-59..IGHJ4.IGHM_IGKV3-20.IGKJ4.IGKC;IGHV5-51..IGHJ6.IGHM_IGKV2D-40.IGKJ4.IGKC;IGHV3-53..IGHJ6.IGHM_IGKV1-39.IGKJ1.IGKC;IGHV3-30..IGHJ4.IGHM_IGLV1-47.IGLJ1.IGLC1;IGHV2-5.IGHD2-2.IGHJ5.IGHM_IGLV3-25.IGLJ1.IGLC1;IGHV4-39..IGHJ4.IGHM_IGLV1-51.IGLJ3.IGLC3;IGHV4-59..IGHJ4.IGHM_IGKV2-28.IGKJ5.IGKC;IGHV3-23..IGHJ4.IGHM_IGKV1-39.IGKJ4.IGKC;IGHV3-15.IGHD5-24.IGHJ4.IGHM_IGKV1-33.IGKJ5.IGKC;IGHV3-48..IGHJ6.IGHM_IGLV3-25.IGLJ3.IGLC2;IGHV4-59..IGHJ6.IGHM_IGKV1-39.IGKJ2.IGKC;IGHV2-5..IGHJ4.IGHM_IGKV1-5.IGKJ2.IGKC;IGHV3-15..IGHJ3.IGHM_IGKV1-17.IGKJ1.IGKC;IGHV3-49..IGHJ6.IGHM_IGKV1-16.IGKJ4.IGKC;IGHV3-30.IGHD6-19.IGHJ3.IGHM_IGKV1-5.IGKJ1.IGKC;IGHV3-33.IGHD3-3.IGHJ4.IGHM_IGKV1-6.IGKJ2.IGKC;IGHV4-30-4.IGHD3-22.IGHJ3.IGHM_IGLV3-25.IGLJ2.IGLC2;IGHV3-30.IGHD3-22.IGHJ6.IGHM_IGLV2-23.IGLJ2.IGLC2;IGHV7-4-1..IGHJ5.IGHM_IGKV3-11.IGKJ4.IGKC;IGHV3-21..IGHJ4.IGHG1_IGKV3-20.IGKJ1.IGKC;IGHV1-2..IGHJ4.IGHM_IGKV1-39.IGKJ2.IGKC;IGHV4-39.IGHD3-22.IGHJ5.IGHM_IGLV3-19.IGLJ2.IGLC2;IGHV3-33..IGHJ4.IGHM_IGLV8-61.IGLJ3.IGLC3;IGHV3-9..IGHJ4.IGHM_IGLV3-21.IGLJ2.IGLC2;IGHV3-33..IGHJ6.IGHM_IGKV1-9.IGKJ5.IGKC;IGHV6-1..IGHJ5.IGHM_IGLV1-36.IGLJ3.IGLC2;IGHV6-1.IGHD6-13.IGHJ3.IGHM_IGKV1-5.IGKJ1.IGKC;IGHV2-5.IGHD3-10.IGHJ5.IGHM_IGLV3-25.IGLJ1.IGLC1;IGHV4-59..IGHJ4.IGHM_IGLV3-19.IGLJ2.IGLC2;IGHV3-30.IGHD6-6.IGHJ4.IGHM_IGLV2-8.IGLJ1.IGLC1;IGHV2-5..IGHJ4.IGHG1_IGLV1-40.IGLJ2.IGLC2;IGHV3-74.IGHD3-22.IGHJ4.IGHM_IGKV1-39.IGKJ1.IGKC;IGHV4-39..IGHJ5.IGHM_IGLV3-25.IGLJ2.IGLC2;IGHV1-8..IGHJ6.IGHM_IGLV1-51.IGLJ2.IGLC2;IGHV5-51..IGHJ3.IGHM_IGKV1-33.IGKJ1.IGKC;IGHV1-18..IGHJ6.IGHM_IGKV3-20.IGKJ2.IGKC;IGHV3-23.IGHD3-10.IGHJ4.IGHM_IGKV1-33.IGKJ4.IGKC;IGHV3-15.IGHD5-24.IGHJ4.IGHG1_IGKV3-20.IGKJ2.IGKC;IGHV1-18..IGHJ5.IGHM_IGKV1-27.IGKJ3.IGKC;IGHV4-61..IGHJ3.IGHM_IGKV1-8.IGKJ1.IGKC;IGHV2-5.IGHD3-22.IGHJ5.IGHM_IGKV3-20.IGKJ1.IGKC;IGHV4-39.IGHD5-5.IGHJ4.IGHM_IGLV1-40.IGLJ1.IGLC1;IGHV4-59.IGHD3-9.IGHJ6.IGHM_IGLV1-47.IGLJ1.IGLC1;IGHV3-30..IGHJ5.IGHM_IGKV1-8.IGKJ4.IGKC;IGHV1-46..IGHJ4.IGHM_IGKV4-1.IGKJ2.IGKC;IGHV3-49.IGHD4-4.IGHJ5.IGHM_IGKV1-17.IGKJ4.IGKC;IGHV4-61..IGHJ6.IGHM_IGLV3-10.IGLJ3.IGLC3;IGHV3-30..IGHJ6.IGHM_IGKV1-39.IGKJ2.IGKC;IGHV3-30.IGHD3-9.IGHJ4.IGHM_IGKV1-8.IGKJ4.IGKC;IGHV3-48..IGHJ4.IGHM_IGKV1-12.IGKJ2.IGKC;IGHV7-4-1.IGHD3-10.IGHJ4.IGHM_IGKV1-39.IGKJ1.IGKC;IGHV4-39..IGHJ5.IGHM_IGKV1-8.IGKJ1.IGKC;IGHV4-61..IGHJ6.IGHM_IGLV1-51.IGLJ2.IGLC2;IGHV3-48..IGHJ3.IGHM_IGLV3-21.IGLJ1.IGLC1;IGHV4-31..IGHJ4.IGHM_IGKV1D-8.IGKJ3.IGKC;NA_IGKV3-15.IGKJ1.IGKC;IGHV3-48..IGHJ4.IGHM_IGKV2-28.IGKJ2.IGKC;IGHV5-51..IGHJ6.IGHD_IGKV1-39.IGKJ4.IGKC;IGHV3-11.IGHD5-5.IGHJ5.IGHM_IGLV1-40.IGLJ2.IGLC2;IGHV3-13..IGHJ4.IGHM_IGKV1-39.IGKJ1.IGKC;IGHV3-7..IGHJ4.IGHM_IGLV1-40.IGLJ2.IGLC2;IGHV4-30-4..IGHJ3.IGHM_IGKV3D-20.IGKJ4.IGKC;IGHV3-7..IGHJ6.IGHM_IGLV1-40.IGLJ3.IGLC2;IGHV4-59..IGHJ4.IGHM_IGLV1-47.IGLJ3.IGLC3;IGHV3-30.IGHD2-2.IGHJ4.IGHM_IGKV1-39.IGKJ5.IGKC;IGHV4-31..IGHJ4.IGHM_IGKV1-39.IGKJ2.IGKC;IGHV1-69D..IGHJ4.IGHG1_IGLV2-23.IGLJ1.IGLC1;IGHV3-30..IGHJ3.IGHM_IGKV3-15.IGKJ1.IGKC;IGHV5-51.IGHD2-15.IGHJ4.IGHM_IGKV2-28.IGKJ3.IGKC;IGHV1-69D..IGHJ4.IGHM_IGKV1-17.IGKJ1.IGKC;IGHV4-59..IGHJ5.IGHG1_IGLV3-10.IGLJ2.IGLC2;IGHV3-7..IGHJ4.IGHM_IGKV1-8.IGKJ4.IGKC;IGHV1-18..IGHJ6.IGHM_IGLV3-25.IGLJ3.IGLC2;IGHV1-8..IGHJ4.IGHM_IGLV1-47.IGLJ3.IGLC3;IGHV1-18.IGHD6-19.IGHJ5.IGHM_IGKV1-12.IGKJ2.IGKC;IGHV3-7..IGHJ4.IGHM_IGKV1-6.IGKJ1.IGKC;IGHV5-51.IGHD6-19.IGHJ4.IGHM_IGLV4-69.IGLJ2.IGLC2;IGHV1-2.IGHD3-10.IGHJ3.IGHM_IGKV1-5.IGKJ1.IGKC;IGHV3-30..IGHJ3.IGHM_IGKV1-16.IGKJ4.IGKC;IGHV1-46..IGHJ4.IGHM_IGKV3-15.IGKJ1.IGKC;IGHV4-28..IGHJ6.IGHM_IGLV8-61.IGLJ3.IGLC2;IGHV1-8..IGHJ6.IGHM_IGKV1-6.IGKJ1.IGKC;IGHV2-5..IGHJ3.IGHM_IGLV3-19.IGLJ3.IGLC3;IGHV2-5..IGHJ4.IGHM_IGLV2-23.IGLJ1.IGLC1;IGHV1-58..IGHJ6.IGHM_IGKV3-20.IGKJ4.IGKC;IGHV1-18..IGHJ4.IGHG2_IGKV2-30.IGKJ2.IGKC;IGHV4-31..IGHJ3.IGHG1_IGKV1-9.IGKJ5.IGKC;IGHV1-2.IGHD6-19.IGHJ6.IGHM_IGKV2-28.IGKJ4.IGKC;IGHV3-7..IGHJ4.IGHM_IGLV3-1.IGLJ2.IGLC2;IGHV7-4-1..IGHJ4.IGHM_IGLV1-51.IGLJ1.IGLC1;IGHV3-15.IGHD3-10.IGHJ6.IGHM_IGLV3-25.IGLJ2.IGLC2;IGHV1-69D..IGHJ6.IGHG3_IGKV3-15.IGKJ4.IGKC;NA_IGLV3-1.IGLJ2.IGLC2;IGHV5-51..IGHJ4.IGHG1_IGLV3-25.IGLJ3.IGLC2;IGHV4-59..IGHJ6.IGHM_IGLV2-11.IGLJ2.IGLC3;IGHV4-39.IGHD3-22.IGHJ4.IGHM_IGLV1-40.IGLJ2.IGLC2;IGHV3-11.IGHD4-17.IGHJ5.IGHM_IGKV1-33.IGKJ4.IGKC;IGHV4-30-4..IGHJ1.IGHM_IGLV1-51.IGLJ2.IGLC2;IGHV3-11..IGHJ5.IGHD_IGLV3-1.IGLJ3.IGLC2;IGHV3-48.IGHD2-2.IGHJ4.IGHM_IGLV1-40.IGLJ1.IGLC1;NA_IGKV3-11.IGKJ2.IGKC;IGHV4-30-4..IGHJ4.IGHM_IGKV3-20.IGKJ5.IGKC;IGHV3-7.IGHD3-3.IGHJ6.IGHD_IGKV2-28.IGKJ4.IGKC;IGHV3-30.IGHD3-22.IGHJ4.IGHM_IGKV3-15.IGKJ1.IGKC;IGHV3-33..IGHJ4.IGHM_IGLV8-61.IGLJ3.IGLC3;IGHV3-9..IGHJ4.IGHM_IGLV3-1.IGLJ2.IGLC2;IGHV1-3.IGHD4-23.IGHJ5.IGHM_IGKV1-16.IGKJ5.IGKC;IGHV4-39..IGHJ4.IGHM_IGLV3-19.IGLJ2.IGLC2;IGHV4-39..IGHJ5.IGHM_IGKV3-20.IGKJ2.IGKC;IGHV3-30.IGHD2-2.IGHJ3.IGHM_IGKV3-20.IGKJ3.IGKC;IGHV3-7..IGHJ4.IGHM_IGKV3-20.IGKJ1.IGKC;IGHV5-51.IGHD2-2.IGHJ6.IGHM_IGKV3-15.IGKJ2.IGKC;IGHV2-5..IGHJ4.IGHM_IGLV7-43.IGLJ2.IGLC2;IGHV5-51.IGHD3-10.IGHJ6.IGHM_IGKV2-28.IGKJ4.IGKC;IGHV6-1..IGHJ5.IGHM_IGKV1-33.IGKJ1.IGKC;IGHV1-2..IGHJ4.IGHM_IGKV3-15.IGKJ5.IGKC;IGHV3-30..IGHJ4.IGHM_IGLV4-69.IGLJ2.IGLC2;IGHV3-33..IGHJ2.IGHM_IGKV3-15.IGKJ1.IGKC;IGHV3-48..IGHJ4.IGHM_IGKV3-15.IGKJ1.IGKC;IGHV4-30-4..IGHJ4.IGHM_IGKV3-20.IGKJ1.IGKC;IGHV3-30..IGHJ3.IGHG1_IGKV3-20.IGKJ2.IGKC;IGHV1-2..IGHJ6.IGHM_IGKV1-39.IGKJ4.IGKC;NA_IGLV2-23.IGLJ2.IGLC2;IGHV1-69D..IGHJ6.IGHM_IGKV3-20.IGKJ4.IGKC;IGHV2-70..IGHJ3.IGHM_IGKV3-15.IGKJ1.IGKC;NA_IGLV1-40.IGLJ2.IGLC2;IGHV4-59.IGHD3-10.IGHJ6.IGHM_IGKV1-39.IGKJ2.IGKC;IGHV3-9..IGHJ4.IGHM_IGKV1D-8.IGKJ1.IGKC;IGHV3-74..IGHJ5.IGHM_IGKV1-39.IGKJ4.IGKC;IGHV3-15.IGHD4-17.IGHJ4.IGHM_IGLV3-25.IGLJ1.IGLC1;IGHV3-43..IGHJ4.IGHM_IGKV3-20.IGKJ1.IGKC;IGHV3-9..IGHJ4.IGHD_IGLV4-69.IGLJ3.IGLC3;IGHV4-61..IGHJ4.IGHM_IGKV1-39.IGKJ2.IGKC;IGHV4-30-4..IGHJ5.IGHM_IGKV1-5.IGKJ1.IGKC;IGHV3-11.IGHD5-24.IGHJ6.IGHM_IGLV2-23.IGLJ1.IGLC1;IGHV3-9.IGHD2-2.IGHJ6.IGHM_IGKV1-5.IGKJ2.IGKC;IGHV3-7..IGHJ4.IGHA2_IGKV2-30.IGKJ2.IGKC;IGHV3-73.IGHD2-15.IGHJ3.IGHM_IGKV1-39.IGKJ2.IGKC;IGHV4-39..IGHJ5.IGHM_IGLV1-40.IGLJ1.IGLC1;IGHV3-9..IGHJ4.IGHM_IGLV2-14.IGLJ2.IGLC2;IGHV5-51..IGHJ4.IGHM_IGLV8-61.IGLJ3.IGLC3;IGHV1-2.IGHD4-17.IGHJ6.IGHD_IGLV3-25.IGLJ1.IGLC1;IGHV3-73..IGHJ4.IGHM_IGKV2D-29.IGKJ1.IGKC;IGHV3-74..IGHJ4.IGHM_IGLV4-69.IGLJ1.IGLC1;IGHV3-30..IGHJ4.IGHM_IGLV3-25.IGLJ3.IGLC2;IGHV1-69D.IGHD2-2.IGHJ5.IGHM_IGLV1-40.IGLJ2.IGLC2;IGHV2-5..IGHJ5.IGHM_IGLV3-1.IGLJ1.IGLC1;IGHV2-26..IGHJ4.IGHM_IGKV1-12.IGKJ1.IGKC;IGHV3-15.IGHD3-3.IGHJ4.IGHM_IGKV1-33.IGKJ4.IGKC;IGHV1-46..IGHJ4.IGHM_IGLV3-19.IGLJ2.IGLC2;IGHV1-8.IGHD3-3.IGHJ6.IGHM_IGKV3-20.IGKJ1.IGKC;IGHV3-15.IGHD2-2.IGHJ4.IGHM_IGKV1-33.IGKJ4.IGKC;IGHV1-8.IGHD3-10.IGHJ6.IGHM_IGKV1-39.IGKJ1.IGKC;IGHV3-9.IGHD4-23.IGHJ1.IGHM_IGLV2-23.IGLJ3.IGLC2;NA_IGKV1-39.IGKJ2.IGKC;IGHV1-69D..IGHJ3.IGHM_NA;IGHV4-59..IGHJ2.IGHG2_IGKV3-20.IGKJ4.IGKC;IGHV1-46..IGHJ6.IGHM_IGKV2-28.IGKJ4.IGKC;IGHV3-48.IGHD6-19.IGHJ4.IGHM_IGKV1-16.IGKJ1.IGKC;IGHV3-30..IGHJ4.IGHM_IGLV3-21.IGLJ1.IGLC1;IGHV1-18.IGHD3-3.IGHJ6.IGHM_IGLV3-21.IGLJ1.IGLC1;IGHV4-61..IGHJ6.IGHM_IGLV7-43.IGLJ1.IGLC1;IGHV3-33..IGHJ3.IGHM_IGKV1-5.IGKJ3.IGKC;IGHV3-30.IGHD2-2.IGHJ6.IGHM_IGLV3-1.IGLJ2.IGLC2;IGHV4-39..IGHJ4.IGHM_IGLV2-18.IGLJ1.IGLC1;IGHV3-33..IGHJ6.IGHM_IGKV3-15.IGKJ4.IGKC;IGHV4-31..IGHJ4.IGHM_IGKV3-20.IGKJ1.IGKC;IGHV4-59..IGHJ6.IGHA1_IGKV2-28.IGKJ2.IGKC;IGHV1-8..IGHJ6.IGHM_IGKV2-28.IGKJ3.IGKC;IGHV4-61.IGHD5-5.IGHJ4.IGHM_IGLV1-36.IGLJ2.IGLC2;IGHV5-51..IGHJ4.IGHM_IGKV3-20.IGKJ2.IGKC;IGHV1-46.IGHD3-22.IGHJ4.IGHM_IGLV1-40.IGLJ2.IGLC2;IGHV3-49..IGHJ4.IGHM_IGKV1-12.IGKJ4.IGKC;IGHV4-61..IGHJ3.IGHM_IGLV3-19.IGLJ1.IGLC1;IGHV2-5..IGHJ6.IGHG1_IGKV1-6.IGKJ2.IGKC;IGHV1-69D..IGHJ4.IGHM_IGLV3-1.IGLJ2.IGLC2;IGHV3-33.IGHD6-19.IGHJ4.IGHM_IGKV3-20.IGKJ1.IGKC;IGHV3-43.IGHD2-2.IGHJ6.IGHM_IGKV1-8.IGKJ5.IGKC;IGHV4-61..IGHJ5.IGHM_IGLV3-1.IGLJ2.IGLC2;IGHV1-18..IGHJ5.IGHM_IGLV1-40.IGLJ3.IGLC3;IGHV4-31..IGHJ5.IGHM_IGKV3-20.IGKJ3.IGKC;IGHV3-48..IGHJ4.IGHM_IGKV1-33.IGKJ5.IGKC;IGHV1-8..IGHJ4.IGHM_IGKV1-5.IGKJ1.IGKC;IGHV4-30-4..IGHJ4.IGHM_IGLV3-1.IGLJ2.IGLC2;IGHV3-30.IGHD2-2.IGHJ6.IGHM_IGKV2-28.IGKJ3.IGKC;IGHV3-11..IGHJ4.IGHM_IGKV1-39.IGKJ2.IGKC;IGHV4-39..IGHJ5.IGHM_IGKV1-5.IGKJ1.IGKC;IGHV3-48..IGHJ4.IGHM_IGLV1-40.IGLJ2.IGLC2;IGHV2-5..IGHJ4.IGHM_IGKV1-16.IGKJ2.IGKC;IGHV3-20..IGHJ4.IGHM_IGKV3-20.IGKJ4.IGKC;IGHV3-33..IGHJ5.IGHM_IGKV1-5.IGKJ1.IGKC;IGHV3-48..IGHJ4.IGHM_IGKV1-8.IGKJ1.IGKC;IGHV3-30..IGHJ3.IGHM_IGLV1-51.IGLJ3.IGLC2;IGHV4-39..IGHJ4.IGHM_IGLV3-21.IGLJ1.IGLC1;IGHV3-11.IGHD3-22.IGHJ4.IGHM_IGLV3-21.IGLJ2.IGLC2;IGHV1-8.IGHD2-2.IGHJ6.IGHM_IGKV1-8.IGKJ4.IGKC;IGHV4-39..IGHJ2.IGHM_IGKV6-21.IGKJ4.IGKC	18	68	IGHV4-39..IGHJ4.IGHA1_IGLV2-23.IGLJ3.IGLC2;IGHV4-39..IGHJ4.IGHM_IGLV1-44.IGLJ1.IGLC1;IGHV3-21..IGHJ6.IGHM_IGKV1-33.IGKJ3.IGKC;IGHV3-74.IGHD2-15.IGHJ6.IGHM_IGLV1-44.IGLJ1.IGLC1;IGHV3-21.IGHD3-22.IGHJ3.IGHM_IGLV3-25.IGLJ2.IGLC2;IGHV4-30-4..IGHJ5.IGHM_IGLV1-44.IGLJ2.IGLC2;IGHV3-21.IGHD3-3.IGHJ5.IGHM_IGKV1-27.IGKJ4.IGKC;IGHV3-21.IGHD4-17.IGHJ4.IGHM_IGLV1-44.IGLJ2.IGLC2;IGHV3-21..IGHJ6.IGHM_IGKV3-20.IGKJ2.IGKC;IGHV3-21..IGHJ6.IGHM_IGLV3-21.IGLJ1.IGLC1;IGHV3-21..IGHJ3.IGHM_IGKV1-39.IGKJ1.IGKC;IGHV2-26..IGHJ4.IGHM_IGLV1-51.IGLJ2.IGLC2;IGHV3-21.IGHD1-26.IGHJ4.IGHM_IGLV2-11.IGLJ3.IGLC3;IGHV3-21.IGHD6-13.IGHJ4.IGHM_IGLV1-51.IGLJ1.IGLC1;IGHV3-30..IGHJ5.IGHG1_IGLV1-44.IGLJ3.IGLC2;IGHV3-21..IGHJ5.IGHM_IGLV8-61.IGLJ2.IGLC2;IGHV4-59..IGHJ6.IGHM_IGLV1-44.IGLJ2.IGLC2;IGHV2-5..IGHJ4.IGHG1_IGLV1-44.IGLJ1.IGLC1;IGHV1-69D.IGHD2-2.IGHJ4.IGHA1_IGKV3-20.IGKJ2.IGKC;IGHV3-33.IGHD3-22.IGHJ4.IGHM_IGLV1-44.IGLJ3.IGLC2;IGHV3-11..IGHJ6.IGHA1_IGLV3-1.IGLJ2.IGLC2;IGHV3-21.IGHD1-20.IGHJ4.IGHD_IGKV1-8.IGKJ3.IGKC;IGHV3-21..IGHJ4.IGHM_IGLV3-25.IGLJ1.IGLC1;IGHV3-23.IGHD3-22.IGHJ4.IGHM_IGLV1-44.IGLJ3.IGLC3;IGHV1-8..IGHJ6.IGHG2_IGLV1-44.IGLJ1.IGLC1;IGHV3-21.IGHD5-12.IGHJ6.IGHM_IGLV1-40.IGLJ3.IGLC2;IGHV3-21..IGHJ6.IGHM_IGLV3-1.IGLJ2.IGLC2;IGHV3-21.IGHD3-10.IGHJ6.IGHM_IGLV2-23.IGLJ3.IGLC3;IGHV4-39.IGHD3-9.IGHJ4.IGHM_IGLV1-44.IGLJ1.IGLC1;IGHV1-18..IGHJ4.IGHM_IGLV1-44.IGLJ3.IGLC2;IGHV3-66..IGHJ6.IGHM_IGLV1-44.IGLJ3.IGLC3;IGHV3-21.IGHD3-22.IGHJ4.IGHM_IGKV1-12.IGKJ5.IGKC;IGHV2-5.IGHD2-2.IGHJ5.IGHM_IGLV1-44.IGLJ2.IGLC2;IGHV4-39.IGHD3-9.IGHJ4.IGHM_IGLV1-44.IGLJ1.IGLC1;IGHV6-1..IGHJ5.IGHA1_IGLV1-51.IGLJ3.IGLC2;IGHV4-59.IGHD3-10.IGHJ5.IGHM_IGLV1-44.IGLJ2.IGLC2;IGHV4-39.IGHD3-9.IGHJ2.IGHM_IGLV1-44.IGLJ2.IGLC2;IGHV1-18.IGHD4-17.IGHJ1.IGHM_IGLV1-44.IGLJ2.IGLC2;IGHV3-21..IGHJ4.IGHM_IGLV1-47.IGLJ2.IGLC2;IGHV3-21..IGHJ4.IGHG1_IGKV2D-29.IGKJ4.IGKC;IGHV4-61..IGHJ6.IGHM_IGLV1-44.IGLJ3.IGLC2;IGHV4-30-4.IGHD3-10.IGHJ4.IGHG2_IGLV1-44.IGLJ2.IGLC2;IGHV3-21..IGHJ4.IGHM_IGKV1-39.IGKJ3.IGKC;IGHV4-39..IGHJ4.IGHM_IGLV1-44.IGLJ2.IGLC2;IGHV3-21..IGHJ4.IGHM_IGKV1-8.IGKJ4.IGKC;IGHV1-69D..IGHJ4.IGHM_IGLV1-44.IGLJ1.IGLC1;IGHV3-21..IGHJ3.IGHA2_IGKV3-20.IGKJ1.IGKC;IGHV2-5..IGHJ4.IGHG1_IGLV1-44.IGLJ1.IGLC1;IGHV3-33.IGHD3-10.IGHJ4.IGHM_IGKV3-15.IGKJ1.IGKC;IGHV3-21.IGHD6-19.IGHJ5.IGHM_IGKV1-8.IGKJ2.IGKC;IGHV3-21.IGHD5-24.IGHJ4.IGHM_IGKV1-27.IGKJ3.IGKC;IGHV3-9..IGHJ4.IGHM_IGLV1-44.IGLJ3.IGLC3;IGHV3-21..IGHJ4.IGHM_IGKV1-8.IGKJ1.IGKC;IGHV3-21.IGHD5-5.IGHJ4.IGHM_IGLV1-44.IGLJ2.IGLC2;IGHV3-48..IGHJ6.IGHM_IGLV1-44.IGLJ1.IGLC1;IGHV3-21.IGHD2-2.IGHJ6.IGHM_IGKV2-28.IGKJ2.IGKC;IGHV3-21..IGHJ4.IGHM_IGLV6-57.IGLJ3.IGLC2;IGHV4-30-4.IGHD3-10.IGHJ5.IGHM_IGLV1-44.IGLJ3.IGLC3;IGHV3-21..IGHJ4.IGHM_IGKV3-15.IGKJ2.IGKC;IGHV3-21..IGHJ4.IGHM_IGKV3-15.IGKJ4.IGKC;IGHV3-21..IGHJ4.IGHM_IGKV1-33.IGKJ2.IGKC;IGHV5-51..IGHJ5.IGHA2_IGKV1-5.IGKJ1.IGKC;IGHV3-21..IGHJ4.IGHM_IGLV6-57.IGLJ3.IGLC3;IGHV3-21..IGHJ5.IGHM_IGKV1-5.IGKJ1.IGKC;IGHV3-7..IGHJ4.IGHM_IGLV1-47.IGLJ3.IGLC3;IGHV4-59..IGHJ3.IGHA1_IGLV1-44.IGLJ1.IGLC1;IGHV3-21.IGHD2-15.IGHJ4.IGHM_IGKV1-27.IGKJ1.IGKC;IGHV3-30..IGHJ6.IGHA1_IGLV1-44.IGLJ2.IGLC2	0	NA
4	454	NA_IGKV1-8.IGKJ4.IGKC;IGHV1-69D.IGHD3-22.IGHJ3.IGHM_IGKV1-8.IGKJ1.IGKC;IGHV1-2..IGHJ3.IGHM_IGLV5-45.IGLJ3.IGLC3;IGHV5-51..IGHJ3.IGHM_IGKV1D-8.IGKJ2.IGKC;IGHV4-39..IGHJ3.IGHM_IGLV3-21.IGLJ2.IGLC2;IGHV3-33..IGHJ4.IGHM_IGKV2-28.IGKJ2.IGKC;IGHV3-15..IGHJ4.IGHM_IGLV6-57.IGLJ2.IGLC2;IGHV1-2..IGHJ6.IGHM_IGKV1-27.IGKJ3.IGKC;IGHV2-5.IGHD3-9.IGHJ3.IGHM_IGKV1-5.IGKJ1.IGKC;IGHV3-7..IGHJ4.IGHM_IGKV1-39.IGKJ2.IGKC;IGHV1-8..IGHJ3.IGHM_IGKV3-20.IGKJ1.IGKC;IGHV3-9..IGHJ4.IGHM_IGKV3-20.IGKJ2.IGKC;IGHV4-59..IGHJ6.IGHM_IGKV3-20.IGKJ3.IGKC;IGHV4-31.IGHD2-8.IGHJ6.IGHM_IGLV1-47.IGLJ3.IGLC3;IGHV3-30.IGHD5-5.IGHJ4.IGHM_IGLV4-69.IGLJ3.IGLC3;IGHV2-26..IGHJ4.IGHM_IGKV1-5.IGKJ1.IGKC;IGHV3-33..IGHJ4.IGHG1_IGLV6-57.IGLJ3.IGLC3;IGHV5-51.IGHD3-9.IGHJ4.IGHM_IGKV3-20.IGKJ1.IGKC;IGHV2-5..IGHJ4.IGHM_IGKV2-30.IGKJ1.IGKC;IGHV3-74.IGHD3-22.IGHJ6.IGHD_IGKV1-9.IGKJ3.IGKC;IGHV3-33.IGHD4-17.IGHJ4.IGHM_IGKV3-15.IGKJ1.IGKC;IGHV4-39..IGHJ4.IGHM_IGLV1-40.IGLJ1.IGLC1;IGHV3-49..IGHJ6.IGHM_IGKV1D-8.IGKJ1.IGKC;IGHV3-30.IGHD3-22.IGHJ4.IGHM_IGLV3-25.IGLJ2.IGLC2;IGHV1-24.IGHD2-2.IGHJ6.IGHM_IGKV3-20.IGKJ4.IGKC;IGHV3-30..IGHJ4.IGHM_IGLV1-47.IGLJ2.IGLC2;IGHV3-43..IGHJ4.IGHM_IGLV1-51.IGLJ2.IGLC2;IGHV4-59..IGHJ4.IGHM_IGKV3-15.IGKJ3.IGKC;IGHV4-30-4..IGHJ3.IGHG2_IGKV1-39.IGKJ2.IGKC;IGHV3-7..IGHJ4.IGHM_IGKV1-39.IGKJ2.IGKC;IGHV4-59..IGHJ5.IGHM_IGKV1-12.IGKJ5.IGKC;IGHV1-69D.IGHD3-22.IGHJ4.IGHM_IGKV3-20.IGKJ1.IGKC;IGHV3-30..IGHJ4.IGHM_IGKV3-15.IGKJ1.IGKC;IGHV3-48.IGHD3-16.IGHJ6.IGHM_IGLV2-8.IGLJ1.IGLC1;IGHV1-8.IGHD3-22.IGHJ3.IGHM_IGKV2-28.IGKJ4.IGKC;IGHV3-30..IGHJ4.IGHM_IGKV1-39.IGKJ4.IGKC;IGHV3-11..IGHJ4.IGHM_IGLV1-40.IGLJ1.IGLC1;IGHV3-33..IGHJ4.IGHM_IGKV1-12.IGKJ5.IGKC;IGHV4-61..IGHJ4.IGHG1_IGKV1-39.IGKJ2.IGKC;IGHV1-69D.IGHD2-2.IGHJ5.IGHM_IGLV1-51.IGLJ3.IGLC3;IGHV3-7..IGHJ3.IGHM_IGLV3-1.IGLJ2.IGLC2;IGHV1-69D..IGHJ5.IGHM_IGLV1-40.IGLJ2.IGLC2;IGHV3-11..IGHJ4.IGHM_IGKV1-5.IGKJ1.IGKC;IGHV4-61..IGHJ5.IGHM_IGKV2-30.IGKJ4.IGKC;IGHV3-33..IGHJ6.IGHM_IGKV3-20.IGKJ1.IGKC;IGHV4-61.IGHD3-22.IGHJ4.IGHM_IGKV1-39.IGKJ4.IGKC;IGHV1-8.IGHD6-19.IGHJ4.IGHM_IGLV1-40.IGLJ2.IGLC2;IGHV3-33.IGHD4-4.IGHJ6.IGHM_IGKV1-39.IGKJ2.IGKC;IGHV3-7..IGHJ4.IGHM_IGLV3-21.IGLJ1.IGLC1;IGHV3-7.IGHD6-13.IGHJ4.IGHM_IGKV1-39.IGKJ2.IGKC;IGHV3-13.IGHD2-2.IGHJ6.IGHM_IGLV3-21.IGLJ3.IGLC2;IGHV5-51.IGHD3-22.IGHJ6.IGHM_IGKV3-15.IGKJ1.IGKC;IGHV3-7..IGHJ4.IGHM_IGKV2-28.IGKJ4.IGKC;IGHV1-18..IGHJ4.IGHM_IGKV3-20.IGKJ3.IGKC;IGHV3-7..IGHJ6.IGHM_IGLV3-19.IGLJ1.IGLC1;IGHV7-4-1.IGHD3-10.IGHJ4.IGHM_IGLV2-11.IGLJ2.IGLC2;IGHV5-51.IGHD3-9.IGHJ6.IGHM_IGLV1-40.IGLJ2.IGLC2;IGHV2-5.IGHD6-19.IGHJ5.IGHM_IGLV6-57.IGLJ2.IGLC2;IGHV4-59..IGHJ4.IGHM_IGKV1-39.IGKJ3.IGKC;IGHV1-69D..IGHJ6.IGHM_IGLV1-51.IGLJ1.IGLC1;IGHV4-39..IGHJ6.IGHM_IGKV1-12.IGKJ4.IGKC;IGHV4-61..IGHJ6.IGHM_IGLV1-40.IGLJ1.IGLC1;IGHV3-30..IGHJ3.IGHA1_IGKV1-9.IGKJ5.IGKC;IGHV3-30.IGHD3-10.IGHJ6.IGHM_IGKV3-15.IGKJ1.IGKC;IGHV3-15..IGHJ6.IGHM_IGLV2-8.IGLJ3.IGLC3;IGHV1-69D..IGHJ5.IGHM_IGKV3-15.IGKJ4.IGKC;IGHV6-1..IGHJ4.IGHM_IGKV1-33.IGKJ2.IGKC;IGHV3-33..IGHJ1.IGHM_IGKV3-15.IGKJ1.IGKC;IGHV1-2..IGHJ4.IGHM_IGKV3-20.IGKJ2.IGKC;IGHV3-49.IGHD5-24.IGHJ4.IGHM_IGLV3-21.IGLJ2.IGLC2;IGHV7-4-1..IGHJ4.IGHM_IGKV3-20.IGKJ1.IGKC;IGHV3-74..IGHJ5.IGHM_IGKV1-39.IGKJ1.IGKC;IGHV2-26.IGHD4-17.IGHJ6.IGHM_IGKV3-20.IGKJ5.IGKC;IGHV3-74..IGHJ4.IGHM_IGLV2-23.IGLJ1.IGLC1;IGHV3-15.IGHD3-9.IGHJ6.IGHD_IGLV7-46.IGLJ3.IGLC3;IGHV1-18..IGHJ4.IGHM_IGKV2-28.IGKJ1.IGKC;IGHV3-33..IGHJ4.IGHM_IGKV2-28.IGKJ4.IGKC;IGHV1-46.IGHD2-2.IGHJ4.IGHM_IGKV3D-15.IGKJ4.IGKC;IGHV4-59..IGHJ6.IGHM_IGLV1-40.IGLJ2.IGLC2;IGHV3-33..IGHJ4.IGHM_IGLV2-14.IGLJ2.IGLC2;IGHV5-51..IGHJ4.IGHM_IGLV1-40.IGLJ2.IGLC2;IGHV3-53..IGHJ4.IGHM_IGLV3-1.IGLJ1.IGLC1;IGHV3-53.IGHD5-24.IGHJ4.IGHM_IGKV3-15.IGKJ1.IGKC;IGHV3-9.IGHD4-23.IGHJ4.IGHM_IGKV3D-20.IGKJ4.IGKC;IGHV3-30..IGHJ4.IGHA1_IGLV6-57.IGLJ2.IGLC2;IGHV4-59.IGHD2-2.IGHJ6.IGHM_IGKV1-39.IGKJ1.IGKC;IGHV4-61.IGHD2-15.IGHJ6.IGHM_IGKV1-17.IGKJ1.IGKC;IGHV3-9..IGHJ3.IGHM_IGLV1-40.IGLJ3.IGLC3;IGHV5-51.IGHD5-5.IGHJ6.IGHM_IGKV1-16.IGKJ1.IGKC;IGHV3-9..IGHJ6.IGHM_IGKV1-39.IGKJ2.IGKC;IGHV1-24..IGHJ4.IGHG1_IGKV1-39.IGKJ1.IGKC;IGHV3-11..IGHJ4.IGHM_IGLV3-25.IGLJ2.IGLC2;IGHV4-39.IGHD2-2.IGHJ2.IGHM_IGLV4-69.IGLJ2.IGLC2;IGHV3-48..IGHJ5.IGHM_IGKV3-15.IGKJ4.IGKC;IGHV3-9..IGHJ4.IGHG1_IGKV3-20.IGKJ1.IGKC;IGHV1-69D..IGHJ6.IGHM_IGLV1-40.IGLJ1.IGLC1;IGHV4-59..IGHJ5.IGHM_IGLV6-57.IGLJ3.IGLC3;IGHV3-21.IGHD6-13.IGHJ5.IGHM_IGKV1-39.IGKJ2.IGKC;IGHV3-53..IGHJ3.IGHM_IGKV1-27.IGKJ3.IGKC;IGHV3-48.IGHD3-22.IGHJ3.IGHM_IGLV1-40.IGLJ2.IGLC2;IGHV5-51.IGHD1-26.IGHJ3.IGHM_IGLV1-47.IGLJ3.IGLC2;IGHV4-59.IGHD4-17.IGHJ4.IGHM_IGLV3-25.IGLJ2.IGLC2;IGHV1-2..IGHJ6.IGHM_IGKV1-39.IGKJ2.IGKC;IGHV3-43..IGHJ6.IGHM_IGLV3-1.IGLJ2.IGLC2;IGHV3-48..IGHJ6.IGHM_IGKV3-20.IGKJ2.IGKC;IGHV3-21..IGHJ6.IGHM_IGKV1-5.IGKJ1.IGKC;IGHV3-11..IGHJ4.IGHM_IGKV1-6.IGKJ1.IGKC;IGHV3-9..IGHJ4.IGHM_IGKV3-20.IGKJ5.IGKC;IGHV4-34..IGHJ3.IGHG3_IGKV3-15.IGKJ1.IGKC;IGHV3-21..IGHJ6.IGHM_IGKV1-12.IGKJ4.IGKC;IGHV4-30-4..IGHJ6.IGHM_IGKV2-28.IGKJ3.IGKC;IGHV4-39..IGHJ4.IGHA1_IGKV1-16.IGKJ3.IGKC;IGHV4-39..IGHJ1.IGHG3_IGKV1-39.IGKJ3.IGKC;IGHV4-59..IGHJ4.IGHM_IGLV4-69.IGLJ3.IGLC2;IGHV4-39.IGHD3-10.IGHJ4.IGHM_IGLV8-61.IGLJ3.IGLC2;IGHV2-5.IGHD3-9.IGHJ5.IGHM_IGLV1-40.IGLJ2.IGLC2;IGHV3-53..IGHJ4.IGHM_IGKV1-39.IGKJ5.IGKC;IGHV3-53.IGHD2-15.IGHJ6.IGHM_IGKV3-20.IGKJ5.IGKC;IGHV1-8..IGHJ4.IGHM_IGKV3-20.IGKJ2.IGKC;IGHV1-69D..IGHJ6.IGHM_IGKV3-15.IGKJ2.IGKC;IGHV4-61..IGHJ6.IGHM_IGKV1-8.IGKJ3.IGKC;IGHV4-61..IGHJ5.IGHM_IGKV3-20.IGKJ1.IGKC;IGHV3-48.IGHD5-5.IGHJ4.IGHM_IGLV3-25.IGLJ3.IGLC3;IGHV3-7..IGHJ4.IGHM_IGLV4-69.IGLJ2.IGLC2;IGHV4-30-4.IGHD3-10.IGHJ5.IGHM_IGLV3-9.IGLJ2.IGLC2;IGHV3-30..IGHJ4.IGHM_IGKV3-20.IGKJ1.IGKC;IGHV4-30-4..IGHJ5.IGHA1_IGLV1-51.IGLJ2.IGLC2;IGHV1-3..IGHJ4.IGHM_IGKV1-33.IGKJ4.IGKC;IGHV2-5..IGHJ4.IGHM_IGKV1D-8.IGKJ1.IGKC;IGHV4-39..IGHJ4.IGHM_IGLV1-47.IGLJ2.IGLC2;IGHV1-69D.IGHD3-22.IGHJ4.IGHM_IGKV3-11.IGKJ4.IGKC;IGHV3-49..IGHJ4.IGHA1_IGLV2-23.IGLJ1.IGLC1;IGHV5-51..IGHJ5.IGHM_NA;IGHV5-51..IGHJ4.IGHM_IGLV3-19.IGLJ2.IGLC2;IGHV1-8.IGHD6-13.IGHJ6.IGHM_IGLV1-40.IGLJ2.IGLC2;IGHV1-18.IGHD6-13.IGHJ5.IGHM_IGLV7-46.IGLJ1.IGLC1;IGHV3-33..IGHJ4.IGHA1_IGLV1-51.IGLJ2.IGLC2;IGHV3-48..IGHJ3.IGHM_IGLV3-25.IGLJ3.IGLC3;IGHV3-33..IGHJ6.IGHM_IGKV1-33.IGKJ5.IGKC;IGHV3-15..IGHJ4.IGHM_IGLV3-1.IGLJ1.IGLC1;IGHV2-26..IGHJ3.IGHM_IGKV3-20.IGKJ1.IGKC;IGHV4-59.IGHD3-22.IGHJ4.IGHM_IGKV1-33.IGKJ3.IGKC;IGHV3-30.IGHD3-3.IGHJ3.IGHM_IGKV1-39.IGKJ2.IGKC;IGHV4-59..IGHJ6.IGHM_IGKV1-5.IGKJ4.IGKC;IGHV3-7..IGHJ6.IGHM_IGKV1-39.IGKJ2.IGKC;IGHV3-53.IGHD3-22.IGHJ3.IGHM_IGKV1-39.IGKJ2.IGKC;IGHV3-7..IGHJ5.IGHM_IGLV3-9.IGLJ2.IGLC2;IGHV4-59.IGHD6-6.IGHJ4.IGHG1_IGLV1-40.IGLJ1.IGLC1;IGHV2-5.IGHD3-16.IGHJ5.IGHM_IGLV3-1.IGLJ2.IGLC2;IGHV3-15.IGHD3-9.IGHJ4.IGHM_IGKV2-28.IGKJ5.IGKC;IGHV1-18.IGHD3-3.IGHJ6.IGHM_IGKV3-20.IGKJ1.IGKC;IGHV4-61.IGHD1-7.IGHJ2.IGHM_IGLV3-21.IGLJ1.IGLC1;IGHV1-24..IGHJ4.IGHM_IGKV1-5.IGKJ1.IGKC;IGHV3-48.IGHD3-22.IGHJ4.IGHM_IGKV3-15.IGKJ2.IGKC;IGHV3-48..IGHJ4.IGHM_IGKV1-39.IGKJ1.IGKC;IGHV3-7..IGHJ4.IGHM_IGKV3D-20.IGKJ4.IGKC;IGHV2-26..IGHJ4.IGHM_IGKV2D-29.IGKJ3.IGKC;IGHV1-2..IGHJ5.IGHM_IGLV2-23.IGLJ2.IGLC2;IGHV3-7..IGHJ4.IGHM_IGKV3-20.IGKJ4.IGKC;IGHV4-34..IGHJ5.IGHG3_IGLV3-25.IGLJ2.IGLC2;IGHV4-61.IGHD1-26.IGHJ4.IGHM_IGKV1D-8.IGKJ4.IGKC;IGHV4-30-4..IGHJ1.IGHG1_IGLV1-40.IGLJ1.IGLC1;IGHV2-70..IGHJ6.IGHG1_IGKV2-28.IGKJ2.IGKC;IGHV7-4-1..IGHJ4.IGHM_IGLV1-40.IGLJ2.IGLC2;IGHV1-2.IGHD6-19.IGHJ4.IGHM_IGLV2-11.IGLJ2.IGLC2;IGHV1-18..IGHJ5.IGHG1_IGKV1-39.IGKJ1.IGKC;IGHV3-7..IGHJ4.IGHM_IGKV3-15.IGKJ1.IGKC;IGHV4-39.IGHD2-2.IGHJ4.IGHM_IGKV1-5.IGKJ4.IGKC;IGHV4-39.IGHD3-3.IGHJ4.IGHM_IGLV1-40.IGLJ2.IGLC2;IGHV3-23..IGHJ4.IGHA1_IGKV1-39.IGKJ2.IGKC;IGHV3-9.IGHD3-10.IGHJ6.IGHM_IGLV3-1.IGLJ1.IGLC1;IGHV1-69D..IGHJ6.IGHM_IGKV2-28.IGKJ2.IGKC;IGHV3-30..IGHJ4.IGHA1_IGKV1-39.IGKJ4.IGKC;IGHV6-1..IGHJ4.IGHM_IGLV2-23.IGLJ3.IGLC3;IGHV4-30-4.IGHD2-2.IGHJ6.IGHM_IGLV1-40.IGLJ2.IGLC2;IGHV3-49.IGHD3-3.IGHJ4.IGHM_IGKV3-20.IGKJ1.IGKC;IGHV3-74..IGHJ5.IGHM_IGKV1-39.IGKJ2.IGKC;IGHV1-69D..IGHJ3.IGHM_IGKV1-5.IGKJ4.IGKC;IGHV7-4-1..IGHJ4.IGHM_IGKV1-39.IGKJ3.IGKC;IGHV5-51..IGHJ4.IGHM_IGKV1-9.IGKJ4.IGKC;IGHV3-53..IGHJ6.IGHM_IGKV2-28.IGKJ2.IGKC;IGHV1-24..IGHJ4.IGHM_IGKV1-12.IGKJ4.IGKC;IGHV3-9..IGHJ4.IGHM_IGLV3-25.IGLJ3.IGLC3;IGHV3-15.IGHD2-21.IGHJ4.IGHM_IGKV1-9.IGKJ4.IGKC;IGHV7-4-1..IGHJ4.IGHM_IGLV1-40.IGLJ2.IGLC2;IGHV1-2..IGHJ4.IGHM_IGLV2-8.IGLJ2.IGLC2;IGHV3-9..IGHJ1.IGHM_IGLV2-23.IGLJ2.IGLC2;IGHV1-3..IGHJ6.IGHM_IGKV1-9.IGKJ4.IGKC;IGHV5-51.IGHD3-9.IGHJ6.IGHM_IGLV7-43.IGLJ2.IGLC2;IGHV3-15.IGHD3-22.IGHJ4.IGHM_IGLV3-25.IGLJ1.IGLC1;IGHV4-61..IGHJ4.IGHM_IGKV1D-8.IGKJ2.IGKC;IGHV4-61..IGHJ6.IGHM_IGLV3-1.IGLJ1.IGLC1;IGHV3-7..IGHJ4.IGHM_IGLV3-1.IGLJ2.IGLC2;IGHV3-74..IGHJ3.IGHM_IGKV1-39.IGKJ1.IGKC;IGHV2-5.IGHD3-22.IGHJ4.IGHM_IGKV1-39.IGKJ4.IGKC;IGHV3-48..IGHJ4.IGHM_IGKV3-15.IGKJ2.IGKC;IGHV2-70.IGHD2-15.IGHJ6.IGHM_IGKV3-20.IGKJ1.IGKC;IGHV3-48.IGHD3-22.IGHJ4.IGHM_IGLV4-69.IGLJ3.IGLC2;IGHV5-51..IGHJ1.IGHM_IGKV3-20.IGKJ2.IGKC;IGHV5-51..IGHJ4.IGHG2_IGKV1-12.IGKJ4.IGKC;NA_IGKV1-39.IGKJ1.IGKC;IGHV7-4-1..IGHJ1.IGHA1_IGLV2-23.IGLJ3.IGLC3;IGHV3-30.IGHD3-22.IGHJ6.IGHM_IGLV3-25.IGLJ1.IGLC1;IGHV3-23..IGHJ4.IGHA1_IGKV1-5.IGKJ1.IGKC;IGHV1-2..IGHJ4.IGHM_IGKV1-33.IGKJ2.IGKC;IGHV4-59..IGHJ3.IGHM_IGKV1-8.IGKJ4.IGKC;IGHV4-30-4..IGHJ5.IGHM_IGKV2D-29.IGKJ2.IGKC;IGHV3-7..IGHJ6.IGHG2_IGKV3-20.IGKJ3.IGKC;IGHV4-59..IGHJ4.IGHG1_IGKV1-39.IGKJ4.IGKC;IGHV2-5..IGHJ5.IGHA2_IGKV2-28.IGKJ2.IGKC;IGHV6-1..IGHJ6.IGHM_IGKV3-20.IGKJ4.IGKC;IGHV3-72..IGHJ6.IGHA2_IGKV1-9.IGKJ5.IGKC;IGHV3-53.IGHD4-23.IGHJ5.IGHM_IGLV3-21.IGLJ2.IGLC2;IGHV3-23..IGHJ4.IGHM_IGKV1-8.IGKJ1.IGKC;IGHV1-18..IGHJ6.IGHM_IGKV2-28.IGKJ2.IGKC;IGHV3-48..IGHJ4.IGHM_IGKV2-28.IGKJ2.IGKC;IGHV3-21..IGHJ4.IGHM_IGKV3-15.IGKJ1.IGKC;IGHV1-8..IGHJ5.IGHM_IGLV3-19.IGLJ2.IGLC2;IGHV1-3.IGHD3-16.IGHJ3.IGHM_IGKV2-30.IGKJ4.IGKC;IGHV3-11.IGHD3-22.IGHJ4.IGHM_IGKV1-39.IGKJ2.IGKC;IGHV3-49.IGHD6-13.IGHJ6.IGHM_IGKV1-39.IGKJ2.IGKC;IGHV1-2..IGHJ4.IGHM_IGKV3-15.IGKJ2.IGKC;IGHV4-39..IGHJ5.IGHM_IGKV3-20.IGKJ2.IGKC;IGHV3-49.IGHD2-2.IGHJ5.IGHM_IGLV3-1.IGLJ2.IGLC2;IGHV1-46..IGHJ1.IGHM_IGLV2-23.IGLJ1.IGLC1;IGHV3-74.IGHD3-22.IGHJ4.IGHM_IGKV1-39.IGKJ1.IGKC;IGHV1-8..IGHJ3.IGHM_IGKV1-33.IGKJ4.IGKC;IGHV3-15..IGHJ4.IGHM_IGKV3-15.IGKJ3.IGKC;IGHV3-11.IGHD3-22.IGHJ3.IGHM_IGKV1-39.IGKJ1.IGKC;IGHV1-24..IGHJ6.IGHM_IGLV3-19.IGLJ1.IGLC1;IGHV3-33..IGHJ3.IGHM_IGLV2-23.IGLJ3.IGLC3;IGHV3-11.IGHD1-1.IGHJ4.IGHM_IGLV1-51.IGLJ1.IGLC1;IGHV3-11.IGHD2-2.IGHJ6.IGHM_IGKV1-39.IGKJ1.IGKC;IGHV1-18..IGHJ6.IGHM_IGKV3-20.IGKJ1.IGKC;IGHV1-2..IGHJ3.IGHM_IGLV2-11.IGLJ2.IGLC2;IGHV2-5.IGHD3-22.IGHJ4.IGHM_IGKV3-15.IGKJ4.IGKC;IGHV1-18..IGHJ4.IGHM_IGKV3-20.IGKJ2.IGKC;IGHV3-30..IGHJ4.IGHM_IGKV1-17.IGKJ1.IGKC;IGHV3-15.IGHD3-9.IGHJ6.IGHM_IGLV3-25.IGLJ2.IGLC2;IGHV3-11..IGHJ4.IGHM_IGKV3-20.IGKJ2.IGKC;IGHV7-4-1..IGHJ5.IGHA1_IGLV4-69.IGLJ3.IGLC2;IGHV3-53.IGHD3-22.IGHJ4.IGHM_IGLV4-69.IGLJ3.IGLC3;IGHV1-18..IGHJ5.IGHM_IGKV1-39.IGKJ1.IGKC;IGHV3-11..IGHJ5.IGHM_IGKV1-33.IGKJ3.IGKC;IGHV5-51..IGHJ6.IGHM_IGKV2-28.IGKJ3.IGKC;IGHV4-39.IGHD3-9.IGHJ4.IGHM_IGKV3-15.IGKJ2.IGKC;IGHV4-59..IGHJ4.IGHM_IGLV1-47.IGLJ2.IGLC2;IGHV2-26..IGHJ5.IGHM_IGLV3-21.IGLJ1.IGLC1;IGHV4-39..IGHJ4.IGHM_IGLV1-40.IGLJ2.IGLC2;IGHV1-2..IGHJ6.IGHM_IGKV3-20.IGKJ3.IGKC;IGHV4-39..IGHJ5.IGHM_IGKV1-12.IGKJ2.IGKC;IGHV1-69D.IGHD4-17.IGHJ4.IGHM_IGKV1-27.IGKJ3.IGKC;IGHV1-18..IGHJ1.IGHM_IGKV3-20.IGKJ2.IGKC;IGHV4-30-4..IGHJ4.IGHM_IGKV1-39.IGKJ1.IGKC;IGHV3-73..IGHJ4.IGHG1_IGKV1-17.IGKJ1.IGKC;IGHV3-15..IGHJ4.IGHM_IGKV1-8.IGKJ3.IGKC;IGHV3-9..IGHJ6.IGHM_IGLV10-54.IGLJ2.IGLC2;IGHV4-59..IGHJ4.IGHM_IGKV3-20.IGKJ4.IGKC;IGHV5-51..IGHJ6.IGHM_IGKV2D-40.IGKJ4.IGKC;IGHV3-53..IGHJ6.IGHM_IGKV1-39.IGKJ1.IGKC;IGHV3-30..IGHJ4.IGHM_IGLV1-47.IGLJ1.IGLC1;IGHV2-5.IGHD2-2.IGHJ5.IGHM_IGLV3-25.IGLJ1.IGLC1;IGHV4-39..IGHJ4.IGHM_IGLV1-51.IGLJ3.IGLC3;IGHV4-59..IGHJ4.IGHM_IGKV2-28.IGKJ5.IGKC;IGHV3-23..IGHJ4.IGHM_IGKV1-39.IGKJ4.IGKC;IGHV3-15.IGHD5-24.IGHJ4.IGHM_IGKV1-33.IGKJ5.IGKC;IGHV3-48..IGHJ6.IGHM_IGLV3-25.IGLJ3.IGLC2;IGHV4-59..IGHJ6.IGHM_IGKV1-39.IGKJ2.IGKC;IGHV2-5..IGHJ4.IGHM_IGKV1-5.IGKJ2.IGKC;IGHV3-15..IGHJ3.IGHM_IGKV1-17.IGKJ1.IGKC;IGHV3-49..IGHJ6.IGHM_IGKV1-16.IGKJ4.IGKC;IGHV3-30.IGHD6-19.IGHJ3.IGHM_IGKV1-5.IGKJ1.IGKC;IGHV3-33.IGHD3-3.IGHJ4.IGHM_IGKV1-6.IGKJ2.IGKC;IGHV4-30-4.IGHD3-22.IGHJ3.IGHM_IGLV3-25.IGLJ2.IGLC2;IGHV3-30.IGHD3-22.IGHJ6.IGHM_IGLV2-23.IGLJ2.IGLC2;IGHV7-4-1..IGHJ5.IGHM_IGKV3-11.IGKJ4.IGKC;IGHV3-21..IGHJ4.IGHG1_IGKV3-20.IGKJ1.IGKC;IGHV1-2..IGHJ4.IGHM_IGKV1-39.IGKJ2.IGKC;IGHV4-39.IGHD3-22.IGHJ5.IGHM_IGLV3-19.IGLJ2.IGLC2;IGHV3-33..IGHJ4.IGHM_IGLV8-61.IGLJ3.IGLC3;IGHV3-9..IGHJ4.IGHM_IGLV3-21.IGLJ2.IGLC2;IGHV3-33..IGHJ6.IGHM_IGKV1-9.IGKJ5.IGKC;IGHV6-1..IGHJ5.IGHM_IGLV1-36.IGLJ3.IGLC2;IGHV6-1.IGHD6-13.IGHJ3.IGHM_IGKV1-5.IGKJ1.IGKC;IGHV2-5.IGHD3-10.IGHJ5.IGHM_IGLV3-25.IGLJ1.IGLC1;IGHV4-59..IGHJ4.IGHM_IGLV3-19.IGLJ2.IGLC2;IGHV3-30.IGHD6-6.IGHJ4.IGHM_IGLV2-8.IGLJ1.IGLC1;IGHV2-5..IGHJ4.IGHG1_IGLV1-40.IGLJ2.IGLC2;IGHV3-74.IGHD3-22.IGHJ4.IGHM_IGKV1-39.IGKJ1.IGKC;IGHV4-39..IGHJ5.IGHM_IGLV3-25.IGLJ2.IGLC2;IGHV1-8..IGHJ6.IGHM_IGLV1-51.IGLJ2.IGLC2;IGHV5-51..IGHJ3.IGHM_IGKV1-33.IGKJ1.IGKC;IGHV1-18..IGHJ6.IGHM_IGKV3-20.IGKJ2.IGKC;IGHV3-23.IGHD3-10.IGHJ4.IGHM_IGKV1-33.IGKJ4.IGKC;IGHV3-15.IGHD5-24.IGHJ4.IGHG1_IGKV3-20.IGKJ2.IGKC;IGHV1-18..IGHJ5.IGHM_IGKV1-27.IGKJ3.IGKC;IGHV4-61..IGHJ3.IGHM_IGKV1-8.IGKJ1.IGKC;IGHV2-5.IGHD3-22.IGHJ5.IGHM_IGKV3-20.IGKJ1.IGKC;IGHV4-39.IGHD5-5.IGHJ4.IGHM_IGLV1-40.IGLJ1.IGLC1;IGHV4-59.IGHD3-9.IGHJ6.IGHM_IGLV1-47.IGLJ1.IGLC1;IGHV3-30..IGHJ5.IGHM_IGKV1-8.IGKJ4.IGKC;IGHV1-46..IGHJ4.IGHM_IGKV4-1.IGKJ2.IGKC;IGHV3-49.IGHD4-4.IGHJ5.IGHM_IGKV1-17.IGKJ4.IGKC;IGHV4-61..IGHJ6.IGHM_IGLV3-10.IGLJ3.IGLC3;IGHV3-30..IGHJ6.IGHM_IGKV1-39.IGKJ2.IGKC;IGHV3-30.IGHD3-9.IGHJ4.IGHM_IGKV1-8.IGKJ4.IGKC;IGHV3-48..IGHJ4.IGHM_IGKV1-12.IGKJ2.IGKC;IGHV7-4-1.IGHD3-10.IGHJ4.IGHM_IGKV1-39.IGKJ1.IGKC;IGHV4-39..IGHJ5.IGHM_IGKV1-8.IGKJ1.IGKC;IGHV4-61..IGHJ6.IGHM_IGLV1-51.IGLJ2.IGLC2;IGHV3-48..IGHJ3.IGHM_IGLV3-21.IGLJ1.IGLC1;IGHV4-31..IGHJ4.IGHM_IGKV1D-8.IGKJ3.IGKC;NA_IGKV3-15.IGKJ1.IGKC;IGHV3-48..IGHJ4.IGHM_IGKV2-28.IGKJ2.IGKC;IGHV5-51..IGHJ6.IGHD_IGKV1-39.IGKJ4.IGKC;IGHV3-11.IGHD5-5.IGHJ5.IGHM_IGLV1-40.IGLJ2.IGLC2;IGHV3-13..IGHJ4.IGHM_IGKV1-39.IGKJ1.IGKC;IGHV3-7..IGHJ4.IGHM_IGLV1-40.IGLJ2.IGLC2;IGHV4-30-4..IGHJ3.IGHM_IGKV3D-20.IGKJ4.IGKC;IGHV3-7..IGHJ6.IGHM_IGLV1-40.IGLJ3.IGLC2;IGHV4-59..IGHJ4.IGHM_IGLV1-47.IGLJ3.IGLC3;IGHV3-30.IGHD2-2.IGHJ4.IGHM_IGKV1-39.IGKJ5.IGKC;IGHV4-31..IGHJ4.IGHM_IGKV1-39.IGKJ2.IGKC;IGHV1-69D..IGHJ4.IGHG1_IGLV2-23.IGLJ1.IGLC1;IGHV3-30..IGHJ3.IGHM_IGKV3-15.IGKJ1.IGKC;IGHV5-51.IGHD2-15.IGHJ4.IGHM_IGKV2-28.IGKJ3.IGKC;IGHV1-69D..IGHJ4.IGHM_IGKV1-17.IGKJ1.IGKC;IGHV4-59..IGHJ5.IGHG1_IGLV3-10.IGLJ2.IGLC2;IGHV3-7..IGHJ4.IGHM_IGKV1-8.IGKJ4.IGKC;IGHV1-18..IGHJ6.IGHM_IGLV3-25.IGLJ3.IGLC2;IGHV1-8..IGHJ4.IGHM_IGLV1-47.IGLJ3.IGLC3;IGHV1-18.IGHD6-19.IGHJ5.IGHM_IGKV1-12.IGKJ2.IGKC;IGHV3-7..IGHJ4.IGHM_IGKV1-6.IGKJ1.IGKC;IGHV5-51.IGHD6-19.IGHJ4.IGHM_IGLV4-69.IGLJ2.IGLC2;IGHV1-2.IGHD3-10.IGHJ3.IGHM_IGKV1-5.IGKJ1.IGKC;IGHV3-30..IGHJ3.IGHM_IGKV1-16.IGKJ4.IGKC;IGHV1-46..IGHJ4.IGHM_IGKV3-15.IGKJ1.IGKC;IGHV4-28..IGHJ6.IGHM_IGLV8-61.IGLJ3.IGLC2;IGHV1-8..IGHJ6.IGHM_IGKV1-6.IGKJ1.IGKC;IGHV2-5..IGHJ3.IGHM_IGLV3-19.IGLJ3.IGLC3;IGHV2-5..IGHJ4.IGHM_IGLV2-23.IGLJ1.IGLC1;IGHV1-58..IGHJ6.IGHM_IGKV3-20.IGKJ4.IGKC;IGHV1-18..IGHJ4.IGHG2_IGKV2-30.IGKJ2.IGKC;IGHV4-31..IGHJ3.IGHG1_IGKV1-9.IGKJ5.IGKC;IGHV1-2.IGHD6-19.IGHJ6.IGHM_IGKV2-28.IGKJ4.IGKC;IGHV3-7..IGHJ4.IGHM_IGLV3-1.IGLJ2.IGLC2;IGHV7-4-1..IGHJ4.IGHM_IGLV1-51.IGLJ1.IGLC1;IGHV3-15.IGHD3-10.IGHJ6.IGHM_IGLV3-25.IGLJ2.IGLC2;IGHV1-69D..IGHJ6.IGHG3_IGKV3-15.IGKJ4.IGKC;NA_IGLV3-1.IGLJ2.IGLC2;IGHV5-51..IGHJ4.IGHG1_IGLV3-25.IGLJ3.IGLC2;IGHV4-59..IGHJ6.IGHM_IGLV2-11.IGLJ2.IGLC3;IGHV4-39.IGHD3-22.IGHJ4.IGHM_IGLV1-40.IGLJ2.IGLC2;IGHV3-11.IGHD4-17.IGHJ5.IGHM_IGKV1-33.IGKJ4.IGKC;IGHV4-30-4..IGHJ1.IGHM_IGLV1-51.IGLJ2.IGLC2;IGHV3-11..IGHJ5.IGHD_IGLV3-1.IGLJ3.IGLC2;IGHV3-48.IGHD2-2.IGHJ4.IGHM_IGLV1-40.IGLJ1.IGLC1;NA_IGKV3-11.IGKJ2.IGKC;IGHV4-30-4..IGHJ4.IGHM_IGKV3-20.IGKJ5.IGKC;IGHV3-7.IGHD3-3.IGHJ6.IGHD_IGKV2-28.IGKJ4.IGKC;IGHV3-30.IGHD3-22.IGHJ4.IGHM_IGKV3-15.IGKJ1.IGKC;IGHV3-33..IGHJ4.IGHM_IGLV8-61.IGLJ3.IGLC3;IGHV3-9..IGHJ4.IGHM_IGLV3-1.IGLJ2.IGLC2;IGHV1-3.IGHD4-23.IGHJ5.IGHM_IGKV1-16.IGKJ5.IGKC;IGHV4-39..IGHJ4.IGHM_IGLV3-19.IGLJ2.IGLC2;IGHV4-39..IGHJ5.IGHM_IGKV3-20.IGKJ2.IGKC;IGHV3-30.IGHD2-2.IGHJ3.IGHM_IGKV3-20.IGKJ3.IGKC;IGHV3-7..IGHJ4.IGHM_IGKV3-20.IGKJ1.IGKC;IGHV5-51.IGHD2-2.IGHJ6.IGHM_IGKV3-15.IGKJ2.IGKC;IGHV2-5..IGHJ4.IGHM_IGLV7-43.IGLJ2.IGLC2;IGHV5-51.IGHD3-10.IGHJ6.IGHM_IGKV2-28.IGKJ4.IGKC;IGHV6-1..IGHJ5.IGHM_IGKV1-33.IGKJ1.IGKC;IGHV1-2..IGHJ4.IGHM_IGKV3-15.IGKJ5.IGKC;IGHV3-30..IGHJ4.IGHM_IGLV4-69.IGLJ2.IGLC2;IGHV3-33..IGHJ2.IGHM_IGKV3-15.IGKJ1.IGKC;IGHV3-48..IGHJ4.IGHM_IGKV3-15.IGKJ1.IGKC;IGHV4-30-4..IGHJ4.IGHM_IGKV3-20.IGKJ1.IGKC;IGHV3-30..IGHJ3.IGHG1_IGKV3-20.IGKJ2.IGKC;IGHV1-2..IGHJ6.IGHM_IGKV1-39.IGKJ4.IGKC;NA_IGLV2-23.IGLJ2.IGLC2;IGHV1-69D..IGHJ6.IGHM_IGKV3-20.IGKJ4.IGKC;IGHV2-70..IGHJ3.IGHM_IGKV3-15.IGKJ1.IGKC;NA_IGLV1-40.IGLJ2.IGLC2;IGHV4-59.IGHD3-10.IGHJ6.IGHM_IGKV1-39.IGKJ2.IGKC;IGHV3-9..IGHJ4.IGHM_IGKV1D-8.IGKJ1.IGKC;IGHV3-74..IGHJ5.IGHM_IGKV1-39.IGKJ4.IGKC;IGHV3-15.IGHD4-17.IGHJ4.IGHM_IGLV3-25.IGLJ1.IGLC1;IGHV3-43..IGHJ4.IGHM_IGKV3-20.IGKJ1.IGKC;IGHV3-9..IGHJ4.IGHD_IGLV4-69.IGLJ3.IGLC3;IGHV4-61..IGHJ4.IGHM_IGKV1-39.IGKJ2.IGKC;IGHV4-30-4..IGHJ5.IGHM_IGKV1-5.IGKJ1.IGKC;IGHV3-11.IGHD5-24.IGHJ6.IGHM_IGLV2-23.IGLJ1.IGLC1;IGHV3-9.IGHD2-2.IGHJ6.IGHM_IGKV1-5.IGKJ2.IGKC;IGHV3-7..IGHJ4.IGHA2_IGKV2-30.IGKJ2.IGKC;IGHV3-73.IGHD2-15.IGHJ3.IGHM_IGKV1-39.IGKJ2.IGKC;IGHV4-39..IGHJ5.IGHM_IGLV1-40.IGLJ1.IGLC1;IGHV3-9..IGHJ4.IGHM_IGLV2-14.IGLJ2.IGLC2;IGHV5-51..IGHJ4.IGHM_IGLV8-61.IGLJ3.IGLC3;IGHV1-2.IGHD4-17.IGHJ6.IGHD_IGLV3-25.IGLJ1.IGLC1;IGHV3-73..IGHJ4.IGHM_IGKV2D-29.IGKJ1.IGKC;IGHV3-74..IGHJ4.IGHM_IGLV4-69.IGLJ1.IGLC1;IGHV3-30..IGHJ4.IGHM_IGLV3-25.IGLJ3.IGLC2;IGHV1-69D.IGHD2-2.IGHJ5.IGHM_IGLV1-40.IGLJ2.IGLC2;IGHV2-5..IGHJ5.IGHM_IGLV3-1.IGLJ1.IGLC1;IGHV2-26..IGHJ4.IGHM_IGKV1-12.IGKJ1.IGKC;IGHV3-15.IGHD3-3.IGHJ4.IGHM_IGKV1-33.IGKJ4.IGKC;IGHV1-46..IGHJ4.IGHM_IGLV3-19.IGLJ2.IGLC2;IGHV1-8.IGHD3-3.IGHJ6.IGHM_IGKV3-20.IGKJ1.IGKC;IGHV3-15.IGHD2-2.IGHJ4.IGHM_IGKV1-33.IGKJ4.IGKC;IGHV1-8.IGHD3-10.IGHJ6.IGHM_IGKV1-39.IGKJ1.IGKC;IGHV3-9.IGHD4-23.IGHJ1.IGHM_IGLV2-23.IGLJ3.IGLC2;NA_IGKV1-39.IGKJ2.IGKC;IGHV1-69D..IGHJ3.IGHM_NA;IGHV4-59..IGHJ2.IGHG2_IGKV3-20.IGKJ4.IGKC;IGHV1-46..IGHJ6.IGHM_IGKV2-28.IGKJ4.IGKC;IGHV3-48.IGHD6-19.IGHJ4.IGHM_IGKV1-16.IGKJ1.IGKC;IGHV3-30..IGHJ4.IGHM_IGLV3-21.IGLJ1.IGLC1;IGHV1-18.IGHD3-3.IGHJ6.IGHM_IGLV3-21.IGLJ1.IGLC1;IGHV4-61..IGHJ6.IGHM_IGLV7-43.IGLJ1.IGLC1;IGHV3-33..IGHJ3.IGHM_IGKV1-5.IGKJ3.IGKC;IGHV3-30.IGHD2-2.IGHJ6.IGHM_IGLV3-1.IGLJ2.IGLC2;IGHV4-39..IGHJ4.IGHM_IGLV2-18.IGLJ1.IGLC1;IGHV3-33..IGHJ6.IGHM_IGKV3-15.IGKJ4.IGKC;IGHV4-31..IGHJ4.IGHM_IGKV3-20.IGKJ1.IGKC;IGHV4-59..IGHJ6.IGHA1_IGKV2-28.IGKJ2.IGKC;IGHV1-8..IGHJ6.IGHM_IGKV2-28.IGKJ3.IGKC;IGHV4-61.IGHD5-5.IGHJ4.IGHM_IGLV1-36.IGLJ2.IGLC2;IGHV5-51..IGHJ4.IGHM_IGKV3-20.IGKJ2.IGKC;IGHV1-46.IGHD3-22.IGHJ4.IGHM_IGLV1-40.IGLJ2.IGLC2;IGHV3-49..IGHJ4.IGHM_IGKV1-12.IGKJ4.IGKC;IGHV4-61..IGHJ3.IGHM_IGLV3-19.IGLJ1.IGLC1;IGHV2-5..IGHJ6.IGHG1_IGKV1-6.IGKJ2.IGKC;IGHV1-69D..IGHJ4.IGHM_IGLV3-1.IGLJ2.IGLC2;IGHV3-33.IGHD6-19.IGHJ4.IGHM_IGKV3-20.IGKJ1.IGKC;IGHV3-43.IGHD2-2.IGHJ6.IGHM_IGKV1-8.IGKJ5.IGKC;IGHV4-61..IGHJ5.IGHM_IGLV3-1.IGLJ2.IGLC2;IGHV1-18..IGHJ5.IGHM_IGLV1-40.IGLJ3.IGLC3;IGHV4-31..IGHJ5.IGHM_IGKV3-20.IGKJ3.IGKC;IGHV3-48..IGHJ4.IGHM_IGKV1-33.IGKJ5.IGKC;IGHV1-8..IGHJ4.IGHM_IGKV1-5.IGKJ1.IGKC;IGHV4-30-4..IGHJ4.IGHM_IGLV3-1.IGLJ2.IGLC2;IGHV3-30.IGHD2-2.IGHJ6.IGHM_IGKV2-28.IGKJ3.IGKC;IGHV3-11..IGHJ4.IGHM_IGKV1-39.IGKJ2.IGKC;IGHV4-39..IGHJ5.IGHM_IGKV1-5.IGKJ1.IGKC;IGHV3-48..IGHJ4.IGHM_IGLV1-40.IGLJ2.IGLC2;IGHV2-5..IGHJ4.IGHM_IGKV1-16.IGKJ2.IGKC;IGHV3-20..IGHJ4.IGHM_IGKV3-20.IGKJ4.IGKC;IGHV3-33..IGHJ5.IGHM_IGKV1-5.IGKJ1.IGKC;IGHV3-48..IGHJ4.IGHM_IGKV1-8.IGKJ1.IGKC;IGHV3-30..IGHJ3.IGHM_IGLV1-51.IGLJ3.IGLC2;IGHV4-39..IGHJ4.IGHM_IGLV3-21.IGLJ1.IGLC1;IGHV3-11.IGHD3-22.IGHJ4.IGHM_IGLV3-21.IGLJ2.IGLC2;IGHV1-8.IGHD2-2.IGHJ6.IGHM_IGKV1-8.IGKJ4.IGKC;IGHV4-39..IGHJ2.IGHM_IGKV6-21.IGKJ4.IGKC	19	62	IGHV3-23.IGHD2-15.IGHJ3.IGHD_IGLV2-23.IGLJ1.IGLC1;IGHV3-23..IGHJ4.IGHM_IGKV3-15.IGKJ1.IGKC;IGHV3-23..IGHJ4.IGHM_IGKV2-30.IGKJ4.IGKC;IGHV3-23..IGHJ3.IGHM_IGLV1-44.IGLJ3.IGLC3;IGHV3-23..IGHJ2.IGHM_IGKV3D-15.IGKJ2.IGKC;IGHV3-23..IGHJ4.IGHM_IGLV3-21.IGLJ2.IGLC2;IGHV3-23..IGHJ3.IGHM_IGKV1-12.IGKJ2.IGKC;IGHV3-23.IGHD3-9.IGHJ4.IGHM_IGKV1-39.IGKJ1.IGKC;IGHV3-23..IGHJ4.IGHM_IGKV1-39.IGKJ2.IGKC;IGHV3-23..IGHJ4.IGHM_IGKV2-28.IGKJ2.IGKC;IGHV3-23.IGHD3-3.IGHJ6.IGHM_IGKV2-28.IGKJ1.IGKC;IGHV3-23..IGHJ3.IGHM_IGKV2-30.IGKJ2.IGKC;IGHV3-7..IGHJ4.IGHM_IGKV2-30.IGKJ1.IGKC;IGHV3-23..IGHJ2.IGHM_IGKV3-11.IGKJ4.IGKC;IGHV3-23..IGHJ5.IGHM_IGLV3-25.IGLJ2.IGLC2;IGHV3-23..IGHJ4.IGHM_IGKV3-20.IGKJ1.IGKC;IGHV3-23..IGHJ5.IGHM_IGKV1-8.IGKJ1.IGKC;IGHV3-23.IGHD3-22.IGHJ4.IGHM_IGLV3-21.IGLJ2.IGLC2;IGHV3-23..IGHJ4.IGHG2_IGLV1-47.IGLJ3.IGLC3;IGHV3-23..IGHJ4.IGHM_IGKV1-39.IGKJ1.IGKC;IGHV4-30-4..IGHJ4.IGHM_IGLV3-19.IGLJ2.IGLC2;IGHV3-23.IGHD2-15.IGHJ3.IGHM_IGKV1-39.IGKJ4.IGKC;IGHV3-23.IGHD3-22.IGHJ4.IGHM_IGLV3-1.IGLJ1.IGLC1;IGHV3-23..IGHJ4.IGHM_IGKV1-39.IGKJ2.IGKC;IGHV3-23..IGHJ3.IGHM_IGKV1-5.IGKJ1.IGKC;IGHV3-23..IGHJ5.IGHM_IGKV1-39.IGKJ2.IGKC;IGHV3-23.IGHD2-21.IGHJ6.IGHM_IGKV1-12.IGKJ2.IGKC;IGHV3-23..IGHJ4.IGHM_IGKV2-24.IGKJ2.IGKC;IGHV3-23.IGHD3-10.IGHJ3.IGHM_IGKV1-9.IGKJ3.IGKC;IGHV3-23..IGHJ4.IGHM_IGKV1-9.IGKJ5.IGKC;IGHV3-23.IGHD1-26.IGHJ4.IGHM_IGLV3-21.IGLJ3.IGLC3;IGHV3-23..IGHJ5.IGHM_IGKV1-16.IGKJ1.IGKC;IGHV3-23..IGHJ4.IGHM_IGKV1-33.IGKJ5.IGKC;IGHV3-23.IGHD6-13.IGHJ2.IGHM_IGKV3-11.IGKJ4.IGKC;IGHV3-23..IGHJ6.IGHD_IGKV1-5.IGKJ2.IGKC;IGHV3-23.IGHD6-19.IGHJ6.IGHM_IGKV3-15.IGKJ3.IGKC;IGHV3-23.IGHD6-19.IGHJ6.IGHM_IGLV3-21.IGLJ2.IGLC2;IGHV3-23.IGHD3-3.IGHJ4.IGHM_IGKV1-9.IGKJ4.IGKC;IGHV3-23.IGHD2-21.IGHJ4.IGHM_IGKV3-20.IGKJ4.IGKC;IGHV3-23..IGHJ4.IGHM_IGLV3-25.IGLJ3.IGLC2;IGHV3-23.IGHD2-15.IGHJ6.IGHM_IGKV2-28.IGKJ4.IGKC;IGHV3-23..IGHJ4.IGHM_IGLV3-1.IGLJ2.IGLC2;IGHV3-23.IGHD3-22.IGHJ3.IGHM_IGKV1-8.IGKJ1.IGKC;IGHV3-23.IGHD2-2.IGHJ4.IGHM_IGLV2-8.IGLJ1.IGLC1;IGHV3-23.IGHD3-16.IGHJ5.IGHM_IGKV1-27.IGKJ1.IGKC;IGHV3-23.IGHD1-7.IGHJ4.IGHM_IGKV3-20.IGKJ1.IGKC;IGHV3-23..IGHJ4.IGHM_IGLV2-11.IGLJ2.IGLC2;IGHV3-23.IGHD3-10.IGHJ2.IGHM_IGKV1-8.IGKJ4.IGKC;IGHV3-23..IGHJ4.IGHM_IGKV3-15.IGKJ4.IGKC;IGHV3-23..IGHJ3.IGHM_IGKV1-39.IGKJ4.IGKC;IGHV3-23.IGHD3-10.IGHJ4.IGHM_IGKV3-15.IGKJ2.IGKC;IGHV3-23..IGHJ3.IGHM_IGKV1-9.IGKJ3.IGKC;IGHV3-23.IGHD3-10.IGHJ4.IGHM_IGKV3D-15.IGKJ2.IGKC;IGHV3-23..IGHJ3.IGHM_IGKV1-33.IGKJ3.IGKC;IGHV3-23..IGHJ4.IGHM_IGKV1-33.IGKJ1.IGKC;IGHV3-23..IGHJ1.IGHM_IGKV2-28.IGKJ1.IGKC;IGHV3-23..IGHJ4.IGHM_IGKV1D-8.IGKJ2.IGKC;IGHV3-23..IGHJ6.IGHM_IGKV3-15.IGKJ4.IGKC;IGHV3-23..IGHJ3.IGHM_IGKV1-5.IGKJ4.IGKC;IGHV3-23..IGHJ6.IGHM_IGLV8-61.IGLJ2.IGLC2;IGHV3-23..IGHJ4.IGHM_IGKV1-39.IGKJ2.IGKC;IGHV3-23..IGHJ6.IGHM_IGKV1-5.IGKJ2.IGKC	0	NA
4	454	NA_IGKV1-8.IGKJ4.IGKC;IGHV1-69D.IGHD3-22.IGHJ3.IGHM_IGKV1-8.IGKJ1.IGKC;IGHV1-2..IGHJ3.IGHM_IGLV5-45.IGLJ3.IGLC3;IGHV5-51..IGHJ3.IGHM_IGKV1D-8.IGKJ2.IGKC;IGHV4-39..IGHJ3.IGHM_IGLV3-21.IGLJ2.IGLC2;IGHV3-33..IGHJ4.IGHM_IGKV2-28.IGKJ2.IGKC;IGHV3-15..IGHJ4.IGHM_IGLV6-57.IGLJ2.IGLC2;IGHV1-2..IGHJ6.IGHM_IGKV1-27.IGKJ3.IGKC;IGHV2-5.IGHD3-9.IGHJ3.IGHM_IGKV1-5.IGKJ1.IGKC;IGHV3-7..IGHJ4.IGHM_IGKV1-39.IGKJ2.IGKC;IGHV1-8..IGHJ3.IGHM_IGKV3-20.IGKJ1.IGKC;IGHV3-9..IGHJ4.IGHM_IGKV3-20.IGKJ2.IGKC;IGHV4-59..IGHJ6.IGHM_IGKV3-20.IGKJ3.IGKC;IGHV4-31.IGHD2-8.IGHJ6.IGHM_IGLV1-47.IGLJ3.IGLC3;IGHV3-30.IGHD5-5.IGHJ4.IGHM_IGLV4-69.IGLJ3.IGLC3;IGHV2-26..IGHJ4.IGHM_IGKV1-5.IGKJ1.IGKC;IGHV3-33..IGHJ4.IGHG1_IGLV6-57.IGLJ3.IGLC3;IGHV5-51.IGHD3-9.IGHJ4.IGHM_IGKV3-20.IGKJ1.IGKC;IGHV2-5..IGHJ4.IGHM_IGKV2-30.IGKJ1.IGKC;IGHV3-74.IGHD3-22.IGHJ6.IGHD_IGKV1-9.IGKJ3.IGKC;IGHV3-33.IGHD4-17.IGHJ4.IGHM_IGKV3-15.IGKJ1.IGKC;IGHV4-39..IGHJ4.IGHM_IGLV1-40.IGLJ1.IGLC1;IGHV3-49..IGHJ6.IGHM_IGKV1D-8.IGKJ1.IGKC;IGHV3-30.IGHD3-22.IGHJ4.IGHM_IGLV3-25.IGLJ2.IGLC2;IGHV1-24.IGHD2-2.IGHJ6.IGHM_IGKV3-20.IGKJ4.IGKC;IGHV3-30..IGHJ4.IGHM_IGLV1-47.IGLJ2.IGLC2;IGHV3-43..IGHJ4.IGHM_IGLV1-51.IGLJ2.IGLC2;IGHV4-59..IGHJ4.IGHM_IGKV3-15.IGKJ3.IGKC;IGHV4-30-4..IGHJ3.IGHG2_IGKV1-39.IGKJ2.IGKC;IGHV3-7..IGHJ4.IGHM_IGKV1-39.IGKJ2.IGKC;IGHV4-59..IGHJ5.IGHM_IGKV1-12.IGKJ5.IGKC;IGHV1-69D.IGHD3-22.IGHJ4.IGHM_IGKV3-20.IGKJ1.IGKC;IGHV3-30..IGHJ4.IGHM_IGKV3-15.IGKJ1.IGKC;IGHV3-48.IGHD3-16.IGHJ6.IGHM_IGLV2-8.IGLJ1.IGLC1;IGHV1-8.IGHD3-22.IGHJ3.IGHM_IGKV2-28.IGKJ4.IGKC;IGHV3-30..IGHJ4.IGHM_IGKV1-39.IGKJ4.IGKC;IGHV3-11..IGHJ4.IGHM_IGLV1-40.IGLJ1.IGLC1;IGHV3-33..IGHJ4.IGHM_IGKV1-12.IGKJ5.IGKC;IGHV4-61..IGHJ4.IGHG1_IGKV1-39.IGKJ2.IGKC;IGHV1-69D.IGHD2-2.IGHJ5.IGHM_IGLV1-51.IGLJ3.IGLC3;IGHV3-7..IGHJ3.IGHM_IGLV3-1.IGLJ2.IGLC2;IGHV1-69D..IGHJ5.IGHM_IGLV1-40.IGLJ2.IGLC2;IGHV3-11..IGHJ4.IGHM_IGKV1-5.IGKJ1.IGKC;IGHV4-61..IGHJ5.IGHM_IGKV2-30.IGKJ4.IGKC;IGHV3-33..IGHJ6.IGHM_IGKV3-20.IGKJ1.IGKC;IGHV4-61.IGHD3-22.IGHJ4.IGHM_IGKV1-39.IGKJ4.IGKC;IGHV1-8.IGHD6-19.IGHJ4.IGHM_IGLV1-40.IGLJ2.IGLC2;IGHV3-33.IGHD4-4.IGHJ6.IGHM_IGKV1-39.IGKJ2.IGKC;IGHV3-7..IGHJ4.IGHM_IGLV3-21.IGLJ1.IGLC1;IGHV3-7.IGHD6-13.IGHJ4.IGHM_IGKV1-39.IGKJ2.IGKC;IGHV3-13.IGHD2-2.IGHJ6.IGHM_IGLV3-21.IGLJ3.IGLC2;IGHV5-51.IGHD3-22.IGHJ6.IGHM_IGKV3-15.IGKJ1.IGKC;IGHV3-7..IGHJ4.IGHM_IGKV2-28.IGKJ4.IGKC;IGHV1-18..IGHJ4.IGHM_IGKV3-20.IGKJ3.IGKC;IGHV3-7..IGHJ6.IGHM_IGLV3-19.IGLJ1.IGLC1;IGHV7-4-1.IGHD3-10.IGHJ4.IGHM_IGLV2-11.IGLJ2.IGLC2;IGHV5-51.IGHD3-9.IGHJ6.IGHM_IGLV1-40.IGLJ2.IGLC2;IGHV2-5.IGHD6-19.IGHJ5.IGHM_IGLV6-57.IGLJ2.IGLC2;IGHV4-59..IGHJ4.IGHM_IGKV1-39.IGKJ3.IGKC;IGHV1-69D..IGHJ6.IGHM_IGLV1-51.IGLJ1.IGLC1;IGHV4-39..IGHJ6.IGHM_IGKV1-12.IGKJ4.IGKC;IGHV4-61..IGHJ6.IGHM_IGLV1-40.IGLJ1.IGLC1;IGHV3-30..IGHJ3.IGHA1_IGKV1-9.IGKJ5.IGKC;IGHV3-30.IGHD3-10.IGHJ6.IGHM_IGKV3-15.IGKJ1.IGKC;IGHV3-15..IGHJ6.IGHM_IGLV2-8.IGLJ3.IGLC3;IGHV1-69D..IGHJ5.IGHM_IGKV3-15.IGKJ4.IGKC;IGHV6-1..IGHJ4.IGHM_IGKV1-33.IGKJ2.IGKC;IGHV3-33..IGHJ1.IGHM_IGKV3-15.IGKJ1.IGKC;IGHV1-2..IGHJ4.IGHM_IGKV3-20.IGKJ2.IGKC;IGHV3-49.IGHD5-24.IGHJ4.IGHM_IGLV3-21.IGLJ2.IGLC2;IGHV7-4-1..IGHJ4.IGHM_IGKV3-20.IGKJ1.IGKC;IGHV3-74..IGHJ5.IGHM_IGKV1-39.IGKJ1.IGKC;IGHV2-26.IGHD4-17.IGHJ6.IGHM_IGKV3-20.IGKJ5.IGKC;IGHV3-74..IGHJ4.IGHM_IGLV2-23.IGLJ1.IGLC1;IGHV3-15.IGHD3-9.IGHJ6.IGHD_IGLV7-46.IGLJ3.IGLC3;IGHV1-18..IGHJ4.IGHM_IGKV2-28.IGKJ1.IGKC;IGHV3-33..IGHJ4.IGHM_IGKV2-28.IGKJ4.IGKC;IGHV1-46.IGHD2-2.IGHJ4.IGHM_IGKV3D-15.IGKJ4.IGKC;IGHV4-59..IGHJ6.IGHM_IGLV1-40.IGLJ2.IGLC2;IGHV3-33..IGHJ4.IGHM_IGLV2-14.IGLJ2.IGLC2;IGHV5-51..IGHJ4.IGHM_IGLV1-40.IGLJ2.IGLC2;IGHV3-53..IGHJ4.IGHM_IGLV3-1.IGLJ1.IGLC1;IGHV3-53.IGHD5-24.IGHJ4.IGHM_IGKV3-15.IGKJ1.IGKC;IGHV3-9.IGHD4-23.IGHJ4.IGHM_IGKV3D-20.IGKJ4.IGKC;IGHV3-30..IGHJ4.IGHA1_IGLV6-57.IGLJ2.IGLC2;IGHV4-59.IGHD2-2.IGHJ6.IGHM_IGKV1-39.IGKJ1.IGKC;IGHV4-61.IGHD2-15.IGHJ6.IGHM_IGKV1-17.IGKJ1.IGKC;IGHV3-9..IGHJ3.IGHM_IGLV1-40.IGLJ3.IGLC3;IGHV5-51.IGHD5-5.IGHJ6.IGHM_IGKV1-16.IGKJ1.IGKC;IGHV3-9..IGHJ6.IGHM_IGKV1-39.IGKJ2.IGKC;IGHV1-24..IGHJ4.IGHG1_IGKV1-39.IGKJ1.IGKC;IGHV3-11..IGHJ4.IGHM_IGLV3-25.IGLJ2.IGLC2;IGHV4-39.IGHD2-2.IGHJ2.IGHM_IGLV4-69.IGLJ2.IGLC2;IGHV3-48..IGHJ5.IGHM_IGKV3-15.IGKJ4.IGKC;IGHV3-9..IGHJ4.IGHG1_IGKV3-20.IGKJ1.IGKC;IGHV1-69D..IGHJ6.IGHM_IGLV1-40.IGLJ1.IGLC1;IGHV4-59..IGHJ5.IGHM_IGLV6-57.IGLJ3.IGLC3;IGHV3-21.IGHD6-13.IGHJ5.IGHM_IGKV1-39.IGKJ2.IGKC;IGHV3-53..IGHJ3.IGHM_IGKV1-27.IGKJ3.IGKC;IGHV3-48.IGHD3-22.IGHJ3.IGHM_IGLV1-40.IGLJ2.IGLC2;IGHV5-51.IGHD1-26.IGHJ3.IGHM_IGLV1-47.IGLJ3.IGLC2;IGHV4-59.IGHD4-17.IGHJ4.IGHM_IGLV3-25.IGLJ2.IGLC2;IGHV1-2..IGHJ6.IGHM_IGKV1-39.IGKJ2.IGKC;IGHV3-43..IGHJ6.IGHM_IGLV3-1.IGLJ2.IGLC2;IGHV3-48..IGHJ6.IGHM_IGKV3-20.IGKJ2.IGKC;IGHV3-21..IGHJ6.IGHM_IGKV1-5.IGKJ1.IGKC;IGHV3-11..IGHJ4.IGHM_IGKV1-6.IGKJ1.IGKC;IGHV3-9..IGHJ4.IGHM_IGKV3-20.IGKJ5.IGKC;IGHV4-34..IGHJ3.IGHG3_IGKV3-15.IGKJ1.IGKC;IGHV3-21..IGHJ6.IGHM_IGKV1-12.IGKJ4.IGKC;IGHV4-30-4..IGHJ6.IGHM_IGKV2-28.IGKJ3.IGKC;IGHV4-39..IGHJ4.IGHA1_IGKV1-16.IGKJ3.IGKC;IGHV4-39..IGHJ1.IGHG3_IGKV1-39.IGKJ3.IGKC;IGHV4-59..IGHJ4.IGHM_IGLV4-69.IGLJ3.IGLC2;IGHV4-39.IGHD3-10.IGHJ4.IGHM_IGLV8-61.IGLJ3.IGLC2;IGHV2-5.IGHD3-9.IGHJ5.IGHM_IGLV1-40.IGLJ2.IGLC2;IGHV3-53..IGHJ4.IGHM_IGKV1-39.IGKJ5.IGKC;IGHV3-53.IGHD2-15.IGHJ6.IGHM_IGKV3-20.IGKJ5.IGKC;IGHV1-8..IGHJ4.IGHM_IGKV3-20.IGKJ2.IGKC;IGHV1-69D..IGHJ6.IGHM_IGKV3-15.IGKJ2.IGKC;IGHV4-61..IGHJ6.IGHM_IGKV1-8.IGKJ3.IGKC;IGHV4-61..IGHJ5.IGHM_IGKV3-20.IGKJ1.IGKC;IGHV3-48.IGHD5-5.IGHJ4.IGHM_IGLV3-25.IGLJ3.IGLC3;IGHV3-7..IGHJ4.IGHM_IGLV4-69.IGLJ2.IGLC2;IGHV4-30-4.IGHD3-10.IGHJ5.IGHM_IGLV3-9.IGLJ2.IGLC2;IGHV3-30..IGHJ4.IGHM_IGKV3-20.IGKJ1.IGKC;IGHV4-30-4..IGHJ5.IGHA1_IGLV1-51.IGLJ2.IGLC2;IGHV1-3..IGHJ4.IGHM_IGKV1-33.IGKJ4.IGKC;IGHV2-5..IGHJ4.IGHM_IGKV1D-8.IGKJ1.IGKC;IGHV4-39..IGHJ4.IGHM_IGLV1-47.IGLJ2.IGLC2;IGHV1-69D.IGHD3-22.IGHJ4.IGHM_IGKV3-11.IGKJ4.IGKC;IGHV3-49..IGHJ4.IGHA1_IGLV2-23.IGLJ1.IGLC1;IGHV5-51..IGHJ5.IGHM_NA;IGHV5-51..IGHJ4.IGHM_IGLV3-19.IGLJ2.IGLC2;IGHV1-8.IGHD6-13.IGHJ6.IGHM_IGLV1-40.IGLJ2.IGLC2;IGHV1-18.IGHD6-13.IGHJ5.IGHM_IGLV7-46.IGLJ1.IGLC1;IGHV3-33..IGHJ4.IGHA1_IGLV1-51.IGLJ2.IGLC2;IGHV3-48..IGHJ3.IGHM_IGLV3-25.IGLJ3.IGLC3;IGHV3-33..IGHJ6.IGHM_IGKV1-33.IGKJ5.IGKC;IGHV3-15..IGHJ4.IGHM_IGLV3-1.IGLJ1.IGLC1;IGHV2-26..IGHJ3.IGHM_IGKV3-20.IGKJ1.IGKC;IGHV4-59.IGHD3-22.IGHJ4.IGHM_IGKV1-33.IGKJ3.IGKC;IGHV3-30.IGHD3-3.IGHJ3.IGHM_IGKV1-39.IGKJ2.IGKC;IGHV4-59..IGHJ6.IGHM_IGKV1-5.IGKJ4.IGKC;IGHV3-7..IGHJ6.IGHM_IGKV1-39.IGKJ2.IGKC;IGHV3-53.IGHD3-22.IGHJ3.IGHM_IGKV1-39.IGKJ2.IGKC;IGHV3-7..IGHJ5.IGHM_IGLV3-9.IGLJ2.IGLC2;IGHV4-59.IGHD6-6.IGHJ4.IGHG1_IGLV1-40.IGLJ1.IGLC1;IGHV2-5.IGHD3-16.IGHJ5.IGHM_IGLV3-1.IGLJ2.IGLC2;IGHV3-15.IGHD3-9.IGHJ4.IGHM_IGKV2-28.IGKJ5.IGKC;IGHV1-18.IGHD3-3.IGHJ6.IGHM_IGKV3-20.IGKJ1.IGKC;IGHV4-61.IGHD1-7.IGHJ2.IGHM_IGLV3-21.IGLJ1.IGLC1;IGHV1-24..IGHJ4.IGHM_IGKV1-5.IGKJ1.IGKC;IGHV3-48.IGHD3-22.IGHJ4.IGHM_IGKV3-15.IGKJ2.IGKC;IGHV3-48..IGHJ4.IGHM_IGKV1-39.IGKJ1.IGKC;IGHV3-7..IGHJ4.IGHM_IGKV3D-20.IGKJ4.IGKC;IGHV2-26..IGHJ4.IGHM_IGKV2D-29.IGKJ3.IGKC;IGHV1-2..IGHJ5.IGHM_IGLV2-23.IGLJ2.IGLC2;IGHV3-7..IGHJ4.IGHM_IGKV3-20.IGKJ4.IGKC;IGHV4-34..IGHJ5.IGHG3_IGLV3-25.IGLJ2.IGLC2;IGHV4-61.IGHD1-26.IGHJ4.IGHM_IGKV1D-8.IGKJ4.IGKC;IGHV4-30-4..IGHJ1.IGHG1_IGLV1-40.IGLJ1.IGLC1;IGHV2-70..IGHJ6.IGHG1_IGKV2-28.IGKJ2.IGKC;IGHV7-4-1..IGHJ4.IGHM_IGLV1-40.IGLJ2.IGLC2;IGHV1-2.IGHD6-19.IGHJ4.IGHM_IGLV2-11.IGLJ2.IGLC2;IGHV1-18..IGHJ5.IGHG1_IGKV1-39.IGKJ1.IGKC;IGHV3-7..IGHJ4.IGHM_IGKV3-15.IGKJ1.IGKC;IGHV4-39.IGHD2-2.IGHJ4.IGHM_IGKV1-5.IGKJ4.IGKC;IGHV4-39.IGHD3-3.IGHJ4.IGHM_IGLV1-40.IGLJ2.IGLC2;IGHV3-23..IGHJ4.IGHA1_IGKV1-39.IGKJ2.IGKC;IGHV3-9.IGHD3-10.IGHJ6.IGHM_IGLV3-1.IGLJ1.IGLC1;IGHV1-69D..IGHJ6.IGHM_IGKV2-28.IGKJ2.IGKC;IGHV3-30..IGHJ4.IGHA1_IGKV1-39.IGKJ4.IGKC;IGHV6-1..IGHJ4.IGHM_IGLV2-23.IGLJ3.IGLC3;IGHV4-30-4.IGHD2-2.IGHJ6.IGHM_IGLV1-40.IGLJ2.IGLC2;IGHV3-49.IGHD3-3.IGHJ4.IGHM_IGKV3-20.IGKJ1.IGKC;IGHV3-74..IGHJ5.IGHM_IGKV1-39.IGKJ2.IGKC;IGHV1-69D..IGHJ3.IGHM_IGKV1-5.IGKJ4.IGKC;IGHV7-4-1..IGHJ4.IGHM_IGKV1-39.IGKJ3.IGKC;IGHV5-51..IGHJ4.IGHM_IGKV1-9.IGKJ4.IGKC;IGHV3-53..IGHJ6.IGHM_IGKV2-28.IGKJ2.IGKC;IGHV1-24..IGHJ4.IGHM_IGKV1-12.IGKJ4.IGKC;IGHV3-9..IGHJ4.IGHM_IGLV3-25.IGLJ3.IGLC3;IGHV3-15.IGHD2-21.IGHJ4.IGHM_IGKV1-9.IGKJ4.IGKC;IGHV7-4-1..IGHJ4.IGHM_IGLV1-40.IGLJ2.IGLC2;IGHV1-2..IGHJ4.IGHM_IGLV2-8.IGLJ2.IGLC2;IGHV3-9..IGHJ1.IGHM_IGLV2-23.IGLJ2.IGLC2;IGHV1-3..IGHJ6.IGHM_IGKV1-9.IGKJ4.IGKC;IGHV5-51.IGHD3-9.IGHJ6.IGHM_IGLV7-43.IGLJ2.IGLC2;IGHV3-15.IGHD3-22.IGHJ4.IGHM_IGLV3-25.IGLJ1.IGLC1;IGHV4-61..IGHJ4.IGHM_IGKV1D-8.IGKJ2.IGKC;IGHV4-61..IGHJ6.IGHM_IGLV3-1.IGLJ1.IGLC1;IGHV3-7..IGHJ4.IGHM_IGLV3-1.IGLJ2.IGLC2;IGHV3-74..IGHJ3.IGHM_IGKV1-39.IGKJ1.IGKC;IGHV2-5.IGHD3-22.IGHJ4.IGHM_IGKV1-39.IGKJ4.IGKC;IGHV3-48..IGHJ4.IGHM_IGKV3-15.IGKJ2.IGKC;IGHV2-70.IGHD2-15.IGHJ6.IGHM_IGKV3-20.IGKJ1.IGKC;IGHV3-48.IGHD3-22.IGHJ4.IGHM_IGLV4-69.IGLJ3.IGLC2;IGHV5-51..IGHJ1.IGHM_IGKV3-20.IGKJ2.IGKC;IGHV5-51..IGHJ4.IGHG2_IGKV1-12.IGKJ4.IGKC;NA_IGKV1-39.IGKJ1.IGKC;IGHV7-4-1..IGHJ1.IGHA1_IGLV2-23.IGLJ3.IGLC3;IGHV3-30.IGHD3-22.IGHJ6.IGHM_IGLV3-25.IGLJ1.IGLC1;IGHV3-23..IGHJ4.IGHA1_IGKV1-5.IGKJ1.IGKC;IGHV1-2..IGHJ4.IGHM_IGKV1-33.IGKJ2.IGKC;IGHV4-59..IGHJ3.IGHM_IGKV1-8.IGKJ4.IGKC;IGHV4-30-4..IGHJ5.IGHM_IGKV2D-29.IGKJ2.IGKC;IGHV3-7..IGHJ6.IGHG2_IGKV3-20.IGKJ3.IGKC;IGHV4-59..IGHJ4.IGHG1_IGKV1-39.IGKJ4.IGKC;IGHV2-5..IGHJ5.IGHA2_IGKV2-28.IGKJ2.IGKC;IGHV6-1..IGHJ6.IGHM_IGKV3-20.IGKJ4.IGKC;IGHV3-72..IGHJ6.IGHA2_IGKV1-9.IGKJ5.IGKC;IGHV3-53.IGHD4-23.IGHJ5.IGHM_IGLV3-21.IGLJ2.IGLC2;IGHV3-23..IGHJ4.IGHM_IGKV1-8.IGKJ1.IGKC;IGHV1-18..IGHJ6.IGHM_IGKV2-28.IGKJ2.IGKC;IGHV3-48..IGHJ4.IGHM_IGKV2-28.IGKJ2.IGKC;IGHV3-21..IGHJ4.IGHM_IGKV3-15.IGKJ1.IGKC;IGHV1-8..IGHJ5.IGHM_IGLV3-19.IGLJ2.IGLC2;IGHV1-3.IGHD3-16.IGHJ3.IGHM_IGKV2-30.IGKJ4.IGKC;IGHV3-11.IGHD3-22.IGHJ4.IGHM_IGKV1-39.IGKJ2.IGKC;IGHV3-49.IGHD6-13.IGHJ6.IGHM_IGKV1-39.IGKJ2.IGKC;IGHV1-2..IGHJ4.IGHM_IGKV3-15.IGKJ2.IGKC;IGHV4-39..IGHJ5.IGHM_IGKV3-20.IGKJ2.IGKC;IGHV3-49.IGHD2-2.IGHJ5.IGHM_IGLV3-1.IGLJ2.IGLC2;IGHV1-46..IGHJ1.IGHM_IGLV2-23.IGLJ1.IGLC1;IGHV3-74.IGHD3-22.IGHJ4.IGHM_IGKV1-39.IGKJ1.IGKC;IGHV1-8..IGHJ3.IGHM_IGKV1-33.IGKJ4.IGKC;IGHV3-15..IGHJ4.IGHM_IGKV3-15.IGKJ3.IGKC;IGHV3-11.IGHD3-22.IGHJ3.IGHM_IGKV1-39.IGKJ1.IGKC;IGHV1-24..IGHJ6.IGHM_IGLV3-19.IGLJ1.IGLC1;IGHV3-33..IGHJ3.IGHM_IGLV2-23.IGLJ3.IGLC3;IGHV3-11.IGHD1-1.IGHJ4.IGHM_IGLV1-51.IGLJ1.IGLC1;IGHV3-11.IGHD2-2.IGHJ6.IGHM_IGKV1-39.IGKJ1.IGKC;IGHV1-18..IGHJ6.IGHM_IGKV3-20.IGKJ1.IGKC;IGHV1-2..IGHJ3.IGHM_IGLV2-11.IGLJ2.IGLC2;IGHV2-5.IGHD3-22.IGHJ4.IGHM_IGKV3-15.IGKJ4.IGKC;IGHV1-18..IGHJ4.IGHM_IGKV3-20.IGKJ2.IGKC;IGHV3-30..IGHJ4.IGHM_IGKV1-17.IGKJ1.IGKC;IGHV3-15.IGHD3-9.IGHJ6.IGHM_IGLV3-25.IGLJ2.IGLC2;IGHV3-11..IGHJ4.IGHM_IGKV3-20.IGKJ2.IGKC;IGHV7-4-1..IGHJ5.IGHA1_IGLV4-69.IGLJ3.IGLC2;IGHV3-53.IGHD3-22.IGHJ4.IGHM_IGLV4-69.IGLJ3.IGLC3;IGHV1-18..IGHJ5.IGHM_IGKV1-39.IGKJ1.IGKC;IGHV3-11..IGHJ5.IGHM_IGKV1-33.IGKJ3.IGKC;IGHV5-51..IGHJ6.IGHM_IGKV2-28.IGKJ3.IGKC;IGHV4-39.IGHD3-9.IGHJ4.IGHM_IGKV3-15.IGKJ2.IGKC;IGHV4-59..IGHJ4.IGHM_IGLV1-47.IGLJ2.IGLC2;IGHV2-26..IGHJ5.IGHM_IGLV3-21.IGLJ1.IGLC1;IGHV4-39..IGHJ4.IGHM_IGLV1-40.IGLJ2.IGLC2;IGHV1-2..IGHJ6.IGHM_IGKV3-20.IGKJ3.IGKC;IGHV4-39..IGHJ5.IGHM_IGKV1-12.IGKJ2.IGKC;IGHV1-69D.IGHD4-17.IGHJ4.IGHM_IGKV1-27.IGKJ3.IGKC;IGHV1-18..IGHJ1.IGHM_IGKV3-20.IGKJ2.IGKC;IGHV4-30-4..IGHJ4.IGHM_IGKV1-39.IGKJ1.IGKC;IGHV3-73..IGHJ4.IGHG1_IGKV1-17.IGKJ1.IGKC;IGHV3-15..IGHJ4.IGHM_IGKV1-8.IGKJ3.IGKC;IGHV3-9..IGHJ6.IGHM_IGLV10-54.IGLJ2.IGLC2;IGHV4-59..IGHJ4.IGHM_IGKV3-20.IGKJ4.IGKC;IGHV5-51..IGHJ6.IGHM_IGKV2D-40.IGKJ4.IGKC;IGHV3-53..IGHJ6.IGHM_IGKV1-39.IGKJ1.IGKC;IGHV3-30..IGHJ4.IGHM_IGLV1-47.IGLJ1.IGLC1;IGHV2-5.IGHD2-2.IGHJ5.IGHM_IGLV3-25.IGLJ1.IGLC1;IGHV4-39..IGHJ4.IGHM_IGLV1-51.IGLJ3.IGLC3;IGHV4-59..IGHJ4.IGHM_IGKV2-28.IGKJ5.IGKC;IGHV3-23..IGHJ4.IGHM_IGKV1-39.IGKJ4.IGKC;IGHV3-15.IGHD5-24.IGHJ4.IGHM_IGKV1-33.IGKJ5.IGKC;IGHV3-48..IGHJ6.IGHM_IGLV3-25.IGLJ3.IGLC2;IGHV4-59..IGHJ6.IGHM_IGKV1-39.IGKJ2.IGKC;IGHV2-5..IGHJ4.IGHM_IGKV1-5.IGKJ2.IGKC;IGHV3-15..IGHJ3.IGHM_IGKV1-17.IGKJ1.IGKC;IGHV3-49..IGHJ6.IGHM_IGKV1-16.IGKJ4.IGKC;IGHV3-30.IGHD6-19.IGHJ3.IGHM_IGKV1-5.IGKJ1.IGKC;IGHV3-33.IGHD3-3.IGHJ4.IGHM_IGKV1-6.IGKJ2.IGKC;IGHV4-30-4.IGHD3-22.IGHJ3.IGHM_IGLV3-25.IGLJ2.IGLC2;IGHV3-30.IGHD3-22.IGHJ6.IGHM_IGLV2-23.IGLJ2.IGLC2;IGHV7-4-1..IGHJ5.IGHM_IGKV3-11.IGKJ4.IGKC;IGHV3-21..IGHJ4.IGHG1_IGKV3-20.IGKJ1.IGKC;IGHV1-2..IGHJ4.IGHM_IGKV1-39.IGKJ2.IGKC;IGHV4-39.IGHD3-22.IGHJ5.IGHM_IGLV3-19.IGLJ2.IGLC2;IGHV3-33..IGHJ4.IGHM_IGLV8-61.IGLJ3.IGLC3;IGHV3-9..IGHJ4.IGHM_IGLV3-21.IGLJ2.IGLC2;IGHV3-33..IGHJ6.IGHM_IGKV1-9.IGKJ5.IGKC;IGHV6-1..IGHJ5.IGHM_IGLV1-36.IGLJ3.IGLC2;IGHV6-1.IGHD6-13.IGHJ3.IGHM_IGKV1-5.IGKJ1.IGKC;IGHV2-5.IGHD3-10.IGHJ5.IGHM_IGLV3-25.IGLJ1.IGLC1;IGHV4-59..IGHJ4.IGHM_IGLV3-19.IGLJ2.IGLC2;IGHV3-30.IGHD6-6.IGHJ4.IGHM_IGLV2-8.IGLJ1.IGLC1;IGHV2-5..IGHJ4.IGHG1_IGLV1-40.IGLJ2.IGLC2;IGHV3-74.IGHD3-22.IGHJ4.IGHM_IGKV1-39.IGKJ1.IGKC;IGHV4-39..IGHJ5.IGHM_IGLV3-25.IGLJ2.IGLC2;IGHV1-8..IGHJ6.IGHM_IGLV1-51.IGLJ2.IGLC2;IGHV5-51..IGHJ3.IGHM_IGKV1-33.IGKJ1.IGKC;IGHV1-18..IGHJ6.IGHM_IGKV3-20.IGKJ2.IGKC;IGHV3-23.IGHD3-10.IGHJ4.IGHM_IGKV1-33.IGKJ4.IGKC;IGHV3-15.IGHD5-24.IGHJ4.IGHG1_IGKV3-20.IGKJ2.IGKC;IGHV1-18..IGHJ5.IGHM_IGKV1-27.IGKJ3.IGKC;IGHV4-61..IGHJ3.IGHM_IGKV1-8.IGKJ1.IGKC;IGHV2-5.IGHD3-22.IGHJ5.IGHM_IGKV3-20.IGKJ1.IGKC;IGHV4-39.IGHD5-5.IGHJ4.IGHM_IGLV1-40.IGLJ1.IGLC1;IGHV4-59.IGHD3-9.IGHJ6.IGHM_IGLV1-47.IGLJ1.IGLC1;IGHV3-30..IGHJ5.IGHM_IGKV1-8.IGKJ4.IGKC;IGHV1-46..IGHJ4.IGHM_IGKV4-1.IGKJ2.IGKC;IGHV3-49.IGHD4-4.IGHJ5.IGHM_IGKV1-17.IGKJ4.IGKC;IGHV4-61..IGHJ6.IGHM_IGLV3-10.IGLJ3.IGLC3;IGHV3-30..IGHJ6.IGHM_IGKV1-39.IGKJ2.IGKC;IGHV3-30.IGHD3-9.IGHJ4.IGHM_IGKV1-8.IGKJ4.IGKC;IGHV3-48..IGHJ4.IGHM_IGKV1-12.IGKJ2.IGKC;IGHV7-4-1.IGHD3-10.IGHJ4.IGHM_IGKV1-39.IGKJ1.IGKC;IGHV4-39..IGHJ5.IGHM_IGKV1-8.IGKJ1.IGKC;IGHV4-61..IGHJ6.IGHM_IGLV1-51.IGLJ2.IGLC2;IGHV3-48..IGHJ3.IGHM_IGLV3-21.IGLJ1.IGLC1;IGHV4-31..IGHJ4.IGHM_IGKV1D-8.IGKJ3.IGKC;NA_IGKV3-15.IGKJ1.IGKC;IGHV3-48..IGHJ4.IGHM_IGKV2-28.IGKJ2.IGKC;IGHV5-51..IGHJ6.IGHD_IGKV1-39.IGKJ4.IGKC;IGHV3-11.IGHD5-5.IGHJ5.IGHM_IGLV1-40.IGLJ2.IGLC2;IGHV3-13..IGHJ4.IGHM_IGKV1-39.IGKJ1.IGKC;IGHV3-7..IGHJ4.IGHM_IGLV1-40.IGLJ2.IGLC2;IGHV4-30-4..IGHJ3.IGHM_IGKV3D-20.IGKJ4.IGKC;IGHV3-7..IGHJ6.IGHM_IGLV1-40.IGLJ3.IGLC2;IGHV4-59..IGHJ4.IGHM_IGLV1-47.IGLJ3.IGLC3;IGHV3-30.IGHD2-2.IGHJ4.IGHM_IGKV1-39.IGKJ5.IGKC;IGHV4-31..IGHJ4.IGHM_IGKV1-39.IGKJ2.IGKC;IGHV1-69D..IGHJ4.IGHG1_IGLV2-23.IGLJ1.IGLC1;IGHV3-30..IGHJ3.IGHM_IGKV3-15.IGKJ1.IGKC;IGHV5-51.IGHD2-15.IGHJ4.IGHM_IGKV2-28.IGKJ3.IGKC;IGHV1-69D..IGHJ4.IGHM_IGKV1-17.IGKJ1.IGKC;IGHV4-59..IGHJ5.IGHG1_IGLV3-10.IGLJ2.IGLC2;IGHV3-7..IGHJ4.IGHM_IGKV1-8.IGKJ4.IGKC;IGHV1-18..IGHJ6.IGHM_IGLV3-25.IGLJ3.IGLC2;IGHV1-8..IGHJ4.IGHM_IGLV1-47.IGLJ3.IGLC3;IGHV1-18.IGHD6-19.IGHJ5.IGHM_IGKV1-12.IGKJ2.IGKC;IGHV3-7..IGHJ4.IGHM_IGKV1-6.IGKJ1.IGKC;IGHV5-51.IGHD6-19.IGHJ4.IGHM_IGLV4-69.IGLJ2.IGLC2;IGHV1-2.IGHD3-10.IGHJ3.IGHM_IGKV1-5.IGKJ1.IGKC;IGHV3-30..IGHJ3.IGHM_IGKV1-16.IGKJ4.IGKC;IGHV1-46..IGHJ4.IGHM_IGKV3-15.IGKJ1.IGKC;IGHV4-28..IGHJ6.IGHM_IGLV8-61.IGLJ3.IGLC2;IGHV1-8..IGHJ6.IGHM_IGKV1-6.IGKJ1.IGKC;IGHV2-5..IGHJ3.IGHM_IGLV3-19.IGLJ3.IGLC3;IGHV2-5..IGHJ4.IGHM_IGLV2-23.IGLJ1.IGLC1;IGHV1-58..IGHJ6.IGHM_IGKV3-20.IGKJ4.IGKC;IGHV1-18..IGHJ4.IGHG2_IGKV2-30.IGKJ2.IGKC;IGHV4-31..IGHJ3.IGHG1_IGKV1-9.IGKJ5.IGKC;IGHV1-2.IGHD6-19.IGHJ6.IGHM_IGKV2-28.IGKJ4.IGKC;IGHV3-7..IGHJ4.IGHM_IGLV3-1.IGLJ2.IGLC2;IGHV7-4-1..IGHJ4.IGHM_IGLV1-51.IGLJ1.IGLC1;IGHV3-15.IGHD3-10.IGHJ6.IGHM_IGLV3-25.IGLJ2.IGLC2;IGHV1-69D..IGHJ6.IGHG3_IGKV3-15.IGKJ4.IGKC;NA_IGLV3-1.IGLJ2.IGLC2;IGHV5-51..IGHJ4.IGHG1_IGLV3-25.IGLJ3.IGLC2;IGHV4-59..IGHJ6.IGHM_IGLV2-11.IGLJ2.IGLC3;IGHV4-39.IGHD3-22.IGHJ4.IGHM_IGLV1-40.IGLJ2.IGLC2;IGHV3-11.IGHD4-17.IGHJ5.IGHM_IGKV1-33.IGKJ4.IGKC;IGHV4-30-4..IGHJ1.IGHM_IGLV1-51.IGLJ2.IGLC2;IGHV3-11..IGHJ5.IGHD_IGLV3-1.IGLJ3.IGLC2;IGHV3-48.IGHD2-2.IGHJ4.IGHM_IGLV1-40.IGLJ1.IGLC1;NA_IGKV3-11.IGKJ2.IGKC;IGHV4-30-4..IGHJ4.IGHM_IGKV3-20.IGKJ5.IGKC;IGHV3-7.IGHD3-3.IGHJ6.IGHD_IGKV2-28.IGKJ4.IGKC;IGHV3-30.IGHD3-22.IGHJ4.IGHM_IGKV3-15.IGKJ1.IGKC;IGHV3-33..IGHJ4.IGHM_IGLV8-61.IGLJ3.IGLC3;IGHV3-9..IGHJ4.IGHM_IGLV3-1.IGLJ2.IGLC2;IGHV1-3.IGHD4-23.IGHJ5.IGHM_IGKV1-16.IGKJ5.IGKC;IGHV4-39..IGHJ4.IGHM_IGLV3-19.IGLJ2.IGLC2;IGHV4-39..IGHJ5.IGHM_IGKV3-20.IGKJ2.IGKC;IGHV3-30.IGHD2-2.IGHJ3.IGHM_IGKV3-20.IGKJ3.IGKC;IGHV3-7..IGHJ4.IGHM_IGKV3-20.IGKJ1.IGKC;IGHV5-51.IGHD2-2.IGHJ6.IGHM_IGKV3-15.IGKJ2.IGKC;IGHV2-5..IGHJ4.IGHM_IGLV7-43.IGLJ2.IGLC2;IGHV5-51.IGHD3-10.IGHJ6.IGHM_IGKV2-28.IGKJ4.IGKC;IGHV6-1..IGHJ5.IGHM_IGKV1-33.IGKJ1.IGKC;IGHV1-2..IGHJ4.IGHM_IGKV3-15.IGKJ5.IGKC;IGHV3-30..IGHJ4.IGHM_IGLV4-69.IGLJ2.IGLC2;IGHV3-33..IGHJ2.IGHM_IGKV3-15.IGKJ1.IGKC;IGHV3-48..IGHJ4.IGHM_IGKV3-15.IGKJ1.IGKC;IGHV4-30-4..IGHJ4.IGHM_IGKV3-20.IGKJ1.IGKC;IGHV3-30..IGHJ3.IGHG1_IGKV3-20.IGKJ2.IGKC;IGHV1-2..IGHJ6.IGHM_IGKV1-39.IGKJ4.IGKC;NA_IGLV2-23.IGLJ2.IGLC2;IGHV1-69D..IGHJ6.IGHM_IGKV3-20.IGKJ4.IGKC;IGHV2-70..IGHJ3.IGHM_IGKV3-15.IGKJ1.IGKC;NA_IGLV1-40.IGLJ2.IGLC2;IGHV4-59.IGHD3-10.IGHJ6.IGHM_IGKV1-39.IGKJ2.IGKC;IGHV3-9..IGHJ4.IGHM_IGKV1D-8.IGKJ1.IGKC;IGHV3-74..IGHJ5.IGHM_IGKV1-39.IGKJ4.IGKC;IGHV3-15.IGHD4-17.IGHJ4.IGHM_IGLV3-25.IGLJ1.IGLC1;IGHV3-43..IGHJ4.IGHM_IGKV3-20.IGKJ1.IGKC;IGHV3-9..IGHJ4.IGHD_IGLV4-69.IGLJ3.IGLC3;IGHV4-61..IGHJ4.IGHM_IGKV1-39.IGKJ2.IGKC;IGHV4-30-4..IGHJ5.IGHM_IGKV1-5.IGKJ1.IGKC;IGHV3-11.IGHD5-24.IGHJ6.IGHM_IGLV2-23.IGLJ1.IGLC1;IGHV3-9.IGHD2-2.IGHJ6.IGHM_IGKV1-5.IGKJ2.IGKC;IGHV3-7..IGHJ4.IGHA2_IGKV2-30.IGKJ2.IGKC;IGHV3-73.IGHD2-15.IGHJ3.IGHM_IGKV1-39.IGKJ2.IGKC;IGHV4-39..IGHJ5.IGHM_IGLV1-40.IGLJ1.IGLC1;IGHV3-9..IGHJ4.IGHM_IGLV2-14.IGLJ2.IGLC2;IGHV5-51..IGHJ4.IGHM_IGLV8-61.IGLJ3.IGLC3;IGHV1-2.IGHD4-17.IGHJ6.IGHD_IGLV3-25.IGLJ1.IGLC1;IGHV3-73..IGHJ4.IGHM_IGKV2D-29.IGKJ1.IGKC;IGHV3-74..IGHJ4.IGHM_IGLV4-69.IGLJ1.IGLC1;IGHV3-30..IGHJ4.IGHM_IGLV3-25.IGLJ3.IGLC2;IGHV1-69D.IGHD2-2.IGHJ5.IGHM_IGLV1-40.IGLJ2.IGLC2;IGHV2-5..IGHJ5.IGHM_IGLV3-1.IGLJ1.IGLC1;IGHV2-26..IGHJ4.IGHM_IGKV1-12.IGKJ1.IGKC;IGHV3-15.IGHD3-3.IGHJ4.IGHM_IGKV1-33.IGKJ4.IGKC;IGHV1-46..IGHJ4.IGHM_IGLV3-19.IGLJ2.IGLC2;IGHV1-8.IGHD3-3.IGHJ6.IGHM_IGKV3-20.IGKJ1.IGKC;IGHV3-15.IGHD2-2.IGHJ4.IGHM_IGKV1-33.IGKJ4.IGKC;IGHV1-8.IGHD3-10.IGHJ6.IGHM_IGKV1-39.IGKJ1.IGKC;IGHV3-9.IGHD4-23.IGHJ1.IGHM_IGLV2-23.IGLJ3.IGLC2;NA_IGKV1-39.IGKJ2.IGKC;IGHV1-69D..IGHJ3.IGHM_NA;IGHV4-59..IGHJ2.IGHG2_IGKV3-20.IGKJ4.IGKC;IGHV1-46..IGHJ6.IGHM_IGKV2-28.IGKJ4.IGKC;IGHV3-48.IGHD6-19.IGHJ4.IGHM_IGKV1-16.IGKJ1.IGKC;IGHV3-30..IGHJ4.IGHM_IGLV3-21.IGLJ1.IGLC1;IGHV1-18.IGHD3-3.IGHJ6.IGHM_IGLV3-21.IGLJ1.IGLC1;IGHV4-61..IGHJ6.IGHM_IGLV7-43.IGLJ1.IGLC1;IGHV3-33..IGHJ3.IGHM_IGKV1-5.IGKJ3.IGKC;IGHV3-30.IGHD2-2.IGHJ6.IGHM_IGLV3-1.IGLJ2.IGLC2;IGHV4-39..IGHJ4.IGHM_IGLV2-18.IGLJ1.IGLC1;IGHV3-33..IGHJ6.IGHM_IGKV3-15.IGKJ4.IGKC;IGHV4-31..IGHJ4.IGHM_IGKV3-20.IGKJ1.IGKC;IGHV4-59..IGHJ6.IGHA1_IGKV2-28.IGKJ2.IGKC;IGHV1-8..IGHJ6.IGHM_IGKV2-28.IGKJ3.IGKC;IGHV4-61.IGHD5-5.IGHJ4.IGHM_IGLV1-36.IGLJ2.IGLC2;IGHV5-51..IGHJ4.IGHM_IGKV3-20.IGKJ2.IGKC;IGHV1-46.IGHD3-22.IGHJ4.IGHM_IGLV1-40.IGLJ2.IGLC2;IGHV3-49..IGHJ4.IGHM_IGKV1-12.IGKJ4.IGKC;IGHV4-61..IGHJ3.IGHM_IGLV3-19.IGLJ1.IGLC1;IGHV2-5..IGHJ6.IGHG1_IGKV1-6.IGKJ2.IGKC;IGHV1-69D..IGHJ4.IGHM_IGLV3-1.IGLJ2.IGLC2;IGHV3-33.IGHD6-19.IGHJ4.IGHM_IGKV3-20.IGKJ1.IGKC;IGHV3-43.IGHD2-2.IGHJ6.IGHM_IGKV1-8.IGKJ5.IGKC;IGHV4-61..IGHJ5.IGHM_IGLV3-1.IGLJ2.IGLC2;IGHV1-18..IGHJ5.IGHM_IGLV1-40.IGLJ3.IGLC3;IGHV4-31..IGHJ5.IGHM_IGKV3-20.IGKJ3.IGKC;IGHV3-48..IGHJ4.IGHM_IGKV1-33.IGKJ5.IGKC;IGHV1-8..IGHJ4.IGHM_IGKV1-5.IGKJ1.IGKC;IGHV4-30-4..IGHJ4.IGHM_IGLV3-1.IGLJ2.IGLC2;IGHV3-30.IGHD2-2.IGHJ6.IGHM_IGKV2-28.IGKJ3.IGKC;IGHV3-11..IGHJ4.IGHM_IGKV1-39.IGKJ2.IGKC;IGHV4-39..IGHJ5.IGHM_IGKV1-5.IGKJ1.IGKC;IGHV3-48..IGHJ4.IGHM_IGLV1-40.IGLJ2.IGLC2;IGHV2-5..IGHJ4.IGHM_IGKV1-16.IGKJ2.IGKC;IGHV3-20..IGHJ4.IGHM_IGKV3-20.IGKJ4.IGKC;IGHV3-33..IGHJ5.IGHM_IGKV1-5.IGKJ1.IGKC;IGHV3-48..IGHJ4.IGHM_IGKV1-8.IGKJ1.IGKC;IGHV3-30..IGHJ3.IGHM_IGLV1-51.IGLJ3.IGLC2;IGHV4-39..IGHJ4.IGHM_IGLV3-21.IGLJ1.IGLC1;IGHV3-11.IGHD3-22.IGHJ4.IGHM_IGLV3-21.IGLJ2.IGLC2;IGHV1-8.IGHD2-2.IGHJ6.IGHM_IGKV1-8.IGKJ4.IGKC;IGHV4-39..IGHJ2.IGHM_IGKV6-21.IGKJ4.IGKC	20	56	IGHV4-61..IGHJ6.IGHM_IGLV2-14.IGLJ3.IGLC3;IGHV3-33..IGHJ6.IGHM_IGLV2-14.IGLJ1.IGLC1;IGHV3-49..IGHJ3.IGHM_IGLV2-14.IGLJ2.IGLC2;IGHV3-7..IGHJ6.IGHA1_IGLV2-14.IGLJ1.IGLC1;IGHV3-11..IGHJ4.IGHM_IGLV1-36.IGLJ1.IGLC1;IGHV1-8..IGHJ4.IGHM_IGLV2-14.IGLJ2.IGLC2;IGHV1-3.IGHD3-10.IGHJ2.IGHM_IGLV2-14.IGLJ2.IGLC2;IGHV3-23.IGHD3-3.IGHJ6.IGHD_IGLV2-14.IGLJ2.IGLC2;IGHV3-11..IGHJ6.IGHM_IGLV2-14.IGLJ3.IGLC3;IGHV4-61.IGHD3-22.IGHJ4.IGHM_IGLV2-14.IGLJ1.IGLC1;IGHV4-39..IGHJ4.IGHM_IGLV2-14.IGLJ3.IGLC3;IGHV3-15.IGHD3-22.IGHJ4.IGHM_IGLV2-14.IGLJ1.IGLC1;IGHV2-5..IGHJ6.IGHG2_IGLV2-14.IGLJ1.IGLC1;IGHV3-30.IGHD3-10.IGHJ4.IGHM_IGLV2-14.IGLJ1.IGLC1;IGHV1-69D..IGHJ6.IGHM_IGLV2-14.IGLJ1.IGLC1;IGHV3-30..IGHJ2.IGHM_IGLV2-14.IGLJ2.IGLC3;IGHV4-39..IGHJ5.IGHM_IGLV2-14.IGLJ2.IGLC2;IGHV4-39..IGHJ6.IGHM_IGLV2-14.IGLJ2.IGLC2;IGHV4-34.IGHD6-19.IGHJ6.IGHM_IGLV2-14.IGLJ2.IGLC2;IGHV1-18.IGHD3-9.IGHJ4.IGHM_IGLV2-14.IGLJ2.IGLC2;IGHV3-30..IGHJ4.IGHM_IGLV2-14.IGLJ3.IGLC2;IGHV3-33.IGHD2-2.IGHJ6.IGHM_IGLV1-51.IGLJ2.IGLC2;IGHV2-70..IGHJ4.IGHM_IGLV2-14.IGLJ2.IGLC2;IGHV3-53..IGHJ6.IGHM_IGKV1-9.IGKJ2.IGKC;IGHV3-74.IGHD7-27.IGHJ4.IGHG1_IGLV2-14.IGLJ1.IGLC1;IGHV3-33.IGHD3-10.IGHJ6.IGHG1_IGLV2-14.IGLJ2.IGLC2;IGHV2-26.IGHD2-15.IGHJ6.IGHM_IGLV2-14.IGLJ2.IGLC2;IGHV3-21..IGHJ5.IGHG2_IGLV2-14.IGLJ3.IGLC3;IGHV4-61.IGHD2-15.IGHJ6.IGHM_IGLV2-14.IGLJ3.IGLC2;IGHV1-2..IGHJ4.IGHM_IGLV2-14.IGLJ2.IGLC3;IGHV3-33..IGHJ5.IGHM_IGLV2-14.IGLJ1.IGLC1;IGHV3-21.IGHD3-22.IGHJ4.IGHM_IGLV2-14.IGLJ2.IGLC2;IGHV4-31..IGHJ4.IGHM_IGLV2-14.IGLJ2.IGLC2;IGHV2-5..IGHJ4.IGHM_IGLV2-14.IGLJ2.IGLC3;IGHV4-31.IGHD3-9.IGHJ6.IGHM_IGLV2-14.IGLJ1.IGLC1;IGHV3-33..IGHJ6.IGHM_IGLV2-14.IGLJ1.IGLC1;IGHV4-39..IGHJ4.IGHM_IGKV3-20.IGKJ1.IGKC;IGHV3-66..IGHJ4.IGHM_IGLV2-14.IGLJ1.IGLC1;IGHV5-51..IGHJ4.IGHM_IGLV2-14.IGLJ3.IGLC3;IGHV3-33..IGHJ6.IGHA1_IGLV2-14.IGLJ2.IGLC2;IGHV3-9..IGHJ4.IGHM_IGLV2-14.IGLJ2.IGLC2;IGHV4-34..IGHJ6.IGHM_IGLV2-14.IGLJ1.IGLC1;IGHV3-11.IGHD3-22.IGHJ6.IGHM_IGLV2-14.IGLJ2.IGLC2;IGHV3-9.IGHD3-9.IGHJ6.IGHA1_IGLV2-14.IGLJ1.IGLC1;IGHV3-9..IGHJ4.IGHM_IGLV2-14.IGLJ2.IGLC2;IGHV4-39..IGHJ1.IGHM_IGLV2-14.IGLJ2.IGLC2;IGHV3-9..IGHJ6.IGHM_IGLV2-14.IGLJ1.IGLC1;IGHV4-30-4..IGHJ1.IGHM_IGLV2-14.IGLJ2.IGLC2;IGHV3-48..IGHJ6.IGHM_IGLV2-14.IGLJ2.IGLC2;IGHV1-46..IGHJ5.IGHM_IGLV2-8.IGLJ2.IGLC2;IGHV3-74..IGHJ4.IGHM_IGLV2-14.IGLJ2.IGLC2;IGHV3-33.IGHD4-17.IGHJ3.IGHG1_IGLV2-14.IGLJ1.IGLC1;IGHV1-69D.IGHD2-15.IGHJ5.IGHM_IGLV2-14.IGLJ3.IGLC2;IGHV3-23.IGHD1-20.IGHJ4.IGHM_IGLV2-14.IGLJ3.IGLC2;IGHV3-48..IGHJ5.IGHM_IGLV2-14.IGLJ3.IGLC3;IGHV3-9..IGHJ6.IGHA1_IGLV2-14.IGLJ1.IGLC1	1	IGHV3-9..IGHJ4.IGHM_IGLV2-14.IGLJ2.IGLC2
4	454	NA_IGKV1-8.IGKJ4.IGKC;IGHV1-69D.IGHD3-22.IGHJ3.IGHM_IGKV1-8.IGKJ1.IGKC;IGHV1-2..IGHJ3.IGHM_IGLV5-45.IGLJ3.IGLC3;IGHV5-51..IGHJ3.IGHM_IGKV1D-8.IGKJ2.IGKC;IGHV4-39..IGHJ3.IGHM_IGLV3-21.IGLJ2.IGLC2;IGHV3-33..IGHJ4.IGHM_IGKV2-28.IGKJ2.IGKC;IGHV3-15..IGHJ4.IGHM_IGLV6-57.IGLJ2.IGLC2;IGHV1-2..IGHJ6.IGHM_IGKV1-27.IGKJ3.IGKC;IGHV2-5.IGHD3-9.IGHJ3.IGHM_IGKV1-5.IGKJ1.IGKC;IGHV3-7..IGHJ4.IGHM_IGKV1-39.IGKJ2.IGKC;IGHV1-8..IGHJ3.IGHM_IGKV3-20.IGKJ1.IGKC;IGHV3-9..IGHJ4.IGHM_IGKV3-20.IGKJ2.IGKC;IGHV4-59..IGHJ6.IGHM_IGKV3-20.IGKJ3.IGKC;IGHV4-31.IGHD2-8.IGHJ6.IGHM_IGLV1-47.IGLJ3.IGLC3;IGHV3-30.IGHD5-5.IGHJ4.IGHM_IGLV4-69.IGLJ3.IGLC3;IGHV2-26..IGHJ4.IGHM_IGKV1-5.IGKJ1.IGKC;IGHV3-33..IGHJ4.IGHG1_IGLV6-57.IGLJ3.IGLC3;IGHV5-51.IGHD3-9.IGHJ4.IGHM_IGKV3-20.IGKJ1.IGKC;IGHV2-5..IGHJ4.IGHM_IGKV2-30.IGKJ1.IGKC;IGHV3-74.IGHD3-22.IGHJ6.IGHD_IGKV1-9.IGKJ3.IGKC;IGHV3-33.IGHD4-17.IGHJ4.IGHM_IGKV3-15.IGKJ1.IGKC;IGHV4-39..IGHJ4.IGHM_IGLV1-40.IGLJ1.IGLC1;IGHV3-49..IGHJ6.IGHM_IGKV1D-8.IGKJ1.IGKC;IGHV3-30.IGHD3-22.IGHJ4.IGHM_IGLV3-25.IGLJ2.IGLC2;IGHV1-24.IGHD2-2.IGHJ6.IGHM_IGKV3-20.IGKJ4.IGKC;IGHV3-30..IGHJ4.IGHM_IGLV1-47.IGLJ2.IGLC2;IGHV3-43..IGHJ4.IGHM_IGLV1-51.IGLJ2.IGLC2;IGHV4-59..IGHJ4.IGHM_IGKV3-15.IGKJ3.IGKC;IGHV4-30-4..IGHJ3.IGHG2_IGKV1-39.IGKJ2.IGKC;IGHV3-7..IGHJ4.IGHM_IGKV1-39.IGKJ2.IGKC;IGHV4-59..IGHJ5.IGHM_IGKV1-12.IGKJ5.IGKC;IGHV1-69D.IGHD3-22.IGHJ4.IGHM_IGKV3-20.IGKJ1.IGKC;IGHV3-30..IGHJ4.IGHM_IGKV3-15.IGKJ1.IGKC;IGHV3-48.IGHD3-16.IGHJ6.IGHM_IGLV2-8.IGLJ1.IGLC1;IGHV1-8.IGHD3-22.IGHJ3.IGHM_IGKV2-28.IGKJ4.IGKC;IGHV3-30..IGHJ4.IGHM_IGKV1-39.IGKJ4.IGKC;IGHV3-11..IGHJ4.IGHM_IGLV1-40.IGLJ1.IGLC1;IGHV3-33..IGHJ4.IGHM_IGKV1-12.IGKJ5.IGKC;IGHV4-61..IGHJ4.IGHG1_IGKV1-39.IGKJ2.IGKC;IGHV1-69D.IGHD2-2.IGHJ5.IGHM_IGLV1-51.IGLJ3.IGLC3;IGHV3-7..IGHJ3.IGHM_IGLV3-1.IGLJ2.IGLC2;IGHV1-69D..IGHJ5.IGHM_IGLV1-40.IGLJ2.IGLC2;IGHV3-11..IGHJ4.IGHM_IGKV1-5.IGKJ1.IGKC;IGHV4-61..IGHJ5.IGHM_IGKV2-30.IGKJ4.IGKC;IGHV3-33..IGHJ6.IGHM_IGKV3-20.IGKJ1.IGKC;IGHV4-61.IGHD3-22.IGHJ4.IGHM_IGKV1-39.IGKJ4.IGKC;IGHV1-8.IGHD6-19.IGHJ4.IGHM_IGLV1-40.IGLJ2.IGLC2;IGHV3-33.IGHD4-4.IGHJ6.IGHM_IGKV1-39.IGKJ2.IGKC;IGHV3-7..IGHJ4.IGHM_IGLV3-21.IGLJ1.IGLC1;IGHV3-7.IGHD6-13.IGHJ4.IGHM_IGKV1-39.IGKJ2.IGKC;IGHV3-13.IGHD2-2.IGHJ6.IGHM_IGLV3-21.IGLJ3.IGLC2;IGHV5-51.IGHD3-22.IGHJ6.IGHM_IGKV3-15.IGKJ1.IGKC;IGHV3-7..IGHJ4.IGHM_IGKV2-28.IGKJ4.IGKC;IGHV1-18..IGHJ4.IGHM_IGKV3-20.IGKJ3.IGKC;IGHV3-7..IGHJ6.IGHM_IGLV3-19.IGLJ1.IGLC1;IGHV7-4-1.IGHD3-10.IGHJ4.IGHM_IGLV2-11.IGLJ2.IGLC2;IGHV5-51.IGHD3-9.IGHJ6.IGHM_IGLV1-40.IGLJ2.IGLC2;IGHV2-5.IGHD6-19.IGHJ5.IGHM_IGLV6-57.IGLJ2.IGLC2;IGHV4-59..IGHJ4.IGHM_IGKV1-39.IGKJ3.IGKC;IGHV1-69D..IGHJ6.IGHM_IGLV1-51.IGLJ1.IGLC1;IGHV4-39..IGHJ6.IGHM_IGKV1-12.IGKJ4.IGKC;IGHV4-61..IGHJ6.IGHM_IGLV1-40.IGLJ1.IGLC1;IGHV3-30..IGHJ3.IGHA1_IGKV1-9.IGKJ5.IGKC;IGHV3-30.IGHD3-10.IGHJ6.IGHM_IGKV3-15.IGKJ1.IGKC;IGHV3-15..IGHJ6.IGHM_IGLV2-8.IGLJ3.IGLC3;IGHV1-69D..IGHJ5.IGHM_IGKV3-15.IGKJ4.IGKC;IGHV6-1..IGHJ4.IGHM_IGKV1-33.IGKJ2.IGKC;IGHV3-33..IGHJ1.IGHM_IGKV3-15.IGKJ1.IGKC;IGHV1-2..IGHJ4.IGHM_IGKV3-20.IGKJ2.IGKC;IGHV3-49.IGHD5-24.IGHJ4.IGHM_IGLV3-21.IGLJ2.IGLC2;IGHV7-4-1..IGHJ4.IGHM_IGKV3-20.IGKJ1.IGKC;IGHV3-74..IGHJ5.IGHM_IGKV1-39.IGKJ1.IGKC;IGHV2-26.IGHD4-17.IGHJ6.IGHM_IGKV3-20.IGKJ5.IGKC;IGHV3-74..IGHJ4.IGHM_IGLV2-23.IGLJ1.IGLC1;IGHV3-15.IGHD3-9.IGHJ6.IGHD_IGLV7-46.IGLJ3.IGLC3;IGHV1-18..IGHJ4.IGHM_IGKV2-28.IGKJ1.IGKC;IGHV3-33..IGHJ4.IGHM_IGKV2-28.IGKJ4.IGKC;IGHV1-46.IGHD2-2.IGHJ4.IGHM_IGKV3D-15.IGKJ4.IGKC;IGHV4-59..IGHJ6.IGHM_IGLV1-40.IGLJ2.IGLC2;IGHV3-33..IGHJ4.IGHM_IGLV2-14.IGLJ2.IGLC2;IGHV5-51..IGHJ4.IGHM_IGLV1-40.IGLJ2.IGLC2;IGHV3-53..IGHJ4.IGHM_IGLV3-1.IGLJ1.IGLC1;IGHV3-53.IGHD5-24.IGHJ4.IGHM_IGKV3-15.IGKJ1.IGKC;IGHV3-9.IGHD4-23.IGHJ4.IGHM_IGKV3D-20.IGKJ4.IGKC;IGHV3-30..IGHJ4.IGHA1_IGLV6-57.IGLJ2.IGLC2;IGHV4-59.IGHD2-2.IGHJ6.IGHM_IGKV1-39.IGKJ1.IGKC;IGHV4-61.IGHD2-15.IGHJ6.IGHM_IGKV1-17.IGKJ1.IGKC;IGHV3-9..IGHJ3.IGHM_IGLV1-40.IGLJ3.IGLC3;IGHV5-51.IGHD5-5.IGHJ6.IGHM_IGKV1-16.IGKJ1.IGKC;IGHV3-9..IGHJ6.IGHM_IGKV1-39.IGKJ2.IGKC;IGHV1-24..IGHJ4.IGHG1_IGKV1-39.IGKJ1.IGKC;IGHV3-11..IGHJ4.IGHM_IGLV3-25.IGLJ2.IGLC2;IGHV4-39.IGHD2-2.IGHJ2.IGHM_IGLV4-69.IGLJ2.IGLC2;IGHV3-48..IGHJ5.IGHM_IGKV3-15.IGKJ4.IGKC;IGHV3-9..IGHJ4.IGHG1_IGKV3-20.IGKJ1.IGKC;IGHV1-69D..IGHJ6.IGHM_IGLV1-40.IGLJ1.IGLC1;IGHV4-59..IGHJ5.IGHM_IGLV6-57.IGLJ3.IGLC3;IGHV3-21.IGHD6-13.IGHJ5.IGHM_IGKV1-39.IGKJ2.IGKC;IGHV3-53..IGHJ3.IGHM_IGKV1-27.IGKJ3.IGKC;IGHV3-48.IGHD3-22.IGHJ3.IGHM_IGLV1-40.IGLJ2.IGLC2;IGHV5-51.IGHD1-26.IGHJ3.IGHM_IGLV1-47.IGLJ3.IGLC2;IGHV4-59.IGHD4-17.IGHJ4.IGHM_IGLV3-25.IGLJ2.IGLC2;IGHV1-2..IGHJ6.IGHM_IGKV1-39.IGKJ2.IGKC;IGHV3-43..IGHJ6.IGHM_IGLV3-1.IGLJ2.IGLC2;IGHV3-48..IGHJ6.IGHM_IGKV3-20.IGKJ2.IGKC;IGHV3-21..IGHJ6.IGHM_IGKV1-5.IGKJ1.IGKC;IGHV3-11..IGHJ4.IGHM_IGKV1-6.IGKJ1.IGKC;IGHV3-9..IGHJ4.IGHM_IGKV3-20.IGKJ5.IGKC;IGHV4-34..IGHJ3.IGHG3_IGKV3-15.IGKJ1.IGKC;IGHV3-21..IGHJ6.IGHM_IGKV1-12.IGKJ4.IGKC;IGHV4-30-4..IGHJ6.IGHM_IGKV2-28.IGKJ3.IGKC;IGHV4-39..IGHJ4.IGHA1_IGKV1-16.IGKJ3.IGKC;IGHV4-39..IGHJ1.IGHG3_IGKV1-39.IGKJ3.IGKC;IGHV4-59..IGHJ4.IGHM_IGLV4-69.IGLJ3.IGLC2;IGHV4-39.IGHD3-10.IGHJ4.IGHM_IGLV8-61.IGLJ3.IGLC2;IGHV2-5.IGHD3-9.IGHJ5.IGHM_IGLV1-40.IGLJ2.IGLC2;IGHV3-53..IGHJ4.IGHM_IGKV1-39.IGKJ5.IGKC;IGHV3-53.IGHD2-15.IGHJ6.IGHM_IGKV3-20.IGKJ5.IGKC;IGHV1-8..IGHJ4.IGHM_IGKV3-20.IGKJ2.IGKC;IGHV1-69D..IGHJ6.IGHM_IGKV3-15.IGKJ2.IGKC;IGHV4-61..IGHJ6.IGHM_IGKV1-8.IGKJ3.IGKC;IGHV4-61..IGHJ5.IGHM_IGKV3-20.IGKJ1.IGKC;IGHV3-48.IGHD5-5.IGHJ4.IGHM_IGLV3-25.IGLJ3.IGLC3;IGHV3-7..IGHJ4.IGHM_IGLV4-69.IGLJ2.IGLC2;IGHV4-30-4.IGHD3-10.IGHJ5.IGHM_IGLV3-9.IGLJ2.IGLC2;IGHV3-30..IGHJ4.IGHM_IGKV3-20.IGKJ1.IGKC;IGHV4-30-4..IGHJ5.IGHA1_IGLV1-51.IGLJ2.IGLC2;IGHV1-3..IGHJ4.IGHM_IGKV1-33.IGKJ4.IGKC;IGHV2-5..IGHJ4.IGHM_IGKV1D-8.IGKJ1.IGKC;IGHV4-39..IGHJ4.IGHM_IGLV1-47.IGLJ2.IGLC2;IGHV1-69D.IGHD3-22.IGHJ4.IGHM_IGKV3-11.IGKJ4.IGKC;IGHV3-49..IGHJ4.IGHA1_IGLV2-23.IGLJ1.IGLC1;IGHV5-51..IGHJ5.IGHM_NA;IGHV5-51..IGHJ4.IGHM_IGLV3-19.IGLJ2.IGLC2;IGHV1-8.IGHD6-13.IGHJ6.IGHM_IGLV1-40.IGLJ2.IGLC2;IGHV1-18.IGHD6-13.IGHJ5.IGHM_IGLV7-46.IGLJ1.IGLC1;IGHV3-33..IGHJ4.IGHA1_IGLV1-51.IGLJ2.IGLC2;IGHV3-48..IGHJ3.IGHM_IGLV3-25.IGLJ3.IGLC3;IGHV3-33..IGHJ6.IGHM_IGKV1-33.IGKJ5.IGKC;IGHV3-15..IGHJ4.IGHM_IGLV3-1.IGLJ1.IGLC1;IGHV2-26..IGHJ3.IGHM_IGKV3-20.IGKJ1.IGKC;IGHV4-59.IGHD3-22.IGHJ4.IGHM_IGKV1-33.IGKJ3.IGKC;IGHV3-30.IGHD3-3.IGHJ3.IGHM_IGKV1-39.IGKJ2.IGKC;IGHV4-59..IGHJ6.IGHM_IGKV1-5.IGKJ4.IGKC;IGHV3-7..IGHJ6.IGHM_IGKV1-39.IGKJ2.IGKC;IGHV3-53.IGHD3-22.IGHJ3.IGHM_IGKV1-39.IGKJ2.IGKC;IGHV3-7..IGHJ5.IGHM_IGLV3-9.IGLJ2.IGLC2;IGHV4-59.IGHD6-6.IGHJ4.IGHG1_IGLV1-40.IGLJ1.IGLC1;IGHV2-5.IGHD3-16.IGHJ5.IGHM_IGLV3-1.IGLJ2.IGLC2;IGHV3-15.IGHD3-9.IGHJ4.IGHM_IGKV2-28.IGKJ5.IGKC;IGHV1-18.IGHD3-3.IGHJ6.IGHM_IGKV3-20.IGKJ1.IGKC;IGHV4-61.IGHD1-7.IGHJ2.IGHM_IGLV3-21.IGLJ1.IGLC1;IGHV1-24..IGHJ4.IGHM_IGKV1-5.IGKJ1.IGKC;IGHV3-48.IGHD3-22.IGHJ4.IGHM_IGKV3-15.IGKJ2.IGKC;IGHV3-48..IGHJ4.IGHM_IGKV1-39.IGKJ1.IGKC;IGHV3-7..IGHJ4.IGHM_IGKV3D-20.IGKJ4.IGKC;IGHV2-26..IGHJ4.IGHM_IGKV2D-29.IGKJ3.IGKC;IGHV1-2..IGHJ5.IGHM_IGLV2-23.IGLJ2.IGLC2;IGHV3-7..IGHJ4.IGHM_IGKV3-20.IGKJ4.IGKC;IGHV4-34..IGHJ5.IGHG3_IGLV3-25.IGLJ2.IGLC2;IGHV4-61.IGHD1-26.IGHJ4.IGHM_IGKV1D-8.IGKJ4.IGKC;IGHV4-30-4..IGHJ1.IGHG1_IGLV1-40.IGLJ1.IGLC1;IGHV2-70..IGHJ6.IGHG1_IGKV2-28.IGKJ2.IGKC;IGHV7-4-1..IGHJ4.IGHM_IGLV1-40.IGLJ2.IGLC2;IGHV1-2.IGHD6-19.IGHJ4.IGHM_IGLV2-11.IGLJ2.IGLC2;IGHV1-18..IGHJ5.IGHG1_IGKV1-39.IGKJ1.IGKC;IGHV3-7..IGHJ4.IGHM_IGKV3-15.IGKJ1.IGKC;IGHV4-39.IGHD2-2.IGHJ4.IGHM_IGKV1-5.IGKJ4.IGKC;IGHV4-39.IGHD3-3.IGHJ4.IGHM_IGLV1-40.IGLJ2.IGLC2;IGHV3-23..IGHJ4.IGHA1_IGKV1-39.IGKJ2.IGKC;IGHV3-9.IGHD3-10.IGHJ6.IGHM_IGLV3-1.IGLJ1.IGLC1;IGHV1-69D..IGHJ6.IGHM_IGKV2-28.IGKJ2.IGKC;IGHV3-30..IGHJ4.IGHA1_IGKV1-39.IGKJ4.IGKC;IGHV6-1..IGHJ4.IGHM_IGLV2-23.IGLJ3.IGLC3;IGHV4-30-4.IGHD2-2.IGHJ6.IGHM_IGLV1-40.IGLJ2.IGLC2;IGHV3-49.IGHD3-3.IGHJ4.IGHM_IGKV3-20.IGKJ1.IGKC;IGHV3-74..IGHJ5.IGHM_IGKV1-39.IGKJ2.IGKC;IGHV1-69D..IGHJ3.IGHM_IGKV1-5.IGKJ4.IGKC;IGHV7-4-1..IGHJ4.IGHM_IGKV1-39.IGKJ3.IGKC;IGHV5-51..IGHJ4.IGHM_IGKV1-9.IGKJ4.IGKC;IGHV3-53..IGHJ6.IGHM_IGKV2-28.IGKJ2.IGKC;IGHV1-24..IGHJ4.IGHM_IGKV1-12.IGKJ4.IGKC;IGHV3-9..IGHJ4.IGHM_IGLV3-25.IGLJ3.IGLC3;IGHV3-15.IGHD2-21.IGHJ4.IGHM_IGKV1-9.IGKJ4.IGKC;IGHV7-4-1..IGHJ4.IGHM_IGLV1-40.IGLJ2.IGLC2;IGHV1-2..IGHJ4.IGHM_IGLV2-8.IGLJ2.IGLC2;IGHV3-9..IGHJ1.IGHM_IGLV2-23.IGLJ2.IGLC2;IGHV1-3..IGHJ6.IGHM_IGKV1-9.IGKJ4.IGKC;IGHV5-51.IGHD3-9.IGHJ6.IGHM_IGLV7-43.IGLJ2.IGLC2;IGHV3-15.IGHD3-22.IGHJ4.IGHM_IGLV3-25.IGLJ1.IGLC1;IGHV4-61..IGHJ4.IGHM_IGKV1D-8.IGKJ2.IGKC;IGHV4-61..IGHJ6.IGHM_IGLV3-1.IGLJ1.IGLC1;IGHV3-7..IGHJ4.IGHM_IGLV3-1.IGLJ2.IGLC2;IGHV3-74..IGHJ3.IGHM_IGKV1-39.IGKJ1.IGKC;IGHV2-5.IGHD3-22.IGHJ4.IGHM_IGKV1-39.IGKJ4.IGKC;IGHV3-48..IGHJ4.IGHM_IGKV3-15.IGKJ2.IGKC;IGHV2-70.IGHD2-15.IGHJ6.IGHM_IGKV3-20.IGKJ1.IGKC;IGHV3-48.IGHD3-22.IGHJ4.IGHM_IGLV4-69.IGLJ3.IGLC2;IGHV5-51..IGHJ1.IGHM_IGKV3-20.IGKJ2.IGKC;IGHV5-51..IGHJ4.IGHG2_IGKV1-12.IGKJ4.IGKC;NA_IGKV1-39.IGKJ1.IGKC;IGHV7-4-1..IGHJ1.IGHA1_IGLV2-23.IGLJ3.IGLC3;IGHV3-30.IGHD3-22.IGHJ6.IGHM_IGLV3-25.IGLJ1.IGLC1;IGHV3-23..IGHJ4.IGHA1_IGKV1-5.IGKJ1.IGKC;IGHV1-2..IGHJ4.IGHM_IGKV1-33.IGKJ2.IGKC;IGHV4-59..IGHJ3.IGHM_IGKV1-8.IGKJ4.IGKC;IGHV4-30-4..IGHJ5.IGHM_IGKV2D-29.IGKJ2.IGKC;IGHV3-7..IGHJ6.IGHG2_IGKV3-20.IGKJ3.IGKC;IGHV4-59..IGHJ4.IGHG1_IGKV1-39.IGKJ4.IGKC;IGHV2-5..IGHJ5.IGHA2_IGKV2-28.IGKJ2.IGKC;IGHV6-1..IGHJ6.IGHM_IGKV3-20.IGKJ4.IGKC;IGHV3-72..IGHJ6.IGHA2_IGKV1-9.IGKJ5.IGKC;IGHV3-53.IGHD4-23.IGHJ5.IGHM_IGLV3-21.IGLJ2.IGLC2;IGHV3-23..IGHJ4.IGHM_IGKV1-8.IGKJ1.IGKC;IGHV1-18..IGHJ6.IGHM_IGKV2-28.IGKJ2.IGKC;IGHV3-48..IGHJ4.IGHM_IGKV2-28.IGKJ2.IGKC;IGHV3-21..IGHJ4.IGHM_IGKV3-15.IGKJ1.IGKC;IGHV1-8..IGHJ5.IGHM_IGLV3-19.IGLJ2.IGLC2;IGHV1-3.IGHD3-16.IGHJ3.IGHM_IGKV2-30.IGKJ4.IGKC;IGHV3-11.IGHD3-22.IGHJ4.IGHM_IGKV1-39.IGKJ2.IGKC;IGHV3-49.IGHD6-13.IGHJ6.IGHM_IGKV1-39.IGKJ2.IGKC;IGHV1-2..IGHJ4.IGHM_IGKV3-15.IGKJ2.IGKC;IGHV4-39..IGHJ5.IGHM_IGKV3-20.IGKJ2.IGKC;IGHV3-49.IGHD2-2.IGHJ5.IGHM_IGLV3-1.IGLJ2.IGLC2;IGHV1-46..IGHJ1.IGHM_IGLV2-23.IGLJ1.IGLC1;IGHV3-74.IGHD3-22.IGHJ4.IGHM_IGKV1-39.IGKJ1.IGKC;IGHV1-8..IGHJ3.IGHM_IGKV1-33.IGKJ4.IGKC;IGHV3-15..IGHJ4.IGHM_IGKV3-15.IGKJ3.IGKC;IGHV3-11.IGHD3-22.IGHJ3.IGHM_IGKV1-39.IGKJ1.IGKC;IGHV1-24..IGHJ6.IGHM_IGLV3-19.IGLJ1.IGLC1;IGHV3-33..IGHJ3.IGHM_IGLV2-23.IGLJ3.IGLC3;IGHV3-11.IGHD1-1.IGHJ4.IGHM_IGLV1-51.IGLJ1.IGLC1;IGHV3-11.IGHD2-2.IGHJ6.IGHM_IGKV1-39.IGKJ1.IGKC;IGHV1-18..IGHJ6.IGHM_IGKV3-20.IGKJ1.IGKC;IGHV1-2..IGHJ3.IGHM_IGLV2-11.IGLJ2.IGLC2;IGHV2-5.IGHD3-22.IGHJ4.IGHM_IGKV3-15.IGKJ4.IGKC;IGHV1-18..IGHJ4.IGHM_IGKV3-20.IGKJ2.IGKC;IGHV3-30..IGHJ4.IGHM_IGKV1-17.IGKJ1.IGKC;IGHV3-15.IGHD3-9.IGHJ6.IGHM_IGLV3-25.IGLJ2.IGLC2;IGHV3-11..IGHJ4.IGHM_IGKV3-20.IGKJ2.IGKC;IGHV7-4-1..IGHJ5.IGHA1_IGLV4-69.IGLJ3.IGLC2;IGHV3-53.IGHD3-22.IGHJ4.IGHM_IGLV4-69.IGLJ3.IGLC3;IGHV1-18..IGHJ5.IGHM_IGKV1-39.IGKJ1.IGKC;IGHV3-11..IGHJ5.IGHM_IGKV1-33.IGKJ3.IGKC;IGHV5-51..IGHJ6.IGHM_IGKV2-28.IGKJ3.IGKC;IGHV4-39.IGHD3-9.IGHJ4.IGHM_IGKV3-15.IGKJ2.IGKC;IGHV4-59..IGHJ4.IGHM_IGLV1-47.IGLJ2.IGLC2;IGHV2-26..IGHJ5.IGHM_IGLV3-21.IGLJ1.IGLC1;IGHV4-39..IGHJ4.IGHM_IGLV1-40.IGLJ2.IGLC2;IGHV1-2..IGHJ6.IGHM_IGKV3-20.IGKJ3.IGKC;IGHV4-39..IGHJ5.IGHM_IGKV1-12.IGKJ2.IGKC;IGHV1-69D.IGHD4-17.IGHJ4.IGHM_IGKV1-27.IGKJ3.IGKC;IGHV1-18..IGHJ1.IGHM_IGKV3-20.IGKJ2.IGKC;IGHV4-30-4..IGHJ4.IGHM_IGKV1-39.IGKJ1.IGKC;IGHV3-73..IGHJ4.IGHG1_IGKV1-17.IGKJ1.IGKC;IGHV3-15..IGHJ4.IGHM_IGKV1-8.IGKJ3.IGKC;IGHV3-9..IGHJ6.IGHM_IGLV10-54.IGLJ2.IGLC2;IGHV4-59..IGHJ4.IGHM_IGKV3-20.IGKJ4.IGKC;IGHV5-51..IGHJ6.IGHM_IGKV2D-40.IGKJ4.IGKC;IGHV3-53..IGHJ6.IGHM_IGKV1-39.IGKJ1.IGKC;IGHV3-30..IGHJ4.IGHM_IGLV1-47.IGLJ1.IGLC1;IGHV2-5.IGHD2-2.IGHJ5.IGHM_IGLV3-25.IGLJ1.IGLC1;IGHV4-39..IGHJ4.IGHM_IGLV1-51.IGLJ3.IGLC3;IGHV4-59..IGHJ4.IGHM_IGKV2-28.IGKJ5.IGKC;IGHV3-23..IGHJ4.IGHM_IGKV1-39.IGKJ4.IGKC;IGHV3-15.IGHD5-24.IGHJ4.IGHM_IGKV1-33.IGKJ5.IGKC;IGHV3-48..IGHJ6.IGHM_IGLV3-25.IGLJ3.IGLC2;IGHV4-59..IGHJ6.IGHM_IGKV1-39.IGKJ2.IGKC;IGHV2-5..IGHJ4.IGHM_IGKV1-5.IGKJ2.IGKC;IGHV3-15..IGHJ3.IGHM_IGKV1-17.IGKJ1.IGKC;IGHV3-49..IGHJ6.IGHM_IGKV1-16.IGKJ4.IGKC;IGHV3-30.IGHD6-19.IGHJ3.IGHM_IGKV1-5.IGKJ1.IGKC;IGHV3-33.IGHD3-3.IGHJ4.IGHM_IGKV1-6.IGKJ2.IGKC;IGHV4-30-4.IGHD3-22.IGHJ3.IGHM_IGLV3-25.IGLJ2.IGLC2;IGHV3-30.IGHD3-22.IGHJ6.IGHM_IGLV2-23.IGLJ2.IGLC2;IGHV7-4-1..IGHJ5.IGHM_IGKV3-11.IGKJ4.IGKC;IGHV3-21..IGHJ4.IGHG1_IGKV3-20.IGKJ1.IGKC;IGHV1-2..IGHJ4.IGHM_IGKV1-39.IGKJ2.IGKC;IGHV4-39.IGHD3-22.IGHJ5.IGHM_IGLV3-19.IGLJ2.IGLC2;IGHV3-33..IGHJ4.IGHM_IGLV8-61.IGLJ3.IGLC3;IGHV3-9..IGHJ4.IGHM_IGLV3-21.IGLJ2.IGLC2;IGHV3-33..IGHJ6.IGHM_IGKV1-9.IGKJ5.IGKC;IGHV6-1..IGHJ5.IGHM_IGLV1-36.IGLJ3.IGLC2;IGHV6-1.IGHD6-13.IGHJ3.IGHM_IGKV1-5.IGKJ1.IGKC;IGHV2-5.IGHD3-10.IGHJ5.IGHM_IGLV3-25.IGLJ1.IGLC1;IGHV4-59..IGHJ4.IGHM_IGLV3-19.IGLJ2.IGLC2;IGHV3-30.IGHD6-6.IGHJ4.IGHM_IGLV2-8.IGLJ1.IGLC1;IGHV2-5..IGHJ4.IGHG1_IGLV1-40.IGLJ2.IGLC2;IGHV3-74.IGHD3-22.IGHJ4.IGHM_IGKV1-39.IGKJ1.IGKC;IGHV4-39..IGHJ5.IGHM_IGLV3-25.IGLJ2.IGLC2;IGHV1-8..IGHJ6.IGHM_IGLV1-51.IGLJ2.IGLC2;IGHV5-51..IGHJ3.IGHM_IGKV1-33.IGKJ1.IGKC;IGHV1-18..IGHJ6.IGHM_IGKV3-20.IGKJ2.IGKC;IGHV3-23.IGHD3-10.IGHJ4.IGHM_IGKV1-33.IGKJ4.IGKC;IGHV3-15.IGHD5-24.IGHJ4.IGHG1_IGKV3-20.IGKJ2.IGKC;IGHV1-18..IGHJ5.IGHM_IGKV1-27.IGKJ3.IGKC;IGHV4-61..IGHJ3.IGHM_IGKV1-8.IGKJ1.IGKC;IGHV2-5.IGHD3-22.IGHJ5.IGHM_IGKV3-20.IGKJ1.IGKC;IGHV4-39.IGHD5-5.IGHJ4.IGHM_IGLV1-40.IGLJ1.IGLC1;IGHV4-59.IGHD3-9.IGHJ6.IGHM_IGLV1-47.IGLJ1.IGLC1;IGHV3-30..IGHJ5.IGHM_IGKV1-8.IGKJ4.IGKC;IGHV1-46..IGHJ4.IGHM_IGKV4-1.IGKJ2.IGKC;IGHV3-49.IGHD4-4.IGHJ5.IGHM_IGKV1-17.IGKJ4.IGKC;IGHV4-61..IGHJ6.IGHM_IGLV3-10.IGLJ3.IGLC3;IGHV3-30..IGHJ6.IGHM_IGKV1-39.IGKJ2.IGKC;IGHV3-30.IGHD3-9.IGHJ4.IGHM_IGKV1-8.IGKJ4.IGKC;IGHV3-48..IGHJ4.IGHM_IGKV1-12.IGKJ2.IGKC;IGHV7-4-1.IGHD3-10.IGHJ4.IGHM_IGKV1-39.IGKJ1.IGKC;IGHV4-39..IGHJ5.IGHM_IGKV1-8.IGKJ1.IGKC;IGHV4-61..IGHJ6.IGHM_IGLV1-51.IGLJ2.IGLC2;IGHV3-48..IGHJ3.IGHM_IGLV3-21.IGLJ1.IGLC1;IGHV4-31..IGHJ4.IGHM_IGKV1D-8.IGKJ3.IGKC;NA_IGKV3-15.IGKJ1.IGKC;IGHV3-48..IGHJ4.IGHM_IGKV2-28.IGKJ2.IGKC;IGHV5-51..IGHJ6.IGHD_IGKV1-39.IGKJ4.IGKC;IGHV3-11.IGHD5-5.IGHJ5.IGHM_IGLV1-40.IGLJ2.IGLC2;IGHV3-13..IGHJ4.IGHM_IGKV1-39.IGKJ1.IGKC;IGHV3-7..IGHJ4.IGHM_IGLV1-40.IGLJ2.IGLC2;IGHV4-30-4..IGHJ3.IGHM_IGKV3D-20.IGKJ4.IGKC;IGHV3-7..IGHJ6.IGHM_IGLV1-40.IGLJ3.IGLC2;IGHV4-59..IGHJ4.IGHM_IGLV1-47.IGLJ3.IGLC3;IGHV3-30.IGHD2-2.IGHJ4.IGHM_IGKV1-39.IGKJ5.IGKC;IGHV4-31..IGHJ4.IGHM_IGKV1-39.IGKJ2.IGKC;IGHV1-69D..IGHJ4.IGHG1_IGLV2-23.IGLJ1.IGLC1;IGHV3-30..IGHJ3.IGHM_IGKV3-15.IGKJ1.IGKC;IGHV5-51.IGHD2-15.IGHJ4.IGHM_IGKV2-28.IGKJ3.IGKC;IGHV1-69D..IGHJ4.IGHM_IGKV1-17.IGKJ1.IGKC;IGHV4-59..IGHJ5.IGHG1_IGLV3-10.IGLJ2.IGLC2;IGHV3-7..IGHJ4.IGHM_IGKV1-8.IGKJ4.IGKC;IGHV1-18..IGHJ6.IGHM_IGLV3-25.IGLJ3.IGLC2;IGHV1-8..IGHJ4.IGHM_IGLV1-47.IGLJ3.IGLC3;IGHV1-18.IGHD6-19.IGHJ5.IGHM_IGKV1-12.IGKJ2.IGKC;IGHV3-7..IGHJ4.IGHM_IGKV1-6.IGKJ1.IGKC;IGHV5-51.IGHD6-19.IGHJ4.IGHM_IGLV4-69.IGLJ2.IGLC2;IGHV1-2.IGHD3-10.IGHJ3.IGHM_IGKV1-5.IGKJ1.IGKC;IGHV3-30..IGHJ3.IGHM_IGKV1-16.IGKJ4.IGKC;IGHV1-46..IGHJ4.IGHM_IGKV3-15.IGKJ1.IGKC;IGHV4-28..IGHJ6.IGHM_IGLV8-61.IGLJ3.IGLC2;IGHV1-8..IGHJ6.IGHM_IGKV1-6.IGKJ1.IGKC;IGHV2-5..IGHJ3.IGHM_IGLV3-19.IGLJ3.IGLC3;IGHV2-5..IGHJ4.IGHM_IGLV2-23.IGLJ1.IGLC1;IGHV1-58..IGHJ6.IGHM_IGKV3-20.IGKJ4.IGKC;IGHV1-18..IGHJ4.IGHG2_IGKV2-30.IGKJ2.IGKC;IGHV4-31..IGHJ3.IGHG1_IGKV1-9.IGKJ5.IGKC;IGHV1-2.IGHD6-19.IGHJ6.IGHM_IGKV2-28.IGKJ4.IGKC;IGHV3-7..IGHJ4.IGHM_IGLV3-1.IGLJ2.IGLC2;IGHV7-4-1..IGHJ4.IGHM_IGLV1-51.IGLJ1.IGLC1;IGHV3-15.IGHD3-10.IGHJ6.IGHM_IGLV3-25.IGLJ2.IGLC2;IGHV1-69D..IGHJ6.IGHG3_IGKV3-15.IGKJ4.IGKC;NA_IGLV3-1.IGLJ2.IGLC2;IGHV5-51..IGHJ4.IGHG1_IGLV3-25.IGLJ3.IGLC2;IGHV4-59..IGHJ6.IGHM_IGLV2-11.IGLJ2.IGLC3;IGHV4-39.IGHD3-22.IGHJ4.IGHM_IGLV1-40.IGLJ2.IGLC2;IGHV3-11.IGHD4-17.IGHJ5.IGHM_IGKV1-33.IGKJ4.IGKC;IGHV4-30-4..IGHJ1.IGHM_IGLV1-51.IGLJ2.IGLC2;IGHV3-11..IGHJ5.IGHD_IGLV3-1.IGLJ3.IGLC2;IGHV3-48.IGHD2-2.IGHJ4.IGHM_IGLV1-40.IGLJ1.IGLC1;NA_IGKV3-11.IGKJ2.IGKC;IGHV4-30-4..IGHJ4.IGHM_IGKV3-20.IGKJ5.IGKC;IGHV3-7.IGHD3-3.IGHJ6.IGHD_IGKV2-28.IGKJ4.IGKC;IGHV3-30.IGHD3-22.IGHJ4.IGHM_IGKV3-15.IGKJ1.IGKC;IGHV3-33..IGHJ4.IGHM_IGLV8-61.IGLJ3.IGLC3;IGHV3-9..IGHJ4.IGHM_IGLV3-1.IGLJ2.IGLC2;IGHV1-3.IGHD4-23.IGHJ5.IGHM_IGKV1-16.IGKJ5.IGKC;IGHV4-39..IGHJ4.IGHM_IGLV3-19.IGLJ2.IGLC2;IGHV4-39..IGHJ5.IGHM_IGKV3-20.IGKJ2.IGKC;IGHV3-30.IGHD2-2.IGHJ3.IGHM_IGKV3-20.IGKJ3.IGKC;IGHV3-7..IGHJ4.IGHM_IGKV3-20.IGKJ1.IGKC;IGHV5-51.IGHD2-2.IGHJ6.IGHM_IGKV3-15.IGKJ2.IGKC;IGHV2-5..IGHJ4.IGHM_IGLV7-43.IGLJ2.IGLC2;IGHV5-51.IGHD3-10.IGHJ6.IGHM_IGKV2-28.IGKJ4.IGKC;IGHV6-1..IGHJ5.IGHM_IGKV1-33.IGKJ1.IGKC;IGHV1-2..IGHJ4.IGHM_IGKV3-15.IGKJ5.IGKC;IGHV3-30..IGHJ4.IGHM_IGLV4-69.IGLJ2.IGLC2;IGHV3-33..IGHJ2.IGHM_IGKV3-15.IGKJ1.IGKC;IGHV3-48..IGHJ4.IGHM_IGKV3-15.IGKJ1.IGKC;IGHV4-30-4..IGHJ4.IGHM_IGKV3-20.IGKJ1.IGKC;IGHV3-30..IGHJ3.IGHG1_IGKV3-20.IGKJ2.IGKC;IGHV1-2..IGHJ6.IGHM_IGKV1-39.IGKJ4.IGKC;NA_IGLV2-23.IGLJ2.IGLC2;IGHV1-69D..IGHJ6.IGHM_IGKV3-20.IGKJ4.IGKC;IGHV2-70..IGHJ3.IGHM_IGKV3-15.IGKJ1.IGKC;NA_IGLV1-40.IGLJ2.IGLC2;IGHV4-59.IGHD3-10.IGHJ6.IGHM_IGKV1-39.IGKJ2.IGKC;IGHV3-9..IGHJ4.IGHM_IGKV1D-8.IGKJ1.IGKC;IGHV3-74..IGHJ5.IGHM_IGKV1-39.IGKJ4.IGKC;IGHV3-15.IGHD4-17.IGHJ4.IGHM_IGLV3-25.IGLJ1.IGLC1;IGHV3-43..IGHJ4.IGHM_IGKV3-20.IGKJ1.IGKC;IGHV3-9..IGHJ4.IGHD_IGLV4-69.IGLJ3.IGLC3;IGHV4-61..IGHJ4.IGHM_IGKV1-39.IGKJ2.IGKC;IGHV4-30-4..IGHJ5.IGHM_IGKV1-5.IGKJ1.IGKC;IGHV3-11.IGHD5-24.IGHJ6.IGHM_IGLV2-23.IGLJ1.IGLC1;IGHV3-9.IGHD2-2.IGHJ6.IGHM_IGKV1-5.IGKJ2.IGKC;IGHV3-7..IGHJ4.IGHA2_IGKV2-30.IGKJ2.IGKC;IGHV3-73.IGHD2-15.IGHJ3.IGHM_IGKV1-39.IGKJ2.IGKC;IGHV4-39..IGHJ5.IGHM_IGLV1-40.IGLJ1.IGLC1;IGHV3-9..IGHJ4.IGHM_IGLV2-14.IGLJ2.IGLC2;IGHV5-51..IGHJ4.IGHM_IGLV8-61.IGLJ3.IGLC3;IGHV1-2.IGHD4-17.IGHJ6.IGHD_IGLV3-25.IGLJ1.IGLC1;IGHV3-73..IGHJ4.IGHM_IGKV2D-29.IGKJ1.IGKC;IGHV3-74..IGHJ4.IGHM_IGLV4-69.IGLJ1.IGLC1;IGHV3-30..IGHJ4.IGHM_IGLV3-25.IGLJ3.IGLC2;IGHV1-69D.IGHD2-2.IGHJ5.IGHM_IGLV1-40.IGLJ2.IGLC2;IGHV2-5..IGHJ5.IGHM_IGLV3-1.IGLJ1.IGLC1;IGHV2-26..IGHJ4.IGHM_IGKV1-12.IGKJ1.IGKC;IGHV3-15.IGHD3-3.IGHJ4.IGHM_IGKV1-33.IGKJ4.IGKC;IGHV1-46..IGHJ4.IGHM_IGLV3-19.IGLJ2.IGLC2;IGHV1-8.IGHD3-3.IGHJ6.IGHM_IGKV3-20.IGKJ1.IGKC;IGHV3-15.IGHD2-2.IGHJ4.IGHM_IGKV1-33.IGKJ4.IGKC;IGHV1-8.IGHD3-10.IGHJ6.IGHM_IGKV1-39.IGKJ1.IGKC;IGHV3-9.IGHD4-23.IGHJ1.IGHM_IGLV2-23.IGLJ3.IGLC2;NA_IGKV1-39.IGKJ2.IGKC;IGHV1-69D..IGHJ3.IGHM_NA;IGHV4-59..IGHJ2.IGHG2_IGKV3-20.IGKJ4.IGKC;IGHV1-46..IGHJ6.IGHM_IGKV2-28.IGKJ4.IGKC;IGHV3-48.IGHD6-19.IGHJ4.IGHM_IGKV1-16.IGKJ1.IGKC;IGHV3-30..IGHJ4.IGHM_IGLV3-21.IGLJ1.IGLC1;IGHV1-18.IGHD3-3.IGHJ6.IGHM_IGLV3-21.IGLJ1.IGLC1;IGHV4-61..IGHJ6.IGHM_IGLV7-43.IGLJ1.IGLC1;IGHV3-33..IGHJ3.IGHM_IGKV1-5.IGKJ3.IGKC;IGHV3-30.IGHD2-2.IGHJ6.IGHM_IGLV3-1.IGLJ2.IGLC2;IGHV4-39..IGHJ4.IGHM_IGLV2-18.IGLJ1.IGLC1;IGHV3-33..IGHJ6.IGHM_IGKV3-15.IGKJ4.IGKC;IGHV4-31..IGHJ4.IGHM_IGKV3-20.IGKJ1.IGKC;IGHV4-59..IGHJ6.IGHA1_IGKV2-28.IGKJ2.IGKC;IGHV1-8..IGHJ6.IGHM_IGKV2-28.IGKJ3.IGKC;IGHV4-61.IGHD5-5.IGHJ4.IGHM_IGLV1-36.IGLJ2.IGLC2;IGHV5-51..IGHJ4.IGHM_IGKV3-20.IGKJ2.IGKC;IGHV1-46.IGHD3-22.IGHJ4.IGHM_IGLV1-40.IGLJ2.IGLC2;IGHV3-49..IGHJ4.IGHM_IGKV1-12.IGKJ4.IGKC;IGHV4-61..IGHJ3.IGHM_IGLV3-19.IGLJ1.IGLC1;IGHV2-5..IGHJ6.IGHG1_IGKV1-6.IGKJ2.IGKC;IGHV1-69D..IGHJ4.IGHM_IGLV3-1.IGLJ2.IGLC2;IGHV3-33.IGHD6-19.IGHJ4.IGHM_IGKV3-20.IGKJ1.IGKC;IGHV3-43.IGHD2-2.IGHJ6.IGHM_IGKV1-8.IGKJ5.IGKC;IGHV4-61..IGHJ5.IGHM_IGLV3-1.IGLJ2.IGLC2;IGHV1-18..IGHJ5.IGHM_IGLV1-40.IGLJ3.IGLC3;IGHV4-31..IGHJ5.IGHM_IGKV3-20.IGKJ3.IGKC;IGHV3-48..IGHJ4.IGHM_IGKV1-33.IGKJ5.IGKC;IGHV1-8..IGHJ4.IGHM_IGKV1-5.IGKJ1.IGKC;IGHV4-30-4..IGHJ4.IGHM_IGLV3-1.IGLJ2.IGLC2;IGHV3-30.IGHD2-2.IGHJ6.IGHM_IGKV2-28.IGKJ3.IGKC;IGHV3-11..IGHJ4.IGHM_IGKV1-39.IGKJ2.IGKC;IGHV4-39..IGHJ5.IGHM_IGKV1-5.IGKJ1.IGKC;IGHV3-48..IGHJ4.IGHM_IGLV1-40.IGLJ2.IGLC2;IGHV2-5..IGHJ4.IGHM_IGKV1-16.IGKJ2.IGKC;IGHV3-20..IGHJ4.IGHM_IGKV3-20.IGKJ4.IGKC;IGHV3-33..IGHJ5.IGHM_IGKV1-5.IGKJ1.IGKC;IGHV3-48..IGHJ4.IGHM_IGKV1-8.IGKJ1.IGKC;IGHV3-30..IGHJ3.IGHM_IGLV1-51.IGLJ3.IGLC2;IGHV4-39..IGHJ4.IGHM_IGLV3-21.IGLJ1.IGLC1;IGHV3-11.IGHD3-22.IGHJ4.IGHM_IGLV3-21.IGLJ2.IGLC2;IGHV1-8.IGHD2-2.IGHJ6.IGHM_IGKV1-8.IGKJ4.IGKC;IGHV4-39..IGHJ2.IGHM_IGKV6-21.IGKJ4.IGKC	22	1	IGHV4-59.IGHD3-22.IGHJ3.IGHM_IGKV1-33.IGKJ3.IGKC	0	NA
9	1	IGHV1-69D..IGHJ4.IGHM_NA	0	3	IGHV1-2..IGHJ6.IGHM_IGKV4-1.IGKJ4.IGKC;IGHV4-61.IGHD3-22.IGHJ2.IGHM_IGLV2-8.IGLJ1.IGLC1;NA_IGKV1-12.IGKJ4.IGKC	0	NA
9	1	IGHV1-69D..IGHJ4.IGHM_NA	2	1	IGHV3-48..IGHJ4.IGHM_IGKV3-20.IGKJ1.IGKC	0	NA
9	1	IGHV1-69D..IGHJ4.IGHM_NA	4	454	NA_IGKV1-8.IGKJ4.IGKC;IGHV1-69D.IGHD3-22.IGHJ3.IGHM_IGKV1-8.IGKJ1.IGKC;IGHV1-2..IGHJ3.IGHM_IGLV5-45.IGLJ3.IGLC3;IGHV5-51..IGHJ3.IGHM_IGKV1D-8.IGKJ2.IGKC;IGHV4-39..IGHJ3.IGHM_IGLV3-21.IGLJ2.IGLC2;IGHV3-33..IGHJ4.IGHM_IGKV2-28.IGKJ2.IGKC;IGHV3-15..IGHJ4.IGHM_IGLV6-57.IGLJ2.IGLC2;IGHV1-2..IGHJ6.IGHM_IGKV1-27.IGKJ3.IGKC;IGHV2-5.IGHD3-9.IGHJ3.IGHM_IGKV1-5.IGKJ1.IGKC;IGHV3-7..IGHJ4.IGHM_IGKV1-39.IGKJ2.IGKC;IGHV1-8..IGHJ3.IGHM_IGKV3-20.IGKJ1.IGKC;IGHV3-9..IGHJ4.IGHM_IGKV3-20.IGKJ2.IGKC;IGHV4-59..IGHJ6.IGHM_IGKV3-20.IGKJ3.IGKC;IGHV4-31.IGHD2-8.IGHJ6.IGHM_IGLV1-47.IGLJ3.IGLC3;IGHV3-30.IGHD5-5.IGHJ4.IGHM_IGLV4-69.IGLJ3.IGLC3;IGHV2-26..IGHJ4.IGHM_IGKV1-5.IGKJ1.IGKC;IGHV3-33..IGHJ4.IGHG1_IGLV6-57.IGLJ3.IGLC3;IGHV5-51.IGHD3-9.IGHJ4.IGHM_IGKV3-20.IGKJ1.IGKC;IGHV2-5..IGHJ4.IGHM_IGKV2-30.IGKJ1.IGKC;IGHV3-74.IGHD3-22.IGHJ6.IGHD_IGKV1-9.IGKJ3.IGKC;IGHV3-33.IGHD4-17.IGHJ4.IGHM_IGKV3-15.IGKJ1.IGKC;IGHV4-39..IGHJ4.IGHM_IGLV1-40.IGLJ1.IGLC1;IGHV3-49..IGHJ6.IGHM_IGKV1D-8.IGKJ1.IGKC;IGHV3-30.IGHD3-22.IGHJ4.IGHM_IGLV3-25.IGLJ2.IGLC2;IGHV1-24.IGHD2-2.IGHJ6.IGHM_IGKV3-20.IGKJ4.IGKC;IGHV3-30..IGHJ4.IGHM_IGLV1-47.IGLJ2.IGLC2;IGHV3-43..IGHJ4.IGHM_IGLV1-51.IGLJ2.IGLC2;IGHV4-59..IGHJ4.IGHM_IGKV3-15.IGKJ3.IGKC;IGHV4-30-4..IGHJ3.IGHG2_IGKV1-39.IGKJ2.IGKC;IGHV3-7..IGHJ4.IGHM_IGKV1-39.IGKJ2.IGKC;IGHV4-59..IGHJ5.IGHM_IGKV1-12.IGKJ5.IGKC;IGHV1-69D.IGHD3-22.IGHJ4.IGHM_IGKV3-20.IGKJ1.IGKC;IGHV3-30..IGHJ4.IGHM_IGKV3-15.IGKJ1.IGKC;IGHV3-48.IGHD3-16.IGHJ6.IGHM_IGLV2-8.IGLJ1.IGLC1;IGHV1-8.IGHD3-22.IGHJ3.IGHM_IGKV2-28.IGKJ4.IGKC;IGHV3-30..IGHJ4.IGHM_IGKV1-39.IGKJ4.IGKC;IGHV3-11..IGHJ4.IGHM_IGLV1-40.IGLJ1.IGLC1;IGHV3-33..IGHJ4.IGHM_IGKV1-12.IGKJ5.IGKC;IGHV4-61..IGHJ4.IGHG1_IGKV1-39.IGKJ2.IGKC;IGHV1-69D.IGHD2-2.IGHJ5.IGHM_IGLV1-51.IGLJ3.IGLC3;IGHV3-7..IGHJ3.IGHM_IGLV3-1.IGLJ2.IGLC2;IGHV1-69D..IGHJ5.IGHM_IGLV1-40.IGLJ2.IGLC2;IGHV3-11..IGHJ4.IGHM_IGKV1-5.IGKJ1.IGKC;IGHV4-61..IGHJ5.IGHM_IGKV2-30.IGKJ4.IGKC;IGHV3-33..IGHJ6.IGHM_IGKV3-20.IGKJ1.IGKC;IGHV4-61.IGHD3-22.IGHJ4.IGHM_IGKV1-39.IGKJ4.IGKC;IGHV1-8.IGHD6-19.IGHJ4.IGHM_IGLV1-40.IGLJ2.IGLC2;IGHV3-33.IGHD4-4.IGHJ6.IGHM_IGKV1-39.IGKJ2.IGKC;IGHV3-7..IGHJ4.IGHM_IGLV3-21.IGLJ1.IGLC1;IGHV3-7.IGHD6-13.IGHJ4.IGHM_IGKV1-39.IGKJ2.IGKC;IGHV3-13.IGHD2-2.IGHJ6.IGHM_IGLV3-21.IGLJ3.IGLC2;IGHV5-51.IGHD3-22.IGHJ6.IGHM_IGKV3-15.IGKJ1.IGKC;IGHV3-7..IGHJ4.IGHM_IGKV2-28.IGKJ4.IGKC;IGHV1-18..IGHJ4.IGHM_IGKV3-20.IGKJ3.IGKC;IGHV3-7..IGHJ6.IGHM_IGLV3-19.IGLJ1.IGLC1;IGHV7-4-1.IGHD3-10.IGHJ4.IGHM_IGLV2-11.IGLJ2.IGLC2;IGHV5-51.IGHD3-9.IGHJ6.IGHM_IGLV1-40.IGLJ2.IGLC2;IGHV2-5.IGHD6-19.IGHJ5.IGHM_IGLV6-57.IGLJ2.IGLC2;IGHV4-59..IGHJ4.IGHM_IGKV1-39.IGKJ3.IGKC;IGHV1-69D..IGHJ6.IGHM_IGLV1-51.IGLJ1.IGLC1;IGHV4-39..IGHJ6.IGHM_IGKV1-12.IGKJ4.IGKC;IGHV4-61..IGHJ6.IGHM_IGLV1-40.IGLJ1.IGLC1;IGHV3-30..IGHJ3.IGHA1_IGKV1-9.IGKJ5.IGKC;IGHV3-30.IGHD3-10.IGHJ6.IGHM_IGKV3-15.IGKJ1.IGKC;IGHV3-15..IGHJ6.IGHM_IGLV2-8.IGLJ3.IGLC3;IGHV1-69D..IGHJ5.IGHM_IGKV3-15.IGKJ4.IGKC;IGHV6-1..IGHJ4.IGHM_IGKV1-33.IGKJ2.IGKC;IGHV3-33..IGHJ1.IGHM_IGKV3-15.IGKJ1.IGKC;IGHV1-2..IGHJ4.IGHM_IGKV3-20.IGKJ2.IGKC;IGHV3-49.IGHD5-24.IGHJ4.IGHM_IGLV3-21.IGLJ2.IGLC2;IGHV7-4-1..IGHJ4.IGHM_IGKV3-20.IGKJ1.IGKC;IGHV3-74..IGHJ5.IGHM_IGKV1-39.IGKJ1.IGKC;IGHV2-26.IGHD4-17.IGHJ6.IGHM_IGKV3-20.IGKJ5.IGKC;IGHV3-74..IGHJ4.IGHM_IGLV2-23.IGLJ1.IGLC1;IGHV3-15.IGHD3-9.IGHJ6.IGHD_IGLV7-46.IGLJ3.IGLC3;IGHV1-18..IGHJ4.IGHM_IGKV2-28.IGKJ1.IGKC;IGHV3-33..IGHJ4.IGHM_IGKV2-28.IGKJ4.IGKC;IGHV1-46.IGHD2-2.IGHJ4.IGHM_IGKV3D-15.IGKJ4.IGKC;IGHV4-59..IGHJ6.IGHM_IGLV1-40.IGLJ2.IGLC2;IGHV3-33..IGHJ4.IGHM_IGLV2-14.IGLJ2.IGLC2;IGHV5-51..IGHJ4.IGHM_IGLV1-40.IGLJ2.IGLC2;IGHV3-53..IGHJ4.IGHM_IGLV3-1.IGLJ1.IGLC1;IGHV3-53.IGHD5-24.IGHJ4.IGHM_IGKV3-15.IGKJ1.IGKC;IGHV3-9.IGHD4-23.IGHJ4.IGHM_IGKV3D-20.IGKJ4.IGKC;IGHV3-30..IGHJ4.IGHA1_IGLV6-57.IGLJ2.IGLC2;IGHV4-59.IGHD2-2.IGHJ6.IGHM_IGKV1-39.IGKJ1.IGKC;IGHV4-61.IGHD2-15.IGHJ6.IGHM_IGKV1-17.IGKJ1.IGKC;IGHV3-9..IGHJ3.IGHM_IGLV1-40.IGLJ3.IGLC3;IGHV5-51.IGHD5-5.IGHJ6.IGHM_IGKV1-16.IGKJ1.IGKC;IGHV3-9..IGHJ6.IGHM_IGKV1-39.IGKJ2.IGKC;IGHV1-24..IGHJ4.IGHG1_IGKV1-39.IGKJ1.IGKC;IGHV3-11..IGHJ4.IGHM_IGLV3-25.IGLJ2.IGLC2;IGHV4-39.IGHD2-2.IGHJ2.IGHM_IGLV4-69.IGLJ2.IGLC2;IGHV3-48..IGHJ5.IGHM_IGKV3-15.IGKJ4.IGKC;IGHV3-9..IGHJ4.IGHG1_IGKV3-20.IGKJ1.IGKC;IGHV1-69D..IGHJ6.IGHM_IGLV1-40.IGLJ1.IGLC1;IGHV4-59..IGHJ5.IGHM_IGLV6-57.IGLJ3.IGLC3;IGHV3-21.IGHD6-13.IGHJ5.IGHM_IGKV1-39.IGKJ2.IGKC;IGHV3-53..IGHJ3.IGHM_IGKV1-27.IGKJ3.IGKC;IGHV3-48.IGHD3-22.IGHJ3.IGHM_IGLV1-40.IGLJ2.IGLC2;IGHV5-51.IGHD1-26.IGHJ3.IGHM_IGLV1-47.IGLJ3.IGLC2;IGHV4-59.IGHD4-17.IGHJ4.IGHM_IGLV3-25.IGLJ2.IGLC2;IGHV1-2..IGHJ6.IGHM_IGKV1-39.IGKJ2.IGKC;IGHV3-43..IGHJ6.IGHM_IGLV3-1.IGLJ2.IGLC2;IGHV3-48..IGHJ6.IGHM_IGKV3-20.IGKJ2.IGKC;IGHV3-21..IGHJ6.IGHM_IGKV1-5.IGKJ1.IGKC;IGHV3-11..IGHJ4.IGHM_IGKV1-6.IGKJ1.IGKC;IGHV3-9..IGHJ4.IGHM_IGKV3-20.IGKJ5.IGKC;IGHV4-34..IGHJ3.IGHG3_IGKV3-15.IGKJ1.IGKC;IGHV3-21..IGHJ6.IGHM_IGKV1-12.IGKJ4.IGKC;IGHV4-30-4..IGHJ6.IGHM_IGKV2-28.IGKJ3.IGKC;IGHV4-39..IGHJ4.IGHA1_IGKV1-16.IGKJ3.IGKC;IGHV4-39..IGHJ1.IGHG3_IGKV1-39.IGKJ3.IGKC;IGHV4-59..IGHJ4.IGHM_IGLV4-69.IGLJ3.IGLC2;IGHV4-39.IGHD3-10.IGHJ4.IGHM_IGLV8-61.IGLJ3.IGLC2;IGHV2-5.IGHD3-9.IGHJ5.IGHM_IGLV1-40.IGLJ2.IGLC2;IGHV3-53..IGHJ4.IGHM_IGKV1-39.IGKJ5.IGKC;IGHV3-53.IGHD2-15.IGHJ6.IGHM_IGKV3-20.IGKJ5.IGKC;IGHV1-8..IGHJ4.IGHM_IGKV3-20.IGKJ2.IGKC;IGHV1-69D..IGHJ6.IGHM_IGKV3-15.IGKJ2.IGKC;IGHV4-61..IGHJ6.IGHM_IGKV1-8.IGKJ3.IGKC;IGHV4-61..IGHJ5.IGHM_IGKV3-20.IGKJ1.IGKC;IGHV3-48.IGHD5-5.IGHJ4.IGHM_IGLV3-25.IGLJ3.IGLC3;IGHV3-7..IGHJ4.IGHM_IGLV4-69.IGLJ2.IGLC2;IGHV4-30-4.IGHD3-10.IGHJ5.IGHM_IGLV3-9.IGLJ2.IGLC2;IGHV3-30..IGHJ4.IGHM_IGKV3-20.IGKJ1.IGKC;IGHV4-30-4..IGHJ5.IGHA1_IGLV1-51.IGLJ2.IGLC2;IGHV1-3..IGHJ4.IGHM_IGKV1-33.IGKJ4.IGKC;IGHV2-5..IGHJ4.IGHM_IGKV1D-8.IGKJ1.IGKC;IGHV4-39..IGHJ4.IGHM_IGLV1-47.IGLJ2.IGLC2;IGHV1-69D.IGHD3-22.IGHJ4.IGHM_IGKV3-11.IGKJ4.IGKC;IGHV3-49..IGHJ4.IGHA1_IGLV2-23.IGLJ1.IGLC1;IGHV5-51..IGHJ5.IGHM_NA;IGHV5-51..IGHJ4.IGHM_IGLV3-19.IGLJ2.IGLC2;IGHV1-8.IGHD6-13.IGHJ6.IGHM_IGLV1-40.IGLJ2.IGLC2;IGHV1-18.IGHD6-13.IGHJ5.IGHM_IGLV7-46.IGLJ1.IGLC1;IGHV3-33..IGHJ4.IGHA1_IGLV1-51.IGLJ2.IGLC2;IGHV3-48..IGHJ3.IGHM_IGLV3-25.IGLJ3.IGLC3;IGHV3-33..IGHJ6.IGHM_IGKV1-33.IGKJ5.IGKC;IGHV3-15..IGHJ4.IGHM_IGLV3-1.IGLJ1.IGLC1;IGHV2-26..IGHJ3.IGHM_IGKV3-20.IGKJ1.IGKC;IGHV4-59.IGHD3-22.IGHJ4.IGHM_IGKV1-33.IGKJ3.IGKC;IGHV3-30.IGHD3-3.IGHJ3.IGHM_IGKV1-39.IGKJ2.IGKC;IGHV4-59..IGHJ6.IGHM_IGKV1-5.IGKJ4.IGKC;IGHV3-7..IGHJ6.IGHM_IGKV1-39.IGKJ2.IGKC;IGHV3-53.IGHD3-22.IGHJ3.IGHM_IGKV1-39.IGKJ2.IGKC;IGHV3-7..IGHJ5.IGHM_IGLV3-9.IGLJ2.IGLC2;IGHV4-59.IGHD6-6.IGHJ4.IGHG1_IGLV1-40.IGLJ1.IGLC1;IGHV2-5.IGHD3-16.IGHJ5.IGHM_IGLV3-1.IGLJ2.IGLC2;IGHV3-15.IGHD3-9.IGHJ4.IGHM_IGKV2-28.IGKJ5.IGKC;IGHV1-18.IGHD3-3.IGHJ6.IGHM_IGKV3-20.IGKJ1.IGKC;IGHV4-61.IGHD1-7.IGHJ2.IGHM_IGLV3-21.IGLJ1.IGLC1;IGHV1-24..IGHJ4.IGHM_IGKV1-5.IGKJ1.IGKC;IGHV3-48.IGHD3-22.IGHJ4.IGHM_IGKV3-15.IGKJ2.IGKC;IGHV3-48..IGHJ4.IGHM_IGKV1-39.IGKJ1.IGKC;IGHV3-7..IGHJ4.IGHM_IGKV3D-20.IGKJ4.IGKC;IGHV2-26..IGHJ4.IGHM_IGKV2D-29.IGKJ3.IGKC;IGHV1-2..IGHJ5.IGHM_IGLV2-23.IGLJ2.IGLC2;IGHV3-7..IGHJ4.IGHM_IGKV3-20.IGKJ4.IGKC;IGHV4-34..IGHJ5.IGHG3_IGLV3-25.IGLJ2.IGLC2;IGHV4-61.IGHD1-26.IGHJ4.IGHM_IGKV1D-8.IGKJ4.IGKC;IGHV4-30-4..IGHJ1.IGHG1_IGLV1-40.IGLJ1.IGLC1;IGHV2-70..IGHJ6.IGHG1_IGKV2-28.IGKJ2.IGKC;IGHV7-4-1..IGHJ4.IGHM_IGLV1-40.IGLJ2.IGLC2;IGHV1-2.IGHD6-19.IGHJ4.IGHM_IGLV2-11.IGLJ2.IGLC2;IGHV1-18..IGHJ5.IGHG1_IGKV1-39.IGKJ1.IGKC;IGHV3-7..IGHJ4.IGHM_IGKV3-15.IGKJ1.IGKC;IGHV4-39.IGHD2-2.IGHJ4.IGHM_IGKV1-5.IGKJ4.IGKC;IGHV4-39.IGHD3-3.IGHJ4.IGHM_IGLV1-40.IGLJ2.IGLC2;IGHV3-23..IGHJ4.IGHA1_IGKV1-39.IGKJ2.IGKC;IGHV3-9.IGHD3-10.IGHJ6.IGHM_IGLV3-1.IGLJ1.IGLC1;IGHV1-69D..IGHJ6.IGHM_IGKV2-28.IGKJ2.IGKC;IGHV3-30..IGHJ4.IGHA1_IGKV1-39.IGKJ4.IGKC;IGHV6-1..IGHJ4.IGHM_IGLV2-23.IGLJ3.IGLC3;IGHV4-30-4.IGHD2-2.IGHJ6.IGHM_IGLV1-40.IGLJ2.IGLC2;IGHV3-49.IGHD3-3.IGHJ4.IGHM_IGKV3-20.IGKJ1.IGKC;IGHV3-74..IGHJ5.IGHM_IGKV1-39.IGKJ2.IGKC;IGHV1-69D..IGHJ3.IGHM_IGKV1-5.IGKJ4.IGKC;IGHV7-4-1..IGHJ4.IGHM_IGKV1-39.IGKJ3.IGKC;IGHV5-51..IGHJ4.IGHM_IGKV1-9.IGKJ4.IGKC;IGHV3-53..IGHJ6.IGHM_IGKV2-28.IGKJ2.IGKC;IGHV1-24..IGHJ4.IGHM_IGKV1-12.IGKJ4.IGKC;IGHV3-9..IGHJ4.IGHM_IGLV3-25.IGLJ3.IGLC3;IGHV3-15.IGHD2-21.IGHJ4.IGHM_IGKV1-9.IGKJ4.IGKC;IGHV7-4-1..IGHJ4.IGHM_IGLV1-40.IGLJ2.IGLC2;IGHV1-2..IGHJ4.IGHM_IGLV2-8.IGLJ2.IGLC2;IGHV3-9..IGHJ1.IGHM_IGLV2-23.IGLJ2.IGLC2;IGHV1-3..IGHJ6.IGHM_IGKV1-9.IGKJ4.IGKC;IGHV5-51.IGHD3-9.IGHJ6.IGHM_IGLV7-43.IGLJ2.IGLC2;IGHV3-15.IGHD3-22.IGHJ4.IGHM_IGLV3-25.IGLJ1.IGLC1;IGHV4-61..IGHJ4.IGHM_IGKV1D-8.IGKJ2.IGKC;IGHV4-61..IGHJ6.IGHM_IGLV3-1.IGLJ1.IGLC1;IGHV3-7..IGHJ4.IGHM_IGLV3-1.IGLJ2.IGLC2;IGHV3-74..IGHJ3.IGHM_IGKV1-39.IGKJ1.IGKC;IGHV2-5.IGHD3-22.IGHJ4.IGHM_IGKV1-39.IGKJ4.IGKC;IGHV3-48..IGHJ4.IGHM_IGKV3-15.IGKJ2.IGKC;IGHV2-70.IGHD2-15.IGHJ6.IGHM_IGKV3-20.IGKJ1.IGKC;IGHV3-48.IGHD3-22.IGHJ4.IGHM_IGLV4-69.IGLJ3.IGLC2;IGHV5-51..IGHJ1.IGHM_IGKV3-20.IGKJ2.IGKC;IGHV5-51..IGHJ4.IGHG2_IGKV1-12.IGKJ4.IGKC;NA_IGKV1-39.IGKJ1.IGKC;IGHV7-4-1..IGHJ1.IGHA1_IGLV2-23.IGLJ3.IGLC3;IGHV3-30.IGHD3-22.IGHJ6.IGHM_IGLV3-25.IGLJ1.IGLC1;IGHV3-23..IGHJ4.IGHA1_IGKV1-5.IGKJ1.IGKC;IGHV1-2..IGHJ4.IGHM_IGKV1-33.IGKJ2.IGKC;IGHV4-59..IGHJ3.IGHM_IGKV1-8.IGKJ4.IGKC;IGHV4-30-4..IGHJ5.IGHM_IGKV2D-29.IGKJ2.IGKC;IGHV3-7..IGHJ6.IGHG2_IGKV3-20.IGKJ3.IGKC;IGHV4-59..IGHJ4.IGHG1_IGKV1-39.IGKJ4.IGKC;IGHV2-5..IGHJ5.IGHA2_IGKV2-28.IGKJ2.IGKC;IGHV6-1..IGHJ6.IGHM_IGKV3-20.IGKJ4.IGKC;IGHV3-72..IGHJ6.IGHA2_IGKV1-9.IGKJ5.IGKC;IGHV3-53.IGHD4-23.IGHJ5.IGHM_IGLV3-21.IGLJ2.IGLC2;IGHV3-23..IGHJ4.IGHM_IGKV1-8.IGKJ1.IGKC;IGHV1-18..IGHJ6.IGHM_IGKV2-28.IGKJ2.IGKC;IGHV3-48..IGHJ4.IGHM_IGKV2-28.IGKJ2.IGKC;IGHV3-21..IGHJ4.IGHM_IGKV3-15.IGKJ1.IGKC;IGHV1-8..IGHJ5.IGHM_IGLV3-19.IGLJ2.IGLC2;IGHV1-3.IGHD3-16.IGHJ3.IGHM_IGKV2-30.IGKJ4.IGKC;IGHV3-11.IGHD3-22.IGHJ4.IGHM_IGKV1-39.IGKJ2.IGKC;IGHV3-49.IGHD6-13.IGHJ6.IGHM_IGKV1-39.IGKJ2.IGKC;IGHV1-2..IGHJ4.IGHM_IGKV3-15.IGKJ2.IGKC;IGHV4-39..IGHJ5.IGHM_IGKV3-20.IGKJ2.IGKC;IGHV3-49.IGHD2-2.IGHJ5.IGHM_IGLV3-1.IGLJ2.IGLC2;IGHV1-46..IGHJ1.IGHM_IGLV2-23.IGLJ1.IGLC1;IGHV3-74.IGHD3-22.IGHJ4.IGHM_IGKV1-39.IGKJ1.IGKC;IGHV1-8..IGHJ3.IGHM_IGKV1-33.IGKJ4.IGKC;IGHV3-15..IGHJ4.IGHM_IGKV3-15.IGKJ3.IGKC;IGHV3-11.IGHD3-22.IGHJ3.IGHM_IGKV1-39.IGKJ1.IGKC;IGHV1-24..IGHJ6.IGHM_IGLV3-19.IGLJ1.IGLC1;IGHV3-33..IGHJ3.IGHM_IGLV2-23.IGLJ3.IGLC3;IGHV3-11.IGHD1-1.IGHJ4.IGHM_IGLV1-51.IGLJ1.IGLC1;IGHV3-11.IGHD2-2.IGHJ6.IGHM_IGKV1-39.IGKJ1.IGKC;IGHV1-18..IGHJ6.IGHM_IGKV3-20.IGKJ1.IGKC;IGHV1-2..IGHJ3.IGHM_IGLV2-11.IGLJ2.IGLC2;IGHV2-5.IGHD3-22.IGHJ4.IGHM_IGKV3-15.IGKJ4.IGKC;IGHV1-18..IGHJ4.IGHM_IGKV3-20.IGKJ2.IGKC;IGHV3-30..IGHJ4.IGHM_IGKV1-17.IGKJ1.IGKC;IGHV3-15.IGHD3-9.IGHJ6.IGHM_IGLV3-25.IGLJ2.IGLC2;IGHV3-11..IGHJ4.IGHM_IGKV3-20.IGKJ2.IGKC;IGHV7-4-1..IGHJ5.IGHA1_IGLV4-69.IGLJ3.IGLC2;IGHV3-53.IGHD3-22.IGHJ4.IGHM_IGLV4-69.IGLJ3.IGLC3;IGHV1-18..IGHJ5.IGHM_IGKV1-39.IGKJ1.IGKC;IGHV3-11..IGHJ5.IGHM_IGKV1-33.IGKJ3.IGKC;IGHV5-51..IGHJ6.IGHM_IGKV2-28.IGKJ3.IGKC;IGHV4-39.IGHD3-9.IGHJ4.IGHM_IGKV3-15.IGKJ2.IGKC;IGHV4-59..IGHJ4.IGHM_IGLV1-47.IGLJ2.IGLC2;IGHV2-26..IGHJ5.IGHM_IGLV3-21.IGLJ1.IGLC1;IGHV4-39..IGHJ4.IGHM_IGLV1-40.IGLJ2.IGLC2;IGHV1-2..IGHJ6.IGHM_IGKV3-20.IGKJ3.IGKC;IGHV4-39..IGHJ5.IGHM_IGKV1-12.IGKJ2.IGKC;IGHV1-69D.IGHD4-17.IGHJ4.IGHM_IGKV1-27.IGKJ3.IGKC;IGHV1-18..IGHJ1.IGHM_IGKV3-20.IGKJ2.IGKC;IGHV4-30-4..IGHJ4.IGHM_IGKV1-39.IGKJ1.IGKC;IGHV3-73..IGHJ4.IGHG1_IGKV1-17.IGKJ1.IGKC;IGHV3-15..IGHJ4.IGHM_IGKV1-8.IGKJ3.IGKC;IGHV3-9..IGHJ6.IGHM_IGLV10-54.IGLJ2.IGLC2;IGHV4-59..IGHJ4.IGHM_IGKV3-20.IGKJ4.IGKC;IGHV5-51..IGHJ6.IGHM_IGKV2D-40.IGKJ4.IGKC;IGHV3-53..IGHJ6.IGHM_IGKV1-39.IGKJ1.IGKC;IGHV3-30..IGHJ4.IGHM_IGLV1-47.IGLJ1.IGLC1;IGHV2-5.IGHD2-2.IGHJ5.IGHM_IGLV3-25.IGLJ1.IGLC1;IGHV4-39..IGHJ4.IGHM_IGLV1-51.IGLJ3.IGLC3;IGHV4-59..IGHJ4.IGHM_IGKV2-28.IGKJ5.IGKC;IGHV3-23..IGHJ4.IGHM_IGKV1-39.IGKJ4.IGKC;IGHV3-15.IGHD5-24.IGHJ4.IGHM_IGKV1-33.IGKJ5.IGKC;IGHV3-48..IGHJ6.IGHM_IGLV3-25.IGLJ3.IGLC2;IGHV4-59..IGHJ6.IGHM_IGKV1-39.IGKJ2.IGKC;IGHV2-5..IGHJ4.IGHM_IGKV1-5.IGKJ2.IGKC;IGHV3-15..IGHJ3.IGHM_IGKV1-17.IGKJ1.IGKC;IGHV3-49..IGHJ6.IGHM_IGKV1-16.IGKJ4.IGKC;IGHV3-30.IGHD6-19.IGHJ3.IGHM_IGKV1-5.IGKJ1.IGKC;IGHV3-33.IGHD3-3.IGHJ4.IGHM_IGKV1-6.IGKJ2.IGKC;IGHV4-30-4.IGHD3-22.IGHJ3.IGHM_IGLV3-25.IGLJ2.IGLC2;IGHV3-30.IGHD3-22.IGHJ6.IGHM_IGLV2-23.IGLJ2.IGLC2;IGHV7-4-1..IGHJ5.IGHM_IGKV3-11.IGKJ4.IGKC;IGHV3-21..IGHJ4.IGHG1_IGKV3-20.IGKJ1.IGKC;IGHV1-2..IGHJ4.IGHM_IGKV1-39.IGKJ2.IGKC;IGHV4-39.IGHD3-22.IGHJ5.IGHM_IGLV3-19.IGLJ2.IGLC2;IGHV3-33..IGHJ4.IGHM_IGLV8-61.IGLJ3.IGLC3;IGHV3-9..IGHJ4.IGHM_IGLV3-21.IGLJ2.IGLC2;IGHV3-33..IGHJ6.IGHM_IGKV1-9.IGKJ5.IGKC;IGHV6-1..IGHJ5.IGHM_IGLV1-36.IGLJ3.IGLC2;IGHV6-1.IGHD6-13.IGHJ3.IGHM_IGKV1-5.IGKJ1.IGKC;IGHV2-5.IGHD3-10.IGHJ5.IGHM_IGLV3-25.IGLJ1.IGLC1;IGHV4-59..IGHJ4.IGHM_IGLV3-19.IGLJ2.IGLC2;IGHV3-30.IGHD6-6.IGHJ4.IGHM_IGLV2-8.IGLJ1.IGLC1;IGHV2-5..IGHJ4.IGHG1_IGLV1-40.IGLJ2.IGLC2;IGHV3-74.IGHD3-22.IGHJ4.IGHM_IGKV1-39.IGKJ1.IGKC;IGHV4-39..IGHJ5.IGHM_IGLV3-25.IGLJ2.IGLC2;IGHV1-8..IGHJ6.IGHM_IGLV1-51.IGLJ2.IGLC2;IGHV5-51..IGHJ3.IGHM_IGKV1-33.IGKJ1.IGKC;IGHV1-18..IGHJ6.IGHM_IGKV3-20.IGKJ2.IGKC;IGHV3-23.IGHD3-10.IGHJ4.IGHM_IGKV1-33.IGKJ4.IGKC;IGHV3-15.IGHD5-24.IGHJ4.IGHG1_IGKV3-20.IGKJ2.IGKC;IGHV1-18..IGHJ5.IGHM_IGKV1-27.IGKJ3.IGKC;IGHV4-61..IGHJ3.IGHM_IGKV1-8.IGKJ1.IGKC;IGHV2-5.IGHD3-22.IGHJ5.IGHM_IGKV3-20.IGKJ1.IGKC;IGHV4-39.IGHD5-5.IGHJ4.IGHM_IGLV1-40.IGLJ1.IGLC1;IGHV4-59.IGHD3-9.IGHJ6.IGHM_IGLV1-47.IGLJ1.IGLC1;IGHV3-30..IGHJ5.IGHM_IGKV1-8.IGKJ4.IGKC;IGHV1-46..IGHJ4.IGHM_IGKV4-1.IGKJ2.IGKC;IGHV3-49.IGHD4-4.IGHJ5.IGHM_IGKV1-17.IGKJ4.IGKC;IGHV4-61..IGHJ6.IGHM_IGLV3-10.IGLJ3.IGLC3;IGHV3-30..IGHJ6.IGHM_IGKV1-39.IGKJ2.IGKC;IGHV3-30.IGHD3-9.IGHJ4.IGHM_IGKV1-8.IGKJ4.IGKC;IGHV3-48..IGHJ4.IGHM_IGKV1-12.IGKJ2.IGKC;IGHV7-4-1.IGHD3-10.IGHJ4.IGHM_IGKV1-39.IGKJ1.IGKC;IGHV4-39..IGHJ5.IGHM_IGKV1-8.IGKJ1.IGKC;IGHV4-61..IGHJ6.IGHM_IGLV1-51.IGLJ2.IGLC2;IGHV3-48..IGHJ3.IGHM_IGLV3-21.IGLJ1.IGLC1;IGHV4-31..IGHJ4.IGHM_IGKV1D-8.IGKJ3.IGKC;NA_IGKV3-15.IGKJ1.IGKC;IGHV3-48..IGHJ4.IGHM_IGKV2-28.IGKJ2.IGKC;IGHV5-51..IGHJ6.IGHD_IGKV1-39.IGKJ4.IGKC;IGHV3-11.IGHD5-5.IGHJ5.IGHM_IGLV1-40.IGLJ2.IGLC2;IGHV3-13..IGHJ4.IGHM_IGKV1-39.IGKJ1.IGKC;IGHV3-7..IGHJ4.IGHM_IGLV1-40.IGLJ2.IGLC2;IGHV4-30-4..IGHJ3.IGHM_IGKV3D-20.IGKJ4.IGKC;IGHV3-7..IGHJ6.IGHM_IGLV1-40.IGLJ3.IGLC2;IGHV4-59..IGHJ4.IGHM_IGLV1-47.IGLJ3.IGLC3;IGHV3-30.IGHD2-2.IGHJ4.IGHM_IGKV1-39.IGKJ5.IGKC;IGHV4-31..IGHJ4.IGHM_IGKV1-39.IGKJ2.IGKC;IGHV1-69D..IGHJ4.IGHG1_IGLV2-23.IGLJ1.IGLC1;IGHV3-30..IGHJ3.IGHM_IGKV3-15.IGKJ1.IGKC;IGHV5-51.IGHD2-15.IGHJ4.IGHM_IGKV2-28.IGKJ3.IGKC;IGHV1-69D..IGHJ4.IGHM_IGKV1-17.IGKJ1.IGKC;IGHV4-59..IGHJ5.IGHG1_IGLV3-10.IGLJ2.IGLC2;IGHV3-7..IGHJ4.IGHM_IGKV1-8.IGKJ4.IGKC;IGHV1-18..IGHJ6.IGHM_IGLV3-25.IGLJ3.IGLC2;IGHV1-8..IGHJ4.IGHM_IGLV1-47.IGLJ3.IGLC3;IGHV1-18.IGHD6-19.IGHJ5.IGHM_IGKV1-12.IGKJ2.IGKC;IGHV3-7..IGHJ4.IGHM_IGKV1-6.IGKJ1.IGKC;IGHV5-51.IGHD6-19.IGHJ4.IGHM_IGLV4-69.IGLJ2.IGLC2;IGHV1-2.IGHD3-10.IGHJ3.IGHM_IGKV1-5.IGKJ1.IGKC;IGHV3-30..IGHJ3.IGHM_IGKV1-16.IGKJ4.IGKC;IGHV1-46..IGHJ4.IGHM_IGKV3-15.IGKJ1.IGKC;IGHV4-28..IGHJ6.IGHM_IGLV8-61.IGLJ3.IGLC2;IGHV1-8..IGHJ6.IGHM_IGKV1-6.IGKJ1.IGKC;IGHV2-5..IGHJ3.IGHM_IGLV3-19.IGLJ3.IGLC3;IGHV2-5..IGHJ4.IGHM_IGLV2-23.IGLJ1.IGLC1;IGHV1-58..IGHJ6.IGHM_IGKV3-20.IGKJ4.IGKC;IGHV1-18..IGHJ4.IGHG2_IGKV2-30.IGKJ2.IGKC;IGHV4-31..IGHJ3.IGHG1_IGKV1-9.IGKJ5.IGKC;IGHV1-2.IGHD6-19.IGHJ6.IGHM_IGKV2-28.IGKJ4.IGKC;IGHV3-7..IGHJ4.IGHM_IGLV3-1.IGLJ2.IGLC2;IGHV7-4-1..IGHJ4.IGHM_IGLV1-51.IGLJ1.IGLC1;IGHV3-15.IGHD3-10.IGHJ6.IGHM_IGLV3-25.IGLJ2.IGLC2;IGHV1-69D..IGHJ6.IGHG3_IGKV3-15.IGKJ4.IGKC;NA_IGLV3-1.IGLJ2.IGLC2;IGHV5-51..IGHJ4.IGHG1_IGLV3-25.IGLJ3.IGLC2;IGHV4-59..IGHJ6.IGHM_IGLV2-11.IGLJ2.IGLC3;IGHV4-39.IGHD3-22.IGHJ4.IGHM_IGLV1-40.IGLJ2.IGLC2;IGHV3-11.IGHD4-17.IGHJ5.IGHM_IGKV1-33.IGKJ4.IGKC;IGHV4-30-4..IGHJ1.IGHM_IGLV1-51.IGLJ2.IGLC2;IGHV3-11..IGHJ5.IGHD_IGLV3-1.IGLJ3.IGLC2;IGHV3-48.IGHD2-2.IGHJ4.IGHM_IGLV1-40.IGLJ1.IGLC1;NA_IGKV3-11.IGKJ2.IGKC;IGHV4-30-4..IGHJ4.IGHM_IGKV3-20.IGKJ5.IGKC;IGHV3-7.IGHD3-3.IGHJ6.IGHD_IGKV2-28.IGKJ4.IGKC;IGHV3-30.IGHD3-22.IGHJ4.IGHM_IGKV3-15.IGKJ1.IGKC;IGHV3-33..IGHJ4.IGHM_IGLV8-61.IGLJ3.IGLC3;IGHV3-9..IGHJ4.IGHM_IGLV3-1.IGLJ2.IGLC2;IGHV1-3.IGHD4-23.IGHJ5.IGHM_IGKV1-16.IGKJ5.IGKC;IGHV4-39..IGHJ4.IGHM_IGLV3-19.IGLJ2.IGLC2;IGHV4-39..IGHJ5.IGHM_IGKV3-20.IGKJ2.IGKC;IGHV3-30.IGHD2-2.IGHJ3.IGHM_IGKV3-20.IGKJ3.IGKC;IGHV3-7..IGHJ4.IGHM_IGKV3-20.IGKJ1.IGKC;IGHV5-51.IGHD2-2.IGHJ6.IGHM_IGKV3-15.IGKJ2.IGKC;IGHV2-5..IGHJ4.IGHM_IGLV7-43.IGLJ2.IGLC2;IGHV5-51.IGHD3-10.IGHJ6.IGHM_IGKV2-28.IGKJ4.IGKC;IGHV6-1..IGHJ5.IGHM_IGKV1-33.IGKJ1.IGKC;IGHV1-2..IGHJ4.IGHM_IGKV3-15.IGKJ5.IGKC;IGHV3-30..IGHJ4.IGHM_IGLV4-69.IGLJ2.IGLC2;IGHV3-33..IGHJ2.IGHM_IGKV3-15.IGKJ1.IGKC;IGHV3-48..IGHJ4.IGHM_IGKV3-15.IGKJ1.IGKC;IGHV4-30-4..IGHJ4.IGHM_IGKV3-20.IGKJ1.IGKC;IGHV3-30..IGHJ3.IGHG1_IGKV3-20.IGKJ2.IGKC;IGHV1-2..IGHJ6.IGHM_IGKV1-39.IGKJ4.IGKC;NA_IGLV2-23.IGLJ2.IGLC2;IGHV1-69D..IGHJ6.IGHM_IGKV3-20.IGKJ4.IGKC;IGHV2-70..IGHJ3.IGHM_IGKV3-15.IGKJ1.IGKC;NA_IGLV1-40.IGLJ2.IGLC2;IGHV4-59.IGHD3-10.IGHJ6.IGHM_IGKV1-39.IGKJ2.IGKC;IGHV3-9..IGHJ4.IGHM_IGKV1D-8.IGKJ1.IGKC;IGHV3-74..IGHJ5.IGHM_IGKV1-39.IGKJ4.IGKC;IGHV3-15.IGHD4-17.IGHJ4.IGHM_IGLV3-25.IGLJ1.IGLC1;IGHV3-43..IGHJ4.IGHM_IGKV3-20.IGKJ1.IGKC;IGHV3-9..IGHJ4.IGHD_IGLV4-69.IGLJ3.IGLC3;IGHV4-61..IGHJ4.IGHM_IGKV1-39.IGKJ2.IGKC;IGHV4-30-4..IGHJ5.IGHM_IGKV1-5.IGKJ1.IGKC;IGHV3-11.IGHD5-24.IGHJ6.IGHM_IGLV2-23.IGLJ1.IGLC1;IGHV3-9.IGHD2-2.IGHJ6.IGHM_IGKV1-5.IGKJ2.IGKC;IGHV3-7..IGHJ4.IGHA2_IGKV2-30.IGKJ2.IGKC;IGHV3-73.IGHD2-15.IGHJ3.IGHM_IGKV1-39.IGKJ2.IGKC;IGHV4-39..IGHJ5.IGHM_IGLV1-40.IGLJ1.IGLC1;IGHV3-9..IGHJ4.IGHM_IGLV2-14.IGLJ2.IGLC2;IGHV5-51..IGHJ4.IGHM_IGLV8-61.IGLJ3.IGLC3;IGHV1-2.IGHD4-17.IGHJ6.IGHD_IGLV3-25.IGLJ1.IGLC1;IGHV3-73..IGHJ4.IGHM_IGKV2D-29.IGKJ1.IGKC;IGHV3-74..IGHJ4.IGHM_IGLV4-69.IGLJ1.IGLC1;IGHV3-30..IGHJ4.IGHM_IGLV3-25.IGLJ3.IGLC2;IGHV1-69D.IGHD2-2.IGHJ5.IGHM_IGLV1-40.IGLJ2.IGLC2;IGHV2-5..IGHJ5.IGHM_IGLV3-1.IGLJ1.IGLC1;IGHV2-26..IGHJ4.IGHM_IGKV1-12.IGKJ1.IGKC;IGHV3-15.IGHD3-3.IGHJ4.IGHM_IGKV1-33.IGKJ4.IGKC;IGHV1-46..IGHJ4.IGHM_IGLV3-19.IGLJ2.IGLC2;IGHV1-8.IGHD3-3.IGHJ6.IGHM_IGKV3-20.IGKJ1.IGKC;IGHV3-15.IGHD2-2.IGHJ4.IGHM_IGKV1-33.IGKJ4.IGKC;IGHV1-8.IGHD3-10.IGHJ6.IGHM_IGKV1-39.IGKJ1.IGKC;IGHV3-9.IGHD4-23.IGHJ1.IGHM_IGLV2-23.IGLJ3.IGLC2;NA_IGKV1-39.IGKJ2.IGKC;IGHV1-69D..IGHJ3.IGHM_NA;IGHV4-59..IGHJ2.IGHG2_IGKV3-20.IGKJ4.IGKC;IGHV1-46..IGHJ6.IGHM_IGKV2-28.IGKJ4.IGKC;IGHV3-48.IGHD6-19.IGHJ4.IGHM_IGKV1-16.IGKJ1.IGKC;IGHV3-30..IGHJ4.IGHM_IGLV3-21.IGLJ1.IGLC1;IGHV1-18.IGHD3-3.IGHJ6.IGHM_IGLV3-21.IGLJ1.IGLC1;IGHV4-61..IGHJ6.IGHM_IGLV7-43.IGLJ1.IGLC1;IGHV3-33..IGHJ3.IGHM_IGKV1-5.IGKJ3.IGKC;IGHV3-30.IGHD2-2.IGHJ6.IGHM_IGLV3-1.IGLJ2.IGLC2;IGHV4-39..IGHJ4.IGHM_IGLV2-18.IGLJ1.IGLC1;IGHV3-33..IGHJ6.IGHM_IGKV3-15.IGKJ4.IGKC;IGHV4-31..IGHJ4.IGHM_IGKV3-20.IGKJ1.IGKC;IGHV4-59..IGHJ6.IGHA1_IGKV2-28.IGKJ2.IGKC;IGHV1-8..IGHJ6.IGHM_IGKV2-28.IGKJ3.IGKC;IGHV4-61.IGHD5-5.IGHJ4.IGHM_IGLV1-36.IGLJ2.IGLC2;IGHV5-51..IGHJ4.IGHM_IGKV3-20.IGKJ2.IGKC;IGHV1-46.IGHD3-22.IGHJ4.IGHM_IGLV1-40.IGLJ2.IGLC2;IGHV3-49..IGHJ4.IGHM_IGKV1-12.IGKJ4.IGKC;IGHV4-61..IGHJ3.IGHM_IGLV3-19.IGLJ1.IGLC1;IGHV2-5..IGHJ6.IGHG1_IGKV1-6.IGKJ2.IGKC;IGHV1-69D..IGHJ4.IGHM_IGLV3-1.IGLJ2.IGLC2;IGHV3-33.IGHD6-19.IGHJ4.IGHM_IGKV3-20.IGKJ1.IGKC;IGHV3-43.IGHD2-2.IGHJ6.IGHM_IGKV1-8.IGKJ5.IGKC;IGHV4-61..IGHJ5.IGHM_IGLV3-1.IGLJ2.IGLC2;IGHV1-18..IGHJ5.IGHM_IGLV1-40.IGLJ3.IGLC3;IGHV4-31..IGHJ5.IGHM_IGKV3-20.IGKJ3.IGKC;IGHV3-48..IGHJ4.IGHM_IGKV1-33.IGKJ5.IGKC;IGHV1-8..IGHJ4.IGHM_IGKV1-5.IGKJ1.IGKC;IGHV4-30-4..IGHJ4.IGHM_IGLV3-1.IGLJ2.IGLC2;IGHV3-30.IGHD2-2.IGHJ6.IGHM_IGKV2-28.IGKJ3.IGKC;IGHV3-11..IGHJ4.IGHM_IGKV1-39.IGKJ2.IGKC;IGHV4-39..IGHJ5.IGHM_IGKV1-5.IGKJ1.IGKC;IGHV3-48..IGHJ4.IGHM_IGLV1-40.IGLJ2.IGLC2;IGHV2-5..IGHJ4.IGHM_IGKV1-16.IGKJ2.IGKC;IGHV3-20..IGHJ4.IGHM_IGKV3-20.IGKJ4.IGKC;IGHV3-33..IGHJ5.IGHM_IGKV1-5.IGKJ1.IGKC;IGHV3-48..IGHJ4.IGHM_IGKV1-8.IGKJ1.IGKC;IGHV3-30..IGHJ3.IGHM_IGLV1-51.IGLJ3.IGLC2;IGHV4-39..IGHJ4.IGHM_IGLV3-21.IGLJ1.IGLC1;IGHV3-11.IGHD3-22.IGHJ4.IGHM_IGLV3-21.IGLJ2.IGLC2;IGHV1-8.IGHD2-2.IGHJ6.IGHM_IGKV1-8.IGKJ4.IGKC;IGHV4-39..IGHJ2.IGHM_IGKV6-21.IGKJ4.IGKC	0	NA
9	1	IGHV1-69D..IGHJ4.IGHM_NA	16	79	IGHV3-21.IGHD4-23.IGHJ2.IGHM_IGKV3-11.IGKJ2.IGKC;IGHV3-33.IGHD6-19.IGHJ6.IGHM_IGKV1-39.IGKJ1.IGKC;IGHV3-33..IGHJ5.IGHM_IGLV1-40.IGLJ1.IGLC1;IGHV3-33.IGHD2-2.IGHJ4.IGHM_IGKV3-20.IGKJ2.IGKC;IGHV3-30..IGHJ4.IGHM_IGKV3-11.IGKJ1.IGKC;IGHV4-59..IGHJ5.IGHG1_IGKV3-11.IGKJ4.IGKC;IGHV3-23..IGHJ5.IGHM_IGKV3-11.IGKJ5.IGKC;IGHV3-33..IGHJ6.IGHM_IGLV1-40.IGLJ2.IGLC2;IGHV3-33..IGHJ4.IGHM_IGKV1-5.IGKJ2.IGKC;IGHV3-11..IGHJ5.IGHM_IGKV3-15.IGKJ2.IGKC;IGHV3-33..IGHJ6.IGHM_IGKV4-1.IGKJ4.IGKC;IGHV1-3.IGHD3-9.IGHJ5.IGHM_IGKV3-11.IGKJ1.IGKC;IGHV3-7..IGHJ6.IGHM_IGKV3-11.IGKJ4.IGKC;IGHV3-33..IGHJ4.IGHM_IGKV3-15.IGKJ1.IGKC;IGHV2-5.IGHD3-9.IGHJ4.IGHM_IGKV1-39.IGKJ2.IGKC;IGHV3-33..IGHJ4.IGHM_IGKV1-39.IGKJ2.IGKC;IGHV3-33..IGHJ4.IGHM_IGKV1-12.IGKJ4.IGKC;IGHV4-59.IGHD3-9.IGHJ6.IGHM_IGLV2-8.IGLJ2.IGLC2;IGHV1-8.IGHD3-3.IGHJ2.IGHM_IGKV3-11.IGKJ2.IGKC;IGHV4-39..IGHJ3.IGHM_IGKV3-11.IGKJ3.IGKC;IGHV3-33.IGHD6-19.IGHJ4.IGHM_IGLV3-1.IGLJ2.IGLC2;IGHV3-33..IGHJ6.IGHM_IGLV3-25.IGLJ1.IGLC1;IGHV3-33..IGHJ5.IGHM_IGKV1-39.IGKJ1.IGKC;IGHV3-30..IGHJ3.IGHM_IGKV3-11.IGKJ4.IGKC;IGHV3-33..IGHJ4.IGHM_IGLV1-44.IGLJ1.IGLC1;IGHV3-33..IGHJ4.IGHM_IGLV2-23.IGLJ3.IGLC3;IGHV1-69D.IGHD6-13.IGHJ4.IGHM_IGKV3-11.IGKJ3.IGKC;IGHV3-15..IGHJ4.IGHM_IGKV3-11.IGKJ4.IGKC;IGHV1-69D.IGHD5-5.IGHJ4.IGHM_IGKV3-20.IGKJ1.IGKC;IGHV3-33.IGHD5-5.IGHJ4.IGHM_IGKV3-11.IGKJ2.IGKC;IGHV1-46..IGHJ6.IGHM_IGKV3-11.IGKJ4.IGKC;IGHV3-33..IGHJ4.IGHA1_IGLV2-23.IGLJ1.IGLC1;IGHV3-20..IGHJ5.IGHM_IGKV3-11.IGKJ4.IGKC;IGHV3-33.IGHD2-15.IGHJ4.IGHM_IGLV3-25.IGLJ2.IGLC2;IGHV4-59..IGHJ5.IGHM_IGKV3-11.IGKJ4.IGKC;IGHV3-33.IGHD5-24.IGHJ4.IGHM_IGKV1-33.IGKJ4.IGKC;IGHV3-30.IGHD3-10.IGHJ6.IGHM_IGKV3-11.IGKJ5.IGKC;IGHV3-74..IGHJ3.IGHM_IGKV1-39.IGKJ1.IGKC;IGHV1-69D.IGHD2-21.IGHJ6.IGHM_IGLV3-25.IGLJ3.IGLC3;IGHV3-33.IGHD3-10.IGHJ4.IGHM_IGLV1-40.IGLJ7.IGLC7;IGHV3-33..IGHJ4.IGHM_IGKV2-24.IGKJ2.IGKC;IGHV3-23..IGHJ5.IGHM_IGKV3-11.IGKJ5.IGKC;IGHV3-33.IGHD3-22.IGHJ4.IGHM_IGKV1-5.IGKJ2.IGKC;IGHV4-34.IGHD2-15.IGHJ6.IGHM_IGKV3-11.IGKJ2.IGKC;IGHV3-33.IGHD4-17.IGHJ6.IGHM_IGKV1-17.IGKJ1.IGKC;IGHV3-21.IGHD6-19.IGHJ4.IGHM_IGKV3-11.IGKJ1.IGKC;IGHV3-23.IGHD6-19.IGHJ4.IGHM_IGKV3-11.IGKJ1.IGKC;IGHV3-33.IGHD6-19.IGHJ6.IGHM_IGKV3-20.IGKJ1.IGKC;IGHV3-33..IGHJ4.IGHM_IGKV3-15.IGKJ1.IGKC;IGHV3-33..IGHJ4.IGHM_IGKV3-20.IGKJ2.IGKC;IGHV3-33.IGHD3-22.IGHJ3.IGHM_IGLV7-46.IGLJ3.IGLC2;IGHV3-33..IGHJ4.IGHM_IGKV1-5.IGKJ2.IGKC;IGHV3-30.IGHD3-10.IGHJ6.IGHM_IGKV3-11.IGKJ4.IGKC;IGHV3-33..IGHJ6.IGHM_IGKV1-17.IGKJ1.IGKC;IGHV1-24..IGHJ4.IGHM_IGKV3-11.IGKJ4.IGKC;IGHV1-18.IGHD3-3.IGHJ6.IGHM_IGKV3-11.IGKJ2.IGKC;IGHV3-33.IGHD5-5.IGHJ4.IGHM_IGKV1-39.IGKJ1.IGKC;IGHV3-33.IGHD5-5.IGHJ6.IGHM_IGLV3-25.IGLJ2.IGLC2;IGHV3-23..IGHJ4.IGHM_IGKV3-11.IGKJ4.IGKC;IGHV3-33..IGHJ4.IGHM_IGLV3-19.IGLJ1.IGLC1;IGHV3-33..IGHJ3.IGHM_IGKV3-11.IGKJ2.IGKC;IGHV3-33..IGHJ5.IGHM_IGLV2-23.IGLJ1.IGLC1;IGHV3-7.IGHD2-2.IGHJ4.IGHM_IGKV3-11.IGKJ3.IGKC;IGHV3-33..IGHJ4.IGHM_IGLV3-25.IGLJ1.IGLC1;IGHV3-33..IGHJ4.IGHM_IGKV3-15.IGKJ4.IGKC;IGHV3-33..IGHJ3.IGHM_IGKV1-5.IGKJ1.IGKC;IGHV3-33..IGHJ4.IGHM_IGKV1-39.IGKJ4.IGKC;IGHV5-51..IGHJ4.IGHM_IGKV3-11.IGKJ4.IGKC;IGHV3-23..IGHJ4.IGHM_IGKV3-11.IGKJ4.IGKC;IGHV3-49..IGHJ6.IGHM_IGKV3-11.IGKJ5.IGKC;IGHV3-33..IGHJ3.IGHM_IGKV1-8.IGKJ1.IGKC;IGHV3-33..IGHJ4.IGHM_IGLV3-25.IGLJ3.IGLC3;IGHV3-30.IGHD3-10.IGHJ6.IGHM_IGKV3-11.IGKJ4.IGKC;IGHV3-33..IGHJ3.IGHM_IGKV1-39.IGKJ1.IGKC;IGHV3-33.IGHD3-22.IGHJ4.IGHM_IGKV1-5.IGKJ4.IGKC;IGHV3-15..IGHJ6.IGHM_IGKV3-11.IGKJ2.IGKC;IGHV3-33..IGHJ4.IGHM_IGLV2-8.IGLJ3.IGLC2;IGHV7-4-1.IGHD3-10.IGHJ4.IGHM_IGKV3-11.IGKJ5.IGKC;IGHV3-21..IGHJ2.IGHM_IGKV3-11.IGKJ4.IGKC	0	NA
9	1	IGHV1-69D..IGHJ4.IGHM_NA	17	67	IGHV6-1..IGHJ6.IGHM_IGKV4-1.IGKJ2.IGKC;IGHV4-34..IGHJ3.IGHM_IGLV5-39.IGLJ2.IGLC2;IGHV4-34..IGHJ3.IGHM_IGKV1-8.IGKJ1.IGKC;IGHV4-34..IGHJ5.IGHM_IGLV2-23.IGLJ2.IGLC2;IGHV4-34..IGHJ4.IGHM_IGKV1D-8.IGKJ1.IGKC;IGHV4-34..IGHJ4.IGHM_IGKV4-1.IGKJ3.IGKC;IGHV4-39..IGHJ5.IGHM_IGKV4-1.IGKJ4.IGKC;IGHV4-34..IGHJ5.IGHM_IGKV3-15.IGKJ1.IGKC;IGHV1-8..IGHJ3.IGHM_IGLV1-44.IGLJ1.IGLC1;IGHV4-34..IGHJ4.IGHM_IGKV1-39.IGKJ2.IGKC;IGHV1-18.IGHD5-24.IGHJ3.IGHM_IGKV4-1.IGKJ4.IGKC;IGHV4-34.IGHD2-2.IGHJ6.IGHM_IGKV1-12.IGKJ4.IGKC;IGHV3-30.IGHD3-10.IGHJ4.IGHG1_IGKV4-1.IGKJ4.IGKC;IGHV4-34..IGHJ4.IGHM_IGLV1-47.IGLJ3.IGLC3;IGHV4-34.IGHD3-10.IGHJ4.IGHM_IGKV1-6.IGKJ4.IGKC;IGHV3-11..IGHJ5.IGHM_IGLV3-25.IGLJ1.IGLC1;IGHV4-34..IGHJ4.IGHM_IGKV3-15.IGKJ2.IGKC;IGHV4-61..IGHJ1.IGHM_IGKV3-20.IGKJ1.IGKC;IGHV7-4-1..IGHJ4.IGHM_IGKV4-1.IGKJ4.IGKC;IGHV2-5..IGHJ4.IGHM_IGKV4-1.IGKJ1.IGKC;IGHV4-34..IGHJ4.IGHM_IGLV3-19.IGLJ1.IGLC1;IGHV4-59.IGHD3-10.IGHJ4.IGHM_IGKV4-1.IGKJ1.IGKC;IGHV3-11..IGHJ3.IGHM_IGKV4-1.IGKJ4.IGKC;IGHV1-58..IGHJ6.IGHM_IGKV4-1.IGKJ1.IGKC;IGHV6-1..IGHJ4.IGHM_IGKV4-1.IGKJ1.IGKC;IGHV4-34.IGHD2-15.IGHJ5.IGHM_IGKV1-6.IGKJ2.IGKC;IGHV3-21..IGHJ4.IGHM_IGKV4-1.IGKJ3.IGKC;IGHV4-34..IGHJ4.IGHM_IGKV1-39.IGKJ1.IGKC;IGHV3-64..IGHJ4.IGHM_IGKV4-1.IGKJ1.IGKC;IGHV1-8..IGHJ4.IGHA1_IGKV4-1.IGKJ1.IGKC;IGHV4-34.IGHD3-16.IGHJ4.IGHM_IGKV1-39.IGKJ2.IGKC;IGHV4-34.IGHD4-23.IGHJ1.IGHM_IGKV4-1.IGKJ1.IGKC;IGHV3-30..IGHJ4.IGHG2_IGKV4-1.IGKJ2.IGKC;IGHV4-34.IGHD5-5.IGHJ2.IGHM_IGLV1-44.IGLJ1.IGLC1;IGHV5-51..IGHJ6.IGHM_IGKV4-1.IGKJ2.IGKC;IGHV3-23..IGHJ4.IGHM_IGKV4-1.IGKJ1.IGKC;IGHV4-34..IGHJ5.IGHM_IGLV1-47.IGLJ1.IGLC1;IGHV4-59.IGHD6-19.IGHJ4.IGHM_IGKV4-1.IGKJ1.IGKC;IGHV4-59..IGHJ4.IGHG2_IGKV4-1.IGKJ1.IGKC;IGHV4-34..IGHJ5.IGHM_IGKV4-1.IGKJ1.IGKC;IGHV4-34.IGHD4-17.IGHJ4.IGHM_IGLV1-44.IGLJ1.IGLC1;IGHV4-34..IGHJ4.IGHM_IGLV3-21.IGLJ2.IGLC2;IGHV4-39.IGHD2-15.IGHJ4.IGHM_IGLV3-21.IGLJ2.IGLC2;IGHV3-9.IGHD6-13.IGHJ6.IGHM_IGKV4-1.IGKJ1.IGKC;IGHV4-34.IGHD3-9.IGHJ4.IGHM_IGKV1-9.IGKJ5.IGKC;IGHV4-59..IGHJ5.IGHM_IGKV4-1.IGKJ1.IGKC;IGHV4-34..IGHJ4.IGHM_IGLV3-19.IGLJ2.IGLC2;IGHV1-46..IGHJ3.IGHM_IGKV4-1.IGKJ5.IGKC;IGHV3-11..IGHJ6.IGHM_IGKV1-39.IGKJ3.IGKC;IGHV4-34..IGHJ6.IGHM_IGKV3-20.IGKJ1.IGKC;IGHV4-34..IGHJ4.IGHM_IGLV3-19.IGLJ2.IGLC2;IGHV4-34..IGHJ6.IGHM_IGKV3-20.IGKJ1.IGKC;IGHV1-3..IGHJ5.IGHM_IGKV4-1.IGKJ2.IGKC;IGHV7-4-1..IGHJ6.IGHA1_IGKV4-1.IGKJ1.IGKC;IGHV4-34.IGHD3-10.IGHJ6.IGHM_IGLV1-44.IGLJ2.IGLC2;IGHV4-34.IGHD5-5.IGHJ5.IGHM_IGLV3-19.IGLJ2.IGLC2;IGHV4-34..IGHJ5.IGHM_IGKV1-39.IGKJ4.IGKC;IGHV1-18.IGHD4-17.IGHJ4.IGHM_IGKV4-1.IGKJ4.IGKC;IGHV4-34..IGHJ6.IGHM_IGKV1-27.IGKJ2.IGKC;IGHV6-1..IGHJ4.IGHM_IGKV4-1.IGKJ1.IGKC;IGHV4-34..IGHJ4.IGHM_IGKV3-15.IGKJ2.IGKC;IGHV1-2..IGHJ5.IGHM_IGKV4-1.IGKJ2.IGKC;IGHV4-34..IGHJ6.IGHM_IGLV7-43.IGLJ1.IGLC1;IGHV4-39..IGHJ3.IGHM_IGKV4-1.IGKJ4.IGKC;IGHV4-34..IGHJ4.IGHM_IGLV1-44.IGLJ1.IGLC1;IGHV4-34.IGHD3-22.IGHJ1.IGHM_IGKV1-33.IGKJ4.IGKC;IGHV4-34.IGHD2-15.IGHJ5.IGHM_IGKV1-8.IGKJ1.IGKC	0	NA
9	1	IGHV1-69D..IGHJ4.IGHM_NA	18	68	IGHV4-39..IGHJ4.IGHA1_IGLV2-23.IGLJ3.IGLC2;IGHV4-39..IGHJ4.IGHM_IGLV1-44.IGLJ1.IGLC1;IGHV3-21..IGHJ6.IGHM_IGKV1-33.IGKJ3.IGKC;IGHV3-74.IGHD2-15.IGHJ6.IGHM_IGLV1-44.IGLJ1.IGLC1;IGHV3-21.IGHD3-22.IGHJ3.IGHM_IGLV3-25.IGLJ2.IGLC2;IGHV4-30-4..IGHJ5.IGHM_IGLV1-44.IGLJ2.IGLC2;IGHV3-21.IGHD3-3.IGHJ5.IGHM_IGKV1-27.IGKJ4.IGKC;IGHV3-21.IGHD4-17.IGHJ4.IGHM_IGLV1-44.IGLJ2.IGLC2;IGHV3-21..IGHJ6.IGHM_IGKV3-20.IGKJ2.IGKC;IGHV3-21..IGHJ6.IGHM_IGLV3-21.IGLJ1.IGLC1;IGHV3-21..IGHJ3.IGHM_IGKV1-39.IGKJ1.IGKC;IGHV2-26..IGHJ4.IGHM_IGLV1-51.IGLJ2.IGLC2;IGHV3-21.IGHD1-26.IGHJ4.IGHM_IGLV2-11.IGLJ3.IGLC3;IGHV3-21.IGHD6-13.IGHJ4.IGHM_IGLV1-51.IGLJ1.IGLC1;IGHV3-30..IGHJ5.IGHG1_IGLV1-44.IGLJ3.IGLC2;IGHV3-21..IGHJ5.IGHM_IGLV8-61.IGLJ2.IGLC2;IGHV4-59..IGHJ6.IGHM_IGLV1-44.IGLJ2.IGLC2;IGHV2-5..IGHJ4.IGHG1_IGLV1-44.IGLJ1.IGLC1;IGHV1-69D.IGHD2-2.IGHJ4.IGHA1_IGKV3-20.IGKJ2.IGKC;IGHV3-33.IGHD3-22.IGHJ4.IGHM_IGLV1-44.IGLJ3.IGLC2;IGHV3-11..IGHJ6.IGHA1_IGLV3-1.IGLJ2.IGLC2;IGHV3-21.IGHD1-20.IGHJ4.IGHD_IGKV1-8.IGKJ3.IGKC;IGHV3-21..IGHJ4.IGHM_IGLV3-25.IGLJ1.IGLC1;IGHV3-23.IGHD3-22.IGHJ4.IGHM_IGLV1-44.IGLJ3.IGLC3;IGHV1-8..IGHJ6.IGHG2_IGLV1-44.IGLJ1.IGLC1;IGHV3-21.IGHD5-12.IGHJ6.IGHM_IGLV1-40.IGLJ3.IGLC2;IGHV3-21..IGHJ6.IGHM_IGLV3-1.IGLJ2.IGLC2;IGHV3-21.IGHD3-10.IGHJ6.IGHM_IGLV2-23.IGLJ3.IGLC3;IGHV4-39.IGHD3-9.IGHJ4.IGHM_IGLV1-44.IGLJ1.IGLC1;IGHV1-18..IGHJ4.IGHM_IGLV1-44.IGLJ3.IGLC2;IGHV3-66..IGHJ6.IGHM_IGLV1-44.IGLJ3.IGLC3;IGHV3-21.IGHD3-22.IGHJ4.IGHM_IGKV1-12.IGKJ5.IGKC;IGHV2-5.IGHD2-2.IGHJ5.IGHM_IGLV1-44.IGLJ2.IGLC2;IGHV4-39.IGHD3-9.IGHJ4.IGHM_IGLV1-44.IGLJ1.IGLC1;IGHV6-1..IGHJ5.IGHA1_IGLV1-51.IGLJ3.IGLC2;IGHV4-59.IGHD3-10.IGHJ5.IGHM_IGLV1-44.IGLJ2.IGLC2;IGHV4-39.IGHD3-9.IGHJ2.IGHM_IGLV1-44.IGLJ2.IGLC2;IGHV1-18.IGHD4-17.IGHJ1.IGHM_IGLV1-44.IGLJ2.IGLC2;IGHV3-21..IGHJ4.IGHM_IGLV1-47.IGLJ2.IGLC2;IGHV3-21..IGHJ4.IGHG1_IGKV2D-29.IGKJ4.IGKC;IGHV4-61..IGHJ6.IGHM_IGLV1-44.IGLJ3.IGLC2;IGHV4-30-4.IGHD3-10.IGHJ4.IGHG2_IGLV1-44.IGLJ2.IGLC2;IGHV3-21..IGHJ4.IGHM_IGKV1-39.IGKJ3.IGKC;IGHV4-39..IGHJ4.IGHM_IGLV1-44.IGLJ2.IGLC2;IGHV3-21..IGHJ4.IGHM_IGKV1-8.IGKJ4.IGKC;IGHV1-69D..IGHJ4.IGHM_IGLV1-44.IGLJ1.IGLC1;IGHV3-21..IGHJ3.IGHA2_IGKV3-20.IGKJ1.IGKC;IGHV2-5..IGHJ4.IGHG1_IGLV1-44.IGLJ1.IGLC1;IGHV3-33.IGHD3-10.IGHJ4.IGHM_IGKV3-15.IGKJ1.IGKC;IGHV3-21.IGHD6-19.IGHJ5.IGHM_IGKV1-8.IGKJ2.IGKC;IGHV3-21.IGHD5-24.IGHJ4.IGHM_IGKV1-27.IGKJ3.IGKC;IGHV3-9..IGHJ4.IGHM_IGLV1-44.IGLJ3.IGLC3;IGHV3-21..IGHJ4.IGHM_IGKV1-8.IGKJ1.IGKC;IGHV3-21.IGHD5-5.IGHJ4.IGHM_IGLV1-44.IGLJ2.IGLC2;IGHV3-48..IGHJ6.IGHM_IGLV1-44.IGLJ1.IGLC1;IGHV3-21.IGHD2-2.IGHJ6.IGHM_IGKV2-28.IGKJ2.IGKC;IGHV3-21..IGHJ4.IGHM_IGLV6-57.IGLJ3.IGLC2;IGHV4-30-4.IGHD3-10.IGHJ5.IGHM_IGLV1-44.IGLJ3.IGLC3;IGHV3-21..IGHJ4.IGHM_IGKV3-15.IGKJ2.IGKC;IGHV3-21..IGHJ4.IGHM_IGKV3-15.IGKJ4.IGKC;IGHV3-21..IGHJ4.IGHM_IGKV1-33.IGKJ2.IGKC;IGHV5-51..IGHJ5.IGHA2_IGKV1-5.IGKJ1.IGKC;IGHV3-21..IGHJ4.IGHM_IGLV6-57.IGLJ3.IGLC3;IGHV3-21..IGHJ5.IGHM_IGKV1-5.IGKJ1.IGKC;IGHV3-7..IGHJ4.IGHM_IGLV1-47.IGLJ3.IGLC3;IGHV4-59..IGHJ3.IGHA1_IGLV1-44.IGLJ1.IGLC1;IGHV3-21.IGHD2-15.IGHJ4.IGHM_IGKV1-27.IGKJ1.IGKC;IGHV3-30..IGHJ6.IGHA1_IGLV1-44.IGLJ2.IGLC2	0	NA
9	1	IGHV1-69D..IGHJ4.IGHM_NA	19	62	IGHV3-23.IGHD2-15.IGHJ3.IGHD_IGLV2-23.IGLJ1.IGLC1;IGHV3-23..IGHJ4.IGHM_IGKV3-15.IGKJ1.IGKC;IGHV3-23..IGHJ4.IGHM_IGKV2-30.IGKJ4.IGKC;IGHV3-23..IGHJ3.IGHM_IGLV1-44.IGLJ3.IGLC3;IGHV3-23..IGHJ2.IGHM_IGKV3D-15.IGKJ2.IGKC;IGHV3-23..IGHJ4.IGHM_IGLV3-21.IGLJ2.IGLC2;IGHV3-23..IGHJ3.IGHM_IGKV1-12.IGKJ2.IGKC;IGHV3-23.IGHD3-9.IGHJ4.IGHM_IGKV1-39.IGKJ1.IGKC;IGHV3-23..IGHJ4.IGHM_IGKV1-39.IGKJ2.IGKC;IGHV3-23..IGHJ4.IGHM_IGKV2-28.IGKJ2.IGKC;IGHV3-23.IGHD3-3.IGHJ6.IGHM_IGKV2-28.IGKJ1.IGKC;IGHV3-23..IGHJ3.IGHM_IGKV2-30.IGKJ2.IGKC;IGHV3-7..IGHJ4.IGHM_IGKV2-30.IGKJ1.IGKC;IGHV3-23..IGHJ2.IGHM_IGKV3-11.IGKJ4.IGKC;IGHV3-23..IGHJ5.IGHM_IGLV3-25.IGLJ2.IGLC2;IGHV3-23..IGHJ4.IGHM_IGKV3-20.IGKJ1.IGKC;IGHV3-23..IGHJ5.IGHM_IGKV1-8.IGKJ1.IGKC;IGHV3-23.IGHD3-22.IGHJ4.IGHM_IGLV3-21.IGLJ2.IGLC2;IGHV3-23..IGHJ4.IGHG2_IGLV1-47.IGLJ3.IGLC3;IGHV3-23..IGHJ4.IGHM_IGKV1-39.IGKJ1.IGKC;IGHV4-30-4..IGHJ4.IGHM_IGLV3-19.IGLJ2.IGLC2;IGHV3-23.IGHD2-15.IGHJ3.IGHM_IGKV1-39.IGKJ4.IGKC;IGHV3-23.IGHD3-22.IGHJ4.IGHM_IGLV3-1.IGLJ1.IGLC1;IGHV3-23..IGHJ4.IGHM_IGKV1-39.IGKJ2.IGKC;IGHV3-23..IGHJ3.IGHM_IGKV1-5.IGKJ1.IGKC;IGHV3-23..IGHJ5.IGHM_IGKV1-39.IGKJ2.IGKC;IGHV3-23.IGHD2-21.IGHJ6.IGHM_IGKV1-12.IGKJ2.IGKC;IGHV3-23..IGHJ4.IGHM_IGKV2-24.IGKJ2.IGKC;IGHV3-23.IGHD3-10.IGHJ3.IGHM_IGKV1-9.IGKJ3.IGKC;IGHV3-23..IGHJ4.IGHM_IGKV1-9.IGKJ5.IGKC;IGHV3-23.IGHD1-26.IGHJ4.IGHM_IGLV3-21.IGLJ3.IGLC3;IGHV3-23..IGHJ5.IGHM_IGKV1-16.IGKJ1.IGKC;IGHV3-23..IGHJ4.IGHM_IGKV1-33.IGKJ5.IGKC;IGHV3-23.IGHD6-13.IGHJ2.IGHM_IGKV3-11.IGKJ4.IGKC;IGHV3-23..IGHJ6.IGHD_IGKV1-5.IGKJ2.IGKC;IGHV3-23.IGHD6-19.IGHJ6.IGHM_IGKV3-15.IGKJ3.IGKC;IGHV3-23.IGHD6-19.IGHJ6.IGHM_IGLV3-21.IGLJ2.IGLC2;IGHV3-23.IGHD3-3.IGHJ4.IGHM_IGKV1-9.IGKJ4.IGKC;IGHV3-23.IGHD2-21.IGHJ4.IGHM_IGKV3-20.IGKJ4.IGKC;IGHV3-23..IGHJ4.IGHM_IGLV3-25.IGLJ3.IGLC2;IGHV3-23.IGHD2-15.IGHJ6.IGHM_IGKV2-28.IGKJ4.IGKC;IGHV3-23..IGHJ4.IGHM_IGLV3-1.IGLJ2.IGLC2;IGHV3-23.IGHD3-22.IGHJ3.IGHM_IGKV1-8.IGKJ1.IGKC;IGHV3-23.IGHD2-2.IGHJ4.IGHM_IGLV2-8.IGLJ1.IGLC1;IGHV3-23.IGHD3-16.IGHJ5.IGHM_IGKV1-27.IGKJ1.IGKC;IGHV3-23.IGHD1-7.IGHJ4.IGHM_IGKV3-20.IGKJ1.IGKC;IGHV3-23..IGHJ4.IGHM_IGLV2-11.IGLJ2.IGLC2;IGHV3-23.IGHD3-10.IGHJ2.IGHM_IGKV1-8.IGKJ4.IGKC;IGHV3-23..IGHJ4.IGHM_IGKV3-15.IGKJ4.IGKC;IGHV3-23..IGHJ3.IGHM_IGKV1-39.IGKJ4.IGKC;IGHV3-23.IGHD3-10.IGHJ4.IGHM_IGKV3-15.IGKJ2.IGKC;IGHV3-23..IGHJ3.IGHM_IGKV1-9.IGKJ3.IGKC;IGHV3-23.IGHD3-10.IGHJ4.IGHM_IGKV3D-15.IGKJ2.IGKC;IGHV3-23..IGHJ3.IGHM_IGKV1-33.IGKJ3.IGKC;IGHV3-23..IGHJ4.IGHM_IGKV1-33.IGKJ1.IGKC;IGHV3-23..IGHJ1.IGHM_IGKV2-28.IGKJ1.IGKC;IGHV3-23..IGHJ4.IGHM_IGKV1D-8.IGKJ2.IGKC;IGHV3-23..IGHJ6.IGHM_IGKV3-15.IGKJ4.IGKC;IGHV3-23..IGHJ3.IGHM_IGKV1-5.IGKJ4.IGKC;IGHV3-23..IGHJ6.IGHM_IGLV8-61.IGLJ2.IGLC2;IGHV3-23..IGHJ4.IGHM_IGKV1-39.IGKJ2.IGKC;IGHV3-23..IGHJ6.IGHM_IGKV1-5.IGKJ2.IGKC	0	NA
9	1	IGHV1-69D..IGHJ4.IGHM_NA	20	56	IGHV4-61..IGHJ6.IGHM_IGLV2-14.IGLJ3.IGLC3;IGHV3-33..IGHJ6.IGHM_IGLV2-14.IGLJ1.IGLC1;IGHV3-49..IGHJ3.IGHM_IGLV2-14.IGLJ2.IGLC2;IGHV3-7..IGHJ6.IGHA1_IGLV2-14.IGLJ1.IGLC1;IGHV3-11..IGHJ4.IGHM_IGLV1-36.IGLJ1.IGLC1;IGHV1-8..IGHJ4.IGHM_IGLV2-14.IGLJ2.IGLC2;IGHV1-3.IGHD3-10.IGHJ2.IGHM_IGLV2-14.IGLJ2.IGLC2;IGHV3-23.IGHD3-3.IGHJ6.IGHD_IGLV2-14.IGLJ2.IGLC2;IGHV3-11..IGHJ6.IGHM_IGLV2-14.IGLJ3.IGLC3;IGHV4-61.IGHD3-22.IGHJ4.IGHM_IGLV2-14.IGLJ1.IGLC1;IGHV4-39..IGHJ4.IGHM_IGLV2-14.IGLJ3.IGLC3;IGHV3-15.IGHD3-22.IGHJ4.IGHM_IGLV2-14.IGLJ1.IGLC1;IGHV2-5..IGHJ6.IGHG2_IGLV2-14.IGLJ1.IGLC1;IGHV3-30.IGHD3-10.IGHJ4.IGHM_IGLV2-14.IGLJ1.IGLC1;IGHV1-69D..IGHJ6.IGHM_IGLV2-14.IGLJ1.IGLC1;IGHV3-30..IGHJ2.IGHM_IGLV2-14.IGLJ2.IGLC3;IGHV4-39..IGHJ5.IGHM_IGLV2-14.IGLJ2.IGLC2;IGHV4-39..IGHJ6.IGHM_IGLV2-14.IGLJ2.IGLC2;IGHV4-34.IGHD6-19.IGHJ6.IGHM_IGLV2-14.IGLJ2.IGLC2;IGHV1-18.IGHD3-9.IGHJ4.IGHM_IGLV2-14.IGLJ2.IGLC2;IGHV3-30..IGHJ4.IGHM_IGLV2-14.IGLJ3.IGLC2;IGHV3-33.IGHD2-2.IGHJ6.IGHM_IGLV1-51.IGLJ2.IGLC2;IGHV2-70..IGHJ4.IGHM_IGLV2-14.IGLJ2.IGLC2;IGHV3-53..IGHJ6.IGHM_IGKV1-9.IGKJ2.IGKC;IGHV3-74.IGHD7-27.IGHJ4.IGHG1_IGLV2-14.IGLJ1.IGLC1;IGHV3-33.IGHD3-10.IGHJ6.IGHG1_IGLV2-14.IGLJ2.IGLC2;IGHV2-26.IGHD2-15.IGHJ6.IGHM_IGLV2-14.IGLJ2.IGLC2;IGHV3-21..IGHJ5.IGHG2_IGLV2-14.IGLJ3.IGLC3;IGHV4-61.IGHD2-15.IGHJ6.IGHM_IGLV2-14.IGLJ3.IGLC2;IGHV1-2..IGHJ4.IGHM_IGLV2-14.IGLJ2.IGLC3;IGHV3-33..IGHJ5.IGHM_IGLV2-14.IGLJ1.IGLC1;IGHV3-21.IGHD3-22.IGHJ4.IGHM_IGLV2-14.IGLJ2.IGLC2;IGHV4-31..IGHJ4.IGHM_IGLV2-14.IGLJ2.IGLC2;IGHV2-5..IGHJ4.IGHM_IGLV2-14.IGLJ2.IGLC3;IGHV4-31.IGHD3-9.IGHJ6.IGHM_IGLV2-14.IGLJ1.IGLC1;IGHV3-33..IGHJ6.IGHM_IGLV2-14.IGLJ1.IGLC1;IGHV4-39..IGHJ4.IGHM_IGKV3-20.IGKJ1.IGKC;IGHV3-66..IGHJ4.IGHM_IGLV2-14.IGLJ1.IGLC1;IGHV5-51..IGHJ4.IGHM_IGLV2-14.IGLJ3.IGLC3;IGHV3-33..IGHJ6.IGHA1_IGLV2-14.IGLJ2.IGLC2;IGHV3-9..IGHJ4.IGHM_IGLV2-14.IGLJ2.IGLC2;IGHV4-34..IGHJ6.IGHM_IGLV2-14.IGLJ1.IGLC1;IGHV3-11.IGHD3-22.IGHJ6.IGHM_IGLV2-14.IGLJ2.IGLC2;IGHV3-9.IGHD3-9.IGHJ6.IGHA1_IGLV2-14.IGLJ1.IGLC1;IGHV3-9..IGHJ4.IGHM_IGLV2-14.IGLJ2.IGLC2;IGHV4-39..IGHJ1.IGHM_IGLV2-14.IGLJ2.IGLC2;IGHV3-9..IGHJ6.IGHM_IGLV2-14.IGLJ1.IGLC1;IGHV4-30-4..IGHJ1.IGHM_IGLV2-14.IGLJ2.IGLC2;IGHV3-48..IGHJ6.IGHM_IGLV2-14.IGLJ2.IGLC2;IGHV1-46..IGHJ5.IGHM_IGLV2-8.IGLJ2.IGLC2;IGHV3-74..IGHJ4.IGHM_IGLV2-14.IGLJ2.IGLC2;IGHV3-33.IGHD4-17.IGHJ3.IGHG1_IGLV2-14.IGLJ1.IGLC1;IGHV1-69D.IGHD2-15.IGHJ5.IGHM_IGLV2-14.IGLJ3.IGLC2;IGHV3-23.IGHD1-20.IGHJ4.IGHM_IGLV2-14.IGLJ3.IGLC2;IGHV3-48..IGHJ5.IGHM_IGLV2-14.IGLJ3.IGLC3;IGHV3-9..IGHJ6.IGHA1_IGLV2-14.IGLJ1.IGLC1	0	NA
9	1	IGHV1-69D..IGHJ4.IGHM_NA	22	1	IGHV4-59.IGHD3-22.IGHJ3.IGHM_IGKV1-33.IGKJ3.IGKC	0	NA
16	79	IGHV3-21.IGHD4-23.IGHJ2.IGHM_IGKV3-11.IGKJ2.IGKC;IGHV3-33.IGHD6-19.IGHJ6.IGHM_IGKV1-39.IGKJ1.IGKC;IGHV3-33..IGHJ5.IGHM_IGLV1-40.IGLJ1.IGLC1;IGHV3-33.IGHD2-2.IGHJ4.IGHM_IGKV3-20.IGKJ2.IGKC;IGHV3-30..IGHJ4.IGHM_IGKV3-11.IGKJ1.IGKC;IGHV4-59..IGHJ5.IGHG1_IGKV3-11.IGKJ4.IGKC;IGHV3-23..IGHJ5.IGHM_IGKV3-11.IGKJ5.IGKC;IGHV3-33..IGHJ6.IGHM_IGLV1-40.IGLJ2.IGLC2;IGHV3-33..IGHJ4.IGHM_IGKV1-5.IGKJ2.IGKC;IGHV3-11..IGHJ5.IGHM_IGKV3-15.IGKJ2.IGKC;IGHV3-33..IGHJ6.IGHM_IGKV4-1.IGKJ4.IGKC;IGHV1-3.IGHD3-9.IGHJ5.IGHM_IGKV3-11.IGKJ1.IGKC;IGHV3-7..IGHJ6.IGHM_IGKV3-11.IGKJ4.IGKC;IGHV3-33..IGHJ4.IGHM_IGKV3-15.IGKJ1.IGKC;IGHV2-5.IGHD3-9.IGHJ4.IGHM_IGKV1-39.IGKJ2.IGKC;IGHV3-33..IGHJ4.IGHM_IGKV1-39.IGKJ2.IGKC;IGHV3-33..IGHJ4.IGHM_IGKV1-12.IGKJ4.IGKC;IGHV4-59.IGHD3-9.IGHJ6.IGHM_IGLV2-8.IGLJ2.IGLC2;IGHV1-8.IGHD3-3.IGHJ2.IGHM_IGKV3-11.IGKJ2.IGKC;IGHV4-39..IGHJ3.IGHM_IGKV3-11.IGKJ3.IGKC;IGHV3-33.IGHD6-19.IGHJ4.IGHM_IGLV3-1.IGLJ2.IGLC2;IGHV3-33..IGHJ6.IGHM_IGLV3-25.IGLJ1.IGLC1;IGHV3-33..IGHJ5.IGHM_IGKV1-39.IGKJ1.IGKC;IGHV3-30..IGHJ3.IGHM_IGKV3-11.IGKJ4.IGKC;IGHV3-33..IGHJ4.IGHM_IGLV1-44.IGLJ1.IGLC1;IGHV3-33..IGHJ4.IGHM_IGLV2-23.IGLJ3.IGLC3;IGHV1-69D.IGHD6-13.IGHJ4.IGHM_IGKV3-11.IGKJ3.IGKC;IGHV3-15..IGHJ4.IGHM_IGKV3-11.IGKJ4.IGKC;IGHV1-69D.IGHD5-5.IGHJ4.IGHM_IGKV3-20.IGKJ1.IGKC;IGHV3-33.IGHD5-5.IGHJ4.IGHM_IGKV3-11.IGKJ2.IGKC;IGHV1-46..IGHJ6.IGHM_IGKV3-11.IGKJ4.IGKC;IGHV3-33..IGHJ4.IGHA1_IGLV2-23.IGLJ1.IGLC1;IGHV3-20..IGHJ5.IGHM_IGKV3-11.IGKJ4.IGKC;IGHV3-33.IGHD2-15.IGHJ4.IGHM_IGLV3-25.IGLJ2.IGLC2;IGHV4-59..IGHJ5.IGHM_IGKV3-11.IGKJ4.IGKC;IGHV3-33.IGHD5-24.IGHJ4.IGHM_IGKV1-33.IGKJ4.IGKC;IGHV3-30.IGHD3-10.IGHJ6.IGHM_IGKV3-11.IGKJ5.IGKC;IGHV3-74..IGHJ3.IGHM_IGKV1-39.IGKJ1.IGKC;IGHV1-69D.IGHD2-21.IGHJ6.IGHM_IGLV3-25.IGLJ3.IGLC3;IGHV3-33.IGHD3-10.IGHJ4.IGHM_IGLV1-40.IGLJ7.IGLC7;IGHV3-33..IGHJ4.IGHM_IGKV2-24.IGKJ2.IGKC;IGHV3-23..IGHJ5.IGHM_IGKV3-11.IGKJ5.IGKC;IGHV3-33.IGHD3-22.IGHJ4.IGHM_IGKV1-5.IGKJ2.IGKC;IGHV4-34.IGHD2-15.IGHJ6.IGHM_IGKV3-11.IGKJ2.IGKC;IGHV3-33.IGHD4-17.IGHJ6.IGHM_IGKV1-17.IGKJ1.IGKC;IGHV3-21.IGHD6-19.IGHJ4.IGHM_IGKV3-11.IGKJ1.IGKC;IGHV3-23.IGHD6-19.IGHJ4.IGHM_IGKV3-11.IGKJ1.IGKC;IGHV3-33.IGHD6-19.IGHJ6.IGHM_IGKV3-20.IGKJ1.IGKC;IGHV3-33..IGHJ4.IGHM_IGKV3-15.IGKJ1.IGKC;IGHV3-33..IGHJ4.IGHM_IGKV3-20.IGKJ2.IGKC;IGHV3-33.IGHD3-22.IGHJ3.IGHM_IGLV7-46.IGLJ3.IGLC2;IGHV3-33..IGHJ4.IGHM_IGKV1-5.IGKJ2.IGKC;IGHV3-30.IGHD3-10.IGHJ6.IGHM_IGKV3-11.IGKJ4.IGKC;IGHV3-33..IGHJ6.IGHM_IGKV1-17.IGKJ1.IGKC;IGHV1-24..IGHJ4.IGHM_IGKV3-11.IGKJ4.IGKC;IGHV1-18.IGHD3-3.IGHJ6.IGHM_IGKV3-11.IGKJ2.IGKC;IGHV3-33.IGHD5-5.IGHJ4.IGHM_IGKV1-39.IGKJ1.IGKC;IGHV3-33.IGHD5-5.IGHJ6.IGHM_IGLV3-25.IGLJ2.IGLC2;IGHV3-23..IGHJ4.IGHM_IGKV3-11.IGKJ4.IGKC;IGHV3-33..IGHJ4.IGHM_IGLV3-19.IGLJ1.IGLC1;IGHV3-33..IGHJ3.IGHM_IGKV3-11.IGKJ2.IGKC;IGHV3-33..IGHJ5.IGHM_IGLV2-23.IGLJ1.IGLC1;IGHV3-7.IGHD2-2.IGHJ4.IGHM_IGKV3-11.IGKJ3.IGKC;IGHV3-33..IGHJ4.IGHM_IGLV3-25.IGLJ1.IGLC1;IGHV3-33..IGHJ4.IGHM_IGKV3-15.IGKJ4.IGKC;IGHV3-33..IGHJ3.IGHM_IGKV1-5.IGKJ1.IGKC;IGHV3-33..IGHJ4.IGHM_IGKV1-39.IGKJ4.IGKC;IGHV5-51..IGHJ4.IGHM_IGKV3-11.IGKJ4.IGKC;IGHV3-23..IGHJ4.IGHM_IGKV3-11.IGKJ4.IGKC;IGHV3-49..IGHJ6.IGHM_IGKV3-11.IGKJ5.IGKC;IGHV3-33..IGHJ3.IGHM_IGKV1-8.IGKJ1.IGKC;IGHV3-33..IGHJ4.IGHM_IGLV3-25.IGLJ3.IGLC3;IGHV3-30.IGHD3-10.IGHJ6.IGHM_IGKV3-11.IGKJ4.IGKC;IGHV3-33..IGHJ3.IGHM_IGKV1-39.IGKJ1.IGKC;IGHV3-33.IGHD3-22.IGHJ4.IGHM_IGKV1-5.IGKJ4.IGKC;IGHV3-15..IGHJ6.IGHM_IGKV3-11.IGKJ2.IGKC;IGHV3-33..IGHJ4.IGHM_IGLV2-8.IGLJ3.IGLC2;IGHV7-4-1.IGHD3-10.IGHJ4.IGHM_IGKV3-11.IGKJ5.IGKC;IGHV3-21..IGHJ2.IGHM_IGKV3-11.IGKJ4.IGKC	0	3	IGHV1-2..IGHJ6.IGHM_IGKV4-1.IGKJ4.IGKC;IGHV4-61.IGHD3-22.IGHJ2.IGHM_IGLV2-8.IGLJ1.IGLC1;NA_IGKV1-12.IGKJ4.IGKC	0	NA
16	79	IGHV3-21.IGHD4-23.IGHJ2.IGHM_IGKV3-11.IGKJ2.IGKC;IGHV3-33.IGHD6-19.IGHJ6.IGHM_IGKV1-39.IGKJ1.IGKC;IGHV3-33..IGHJ5.IGHM_IGLV1-40.IGLJ1.IGLC1;IGHV3-33.IGHD2-2.IGHJ4.IGHM_IGKV3-20.IGKJ2.IGKC;IGHV3-30..IGHJ4.IGHM_IGKV3-11.IGKJ1.IGKC;IGHV4-59..IGHJ5.IGHG1_IGKV3-11.IGKJ4.IGKC;IGHV3-23..IGHJ5.IGHM_IGKV3-11.IGKJ5.IGKC;IGHV3-33..IGHJ6.IGHM_IGLV1-40.IGLJ2.IGLC2;IGHV3-33..IGHJ4.IGHM_IGKV1-5.IGKJ2.IGKC;IGHV3-11..IGHJ5.IGHM_IGKV3-15.IGKJ2.IGKC;IGHV3-33..IGHJ6.IGHM_IGKV4-1.IGKJ4.IGKC;IGHV1-3.IGHD3-9.IGHJ5.IGHM_IGKV3-11.IGKJ1.IGKC;IGHV3-7..IGHJ6.IGHM_IGKV3-11.IGKJ4.IGKC;IGHV3-33..IGHJ4.IGHM_IGKV3-15.IGKJ1.IGKC;IGHV2-5.IGHD3-9.IGHJ4.IGHM_IGKV1-39.IGKJ2.IGKC;IGHV3-33..IGHJ4.IGHM_IGKV1-39.IGKJ2.IGKC;IGHV3-33..IGHJ4.IGHM_IGKV1-12.IGKJ4.IGKC;IGHV4-59.IGHD3-9.IGHJ6.IGHM_IGLV2-8.IGLJ2.IGLC2;IGHV1-8.IGHD3-3.IGHJ2.IGHM_IGKV3-11.IGKJ2.IGKC;IGHV4-39..IGHJ3.IGHM_IGKV3-11.IGKJ3.IGKC;IGHV3-33.IGHD6-19.IGHJ4.IGHM_IGLV3-1.IGLJ2.IGLC2;IGHV3-33..IGHJ6.IGHM_IGLV3-25.IGLJ1.IGLC1;IGHV3-33..IGHJ5.IGHM_IGKV1-39.IGKJ1.IGKC;IGHV3-30..IGHJ3.IGHM_IGKV3-11.IGKJ4.IGKC;IGHV3-33..IGHJ4.IGHM_IGLV1-44.IGLJ1.IGLC1;IGHV3-33..IGHJ4.IGHM_IGLV2-23.IGLJ3.IGLC3;IGHV1-69D.IGHD6-13.IGHJ4.IGHM_IGKV3-11.IGKJ3.IGKC;IGHV3-15..IGHJ4.IGHM_IGKV3-11.IGKJ4.IGKC;IGHV1-69D.IGHD5-5.IGHJ4.IGHM_IGKV3-20.IGKJ1.IGKC;IGHV3-33.IGHD5-5.IGHJ4.IGHM_IGKV3-11.IGKJ2.IGKC;IGHV1-46..IGHJ6.IGHM_IGKV3-11.IGKJ4.IGKC;IGHV3-33..IGHJ4.IGHA1_IGLV2-23.IGLJ1.IGLC1;IGHV3-20..IGHJ5.IGHM_IGKV3-11.IGKJ4.IGKC;IGHV3-33.IGHD2-15.IGHJ4.IGHM_IGLV3-25.IGLJ2.IGLC2;IGHV4-59..IGHJ5.IGHM_IGKV3-11.IGKJ4.IGKC;IGHV3-33.IGHD5-24.IGHJ4.IGHM_IGKV1-33.IGKJ4.IGKC;IGHV3-30.IGHD3-10.IGHJ6.IGHM_IGKV3-11.IGKJ5.IGKC;IGHV3-74..IGHJ3.IGHM_IGKV1-39.IGKJ1.IGKC;IGHV1-69D.IGHD2-21.IGHJ6.IGHM_IGLV3-25.IGLJ3.IGLC3;IGHV3-33.IGHD3-10.IGHJ4.IGHM_IGLV1-40.IGLJ7.IGLC7;IGHV3-33..IGHJ4.IGHM_IGKV2-24.IGKJ2.IGKC;IGHV3-23..IGHJ5.IGHM_IGKV3-11.IGKJ5.IGKC;IGHV3-33.IGHD3-22.IGHJ4.IGHM_IGKV1-5.IGKJ2.IGKC;IGHV4-34.IGHD2-15.IGHJ6.IGHM_IGKV3-11.IGKJ2.IGKC;IGHV3-33.IGHD4-17.IGHJ6.IGHM_IGKV1-17.IGKJ1.IGKC;IGHV3-21.IGHD6-19.IGHJ4.IGHM_IGKV3-11.IGKJ1.IGKC;IGHV3-23.IGHD6-19.IGHJ4.IGHM_IGKV3-11.IGKJ1.IGKC;IGHV3-33.IGHD6-19.IGHJ6.IGHM_IGKV3-20.IGKJ1.IGKC;IGHV3-33..IGHJ4.IGHM_IGKV3-15.IGKJ1.IGKC;IGHV3-33..IGHJ4.IGHM_IGKV3-20.IGKJ2.IGKC;IGHV3-33.IGHD3-22.IGHJ3.IGHM_IGLV7-46.IGLJ3.IGLC2;IGHV3-33..IGHJ4.IGHM_IGKV1-5.IGKJ2.IGKC;IGHV3-30.IGHD3-10.IGHJ6.IGHM_IGKV3-11.IGKJ4.IGKC;IGHV3-33..IGHJ6.IGHM_IGKV1-17.IGKJ1.IGKC;IGHV1-24..IGHJ4.IGHM_IGKV3-11.IGKJ4.IGKC;IGHV1-18.IGHD3-3.IGHJ6.IGHM_IGKV3-11.IGKJ2.IGKC;IGHV3-33.IGHD5-5.IGHJ4.IGHM_IGKV1-39.IGKJ1.IGKC;IGHV3-33.IGHD5-5.IGHJ6.IGHM_IGLV3-25.IGLJ2.IGLC2;IGHV3-23..IGHJ4.IGHM_IGKV3-11.IGKJ4.IGKC;IGHV3-33..IGHJ4.IGHM_IGLV3-19.IGLJ1.IGLC1;IGHV3-33..IGHJ3.IGHM_IGKV3-11.IGKJ2.IGKC;IGHV3-33..IGHJ5.IGHM_IGLV2-23.IGLJ1.IGLC1;IGHV3-7.IGHD2-2.IGHJ4.IGHM_IGKV3-11.IGKJ3.IGKC;IGHV3-33..IGHJ4.IGHM_IGLV3-25.IGLJ1.IGLC1;IGHV3-33..IGHJ4.IGHM_IGKV3-15.IGKJ4.IGKC;IGHV3-33..IGHJ3.IGHM_IGKV1-5.IGKJ1.IGKC;IGHV3-33..IGHJ4.IGHM_IGKV1-39.IGKJ4.IGKC;IGHV5-51..IGHJ4.IGHM_IGKV3-11.IGKJ4.IGKC;IGHV3-23..IGHJ4.IGHM_IGKV3-11.IGKJ4.IGKC;IGHV3-49..IGHJ6.IGHM_IGKV3-11.IGKJ5.IGKC;IGHV3-33..IGHJ3.IGHM_IGKV1-8.IGKJ1.IGKC;IGHV3-33..IGHJ4.IGHM_IGLV3-25.IGLJ3.IGLC3;IGHV3-30.IGHD3-10.IGHJ6.IGHM_IGKV3-11.IGKJ4.IGKC;IGHV3-33..IGHJ3.IGHM_IGKV1-39.IGKJ1.IGKC;IGHV3-33.IGHD3-22.IGHJ4.IGHM_IGKV1-5.IGKJ4.IGKC;IGHV3-15..IGHJ6.IGHM_IGKV3-11.IGKJ2.IGKC;IGHV3-33..IGHJ4.IGHM_IGLV2-8.IGLJ3.IGLC2;IGHV7-4-1.IGHD3-10.IGHJ4.IGHM_IGKV3-11.IGKJ5.IGKC;IGHV3-21..IGHJ2.IGHM_IGKV3-11.IGKJ4.IGKC	2	1	IGHV3-48..IGHJ4.IGHM_IGKV3-20.IGKJ1.IGKC	0	NA
16	79	IGHV3-21.IGHD4-23.IGHJ2.IGHM_IGKV3-11.IGKJ2.IGKC;IGHV3-33.IGHD6-19.IGHJ6.IGHM_IGKV1-39.IGKJ1.IGKC;IGHV3-33..IGHJ5.IGHM_IGLV1-40.IGLJ1.IGLC1;IGHV3-33.IGHD2-2.IGHJ4.IGHM_IGKV3-20.IGKJ2.IGKC;IGHV3-30..IGHJ4.IGHM_IGKV3-11.IGKJ1.IGKC;IGHV4-59..IGHJ5.IGHG1_IGKV3-11.IGKJ4.IGKC;IGHV3-23..IGHJ5.IGHM_IGKV3-11.IGKJ5.IGKC;IGHV3-33..IGHJ6.IGHM_IGLV1-40.IGLJ2.IGLC2;IGHV3-33..IGHJ4.IGHM_IGKV1-5.IGKJ2.IGKC;IGHV3-11..IGHJ5.IGHM_IGKV3-15.IGKJ2.IGKC;IGHV3-33..IGHJ6.IGHM_IGKV4-1.IGKJ4.IGKC;IGHV1-3.IGHD3-9.IGHJ5.IGHM_IGKV3-11.IGKJ1.IGKC;IGHV3-7..IGHJ6.IGHM_IGKV3-11.IGKJ4.IGKC;IGHV3-33..IGHJ4.IGHM_IGKV3-15.IGKJ1.IGKC;IGHV2-5.IGHD3-9.IGHJ4.IGHM_IGKV1-39.IGKJ2.IGKC;IGHV3-33..IGHJ4.IGHM_IGKV1-39.IGKJ2.IGKC;IGHV3-33..IGHJ4.IGHM_IGKV1-12.IGKJ4.IGKC;IGHV4-59.IGHD3-9.IGHJ6.IGHM_IGLV2-8.IGLJ2.IGLC2;IGHV1-8.IGHD3-3.IGHJ2.IGHM_IGKV3-11.IGKJ2.IGKC;IGHV4-39..IGHJ3.IGHM_IGKV3-11.IGKJ3.IGKC;IGHV3-33.IGHD6-19.IGHJ4.IGHM_IGLV3-1.IGLJ2.IGLC2;IGHV3-33..IGHJ6.IGHM_IGLV3-25.IGLJ1.IGLC1;IGHV3-33..IGHJ5.IGHM_IGKV1-39.IGKJ1.IGKC;IGHV3-30..IGHJ3.IGHM_IGKV3-11.IGKJ4.IGKC;IGHV3-33..IGHJ4.IGHM_IGLV1-44.IGLJ1.IGLC1;IGHV3-33..IGHJ4.IGHM_IGLV2-23.IGLJ3.IGLC3;IGHV1-69D.IGHD6-13.IGHJ4.IGHM_IGKV3-11.IGKJ3.IGKC;IGHV3-15..IGHJ4.IGHM_IGKV3-11.IGKJ4.IGKC;IGHV1-69D.IGHD5-5.IGHJ4.IGHM_IGKV3-20.IGKJ1.IGKC;IGHV3-33.IGHD5-5.IGHJ4.IGHM_IGKV3-11.IGKJ2.IGKC;IGHV1-46..IGHJ6.IGHM_IGKV3-11.IGKJ4.IGKC;IGHV3-33..IGHJ4.IGHA1_IGLV2-23.IGLJ1.IGLC1;IGHV3-20..IGHJ5.IGHM_IGKV3-11.IGKJ4.IGKC;IGHV3-33.IGHD2-15.IGHJ4.IGHM_IGLV3-25.IGLJ2.IGLC2;IGHV4-59..IGHJ5.IGHM_IGKV3-11.IGKJ4.IGKC;IGHV3-33.IGHD5-24.IGHJ4.IGHM_IGKV1-33.IGKJ4.IGKC;IGHV3-30.IGHD3-10.IGHJ6.IGHM_IGKV3-11.IGKJ5.IGKC;IGHV3-74..IGHJ3.IGHM_IGKV1-39.IGKJ1.IGKC;IGHV1-69D.IGHD2-21.IGHJ6.IGHM_IGLV3-25.IGLJ3.IGLC3;IGHV3-33.IGHD3-10.IGHJ4.IGHM_IGLV1-40.IGLJ7.IGLC7;IGHV3-33..IGHJ4.IGHM_IGKV2-24.IGKJ2.IGKC;IGHV3-23..IGHJ5.IGHM_IGKV3-11.IGKJ5.IGKC;IGHV3-33.IGHD3-22.IGHJ4.IGHM_IGKV1-5.IGKJ2.IGKC;IGHV4-34.IGHD2-15.IGHJ6.IGHM_IGKV3-11.IGKJ2.IGKC;IGHV3-33.IGHD4-17.IGHJ6.IGHM_IGKV1-17.IGKJ1.IGKC;IGHV3-21.IGHD6-19.IGHJ4.IGHM_IGKV3-11.IGKJ1.IGKC;IGHV3-23.IGHD6-19.IGHJ4.IGHM_IGKV3-11.IGKJ1.IGKC;IGHV3-33.IGHD6-19.IGHJ6.IGHM_IGKV3-20.IGKJ1.IGKC;IGHV3-33..IGHJ4.IGHM_IGKV3-15.IGKJ1.IGKC;IGHV3-33..IGHJ4.IGHM_IGKV3-20.IGKJ2.IGKC;IGHV3-33.IGHD3-22.IGHJ3.IGHM_IGLV7-46.IGLJ3.IGLC2;IGHV3-33..IGHJ4.IGHM_IGKV1-5.IGKJ2.IGKC;IGHV3-30.IGHD3-10.IGHJ6.IGHM_IGKV3-11.IGKJ4.IGKC;IGHV3-33..IGHJ6.IGHM_IGKV1-17.IGKJ1.IGKC;IGHV1-24..IGHJ4.IGHM_IGKV3-11.IGKJ4.IGKC;IGHV1-18.IGHD3-3.IGHJ6.IGHM_IGKV3-11.IGKJ2.IGKC;IGHV3-33.IGHD5-5.IGHJ4.IGHM_IGKV1-39.IGKJ1.IGKC;IGHV3-33.IGHD5-5.IGHJ6.IGHM_IGLV3-25.IGLJ2.IGLC2;IGHV3-23..IGHJ4.IGHM_IGKV3-11.IGKJ4.IGKC;IGHV3-33..IGHJ4.IGHM_IGLV3-19.IGLJ1.IGLC1;IGHV3-33..IGHJ3.IGHM_IGKV3-11.IGKJ2.IGKC;IGHV3-33..IGHJ5.IGHM_IGLV2-23.IGLJ1.IGLC1;IGHV3-7.IGHD2-2.IGHJ4.IGHM_IGKV3-11.IGKJ3.IGKC;IGHV3-33..IGHJ4.IGHM_IGLV3-25.IGLJ1.IGLC1;IGHV3-33..IGHJ4.IGHM_IGKV3-15.IGKJ4.IGKC;IGHV3-33..IGHJ3.IGHM_IGKV1-5.IGKJ1.IGKC;IGHV3-33..IGHJ4.IGHM_IGKV1-39.IGKJ4.IGKC;IGHV5-51..IGHJ4.IGHM_IGKV3-11.IGKJ4.IGKC;IGHV3-23..IGHJ4.IGHM_IGKV3-11.IGKJ4.IGKC;IGHV3-49..IGHJ6.IGHM_IGKV3-11.IGKJ5.IGKC;IGHV3-33..IGHJ3.IGHM_IGKV1-8.IGKJ1.IGKC;IGHV3-33..IGHJ4.IGHM_IGLV3-25.IGLJ3.IGLC3;IGHV3-30.IGHD3-10.IGHJ6.IGHM_IGKV3-11.IGKJ4.IGKC;IGHV3-33..IGHJ3.IGHM_IGKV1-39.IGKJ1.IGKC;IGHV3-33.IGHD3-22.IGHJ4.IGHM_IGKV1-5.IGKJ4.IGKC;IGHV3-15..IGHJ6.IGHM_IGKV3-11.IGKJ2.IGKC;IGHV3-33..IGHJ4.IGHM_IGLV2-8.IGLJ3.IGLC2;IGHV7-4-1.IGHD3-10.IGHJ4.IGHM_IGKV3-11.IGKJ5.IGKC;IGHV3-21..IGHJ2.IGHM_IGKV3-11.IGKJ4.IGKC	4	454	NA_IGKV1-8.IGKJ4.IGKC;IGHV1-69D.IGHD3-22.IGHJ3.IGHM_IGKV1-8.IGKJ1.IGKC;IGHV1-2..IGHJ3.IGHM_IGLV5-45.IGLJ3.IGLC3;IGHV5-51..IGHJ3.IGHM_IGKV1D-8.IGKJ2.IGKC;IGHV4-39..IGHJ3.IGHM_IGLV3-21.IGLJ2.IGLC2;IGHV3-33..IGHJ4.IGHM_IGKV2-28.IGKJ2.IGKC;IGHV3-15..IGHJ4.IGHM_IGLV6-57.IGLJ2.IGLC2;IGHV1-2..IGHJ6.IGHM_IGKV1-27.IGKJ3.IGKC;IGHV2-5.IGHD3-9.IGHJ3.IGHM_IGKV1-5.IGKJ1.IGKC;IGHV3-7..IGHJ4.IGHM_IGKV1-39.IGKJ2.IGKC;IGHV1-8..IGHJ3.IGHM_IGKV3-20.IGKJ1.IGKC;IGHV3-9..IGHJ4.IGHM_IGKV3-20.IGKJ2.IGKC;IGHV4-59..IGHJ6.IGHM_IGKV3-20.IGKJ3.IGKC;IGHV4-31.IGHD2-8.IGHJ6.IGHM_IGLV1-47.IGLJ3.IGLC3;IGHV3-30.IGHD5-5.IGHJ4.IGHM_IGLV4-69.IGLJ3.IGLC3;IGHV2-26..IGHJ4.IGHM_IGKV1-5.IGKJ1.IGKC;IGHV3-33..IGHJ4.IGHG1_IGLV6-57.IGLJ3.IGLC3;IGHV5-51.IGHD3-9.IGHJ4.IGHM_IGKV3-20.IGKJ1.IGKC;IGHV2-5..IGHJ4.IGHM_IGKV2-30.IGKJ1.IGKC;IGHV3-74.IGHD3-22.IGHJ6.IGHD_IGKV1-9.IGKJ3.IGKC;IGHV3-33.IGHD4-17.IGHJ4.IGHM_IGKV3-15.IGKJ1.IGKC;IGHV4-39..IGHJ4.IGHM_IGLV1-40.IGLJ1.IGLC1;IGHV3-49..IGHJ6.IGHM_IGKV1D-8.IGKJ1.IGKC;IGHV3-30.IGHD3-22.IGHJ4.IGHM_IGLV3-25.IGLJ2.IGLC2;IGHV1-24.IGHD2-2.IGHJ6.IGHM_IGKV3-20.IGKJ4.IGKC;IGHV3-30..IGHJ4.IGHM_IGLV1-47.IGLJ2.IGLC2;IGHV3-43..IGHJ4.IGHM_IGLV1-51.IGLJ2.IGLC2;IGHV4-59..IGHJ4.IGHM_IGKV3-15.IGKJ3.IGKC;IGHV4-30-4..IGHJ3.IGHG2_IGKV1-39.IGKJ2.IGKC;IGHV3-7..IGHJ4.IGHM_IGKV1-39.IGKJ2.IGKC;IGHV4-59..IGHJ5.IGHM_IGKV1-12.IGKJ5.IGKC;IGHV1-69D.IGHD3-22.IGHJ4.IGHM_IGKV3-20.IGKJ1.IGKC;IGHV3-30..IGHJ4.IGHM_IGKV3-15.IGKJ1.IGKC;IGHV3-48.IGHD3-16.IGHJ6.IGHM_IGLV2-8.IGLJ1.IGLC1;IGHV1-8.IGHD3-22.IGHJ3.IGHM_IGKV2-28.IGKJ4.IGKC;IGHV3-30..IGHJ4.IGHM_IGKV1-39.IGKJ4.IGKC;IGHV3-11..IGHJ4.IGHM_IGLV1-40.IGLJ1.IGLC1;IGHV3-33..IGHJ4.IGHM_IGKV1-12.IGKJ5.IGKC;IGHV4-61..IGHJ4.IGHG1_IGKV1-39.IGKJ2.IGKC;IGHV1-69D.IGHD2-2.IGHJ5.IGHM_IGLV1-51.IGLJ3.IGLC3;IGHV3-7..IGHJ3.IGHM_IGLV3-1.IGLJ2.IGLC2;IGHV1-69D..IGHJ5.IGHM_IGLV1-40.IGLJ2.IGLC2;IGHV3-11..IGHJ4.IGHM_IGKV1-5.IGKJ1.IGKC;IGHV4-61..IGHJ5.IGHM_IGKV2-30.IGKJ4.IGKC;IGHV3-33..IGHJ6.IGHM_IGKV3-20.IGKJ1.IGKC;IGHV4-61.IGHD3-22.IGHJ4.IGHM_IGKV1-39.IGKJ4.IGKC;IGHV1-8.IGHD6-19.IGHJ4.IGHM_IGLV1-40.IGLJ2.IGLC2;IGHV3-33.IGHD4-4.IGHJ6.IGHM_IGKV1-39.IGKJ2.IGKC;IGHV3-7..IGHJ4.IGHM_IGLV3-21.IGLJ1.IGLC1;IGHV3-7.IGHD6-13.IGHJ4.IGHM_IGKV1-39.IGKJ2.IGKC;IGHV3-13.IGHD2-2.IGHJ6.IGHM_IGLV3-21.IGLJ3.IGLC2;IGHV5-51.IGHD3-22.IGHJ6.IGHM_IGKV3-15.IGKJ1.IGKC;IGHV3-7..IGHJ4.IGHM_IGKV2-28.IGKJ4.IGKC;IGHV1-18..IGHJ4.IGHM_IGKV3-20.IGKJ3.IGKC;IGHV3-7..IGHJ6.IGHM_IGLV3-19.IGLJ1.IGLC1;IGHV7-4-1.IGHD3-10.IGHJ4.IGHM_IGLV2-11.IGLJ2.IGLC2;IGHV5-51.IGHD3-9.IGHJ6.IGHM_IGLV1-40.IGLJ2.IGLC2;IGHV2-5.IGHD6-19.IGHJ5.IGHM_IGLV6-57.IGLJ2.IGLC2;IGHV4-59..IGHJ4.IGHM_IGKV1-39.IGKJ3.IGKC;IGHV1-69D..IGHJ6.IGHM_IGLV1-51.IGLJ1.IGLC1;IGHV4-39..IGHJ6.IGHM_IGKV1-12.IGKJ4.IGKC;IGHV4-61..IGHJ6.IGHM_IGLV1-40.IGLJ1.IGLC1;IGHV3-30..IGHJ3.IGHA1_IGKV1-9.IGKJ5.IGKC;IGHV3-30.IGHD3-10.IGHJ6.IGHM_IGKV3-15.IGKJ1.IGKC;IGHV3-15..IGHJ6.IGHM_IGLV2-8.IGLJ3.IGLC3;IGHV1-69D..IGHJ5.IGHM_IGKV3-15.IGKJ4.IGKC;IGHV6-1..IGHJ4.IGHM_IGKV1-33.IGKJ2.IGKC;IGHV3-33..IGHJ1.IGHM_IGKV3-15.IGKJ1.IGKC;IGHV1-2..IGHJ4.IGHM_IGKV3-20.IGKJ2.IGKC;IGHV3-49.IGHD5-24.IGHJ4.IGHM_IGLV3-21.IGLJ2.IGLC2;IGHV7-4-1..IGHJ4.IGHM_IGKV3-20.IGKJ1.IGKC;IGHV3-74..IGHJ5.IGHM_IGKV1-39.IGKJ1.IGKC;IGHV2-26.IGHD4-17.IGHJ6.IGHM_IGKV3-20.IGKJ5.IGKC;IGHV3-74..IGHJ4.IGHM_IGLV2-23.IGLJ1.IGLC1;IGHV3-15.IGHD3-9.IGHJ6.IGHD_IGLV7-46.IGLJ3.IGLC3;IGHV1-18..IGHJ4.IGHM_IGKV2-28.IGKJ1.IGKC;IGHV3-33..IGHJ4.IGHM_IGKV2-28.IGKJ4.IGKC;IGHV1-46.IGHD2-2.IGHJ4.IGHM_IGKV3D-15.IGKJ4.IGKC;IGHV4-59..IGHJ6.IGHM_IGLV1-40.IGLJ2.IGLC2;IGHV3-33..IGHJ4.IGHM_IGLV2-14.IGLJ2.IGLC2;IGHV5-51..IGHJ4.IGHM_IGLV1-40.IGLJ2.IGLC2;IGHV3-53..IGHJ4.IGHM_IGLV3-1.IGLJ1.IGLC1;IGHV3-53.IGHD5-24.IGHJ4.IGHM_IGKV3-15.IGKJ1.IGKC;IGHV3-9.IGHD4-23.IGHJ4.IGHM_IGKV3D-20.IGKJ4.IGKC;IGHV3-30..IGHJ4.IGHA1_IGLV6-57.IGLJ2.IGLC2;IGHV4-59.IGHD2-2.IGHJ6.IGHM_IGKV1-39.IGKJ1.IGKC;IGHV4-61.IGHD2-15.IGHJ6.IGHM_IGKV1-17.IGKJ1.IGKC;IGHV3-9..IGHJ3.IGHM_IGLV1-40.IGLJ3.IGLC3;IGHV5-51.IGHD5-5.IGHJ6.IGHM_IGKV1-16.IGKJ1.IGKC;IGHV3-9..IGHJ6.IGHM_IGKV1-39.IGKJ2.IGKC;IGHV1-24..IGHJ4.IGHG1_IGKV1-39.IGKJ1.IGKC;IGHV3-11..IGHJ4.IGHM_IGLV3-25.IGLJ2.IGLC2;IGHV4-39.IGHD2-2.IGHJ2.IGHM_IGLV4-69.IGLJ2.IGLC2;IGHV3-48..IGHJ5.IGHM_IGKV3-15.IGKJ4.IGKC;IGHV3-9..IGHJ4.IGHG1_IGKV3-20.IGKJ1.IGKC;IGHV1-69D..IGHJ6.IGHM_IGLV1-40.IGLJ1.IGLC1;IGHV4-59..IGHJ5.IGHM_IGLV6-57.IGLJ3.IGLC3;IGHV3-21.IGHD6-13.IGHJ5.IGHM_IGKV1-39.IGKJ2.IGKC;IGHV3-53..IGHJ3.IGHM_IGKV1-27.IGKJ3.IGKC;IGHV3-48.IGHD3-22.IGHJ3.IGHM_IGLV1-40.IGLJ2.IGLC2;IGHV5-51.IGHD1-26.IGHJ3.IGHM_IGLV1-47.IGLJ3.IGLC2;IGHV4-59.IGHD4-17.IGHJ4.IGHM_IGLV3-25.IGLJ2.IGLC2;IGHV1-2..IGHJ6.IGHM_IGKV1-39.IGKJ2.IGKC;IGHV3-43..IGHJ6.IGHM_IGLV3-1.IGLJ2.IGLC2;IGHV3-48..IGHJ6.IGHM_IGKV3-20.IGKJ2.IGKC;IGHV3-21..IGHJ6.IGHM_IGKV1-5.IGKJ1.IGKC;IGHV3-11..IGHJ4.IGHM_IGKV1-6.IGKJ1.IGKC;IGHV3-9..IGHJ4.IGHM_IGKV3-20.IGKJ5.IGKC;IGHV4-34..IGHJ3.IGHG3_IGKV3-15.IGKJ1.IGKC;IGHV3-21..IGHJ6.IGHM_IGKV1-12.IGKJ4.IGKC;IGHV4-30-4..IGHJ6.IGHM_IGKV2-28.IGKJ3.IGKC;IGHV4-39..IGHJ4.IGHA1_IGKV1-16.IGKJ3.IGKC;IGHV4-39..IGHJ1.IGHG3_IGKV1-39.IGKJ3.IGKC;IGHV4-59..IGHJ4.IGHM_IGLV4-69.IGLJ3.IGLC2;IGHV4-39.IGHD3-10.IGHJ4.IGHM_IGLV8-61.IGLJ3.IGLC2;IGHV2-5.IGHD3-9.IGHJ5.IGHM_IGLV1-40.IGLJ2.IGLC2;IGHV3-53..IGHJ4.IGHM_IGKV1-39.IGKJ5.IGKC;IGHV3-53.IGHD2-15.IGHJ6.IGHM_IGKV3-20.IGKJ5.IGKC;IGHV1-8..IGHJ4.IGHM_IGKV3-20.IGKJ2.IGKC;IGHV1-69D..IGHJ6.IGHM_IGKV3-15.IGKJ2.IGKC;IGHV4-61..IGHJ6.IGHM_IGKV1-8.IGKJ3.IGKC;IGHV4-61..IGHJ5.IGHM_IGKV3-20.IGKJ1.IGKC;IGHV3-48.IGHD5-5.IGHJ4.IGHM_IGLV3-25.IGLJ3.IGLC3;IGHV3-7..IGHJ4.IGHM_IGLV4-69.IGLJ2.IGLC2;IGHV4-30-4.IGHD3-10.IGHJ5.IGHM_IGLV3-9.IGLJ2.IGLC2;IGHV3-30..IGHJ4.IGHM_IGKV3-20.IGKJ1.IGKC;IGHV4-30-4..IGHJ5.IGHA1_IGLV1-51.IGLJ2.IGLC2;IGHV1-3..IGHJ4.IGHM_IGKV1-33.IGKJ4.IGKC;IGHV2-5..IGHJ4.IGHM_IGKV1D-8.IGKJ1.IGKC;IGHV4-39..IGHJ4.IGHM_IGLV1-47.IGLJ2.IGLC2;IGHV1-69D.IGHD3-22.IGHJ4.IGHM_IGKV3-11.IGKJ4.IGKC;IGHV3-49..IGHJ4.IGHA1_IGLV2-23.IGLJ1.IGLC1;IGHV5-51..IGHJ5.IGHM_NA;IGHV5-51..IGHJ4.IGHM_IGLV3-19.IGLJ2.IGLC2;IGHV1-8.IGHD6-13.IGHJ6.IGHM_IGLV1-40.IGLJ2.IGLC2;IGHV1-18.IGHD6-13.IGHJ5.IGHM_IGLV7-46.IGLJ1.IGLC1;IGHV3-33..IGHJ4.IGHA1_IGLV1-51.IGLJ2.IGLC2;IGHV3-48..IGHJ3.IGHM_IGLV3-25.IGLJ3.IGLC3;IGHV3-33..IGHJ6.IGHM_IGKV1-33.IGKJ5.IGKC;IGHV3-15..IGHJ4.IGHM_IGLV3-1.IGLJ1.IGLC1;IGHV2-26..IGHJ3.IGHM_IGKV3-20.IGKJ1.IGKC;IGHV4-59.IGHD3-22.IGHJ4.IGHM_IGKV1-33.IGKJ3.IGKC;IGHV3-30.IGHD3-3.IGHJ3.IGHM_IGKV1-39.IGKJ2.IGKC;IGHV4-59..IGHJ6.IGHM_IGKV1-5.IGKJ4.IGKC;IGHV3-7..IGHJ6.IGHM_IGKV1-39.IGKJ2.IGKC;IGHV3-53.IGHD3-22.IGHJ3.IGHM_IGKV1-39.IGKJ2.IGKC;IGHV3-7..IGHJ5.IGHM_IGLV3-9.IGLJ2.IGLC2;IGHV4-59.IGHD6-6.IGHJ4.IGHG1_IGLV1-40.IGLJ1.IGLC1;IGHV2-5.IGHD3-16.IGHJ5.IGHM_IGLV3-1.IGLJ2.IGLC2;IGHV3-15.IGHD3-9.IGHJ4.IGHM_IGKV2-28.IGKJ5.IGKC;IGHV1-18.IGHD3-3.IGHJ6.IGHM_IGKV3-20.IGKJ1.IGKC;IGHV4-61.IGHD1-7.IGHJ2.IGHM_IGLV3-21.IGLJ1.IGLC1;IGHV1-24..IGHJ4.IGHM_IGKV1-5.IGKJ1.IGKC;IGHV3-48.IGHD3-22.IGHJ4.IGHM_IGKV3-15.IGKJ2.IGKC;IGHV3-48..IGHJ4.IGHM_IGKV1-39.IGKJ1.IGKC;IGHV3-7..IGHJ4.IGHM_IGKV3D-20.IGKJ4.IGKC;IGHV2-26..IGHJ4.IGHM_IGKV2D-29.IGKJ3.IGKC;IGHV1-2..IGHJ5.IGHM_IGLV2-23.IGLJ2.IGLC2;IGHV3-7..IGHJ4.IGHM_IGKV3-20.IGKJ4.IGKC;IGHV4-34..IGHJ5.IGHG3_IGLV3-25.IGLJ2.IGLC2;IGHV4-61.IGHD1-26.IGHJ4.IGHM_IGKV1D-8.IGKJ4.IGKC;IGHV4-30-4..IGHJ1.IGHG1_IGLV1-40.IGLJ1.IGLC1;IGHV2-70..IGHJ6.IGHG1_IGKV2-28.IGKJ2.IGKC;IGHV7-4-1..IGHJ4.IGHM_IGLV1-40.IGLJ2.IGLC2;IGHV1-2.IGHD6-19.IGHJ4.IGHM_IGLV2-11.IGLJ2.IGLC2;IGHV1-18..IGHJ5.IGHG1_IGKV1-39.IGKJ1.IGKC;IGHV3-7..IGHJ4.IGHM_IGKV3-15.IGKJ1.IGKC;IGHV4-39.IGHD2-2.IGHJ4.IGHM_IGKV1-5.IGKJ4.IGKC;IGHV4-39.IGHD3-3.IGHJ4.IGHM_IGLV1-40.IGLJ2.IGLC2;IGHV3-23..IGHJ4.IGHA1_IGKV1-39.IGKJ2.IGKC;IGHV3-9.IGHD3-10.IGHJ6.IGHM_IGLV3-1.IGLJ1.IGLC1;IGHV1-69D..IGHJ6.IGHM_IGKV2-28.IGKJ2.IGKC;IGHV3-30..IGHJ4.IGHA1_IGKV1-39.IGKJ4.IGKC;IGHV6-1..IGHJ4.IGHM_IGLV2-23.IGLJ3.IGLC3;IGHV4-30-4.IGHD2-2.IGHJ6.IGHM_IGLV1-40.IGLJ2.IGLC2;IGHV3-49.IGHD3-3.IGHJ4.IGHM_IGKV3-20.IGKJ1.IGKC;IGHV3-74..IGHJ5.IGHM_IGKV1-39.IGKJ2.IGKC;IGHV1-69D..IGHJ3.IGHM_IGKV1-5.IGKJ4.IGKC;IGHV7-4-1..IGHJ4.IGHM_IGKV1-39.IGKJ3.IGKC;IGHV5-51..IGHJ4.IGHM_IGKV1-9.IGKJ4.IGKC;IGHV3-53..IGHJ6.IGHM_IGKV2-28.IGKJ2.IGKC;IGHV1-24..IGHJ4.IGHM_IGKV1-12.IGKJ4.IGKC;IGHV3-9..IGHJ4.IGHM_IGLV3-25.IGLJ3.IGLC3;IGHV3-15.IGHD2-21.IGHJ4.IGHM_IGKV1-9.IGKJ4.IGKC;IGHV7-4-1..IGHJ4.IGHM_IGLV1-40.IGLJ2.IGLC2;IGHV1-2..IGHJ4.IGHM_IGLV2-8.IGLJ2.IGLC2;IGHV3-9..IGHJ1.IGHM_IGLV2-23.IGLJ2.IGLC2;IGHV1-3..IGHJ6.IGHM_IGKV1-9.IGKJ4.IGKC;IGHV5-51.IGHD3-9.IGHJ6.IGHM_IGLV7-43.IGLJ2.IGLC2;IGHV3-15.IGHD3-22.IGHJ4.IGHM_IGLV3-25.IGLJ1.IGLC1;IGHV4-61..IGHJ4.IGHM_IGKV1D-8.IGKJ2.IGKC;IGHV4-61..IGHJ6.IGHM_IGLV3-1.IGLJ1.IGLC1;IGHV3-7..IGHJ4.IGHM_IGLV3-1.IGLJ2.IGLC2;IGHV3-74..IGHJ3.IGHM_IGKV1-39.IGKJ1.IGKC;IGHV2-5.IGHD3-22.IGHJ4.IGHM_IGKV1-39.IGKJ4.IGKC;IGHV3-48..IGHJ4.IGHM_IGKV3-15.IGKJ2.IGKC;IGHV2-70.IGHD2-15.IGHJ6.IGHM_IGKV3-20.IGKJ1.IGKC;IGHV3-48.IGHD3-22.IGHJ4.IGHM_IGLV4-69.IGLJ3.IGLC2;IGHV5-51..IGHJ1.IGHM_IGKV3-20.IGKJ2.IGKC;IGHV5-51..IGHJ4.IGHG2_IGKV1-12.IGKJ4.IGKC;NA_IGKV1-39.IGKJ1.IGKC;IGHV7-4-1..IGHJ1.IGHA1_IGLV2-23.IGLJ3.IGLC3;IGHV3-30.IGHD3-22.IGHJ6.IGHM_IGLV3-25.IGLJ1.IGLC1;IGHV3-23..IGHJ4.IGHA1_IGKV1-5.IGKJ1.IGKC;IGHV1-2..IGHJ4.IGHM_IGKV1-33.IGKJ2.IGKC;IGHV4-59..IGHJ3.IGHM_IGKV1-8.IGKJ4.IGKC;IGHV4-30-4..IGHJ5.IGHM_IGKV2D-29.IGKJ2.IGKC;IGHV3-7..IGHJ6.IGHG2_IGKV3-20.IGKJ3.IGKC;IGHV4-59..IGHJ4.IGHG1_IGKV1-39.IGKJ4.IGKC;IGHV2-5..IGHJ5.IGHA2_IGKV2-28.IGKJ2.IGKC;IGHV6-1..IGHJ6.IGHM_IGKV3-20.IGKJ4.IGKC;IGHV3-72..IGHJ6.IGHA2_IGKV1-9.IGKJ5.IGKC;IGHV3-53.IGHD4-23.IGHJ5.IGHM_IGLV3-21.IGLJ2.IGLC2;IGHV3-23..IGHJ4.IGHM_IGKV1-8.IGKJ1.IGKC;IGHV1-18..IGHJ6.IGHM_IGKV2-28.IGKJ2.IGKC;IGHV3-48..IGHJ4.IGHM_IGKV2-28.IGKJ2.IGKC;IGHV3-21..IGHJ4.IGHM_IGKV3-15.IGKJ1.IGKC;IGHV1-8..IGHJ5.IGHM_IGLV3-19.IGLJ2.IGLC2;IGHV1-3.IGHD3-16.IGHJ3.IGHM_IGKV2-30.IGKJ4.IGKC;IGHV3-11.IGHD3-22.IGHJ4.IGHM_IGKV1-39.IGKJ2.IGKC;IGHV3-49.IGHD6-13.IGHJ6.IGHM_IGKV1-39.IGKJ2.IGKC;IGHV1-2..IGHJ4.IGHM_IGKV3-15.IGKJ2.IGKC;IGHV4-39..IGHJ5.IGHM_IGKV3-20.IGKJ2.IGKC;IGHV3-49.IGHD2-2.IGHJ5.IGHM_IGLV3-1.IGLJ2.IGLC2;IGHV1-46..IGHJ1.IGHM_IGLV2-23.IGLJ1.IGLC1;IGHV3-74.IGHD3-22.IGHJ4.IGHM_IGKV1-39.IGKJ1.IGKC;IGHV1-8..IGHJ3.IGHM_IGKV1-33.IGKJ4.IGKC;IGHV3-15..IGHJ4.IGHM_IGKV3-15.IGKJ3.IGKC;IGHV3-11.IGHD3-22.IGHJ3.IGHM_IGKV1-39.IGKJ1.IGKC;IGHV1-24..IGHJ6.IGHM_IGLV3-19.IGLJ1.IGLC1;IGHV3-33..IGHJ3.IGHM_IGLV2-23.IGLJ3.IGLC3;IGHV3-11.IGHD1-1.IGHJ4.IGHM_IGLV1-51.IGLJ1.IGLC1;IGHV3-11.IGHD2-2.IGHJ6.IGHM_IGKV1-39.IGKJ1.IGKC;IGHV1-18..IGHJ6.IGHM_IGKV3-20.IGKJ1.IGKC;IGHV1-2..IGHJ3.IGHM_IGLV2-11.IGLJ2.IGLC2;IGHV2-5.IGHD3-22.IGHJ4.IGHM_IGKV3-15.IGKJ4.IGKC;IGHV1-18..IGHJ4.IGHM_IGKV3-20.IGKJ2.IGKC;IGHV3-30..IGHJ4.IGHM_IGKV1-17.IGKJ1.IGKC;IGHV3-15.IGHD3-9.IGHJ6.IGHM_IGLV3-25.IGLJ2.IGLC2;IGHV3-11..IGHJ4.IGHM_IGKV3-20.IGKJ2.IGKC;IGHV7-4-1..IGHJ5.IGHA1_IGLV4-69.IGLJ3.IGLC2;IGHV3-53.IGHD3-22.IGHJ4.IGHM_IGLV4-69.IGLJ3.IGLC3;IGHV1-18..IGHJ5.IGHM_IGKV1-39.IGKJ1.IGKC;IGHV3-11..IGHJ5.IGHM_IGKV1-33.IGKJ3.IGKC;IGHV5-51..IGHJ6.IGHM_IGKV2-28.IGKJ3.IGKC;IGHV4-39.IGHD3-9.IGHJ4.IGHM_IGKV3-15.IGKJ2.IGKC;IGHV4-59..IGHJ4.IGHM_IGLV1-47.IGLJ2.IGLC2;IGHV2-26..IGHJ5.IGHM_IGLV3-21.IGLJ1.IGLC1;IGHV4-39..IGHJ4.IGHM_IGLV1-40.IGLJ2.IGLC2;IGHV1-2..IGHJ6.IGHM_IGKV3-20.IGKJ3.IGKC;IGHV4-39..IGHJ5.IGHM_IGKV1-12.IGKJ2.IGKC;IGHV1-69D.IGHD4-17.IGHJ4.IGHM_IGKV1-27.IGKJ3.IGKC;IGHV1-18..IGHJ1.IGHM_IGKV3-20.IGKJ2.IGKC;IGHV4-30-4..IGHJ4.IGHM_IGKV1-39.IGKJ1.IGKC;IGHV3-73..IGHJ4.IGHG1_IGKV1-17.IGKJ1.IGKC;IGHV3-15..IGHJ4.IGHM_IGKV1-8.IGKJ3.IGKC;IGHV3-9..IGHJ6.IGHM_IGLV10-54.IGLJ2.IGLC2;IGHV4-59..IGHJ4.IGHM_IGKV3-20.IGKJ4.IGKC;IGHV5-51..IGHJ6.IGHM_IGKV2D-40.IGKJ4.IGKC;IGHV3-53..IGHJ6.IGHM_IGKV1-39.IGKJ1.IGKC;IGHV3-30..IGHJ4.IGHM_IGLV1-47.IGLJ1.IGLC1;IGHV2-5.IGHD2-2.IGHJ5.IGHM_IGLV3-25.IGLJ1.IGLC1;IGHV4-39..IGHJ4.IGHM_IGLV1-51.IGLJ3.IGLC3;IGHV4-59..IGHJ4.IGHM_IGKV2-28.IGKJ5.IGKC;IGHV3-23..IGHJ4.IGHM_IGKV1-39.IGKJ4.IGKC;IGHV3-15.IGHD5-24.IGHJ4.IGHM_IGKV1-33.IGKJ5.IGKC;IGHV3-48..IGHJ6.IGHM_IGLV3-25.IGLJ3.IGLC2;IGHV4-59..IGHJ6.IGHM_IGKV1-39.IGKJ2.IGKC;IGHV2-5..IGHJ4.IGHM_IGKV1-5.IGKJ2.IGKC;IGHV3-15..IGHJ3.IGHM_IGKV1-17.IGKJ1.IGKC;IGHV3-49..IGHJ6.IGHM_IGKV1-16.IGKJ4.IGKC;IGHV3-30.IGHD6-19.IGHJ3.IGHM_IGKV1-5.IGKJ1.IGKC;IGHV3-33.IGHD3-3.IGHJ4.IGHM_IGKV1-6.IGKJ2.IGKC;IGHV4-30-4.IGHD3-22.IGHJ3.IGHM_IGLV3-25.IGLJ2.IGLC2;IGHV3-30.IGHD3-22.IGHJ6.IGHM_IGLV2-23.IGLJ2.IGLC2;IGHV7-4-1..IGHJ5.IGHM_IGKV3-11.IGKJ4.IGKC;IGHV3-21..IGHJ4.IGHG1_IGKV3-20.IGKJ1.IGKC;IGHV1-2..IGHJ4.IGHM_IGKV1-39.IGKJ2.IGKC;IGHV4-39.IGHD3-22.IGHJ5.IGHM_IGLV3-19.IGLJ2.IGLC2;IGHV3-33..IGHJ4.IGHM_IGLV8-61.IGLJ3.IGLC3;IGHV3-9..IGHJ4.IGHM_IGLV3-21.IGLJ2.IGLC2;IGHV3-33..IGHJ6.IGHM_IGKV1-9.IGKJ5.IGKC;IGHV6-1..IGHJ5.IGHM_IGLV1-36.IGLJ3.IGLC2;IGHV6-1.IGHD6-13.IGHJ3.IGHM_IGKV1-5.IGKJ1.IGKC;IGHV2-5.IGHD3-10.IGHJ5.IGHM_IGLV3-25.IGLJ1.IGLC1;IGHV4-59..IGHJ4.IGHM_IGLV3-19.IGLJ2.IGLC2;IGHV3-30.IGHD6-6.IGHJ4.IGHM_IGLV2-8.IGLJ1.IGLC1;IGHV2-5..IGHJ4.IGHG1_IGLV1-40.IGLJ2.IGLC2;IGHV3-74.IGHD3-22.IGHJ4.IGHM_IGKV1-39.IGKJ1.IGKC;IGHV4-39..IGHJ5.IGHM_IGLV3-25.IGLJ2.IGLC2;IGHV1-8..IGHJ6.IGHM_IGLV1-51.IGLJ2.IGLC2;IGHV5-51..IGHJ3.IGHM_IGKV1-33.IGKJ1.IGKC;IGHV1-18..IGHJ6.IGHM_IGKV3-20.IGKJ2.IGKC;IGHV3-23.IGHD3-10.IGHJ4.IGHM_IGKV1-33.IGKJ4.IGKC;IGHV3-15.IGHD5-24.IGHJ4.IGHG1_IGKV3-20.IGKJ2.IGKC;IGHV1-18..IGHJ5.IGHM_IGKV1-27.IGKJ3.IGKC;IGHV4-61..IGHJ3.IGHM_IGKV1-8.IGKJ1.IGKC;IGHV2-5.IGHD3-22.IGHJ5.IGHM_IGKV3-20.IGKJ1.IGKC;IGHV4-39.IGHD5-5.IGHJ4.IGHM_IGLV1-40.IGLJ1.IGLC1;IGHV4-59.IGHD3-9.IGHJ6.IGHM_IGLV1-47.IGLJ1.IGLC1;IGHV3-30..IGHJ5.IGHM_IGKV1-8.IGKJ4.IGKC;IGHV1-46..IGHJ4.IGHM_IGKV4-1.IGKJ2.IGKC;IGHV3-49.IGHD4-4.IGHJ5.IGHM_IGKV1-17.IGKJ4.IGKC;IGHV4-61..IGHJ6.IGHM_IGLV3-10.IGLJ3.IGLC3;IGHV3-30..IGHJ6.IGHM_IGKV1-39.IGKJ2.IGKC;IGHV3-30.IGHD3-9.IGHJ4.IGHM_IGKV1-8.IGKJ4.IGKC;IGHV3-48..IGHJ4.IGHM_IGKV1-12.IGKJ2.IGKC;IGHV7-4-1.IGHD3-10.IGHJ4.IGHM_IGKV1-39.IGKJ1.IGKC;IGHV4-39..IGHJ5.IGHM_IGKV1-8.IGKJ1.IGKC;IGHV4-61..IGHJ6.IGHM_IGLV1-51.IGLJ2.IGLC2;IGHV3-48..IGHJ3.IGHM_IGLV3-21.IGLJ1.IGLC1;IGHV4-31..IGHJ4.IGHM_IGKV1D-8.IGKJ3.IGKC;NA_IGKV3-15.IGKJ1.IGKC;IGHV3-48..IGHJ4.IGHM_IGKV2-28.IGKJ2.IGKC;IGHV5-51..IGHJ6.IGHD_IGKV1-39.IGKJ4.IGKC;IGHV3-11.IGHD5-5.IGHJ5.IGHM_IGLV1-40.IGLJ2.IGLC2;IGHV3-13..IGHJ4.IGHM_IGKV1-39.IGKJ1.IGKC;IGHV3-7..IGHJ4.IGHM_IGLV1-40.IGLJ2.IGLC2;IGHV4-30-4..IGHJ3.IGHM_IGKV3D-20.IGKJ4.IGKC;IGHV3-7..IGHJ6.IGHM_IGLV1-40.IGLJ3.IGLC2;IGHV4-59..IGHJ4.IGHM_IGLV1-47.IGLJ3.IGLC3;IGHV3-30.IGHD2-2.IGHJ4.IGHM_IGKV1-39.IGKJ5.IGKC;IGHV4-31..IGHJ4.IGHM_IGKV1-39.IGKJ2.IGKC;IGHV1-69D..IGHJ4.IGHG1_IGLV2-23.IGLJ1.IGLC1;IGHV3-30..IGHJ3.IGHM_IGKV3-15.IGKJ1.IGKC;IGHV5-51.IGHD2-15.IGHJ4.IGHM_IGKV2-28.IGKJ3.IGKC;IGHV1-69D..IGHJ4.IGHM_IGKV1-17.IGKJ1.IGKC;IGHV4-59..IGHJ5.IGHG1_IGLV3-10.IGLJ2.IGLC2;IGHV3-7..IGHJ4.IGHM_IGKV1-8.IGKJ4.IGKC;IGHV1-18..IGHJ6.IGHM_IGLV3-25.IGLJ3.IGLC2;IGHV1-8..IGHJ4.IGHM_IGLV1-47.IGLJ3.IGLC3;IGHV1-18.IGHD6-19.IGHJ5.IGHM_IGKV1-12.IGKJ2.IGKC;IGHV3-7..IGHJ4.IGHM_IGKV1-6.IGKJ1.IGKC;IGHV5-51.IGHD6-19.IGHJ4.IGHM_IGLV4-69.IGLJ2.IGLC2;IGHV1-2.IGHD3-10.IGHJ3.IGHM_IGKV1-5.IGKJ1.IGKC;IGHV3-30..IGHJ3.IGHM_IGKV1-16.IGKJ4.IGKC;IGHV1-46..IGHJ4.IGHM_IGKV3-15.IGKJ1.IGKC;IGHV4-28..IGHJ6.IGHM_IGLV8-61.IGLJ3.IGLC2;IGHV1-8..IGHJ6.IGHM_IGKV1-6.IGKJ1.IGKC;IGHV2-5..IGHJ3.IGHM_IGLV3-19.IGLJ3.IGLC3;IGHV2-5..IGHJ4.IGHM_IGLV2-23.IGLJ1.IGLC1;IGHV1-58..IGHJ6.IGHM_IGKV3-20.IGKJ4.IGKC;IGHV1-18..IGHJ4.IGHG2_IGKV2-30.IGKJ2.IGKC;IGHV4-31..IGHJ3.IGHG1_IGKV1-9.IGKJ5.IGKC;IGHV1-2.IGHD6-19.IGHJ6.IGHM_IGKV2-28.IGKJ4.IGKC;IGHV3-7..IGHJ4.IGHM_IGLV3-1.IGLJ2.IGLC2;IGHV7-4-1..IGHJ4.IGHM_IGLV1-51.IGLJ1.IGLC1;IGHV3-15.IGHD3-10.IGHJ6.IGHM_IGLV3-25.IGLJ2.IGLC2;IGHV1-69D..IGHJ6.IGHG3_IGKV3-15.IGKJ4.IGKC;NA_IGLV3-1.IGLJ2.IGLC2;IGHV5-51..IGHJ4.IGHG1_IGLV3-25.IGLJ3.IGLC2;IGHV4-59..IGHJ6.IGHM_IGLV2-11.IGLJ2.IGLC3;IGHV4-39.IGHD3-22.IGHJ4.IGHM_IGLV1-40.IGLJ2.IGLC2;IGHV3-11.IGHD4-17.IGHJ5.IGHM_IGKV1-33.IGKJ4.IGKC;IGHV4-30-4..IGHJ1.IGHM_IGLV1-51.IGLJ2.IGLC2;IGHV3-11..IGHJ5.IGHD_IGLV3-1.IGLJ3.IGLC2;IGHV3-48.IGHD2-2.IGHJ4.IGHM_IGLV1-40.IGLJ1.IGLC1;NA_IGKV3-11.IGKJ2.IGKC;IGHV4-30-4..IGHJ4.IGHM_IGKV3-20.IGKJ5.IGKC;IGHV3-7.IGHD3-3.IGHJ6.IGHD_IGKV2-28.IGKJ4.IGKC;IGHV3-30.IGHD3-22.IGHJ4.IGHM_IGKV3-15.IGKJ1.IGKC;IGHV3-33..IGHJ4.IGHM_IGLV8-61.IGLJ3.IGLC3;IGHV3-9..IGHJ4.IGHM_IGLV3-1.IGLJ2.IGLC2;IGHV1-3.IGHD4-23.IGHJ5.IGHM_IGKV1-16.IGKJ5.IGKC;IGHV4-39..IGHJ4.IGHM_IGLV3-19.IGLJ2.IGLC2;IGHV4-39..IGHJ5.IGHM_IGKV3-20.IGKJ2.IGKC;IGHV3-30.IGHD2-2.IGHJ3.IGHM_IGKV3-20.IGKJ3.IGKC;IGHV3-7..IGHJ4.IGHM_IGKV3-20.IGKJ1.IGKC;IGHV5-51.IGHD2-2.IGHJ6.IGHM_IGKV3-15.IGKJ2.IGKC;IGHV2-5..IGHJ4.IGHM_IGLV7-43.IGLJ2.IGLC2;IGHV5-51.IGHD3-10.IGHJ6.IGHM_IGKV2-28.IGKJ4.IGKC;IGHV6-1..IGHJ5.IGHM_IGKV1-33.IGKJ1.IGKC;IGHV1-2..IGHJ4.IGHM_IGKV3-15.IGKJ5.IGKC;IGHV3-30..IGHJ4.IGHM_IGLV4-69.IGLJ2.IGLC2;IGHV3-33..IGHJ2.IGHM_IGKV3-15.IGKJ1.IGKC;IGHV3-48..IGHJ4.IGHM_IGKV3-15.IGKJ1.IGKC;IGHV4-30-4..IGHJ4.IGHM_IGKV3-20.IGKJ1.IGKC;IGHV3-30..IGHJ3.IGHG1_IGKV3-20.IGKJ2.IGKC;IGHV1-2..IGHJ6.IGHM_IGKV1-39.IGKJ4.IGKC;NA_IGLV2-23.IGLJ2.IGLC2;IGHV1-69D..IGHJ6.IGHM_IGKV3-20.IGKJ4.IGKC;IGHV2-70..IGHJ3.IGHM_IGKV3-15.IGKJ1.IGKC;NA_IGLV1-40.IGLJ2.IGLC2;IGHV4-59.IGHD3-10.IGHJ6.IGHM_IGKV1-39.IGKJ2.IGKC;IGHV3-9..IGHJ4.IGHM_IGKV1D-8.IGKJ1.IGKC;IGHV3-74..IGHJ5.IGHM_IGKV1-39.IGKJ4.IGKC;IGHV3-15.IGHD4-17.IGHJ4.IGHM_IGLV3-25.IGLJ1.IGLC1;IGHV3-43..IGHJ4.IGHM_IGKV3-20.IGKJ1.IGKC;IGHV3-9..IGHJ4.IGHD_IGLV4-69.IGLJ3.IGLC3;IGHV4-61..IGHJ4.IGHM_IGKV1-39.IGKJ2.IGKC;IGHV4-30-4..IGHJ5.IGHM_IGKV1-5.IGKJ1.IGKC;IGHV3-11.IGHD5-24.IGHJ6.IGHM_IGLV2-23.IGLJ1.IGLC1;IGHV3-9.IGHD2-2.IGHJ6.IGHM_IGKV1-5.IGKJ2.IGKC;IGHV3-7..IGHJ4.IGHA2_IGKV2-30.IGKJ2.IGKC;IGHV3-73.IGHD2-15.IGHJ3.IGHM_IGKV1-39.IGKJ2.IGKC;IGHV4-39..IGHJ5.IGHM_IGLV1-40.IGLJ1.IGLC1;IGHV3-9..IGHJ4.IGHM_IGLV2-14.IGLJ2.IGLC2;IGHV5-51..IGHJ4.IGHM_IGLV8-61.IGLJ3.IGLC3;IGHV1-2.IGHD4-17.IGHJ6.IGHD_IGLV3-25.IGLJ1.IGLC1;IGHV3-73..IGHJ4.IGHM_IGKV2D-29.IGKJ1.IGKC;IGHV3-74..IGHJ4.IGHM_IGLV4-69.IGLJ1.IGLC1;IGHV3-30..IGHJ4.IGHM_IGLV3-25.IGLJ3.IGLC2;IGHV1-69D.IGHD2-2.IGHJ5.IGHM_IGLV1-40.IGLJ2.IGLC2;IGHV2-5..IGHJ5.IGHM_IGLV3-1.IGLJ1.IGLC1;IGHV2-26..IGHJ4.IGHM_IGKV1-12.IGKJ1.IGKC;IGHV3-15.IGHD3-3.IGHJ4.IGHM_IGKV1-33.IGKJ4.IGKC;IGHV1-46..IGHJ4.IGHM_IGLV3-19.IGLJ2.IGLC2;IGHV1-8.IGHD3-3.IGHJ6.IGHM_IGKV3-20.IGKJ1.IGKC;IGHV3-15.IGHD2-2.IGHJ4.IGHM_IGKV1-33.IGKJ4.IGKC;IGHV1-8.IGHD3-10.IGHJ6.IGHM_IGKV1-39.IGKJ1.IGKC;IGHV3-9.IGHD4-23.IGHJ1.IGHM_IGLV2-23.IGLJ3.IGLC2;NA_IGKV1-39.IGKJ2.IGKC;IGHV1-69D..IGHJ3.IGHM_NA;IGHV4-59..IGHJ2.IGHG2_IGKV3-20.IGKJ4.IGKC;IGHV1-46..IGHJ6.IGHM_IGKV2-28.IGKJ4.IGKC;IGHV3-48.IGHD6-19.IGHJ4.IGHM_IGKV1-16.IGKJ1.IGKC;IGHV3-30..IGHJ4.IGHM_IGLV3-21.IGLJ1.IGLC1;IGHV1-18.IGHD3-3.IGHJ6.IGHM_IGLV3-21.IGLJ1.IGLC1;IGHV4-61..IGHJ6.IGHM_IGLV7-43.IGLJ1.IGLC1;IGHV3-33..IGHJ3.IGHM_IGKV1-5.IGKJ3.IGKC;IGHV3-30.IGHD2-2.IGHJ6.IGHM_IGLV3-1.IGLJ2.IGLC2;IGHV4-39..IGHJ4.IGHM_IGLV2-18.IGLJ1.IGLC1;IGHV3-33..IGHJ6.IGHM_IGKV3-15.IGKJ4.IGKC;IGHV4-31..IGHJ4.IGHM_IGKV3-20.IGKJ1.IGKC;IGHV4-59..IGHJ6.IGHA1_IGKV2-28.IGKJ2.IGKC;IGHV1-8..IGHJ6.IGHM_IGKV2-28.IGKJ3.IGKC;IGHV4-61.IGHD5-5.IGHJ4.IGHM_IGLV1-36.IGLJ2.IGLC2;IGHV5-51..IGHJ4.IGHM_IGKV3-20.IGKJ2.IGKC;IGHV1-46.IGHD3-22.IGHJ4.IGHM_IGLV1-40.IGLJ2.IGLC2;IGHV3-49..IGHJ4.IGHM_IGKV1-12.IGKJ4.IGKC;IGHV4-61..IGHJ3.IGHM_IGLV3-19.IGLJ1.IGLC1;IGHV2-5..IGHJ6.IGHG1_IGKV1-6.IGKJ2.IGKC;IGHV1-69D..IGHJ4.IGHM_IGLV3-1.IGLJ2.IGLC2;IGHV3-33.IGHD6-19.IGHJ4.IGHM_IGKV3-20.IGKJ1.IGKC;IGHV3-43.IGHD2-2.IGHJ6.IGHM_IGKV1-8.IGKJ5.IGKC;IGHV4-61..IGHJ5.IGHM_IGLV3-1.IGLJ2.IGLC2;IGHV1-18..IGHJ5.IGHM_IGLV1-40.IGLJ3.IGLC3;IGHV4-31..IGHJ5.IGHM_IGKV3-20.IGKJ3.IGKC;IGHV3-48..IGHJ4.IGHM_IGKV1-33.IGKJ5.IGKC;IGHV1-8..IGHJ4.IGHM_IGKV1-5.IGKJ1.IGKC;IGHV4-30-4..IGHJ4.IGHM_IGLV3-1.IGLJ2.IGLC2;IGHV3-30.IGHD2-2.IGHJ6.IGHM_IGKV2-28.IGKJ3.IGKC;IGHV3-11..IGHJ4.IGHM_IGKV1-39.IGKJ2.IGKC;IGHV4-39..IGHJ5.IGHM_IGKV1-5.IGKJ1.IGKC;IGHV3-48..IGHJ4.IGHM_IGLV1-40.IGLJ2.IGLC2;IGHV2-5..IGHJ4.IGHM_IGKV1-16.IGKJ2.IGKC;IGHV3-20..IGHJ4.IGHM_IGKV3-20.IGKJ4.IGKC;IGHV3-33..IGHJ5.IGHM_IGKV1-5.IGKJ1.IGKC;IGHV3-48..IGHJ4.IGHM_IGKV1-8.IGKJ1.IGKC;IGHV3-30..IGHJ3.IGHM_IGLV1-51.IGLJ3.IGLC2;IGHV4-39..IGHJ4.IGHM_IGLV3-21.IGLJ1.IGLC1;IGHV3-11.IGHD3-22.IGHJ4.IGHM_IGLV3-21.IGLJ2.IGLC2;IGHV1-8.IGHD2-2.IGHJ6.IGHM_IGKV1-8.IGKJ4.IGKC;IGHV4-39..IGHJ2.IGHM_IGKV6-21.IGKJ4.IGKC	1	IGHV3-74..IGHJ3.IGHM_IGKV1-39.IGKJ1.IGKC
16	79	IGHV3-21.IGHD4-23.IGHJ2.IGHM_IGKV3-11.IGKJ2.IGKC;IGHV3-33.IGHD6-19.IGHJ6.IGHM_IGKV1-39.IGKJ1.IGKC;IGHV3-33..IGHJ5.IGHM_IGLV1-40.IGLJ1.IGLC1;IGHV3-33.IGHD2-2.IGHJ4.IGHM_IGKV3-20.IGKJ2.IGKC;IGHV3-30..IGHJ4.IGHM_IGKV3-11.IGKJ1.IGKC;IGHV4-59..IGHJ5.IGHG1_IGKV3-11.IGKJ4.IGKC;IGHV3-23..IGHJ5.IGHM_IGKV3-11.IGKJ5.IGKC;IGHV3-33..IGHJ6.IGHM_IGLV1-40.IGLJ2.IGLC2;IGHV3-33..IGHJ4.IGHM_IGKV1-5.IGKJ2.IGKC;IGHV3-11..IGHJ5.IGHM_IGKV3-15.IGKJ2.IGKC;IGHV3-33..IGHJ6.IGHM_IGKV4-1.IGKJ4.IGKC;IGHV1-3.IGHD3-9.IGHJ5.IGHM_IGKV3-11.IGKJ1.IGKC;IGHV3-7..IGHJ6.IGHM_IGKV3-11.IGKJ4.IGKC;IGHV3-33..IGHJ4.IGHM_IGKV3-15.IGKJ1.IGKC;IGHV2-5.IGHD3-9.IGHJ4.IGHM_IGKV1-39.IGKJ2.IGKC;IGHV3-33..IGHJ4.IGHM_IGKV1-39.IGKJ2.IGKC;IGHV3-33..IGHJ4.IGHM_IGKV1-12.IGKJ4.IGKC;IGHV4-59.IGHD3-9.IGHJ6.IGHM_IGLV2-8.IGLJ2.IGLC2;IGHV1-8.IGHD3-3.IGHJ2.IGHM_IGKV3-11.IGKJ2.IGKC;IGHV4-39..IGHJ3.IGHM_IGKV3-11.IGKJ3.IGKC;IGHV3-33.IGHD6-19.IGHJ4.IGHM_IGLV3-1.IGLJ2.IGLC2;IGHV3-33..IGHJ6.IGHM_IGLV3-25.IGLJ1.IGLC1;IGHV3-33..IGHJ5.IGHM_IGKV1-39.IGKJ1.IGKC;IGHV3-30..IGHJ3.IGHM_IGKV3-11.IGKJ4.IGKC;IGHV3-33..IGHJ4.IGHM_IGLV1-44.IGLJ1.IGLC1;IGHV3-33..IGHJ4.IGHM_IGLV2-23.IGLJ3.IGLC3;IGHV1-69D.IGHD6-13.IGHJ4.IGHM_IGKV3-11.IGKJ3.IGKC;IGHV3-15..IGHJ4.IGHM_IGKV3-11.IGKJ4.IGKC;IGHV1-69D.IGHD5-5.IGHJ4.IGHM_IGKV3-20.IGKJ1.IGKC;IGHV3-33.IGHD5-5.IGHJ4.IGHM_IGKV3-11.IGKJ2.IGKC;IGHV1-46..IGHJ6.IGHM_IGKV3-11.IGKJ4.IGKC;IGHV3-33..IGHJ4.IGHA1_IGLV2-23.IGLJ1.IGLC1;IGHV3-20..IGHJ5.IGHM_IGKV3-11.IGKJ4.IGKC;IGHV3-33.IGHD2-15.IGHJ4.IGHM_IGLV3-25.IGLJ2.IGLC2;IGHV4-59..IGHJ5.IGHM_IGKV3-11.IGKJ4.IGKC;IGHV3-33.IGHD5-24.IGHJ4.IGHM_IGKV1-33.IGKJ4.IGKC;IGHV3-30.IGHD3-10.IGHJ6.IGHM_IGKV3-11.IGKJ5.IGKC;IGHV3-74..IGHJ3.IGHM_IGKV1-39.IGKJ1.IGKC;IGHV1-69D.IGHD2-21.IGHJ6.IGHM_IGLV3-25.IGLJ3.IGLC3;IGHV3-33.IGHD3-10.IGHJ4.IGHM_IGLV1-40.IGLJ7.IGLC7;IGHV3-33..IGHJ4.IGHM_IGKV2-24.IGKJ2.IGKC;IGHV3-23..IGHJ5.IGHM_IGKV3-11.IGKJ5.IGKC;IGHV3-33.IGHD3-22.IGHJ4.IGHM_IGKV1-5.IGKJ2.IGKC;IGHV4-34.IGHD2-15.IGHJ6.IGHM_IGKV3-11.IGKJ2.IGKC;IGHV3-33.IGHD4-17.IGHJ6.IGHM_IGKV1-17.IGKJ1.IGKC;IGHV3-21.IGHD6-19.IGHJ4.IGHM_IGKV3-11.IGKJ1.IGKC;IGHV3-23.IGHD6-19.IGHJ4.IGHM_IGKV3-11.IGKJ1.IGKC;IGHV3-33.IGHD6-19.IGHJ6.IGHM_IGKV3-20.IGKJ1.IGKC;IGHV3-33..IGHJ4.IGHM_IGKV3-15.IGKJ1.IGKC;IGHV3-33..IGHJ4.IGHM_IGKV3-20.IGKJ2.IGKC;IGHV3-33.IGHD3-22.IGHJ3.IGHM_IGLV7-46.IGLJ3.IGLC2;IGHV3-33..IGHJ4.IGHM_IGKV1-5.IGKJ2.IGKC;IGHV3-30.IGHD3-10.IGHJ6.IGHM_IGKV3-11.IGKJ4.IGKC;IGHV3-33..IGHJ6.IGHM_IGKV1-17.IGKJ1.IGKC;IGHV1-24..IGHJ4.IGHM_IGKV3-11.IGKJ4.IGKC;IGHV1-18.IGHD3-3.IGHJ6.IGHM_IGKV3-11.IGKJ2.IGKC;IGHV3-33.IGHD5-5.IGHJ4.IGHM_IGKV1-39.IGKJ1.IGKC;IGHV3-33.IGHD5-5.IGHJ6.IGHM_IGLV3-25.IGLJ2.IGLC2;IGHV3-23..IGHJ4.IGHM_IGKV3-11.IGKJ4.IGKC;IGHV3-33..IGHJ4.IGHM_IGLV3-19.IGLJ1.IGLC1;IGHV3-33..IGHJ3.IGHM_IGKV3-11.IGKJ2.IGKC;IGHV3-33..IGHJ5.IGHM_IGLV2-23.IGLJ1.IGLC1;IGHV3-7.IGHD2-2.IGHJ4.IGHM_IGKV3-11.IGKJ3.IGKC;IGHV3-33..IGHJ4.IGHM_IGLV3-25.IGLJ1.IGLC1;IGHV3-33..IGHJ4.IGHM_IGKV3-15.IGKJ4.IGKC;IGHV3-33..IGHJ3.IGHM_IGKV1-5.IGKJ1.IGKC;IGHV3-33..IGHJ4.IGHM_IGKV1-39.IGKJ4.IGKC;IGHV5-51..IGHJ4.IGHM_IGKV3-11.IGKJ4.IGKC;IGHV3-23..IGHJ4.IGHM_IGKV3-11.IGKJ4.IGKC;IGHV3-49..IGHJ6.IGHM_IGKV3-11.IGKJ5.IGKC;IGHV3-33..IGHJ3.IGHM_IGKV1-8.IGKJ1.IGKC;IGHV3-33..IGHJ4.IGHM_IGLV3-25.IGLJ3.IGLC3;IGHV3-30.IGHD3-10.IGHJ6.IGHM_IGKV3-11.IGKJ4.IGKC;IGHV3-33..IGHJ3.IGHM_IGKV1-39.IGKJ1.IGKC;IGHV3-33.IGHD3-22.IGHJ4.IGHM_IGKV1-5.IGKJ4.IGKC;IGHV3-15..IGHJ6.IGHM_IGKV3-11.IGKJ2.IGKC;IGHV3-33..IGHJ4.IGHM_IGLV2-8.IGLJ3.IGLC2;IGHV7-4-1.IGHD3-10.IGHJ4.IGHM_IGKV3-11.IGKJ5.IGKC;IGHV3-21..IGHJ2.IGHM_IGKV3-11.IGKJ4.IGKC	9	1	IGHV1-69D..IGHJ4.IGHM_NA	0	NA
16	79	IGHV3-21.IGHD4-23.IGHJ2.IGHM_IGKV3-11.IGKJ2.IGKC;IGHV3-33.IGHD6-19.IGHJ6.IGHM_IGKV1-39.IGKJ1.IGKC;IGHV3-33..IGHJ5.IGHM_IGLV1-40.IGLJ1.IGLC1;IGHV3-33.IGHD2-2.IGHJ4.IGHM_IGKV3-20.IGKJ2.IGKC;IGHV3-30..IGHJ4.IGHM_IGKV3-11.IGKJ1.IGKC;IGHV4-59..IGHJ5.IGHG1_IGKV3-11.IGKJ4.IGKC;IGHV3-23..IGHJ5.IGHM_IGKV3-11.IGKJ5.IGKC;IGHV3-33..IGHJ6.IGHM_IGLV1-40.IGLJ2.IGLC2;IGHV3-33..IGHJ4.IGHM_IGKV1-5.IGKJ2.IGKC;IGHV3-11..IGHJ5.IGHM_IGKV3-15.IGKJ2.IGKC;IGHV3-33..IGHJ6.IGHM_IGKV4-1.IGKJ4.IGKC;IGHV1-3.IGHD3-9.IGHJ5.IGHM_IGKV3-11.IGKJ1.IGKC;IGHV3-7..IGHJ6.IGHM_IGKV3-11.IGKJ4.IGKC;IGHV3-33..IGHJ4.IGHM_IGKV3-15.IGKJ1.IGKC;IGHV2-5.IGHD3-9.IGHJ4.IGHM_IGKV1-39.IGKJ2.IGKC;IGHV3-33..IGHJ4.IGHM_IGKV1-39.IGKJ2.IGKC;IGHV3-33..IGHJ4.IGHM_IGKV1-12.IGKJ4.IGKC;IGHV4-59.IGHD3-9.IGHJ6.IGHM_IGLV2-8.IGLJ2.IGLC2;IGHV1-8.IGHD3-3.IGHJ2.IGHM_IGKV3-11.IGKJ2.IGKC;IGHV4-39..IGHJ3.IGHM_IGKV3-11.IGKJ3.IGKC;IGHV3-33.IGHD6-19.IGHJ4.IGHM_IGLV3-1.IGLJ2.IGLC2;IGHV3-33..IGHJ6.IGHM_IGLV3-25.IGLJ1.IGLC1;IGHV3-33..IGHJ5.IGHM_IGKV1-39.IGKJ1.IGKC;IGHV3-30..IGHJ3.IGHM_IGKV3-11.IGKJ4.IGKC;IGHV3-33..IGHJ4.IGHM_IGLV1-44.IGLJ1.IGLC1;IGHV3-33..IGHJ4.IGHM_IGLV2-23.IGLJ3.IGLC3;IGHV1-69D.IGHD6-13.IGHJ4.IGHM_IGKV3-11.IGKJ3.IGKC;IGHV3-15..IGHJ4.IGHM_IGKV3-11.IGKJ4.IGKC;IGHV1-69D.IGHD5-5.IGHJ4.IGHM_IGKV3-20.IGKJ1.IGKC;IGHV3-33.IGHD5-5.IGHJ4.IGHM_IGKV3-11.IGKJ2.IGKC;IGHV1-46..IGHJ6.IGHM_IGKV3-11.IGKJ4.IGKC;IGHV3-33..IGHJ4.IGHA1_IGLV2-23.IGLJ1.IGLC1;IGHV3-20..IGHJ5.IGHM_IGKV3-11.IGKJ4.IGKC;IGHV3-33.IGHD2-15.IGHJ4.IGHM_IGLV3-25.IGLJ2.IGLC2;IGHV4-59..IGHJ5.IGHM_IGKV3-11.IGKJ4.IGKC;IGHV3-33.IGHD5-24.IGHJ4.IGHM_IGKV1-33.IGKJ4.IGKC;IGHV3-30.IGHD3-10.IGHJ6.IGHM_IGKV3-11.IGKJ5.IGKC;IGHV3-74..IGHJ3.IGHM_IGKV1-39.IGKJ1.IGKC;IGHV1-69D.IGHD2-21.IGHJ6.IGHM_IGLV3-25.IGLJ3.IGLC3;IGHV3-33.IGHD3-10.IGHJ4.IGHM_IGLV1-40.IGLJ7.IGLC7;IGHV3-33..IGHJ4.IGHM_IGKV2-24.IGKJ2.IGKC;IGHV3-23..IGHJ5.IGHM_IGKV3-11.IGKJ5.IGKC;IGHV3-33.IGHD3-22.IGHJ4.IGHM_IGKV1-5.IGKJ2.IGKC;IGHV4-34.IGHD2-15.IGHJ6.IGHM_IGKV3-11.IGKJ2.IGKC;IGHV3-33.IGHD4-17.IGHJ6.IGHM_IGKV1-17.IGKJ1.IGKC;IGHV3-21.IGHD6-19.IGHJ4.IGHM_IGKV3-11.IGKJ1.IGKC;IGHV3-23.IGHD6-19.IGHJ4.IGHM_IGKV3-11.IGKJ1.IGKC;IGHV3-33.IGHD6-19.IGHJ6.IGHM_IGKV3-20.IGKJ1.IGKC;IGHV3-33..IGHJ4.IGHM_IGKV3-15.IGKJ1.IGKC;IGHV3-33..IGHJ4.IGHM_IGKV3-20.IGKJ2.IGKC;IGHV3-33.IGHD3-22.IGHJ3.IGHM_IGLV7-46.IGLJ3.IGLC2;IGHV3-33..IGHJ4.IGHM_IGKV1-5.IGKJ2.IGKC;IGHV3-30.IGHD3-10.IGHJ6.IGHM_IGKV3-11.IGKJ4.IGKC;IGHV3-33..IGHJ6.IGHM_IGKV1-17.IGKJ1.IGKC;IGHV1-24..IGHJ4.IGHM_IGKV3-11.IGKJ4.IGKC;IGHV1-18.IGHD3-3.IGHJ6.IGHM_IGKV3-11.IGKJ2.IGKC;IGHV3-33.IGHD5-5.IGHJ4.IGHM_IGKV1-39.IGKJ1.IGKC;IGHV3-33.IGHD5-5.IGHJ6.IGHM_IGLV3-25.IGLJ2.IGLC2;IGHV3-23..IGHJ4.IGHM_IGKV3-11.IGKJ4.IGKC;IGHV3-33..IGHJ4.IGHM_IGLV3-19.IGLJ1.IGLC1;IGHV3-33..IGHJ3.IGHM_IGKV3-11.IGKJ2.IGKC;IGHV3-33..IGHJ5.IGHM_IGLV2-23.IGLJ1.IGLC1;IGHV3-7.IGHD2-2.IGHJ4.IGHM_IGKV3-11.IGKJ3.IGKC;IGHV3-33..IGHJ4.IGHM_IGLV3-25.IGLJ1.IGLC1;IGHV3-33..IGHJ4.IGHM_IGKV3-15.IGKJ4.IGKC;IGHV3-33..IGHJ3.IGHM_IGKV1-5.IGKJ1.IGKC;IGHV3-33..IGHJ4.IGHM_IGKV1-39.IGKJ4.IGKC;IGHV5-51..IGHJ4.IGHM_IGKV3-11.IGKJ4.IGKC;IGHV3-23..IGHJ4.IGHM_IGKV3-11.IGKJ4.IGKC;IGHV3-49..IGHJ6.IGHM_IGKV3-11.IGKJ5.IGKC;IGHV3-33..IGHJ3.IGHM_IGKV1-8.IGKJ1.IGKC;IGHV3-33..IGHJ4.IGHM_IGLV3-25.IGLJ3.IGLC3;IGHV3-30.IGHD3-10.IGHJ6.IGHM_IGKV3-11.IGKJ4.IGKC;IGHV3-33..IGHJ3.IGHM_IGKV1-39.IGKJ1.IGKC;IGHV3-33.IGHD3-22.IGHJ4.IGHM_IGKV1-5.IGKJ4.IGKC;IGHV3-15..IGHJ6.IGHM_IGKV3-11.IGKJ2.IGKC;IGHV3-33..IGHJ4.IGHM_IGLV2-8.IGLJ3.IGLC2;IGHV7-4-1.IGHD3-10.IGHJ4.IGHM_IGKV3-11.IGKJ5.IGKC;IGHV3-21..IGHJ2.IGHM_IGKV3-11.IGKJ4.IGKC	17	67	IGHV6-1..IGHJ6.IGHM_IGKV4-1.IGKJ2.IGKC;IGHV4-34..IGHJ3.IGHM_IGLV5-39.IGLJ2.IGLC2;IGHV4-34..IGHJ3.IGHM_IGKV1-8.IGKJ1.IGKC;IGHV4-34..IGHJ5.IGHM_IGLV2-23.IGLJ2.IGLC2;IGHV4-34..IGHJ4.IGHM_IGKV1D-8.IGKJ1.IGKC;IGHV4-34..IGHJ4.IGHM_IGKV4-1.IGKJ3.IGKC;IGHV4-39..IGHJ5.IGHM_IGKV4-1.IGKJ4.IGKC;IGHV4-34..IGHJ5.IGHM_IGKV3-15.IGKJ1.IGKC;IGHV1-8..IGHJ3.IGHM_IGLV1-44.IGLJ1.IGLC1;IGHV4-34..IGHJ4.IGHM_IGKV1-39.IGKJ2.IGKC;IGHV1-18.IGHD5-24.IGHJ3.IGHM_IGKV4-1.IGKJ4.IGKC;IGHV4-34.IGHD2-2.IGHJ6.IGHM_IGKV1-12.IGKJ4.IGKC;IGHV3-30.IGHD3-10.IGHJ4.IGHG1_IGKV4-1.IGKJ4.IGKC;IGHV4-34..IGHJ4.IGHM_IGLV1-47.IGLJ3.IGLC3;IGHV4-34.IGHD3-10.IGHJ4.IGHM_IGKV1-6.IGKJ4.IGKC;IGHV3-11..IGHJ5.IGHM_IGLV3-25.IGLJ1.IGLC1;IGHV4-34..IGHJ4.IGHM_IGKV3-15.IGKJ2.IGKC;IGHV4-61..IGHJ1.IGHM_IGKV3-20.IGKJ1.IGKC;IGHV7-4-1..IGHJ4.IGHM_IGKV4-1.IGKJ4.IGKC;IGHV2-5..IGHJ4.IGHM_IGKV4-1.IGKJ1.IGKC;IGHV4-34..IGHJ4.IGHM_IGLV3-19.IGLJ1.IGLC1;IGHV4-59.IGHD3-10.IGHJ4.IGHM_IGKV4-1.IGKJ1.IGKC;IGHV3-11..IGHJ3.IGHM_IGKV4-1.IGKJ4.IGKC;IGHV1-58..IGHJ6.IGHM_IGKV4-1.IGKJ1.IGKC;IGHV6-1..IGHJ4.IGHM_IGKV4-1.IGKJ1.IGKC;IGHV4-34.IGHD2-15.IGHJ5.IGHM_IGKV1-6.IGKJ2.IGKC;IGHV3-21..IGHJ4.IGHM_IGKV4-1.IGKJ3.IGKC;IGHV4-34..IGHJ4.IGHM_IGKV1-39.IGKJ1.IGKC;IGHV3-64..IGHJ4.IGHM_IGKV4-1.IGKJ1.IGKC;IGHV1-8..IGHJ4.IGHA1_IGKV4-1.IGKJ1.IGKC;IGHV4-34.IGHD3-16.IGHJ4.IGHM_IGKV1-39.IGKJ2.IGKC;IGHV4-34.IGHD4-23.IGHJ1.IGHM_IGKV4-1.IGKJ1.IGKC;IGHV3-30..IGHJ4.IGHG2_IGKV4-1.IGKJ2.IGKC;IGHV4-34.IGHD5-5.IGHJ2.IGHM_IGLV1-44.IGLJ1.IGLC1;IGHV5-51..IGHJ6.IGHM_IGKV4-1.IGKJ2.IGKC;IGHV3-23..IGHJ4.IGHM_IGKV4-1.IGKJ1.IGKC;IGHV4-34..IGHJ5.IGHM_IGLV1-47.IGLJ1.IGLC1;IGHV4-59.IGHD6-19.IGHJ4.IGHM_IGKV4-1.IGKJ1.IGKC;IGHV4-59..IGHJ4.IGHG2_IGKV4-1.IGKJ1.IGKC;IGHV4-34..IGHJ5.IGHM_IGKV4-1.IGKJ1.IGKC;IGHV4-34.IGHD4-17.IGHJ4.IGHM_IGLV1-44.IGLJ1.IGLC1;IGHV4-34..IGHJ4.IGHM_IGLV3-21.IGLJ2.IGLC2;IGHV4-39.IGHD2-15.IGHJ4.IGHM_IGLV3-21.IGLJ2.IGLC2;IGHV3-9.IGHD6-13.IGHJ6.IGHM_IGKV4-1.IGKJ1.IGKC;IGHV4-34.IGHD3-9.IGHJ4.IGHM_IGKV1-9.IGKJ5.IGKC;IGHV4-59..IGHJ5.IGHM_IGKV4-1.IGKJ1.IGKC;IGHV4-34..IGHJ4.IGHM_IGLV3-19.IGLJ2.IGLC2;IGHV1-46..IGHJ3.IGHM_IGKV4-1.IGKJ5.IGKC;IGHV3-11..IGHJ6.IGHM_IGKV1-39.IGKJ3.IGKC;IGHV4-34..IGHJ6.IGHM_IGKV3-20.IGKJ1.IGKC;IGHV4-34..IGHJ4.IGHM_IGLV3-19.IGLJ2.IGLC2;IGHV4-34..IGHJ6.IGHM_IGKV3-20.IGKJ1.IGKC;IGHV1-3..IGHJ5.IGHM_IGKV4-1.IGKJ2.IGKC;IGHV7-4-1..IGHJ6.IGHA1_IGKV4-1.IGKJ1.IGKC;IGHV4-34.IGHD3-10.IGHJ6.IGHM_IGLV1-44.IGLJ2.IGLC2;IGHV4-34.IGHD5-5.IGHJ5.IGHM_IGLV3-19.IGLJ2.IGLC2;IGHV4-34..IGHJ5.IGHM_IGKV1-39.IGKJ4.IGKC;IGHV1-18.IGHD4-17.IGHJ4.IGHM_IGKV4-1.IGKJ4.IGKC;IGHV4-34..IGHJ6.IGHM_IGKV1-27.IGKJ2.IGKC;IGHV6-1..IGHJ4.IGHM_IGKV4-1.IGKJ1.IGKC;IGHV4-34..IGHJ4.IGHM_IGKV3-15.IGKJ2.IGKC;IGHV1-2..IGHJ5.IGHM_IGKV4-1.IGKJ2.IGKC;IGHV4-34..IGHJ6.IGHM_IGLV7-43.IGLJ1.IGLC1;IGHV4-39..IGHJ3.IGHM_IGKV4-1.IGKJ4.IGKC;IGHV4-34..IGHJ4.IGHM_IGLV1-44.IGLJ1.IGLC1;IGHV4-34.IGHD3-22.IGHJ1.IGHM_IGKV1-33.IGKJ4.IGKC;IGHV4-34.IGHD2-15.IGHJ5.IGHM_IGKV1-8.IGKJ1.IGKC	0	NA
16	79	IGHV3-21.IGHD4-23.IGHJ2.IGHM_IGKV3-11.IGKJ2.IGKC;IGHV3-33.IGHD6-19.IGHJ6.IGHM_IGKV1-39.IGKJ1.IGKC;IGHV3-33..IGHJ5.IGHM_IGLV1-40.IGLJ1.IGLC1;IGHV3-33.IGHD2-2.IGHJ4.IGHM_IGKV3-20.IGKJ2.IGKC;IGHV3-30..IGHJ4.IGHM_IGKV3-11.IGKJ1.IGKC;IGHV4-59..IGHJ5.IGHG1_IGKV3-11.IGKJ4.IGKC;IGHV3-23..IGHJ5.IGHM_IGKV3-11.IGKJ5.IGKC;IGHV3-33..IGHJ6.IGHM_IGLV1-40.IGLJ2.IGLC2;IGHV3-33..IGHJ4.IGHM_IGKV1-5.IGKJ2.IGKC;IGHV3-11..IGHJ5.IGHM_IGKV3-15.IGKJ2.IGKC;IGHV3-33..IGHJ6.IGHM_IGKV4-1.IGKJ4.IGKC;IGHV1-3.IGHD3-9.IGHJ5.IGHM_IGKV3-11.IGKJ1.IGKC;IGHV3-7..IGHJ6.IGHM_IGKV3-11.IGKJ4.IGKC;IGHV3-33..IGHJ4.IGHM_IGKV3-15.IGKJ1.IGKC;IGHV2-5.IGHD3-9.IGHJ4.IGHM_IGKV1-39.IGKJ2.IGKC;IGHV3-33..IGHJ4.IGHM_IGKV1-39.IGKJ2.IGKC;IGHV3-33..IGHJ4.IGHM_IGKV1-12.IGKJ4.IGKC;IGHV4-59.IGHD3-9.IGHJ6.IGHM_IGLV2-8.IGLJ2.IGLC2;IGHV1-8.IGHD3-3.IGHJ2.IGHM_IGKV3-11.IGKJ2.IGKC;IGHV4-39..IGHJ3.IGHM_IGKV3-11.IGKJ3.IGKC;IGHV3-33.IGHD6-19.IGHJ4.IGHM_IGLV3-1.IGLJ2.IGLC2;IGHV3-33..IGHJ6.IGHM_IGLV3-25.IGLJ1.IGLC1;IGHV3-33..IGHJ5.IGHM_IGKV1-39.IGKJ1.IGKC;IGHV3-30..IGHJ3.IGHM_IGKV3-11.IGKJ4.IGKC;IGHV3-33..IGHJ4.IGHM_IGLV1-44.IGLJ1.IGLC1;IGHV3-33..IGHJ4.IGHM_IGLV2-23.IGLJ3.IGLC3;IGHV1-69D.IGHD6-13.IGHJ4.IGHM_IGKV3-11.IGKJ3.IGKC;IGHV3-15..IGHJ4.IGHM_IGKV3-11.IGKJ4.IGKC;IGHV1-69D.IGHD5-5.IGHJ4.IGHM_IGKV3-20.IGKJ1.IGKC;IGHV3-33.IGHD5-5.IGHJ4.IGHM_IGKV3-11.IGKJ2.IGKC;IGHV1-46..IGHJ6.IGHM_IGKV3-11.IGKJ4.IGKC;IGHV3-33..IGHJ4.IGHA1_IGLV2-23.IGLJ1.IGLC1;IGHV3-20..IGHJ5.IGHM_IGKV3-11.IGKJ4.IGKC;IGHV3-33.IGHD2-15.IGHJ4.IGHM_IGLV3-25.IGLJ2.IGLC2;IGHV4-59..IGHJ5.IGHM_IGKV3-11.IGKJ4.IGKC;IGHV3-33.IGHD5-24.IGHJ4.IGHM_IGKV1-33.IGKJ4.IGKC;IGHV3-30.IGHD3-10.IGHJ6.IGHM_IGKV3-11.IGKJ5.IGKC;IGHV3-74..IGHJ3.IGHM_IGKV1-39.IGKJ1.IGKC;IGHV1-69D.IGHD2-21.IGHJ6.IGHM_IGLV3-25.IGLJ3.IGLC3;IGHV3-33.IGHD3-10.IGHJ4.IGHM_IGLV1-40.IGLJ7.IGLC7;IGHV3-33..IGHJ4.IGHM_IGKV2-24.IGKJ2.IGKC;IGHV3-23..IGHJ5.IGHM_IGKV3-11.IGKJ5.IGKC;IGHV3-33.IGHD3-22.IGHJ4.IGHM_IGKV1-5.IGKJ2.IGKC;IGHV4-34.IGHD2-15.IGHJ6.IGHM_IGKV3-11.IGKJ2.IGKC;IGHV3-33.IGHD4-17.IGHJ6.IGHM_IGKV1-17.IGKJ1.IGKC;IGHV3-21.IGHD6-19.IGHJ4.IGHM_IGKV3-11.IGKJ1.IGKC;IGHV3-23.IGHD6-19.IGHJ4.IGHM_IGKV3-11.IGKJ1.IGKC;IGHV3-33.IGHD6-19.IGHJ6.IGHM_IGKV3-20.IGKJ1.IGKC;IGHV3-33..IGHJ4.IGHM_IGKV3-15.IGKJ1.IGKC;IGHV3-33..IGHJ4.IGHM_IGKV3-20.IGKJ2.IGKC;IGHV3-33.IGHD3-22.IGHJ3.IGHM_IGLV7-46.IGLJ3.IGLC2;IGHV3-33..IGHJ4.IGHM_IGKV1-5.IGKJ2.IGKC;IGHV3-30.IGHD3-10.IGHJ6.IGHM_IGKV3-11.IGKJ4.IGKC;IGHV3-33..IGHJ6.IGHM_IGKV1-17.IGKJ1.IGKC;IGHV1-24..IGHJ4.IGHM_IGKV3-11.IGKJ4.IGKC;IGHV1-18.IGHD3-3.IGHJ6.IGHM_IGKV3-11.IGKJ2.IGKC;IGHV3-33.IGHD5-5.IGHJ4.IGHM_IGKV1-39.IGKJ1.IGKC;IGHV3-33.IGHD5-5.IGHJ6.IGHM_IGLV3-25.IGLJ2.IGLC2;IGHV3-23..IGHJ4.IGHM_IGKV3-11.IGKJ4.IGKC;IGHV3-33..IGHJ4.IGHM_IGLV3-19.IGLJ1.IGLC1;IGHV3-33..IGHJ3.IGHM_IGKV3-11.IGKJ2.IGKC;IGHV3-33..IGHJ5.IGHM_IGLV2-23.IGLJ1.IGLC1;IGHV3-7.IGHD2-2.IGHJ4.IGHM_IGKV3-11.IGKJ3.IGKC;IGHV3-33..IGHJ4.IGHM_IGLV3-25.IGLJ1.IGLC1;IGHV3-33..IGHJ4.IGHM_IGKV3-15.IGKJ4.IGKC;IGHV3-33..IGHJ3.IGHM_IGKV1-5.IGKJ1.IGKC;IGHV3-33..IGHJ4.IGHM_IGKV1-39.IGKJ4.IGKC;IGHV5-51..IGHJ4.IGHM_IGKV3-11.IGKJ4.IGKC;IGHV3-23..IGHJ4.IGHM_IGKV3-11.IGKJ4.IGKC;IGHV3-49..IGHJ6.IGHM_IGKV3-11.IGKJ5.IGKC;IGHV3-33..IGHJ3.IGHM_IGKV1-8.IGKJ1.IGKC;IGHV3-33..IGHJ4.IGHM_IGLV3-25.IGLJ3.IGLC3;IGHV3-30.IGHD3-10.IGHJ6.IGHM_IGKV3-11.IGKJ4.IGKC;IGHV3-33..IGHJ3.IGHM_IGKV1-39.IGKJ1.IGKC;IGHV3-33.IGHD3-22.IGHJ4.IGHM_IGKV1-5.IGKJ4.IGKC;IGHV3-15..IGHJ6.IGHM_IGKV3-11.IGKJ2.IGKC;IGHV3-33..IGHJ4.IGHM_IGLV2-8.IGLJ3.IGLC2;IGHV7-4-1.IGHD3-10.IGHJ4.IGHM_IGKV3-11.IGKJ5.IGKC;IGHV3-21..IGHJ2.IGHM_IGKV3-11.IGKJ4.IGKC	18	68	IGHV4-39..IGHJ4.IGHA1_IGLV2-23.IGLJ3.IGLC2;IGHV4-39..IGHJ4.IGHM_IGLV1-44.IGLJ1.IGLC1;IGHV3-21..IGHJ6.IGHM_IGKV1-33.IGKJ3.IGKC;IGHV3-74.IGHD2-15.IGHJ6.IGHM_IGLV1-44.IGLJ1.IGLC1;IGHV3-21.IGHD3-22.IGHJ3.IGHM_IGLV3-25.IGLJ2.IGLC2;IGHV4-30-4..IGHJ5.IGHM_IGLV1-44.IGLJ2.IGLC2;IGHV3-21.IGHD3-3.IGHJ5.IGHM_IGKV1-27.IGKJ4.IGKC;IGHV3-21.IGHD4-17.IGHJ4.IGHM_IGLV1-44.IGLJ2.IGLC2;IGHV3-21..IGHJ6.IGHM_IGKV3-20.IGKJ2.IGKC;IGHV3-21..IGHJ6.IGHM_IGLV3-21.IGLJ1.IGLC1;IGHV3-21..IGHJ3.IGHM_IGKV1-39.IGKJ1.IGKC;IGHV2-26..IGHJ4.IGHM_IGLV1-51.IGLJ2.IGLC2;IGHV3-21.IGHD1-26.IGHJ4.IGHM_IGLV2-11.IGLJ3.IGLC3;IGHV3-21.IGHD6-13.IGHJ4.IGHM_IGLV1-51.IGLJ1.IGLC1;IGHV3-30..IGHJ5.IGHG1_IGLV1-44.IGLJ3.IGLC2;IGHV3-21..IGHJ5.IGHM_IGLV8-61.IGLJ2.IGLC2;IGHV4-59..IGHJ6.IGHM_IGLV1-44.IGLJ2.IGLC2;IGHV2-5..IGHJ4.IGHG1_IGLV1-44.IGLJ1.IGLC1;IGHV1-69D.IGHD2-2.IGHJ4.IGHA1_IGKV3-20.IGKJ2.IGKC;IGHV3-33.IGHD3-22.IGHJ4.IGHM_IGLV1-44.IGLJ3.IGLC2;IGHV3-11..IGHJ6.IGHA1_IGLV3-1.IGLJ2.IGLC2;IGHV3-21.IGHD1-20.IGHJ4.IGHD_IGKV1-8.IGKJ3.IGKC;IGHV3-21..IGHJ4.IGHM_IGLV3-25.IGLJ1.IGLC1;IGHV3-23.IGHD3-22.IGHJ4.IGHM_IGLV1-44.IGLJ3.IGLC3;IGHV1-8..IGHJ6.IGHG2_IGLV1-44.IGLJ1.IGLC1;IGHV3-21.IGHD5-12.IGHJ6.IGHM_IGLV1-40.IGLJ3.IGLC2;IGHV3-21..IGHJ6.IGHM_IGLV3-1.IGLJ2.IGLC2;IGHV3-21.IGHD3-10.IGHJ6.IGHM_IGLV2-23.IGLJ3.IGLC3;IGHV4-39.IGHD3-9.IGHJ4.IGHM_IGLV1-44.IGLJ1.IGLC1;IGHV1-18..IGHJ4.IGHM_IGLV1-44.IGLJ3.IGLC2;IGHV3-66..IGHJ6.IGHM_IGLV1-44.IGLJ3.IGLC3;IGHV3-21.IGHD3-22.IGHJ4.IGHM_IGKV1-12.IGKJ5.IGKC;IGHV2-5.IGHD2-2.IGHJ5.IGHM_IGLV1-44.IGLJ2.IGLC2;IGHV4-39.IGHD3-9.IGHJ4.IGHM_IGLV1-44.IGLJ1.IGLC1;IGHV6-1..IGHJ5.IGHA1_IGLV1-51.IGLJ3.IGLC2;IGHV4-59.IGHD3-10.IGHJ5.IGHM_IGLV1-44.IGLJ2.IGLC2;IGHV4-39.IGHD3-9.IGHJ2.IGHM_IGLV1-44.IGLJ2.IGLC2;IGHV1-18.IGHD4-17.IGHJ1.IGHM_IGLV1-44.IGLJ2.IGLC2;IGHV3-21..IGHJ4.IGHM_IGLV1-47.IGLJ2.IGLC2;IGHV3-21..IGHJ4.IGHG1_IGKV2D-29.IGKJ4.IGKC;IGHV4-61..IGHJ6.IGHM_IGLV1-44.IGLJ3.IGLC2;IGHV4-30-4.IGHD3-10.IGHJ4.IGHG2_IGLV1-44.IGLJ2.IGLC2;IGHV3-21..IGHJ4.IGHM_IGKV1-39.IGKJ3.IGKC;IGHV4-39..IGHJ4.IGHM_IGLV1-44.IGLJ2.IGLC2;IGHV3-21..IGHJ4.IGHM_IGKV1-8.IGKJ4.IGKC;IGHV1-69D..IGHJ4.IGHM_IGLV1-44.IGLJ1.IGLC1;IGHV3-21..IGHJ3.IGHA2_IGKV3-20.IGKJ1.IGKC;IGHV2-5..IGHJ4.IGHG1_IGLV1-44.IGLJ1.IGLC1;IGHV3-33.IGHD3-10.IGHJ4.IGHM_IGKV3-15.IGKJ1.IGKC;IGHV3-21.IGHD6-19.IGHJ5.IGHM_IGKV1-8.IGKJ2.IGKC;IGHV3-21.IGHD5-24.IGHJ4.IGHM_IGKV1-27.IGKJ3.IGKC;IGHV3-9..IGHJ4.IGHM_IGLV1-44.IGLJ3.IGLC3;IGHV3-21..IGHJ4.IGHM_IGKV1-8.IGKJ1.IGKC;IGHV3-21.IGHD5-5.IGHJ4.IGHM_IGLV1-44.IGLJ2.IGLC2;IGHV3-48..IGHJ6.IGHM_IGLV1-44.IGLJ1.IGLC1;IGHV3-21.IGHD2-2.IGHJ6.IGHM_IGKV2-28.IGKJ2.IGKC;IGHV3-21..IGHJ4.IGHM_IGLV6-57.IGLJ3.IGLC2;IGHV4-30-4.IGHD3-10.IGHJ5.IGHM_IGLV1-44.IGLJ3.IGLC3;IGHV3-21..IGHJ4.IGHM_IGKV3-15.IGKJ2.IGKC;IGHV3-21..IGHJ4.IGHM_IGKV3-15.IGKJ4.IGKC;IGHV3-21..IGHJ4.IGHM_IGKV1-33.IGKJ2.IGKC;IGHV5-51..IGHJ5.IGHA2_IGKV1-5.IGKJ1.IGKC;IGHV3-21..IGHJ4.IGHM_IGLV6-57.IGLJ3.IGLC3;IGHV3-21..IGHJ5.IGHM_IGKV1-5.IGKJ1.IGKC;IGHV3-7..IGHJ4.IGHM_IGLV1-47.IGLJ3.IGLC3;IGHV4-59..IGHJ3.IGHA1_IGLV1-44.IGLJ1.IGLC1;IGHV3-21.IGHD2-15.IGHJ4.IGHM_IGKV1-27.IGKJ1.IGKC;IGHV3-30..IGHJ6.IGHA1_IGLV1-44.IGLJ2.IGLC2	0	NA
16	79	IGHV3-21.IGHD4-23.IGHJ2.IGHM_IGKV3-11.IGKJ2.IGKC;IGHV3-33.IGHD6-19.IGHJ6.IGHM_IGKV1-39.IGKJ1.IGKC;IGHV3-33..IGHJ5.IGHM_IGLV1-40.IGLJ1.IGLC1;IGHV3-33.IGHD2-2.IGHJ4.IGHM_IGKV3-20.IGKJ2.IGKC;IGHV3-30..IGHJ4.IGHM_IGKV3-11.IGKJ1.IGKC;IGHV4-59..IGHJ5.IGHG1_IGKV3-11.IGKJ4.IGKC;IGHV3-23..IGHJ5.IGHM_IGKV3-11.IGKJ5.IGKC;IGHV3-33..IGHJ6.IGHM_IGLV1-40.IGLJ2.IGLC2;IGHV3-33..IGHJ4.IGHM_IGKV1-5.IGKJ2.IGKC;IGHV3-11..IGHJ5.IGHM_IGKV3-15.IGKJ2.IGKC;IGHV3-33..IGHJ6.IGHM_IGKV4-1.IGKJ4.IGKC;IGHV1-3.IGHD3-9.IGHJ5.IGHM_IGKV3-11.IGKJ1.IGKC;IGHV3-7..IGHJ6.IGHM_IGKV3-11.IGKJ4.IGKC;IGHV3-33..IGHJ4.IGHM_IGKV3-15.IGKJ1.IGKC;IGHV2-5.IGHD3-9.IGHJ4.IGHM_IGKV1-39.IGKJ2.IGKC;IGHV3-33..IGHJ4.IGHM_IGKV1-39.IGKJ2.IGKC;IGHV3-33..IGHJ4.IGHM_IGKV1-12.IGKJ4.IGKC;IGHV4-59.IGHD3-9.IGHJ6.IGHM_IGLV2-8.IGLJ2.IGLC2;IGHV1-8.IGHD3-3.IGHJ2.IGHM_IGKV3-11.IGKJ2.IGKC;IGHV4-39..IGHJ3.IGHM_IGKV3-11.IGKJ3.IGKC;IGHV3-33.IGHD6-19.IGHJ4.IGHM_IGLV3-1.IGLJ2.IGLC2;IGHV3-33..IGHJ6.IGHM_IGLV3-25.IGLJ1.IGLC1;IGHV3-33..IGHJ5.IGHM_IGKV1-39.IGKJ1.IGKC;IGHV3-30..IGHJ3.IGHM_IGKV3-11.IGKJ4.IGKC;IGHV3-33..IGHJ4.IGHM_IGLV1-44.IGLJ1.IGLC1;IGHV3-33..IGHJ4.IGHM_IGLV2-23.IGLJ3.IGLC3;IGHV1-69D.IGHD6-13.IGHJ4.IGHM_IGKV3-11.IGKJ3.IGKC;IGHV3-15..IGHJ4.IGHM_IGKV3-11.IGKJ4.IGKC;IGHV1-69D.IGHD5-5.IGHJ4.IGHM_IGKV3-20.IGKJ1.IGKC;IGHV3-33.IGHD5-5.IGHJ4.IGHM_IGKV3-11.IGKJ2.IGKC;IGHV1-46..IGHJ6.IGHM_IGKV3-11.IGKJ4.IGKC;IGHV3-33..IGHJ4.IGHA1_IGLV2-23.IGLJ1.IGLC1;IGHV3-20..IGHJ5.IGHM_IGKV3-11.IGKJ4.IGKC;IGHV3-33.IGHD2-15.IGHJ4.IGHM_IGLV3-25.IGLJ2.IGLC2;IGHV4-59..IGHJ5.IGHM_IGKV3-11.IGKJ4.IGKC;IGHV3-33.IGHD5-24.IGHJ4.IGHM_IGKV1-33.IGKJ4.IGKC;IGHV3-30.IGHD3-10.IGHJ6.IGHM_IGKV3-11.IGKJ5.IGKC;IGHV3-74..IGHJ3.IGHM_IGKV1-39.IGKJ1.IGKC;IGHV1-69D.IGHD2-21.IGHJ6.IGHM_IGLV3-25.IGLJ3.IGLC3;IGHV3-33.IGHD3-10.IGHJ4.IGHM_IGLV1-40.IGLJ7.IGLC7;IGHV3-33..IGHJ4.IGHM_IGKV2-24.IGKJ2.IGKC;IGHV3-23..IGHJ5.IGHM_IGKV3-11.IGKJ5.IGKC;IGHV3-33.IGHD3-22.IGHJ4.IGHM_IGKV1-5.IGKJ2.IGKC;IGHV4-34.IGHD2-15.IGHJ6.IGHM_IGKV3-11.IGKJ2.IGKC;IGHV3-33.IGHD4-17.IGHJ6.IGHM_IGKV1-17.IGKJ1.IGKC;IGHV3-21.IGHD6-19.IGHJ4.IGHM_IGKV3-11.IGKJ1.IGKC;IGHV3-23.IGHD6-19.IGHJ4.IGHM_IGKV3-11.IGKJ1.IGKC;IGHV3-33.IGHD6-19.IGHJ6.IGHM_IGKV3-20.IGKJ1.IGKC;IGHV3-33..IGHJ4.IGHM_IGKV3-15.IGKJ1.IGKC;IGHV3-33..IGHJ4.IGHM_IGKV3-20.IGKJ2.IGKC;IGHV3-33.IGHD3-22.IGHJ3.IGHM_IGLV7-46.IGLJ3.IGLC2;IGHV3-33..IGHJ4.IGHM_IGKV1-5.IGKJ2.IGKC;IGHV3-30.IGHD3-10.IGHJ6.IGHM_IGKV3-11.IGKJ4.IGKC;IGHV3-33..IGHJ6.IGHM_IGKV1-17.IGKJ1.IGKC;IGHV1-24..IGHJ4.IGHM_IGKV3-11.IGKJ4.IGKC;IGHV1-18.IGHD3-3.IGHJ6.IGHM_IGKV3-11.IGKJ2.IGKC;IGHV3-33.IGHD5-5.IGHJ4.IGHM_IGKV1-39.IGKJ1.IGKC;IGHV3-33.IGHD5-5.IGHJ6.IGHM_IGLV3-25.IGLJ2.IGLC2;IGHV3-23..IGHJ4.IGHM_IGKV3-11.IGKJ4.IGKC;IGHV3-33..IGHJ4.IGHM_IGLV3-19.IGLJ1.IGLC1;IGHV3-33..IGHJ3.IGHM_IGKV3-11.IGKJ2.IGKC;IGHV3-33..IGHJ5.IGHM_IGLV2-23.IGLJ1.IGLC1;IGHV3-7.IGHD2-2.IGHJ4.IGHM_IGKV3-11.IGKJ3.IGKC;IGHV3-33..IGHJ4.IGHM_IGLV3-25.IGLJ1.IGLC1;IGHV3-33..IGHJ4.IGHM_IGKV3-15.IGKJ4.IGKC;IGHV3-33..IGHJ3.IGHM_IGKV1-5.IGKJ1.IGKC;IGHV3-33..IGHJ4.IGHM_IGKV1-39.IGKJ4.IGKC;IGHV5-51..IGHJ4.IGHM_IGKV3-11.IGKJ4.IGKC;IGHV3-23..IGHJ4.IGHM_IGKV3-11.IGKJ4.IGKC;IGHV3-49..IGHJ6.IGHM_IGKV3-11.IGKJ5.IGKC;IGHV3-33..IGHJ3.IGHM_IGKV1-8.IGKJ1.IGKC;IGHV3-33..IGHJ4.IGHM_IGLV3-25.IGLJ3.IGLC3;IGHV3-30.IGHD3-10.IGHJ6.IGHM_IGKV3-11.IGKJ4.IGKC;IGHV3-33..IGHJ3.IGHM_IGKV1-39.IGKJ1.IGKC;IGHV3-33.IGHD3-22.IGHJ4.IGHM_IGKV1-5.IGKJ4.IGKC;IGHV3-15..IGHJ6.IGHM_IGKV3-11.IGKJ2.IGKC;IGHV3-33..IGHJ4.IGHM_IGLV2-8.IGLJ3.IGLC2;IGHV7-4-1.IGHD3-10.IGHJ4.IGHM_IGKV3-11.IGKJ5.IGKC;IGHV3-21..IGHJ2.IGHM_IGKV3-11.IGKJ4.IGKC	19	62	IGHV3-23.IGHD2-15.IGHJ3.IGHD_IGLV2-23.IGLJ1.IGLC1;IGHV3-23..IGHJ4.IGHM_IGKV3-15.IGKJ1.IGKC;IGHV3-23..IGHJ4.IGHM_IGKV2-30.IGKJ4.IGKC;IGHV3-23..IGHJ3.IGHM_IGLV1-44.IGLJ3.IGLC3;IGHV3-23..IGHJ2.IGHM_IGKV3D-15.IGKJ2.IGKC;IGHV3-23..IGHJ4.IGHM_IGLV3-21.IGLJ2.IGLC2;IGHV3-23..IGHJ3.IGHM_IGKV1-12.IGKJ2.IGKC;IGHV3-23.IGHD3-9.IGHJ4.IGHM_IGKV1-39.IGKJ1.IGKC;IGHV3-23..IGHJ4.IGHM_IGKV1-39.IGKJ2.IGKC;IGHV3-23..IGHJ4.IGHM_IGKV2-28.IGKJ2.IGKC;IGHV3-23.IGHD3-3.IGHJ6.IGHM_IGKV2-28.IGKJ1.IGKC;IGHV3-23..IGHJ3.IGHM_IGKV2-30.IGKJ2.IGKC;IGHV3-7..IGHJ4.IGHM_IGKV2-30.IGKJ1.IGKC;IGHV3-23..IGHJ2.IGHM_IGKV3-11.IGKJ4.IGKC;IGHV3-23..IGHJ5.IGHM_IGLV3-25.IGLJ2.IGLC2;IGHV3-23..IGHJ4.IGHM_IGKV3-20.IGKJ1.IGKC;IGHV3-23..IGHJ5.IGHM_IGKV1-8.IGKJ1.IGKC;IGHV3-23.IGHD3-22.IGHJ4.IGHM_IGLV3-21.IGLJ2.IGLC2;IGHV3-23..IGHJ4.IGHG2_IGLV1-47.IGLJ3.IGLC3;IGHV3-23..IGHJ4.IGHM_IGKV1-39.IGKJ1.IGKC;IGHV4-30-4..IGHJ4.IGHM_IGLV3-19.IGLJ2.IGLC2;IGHV3-23.IGHD2-15.IGHJ3.IGHM_IGKV1-39.IGKJ4.IGKC;IGHV3-23.IGHD3-22.IGHJ4.IGHM_IGLV3-1.IGLJ1.IGLC1;IGHV3-23..IGHJ4.IGHM_IGKV1-39.IGKJ2.IGKC;IGHV3-23..IGHJ3.IGHM_IGKV1-5.IGKJ1.IGKC;IGHV3-23..IGHJ5.IGHM_IGKV1-39.IGKJ2.IGKC;IGHV3-23.IGHD2-21.IGHJ6.IGHM_IGKV1-12.IGKJ2.IGKC;IGHV3-23..IGHJ4.IGHM_IGKV2-24.IGKJ2.IGKC;IGHV3-23.IGHD3-10.IGHJ3.IGHM_IGKV1-9.IGKJ3.IGKC;IGHV3-23..IGHJ4.IGHM_IGKV1-9.IGKJ5.IGKC;IGHV3-23.IGHD1-26.IGHJ4.IGHM_IGLV3-21.IGLJ3.IGLC3;IGHV3-23..IGHJ5.IGHM_IGKV1-16.IGKJ1.IGKC;IGHV3-23..IGHJ4.IGHM_IGKV1-33.IGKJ5.IGKC;IGHV3-23.IGHD6-13.IGHJ2.IGHM_IGKV3-11.IGKJ4.IGKC;IGHV3-23..IGHJ6.IGHD_IGKV1-5.IGKJ2.IGKC;IGHV3-23.IGHD6-19.IGHJ6.IGHM_IGKV3-15.IGKJ3.IGKC;IGHV3-23.IGHD6-19.IGHJ6.IGHM_IGLV3-21.IGLJ2.IGLC2;IGHV3-23.IGHD3-3.IGHJ4.IGHM_IGKV1-9.IGKJ4.IGKC;IGHV3-23.IGHD2-21.IGHJ4.IGHM_IGKV3-20.IGKJ4.IGKC;IGHV3-23..IGHJ4.IGHM_IGLV3-25.IGLJ3.IGLC2;IGHV3-23.IGHD2-15.IGHJ6.IGHM_IGKV2-28.IGKJ4.IGKC;IGHV3-23..IGHJ4.IGHM_IGLV3-1.IGLJ2.IGLC2;IGHV3-23.IGHD3-22.IGHJ3.IGHM_IGKV1-8.IGKJ1.IGKC;IGHV3-23.IGHD2-2.IGHJ4.IGHM_IGLV2-8.IGLJ1.IGLC1;IGHV3-23.IGHD3-16.IGHJ5.IGHM_IGKV1-27.IGKJ1.IGKC;IGHV3-23.IGHD1-7.IGHJ4.IGHM_IGKV3-20.IGKJ1.IGKC;IGHV3-23..IGHJ4.IGHM_IGLV2-11.IGLJ2.IGLC2;IGHV3-23.IGHD3-10.IGHJ2.IGHM_IGKV1-8.IGKJ4.IGKC;IGHV3-23..IGHJ4.IGHM_IGKV3-15.IGKJ4.IGKC;IGHV3-23..IGHJ3.IGHM_IGKV1-39.IGKJ4.IGKC;IGHV3-23.IGHD3-10.IGHJ4.IGHM_IGKV3-15.IGKJ2.IGKC;IGHV3-23..IGHJ3.IGHM_IGKV1-9.IGKJ3.IGKC;IGHV3-23.IGHD3-10.IGHJ4.IGHM_IGKV3D-15.IGKJ2.IGKC;IGHV3-23..IGHJ3.IGHM_IGKV1-33.IGKJ3.IGKC;IGHV3-23..IGHJ4.IGHM_IGKV1-33.IGKJ1.IGKC;IGHV3-23..IGHJ1.IGHM_IGKV2-28.IGKJ1.IGKC;IGHV3-23..IGHJ4.IGHM_IGKV1D-8.IGKJ2.IGKC;IGHV3-23..IGHJ6.IGHM_IGKV3-15.IGKJ4.IGKC;IGHV3-23..IGHJ3.IGHM_IGKV1-5.IGKJ4.IGKC;IGHV3-23..IGHJ6.IGHM_IGLV8-61.IGLJ2.IGLC2;IGHV3-23..IGHJ4.IGHM_IGKV1-39.IGKJ2.IGKC;IGHV3-23..IGHJ6.IGHM_IGKV1-5.IGKJ2.IGKC	0	NA
16	79	IGHV3-21.IGHD4-23.IGHJ2.IGHM_IGKV3-11.IGKJ2.IGKC;IGHV3-33.IGHD6-19.IGHJ6.IGHM_IGKV1-39.IGKJ1.IGKC;IGHV3-33..IGHJ5.IGHM_IGLV1-40.IGLJ1.IGLC1;IGHV3-33.IGHD2-2.IGHJ4.IGHM_IGKV3-20.IGKJ2.IGKC;IGHV3-30..IGHJ4.IGHM_IGKV3-11.IGKJ1.IGKC;IGHV4-59..IGHJ5.IGHG1_IGKV3-11.IGKJ4.IGKC;IGHV3-23..IGHJ5.IGHM_IGKV3-11.IGKJ5.IGKC;IGHV3-33..IGHJ6.IGHM_IGLV1-40.IGLJ2.IGLC2;IGHV3-33..IGHJ4.IGHM_IGKV1-5.IGKJ2.IGKC;IGHV3-11..IGHJ5.IGHM_IGKV3-15.IGKJ2.IGKC;IGHV3-33..IGHJ6.IGHM_IGKV4-1.IGKJ4.IGKC;IGHV1-3.IGHD3-9.IGHJ5.IGHM_IGKV3-11.IGKJ1.IGKC;IGHV3-7..IGHJ6.IGHM_IGKV3-11.IGKJ4.IGKC;IGHV3-33..IGHJ4.IGHM_IGKV3-15.IGKJ1.IGKC;IGHV2-5.IGHD3-9.IGHJ4.IGHM_IGKV1-39.IGKJ2.IGKC;IGHV3-33..IGHJ4.IGHM_IGKV1-39.IGKJ2.IGKC;IGHV3-33..IGHJ4.IGHM_IGKV1-12.IGKJ4.IGKC;IGHV4-59.IGHD3-9.IGHJ6.IGHM_IGLV2-8.IGLJ2.IGLC2;IGHV1-8.IGHD3-3.IGHJ2.IGHM_IGKV3-11.IGKJ2.IGKC;IGHV4-39..IGHJ3.IGHM_IGKV3-11.IGKJ3.IGKC;IGHV3-33.IGHD6-19.IGHJ4.IGHM_IGLV3-1.IGLJ2.IGLC2;IGHV3-33..IGHJ6.IGHM_IGLV3-25.IGLJ1.IGLC1;IGHV3-33..IGHJ5.IGHM_IGKV1-39.IGKJ1.IGKC;IGHV3-30..IGHJ3.IGHM_IGKV3-11.IGKJ4.IGKC;IGHV3-33..IGHJ4.IGHM_IGLV1-44.IGLJ1.IGLC1;IGHV3-33..IGHJ4.IGHM_IGLV2-23.IGLJ3.IGLC3;IGHV1-69D.IGHD6-13.IGHJ4.IGHM_IGKV3-11.IGKJ3.IGKC;IGHV3-15..IGHJ4.IGHM_IGKV3-11.IGKJ4.IGKC;IGHV1-69D.IGHD5-5.IGHJ4.IGHM_IGKV3-20.IGKJ1.IGKC;IGHV3-33.IGHD5-5.IGHJ4.IGHM_IGKV3-11.IGKJ2.IGKC;IGHV1-46..IGHJ6.IGHM_IGKV3-11.IGKJ4.IGKC;IGHV3-33..IGHJ4.IGHA1_IGLV2-23.IGLJ1.IGLC1;IGHV3-20..IGHJ5.IGHM_IGKV3-11.IGKJ4.IGKC;IGHV3-33.IGHD2-15.IGHJ4.IGHM_IGLV3-25.IGLJ2.IGLC2;IGHV4-59..IGHJ5.IGHM_IGKV3-11.IGKJ4.IGKC;IGHV3-33.IGHD5-24.IGHJ4.IGHM_IGKV1-33.IGKJ4.IGKC;IGHV3-30.IGHD3-10.IGHJ6.IGHM_IGKV3-11.IGKJ5.IGKC;IGHV3-74..IGHJ3.IGHM_IGKV1-39.IGKJ1.IGKC;IGHV1-69D.IGHD2-21.IGHJ6.IGHM_IGLV3-25.IGLJ3.IGLC3;IGHV3-33.IGHD3-10.IGHJ4.IGHM_IGLV1-40.IGLJ7.IGLC7;IGHV3-33..IGHJ4.IGHM_IGKV2-24.IGKJ2.IGKC;IGHV3-23..IGHJ5.IGHM_IGKV3-11.IGKJ5.IGKC;IGHV3-33.IGHD3-22.IGHJ4.IGHM_IGKV1-5.IGKJ2.IGKC;IGHV4-34.IGHD2-15.IGHJ6.IGHM_IGKV3-11.IGKJ2.IGKC;IGHV3-33.IGHD4-17.IGHJ6.IGHM_IGKV1-17.IGKJ1.IGKC;IGHV3-21.IGHD6-19.IGHJ4.IGHM_IGKV3-11.IGKJ1.IGKC;IGHV3-23.IGHD6-19.IGHJ4.IGHM_IGKV3-11.IGKJ1.IGKC;IGHV3-33.IGHD6-19.IGHJ6.IGHM_IGKV3-20.IGKJ1.IGKC;IGHV3-33..IGHJ4.IGHM_IGKV3-15.IGKJ1.IGKC;IGHV3-33..IGHJ4.IGHM_IGKV3-20.IGKJ2.IGKC;IGHV3-33.IGHD3-22.IGHJ3.IGHM_IGLV7-46.IGLJ3.IGLC2;IGHV3-33..IGHJ4.IGHM_IGKV1-5.IGKJ2.IGKC;IGHV3-30.IGHD3-10.IGHJ6.IGHM_IGKV3-11.IGKJ4.IGKC;IGHV3-33..IGHJ6.IGHM_IGKV1-17.IGKJ1.IGKC;IGHV1-24..IGHJ4.IGHM_IGKV3-11.IGKJ4.IGKC;IGHV1-18.IGHD3-3.IGHJ6.IGHM_IGKV3-11.IGKJ2.IGKC;IGHV3-33.IGHD5-5.IGHJ4.IGHM_IGKV1-39.IGKJ1.IGKC;IGHV3-33.IGHD5-5.IGHJ6.IGHM_IGLV3-25.IGLJ2.IGLC2;IGHV3-23..IGHJ4.IGHM_IGKV3-11.IGKJ4.IGKC;IGHV3-33..IGHJ4.IGHM_IGLV3-19.IGLJ1.IGLC1;IGHV3-33..IGHJ3.IGHM_IGKV3-11.IGKJ2.IGKC;IGHV3-33..IGHJ5.IGHM_IGLV2-23.IGLJ1.IGLC1;IGHV3-7.IGHD2-2.IGHJ4.IGHM_IGKV3-11.IGKJ3.IGKC;IGHV3-33..IGHJ4.IGHM_IGLV3-25.IGLJ1.IGLC1;IGHV3-33..IGHJ4.IGHM_IGKV3-15.IGKJ4.IGKC;IGHV3-33..IGHJ3.IGHM_IGKV1-5.IGKJ1.IGKC;IGHV3-33..IGHJ4.IGHM_IGKV1-39.IGKJ4.IGKC;IGHV5-51..IGHJ4.IGHM_IGKV3-11.IGKJ4.IGKC;IGHV3-23..IGHJ4.IGHM_IGKV3-11.IGKJ4.IGKC;IGHV3-49..IGHJ6.IGHM_IGKV3-11.IGKJ5.IGKC;IGHV3-33..IGHJ3.IGHM_IGKV1-8.IGKJ1.IGKC;IGHV3-33..IGHJ4.IGHM_IGLV3-25.IGLJ3.IGLC3;IGHV3-30.IGHD3-10.IGHJ6.IGHM_IGKV3-11.IGKJ4.IGKC;IGHV3-33..IGHJ3.IGHM_IGKV1-39.IGKJ1.IGKC;IGHV3-33.IGHD3-22.IGHJ4.IGHM_IGKV1-5.IGKJ4.IGKC;IGHV3-15..IGHJ6.IGHM_IGKV3-11.IGKJ2.IGKC;IGHV3-33..IGHJ4.IGHM_IGLV2-8.IGLJ3.IGLC2;IGHV7-4-1.IGHD3-10.IGHJ4.IGHM_IGKV3-11.IGKJ5.IGKC;IGHV3-21..IGHJ2.IGHM_IGKV3-11.IGKJ4.IGKC	20	56	IGHV4-61..IGHJ6.IGHM_IGLV2-14.IGLJ3.IGLC3;IGHV3-33..IGHJ6.IGHM_IGLV2-14.IGLJ1.IGLC1;IGHV3-49..IGHJ3.IGHM_IGLV2-14.IGLJ2.IGLC2;IGHV3-7..IGHJ6.IGHA1_IGLV2-14.IGLJ1.IGLC1;IGHV3-11..IGHJ4.IGHM_IGLV1-36.IGLJ1.IGLC1;IGHV1-8..IGHJ4.IGHM_IGLV2-14.IGLJ2.IGLC2;IGHV1-3.IGHD3-10.IGHJ2.IGHM_IGLV2-14.IGLJ2.IGLC2;IGHV3-23.IGHD3-3.IGHJ6.IGHD_IGLV2-14.IGLJ2.IGLC2;IGHV3-11..IGHJ6.IGHM_IGLV2-14.IGLJ3.IGLC3;IGHV4-61.IGHD3-22.IGHJ4.IGHM_IGLV2-14.IGLJ1.IGLC1;IGHV4-39..IGHJ4.IGHM_IGLV2-14.IGLJ3.IGLC3;IGHV3-15.IGHD3-22.IGHJ4.IGHM_IGLV2-14.IGLJ1.IGLC1;IGHV2-5..IGHJ6.IGHG2_IGLV2-14.IGLJ1.IGLC1;IGHV3-30.IGHD3-10.IGHJ4.IGHM_IGLV2-14.IGLJ1.IGLC1;IGHV1-69D..IGHJ6.IGHM_IGLV2-14.IGLJ1.IGLC1;IGHV3-30..IGHJ2.IGHM_IGLV2-14.IGLJ2.IGLC3;IGHV4-39..IGHJ5.IGHM_IGLV2-14.IGLJ2.IGLC2;IGHV4-39..IGHJ6.IGHM_IGLV2-14.IGLJ2.IGLC2;IGHV4-34.IGHD6-19.IGHJ6.IGHM_IGLV2-14.IGLJ2.IGLC2;IGHV1-18.IGHD3-9.IGHJ4.IGHM_IGLV2-14.IGLJ2.IGLC2;IGHV3-30..IGHJ4.IGHM_IGLV2-14.IGLJ3.IGLC2;IGHV3-33.IGHD2-2.IGHJ6.IGHM_IGLV1-51.IGLJ2.IGLC2;IGHV2-70..IGHJ4.IGHM_IGLV2-14.IGLJ2.IGLC2;IGHV3-53..IGHJ6.IGHM_IGKV1-9.IGKJ2.IGKC;IGHV3-74.IGHD7-27.IGHJ4.IGHG1_IGLV2-14.IGLJ1.IGLC1;IGHV3-33.IGHD3-10.IGHJ6.IGHG1_IGLV2-14.IGLJ2.IGLC2;IGHV2-26.IGHD2-15.IGHJ6.IGHM_IGLV2-14.IGLJ2.IGLC2;IGHV3-21..IGHJ5.IGHG2_IGLV2-14.IGLJ3.IGLC3;IGHV4-61.IGHD2-15.IGHJ6.IGHM_IGLV2-14.IGLJ3.IGLC2;IGHV1-2..IGHJ4.IGHM_IGLV2-14.IGLJ2.IGLC3;IGHV3-33..IGHJ5.IGHM_IGLV2-14.IGLJ1.IGLC1;IGHV3-21.IGHD3-22.IGHJ4.IGHM_IGLV2-14.IGLJ2.IGLC2;IGHV4-31..IGHJ4.IGHM_IGLV2-14.IGLJ2.IGLC2;IGHV2-5..IGHJ4.IGHM_IGLV2-14.IGLJ2.IGLC3;IGHV4-31.IGHD3-9.IGHJ6.IGHM_IGLV2-14.IGLJ1.IGLC1;IGHV3-33..IGHJ6.IGHM_IGLV2-14.IGLJ1.IGLC1;IGHV4-39..IGHJ4.IGHM_IGKV3-20.IGKJ1.IGKC;IGHV3-66..IGHJ4.IGHM_IGLV2-14.IGLJ1.IGLC1;IGHV5-51..IGHJ4.IGHM_IGLV2-14.IGLJ3.IGLC3;IGHV3-33..IGHJ6.IGHA1_IGLV2-14.IGLJ2.IGLC2;IGHV3-9..IGHJ4.IGHM_IGLV2-14.IGLJ2.IGLC2;IGHV4-34..IGHJ6.IGHM_IGLV2-14.IGLJ1.IGLC1;IGHV3-11.IGHD3-22.IGHJ6.IGHM_IGLV2-14.IGLJ2.IGLC2;IGHV3-9.IGHD3-9.IGHJ6.IGHA1_IGLV2-14.IGLJ1.IGLC1;IGHV3-9..IGHJ4.IGHM_IGLV2-14.IGLJ2.IGLC2;IGHV4-39..IGHJ1.IGHM_IGLV2-14.IGLJ2.IGLC2;IGHV3-9..IGHJ6.IGHM_IGLV2-14.IGLJ1.IGLC1;IGHV4-30-4..IGHJ1.IGHM_IGLV2-14.IGLJ2.IGLC2;IGHV3-48..IGHJ6.IGHM_IGLV2-14.IGLJ2.IGLC2;IGHV1-46..IGHJ5.IGHM_IGLV2-8.IGLJ2.IGLC2;IGHV3-74..IGHJ4.IGHM_IGLV2-14.IGLJ2.IGLC2;IGHV3-33.IGHD4-17.IGHJ3.IGHG1_IGLV2-14.IGLJ1.IGLC1;IGHV1-69D.IGHD2-15.IGHJ5.IGHM_IGLV2-14.IGLJ3.IGLC2;IGHV3-23.IGHD1-20.IGHJ4.IGHM_IGLV2-14.IGLJ3.IGLC2;IGHV3-48..IGHJ5.IGHM_IGLV2-14.IGLJ3.IGLC3;IGHV3-9..IGHJ6.IGHA1_IGLV2-14.IGLJ1.IGLC1	0	NA
16	79	IGHV3-21.IGHD4-23.IGHJ2.IGHM_IGKV3-11.IGKJ2.IGKC;IGHV3-33.IGHD6-19.IGHJ6.IGHM_IGKV1-39.IGKJ1.IGKC;IGHV3-33..IGHJ5.IGHM_IGLV1-40.IGLJ1.IGLC1;IGHV3-33.IGHD2-2.IGHJ4.IGHM_IGKV3-20.IGKJ2.IGKC;IGHV3-30..IGHJ4.IGHM_IGKV3-11.IGKJ1.IGKC;IGHV4-59..IGHJ5.IGHG1_IGKV3-11.IGKJ4.IGKC;IGHV3-23..IGHJ5.IGHM_IGKV3-11.IGKJ5.IGKC;IGHV3-33..IGHJ6.IGHM_IGLV1-40.IGLJ2.IGLC2;IGHV3-33..IGHJ4.IGHM_IGKV1-5.IGKJ2.IGKC;IGHV3-11..IGHJ5.IGHM_IGKV3-15.IGKJ2.IGKC;IGHV3-33..IGHJ6.IGHM_IGKV4-1.IGKJ4.IGKC;IGHV1-3.IGHD3-9.IGHJ5.IGHM_IGKV3-11.IGKJ1.IGKC;IGHV3-7..IGHJ6.IGHM_IGKV3-11.IGKJ4.IGKC;IGHV3-33..IGHJ4.IGHM_IGKV3-15.IGKJ1.IGKC;IGHV2-5.IGHD3-9.IGHJ4.IGHM_IGKV1-39.IGKJ2.IGKC;IGHV3-33..IGHJ4.IGHM_IGKV1-39.IGKJ2.IGKC;IGHV3-33..IGHJ4.IGHM_IGKV1-12.IGKJ4.IGKC;IGHV4-59.IGHD3-9.IGHJ6.IGHM_IGLV2-8.IGLJ2.IGLC2;IGHV1-8.IGHD3-3.IGHJ2.IGHM_IGKV3-11.IGKJ2.IGKC;IGHV4-39..IGHJ3.IGHM_IGKV3-11.IGKJ3.IGKC;IGHV3-33.IGHD6-19.IGHJ4.IGHM_IGLV3-1.IGLJ2.IGLC2;IGHV3-33..IGHJ6.IGHM_IGLV3-25.IGLJ1.IGLC1;IGHV3-33..IGHJ5.IGHM_IGKV1-39.IGKJ1.IGKC;IGHV3-30..IGHJ3.IGHM_IGKV3-11.IGKJ4.IGKC;IGHV3-33..IGHJ4.IGHM_IGLV1-44.IGLJ1.IGLC1;IGHV3-33..IGHJ4.IGHM_IGLV2-23.IGLJ3.IGLC3;IGHV1-69D.IGHD6-13.IGHJ4.IGHM_IGKV3-11.IGKJ3.IGKC;IGHV3-15..IGHJ4.IGHM_IGKV3-11.IGKJ4.IGKC;IGHV1-69D.IGHD5-5.IGHJ4.IGHM_IGKV3-20.IGKJ1.IGKC;IGHV3-33.IGHD5-5.IGHJ4.IGHM_IGKV3-11.IGKJ2.IGKC;IGHV1-46..IGHJ6.IGHM_IGKV3-11.IGKJ4.IGKC;IGHV3-33..IGHJ4.IGHA1_IGLV2-23.IGLJ1.IGLC1;IGHV3-20..IGHJ5.IGHM_IGKV3-11.IGKJ4.IGKC;IGHV3-33.IGHD2-15.IGHJ4.IGHM_IGLV3-25.IGLJ2.IGLC2;IGHV4-59..IGHJ5.IGHM_IGKV3-11.IGKJ4.IGKC;IGHV3-33.IGHD5-24.IGHJ4.IGHM_IGKV1-33.IGKJ4.IGKC;IGHV3-30.IGHD3-10.IGHJ6.IGHM_IGKV3-11.IGKJ5.IGKC;IGHV3-74..IGHJ3.IGHM_IGKV1-39.IGKJ1.IGKC;IGHV1-69D.IGHD2-21.IGHJ6.IGHM_IGLV3-25.IGLJ3.IGLC3;IGHV3-33.IGHD3-10.IGHJ4.IGHM_IGLV1-40.IGLJ7.IGLC7;IGHV3-33..IGHJ4.IGHM_IGKV2-24.IGKJ2.IGKC;IGHV3-23..IGHJ5.IGHM_IGKV3-11.IGKJ5.IGKC;IGHV3-33.IGHD3-22.IGHJ4.IGHM_IGKV1-5.IGKJ2.IGKC;IGHV4-34.IGHD2-15.IGHJ6.IGHM_IGKV3-11.IGKJ2.IGKC;IGHV3-33.IGHD4-17.IGHJ6.IGHM_IGKV1-17.IGKJ1.IGKC;IGHV3-21.IGHD6-19.IGHJ4.IGHM_IGKV3-11.IGKJ1.IGKC;IGHV3-23.IGHD6-19.IGHJ4.IGHM_IGKV3-11.IGKJ1.IGKC;IGHV3-33.IGHD6-19.IGHJ6.IGHM_IGKV3-20.IGKJ1.IGKC;IGHV3-33..IGHJ4.IGHM_IGKV3-15.IGKJ1.IGKC;IGHV3-33..IGHJ4.IGHM_IGKV3-20.IGKJ2.IGKC;IGHV3-33.IGHD3-22.IGHJ3.IGHM_IGLV7-46.IGLJ3.IGLC2;IGHV3-33..IGHJ4.IGHM_IGKV1-5.IGKJ2.IGKC;IGHV3-30.IGHD3-10.IGHJ6.IGHM_IGKV3-11.IGKJ4.IGKC;IGHV3-33..IGHJ6.IGHM_IGKV1-17.IGKJ1.IGKC;IGHV1-24..IGHJ4.IGHM_IGKV3-11.IGKJ4.IGKC;IGHV1-18.IGHD3-3.IGHJ6.IGHM_IGKV3-11.IGKJ2.IGKC;IGHV3-33.IGHD5-5.IGHJ4.IGHM_IGKV1-39.IGKJ1.IGKC;IGHV3-33.IGHD5-5.IGHJ6.IGHM_IGLV3-25.IGLJ2.IGLC2;IGHV3-23..IGHJ4.IGHM_IGKV3-11.IGKJ4.IGKC;IGHV3-33..IGHJ4.IGHM_IGLV3-19.IGLJ1.IGLC1;IGHV3-33..IGHJ3.IGHM_IGKV3-11.IGKJ2.IGKC;IGHV3-33..IGHJ5.IGHM_IGLV2-23.IGLJ1.IGLC1;IGHV3-7.IGHD2-2.IGHJ4.IGHM_IGKV3-11.IGKJ3.IGKC;IGHV3-33..IGHJ4.IGHM_IGLV3-25.IGLJ1.IGLC1;IGHV3-33..IGHJ4.IGHM_IGKV3-15.IGKJ4.IGKC;IGHV3-33..IGHJ3.IGHM_IGKV1-5.IGKJ1.IGKC;IGHV3-33..IGHJ4.IGHM_IGKV1-39.IGKJ4.IGKC;IGHV5-51..IGHJ4.IGHM_IGKV3-11.IGKJ4.IGKC;IGHV3-23..IGHJ4.IGHM_IGKV3-11.IGKJ4.IGKC;IGHV3-49..IGHJ6.IGHM_IGKV3-11.IGKJ5.IGKC;IGHV3-33..IGHJ3.IGHM_IGKV1-8.IGKJ1.IGKC;IGHV3-33..IGHJ4.IGHM_IGLV3-25.IGLJ3.IGLC3;IGHV3-30.IGHD3-10.IGHJ6.IGHM_IGKV3-11.IGKJ4.IGKC;IGHV3-33..IGHJ3.IGHM_IGKV1-39.IGKJ1.IGKC;IGHV3-33.IGHD3-22.IGHJ4.IGHM_IGKV1-5.IGKJ4.IGKC;IGHV3-15..IGHJ6.IGHM_IGKV3-11.IGKJ2.IGKC;IGHV3-33..IGHJ4.IGHM_IGLV2-8.IGLJ3.IGLC2;IGHV7-4-1.IGHD3-10.IGHJ4.IGHM_IGKV3-11.IGKJ5.IGKC;IGHV3-21..IGHJ2.IGHM_IGKV3-11.IGKJ4.IGKC	22	1	IGHV4-59.IGHD3-22.IGHJ3.IGHM_IGKV1-33.IGKJ3.IGKC	0	NA
17	67	IGHV6-1..IGHJ6.IGHM_IGKV4-1.IGKJ2.IGKC;IGHV4-34..IGHJ3.IGHM_IGLV5-39.IGLJ2.IGLC2;IGHV4-34..IGHJ3.IGHM_IGKV1-8.IGKJ1.IGKC;IGHV4-34..IGHJ5.IGHM_IGLV2-23.IGLJ2.IGLC2;IGHV4-34..IGHJ4.IGHM_IGKV1D-8.IGKJ1.IGKC;IGHV4-34..IGHJ4.IGHM_IGKV4-1.IGKJ3.IGKC;IGHV4-39..IGHJ5.IGHM_IGKV4-1.IGKJ4.IGKC;IGHV4-34..IGHJ5.IGHM_IGKV3-15.IGKJ1.IGKC;IGHV1-8..IGHJ3.IGHM_IGLV1-44.IGLJ1.IGLC1;IGHV4-34..IGHJ4.IGHM_IGKV1-39.IGKJ2.IGKC;IGHV1-18.IGHD5-24.IGHJ3.IGHM_IGKV4-1.IGKJ4.IGKC;IGHV4-34.IGHD2-2.IGHJ6.IGHM_IGKV1-12.IGKJ4.IGKC;IGHV3-30.IGHD3-10.IGHJ4.IGHG1_IGKV4-1.IGKJ4.IGKC;IGHV4-34..IGHJ4.IGHM_IGLV1-47.IGLJ3.IGLC3;IGHV4-34.IGHD3-10.IGHJ4.IGHM_IGKV1-6.IGKJ4.IGKC;IGHV3-11..IGHJ5.IGHM_IGLV3-25.IGLJ1.IGLC1;IGHV4-34..IGHJ4.IGHM_IGKV3-15.IGKJ2.IGKC;IGHV4-61..IGHJ1.IGHM_IGKV3-20.IGKJ1.IGKC;IGHV7-4-1..IGHJ4.IGHM_IGKV4-1.IGKJ4.IGKC;IGHV2-5..IGHJ4.IGHM_IGKV4-1.IGKJ1.IGKC;IGHV4-34..IGHJ4.IGHM_IGLV3-19.IGLJ1.IGLC1;IGHV4-59.IGHD3-10.IGHJ4.IGHM_IGKV4-1.IGKJ1.IGKC;IGHV3-11..IGHJ3.IGHM_IGKV4-1.IGKJ4.IGKC;IGHV1-58..IGHJ6.IGHM_IGKV4-1.IGKJ1.IGKC;IGHV6-1..IGHJ4.IGHM_IGKV4-1.IGKJ1.IGKC;IGHV4-34.IGHD2-15.IGHJ5.IGHM_IGKV1-6.IGKJ2.IGKC;IGHV3-21..IGHJ4.IGHM_IGKV4-1.IGKJ3.IGKC;IGHV4-34..IGHJ4.IGHM_IGKV1-39.IGKJ1.IGKC;IGHV3-64..IGHJ4.IGHM_IGKV4-1.IGKJ1.IGKC;IGHV1-8..IGHJ4.IGHA1_IGKV4-1.IGKJ1.IGKC;IGHV4-34.IGHD3-16.IGHJ4.IGHM_IGKV1-39.IGKJ2.IGKC;IGHV4-34.IGHD4-23.IGHJ1.IGHM_IGKV4-1.IGKJ1.IGKC;IGHV3-30..IGHJ4.IGHG2_IGKV4-1.IGKJ2.IGKC;IGHV4-34.IGHD5-5.IGHJ2.IGHM_IGLV1-44.IGLJ1.IGLC1;IGHV5-51..IGHJ6.IGHM_IGKV4-1.IGKJ2.IGKC;IGHV3-23..IGHJ4.IGHM_IGKV4-1.IGKJ1.IGKC;IGHV4-34..IGHJ5.IGHM_IGLV1-47.IGLJ1.IGLC1;IGHV4-59.IGHD6-19.IGHJ4.IGHM_IGKV4-1.IGKJ1.IGKC;IGHV4-59..IGHJ4.IGHG2_IGKV4-1.IGKJ1.IGKC;IGHV4-34..IGHJ5.IGHM_IGKV4-1.IGKJ1.IGKC;IGHV4-34.IGHD4-17.IGHJ4.IGHM_IGLV1-44.IGLJ1.IGLC1;IGHV4-34..IGHJ4.IGHM_IGLV3-21.IGLJ2.IGLC2;IGHV4-39.IGHD2-15.IGHJ4.IGHM_IGLV3-21.IGLJ2.IGLC2;IGHV3-9.IGHD6-13.IGHJ6.IGHM_IGKV4-1.IGKJ1.IGKC;IGHV4-34.IGHD3-9.IGHJ4.IGHM_IGKV1-9.IGKJ5.IGKC;IGHV4-59..IGHJ5.IGHM_IGKV4-1.IGKJ1.IGKC;IGHV4-34..IGHJ4.IGHM_IGLV3-19.IGLJ2.IGLC2;IGHV1-46..IGHJ3.IGHM_IGKV4-1.IGKJ5.IGKC;IGHV3-11..IGHJ6.IGHM_IGKV1-39.IGKJ3.IGKC;IGHV4-34..IGHJ6.IGHM_IGKV3-20.IGKJ1.IGKC;IGHV4-34..IGHJ4.IGHM_IGLV3-19.IGLJ2.IGLC2;IGHV4-34..IGHJ6.IGHM_IGKV3-20.IGKJ1.IGKC;IGHV1-3..IGHJ5.IGHM_IGKV4-1.IGKJ2.IGKC;IGHV7-4-1..IGHJ6.IGHA1_IGKV4-1.IGKJ1.IGKC;IGHV4-34.IGHD3-10.IGHJ6.IGHM_IGLV1-44.IGLJ2.IGLC2;IGHV4-34.IGHD5-5.IGHJ5.IGHM_IGLV3-19.IGLJ2.IGLC2;IGHV4-34..IGHJ5.IGHM_IGKV1-39.IGKJ4.IGKC;IGHV1-18.IGHD4-17.IGHJ4.IGHM_IGKV4-1.IGKJ4.IGKC;IGHV4-34..IGHJ6.IGHM_IGKV1-27.IGKJ2.IGKC;IGHV6-1..IGHJ4.IGHM_IGKV4-1.IGKJ1.IGKC;IGHV4-34..IGHJ4.IGHM_IGKV3-15.IGKJ2.IGKC;IGHV1-2..IGHJ5.IGHM_IGKV4-1.IGKJ2.IGKC;IGHV4-34..IGHJ6.IGHM_IGLV7-43.IGLJ1.IGLC1;IGHV4-39..IGHJ3.IGHM_IGKV4-1.IGKJ4.IGKC;IGHV4-34..IGHJ4.IGHM_IGLV1-44.IGLJ1.IGLC1;IGHV4-34.IGHD3-22.IGHJ1.IGHM_IGKV1-33.IGKJ4.IGKC;IGHV4-34.IGHD2-15.IGHJ5.IGHM_IGKV1-8.IGKJ1.IGKC	0	3	IGHV1-2..IGHJ6.IGHM_IGKV4-1.IGKJ4.IGKC;IGHV4-61.IGHD3-22.IGHJ2.IGHM_IGLV2-8.IGLJ1.IGLC1;NA_IGKV1-12.IGKJ4.IGKC	0	NA
17	67	IGHV6-1..IGHJ6.IGHM_IGKV4-1.IGKJ2.IGKC;IGHV4-34..IGHJ3.IGHM_IGLV5-39.IGLJ2.IGLC2;IGHV4-34..IGHJ3.IGHM_IGKV1-8.IGKJ1.IGKC;IGHV4-34..IGHJ5.IGHM_IGLV2-23.IGLJ2.IGLC2;IGHV4-34..IGHJ4.IGHM_IGKV1D-8.IGKJ1.IGKC;IGHV4-34..IGHJ4.IGHM_IGKV4-1.IGKJ3.IGKC;IGHV4-39..IGHJ5.IGHM_IGKV4-1.IGKJ4.IGKC;IGHV4-34..IGHJ5.IGHM_IGKV3-15.IGKJ1.IGKC;IGHV1-8..IGHJ3.IGHM_IGLV1-44.IGLJ1.IGLC1;IGHV4-34..IGHJ4.IGHM_IGKV1-39.IGKJ2.IGKC;IGHV1-18.IGHD5-24.IGHJ3.IGHM_IGKV4-1.IGKJ4.IGKC;IGHV4-34.IGHD2-2.IGHJ6.IGHM_IGKV1-12.IGKJ4.IGKC;IGHV3-30.IGHD3-10.IGHJ4.IGHG1_IGKV4-1.IGKJ4.IGKC;IGHV4-34..IGHJ4.IGHM_IGLV1-47.IGLJ3.IGLC3;IGHV4-34.IGHD3-10.IGHJ4.IGHM_IGKV1-6.IGKJ4.IGKC;IGHV3-11..IGHJ5.IGHM_IGLV3-25.IGLJ1.IGLC1;IGHV4-34..IGHJ4.IGHM_IGKV3-15.IGKJ2.IGKC;IGHV4-61..IGHJ1.IGHM_IGKV3-20.IGKJ1.IGKC;IGHV7-4-1..IGHJ4.IGHM_IGKV4-1.IGKJ4.IGKC;IGHV2-5..IGHJ4.IGHM_IGKV4-1.IGKJ1.IGKC;IGHV4-34..IGHJ4.IGHM_IGLV3-19.IGLJ1.IGLC1;IGHV4-59.IGHD3-10.IGHJ4.IGHM_IGKV4-1.IGKJ1.IGKC;IGHV3-11..IGHJ3.IGHM_IGKV4-1.IGKJ4.IGKC;IGHV1-58..IGHJ6.IGHM_IGKV4-1.IGKJ1.IGKC;IGHV6-1..IGHJ4.IGHM_IGKV4-1.IGKJ1.IGKC;IGHV4-34.IGHD2-15.IGHJ5.IGHM_IGKV1-6.IGKJ2.IGKC;IGHV3-21..IGHJ4.IGHM_IGKV4-1.IGKJ3.IGKC;IGHV4-34..IGHJ4.IGHM_IGKV1-39.IGKJ1.IGKC;IGHV3-64..IGHJ4.IGHM_IGKV4-1.IGKJ1.IGKC;IGHV1-8..IGHJ4.IGHA1_IGKV4-1.IGKJ1.IGKC;IGHV4-34.IGHD3-16.IGHJ4.IGHM_IGKV1-39.IGKJ2.IGKC;IGHV4-34.IGHD4-23.IGHJ1.IGHM_IGKV4-1.IGKJ1.IGKC;IGHV3-30..IGHJ4.IGHG2_IGKV4-1.IGKJ2.IGKC;IGHV4-34.IGHD5-5.IGHJ2.IGHM_IGLV1-44.IGLJ1.IGLC1;IGHV5-51..IGHJ6.IGHM_IGKV4-1.IGKJ2.IGKC;IGHV3-23..IGHJ4.IGHM_IGKV4-1.IGKJ1.IGKC;IGHV4-34..IGHJ5.IGHM_IGLV1-47.IGLJ1.IGLC1;IGHV4-59.IGHD6-19.IGHJ4.IGHM_IGKV4-1.IGKJ1.IGKC;IGHV4-59..IGHJ4.IGHG2_IGKV4-1.IGKJ1.IGKC;IGHV4-34..IGHJ5.IGHM_IGKV4-1.IGKJ1.IGKC;IGHV4-34.IGHD4-17.IGHJ4.IGHM_IGLV1-44.IGLJ1.IGLC1;IGHV4-34..IGHJ4.IGHM_IGLV3-21.IGLJ2.IGLC2;IGHV4-39.IGHD2-15.IGHJ4.IGHM_IGLV3-21.IGLJ2.IGLC2;IGHV3-9.IGHD6-13.IGHJ6.IGHM_IGKV4-1.IGKJ1.IGKC;IGHV4-34.IGHD3-9.IGHJ4.IGHM_IGKV1-9.IGKJ5.IGKC;IGHV4-59..IGHJ5.IGHM_IGKV4-1.IGKJ1.IGKC;IGHV4-34..IGHJ4.IGHM_IGLV3-19.IGLJ2.IGLC2;IGHV1-46..IGHJ3.IGHM_IGKV4-1.IGKJ5.IGKC;IGHV3-11..IGHJ6.IGHM_IGKV1-39.IGKJ3.IGKC;IGHV4-34..IGHJ6.IGHM_IGKV3-20.IGKJ1.IGKC;IGHV4-34..IGHJ4.IGHM_IGLV3-19.IGLJ2.IGLC2;IGHV4-34..IGHJ6.IGHM_IGKV3-20.IGKJ1.IGKC;IGHV1-3..IGHJ5.IGHM_IGKV4-1.IGKJ2.IGKC;IGHV7-4-1..IGHJ6.IGHA1_IGKV4-1.IGKJ1.IGKC;IGHV4-34.IGHD3-10.IGHJ6.IGHM_IGLV1-44.IGLJ2.IGLC2;IGHV4-34.IGHD5-5.IGHJ5.IGHM_IGLV3-19.IGLJ2.IGLC2;IGHV4-34..IGHJ5.IGHM_IGKV1-39.IGKJ4.IGKC;IGHV1-18.IGHD4-17.IGHJ4.IGHM_IGKV4-1.IGKJ4.IGKC;IGHV4-34..IGHJ6.IGHM_IGKV1-27.IGKJ2.IGKC;IGHV6-1..IGHJ4.IGHM_IGKV4-1.IGKJ1.IGKC;IGHV4-34..IGHJ4.IGHM_IGKV3-15.IGKJ2.IGKC;IGHV1-2..IGHJ5.IGHM_IGKV4-1.IGKJ2.IGKC;IGHV4-34..IGHJ6.IGHM_IGLV7-43.IGLJ1.IGLC1;IGHV4-39..IGHJ3.IGHM_IGKV4-1.IGKJ4.IGKC;IGHV4-34..IGHJ4.IGHM_IGLV1-44.IGLJ1.IGLC1;IGHV4-34.IGHD3-22.IGHJ1.IGHM_IGKV1-33.IGKJ4.IGKC;IGHV4-34.IGHD2-15.IGHJ5.IGHM_IGKV1-8.IGKJ1.IGKC	2	1	IGHV3-48..IGHJ4.IGHM_IGKV3-20.IGKJ1.IGKC	0	NA
17	67	IGHV6-1..IGHJ6.IGHM_IGKV4-1.IGKJ2.IGKC;IGHV4-34..IGHJ3.IGHM_IGLV5-39.IGLJ2.IGLC2;IGHV4-34..IGHJ3.IGHM_IGKV1-8.IGKJ1.IGKC;IGHV4-34..IGHJ5.IGHM_IGLV2-23.IGLJ2.IGLC2;IGHV4-34..IGHJ4.IGHM_IGKV1D-8.IGKJ1.IGKC;IGHV4-34..IGHJ4.IGHM_IGKV4-1.IGKJ3.IGKC;IGHV4-39..IGHJ5.IGHM_IGKV4-1.IGKJ4.IGKC;IGHV4-34..IGHJ5.IGHM_IGKV3-15.IGKJ1.IGKC;IGHV1-8..IGHJ3.IGHM_IGLV1-44.IGLJ1.IGLC1;IGHV4-34..IGHJ4.IGHM_IGKV1-39.IGKJ2.IGKC;IGHV1-18.IGHD5-24.IGHJ3.IGHM_IGKV4-1.IGKJ4.IGKC;IGHV4-34.IGHD2-2.IGHJ6.IGHM_IGKV1-12.IGKJ4.IGKC;IGHV3-30.IGHD3-10.IGHJ4.IGHG1_IGKV4-1.IGKJ4.IGKC;IGHV4-34..IGHJ4.IGHM_IGLV1-47.IGLJ3.IGLC3;IGHV4-34.IGHD3-10.IGHJ4.IGHM_IGKV1-6.IGKJ4.IGKC;IGHV3-11..IGHJ5.IGHM_IGLV3-25.IGLJ1.IGLC1;IGHV4-34..IGHJ4.IGHM_IGKV3-15.IGKJ2.IGKC;IGHV4-61..IGHJ1.IGHM_IGKV3-20.IGKJ1.IGKC;IGHV7-4-1..IGHJ4.IGHM_IGKV4-1.IGKJ4.IGKC;IGHV2-5..IGHJ4.IGHM_IGKV4-1.IGKJ1.IGKC;IGHV4-34..IGHJ4.IGHM_IGLV3-19.IGLJ1.IGLC1;IGHV4-59.IGHD3-10.IGHJ4.IGHM_IGKV4-1.IGKJ1.IGKC;IGHV3-11..IGHJ3.IGHM_IGKV4-1.IGKJ4.IGKC;IGHV1-58..IGHJ6.IGHM_IGKV4-1.IGKJ1.IGKC;IGHV6-1..IGHJ4.IGHM_IGKV4-1.IGKJ1.IGKC;IGHV4-34.IGHD2-15.IGHJ5.IGHM_IGKV1-6.IGKJ2.IGKC;IGHV3-21..IGHJ4.IGHM_IGKV4-1.IGKJ3.IGKC;IGHV4-34..IGHJ4.IGHM_IGKV1-39.IGKJ1.IGKC;IGHV3-64..IGHJ4.IGHM_IGKV4-1.IGKJ1.IGKC;IGHV1-8..IGHJ4.IGHA1_IGKV4-1.IGKJ1.IGKC;IGHV4-34.IGHD3-16.IGHJ4.IGHM_IGKV1-39.IGKJ2.IGKC;IGHV4-34.IGHD4-23.IGHJ1.IGHM_IGKV4-1.IGKJ1.IGKC;IGHV3-30..IGHJ4.IGHG2_IGKV4-1.IGKJ2.IGKC;IGHV4-34.IGHD5-5.IGHJ2.IGHM_IGLV1-44.IGLJ1.IGLC1;IGHV5-51..IGHJ6.IGHM_IGKV4-1.IGKJ2.IGKC;IGHV3-23..IGHJ4.IGHM_IGKV4-1.IGKJ1.IGKC;IGHV4-34..IGHJ5.IGHM_IGLV1-47.IGLJ1.IGLC1;IGHV4-59.IGHD6-19.IGHJ4.IGHM_IGKV4-1.IGKJ1.IGKC;IGHV4-59..IGHJ4.IGHG2_IGKV4-1.IGKJ1.IGKC;IGHV4-34..IGHJ5.IGHM_IGKV4-1.IGKJ1.IGKC;IGHV4-34.IGHD4-17.IGHJ4.IGHM_IGLV1-44.IGLJ1.IGLC1;IGHV4-34..IGHJ4.IGHM_IGLV3-21.IGLJ2.IGLC2;IGHV4-39.IGHD2-15.IGHJ4.IGHM_IGLV3-21.IGLJ2.IGLC2;IGHV3-9.IGHD6-13.IGHJ6.IGHM_IGKV4-1.IGKJ1.IGKC;IGHV4-34.IGHD3-9.IGHJ4.IGHM_IGKV1-9.IGKJ5.IGKC;IGHV4-59..IGHJ5.IGHM_IGKV4-1.IGKJ1.IGKC;IGHV4-34..IGHJ4.IGHM_IGLV3-19.IGLJ2.IGLC2;IGHV1-46..IGHJ3.IGHM_IGKV4-1.IGKJ5.IGKC;IGHV3-11..IGHJ6.IGHM_IGKV1-39.IGKJ3.IGKC;IGHV4-34..IGHJ6.IGHM_IGKV3-20.IGKJ1.IGKC;IGHV4-34..IGHJ4.IGHM_IGLV3-19.IGLJ2.IGLC2;IGHV4-34..IGHJ6.IGHM_IGKV3-20.IGKJ1.IGKC;IGHV1-3..IGHJ5.IGHM_IGKV4-1.IGKJ2.IGKC;IGHV7-4-1..IGHJ6.IGHA1_IGKV4-1.IGKJ1.IGKC;IGHV4-34.IGHD3-10.IGHJ6.IGHM_IGLV1-44.IGLJ2.IGLC2;IGHV4-34.IGHD5-5.IGHJ5.IGHM_IGLV3-19.IGLJ2.IGLC2;IGHV4-34..IGHJ5.IGHM_IGKV1-39.IGKJ4.IGKC;IGHV1-18.IGHD4-17.IGHJ4.IGHM_IGKV4-1.IGKJ4.IGKC;IGHV4-34..IGHJ6.IGHM_IGKV1-27.IGKJ2.IGKC;IGHV6-1..IGHJ4.IGHM_IGKV4-1.IGKJ1.IGKC;IGHV4-34..IGHJ4.IGHM_IGKV3-15.IGKJ2.IGKC;IGHV1-2..IGHJ5.IGHM_IGKV4-1.IGKJ2.IGKC;IGHV4-34..IGHJ6.IGHM_IGLV7-43.IGLJ1.IGLC1;IGHV4-39..IGHJ3.IGHM_IGKV4-1.IGKJ4.IGKC;IGHV4-34..IGHJ4.IGHM_IGLV1-44.IGLJ1.IGLC1;IGHV4-34.IGHD3-22.IGHJ1.IGHM_IGKV1-33.IGKJ4.IGKC;IGHV4-34.IGHD2-15.IGHJ5.IGHM_IGKV1-8.IGKJ1.IGKC	4	454	NA_IGKV1-8.IGKJ4.IGKC;IGHV1-69D.IGHD3-22.IGHJ3.IGHM_IGKV1-8.IGKJ1.IGKC;IGHV1-2..IGHJ3.IGHM_IGLV5-45.IGLJ3.IGLC3;IGHV5-51..IGHJ3.IGHM_IGKV1D-8.IGKJ2.IGKC;IGHV4-39..IGHJ3.IGHM_IGLV3-21.IGLJ2.IGLC2;IGHV3-33..IGHJ4.IGHM_IGKV2-28.IGKJ2.IGKC;IGHV3-15..IGHJ4.IGHM_IGLV6-57.IGLJ2.IGLC2;IGHV1-2..IGHJ6.IGHM_IGKV1-27.IGKJ3.IGKC;IGHV2-5.IGHD3-9.IGHJ3.IGHM_IGKV1-5.IGKJ1.IGKC;IGHV3-7..IGHJ4.IGHM_IGKV1-39.IGKJ2.IGKC;IGHV1-8..IGHJ3.IGHM_IGKV3-20.IGKJ1.IGKC;IGHV3-9..IGHJ4.IGHM_IGKV3-20.IGKJ2.IGKC;IGHV4-59..IGHJ6.IGHM_IGKV3-20.IGKJ3.IGKC;IGHV4-31.IGHD2-8.IGHJ6.IGHM_IGLV1-47.IGLJ3.IGLC3;IGHV3-30.IGHD5-5.IGHJ4.IGHM_IGLV4-69.IGLJ3.IGLC3;IGHV2-26..IGHJ4.IGHM_IGKV1-5.IGKJ1.IGKC;IGHV3-33..IGHJ4.IGHG1_IGLV6-57.IGLJ3.IGLC3;IGHV5-51.IGHD3-9.IGHJ4.IGHM_IGKV3-20.IGKJ1.IGKC;IGHV2-5..IGHJ4.IGHM_IGKV2-30.IGKJ1.IGKC;IGHV3-74.IGHD3-22.IGHJ6.IGHD_IGKV1-9.IGKJ3.IGKC;IGHV3-33.IGHD4-17.IGHJ4.IGHM_IGKV3-15.IGKJ1.IGKC;IGHV4-39..IGHJ4.IGHM_IGLV1-40.IGLJ1.IGLC1;IGHV3-49..IGHJ6.IGHM_IGKV1D-8.IGKJ1.IGKC;IGHV3-30.IGHD3-22.IGHJ4.IGHM_IGLV3-25.IGLJ2.IGLC2;IGHV1-24.IGHD2-2.IGHJ6.IGHM_IGKV3-20.IGKJ4.IGKC;IGHV3-30..IGHJ4.IGHM_IGLV1-47.IGLJ2.IGLC2;IGHV3-43..IGHJ4.IGHM_IGLV1-51.IGLJ2.IGLC2;IGHV4-59..IGHJ4.IGHM_IGKV3-15.IGKJ3.IGKC;IGHV4-30-4..IGHJ3.IGHG2_IGKV1-39.IGKJ2.IGKC;IGHV3-7..IGHJ4.IGHM_IGKV1-39.IGKJ2.IGKC;IGHV4-59..IGHJ5.IGHM_IGKV1-12.IGKJ5.IGKC;IGHV1-69D.IGHD3-22.IGHJ4.IGHM_IGKV3-20.IGKJ1.IGKC;IGHV3-30..IGHJ4.IGHM_IGKV3-15.IGKJ1.IGKC;IGHV3-48.IGHD3-16.IGHJ6.IGHM_IGLV2-8.IGLJ1.IGLC1;IGHV1-8.IGHD3-22.IGHJ3.IGHM_IGKV2-28.IGKJ4.IGKC;IGHV3-30..IGHJ4.IGHM_IGKV1-39.IGKJ4.IGKC;IGHV3-11..IGHJ4.IGHM_IGLV1-40.IGLJ1.IGLC1;IGHV3-33..IGHJ4.IGHM_IGKV1-12.IGKJ5.IGKC;IGHV4-61..IGHJ4.IGHG1_IGKV1-39.IGKJ2.IGKC;IGHV1-69D.IGHD2-2.IGHJ5.IGHM_IGLV1-51.IGLJ3.IGLC3;IGHV3-7..IGHJ3.IGHM_IGLV3-1.IGLJ2.IGLC2;IGHV1-69D..IGHJ5.IGHM_IGLV1-40.IGLJ2.IGLC2;IGHV3-11..IGHJ4.IGHM_IGKV1-5.IGKJ1.IGKC;IGHV4-61..IGHJ5.IGHM_IGKV2-30.IGKJ4.IGKC;IGHV3-33..IGHJ6.IGHM_IGKV3-20.IGKJ1.IGKC;IGHV4-61.IGHD3-22.IGHJ4.IGHM_IGKV1-39.IGKJ4.IGKC;IGHV1-8.IGHD6-19.IGHJ4.IGHM_IGLV1-40.IGLJ2.IGLC2;IGHV3-33.IGHD4-4.IGHJ6.IGHM_IGKV1-39.IGKJ2.IGKC;IGHV3-7..IGHJ4.IGHM_IGLV3-21.IGLJ1.IGLC1;IGHV3-7.IGHD6-13.IGHJ4.IGHM_IGKV1-39.IGKJ2.IGKC;IGHV3-13.IGHD2-2.IGHJ6.IGHM_IGLV3-21.IGLJ3.IGLC2;IGHV5-51.IGHD3-22.IGHJ6.IGHM_IGKV3-15.IGKJ1.IGKC;IGHV3-7..IGHJ4.IGHM_IGKV2-28.IGKJ4.IGKC;IGHV1-18..IGHJ4.IGHM_IGKV3-20.IGKJ3.IGKC;IGHV3-7..IGHJ6.IGHM_IGLV3-19.IGLJ1.IGLC1;IGHV7-4-1.IGHD3-10.IGHJ4.IGHM_IGLV2-11.IGLJ2.IGLC2;IGHV5-51.IGHD3-9.IGHJ6.IGHM_IGLV1-40.IGLJ2.IGLC2;IGHV2-5.IGHD6-19.IGHJ5.IGHM_IGLV6-57.IGLJ2.IGLC2;IGHV4-59..IGHJ4.IGHM_IGKV1-39.IGKJ3.IGKC;IGHV1-69D..IGHJ6.IGHM_IGLV1-51.IGLJ1.IGLC1;IGHV4-39..IGHJ6.IGHM_IGKV1-12.IGKJ4.IGKC;IGHV4-61..IGHJ6.IGHM_IGLV1-40.IGLJ1.IGLC1;IGHV3-30..IGHJ3.IGHA1_IGKV1-9.IGKJ5.IGKC;IGHV3-30.IGHD3-10.IGHJ6.IGHM_IGKV3-15.IGKJ1.IGKC;IGHV3-15..IGHJ6.IGHM_IGLV2-8.IGLJ3.IGLC3;IGHV1-69D..IGHJ5.IGHM_IGKV3-15.IGKJ4.IGKC;IGHV6-1..IGHJ4.IGHM_IGKV1-33.IGKJ2.IGKC;IGHV3-33..IGHJ1.IGHM_IGKV3-15.IGKJ1.IGKC;IGHV1-2..IGHJ4.IGHM_IGKV3-20.IGKJ2.IGKC;IGHV3-49.IGHD5-24.IGHJ4.IGHM_IGLV3-21.IGLJ2.IGLC2;IGHV7-4-1..IGHJ4.IGHM_IGKV3-20.IGKJ1.IGKC;IGHV3-74..IGHJ5.IGHM_IGKV1-39.IGKJ1.IGKC;IGHV2-26.IGHD4-17.IGHJ6.IGHM_IGKV3-20.IGKJ5.IGKC;IGHV3-74..IGHJ4.IGHM_IGLV2-23.IGLJ1.IGLC1;IGHV3-15.IGHD3-9.IGHJ6.IGHD_IGLV7-46.IGLJ3.IGLC3;IGHV1-18..IGHJ4.IGHM_IGKV2-28.IGKJ1.IGKC;IGHV3-33..IGHJ4.IGHM_IGKV2-28.IGKJ4.IGKC;IGHV1-46.IGHD2-2.IGHJ4.IGHM_IGKV3D-15.IGKJ4.IGKC;IGHV4-59..IGHJ6.IGHM_IGLV1-40.IGLJ2.IGLC2;IGHV3-33..IGHJ4.IGHM_IGLV2-14.IGLJ2.IGLC2;IGHV5-51..IGHJ4.IGHM_IGLV1-40.IGLJ2.IGLC2;IGHV3-53..IGHJ4.IGHM_IGLV3-1.IGLJ1.IGLC1;IGHV3-53.IGHD5-24.IGHJ4.IGHM_IGKV3-15.IGKJ1.IGKC;IGHV3-9.IGHD4-23.IGHJ4.IGHM_IGKV3D-20.IGKJ4.IGKC;IGHV3-30..IGHJ4.IGHA1_IGLV6-57.IGLJ2.IGLC2;IGHV4-59.IGHD2-2.IGHJ6.IGHM_IGKV1-39.IGKJ1.IGKC;IGHV4-61.IGHD2-15.IGHJ6.IGHM_IGKV1-17.IGKJ1.IGKC;IGHV3-9..IGHJ3.IGHM_IGLV1-40.IGLJ3.IGLC3;IGHV5-51.IGHD5-5.IGHJ6.IGHM_IGKV1-16.IGKJ1.IGKC;IGHV3-9..IGHJ6.IGHM_IGKV1-39.IGKJ2.IGKC;IGHV1-24..IGHJ4.IGHG1_IGKV1-39.IGKJ1.IGKC;IGHV3-11..IGHJ4.IGHM_IGLV3-25.IGLJ2.IGLC2;IGHV4-39.IGHD2-2.IGHJ2.IGHM_IGLV4-69.IGLJ2.IGLC2;IGHV3-48..IGHJ5.IGHM_IGKV3-15.IGKJ4.IGKC;IGHV3-9..IGHJ4.IGHG1_IGKV3-20.IGKJ1.IGKC;IGHV1-69D..IGHJ6.IGHM_IGLV1-40.IGLJ1.IGLC1;IGHV4-59..IGHJ5.IGHM_IGLV6-57.IGLJ3.IGLC3;IGHV3-21.IGHD6-13.IGHJ5.IGHM_IGKV1-39.IGKJ2.IGKC;IGHV3-53..IGHJ3.IGHM_IGKV1-27.IGKJ3.IGKC;IGHV3-48.IGHD3-22.IGHJ3.IGHM_IGLV1-40.IGLJ2.IGLC2;IGHV5-51.IGHD1-26.IGHJ3.IGHM_IGLV1-47.IGLJ3.IGLC2;IGHV4-59.IGHD4-17.IGHJ4.IGHM_IGLV3-25.IGLJ2.IGLC2;IGHV1-2..IGHJ6.IGHM_IGKV1-39.IGKJ2.IGKC;IGHV3-43..IGHJ6.IGHM_IGLV3-1.IGLJ2.IGLC2;IGHV3-48..IGHJ6.IGHM_IGKV3-20.IGKJ2.IGKC;IGHV3-21..IGHJ6.IGHM_IGKV1-5.IGKJ1.IGKC;IGHV3-11..IGHJ4.IGHM_IGKV1-6.IGKJ1.IGKC;IGHV3-9..IGHJ4.IGHM_IGKV3-20.IGKJ5.IGKC;IGHV4-34..IGHJ3.IGHG3_IGKV3-15.IGKJ1.IGKC;IGHV3-21..IGHJ6.IGHM_IGKV1-12.IGKJ4.IGKC;IGHV4-30-4..IGHJ6.IGHM_IGKV2-28.IGKJ3.IGKC;IGHV4-39..IGHJ4.IGHA1_IGKV1-16.IGKJ3.IGKC;IGHV4-39..IGHJ1.IGHG3_IGKV1-39.IGKJ3.IGKC;IGHV4-59..IGHJ4.IGHM_IGLV4-69.IGLJ3.IGLC2;IGHV4-39.IGHD3-10.IGHJ4.IGHM_IGLV8-61.IGLJ3.IGLC2;IGHV2-5.IGHD3-9.IGHJ5.IGHM_IGLV1-40.IGLJ2.IGLC2;IGHV3-53..IGHJ4.IGHM_IGKV1-39.IGKJ5.IGKC;IGHV3-53.IGHD2-15.IGHJ6.IGHM_IGKV3-20.IGKJ5.IGKC;IGHV1-8..IGHJ4.IGHM_IGKV3-20.IGKJ2.IGKC;IGHV1-69D..IGHJ6.IGHM_IGKV3-15.IGKJ2.IGKC;IGHV4-61..IGHJ6.IGHM_IGKV1-8.IGKJ3.IGKC;IGHV4-61..IGHJ5.IGHM_IGKV3-20.IGKJ1.IGKC;IGHV3-48.IGHD5-5.IGHJ4.IGHM_IGLV3-25.IGLJ3.IGLC3;IGHV3-7..IGHJ4.IGHM_IGLV4-69.IGLJ2.IGLC2;IGHV4-30-4.IGHD3-10.IGHJ5.IGHM_IGLV3-9.IGLJ2.IGLC2;IGHV3-30..IGHJ4.IGHM_IGKV3-20.IGKJ1.IGKC;IGHV4-30-4..IGHJ5.IGHA1_IGLV1-51.IGLJ2.IGLC2;IGHV1-3..IGHJ4.IGHM_IGKV1-33.IGKJ4.IGKC;IGHV2-5..IGHJ4.IGHM_IGKV1D-8.IGKJ1.IGKC;IGHV4-39..IGHJ4.IGHM_IGLV1-47.IGLJ2.IGLC2;IGHV1-69D.IGHD3-22.IGHJ4.IGHM_IGKV3-11.IGKJ4.IGKC;IGHV3-49..IGHJ4.IGHA1_IGLV2-23.IGLJ1.IGLC1;IGHV5-51..IGHJ5.IGHM_NA;IGHV5-51..IGHJ4.IGHM_IGLV3-19.IGLJ2.IGLC2;IGHV1-8.IGHD6-13.IGHJ6.IGHM_IGLV1-40.IGLJ2.IGLC2;IGHV1-18.IGHD6-13.IGHJ5.IGHM_IGLV7-46.IGLJ1.IGLC1;IGHV3-33..IGHJ4.IGHA1_IGLV1-51.IGLJ2.IGLC2;IGHV3-48..IGHJ3.IGHM_IGLV3-25.IGLJ3.IGLC3;IGHV3-33..IGHJ6.IGHM_IGKV1-33.IGKJ5.IGKC;IGHV3-15..IGHJ4.IGHM_IGLV3-1.IGLJ1.IGLC1;IGHV2-26..IGHJ3.IGHM_IGKV3-20.IGKJ1.IGKC;IGHV4-59.IGHD3-22.IGHJ4.IGHM_IGKV1-33.IGKJ3.IGKC;IGHV3-30.IGHD3-3.IGHJ3.IGHM_IGKV1-39.IGKJ2.IGKC;IGHV4-59..IGHJ6.IGHM_IGKV1-5.IGKJ4.IGKC;IGHV3-7..IGHJ6.IGHM_IGKV1-39.IGKJ2.IGKC;IGHV3-53.IGHD3-22.IGHJ3.IGHM_IGKV1-39.IGKJ2.IGKC;IGHV3-7..IGHJ5.IGHM_IGLV3-9.IGLJ2.IGLC2;IGHV4-59.IGHD6-6.IGHJ4.IGHG1_IGLV1-40.IGLJ1.IGLC1;IGHV2-5.IGHD3-16.IGHJ5.IGHM_IGLV3-1.IGLJ2.IGLC2;IGHV3-15.IGHD3-9.IGHJ4.IGHM_IGKV2-28.IGKJ5.IGKC;IGHV1-18.IGHD3-3.IGHJ6.IGHM_IGKV3-20.IGKJ1.IGKC;IGHV4-61.IGHD1-7.IGHJ2.IGHM_IGLV3-21.IGLJ1.IGLC1;IGHV1-24..IGHJ4.IGHM_IGKV1-5.IGKJ1.IGKC;IGHV3-48.IGHD3-22.IGHJ4.IGHM_IGKV3-15.IGKJ2.IGKC;IGHV3-48..IGHJ4.IGHM_IGKV1-39.IGKJ1.IGKC;IGHV3-7..IGHJ4.IGHM_IGKV3D-20.IGKJ4.IGKC;IGHV2-26..IGHJ4.IGHM_IGKV2D-29.IGKJ3.IGKC;IGHV1-2..IGHJ5.IGHM_IGLV2-23.IGLJ2.IGLC2;IGHV3-7..IGHJ4.IGHM_IGKV3-20.IGKJ4.IGKC;IGHV4-34..IGHJ5.IGHG3_IGLV3-25.IGLJ2.IGLC2;IGHV4-61.IGHD1-26.IGHJ4.IGHM_IGKV1D-8.IGKJ4.IGKC;IGHV4-30-4..IGHJ1.IGHG1_IGLV1-40.IGLJ1.IGLC1;IGHV2-70..IGHJ6.IGHG1_IGKV2-28.IGKJ2.IGKC;IGHV7-4-1..IGHJ4.IGHM_IGLV1-40.IGLJ2.IGLC2;IGHV1-2.IGHD6-19.IGHJ4.IGHM_IGLV2-11.IGLJ2.IGLC2;IGHV1-18..IGHJ5.IGHG1_IGKV1-39.IGKJ1.IGKC;IGHV3-7..IGHJ4.IGHM_IGKV3-15.IGKJ1.IGKC;IGHV4-39.IGHD2-2.IGHJ4.IGHM_IGKV1-5.IGKJ4.IGKC;IGHV4-39.IGHD3-3.IGHJ4.IGHM_IGLV1-40.IGLJ2.IGLC2;IGHV3-23..IGHJ4.IGHA1_IGKV1-39.IGKJ2.IGKC;IGHV3-9.IGHD3-10.IGHJ6.IGHM_IGLV3-1.IGLJ1.IGLC1;IGHV1-69D..IGHJ6.IGHM_IGKV2-28.IGKJ2.IGKC;IGHV3-30..IGHJ4.IGHA1_IGKV1-39.IGKJ4.IGKC;IGHV6-1..IGHJ4.IGHM_IGLV2-23.IGLJ3.IGLC3;IGHV4-30-4.IGHD2-2.IGHJ6.IGHM_IGLV1-40.IGLJ2.IGLC2;IGHV3-49.IGHD3-3.IGHJ4.IGHM_IGKV3-20.IGKJ1.IGKC;IGHV3-74..IGHJ5.IGHM_IGKV1-39.IGKJ2.IGKC;IGHV1-69D..IGHJ3.IGHM_IGKV1-5.IGKJ4.IGKC;IGHV7-4-1..IGHJ4.IGHM_IGKV1-39.IGKJ3.IGKC;IGHV5-51..IGHJ4.IGHM_IGKV1-9.IGKJ4.IGKC;IGHV3-53..IGHJ6.IGHM_IGKV2-28.IGKJ2.IGKC;IGHV1-24..IGHJ4.IGHM_IGKV1-12.IGKJ4.IGKC;IGHV3-9..IGHJ4.IGHM_IGLV3-25.IGLJ3.IGLC3;IGHV3-15.IGHD2-21.IGHJ4.IGHM_IGKV1-9.IGKJ4.IGKC;IGHV7-4-1..IGHJ4.IGHM_IGLV1-40.IGLJ2.IGLC2;IGHV1-2..IGHJ4.IGHM_IGLV2-8.IGLJ2.IGLC2;IGHV3-9..IGHJ1.IGHM_IGLV2-23.IGLJ2.IGLC2;IGHV1-3..IGHJ6.IGHM_IGKV1-9.IGKJ4.IGKC;IGHV5-51.IGHD3-9.IGHJ6.IGHM_IGLV7-43.IGLJ2.IGLC2;IGHV3-15.IGHD3-22.IGHJ4.IGHM_IGLV3-25.IGLJ1.IGLC1;IGHV4-61..IGHJ4.IGHM_IGKV1D-8.IGKJ2.IGKC;IGHV4-61..IGHJ6.IGHM_IGLV3-1.IGLJ1.IGLC1;IGHV3-7..IGHJ4.IGHM_IGLV3-1.IGLJ2.IGLC2;IGHV3-74..IGHJ3.IGHM_IGKV1-39.IGKJ1.IGKC;IGHV2-5.IGHD3-22.IGHJ4.IGHM_IGKV1-39.IGKJ4.IGKC;IGHV3-48..IGHJ4.IGHM_IGKV3-15.IGKJ2.IGKC;IGHV2-70.IGHD2-15.IGHJ6.IGHM_IGKV3-20.IGKJ1.IGKC;IGHV3-48.IGHD3-22.IGHJ4.IGHM_IGLV4-69.IGLJ3.IGLC2;IGHV5-51..IGHJ1.IGHM_IGKV3-20.IGKJ2.IGKC;IGHV5-51..IGHJ4.IGHG2_IGKV1-12.IGKJ4.IGKC;NA_IGKV1-39.IGKJ1.IGKC;IGHV7-4-1..IGHJ1.IGHA1_IGLV2-23.IGLJ3.IGLC3;IGHV3-30.IGHD3-22.IGHJ6.IGHM_IGLV3-25.IGLJ1.IGLC1;IGHV3-23..IGHJ4.IGHA1_IGKV1-5.IGKJ1.IGKC;IGHV1-2..IGHJ4.IGHM_IGKV1-33.IGKJ2.IGKC;IGHV4-59..IGHJ3.IGHM_IGKV1-8.IGKJ4.IGKC;IGHV4-30-4..IGHJ5.IGHM_IGKV2D-29.IGKJ2.IGKC;IGHV3-7..IGHJ6.IGHG2_IGKV3-20.IGKJ3.IGKC;IGHV4-59..IGHJ4.IGHG1_IGKV1-39.IGKJ4.IGKC;IGHV2-5..IGHJ5.IGHA2_IGKV2-28.IGKJ2.IGKC;IGHV6-1..IGHJ6.IGHM_IGKV3-20.IGKJ4.IGKC;IGHV3-72..IGHJ6.IGHA2_IGKV1-9.IGKJ5.IGKC;IGHV3-53.IGHD4-23.IGHJ5.IGHM_IGLV3-21.IGLJ2.IGLC2;IGHV3-23..IGHJ4.IGHM_IGKV1-8.IGKJ1.IGKC;IGHV1-18..IGHJ6.IGHM_IGKV2-28.IGKJ2.IGKC;IGHV3-48..IGHJ4.IGHM_IGKV2-28.IGKJ2.IGKC;IGHV3-21..IGHJ4.IGHM_IGKV3-15.IGKJ1.IGKC;IGHV1-8..IGHJ5.IGHM_IGLV3-19.IGLJ2.IGLC2;IGHV1-3.IGHD3-16.IGHJ3.IGHM_IGKV2-30.IGKJ4.IGKC;IGHV3-11.IGHD3-22.IGHJ4.IGHM_IGKV1-39.IGKJ2.IGKC;IGHV3-49.IGHD6-13.IGHJ6.IGHM_IGKV1-39.IGKJ2.IGKC;IGHV1-2..IGHJ4.IGHM_IGKV3-15.IGKJ2.IGKC;IGHV4-39..IGHJ5.IGHM_IGKV3-20.IGKJ2.IGKC;IGHV3-49.IGHD2-2.IGHJ5.IGHM_IGLV3-1.IGLJ2.IGLC2;IGHV1-46..IGHJ1.IGHM_IGLV2-23.IGLJ1.IGLC1;IGHV3-74.IGHD3-22.IGHJ4.IGHM_IGKV1-39.IGKJ1.IGKC;IGHV1-8..IGHJ3.IGHM_IGKV1-33.IGKJ4.IGKC;IGHV3-15..IGHJ4.IGHM_IGKV3-15.IGKJ3.IGKC;IGHV3-11.IGHD3-22.IGHJ3.IGHM_IGKV1-39.IGKJ1.IGKC;IGHV1-24..IGHJ6.IGHM_IGLV3-19.IGLJ1.IGLC1;IGHV3-33..IGHJ3.IGHM_IGLV2-23.IGLJ3.IGLC3;IGHV3-11.IGHD1-1.IGHJ4.IGHM_IGLV1-51.IGLJ1.IGLC1;IGHV3-11.IGHD2-2.IGHJ6.IGHM_IGKV1-39.IGKJ1.IGKC;IGHV1-18..IGHJ6.IGHM_IGKV3-20.IGKJ1.IGKC;IGHV1-2..IGHJ3.IGHM_IGLV2-11.IGLJ2.IGLC2;IGHV2-5.IGHD3-22.IGHJ4.IGHM_IGKV3-15.IGKJ4.IGKC;IGHV1-18..IGHJ4.IGHM_IGKV3-20.IGKJ2.IGKC;IGHV3-30..IGHJ4.IGHM_IGKV1-17.IGKJ1.IGKC;IGHV3-15.IGHD3-9.IGHJ6.IGHM_IGLV3-25.IGLJ2.IGLC2;IGHV3-11..IGHJ4.IGHM_IGKV3-20.IGKJ2.IGKC;IGHV7-4-1..IGHJ5.IGHA1_IGLV4-69.IGLJ3.IGLC2;IGHV3-53.IGHD3-22.IGHJ4.IGHM_IGLV4-69.IGLJ3.IGLC3;IGHV1-18..IGHJ5.IGHM_IGKV1-39.IGKJ1.IGKC;IGHV3-11..IGHJ5.IGHM_IGKV1-33.IGKJ3.IGKC;IGHV5-51..IGHJ6.IGHM_IGKV2-28.IGKJ3.IGKC;IGHV4-39.IGHD3-9.IGHJ4.IGHM_IGKV3-15.IGKJ2.IGKC;IGHV4-59..IGHJ4.IGHM_IGLV1-47.IGLJ2.IGLC2;IGHV2-26..IGHJ5.IGHM_IGLV3-21.IGLJ1.IGLC1;IGHV4-39..IGHJ4.IGHM_IGLV1-40.IGLJ2.IGLC2;IGHV1-2..IGHJ6.IGHM_IGKV3-20.IGKJ3.IGKC;IGHV4-39..IGHJ5.IGHM_IGKV1-12.IGKJ2.IGKC;IGHV1-69D.IGHD4-17.IGHJ4.IGHM_IGKV1-27.IGKJ3.IGKC;IGHV1-18..IGHJ1.IGHM_IGKV3-20.IGKJ2.IGKC;IGHV4-30-4..IGHJ4.IGHM_IGKV1-39.IGKJ1.IGKC;IGHV3-73..IGHJ4.IGHG1_IGKV1-17.IGKJ1.IGKC;IGHV3-15..IGHJ4.IGHM_IGKV1-8.IGKJ3.IGKC;IGHV3-9..IGHJ6.IGHM_IGLV10-54.IGLJ2.IGLC2;IGHV4-59..IGHJ4.IGHM_IGKV3-20.IGKJ4.IGKC;IGHV5-51..IGHJ6.IGHM_IGKV2D-40.IGKJ4.IGKC;IGHV3-53..IGHJ6.IGHM_IGKV1-39.IGKJ1.IGKC;IGHV3-30..IGHJ4.IGHM_IGLV1-47.IGLJ1.IGLC1;IGHV2-5.IGHD2-2.IGHJ5.IGHM_IGLV3-25.IGLJ1.IGLC1;IGHV4-39..IGHJ4.IGHM_IGLV1-51.IGLJ3.IGLC3;IGHV4-59..IGHJ4.IGHM_IGKV2-28.IGKJ5.IGKC;IGHV3-23..IGHJ4.IGHM_IGKV1-39.IGKJ4.IGKC;IGHV3-15.IGHD5-24.IGHJ4.IGHM_IGKV1-33.IGKJ5.IGKC;IGHV3-48..IGHJ6.IGHM_IGLV3-25.IGLJ3.IGLC2;IGHV4-59..IGHJ6.IGHM_IGKV1-39.IGKJ2.IGKC;IGHV2-5..IGHJ4.IGHM_IGKV1-5.IGKJ2.IGKC;IGHV3-15..IGHJ3.IGHM_IGKV1-17.IGKJ1.IGKC;IGHV3-49..IGHJ6.IGHM_IGKV1-16.IGKJ4.IGKC;IGHV3-30.IGHD6-19.IGHJ3.IGHM_IGKV1-5.IGKJ1.IGKC;IGHV3-33.IGHD3-3.IGHJ4.IGHM_IGKV1-6.IGKJ2.IGKC;IGHV4-30-4.IGHD3-22.IGHJ3.IGHM_IGLV3-25.IGLJ2.IGLC2;IGHV3-30.IGHD3-22.IGHJ6.IGHM_IGLV2-23.IGLJ2.IGLC2;IGHV7-4-1..IGHJ5.IGHM_IGKV3-11.IGKJ4.IGKC;IGHV3-21..IGHJ4.IGHG1_IGKV3-20.IGKJ1.IGKC;IGHV1-2..IGHJ4.IGHM_IGKV1-39.IGKJ2.IGKC;IGHV4-39.IGHD3-22.IGHJ5.IGHM_IGLV3-19.IGLJ2.IGLC2;IGHV3-33..IGHJ4.IGHM_IGLV8-61.IGLJ3.IGLC3;IGHV3-9..IGHJ4.IGHM_IGLV3-21.IGLJ2.IGLC2;IGHV3-33..IGHJ6.IGHM_IGKV1-9.IGKJ5.IGKC;IGHV6-1..IGHJ5.IGHM_IGLV1-36.IGLJ3.IGLC2;IGHV6-1.IGHD6-13.IGHJ3.IGHM_IGKV1-5.IGKJ1.IGKC;IGHV2-5.IGHD3-10.IGHJ5.IGHM_IGLV3-25.IGLJ1.IGLC1;IGHV4-59..IGHJ4.IGHM_IGLV3-19.IGLJ2.IGLC2;IGHV3-30.IGHD6-6.IGHJ4.IGHM_IGLV2-8.IGLJ1.IGLC1;IGHV2-5..IGHJ4.IGHG1_IGLV1-40.IGLJ2.IGLC2;IGHV3-74.IGHD3-22.IGHJ4.IGHM_IGKV1-39.IGKJ1.IGKC;IGHV4-39..IGHJ5.IGHM_IGLV3-25.IGLJ2.IGLC2;IGHV1-8..IGHJ6.IGHM_IGLV1-51.IGLJ2.IGLC2;IGHV5-51..IGHJ3.IGHM_IGKV1-33.IGKJ1.IGKC;IGHV1-18..IGHJ6.IGHM_IGKV3-20.IGKJ2.IGKC;IGHV3-23.IGHD3-10.IGHJ4.IGHM_IGKV1-33.IGKJ4.IGKC;IGHV3-15.IGHD5-24.IGHJ4.IGHG1_IGKV3-20.IGKJ2.IGKC;IGHV1-18..IGHJ5.IGHM_IGKV1-27.IGKJ3.IGKC;IGHV4-61..IGHJ3.IGHM_IGKV1-8.IGKJ1.IGKC;IGHV2-5.IGHD3-22.IGHJ5.IGHM_IGKV3-20.IGKJ1.IGKC;IGHV4-39.IGHD5-5.IGHJ4.IGHM_IGLV1-40.IGLJ1.IGLC1;IGHV4-59.IGHD3-9.IGHJ6.IGHM_IGLV1-47.IGLJ1.IGLC1;IGHV3-30..IGHJ5.IGHM_IGKV1-8.IGKJ4.IGKC;IGHV1-46..IGHJ4.IGHM_IGKV4-1.IGKJ2.IGKC;IGHV3-49.IGHD4-4.IGHJ5.IGHM_IGKV1-17.IGKJ4.IGKC;IGHV4-61..IGHJ6.IGHM_IGLV3-10.IGLJ3.IGLC3;IGHV3-30..IGHJ6.IGHM_IGKV1-39.IGKJ2.IGKC;IGHV3-30.IGHD3-9.IGHJ4.IGHM_IGKV1-8.IGKJ4.IGKC;IGHV3-48..IGHJ4.IGHM_IGKV1-12.IGKJ2.IGKC;IGHV7-4-1.IGHD3-10.IGHJ4.IGHM_IGKV1-39.IGKJ1.IGKC;IGHV4-39..IGHJ5.IGHM_IGKV1-8.IGKJ1.IGKC;IGHV4-61..IGHJ6.IGHM_IGLV1-51.IGLJ2.IGLC2;IGHV3-48..IGHJ3.IGHM_IGLV3-21.IGLJ1.IGLC1;IGHV4-31..IGHJ4.IGHM_IGKV1D-8.IGKJ3.IGKC;NA_IGKV3-15.IGKJ1.IGKC;IGHV3-48..IGHJ4.IGHM_IGKV2-28.IGKJ2.IGKC;IGHV5-51..IGHJ6.IGHD_IGKV1-39.IGKJ4.IGKC;IGHV3-11.IGHD5-5.IGHJ5.IGHM_IGLV1-40.IGLJ2.IGLC2;IGHV3-13..IGHJ4.IGHM_IGKV1-39.IGKJ1.IGKC;IGHV3-7..IGHJ4.IGHM_IGLV1-40.IGLJ2.IGLC2;IGHV4-30-4..IGHJ3.IGHM_IGKV3D-20.IGKJ4.IGKC;IGHV3-7..IGHJ6.IGHM_IGLV1-40.IGLJ3.IGLC2;IGHV4-59..IGHJ4.IGHM_IGLV1-47.IGLJ3.IGLC3;IGHV3-30.IGHD2-2.IGHJ4.IGHM_IGKV1-39.IGKJ5.IGKC;IGHV4-31..IGHJ4.IGHM_IGKV1-39.IGKJ2.IGKC;IGHV1-69D..IGHJ4.IGHG1_IGLV2-23.IGLJ1.IGLC1;IGHV3-30..IGHJ3.IGHM_IGKV3-15.IGKJ1.IGKC;IGHV5-51.IGHD2-15.IGHJ4.IGHM_IGKV2-28.IGKJ3.IGKC;IGHV1-69D..IGHJ4.IGHM_IGKV1-17.IGKJ1.IGKC;IGHV4-59..IGHJ5.IGHG1_IGLV3-10.IGLJ2.IGLC2;IGHV3-7..IGHJ4.IGHM_IGKV1-8.IGKJ4.IGKC;IGHV1-18..IGHJ6.IGHM_IGLV3-25.IGLJ3.IGLC2;IGHV1-8..IGHJ4.IGHM_IGLV1-47.IGLJ3.IGLC3;IGHV1-18.IGHD6-19.IGHJ5.IGHM_IGKV1-12.IGKJ2.IGKC;IGHV3-7..IGHJ4.IGHM_IGKV1-6.IGKJ1.IGKC;IGHV5-51.IGHD6-19.IGHJ4.IGHM_IGLV4-69.IGLJ2.IGLC2;IGHV1-2.IGHD3-10.IGHJ3.IGHM_IGKV1-5.IGKJ1.IGKC;IGHV3-30..IGHJ3.IGHM_IGKV1-16.IGKJ4.IGKC;IGHV1-46..IGHJ4.IGHM_IGKV3-15.IGKJ1.IGKC;IGHV4-28..IGHJ6.IGHM_IGLV8-61.IGLJ3.IGLC2;IGHV1-8..IGHJ6.IGHM_IGKV1-6.IGKJ1.IGKC;IGHV2-5..IGHJ3.IGHM_IGLV3-19.IGLJ3.IGLC3;IGHV2-5..IGHJ4.IGHM_IGLV2-23.IGLJ1.IGLC1;IGHV1-58..IGHJ6.IGHM_IGKV3-20.IGKJ4.IGKC;IGHV1-18..IGHJ4.IGHG2_IGKV2-30.IGKJ2.IGKC;IGHV4-31..IGHJ3.IGHG1_IGKV1-9.IGKJ5.IGKC;IGHV1-2.IGHD6-19.IGHJ6.IGHM_IGKV2-28.IGKJ4.IGKC;IGHV3-7..IGHJ4.IGHM_IGLV3-1.IGLJ2.IGLC2;IGHV7-4-1..IGHJ4.IGHM_IGLV1-51.IGLJ1.IGLC1;IGHV3-15.IGHD3-10.IGHJ6.IGHM_IGLV3-25.IGLJ2.IGLC2;IGHV1-69D..IGHJ6.IGHG3_IGKV3-15.IGKJ4.IGKC;NA_IGLV3-1.IGLJ2.IGLC2;IGHV5-51..IGHJ4.IGHG1_IGLV3-25.IGLJ3.IGLC2;IGHV4-59..IGHJ6.IGHM_IGLV2-11.IGLJ2.IGLC3;IGHV4-39.IGHD3-22.IGHJ4.IGHM_IGLV1-40.IGLJ2.IGLC2;IGHV3-11.IGHD4-17.IGHJ5.IGHM_IGKV1-33.IGKJ4.IGKC;IGHV4-30-4..IGHJ1.IGHM_IGLV1-51.IGLJ2.IGLC2;IGHV3-11..IGHJ5.IGHD_IGLV3-1.IGLJ3.IGLC2;IGHV3-48.IGHD2-2.IGHJ4.IGHM_IGLV1-40.IGLJ1.IGLC1;NA_IGKV3-11.IGKJ2.IGKC;IGHV4-30-4..IGHJ4.IGHM_IGKV3-20.IGKJ5.IGKC;IGHV3-7.IGHD3-3.IGHJ6.IGHD_IGKV2-28.IGKJ4.IGKC;IGHV3-30.IGHD3-22.IGHJ4.IGHM_IGKV3-15.IGKJ1.IGKC;IGHV3-33..IGHJ4.IGHM_IGLV8-61.IGLJ3.IGLC3;IGHV3-9..IGHJ4.IGHM_IGLV3-1.IGLJ2.IGLC2;IGHV1-3.IGHD4-23.IGHJ5.IGHM_IGKV1-16.IGKJ5.IGKC;IGHV4-39..IGHJ4.IGHM_IGLV3-19.IGLJ2.IGLC2;IGHV4-39..IGHJ5.IGHM_IGKV3-20.IGKJ2.IGKC;IGHV3-30.IGHD2-2.IGHJ3.IGHM_IGKV3-20.IGKJ3.IGKC;IGHV3-7..IGHJ4.IGHM_IGKV3-20.IGKJ1.IGKC;IGHV5-51.IGHD2-2.IGHJ6.IGHM_IGKV3-15.IGKJ2.IGKC;IGHV2-5..IGHJ4.IGHM_IGLV7-43.IGLJ2.IGLC2;IGHV5-51.IGHD3-10.IGHJ6.IGHM_IGKV2-28.IGKJ4.IGKC;IGHV6-1..IGHJ5.IGHM_IGKV1-33.IGKJ1.IGKC;IGHV1-2..IGHJ4.IGHM_IGKV3-15.IGKJ5.IGKC;IGHV3-30..IGHJ4.IGHM_IGLV4-69.IGLJ2.IGLC2;IGHV3-33..IGHJ2.IGHM_IGKV3-15.IGKJ1.IGKC;IGHV3-48..IGHJ4.IGHM_IGKV3-15.IGKJ1.IGKC;IGHV4-30-4..IGHJ4.IGHM_IGKV3-20.IGKJ1.IGKC;IGHV3-30..IGHJ3.IGHG1_IGKV3-20.IGKJ2.IGKC;IGHV1-2..IGHJ6.IGHM_IGKV1-39.IGKJ4.IGKC;NA_IGLV2-23.IGLJ2.IGLC2;IGHV1-69D..IGHJ6.IGHM_IGKV3-20.IGKJ4.IGKC;IGHV2-70..IGHJ3.IGHM_IGKV3-15.IGKJ1.IGKC;NA_IGLV1-40.IGLJ2.IGLC2;IGHV4-59.IGHD3-10.IGHJ6.IGHM_IGKV1-39.IGKJ2.IGKC;IGHV3-9..IGHJ4.IGHM_IGKV1D-8.IGKJ1.IGKC;IGHV3-74..IGHJ5.IGHM_IGKV1-39.IGKJ4.IGKC;IGHV3-15.IGHD4-17.IGHJ4.IGHM_IGLV3-25.IGLJ1.IGLC1;IGHV3-43..IGHJ4.IGHM_IGKV3-20.IGKJ1.IGKC;IGHV3-9..IGHJ4.IGHD_IGLV4-69.IGLJ3.IGLC3;IGHV4-61..IGHJ4.IGHM_IGKV1-39.IGKJ2.IGKC;IGHV4-30-4..IGHJ5.IGHM_IGKV1-5.IGKJ1.IGKC;IGHV3-11.IGHD5-24.IGHJ6.IGHM_IGLV2-23.IGLJ1.IGLC1;IGHV3-9.IGHD2-2.IGHJ6.IGHM_IGKV1-5.IGKJ2.IGKC;IGHV3-7..IGHJ4.IGHA2_IGKV2-30.IGKJ2.IGKC;IGHV3-73.IGHD2-15.IGHJ3.IGHM_IGKV1-39.IGKJ2.IGKC;IGHV4-39..IGHJ5.IGHM_IGLV1-40.IGLJ1.IGLC1;IGHV3-9..IGHJ4.IGHM_IGLV2-14.IGLJ2.IGLC2;IGHV5-51..IGHJ4.IGHM_IGLV8-61.IGLJ3.IGLC3;IGHV1-2.IGHD4-17.IGHJ6.IGHD_IGLV3-25.IGLJ1.IGLC1;IGHV3-73..IGHJ4.IGHM_IGKV2D-29.IGKJ1.IGKC;IGHV3-74..IGHJ4.IGHM_IGLV4-69.IGLJ1.IGLC1;IGHV3-30..IGHJ4.IGHM_IGLV3-25.IGLJ3.IGLC2;IGHV1-69D.IGHD2-2.IGHJ5.IGHM_IGLV1-40.IGLJ2.IGLC2;IGHV2-5..IGHJ5.IGHM_IGLV3-1.IGLJ1.IGLC1;IGHV2-26..IGHJ4.IGHM_IGKV1-12.IGKJ1.IGKC;IGHV3-15.IGHD3-3.IGHJ4.IGHM_IGKV1-33.IGKJ4.IGKC;IGHV1-46..IGHJ4.IGHM_IGLV3-19.IGLJ2.IGLC2;IGHV1-8.IGHD3-3.IGHJ6.IGHM_IGKV3-20.IGKJ1.IGKC;IGHV3-15.IGHD2-2.IGHJ4.IGHM_IGKV1-33.IGKJ4.IGKC;IGHV1-8.IGHD3-10.IGHJ6.IGHM_IGKV1-39.IGKJ1.IGKC;IGHV3-9.IGHD4-23.IGHJ1.IGHM_IGLV2-23.IGLJ3.IGLC2;NA_IGKV1-39.IGKJ2.IGKC;IGHV1-69D..IGHJ3.IGHM_NA;IGHV4-59..IGHJ2.IGHG2_IGKV3-20.IGKJ4.IGKC;IGHV1-46..IGHJ6.IGHM_IGKV2-28.IGKJ4.IGKC;IGHV3-48.IGHD6-19.IGHJ4.IGHM_IGKV1-16.IGKJ1.IGKC;IGHV3-30..IGHJ4.IGHM_IGLV3-21.IGLJ1.IGLC1;IGHV1-18.IGHD3-3.IGHJ6.IGHM_IGLV3-21.IGLJ1.IGLC1;IGHV4-61..IGHJ6.IGHM_IGLV7-43.IGLJ1.IGLC1;IGHV3-33..IGHJ3.IGHM_IGKV1-5.IGKJ3.IGKC;IGHV3-30.IGHD2-2.IGHJ6.IGHM_IGLV3-1.IGLJ2.IGLC2;IGHV4-39..IGHJ4.IGHM_IGLV2-18.IGLJ1.IGLC1;IGHV3-33..IGHJ6.IGHM_IGKV3-15.IGKJ4.IGKC;IGHV4-31..IGHJ4.IGHM_IGKV3-20.IGKJ1.IGKC;IGHV4-59..IGHJ6.IGHA1_IGKV2-28.IGKJ2.IGKC;IGHV1-8..IGHJ6.IGHM_IGKV2-28.IGKJ3.IGKC;IGHV4-61.IGHD5-5.IGHJ4.IGHM_IGLV1-36.IGLJ2.IGLC2;IGHV5-51..IGHJ4.IGHM_IGKV3-20.IGKJ2.IGKC;IGHV1-46.IGHD3-22.IGHJ4.IGHM_IGLV1-40.IGLJ2.IGLC2;IGHV3-49..IGHJ4.IGHM_IGKV1-12.IGKJ4.IGKC;IGHV4-61..IGHJ3.IGHM_IGLV3-19.IGLJ1.IGLC1;IGHV2-5..IGHJ6.IGHG1_IGKV1-6.IGKJ2.IGKC;IGHV1-69D..IGHJ4.IGHM_IGLV3-1.IGLJ2.IGLC2;IGHV3-33.IGHD6-19.IGHJ4.IGHM_IGKV3-20.IGKJ1.IGKC;IGHV3-43.IGHD2-2.IGHJ6.IGHM_IGKV1-8.IGKJ5.IGKC;IGHV4-61..IGHJ5.IGHM_IGLV3-1.IGLJ2.IGLC2;IGHV1-18..IGHJ5.IGHM_IGLV1-40.IGLJ3.IGLC3;IGHV4-31..IGHJ5.IGHM_IGKV3-20.IGKJ3.IGKC;IGHV3-48..IGHJ4.IGHM_IGKV1-33.IGKJ5.IGKC;IGHV1-8..IGHJ4.IGHM_IGKV1-5.IGKJ1.IGKC;IGHV4-30-4..IGHJ4.IGHM_IGLV3-1.IGLJ2.IGLC2;IGHV3-30.IGHD2-2.IGHJ6.IGHM_IGKV2-28.IGKJ3.IGKC;IGHV3-11..IGHJ4.IGHM_IGKV1-39.IGKJ2.IGKC;IGHV4-39..IGHJ5.IGHM_IGKV1-5.IGKJ1.IGKC;IGHV3-48..IGHJ4.IGHM_IGLV1-40.IGLJ2.IGLC2;IGHV2-5..IGHJ4.IGHM_IGKV1-16.IGKJ2.IGKC;IGHV3-20..IGHJ4.IGHM_IGKV3-20.IGKJ4.IGKC;IGHV3-33..IGHJ5.IGHM_IGKV1-5.IGKJ1.IGKC;IGHV3-48..IGHJ4.IGHM_IGKV1-8.IGKJ1.IGKC;IGHV3-30..IGHJ3.IGHM_IGLV1-51.IGLJ3.IGLC2;IGHV4-39..IGHJ4.IGHM_IGLV3-21.IGLJ1.IGLC1;IGHV3-11.IGHD3-22.IGHJ4.IGHM_IGLV3-21.IGLJ2.IGLC2;IGHV1-8.IGHD2-2.IGHJ6.IGHM_IGKV1-8.IGKJ4.IGKC;IGHV4-39..IGHJ2.IGHM_IGKV6-21.IGKJ4.IGKC	0	NA
17	67	IGHV6-1..IGHJ6.IGHM_IGKV4-1.IGKJ2.IGKC;IGHV4-34..IGHJ3.IGHM_IGLV5-39.IGLJ2.IGLC2;IGHV4-34..IGHJ3.IGHM_IGKV1-8.IGKJ1.IGKC;IGHV4-34..IGHJ5.IGHM_IGLV2-23.IGLJ2.IGLC2;IGHV4-34..IGHJ4.IGHM_IGKV1D-8.IGKJ1.IGKC;IGHV4-34..IGHJ4.IGHM_IGKV4-1.IGKJ3.IGKC;IGHV4-39..IGHJ5.IGHM_IGKV4-1.IGKJ4.IGKC;IGHV4-34..IGHJ5.IGHM_IGKV3-15.IGKJ1.IGKC;IGHV1-8..IGHJ3.IGHM_IGLV1-44.IGLJ1.IGLC1;IGHV4-34..IGHJ4.IGHM_IGKV1-39.IGKJ2.IGKC;IGHV1-18.IGHD5-24.IGHJ3.IGHM_IGKV4-1.IGKJ4.IGKC;IGHV4-34.IGHD2-2.IGHJ6.IGHM_IGKV1-12.IGKJ4.IGKC;IGHV3-30.IGHD3-10.IGHJ4.IGHG1_IGKV4-1.IGKJ4.IGKC;IGHV4-34..IGHJ4.IGHM_IGLV1-47.IGLJ3.IGLC3;IGHV4-34.IGHD3-10.IGHJ4.IGHM_IGKV1-6.IGKJ4.IGKC;IGHV3-11..IGHJ5.IGHM_IGLV3-25.IGLJ1.IGLC1;IGHV4-34..IGHJ4.IGHM_IGKV3-15.IGKJ2.IGKC;IGHV4-61..IGHJ1.IGHM_IGKV3-20.IGKJ1.IGKC;IGHV7-4-1..IGHJ4.IGHM_IGKV4-1.IGKJ4.IGKC;IGHV2-5..IGHJ4.IGHM_IGKV4-1.IGKJ1.IGKC;IGHV4-34..IGHJ4.IGHM_IGLV3-19.IGLJ1.IGLC1;IGHV4-59.IGHD3-10.IGHJ4.IGHM_IGKV4-1.IGKJ1.IGKC;IGHV3-11..IGHJ3.IGHM_IGKV4-1.IGKJ4.IGKC;IGHV1-58..IGHJ6.IGHM_IGKV4-1.IGKJ1.IGKC;IGHV6-1..IGHJ4.IGHM_IGKV4-1.IGKJ1.IGKC;IGHV4-34.IGHD2-15.IGHJ5.IGHM_IGKV1-6.IGKJ2.IGKC;IGHV3-21..IGHJ4.IGHM_IGKV4-1.IGKJ3.IGKC;IGHV4-34..IGHJ4.IGHM_IGKV1-39.IGKJ1.IGKC;IGHV3-64..IGHJ4.IGHM_IGKV4-1.IGKJ1.IGKC;IGHV1-8..IGHJ4.IGHA1_IGKV4-1.IGKJ1.IGKC;IGHV4-34.IGHD3-16.IGHJ4.IGHM_IGKV1-39.IGKJ2.IGKC;IGHV4-34.IGHD4-23.IGHJ1.IGHM_IGKV4-1.IGKJ1.IGKC;IGHV3-30..IGHJ4.IGHG2_IGKV4-1.IGKJ2.IGKC;IGHV4-34.IGHD5-5.IGHJ2.IGHM_IGLV1-44.IGLJ1.IGLC1;IGHV5-51..IGHJ6.IGHM_IGKV4-1.IGKJ2.IGKC;IGHV3-23..IGHJ4.IGHM_IGKV4-1.IGKJ1.IGKC;IGHV4-34..IGHJ5.IGHM_IGLV1-47.IGLJ1.IGLC1;IGHV4-59.IGHD6-19.IGHJ4.IGHM_IGKV4-1.IGKJ1.IGKC;IGHV4-59..IGHJ4.IGHG2_IGKV4-1.IGKJ1.IGKC;IGHV4-34..IGHJ5.IGHM_IGKV4-1.IGKJ1.IGKC;IGHV4-34.IGHD4-17.IGHJ4.IGHM_IGLV1-44.IGLJ1.IGLC1;IGHV4-34..IGHJ4.IGHM_IGLV3-21.IGLJ2.IGLC2;IGHV4-39.IGHD2-15.IGHJ4.IGHM_IGLV3-21.IGLJ2.IGLC2;IGHV3-9.IGHD6-13.IGHJ6.IGHM_IGKV4-1.IGKJ1.IGKC;IGHV4-34.IGHD3-9.IGHJ4.IGHM_IGKV1-9.IGKJ5.IGKC;IGHV4-59..IGHJ5.IGHM_IGKV4-1.IGKJ1.IGKC;IGHV4-34..IGHJ4.IGHM_IGLV3-19.IGLJ2.IGLC2;IGHV1-46..IGHJ3.IGHM_IGKV4-1.IGKJ5.IGKC;IGHV3-11..IGHJ6.IGHM_IGKV1-39.IGKJ3.IGKC;IGHV4-34..IGHJ6.IGHM_IGKV3-20.IGKJ1.IGKC;IGHV4-34..IGHJ4.IGHM_IGLV3-19.IGLJ2.IGLC2;IGHV4-34..IGHJ6.IGHM_IGKV3-20.IGKJ1.IGKC;IGHV1-3..IGHJ5.IGHM_IGKV4-1.IGKJ2.IGKC;IGHV7-4-1..IGHJ6.IGHA1_IGKV4-1.IGKJ1.IGKC;IGHV4-34.IGHD3-10.IGHJ6.IGHM_IGLV1-44.IGLJ2.IGLC2;IGHV4-34.IGHD5-5.IGHJ5.IGHM_IGLV3-19.IGLJ2.IGLC2;IGHV4-34..IGHJ5.IGHM_IGKV1-39.IGKJ4.IGKC;IGHV1-18.IGHD4-17.IGHJ4.IGHM_IGKV4-1.IGKJ4.IGKC;IGHV4-34..IGHJ6.IGHM_IGKV1-27.IGKJ2.IGKC;IGHV6-1..IGHJ4.IGHM_IGKV4-1.IGKJ1.IGKC;IGHV4-34..IGHJ4.IGHM_IGKV3-15.IGKJ2.IGKC;IGHV1-2..IGHJ5.IGHM_IGKV4-1.IGKJ2.IGKC;IGHV4-34..IGHJ6.IGHM_IGLV7-43.IGLJ1.IGLC1;IGHV4-39..IGHJ3.IGHM_IGKV4-1.IGKJ4.IGKC;IGHV4-34..IGHJ4.IGHM_IGLV1-44.IGLJ1.IGLC1;IGHV4-34.IGHD3-22.IGHJ1.IGHM_IGKV1-33.IGKJ4.IGKC;IGHV4-34.IGHD2-15.IGHJ5.IGHM_IGKV1-8.IGKJ1.IGKC	9	1	IGHV1-69D..IGHJ4.IGHM_NA	0	NA
17	67	IGHV6-1..IGHJ6.IGHM_IGKV4-1.IGKJ2.IGKC;IGHV4-34..IGHJ3.IGHM_IGLV5-39.IGLJ2.IGLC2;IGHV4-34..IGHJ3.IGHM_IGKV1-8.IGKJ1.IGKC;IGHV4-34..IGHJ5.IGHM_IGLV2-23.IGLJ2.IGLC2;IGHV4-34..IGHJ4.IGHM_IGKV1D-8.IGKJ1.IGKC;IGHV4-34..IGHJ4.IGHM_IGKV4-1.IGKJ3.IGKC;IGHV4-39..IGHJ5.IGHM_IGKV4-1.IGKJ4.IGKC;IGHV4-34..IGHJ5.IGHM_IGKV3-15.IGKJ1.IGKC;IGHV1-8..IGHJ3.IGHM_IGLV1-44.IGLJ1.IGLC1;IGHV4-34..IGHJ4.IGHM_IGKV1-39.IGKJ2.IGKC;IGHV1-18.IGHD5-24.IGHJ3.IGHM_IGKV4-1.IGKJ4.IGKC;IGHV4-34.IGHD2-2.IGHJ6.IGHM_IGKV1-12.IGKJ4.IGKC;IGHV3-30.IGHD3-10.IGHJ4.IGHG1_IGKV4-1.IGKJ4.IGKC;IGHV4-34..IGHJ4.IGHM_IGLV1-47.IGLJ3.IGLC3;IGHV4-34.IGHD3-10.IGHJ4.IGHM_IGKV1-6.IGKJ4.IGKC;IGHV3-11..IGHJ5.IGHM_IGLV3-25.IGLJ1.IGLC1;IGHV4-34..IGHJ4.IGHM_IGKV3-15.IGKJ2.IGKC;IGHV4-61..IGHJ1.IGHM_IGKV3-20.IGKJ1.IGKC;IGHV7-4-1..IGHJ4.IGHM_IGKV4-1.IGKJ4.IGKC;IGHV2-5..IGHJ4.IGHM_IGKV4-1.IGKJ1.IGKC;IGHV4-34..IGHJ4.IGHM_IGLV3-19.IGLJ1.IGLC1;IGHV4-59.IGHD3-10.IGHJ4.IGHM_IGKV4-1.IGKJ1.IGKC;IGHV3-11..IGHJ3.IGHM_IGKV4-1.IGKJ4.IGKC;IGHV1-58..IGHJ6.IGHM_IGKV4-1.IGKJ1.IGKC;IGHV6-1..IGHJ4.IGHM_IGKV4-1.IGKJ1.IGKC;IGHV4-34.IGHD2-15.IGHJ5.IGHM_IGKV1-6.IGKJ2.IGKC;IGHV3-21..IGHJ4.IGHM_IGKV4-1.IGKJ3.IGKC;IGHV4-34..IGHJ4.IGHM_IGKV1-39.IGKJ1.IGKC;IGHV3-64..IGHJ4.IGHM_IGKV4-1.IGKJ1.IGKC;IGHV1-8..IGHJ4.IGHA1_IGKV4-1.IGKJ1.IGKC;IGHV4-34.IGHD3-16.IGHJ4.IGHM_IGKV1-39.IGKJ2.IGKC;IGHV4-34.IGHD4-23.IGHJ1.IGHM_IGKV4-1.IGKJ1.IGKC;IGHV3-30..IGHJ4.IGHG2_IGKV4-1.IGKJ2.IGKC;IGHV4-34.IGHD5-5.IGHJ2.IGHM_IGLV1-44.IGLJ1.IGLC1;IGHV5-51..IGHJ6.IGHM_IGKV4-1.IGKJ2.IGKC;IGHV3-23..IGHJ4.IGHM_IGKV4-1.IGKJ1.IGKC;IGHV4-34..IGHJ5.IGHM_IGLV1-47.IGLJ1.IGLC1;IGHV4-59.IGHD6-19.IGHJ4.IGHM_IGKV4-1.IGKJ1.IGKC;IGHV4-59..IGHJ4.IGHG2_IGKV4-1.IGKJ1.IGKC;IGHV4-34..IGHJ5.IGHM_IGKV4-1.IGKJ1.IGKC;IGHV4-34.IGHD4-17.IGHJ4.IGHM_IGLV1-44.IGLJ1.IGLC1;IGHV4-34..IGHJ4.IGHM_IGLV3-21.IGLJ2.IGLC2;IGHV4-39.IGHD2-15.IGHJ4.IGHM_IGLV3-21.IGLJ2.IGLC2;IGHV3-9.IGHD6-13.IGHJ6.IGHM_IGKV4-1.IGKJ1.IGKC;IGHV4-34.IGHD3-9.IGHJ4.IGHM_IGKV1-9.IGKJ5.IGKC;IGHV4-59..IGHJ5.IGHM_IGKV4-1.IGKJ1.IGKC;IGHV4-34..IGHJ4.IGHM_IGLV3-19.IGLJ2.IGLC2;IGHV1-46..IGHJ3.IGHM_IGKV4-1.IGKJ5.IGKC;IGHV3-11..IGHJ6.IGHM_IGKV1-39.IGKJ3.IGKC;IGHV4-34..IGHJ6.IGHM_IGKV3-20.IGKJ1.IGKC;IGHV4-34..IGHJ4.IGHM_IGLV3-19.IGLJ2.IGLC2;IGHV4-34..IGHJ6.IGHM_IGKV3-20.IGKJ1.IGKC;IGHV1-3..IGHJ5.IGHM_IGKV4-1.IGKJ2.IGKC;IGHV7-4-1..IGHJ6.IGHA1_IGKV4-1.IGKJ1.IGKC;IGHV4-34.IGHD3-10.IGHJ6.IGHM_IGLV1-44.IGLJ2.IGLC2;IGHV4-34.IGHD5-5.IGHJ5.IGHM_IGLV3-19.IGLJ2.IGLC2;IGHV4-34..IGHJ5.IGHM_IGKV1-39.IGKJ4.IGKC;IGHV1-18.IGHD4-17.IGHJ4.IGHM_IGKV4-1.IGKJ4.IGKC;IGHV4-34..IGHJ6.IGHM_IGKV1-27.IGKJ2.IGKC;IGHV6-1..IGHJ4.IGHM_IGKV4-1.IGKJ1.IGKC;IGHV4-34..IGHJ4.IGHM_IGKV3-15.IGKJ2.IGKC;IGHV1-2..IGHJ5.IGHM_IGKV4-1.IGKJ2.IGKC;IGHV4-34..IGHJ6.IGHM_IGLV7-43.IGLJ1.IGLC1;IGHV4-39..IGHJ3.IGHM_IGKV4-1.IGKJ4.IGKC;IGHV4-34..IGHJ4.IGHM_IGLV1-44.IGLJ1.IGLC1;IGHV4-34.IGHD3-22.IGHJ1.IGHM_IGKV1-33.IGKJ4.IGKC;IGHV4-34.IGHD2-15.IGHJ5.IGHM_IGKV1-8.IGKJ1.IGKC	16	79	IGHV3-21.IGHD4-23.IGHJ2.IGHM_IGKV3-11.IGKJ2.IGKC;IGHV3-33.IGHD6-19.IGHJ6.IGHM_IGKV1-39.IGKJ1.IGKC;IGHV3-33..IGHJ5.IGHM_IGLV1-40.IGLJ1.IGLC1;IGHV3-33.IGHD2-2.IGHJ4.IGHM_IGKV3-20.IGKJ2.IGKC;IGHV3-30..IGHJ4.IGHM_IGKV3-11.IGKJ1.IGKC;IGHV4-59..IGHJ5.IGHG1_IGKV3-11.IGKJ4.IGKC;IGHV3-23..IGHJ5.IGHM_IGKV3-11.IGKJ5.IGKC;IGHV3-33..IGHJ6.IGHM_IGLV1-40.IGLJ2.IGLC2;IGHV3-33..IGHJ4.IGHM_IGKV1-5.IGKJ2.IGKC;IGHV3-11..IGHJ5.IGHM_IGKV3-15.IGKJ2.IGKC;IGHV3-33..IGHJ6.IGHM_IGKV4-1.IGKJ4.IGKC;IGHV1-3.IGHD3-9.IGHJ5.IGHM_IGKV3-11.IGKJ1.IGKC;IGHV3-7..IGHJ6.IGHM_IGKV3-11.IGKJ4.IGKC;IGHV3-33..IGHJ4.IGHM_IGKV3-15.IGKJ1.IGKC;IGHV2-5.IGHD3-9.IGHJ4.IGHM_IGKV1-39.IGKJ2.IGKC;IGHV3-33..IGHJ4.IGHM_IGKV1-39.IGKJ2.IGKC;IGHV3-33..IGHJ4.IGHM_IGKV1-12.IGKJ4.IGKC;IGHV4-59.IGHD3-9.IGHJ6.IGHM_IGLV2-8.IGLJ2.IGLC2;IGHV1-8.IGHD3-3.IGHJ2.IGHM_IGKV3-11.IGKJ2.IGKC;IGHV4-39..IGHJ3.IGHM_IGKV3-11.IGKJ3.IGKC;IGHV3-33.IGHD6-19.IGHJ4.IGHM_IGLV3-1.IGLJ2.IGLC2;IGHV3-33..IGHJ6.IGHM_IGLV3-25.IGLJ1.IGLC1;IGHV3-33..IGHJ5.IGHM_IGKV1-39.IGKJ1.IGKC;IGHV3-30..IGHJ3.IGHM_IGKV3-11.IGKJ4.IGKC;IGHV3-33..IGHJ4.IGHM_IGLV1-44.IGLJ1.IGLC1;IGHV3-33..IGHJ4.IGHM_IGLV2-23.IGLJ3.IGLC3;IGHV1-69D.IGHD6-13.IGHJ4.IGHM_IGKV3-11.IGKJ3.IGKC;IGHV3-15..IGHJ4.IGHM_IGKV3-11.IGKJ4.IGKC;IGHV1-69D.IGHD5-5.IGHJ4.IGHM_IGKV3-20.IGKJ1.IGKC;IGHV3-33.IGHD5-5.IGHJ4.IGHM_IGKV3-11.IGKJ2.IGKC;IGHV1-46..IGHJ6.IGHM_IGKV3-11.IGKJ4.IGKC;IGHV3-33..IGHJ4.IGHA1_IGLV2-23.IGLJ1.IGLC1;IGHV3-20..IGHJ5.IGHM_IGKV3-11.IGKJ4.IGKC;IGHV3-33.IGHD2-15.IGHJ4.IGHM_IGLV3-25.IGLJ2.IGLC2;IGHV4-59..IGHJ5.IGHM_IGKV3-11.IGKJ4.IGKC;IGHV3-33.IGHD5-24.IGHJ4.IGHM_IGKV1-33.IGKJ4.IGKC;IGHV3-30.IGHD3-10.IGHJ6.IGHM_IGKV3-11.IGKJ5.IGKC;IGHV3-74..IGHJ3.IGHM_IGKV1-39.IGKJ1.IGKC;IGHV1-69D.IGHD2-21.IGHJ6.IGHM_IGLV3-25.IGLJ3.IGLC3;IGHV3-33.IGHD3-10.IGHJ4.IGHM_IGLV1-40.IGLJ7.IGLC7;IGHV3-33..IGHJ4.IGHM_IGKV2-24.IGKJ2.IGKC;IGHV3-23..IGHJ5.IGHM_IGKV3-11.IGKJ5.IGKC;IGHV3-33.IGHD3-22.IGHJ4.IGHM_IGKV1-5.IGKJ2.IGKC;IGHV4-34.IGHD2-15.IGHJ6.IGHM_IGKV3-11.IGKJ2.IGKC;IGHV3-33.IGHD4-17.IGHJ6.IGHM_IGKV1-17.IGKJ1.IGKC;IGHV3-21.IGHD6-19.IGHJ4.IGHM_IGKV3-11.IGKJ1.IGKC;IGHV3-23.IGHD6-19.IGHJ4.IGHM_IGKV3-11.IGKJ1.IGKC;IGHV3-33.IGHD6-19.IGHJ6.IGHM_IGKV3-20.IGKJ1.IGKC;IGHV3-33..IGHJ4.IGHM_IGKV3-15.IGKJ1.IGKC;IGHV3-33..IGHJ4.IGHM_IGKV3-20.IGKJ2.IGKC;IGHV3-33.IGHD3-22.IGHJ3.IGHM_IGLV7-46.IGLJ3.IGLC2;IGHV3-33..IGHJ4.IGHM_IGKV1-5.IGKJ2.IGKC;IGHV3-30.IGHD3-10.IGHJ6.IGHM_IGKV3-11.IGKJ4.IGKC;IGHV3-33..IGHJ6.IGHM_IGKV1-17.IGKJ1.IGKC;IGHV1-24..IGHJ4.IGHM_IGKV3-11.IGKJ4.IGKC;IGHV1-18.IGHD3-3.IGHJ6.IGHM_IGKV3-11.IGKJ2.IGKC;IGHV3-33.IGHD5-5.IGHJ4.IGHM_IGKV1-39.IGKJ1.IGKC;IGHV3-33.IGHD5-5.IGHJ6.IGHM_IGLV3-25.IGLJ2.IGLC2;IGHV3-23..IGHJ4.IGHM_IGKV3-11.IGKJ4.IGKC;IGHV3-33..IGHJ4.IGHM_IGLV3-19.IGLJ1.IGLC1;IGHV3-33..IGHJ3.IGHM_IGKV3-11.IGKJ2.IGKC;IGHV3-33..IGHJ5.IGHM_IGLV2-23.IGLJ1.IGLC1;IGHV3-7.IGHD2-2.IGHJ4.IGHM_IGKV3-11.IGKJ3.IGKC;IGHV3-33..IGHJ4.IGHM_IGLV3-25.IGLJ1.IGLC1;IGHV3-33..IGHJ4.IGHM_IGKV3-15.IGKJ4.IGKC;IGHV3-33..IGHJ3.IGHM_IGKV1-5.IGKJ1.IGKC;IGHV3-33..IGHJ4.IGHM_IGKV1-39.IGKJ4.IGKC;IGHV5-51..IGHJ4.IGHM_IGKV3-11.IGKJ4.IGKC;IGHV3-23..IGHJ4.IGHM_IGKV3-11.IGKJ4.IGKC;IGHV3-49..IGHJ6.IGHM_IGKV3-11.IGKJ5.IGKC;IGHV3-33..IGHJ3.IGHM_IGKV1-8.IGKJ1.IGKC;IGHV3-33..IGHJ4.IGHM_IGLV3-25.IGLJ3.IGLC3;IGHV3-30.IGHD3-10.IGHJ6.IGHM_IGKV3-11.IGKJ4.IGKC;IGHV3-33..IGHJ3.IGHM_IGKV1-39.IGKJ1.IGKC;IGHV3-33.IGHD3-22.IGHJ4.IGHM_IGKV1-5.IGKJ4.IGKC;IGHV3-15..IGHJ6.IGHM_IGKV3-11.IGKJ2.IGKC;IGHV3-33..IGHJ4.IGHM_IGLV2-8.IGLJ3.IGLC2;IGHV7-4-1.IGHD3-10.IGHJ4.IGHM_IGKV3-11.IGKJ5.IGKC;IGHV3-21..IGHJ2.IGHM_IGKV3-11.IGKJ4.IGKC	0	NA
17	67	IGHV6-1..IGHJ6.IGHM_IGKV4-1.IGKJ2.IGKC;IGHV4-34..IGHJ3.IGHM_IGLV5-39.IGLJ2.IGLC2;IGHV4-34..IGHJ3.IGHM_IGKV1-8.IGKJ1.IGKC;IGHV4-34..IGHJ5.IGHM_IGLV2-23.IGLJ2.IGLC2;IGHV4-34..IGHJ4.IGHM_IGKV1D-8.IGKJ1.IGKC;IGHV4-34..IGHJ4.IGHM_IGKV4-1.IGKJ3.IGKC;IGHV4-39..IGHJ5.IGHM_IGKV4-1.IGKJ4.IGKC;IGHV4-34..IGHJ5.IGHM_IGKV3-15.IGKJ1.IGKC;IGHV1-8..IGHJ3.IGHM_IGLV1-44.IGLJ1.IGLC1;IGHV4-34..IGHJ4.IGHM_IGKV1-39.IGKJ2.IGKC;IGHV1-18.IGHD5-24.IGHJ3.IGHM_IGKV4-1.IGKJ4.IGKC;IGHV4-34.IGHD2-2.IGHJ6.IGHM_IGKV1-12.IGKJ4.IGKC;IGHV3-30.IGHD3-10.IGHJ4.IGHG1_IGKV4-1.IGKJ4.IGKC;IGHV4-34..IGHJ4.IGHM_IGLV1-47.IGLJ3.IGLC3;IGHV4-34.IGHD3-10.IGHJ4.IGHM_IGKV1-6.IGKJ4.IGKC;IGHV3-11..IGHJ5.IGHM_IGLV3-25.IGLJ1.IGLC1;IGHV4-34..IGHJ4.IGHM_IGKV3-15.IGKJ2.IGKC;IGHV4-61..IGHJ1.IGHM_IGKV3-20.IGKJ1.IGKC;IGHV7-4-1..IGHJ4.IGHM_IGKV4-1.IGKJ4.IGKC;IGHV2-5..IGHJ4.IGHM_IGKV4-1.IGKJ1.IGKC;IGHV4-34..IGHJ4.IGHM_IGLV3-19.IGLJ1.IGLC1;IGHV4-59.IGHD3-10.IGHJ4.IGHM_IGKV4-1.IGKJ1.IGKC;IGHV3-11..IGHJ3.IGHM_IGKV4-1.IGKJ4.IGKC;IGHV1-58..IGHJ6.IGHM_IGKV4-1.IGKJ1.IGKC;IGHV6-1..IGHJ4.IGHM_IGKV4-1.IGKJ1.IGKC;IGHV4-34.IGHD2-15.IGHJ5.IGHM_IGKV1-6.IGKJ2.IGKC;IGHV3-21..IGHJ4.IGHM_IGKV4-1.IGKJ3.IGKC;IGHV4-34..IGHJ4.IGHM_IGKV1-39.IGKJ1.IGKC;IGHV3-64..IGHJ4.IGHM_IGKV4-1.IGKJ1.IGKC;IGHV1-8..IGHJ4.IGHA1_IGKV4-1.IGKJ1.IGKC;IGHV4-34.IGHD3-16.IGHJ4.IGHM_IGKV1-39.IGKJ2.IGKC;IGHV4-34.IGHD4-23.IGHJ1.IGHM_IGKV4-1.IGKJ1.IGKC;IGHV3-30..IGHJ4.IGHG2_IGKV4-1.IGKJ2.IGKC;IGHV4-34.IGHD5-5.IGHJ2.IGHM_IGLV1-44.IGLJ1.IGLC1;IGHV5-51..IGHJ6.IGHM_IGKV4-1.IGKJ2.IGKC;IGHV3-23..IGHJ4.IGHM_IGKV4-1.IGKJ1.IGKC;IGHV4-34..IGHJ5.IGHM_IGLV1-47.IGLJ1.IGLC1;IGHV4-59.IGHD6-19.IGHJ4.IGHM_IGKV4-1.IGKJ1.IGKC;IGHV4-59..IGHJ4.IGHG2_IGKV4-1.IGKJ1.IGKC;IGHV4-34..IGHJ5.IGHM_IGKV4-1.IGKJ1.IGKC;IGHV4-34.IGHD4-17.IGHJ4.IGHM_IGLV1-44.IGLJ1.IGLC1;IGHV4-34..IGHJ4.IGHM_IGLV3-21.IGLJ2.IGLC2;IGHV4-39.IGHD2-15.IGHJ4.IGHM_IGLV3-21.IGLJ2.IGLC2;IGHV3-9.IGHD6-13.IGHJ6.IGHM_IGKV4-1.IGKJ1.IGKC;IGHV4-34.IGHD3-9.IGHJ4.IGHM_IGKV1-9.IGKJ5.IGKC;IGHV4-59..IGHJ5.IGHM_IGKV4-1.IGKJ1.IGKC;IGHV4-34..IGHJ4.IGHM_IGLV3-19.IGLJ2.IGLC2;IGHV1-46..IGHJ3.IGHM_IGKV4-1.IGKJ5.IGKC;IGHV3-11..IGHJ6.IGHM_IGKV1-39.IGKJ3.IGKC;IGHV4-34..IGHJ6.IGHM_IGKV3-20.IGKJ1.IGKC;IGHV4-34..IGHJ4.IGHM_IGLV3-19.IGLJ2.IGLC2;IGHV4-34..IGHJ6.IGHM_IGKV3-20.IGKJ1.IGKC;IGHV1-3..IGHJ5.IGHM_IGKV4-1.IGKJ2.IGKC;IGHV7-4-1..IGHJ6.IGHA1_IGKV4-1.IGKJ1.IGKC;IGHV4-34.IGHD3-10.IGHJ6.IGHM_IGLV1-44.IGLJ2.IGLC2;IGHV4-34.IGHD5-5.IGHJ5.IGHM_IGLV3-19.IGLJ2.IGLC2;IGHV4-34..IGHJ5.IGHM_IGKV1-39.IGKJ4.IGKC;IGHV1-18.IGHD4-17.IGHJ4.IGHM_IGKV4-1.IGKJ4.IGKC;IGHV4-34..IGHJ6.IGHM_IGKV1-27.IGKJ2.IGKC;IGHV6-1..IGHJ4.IGHM_IGKV4-1.IGKJ1.IGKC;IGHV4-34..IGHJ4.IGHM_IGKV3-15.IGKJ2.IGKC;IGHV1-2..IGHJ5.IGHM_IGKV4-1.IGKJ2.IGKC;IGHV4-34..IGHJ6.IGHM_IGLV7-43.IGLJ1.IGLC1;IGHV4-39..IGHJ3.IGHM_IGKV4-1.IGKJ4.IGKC;IGHV4-34..IGHJ4.IGHM_IGLV1-44.IGLJ1.IGLC1;IGHV4-34.IGHD3-22.IGHJ1.IGHM_IGKV1-33.IGKJ4.IGKC;IGHV4-34.IGHD2-15.IGHJ5.IGHM_IGKV1-8.IGKJ1.IGKC	18	68	IGHV4-39..IGHJ4.IGHA1_IGLV2-23.IGLJ3.IGLC2;IGHV4-39..IGHJ4.IGHM_IGLV1-44.IGLJ1.IGLC1;IGHV3-21..IGHJ6.IGHM_IGKV1-33.IGKJ3.IGKC;IGHV3-74.IGHD2-15.IGHJ6.IGHM_IGLV1-44.IGLJ1.IGLC1;IGHV3-21.IGHD3-22.IGHJ3.IGHM_IGLV3-25.IGLJ2.IGLC2;IGHV4-30-4..IGHJ5.IGHM_IGLV1-44.IGLJ2.IGLC2;IGHV3-21.IGHD3-3.IGHJ5.IGHM_IGKV1-27.IGKJ4.IGKC;IGHV3-21.IGHD4-17.IGHJ4.IGHM_IGLV1-44.IGLJ2.IGLC2;IGHV3-21..IGHJ6.IGHM_IGKV3-20.IGKJ2.IGKC;IGHV3-21..IGHJ6.IGHM_IGLV3-21.IGLJ1.IGLC1;IGHV3-21..IGHJ3.IGHM_IGKV1-39.IGKJ1.IGKC;IGHV2-26..IGHJ4.IGHM_IGLV1-51.IGLJ2.IGLC2;IGHV3-21.IGHD1-26.IGHJ4.IGHM_IGLV2-11.IGLJ3.IGLC3;IGHV3-21.IGHD6-13.IGHJ4.IGHM_IGLV1-51.IGLJ1.IGLC1;IGHV3-30..IGHJ5.IGHG1_IGLV1-44.IGLJ3.IGLC2;IGHV3-21..IGHJ5.IGHM_IGLV8-61.IGLJ2.IGLC2;IGHV4-59..IGHJ6.IGHM_IGLV1-44.IGLJ2.IGLC2;IGHV2-5..IGHJ4.IGHG1_IGLV1-44.IGLJ1.IGLC1;IGHV1-69D.IGHD2-2.IGHJ4.IGHA1_IGKV3-20.IGKJ2.IGKC;IGHV3-33.IGHD3-22.IGHJ4.IGHM_IGLV1-44.IGLJ3.IGLC2;IGHV3-11..IGHJ6.IGHA1_IGLV3-1.IGLJ2.IGLC2;IGHV3-21.IGHD1-20.IGHJ4.IGHD_IGKV1-8.IGKJ3.IGKC;IGHV3-21..IGHJ4.IGHM_IGLV3-25.IGLJ1.IGLC1;IGHV3-23.IGHD3-22.IGHJ4.IGHM_IGLV1-44.IGLJ3.IGLC3;IGHV1-8..IGHJ6.IGHG2_IGLV1-44.IGLJ1.IGLC1;IGHV3-21.IGHD5-12.IGHJ6.IGHM_IGLV1-40.IGLJ3.IGLC2;IGHV3-21..IGHJ6.IGHM_IGLV3-1.IGLJ2.IGLC2;IGHV3-21.IGHD3-10.IGHJ6.IGHM_IGLV2-23.IGLJ3.IGLC3;IGHV4-39.IGHD3-9.IGHJ4.IGHM_IGLV1-44.IGLJ1.IGLC1;IGHV1-18..IGHJ4.IGHM_IGLV1-44.IGLJ3.IGLC2;IGHV3-66..IGHJ6.IGHM_IGLV1-44.IGLJ3.IGLC3;IGHV3-21.IGHD3-22.IGHJ4.IGHM_IGKV1-12.IGKJ5.IGKC;IGHV2-5.IGHD2-2.IGHJ5.IGHM_IGLV1-44.IGLJ2.IGLC2;IGHV4-39.IGHD3-9.IGHJ4.IGHM_IGLV1-44.IGLJ1.IGLC1;IGHV6-1..IGHJ5.IGHA1_IGLV1-51.IGLJ3.IGLC2;IGHV4-59.IGHD3-10.IGHJ5.IGHM_IGLV1-44.IGLJ2.IGLC2;IGHV4-39.IGHD3-9.IGHJ2.IGHM_IGLV1-44.IGLJ2.IGLC2;IGHV1-18.IGHD4-17.IGHJ1.IGHM_IGLV1-44.IGLJ2.IGLC2;IGHV3-21..IGHJ4.IGHM_IGLV1-47.IGLJ2.IGLC2;IGHV3-21..IGHJ4.IGHG1_IGKV2D-29.IGKJ4.IGKC;IGHV4-61..IGHJ6.IGHM_IGLV1-44.IGLJ3.IGLC2;IGHV4-30-4.IGHD3-10.IGHJ4.IGHG2_IGLV1-44.IGLJ2.IGLC2;IGHV3-21..IGHJ4.IGHM_IGKV1-39.IGKJ3.IGKC;IGHV4-39..IGHJ4.IGHM_IGLV1-44.IGLJ2.IGLC2;IGHV3-21..IGHJ4.IGHM_IGKV1-8.IGKJ4.IGKC;IGHV1-69D..IGHJ4.IGHM_IGLV1-44.IGLJ1.IGLC1;IGHV3-21..IGHJ3.IGHA2_IGKV3-20.IGKJ1.IGKC;IGHV2-5..IGHJ4.IGHG1_IGLV1-44.IGLJ1.IGLC1;IGHV3-33.IGHD3-10.IGHJ4.IGHM_IGKV3-15.IGKJ1.IGKC;IGHV3-21.IGHD6-19.IGHJ5.IGHM_IGKV1-8.IGKJ2.IGKC;IGHV3-21.IGHD5-24.IGHJ4.IGHM_IGKV1-27.IGKJ3.IGKC;IGHV3-9..IGHJ4.IGHM_IGLV1-44.IGLJ3.IGLC3;IGHV3-21..IGHJ4.IGHM_IGKV1-8.IGKJ1.IGKC;IGHV3-21.IGHD5-5.IGHJ4.IGHM_IGLV1-44.IGLJ2.IGLC2;IGHV3-48..IGHJ6.IGHM_IGLV1-44.IGLJ1.IGLC1;IGHV3-21.IGHD2-2.IGHJ6.IGHM_IGKV2-28.IGKJ2.IGKC;IGHV3-21..IGHJ4.IGHM_IGLV6-57.IGLJ3.IGLC2;IGHV4-30-4.IGHD3-10.IGHJ5.IGHM_IGLV1-44.IGLJ3.IGLC3;IGHV3-21..IGHJ4.IGHM_IGKV3-15.IGKJ2.IGKC;IGHV3-21..IGHJ4.IGHM_IGKV3-15.IGKJ4.IGKC;IGHV3-21..IGHJ4.IGHM_IGKV1-33.IGKJ2.IGKC;IGHV5-51..IGHJ5.IGHA2_IGKV1-5.IGKJ1.IGKC;IGHV3-21..IGHJ4.IGHM_IGLV6-57.IGLJ3.IGLC3;IGHV3-21..IGHJ5.IGHM_IGKV1-5.IGKJ1.IGKC;IGHV3-7..IGHJ4.IGHM_IGLV1-47.IGLJ3.IGLC3;IGHV4-59..IGHJ3.IGHA1_IGLV1-44.IGLJ1.IGLC1;IGHV3-21.IGHD2-15.IGHJ4.IGHM_IGKV1-27.IGKJ1.IGKC;IGHV3-30..IGHJ6.IGHA1_IGLV1-44.IGLJ2.IGLC2	0	NA
17	67	IGHV6-1..IGHJ6.IGHM_IGKV4-1.IGKJ2.IGKC;IGHV4-34..IGHJ3.IGHM_IGLV5-39.IGLJ2.IGLC2;IGHV4-34..IGHJ3.IGHM_IGKV1-8.IGKJ1.IGKC;IGHV4-34..IGHJ5.IGHM_IGLV2-23.IGLJ2.IGLC2;IGHV4-34..IGHJ4.IGHM_IGKV1D-8.IGKJ1.IGKC;IGHV4-34..IGHJ4.IGHM_IGKV4-1.IGKJ3.IGKC;IGHV4-39..IGHJ5.IGHM_IGKV4-1.IGKJ4.IGKC;IGHV4-34..IGHJ5.IGHM_IGKV3-15.IGKJ1.IGKC;IGHV1-8..IGHJ3.IGHM_IGLV1-44.IGLJ1.IGLC1;IGHV4-34..IGHJ4.IGHM_IGKV1-39.IGKJ2.IGKC;IGHV1-18.IGHD5-24.IGHJ3.IGHM_IGKV4-1.IGKJ4.IGKC;IGHV4-34.IGHD2-2.IGHJ6.IGHM_IGKV1-12.IGKJ4.IGKC;IGHV3-30.IGHD3-10.IGHJ4.IGHG1_IGKV4-1.IGKJ4.IGKC;IGHV4-34..IGHJ4.IGHM_IGLV1-47.IGLJ3.IGLC3;IGHV4-34.IGHD3-10.IGHJ4.IGHM_IGKV1-6.IGKJ4.IGKC;IGHV3-11..IGHJ5.IGHM_IGLV3-25.IGLJ1.IGLC1;IGHV4-34..IGHJ4.IGHM_IGKV3-15.IGKJ2.IGKC;IGHV4-61..IGHJ1.IGHM_IGKV3-20.IGKJ1.IGKC;IGHV7-4-1..IGHJ4.IGHM_IGKV4-1.IGKJ4.IGKC;IGHV2-5..IGHJ4.IGHM_IGKV4-1.IGKJ1.IGKC;IGHV4-34..IGHJ4.IGHM_IGLV3-19.IGLJ1.IGLC1;IGHV4-59.IGHD3-10.IGHJ4.IGHM_IGKV4-1.IGKJ1.IGKC;IGHV3-11..IGHJ3.IGHM_IGKV4-1.IGKJ4.IGKC;IGHV1-58..IGHJ6.IGHM_IGKV4-1.IGKJ1.IGKC;IGHV6-1..IGHJ4.IGHM_IGKV4-1.IGKJ1.IGKC;IGHV4-34.IGHD2-15.IGHJ5.IGHM_IGKV1-6.IGKJ2.IGKC;IGHV3-21..IGHJ4.IGHM_IGKV4-1.IGKJ3.IGKC;IGHV4-34..IGHJ4.IGHM_IGKV1-39.IGKJ1.IGKC;IGHV3-64..IGHJ4.IGHM_IGKV4-1.IGKJ1.IGKC;IGHV1-8..IGHJ4.IGHA1_IGKV4-1.IGKJ1.IGKC;IGHV4-34.IGHD3-16.IGHJ4.IGHM_IGKV1-39.IGKJ2.IGKC;IGHV4-34.IGHD4-23.IGHJ1.IGHM_IGKV4-1.IGKJ1.IGKC;IGHV3-30..IGHJ4.IGHG2_IGKV4-1.IGKJ2.IGKC;IGHV4-34.IGHD5-5.IGHJ2.IGHM_IGLV1-44.IGLJ1.IGLC1;IGHV5-51..IGHJ6.IGHM_IGKV4-1.IGKJ2.IGKC;IGHV3-23..IGHJ4.IGHM_IGKV4-1.IGKJ1.IGKC;IGHV4-34..IGHJ5.IGHM_IGLV1-47.IGLJ1.IGLC1;IGHV4-59.IGHD6-19.IGHJ4.IGHM_IGKV4-1.IGKJ1.IGKC;IGHV4-59..IGHJ4.IGHG2_IGKV4-1.IGKJ1.IGKC;IGHV4-34..IGHJ5.IGHM_IGKV4-1.IGKJ1.IGKC;IGHV4-34.IGHD4-17.IGHJ4.IGHM_IGLV1-44.IGLJ1.IGLC1;IGHV4-34..IGHJ4.IGHM_IGLV3-21.IGLJ2.IGLC2;IGHV4-39.IGHD2-15.IGHJ4.IGHM_IGLV3-21.IGLJ2.IGLC2;IGHV3-9.IGHD6-13.IGHJ6.IGHM_IGKV4-1.IGKJ1.IGKC;IGHV4-34.IGHD3-9.IGHJ4.IGHM_IGKV1-9.IGKJ5.IGKC;IGHV4-59..IGHJ5.IGHM_IGKV4-1.IGKJ1.IGKC;IGHV4-34..IGHJ4.IGHM_IGLV3-19.IGLJ2.IGLC2;IGHV1-46..IGHJ3.IGHM_IGKV4-1.IGKJ5.IGKC;IGHV3-11..IGHJ6.IGHM_IGKV1-39.IGKJ3.IGKC;IGHV4-34..IGHJ6.IGHM_IGKV3-20.IGKJ1.IGKC;IGHV4-34..IGHJ4.IGHM_IGLV3-19.IGLJ2.IGLC2;IGHV4-34..IGHJ6.IGHM_IGKV3-20.IGKJ1.IGKC;IGHV1-3..IGHJ5.IGHM_IGKV4-1.IGKJ2.IGKC;IGHV7-4-1..IGHJ6.IGHA1_IGKV4-1.IGKJ1.IGKC;IGHV4-34.IGHD3-10.IGHJ6.IGHM_IGLV1-44.IGLJ2.IGLC2;IGHV4-34.IGHD5-5.IGHJ5.IGHM_IGLV3-19.IGLJ2.IGLC2;IGHV4-34..IGHJ5.IGHM_IGKV1-39.IGKJ4.IGKC;IGHV1-18.IGHD4-17.IGHJ4.IGHM_IGKV4-1.IGKJ4.IGKC;IGHV4-34..IGHJ6.IGHM_IGKV1-27.IGKJ2.IGKC;IGHV6-1..IGHJ4.IGHM_IGKV4-1.IGKJ1.IGKC;IGHV4-34..IGHJ4.IGHM_IGKV3-15.IGKJ2.IGKC;IGHV1-2..IGHJ5.IGHM_IGKV4-1.IGKJ2.IGKC;IGHV4-34..IGHJ6.IGHM_IGLV7-43.IGLJ1.IGLC1;IGHV4-39..IGHJ3.IGHM_IGKV4-1.IGKJ4.IGKC;IGHV4-34..IGHJ4.IGHM_IGLV1-44.IGLJ1.IGLC1;IGHV4-34.IGHD3-22.IGHJ1.IGHM_IGKV1-33.IGKJ4.IGKC;IGHV4-34.IGHD2-15.IGHJ5.IGHM_IGKV1-8.IGKJ1.IGKC	19	62	IGHV3-23.IGHD2-15.IGHJ3.IGHD_IGLV2-23.IGLJ1.IGLC1;IGHV3-23..IGHJ4.IGHM_IGKV3-15.IGKJ1.IGKC;IGHV3-23..IGHJ4.IGHM_IGKV2-30.IGKJ4.IGKC;IGHV3-23..IGHJ3.IGHM_IGLV1-44.IGLJ3.IGLC3;IGHV3-23..IGHJ2.IGHM_IGKV3D-15.IGKJ2.IGKC;IGHV3-23..IGHJ4.IGHM_IGLV3-21.IGLJ2.IGLC2;IGHV3-23..IGHJ3.IGHM_IGKV1-12.IGKJ2.IGKC;IGHV3-23.IGHD3-9.IGHJ4.IGHM_IGKV1-39.IGKJ1.IGKC;IGHV3-23..IGHJ4.IGHM_IGKV1-39.IGKJ2.IGKC;IGHV3-23..IGHJ4.IGHM_IGKV2-28.IGKJ2.IGKC;IGHV3-23.IGHD3-3.IGHJ6.IGHM_IGKV2-28.IGKJ1.IGKC;IGHV3-23..IGHJ3.IGHM_IGKV2-30.IGKJ2.IGKC;IGHV3-7..IGHJ4.IGHM_IGKV2-30.IGKJ1.IGKC;IGHV3-23..IGHJ2.IGHM_IGKV3-11.IGKJ4.IGKC;IGHV3-23..IGHJ5.IGHM_IGLV3-25.IGLJ2.IGLC2;IGHV3-23..IGHJ4.IGHM_IGKV3-20.IGKJ1.IGKC;IGHV3-23..IGHJ5.IGHM_IGKV1-8.IGKJ1.IGKC;IGHV3-23.IGHD3-22.IGHJ4.IGHM_IGLV3-21.IGLJ2.IGLC2;IGHV3-23..IGHJ4.IGHG2_IGLV1-47.IGLJ3.IGLC3;IGHV3-23..IGHJ4.IGHM_IGKV1-39.IGKJ1.IGKC;IGHV4-30-4..IGHJ4.IGHM_IGLV3-19.IGLJ2.IGLC2;IGHV3-23.IGHD2-15.IGHJ3.IGHM_IGKV1-39.IGKJ4.IGKC;IGHV3-23.IGHD3-22.IGHJ4.IGHM_IGLV3-1.IGLJ1.IGLC1;IGHV3-23..IGHJ4.IGHM_IGKV1-39.IGKJ2.IGKC;IGHV3-23..IGHJ3.IGHM_IGKV1-5.IGKJ1.IGKC;IGHV3-23..IGHJ5.IGHM_IGKV1-39.IGKJ2.IGKC;IGHV3-23.IGHD2-21.IGHJ6.IGHM_IGKV1-12.IGKJ2.IGKC;IGHV3-23..IGHJ4.IGHM_IGKV2-24.IGKJ2.IGKC;IGHV3-23.IGHD3-10.IGHJ3.IGHM_IGKV1-9.IGKJ3.IGKC;IGHV3-23..IGHJ4.IGHM_IGKV1-9.IGKJ5.IGKC;IGHV3-23.IGHD1-26.IGHJ4.IGHM_IGLV3-21.IGLJ3.IGLC3;IGHV3-23..IGHJ5.IGHM_IGKV1-16.IGKJ1.IGKC;IGHV3-23..IGHJ4.IGHM_IGKV1-33.IGKJ5.IGKC;IGHV3-23.IGHD6-13.IGHJ2.IGHM_IGKV3-11.IGKJ4.IGKC;IGHV3-23..IGHJ6.IGHD_IGKV1-5.IGKJ2.IGKC;IGHV3-23.IGHD6-19.IGHJ6.IGHM_IGKV3-15.IGKJ3.IGKC;IGHV3-23.IGHD6-19.IGHJ6.IGHM_IGLV3-21.IGLJ2.IGLC2;IGHV3-23.IGHD3-3.IGHJ4.IGHM_IGKV1-9.IGKJ4.IGKC;IGHV3-23.IGHD2-21.IGHJ4.IGHM_IGKV3-20.IGKJ4.IGKC;IGHV3-23..IGHJ4.IGHM_IGLV3-25.IGLJ3.IGLC2;IGHV3-23.IGHD2-15.IGHJ6.IGHM_IGKV2-28.IGKJ4.IGKC;IGHV3-23..IGHJ4.IGHM_IGLV3-1.IGLJ2.IGLC2;IGHV3-23.IGHD3-22.IGHJ3.IGHM_IGKV1-8.IGKJ1.IGKC;IGHV3-23.IGHD2-2.IGHJ4.IGHM_IGLV2-8.IGLJ1.IGLC1;IGHV3-23.IGHD3-16.IGHJ5.IGHM_IGKV1-27.IGKJ1.IGKC;IGHV3-23.IGHD1-7.IGHJ4.IGHM_IGKV3-20.IGKJ1.IGKC;IGHV3-23..IGHJ4.IGHM_IGLV2-11.IGLJ2.IGLC2;IGHV3-23.IGHD3-10.IGHJ2.IGHM_IGKV1-8.IGKJ4.IGKC;IGHV3-23..IGHJ4.IGHM_IGKV3-15.IGKJ4.IGKC;IGHV3-23..IGHJ3.IGHM_IGKV1-39.IGKJ4.IGKC;IGHV3-23.IGHD3-10.IGHJ4.IGHM_IGKV3-15.IGKJ2.IGKC;IGHV3-23..IGHJ3.IGHM_IGKV1-9.IGKJ3.IGKC;IGHV3-23.IGHD3-10.IGHJ4.IGHM_IGKV3D-15.IGKJ2.IGKC;IGHV3-23..IGHJ3.IGHM_IGKV1-33.IGKJ3.IGKC;IGHV3-23..IGHJ4.IGHM_IGKV1-33.IGKJ1.IGKC;IGHV3-23..IGHJ1.IGHM_IGKV2-28.IGKJ1.IGKC;IGHV3-23..IGHJ4.IGHM_IGKV1D-8.IGKJ2.IGKC;IGHV3-23..IGHJ6.IGHM_IGKV3-15.IGKJ4.IGKC;IGHV3-23..IGHJ3.IGHM_IGKV1-5.IGKJ4.IGKC;IGHV3-23..IGHJ6.IGHM_IGLV8-61.IGLJ2.IGLC2;IGHV3-23..IGHJ4.IGHM_IGKV1-39.IGKJ2.IGKC;IGHV3-23..IGHJ6.IGHM_IGKV1-5.IGKJ2.IGKC	0	NA
17	67	IGHV6-1..IGHJ6.IGHM_IGKV4-1.IGKJ2.IGKC;IGHV4-34..IGHJ3.IGHM_IGLV5-39.IGLJ2.IGLC2;IGHV4-34..IGHJ3.IGHM_IGKV1-8.IGKJ1.IGKC;IGHV4-34..IGHJ5.IGHM_IGLV2-23.IGLJ2.IGLC2;IGHV4-34..IGHJ4.IGHM_IGKV1D-8.IGKJ1.IGKC;IGHV4-34..IGHJ4.IGHM_IGKV4-1.IGKJ3.IGKC;IGHV4-39..IGHJ5.IGHM_IGKV4-1.IGKJ4.IGKC;IGHV4-34..IGHJ5.IGHM_IGKV3-15.IGKJ1.IGKC;IGHV1-8..IGHJ3.IGHM_IGLV1-44.IGLJ1.IGLC1;IGHV4-34..IGHJ4.IGHM_IGKV1-39.IGKJ2.IGKC;IGHV1-18.IGHD5-24.IGHJ3.IGHM_IGKV4-1.IGKJ4.IGKC;IGHV4-34.IGHD2-2.IGHJ6.IGHM_IGKV1-12.IGKJ4.IGKC;IGHV3-30.IGHD3-10.IGHJ4.IGHG1_IGKV4-1.IGKJ4.IGKC;IGHV4-34..IGHJ4.IGHM_IGLV1-47.IGLJ3.IGLC3;IGHV4-34.IGHD3-10.IGHJ4.IGHM_IGKV1-6.IGKJ4.IGKC;IGHV3-11..IGHJ5.IGHM_IGLV3-25.IGLJ1.IGLC1;IGHV4-34..IGHJ4.IGHM_IGKV3-15.IGKJ2.IGKC;IGHV4-61..IGHJ1.IGHM_IGKV3-20.IGKJ1.IGKC;IGHV7-4-1..IGHJ4.IGHM_IGKV4-1.IGKJ4.IGKC;IGHV2-5..IGHJ4.IGHM_IGKV4-1.IGKJ1.IGKC;IGHV4-34..IGHJ4.IGHM_IGLV3-19.IGLJ1.IGLC1;IGHV4-59.IGHD3-10.IGHJ4.IGHM_IGKV4-1.IGKJ1.IGKC;IGHV3-11..IGHJ3.IGHM_IGKV4-1.IGKJ4.IGKC;IGHV1-58..IGHJ6.IGHM_IGKV4-1.IGKJ1.IGKC;IGHV6-1..IGHJ4.IGHM_IGKV4-1.IGKJ1.IGKC;IGHV4-34.IGHD2-15.IGHJ5.IGHM_IGKV1-6.IGKJ2.IGKC;IGHV3-21..IGHJ4.IGHM_IGKV4-1.IGKJ3.IGKC;IGHV4-34..IGHJ4.IGHM_IGKV1-39.IGKJ1.IGKC;IGHV3-64..IGHJ4.IGHM_IGKV4-1.IGKJ1.IGKC;IGHV1-8..IGHJ4.IGHA1_IGKV4-1.IGKJ1.IGKC;IGHV4-34.IGHD3-16.IGHJ4.IGHM_IGKV1-39.IGKJ2.IGKC;IGHV4-34.IGHD4-23.IGHJ1.IGHM_IGKV4-1.IGKJ1.IGKC;IGHV3-30..IGHJ4.IGHG2_IGKV4-1.IGKJ2.IGKC;IGHV4-34.IGHD5-5.IGHJ2.IGHM_IGLV1-44.IGLJ1.IGLC1;IGHV5-51..IGHJ6.IGHM_IGKV4-1.IGKJ2.IGKC;IGHV3-23..IGHJ4.IGHM_IGKV4-1.IGKJ1.IGKC;IGHV4-34..IGHJ5.IGHM_IGLV1-47.IGLJ1.IGLC1;IGHV4-59.IGHD6-19.IGHJ4.IGHM_IGKV4-1.IGKJ1.IGKC;IGHV4-59..IGHJ4.IGHG2_IGKV4-1.IGKJ1.IGKC;IGHV4-34..IGHJ5.IGHM_IGKV4-1.IGKJ1.IGKC;IGHV4-34.IGHD4-17.IGHJ4.IGHM_IGLV1-44.IGLJ1.IGLC1;IGHV4-34..IGHJ4.IGHM_IGLV3-21.IGLJ2.IGLC2;IGHV4-39.IGHD2-15.IGHJ4.IGHM_IGLV3-21.IGLJ2.IGLC2;IGHV3-9.IGHD6-13.IGHJ6.IGHM_IGKV4-1.IGKJ1.IGKC;IGHV4-34.IGHD3-9.IGHJ4.IGHM_IGKV1-9.IGKJ5.IGKC;IGHV4-59..IGHJ5.IGHM_IGKV4-1.IGKJ1.IGKC;IGHV4-34..IGHJ4.IGHM_IGLV3-19.IGLJ2.IGLC2;IGHV1-46..IGHJ3.IGHM_IGKV4-1.IGKJ5.IGKC;IGHV3-11..IGHJ6.IGHM_IGKV1-39.IGKJ3.IGKC;IGHV4-34..IGHJ6.IGHM_IGKV3-20.IGKJ1.IGKC;IGHV4-34..IGHJ4.IGHM_IGLV3-19.IGLJ2.IGLC2;IGHV4-34..IGHJ6.IGHM_IGKV3-20.IGKJ1.IGKC;IGHV1-3..IGHJ5.IGHM_IGKV4-1.IGKJ2.IGKC;IGHV7-4-1..IGHJ6.IGHA1_IGKV4-1.IGKJ1.IGKC;IGHV4-34.IGHD3-10.IGHJ6.IGHM_IGLV1-44.IGLJ2.IGLC2;IGHV4-34.IGHD5-5.IGHJ5.IGHM_IGLV3-19.IGLJ2.IGLC2;IGHV4-34..IGHJ5.IGHM_IGKV1-39.IGKJ4.IGKC;IGHV1-18.IGHD4-17.IGHJ4.IGHM_IGKV4-1.IGKJ4.IGKC;IGHV4-34..IGHJ6.IGHM_IGKV1-27.IGKJ2.IGKC;IGHV6-1..IGHJ4.IGHM_IGKV4-1.IGKJ1.IGKC;IGHV4-34..IGHJ4.IGHM_IGKV3-15.IGKJ2.IGKC;IGHV1-2..IGHJ5.IGHM_IGKV4-1.IGKJ2.IGKC;IGHV4-34..IGHJ6.IGHM_IGLV7-43.IGLJ1.IGLC1;IGHV4-39..IGHJ3.IGHM_IGKV4-1.IGKJ4.IGKC;IGHV4-34..IGHJ4.IGHM_IGLV1-44.IGLJ1.IGLC1;IGHV4-34.IGHD3-22.IGHJ1.IGHM_IGKV1-33.IGKJ4.IGKC;IGHV4-34.IGHD2-15.IGHJ5.IGHM_IGKV1-8.IGKJ1.IGKC	20	56	IGHV4-61..IGHJ6.IGHM_IGLV2-14.IGLJ3.IGLC3;IGHV3-33..IGHJ6.IGHM_IGLV2-14.IGLJ1.IGLC1;IGHV3-49..IGHJ3.IGHM_IGLV2-14.IGLJ2.IGLC2;IGHV3-7..IGHJ6.IGHA1_IGLV2-14.IGLJ1.IGLC1;IGHV3-11..IGHJ4.IGHM_IGLV1-36.IGLJ1.IGLC1;IGHV1-8..IGHJ4.IGHM_IGLV2-14.IGLJ2.IGLC2;IGHV1-3.IGHD3-10.IGHJ2.IGHM_IGLV2-14.IGLJ2.IGLC2;IGHV3-23.IGHD3-3.IGHJ6.IGHD_IGLV2-14.IGLJ2.IGLC2;IGHV3-11..IGHJ6.IGHM_IGLV2-14.IGLJ3.IGLC3;IGHV4-61.IGHD3-22.IGHJ4.IGHM_IGLV2-14.IGLJ1.IGLC1;IGHV4-39..IGHJ4.IGHM_IGLV2-14.IGLJ3.IGLC3;IGHV3-15.IGHD3-22.IGHJ4.IGHM_IGLV2-14.IGLJ1.IGLC1;IGHV2-5..IGHJ6.IGHG2_IGLV2-14.IGLJ1.IGLC1;IGHV3-30.IGHD3-10.IGHJ4.IGHM_IGLV2-14.IGLJ1.IGLC1;IGHV1-69D..IGHJ6.IGHM_IGLV2-14.IGLJ1.IGLC1;IGHV3-30..IGHJ2.IGHM_IGLV2-14.IGLJ2.IGLC3;IGHV4-39..IGHJ5.IGHM_IGLV2-14.IGLJ2.IGLC2;IGHV4-39..IGHJ6.IGHM_IGLV2-14.IGLJ2.IGLC2;IGHV4-34.IGHD6-19.IGHJ6.IGHM_IGLV2-14.IGLJ2.IGLC2;IGHV1-18.IGHD3-9.IGHJ4.IGHM_IGLV2-14.IGLJ2.IGLC2;IGHV3-30..IGHJ4.IGHM_IGLV2-14.IGLJ3.IGLC2;IGHV3-33.IGHD2-2.IGHJ6.IGHM_IGLV1-51.IGLJ2.IGLC2;IGHV2-70..IGHJ4.IGHM_IGLV2-14.IGLJ2.IGLC2;IGHV3-53..IGHJ6.IGHM_IGKV1-9.IGKJ2.IGKC;IGHV3-74.IGHD7-27.IGHJ4.IGHG1_IGLV2-14.IGLJ1.IGLC1;IGHV3-33.IGHD3-10.IGHJ6.IGHG1_IGLV2-14.IGLJ2.IGLC2;IGHV2-26.IGHD2-15.IGHJ6.IGHM_IGLV2-14.IGLJ2.IGLC2;IGHV3-21..IGHJ5.IGHG2_IGLV2-14.IGLJ3.IGLC3;IGHV4-61.IGHD2-15.IGHJ6.IGHM_IGLV2-14.IGLJ3.IGLC2;IGHV1-2..IGHJ4.IGHM_IGLV2-14.IGLJ2.IGLC3;IGHV3-33..IGHJ5.IGHM_IGLV2-14.IGLJ1.IGLC1;IGHV3-21.IGHD3-22.IGHJ4.IGHM_IGLV2-14.IGLJ2.IGLC2;IGHV4-31..IGHJ4.IGHM_IGLV2-14.IGLJ2.IGLC2;IGHV2-5..IGHJ4.IGHM_IGLV2-14.IGLJ2.IGLC3;IGHV4-31.IGHD3-9.IGHJ6.IGHM_IGLV2-14.IGLJ1.IGLC1;IGHV3-33..IGHJ6.IGHM_IGLV2-14.IGLJ1.IGLC1;IGHV4-39..IGHJ4.IGHM_IGKV3-20.IGKJ1.IGKC;IGHV3-66..IGHJ4.IGHM_IGLV2-14.IGLJ1.IGLC1;IGHV5-51..IGHJ4.IGHM_IGLV2-14.IGLJ3.IGLC3;IGHV3-33..IGHJ6.IGHA1_IGLV2-14.IGLJ2.IGLC2;IGHV3-9..IGHJ4.IGHM_IGLV2-14.IGLJ2.IGLC2;IGHV4-34..IGHJ6.IGHM_IGLV2-14.IGLJ1.IGLC1;IGHV3-11.IGHD3-22.IGHJ6.IGHM_IGLV2-14.IGLJ2.IGLC2;IGHV3-9.IGHD3-9.IGHJ6.IGHA1_IGLV2-14.IGLJ1.IGLC1;IGHV3-9..IGHJ4.IGHM_IGLV2-14.IGLJ2.IGLC2;IGHV4-39..IGHJ1.IGHM_IGLV2-14.IGLJ2.IGLC2;IGHV3-9..IGHJ6.IGHM_IGLV2-14.IGLJ1.IGLC1;IGHV4-30-4..IGHJ1.IGHM_IGLV2-14.IGLJ2.IGLC2;IGHV3-48..IGHJ6.IGHM_IGLV2-14.IGLJ2.IGLC2;IGHV1-46..IGHJ5.IGHM_IGLV2-8.IGLJ2.IGLC2;IGHV3-74..IGHJ4.IGHM_IGLV2-14.IGLJ2.IGLC2;IGHV3-33.IGHD4-17.IGHJ3.IGHG1_IGLV2-14.IGLJ1.IGLC1;IGHV1-69D.IGHD2-15.IGHJ5.IGHM_IGLV2-14.IGLJ3.IGLC2;IGHV3-23.IGHD1-20.IGHJ4.IGHM_IGLV2-14.IGLJ3.IGLC2;IGHV3-48..IGHJ5.IGHM_IGLV2-14.IGLJ3.IGLC3;IGHV3-9..IGHJ6.IGHA1_IGLV2-14.IGLJ1.IGLC1	0	NA
17	67	IGHV6-1..IGHJ6.IGHM_IGKV4-1.IGKJ2.IGKC;IGHV4-34..IGHJ3.IGHM_IGLV5-39.IGLJ2.IGLC2;IGHV4-34..IGHJ3.IGHM_IGKV1-8.IGKJ1.IGKC;IGHV4-34..IGHJ5.IGHM_IGLV2-23.IGLJ2.IGLC2;IGHV4-34..IGHJ4.IGHM_IGKV1D-8.IGKJ1.IGKC;IGHV4-34..IGHJ4.IGHM_IGKV4-1.IGKJ3.IGKC;IGHV4-39..IGHJ5.IGHM_IGKV4-1.IGKJ4.IGKC;IGHV4-34..IGHJ5.IGHM_IGKV3-15.IGKJ1.IGKC;IGHV1-8..IGHJ3.IGHM_IGLV1-44.IGLJ1.IGLC1;IGHV4-34..IGHJ4.IGHM_IGKV1-39.IGKJ2.IGKC;IGHV1-18.IGHD5-24.IGHJ3.IGHM_IGKV4-1.IGKJ4.IGKC;IGHV4-34.IGHD2-2.IGHJ6.IGHM_IGKV1-12.IGKJ4.IGKC;IGHV3-30.IGHD3-10.IGHJ4.IGHG1_IGKV4-1.IGKJ4.IGKC;IGHV4-34..IGHJ4.IGHM_IGLV1-47.IGLJ3.IGLC3;IGHV4-34.IGHD3-10.IGHJ4.IGHM_IGKV1-6.IGKJ4.IGKC;IGHV3-11..IGHJ5.IGHM_IGLV3-25.IGLJ1.IGLC1;IGHV4-34..IGHJ4.IGHM_IGKV3-15.IGKJ2.IGKC;IGHV4-61..IGHJ1.IGHM_IGKV3-20.IGKJ1.IGKC;IGHV7-4-1..IGHJ4.IGHM_IGKV4-1.IGKJ4.IGKC;IGHV2-5..IGHJ4.IGHM_IGKV4-1.IGKJ1.IGKC;IGHV4-34..IGHJ4.IGHM_IGLV3-19.IGLJ1.IGLC1;IGHV4-59.IGHD3-10.IGHJ4.IGHM_IGKV4-1.IGKJ1.IGKC;IGHV3-11..IGHJ3.IGHM_IGKV4-1.IGKJ4.IGKC;IGHV1-58..IGHJ6.IGHM_IGKV4-1.IGKJ1.IGKC;IGHV6-1..IGHJ4.IGHM_IGKV4-1.IGKJ1.IGKC;IGHV4-34.IGHD2-15.IGHJ5.IGHM_IGKV1-6.IGKJ2.IGKC;IGHV3-21..IGHJ4.IGHM_IGKV4-1.IGKJ3.IGKC;IGHV4-34..IGHJ4.IGHM_IGKV1-39.IGKJ1.IGKC;IGHV3-64..IGHJ4.IGHM_IGKV4-1.IGKJ1.IGKC;IGHV1-8..IGHJ4.IGHA1_IGKV4-1.IGKJ1.IGKC;IGHV4-34.IGHD3-16.IGHJ4.IGHM_IGKV1-39.IGKJ2.IGKC;IGHV4-34.IGHD4-23.IGHJ1.IGHM_IGKV4-1.IGKJ1.IGKC;IGHV3-30..IGHJ4.IGHG2_IGKV4-1.IGKJ2.IGKC;IGHV4-34.IGHD5-5.IGHJ2.IGHM_IGLV1-44.IGLJ1.IGLC1;IGHV5-51..IGHJ6.IGHM_IGKV4-1.IGKJ2.IGKC;IGHV3-23..IGHJ4.IGHM_IGKV4-1.IGKJ1.IGKC;IGHV4-34..IGHJ5.IGHM_IGLV1-47.IGLJ1.IGLC1;IGHV4-59.IGHD6-19.IGHJ4.IGHM_IGKV4-1.IGKJ1.IGKC;IGHV4-59..IGHJ4.IGHG2_IGKV4-1.IGKJ1.IGKC;IGHV4-34..IGHJ5.IGHM_IGKV4-1.IGKJ1.IGKC;IGHV4-34.IGHD4-17.IGHJ4.IGHM_IGLV1-44.IGLJ1.IGLC1;IGHV4-34..IGHJ4.IGHM_IGLV3-21.IGLJ2.IGLC2;IGHV4-39.IGHD2-15.IGHJ4.IGHM_IGLV3-21.IGLJ2.IGLC2;IGHV3-9.IGHD6-13.IGHJ6.IGHM_IGKV4-1.IGKJ1.IGKC;IGHV4-34.IGHD3-9.IGHJ4.IGHM_IGKV1-9.IGKJ5.IGKC;IGHV4-59..IGHJ5.IGHM_IGKV4-1.IGKJ1.IGKC;IGHV4-34..IGHJ4.IGHM_IGLV3-19.IGLJ2.IGLC2;IGHV1-46..IGHJ3.IGHM_IGKV4-1.IGKJ5.IGKC;IGHV3-11..IGHJ6.IGHM_IGKV1-39.IGKJ3.IGKC;IGHV4-34..IGHJ6.IGHM_IGKV3-20.IGKJ1.IGKC;IGHV4-34..IGHJ4.IGHM_IGLV3-19.IGLJ2.IGLC2;IGHV4-34..IGHJ6.IGHM_IGKV3-20.IGKJ1.IGKC;IGHV1-3..IGHJ5.IGHM_IGKV4-1.IGKJ2.IGKC;IGHV7-4-1..IGHJ6.IGHA1_IGKV4-1.IGKJ1.IGKC;IGHV4-34.IGHD3-10.IGHJ6.IGHM_IGLV1-44.IGLJ2.IGLC2;IGHV4-34.IGHD5-5.IGHJ5.IGHM_IGLV3-19.IGLJ2.IGLC2;IGHV4-34..IGHJ5.IGHM_IGKV1-39.IGKJ4.IGKC;IGHV1-18.IGHD4-17.IGHJ4.IGHM_IGKV4-1.IGKJ4.IGKC;IGHV4-34..IGHJ6.IGHM_IGKV1-27.IGKJ2.IGKC;IGHV6-1..IGHJ4.IGHM_IGKV4-1.IGKJ1.IGKC;IGHV4-34..IGHJ4.IGHM_IGKV3-15.IGKJ2.IGKC;IGHV1-2..IGHJ5.IGHM_IGKV4-1.IGKJ2.IGKC;IGHV4-34..IGHJ6.IGHM_IGLV7-43.IGLJ1.IGLC1;IGHV4-39..IGHJ3.IGHM_IGKV4-1.IGKJ4.IGKC;IGHV4-34..IGHJ4.IGHM_IGLV1-44.IGLJ1.IGLC1;IGHV4-34.IGHD3-22.IGHJ1.IGHM_IGKV1-33.IGKJ4.IGKC;IGHV4-34.IGHD2-15.IGHJ5.IGHM_IGKV1-8.IGKJ1.IGKC	22	1	IGHV4-59.IGHD3-22.IGHJ3.IGHM_IGKV1-33.IGKJ3.IGKC	0	NA
18	68	IGHV4-39..IGHJ4.IGHA1_IGLV2-23.IGLJ3.IGLC2;IGHV4-39..IGHJ4.IGHM_IGLV1-44.IGLJ1.IGLC1;IGHV3-21..IGHJ6.IGHM_IGKV1-33.IGKJ3.IGKC;IGHV3-74.IGHD2-15.IGHJ6.IGHM_IGLV1-44.IGLJ1.IGLC1;IGHV3-21.IGHD3-22.IGHJ3.IGHM_IGLV3-25.IGLJ2.IGLC2;IGHV4-30-4..IGHJ5.IGHM_IGLV1-44.IGLJ2.IGLC2;IGHV3-21.IGHD3-3.IGHJ5.IGHM_IGKV1-27.IGKJ4.IGKC;IGHV3-21.IGHD4-17.IGHJ4.IGHM_IGLV1-44.IGLJ2.IGLC2;IGHV3-21..IGHJ6.IGHM_IGKV3-20.IGKJ2.IGKC;IGHV3-21..IGHJ6.IGHM_IGLV3-21.IGLJ1.IGLC1;IGHV3-21..IGHJ3.IGHM_IGKV1-39.IGKJ1.IGKC;IGHV2-26..IGHJ4.IGHM_IGLV1-51.IGLJ2.IGLC2;IGHV3-21.IGHD1-26.IGHJ4.IGHM_IGLV2-11.IGLJ3.IGLC3;IGHV3-21.IGHD6-13.IGHJ4.IGHM_IGLV1-51.IGLJ1.IGLC1;IGHV3-30..IGHJ5.IGHG1_IGLV1-44.IGLJ3.IGLC2;IGHV3-21..IGHJ5.IGHM_IGLV8-61.IGLJ2.IGLC2;IGHV4-59..IGHJ6.IGHM_IGLV1-44.IGLJ2.IGLC2;IGHV2-5..IGHJ4.IGHG1_IGLV1-44.IGLJ1.IGLC1;IGHV1-69D.IGHD2-2.IGHJ4.IGHA1_IGKV3-20.IGKJ2.IGKC;IGHV3-33.IGHD3-22.IGHJ4.IGHM_IGLV1-44.IGLJ3.IGLC2;IGHV3-11..IGHJ6.IGHA1_IGLV3-1.IGLJ2.IGLC2;IGHV3-21.IGHD1-20.IGHJ4.IGHD_IGKV1-8.IGKJ3.IGKC;IGHV3-21..IGHJ4.IGHM_IGLV3-25.IGLJ1.IGLC1;IGHV3-23.IGHD3-22.IGHJ4.IGHM_IGLV1-44.IGLJ3.IGLC3;IGHV1-8..IGHJ6.IGHG2_IGLV1-44.IGLJ1.IGLC1;IGHV3-21.IGHD5-12.IGHJ6.IGHM_IGLV1-40.IGLJ3.IGLC2;IGHV3-21..IGHJ6.IGHM_IGLV3-1.IGLJ2.IGLC2;IGHV3-21.IGHD3-10.IGHJ6.IGHM_IGLV2-23.IGLJ3.IGLC3;IGHV4-39.IGHD3-9.IGHJ4.IGHM_IGLV1-44.IGLJ1.IGLC1;IGHV1-18..IGHJ4.IGHM_IGLV1-44.IGLJ3.IGLC2;IGHV3-66..IGHJ6.IGHM_IGLV1-44.IGLJ3.IGLC3;IGHV3-21.IGHD3-22.IGHJ4.IGHM_IGKV1-12.IGKJ5.IGKC;IGHV2-5.IGHD2-2.IGHJ5.IGHM_IGLV1-44.IGLJ2.IGLC2;IGHV4-39.IGHD3-9.IGHJ4.IGHM_IGLV1-44.IGLJ1.IGLC1;IGHV6-1..IGHJ5.IGHA1_IGLV1-51.IGLJ3.IGLC2;IGHV4-59.IGHD3-10.IGHJ5.IGHM_IGLV1-44.IGLJ2.IGLC2;IGHV4-39.IGHD3-9.IGHJ2.IGHM_IGLV1-44.IGLJ2.IGLC2;IGHV1-18.IGHD4-17.IGHJ1.IGHM_IGLV1-44.IGLJ2.IGLC2;IGHV3-21..IGHJ4.IGHM_IGLV1-47.IGLJ2.IGLC2;IGHV3-21..IGHJ4.IGHG1_IGKV2D-29.IGKJ4.IGKC;IGHV4-61..IGHJ6.IGHM_IGLV1-44.IGLJ3.IGLC2;IGHV4-30-4.IGHD3-10.IGHJ4.IGHG2_IGLV1-44.IGLJ2.IGLC2;IGHV3-21..IGHJ4.IGHM_IGKV1-39.IGKJ3.IGKC;IGHV4-39..IGHJ4.IGHM_IGLV1-44.IGLJ2.IGLC2;IGHV3-21..IGHJ4.IGHM_IGKV1-8.IGKJ4.IGKC;IGHV1-69D..IGHJ4.IGHM_IGLV1-44.IGLJ1.IGLC1;IGHV3-21..IGHJ3.IGHA2_IGKV3-20.IGKJ1.IGKC;IGHV2-5..IGHJ4.IGHG1_IGLV1-44.IGLJ1.IGLC1;IGHV3-33.IGHD3-10.IGHJ4.IGHM_IGKV3-15.IGKJ1.IGKC;IGHV3-21.IGHD6-19.IGHJ5.IGHM_IGKV1-8.IGKJ2.IGKC;IGHV3-21.IGHD5-24.IGHJ4.IGHM_IGKV1-27.IGKJ3.IGKC;IGHV3-9..IGHJ4.IGHM_IGLV1-44.IGLJ3.IGLC3;IGHV3-21..IGHJ4.IGHM_IGKV1-8.IGKJ1.IGKC;IGHV3-21.IGHD5-5.IGHJ4.IGHM_IGLV1-44.IGLJ2.IGLC2;IGHV3-48..IGHJ6.IGHM_IGLV1-44.IGLJ1.IGLC1;IGHV3-21.IGHD2-2.IGHJ6.IGHM_IGKV2-28.IGKJ2.IGKC;IGHV3-21..IGHJ4.IGHM_IGLV6-57.IGLJ3.IGLC2;IGHV4-30-4.IGHD3-10.IGHJ5.IGHM_IGLV1-44.IGLJ3.IGLC3;IGHV3-21..IGHJ4.IGHM_IGKV3-15.IGKJ2.IGKC;IGHV3-21..IGHJ4.IGHM_IGKV3-15.IGKJ4.IGKC;IGHV3-21..IGHJ4.IGHM_IGKV1-33.IGKJ2.IGKC;IGHV5-51..IGHJ5.IGHA2_IGKV1-5.IGKJ1.IGKC;IGHV3-21..IGHJ4.IGHM_IGLV6-57.IGLJ3.IGLC3;IGHV3-21..IGHJ5.IGHM_IGKV1-5.IGKJ1.IGKC;IGHV3-7..IGHJ4.IGHM_IGLV1-47.IGLJ3.IGLC3;IGHV4-59..IGHJ3.IGHA1_IGLV1-44.IGLJ1.IGLC1;IGHV3-21.IGHD2-15.IGHJ4.IGHM_IGKV1-27.IGKJ1.IGKC;IGHV3-30..IGHJ6.IGHA1_IGLV1-44.IGLJ2.IGLC2	0	3	IGHV1-2..IGHJ6.IGHM_IGKV4-1.IGKJ4.IGKC;IGHV4-61.IGHD3-22.IGHJ2.IGHM_IGLV2-8.IGLJ1.IGLC1;NA_IGKV1-12.IGKJ4.IGKC	0	NA
18	68	IGHV4-39..IGHJ4.IGHA1_IGLV2-23.IGLJ3.IGLC2;IGHV4-39..IGHJ4.IGHM_IGLV1-44.IGLJ1.IGLC1;IGHV3-21..IGHJ6.IGHM_IGKV1-33.IGKJ3.IGKC;IGHV3-74.IGHD2-15.IGHJ6.IGHM_IGLV1-44.IGLJ1.IGLC1;IGHV3-21.IGHD3-22.IGHJ3.IGHM_IGLV3-25.IGLJ2.IGLC2;IGHV4-30-4..IGHJ5.IGHM_IGLV1-44.IGLJ2.IGLC2;IGHV3-21.IGHD3-3.IGHJ5.IGHM_IGKV1-27.IGKJ4.IGKC;IGHV3-21.IGHD4-17.IGHJ4.IGHM_IGLV1-44.IGLJ2.IGLC2;IGHV3-21..IGHJ6.IGHM_IGKV3-20.IGKJ2.IGKC;IGHV3-21..IGHJ6.IGHM_IGLV3-21.IGLJ1.IGLC1;IGHV3-21..IGHJ3.IGHM_IGKV1-39.IGKJ1.IGKC;IGHV2-26..IGHJ4.IGHM_IGLV1-51.IGLJ2.IGLC2;IGHV3-21.IGHD1-26.IGHJ4.IGHM_IGLV2-11.IGLJ3.IGLC3;IGHV3-21.IGHD6-13.IGHJ4.IGHM_IGLV1-51.IGLJ1.IGLC1;IGHV3-30..IGHJ5.IGHG1_IGLV1-44.IGLJ3.IGLC2;IGHV3-21..IGHJ5.IGHM_IGLV8-61.IGLJ2.IGLC2;IGHV4-59..IGHJ6.IGHM_IGLV1-44.IGLJ2.IGLC2;IGHV2-5..IGHJ4.IGHG1_IGLV1-44.IGLJ1.IGLC1;IGHV1-69D.IGHD2-2.IGHJ4.IGHA1_IGKV3-20.IGKJ2.IGKC;IGHV3-33.IGHD3-22.IGHJ4.IGHM_IGLV1-44.IGLJ3.IGLC2;IGHV3-11..IGHJ6.IGHA1_IGLV3-1.IGLJ2.IGLC2;IGHV3-21.IGHD1-20.IGHJ4.IGHD_IGKV1-8.IGKJ3.IGKC;IGHV3-21..IGHJ4.IGHM_IGLV3-25.IGLJ1.IGLC1;IGHV3-23.IGHD3-22.IGHJ4.IGHM_IGLV1-44.IGLJ3.IGLC3;IGHV1-8..IGHJ6.IGHG2_IGLV1-44.IGLJ1.IGLC1;IGHV3-21.IGHD5-12.IGHJ6.IGHM_IGLV1-40.IGLJ3.IGLC2;IGHV3-21..IGHJ6.IGHM_IGLV3-1.IGLJ2.IGLC2;IGHV3-21.IGHD3-10.IGHJ6.IGHM_IGLV2-23.IGLJ3.IGLC3;IGHV4-39.IGHD3-9.IGHJ4.IGHM_IGLV1-44.IGLJ1.IGLC1;IGHV1-18..IGHJ4.IGHM_IGLV1-44.IGLJ3.IGLC2;IGHV3-66..IGHJ6.IGHM_IGLV1-44.IGLJ3.IGLC3;IGHV3-21.IGHD3-22.IGHJ4.IGHM_IGKV1-12.IGKJ5.IGKC;IGHV2-5.IGHD2-2.IGHJ5.IGHM_IGLV1-44.IGLJ2.IGLC2;IGHV4-39.IGHD3-9.IGHJ4.IGHM_IGLV1-44.IGLJ1.IGLC1;IGHV6-1..IGHJ5.IGHA1_IGLV1-51.IGLJ3.IGLC2;IGHV4-59.IGHD3-10.IGHJ5.IGHM_IGLV1-44.IGLJ2.IGLC2;IGHV4-39.IGHD3-9.IGHJ2.IGHM_IGLV1-44.IGLJ2.IGLC2;IGHV1-18.IGHD4-17.IGHJ1.IGHM_IGLV1-44.IGLJ2.IGLC2;IGHV3-21..IGHJ4.IGHM_IGLV1-47.IGLJ2.IGLC2;IGHV3-21..IGHJ4.IGHG1_IGKV2D-29.IGKJ4.IGKC;IGHV4-61..IGHJ6.IGHM_IGLV1-44.IGLJ3.IGLC2;IGHV4-30-4.IGHD3-10.IGHJ4.IGHG2_IGLV1-44.IGLJ2.IGLC2;IGHV3-21..IGHJ4.IGHM_IGKV1-39.IGKJ3.IGKC;IGHV4-39..IGHJ4.IGHM_IGLV1-44.IGLJ2.IGLC2;IGHV3-21..IGHJ4.IGHM_IGKV1-8.IGKJ4.IGKC;IGHV1-69D..IGHJ4.IGHM_IGLV1-44.IGLJ1.IGLC1;IGHV3-21..IGHJ3.IGHA2_IGKV3-20.IGKJ1.IGKC;IGHV2-5..IGHJ4.IGHG1_IGLV1-44.IGLJ1.IGLC1;IGHV3-33.IGHD3-10.IGHJ4.IGHM_IGKV3-15.IGKJ1.IGKC;IGHV3-21.IGHD6-19.IGHJ5.IGHM_IGKV1-8.IGKJ2.IGKC;IGHV3-21.IGHD5-24.IGHJ4.IGHM_IGKV1-27.IGKJ3.IGKC;IGHV3-9..IGHJ4.IGHM_IGLV1-44.IGLJ3.IGLC3;IGHV3-21..IGHJ4.IGHM_IGKV1-8.IGKJ1.IGKC;IGHV3-21.IGHD5-5.IGHJ4.IGHM_IGLV1-44.IGLJ2.IGLC2;IGHV3-48..IGHJ6.IGHM_IGLV1-44.IGLJ1.IGLC1;IGHV3-21.IGHD2-2.IGHJ6.IGHM_IGKV2-28.IGKJ2.IGKC;IGHV3-21..IGHJ4.IGHM_IGLV6-57.IGLJ3.IGLC2;IGHV4-30-4.IGHD3-10.IGHJ5.IGHM_IGLV1-44.IGLJ3.IGLC3;IGHV3-21..IGHJ4.IGHM_IGKV3-15.IGKJ2.IGKC;IGHV3-21..IGHJ4.IGHM_IGKV3-15.IGKJ4.IGKC;IGHV3-21..IGHJ4.IGHM_IGKV1-33.IGKJ2.IGKC;IGHV5-51..IGHJ5.IGHA2_IGKV1-5.IGKJ1.IGKC;IGHV3-21..IGHJ4.IGHM_IGLV6-57.IGLJ3.IGLC3;IGHV3-21..IGHJ5.IGHM_IGKV1-5.IGKJ1.IGKC;IGHV3-7..IGHJ4.IGHM_IGLV1-47.IGLJ3.IGLC3;IGHV4-59..IGHJ3.IGHA1_IGLV1-44.IGLJ1.IGLC1;IGHV3-21.IGHD2-15.IGHJ4.IGHM_IGKV1-27.IGKJ1.IGKC;IGHV3-30..IGHJ6.IGHA1_IGLV1-44.IGLJ2.IGLC2	2	1	IGHV3-48..IGHJ4.IGHM_IGKV3-20.IGKJ1.IGKC	0	NA
18	68	IGHV4-39..IGHJ4.IGHA1_IGLV2-23.IGLJ3.IGLC2;IGHV4-39..IGHJ4.IGHM_IGLV1-44.IGLJ1.IGLC1;IGHV3-21..IGHJ6.IGHM_IGKV1-33.IGKJ3.IGKC;IGHV3-74.IGHD2-15.IGHJ6.IGHM_IGLV1-44.IGLJ1.IGLC1;IGHV3-21.IGHD3-22.IGHJ3.IGHM_IGLV3-25.IGLJ2.IGLC2;IGHV4-30-4..IGHJ5.IGHM_IGLV1-44.IGLJ2.IGLC2;IGHV3-21.IGHD3-3.IGHJ5.IGHM_IGKV1-27.IGKJ4.IGKC;IGHV3-21.IGHD4-17.IGHJ4.IGHM_IGLV1-44.IGLJ2.IGLC2;IGHV3-21..IGHJ6.IGHM_IGKV3-20.IGKJ2.IGKC;IGHV3-21..IGHJ6.IGHM_IGLV3-21.IGLJ1.IGLC1;IGHV3-21..IGHJ3.IGHM_IGKV1-39.IGKJ1.IGKC;IGHV2-26..IGHJ4.IGHM_IGLV1-51.IGLJ2.IGLC2;IGHV3-21.IGHD1-26.IGHJ4.IGHM_IGLV2-11.IGLJ3.IGLC3;IGHV3-21.IGHD6-13.IGHJ4.IGHM_IGLV1-51.IGLJ1.IGLC1;IGHV3-30..IGHJ5.IGHG1_IGLV1-44.IGLJ3.IGLC2;IGHV3-21..IGHJ5.IGHM_IGLV8-61.IGLJ2.IGLC2;IGHV4-59..IGHJ6.IGHM_IGLV1-44.IGLJ2.IGLC2;IGHV2-5..IGHJ4.IGHG1_IGLV1-44.IGLJ1.IGLC1;IGHV1-69D.IGHD2-2.IGHJ4.IGHA1_IGKV3-20.IGKJ2.IGKC;IGHV3-33.IGHD3-22.IGHJ4.IGHM_IGLV1-44.IGLJ3.IGLC2;IGHV3-11..IGHJ6.IGHA1_IGLV3-1.IGLJ2.IGLC2;IGHV3-21.IGHD1-20.IGHJ4.IGHD_IGKV1-8.IGKJ3.IGKC;IGHV3-21..IGHJ4.IGHM_IGLV3-25.IGLJ1.IGLC1;IGHV3-23.IGHD3-22.IGHJ4.IGHM_IGLV1-44.IGLJ3.IGLC3;IGHV1-8..IGHJ6.IGHG2_IGLV1-44.IGLJ1.IGLC1;IGHV3-21.IGHD5-12.IGHJ6.IGHM_IGLV1-40.IGLJ3.IGLC2;IGHV3-21..IGHJ6.IGHM_IGLV3-1.IGLJ2.IGLC2;IGHV3-21.IGHD3-10.IGHJ6.IGHM_IGLV2-23.IGLJ3.IGLC3;IGHV4-39.IGHD3-9.IGHJ4.IGHM_IGLV1-44.IGLJ1.IGLC1;IGHV1-18..IGHJ4.IGHM_IGLV1-44.IGLJ3.IGLC2;IGHV3-66..IGHJ6.IGHM_IGLV1-44.IGLJ3.IGLC3;IGHV3-21.IGHD3-22.IGHJ4.IGHM_IGKV1-12.IGKJ5.IGKC;IGHV2-5.IGHD2-2.IGHJ5.IGHM_IGLV1-44.IGLJ2.IGLC2;IGHV4-39.IGHD3-9.IGHJ4.IGHM_IGLV1-44.IGLJ1.IGLC1;IGHV6-1..IGHJ5.IGHA1_IGLV1-51.IGLJ3.IGLC2;IGHV4-59.IGHD3-10.IGHJ5.IGHM_IGLV1-44.IGLJ2.IGLC2;IGHV4-39.IGHD3-9.IGHJ2.IGHM_IGLV1-44.IGLJ2.IGLC2;IGHV1-18.IGHD4-17.IGHJ1.IGHM_IGLV1-44.IGLJ2.IGLC2;IGHV3-21..IGHJ4.IGHM_IGLV1-47.IGLJ2.IGLC2;IGHV3-21..IGHJ4.IGHG1_IGKV2D-29.IGKJ4.IGKC;IGHV4-61..IGHJ6.IGHM_IGLV1-44.IGLJ3.IGLC2;IGHV4-30-4.IGHD3-10.IGHJ4.IGHG2_IGLV1-44.IGLJ2.IGLC2;IGHV3-21..IGHJ4.IGHM_IGKV1-39.IGKJ3.IGKC;IGHV4-39..IGHJ4.IGHM_IGLV1-44.IGLJ2.IGLC2;IGHV3-21..IGHJ4.IGHM_IGKV1-8.IGKJ4.IGKC;IGHV1-69D..IGHJ4.IGHM_IGLV1-44.IGLJ1.IGLC1;IGHV3-21..IGHJ3.IGHA2_IGKV3-20.IGKJ1.IGKC;IGHV2-5..IGHJ4.IGHG1_IGLV1-44.IGLJ1.IGLC1;IGHV3-33.IGHD3-10.IGHJ4.IGHM_IGKV3-15.IGKJ1.IGKC;IGHV3-21.IGHD6-19.IGHJ5.IGHM_IGKV1-8.IGKJ2.IGKC;IGHV3-21.IGHD5-24.IGHJ4.IGHM_IGKV1-27.IGKJ3.IGKC;IGHV3-9..IGHJ4.IGHM_IGLV1-44.IGLJ3.IGLC3;IGHV3-21..IGHJ4.IGHM_IGKV1-8.IGKJ1.IGKC;IGHV3-21.IGHD5-5.IGHJ4.IGHM_IGLV1-44.IGLJ2.IGLC2;IGHV3-48..IGHJ6.IGHM_IGLV1-44.IGLJ1.IGLC1;IGHV3-21.IGHD2-2.IGHJ6.IGHM_IGKV2-28.IGKJ2.IGKC;IGHV3-21..IGHJ4.IGHM_IGLV6-57.IGLJ3.IGLC2;IGHV4-30-4.IGHD3-10.IGHJ5.IGHM_IGLV1-44.IGLJ3.IGLC3;IGHV3-21..IGHJ4.IGHM_IGKV3-15.IGKJ2.IGKC;IGHV3-21..IGHJ4.IGHM_IGKV3-15.IGKJ4.IGKC;IGHV3-21..IGHJ4.IGHM_IGKV1-33.IGKJ2.IGKC;IGHV5-51..IGHJ5.IGHA2_IGKV1-5.IGKJ1.IGKC;IGHV3-21..IGHJ4.IGHM_IGLV6-57.IGLJ3.IGLC3;IGHV3-21..IGHJ5.IGHM_IGKV1-5.IGKJ1.IGKC;IGHV3-7..IGHJ4.IGHM_IGLV1-47.IGLJ3.IGLC3;IGHV4-59..IGHJ3.IGHA1_IGLV1-44.IGLJ1.IGLC1;IGHV3-21.IGHD2-15.IGHJ4.IGHM_IGKV1-27.IGKJ1.IGKC;IGHV3-30..IGHJ6.IGHA1_IGLV1-44.IGLJ2.IGLC2	4	454	NA_IGKV1-8.IGKJ4.IGKC;IGHV1-69D.IGHD3-22.IGHJ3.IGHM_IGKV1-8.IGKJ1.IGKC;IGHV1-2..IGHJ3.IGHM_IGLV5-45.IGLJ3.IGLC3;IGHV5-51..IGHJ3.IGHM_IGKV1D-8.IGKJ2.IGKC;IGHV4-39..IGHJ3.IGHM_IGLV3-21.IGLJ2.IGLC2;IGHV3-33..IGHJ4.IGHM_IGKV2-28.IGKJ2.IGKC;IGHV3-15..IGHJ4.IGHM_IGLV6-57.IGLJ2.IGLC2;IGHV1-2..IGHJ6.IGHM_IGKV1-27.IGKJ3.IGKC;IGHV2-5.IGHD3-9.IGHJ3.IGHM_IGKV1-5.IGKJ1.IGKC;IGHV3-7..IGHJ4.IGHM_IGKV1-39.IGKJ2.IGKC;IGHV1-8..IGHJ3.IGHM_IGKV3-20.IGKJ1.IGKC;IGHV3-9..IGHJ4.IGHM_IGKV3-20.IGKJ2.IGKC;IGHV4-59..IGHJ6.IGHM_IGKV3-20.IGKJ3.IGKC;IGHV4-31.IGHD2-8.IGHJ6.IGHM_IGLV1-47.IGLJ3.IGLC3;IGHV3-30.IGHD5-5.IGHJ4.IGHM_IGLV4-69.IGLJ3.IGLC3;IGHV2-26..IGHJ4.IGHM_IGKV1-5.IGKJ1.IGKC;IGHV3-33..IGHJ4.IGHG1_IGLV6-57.IGLJ3.IGLC3;IGHV5-51.IGHD3-9.IGHJ4.IGHM_IGKV3-20.IGKJ1.IGKC;IGHV2-5..IGHJ4.IGHM_IGKV2-30.IGKJ1.IGKC;IGHV3-74.IGHD3-22.IGHJ6.IGHD_IGKV1-9.IGKJ3.IGKC;IGHV3-33.IGHD4-17.IGHJ4.IGHM_IGKV3-15.IGKJ1.IGKC;IGHV4-39..IGHJ4.IGHM_IGLV1-40.IGLJ1.IGLC1;IGHV3-49..IGHJ6.IGHM_IGKV1D-8.IGKJ1.IGKC;IGHV3-30.IGHD3-22.IGHJ4.IGHM_IGLV3-25.IGLJ2.IGLC2;IGHV1-24.IGHD2-2.IGHJ6.IGHM_IGKV3-20.IGKJ4.IGKC;IGHV3-30..IGHJ4.IGHM_IGLV1-47.IGLJ2.IGLC2;IGHV3-43..IGHJ4.IGHM_IGLV1-51.IGLJ2.IGLC2;IGHV4-59..IGHJ4.IGHM_IGKV3-15.IGKJ3.IGKC;IGHV4-30-4..IGHJ3.IGHG2_IGKV1-39.IGKJ2.IGKC;IGHV3-7..IGHJ4.IGHM_IGKV1-39.IGKJ2.IGKC;IGHV4-59..IGHJ5.IGHM_IGKV1-12.IGKJ5.IGKC;IGHV1-69D.IGHD3-22.IGHJ4.IGHM_IGKV3-20.IGKJ1.IGKC;IGHV3-30..IGHJ4.IGHM_IGKV3-15.IGKJ1.IGKC;IGHV3-48.IGHD3-16.IGHJ6.IGHM_IGLV2-8.IGLJ1.IGLC1;IGHV1-8.IGHD3-22.IGHJ3.IGHM_IGKV2-28.IGKJ4.IGKC;IGHV3-30..IGHJ4.IGHM_IGKV1-39.IGKJ4.IGKC;IGHV3-11..IGHJ4.IGHM_IGLV1-40.IGLJ1.IGLC1;IGHV3-33..IGHJ4.IGHM_IGKV1-12.IGKJ5.IGKC;IGHV4-61..IGHJ4.IGHG1_IGKV1-39.IGKJ2.IGKC;IGHV1-69D.IGHD2-2.IGHJ5.IGHM_IGLV1-51.IGLJ3.IGLC3;IGHV3-7..IGHJ3.IGHM_IGLV3-1.IGLJ2.IGLC2;IGHV1-69D..IGHJ5.IGHM_IGLV1-40.IGLJ2.IGLC2;IGHV3-11..IGHJ4.IGHM_IGKV1-5.IGKJ1.IGKC;IGHV4-61..IGHJ5.IGHM_IGKV2-30.IGKJ4.IGKC;IGHV3-33..IGHJ6.IGHM_IGKV3-20.IGKJ1.IGKC;IGHV4-61.IGHD3-22.IGHJ4.IGHM_IGKV1-39.IGKJ4.IGKC;IGHV1-8.IGHD6-19.IGHJ4.IGHM_IGLV1-40.IGLJ2.IGLC2;IGHV3-33.IGHD4-4.IGHJ6.IGHM_IGKV1-39.IGKJ2.IGKC;IGHV3-7..IGHJ4.IGHM_IGLV3-21.IGLJ1.IGLC1;IGHV3-7.IGHD6-13.IGHJ4.IGHM_IGKV1-39.IGKJ2.IGKC;IGHV3-13.IGHD2-2.IGHJ6.IGHM_IGLV3-21.IGLJ3.IGLC2;IGHV5-51.IGHD3-22.IGHJ6.IGHM_IGKV3-15.IGKJ1.IGKC;IGHV3-7..IGHJ4.IGHM_IGKV2-28.IGKJ4.IGKC;IGHV1-18..IGHJ4.IGHM_IGKV3-20.IGKJ3.IGKC;IGHV3-7..IGHJ6.IGHM_IGLV3-19.IGLJ1.IGLC1;IGHV7-4-1.IGHD3-10.IGHJ4.IGHM_IGLV2-11.IGLJ2.IGLC2;IGHV5-51.IGHD3-9.IGHJ6.IGHM_IGLV1-40.IGLJ2.IGLC2;IGHV2-5.IGHD6-19.IGHJ5.IGHM_IGLV6-57.IGLJ2.IGLC2;IGHV4-59..IGHJ4.IGHM_IGKV1-39.IGKJ3.IGKC;IGHV1-69D..IGHJ6.IGHM_IGLV1-51.IGLJ1.IGLC1;IGHV4-39..IGHJ6.IGHM_IGKV1-12.IGKJ4.IGKC;IGHV4-61..IGHJ6.IGHM_IGLV1-40.IGLJ1.IGLC1;IGHV3-30..IGHJ3.IGHA1_IGKV1-9.IGKJ5.IGKC;IGHV3-30.IGHD3-10.IGHJ6.IGHM_IGKV3-15.IGKJ1.IGKC;IGHV3-15..IGHJ6.IGHM_IGLV2-8.IGLJ3.IGLC3;IGHV1-69D..IGHJ5.IGHM_IGKV3-15.IGKJ4.IGKC;IGHV6-1..IGHJ4.IGHM_IGKV1-33.IGKJ2.IGKC;IGHV3-33..IGHJ1.IGHM_IGKV3-15.IGKJ1.IGKC;IGHV1-2..IGHJ4.IGHM_IGKV3-20.IGKJ2.IGKC;IGHV3-49.IGHD5-24.IGHJ4.IGHM_IGLV3-21.IGLJ2.IGLC2;IGHV7-4-1..IGHJ4.IGHM_IGKV3-20.IGKJ1.IGKC;IGHV3-74..IGHJ5.IGHM_IGKV1-39.IGKJ1.IGKC;IGHV2-26.IGHD4-17.IGHJ6.IGHM_IGKV3-20.IGKJ5.IGKC;IGHV3-74..IGHJ4.IGHM_IGLV2-23.IGLJ1.IGLC1;IGHV3-15.IGHD3-9.IGHJ6.IGHD_IGLV7-46.IGLJ3.IGLC3;IGHV1-18..IGHJ4.IGHM_IGKV2-28.IGKJ1.IGKC;IGHV3-33..IGHJ4.IGHM_IGKV2-28.IGKJ4.IGKC;IGHV1-46.IGHD2-2.IGHJ4.IGHM_IGKV3D-15.IGKJ4.IGKC;IGHV4-59..IGHJ6.IGHM_IGLV1-40.IGLJ2.IGLC2;IGHV3-33..IGHJ4.IGHM_IGLV2-14.IGLJ2.IGLC2;IGHV5-51..IGHJ4.IGHM_IGLV1-40.IGLJ2.IGLC2;IGHV3-53..IGHJ4.IGHM_IGLV3-1.IGLJ1.IGLC1;IGHV3-53.IGHD5-24.IGHJ4.IGHM_IGKV3-15.IGKJ1.IGKC;IGHV3-9.IGHD4-23.IGHJ4.IGHM_IGKV3D-20.IGKJ4.IGKC;IGHV3-30..IGHJ4.IGHA1_IGLV6-57.IGLJ2.IGLC2;IGHV4-59.IGHD2-2.IGHJ6.IGHM_IGKV1-39.IGKJ1.IGKC;IGHV4-61.IGHD2-15.IGHJ6.IGHM_IGKV1-17.IGKJ1.IGKC;IGHV3-9..IGHJ3.IGHM_IGLV1-40.IGLJ3.IGLC3;IGHV5-51.IGHD5-5.IGHJ6.IGHM_IGKV1-16.IGKJ1.IGKC;IGHV3-9..IGHJ6.IGHM_IGKV1-39.IGKJ2.IGKC;IGHV1-24..IGHJ4.IGHG1_IGKV1-39.IGKJ1.IGKC;IGHV3-11..IGHJ4.IGHM_IGLV3-25.IGLJ2.IGLC2;IGHV4-39.IGHD2-2.IGHJ2.IGHM_IGLV4-69.IGLJ2.IGLC2;IGHV3-48..IGHJ5.IGHM_IGKV3-15.IGKJ4.IGKC;IGHV3-9..IGHJ4.IGHG1_IGKV3-20.IGKJ1.IGKC;IGHV1-69D..IGHJ6.IGHM_IGLV1-40.IGLJ1.IGLC1;IGHV4-59..IGHJ5.IGHM_IGLV6-57.IGLJ3.IGLC3;IGHV3-21.IGHD6-13.IGHJ5.IGHM_IGKV1-39.IGKJ2.IGKC;IGHV3-53..IGHJ3.IGHM_IGKV1-27.IGKJ3.IGKC;IGHV3-48.IGHD3-22.IGHJ3.IGHM_IGLV1-40.IGLJ2.IGLC2;IGHV5-51.IGHD1-26.IGHJ3.IGHM_IGLV1-47.IGLJ3.IGLC2;IGHV4-59.IGHD4-17.IGHJ4.IGHM_IGLV3-25.IGLJ2.IGLC2;IGHV1-2..IGHJ6.IGHM_IGKV1-39.IGKJ2.IGKC;IGHV3-43..IGHJ6.IGHM_IGLV3-1.IGLJ2.IGLC2;IGHV3-48..IGHJ6.IGHM_IGKV3-20.IGKJ2.IGKC;IGHV3-21..IGHJ6.IGHM_IGKV1-5.IGKJ1.IGKC;IGHV3-11..IGHJ4.IGHM_IGKV1-6.IGKJ1.IGKC;IGHV3-9..IGHJ4.IGHM_IGKV3-20.IGKJ5.IGKC;IGHV4-34..IGHJ3.IGHG3_IGKV3-15.IGKJ1.IGKC;IGHV3-21..IGHJ6.IGHM_IGKV1-12.IGKJ4.IGKC;IGHV4-30-4..IGHJ6.IGHM_IGKV2-28.IGKJ3.IGKC;IGHV4-39..IGHJ4.IGHA1_IGKV1-16.IGKJ3.IGKC;IGHV4-39..IGHJ1.IGHG3_IGKV1-39.IGKJ3.IGKC;IGHV4-59..IGHJ4.IGHM_IGLV4-69.IGLJ3.IGLC2;IGHV4-39.IGHD3-10.IGHJ4.IGHM_IGLV8-61.IGLJ3.IGLC2;IGHV2-5.IGHD3-9.IGHJ5.IGHM_IGLV1-40.IGLJ2.IGLC2;IGHV3-53..IGHJ4.IGHM_IGKV1-39.IGKJ5.IGKC;IGHV3-53.IGHD2-15.IGHJ6.IGHM_IGKV3-20.IGKJ5.IGKC;IGHV1-8..IGHJ4.IGHM_IGKV3-20.IGKJ2.IGKC;IGHV1-69D..IGHJ6.IGHM_IGKV3-15.IGKJ2.IGKC;IGHV4-61..IGHJ6.IGHM_IGKV1-8.IGKJ3.IGKC;IGHV4-61..IGHJ5.IGHM_IGKV3-20.IGKJ1.IGKC;IGHV3-48.IGHD5-5.IGHJ4.IGHM_IGLV3-25.IGLJ3.IGLC3;IGHV3-7..IGHJ4.IGHM_IGLV4-69.IGLJ2.IGLC2;IGHV4-30-4.IGHD3-10.IGHJ5.IGHM_IGLV3-9.IGLJ2.IGLC2;IGHV3-30..IGHJ4.IGHM_IGKV3-20.IGKJ1.IGKC;IGHV4-30-4..IGHJ5.IGHA1_IGLV1-51.IGLJ2.IGLC2;IGHV1-3..IGHJ4.IGHM_IGKV1-33.IGKJ4.IGKC;IGHV2-5..IGHJ4.IGHM_IGKV1D-8.IGKJ1.IGKC;IGHV4-39..IGHJ4.IGHM_IGLV1-47.IGLJ2.IGLC2;IGHV1-69D.IGHD3-22.IGHJ4.IGHM_IGKV3-11.IGKJ4.IGKC;IGHV3-49..IGHJ4.IGHA1_IGLV2-23.IGLJ1.IGLC1;IGHV5-51..IGHJ5.IGHM_NA;IGHV5-51..IGHJ4.IGHM_IGLV3-19.IGLJ2.IGLC2;IGHV1-8.IGHD6-13.IGHJ6.IGHM_IGLV1-40.IGLJ2.IGLC2;IGHV1-18.IGHD6-13.IGHJ5.IGHM_IGLV7-46.IGLJ1.IGLC1;IGHV3-33..IGHJ4.IGHA1_IGLV1-51.IGLJ2.IGLC2;IGHV3-48..IGHJ3.IGHM_IGLV3-25.IGLJ3.IGLC3;IGHV3-33..IGHJ6.IGHM_IGKV1-33.IGKJ5.IGKC;IGHV3-15..IGHJ4.IGHM_IGLV3-1.IGLJ1.IGLC1;IGHV2-26..IGHJ3.IGHM_IGKV3-20.IGKJ1.IGKC;IGHV4-59.IGHD3-22.IGHJ4.IGHM_IGKV1-33.IGKJ3.IGKC;IGHV3-30.IGHD3-3.IGHJ3.IGHM_IGKV1-39.IGKJ2.IGKC;IGHV4-59..IGHJ6.IGHM_IGKV1-5.IGKJ4.IGKC;IGHV3-7..IGHJ6.IGHM_IGKV1-39.IGKJ2.IGKC;IGHV3-53.IGHD3-22.IGHJ3.IGHM_IGKV1-39.IGKJ2.IGKC;IGHV3-7..IGHJ5.IGHM_IGLV3-9.IGLJ2.IGLC2;IGHV4-59.IGHD6-6.IGHJ4.IGHG1_IGLV1-40.IGLJ1.IGLC1;IGHV2-5.IGHD3-16.IGHJ5.IGHM_IGLV3-1.IGLJ2.IGLC2;IGHV3-15.IGHD3-9.IGHJ4.IGHM_IGKV2-28.IGKJ5.IGKC;IGHV1-18.IGHD3-3.IGHJ6.IGHM_IGKV3-20.IGKJ1.IGKC;IGHV4-61.IGHD1-7.IGHJ2.IGHM_IGLV3-21.IGLJ1.IGLC1;IGHV1-24..IGHJ4.IGHM_IGKV1-5.IGKJ1.IGKC;IGHV3-48.IGHD3-22.IGHJ4.IGHM_IGKV3-15.IGKJ2.IGKC;IGHV3-48..IGHJ4.IGHM_IGKV1-39.IGKJ1.IGKC;IGHV3-7..IGHJ4.IGHM_IGKV3D-20.IGKJ4.IGKC;IGHV2-26..IGHJ4.IGHM_IGKV2D-29.IGKJ3.IGKC;IGHV1-2..IGHJ5.IGHM_IGLV2-23.IGLJ2.IGLC2;IGHV3-7..IGHJ4.IGHM_IGKV3-20.IGKJ4.IGKC;IGHV4-34..IGHJ5.IGHG3_IGLV3-25.IGLJ2.IGLC2;IGHV4-61.IGHD1-26.IGHJ4.IGHM_IGKV1D-8.IGKJ4.IGKC;IGHV4-30-4..IGHJ1.IGHG1_IGLV1-40.IGLJ1.IGLC1;IGHV2-70..IGHJ6.IGHG1_IGKV2-28.IGKJ2.IGKC;IGHV7-4-1..IGHJ4.IGHM_IGLV1-40.IGLJ2.IGLC2;IGHV1-2.IGHD6-19.IGHJ4.IGHM_IGLV2-11.IGLJ2.IGLC2;IGHV1-18..IGHJ5.IGHG1_IGKV1-39.IGKJ1.IGKC;IGHV3-7..IGHJ4.IGHM_IGKV3-15.IGKJ1.IGKC;IGHV4-39.IGHD2-2.IGHJ4.IGHM_IGKV1-5.IGKJ4.IGKC;IGHV4-39.IGHD3-3.IGHJ4.IGHM_IGLV1-40.IGLJ2.IGLC2;IGHV3-23..IGHJ4.IGHA1_IGKV1-39.IGKJ2.IGKC;IGHV3-9.IGHD3-10.IGHJ6.IGHM_IGLV3-1.IGLJ1.IGLC1;IGHV1-69D..IGHJ6.IGHM_IGKV2-28.IGKJ2.IGKC;IGHV3-30..IGHJ4.IGHA1_IGKV1-39.IGKJ4.IGKC;IGHV6-1..IGHJ4.IGHM_IGLV2-23.IGLJ3.IGLC3;IGHV4-30-4.IGHD2-2.IGHJ6.IGHM_IGLV1-40.IGLJ2.IGLC2;IGHV3-49.IGHD3-3.IGHJ4.IGHM_IGKV3-20.IGKJ1.IGKC;IGHV3-74..IGHJ5.IGHM_IGKV1-39.IGKJ2.IGKC;IGHV1-69D..IGHJ3.IGHM_IGKV1-5.IGKJ4.IGKC;IGHV7-4-1..IGHJ4.IGHM_IGKV1-39.IGKJ3.IGKC;IGHV5-51..IGHJ4.IGHM_IGKV1-9.IGKJ4.IGKC;IGHV3-53..IGHJ6.IGHM_IGKV2-28.IGKJ2.IGKC;IGHV1-24..IGHJ4.IGHM_IGKV1-12.IGKJ4.IGKC;IGHV3-9..IGHJ4.IGHM_IGLV3-25.IGLJ3.IGLC3;IGHV3-15.IGHD2-21.IGHJ4.IGHM_IGKV1-9.IGKJ4.IGKC;IGHV7-4-1..IGHJ4.IGHM_IGLV1-40.IGLJ2.IGLC2;IGHV1-2..IGHJ4.IGHM_IGLV2-8.IGLJ2.IGLC2;IGHV3-9..IGHJ1.IGHM_IGLV2-23.IGLJ2.IGLC2;IGHV1-3..IGHJ6.IGHM_IGKV1-9.IGKJ4.IGKC;IGHV5-51.IGHD3-9.IGHJ6.IGHM_IGLV7-43.IGLJ2.IGLC2;IGHV3-15.IGHD3-22.IGHJ4.IGHM_IGLV3-25.IGLJ1.IGLC1;IGHV4-61..IGHJ4.IGHM_IGKV1D-8.IGKJ2.IGKC;IGHV4-61..IGHJ6.IGHM_IGLV3-1.IGLJ1.IGLC1;IGHV3-7..IGHJ4.IGHM_IGLV3-1.IGLJ2.IGLC2;IGHV3-74..IGHJ3.IGHM_IGKV1-39.IGKJ1.IGKC;IGHV2-5.IGHD3-22.IGHJ4.IGHM_IGKV1-39.IGKJ4.IGKC;IGHV3-48..IGHJ4.IGHM_IGKV3-15.IGKJ2.IGKC;IGHV2-70.IGHD2-15.IGHJ6.IGHM_IGKV3-20.IGKJ1.IGKC;IGHV3-48.IGHD3-22.IGHJ4.IGHM_IGLV4-69.IGLJ3.IGLC2;IGHV5-51..IGHJ1.IGHM_IGKV3-20.IGKJ2.IGKC;IGHV5-51..IGHJ4.IGHG2_IGKV1-12.IGKJ4.IGKC;NA_IGKV1-39.IGKJ1.IGKC;IGHV7-4-1..IGHJ1.IGHA1_IGLV2-23.IGLJ3.IGLC3;IGHV3-30.IGHD3-22.IGHJ6.IGHM_IGLV3-25.IGLJ1.IGLC1;IGHV3-23..IGHJ4.IGHA1_IGKV1-5.IGKJ1.IGKC;IGHV1-2..IGHJ4.IGHM_IGKV1-33.IGKJ2.IGKC;IGHV4-59..IGHJ3.IGHM_IGKV1-8.IGKJ4.IGKC;IGHV4-30-4..IGHJ5.IGHM_IGKV2D-29.IGKJ2.IGKC;IGHV3-7..IGHJ6.IGHG2_IGKV3-20.IGKJ3.IGKC;IGHV4-59..IGHJ4.IGHG1_IGKV1-39.IGKJ4.IGKC;IGHV2-5..IGHJ5.IGHA2_IGKV2-28.IGKJ2.IGKC;IGHV6-1..IGHJ6.IGHM_IGKV3-20.IGKJ4.IGKC;IGHV3-72..IGHJ6.IGHA2_IGKV1-9.IGKJ5.IGKC;IGHV3-53.IGHD4-23.IGHJ5.IGHM_IGLV3-21.IGLJ2.IGLC2;IGHV3-23..IGHJ4.IGHM_IGKV1-8.IGKJ1.IGKC;IGHV1-18..IGHJ6.IGHM_IGKV2-28.IGKJ2.IGKC;IGHV3-48..IGHJ4.IGHM_IGKV2-28.IGKJ2.IGKC;IGHV3-21..IGHJ4.IGHM_IGKV3-15.IGKJ1.IGKC;IGHV1-8..IGHJ5.IGHM_IGLV3-19.IGLJ2.IGLC2;IGHV1-3.IGHD3-16.IGHJ3.IGHM_IGKV2-30.IGKJ4.IGKC;IGHV3-11.IGHD3-22.IGHJ4.IGHM_IGKV1-39.IGKJ2.IGKC;IGHV3-49.IGHD6-13.IGHJ6.IGHM_IGKV1-39.IGKJ2.IGKC;IGHV1-2..IGHJ4.IGHM_IGKV3-15.IGKJ2.IGKC;IGHV4-39..IGHJ5.IGHM_IGKV3-20.IGKJ2.IGKC;IGHV3-49.IGHD2-2.IGHJ5.IGHM_IGLV3-1.IGLJ2.IGLC2;IGHV1-46..IGHJ1.IGHM_IGLV2-23.IGLJ1.IGLC1;IGHV3-74.IGHD3-22.IGHJ4.IGHM_IGKV1-39.IGKJ1.IGKC;IGHV1-8..IGHJ3.IGHM_IGKV1-33.IGKJ4.IGKC;IGHV3-15..IGHJ4.IGHM_IGKV3-15.IGKJ3.IGKC;IGHV3-11.IGHD3-22.IGHJ3.IGHM_IGKV1-39.IGKJ1.IGKC;IGHV1-24..IGHJ6.IGHM_IGLV3-19.IGLJ1.IGLC1;IGHV3-33..IGHJ3.IGHM_IGLV2-23.IGLJ3.IGLC3;IGHV3-11.IGHD1-1.IGHJ4.IGHM_IGLV1-51.IGLJ1.IGLC1;IGHV3-11.IGHD2-2.IGHJ6.IGHM_IGKV1-39.IGKJ1.IGKC;IGHV1-18..IGHJ6.IGHM_IGKV3-20.IGKJ1.IGKC;IGHV1-2..IGHJ3.IGHM_IGLV2-11.IGLJ2.IGLC2;IGHV2-5.IGHD3-22.IGHJ4.IGHM_IGKV3-15.IGKJ4.IGKC;IGHV1-18..IGHJ4.IGHM_IGKV3-20.IGKJ2.IGKC;IGHV3-30..IGHJ4.IGHM_IGKV1-17.IGKJ1.IGKC;IGHV3-15.IGHD3-9.IGHJ6.IGHM_IGLV3-25.IGLJ2.IGLC2;IGHV3-11..IGHJ4.IGHM_IGKV3-20.IGKJ2.IGKC;IGHV7-4-1..IGHJ5.IGHA1_IGLV4-69.IGLJ3.IGLC2;IGHV3-53.IGHD3-22.IGHJ4.IGHM_IGLV4-69.IGLJ3.IGLC3;IGHV1-18..IGHJ5.IGHM_IGKV1-39.IGKJ1.IGKC;IGHV3-11..IGHJ5.IGHM_IGKV1-33.IGKJ3.IGKC;IGHV5-51..IGHJ6.IGHM_IGKV2-28.IGKJ3.IGKC;IGHV4-39.IGHD3-9.IGHJ4.IGHM_IGKV3-15.IGKJ2.IGKC;IGHV4-59..IGHJ4.IGHM_IGLV1-47.IGLJ2.IGLC2;IGHV2-26..IGHJ5.IGHM_IGLV3-21.IGLJ1.IGLC1;IGHV4-39..IGHJ4.IGHM_IGLV1-40.IGLJ2.IGLC2;IGHV1-2..IGHJ6.IGHM_IGKV3-20.IGKJ3.IGKC;IGHV4-39..IGHJ5.IGHM_IGKV1-12.IGKJ2.IGKC;IGHV1-69D.IGHD4-17.IGHJ4.IGHM_IGKV1-27.IGKJ3.IGKC;IGHV1-18..IGHJ1.IGHM_IGKV3-20.IGKJ2.IGKC;IGHV4-30-4..IGHJ4.IGHM_IGKV1-39.IGKJ1.IGKC;IGHV3-73..IGHJ4.IGHG1_IGKV1-17.IGKJ1.IGKC;IGHV3-15..IGHJ4.IGHM_IGKV1-8.IGKJ3.IGKC;IGHV3-9..IGHJ6.IGHM_IGLV10-54.IGLJ2.IGLC2;IGHV4-59..IGHJ4.IGHM_IGKV3-20.IGKJ4.IGKC;IGHV5-51..IGHJ6.IGHM_IGKV2D-40.IGKJ4.IGKC;IGHV3-53..IGHJ6.IGHM_IGKV1-39.IGKJ1.IGKC;IGHV3-30..IGHJ4.IGHM_IGLV1-47.IGLJ1.IGLC1;IGHV2-5.IGHD2-2.IGHJ5.IGHM_IGLV3-25.IGLJ1.IGLC1;IGHV4-39..IGHJ4.IGHM_IGLV1-51.IGLJ3.IGLC3;IGHV4-59..IGHJ4.IGHM_IGKV2-28.IGKJ5.IGKC;IGHV3-23..IGHJ4.IGHM_IGKV1-39.IGKJ4.IGKC;IGHV3-15.IGHD5-24.IGHJ4.IGHM_IGKV1-33.IGKJ5.IGKC;IGHV3-48..IGHJ6.IGHM_IGLV3-25.IGLJ3.IGLC2;IGHV4-59..IGHJ6.IGHM_IGKV1-39.IGKJ2.IGKC;IGHV2-5..IGHJ4.IGHM_IGKV1-5.IGKJ2.IGKC;IGHV3-15..IGHJ3.IGHM_IGKV1-17.IGKJ1.IGKC;IGHV3-49..IGHJ6.IGHM_IGKV1-16.IGKJ4.IGKC;IGHV3-30.IGHD6-19.IGHJ3.IGHM_IGKV1-5.IGKJ1.IGKC;IGHV3-33.IGHD3-3.IGHJ4.IGHM_IGKV1-6.IGKJ2.IGKC;IGHV4-30-4.IGHD3-22.IGHJ3.IGHM_IGLV3-25.IGLJ2.IGLC2;IGHV3-30.IGHD3-22.IGHJ6.IGHM_IGLV2-23.IGLJ2.IGLC2;IGHV7-4-1..IGHJ5.IGHM_IGKV3-11.IGKJ4.IGKC;IGHV3-21..IGHJ4.IGHG1_IGKV3-20.IGKJ1.IGKC;IGHV1-2..IGHJ4.IGHM_IGKV1-39.IGKJ2.IGKC;IGHV4-39.IGHD3-22.IGHJ5.IGHM_IGLV3-19.IGLJ2.IGLC2;IGHV3-33..IGHJ4.IGHM_IGLV8-61.IGLJ3.IGLC3;IGHV3-9..IGHJ4.IGHM_IGLV3-21.IGLJ2.IGLC2;IGHV3-33..IGHJ6.IGHM_IGKV1-9.IGKJ5.IGKC;IGHV6-1..IGHJ5.IGHM_IGLV1-36.IGLJ3.IGLC2;IGHV6-1.IGHD6-13.IGHJ3.IGHM_IGKV1-5.IGKJ1.IGKC;IGHV2-5.IGHD3-10.IGHJ5.IGHM_IGLV3-25.IGLJ1.IGLC1;IGHV4-59..IGHJ4.IGHM_IGLV3-19.IGLJ2.IGLC2;IGHV3-30.IGHD6-6.IGHJ4.IGHM_IGLV2-8.IGLJ1.IGLC1;IGHV2-5..IGHJ4.IGHG1_IGLV1-40.IGLJ2.IGLC2;IGHV3-74.IGHD3-22.IGHJ4.IGHM_IGKV1-39.IGKJ1.IGKC;IGHV4-39..IGHJ5.IGHM_IGLV3-25.IGLJ2.IGLC2;IGHV1-8..IGHJ6.IGHM_IGLV1-51.IGLJ2.IGLC2;IGHV5-51..IGHJ3.IGHM_IGKV1-33.IGKJ1.IGKC;IGHV1-18..IGHJ6.IGHM_IGKV3-20.IGKJ2.IGKC;IGHV3-23.IGHD3-10.IGHJ4.IGHM_IGKV1-33.IGKJ4.IGKC;IGHV3-15.IGHD5-24.IGHJ4.IGHG1_IGKV3-20.IGKJ2.IGKC;IGHV1-18..IGHJ5.IGHM_IGKV1-27.IGKJ3.IGKC;IGHV4-61..IGHJ3.IGHM_IGKV1-8.IGKJ1.IGKC;IGHV2-5.IGHD3-22.IGHJ5.IGHM_IGKV3-20.IGKJ1.IGKC;IGHV4-39.IGHD5-5.IGHJ4.IGHM_IGLV1-40.IGLJ1.IGLC1;IGHV4-59.IGHD3-9.IGHJ6.IGHM_IGLV1-47.IGLJ1.IGLC1;IGHV3-30..IGHJ5.IGHM_IGKV1-8.IGKJ4.IGKC;IGHV1-46..IGHJ4.IGHM_IGKV4-1.IGKJ2.IGKC;IGHV3-49.IGHD4-4.IGHJ5.IGHM_IGKV1-17.IGKJ4.IGKC;IGHV4-61..IGHJ6.IGHM_IGLV3-10.IGLJ3.IGLC3;IGHV3-30..IGHJ6.IGHM_IGKV1-39.IGKJ2.IGKC;IGHV3-30.IGHD3-9.IGHJ4.IGHM_IGKV1-8.IGKJ4.IGKC;IGHV3-48..IGHJ4.IGHM_IGKV1-12.IGKJ2.IGKC;IGHV7-4-1.IGHD3-10.IGHJ4.IGHM_IGKV1-39.IGKJ1.IGKC;IGHV4-39..IGHJ5.IGHM_IGKV1-8.IGKJ1.IGKC;IGHV4-61..IGHJ6.IGHM_IGLV1-51.IGLJ2.IGLC2;IGHV3-48..IGHJ3.IGHM_IGLV3-21.IGLJ1.IGLC1;IGHV4-31..IGHJ4.IGHM_IGKV1D-8.IGKJ3.IGKC;NA_IGKV3-15.IGKJ1.IGKC;IGHV3-48..IGHJ4.IGHM_IGKV2-28.IGKJ2.IGKC;IGHV5-51..IGHJ6.IGHD_IGKV1-39.IGKJ4.IGKC;IGHV3-11.IGHD5-5.IGHJ5.IGHM_IGLV1-40.IGLJ2.IGLC2;IGHV3-13..IGHJ4.IGHM_IGKV1-39.IGKJ1.IGKC;IGHV3-7..IGHJ4.IGHM_IGLV1-40.IGLJ2.IGLC2;IGHV4-30-4..IGHJ3.IGHM_IGKV3D-20.IGKJ4.IGKC;IGHV3-7..IGHJ6.IGHM_IGLV1-40.IGLJ3.IGLC2;IGHV4-59..IGHJ4.IGHM_IGLV1-47.IGLJ3.IGLC3;IGHV3-30.IGHD2-2.IGHJ4.IGHM_IGKV1-39.IGKJ5.IGKC;IGHV4-31..IGHJ4.IGHM_IGKV1-39.IGKJ2.IGKC;IGHV1-69D..IGHJ4.IGHG1_IGLV2-23.IGLJ1.IGLC1;IGHV3-30..IGHJ3.IGHM_IGKV3-15.IGKJ1.IGKC;IGHV5-51.IGHD2-15.IGHJ4.IGHM_IGKV2-28.IGKJ3.IGKC;IGHV1-69D..IGHJ4.IGHM_IGKV1-17.IGKJ1.IGKC;IGHV4-59..IGHJ5.IGHG1_IGLV3-10.IGLJ2.IGLC2;IGHV3-7..IGHJ4.IGHM_IGKV1-8.IGKJ4.IGKC;IGHV1-18..IGHJ6.IGHM_IGLV3-25.IGLJ3.IGLC2;IGHV1-8..IGHJ4.IGHM_IGLV1-47.IGLJ3.IGLC3;IGHV1-18.IGHD6-19.IGHJ5.IGHM_IGKV1-12.IGKJ2.IGKC;IGHV3-7..IGHJ4.IGHM_IGKV1-6.IGKJ1.IGKC;IGHV5-51.IGHD6-19.IGHJ4.IGHM_IGLV4-69.IGLJ2.IGLC2;IGHV1-2.IGHD3-10.IGHJ3.IGHM_IGKV1-5.IGKJ1.IGKC;IGHV3-30..IGHJ3.IGHM_IGKV1-16.IGKJ4.IGKC;IGHV1-46..IGHJ4.IGHM_IGKV3-15.IGKJ1.IGKC;IGHV4-28..IGHJ6.IGHM_IGLV8-61.IGLJ3.IGLC2;IGHV1-8..IGHJ6.IGHM_IGKV1-6.IGKJ1.IGKC;IGHV2-5..IGHJ3.IGHM_IGLV3-19.IGLJ3.IGLC3;IGHV2-5..IGHJ4.IGHM_IGLV2-23.IGLJ1.IGLC1;IGHV1-58..IGHJ6.IGHM_IGKV3-20.IGKJ4.IGKC;IGHV1-18..IGHJ4.IGHG2_IGKV2-30.IGKJ2.IGKC;IGHV4-31..IGHJ3.IGHG1_IGKV1-9.IGKJ5.IGKC;IGHV1-2.IGHD6-19.IGHJ6.IGHM_IGKV2-28.IGKJ4.IGKC;IGHV3-7..IGHJ4.IGHM_IGLV3-1.IGLJ2.IGLC2;IGHV7-4-1..IGHJ4.IGHM_IGLV1-51.IGLJ1.IGLC1;IGHV3-15.IGHD3-10.IGHJ6.IGHM_IGLV3-25.IGLJ2.IGLC2;IGHV1-69D..IGHJ6.IGHG3_IGKV3-15.IGKJ4.IGKC;NA_IGLV3-1.IGLJ2.IGLC2;IGHV5-51..IGHJ4.IGHG1_IGLV3-25.IGLJ3.IGLC2;IGHV4-59..IGHJ6.IGHM_IGLV2-11.IGLJ2.IGLC3;IGHV4-39.IGHD3-22.IGHJ4.IGHM_IGLV1-40.IGLJ2.IGLC2;IGHV3-11.IGHD4-17.IGHJ5.IGHM_IGKV1-33.IGKJ4.IGKC;IGHV4-30-4..IGHJ1.IGHM_IGLV1-51.IGLJ2.IGLC2;IGHV3-11..IGHJ5.IGHD_IGLV3-1.IGLJ3.IGLC2;IGHV3-48.IGHD2-2.IGHJ4.IGHM_IGLV1-40.IGLJ1.IGLC1;NA_IGKV3-11.IGKJ2.IGKC;IGHV4-30-4..IGHJ4.IGHM_IGKV3-20.IGKJ5.IGKC;IGHV3-7.IGHD3-3.IGHJ6.IGHD_IGKV2-28.IGKJ4.IGKC;IGHV3-30.IGHD3-22.IGHJ4.IGHM_IGKV3-15.IGKJ1.IGKC;IGHV3-33..IGHJ4.IGHM_IGLV8-61.IGLJ3.IGLC3;IGHV3-9..IGHJ4.IGHM_IGLV3-1.IGLJ2.IGLC2;IGHV1-3.IGHD4-23.IGHJ5.IGHM_IGKV1-16.IGKJ5.IGKC;IGHV4-39..IGHJ4.IGHM_IGLV3-19.IGLJ2.IGLC2;IGHV4-39..IGHJ5.IGHM_IGKV3-20.IGKJ2.IGKC;IGHV3-30.IGHD2-2.IGHJ3.IGHM_IGKV3-20.IGKJ3.IGKC;IGHV3-7..IGHJ4.IGHM_IGKV3-20.IGKJ1.IGKC;IGHV5-51.IGHD2-2.IGHJ6.IGHM_IGKV3-15.IGKJ2.IGKC;IGHV2-5..IGHJ4.IGHM_IGLV7-43.IGLJ2.IGLC2;IGHV5-51.IGHD3-10.IGHJ6.IGHM_IGKV2-28.IGKJ4.IGKC;IGHV6-1..IGHJ5.IGHM_IGKV1-33.IGKJ1.IGKC;IGHV1-2..IGHJ4.IGHM_IGKV3-15.IGKJ5.IGKC;IGHV3-30..IGHJ4.IGHM_IGLV4-69.IGLJ2.IGLC2;IGHV3-33..IGHJ2.IGHM_IGKV3-15.IGKJ1.IGKC;IGHV3-48..IGHJ4.IGHM_IGKV3-15.IGKJ1.IGKC;IGHV4-30-4..IGHJ4.IGHM_IGKV3-20.IGKJ1.IGKC;IGHV3-30..IGHJ3.IGHG1_IGKV3-20.IGKJ2.IGKC;IGHV1-2..IGHJ6.IGHM_IGKV1-39.IGKJ4.IGKC;NA_IGLV2-23.IGLJ2.IGLC2;IGHV1-69D..IGHJ6.IGHM_IGKV3-20.IGKJ4.IGKC;IGHV2-70..IGHJ3.IGHM_IGKV3-15.IGKJ1.IGKC;NA_IGLV1-40.IGLJ2.IGLC2;IGHV4-59.IGHD3-10.IGHJ6.IGHM_IGKV1-39.IGKJ2.IGKC;IGHV3-9..IGHJ4.IGHM_IGKV1D-8.IGKJ1.IGKC;IGHV3-74..IGHJ5.IGHM_IGKV1-39.IGKJ4.IGKC;IGHV3-15.IGHD4-17.IGHJ4.IGHM_IGLV3-25.IGLJ1.IGLC1;IGHV3-43..IGHJ4.IGHM_IGKV3-20.IGKJ1.IGKC;IGHV3-9..IGHJ4.IGHD_IGLV4-69.IGLJ3.IGLC3;IGHV4-61..IGHJ4.IGHM_IGKV1-39.IGKJ2.IGKC;IGHV4-30-4..IGHJ5.IGHM_IGKV1-5.IGKJ1.IGKC;IGHV3-11.IGHD5-24.IGHJ6.IGHM_IGLV2-23.IGLJ1.IGLC1;IGHV3-9.IGHD2-2.IGHJ6.IGHM_IGKV1-5.IGKJ2.IGKC;IGHV3-7..IGHJ4.IGHA2_IGKV2-30.IGKJ2.IGKC;IGHV3-73.IGHD2-15.IGHJ3.IGHM_IGKV1-39.IGKJ2.IGKC;IGHV4-39..IGHJ5.IGHM_IGLV1-40.IGLJ1.IGLC1;IGHV3-9..IGHJ4.IGHM_IGLV2-14.IGLJ2.IGLC2;IGHV5-51..IGHJ4.IGHM_IGLV8-61.IGLJ3.IGLC3;IGHV1-2.IGHD4-17.IGHJ6.IGHD_IGLV3-25.IGLJ1.IGLC1;IGHV3-73..IGHJ4.IGHM_IGKV2D-29.IGKJ1.IGKC;IGHV3-74..IGHJ4.IGHM_IGLV4-69.IGLJ1.IGLC1;IGHV3-30..IGHJ4.IGHM_IGLV3-25.IGLJ3.IGLC2;IGHV1-69D.IGHD2-2.IGHJ5.IGHM_IGLV1-40.IGLJ2.IGLC2;IGHV2-5..IGHJ5.IGHM_IGLV3-1.IGLJ1.IGLC1;IGHV2-26..IGHJ4.IGHM_IGKV1-12.IGKJ1.IGKC;IGHV3-15.IGHD3-3.IGHJ4.IGHM_IGKV1-33.IGKJ4.IGKC;IGHV1-46..IGHJ4.IGHM_IGLV3-19.IGLJ2.IGLC2;IGHV1-8.IGHD3-3.IGHJ6.IGHM_IGKV3-20.IGKJ1.IGKC;IGHV3-15.IGHD2-2.IGHJ4.IGHM_IGKV1-33.IGKJ4.IGKC;IGHV1-8.IGHD3-10.IGHJ6.IGHM_IGKV1-39.IGKJ1.IGKC;IGHV3-9.IGHD4-23.IGHJ1.IGHM_IGLV2-23.IGLJ3.IGLC2;NA_IGKV1-39.IGKJ2.IGKC;IGHV1-69D..IGHJ3.IGHM_NA;IGHV4-59..IGHJ2.IGHG2_IGKV3-20.IGKJ4.IGKC;IGHV1-46..IGHJ6.IGHM_IGKV2-28.IGKJ4.IGKC;IGHV3-48.IGHD6-19.IGHJ4.IGHM_IGKV1-16.IGKJ1.IGKC;IGHV3-30..IGHJ4.IGHM_IGLV3-21.IGLJ1.IGLC1;IGHV1-18.IGHD3-3.IGHJ6.IGHM_IGLV3-21.IGLJ1.IGLC1;IGHV4-61..IGHJ6.IGHM_IGLV7-43.IGLJ1.IGLC1;IGHV3-33..IGHJ3.IGHM_IGKV1-5.IGKJ3.IGKC;IGHV3-30.IGHD2-2.IGHJ6.IGHM_IGLV3-1.IGLJ2.IGLC2;IGHV4-39..IGHJ4.IGHM_IGLV2-18.IGLJ1.IGLC1;IGHV3-33..IGHJ6.IGHM_IGKV3-15.IGKJ4.IGKC;IGHV4-31..IGHJ4.IGHM_IGKV3-20.IGKJ1.IGKC;IGHV4-59..IGHJ6.IGHA1_IGKV2-28.IGKJ2.IGKC;IGHV1-8..IGHJ6.IGHM_IGKV2-28.IGKJ3.IGKC;IGHV4-61.IGHD5-5.IGHJ4.IGHM_IGLV1-36.IGLJ2.IGLC2;IGHV5-51..IGHJ4.IGHM_IGKV3-20.IGKJ2.IGKC;IGHV1-46.IGHD3-22.IGHJ4.IGHM_IGLV1-40.IGLJ2.IGLC2;IGHV3-49..IGHJ4.IGHM_IGKV1-12.IGKJ4.IGKC;IGHV4-61..IGHJ3.IGHM_IGLV3-19.IGLJ1.IGLC1;IGHV2-5..IGHJ6.IGHG1_IGKV1-6.IGKJ2.IGKC;IGHV1-69D..IGHJ4.IGHM_IGLV3-1.IGLJ2.IGLC2;IGHV3-33.IGHD6-19.IGHJ4.IGHM_IGKV3-20.IGKJ1.IGKC;IGHV3-43.IGHD2-2.IGHJ6.IGHM_IGKV1-8.IGKJ5.IGKC;IGHV4-61..IGHJ5.IGHM_IGLV3-1.IGLJ2.IGLC2;IGHV1-18..IGHJ5.IGHM_IGLV1-40.IGLJ3.IGLC3;IGHV4-31..IGHJ5.IGHM_IGKV3-20.IGKJ3.IGKC;IGHV3-48..IGHJ4.IGHM_IGKV1-33.IGKJ5.IGKC;IGHV1-8..IGHJ4.IGHM_IGKV1-5.IGKJ1.IGKC;IGHV4-30-4..IGHJ4.IGHM_IGLV3-1.IGLJ2.IGLC2;IGHV3-30.IGHD2-2.IGHJ6.IGHM_IGKV2-28.IGKJ3.IGKC;IGHV3-11..IGHJ4.IGHM_IGKV1-39.IGKJ2.IGKC;IGHV4-39..IGHJ5.IGHM_IGKV1-5.IGKJ1.IGKC;IGHV3-48..IGHJ4.IGHM_IGLV1-40.IGLJ2.IGLC2;IGHV2-5..IGHJ4.IGHM_IGKV1-16.IGKJ2.IGKC;IGHV3-20..IGHJ4.IGHM_IGKV3-20.IGKJ4.IGKC;IGHV3-33..IGHJ5.IGHM_IGKV1-5.IGKJ1.IGKC;IGHV3-48..IGHJ4.IGHM_IGKV1-8.IGKJ1.IGKC;IGHV3-30..IGHJ3.IGHM_IGLV1-51.IGLJ3.IGLC2;IGHV4-39..IGHJ4.IGHM_IGLV3-21.IGLJ1.IGLC1;IGHV3-11.IGHD3-22.IGHJ4.IGHM_IGLV3-21.IGLJ2.IGLC2;IGHV1-8.IGHD2-2.IGHJ6.IGHM_IGKV1-8.IGKJ4.IGKC;IGHV4-39..IGHJ2.IGHM_IGKV6-21.IGKJ4.IGKC	0	NA
18	68	IGHV4-39..IGHJ4.IGHA1_IGLV2-23.IGLJ3.IGLC2;IGHV4-39..IGHJ4.IGHM_IGLV1-44.IGLJ1.IGLC1;IGHV3-21..IGHJ6.IGHM_IGKV1-33.IGKJ3.IGKC;IGHV3-74.IGHD2-15.IGHJ6.IGHM_IGLV1-44.IGLJ1.IGLC1;IGHV3-21.IGHD3-22.IGHJ3.IGHM_IGLV3-25.IGLJ2.IGLC2;IGHV4-30-4..IGHJ5.IGHM_IGLV1-44.IGLJ2.IGLC2;IGHV3-21.IGHD3-3.IGHJ5.IGHM_IGKV1-27.IGKJ4.IGKC;IGHV3-21.IGHD4-17.IGHJ4.IGHM_IGLV1-44.IGLJ2.IGLC2;IGHV3-21..IGHJ6.IGHM_IGKV3-20.IGKJ2.IGKC;IGHV3-21..IGHJ6.IGHM_IGLV3-21.IGLJ1.IGLC1;IGHV3-21..IGHJ3.IGHM_IGKV1-39.IGKJ1.IGKC;IGHV2-26..IGHJ4.IGHM_IGLV1-51.IGLJ2.IGLC2;IGHV3-21.IGHD1-26.IGHJ4.IGHM_IGLV2-11.IGLJ3.IGLC3;IGHV3-21.IGHD6-13.IGHJ4.IGHM_IGLV1-51.IGLJ1.IGLC1;IGHV3-30..IGHJ5.IGHG1_IGLV1-44.IGLJ3.IGLC2;IGHV3-21..IGHJ5.IGHM_IGLV8-61.IGLJ2.IGLC2;IGHV4-59..IGHJ6.IGHM_IGLV1-44.IGLJ2.IGLC2;IGHV2-5..IGHJ4.IGHG1_IGLV1-44.IGLJ1.IGLC1;IGHV1-69D.IGHD2-2.IGHJ4.IGHA1_IGKV3-20.IGKJ2.IGKC;IGHV3-33.IGHD3-22.IGHJ4.IGHM_IGLV1-44.IGLJ3.IGLC2;IGHV3-11..IGHJ6.IGHA1_IGLV3-1.IGLJ2.IGLC2;IGHV3-21.IGHD1-20.IGHJ4.IGHD_IGKV1-8.IGKJ3.IGKC;IGHV3-21..IGHJ4.IGHM_IGLV3-25.IGLJ1.IGLC1;IGHV3-23.IGHD3-22.IGHJ4.IGHM_IGLV1-44.IGLJ3.IGLC3;IGHV1-8..IGHJ6.IGHG2_IGLV1-44.IGLJ1.IGLC1;IGHV3-21.IGHD5-12.IGHJ6.IGHM_IGLV1-40.IGLJ3.IGLC2;IGHV3-21..IGHJ6.IGHM_IGLV3-1.IGLJ2.IGLC2;IGHV3-21.IGHD3-10.IGHJ6.IGHM_IGLV2-23.IGLJ3.IGLC3;IGHV4-39.IGHD3-9.IGHJ4.IGHM_IGLV1-44.IGLJ1.IGLC1;IGHV1-18..IGHJ4.IGHM_IGLV1-44.IGLJ3.IGLC2;IGHV3-66..IGHJ6.IGHM_IGLV1-44.IGLJ3.IGLC3;IGHV3-21.IGHD3-22.IGHJ4.IGHM_IGKV1-12.IGKJ5.IGKC;IGHV2-5.IGHD2-2.IGHJ5.IGHM_IGLV1-44.IGLJ2.IGLC2;IGHV4-39.IGHD3-9.IGHJ4.IGHM_IGLV1-44.IGLJ1.IGLC1;IGHV6-1..IGHJ5.IGHA1_IGLV1-51.IGLJ3.IGLC2;IGHV4-59.IGHD3-10.IGHJ5.IGHM_IGLV1-44.IGLJ2.IGLC2;IGHV4-39.IGHD3-9.IGHJ2.IGHM_IGLV1-44.IGLJ2.IGLC2;IGHV1-18.IGHD4-17.IGHJ1.IGHM_IGLV1-44.IGLJ2.IGLC2;IGHV3-21..IGHJ4.IGHM_IGLV1-47.IGLJ2.IGLC2;IGHV3-21..IGHJ4.IGHG1_IGKV2D-29.IGKJ4.IGKC;IGHV4-61..IGHJ6.IGHM_IGLV1-44.IGLJ3.IGLC2;IGHV4-30-4.IGHD3-10.IGHJ4.IGHG2_IGLV1-44.IGLJ2.IGLC2;IGHV3-21..IGHJ4.IGHM_IGKV1-39.IGKJ3.IGKC;IGHV4-39..IGHJ4.IGHM_IGLV1-44.IGLJ2.IGLC2;IGHV3-21..IGHJ4.IGHM_IGKV1-8.IGKJ4.IGKC;IGHV1-69D..IGHJ4.IGHM_IGLV1-44.IGLJ1.IGLC1;IGHV3-21..IGHJ3.IGHA2_IGKV3-20.IGKJ1.IGKC;IGHV2-5..IGHJ4.IGHG1_IGLV1-44.IGLJ1.IGLC1;IGHV3-33.IGHD3-10.IGHJ4.IGHM_IGKV3-15.IGKJ1.IGKC;IGHV3-21.IGHD6-19.IGHJ5.IGHM_IGKV1-8.IGKJ2.IGKC;IGHV3-21.IGHD5-24.IGHJ4.IGHM_IGKV1-27.IGKJ3.IGKC;IGHV3-9..IGHJ4.IGHM_IGLV1-44.IGLJ3.IGLC3;IGHV3-21..IGHJ4.IGHM_IGKV1-8.IGKJ1.IGKC;IGHV3-21.IGHD5-5.IGHJ4.IGHM_IGLV1-44.IGLJ2.IGLC2;IGHV3-48..IGHJ6.IGHM_IGLV1-44.IGLJ1.IGLC1;IGHV3-21.IGHD2-2.IGHJ6.IGHM_IGKV2-28.IGKJ2.IGKC;IGHV3-21..IGHJ4.IGHM_IGLV6-57.IGLJ3.IGLC2;IGHV4-30-4.IGHD3-10.IGHJ5.IGHM_IGLV1-44.IGLJ3.IGLC3;IGHV3-21..IGHJ4.IGHM_IGKV3-15.IGKJ2.IGKC;IGHV3-21..IGHJ4.IGHM_IGKV3-15.IGKJ4.IGKC;IGHV3-21..IGHJ4.IGHM_IGKV1-33.IGKJ2.IGKC;IGHV5-51..IGHJ5.IGHA2_IGKV1-5.IGKJ1.IGKC;IGHV3-21..IGHJ4.IGHM_IGLV6-57.IGLJ3.IGLC3;IGHV3-21..IGHJ5.IGHM_IGKV1-5.IGKJ1.IGKC;IGHV3-7..IGHJ4.IGHM_IGLV1-47.IGLJ3.IGLC3;IGHV4-59..IGHJ3.IGHA1_IGLV1-44.IGLJ1.IGLC1;IGHV3-21.IGHD2-15.IGHJ4.IGHM_IGKV1-27.IGKJ1.IGKC;IGHV3-30..IGHJ6.IGHA1_IGLV1-44.IGLJ2.IGLC2	9	1	IGHV1-69D..IGHJ4.IGHM_NA	0	NA
18	68	IGHV4-39..IGHJ4.IGHA1_IGLV2-23.IGLJ3.IGLC2;IGHV4-39..IGHJ4.IGHM_IGLV1-44.IGLJ1.IGLC1;IGHV3-21..IGHJ6.IGHM_IGKV1-33.IGKJ3.IGKC;IGHV3-74.IGHD2-15.IGHJ6.IGHM_IGLV1-44.IGLJ1.IGLC1;IGHV3-21.IGHD3-22.IGHJ3.IGHM_IGLV3-25.IGLJ2.IGLC2;IGHV4-30-4..IGHJ5.IGHM_IGLV1-44.IGLJ2.IGLC2;IGHV3-21.IGHD3-3.IGHJ5.IGHM_IGKV1-27.IGKJ4.IGKC;IGHV3-21.IGHD4-17.IGHJ4.IGHM_IGLV1-44.IGLJ2.IGLC2;IGHV3-21..IGHJ6.IGHM_IGKV3-20.IGKJ2.IGKC;IGHV3-21..IGHJ6.IGHM_IGLV3-21.IGLJ1.IGLC1;IGHV3-21..IGHJ3.IGHM_IGKV1-39.IGKJ1.IGKC;IGHV2-26..IGHJ4.IGHM_IGLV1-51.IGLJ2.IGLC2;IGHV3-21.IGHD1-26.IGHJ4.IGHM_IGLV2-11.IGLJ3.IGLC3;IGHV3-21.IGHD6-13.IGHJ4.IGHM_IGLV1-51.IGLJ1.IGLC1;IGHV3-30..IGHJ5.IGHG1_IGLV1-44.IGLJ3.IGLC2;IGHV3-21..IGHJ5.IGHM_IGLV8-61.IGLJ2.IGLC2;IGHV4-59..IGHJ6.IGHM_IGLV1-44.IGLJ2.IGLC2;IGHV2-5..IGHJ4.IGHG1_IGLV1-44.IGLJ1.IGLC1;IGHV1-69D.IGHD2-2.IGHJ4.IGHA1_IGKV3-20.IGKJ2.IGKC;IGHV3-33.IGHD3-22.IGHJ4.IGHM_IGLV1-44.IGLJ3.IGLC2;IGHV3-11..IGHJ6.IGHA1_IGLV3-1.IGLJ2.IGLC2;IGHV3-21.IGHD1-20.IGHJ4.IGHD_IGKV1-8.IGKJ3.IGKC;IGHV3-21..IGHJ4.IGHM_IGLV3-25.IGLJ1.IGLC1;IGHV3-23.IGHD3-22.IGHJ4.IGHM_IGLV1-44.IGLJ3.IGLC3;IGHV1-8..IGHJ6.IGHG2_IGLV1-44.IGLJ1.IGLC1;IGHV3-21.IGHD5-12.IGHJ6.IGHM_IGLV1-40.IGLJ3.IGLC2;IGHV3-21..IGHJ6.IGHM_IGLV3-1.IGLJ2.IGLC2;IGHV3-21.IGHD3-10.IGHJ6.IGHM_IGLV2-23.IGLJ3.IGLC3;IGHV4-39.IGHD3-9.IGHJ4.IGHM_IGLV1-44.IGLJ1.IGLC1;IGHV1-18..IGHJ4.IGHM_IGLV1-44.IGLJ3.IGLC2;IGHV3-66..IGHJ6.IGHM_IGLV1-44.IGLJ3.IGLC3;IGHV3-21.IGHD3-22.IGHJ4.IGHM_IGKV1-12.IGKJ5.IGKC;IGHV2-5.IGHD2-2.IGHJ5.IGHM_IGLV1-44.IGLJ2.IGLC2;IGHV4-39.IGHD3-9.IGHJ4.IGHM_IGLV1-44.IGLJ1.IGLC1;IGHV6-1..IGHJ5.IGHA1_IGLV1-51.IGLJ3.IGLC2;IGHV4-59.IGHD3-10.IGHJ5.IGHM_IGLV1-44.IGLJ2.IGLC2;IGHV4-39.IGHD3-9.IGHJ2.IGHM_IGLV1-44.IGLJ2.IGLC2;IGHV1-18.IGHD4-17.IGHJ1.IGHM_IGLV1-44.IGLJ2.IGLC2;IGHV3-21..IGHJ4.IGHM_IGLV1-47.IGLJ2.IGLC2;IGHV3-21..IGHJ4.IGHG1_IGKV2D-29.IGKJ4.IGKC;IGHV4-61..IGHJ6.IGHM_IGLV1-44.IGLJ3.IGLC2;IGHV4-30-4.IGHD3-10.IGHJ4.IGHG2_IGLV1-44.IGLJ2.IGLC2;IGHV3-21..IGHJ4.IGHM_IGKV1-39.IGKJ3.IGKC;IGHV4-39..IGHJ4.IGHM_IGLV1-44.IGLJ2.IGLC2;IGHV3-21..IGHJ4.IGHM_IGKV1-8.IGKJ4.IGKC;IGHV1-69D..IGHJ4.IGHM_IGLV1-44.IGLJ1.IGLC1;IGHV3-21..IGHJ3.IGHA2_IGKV3-20.IGKJ1.IGKC;IGHV2-5..IGHJ4.IGHG1_IGLV1-44.IGLJ1.IGLC1;IGHV3-33.IGHD3-10.IGHJ4.IGHM_IGKV3-15.IGKJ1.IGKC;IGHV3-21.IGHD6-19.IGHJ5.IGHM_IGKV1-8.IGKJ2.IGKC;IGHV3-21.IGHD5-24.IGHJ4.IGHM_IGKV1-27.IGKJ3.IGKC;IGHV3-9..IGHJ4.IGHM_IGLV1-44.IGLJ3.IGLC3;IGHV3-21..IGHJ4.IGHM_IGKV1-8.IGKJ1.IGKC;IGHV3-21.IGHD5-5.IGHJ4.IGHM_IGLV1-44.IGLJ2.IGLC2;IGHV3-48..IGHJ6.IGHM_IGLV1-44.IGLJ1.IGLC1;IGHV3-21.IGHD2-2.IGHJ6.IGHM_IGKV2-28.IGKJ2.IGKC;IGHV3-21..IGHJ4.IGHM_IGLV6-57.IGLJ3.IGLC2;IGHV4-30-4.IGHD3-10.IGHJ5.IGHM_IGLV1-44.IGLJ3.IGLC3;IGHV3-21..IGHJ4.IGHM_IGKV3-15.IGKJ2.IGKC;IGHV3-21..IGHJ4.IGHM_IGKV3-15.IGKJ4.IGKC;IGHV3-21..IGHJ4.IGHM_IGKV1-33.IGKJ2.IGKC;IGHV5-51..IGHJ5.IGHA2_IGKV1-5.IGKJ1.IGKC;IGHV3-21..IGHJ4.IGHM_IGLV6-57.IGLJ3.IGLC3;IGHV3-21..IGHJ5.IGHM_IGKV1-5.IGKJ1.IGKC;IGHV3-7..IGHJ4.IGHM_IGLV1-47.IGLJ3.IGLC3;IGHV4-59..IGHJ3.IGHA1_IGLV1-44.IGLJ1.IGLC1;IGHV3-21.IGHD2-15.IGHJ4.IGHM_IGKV1-27.IGKJ1.IGKC;IGHV3-30..IGHJ6.IGHA1_IGLV1-44.IGLJ2.IGLC2	16	79	IGHV3-21.IGHD4-23.IGHJ2.IGHM_IGKV3-11.IGKJ2.IGKC;IGHV3-33.IGHD6-19.IGHJ6.IGHM_IGKV1-39.IGKJ1.IGKC;IGHV3-33..IGHJ5.IGHM_IGLV1-40.IGLJ1.IGLC1;IGHV3-33.IGHD2-2.IGHJ4.IGHM_IGKV3-20.IGKJ2.IGKC;IGHV3-30..IGHJ4.IGHM_IGKV3-11.IGKJ1.IGKC;IGHV4-59..IGHJ5.IGHG1_IGKV3-11.IGKJ4.IGKC;IGHV3-23..IGHJ5.IGHM_IGKV3-11.IGKJ5.IGKC;IGHV3-33..IGHJ6.IGHM_IGLV1-40.IGLJ2.IGLC2;IGHV3-33..IGHJ4.IGHM_IGKV1-5.IGKJ2.IGKC;IGHV3-11..IGHJ5.IGHM_IGKV3-15.IGKJ2.IGKC;IGHV3-33..IGHJ6.IGHM_IGKV4-1.IGKJ4.IGKC;IGHV1-3.IGHD3-9.IGHJ5.IGHM_IGKV3-11.IGKJ1.IGKC;IGHV3-7..IGHJ6.IGHM_IGKV3-11.IGKJ4.IGKC;IGHV3-33..IGHJ4.IGHM_IGKV3-15.IGKJ1.IGKC;IGHV2-5.IGHD3-9.IGHJ4.IGHM_IGKV1-39.IGKJ2.IGKC;IGHV3-33..IGHJ4.IGHM_IGKV1-39.IGKJ2.IGKC;IGHV3-33..IGHJ4.IGHM_IGKV1-12.IGKJ4.IGKC;IGHV4-59.IGHD3-9.IGHJ6.IGHM_IGLV2-8.IGLJ2.IGLC2;IGHV1-8.IGHD3-3.IGHJ2.IGHM_IGKV3-11.IGKJ2.IGKC;IGHV4-39..IGHJ3.IGHM_IGKV3-11.IGKJ3.IGKC;IGHV3-33.IGHD6-19.IGHJ4.IGHM_IGLV3-1.IGLJ2.IGLC2;IGHV3-33..IGHJ6.IGHM_IGLV3-25.IGLJ1.IGLC1;IGHV3-33..IGHJ5.IGHM_IGKV1-39.IGKJ1.IGKC;IGHV3-30..IGHJ3.IGHM_IGKV3-11.IGKJ4.IGKC;IGHV3-33..IGHJ4.IGHM_IGLV1-44.IGLJ1.IGLC1;IGHV3-33..IGHJ4.IGHM_IGLV2-23.IGLJ3.IGLC3;IGHV1-69D.IGHD6-13.IGHJ4.IGHM_IGKV3-11.IGKJ3.IGKC;IGHV3-15..IGHJ4.IGHM_IGKV3-11.IGKJ4.IGKC;IGHV1-69D.IGHD5-5.IGHJ4.IGHM_IGKV3-20.IGKJ1.IGKC;IGHV3-33.IGHD5-5.IGHJ4.IGHM_IGKV3-11.IGKJ2.IGKC;IGHV1-46..IGHJ6.IGHM_IGKV3-11.IGKJ4.IGKC;IGHV3-33..IGHJ4.IGHA1_IGLV2-23.IGLJ1.IGLC1;IGHV3-20..IGHJ5.IGHM_IGKV3-11.IGKJ4.IGKC;IGHV3-33.IGHD2-15.IGHJ4.IGHM_IGLV3-25.IGLJ2.IGLC2;IGHV4-59..IGHJ5.IGHM_IGKV3-11.IGKJ4.IGKC;IGHV3-33.IGHD5-24.IGHJ4.IGHM_IGKV1-33.IGKJ4.IGKC;IGHV3-30.IGHD3-10.IGHJ6.IGHM_IGKV3-11.IGKJ5.IGKC;IGHV3-74..IGHJ3.IGHM_IGKV1-39.IGKJ1.IGKC;IGHV1-69D.IGHD2-21.IGHJ6.IGHM_IGLV3-25.IGLJ3.IGLC3;IGHV3-33.IGHD3-10.IGHJ4.IGHM_IGLV1-40.IGLJ7.IGLC7;IGHV3-33..IGHJ4.IGHM_IGKV2-24.IGKJ2.IGKC;IGHV3-23..IGHJ5.IGHM_IGKV3-11.IGKJ5.IGKC;IGHV3-33.IGHD3-22.IGHJ4.IGHM_IGKV1-5.IGKJ2.IGKC;IGHV4-34.IGHD2-15.IGHJ6.IGHM_IGKV3-11.IGKJ2.IGKC;IGHV3-33.IGHD4-17.IGHJ6.IGHM_IGKV1-17.IGKJ1.IGKC;IGHV3-21.IGHD6-19.IGHJ4.IGHM_IGKV3-11.IGKJ1.IGKC;IGHV3-23.IGHD6-19.IGHJ4.IGHM_IGKV3-11.IGKJ1.IGKC;IGHV3-33.IGHD6-19.IGHJ6.IGHM_IGKV3-20.IGKJ1.IGKC;IGHV3-33..IGHJ4.IGHM_IGKV3-15.IGKJ1.IGKC;IGHV3-33..IGHJ4.IGHM_IGKV3-20.IGKJ2.IGKC;IGHV3-33.IGHD3-22.IGHJ3.IGHM_IGLV7-46.IGLJ3.IGLC2;IGHV3-33..IGHJ4.IGHM_IGKV1-5.IGKJ2.IGKC;IGHV3-30.IGHD3-10.IGHJ6.IGHM_IGKV3-11.IGKJ4.IGKC;IGHV3-33..IGHJ6.IGHM_IGKV1-17.IGKJ1.IGKC;IGHV1-24..IGHJ4.IGHM_IGKV3-11.IGKJ4.IGKC;IGHV1-18.IGHD3-3.IGHJ6.IGHM_IGKV3-11.IGKJ2.IGKC;IGHV3-33.IGHD5-5.IGHJ4.IGHM_IGKV1-39.IGKJ1.IGKC;IGHV3-33.IGHD5-5.IGHJ6.IGHM_IGLV3-25.IGLJ2.IGLC2;IGHV3-23..IGHJ4.IGHM_IGKV3-11.IGKJ4.IGKC;IGHV3-33..IGHJ4.IGHM_IGLV3-19.IGLJ1.IGLC1;IGHV3-33..IGHJ3.IGHM_IGKV3-11.IGKJ2.IGKC;IGHV3-33..IGHJ5.IGHM_IGLV2-23.IGLJ1.IGLC1;IGHV3-7.IGHD2-2.IGHJ4.IGHM_IGKV3-11.IGKJ3.IGKC;IGHV3-33..IGHJ4.IGHM_IGLV3-25.IGLJ1.IGLC1;IGHV3-33..IGHJ4.IGHM_IGKV3-15.IGKJ4.IGKC;IGHV3-33..IGHJ3.IGHM_IGKV1-5.IGKJ1.IGKC;IGHV3-33..IGHJ4.IGHM_IGKV1-39.IGKJ4.IGKC;IGHV5-51..IGHJ4.IGHM_IGKV3-11.IGKJ4.IGKC;IGHV3-23..IGHJ4.IGHM_IGKV3-11.IGKJ4.IGKC;IGHV3-49..IGHJ6.IGHM_IGKV3-11.IGKJ5.IGKC;IGHV3-33..IGHJ3.IGHM_IGKV1-8.IGKJ1.IGKC;IGHV3-33..IGHJ4.IGHM_IGLV3-25.IGLJ3.IGLC3;IGHV3-30.IGHD3-10.IGHJ6.IGHM_IGKV3-11.IGKJ4.IGKC;IGHV3-33..IGHJ3.IGHM_IGKV1-39.IGKJ1.IGKC;IGHV3-33.IGHD3-22.IGHJ4.IGHM_IGKV1-5.IGKJ4.IGKC;IGHV3-15..IGHJ6.IGHM_IGKV3-11.IGKJ2.IGKC;IGHV3-33..IGHJ4.IGHM_IGLV2-8.IGLJ3.IGLC2;IGHV7-4-1.IGHD3-10.IGHJ4.IGHM_IGKV3-11.IGKJ5.IGKC;IGHV3-21..IGHJ2.IGHM_IGKV3-11.IGKJ4.IGKC	0	NA
18	68	IGHV4-39..IGHJ4.IGHA1_IGLV2-23.IGLJ3.IGLC2;IGHV4-39..IGHJ4.IGHM_IGLV1-44.IGLJ1.IGLC1;IGHV3-21..IGHJ6.IGHM_IGKV1-33.IGKJ3.IGKC;IGHV3-74.IGHD2-15.IGHJ6.IGHM_IGLV1-44.IGLJ1.IGLC1;IGHV3-21.IGHD3-22.IGHJ3.IGHM_IGLV3-25.IGLJ2.IGLC2;IGHV4-30-4..IGHJ5.IGHM_IGLV1-44.IGLJ2.IGLC2;IGHV3-21.IGHD3-3.IGHJ5.IGHM_IGKV1-27.IGKJ4.IGKC;IGHV3-21.IGHD4-17.IGHJ4.IGHM_IGLV1-44.IGLJ2.IGLC2;IGHV3-21..IGHJ6.IGHM_IGKV3-20.IGKJ2.IGKC;IGHV3-21..IGHJ6.IGHM_IGLV3-21.IGLJ1.IGLC1;IGHV3-21..IGHJ3.IGHM_IGKV1-39.IGKJ1.IGKC;IGHV2-26..IGHJ4.IGHM_IGLV1-51.IGLJ2.IGLC2;IGHV3-21.IGHD1-26.IGHJ4.IGHM_IGLV2-11.IGLJ3.IGLC3;IGHV3-21.IGHD6-13.IGHJ4.IGHM_IGLV1-51.IGLJ1.IGLC1;IGHV3-30..IGHJ5.IGHG1_IGLV1-44.IGLJ3.IGLC2;IGHV3-21..IGHJ5.IGHM_IGLV8-61.IGLJ2.IGLC2;IGHV4-59..IGHJ6.IGHM_IGLV1-44.IGLJ2.IGLC2;IGHV2-5..IGHJ4.IGHG1_IGLV1-44.IGLJ1.IGLC1;IGHV1-69D.IGHD2-2.IGHJ4.IGHA1_IGKV3-20.IGKJ2.IGKC;IGHV3-33.IGHD3-22.IGHJ4.IGHM_IGLV1-44.IGLJ3.IGLC2;IGHV3-11..IGHJ6.IGHA1_IGLV3-1.IGLJ2.IGLC2;IGHV3-21.IGHD1-20.IGHJ4.IGHD_IGKV1-8.IGKJ3.IGKC;IGHV3-21..IGHJ4.IGHM_IGLV3-25.IGLJ1.IGLC1;IGHV3-23.IGHD3-22.IGHJ4.IGHM_IGLV1-44.IGLJ3.IGLC3;IGHV1-8..IGHJ6.IGHG2_IGLV1-44.IGLJ1.IGLC1;IGHV3-21.IGHD5-12.IGHJ6.IGHM_IGLV1-40.IGLJ3.IGLC2;IGHV3-21..IGHJ6.IGHM_IGLV3-1.IGLJ2.IGLC2;IGHV3-21.IGHD3-10.IGHJ6.IGHM_IGLV2-23.IGLJ3.IGLC3;IGHV4-39.IGHD3-9.IGHJ4.IGHM_IGLV1-44.IGLJ1.IGLC1;IGHV1-18..IGHJ4.IGHM_IGLV1-44.IGLJ3.IGLC2;IGHV3-66..IGHJ6.IGHM_IGLV1-44.IGLJ3.IGLC3;IGHV3-21.IGHD3-22.IGHJ4.IGHM_IGKV1-12.IGKJ5.IGKC;IGHV2-5.IGHD2-2.IGHJ5.IGHM_IGLV1-44.IGLJ2.IGLC2;IGHV4-39.IGHD3-9.IGHJ4.IGHM_IGLV1-44.IGLJ1.IGLC1;IGHV6-1..IGHJ5.IGHA1_IGLV1-51.IGLJ3.IGLC2;IGHV4-59.IGHD3-10.IGHJ5.IGHM_IGLV1-44.IGLJ2.IGLC2;IGHV4-39.IGHD3-9.IGHJ2.IGHM_IGLV1-44.IGLJ2.IGLC2;IGHV1-18.IGHD4-17.IGHJ1.IGHM_IGLV1-44.IGLJ2.IGLC2;IGHV3-21..IGHJ4.IGHM_IGLV1-47.IGLJ2.IGLC2;IGHV3-21..IGHJ4.IGHG1_IGKV2D-29.IGKJ4.IGKC;IGHV4-61..IGHJ6.IGHM_IGLV1-44.IGLJ3.IGLC2;IGHV4-30-4.IGHD3-10.IGHJ4.IGHG2_IGLV1-44.IGLJ2.IGLC2;IGHV3-21..IGHJ4.IGHM_IGKV1-39.IGKJ3.IGKC;IGHV4-39..IGHJ4.IGHM_IGLV1-44.IGLJ2.IGLC2;IGHV3-21..IGHJ4.IGHM_IGKV1-8.IGKJ4.IGKC;IGHV1-69D..IGHJ4.IGHM_IGLV1-44.IGLJ1.IGLC1;IGHV3-21..IGHJ3.IGHA2_IGKV3-20.IGKJ1.IGKC;IGHV2-5..IGHJ4.IGHG1_IGLV1-44.IGLJ1.IGLC1;IGHV3-33.IGHD3-10.IGHJ4.IGHM_IGKV3-15.IGKJ1.IGKC;IGHV3-21.IGHD6-19.IGHJ5.IGHM_IGKV1-8.IGKJ2.IGKC;IGHV3-21.IGHD5-24.IGHJ4.IGHM_IGKV1-27.IGKJ3.IGKC;IGHV3-9..IGHJ4.IGHM_IGLV1-44.IGLJ3.IGLC3;IGHV3-21..IGHJ4.IGHM_IGKV1-8.IGKJ1.IGKC;IGHV3-21.IGHD5-5.IGHJ4.IGHM_IGLV1-44.IGLJ2.IGLC2;IGHV3-48..IGHJ6.IGHM_IGLV1-44.IGLJ1.IGLC1;IGHV3-21.IGHD2-2.IGHJ6.IGHM_IGKV2-28.IGKJ2.IGKC;IGHV3-21..IGHJ4.IGHM_IGLV6-57.IGLJ3.IGLC2;IGHV4-30-4.IGHD3-10.IGHJ5.IGHM_IGLV1-44.IGLJ3.IGLC3;IGHV3-21..IGHJ4.IGHM_IGKV3-15.IGKJ2.IGKC;IGHV3-21..IGHJ4.IGHM_IGKV3-15.IGKJ4.IGKC;IGHV3-21..IGHJ4.IGHM_IGKV1-33.IGKJ2.IGKC;IGHV5-51..IGHJ5.IGHA2_IGKV1-5.IGKJ1.IGKC;IGHV3-21..IGHJ4.IGHM_IGLV6-57.IGLJ3.IGLC3;IGHV3-21..IGHJ5.IGHM_IGKV1-5.IGKJ1.IGKC;IGHV3-7..IGHJ4.IGHM_IGLV1-47.IGLJ3.IGLC3;IGHV4-59..IGHJ3.IGHA1_IGLV1-44.IGLJ1.IGLC1;IGHV3-21.IGHD2-15.IGHJ4.IGHM_IGKV1-27.IGKJ1.IGKC;IGHV3-30..IGHJ6.IGHA1_IGLV1-44.IGLJ2.IGLC2	17	67	IGHV6-1..IGHJ6.IGHM_IGKV4-1.IGKJ2.IGKC;IGHV4-34..IGHJ3.IGHM_IGLV5-39.IGLJ2.IGLC2;IGHV4-34..IGHJ3.IGHM_IGKV1-8.IGKJ1.IGKC;IGHV4-34..IGHJ5.IGHM_IGLV2-23.IGLJ2.IGLC2;IGHV4-34..IGHJ4.IGHM_IGKV1D-8.IGKJ1.IGKC;IGHV4-34..IGHJ4.IGHM_IGKV4-1.IGKJ3.IGKC;IGHV4-39..IGHJ5.IGHM_IGKV4-1.IGKJ4.IGKC;IGHV4-34..IGHJ5.IGHM_IGKV3-15.IGKJ1.IGKC;IGHV1-8..IGHJ3.IGHM_IGLV1-44.IGLJ1.IGLC1;IGHV4-34..IGHJ4.IGHM_IGKV1-39.IGKJ2.IGKC;IGHV1-18.IGHD5-24.IGHJ3.IGHM_IGKV4-1.IGKJ4.IGKC;IGHV4-34.IGHD2-2.IGHJ6.IGHM_IGKV1-12.IGKJ4.IGKC;IGHV3-30.IGHD3-10.IGHJ4.IGHG1_IGKV4-1.IGKJ4.IGKC;IGHV4-34..IGHJ4.IGHM_IGLV1-47.IGLJ3.IGLC3;IGHV4-34.IGHD3-10.IGHJ4.IGHM_IGKV1-6.IGKJ4.IGKC;IGHV3-11..IGHJ5.IGHM_IGLV3-25.IGLJ1.IGLC1;IGHV4-34..IGHJ4.IGHM_IGKV3-15.IGKJ2.IGKC;IGHV4-61..IGHJ1.IGHM_IGKV3-20.IGKJ1.IGKC;IGHV7-4-1..IGHJ4.IGHM_IGKV4-1.IGKJ4.IGKC;IGHV2-5..IGHJ4.IGHM_IGKV4-1.IGKJ1.IGKC;IGHV4-34..IGHJ4.IGHM_IGLV3-19.IGLJ1.IGLC1;IGHV4-59.IGHD3-10.IGHJ4.IGHM_IGKV4-1.IGKJ1.IGKC;IGHV3-11..IGHJ3.IGHM_IGKV4-1.IGKJ4.IGKC;IGHV1-58..IGHJ6.IGHM_IGKV4-1.IGKJ1.IGKC;IGHV6-1..IGHJ4.IGHM_IGKV4-1.IGKJ1.IGKC;IGHV4-34.IGHD2-15.IGHJ5.IGHM_IGKV1-6.IGKJ2.IGKC;IGHV3-21..IGHJ4.IGHM_IGKV4-1.IGKJ3.IGKC;IGHV4-34..IGHJ4.IGHM_IGKV1-39.IGKJ1.IGKC;IGHV3-64..IGHJ4.IGHM_IGKV4-1.IGKJ1.IGKC;IGHV1-8..IGHJ4.IGHA1_IGKV4-1.IGKJ1.IGKC;IGHV4-34.IGHD3-16.IGHJ4.IGHM_IGKV1-39.IGKJ2.IGKC;IGHV4-34.IGHD4-23.IGHJ1.IGHM_IGKV4-1.IGKJ1.IGKC;IGHV3-30..IGHJ4.IGHG2_IGKV4-1.IGKJ2.IGKC;IGHV4-34.IGHD5-5.IGHJ2.IGHM_IGLV1-44.IGLJ1.IGLC1;IGHV5-51..IGHJ6.IGHM_IGKV4-1.IGKJ2.IGKC;IGHV3-23..IGHJ4.IGHM_IGKV4-1.IGKJ1.IGKC;IGHV4-34..IGHJ5.IGHM_IGLV1-47.IGLJ1.IGLC1;IGHV4-59.IGHD6-19.IGHJ4.IGHM_IGKV4-1.IGKJ1.IGKC;IGHV4-59..IGHJ4.IGHG2_IGKV4-1.IGKJ1.IGKC;IGHV4-34..IGHJ5.IGHM_IGKV4-1.IGKJ1.IGKC;IGHV4-34.IGHD4-17.IGHJ4.IGHM_IGLV1-44.IGLJ1.IGLC1;IGHV4-34..IGHJ4.IGHM_IGLV3-21.IGLJ2.IGLC2;IGHV4-39.IGHD2-15.IGHJ4.IGHM_IGLV3-21.IGLJ2.IGLC2;IGHV3-9.IGHD6-13.IGHJ6.IGHM_IGKV4-1.IGKJ1.IGKC;IGHV4-34.IGHD3-9.IGHJ4.IGHM_IGKV1-9.IGKJ5.IGKC;IGHV4-59..IGHJ5.IGHM_IGKV4-1.IGKJ1.IGKC;IGHV4-34..IGHJ4.IGHM_IGLV3-19.IGLJ2.IGLC2;IGHV1-46..IGHJ3.IGHM_IGKV4-1.IGKJ5.IGKC;IGHV3-11..IGHJ6.IGHM_IGKV1-39.IGKJ3.IGKC;IGHV4-34..IGHJ6.IGHM_IGKV3-20.IGKJ1.IGKC;IGHV4-34..IGHJ4.IGHM_IGLV3-19.IGLJ2.IGLC2;IGHV4-34..IGHJ6.IGHM_IGKV3-20.IGKJ1.IGKC;IGHV1-3..IGHJ5.IGHM_IGKV4-1.IGKJ2.IGKC;IGHV7-4-1..IGHJ6.IGHA1_IGKV4-1.IGKJ1.IGKC;IGHV4-34.IGHD3-10.IGHJ6.IGHM_IGLV1-44.IGLJ2.IGLC2;IGHV4-34.IGHD5-5.IGHJ5.IGHM_IGLV3-19.IGLJ2.IGLC2;IGHV4-34..IGHJ5.IGHM_IGKV1-39.IGKJ4.IGKC;IGHV1-18.IGHD4-17.IGHJ4.IGHM_IGKV4-1.IGKJ4.IGKC;IGHV4-34..IGHJ6.IGHM_IGKV1-27.IGKJ2.IGKC;IGHV6-1..IGHJ4.IGHM_IGKV4-1.IGKJ1.IGKC;IGHV4-34..IGHJ4.IGHM_IGKV3-15.IGKJ2.IGKC;IGHV1-2..IGHJ5.IGHM_IGKV4-1.IGKJ2.IGKC;IGHV4-34..IGHJ6.IGHM_IGLV7-43.IGLJ1.IGLC1;IGHV4-39..IGHJ3.IGHM_IGKV4-1.IGKJ4.IGKC;IGHV4-34..IGHJ4.IGHM_IGLV1-44.IGLJ1.IGLC1;IGHV4-34.IGHD3-22.IGHJ1.IGHM_IGKV1-33.IGKJ4.IGKC;IGHV4-34.IGHD2-15.IGHJ5.IGHM_IGKV1-8.IGKJ1.IGKC	0	NA
18	68	IGHV4-39..IGHJ4.IGHA1_IGLV2-23.IGLJ3.IGLC2;IGHV4-39..IGHJ4.IGHM_IGLV1-44.IGLJ1.IGLC1;IGHV3-21..IGHJ6.IGHM_IGKV1-33.IGKJ3.IGKC;IGHV3-74.IGHD2-15.IGHJ6.IGHM_IGLV1-44.IGLJ1.IGLC1;IGHV3-21.IGHD3-22.IGHJ3.IGHM_IGLV3-25.IGLJ2.IGLC2;IGHV4-30-4..IGHJ5.IGHM_IGLV1-44.IGLJ2.IGLC2;IGHV3-21.IGHD3-3.IGHJ5.IGHM_IGKV1-27.IGKJ4.IGKC;IGHV3-21.IGHD4-17.IGHJ4.IGHM_IGLV1-44.IGLJ2.IGLC2;IGHV3-21..IGHJ6.IGHM_IGKV3-20.IGKJ2.IGKC;IGHV3-21..IGHJ6.IGHM_IGLV3-21.IGLJ1.IGLC1;IGHV3-21..IGHJ3.IGHM_IGKV1-39.IGKJ1.IGKC;IGHV2-26..IGHJ4.IGHM_IGLV1-51.IGLJ2.IGLC2;IGHV3-21.IGHD1-26.IGHJ4.IGHM_IGLV2-11.IGLJ3.IGLC3;IGHV3-21.IGHD6-13.IGHJ4.IGHM_IGLV1-51.IGLJ1.IGLC1;IGHV3-30..IGHJ5.IGHG1_IGLV1-44.IGLJ3.IGLC2;IGHV3-21..IGHJ5.IGHM_IGLV8-61.IGLJ2.IGLC2;IGHV4-59..IGHJ6.IGHM_IGLV1-44.IGLJ2.IGLC2;IGHV2-5..IGHJ4.IGHG1_IGLV1-44.IGLJ1.IGLC1;IGHV1-69D.IGHD2-2.IGHJ4.IGHA1_IGKV3-20.IGKJ2.IGKC;IGHV3-33.IGHD3-22.IGHJ4.IGHM_IGLV1-44.IGLJ3.IGLC2;IGHV3-11..IGHJ6.IGHA1_IGLV3-1.IGLJ2.IGLC2;IGHV3-21.IGHD1-20.IGHJ4.IGHD_IGKV1-8.IGKJ3.IGKC;IGHV3-21..IGHJ4.IGHM_IGLV3-25.IGLJ1.IGLC1;IGHV3-23.IGHD3-22.IGHJ4.IGHM_IGLV1-44.IGLJ3.IGLC3;IGHV1-8..IGHJ6.IGHG2_IGLV1-44.IGLJ1.IGLC1;IGHV3-21.IGHD5-12.IGHJ6.IGHM_IGLV1-40.IGLJ3.IGLC2;IGHV3-21..IGHJ6.IGHM_IGLV3-1.IGLJ2.IGLC2;IGHV3-21.IGHD3-10.IGHJ6.IGHM_IGLV2-23.IGLJ3.IGLC3;IGHV4-39.IGHD3-9.IGHJ4.IGHM_IGLV1-44.IGLJ1.IGLC1;IGHV1-18..IGHJ4.IGHM_IGLV1-44.IGLJ3.IGLC2;IGHV3-66..IGHJ6.IGHM_IGLV1-44.IGLJ3.IGLC3;IGHV3-21.IGHD3-22.IGHJ4.IGHM_IGKV1-12.IGKJ5.IGKC;IGHV2-5.IGHD2-2.IGHJ5.IGHM_IGLV1-44.IGLJ2.IGLC2;IGHV4-39.IGHD3-9.IGHJ4.IGHM_IGLV1-44.IGLJ1.IGLC1;IGHV6-1..IGHJ5.IGHA1_IGLV1-51.IGLJ3.IGLC2;IGHV4-59.IGHD3-10.IGHJ5.IGHM_IGLV1-44.IGLJ2.IGLC2;IGHV4-39.IGHD3-9.IGHJ2.IGHM_IGLV1-44.IGLJ2.IGLC2;IGHV1-18.IGHD4-17.IGHJ1.IGHM_IGLV1-44.IGLJ2.IGLC2;IGHV3-21..IGHJ4.IGHM_IGLV1-47.IGLJ2.IGLC2;IGHV3-21..IGHJ4.IGHG1_IGKV2D-29.IGKJ4.IGKC;IGHV4-61..IGHJ6.IGHM_IGLV1-44.IGLJ3.IGLC2;IGHV4-30-4.IGHD3-10.IGHJ4.IGHG2_IGLV1-44.IGLJ2.IGLC2;IGHV3-21..IGHJ4.IGHM_IGKV1-39.IGKJ3.IGKC;IGHV4-39..IGHJ4.IGHM_IGLV1-44.IGLJ2.IGLC2;IGHV3-21..IGHJ4.IGHM_IGKV1-8.IGKJ4.IGKC;IGHV1-69D..IGHJ4.IGHM_IGLV1-44.IGLJ1.IGLC1;IGHV3-21..IGHJ3.IGHA2_IGKV3-20.IGKJ1.IGKC;IGHV2-5..IGHJ4.IGHG1_IGLV1-44.IGLJ1.IGLC1;IGHV3-33.IGHD3-10.IGHJ4.IGHM_IGKV3-15.IGKJ1.IGKC;IGHV3-21.IGHD6-19.IGHJ5.IGHM_IGKV1-8.IGKJ2.IGKC;IGHV3-21.IGHD5-24.IGHJ4.IGHM_IGKV1-27.IGKJ3.IGKC;IGHV3-9..IGHJ4.IGHM_IGLV1-44.IGLJ3.IGLC3;IGHV3-21..IGHJ4.IGHM_IGKV1-8.IGKJ1.IGKC;IGHV3-21.IGHD5-5.IGHJ4.IGHM_IGLV1-44.IGLJ2.IGLC2;IGHV3-48..IGHJ6.IGHM_IGLV1-44.IGLJ1.IGLC1;IGHV3-21.IGHD2-2.IGHJ6.IGHM_IGKV2-28.IGKJ2.IGKC;IGHV3-21..IGHJ4.IGHM_IGLV6-57.IGLJ3.IGLC2;IGHV4-30-4.IGHD3-10.IGHJ5.IGHM_IGLV1-44.IGLJ3.IGLC3;IGHV3-21..IGHJ4.IGHM_IGKV3-15.IGKJ2.IGKC;IGHV3-21..IGHJ4.IGHM_IGKV3-15.IGKJ4.IGKC;IGHV3-21..IGHJ4.IGHM_IGKV1-33.IGKJ2.IGKC;IGHV5-51..IGHJ5.IGHA2_IGKV1-5.IGKJ1.IGKC;IGHV3-21..IGHJ4.IGHM_IGLV6-57.IGLJ3.IGLC3;IGHV3-21..IGHJ5.IGHM_IGKV1-5.IGKJ1.IGKC;IGHV3-7..IGHJ4.IGHM_IGLV1-47.IGLJ3.IGLC3;IGHV4-59..IGHJ3.IGHA1_IGLV1-44.IGLJ1.IGLC1;IGHV3-21.IGHD2-15.IGHJ4.IGHM_IGKV1-27.IGKJ1.IGKC;IGHV3-30..IGHJ6.IGHA1_IGLV1-44.IGLJ2.IGLC2	19	62	IGHV3-23.IGHD2-15.IGHJ3.IGHD_IGLV2-23.IGLJ1.IGLC1;IGHV3-23..IGHJ4.IGHM_IGKV3-15.IGKJ1.IGKC;IGHV3-23..IGHJ4.IGHM_IGKV2-30.IGKJ4.IGKC;IGHV3-23..IGHJ3.IGHM_IGLV1-44.IGLJ3.IGLC3;IGHV3-23..IGHJ2.IGHM_IGKV3D-15.IGKJ2.IGKC;IGHV3-23..IGHJ4.IGHM_IGLV3-21.IGLJ2.IGLC2;IGHV3-23..IGHJ3.IGHM_IGKV1-12.IGKJ2.IGKC;IGHV3-23.IGHD3-9.IGHJ4.IGHM_IGKV1-39.IGKJ1.IGKC;IGHV3-23..IGHJ4.IGHM_IGKV1-39.IGKJ2.IGKC;IGHV3-23..IGHJ4.IGHM_IGKV2-28.IGKJ2.IGKC;IGHV3-23.IGHD3-3.IGHJ6.IGHM_IGKV2-28.IGKJ1.IGKC;IGHV3-23..IGHJ3.IGHM_IGKV2-30.IGKJ2.IGKC;IGHV3-7..IGHJ4.IGHM_IGKV2-30.IGKJ1.IGKC;IGHV3-23..IGHJ2.IGHM_IGKV3-11.IGKJ4.IGKC;IGHV3-23..IGHJ5.IGHM_IGLV3-25.IGLJ2.IGLC2;IGHV3-23..IGHJ4.IGHM_IGKV3-20.IGKJ1.IGKC;IGHV3-23..IGHJ5.IGHM_IGKV1-8.IGKJ1.IGKC;IGHV3-23.IGHD3-22.IGHJ4.IGHM_IGLV3-21.IGLJ2.IGLC2;IGHV3-23..IGHJ4.IGHG2_IGLV1-47.IGLJ3.IGLC3;IGHV3-23..IGHJ4.IGHM_IGKV1-39.IGKJ1.IGKC;IGHV4-30-4..IGHJ4.IGHM_IGLV3-19.IGLJ2.IGLC2;IGHV3-23.IGHD2-15.IGHJ3.IGHM_IGKV1-39.IGKJ4.IGKC;IGHV3-23.IGHD3-22.IGHJ4.IGHM_IGLV3-1.IGLJ1.IGLC1;IGHV3-23..IGHJ4.IGHM_IGKV1-39.IGKJ2.IGKC;IGHV3-23..IGHJ3.IGHM_IGKV1-5.IGKJ1.IGKC;IGHV3-23..IGHJ5.IGHM_IGKV1-39.IGKJ2.IGKC;IGHV3-23.IGHD2-21.IGHJ6.IGHM_IGKV1-12.IGKJ2.IGKC;IGHV3-23..IGHJ4.IGHM_IGKV2-24.IGKJ2.IGKC;IGHV3-23.IGHD3-10.IGHJ3.IGHM_IGKV1-9.IGKJ3.IGKC;IGHV3-23..IGHJ4.IGHM_IGKV1-9.IGKJ5.IGKC;IGHV3-23.IGHD1-26.IGHJ4.IGHM_IGLV3-21.IGLJ3.IGLC3;IGHV3-23..IGHJ5.IGHM_IGKV1-16.IGKJ1.IGKC;IGHV3-23..IGHJ4.IGHM_IGKV1-33.IGKJ5.IGKC;IGHV3-23.IGHD6-13.IGHJ2.IGHM_IGKV3-11.IGKJ4.IGKC;IGHV3-23..IGHJ6.IGHD_IGKV1-5.IGKJ2.IGKC;IGHV3-23.IGHD6-19.IGHJ6.IGHM_IGKV3-15.IGKJ3.IGKC;IGHV3-23.IGHD6-19.IGHJ6.IGHM_IGLV3-21.IGLJ2.IGLC2;IGHV3-23.IGHD3-3.IGHJ4.IGHM_IGKV1-9.IGKJ4.IGKC;IGHV3-23.IGHD2-21.IGHJ4.IGHM_IGKV3-20.IGKJ4.IGKC;IGHV3-23..IGHJ4.IGHM_IGLV3-25.IGLJ3.IGLC2;IGHV3-23.IGHD2-15.IGHJ6.IGHM_IGKV2-28.IGKJ4.IGKC;IGHV3-23..IGHJ4.IGHM_IGLV3-1.IGLJ2.IGLC2;IGHV3-23.IGHD3-22.IGHJ3.IGHM_IGKV1-8.IGKJ1.IGKC;IGHV3-23.IGHD2-2.IGHJ4.IGHM_IGLV2-8.IGLJ1.IGLC1;IGHV3-23.IGHD3-16.IGHJ5.IGHM_IGKV1-27.IGKJ1.IGKC;IGHV3-23.IGHD1-7.IGHJ4.IGHM_IGKV3-20.IGKJ1.IGKC;IGHV3-23..IGHJ4.IGHM_IGLV2-11.IGLJ2.IGLC2;IGHV3-23.IGHD3-10.IGHJ2.IGHM_IGKV1-8.IGKJ4.IGKC;IGHV3-23..IGHJ4.IGHM_IGKV3-15.IGKJ4.IGKC;IGHV3-23..IGHJ3.IGHM_IGKV1-39.IGKJ4.IGKC;IGHV3-23.IGHD3-10.IGHJ4.IGHM_IGKV3-15.IGKJ2.IGKC;IGHV3-23..IGHJ3.IGHM_IGKV1-9.IGKJ3.IGKC;IGHV3-23.IGHD3-10.IGHJ4.IGHM_IGKV3D-15.IGKJ2.IGKC;IGHV3-23..IGHJ3.IGHM_IGKV1-33.IGKJ3.IGKC;IGHV3-23..IGHJ4.IGHM_IGKV1-33.IGKJ1.IGKC;IGHV3-23..IGHJ1.IGHM_IGKV2-28.IGKJ1.IGKC;IGHV3-23..IGHJ4.IGHM_IGKV1D-8.IGKJ2.IGKC;IGHV3-23..IGHJ6.IGHM_IGKV3-15.IGKJ4.IGKC;IGHV3-23..IGHJ3.IGHM_IGKV1-5.IGKJ4.IGKC;IGHV3-23..IGHJ6.IGHM_IGLV8-61.IGLJ2.IGLC2;IGHV3-23..IGHJ4.IGHM_IGKV1-39.IGKJ2.IGKC;IGHV3-23..IGHJ6.IGHM_IGKV1-5.IGKJ2.IGKC	0	NA
18	68	IGHV4-39..IGHJ4.IGHA1_IGLV2-23.IGLJ3.IGLC2;IGHV4-39..IGHJ4.IGHM_IGLV1-44.IGLJ1.IGLC1;IGHV3-21..IGHJ6.IGHM_IGKV1-33.IGKJ3.IGKC;IGHV3-74.IGHD2-15.IGHJ6.IGHM_IGLV1-44.IGLJ1.IGLC1;IGHV3-21.IGHD3-22.IGHJ3.IGHM_IGLV3-25.IGLJ2.IGLC2;IGHV4-30-4..IGHJ5.IGHM_IGLV1-44.IGLJ2.IGLC2;IGHV3-21.IGHD3-3.IGHJ5.IGHM_IGKV1-27.IGKJ4.IGKC;IGHV3-21.IGHD4-17.IGHJ4.IGHM_IGLV1-44.IGLJ2.IGLC2;IGHV3-21..IGHJ6.IGHM_IGKV3-20.IGKJ2.IGKC;IGHV3-21..IGHJ6.IGHM_IGLV3-21.IGLJ1.IGLC1;IGHV3-21..IGHJ3.IGHM_IGKV1-39.IGKJ1.IGKC;IGHV2-26..IGHJ4.IGHM_IGLV1-51.IGLJ2.IGLC2;IGHV3-21.IGHD1-26.IGHJ4.IGHM_IGLV2-11.IGLJ3.IGLC3;IGHV3-21.IGHD6-13.IGHJ4.IGHM_IGLV1-51.IGLJ1.IGLC1;IGHV3-30..IGHJ5.IGHG1_IGLV1-44.IGLJ3.IGLC2;IGHV3-21..IGHJ5.IGHM_IGLV8-61.IGLJ2.IGLC2;IGHV4-59..IGHJ6.IGHM_IGLV1-44.IGLJ2.IGLC2;IGHV2-5..IGHJ4.IGHG1_IGLV1-44.IGLJ1.IGLC1;IGHV1-69D.IGHD2-2.IGHJ4.IGHA1_IGKV3-20.IGKJ2.IGKC;IGHV3-33.IGHD3-22.IGHJ4.IGHM_IGLV1-44.IGLJ3.IGLC2;IGHV3-11..IGHJ6.IGHA1_IGLV3-1.IGLJ2.IGLC2;IGHV3-21.IGHD1-20.IGHJ4.IGHD_IGKV1-8.IGKJ3.IGKC;IGHV3-21..IGHJ4.IGHM_IGLV3-25.IGLJ1.IGLC1;IGHV3-23.IGHD3-22.IGHJ4.IGHM_IGLV1-44.IGLJ3.IGLC3;IGHV1-8..IGHJ6.IGHG2_IGLV1-44.IGLJ1.IGLC1;IGHV3-21.IGHD5-12.IGHJ6.IGHM_IGLV1-40.IGLJ3.IGLC2;IGHV3-21..IGHJ6.IGHM_IGLV3-1.IGLJ2.IGLC2;IGHV3-21.IGHD3-10.IGHJ6.IGHM_IGLV2-23.IGLJ3.IGLC3;IGHV4-39.IGHD3-9.IGHJ4.IGHM_IGLV1-44.IGLJ1.IGLC1;IGHV1-18..IGHJ4.IGHM_IGLV1-44.IGLJ3.IGLC2;IGHV3-66..IGHJ6.IGHM_IGLV1-44.IGLJ3.IGLC3;IGHV3-21.IGHD3-22.IGHJ4.IGHM_IGKV1-12.IGKJ5.IGKC;IGHV2-5.IGHD2-2.IGHJ5.IGHM_IGLV1-44.IGLJ2.IGLC2;IGHV4-39.IGHD3-9.IGHJ4.IGHM_IGLV1-44.IGLJ1.IGLC1;IGHV6-1..IGHJ5.IGHA1_IGLV1-51.IGLJ3.IGLC2;IGHV4-59.IGHD3-10.IGHJ5.IGHM_IGLV1-44.IGLJ2.IGLC2;IGHV4-39.IGHD3-9.IGHJ2.IGHM_IGLV1-44.IGLJ2.IGLC2;IGHV1-18.IGHD4-17.IGHJ1.IGHM_IGLV1-44.IGLJ2.IGLC2;IGHV3-21..IGHJ4.IGHM_IGLV1-47.IGLJ2.IGLC2;IGHV3-21..IGHJ4.IGHG1_IGKV2D-29.IGKJ4.IGKC;IGHV4-61..IGHJ6.IGHM_IGLV1-44.IGLJ3.IGLC2;IGHV4-30-4.IGHD3-10.IGHJ4.IGHG2_IGLV1-44.IGLJ2.IGLC2;IGHV3-21..IGHJ4.IGHM_IGKV1-39.IGKJ3.IGKC;IGHV4-39..IGHJ4.IGHM_IGLV1-44.IGLJ2.IGLC2;IGHV3-21..IGHJ4.IGHM_IGKV1-8.IGKJ4.IGKC;IGHV1-69D..IGHJ4.IGHM_IGLV1-44.IGLJ1.IGLC1;IGHV3-21..IGHJ3.IGHA2_IGKV3-20.IGKJ1.IGKC;IGHV2-5..IGHJ4.IGHG1_IGLV1-44.IGLJ1.IGLC1;IGHV3-33.IGHD3-10.IGHJ4.IGHM_IGKV3-15.IGKJ1.IGKC;IGHV3-21.IGHD6-19.IGHJ5.IGHM_IGKV1-8.IGKJ2.IGKC;IGHV3-21.IGHD5-24.IGHJ4.IGHM_IGKV1-27.IGKJ3.IGKC;IGHV3-9..IGHJ4.IGHM_IGLV1-44.IGLJ3.IGLC3;IGHV3-21..IGHJ4.IGHM_IGKV1-8.IGKJ1.IGKC;IGHV3-21.IGHD5-5.IGHJ4.IGHM_IGLV1-44.IGLJ2.IGLC2;IGHV3-48..IGHJ6.IGHM_IGLV1-44.IGLJ1.IGLC1;IGHV3-21.IGHD2-2.IGHJ6.IGHM_IGKV2-28.IGKJ2.IGKC;IGHV3-21..IGHJ4.IGHM_IGLV6-57.IGLJ3.IGLC2;IGHV4-30-4.IGHD3-10.IGHJ5.IGHM_IGLV1-44.IGLJ3.IGLC3;IGHV3-21..IGHJ4.IGHM_IGKV3-15.IGKJ2.IGKC;IGHV3-21..IGHJ4.IGHM_IGKV3-15.IGKJ4.IGKC;IGHV3-21..IGHJ4.IGHM_IGKV1-33.IGKJ2.IGKC;IGHV5-51..IGHJ5.IGHA2_IGKV1-5.IGKJ1.IGKC;IGHV3-21..IGHJ4.IGHM_IGLV6-57.IGLJ3.IGLC3;IGHV3-21..IGHJ5.IGHM_IGKV1-5.IGKJ1.IGKC;IGHV3-7..IGHJ4.IGHM_IGLV1-47.IGLJ3.IGLC3;IGHV4-59..IGHJ3.IGHA1_IGLV1-44.IGLJ1.IGLC1;IGHV3-21.IGHD2-15.IGHJ4.IGHM_IGKV1-27.IGKJ1.IGKC;IGHV3-30..IGHJ6.IGHA1_IGLV1-44.IGLJ2.IGLC2	20	56	IGHV4-61..IGHJ6.IGHM_IGLV2-14.IGLJ3.IGLC3;IGHV3-33..IGHJ6.IGHM_IGLV2-14.IGLJ1.IGLC1;IGHV3-49..IGHJ3.IGHM_IGLV2-14.IGLJ2.IGLC2;IGHV3-7..IGHJ6.IGHA1_IGLV2-14.IGLJ1.IGLC1;IGHV3-11..IGHJ4.IGHM_IGLV1-36.IGLJ1.IGLC1;IGHV1-8..IGHJ4.IGHM_IGLV2-14.IGLJ2.IGLC2;IGHV1-3.IGHD3-10.IGHJ2.IGHM_IGLV2-14.IGLJ2.IGLC2;IGHV3-23.IGHD3-3.IGHJ6.IGHD_IGLV2-14.IGLJ2.IGLC2;IGHV3-11..IGHJ6.IGHM_IGLV2-14.IGLJ3.IGLC3;IGHV4-61.IGHD3-22.IGHJ4.IGHM_IGLV2-14.IGLJ1.IGLC1;IGHV4-39..IGHJ4.IGHM_IGLV2-14.IGLJ3.IGLC3;IGHV3-15.IGHD3-22.IGHJ4.IGHM_IGLV2-14.IGLJ1.IGLC1;IGHV2-5..IGHJ6.IGHG2_IGLV2-14.IGLJ1.IGLC1;IGHV3-30.IGHD3-10.IGHJ4.IGHM_IGLV2-14.IGLJ1.IGLC1;IGHV1-69D..IGHJ6.IGHM_IGLV2-14.IGLJ1.IGLC1;IGHV3-30..IGHJ2.IGHM_IGLV2-14.IGLJ2.IGLC3;IGHV4-39..IGHJ5.IGHM_IGLV2-14.IGLJ2.IGLC2;IGHV4-39..IGHJ6.IGHM_IGLV2-14.IGLJ2.IGLC2;IGHV4-34.IGHD6-19.IGHJ6.IGHM_IGLV2-14.IGLJ2.IGLC2;IGHV1-18.IGHD3-9.IGHJ4.IGHM_IGLV2-14.IGLJ2.IGLC2;IGHV3-30..IGHJ4.IGHM_IGLV2-14.IGLJ3.IGLC2;IGHV3-33.IGHD2-2.IGHJ6.IGHM_IGLV1-51.IGLJ2.IGLC2;IGHV2-70..IGHJ4.IGHM_IGLV2-14.IGLJ2.IGLC2;IGHV3-53..IGHJ6.IGHM_IGKV1-9.IGKJ2.IGKC;IGHV3-74.IGHD7-27.IGHJ4.IGHG1_IGLV2-14.IGLJ1.IGLC1;IGHV3-33.IGHD3-10.IGHJ6.IGHG1_IGLV2-14.IGLJ2.IGLC2;IGHV2-26.IGHD2-15.IGHJ6.IGHM_IGLV2-14.IGLJ2.IGLC2;IGHV3-21..IGHJ5.IGHG2_IGLV2-14.IGLJ3.IGLC3;IGHV4-61.IGHD2-15.IGHJ6.IGHM_IGLV2-14.IGLJ3.IGLC2;IGHV1-2..IGHJ4.IGHM_IGLV2-14.IGLJ2.IGLC3;IGHV3-33..IGHJ5.IGHM_IGLV2-14.IGLJ1.IGLC1;IGHV3-21.IGHD3-22.IGHJ4.IGHM_IGLV2-14.IGLJ2.IGLC2;IGHV4-31..IGHJ4.IGHM_IGLV2-14.IGLJ2.IGLC2;IGHV2-5..IGHJ4.IGHM_IGLV2-14.IGLJ2.IGLC3;IGHV4-31.IGHD3-9.IGHJ6.IGHM_IGLV2-14.IGLJ1.IGLC1;IGHV3-33..IGHJ6.IGHM_IGLV2-14.IGLJ1.IGLC1;IGHV4-39..IGHJ4.IGHM_IGKV3-20.IGKJ1.IGKC;IGHV3-66..IGHJ4.IGHM_IGLV2-14.IGLJ1.IGLC1;IGHV5-51..IGHJ4.IGHM_IGLV2-14.IGLJ3.IGLC3;IGHV3-33..IGHJ6.IGHA1_IGLV2-14.IGLJ2.IGLC2;IGHV3-9..IGHJ4.IGHM_IGLV2-14.IGLJ2.IGLC2;IGHV4-34..IGHJ6.IGHM_IGLV2-14.IGLJ1.IGLC1;IGHV3-11.IGHD3-22.IGHJ6.IGHM_IGLV2-14.IGLJ2.IGLC2;IGHV3-9.IGHD3-9.IGHJ6.IGHA1_IGLV2-14.IGLJ1.IGLC1;IGHV3-9..IGHJ4.IGHM_IGLV2-14.IGLJ2.IGLC2;IGHV4-39..IGHJ1.IGHM_IGLV2-14.IGLJ2.IGLC2;IGHV3-9..IGHJ6.IGHM_IGLV2-14.IGLJ1.IGLC1;IGHV4-30-4..IGHJ1.IGHM_IGLV2-14.IGLJ2.IGLC2;IGHV3-48..IGHJ6.IGHM_IGLV2-14.IGLJ2.IGLC2;IGHV1-46..IGHJ5.IGHM_IGLV2-8.IGLJ2.IGLC2;IGHV3-74..IGHJ4.IGHM_IGLV2-14.IGLJ2.IGLC2;IGHV3-33.IGHD4-17.IGHJ3.IGHG1_IGLV2-14.IGLJ1.IGLC1;IGHV1-69D.IGHD2-15.IGHJ5.IGHM_IGLV2-14.IGLJ3.IGLC2;IGHV3-23.IGHD1-20.IGHJ4.IGHM_IGLV2-14.IGLJ3.IGLC2;IGHV3-48..IGHJ5.IGHM_IGLV2-14.IGLJ3.IGLC3;IGHV3-9..IGHJ6.IGHA1_IGLV2-14.IGLJ1.IGLC1	0	NA
18	68	IGHV4-39..IGHJ4.IGHA1_IGLV2-23.IGLJ3.IGLC2;IGHV4-39..IGHJ4.IGHM_IGLV1-44.IGLJ1.IGLC1;IGHV3-21..IGHJ6.IGHM_IGKV1-33.IGKJ3.IGKC;IGHV3-74.IGHD2-15.IGHJ6.IGHM_IGLV1-44.IGLJ1.IGLC1;IGHV3-21.IGHD3-22.IGHJ3.IGHM_IGLV3-25.IGLJ2.IGLC2;IGHV4-30-4..IGHJ5.IGHM_IGLV1-44.IGLJ2.IGLC2;IGHV3-21.IGHD3-3.IGHJ5.IGHM_IGKV1-27.IGKJ4.IGKC;IGHV3-21.IGHD4-17.IGHJ4.IGHM_IGLV1-44.IGLJ2.IGLC2;IGHV3-21..IGHJ6.IGHM_IGKV3-20.IGKJ2.IGKC;IGHV3-21..IGHJ6.IGHM_IGLV3-21.IGLJ1.IGLC1;IGHV3-21..IGHJ3.IGHM_IGKV1-39.IGKJ1.IGKC;IGHV2-26..IGHJ4.IGHM_IGLV1-51.IGLJ2.IGLC2;IGHV3-21.IGHD1-26.IGHJ4.IGHM_IGLV2-11.IGLJ3.IGLC3;IGHV3-21.IGHD6-13.IGHJ4.IGHM_IGLV1-51.IGLJ1.IGLC1;IGHV3-30..IGHJ5.IGHG1_IGLV1-44.IGLJ3.IGLC2;IGHV3-21..IGHJ5.IGHM_IGLV8-61.IGLJ2.IGLC2;IGHV4-59..IGHJ6.IGHM_IGLV1-44.IGLJ2.IGLC2;IGHV2-5..IGHJ4.IGHG1_IGLV1-44.IGLJ1.IGLC1;IGHV1-69D.IGHD2-2.IGHJ4.IGHA1_IGKV3-20.IGKJ2.IGKC;IGHV3-33.IGHD3-22.IGHJ4.IGHM_IGLV1-44.IGLJ3.IGLC2;IGHV3-11..IGHJ6.IGHA1_IGLV3-1.IGLJ2.IGLC2;IGHV3-21.IGHD1-20.IGHJ4.IGHD_IGKV1-8.IGKJ3.IGKC;IGHV3-21..IGHJ4.IGHM_IGLV3-25.IGLJ1.IGLC1;IGHV3-23.IGHD3-22.IGHJ4.IGHM_IGLV1-44.IGLJ3.IGLC3;IGHV1-8..IGHJ6.IGHG2_IGLV1-44.IGLJ1.IGLC1;IGHV3-21.IGHD5-12.IGHJ6.IGHM_IGLV1-40.IGLJ3.IGLC2;IGHV3-21..IGHJ6.IGHM_IGLV3-1.IGLJ2.IGLC2;IGHV3-21.IGHD3-10.IGHJ6.IGHM_IGLV2-23.IGLJ3.IGLC3;IGHV4-39.IGHD3-9.IGHJ4.IGHM_IGLV1-44.IGLJ1.IGLC1;IGHV1-18..IGHJ4.IGHM_IGLV1-44.IGLJ3.IGLC2;IGHV3-66..IGHJ6.IGHM_IGLV1-44.IGLJ3.IGLC3;IGHV3-21.IGHD3-22.IGHJ4.IGHM_IGKV1-12.IGKJ5.IGKC;IGHV2-5.IGHD2-2.IGHJ5.IGHM_IGLV1-44.IGLJ2.IGLC2;IGHV4-39.IGHD3-9.IGHJ4.IGHM_IGLV1-44.IGLJ1.IGLC1;IGHV6-1..IGHJ5.IGHA1_IGLV1-51.IGLJ3.IGLC2;IGHV4-59.IGHD3-10.IGHJ5.IGHM_IGLV1-44.IGLJ2.IGLC2;IGHV4-39.IGHD3-9.IGHJ2.IGHM_IGLV1-44.IGLJ2.IGLC2;IGHV1-18.IGHD4-17.IGHJ1.IGHM_IGLV1-44.IGLJ2.IGLC2;IGHV3-21..IGHJ4.IGHM_IGLV1-47.IGLJ2.IGLC2;IGHV3-21..IGHJ4.IGHG1_IGKV2D-29.IGKJ4.IGKC;IGHV4-61..IGHJ6.IGHM_IGLV1-44.IGLJ3.IGLC2;IGHV4-30-4.IGHD3-10.IGHJ4.IGHG2_IGLV1-44.IGLJ2.IGLC2;IGHV3-21..IGHJ4.IGHM_IGKV1-39.IGKJ3.IGKC;IGHV4-39..IGHJ4.IGHM_IGLV1-44.IGLJ2.IGLC2;IGHV3-21..IGHJ4.IGHM_IGKV1-8.IGKJ4.IGKC;IGHV1-69D..IGHJ4.IGHM_IGLV1-44.IGLJ1.IGLC1;IGHV3-21..IGHJ3.IGHA2_IGKV3-20.IGKJ1.IGKC;IGHV2-5..IGHJ4.IGHG1_IGLV1-44.IGLJ1.IGLC1;IGHV3-33.IGHD3-10.IGHJ4.IGHM_IGKV3-15.IGKJ1.IGKC;IGHV3-21.IGHD6-19.IGHJ5.IGHM_IGKV1-8.IGKJ2.IGKC;IGHV3-21.IGHD5-24.IGHJ4.IGHM_IGKV1-27.IGKJ3.IGKC;IGHV3-9..IGHJ4.IGHM_IGLV1-44.IGLJ3.IGLC3;IGHV3-21..IGHJ4.IGHM_IGKV1-8.IGKJ1.IGKC;IGHV3-21.IGHD5-5.IGHJ4.IGHM_IGLV1-44.IGLJ2.IGLC2;IGHV3-48..IGHJ6.IGHM_IGLV1-44.IGLJ1.IGLC1;IGHV3-21.IGHD2-2.IGHJ6.IGHM_IGKV2-28.IGKJ2.IGKC;IGHV3-21..IGHJ4.IGHM_IGLV6-57.IGLJ3.IGLC2;IGHV4-30-4.IGHD3-10.IGHJ5.IGHM_IGLV1-44.IGLJ3.IGLC3;IGHV3-21..IGHJ4.IGHM_IGKV3-15.IGKJ2.IGKC;IGHV3-21..IGHJ4.IGHM_IGKV3-15.IGKJ4.IGKC;IGHV3-21..IGHJ4.IGHM_IGKV1-33.IGKJ2.IGKC;IGHV5-51..IGHJ5.IGHA2_IGKV1-5.IGKJ1.IGKC;IGHV3-21..IGHJ4.IGHM_IGLV6-57.IGLJ3.IGLC3;IGHV3-21..IGHJ5.IGHM_IGKV1-5.IGKJ1.IGKC;IGHV3-7..IGHJ4.IGHM_IGLV1-47.IGLJ3.IGLC3;IGHV4-59..IGHJ3.IGHA1_IGLV1-44.IGLJ1.IGLC1;IGHV3-21.IGHD2-15.IGHJ4.IGHM_IGKV1-27.IGKJ1.IGKC;IGHV3-30..IGHJ6.IGHA1_IGLV1-44.IGLJ2.IGLC2	22	1	IGHV4-59.IGHD3-22.IGHJ3.IGHM_IGKV1-33.IGKJ3.IGKC	0	NA
19	62	IGHV3-23.IGHD2-15.IGHJ3.IGHD_IGLV2-23.IGLJ1.IGLC1;IGHV3-23..IGHJ4.IGHM_IGKV3-15.IGKJ1.IGKC;IGHV3-23..IGHJ4.IGHM_IGKV2-30.IGKJ4.IGKC;IGHV3-23..IGHJ3.IGHM_IGLV1-44.IGLJ3.IGLC3;IGHV3-23..IGHJ2.IGHM_IGKV3D-15.IGKJ2.IGKC;IGHV3-23..IGHJ4.IGHM_IGLV3-21.IGLJ2.IGLC2;IGHV3-23..IGHJ3.IGHM_IGKV1-12.IGKJ2.IGKC;IGHV3-23.IGHD3-9.IGHJ4.IGHM_IGKV1-39.IGKJ1.IGKC;IGHV3-23..IGHJ4.IGHM_IGKV1-39.IGKJ2.IGKC;IGHV3-23..IGHJ4.IGHM_IGKV2-28.IGKJ2.IGKC;IGHV3-23.IGHD3-3.IGHJ6.IGHM_IGKV2-28.IGKJ1.IGKC;IGHV3-23..IGHJ3.IGHM_IGKV2-30.IGKJ2.IGKC;IGHV3-7..IGHJ4.IGHM_IGKV2-30.IGKJ1.IGKC;IGHV3-23..IGHJ2.IGHM_IGKV3-11.IGKJ4.IGKC;IGHV3-23..IGHJ5.IGHM_IGLV3-25.IGLJ2.IGLC2;IGHV3-23..IGHJ4.IGHM_IGKV3-20.IGKJ1.IGKC;IGHV3-23..IGHJ5.IGHM_IGKV1-8.IGKJ1.IGKC;IGHV3-23.IGHD3-22.IGHJ4.IGHM_IGLV3-21.IGLJ2.IGLC2;IGHV3-23..IGHJ4.IGHG2_IGLV1-47.IGLJ3.IGLC3;IGHV3-23..IGHJ4.IGHM_IGKV1-39.IGKJ1.IGKC;IGHV4-30-4..IGHJ4.IGHM_IGLV3-19.IGLJ2.IGLC2;IGHV3-23.IGHD2-15.IGHJ3.IGHM_IGKV1-39.IGKJ4.IGKC;IGHV3-23.IGHD3-22.IGHJ4.IGHM_IGLV3-1.IGLJ1.IGLC1;IGHV3-23..IGHJ4.IGHM_IGKV1-39.IGKJ2.IGKC;IGHV3-23..IGHJ3.IGHM_IGKV1-5.IGKJ1.IGKC;IGHV3-23..IGHJ5.IGHM_IGKV1-39.IGKJ2.IGKC;IGHV3-23.IGHD2-21.IGHJ6.IGHM_IGKV1-12.IGKJ2.IGKC;IGHV3-23..IGHJ4.IGHM_IGKV2-24.IGKJ2.IGKC;IGHV3-23.IGHD3-10.IGHJ3.IGHM_IGKV1-9.IGKJ3.IGKC;IGHV3-23..IGHJ4.IGHM_IGKV1-9.IGKJ5.IGKC;IGHV3-23.IGHD1-26.IGHJ4.IGHM_IGLV3-21.IGLJ3.IGLC3;IGHV3-23..IGHJ5.IGHM_IGKV1-16.IGKJ1.IGKC;IGHV3-23..IGHJ4.IGHM_IGKV1-33.IGKJ5.IGKC;IGHV3-23.IGHD6-13.IGHJ2.IGHM_IGKV3-11.IGKJ4.IGKC;IGHV3-23..IGHJ6.IGHD_IGKV1-5.IGKJ2.IGKC;IGHV3-23.IGHD6-19.IGHJ6.IGHM_IGKV3-15.IGKJ3.IGKC;IGHV3-23.IGHD6-19.IGHJ6.IGHM_IGLV3-21.IGLJ2.IGLC2;IGHV3-23.IGHD3-3.IGHJ4.IGHM_IGKV1-9.IGKJ4.IGKC;IGHV3-23.IGHD2-21.IGHJ4.IGHM_IGKV3-20.IGKJ4.IGKC;IGHV3-23..IGHJ4.IGHM_IGLV3-25.IGLJ3.IGLC2;IGHV3-23.IGHD2-15.IGHJ6.IGHM_IGKV2-28.IGKJ4.IGKC;IGHV3-23..IGHJ4.IGHM_IGLV3-1.IGLJ2.IGLC2;IGHV3-23.IGHD3-22.IGHJ3.IGHM_IGKV1-8.IGKJ1.IGKC;IGHV3-23.IGHD2-2.IGHJ4.IGHM_IGLV2-8.IGLJ1.IGLC1;IGHV3-23.IGHD3-16.IGHJ5.IGHM_IGKV1-27.IGKJ1.IGKC;IGHV3-23.IGHD1-7.IGHJ4.IGHM_IGKV3-20.IGKJ1.IGKC;IGHV3-23..IGHJ4.IGHM_IGLV2-11.IGLJ2.IGLC2;IGHV3-23.IGHD3-10.IGHJ2.IGHM_IGKV1-8.IGKJ4.IGKC;IGHV3-23..IGHJ4.IGHM_IGKV3-15.IGKJ4.IGKC;IGHV3-23..IGHJ3.IGHM_IGKV1-39.IGKJ4.IGKC;IGHV3-23.IGHD3-10.IGHJ4.IGHM_IGKV3-15.IGKJ2.IGKC;IGHV3-23..IGHJ3.IGHM_IGKV1-9.IGKJ3.IGKC;IGHV3-23.IGHD3-10.IGHJ4.IGHM_IGKV3D-15.IGKJ2.IGKC;IGHV3-23..IGHJ3.IGHM_IGKV1-33.IGKJ3.IGKC;IGHV3-23..IGHJ4.IGHM_IGKV1-33.IGKJ1.IGKC;IGHV3-23..IGHJ1.IGHM_IGKV2-28.IGKJ1.IGKC;IGHV3-23..IGHJ4.IGHM_IGKV1D-8.IGKJ2.IGKC;IGHV3-23..IGHJ6.IGHM_IGKV3-15.IGKJ4.IGKC;IGHV3-23..IGHJ3.IGHM_IGKV1-5.IGKJ4.IGKC;IGHV3-23..IGHJ6.IGHM_IGLV8-61.IGLJ2.IGLC2;IGHV3-23..IGHJ4.IGHM_IGKV1-39.IGKJ2.IGKC;IGHV3-23..IGHJ6.IGHM_IGKV1-5.IGKJ2.IGKC	0	3	IGHV1-2..IGHJ6.IGHM_IGKV4-1.IGKJ4.IGKC;IGHV4-61.IGHD3-22.IGHJ2.IGHM_IGLV2-8.IGLJ1.IGLC1;NA_IGKV1-12.IGKJ4.IGKC	0	NA
19	62	IGHV3-23.IGHD2-15.IGHJ3.IGHD_IGLV2-23.IGLJ1.IGLC1;IGHV3-23..IGHJ4.IGHM_IGKV3-15.IGKJ1.IGKC;IGHV3-23..IGHJ4.IGHM_IGKV2-30.IGKJ4.IGKC;IGHV3-23..IGHJ3.IGHM_IGLV1-44.IGLJ3.IGLC3;IGHV3-23..IGHJ2.IGHM_IGKV3D-15.IGKJ2.IGKC;IGHV3-23..IGHJ4.IGHM_IGLV3-21.IGLJ2.IGLC2;IGHV3-23..IGHJ3.IGHM_IGKV1-12.IGKJ2.IGKC;IGHV3-23.IGHD3-9.IGHJ4.IGHM_IGKV1-39.IGKJ1.IGKC;IGHV3-23..IGHJ4.IGHM_IGKV1-39.IGKJ2.IGKC;IGHV3-23..IGHJ4.IGHM_IGKV2-28.IGKJ2.IGKC;IGHV3-23.IGHD3-3.IGHJ6.IGHM_IGKV2-28.IGKJ1.IGKC;IGHV3-23..IGHJ3.IGHM_IGKV2-30.IGKJ2.IGKC;IGHV3-7..IGHJ4.IGHM_IGKV2-30.IGKJ1.IGKC;IGHV3-23..IGHJ2.IGHM_IGKV3-11.IGKJ4.IGKC;IGHV3-23..IGHJ5.IGHM_IGLV3-25.IGLJ2.IGLC2;IGHV3-23..IGHJ4.IGHM_IGKV3-20.IGKJ1.IGKC;IGHV3-23..IGHJ5.IGHM_IGKV1-8.IGKJ1.IGKC;IGHV3-23.IGHD3-22.IGHJ4.IGHM_IGLV3-21.IGLJ2.IGLC2;IGHV3-23..IGHJ4.IGHG2_IGLV1-47.IGLJ3.IGLC3;IGHV3-23..IGHJ4.IGHM_IGKV1-39.IGKJ1.IGKC;IGHV4-30-4..IGHJ4.IGHM_IGLV3-19.IGLJ2.IGLC2;IGHV3-23.IGHD2-15.IGHJ3.IGHM_IGKV1-39.IGKJ4.IGKC;IGHV3-23.IGHD3-22.IGHJ4.IGHM_IGLV3-1.IGLJ1.IGLC1;IGHV3-23..IGHJ4.IGHM_IGKV1-39.IGKJ2.IGKC;IGHV3-23..IGHJ3.IGHM_IGKV1-5.IGKJ1.IGKC;IGHV3-23..IGHJ5.IGHM_IGKV1-39.IGKJ2.IGKC;IGHV3-23.IGHD2-21.IGHJ6.IGHM_IGKV1-12.IGKJ2.IGKC;IGHV3-23..IGHJ4.IGHM_IGKV2-24.IGKJ2.IGKC;IGHV3-23.IGHD3-10.IGHJ3.IGHM_IGKV1-9.IGKJ3.IGKC;IGHV3-23..IGHJ4.IGHM_IGKV1-9.IGKJ5.IGKC;IGHV3-23.IGHD1-26.IGHJ4.IGHM_IGLV3-21.IGLJ3.IGLC3;IGHV3-23..IGHJ5.IGHM_IGKV1-16.IGKJ1.IGKC;IGHV3-23..IGHJ4.IGHM_IGKV1-33.IGKJ5.IGKC;IGHV3-23.IGHD6-13.IGHJ2.IGHM_IGKV3-11.IGKJ4.IGKC;IGHV3-23..IGHJ6.IGHD_IGKV1-5.IGKJ2.IGKC;IGHV3-23.IGHD6-19.IGHJ6.IGHM_IGKV3-15.IGKJ3.IGKC;IGHV3-23.IGHD6-19.IGHJ6.IGHM_IGLV3-21.IGLJ2.IGLC2;IGHV3-23.IGHD3-3.IGHJ4.IGHM_IGKV1-9.IGKJ4.IGKC;IGHV3-23.IGHD2-21.IGHJ4.IGHM_IGKV3-20.IGKJ4.IGKC;IGHV3-23..IGHJ4.IGHM_IGLV3-25.IGLJ3.IGLC2;IGHV3-23.IGHD2-15.IGHJ6.IGHM_IGKV2-28.IGKJ4.IGKC;IGHV3-23..IGHJ4.IGHM_IGLV3-1.IGLJ2.IGLC2;IGHV3-23.IGHD3-22.IGHJ3.IGHM_IGKV1-8.IGKJ1.IGKC;IGHV3-23.IGHD2-2.IGHJ4.IGHM_IGLV2-8.IGLJ1.IGLC1;IGHV3-23.IGHD3-16.IGHJ5.IGHM_IGKV1-27.IGKJ1.IGKC;IGHV3-23.IGHD1-7.IGHJ4.IGHM_IGKV3-20.IGKJ1.IGKC;IGHV3-23..IGHJ4.IGHM_IGLV2-11.IGLJ2.IGLC2;IGHV3-23.IGHD3-10.IGHJ2.IGHM_IGKV1-8.IGKJ4.IGKC;IGHV3-23..IGHJ4.IGHM_IGKV3-15.IGKJ4.IGKC;IGHV3-23..IGHJ3.IGHM_IGKV1-39.IGKJ4.IGKC;IGHV3-23.IGHD3-10.IGHJ4.IGHM_IGKV3-15.IGKJ2.IGKC;IGHV3-23..IGHJ3.IGHM_IGKV1-9.IGKJ3.IGKC;IGHV3-23.IGHD3-10.IGHJ4.IGHM_IGKV3D-15.IGKJ2.IGKC;IGHV3-23..IGHJ3.IGHM_IGKV1-33.IGKJ3.IGKC;IGHV3-23..IGHJ4.IGHM_IGKV1-33.IGKJ1.IGKC;IGHV3-23..IGHJ1.IGHM_IGKV2-28.IGKJ1.IGKC;IGHV3-23..IGHJ4.IGHM_IGKV1D-8.IGKJ2.IGKC;IGHV3-23..IGHJ6.IGHM_IGKV3-15.IGKJ4.IGKC;IGHV3-23..IGHJ3.IGHM_IGKV1-5.IGKJ4.IGKC;IGHV3-23..IGHJ6.IGHM_IGLV8-61.IGLJ2.IGLC2;IGHV3-23..IGHJ4.IGHM_IGKV1-39.IGKJ2.IGKC;IGHV3-23..IGHJ6.IGHM_IGKV1-5.IGKJ2.IGKC	2	1	IGHV3-48..IGHJ4.IGHM_IGKV3-20.IGKJ1.IGKC	0	NA
19	62	IGHV3-23.IGHD2-15.IGHJ3.IGHD_IGLV2-23.IGLJ1.IGLC1;IGHV3-23..IGHJ4.IGHM_IGKV3-15.IGKJ1.IGKC;IGHV3-23..IGHJ4.IGHM_IGKV2-30.IGKJ4.IGKC;IGHV3-23..IGHJ3.IGHM_IGLV1-44.IGLJ3.IGLC3;IGHV3-23..IGHJ2.IGHM_IGKV3D-15.IGKJ2.IGKC;IGHV3-23..IGHJ4.IGHM_IGLV3-21.IGLJ2.IGLC2;IGHV3-23..IGHJ3.IGHM_IGKV1-12.IGKJ2.IGKC;IGHV3-23.IGHD3-9.IGHJ4.IGHM_IGKV1-39.IGKJ1.IGKC;IGHV3-23..IGHJ4.IGHM_IGKV1-39.IGKJ2.IGKC;IGHV3-23..IGHJ4.IGHM_IGKV2-28.IGKJ2.IGKC;IGHV3-23.IGHD3-3.IGHJ6.IGHM_IGKV2-28.IGKJ1.IGKC;IGHV3-23..IGHJ3.IGHM_IGKV2-30.IGKJ2.IGKC;IGHV3-7..IGHJ4.IGHM_IGKV2-30.IGKJ1.IGKC;IGHV3-23..IGHJ2.IGHM_IGKV3-11.IGKJ4.IGKC;IGHV3-23..IGHJ5.IGHM_IGLV3-25.IGLJ2.IGLC2;IGHV3-23..IGHJ4.IGHM_IGKV3-20.IGKJ1.IGKC;IGHV3-23..IGHJ5.IGHM_IGKV1-8.IGKJ1.IGKC;IGHV3-23.IGHD3-22.IGHJ4.IGHM_IGLV3-21.IGLJ2.IGLC2;IGHV3-23..IGHJ4.IGHG2_IGLV1-47.IGLJ3.IGLC3;IGHV3-23..IGHJ4.IGHM_IGKV1-39.IGKJ1.IGKC;IGHV4-30-4..IGHJ4.IGHM_IGLV3-19.IGLJ2.IGLC2;IGHV3-23.IGHD2-15.IGHJ3.IGHM_IGKV1-39.IGKJ4.IGKC;IGHV3-23.IGHD3-22.IGHJ4.IGHM_IGLV3-1.IGLJ1.IGLC1;IGHV3-23..IGHJ4.IGHM_IGKV1-39.IGKJ2.IGKC;IGHV3-23..IGHJ3.IGHM_IGKV1-5.IGKJ1.IGKC;IGHV3-23..IGHJ5.IGHM_IGKV1-39.IGKJ2.IGKC;IGHV3-23.IGHD2-21.IGHJ6.IGHM_IGKV1-12.IGKJ2.IGKC;IGHV3-23..IGHJ4.IGHM_IGKV2-24.IGKJ2.IGKC;IGHV3-23.IGHD3-10.IGHJ3.IGHM_IGKV1-9.IGKJ3.IGKC;IGHV3-23..IGHJ4.IGHM_IGKV1-9.IGKJ5.IGKC;IGHV3-23.IGHD1-26.IGHJ4.IGHM_IGLV3-21.IGLJ3.IGLC3;IGHV3-23..IGHJ5.IGHM_IGKV1-16.IGKJ1.IGKC;IGHV3-23..IGHJ4.IGHM_IGKV1-33.IGKJ5.IGKC;IGHV3-23.IGHD6-13.IGHJ2.IGHM_IGKV3-11.IGKJ4.IGKC;IGHV3-23..IGHJ6.IGHD_IGKV1-5.IGKJ2.IGKC;IGHV3-23.IGHD6-19.IGHJ6.IGHM_IGKV3-15.IGKJ3.IGKC;IGHV3-23.IGHD6-19.IGHJ6.IGHM_IGLV3-21.IGLJ2.IGLC2;IGHV3-23.IGHD3-3.IGHJ4.IGHM_IGKV1-9.IGKJ4.IGKC;IGHV3-23.IGHD2-21.IGHJ4.IGHM_IGKV3-20.IGKJ4.IGKC;IGHV3-23..IGHJ4.IGHM_IGLV3-25.IGLJ3.IGLC2;IGHV3-23.IGHD2-15.IGHJ6.IGHM_IGKV2-28.IGKJ4.IGKC;IGHV3-23..IGHJ4.IGHM_IGLV3-1.IGLJ2.IGLC2;IGHV3-23.IGHD3-22.IGHJ3.IGHM_IGKV1-8.IGKJ1.IGKC;IGHV3-23.IGHD2-2.IGHJ4.IGHM_IGLV2-8.IGLJ1.IGLC1;IGHV3-23.IGHD3-16.IGHJ5.IGHM_IGKV1-27.IGKJ1.IGKC;IGHV3-23.IGHD1-7.IGHJ4.IGHM_IGKV3-20.IGKJ1.IGKC;IGHV3-23..IGHJ4.IGHM_IGLV2-11.IGLJ2.IGLC2;IGHV3-23.IGHD3-10.IGHJ2.IGHM_IGKV1-8.IGKJ4.IGKC;IGHV3-23..IGHJ4.IGHM_IGKV3-15.IGKJ4.IGKC;IGHV3-23..IGHJ3.IGHM_IGKV1-39.IGKJ4.IGKC;IGHV3-23.IGHD3-10.IGHJ4.IGHM_IGKV3-15.IGKJ2.IGKC;IGHV3-23..IGHJ3.IGHM_IGKV1-9.IGKJ3.IGKC;IGHV3-23.IGHD3-10.IGHJ4.IGHM_IGKV3D-15.IGKJ2.IGKC;IGHV3-23..IGHJ3.IGHM_IGKV1-33.IGKJ3.IGKC;IGHV3-23..IGHJ4.IGHM_IGKV1-33.IGKJ1.IGKC;IGHV3-23..IGHJ1.IGHM_IGKV2-28.IGKJ1.IGKC;IGHV3-23..IGHJ4.IGHM_IGKV1D-8.IGKJ2.IGKC;IGHV3-23..IGHJ6.IGHM_IGKV3-15.IGKJ4.IGKC;IGHV3-23..IGHJ3.IGHM_IGKV1-5.IGKJ4.IGKC;IGHV3-23..IGHJ6.IGHM_IGLV8-61.IGLJ2.IGLC2;IGHV3-23..IGHJ4.IGHM_IGKV1-39.IGKJ2.IGKC;IGHV3-23..IGHJ6.IGHM_IGKV1-5.IGKJ2.IGKC	4	454	NA_IGKV1-8.IGKJ4.IGKC;IGHV1-69D.IGHD3-22.IGHJ3.IGHM_IGKV1-8.IGKJ1.IGKC;IGHV1-2..IGHJ3.IGHM_IGLV5-45.IGLJ3.IGLC3;IGHV5-51..IGHJ3.IGHM_IGKV1D-8.IGKJ2.IGKC;IGHV4-39..IGHJ3.IGHM_IGLV3-21.IGLJ2.IGLC2;IGHV3-33..IGHJ4.IGHM_IGKV2-28.IGKJ2.IGKC;IGHV3-15..IGHJ4.IGHM_IGLV6-57.IGLJ2.IGLC2;IGHV1-2..IGHJ6.IGHM_IGKV1-27.IGKJ3.IGKC;IGHV2-5.IGHD3-9.IGHJ3.IGHM_IGKV1-5.IGKJ1.IGKC;IGHV3-7..IGHJ4.IGHM_IGKV1-39.IGKJ2.IGKC;IGHV1-8..IGHJ3.IGHM_IGKV3-20.IGKJ1.IGKC;IGHV3-9..IGHJ4.IGHM_IGKV3-20.IGKJ2.IGKC;IGHV4-59..IGHJ6.IGHM_IGKV3-20.IGKJ3.IGKC;IGHV4-31.IGHD2-8.IGHJ6.IGHM_IGLV1-47.IGLJ3.IGLC3;IGHV3-30.IGHD5-5.IGHJ4.IGHM_IGLV4-69.IGLJ3.IGLC3;IGHV2-26..IGHJ4.IGHM_IGKV1-5.IGKJ1.IGKC;IGHV3-33..IGHJ4.IGHG1_IGLV6-57.IGLJ3.IGLC3;IGHV5-51.IGHD3-9.IGHJ4.IGHM_IGKV3-20.IGKJ1.IGKC;IGHV2-5..IGHJ4.IGHM_IGKV2-30.IGKJ1.IGKC;IGHV3-74.IGHD3-22.IGHJ6.IGHD_IGKV1-9.IGKJ3.IGKC;IGHV3-33.IGHD4-17.IGHJ4.IGHM_IGKV3-15.IGKJ1.IGKC;IGHV4-39..IGHJ4.IGHM_IGLV1-40.IGLJ1.IGLC1;IGHV3-49..IGHJ6.IGHM_IGKV1D-8.IGKJ1.IGKC;IGHV3-30.IGHD3-22.IGHJ4.IGHM_IGLV3-25.IGLJ2.IGLC2;IGHV1-24.IGHD2-2.IGHJ6.IGHM_IGKV3-20.IGKJ4.IGKC;IGHV3-30..IGHJ4.IGHM_IGLV1-47.IGLJ2.IGLC2;IGHV3-43..IGHJ4.IGHM_IGLV1-51.IGLJ2.IGLC2;IGHV4-59..IGHJ4.IGHM_IGKV3-15.IGKJ3.IGKC;IGHV4-30-4..IGHJ3.IGHG2_IGKV1-39.IGKJ2.IGKC;IGHV3-7..IGHJ4.IGHM_IGKV1-39.IGKJ2.IGKC;IGHV4-59..IGHJ5.IGHM_IGKV1-12.IGKJ5.IGKC;IGHV1-69D.IGHD3-22.IGHJ4.IGHM_IGKV3-20.IGKJ1.IGKC;IGHV3-30..IGHJ4.IGHM_IGKV3-15.IGKJ1.IGKC;IGHV3-48.IGHD3-16.IGHJ6.IGHM_IGLV2-8.IGLJ1.IGLC1;IGHV1-8.IGHD3-22.IGHJ3.IGHM_IGKV2-28.IGKJ4.IGKC;IGHV3-30..IGHJ4.IGHM_IGKV1-39.IGKJ4.IGKC;IGHV3-11..IGHJ4.IGHM_IGLV1-40.IGLJ1.IGLC1;IGHV3-33..IGHJ4.IGHM_IGKV1-12.IGKJ5.IGKC;IGHV4-61..IGHJ4.IGHG1_IGKV1-39.IGKJ2.IGKC;IGHV1-69D.IGHD2-2.IGHJ5.IGHM_IGLV1-51.IGLJ3.IGLC3;IGHV3-7..IGHJ3.IGHM_IGLV3-1.IGLJ2.IGLC2;IGHV1-69D..IGHJ5.IGHM_IGLV1-40.IGLJ2.IGLC2;IGHV3-11..IGHJ4.IGHM_IGKV1-5.IGKJ1.IGKC;IGHV4-61..IGHJ5.IGHM_IGKV2-30.IGKJ4.IGKC;IGHV3-33..IGHJ6.IGHM_IGKV3-20.IGKJ1.IGKC;IGHV4-61.IGHD3-22.IGHJ4.IGHM_IGKV1-39.IGKJ4.IGKC;IGHV1-8.IGHD6-19.IGHJ4.IGHM_IGLV1-40.IGLJ2.IGLC2;IGHV3-33.IGHD4-4.IGHJ6.IGHM_IGKV1-39.IGKJ2.IGKC;IGHV3-7..IGHJ4.IGHM_IGLV3-21.IGLJ1.IGLC1;IGHV3-7.IGHD6-13.IGHJ4.IGHM_IGKV1-39.IGKJ2.IGKC;IGHV3-13.IGHD2-2.IGHJ6.IGHM_IGLV3-21.IGLJ3.IGLC2;IGHV5-51.IGHD3-22.IGHJ6.IGHM_IGKV3-15.IGKJ1.IGKC;IGHV3-7..IGHJ4.IGHM_IGKV2-28.IGKJ4.IGKC;IGHV1-18..IGHJ4.IGHM_IGKV3-20.IGKJ3.IGKC;IGHV3-7..IGHJ6.IGHM_IGLV3-19.IGLJ1.IGLC1;IGHV7-4-1.IGHD3-10.IGHJ4.IGHM_IGLV2-11.IGLJ2.IGLC2;IGHV5-51.IGHD3-9.IGHJ6.IGHM_IGLV1-40.IGLJ2.IGLC2;IGHV2-5.IGHD6-19.IGHJ5.IGHM_IGLV6-57.IGLJ2.IGLC2;IGHV4-59..IGHJ4.IGHM_IGKV1-39.IGKJ3.IGKC;IGHV1-69D..IGHJ6.IGHM_IGLV1-51.IGLJ1.IGLC1;IGHV4-39..IGHJ6.IGHM_IGKV1-12.IGKJ4.IGKC;IGHV4-61..IGHJ6.IGHM_IGLV1-40.IGLJ1.IGLC1;IGHV3-30..IGHJ3.IGHA1_IGKV1-9.IGKJ5.IGKC;IGHV3-30.IGHD3-10.IGHJ6.IGHM_IGKV3-15.IGKJ1.IGKC;IGHV3-15..IGHJ6.IGHM_IGLV2-8.IGLJ3.IGLC3;IGHV1-69D..IGHJ5.IGHM_IGKV3-15.IGKJ4.IGKC;IGHV6-1..IGHJ4.IGHM_IGKV1-33.IGKJ2.IGKC;IGHV3-33..IGHJ1.IGHM_IGKV3-15.IGKJ1.IGKC;IGHV1-2..IGHJ4.IGHM_IGKV3-20.IGKJ2.IGKC;IGHV3-49.IGHD5-24.IGHJ4.IGHM_IGLV3-21.IGLJ2.IGLC2;IGHV7-4-1..IGHJ4.IGHM_IGKV3-20.IGKJ1.IGKC;IGHV3-74..IGHJ5.IGHM_IGKV1-39.IGKJ1.IGKC;IGHV2-26.IGHD4-17.IGHJ6.IGHM_IGKV3-20.IGKJ5.IGKC;IGHV3-74..IGHJ4.IGHM_IGLV2-23.IGLJ1.IGLC1;IGHV3-15.IGHD3-9.IGHJ6.IGHD_IGLV7-46.IGLJ3.IGLC3;IGHV1-18..IGHJ4.IGHM_IGKV2-28.IGKJ1.IGKC;IGHV3-33..IGHJ4.IGHM_IGKV2-28.IGKJ4.IGKC;IGHV1-46.IGHD2-2.IGHJ4.IGHM_IGKV3D-15.IGKJ4.IGKC;IGHV4-59..IGHJ6.IGHM_IGLV1-40.IGLJ2.IGLC2;IGHV3-33..IGHJ4.IGHM_IGLV2-14.IGLJ2.IGLC2;IGHV5-51..IGHJ4.IGHM_IGLV1-40.IGLJ2.IGLC2;IGHV3-53..IGHJ4.IGHM_IGLV3-1.IGLJ1.IGLC1;IGHV3-53.IGHD5-24.IGHJ4.IGHM_IGKV3-15.IGKJ1.IGKC;IGHV3-9.IGHD4-23.IGHJ4.IGHM_IGKV3D-20.IGKJ4.IGKC;IGHV3-30..IGHJ4.IGHA1_IGLV6-57.IGLJ2.IGLC2;IGHV4-59.IGHD2-2.IGHJ6.IGHM_IGKV1-39.IGKJ1.IGKC;IGHV4-61.IGHD2-15.IGHJ6.IGHM_IGKV1-17.IGKJ1.IGKC;IGHV3-9..IGHJ3.IGHM_IGLV1-40.IGLJ3.IGLC3;IGHV5-51.IGHD5-5.IGHJ6.IGHM_IGKV1-16.IGKJ1.IGKC;IGHV3-9..IGHJ6.IGHM_IGKV1-39.IGKJ2.IGKC;IGHV1-24..IGHJ4.IGHG1_IGKV1-39.IGKJ1.IGKC;IGHV3-11..IGHJ4.IGHM_IGLV3-25.IGLJ2.IGLC2;IGHV4-39.IGHD2-2.IGHJ2.IGHM_IGLV4-69.IGLJ2.IGLC2;IGHV3-48..IGHJ5.IGHM_IGKV3-15.IGKJ4.IGKC;IGHV3-9..IGHJ4.IGHG1_IGKV3-20.IGKJ1.IGKC;IGHV1-69D..IGHJ6.IGHM_IGLV1-40.IGLJ1.IGLC1;IGHV4-59..IGHJ5.IGHM_IGLV6-57.IGLJ3.IGLC3;IGHV3-21.IGHD6-13.IGHJ5.IGHM_IGKV1-39.IGKJ2.IGKC;IGHV3-53..IGHJ3.IGHM_IGKV1-27.IGKJ3.IGKC;IGHV3-48.IGHD3-22.IGHJ3.IGHM_IGLV1-40.IGLJ2.IGLC2;IGHV5-51.IGHD1-26.IGHJ3.IGHM_IGLV1-47.IGLJ3.IGLC2;IGHV4-59.IGHD4-17.IGHJ4.IGHM_IGLV3-25.IGLJ2.IGLC2;IGHV1-2..IGHJ6.IGHM_IGKV1-39.IGKJ2.IGKC;IGHV3-43..IGHJ6.IGHM_IGLV3-1.IGLJ2.IGLC2;IGHV3-48..IGHJ6.IGHM_IGKV3-20.IGKJ2.IGKC;IGHV3-21..IGHJ6.IGHM_IGKV1-5.IGKJ1.IGKC;IGHV3-11..IGHJ4.IGHM_IGKV1-6.IGKJ1.IGKC;IGHV3-9..IGHJ4.IGHM_IGKV3-20.IGKJ5.IGKC;IGHV4-34..IGHJ3.IGHG3_IGKV3-15.IGKJ1.IGKC;IGHV3-21..IGHJ6.IGHM_IGKV1-12.IGKJ4.IGKC;IGHV4-30-4..IGHJ6.IGHM_IGKV2-28.IGKJ3.IGKC;IGHV4-39..IGHJ4.IGHA1_IGKV1-16.IGKJ3.IGKC;IGHV4-39..IGHJ1.IGHG3_IGKV1-39.IGKJ3.IGKC;IGHV4-59..IGHJ4.IGHM_IGLV4-69.IGLJ3.IGLC2;IGHV4-39.IGHD3-10.IGHJ4.IGHM_IGLV8-61.IGLJ3.IGLC2;IGHV2-5.IGHD3-9.IGHJ5.IGHM_IGLV1-40.IGLJ2.IGLC2;IGHV3-53..IGHJ4.IGHM_IGKV1-39.IGKJ5.IGKC;IGHV3-53.IGHD2-15.IGHJ6.IGHM_IGKV3-20.IGKJ5.IGKC;IGHV1-8..IGHJ4.IGHM_IGKV3-20.IGKJ2.IGKC;IGHV1-69D..IGHJ6.IGHM_IGKV3-15.IGKJ2.IGKC;IGHV4-61..IGHJ6.IGHM_IGKV1-8.IGKJ3.IGKC;IGHV4-61..IGHJ5.IGHM_IGKV3-20.IGKJ1.IGKC;IGHV3-48.IGHD5-5.IGHJ4.IGHM_IGLV3-25.IGLJ3.IGLC3;IGHV3-7..IGHJ4.IGHM_IGLV4-69.IGLJ2.IGLC2;IGHV4-30-4.IGHD3-10.IGHJ5.IGHM_IGLV3-9.IGLJ2.IGLC2;IGHV3-30..IGHJ4.IGHM_IGKV3-20.IGKJ1.IGKC;IGHV4-30-4..IGHJ5.IGHA1_IGLV1-51.IGLJ2.IGLC2;IGHV1-3..IGHJ4.IGHM_IGKV1-33.IGKJ4.IGKC;IGHV2-5..IGHJ4.IGHM_IGKV1D-8.IGKJ1.IGKC;IGHV4-39..IGHJ4.IGHM_IGLV1-47.IGLJ2.IGLC2;IGHV1-69D.IGHD3-22.IGHJ4.IGHM_IGKV3-11.IGKJ4.IGKC;IGHV3-49..IGHJ4.IGHA1_IGLV2-23.IGLJ1.IGLC1;IGHV5-51..IGHJ5.IGHM_NA;IGHV5-51..IGHJ4.IGHM_IGLV3-19.IGLJ2.IGLC2;IGHV1-8.IGHD6-13.IGHJ6.IGHM_IGLV1-40.IGLJ2.IGLC2;IGHV1-18.IGHD6-13.IGHJ5.IGHM_IGLV7-46.IGLJ1.IGLC1;IGHV3-33..IGHJ4.IGHA1_IGLV1-51.IGLJ2.IGLC2;IGHV3-48..IGHJ3.IGHM_IGLV3-25.IGLJ3.IGLC3;IGHV3-33..IGHJ6.IGHM_IGKV1-33.IGKJ5.IGKC;IGHV3-15..IGHJ4.IGHM_IGLV3-1.IGLJ1.IGLC1;IGHV2-26..IGHJ3.IGHM_IGKV3-20.IGKJ1.IGKC;IGHV4-59.IGHD3-22.IGHJ4.IGHM_IGKV1-33.IGKJ3.IGKC;IGHV3-30.IGHD3-3.IGHJ3.IGHM_IGKV1-39.IGKJ2.IGKC;IGHV4-59..IGHJ6.IGHM_IGKV1-5.IGKJ4.IGKC;IGHV3-7..IGHJ6.IGHM_IGKV1-39.IGKJ2.IGKC;IGHV3-53.IGHD3-22.IGHJ3.IGHM_IGKV1-39.IGKJ2.IGKC;IGHV3-7..IGHJ5.IGHM_IGLV3-9.IGLJ2.IGLC2;IGHV4-59.IGHD6-6.IGHJ4.IGHG1_IGLV1-40.IGLJ1.IGLC1;IGHV2-5.IGHD3-16.IGHJ5.IGHM_IGLV3-1.IGLJ2.IGLC2;IGHV3-15.IGHD3-9.IGHJ4.IGHM_IGKV2-28.IGKJ5.IGKC;IGHV1-18.IGHD3-3.IGHJ6.IGHM_IGKV3-20.IGKJ1.IGKC;IGHV4-61.IGHD1-7.IGHJ2.IGHM_IGLV3-21.IGLJ1.IGLC1;IGHV1-24..IGHJ4.IGHM_IGKV1-5.IGKJ1.IGKC;IGHV3-48.IGHD3-22.IGHJ4.IGHM_IGKV3-15.IGKJ2.IGKC;IGHV3-48..IGHJ4.IGHM_IGKV1-39.IGKJ1.IGKC;IGHV3-7..IGHJ4.IGHM_IGKV3D-20.IGKJ4.IGKC;IGHV2-26..IGHJ4.IGHM_IGKV2D-29.IGKJ3.IGKC;IGHV1-2..IGHJ5.IGHM_IGLV2-23.IGLJ2.IGLC2;IGHV3-7..IGHJ4.IGHM_IGKV3-20.IGKJ4.IGKC;IGHV4-34..IGHJ5.IGHG3_IGLV3-25.IGLJ2.IGLC2;IGHV4-61.IGHD1-26.IGHJ4.IGHM_IGKV1D-8.IGKJ4.IGKC;IGHV4-30-4..IGHJ1.IGHG1_IGLV1-40.IGLJ1.IGLC1;IGHV2-70..IGHJ6.IGHG1_IGKV2-28.IGKJ2.IGKC;IGHV7-4-1..IGHJ4.IGHM_IGLV1-40.IGLJ2.IGLC2;IGHV1-2.IGHD6-19.IGHJ4.IGHM_IGLV2-11.IGLJ2.IGLC2;IGHV1-18..IGHJ5.IGHG1_IGKV1-39.IGKJ1.IGKC;IGHV3-7..IGHJ4.IGHM_IGKV3-15.IGKJ1.IGKC;IGHV4-39.IGHD2-2.IGHJ4.IGHM_IGKV1-5.IGKJ4.IGKC;IGHV4-39.IGHD3-3.IGHJ4.IGHM_IGLV1-40.IGLJ2.IGLC2;IGHV3-23..IGHJ4.IGHA1_IGKV1-39.IGKJ2.IGKC;IGHV3-9.IGHD3-10.IGHJ6.IGHM_IGLV3-1.IGLJ1.IGLC1;IGHV1-69D..IGHJ6.IGHM_IGKV2-28.IGKJ2.IGKC;IGHV3-30..IGHJ4.IGHA1_IGKV1-39.IGKJ4.IGKC;IGHV6-1..IGHJ4.IGHM_IGLV2-23.IGLJ3.IGLC3;IGHV4-30-4.IGHD2-2.IGHJ6.IGHM_IGLV1-40.IGLJ2.IGLC2;IGHV3-49.IGHD3-3.IGHJ4.IGHM_IGKV3-20.IGKJ1.IGKC;IGHV3-74..IGHJ5.IGHM_IGKV1-39.IGKJ2.IGKC;IGHV1-69D..IGHJ3.IGHM_IGKV1-5.IGKJ4.IGKC;IGHV7-4-1..IGHJ4.IGHM_IGKV1-39.IGKJ3.IGKC;IGHV5-51..IGHJ4.IGHM_IGKV1-9.IGKJ4.IGKC;IGHV3-53..IGHJ6.IGHM_IGKV2-28.IGKJ2.IGKC;IGHV1-24..IGHJ4.IGHM_IGKV1-12.IGKJ4.IGKC;IGHV3-9..IGHJ4.IGHM_IGLV3-25.IGLJ3.IGLC3;IGHV3-15.IGHD2-21.IGHJ4.IGHM_IGKV1-9.IGKJ4.IGKC;IGHV7-4-1..IGHJ4.IGHM_IGLV1-40.IGLJ2.IGLC2;IGHV1-2..IGHJ4.IGHM_IGLV2-8.IGLJ2.IGLC2;IGHV3-9..IGHJ1.IGHM_IGLV2-23.IGLJ2.IGLC2;IGHV1-3..IGHJ6.IGHM_IGKV1-9.IGKJ4.IGKC;IGHV5-51.IGHD3-9.IGHJ6.IGHM_IGLV7-43.IGLJ2.IGLC2;IGHV3-15.IGHD3-22.IGHJ4.IGHM_IGLV3-25.IGLJ1.IGLC1;IGHV4-61..IGHJ4.IGHM_IGKV1D-8.IGKJ2.IGKC;IGHV4-61..IGHJ6.IGHM_IGLV3-1.IGLJ1.IGLC1;IGHV3-7..IGHJ4.IGHM_IGLV3-1.IGLJ2.IGLC2;IGHV3-74..IGHJ3.IGHM_IGKV1-39.IGKJ1.IGKC;IGHV2-5.IGHD3-22.IGHJ4.IGHM_IGKV1-39.IGKJ4.IGKC;IGHV3-48..IGHJ4.IGHM_IGKV3-15.IGKJ2.IGKC;IGHV2-70.IGHD2-15.IGHJ6.IGHM_IGKV3-20.IGKJ1.IGKC;IGHV3-48.IGHD3-22.IGHJ4.IGHM_IGLV4-69.IGLJ3.IGLC2;IGHV5-51..IGHJ1.IGHM_IGKV3-20.IGKJ2.IGKC;IGHV5-51..IGHJ4.IGHG2_IGKV1-12.IGKJ4.IGKC;NA_IGKV1-39.IGKJ1.IGKC;IGHV7-4-1..IGHJ1.IGHA1_IGLV2-23.IGLJ3.IGLC3;IGHV3-30.IGHD3-22.IGHJ6.IGHM_IGLV3-25.IGLJ1.IGLC1;IGHV3-23..IGHJ4.IGHA1_IGKV1-5.IGKJ1.IGKC;IGHV1-2..IGHJ4.IGHM_IGKV1-33.IGKJ2.IGKC;IGHV4-59..IGHJ3.IGHM_IGKV1-8.IGKJ4.IGKC;IGHV4-30-4..IGHJ5.IGHM_IGKV2D-29.IGKJ2.IGKC;IGHV3-7..IGHJ6.IGHG2_IGKV3-20.IGKJ3.IGKC;IGHV4-59..IGHJ4.IGHG1_IGKV1-39.IGKJ4.IGKC;IGHV2-5..IGHJ5.IGHA2_IGKV2-28.IGKJ2.IGKC;IGHV6-1..IGHJ6.IGHM_IGKV3-20.IGKJ4.IGKC;IGHV3-72..IGHJ6.IGHA2_IGKV1-9.IGKJ5.IGKC;IGHV3-53.IGHD4-23.IGHJ5.IGHM_IGLV3-21.IGLJ2.IGLC2;IGHV3-23..IGHJ4.IGHM_IGKV1-8.IGKJ1.IGKC;IGHV1-18..IGHJ6.IGHM_IGKV2-28.IGKJ2.IGKC;IGHV3-48..IGHJ4.IGHM_IGKV2-28.IGKJ2.IGKC;IGHV3-21..IGHJ4.IGHM_IGKV3-15.IGKJ1.IGKC;IGHV1-8..IGHJ5.IGHM_IGLV3-19.IGLJ2.IGLC2;IGHV1-3.IGHD3-16.IGHJ3.IGHM_IGKV2-30.IGKJ4.IGKC;IGHV3-11.IGHD3-22.IGHJ4.IGHM_IGKV1-39.IGKJ2.IGKC;IGHV3-49.IGHD6-13.IGHJ6.IGHM_IGKV1-39.IGKJ2.IGKC;IGHV1-2..IGHJ4.IGHM_IGKV3-15.IGKJ2.IGKC;IGHV4-39..IGHJ5.IGHM_IGKV3-20.IGKJ2.IGKC;IGHV3-49.IGHD2-2.IGHJ5.IGHM_IGLV3-1.IGLJ2.IGLC2;IGHV1-46..IGHJ1.IGHM_IGLV2-23.IGLJ1.IGLC1;IGHV3-74.IGHD3-22.IGHJ4.IGHM_IGKV1-39.IGKJ1.IGKC;IGHV1-8..IGHJ3.IGHM_IGKV1-33.IGKJ4.IGKC;IGHV3-15..IGHJ4.IGHM_IGKV3-15.IGKJ3.IGKC;IGHV3-11.IGHD3-22.IGHJ3.IGHM_IGKV1-39.IGKJ1.IGKC;IGHV1-24..IGHJ6.IGHM_IGLV3-19.IGLJ1.IGLC1;IGHV3-33..IGHJ3.IGHM_IGLV2-23.IGLJ3.IGLC3;IGHV3-11.IGHD1-1.IGHJ4.IGHM_IGLV1-51.IGLJ1.IGLC1;IGHV3-11.IGHD2-2.IGHJ6.IGHM_IGKV1-39.IGKJ1.IGKC;IGHV1-18..IGHJ6.IGHM_IGKV3-20.IGKJ1.IGKC;IGHV1-2..IGHJ3.IGHM_IGLV2-11.IGLJ2.IGLC2;IGHV2-5.IGHD3-22.IGHJ4.IGHM_IGKV3-15.IGKJ4.IGKC;IGHV1-18..IGHJ4.IGHM_IGKV3-20.IGKJ2.IGKC;IGHV3-30..IGHJ4.IGHM_IGKV1-17.IGKJ1.IGKC;IGHV3-15.IGHD3-9.IGHJ6.IGHM_IGLV3-25.IGLJ2.IGLC2;IGHV3-11..IGHJ4.IGHM_IGKV3-20.IGKJ2.IGKC;IGHV7-4-1..IGHJ5.IGHA1_IGLV4-69.IGLJ3.IGLC2;IGHV3-53.IGHD3-22.IGHJ4.IGHM_IGLV4-69.IGLJ3.IGLC3;IGHV1-18..IGHJ5.IGHM_IGKV1-39.IGKJ1.IGKC;IGHV3-11..IGHJ5.IGHM_IGKV1-33.IGKJ3.IGKC;IGHV5-51..IGHJ6.IGHM_IGKV2-28.IGKJ3.IGKC;IGHV4-39.IGHD3-9.IGHJ4.IGHM_IGKV3-15.IGKJ2.IGKC;IGHV4-59..IGHJ4.IGHM_IGLV1-47.IGLJ2.IGLC2;IGHV2-26..IGHJ5.IGHM_IGLV3-21.IGLJ1.IGLC1;IGHV4-39..IGHJ4.IGHM_IGLV1-40.IGLJ2.IGLC2;IGHV1-2..IGHJ6.IGHM_IGKV3-20.IGKJ3.IGKC;IGHV4-39..IGHJ5.IGHM_IGKV1-12.IGKJ2.IGKC;IGHV1-69D.IGHD4-17.IGHJ4.IGHM_IGKV1-27.IGKJ3.IGKC;IGHV1-18..IGHJ1.IGHM_IGKV3-20.IGKJ2.IGKC;IGHV4-30-4..IGHJ4.IGHM_IGKV1-39.IGKJ1.IGKC;IGHV3-73..IGHJ4.IGHG1_IGKV1-17.IGKJ1.IGKC;IGHV3-15..IGHJ4.IGHM_IGKV1-8.IGKJ3.IGKC;IGHV3-9..IGHJ6.IGHM_IGLV10-54.IGLJ2.IGLC2;IGHV4-59..IGHJ4.IGHM_IGKV3-20.IGKJ4.IGKC;IGHV5-51..IGHJ6.IGHM_IGKV2D-40.IGKJ4.IGKC;IGHV3-53..IGHJ6.IGHM_IGKV1-39.IGKJ1.IGKC;IGHV3-30..IGHJ4.IGHM_IGLV1-47.IGLJ1.IGLC1;IGHV2-5.IGHD2-2.IGHJ5.IGHM_IGLV3-25.IGLJ1.IGLC1;IGHV4-39..IGHJ4.IGHM_IGLV1-51.IGLJ3.IGLC3;IGHV4-59..IGHJ4.IGHM_IGKV2-28.IGKJ5.IGKC;IGHV3-23..IGHJ4.IGHM_IGKV1-39.IGKJ4.IGKC;IGHV3-15.IGHD5-24.IGHJ4.IGHM_IGKV1-33.IGKJ5.IGKC;IGHV3-48..IGHJ6.IGHM_IGLV3-25.IGLJ3.IGLC2;IGHV4-59..IGHJ6.IGHM_IGKV1-39.IGKJ2.IGKC;IGHV2-5..IGHJ4.IGHM_IGKV1-5.IGKJ2.IGKC;IGHV3-15..IGHJ3.IGHM_IGKV1-17.IGKJ1.IGKC;IGHV3-49..IGHJ6.IGHM_IGKV1-16.IGKJ4.IGKC;IGHV3-30.IGHD6-19.IGHJ3.IGHM_IGKV1-5.IGKJ1.IGKC;IGHV3-33.IGHD3-3.IGHJ4.IGHM_IGKV1-6.IGKJ2.IGKC;IGHV4-30-4.IGHD3-22.IGHJ3.IGHM_IGLV3-25.IGLJ2.IGLC2;IGHV3-30.IGHD3-22.IGHJ6.IGHM_IGLV2-23.IGLJ2.IGLC2;IGHV7-4-1..IGHJ5.IGHM_IGKV3-11.IGKJ4.IGKC;IGHV3-21..IGHJ4.IGHG1_IGKV3-20.IGKJ1.IGKC;IGHV1-2..IGHJ4.IGHM_IGKV1-39.IGKJ2.IGKC;IGHV4-39.IGHD3-22.IGHJ5.IGHM_IGLV3-19.IGLJ2.IGLC2;IGHV3-33..IGHJ4.IGHM_IGLV8-61.IGLJ3.IGLC3;IGHV3-9..IGHJ4.IGHM_IGLV3-21.IGLJ2.IGLC2;IGHV3-33..IGHJ6.IGHM_IGKV1-9.IGKJ5.IGKC;IGHV6-1..IGHJ5.IGHM_IGLV1-36.IGLJ3.IGLC2;IGHV6-1.IGHD6-13.IGHJ3.IGHM_IGKV1-5.IGKJ1.IGKC;IGHV2-5.IGHD3-10.IGHJ5.IGHM_IGLV3-25.IGLJ1.IGLC1;IGHV4-59..IGHJ4.IGHM_IGLV3-19.IGLJ2.IGLC2;IGHV3-30.IGHD6-6.IGHJ4.IGHM_IGLV2-8.IGLJ1.IGLC1;IGHV2-5..IGHJ4.IGHG1_IGLV1-40.IGLJ2.IGLC2;IGHV3-74.IGHD3-22.IGHJ4.IGHM_IGKV1-39.IGKJ1.IGKC;IGHV4-39..IGHJ5.IGHM_IGLV3-25.IGLJ2.IGLC2;IGHV1-8..IGHJ6.IGHM_IGLV1-51.IGLJ2.IGLC2;IGHV5-51..IGHJ3.IGHM_IGKV1-33.IGKJ1.IGKC;IGHV1-18..IGHJ6.IGHM_IGKV3-20.IGKJ2.IGKC;IGHV3-23.IGHD3-10.IGHJ4.IGHM_IGKV1-33.IGKJ4.IGKC;IGHV3-15.IGHD5-24.IGHJ4.IGHG1_IGKV3-20.IGKJ2.IGKC;IGHV1-18..IGHJ5.IGHM_IGKV1-27.IGKJ3.IGKC;IGHV4-61..IGHJ3.IGHM_IGKV1-8.IGKJ1.IGKC;IGHV2-5.IGHD3-22.IGHJ5.IGHM_IGKV3-20.IGKJ1.IGKC;IGHV4-39.IGHD5-5.IGHJ4.IGHM_IGLV1-40.IGLJ1.IGLC1;IGHV4-59.IGHD3-9.IGHJ6.IGHM_IGLV1-47.IGLJ1.IGLC1;IGHV3-30..IGHJ5.IGHM_IGKV1-8.IGKJ4.IGKC;IGHV1-46..IGHJ4.IGHM_IGKV4-1.IGKJ2.IGKC;IGHV3-49.IGHD4-4.IGHJ5.IGHM_IGKV1-17.IGKJ4.IGKC;IGHV4-61..IGHJ6.IGHM_IGLV3-10.IGLJ3.IGLC3;IGHV3-30..IGHJ6.IGHM_IGKV1-39.IGKJ2.IGKC;IGHV3-30.IGHD3-9.IGHJ4.IGHM_IGKV1-8.IGKJ4.IGKC;IGHV3-48..IGHJ4.IGHM_IGKV1-12.IGKJ2.IGKC;IGHV7-4-1.IGHD3-10.IGHJ4.IGHM_IGKV1-39.IGKJ1.IGKC;IGHV4-39..IGHJ5.IGHM_IGKV1-8.IGKJ1.IGKC;IGHV4-61..IGHJ6.IGHM_IGLV1-51.IGLJ2.IGLC2;IGHV3-48..IGHJ3.IGHM_IGLV3-21.IGLJ1.IGLC1;IGHV4-31..IGHJ4.IGHM_IGKV1D-8.IGKJ3.IGKC;NA_IGKV3-15.IGKJ1.IGKC;IGHV3-48..IGHJ4.IGHM_IGKV2-28.IGKJ2.IGKC;IGHV5-51..IGHJ6.IGHD_IGKV1-39.IGKJ4.IGKC;IGHV3-11.IGHD5-5.IGHJ5.IGHM_IGLV1-40.IGLJ2.IGLC2;IGHV3-13..IGHJ4.IGHM_IGKV1-39.IGKJ1.IGKC;IGHV3-7..IGHJ4.IGHM_IGLV1-40.IGLJ2.IGLC2;IGHV4-30-4..IGHJ3.IGHM_IGKV3D-20.IGKJ4.IGKC;IGHV3-7..IGHJ6.IGHM_IGLV1-40.IGLJ3.IGLC2;IGHV4-59..IGHJ4.IGHM_IGLV1-47.IGLJ3.IGLC3;IGHV3-30.IGHD2-2.IGHJ4.IGHM_IGKV1-39.IGKJ5.IGKC;IGHV4-31..IGHJ4.IGHM_IGKV1-39.IGKJ2.IGKC;IGHV1-69D..IGHJ4.IGHG1_IGLV2-23.IGLJ1.IGLC1;IGHV3-30..IGHJ3.IGHM_IGKV3-15.IGKJ1.IGKC;IGHV5-51.IGHD2-15.IGHJ4.IGHM_IGKV2-28.IGKJ3.IGKC;IGHV1-69D..IGHJ4.IGHM_IGKV1-17.IGKJ1.IGKC;IGHV4-59..IGHJ5.IGHG1_IGLV3-10.IGLJ2.IGLC2;IGHV3-7..IGHJ4.IGHM_IGKV1-8.IGKJ4.IGKC;IGHV1-18..IGHJ6.IGHM_IGLV3-25.IGLJ3.IGLC2;IGHV1-8..IGHJ4.IGHM_IGLV1-47.IGLJ3.IGLC3;IGHV1-18.IGHD6-19.IGHJ5.IGHM_IGKV1-12.IGKJ2.IGKC;IGHV3-7..IGHJ4.IGHM_IGKV1-6.IGKJ1.IGKC;IGHV5-51.IGHD6-19.IGHJ4.IGHM_IGLV4-69.IGLJ2.IGLC2;IGHV1-2.IGHD3-10.IGHJ3.IGHM_IGKV1-5.IGKJ1.IGKC;IGHV3-30..IGHJ3.IGHM_IGKV1-16.IGKJ4.IGKC;IGHV1-46..IGHJ4.IGHM_IGKV3-15.IGKJ1.IGKC;IGHV4-28..IGHJ6.IGHM_IGLV8-61.IGLJ3.IGLC2;IGHV1-8..IGHJ6.IGHM_IGKV1-6.IGKJ1.IGKC;IGHV2-5..IGHJ3.IGHM_IGLV3-19.IGLJ3.IGLC3;IGHV2-5..IGHJ4.IGHM_IGLV2-23.IGLJ1.IGLC1;IGHV1-58..IGHJ6.IGHM_IGKV3-20.IGKJ4.IGKC;IGHV1-18..IGHJ4.IGHG2_IGKV2-30.IGKJ2.IGKC;IGHV4-31..IGHJ3.IGHG1_IGKV1-9.IGKJ5.IGKC;IGHV1-2.IGHD6-19.IGHJ6.IGHM_IGKV2-28.IGKJ4.IGKC;IGHV3-7..IGHJ4.IGHM_IGLV3-1.IGLJ2.IGLC2;IGHV7-4-1..IGHJ4.IGHM_IGLV1-51.IGLJ1.IGLC1;IGHV3-15.IGHD3-10.IGHJ6.IGHM_IGLV3-25.IGLJ2.IGLC2;IGHV1-69D..IGHJ6.IGHG3_IGKV3-15.IGKJ4.IGKC;NA_IGLV3-1.IGLJ2.IGLC2;IGHV5-51..IGHJ4.IGHG1_IGLV3-25.IGLJ3.IGLC2;IGHV4-59..IGHJ6.IGHM_IGLV2-11.IGLJ2.IGLC3;IGHV4-39.IGHD3-22.IGHJ4.IGHM_IGLV1-40.IGLJ2.IGLC2;IGHV3-11.IGHD4-17.IGHJ5.IGHM_IGKV1-33.IGKJ4.IGKC;IGHV4-30-4..IGHJ1.IGHM_IGLV1-51.IGLJ2.IGLC2;IGHV3-11..IGHJ5.IGHD_IGLV3-1.IGLJ3.IGLC2;IGHV3-48.IGHD2-2.IGHJ4.IGHM_IGLV1-40.IGLJ1.IGLC1;NA_IGKV3-11.IGKJ2.IGKC;IGHV4-30-4..IGHJ4.IGHM_IGKV3-20.IGKJ5.IGKC;IGHV3-7.IGHD3-3.IGHJ6.IGHD_IGKV2-28.IGKJ4.IGKC;IGHV3-30.IGHD3-22.IGHJ4.IGHM_IGKV3-15.IGKJ1.IGKC;IGHV3-33..IGHJ4.IGHM_IGLV8-61.IGLJ3.IGLC3;IGHV3-9..IGHJ4.IGHM_IGLV3-1.IGLJ2.IGLC2;IGHV1-3.IGHD4-23.IGHJ5.IGHM_IGKV1-16.IGKJ5.IGKC;IGHV4-39..IGHJ4.IGHM_IGLV3-19.IGLJ2.IGLC2;IGHV4-39..IGHJ5.IGHM_IGKV3-20.IGKJ2.IGKC;IGHV3-30.IGHD2-2.IGHJ3.IGHM_IGKV3-20.IGKJ3.IGKC;IGHV3-7..IGHJ4.IGHM_IGKV3-20.IGKJ1.IGKC;IGHV5-51.IGHD2-2.IGHJ6.IGHM_IGKV3-15.IGKJ2.IGKC;IGHV2-5..IGHJ4.IGHM_IGLV7-43.IGLJ2.IGLC2;IGHV5-51.IGHD3-10.IGHJ6.IGHM_IGKV2-28.IGKJ4.IGKC;IGHV6-1..IGHJ5.IGHM_IGKV1-33.IGKJ1.IGKC;IGHV1-2..IGHJ4.IGHM_IGKV3-15.IGKJ5.IGKC;IGHV3-30..IGHJ4.IGHM_IGLV4-69.IGLJ2.IGLC2;IGHV3-33..IGHJ2.IGHM_IGKV3-15.IGKJ1.IGKC;IGHV3-48..IGHJ4.IGHM_IGKV3-15.IGKJ1.IGKC;IGHV4-30-4..IGHJ4.IGHM_IGKV3-20.IGKJ1.IGKC;IGHV3-30..IGHJ3.IGHG1_IGKV3-20.IGKJ2.IGKC;IGHV1-2..IGHJ6.IGHM_IGKV1-39.IGKJ4.IGKC;NA_IGLV2-23.IGLJ2.IGLC2;IGHV1-69D..IGHJ6.IGHM_IGKV3-20.IGKJ4.IGKC;IGHV2-70..IGHJ3.IGHM_IGKV3-15.IGKJ1.IGKC;NA_IGLV1-40.IGLJ2.IGLC2;IGHV4-59.IGHD3-10.IGHJ6.IGHM_IGKV1-39.IGKJ2.IGKC;IGHV3-9..IGHJ4.IGHM_IGKV1D-8.IGKJ1.IGKC;IGHV3-74..IGHJ5.IGHM_IGKV1-39.IGKJ4.IGKC;IGHV3-15.IGHD4-17.IGHJ4.IGHM_IGLV3-25.IGLJ1.IGLC1;IGHV3-43..IGHJ4.IGHM_IGKV3-20.IGKJ1.IGKC;IGHV3-9..IGHJ4.IGHD_IGLV4-69.IGLJ3.IGLC3;IGHV4-61..IGHJ4.IGHM_IGKV1-39.IGKJ2.IGKC;IGHV4-30-4..IGHJ5.IGHM_IGKV1-5.IGKJ1.IGKC;IGHV3-11.IGHD5-24.IGHJ6.IGHM_IGLV2-23.IGLJ1.IGLC1;IGHV3-9.IGHD2-2.IGHJ6.IGHM_IGKV1-5.IGKJ2.IGKC;IGHV3-7..IGHJ4.IGHA2_IGKV2-30.IGKJ2.IGKC;IGHV3-73.IGHD2-15.IGHJ3.IGHM_IGKV1-39.IGKJ2.IGKC;IGHV4-39..IGHJ5.IGHM_IGLV1-40.IGLJ1.IGLC1;IGHV3-9..IGHJ4.IGHM_IGLV2-14.IGLJ2.IGLC2;IGHV5-51..IGHJ4.IGHM_IGLV8-61.IGLJ3.IGLC3;IGHV1-2.IGHD4-17.IGHJ6.IGHD_IGLV3-25.IGLJ1.IGLC1;IGHV3-73..IGHJ4.IGHM_IGKV2D-29.IGKJ1.IGKC;IGHV3-74..IGHJ4.IGHM_IGLV4-69.IGLJ1.IGLC1;IGHV3-30..IGHJ4.IGHM_IGLV3-25.IGLJ3.IGLC2;IGHV1-69D.IGHD2-2.IGHJ5.IGHM_IGLV1-40.IGLJ2.IGLC2;IGHV2-5..IGHJ5.IGHM_IGLV3-1.IGLJ1.IGLC1;IGHV2-26..IGHJ4.IGHM_IGKV1-12.IGKJ1.IGKC;IGHV3-15.IGHD3-3.IGHJ4.IGHM_IGKV1-33.IGKJ4.IGKC;IGHV1-46..IGHJ4.IGHM_IGLV3-19.IGLJ2.IGLC2;IGHV1-8.IGHD3-3.IGHJ6.IGHM_IGKV3-20.IGKJ1.IGKC;IGHV3-15.IGHD2-2.IGHJ4.IGHM_IGKV1-33.IGKJ4.IGKC;IGHV1-8.IGHD3-10.IGHJ6.IGHM_IGKV1-39.IGKJ1.IGKC;IGHV3-9.IGHD4-23.IGHJ1.IGHM_IGLV2-23.IGLJ3.IGLC2;NA_IGKV1-39.IGKJ2.IGKC;IGHV1-69D..IGHJ3.IGHM_NA;IGHV4-59..IGHJ2.IGHG2_IGKV3-20.IGKJ4.IGKC;IGHV1-46..IGHJ6.IGHM_IGKV2-28.IGKJ4.IGKC;IGHV3-48.IGHD6-19.IGHJ4.IGHM_IGKV1-16.IGKJ1.IGKC;IGHV3-30..IGHJ4.IGHM_IGLV3-21.IGLJ1.IGLC1;IGHV1-18.IGHD3-3.IGHJ6.IGHM_IGLV3-21.IGLJ1.IGLC1;IGHV4-61..IGHJ6.IGHM_IGLV7-43.IGLJ1.IGLC1;IGHV3-33..IGHJ3.IGHM_IGKV1-5.IGKJ3.IGKC;IGHV3-30.IGHD2-2.IGHJ6.IGHM_IGLV3-1.IGLJ2.IGLC2;IGHV4-39..IGHJ4.IGHM_IGLV2-18.IGLJ1.IGLC1;IGHV3-33..IGHJ6.IGHM_IGKV3-15.IGKJ4.IGKC;IGHV4-31..IGHJ4.IGHM_IGKV3-20.IGKJ1.IGKC;IGHV4-59..IGHJ6.IGHA1_IGKV2-28.IGKJ2.IGKC;IGHV1-8..IGHJ6.IGHM_IGKV2-28.IGKJ3.IGKC;IGHV4-61.IGHD5-5.IGHJ4.IGHM_IGLV1-36.IGLJ2.IGLC2;IGHV5-51..IGHJ4.IGHM_IGKV3-20.IGKJ2.IGKC;IGHV1-46.IGHD3-22.IGHJ4.IGHM_IGLV1-40.IGLJ2.IGLC2;IGHV3-49..IGHJ4.IGHM_IGKV1-12.IGKJ4.IGKC;IGHV4-61..IGHJ3.IGHM_IGLV3-19.IGLJ1.IGLC1;IGHV2-5..IGHJ6.IGHG1_IGKV1-6.IGKJ2.IGKC;IGHV1-69D..IGHJ4.IGHM_IGLV3-1.IGLJ2.IGLC2;IGHV3-33.IGHD6-19.IGHJ4.IGHM_IGKV3-20.IGKJ1.IGKC;IGHV3-43.IGHD2-2.IGHJ6.IGHM_IGKV1-8.IGKJ5.IGKC;IGHV4-61..IGHJ5.IGHM_IGLV3-1.IGLJ2.IGLC2;IGHV1-18..IGHJ5.IGHM_IGLV1-40.IGLJ3.IGLC3;IGHV4-31..IGHJ5.IGHM_IGKV3-20.IGKJ3.IGKC;IGHV3-48..IGHJ4.IGHM_IGKV1-33.IGKJ5.IGKC;IGHV1-8..IGHJ4.IGHM_IGKV1-5.IGKJ1.IGKC;IGHV4-30-4..IGHJ4.IGHM_IGLV3-1.IGLJ2.IGLC2;IGHV3-30.IGHD2-2.IGHJ6.IGHM_IGKV2-28.IGKJ3.IGKC;IGHV3-11..IGHJ4.IGHM_IGKV1-39.IGKJ2.IGKC;IGHV4-39..IGHJ5.IGHM_IGKV1-5.IGKJ1.IGKC;IGHV3-48..IGHJ4.IGHM_IGLV1-40.IGLJ2.IGLC2;IGHV2-5..IGHJ4.IGHM_IGKV1-16.IGKJ2.IGKC;IGHV3-20..IGHJ4.IGHM_IGKV3-20.IGKJ4.IGKC;IGHV3-33..IGHJ5.IGHM_IGKV1-5.IGKJ1.IGKC;IGHV3-48..IGHJ4.IGHM_IGKV1-8.IGKJ1.IGKC;IGHV3-30..IGHJ3.IGHM_IGLV1-51.IGLJ3.IGLC2;IGHV4-39..IGHJ4.IGHM_IGLV3-21.IGLJ1.IGLC1;IGHV3-11.IGHD3-22.IGHJ4.IGHM_IGLV3-21.IGLJ2.IGLC2;IGHV1-8.IGHD2-2.IGHJ6.IGHM_IGKV1-8.IGKJ4.IGKC;IGHV4-39..IGHJ2.IGHM_IGKV6-21.IGKJ4.IGKC	0	NA
19	62	IGHV3-23.IGHD2-15.IGHJ3.IGHD_IGLV2-23.IGLJ1.IGLC1;IGHV3-23..IGHJ4.IGHM_IGKV3-15.IGKJ1.IGKC;IGHV3-23..IGHJ4.IGHM_IGKV2-30.IGKJ4.IGKC;IGHV3-23..IGHJ3.IGHM_IGLV1-44.IGLJ3.IGLC3;IGHV3-23..IGHJ2.IGHM_IGKV3D-15.IGKJ2.IGKC;IGHV3-23..IGHJ4.IGHM_IGLV3-21.IGLJ2.IGLC2;IGHV3-23..IGHJ3.IGHM_IGKV1-12.IGKJ2.IGKC;IGHV3-23.IGHD3-9.IGHJ4.IGHM_IGKV1-39.IGKJ1.IGKC;IGHV3-23..IGHJ4.IGHM_IGKV1-39.IGKJ2.IGKC;IGHV3-23..IGHJ4.IGHM_IGKV2-28.IGKJ2.IGKC;IGHV3-23.IGHD3-3.IGHJ6.IGHM_IGKV2-28.IGKJ1.IGKC;IGHV3-23..IGHJ3.IGHM_IGKV2-30.IGKJ2.IGKC;IGHV3-7..IGHJ4.IGHM_IGKV2-30.IGKJ1.IGKC;IGHV3-23..IGHJ2.IGHM_IGKV3-11.IGKJ4.IGKC;IGHV3-23..IGHJ5.IGHM_IGLV3-25.IGLJ2.IGLC2;IGHV3-23..IGHJ4.IGHM_IGKV3-20.IGKJ1.IGKC;IGHV3-23..IGHJ5.IGHM_IGKV1-8.IGKJ1.IGKC;IGHV3-23.IGHD3-22.IGHJ4.IGHM_IGLV3-21.IGLJ2.IGLC2;IGHV3-23..IGHJ4.IGHG2_IGLV1-47.IGLJ3.IGLC3;IGHV3-23..IGHJ4.IGHM_IGKV1-39.IGKJ1.IGKC;IGHV4-30-4..IGHJ4.IGHM_IGLV3-19.IGLJ2.IGLC2;IGHV3-23.IGHD2-15.IGHJ3.IGHM_IGKV1-39.IGKJ4.IGKC;IGHV3-23.IGHD3-22.IGHJ4.IGHM_IGLV3-1.IGLJ1.IGLC1;IGHV3-23..IGHJ4.IGHM_IGKV1-39.IGKJ2.IGKC;IGHV3-23..IGHJ3.IGHM_IGKV1-5.IGKJ1.IGKC;IGHV3-23..IGHJ5.IGHM_IGKV1-39.IGKJ2.IGKC;IGHV3-23.IGHD2-21.IGHJ6.IGHM_IGKV1-12.IGKJ2.IGKC;IGHV3-23..IGHJ4.IGHM_IGKV2-24.IGKJ2.IGKC;IGHV3-23.IGHD3-10.IGHJ3.IGHM_IGKV1-9.IGKJ3.IGKC;IGHV3-23..IGHJ4.IGHM_IGKV1-9.IGKJ5.IGKC;IGHV3-23.IGHD1-26.IGHJ4.IGHM_IGLV3-21.IGLJ3.IGLC3;IGHV3-23..IGHJ5.IGHM_IGKV1-16.IGKJ1.IGKC;IGHV3-23..IGHJ4.IGHM_IGKV1-33.IGKJ5.IGKC;IGHV3-23.IGHD6-13.IGHJ2.IGHM_IGKV3-11.IGKJ4.IGKC;IGHV3-23..IGHJ6.IGHD_IGKV1-5.IGKJ2.IGKC;IGHV3-23.IGHD6-19.IGHJ6.IGHM_IGKV3-15.IGKJ3.IGKC;IGHV3-23.IGHD6-19.IGHJ6.IGHM_IGLV3-21.IGLJ2.IGLC2;IGHV3-23.IGHD3-3.IGHJ4.IGHM_IGKV1-9.IGKJ4.IGKC;IGHV3-23.IGHD2-21.IGHJ4.IGHM_IGKV3-20.IGKJ4.IGKC;IGHV3-23..IGHJ4.IGHM_IGLV3-25.IGLJ3.IGLC2;IGHV3-23.IGHD2-15.IGHJ6.IGHM_IGKV2-28.IGKJ4.IGKC;IGHV3-23..IGHJ4.IGHM_IGLV3-1.IGLJ2.IGLC2;IGHV3-23.IGHD3-22.IGHJ3.IGHM_IGKV1-8.IGKJ1.IGKC;IGHV3-23.IGHD2-2.IGHJ4.IGHM_IGLV2-8.IGLJ1.IGLC1;IGHV3-23.IGHD3-16.IGHJ5.IGHM_IGKV1-27.IGKJ1.IGKC;IGHV3-23.IGHD1-7.IGHJ4.IGHM_IGKV3-20.IGKJ1.IGKC;IGHV3-23..IGHJ4.IGHM_IGLV2-11.IGLJ2.IGLC2;IGHV3-23.IGHD3-10.IGHJ2.IGHM_IGKV1-8.IGKJ4.IGKC;IGHV3-23..IGHJ4.IGHM_IGKV3-15.IGKJ4.IGKC;IGHV3-23..IGHJ3.IGHM_IGKV1-39.IGKJ4.IGKC;IGHV3-23.IGHD3-10.IGHJ4.IGHM_IGKV3-15.IGKJ2.IGKC;IGHV3-23..IGHJ3.IGHM_IGKV1-9.IGKJ3.IGKC;IGHV3-23.IGHD3-10.IGHJ4.IGHM_IGKV3D-15.IGKJ2.IGKC;IGHV3-23..IGHJ3.IGHM_IGKV1-33.IGKJ3.IGKC;IGHV3-23..IGHJ4.IGHM_IGKV1-33.IGKJ1.IGKC;IGHV3-23..IGHJ1.IGHM_IGKV2-28.IGKJ1.IGKC;IGHV3-23..IGHJ4.IGHM_IGKV1D-8.IGKJ2.IGKC;IGHV3-23..IGHJ6.IGHM_IGKV3-15.IGKJ4.IGKC;IGHV3-23..IGHJ3.IGHM_IGKV1-5.IGKJ4.IGKC;IGHV3-23..IGHJ6.IGHM_IGLV8-61.IGLJ2.IGLC2;IGHV3-23..IGHJ4.IGHM_IGKV1-39.IGKJ2.IGKC;IGHV3-23..IGHJ6.IGHM_IGKV1-5.IGKJ2.IGKC	9	1	IGHV1-69D..IGHJ4.IGHM_NA	0	NA
19	62	IGHV3-23.IGHD2-15.IGHJ3.IGHD_IGLV2-23.IGLJ1.IGLC1;IGHV3-23..IGHJ4.IGHM_IGKV3-15.IGKJ1.IGKC;IGHV3-23..IGHJ4.IGHM_IGKV2-30.IGKJ4.IGKC;IGHV3-23..IGHJ3.IGHM_IGLV1-44.IGLJ3.IGLC3;IGHV3-23..IGHJ2.IGHM_IGKV3D-15.IGKJ2.IGKC;IGHV3-23..IGHJ4.IGHM_IGLV3-21.IGLJ2.IGLC2;IGHV3-23..IGHJ3.IGHM_IGKV1-12.IGKJ2.IGKC;IGHV3-23.IGHD3-9.IGHJ4.IGHM_IGKV1-39.IGKJ1.IGKC;IGHV3-23..IGHJ4.IGHM_IGKV1-39.IGKJ2.IGKC;IGHV3-23..IGHJ4.IGHM_IGKV2-28.IGKJ2.IGKC;IGHV3-23.IGHD3-3.IGHJ6.IGHM_IGKV2-28.IGKJ1.IGKC;IGHV3-23..IGHJ3.IGHM_IGKV2-30.IGKJ2.IGKC;IGHV3-7..IGHJ4.IGHM_IGKV2-30.IGKJ1.IGKC;IGHV3-23..IGHJ2.IGHM_IGKV3-11.IGKJ4.IGKC;IGHV3-23..IGHJ5.IGHM_IGLV3-25.IGLJ2.IGLC2;IGHV3-23..IGHJ4.IGHM_IGKV3-20.IGKJ1.IGKC;IGHV3-23..IGHJ5.IGHM_IGKV1-8.IGKJ1.IGKC;IGHV3-23.IGHD3-22.IGHJ4.IGHM_IGLV3-21.IGLJ2.IGLC2;IGHV3-23..IGHJ4.IGHG2_IGLV1-47.IGLJ3.IGLC3;IGHV3-23..IGHJ4.IGHM_IGKV1-39.IGKJ1.IGKC;IGHV4-30-4..IGHJ4.IGHM_IGLV3-19.IGLJ2.IGLC2;IGHV3-23.IGHD2-15.IGHJ3.IGHM_IGKV1-39.IGKJ4.IGKC;IGHV3-23.IGHD3-22.IGHJ4.IGHM_IGLV3-1.IGLJ1.IGLC1;IGHV3-23..IGHJ4.IGHM_IGKV1-39.IGKJ2.IGKC;IGHV3-23..IGHJ3.IGHM_IGKV1-5.IGKJ1.IGKC;IGHV3-23..IGHJ5.IGHM_IGKV1-39.IGKJ2.IGKC;IGHV3-23.IGHD2-21.IGHJ6.IGHM_IGKV1-12.IGKJ2.IGKC;IGHV3-23..IGHJ4.IGHM_IGKV2-24.IGKJ2.IGKC;IGHV3-23.IGHD3-10.IGHJ3.IGHM_IGKV1-9.IGKJ3.IGKC;IGHV3-23..IGHJ4.IGHM_IGKV1-9.IGKJ5.IGKC;IGHV3-23.IGHD1-26.IGHJ4.IGHM_IGLV3-21.IGLJ3.IGLC3;IGHV3-23..IGHJ5.IGHM_IGKV1-16.IGKJ1.IGKC;IGHV3-23..IGHJ4.IGHM_IGKV1-33.IGKJ5.IGKC;IGHV3-23.IGHD6-13.IGHJ2.IGHM_IGKV3-11.IGKJ4.IGKC;IGHV3-23..IGHJ6.IGHD_IGKV1-5.IGKJ2.IGKC;IGHV3-23.IGHD6-19.IGHJ6.IGHM_IGKV3-15.IGKJ3.IGKC;IGHV3-23.IGHD6-19.IGHJ6.IGHM_IGLV3-21.IGLJ2.IGLC2;IGHV3-23.IGHD3-3.IGHJ4.IGHM_IGKV1-9.IGKJ4.IGKC;IGHV3-23.IGHD2-21.IGHJ4.IGHM_IGKV3-20.IGKJ4.IGKC;IGHV3-23..IGHJ4.IGHM_IGLV3-25.IGLJ3.IGLC2;IGHV3-23.IGHD2-15.IGHJ6.IGHM_IGKV2-28.IGKJ4.IGKC;IGHV3-23..IGHJ4.IGHM_IGLV3-1.IGLJ2.IGLC2;IGHV3-23.IGHD3-22.IGHJ3.IGHM_IGKV1-8.IGKJ1.IGKC;IGHV3-23.IGHD2-2.IGHJ4.IGHM_IGLV2-8.IGLJ1.IGLC1;IGHV3-23.IGHD3-16.IGHJ5.IGHM_IGKV1-27.IGKJ1.IGKC;IGHV3-23.IGHD1-7.IGHJ4.IGHM_IGKV3-20.IGKJ1.IGKC;IGHV3-23..IGHJ4.IGHM_IGLV2-11.IGLJ2.IGLC2;IGHV3-23.IGHD3-10.IGHJ2.IGHM_IGKV1-8.IGKJ4.IGKC;IGHV3-23..IGHJ4.IGHM_IGKV3-15.IGKJ4.IGKC;IGHV3-23..IGHJ3.IGHM_IGKV1-39.IGKJ4.IGKC;IGHV3-23.IGHD3-10.IGHJ4.IGHM_IGKV3-15.IGKJ2.IGKC;IGHV3-23..IGHJ3.IGHM_IGKV1-9.IGKJ3.IGKC;IGHV3-23.IGHD3-10.IGHJ4.IGHM_IGKV3D-15.IGKJ2.IGKC;IGHV3-23..IGHJ3.IGHM_IGKV1-33.IGKJ3.IGKC;IGHV3-23..IGHJ4.IGHM_IGKV1-33.IGKJ1.IGKC;IGHV3-23..IGHJ1.IGHM_IGKV2-28.IGKJ1.IGKC;IGHV3-23..IGHJ4.IGHM_IGKV1D-8.IGKJ2.IGKC;IGHV3-23..IGHJ6.IGHM_IGKV3-15.IGKJ4.IGKC;IGHV3-23..IGHJ3.IGHM_IGKV1-5.IGKJ4.IGKC;IGHV3-23..IGHJ6.IGHM_IGLV8-61.IGLJ2.IGLC2;IGHV3-23..IGHJ4.IGHM_IGKV1-39.IGKJ2.IGKC;IGHV3-23..IGHJ6.IGHM_IGKV1-5.IGKJ2.IGKC	16	79	IGHV3-21.IGHD4-23.IGHJ2.IGHM_IGKV3-11.IGKJ2.IGKC;IGHV3-33.IGHD6-19.IGHJ6.IGHM_IGKV1-39.IGKJ1.IGKC;IGHV3-33..IGHJ5.IGHM_IGLV1-40.IGLJ1.IGLC1;IGHV3-33.IGHD2-2.IGHJ4.IGHM_IGKV3-20.IGKJ2.IGKC;IGHV3-30..IGHJ4.IGHM_IGKV3-11.IGKJ1.IGKC;IGHV4-59..IGHJ5.IGHG1_IGKV3-11.IGKJ4.IGKC;IGHV3-23..IGHJ5.IGHM_IGKV3-11.IGKJ5.IGKC;IGHV3-33..IGHJ6.IGHM_IGLV1-40.IGLJ2.IGLC2;IGHV3-33..IGHJ4.IGHM_IGKV1-5.IGKJ2.IGKC;IGHV3-11..IGHJ5.IGHM_IGKV3-15.IGKJ2.IGKC;IGHV3-33..IGHJ6.IGHM_IGKV4-1.IGKJ4.IGKC;IGHV1-3.IGHD3-9.IGHJ5.IGHM_IGKV3-11.IGKJ1.IGKC;IGHV3-7..IGHJ6.IGHM_IGKV3-11.IGKJ4.IGKC;IGHV3-33..IGHJ4.IGHM_IGKV3-15.IGKJ1.IGKC;IGHV2-5.IGHD3-9.IGHJ4.IGHM_IGKV1-39.IGKJ2.IGKC;IGHV3-33..IGHJ4.IGHM_IGKV1-39.IGKJ2.IGKC;IGHV3-33..IGHJ4.IGHM_IGKV1-12.IGKJ4.IGKC;IGHV4-59.IGHD3-9.IGHJ6.IGHM_IGLV2-8.IGLJ2.IGLC2;IGHV1-8.IGHD3-3.IGHJ2.IGHM_IGKV3-11.IGKJ2.IGKC;IGHV4-39..IGHJ3.IGHM_IGKV3-11.IGKJ3.IGKC;IGHV3-33.IGHD6-19.IGHJ4.IGHM_IGLV3-1.IGLJ2.IGLC2;IGHV3-33..IGHJ6.IGHM_IGLV3-25.IGLJ1.IGLC1;IGHV3-33..IGHJ5.IGHM_IGKV1-39.IGKJ1.IGKC;IGHV3-30..IGHJ3.IGHM_IGKV3-11.IGKJ4.IGKC;IGHV3-33..IGHJ4.IGHM_IGLV1-44.IGLJ1.IGLC1;IGHV3-33..IGHJ4.IGHM_IGLV2-23.IGLJ3.IGLC3;IGHV1-69D.IGHD6-13.IGHJ4.IGHM_IGKV3-11.IGKJ3.IGKC;IGHV3-15..IGHJ4.IGHM_IGKV3-11.IGKJ4.IGKC;IGHV1-69D.IGHD5-5.IGHJ4.IGHM_IGKV3-20.IGKJ1.IGKC;IGHV3-33.IGHD5-5.IGHJ4.IGHM_IGKV3-11.IGKJ2.IGKC;IGHV1-46..IGHJ6.IGHM_IGKV3-11.IGKJ4.IGKC;IGHV3-33..IGHJ4.IGHA1_IGLV2-23.IGLJ1.IGLC1;IGHV3-20..IGHJ5.IGHM_IGKV3-11.IGKJ4.IGKC;IGHV3-33.IGHD2-15.IGHJ4.IGHM_IGLV3-25.IGLJ2.IGLC2;IGHV4-59..IGHJ5.IGHM_IGKV3-11.IGKJ4.IGKC;IGHV3-33.IGHD5-24.IGHJ4.IGHM_IGKV1-33.IGKJ4.IGKC;IGHV3-30.IGHD3-10.IGHJ6.IGHM_IGKV3-11.IGKJ5.IGKC;IGHV3-74..IGHJ3.IGHM_IGKV1-39.IGKJ1.IGKC;IGHV1-69D.IGHD2-21.IGHJ6.IGHM_IGLV3-25.IGLJ3.IGLC3;IGHV3-33.IGHD3-10.IGHJ4.IGHM_IGLV1-40.IGLJ7.IGLC7;IGHV3-33..IGHJ4.IGHM_IGKV2-24.IGKJ2.IGKC;IGHV3-23..IGHJ5.IGHM_IGKV3-11.IGKJ5.IGKC;IGHV3-33.IGHD3-22.IGHJ4.IGHM_IGKV1-5.IGKJ2.IGKC;IGHV4-34.IGHD2-15.IGHJ6.IGHM_IGKV3-11.IGKJ2.IGKC;IGHV3-33.IGHD4-17.IGHJ6.IGHM_IGKV1-17.IGKJ1.IGKC;IGHV3-21.IGHD6-19.IGHJ4.IGHM_IGKV3-11.IGKJ1.IGKC;IGHV3-23.IGHD6-19.IGHJ4.IGHM_IGKV3-11.IGKJ1.IGKC;IGHV3-33.IGHD6-19.IGHJ6.IGHM_IGKV3-20.IGKJ1.IGKC;IGHV3-33..IGHJ4.IGHM_IGKV3-15.IGKJ1.IGKC;IGHV3-33..IGHJ4.IGHM_IGKV3-20.IGKJ2.IGKC;IGHV3-33.IGHD3-22.IGHJ3.IGHM_IGLV7-46.IGLJ3.IGLC2;IGHV3-33..IGHJ4.IGHM_IGKV1-5.IGKJ2.IGKC;IGHV3-30.IGHD3-10.IGHJ6.IGHM_IGKV3-11.IGKJ4.IGKC;IGHV3-33..IGHJ6.IGHM_IGKV1-17.IGKJ1.IGKC;IGHV1-24..IGHJ4.IGHM_IGKV3-11.IGKJ4.IGKC;IGHV1-18.IGHD3-3.IGHJ6.IGHM_IGKV3-11.IGKJ2.IGKC;IGHV3-33.IGHD5-5.IGHJ4.IGHM_IGKV1-39.IGKJ1.IGKC;IGHV3-33.IGHD5-5.IGHJ6.IGHM_IGLV3-25.IGLJ2.IGLC2;IGHV3-23..IGHJ4.IGHM_IGKV3-11.IGKJ4.IGKC;IGHV3-33..IGHJ4.IGHM_IGLV3-19.IGLJ1.IGLC1;IGHV3-33..IGHJ3.IGHM_IGKV3-11.IGKJ2.IGKC;IGHV3-33..IGHJ5.IGHM_IGLV2-23.IGLJ1.IGLC1;IGHV3-7.IGHD2-2.IGHJ4.IGHM_IGKV3-11.IGKJ3.IGKC;IGHV3-33..IGHJ4.IGHM_IGLV3-25.IGLJ1.IGLC1;IGHV3-33..IGHJ4.IGHM_IGKV3-15.IGKJ4.IGKC;IGHV3-33..IGHJ3.IGHM_IGKV1-5.IGKJ1.IGKC;IGHV3-33..IGHJ4.IGHM_IGKV1-39.IGKJ4.IGKC;IGHV5-51..IGHJ4.IGHM_IGKV3-11.IGKJ4.IGKC;IGHV3-23..IGHJ4.IGHM_IGKV3-11.IGKJ4.IGKC;IGHV3-49..IGHJ6.IGHM_IGKV3-11.IGKJ5.IGKC;IGHV3-33..IGHJ3.IGHM_IGKV1-8.IGKJ1.IGKC;IGHV3-33..IGHJ4.IGHM_IGLV3-25.IGLJ3.IGLC3;IGHV3-30.IGHD3-10.IGHJ6.IGHM_IGKV3-11.IGKJ4.IGKC;IGHV3-33..IGHJ3.IGHM_IGKV1-39.IGKJ1.IGKC;IGHV3-33.IGHD3-22.IGHJ4.IGHM_IGKV1-5.IGKJ4.IGKC;IGHV3-15..IGHJ6.IGHM_IGKV3-11.IGKJ2.IGKC;IGHV3-33..IGHJ4.IGHM_IGLV2-8.IGLJ3.IGLC2;IGHV7-4-1.IGHD3-10.IGHJ4.IGHM_IGKV3-11.IGKJ5.IGKC;IGHV3-21..IGHJ2.IGHM_IGKV3-11.IGKJ4.IGKC	0	NA
19	62	IGHV3-23.IGHD2-15.IGHJ3.IGHD_IGLV2-23.IGLJ1.IGLC1;IGHV3-23..IGHJ4.IGHM_IGKV3-15.IGKJ1.IGKC;IGHV3-23..IGHJ4.IGHM_IGKV2-30.IGKJ4.IGKC;IGHV3-23..IGHJ3.IGHM_IGLV1-44.IGLJ3.IGLC3;IGHV3-23..IGHJ2.IGHM_IGKV3D-15.IGKJ2.IGKC;IGHV3-23..IGHJ4.IGHM_IGLV3-21.IGLJ2.IGLC2;IGHV3-23..IGHJ3.IGHM_IGKV1-12.IGKJ2.IGKC;IGHV3-23.IGHD3-9.IGHJ4.IGHM_IGKV1-39.IGKJ1.IGKC;IGHV3-23..IGHJ4.IGHM_IGKV1-39.IGKJ2.IGKC;IGHV3-23..IGHJ4.IGHM_IGKV2-28.IGKJ2.IGKC;IGHV3-23.IGHD3-3.IGHJ6.IGHM_IGKV2-28.IGKJ1.IGKC;IGHV3-23..IGHJ3.IGHM_IGKV2-30.IGKJ2.IGKC;IGHV3-7..IGHJ4.IGHM_IGKV2-30.IGKJ1.IGKC;IGHV3-23..IGHJ2.IGHM_IGKV3-11.IGKJ4.IGKC;IGHV3-23..IGHJ5.IGHM_IGLV3-25.IGLJ2.IGLC2;IGHV3-23..IGHJ4.IGHM_IGKV3-20.IGKJ1.IGKC;IGHV3-23..IGHJ5.IGHM_IGKV1-8.IGKJ1.IGKC;IGHV3-23.IGHD3-22.IGHJ4.IGHM_IGLV3-21.IGLJ2.IGLC2;IGHV3-23..IGHJ4.IGHG2_IGLV1-47.IGLJ3.IGLC3;IGHV3-23..IGHJ4.IGHM_IGKV1-39.IGKJ1.IGKC;IGHV4-30-4..IGHJ4.IGHM_IGLV3-19.IGLJ2.IGLC2;IGHV3-23.IGHD2-15.IGHJ3.IGHM_IGKV1-39.IGKJ4.IGKC;IGHV3-23.IGHD3-22.IGHJ4.IGHM_IGLV3-1.IGLJ1.IGLC1;IGHV3-23..IGHJ4.IGHM_IGKV1-39.IGKJ2.IGKC;IGHV3-23..IGHJ3.IGHM_IGKV1-5.IGKJ1.IGKC;IGHV3-23..IGHJ5.IGHM_IGKV1-39.IGKJ2.IGKC;IGHV3-23.IGHD2-21.IGHJ6.IGHM_IGKV1-12.IGKJ2.IGKC;IGHV3-23..IGHJ4.IGHM_IGKV2-24.IGKJ2.IGKC;IGHV3-23.IGHD3-10.IGHJ3.IGHM_IGKV1-9.IGKJ3.IGKC;IGHV3-23..IGHJ4.IGHM_IGKV1-9.IGKJ5.IGKC;IGHV3-23.IGHD1-26.IGHJ4.IGHM_IGLV3-21.IGLJ3.IGLC3;IGHV3-23..IGHJ5.IGHM_IGKV1-16.IGKJ1.IGKC;IGHV3-23..IGHJ4.IGHM_IGKV1-33.IGKJ5.IGKC;IGHV3-23.IGHD6-13.IGHJ2.IGHM_IGKV3-11.IGKJ4.IGKC;IGHV3-23..IGHJ6.IGHD_IGKV1-5.IGKJ2.IGKC;IGHV3-23.IGHD6-19.IGHJ6.IGHM_IGKV3-15.IGKJ3.IGKC;IGHV3-23.IGHD6-19.IGHJ6.IGHM_IGLV3-21.IGLJ2.IGLC2;IGHV3-23.IGHD3-3.IGHJ4.IGHM_IGKV1-9.IGKJ4.IGKC;IGHV3-23.IGHD2-21.IGHJ4.IGHM_IGKV3-20.IGKJ4.IGKC;IGHV3-23..IGHJ4.IGHM_IGLV3-25.IGLJ3.IGLC2;IGHV3-23.IGHD2-15.IGHJ6.IGHM_IGKV2-28.IGKJ4.IGKC;IGHV3-23..IGHJ4.IGHM_IGLV3-1.IGLJ2.IGLC2;IGHV3-23.IGHD3-22.IGHJ3.IGHM_IGKV1-8.IGKJ1.IGKC;IGHV3-23.IGHD2-2.IGHJ4.IGHM_IGLV2-8.IGLJ1.IGLC1;IGHV3-23.IGHD3-16.IGHJ5.IGHM_IGKV1-27.IGKJ1.IGKC;IGHV3-23.IGHD1-7.IGHJ4.IGHM_IGKV3-20.IGKJ1.IGKC;IGHV3-23..IGHJ4.IGHM_IGLV2-11.IGLJ2.IGLC2;IGHV3-23.IGHD3-10.IGHJ2.IGHM_IGKV1-8.IGKJ4.IGKC;IGHV3-23..IGHJ4.IGHM_IGKV3-15.IGKJ4.IGKC;IGHV3-23..IGHJ3.IGHM_IGKV1-39.IGKJ4.IGKC;IGHV3-23.IGHD3-10.IGHJ4.IGHM_IGKV3-15.IGKJ2.IGKC;IGHV3-23..IGHJ3.IGHM_IGKV1-9.IGKJ3.IGKC;IGHV3-23.IGHD3-10.IGHJ4.IGHM_IGKV3D-15.IGKJ2.IGKC;IGHV3-23..IGHJ3.IGHM_IGKV1-33.IGKJ3.IGKC;IGHV3-23..IGHJ4.IGHM_IGKV1-33.IGKJ1.IGKC;IGHV3-23..IGHJ1.IGHM_IGKV2-28.IGKJ1.IGKC;IGHV3-23..IGHJ4.IGHM_IGKV1D-8.IGKJ2.IGKC;IGHV3-23..IGHJ6.IGHM_IGKV3-15.IGKJ4.IGKC;IGHV3-23..IGHJ3.IGHM_IGKV1-5.IGKJ4.IGKC;IGHV3-23..IGHJ6.IGHM_IGLV8-61.IGLJ2.IGLC2;IGHV3-23..IGHJ4.IGHM_IGKV1-39.IGKJ2.IGKC;IGHV3-23..IGHJ6.IGHM_IGKV1-5.IGKJ2.IGKC	17	67	IGHV6-1..IGHJ6.IGHM_IGKV4-1.IGKJ2.IGKC;IGHV4-34..IGHJ3.IGHM_IGLV5-39.IGLJ2.IGLC2;IGHV4-34..IGHJ3.IGHM_IGKV1-8.IGKJ1.IGKC;IGHV4-34..IGHJ5.IGHM_IGLV2-23.IGLJ2.IGLC2;IGHV4-34..IGHJ4.IGHM_IGKV1D-8.IGKJ1.IGKC;IGHV4-34..IGHJ4.IGHM_IGKV4-1.IGKJ3.IGKC;IGHV4-39..IGHJ5.IGHM_IGKV4-1.IGKJ4.IGKC;IGHV4-34..IGHJ5.IGHM_IGKV3-15.IGKJ1.IGKC;IGHV1-8..IGHJ3.IGHM_IGLV1-44.IGLJ1.IGLC1;IGHV4-34..IGHJ4.IGHM_IGKV1-39.IGKJ2.IGKC;IGHV1-18.IGHD5-24.IGHJ3.IGHM_IGKV4-1.IGKJ4.IGKC;IGHV4-34.IGHD2-2.IGHJ6.IGHM_IGKV1-12.IGKJ4.IGKC;IGHV3-30.IGHD3-10.IGHJ4.IGHG1_IGKV4-1.IGKJ4.IGKC;IGHV4-34..IGHJ4.IGHM_IGLV1-47.IGLJ3.IGLC3;IGHV4-34.IGHD3-10.IGHJ4.IGHM_IGKV1-6.IGKJ4.IGKC;IGHV3-11..IGHJ5.IGHM_IGLV3-25.IGLJ1.IGLC1;IGHV4-34..IGHJ4.IGHM_IGKV3-15.IGKJ2.IGKC;IGHV4-61..IGHJ1.IGHM_IGKV3-20.IGKJ1.IGKC;IGHV7-4-1..IGHJ4.IGHM_IGKV4-1.IGKJ4.IGKC;IGHV2-5..IGHJ4.IGHM_IGKV4-1.IGKJ1.IGKC;IGHV4-34..IGHJ4.IGHM_IGLV3-19.IGLJ1.IGLC1;IGHV4-59.IGHD3-10.IGHJ4.IGHM_IGKV4-1.IGKJ1.IGKC;IGHV3-11..IGHJ3.IGHM_IGKV4-1.IGKJ4.IGKC;IGHV1-58..IGHJ6.IGHM_IGKV4-1.IGKJ1.IGKC;IGHV6-1..IGHJ4.IGHM_IGKV4-1.IGKJ1.IGKC;IGHV4-34.IGHD2-15.IGHJ5.IGHM_IGKV1-6.IGKJ2.IGKC;IGHV3-21..IGHJ4.IGHM_IGKV4-1.IGKJ3.IGKC;IGHV4-34..IGHJ4.IGHM_IGKV1-39.IGKJ1.IGKC;IGHV3-64..IGHJ4.IGHM_IGKV4-1.IGKJ1.IGKC;IGHV1-8..IGHJ4.IGHA1_IGKV4-1.IGKJ1.IGKC;IGHV4-34.IGHD3-16.IGHJ4.IGHM_IGKV1-39.IGKJ2.IGKC;IGHV4-34.IGHD4-23.IGHJ1.IGHM_IGKV4-1.IGKJ1.IGKC;IGHV3-30..IGHJ4.IGHG2_IGKV4-1.IGKJ2.IGKC;IGHV4-34.IGHD5-5.IGHJ2.IGHM_IGLV1-44.IGLJ1.IGLC1;IGHV5-51..IGHJ6.IGHM_IGKV4-1.IGKJ2.IGKC;IGHV3-23..IGHJ4.IGHM_IGKV4-1.IGKJ1.IGKC;IGHV4-34..IGHJ5.IGHM_IGLV1-47.IGLJ1.IGLC1;IGHV4-59.IGHD6-19.IGHJ4.IGHM_IGKV4-1.IGKJ1.IGKC;IGHV4-59..IGHJ4.IGHG2_IGKV4-1.IGKJ1.IGKC;IGHV4-34..IGHJ5.IGHM_IGKV4-1.IGKJ1.IGKC;IGHV4-34.IGHD4-17.IGHJ4.IGHM_IGLV1-44.IGLJ1.IGLC1;IGHV4-34..IGHJ4.IGHM_IGLV3-21.IGLJ2.IGLC2;IGHV4-39.IGHD2-15.IGHJ4.IGHM_IGLV3-21.IGLJ2.IGLC2;IGHV3-9.IGHD6-13.IGHJ6.IGHM_IGKV4-1.IGKJ1.IGKC;IGHV4-34.IGHD3-9.IGHJ4.IGHM_IGKV1-9.IGKJ5.IGKC;IGHV4-59..IGHJ5.IGHM_IGKV4-1.IGKJ1.IGKC;IGHV4-34..IGHJ4.IGHM_IGLV3-19.IGLJ2.IGLC2;IGHV1-46..IGHJ3.IGHM_IGKV4-1.IGKJ5.IGKC;IGHV3-11..IGHJ6.IGHM_IGKV1-39.IGKJ3.IGKC;IGHV4-34..IGHJ6.IGHM_IGKV3-20.IGKJ1.IGKC;IGHV4-34..IGHJ4.IGHM_IGLV3-19.IGLJ2.IGLC2;IGHV4-34..IGHJ6.IGHM_IGKV3-20.IGKJ1.IGKC;IGHV1-3..IGHJ5.IGHM_IGKV4-1.IGKJ2.IGKC;IGHV7-4-1..IGHJ6.IGHA1_IGKV4-1.IGKJ1.IGKC;IGHV4-34.IGHD3-10.IGHJ6.IGHM_IGLV1-44.IGLJ2.IGLC2;IGHV4-34.IGHD5-5.IGHJ5.IGHM_IGLV3-19.IGLJ2.IGLC2;IGHV4-34..IGHJ5.IGHM_IGKV1-39.IGKJ4.IGKC;IGHV1-18.IGHD4-17.IGHJ4.IGHM_IGKV4-1.IGKJ4.IGKC;IGHV4-34..IGHJ6.IGHM_IGKV1-27.IGKJ2.IGKC;IGHV6-1..IGHJ4.IGHM_IGKV4-1.IGKJ1.IGKC;IGHV4-34..IGHJ4.IGHM_IGKV3-15.IGKJ2.IGKC;IGHV1-2..IGHJ5.IGHM_IGKV4-1.IGKJ2.IGKC;IGHV4-34..IGHJ6.IGHM_IGLV7-43.IGLJ1.IGLC1;IGHV4-39..IGHJ3.IGHM_IGKV4-1.IGKJ4.IGKC;IGHV4-34..IGHJ4.IGHM_IGLV1-44.IGLJ1.IGLC1;IGHV4-34.IGHD3-22.IGHJ1.IGHM_IGKV1-33.IGKJ4.IGKC;IGHV4-34.IGHD2-15.IGHJ5.IGHM_IGKV1-8.IGKJ1.IGKC	0	NA
19	62	IGHV3-23.IGHD2-15.IGHJ3.IGHD_IGLV2-23.IGLJ1.IGLC1;IGHV3-23..IGHJ4.IGHM_IGKV3-15.IGKJ1.IGKC;IGHV3-23..IGHJ4.IGHM_IGKV2-30.IGKJ4.IGKC;IGHV3-23..IGHJ3.IGHM_IGLV1-44.IGLJ3.IGLC3;IGHV3-23..IGHJ2.IGHM_IGKV3D-15.IGKJ2.IGKC;IGHV3-23..IGHJ4.IGHM_IGLV3-21.IGLJ2.IGLC2;IGHV3-23..IGHJ3.IGHM_IGKV1-12.IGKJ2.IGKC;IGHV3-23.IGHD3-9.IGHJ4.IGHM_IGKV1-39.IGKJ1.IGKC;IGHV3-23..IGHJ4.IGHM_IGKV1-39.IGKJ2.IGKC;IGHV3-23..IGHJ4.IGHM_IGKV2-28.IGKJ2.IGKC;IGHV3-23.IGHD3-3.IGHJ6.IGHM_IGKV2-28.IGKJ1.IGKC;IGHV3-23..IGHJ3.IGHM_IGKV2-30.IGKJ2.IGKC;IGHV3-7..IGHJ4.IGHM_IGKV2-30.IGKJ1.IGKC;IGHV3-23..IGHJ2.IGHM_IGKV3-11.IGKJ4.IGKC;IGHV3-23..IGHJ5.IGHM_IGLV3-25.IGLJ2.IGLC2;IGHV3-23..IGHJ4.IGHM_IGKV3-20.IGKJ1.IGKC;IGHV3-23..IGHJ5.IGHM_IGKV1-8.IGKJ1.IGKC;IGHV3-23.IGHD3-22.IGHJ4.IGHM_IGLV3-21.IGLJ2.IGLC2;IGHV3-23..IGHJ4.IGHG2_IGLV1-47.IGLJ3.IGLC3;IGHV3-23..IGHJ4.IGHM_IGKV1-39.IGKJ1.IGKC;IGHV4-30-4..IGHJ4.IGHM_IGLV3-19.IGLJ2.IGLC2;IGHV3-23.IGHD2-15.IGHJ3.IGHM_IGKV1-39.IGKJ4.IGKC;IGHV3-23.IGHD3-22.IGHJ4.IGHM_IGLV3-1.IGLJ1.IGLC1;IGHV3-23..IGHJ4.IGHM_IGKV1-39.IGKJ2.IGKC;IGHV3-23..IGHJ3.IGHM_IGKV1-5.IGKJ1.IGKC;IGHV3-23..IGHJ5.IGHM_IGKV1-39.IGKJ2.IGKC;IGHV3-23.IGHD2-21.IGHJ6.IGHM_IGKV1-12.IGKJ2.IGKC;IGHV3-23..IGHJ4.IGHM_IGKV2-24.IGKJ2.IGKC;IGHV3-23.IGHD3-10.IGHJ3.IGHM_IGKV1-9.IGKJ3.IGKC;IGHV3-23..IGHJ4.IGHM_IGKV1-9.IGKJ5.IGKC;IGHV3-23.IGHD1-26.IGHJ4.IGHM_IGLV3-21.IGLJ3.IGLC3;IGHV3-23..IGHJ5.IGHM_IGKV1-16.IGKJ1.IGKC;IGHV3-23..IGHJ4.IGHM_IGKV1-33.IGKJ5.IGKC;IGHV3-23.IGHD6-13.IGHJ2.IGHM_IGKV3-11.IGKJ4.IGKC;IGHV3-23..IGHJ6.IGHD_IGKV1-5.IGKJ2.IGKC;IGHV3-23.IGHD6-19.IGHJ6.IGHM_IGKV3-15.IGKJ3.IGKC;IGHV3-23.IGHD6-19.IGHJ6.IGHM_IGLV3-21.IGLJ2.IGLC2;IGHV3-23.IGHD3-3.IGHJ4.IGHM_IGKV1-9.IGKJ4.IGKC;IGHV3-23.IGHD2-21.IGHJ4.IGHM_IGKV3-20.IGKJ4.IGKC;IGHV3-23..IGHJ4.IGHM_IGLV3-25.IGLJ3.IGLC2;IGHV3-23.IGHD2-15.IGHJ6.IGHM_IGKV2-28.IGKJ4.IGKC;IGHV3-23..IGHJ4.IGHM_IGLV3-1.IGLJ2.IGLC2;IGHV3-23.IGHD3-22.IGHJ3.IGHM_IGKV1-8.IGKJ1.IGKC;IGHV3-23.IGHD2-2.IGHJ4.IGHM_IGLV2-8.IGLJ1.IGLC1;IGHV3-23.IGHD3-16.IGHJ5.IGHM_IGKV1-27.IGKJ1.IGKC;IGHV3-23.IGHD1-7.IGHJ4.IGHM_IGKV3-20.IGKJ1.IGKC;IGHV3-23..IGHJ4.IGHM_IGLV2-11.IGLJ2.IGLC2;IGHV3-23.IGHD3-10.IGHJ2.IGHM_IGKV1-8.IGKJ4.IGKC;IGHV3-23..IGHJ4.IGHM_IGKV3-15.IGKJ4.IGKC;IGHV3-23..IGHJ3.IGHM_IGKV1-39.IGKJ4.IGKC;IGHV3-23.IGHD3-10.IGHJ4.IGHM_IGKV3-15.IGKJ2.IGKC;IGHV3-23..IGHJ3.IGHM_IGKV1-9.IGKJ3.IGKC;IGHV3-23.IGHD3-10.IGHJ4.IGHM_IGKV3D-15.IGKJ2.IGKC;IGHV3-23..IGHJ3.IGHM_IGKV1-33.IGKJ3.IGKC;IGHV3-23..IGHJ4.IGHM_IGKV1-33.IGKJ1.IGKC;IGHV3-23..IGHJ1.IGHM_IGKV2-28.IGKJ1.IGKC;IGHV3-23..IGHJ4.IGHM_IGKV1D-8.IGKJ2.IGKC;IGHV3-23..IGHJ6.IGHM_IGKV3-15.IGKJ4.IGKC;IGHV3-23..IGHJ3.IGHM_IGKV1-5.IGKJ4.IGKC;IGHV3-23..IGHJ6.IGHM_IGLV8-61.IGLJ2.IGLC2;IGHV3-23..IGHJ4.IGHM_IGKV1-39.IGKJ2.IGKC;IGHV3-23..IGHJ6.IGHM_IGKV1-5.IGKJ2.IGKC	18	68	IGHV4-39..IGHJ4.IGHA1_IGLV2-23.IGLJ3.IGLC2;IGHV4-39..IGHJ4.IGHM_IGLV1-44.IGLJ1.IGLC1;IGHV3-21..IGHJ6.IGHM_IGKV1-33.IGKJ3.IGKC;IGHV3-74.IGHD2-15.IGHJ6.IGHM_IGLV1-44.IGLJ1.IGLC1;IGHV3-21.IGHD3-22.IGHJ3.IGHM_IGLV3-25.IGLJ2.IGLC2;IGHV4-30-4..IGHJ5.IGHM_IGLV1-44.IGLJ2.IGLC2;IGHV3-21.IGHD3-3.IGHJ5.IGHM_IGKV1-27.IGKJ4.IGKC;IGHV3-21.IGHD4-17.IGHJ4.IGHM_IGLV1-44.IGLJ2.IGLC2;IGHV3-21..IGHJ6.IGHM_IGKV3-20.IGKJ2.IGKC;IGHV3-21..IGHJ6.IGHM_IGLV3-21.IGLJ1.IGLC1;IGHV3-21..IGHJ3.IGHM_IGKV1-39.IGKJ1.IGKC;IGHV2-26..IGHJ4.IGHM_IGLV1-51.IGLJ2.IGLC2;IGHV3-21.IGHD1-26.IGHJ4.IGHM_IGLV2-11.IGLJ3.IGLC3;IGHV3-21.IGHD6-13.IGHJ4.IGHM_IGLV1-51.IGLJ1.IGLC1;IGHV3-30..IGHJ5.IGHG1_IGLV1-44.IGLJ3.IGLC2;IGHV3-21..IGHJ5.IGHM_IGLV8-61.IGLJ2.IGLC2;IGHV4-59..IGHJ6.IGHM_IGLV1-44.IGLJ2.IGLC2;IGHV2-5..IGHJ4.IGHG1_IGLV1-44.IGLJ1.IGLC1;IGHV1-69D.IGHD2-2.IGHJ4.IGHA1_IGKV3-20.IGKJ2.IGKC;IGHV3-33.IGHD3-22.IGHJ4.IGHM_IGLV1-44.IGLJ3.IGLC2;IGHV3-11..IGHJ6.IGHA1_IGLV3-1.IGLJ2.IGLC2;IGHV3-21.IGHD1-20.IGHJ4.IGHD_IGKV1-8.IGKJ3.IGKC;IGHV3-21..IGHJ4.IGHM_IGLV3-25.IGLJ1.IGLC1;IGHV3-23.IGHD3-22.IGHJ4.IGHM_IGLV1-44.IGLJ3.IGLC3;IGHV1-8..IGHJ6.IGHG2_IGLV1-44.IGLJ1.IGLC1;IGHV3-21.IGHD5-12.IGHJ6.IGHM_IGLV1-40.IGLJ3.IGLC2;IGHV3-21..IGHJ6.IGHM_IGLV3-1.IGLJ2.IGLC2;IGHV3-21.IGHD3-10.IGHJ6.IGHM_IGLV2-23.IGLJ3.IGLC3;IGHV4-39.IGHD3-9.IGHJ4.IGHM_IGLV1-44.IGLJ1.IGLC1;IGHV1-18..IGHJ4.IGHM_IGLV1-44.IGLJ3.IGLC2;IGHV3-66..IGHJ6.IGHM_IGLV1-44.IGLJ3.IGLC3;IGHV3-21.IGHD3-22.IGHJ4.IGHM_IGKV1-12.IGKJ5.IGKC;IGHV2-5.IGHD2-2.IGHJ5.IGHM_IGLV1-44.IGLJ2.IGLC2;IGHV4-39.IGHD3-9.IGHJ4.IGHM_IGLV1-44.IGLJ1.IGLC1;IGHV6-1..IGHJ5.IGHA1_IGLV1-51.IGLJ3.IGLC2;IGHV4-59.IGHD3-10.IGHJ5.IGHM_IGLV1-44.IGLJ2.IGLC2;IGHV4-39.IGHD3-9.IGHJ2.IGHM_IGLV1-44.IGLJ2.IGLC2;IGHV1-18.IGHD4-17.IGHJ1.IGHM_IGLV1-44.IGLJ2.IGLC2;IGHV3-21..IGHJ4.IGHM_IGLV1-47.IGLJ2.IGLC2;IGHV3-21..IGHJ4.IGHG1_IGKV2D-29.IGKJ4.IGKC;IGHV4-61..IGHJ6.IGHM_IGLV1-44.IGLJ3.IGLC2;IGHV4-30-4.IGHD3-10.IGHJ4.IGHG2_IGLV1-44.IGLJ2.IGLC2;IGHV3-21..IGHJ4.IGHM_IGKV1-39.IGKJ3.IGKC;IGHV4-39..IGHJ4.IGHM_IGLV1-44.IGLJ2.IGLC2;IGHV3-21..IGHJ4.IGHM_IGKV1-8.IGKJ4.IGKC;IGHV1-69D..IGHJ4.IGHM_IGLV1-44.IGLJ1.IGLC1;IGHV3-21..IGHJ3.IGHA2_IGKV3-20.IGKJ1.IGKC;IGHV2-5..IGHJ4.IGHG1_IGLV1-44.IGLJ1.IGLC1;IGHV3-33.IGHD3-10.IGHJ4.IGHM_IGKV3-15.IGKJ1.IGKC;IGHV3-21.IGHD6-19.IGHJ5.IGHM_IGKV1-8.IGKJ2.IGKC;IGHV3-21.IGHD5-24.IGHJ4.IGHM_IGKV1-27.IGKJ3.IGKC;IGHV3-9..IGHJ4.IGHM_IGLV1-44.IGLJ3.IGLC3;IGHV3-21..IGHJ4.IGHM_IGKV1-8.IGKJ1.IGKC;IGHV3-21.IGHD5-5.IGHJ4.IGHM_IGLV1-44.IGLJ2.IGLC2;IGHV3-48..IGHJ6.IGHM_IGLV1-44.IGLJ1.IGLC1;IGHV3-21.IGHD2-2.IGHJ6.IGHM_IGKV2-28.IGKJ2.IGKC;IGHV3-21..IGHJ4.IGHM_IGLV6-57.IGLJ3.IGLC2;IGHV4-30-4.IGHD3-10.IGHJ5.IGHM_IGLV1-44.IGLJ3.IGLC3;IGHV3-21..IGHJ4.IGHM_IGKV3-15.IGKJ2.IGKC;IGHV3-21..IGHJ4.IGHM_IGKV3-15.IGKJ4.IGKC;IGHV3-21..IGHJ4.IGHM_IGKV1-33.IGKJ2.IGKC;IGHV5-51..IGHJ5.IGHA2_IGKV1-5.IGKJ1.IGKC;IGHV3-21..IGHJ4.IGHM_IGLV6-57.IGLJ3.IGLC3;IGHV3-21..IGHJ5.IGHM_IGKV1-5.IGKJ1.IGKC;IGHV3-7..IGHJ4.IGHM_IGLV1-47.IGLJ3.IGLC3;IGHV4-59..IGHJ3.IGHA1_IGLV1-44.IGLJ1.IGLC1;IGHV3-21.IGHD2-15.IGHJ4.IGHM_IGKV1-27.IGKJ1.IGKC;IGHV3-30..IGHJ6.IGHA1_IGLV1-44.IGLJ2.IGLC2	0	NA
19	62	IGHV3-23.IGHD2-15.IGHJ3.IGHD_IGLV2-23.IGLJ1.IGLC1;IGHV3-23..IGHJ4.IGHM_IGKV3-15.IGKJ1.IGKC;IGHV3-23..IGHJ4.IGHM_IGKV2-30.IGKJ4.IGKC;IGHV3-23..IGHJ3.IGHM_IGLV1-44.IGLJ3.IGLC3;IGHV3-23..IGHJ2.IGHM_IGKV3D-15.IGKJ2.IGKC;IGHV3-23..IGHJ4.IGHM_IGLV3-21.IGLJ2.IGLC2;IGHV3-23..IGHJ3.IGHM_IGKV1-12.IGKJ2.IGKC;IGHV3-23.IGHD3-9.IGHJ4.IGHM_IGKV1-39.IGKJ1.IGKC;IGHV3-23..IGHJ4.IGHM_IGKV1-39.IGKJ2.IGKC;IGHV3-23..IGHJ4.IGHM_IGKV2-28.IGKJ2.IGKC;IGHV3-23.IGHD3-3.IGHJ6.IGHM_IGKV2-28.IGKJ1.IGKC;IGHV3-23..IGHJ3.IGHM_IGKV2-30.IGKJ2.IGKC;IGHV3-7..IGHJ4.IGHM_IGKV2-30.IGKJ1.IGKC;IGHV3-23..IGHJ2.IGHM_IGKV3-11.IGKJ4.IGKC;IGHV3-23..IGHJ5.IGHM_IGLV3-25.IGLJ2.IGLC2;IGHV3-23..IGHJ4.IGHM_IGKV3-20.IGKJ1.IGKC;IGHV3-23..IGHJ5.IGHM_IGKV1-8.IGKJ1.IGKC;IGHV3-23.IGHD3-22.IGHJ4.IGHM_IGLV3-21.IGLJ2.IGLC2;IGHV3-23..IGHJ4.IGHG2_IGLV1-47.IGLJ3.IGLC3;IGHV3-23..IGHJ4.IGHM_IGKV1-39.IGKJ1.IGKC;IGHV4-30-4..IGHJ4.IGHM_IGLV3-19.IGLJ2.IGLC2;IGHV3-23.IGHD2-15.IGHJ3.IGHM_IGKV1-39.IGKJ4.IGKC;IGHV3-23.IGHD3-22.IGHJ4.IGHM_IGLV3-1.IGLJ1.IGLC1;IGHV3-23..IGHJ4.IGHM_IGKV1-39.IGKJ2.IGKC;IGHV3-23..IGHJ3.IGHM_IGKV1-5.IGKJ1.IGKC;IGHV3-23..IGHJ5.IGHM_IGKV1-39.IGKJ2.IGKC;IGHV3-23.IGHD2-21.IGHJ6.IGHM_IGKV1-12.IGKJ2.IGKC;IGHV3-23..IGHJ4.IGHM_IGKV2-24.IGKJ2.IGKC;IGHV3-23.IGHD3-10.IGHJ3.IGHM_IGKV1-9.IGKJ3.IGKC;IGHV3-23..IGHJ4.IGHM_IGKV1-9.IGKJ5.IGKC;IGHV3-23.IGHD1-26.IGHJ4.IGHM_IGLV3-21.IGLJ3.IGLC3;IGHV3-23..IGHJ5.IGHM_IGKV1-16.IGKJ1.IGKC;IGHV3-23..IGHJ4.IGHM_IGKV1-33.IGKJ5.IGKC;IGHV3-23.IGHD6-13.IGHJ2.IGHM_IGKV3-11.IGKJ4.IGKC;IGHV3-23..IGHJ6.IGHD_IGKV1-5.IGKJ2.IGKC;IGHV3-23.IGHD6-19.IGHJ6.IGHM_IGKV3-15.IGKJ3.IGKC;IGHV3-23.IGHD6-19.IGHJ6.IGHM_IGLV3-21.IGLJ2.IGLC2;IGHV3-23.IGHD3-3.IGHJ4.IGHM_IGKV1-9.IGKJ4.IGKC;IGHV3-23.IGHD2-21.IGHJ4.IGHM_IGKV3-20.IGKJ4.IGKC;IGHV3-23..IGHJ4.IGHM_IGLV3-25.IGLJ3.IGLC2;IGHV3-23.IGHD2-15.IGHJ6.IGHM_IGKV2-28.IGKJ4.IGKC;IGHV3-23..IGHJ4.IGHM_IGLV3-1.IGLJ2.IGLC2;IGHV3-23.IGHD3-22.IGHJ3.IGHM_IGKV1-8.IGKJ1.IGKC;IGHV3-23.IGHD2-2.IGHJ4.IGHM_IGLV2-8.IGLJ1.IGLC1;IGHV3-23.IGHD3-16.IGHJ5.IGHM_IGKV1-27.IGKJ1.IGKC;IGHV3-23.IGHD1-7.IGHJ4.IGHM_IGKV3-20.IGKJ1.IGKC;IGHV3-23..IGHJ4.IGHM_IGLV2-11.IGLJ2.IGLC2;IGHV3-23.IGHD3-10.IGHJ2.IGHM_IGKV1-8.IGKJ4.IGKC;IGHV3-23..IGHJ4.IGHM_IGKV3-15.IGKJ4.IGKC;IGHV3-23..IGHJ3.IGHM_IGKV1-39.IGKJ4.IGKC;IGHV3-23.IGHD3-10.IGHJ4.IGHM_IGKV3-15.IGKJ2.IGKC;IGHV3-23..IGHJ3.IGHM_IGKV1-9.IGKJ3.IGKC;IGHV3-23.IGHD3-10.IGHJ4.IGHM_IGKV3D-15.IGKJ2.IGKC;IGHV3-23..IGHJ3.IGHM_IGKV1-33.IGKJ3.IGKC;IGHV3-23..IGHJ4.IGHM_IGKV1-33.IGKJ1.IGKC;IGHV3-23..IGHJ1.IGHM_IGKV2-28.IGKJ1.IGKC;IGHV3-23..IGHJ4.IGHM_IGKV1D-8.IGKJ2.IGKC;IGHV3-23..IGHJ6.IGHM_IGKV3-15.IGKJ4.IGKC;IGHV3-23..IGHJ3.IGHM_IGKV1-5.IGKJ4.IGKC;IGHV3-23..IGHJ6.IGHM_IGLV8-61.IGLJ2.IGLC2;IGHV3-23..IGHJ4.IGHM_IGKV1-39.IGKJ2.IGKC;IGHV3-23..IGHJ6.IGHM_IGKV1-5.IGKJ2.IGKC	20	56	IGHV4-61..IGHJ6.IGHM_IGLV2-14.IGLJ3.IGLC3;IGHV3-33..IGHJ6.IGHM_IGLV2-14.IGLJ1.IGLC1;IGHV3-49..IGHJ3.IGHM_IGLV2-14.IGLJ2.IGLC2;IGHV3-7..IGHJ6.IGHA1_IGLV2-14.IGLJ1.IGLC1;IGHV3-11..IGHJ4.IGHM_IGLV1-36.IGLJ1.IGLC1;IGHV1-8..IGHJ4.IGHM_IGLV2-14.IGLJ2.IGLC2;IGHV1-3.IGHD3-10.IGHJ2.IGHM_IGLV2-14.IGLJ2.IGLC2;IGHV3-23.IGHD3-3.IGHJ6.IGHD_IGLV2-14.IGLJ2.IGLC2;IGHV3-11..IGHJ6.IGHM_IGLV2-14.IGLJ3.IGLC3;IGHV4-61.IGHD3-22.IGHJ4.IGHM_IGLV2-14.IGLJ1.IGLC1;IGHV4-39..IGHJ4.IGHM_IGLV2-14.IGLJ3.IGLC3;IGHV3-15.IGHD3-22.IGHJ4.IGHM_IGLV2-14.IGLJ1.IGLC1;IGHV2-5..IGHJ6.IGHG2_IGLV2-14.IGLJ1.IGLC1;IGHV3-30.IGHD3-10.IGHJ4.IGHM_IGLV2-14.IGLJ1.IGLC1;IGHV1-69D..IGHJ6.IGHM_IGLV2-14.IGLJ1.IGLC1;IGHV3-30..IGHJ2.IGHM_IGLV2-14.IGLJ2.IGLC3;IGHV4-39..IGHJ5.IGHM_IGLV2-14.IGLJ2.IGLC2;IGHV4-39..IGHJ6.IGHM_IGLV2-14.IGLJ2.IGLC2;IGHV4-34.IGHD6-19.IGHJ6.IGHM_IGLV2-14.IGLJ2.IGLC2;IGHV1-18.IGHD3-9.IGHJ4.IGHM_IGLV2-14.IGLJ2.IGLC2;IGHV3-30..IGHJ4.IGHM_IGLV2-14.IGLJ3.IGLC2;IGHV3-33.IGHD2-2.IGHJ6.IGHM_IGLV1-51.IGLJ2.IGLC2;IGHV2-70..IGHJ4.IGHM_IGLV2-14.IGLJ2.IGLC2;IGHV3-53..IGHJ6.IGHM_IGKV1-9.IGKJ2.IGKC;IGHV3-74.IGHD7-27.IGHJ4.IGHG1_IGLV2-14.IGLJ1.IGLC1;IGHV3-33.IGHD3-10.IGHJ6.IGHG1_IGLV2-14.IGLJ2.IGLC2;IGHV2-26.IGHD2-15.IGHJ6.IGHM_IGLV2-14.IGLJ2.IGLC2;IGHV3-21..IGHJ5.IGHG2_IGLV2-14.IGLJ3.IGLC3;IGHV4-61.IGHD2-15.IGHJ6.IGHM_IGLV2-14.IGLJ3.IGLC2;IGHV1-2..IGHJ4.IGHM_IGLV2-14.IGLJ2.IGLC3;IGHV3-33..IGHJ5.IGHM_IGLV2-14.IGLJ1.IGLC1;IGHV3-21.IGHD3-22.IGHJ4.IGHM_IGLV2-14.IGLJ2.IGLC2;IGHV4-31..IGHJ4.IGHM_IGLV2-14.IGLJ2.IGLC2;IGHV2-5..IGHJ4.IGHM_IGLV2-14.IGLJ2.IGLC3;IGHV4-31.IGHD3-9.IGHJ6.IGHM_IGLV2-14.IGLJ1.IGLC1;IGHV3-33..IGHJ6.IGHM_IGLV2-14.IGLJ1.IGLC1;IGHV4-39..IGHJ4.IGHM_IGKV3-20.IGKJ1.IGKC;IGHV3-66..IGHJ4.IGHM_IGLV2-14.IGLJ1.IGLC1;IGHV5-51..IGHJ4.IGHM_IGLV2-14.IGLJ3.IGLC3;IGHV3-33..IGHJ6.IGHA1_IGLV2-14.IGLJ2.IGLC2;IGHV3-9..IGHJ4.IGHM_IGLV2-14.IGLJ2.IGLC2;IGHV4-34..IGHJ6.IGHM_IGLV2-14.IGLJ1.IGLC1;IGHV3-11.IGHD3-22.IGHJ6.IGHM_IGLV2-14.IGLJ2.IGLC2;IGHV3-9.IGHD3-9.IGHJ6.IGHA1_IGLV2-14.IGLJ1.IGLC1;IGHV3-9..IGHJ4.IGHM_IGLV2-14.IGLJ2.IGLC2;IGHV4-39..IGHJ1.IGHM_IGLV2-14.IGLJ2.IGLC2;IGHV3-9..IGHJ6.IGHM_IGLV2-14.IGLJ1.IGLC1;IGHV4-30-4..IGHJ1.IGHM_IGLV2-14.IGLJ2.IGLC2;IGHV3-48..IGHJ6.IGHM_IGLV2-14.IGLJ2.IGLC2;IGHV1-46..IGHJ5.IGHM_IGLV2-8.IGLJ2.IGLC2;IGHV3-74..IGHJ4.IGHM_IGLV2-14.IGLJ2.IGLC2;IGHV3-33.IGHD4-17.IGHJ3.IGHG1_IGLV2-14.IGLJ1.IGLC1;IGHV1-69D.IGHD2-15.IGHJ5.IGHM_IGLV2-14.IGLJ3.IGLC2;IGHV3-23.IGHD1-20.IGHJ4.IGHM_IGLV2-14.IGLJ3.IGLC2;IGHV3-48..IGHJ5.IGHM_IGLV2-14.IGLJ3.IGLC3;IGHV3-9..IGHJ6.IGHA1_IGLV2-14.IGLJ1.IGLC1	0	NA
19	62	IGHV3-23.IGHD2-15.IGHJ3.IGHD_IGLV2-23.IGLJ1.IGLC1;IGHV3-23..IGHJ4.IGHM_IGKV3-15.IGKJ1.IGKC;IGHV3-23..IGHJ4.IGHM_IGKV2-30.IGKJ4.IGKC;IGHV3-23..IGHJ3.IGHM_IGLV1-44.IGLJ3.IGLC3;IGHV3-23..IGHJ2.IGHM_IGKV3D-15.IGKJ2.IGKC;IGHV3-23..IGHJ4.IGHM_IGLV3-21.IGLJ2.IGLC2;IGHV3-23..IGHJ3.IGHM_IGKV1-12.IGKJ2.IGKC;IGHV3-23.IGHD3-9.IGHJ4.IGHM_IGKV1-39.IGKJ1.IGKC;IGHV3-23..IGHJ4.IGHM_IGKV1-39.IGKJ2.IGKC;IGHV3-23..IGHJ4.IGHM_IGKV2-28.IGKJ2.IGKC;IGHV3-23.IGHD3-3.IGHJ6.IGHM_IGKV2-28.IGKJ1.IGKC;IGHV3-23..IGHJ3.IGHM_IGKV2-30.IGKJ2.IGKC;IGHV3-7..IGHJ4.IGHM_IGKV2-30.IGKJ1.IGKC;IGHV3-23..IGHJ2.IGHM_IGKV3-11.IGKJ4.IGKC;IGHV3-23..IGHJ5.IGHM_IGLV3-25.IGLJ2.IGLC2;IGHV3-23..IGHJ4.IGHM_IGKV3-20.IGKJ1.IGKC;IGHV3-23..IGHJ5.IGHM_IGKV1-8.IGKJ1.IGKC;IGHV3-23.IGHD3-22.IGHJ4.IGHM_IGLV3-21.IGLJ2.IGLC2;IGHV3-23..IGHJ4.IGHG2_IGLV1-47.IGLJ3.IGLC3;IGHV3-23..IGHJ4.IGHM_IGKV1-39.IGKJ1.IGKC;IGHV4-30-4..IGHJ4.IGHM_IGLV3-19.IGLJ2.IGLC2;IGHV3-23.IGHD2-15.IGHJ3.IGHM_IGKV1-39.IGKJ4.IGKC;IGHV3-23.IGHD3-22.IGHJ4.IGHM_IGLV3-1.IGLJ1.IGLC1;IGHV3-23..IGHJ4.IGHM_IGKV1-39.IGKJ2.IGKC;IGHV3-23..IGHJ3.IGHM_IGKV1-5.IGKJ1.IGKC;IGHV3-23..IGHJ5.IGHM_IGKV1-39.IGKJ2.IGKC;IGHV3-23.IGHD2-21.IGHJ6.IGHM_IGKV1-12.IGKJ2.IGKC;IGHV3-23..IGHJ4.IGHM_IGKV2-24.IGKJ2.IGKC;IGHV3-23.IGHD3-10.IGHJ3.IGHM_IGKV1-9.IGKJ3.IGKC;IGHV3-23..IGHJ4.IGHM_IGKV1-9.IGKJ5.IGKC;IGHV3-23.IGHD1-26.IGHJ4.IGHM_IGLV3-21.IGLJ3.IGLC3;IGHV3-23..IGHJ5.IGHM_IGKV1-16.IGKJ1.IGKC;IGHV3-23..IGHJ4.IGHM_IGKV1-33.IGKJ5.IGKC;IGHV3-23.IGHD6-13.IGHJ2.IGHM_IGKV3-11.IGKJ4.IGKC;IGHV3-23..IGHJ6.IGHD_IGKV1-5.IGKJ2.IGKC;IGHV3-23.IGHD6-19.IGHJ6.IGHM_IGKV3-15.IGKJ3.IGKC;IGHV3-23.IGHD6-19.IGHJ6.IGHM_IGLV3-21.IGLJ2.IGLC2;IGHV3-23.IGHD3-3.IGHJ4.IGHM_IGKV1-9.IGKJ4.IGKC;IGHV3-23.IGHD2-21.IGHJ4.IGHM_IGKV3-20.IGKJ4.IGKC;IGHV3-23..IGHJ4.IGHM_IGLV3-25.IGLJ3.IGLC2;IGHV3-23.IGHD2-15.IGHJ6.IGHM_IGKV2-28.IGKJ4.IGKC;IGHV3-23..IGHJ4.IGHM_IGLV3-1.IGLJ2.IGLC2;IGHV3-23.IGHD3-22.IGHJ3.IGHM_IGKV1-8.IGKJ1.IGKC;IGHV3-23.IGHD2-2.IGHJ4.IGHM_IGLV2-8.IGLJ1.IGLC1;IGHV3-23.IGHD3-16.IGHJ5.IGHM_IGKV1-27.IGKJ1.IGKC;IGHV3-23.IGHD1-7.IGHJ4.IGHM_IGKV3-20.IGKJ1.IGKC;IGHV3-23..IGHJ4.IGHM_IGLV2-11.IGLJ2.IGLC2;IGHV3-23.IGHD3-10.IGHJ2.IGHM_IGKV1-8.IGKJ4.IGKC;IGHV3-23..IGHJ4.IGHM_IGKV3-15.IGKJ4.IGKC;IGHV3-23..IGHJ3.IGHM_IGKV1-39.IGKJ4.IGKC;IGHV3-23.IGHD3-10.IGHJ4.IGHM_IGKV3-15.IGKJ2.IGKC;IGHV3-23..IGHJ3.IGHM_IGKV1-9.IGKJ3.IGKC;IGHV3-23.IGHD3-10.IGHJ4.IGHM_IGKV3D-15.IGKJ2.IGKC;IGHV3-23..IGHJ3.IGHM_IGKV1-33.IGKJ3.IGKC;IGHV3-23..IGHJ4.IGHM_IGKV1-33.IGKJ1.IGKC;IGHV3-23..IGHJ1.IGHM_IGKV2-28.IGKJ1.IGKC;IGHV3-23..IGHJ4.IGHM_IGKV1D-8.IGKJ2.IGKC;IGHV3-23..IGHJ6.IGHM_IGKV3-15.IGKJ4.IGKC;IGHV3-23..IGHJ3.IGHM_IGKV1-5.IGKJ4.IGKC;IGHV3-23..IGHJ6.IGHM_IGLV8-61.IGLJ2.IGLC2;IGHV3-23..IGHJ4.IGHM_IGKV1-39.IGKJ2.IGKC;IGHV3-23..IGHJ6.IGHM_IGKV1-5.IGKJ2.IGKC	22	1	IGHV4-59.IGHD3-22.IGHJ3.IGHM_IGKV1-33.IGKJ3.IGKC	0	NA
20	56	IGHV4-61..IGHJ6.IGHM_IGLV2-14.IGLJ3.IGLC3;IGHV3-33..IGHJ6.IGHM_IGLV2-14.IGLJ1.IGLC1;IGHV3-49..IGHJ3.IGHM_IGLV2-14.IGLJ2.IGLC2;IGHV3-7..IGHJ6.IGHA1_IGLV2-14.IGLJ1.IGLC1;IGHV3-11..IGHJ4.IGHM_IGLV1-36.IGLJ1.IGLC1;IGHV1-8..IGHJ4.IGHM_IGLV2-14.IGLJ2.IGLC2;IGHV1-3.IGHD3-10.IGHJ2.IGHM_IGLV2-14.IGLJ2.IGLC2;IGHV3-23.IGHD3-3.IGHJ6.IGHD_IGLV2-14.IGLJ2.IGLC2;IGHV3-11..IGHJ6.IGHM_IGLV2-14.IGLJ3.IGLC3;IGHV4-61.IGHD3-22.IGHJ4.IGHM_IGLV2-14.IGLJ1.IGLC1;IGHV4-39..IGHJ4.IGHM_IGLV2-14.IGLJ3.IGLC3;IGHV3-15.IGHD3-22.IGHJ4.IGHM_IGLV2-14.IGLJ1.IGLC1;IGHV2-5..IGHJ6.IGHG2_IGLV2-14.IGLJ1.IGLC1;IGHV3-30.IGHD3-10.IGHJ4.IGHM_IGLV2-14.IGLJ1.IGLC1;IGHV1-69D..IGHJ6.IGHM_IGLV2-14.IGLJ1.IGLC1;IGHV3-30..IGHJ2.IGHM_IGLV2-14.IGLJ2.IGLC3;IGHV4-39..IGHJ5.IGHM_IGLV2-14.IGLJ2.IGLC2;IGHV4-39..IGHJ6.IGHM_IGLV2-14.IGLJ2.IGLC2;IGHV4-34.IGHD6-19.IGHJ6.IGHM_IGLV2-14.IGLJ2.IGLC2;IGHV1-18.IGHD3-9.IGHJ4.IGHM_IGLV2-14.IGLJ2.IGLC2;IGHV3-30..IGHJ4.IGHM_IGLV2-14.IGLJ3.IGLC2;IGHV3-33.IGHD2-2.IGHJ6.IGHM_IGLV1-51.IGLJ2.IGLC2;IGHV2-70..IGHJ4.IGHM_IGLV2-14.IGLJ2.IGLC2;IGHV3-53..IGHJ6.IGHM_IGKV1-9.IGKJ2.IGKC;IGHV3-74.IGHD7-27.IGHJ4.IGHG1_IGLV2-14.IGLJ1.IGLC1;IGHV3-33.IGHD3-10.IGHJ6.IGHG1_IGLV2-14.IGLJ2.IGLC2;IGHV2-26.IGHD2-15.IGHJ6.IGHM_IGLV2-14.IGLJ2.IGLC2;IGHV3-21..IGHJ5.IGHG2_IGLV2-14.IGLJ3.IGLC3;IGHV4-61.IGHD2-15.IGHJ6.IGHM_IGLV2-14.IGLJ3.IGLC2;IGHV1-2..IGHJ4.IGHM_IGLV2-14.IGLJ2.IGLC3;IGHV3-33..IGHJ5.IGHM_IGLV2-14.IGLJ1.IGLC1;IGHV3-21.IGHD3-22.IGHJ4.IGHM_IGLV2-14.IGLJ2.IGLC2;IGHV4-31..IGHJ4.IGHM_IGLV2-14.IGLJ2.IGLC2;IGHV2-5..IGHJ4.IGHM_IGLV2-14.IGLJ2.IGLC3;IGHV4-31.IGHD3-9.IGHJ6.IGHM_IGLV2-14.IGLJ1.IGLC1;IGHV3-33..IGHJ6.IGHM_IGLV2-14.IGLJ1.IGLC1;IGHV4-39..IGHJ4.IGHM_IGKV3-20.IGKJ1.IGKC;IGHV3-66..IGHJ4.IGHM_IGLV2-14.IGLJ1.IGLC1;IGHV5-51..IGHJ4.IGHM_IGLV2-14.IGLJ3.IGLC3;IGHV3-33..IGHJ6.IGHA1_IGLV2-14.IGLJ2.IGLC2;IGHV3-9..IGHJ4.IGHM_IGLV2-14.IGLJ2.IGLC2;IGHV4-34..IGHJ6.IGHM_IGLV2-14.IGLJ1.IGLC1;IGHV3-11.IGHD3-22.IGHJ6.IGHM_IGLV2-14.IGLJ2.IGLC2;IGHV3-9.IGHD3-9.IGHJ6.IGHA1_IGLV2-14.IGLJ1.IGLC1;IGHV3-9..IGHJ4.IGHM_IGLV2-14.IGLJ2.IGLC2;IGHV4-39..IGHJ1.IGHM_IGLV2-14.IGLJ2.IGLC2;IGHV3-9..IGHJ6.IGHM_IGLV2-14.IGLJ1.IGLC1;IGHV4-30-4..IGHJ1.IGHM_IGLV2-14.IGLJ2.IGLC2;IGHV3-48..IGHJ6.IGHM_IGLV2-14.IGLJ2.IGLC2;IGHV1-46..IGHJ5.IGHM_IGLV2-8.IGLJ2.IGLC2;IGHV3-74..IGHJ4.IGHM_IGLV2-14.IGLJ2.IGLC2;IGHV3-33.IGHD4-17.IGHJ3.IGHG1_IGLV2-14.IGLJ1.IGLC1;IGHV1-69D.IGHD2-15.IGHJ5.IGHM_IGLV2-14.IGLJ3.IGLC2;IGHV3-23.IGHD1-20.IGHJ4.IGHM_IGLV2-14.IGLJ3.IGLC2;IGHV3-48..IGHJ5.IGHM_IGLV2-14.IGLJ3.IGLC3;IGHV3-9..IGHJ6.IGHA1_IGLV2-14.IGLJ1.IGLC1	0	3	IGHV1-2..IGHJ6.IGHM_IGKV4-1.IGKJ4.IGKC;IGHV4-61.IGHD3-22.IGHJ2.IGHM_IGLV2-8.IGLJ1.IGLC1;NA_IGKV1-12.IGKJ4.IGKC	0	NA
20	56	IGHV4-61..IGHJ6.IGHM_IGLV2-14.IGLJ3.IGLC3;IGHV3-33..IGHJ6.IGHM_IGLV2-14.IGLJ1.IGLC1;IGHV3-49..IGHJ3.IGHM_IGLV2-14.IGLJ2.IGLC2;IGHV3-7..IGHJ6.IGHA1_IGLV2-14.IGLJ1.IGLC1;IGHV3-11..IGHJ4.IGHM_IGLV1-36.IGLJ1.IGLC1;IGHV1-8..IGHJ4.IGHM_IGLV2-14.IGLJ2.IGLC2;IGHV1-3.IGHD3-10.IGHJ2.IGHM_IGLV2-14.IGLJ2.IGLC2;IGHV3-23.IGHD3-3.IGHJ6.IGHD_IGLV2-14.IGLJ2.IGLC2;IGHV3-11..IGHJ6.IGHM_IGLV2-14.IGLJ3.IGLC3;IGHV4-61.IGHD3-22.IGHJ4.IGHM_IGLV2-14.IGLJ1.IGLC1;IGHV4-39..IGHJ4.IGHM_IGLV2-14.IGLJ3.IGLC3;IGHV3-15.IGHD3-22.IGHJ4.IGHM_IGLV2-14.IGLJ1.IGLC1;IGHV2-5..IGHJ6.IGHG2_IGLV2-14.IGLJ1.IGLC1;IGHV3-30.IGHD3-10.IGHJ4.IGHM_IGLV2-14.IGLJ1.IGLC1;IGHV1-69D..IGHJ6.IGHM_IGLV2-14.IGLJ1.IGLC1;IGHV3-30..IGHJ2.IGHM_IGLV2-14.IGLJ2.IGLC3;IGHV4-39..IGHJ5.IGHM_IGLV2-14.IGLJ2.IGLC2;IGHV4-39..IGHJ6.IGHM_IGLV2-14.IGLJ2.IGLC2;IGHV4-34.IGHD6-19.IGHJ6.IGHM_IGLV2-14.IGLJ2.IGLC2;IGHV1-18.IGHD3-9.IGHJ4.IGHM_IGLV2-14.IGLJ2.IGLC2;IGHV3-30..IGHJ4.IGHM_IGLV2-14.IGLJ3.IGLC2;IGHV3-33.IGHD2-2.IGHJ6.IGHM_IGLV1-51.IGLJ2.IGLC2;IGHV2-70..IGHJ4.IGHM_IGLV2-14.IGLJ2.IGLC2;IGHV3-53..IGHJ6.IGHM_IGKV1-9.IGKJ2.IGKC;IGHV3-74.IGHD7-27.IGHJ4.IGHG1_IGLV2-14.IGLJ1.IGLC1;IGHV3-33.IGHD3-10.IGHJ6.IGHG1_IGLV2-14.IGLJ2.IGLC2;IGHV2-26.IGHD2-15.IGHJ6.IGHM_IGLV2-14.IGLJ2.IGLC2;IGHV3-21..IGHJ5.IGHG2_IGLV2-14.IGLJ3.IGLC3;IGHV4-61.IGHD2-15.IGHJ6.IGHM_IGLV2-14.IGLJ3.IGLC2;IGHV1-2..IGHJ4.IGHM_IGLV2-14.IGLJ2.IGLC3;IGHV3-33..IGHJ5.IGHM_IGLV2-14.IGLJ1.IGLC1;IGHV3-21.IGHD3-22.IGHJ4.IGHM_IGLV2-14.IGLJ2.IGLC2;IGHV4-31..IGHJ4.IGHM_IGLV2-14.IGLJ2.IGLC2;IGHV2-5..IGHJ4.IGHM_IGLV2-14.IGLJ2.IGLC3;IGHV4-31.IGHD3-9.IGHJ6.IGHM_IGLV2-14.IGLJ1.IGLC1;IGHV3-33..IGHJ6.IGHM_IGLV2-14.IGLJ1.IGLC1;IGHV4-39..IGHJ4.IGHM_IGKV3-20.IGKJ1.IGKC;IGHV3-66..IGHJ4.IGHM_IGLV2-14.IGLJ1.IGLC1;IGHV5-51..IGHJ4.IGHM_IGLV2-14.IGLJ3.IGLC3;IGHV3-33..IGHJ6.IGHA1_IGLV2-14.IGLJ2.IGLC2;IGHV3-9..IGHJ4.IGHM_IGLV2-14.IGLJ2.IGLC2;IGHV4-34..IGHJ6.IGHM_IGLV2-14.IGLJ1.IGLC1;IGHV3-11.IGHD3-22.IGHJ6.IGHM_IGLV2-14.IGLJ2.IGLC2;IGHV3-9.IGHD3-9.IGHJ6.IGHA1_IGLV2-14.IGLJ1.IGLC1;IGHV3-9..IGHJ4.IGHM_IGLV2-14.IGLJ2.IGLC2;IGHV4-39..IGHJ1.IGHM_IGLV2-14.IGLJ2.IGLC2;IGHV3-9..IGHJ6.IGHM_IGLV2-14.IGLJ1.IGLC1;IGHV4-30-4..IGHJ1.IGHM_IGLV2-14.IGLJ2.IGLC2;IGHV3-48..IGHJ6.IGHM_IGLV2-14.IGLJ2.IGLC2;IGHV1-46..IGHJ5.IGHM_IGLV2-8.IGLJ2.IGLC2;IGHV3-74..IGHJ4.IGHM_IGLV2-14.IGLJ2.IGLC2;IGHV3-33.IGHD4-17.IGHJ3.IGHG1_IGLV2-14.IGLJ1.IGLC1;IGHV1-69D.IGHD2-15.IGHJ5.IGHM_IGLV2-14.IGLJ3.IGLC2;IGHV3-23.IGHD1-20.IGHJ4.IGHM_IGLV2-14.IGLJ3.IGLC2;IGHV3-48..IGHJ5.IGHM_IGLV2-14.IGLJ3.IGLC3;IGHV3-9..IGHJ6.IGHA1_IGLV2-14.IGLJ1.IGLC1	2	1	IGHV3-48..IGHJ4.IGHM_IGKV3-20.IGKJ1.IGKC	0	NA
20	56	IGHV4-61..IGHJ6.IGHM_IGLV2-14.IGLJ3.IGLC3;IGHV3-33..IGHJ6.IGHM_IGLV2-14.IGLJ1.IGLC1;IGHV3-49..IGHJ3.IGHM_IGLV2-14.IGLJ2.IGLC2;IGHV3-7..IGHJ6.IGHA1_IGLV2-14.IGLJ1.IGLC1;IGHV3-11..IGHJ4.IGHM_IGLV1-36.IGLJ1.IGLC1;IGHV1-8..IGHJ4.IGHM_IGLV2-14.IGLJ2.IGLC2;IGHV1-3.IGHD3-10.IGHJ2.IGHM_IGLV2-14.IGLJ2.IGLC2;IGHV3-23.IGHD3-3.IGHJ6.IGHD_IGLV2-14.IGLJ2.IGLC2;IGHV3-11..IGHJ6.IGHM_IGLV2-14.IGLJ3.IGLC3;IGHV4-61.IGHD3-22.IGHJ4.IGHM_IGLV2-14.IGLJ1.IGLC1;IGHV4-39..IGHJ4.IGHM_IGLV2-14.IGLJ3.IGLC3;IGHV3-15.IGHD3-22.IGHJ4.IGHM_IGLV2-14.IGLJ1.IGLC1;IGHV2-5..IGHJ6.IGHG2_IGLV2-14.IGLJ1.IGLC1;IGHV3-30.IGHD3-10.IGHJ4.IGHM_IGLV2-14.IGLJ1.IGLC1;IGHV1-69D..IGHJ6.IGHM_IGLV2-14.IGLJ1.IGLC1;IGHV3-30..IGHJ2.IGHM_IGLV2-14.IGLJ2.IGLC3;IGHV4-39..IGHJ5.IGHM_IGLV2-14.IGLJ2.IGLC2;IGHV4-39..IGHJ6.IGHM_IGLV2-14.IGLJ2.IGLC2;IGHV4-34.IGHD6-19.IGHJ6.IGHM_IGLV2-14.IGLJ2.IGLC2;IGHV1-18.IGHD3-9.IGHJ4.IGHM_IGLV2-14.IGLJ2.IGLC2;IGHV3-30..IGHJ4.IGHM_IGLV2-14.IGLJ3.IGLC2;IGHV3-33.IGHD2-2.IGHJ6.IGHM_IGLV1-51.IGLJ2.IGLC2;IGHV2-70..IGHJ4.IGHM_IGLV2-14.IGLJ2.IGLC2;IGHV3-53..IGHJ6.IGHM_IGKV1-9.IGKJ2.IGKC;IGHV3-74.IGHD7-27.IGHJ4.IGHG1_IGLV2-14.IGLJ1.IGLC1;IGHV3-33.IGHD3-10.IGHJ6.IGHG1_IGLV2-14.IGLJ2.IGLC2;IGHV2-26.IGHD2-15.IGHJ6.IGHM_IGLV2-14.IGLJ2.IGLC2;IGHV3-21..IGHJ5.IGHG2_IGLV2-14.IGLJ3.IGLC3;IGHV4-61.IGHD2-15.IGHJ6.IGHM_IGLV2-14.IGLJ3.IGLC2;IGHV1-2..IGHJ4.IGHM_IGLV2-14.IGLJ2.IGLC3;IGHV3-33..IGHJ5.IGHM_IGLV2-14.IGLJ1.IGLC1;IGHV3-21.IGHD3-22.IGHJ4.IGHM_IGLV2-14.IGLJ2.IGLC2;IGHV4-31..IGHJ4.IGHM_IGLV2-14.IGLJ2.IGLC2;IGHV2-5..IGHJ4.IGHM_IGLV2-14.IGLJ2.IGLC3;IGHV4-31.IGHD3-9.IGHJ6.IGHM_IGLV2-14.IGLJ1.IGLC1;IGHV3-33..IGHJ6.IGHM_IGLV2-14.IGLJ1.IGLC1;IGHV4-39..IGHJ4.IGHM_IGKV3-20.IGKJ1.IGKC;IGHV3-66..IGHJ4.IGHM_IGLV2-14.IGLJ1.IGLC1;IGHV5-51..IGHJ4.IGHM_IGLV2-14.IGLJ3.IGLC3;IGHV3-33..IGHJ6.IGHA1_IGLV2-14.IGLJ2.IGLC2;IGHV3-9..IGHJ4.IGHM_IGLV2-14.IGLJ2.IGLC2;IGHV4-34..IGHJ6.IGHM_IGLV2-14.IGLJ1.IGLC1;IGHV3-11.IGHD3-22.IGHJ6.IGHM_IGLV2-14.IGLJ2.IGLC2;IGHV3-9.IGHD3-9.IGHJ6.IGHA1_IGLV2-14.IGLJ1.IGLC1;IGHV3-9..IGHJ4.IGHM_IGLV2-14.IGLJ2.IGLC2;IGHV4-39..IGHJ1.IGHM_IGLV2-14.IGLJ2.IGLC2;IGHV3-9..IGHJ6.IGHM_IGLV2-14.IGLJ1.IGLC1;IGHV4-30-4..IGHJ1.IGHM_IGLV2-14.IGLJ2.IGLC2;IGHV3-48..IGHJ6.IGHM_IGLV2-14.IGLJ2.IGLC2;IGHV1-46..IGHJ5.IGHM_IGLV2-8.IGLJ2.IGLC2;IGHV3-74..IGHJ4.IGHM_IGLV2-14.IGLJ2.IGLC2;IGHV3-33.IGHD4-17.IGHJ3.IGHG1_IGLV2-14.IGLJ1.IGLC1;IGHV1-69D.IGHD2-15.IGHJ5.IGHM_IGLV2-14.IGLJ3.IGLC2;IGHV3-23.IGHD1-20.IGHJ4.IGHM_IGLV2-14.IGLJ3.IGLC2;IGHV3-48..IGHJ5.IGHM_IGLV2-14.IGLJ3.IGLC3;IGHV3-9..IGHJ6.IGHA1_IGLV2-14.IGLJ1.IGLC1	4	454	NA_IGKV1-8.IGKJ4.IGKC;IGHV1-69D.IGHD3-22.IGHJ3.IGHM_IGKV1-8.IGKJ1.IGKC;IGHV1-2..IGHJ3.IGHM_IGLV5-45.IGLJ3.IGLC3;IGHV5-51..IGHJ3.IGHM_IGKV1D-8.IGKJ2.IGKC;IGHV4-39..IGHJ3.IGHM_IGLV3-21.IGLJ2.IGLC2;IGHV3-33..IGHJ4.IGHM_IGKV2-28.IGKJ2.IGKC;IGHV3-15..IGHJ4.IGHM_IGLV6-57.IGLJ2.IGLC2;IGHV1-2..IGHJ6.IGHM_IGKV1-27.IGKJ3.IGKC;IGHV2-5.IGHD3-9.IGHJ3.IGHM_IGKV1-5.IGKJ1.IGKC;IGHV3-7..IGHJ4.IGHM_IGKV1-39.IGKJ2.IGKC;IGHV1-8..IGHJ3.IGHM_IGKV3-20.IGKJ1.IGKC;IGHV3-9..IGHJ4.IGHM_IGKV3-20.IGKJ2.IGKC;IGHV4-59..IGHJ6.IGHM_IGKV3-20.IGKJ3.IGKC;IGHV4-31.IGHD2-8.IGHJ6.IGHM_IGLV1-47.IGLJ3.IGLC3;IGHV3-30.IGHD5-5.IGHJ4.IGHM_IGLV4-69.IGLJ3.IGLC3;IGHV2-26..IGHJ4.IGHM_IGKV1-5.IGKJ1.IGKC;IGHV3-33..IGHJ4.IGHG1_IGLV6-57.IGLJ3.IGLC3;IGHV5-51.IGHD3-9.IGHJ4.IGHM_IGKV3-20.IGKJ1.IGKC;IGHV2-5..IGHJ4.IGHM_IGKV2-30.IGKJ1.IGKC;IGHV3-74.IGHD3-22.IGHJ6.IGHD_IGKV1-9.IGKJ3.IGKC;IGHV3-33.IGHD4-17.IGHJ4.IGHM_IGKV3-15.IGKJ1.IGKC;IGHV4-39..IGHJ4.IGHM_IGLV1-40.IGLJ1.IGLC1;IGHV3-49..IGHJ6.IGHM_IGKV1D-8.IGKJ1.IGKC;IGHV3-30.IGHD3-22.IGHJ4.IGHM_IGLV3-25.IGLJ2.IGLC2;IGHV1-24.IGHD2-2.IGHJ6.IGHM_IGKV3-20.IGKJ4.IGKC;IGHV3-30..IGHJ4.IGHM_IGLV1-47.IGLJ2.IGLC2;IGHV3-43..IGHJ4.IGHM_IGLV1-51.IGLJ2.IGLC2;IGHV4-59..IGHJ4.IGHM_IGKV3-15.IGKJ3.IGKC;IGHV4-30-4..IGHJ3.IGHG2_IGKV1-39.IGKJ2.IGKC;IGHV3-7..IGHJ4.IGHM_IGKV1-39.IGKJ2.IGKC;IGHV4-59..IGHJ5.IGHM_IGKV1-12.IGKJ5.IGKC;IGHV1-69D.IGHD3-22.IGHJ4.IGHM_IGKV3-20.IGKJ1.IGKC;IGHV3-30..IGHJ4.IGHM_IGKV3-15.IGKJ1.IGKC;IGHV3-48.IGHD3-16.IGHJ6.IGHM_IGLV2-8.IGLJ1.IGLC1;IGHV1-8.IGHD3-22.IGHJ3.IGHM_IGKV2-28.IGKJ4.IGKC;IGHV3-30..IGHJ4.IGHM_IGKV1-39.IGKJ4.IGKC;IGHV3-11..IGHJ4.IGHM_IGLV1-40.IGLJ1.IGLC1;IGHV3-33..IGHJ4.IGHM_IGKV1-12.IGKJ5.IGKC;IGHV4-61..IGHJ4.IGHG1_IGKV1-39.IGKJ2.IGKC;IGHV1-69D.IGHD2-2.IGHJ5.IGHM_IGLV1-51.IGLJ3.IGLC3;IGHV3-7..IGHJ3.IGHM_IGLV3-1.IGLJ2.IGLC2;IGHV1-69D..IGHJ5.IGHM_IGLV1-40.IGLJ2.IGLC2;IGHV3-11..IGHJ4.IGHM_IGKV1-5.IGKJ1.IGKC;IGHV4-61..IGHJ5.IGHM_IGKV2-30.IGKJ4.IGKC;IGHV3-33..IGHJ6.IGHM_IGKV3-20.IGKJ1.IGKC;IGHV4-61.IGHD3-22.IGHJ4.IGHM_IGKV1-39.IGKJ4.IGKC;IGHV1-8.IGHD6-19.IGHJ4.IGHM_IGLV1-40.IGLJ2.IGLC2;IGHV3-33.IGHD4-4.IGHJ6.IGHM_IGKV1-39.IGKJ2.IGKC;IGHV3-7..IGHJ4.IGHM_IGLV3-21.IGLJ1.IGLC1;IGHV3-7.IGHD6-13.IGHJ4.IGHM_IGKV1-39.IGKJ2.IGKC;IGHV3-13.IGHD2-2.IGHJ6.IGHM_IGLV3-21.IGLJ3.IGLC2;IGHV5-51.IGHD3-22.IGHJ6.IGHM_IGKV3-15.IGKJ1.IGKC;IGHV3-7..IGHJ4.IGHM_IGKV2-28.IGKJ4.IGKC;IGHV1-18..IGHJ4.IGHM_IGKV3-20.IGKJ3.IGKC;IGHV3-7..IGHJ6.IGHM_IGLV3-19.IGLJ1.IGLC1;IGHV7-4-1.IGHD3-10.IGHJ4.IGHM_IGLV2-11.IGLJ2.IGLC2;IGHV5-51.IGHD3-9.IGHJ6.IGHM_IGLV1-40.IGLJ2.IGLC2;IGHV2-5.IGHD6-19.IGHJ5.IGHM_IGLV6-57.IGLJ2.IGLC2;IGHV4-59..IGHJ4.IGHM_IGKV1-39.IGKJ3.IGKC;IGHV1-69D..IGHJ6.IGHM_IGLV1-51.IGLJ1.IGLC1;IGHV4-39..IGHJ6.IGHM_IGKV1-12.IGKJ4.IGKC;IGHV4-61..IGHJ6.IGHM_IGLV1-40.IGLJ1.IGLC1;IGHV3-30..IGHJ3.IGHA1_IGKV1-9.IGKJ5.IGKC;IGHV3-30.IGHD3-10.IGHJ6.IGHM_IGKV3-15.IGKJ1.IGKC;IGHV3-15..IGHJ6.IGHM_IGLV2-8.IGLJ3.IGLC3;IGHV1-69D..IGHJ5.IGHM_IGKV3-15.IGKJ4.IGKC;IGHV6-1..IGHJ4.IGHM_IGKV1-33.IGKJ2.IGKC;IGHV3-33..IGHJ1.IGHM_IGKV3-15.IGKJ1.IGKC;IGHV1-2..IGHJ4.IGHM_IGKV3-20.IGKJ2.IGKC;IGHV3-49.IGHD5-24.IGHJ4.IGHM_IGLV3-21.IGLJ2.IGLC2;IGHV7-4-1..IGHJ4.IGHM_IGKV3-20.IGKJ1.IGKC;IGHV3-74..IGHJ5.IGHM_IGKV1-39.IGKJ1.IGKC;IGHV2-26.IGHD4-17.IGHJ6.IGHM_IGKV3-20.IGKJ5.IGKC;IGHV3-74..IGHJ4.IGHM_IGLV2-23.IGLJ1.IGLC1;IGHV3-15.IGHD3-9.IGHJ6.IGHD_IGLV7-46.IGLJ3.IGLC3;IGHV1-18..IGHJ4.IGHM_IGKV2-28.IGKJ1.IGKC;IGHV3-33..IGHJ4.IGHM_IGKV2-28.IGKJ4.IGKC;IGHV1-46.IGHD2-2.IGHJ4.IGHM_IGKV3D-15.IGKJ4.IGKC;IGHV4-59..IGHJ6.IGHM_IGLV1-40.IGLJ2.IGLC2;IGHV3-33..IGHJ4.IGHM_IGLV2-14.IGLJ2.IGLC2;IGHV5-51..IGHJ4.IGHM_IGLV1-40.IGLJ2.IGLC2;IGHV3-53..IGHJ4.IGHM_IGLV3-1.IGLJ1.IGLC1;IGHV3-53.IGHD5-24.IGHJ4.IGHM_IGKV3-15.IGKJ1.IGKC;IGHV3-9.IGHD4-23.IGHJ4.IGHM_IGKV3D-20.IGKJ4.IGKC;IGHV3-30..IGHJ4.IGHA1_IGLV6-57.IGLJ2.IGLC2;IGHV4-59.IGHD2-2.IGHJ6.IGHM_IGKV1-39.IGKJ1.IGKC;IGHV4-61.IGHD2-15.IGHJ6.IGHM_IGKV1-17.IGKJ1.IGKC;IGHV3-9..IGHJ3.IGHM_IGLV1-40.IGLJ3.IGLC3;IGHV5-51.IGHD5-5.IGHJ6.IGHM_IGKV1-16.IGKJ1.IGKC;IGHV3-9..IGHJ6.IGHM_IGKV1-39.IGKJ2.IGKC;IGHV1-24..IGHJ4.IGHG1_IGKV1-39.IGKJ1.IGKC;IGHV3-11..IGHJ4.IGHM_IGLV3-25.IGLJ2.IGLC2;IGHV4-39.IGHD2-2.IGHJ2.IGHM_IGLV4-69.IGLJ2.IGLC2;IGHV3-48..IGHJ5.IGHM_IGKV3-15.IGKJ4.IGKC;IGHV3-9..IGHJ4.IGHG1_IGKV3-20.IGKJ1.IGKC;IGHV1-69D..IGHJ6.IGHM_IGLV1-40.IGLJ1.IGLC1;IGHV4-59..IGHJ5.IGHM_IGLV6-57.IGLJ3.IGLC3;IGHV3-21.IGHD6-13.IGHJ5.IGHM_IGKV1-39.IGKJ2.IGKC;IGHV3-53..IGHJ3.IGHM_IGKV1-27.IGKJ3.IGKC;IGHV3-48.IGHD3-22.IGHJ3.IGHM_IGLV1-40.IGLJ2.IGLC2;IGHV5-51.IGHD1-26.IGHJ3.IGHM_IGLV1-47.IGLJ3.IGLC2;IGHV4-59.IGHD4-17.IGHJ4.IGHM_IGLV3-25.IGLJ2.IGLC2;IGHV1-2..IGHJ6.IGHM_IGKV1-39.IGKJ2.IGKC;IGHV3-43..IGHJ6.IGHM_IGLV3-1.IGLJ2.IGLC2;IGHV3-48..IGHJ6.IGHM_IGKV3-20.IGKJ2.IGKC;IGHV3-21..IGHJ6.IGHM_IGKV1-5.IGKJ1.IGKC;IGHV3-11..IGHJ4.IGHM_IGKV1-6.IGKJ1.IGKC;IGHV3-9..IGHJ4.IGHM_IGKV3-20.IGKJ5.IGKC;IGHV4-34..IGHJ3.IGHG3_IGKV3-15.IGKJ1.IGKC;IGHV3-21..IGHJ6.IGHM_IGKV1-12.IGKJ4.IGKC;IGHV4-30-4..IGHJ6.IGHM_IGKV2-28.IGKJ3.IGKC;IGHV4-39..IGHJ4.IGHA1_IGKV1-16.IGKJ3.IGKC;IGHV4-39..IGHJ1.IGHG3_IGKV1-39.IGKJ3.IGKC;IGHV4-59..IGHJ4.IGHM_IGLV4-69.IGLJ3.IGLC2;IGHV4-39.IGHD3-10.IGHJ4.IGHM_IGLV8-61.IGLJ3.IGLC2;IGHV2-5.IGHD3-9.IGHJ5.IGHM_IGLV1-40.IGLJ2.IGLC2;IGHV3-53..IGHJ4.IGHM_IGKV1-39.IGKJ5.IGKC;IGHV3-53.IGHD2-15.IGHJ6.IGHM_IGKV3-20.IGKJ5.IGKC;IGHV1-8..IGHJ4.IGHM_IGKV3-20.IGKJ2.IGKC;IGHV1-69D..IGHJ6.IGHM_IGKV3-15.IGKJ2.IGKC;IGHV4-61..IGHJ6.IGHM_IGKV1-8.IGKJ3.IGKC;IGHV4-61..IGHJ5.IGHM_IGKV3-20.IGKJ1.IGKC;IGHV3-48.IGHD5-5.IGHJ4.IGHM_IGLV3-25.IGLJ3.IGLC3;IGHV3-7..IGHJ4.IGHM_IGLV4-69.IGLJ2.IGLC2;IGHV4-30-4.IGHD3-10.IGHJ5.IGHM_IGLV3-9.IGLJ2.IGLC2;IGHV3-30..IGHJ4.IGHM_IGKV3-20.IGKJ1.IGKC;IGHV4-30-4..IGHJ5.IGHA1_IGLV1-51.IGLJ2.IGLC2;IGHV1-3..IGHJ4.IGHM_IGKV1-33.IGKJ4.IGKC;IGHV2-5..IGHJ4.IGHM_IGKV1D-8.IGKJ1.IGKC;IGHV4-39..IGHJ4.IGHM_IGLV1-47.IGLJ2.IGLC2;IGHV1-69D.IGHD3-22.IGHJ4.IGHM_IGKV3-11.IGKJ4.IGKC;IGHV3-49..IGHJ4.IGHA1_IGLV2-23.IGLJ1.IGLC1;IGHV5-51..IGHJ5.IGHM_NA;IGHV5-51..IGHJ4.IGHM_IGLV3-19.IGLJ2.IGLC2;IGHV1-8.IGHD6-13.IGHJ6.IGHM_IGLV1-40.IGLJ2.IGLC2;IGHV1-18.IGHD6-13.IGHJ5.IGHM_IGLV7-46.IGLJ1.IGLC1;IGHV3-33..IGHJ4.IGHA1_IGLV1-51.IGLJ2.IGLC2;IGHV3-48..IGHJ3.IGHM_IGLV3-25.IGLJ3.IGLC3;IGHV3-33..IGHJ6.IGHM_IGKV1-33.IGKJ5.IGKC;IGHV3-15..IGHJ4.IGHM_IGLV3-1.IGLJ1.IGLC1;IGHV2-26..IGHJ3.IGHM_IGKV3-20.IGKJ1.IGKC;IGHV4-59.IGHD3-22.IGHJ4.IGHM_IGKV1-33.IGKJ3.IGKC;IGHV3-30.IGHD3-3.IGHJ3.IGHM_IGKV1-39.IGKJ2.IGKC;IGHV4-59..IGHJ6.IGHM_IGKV1-5.IGKJ4.IGKC;IGHV3-7..IGHJ6.IGHM_IGKV1-39.IGKJ2.IGKC;IGHV3-53.IGHD3-22.IGHJ3.IGHM_IGKV1-39.IGKJ2.IGKC;IGHV3-7..IGHJ5.IGHM_IGLV3-9.IGLJ2.IGLC2;IGHV4-59.IGHD6-6.IGHJ4.IGHG1_IGLV1-40.IGLJ1.IGLC1;IGHV2-5.IGHD3-16.IGHJ5.IGHM_IGLV3-1.IGLJ2.IGLC2;IGHV3-15.IGHD3-9.IGHJ4.IGHM_IGKV2-28.IGKJ5.IGKC;IGHV1-18.IGHD3-3.IGHJ6.IGHM_IGKV3-20.IGKJ1.IGKC;IGHV4-61.IGHD1-7.IGHJ2.IGHM_IGLV3-21.IGLJ1.IGLC1;IGHV1-24..IGHJ4.IGHM_IGKV1-5.IGKJ1.IGKC;IGHV3-48.IGHD3-22.IGHJ4.IGHM_IGKV3-15.IGKJ2.IGKC;IGHV3-48..IGHJ4.IGHM_IGKV1-39.IGKJ1.IGKC;IGHV3-7..IGHJ4.IGHM_IGKV3D-20.IGKJ4.IGKC;IGHV2-26..IGHJ4.IGHM_IGKV2D-29.IGKJ3.IGKC;IGHV1-2..IGHJ5.IGHM_IGLV2-23.IGLJ2.IGLC2;IGHV3-7..IGHJ4.IGHM_IGKV3-20.IGKJ4.IGKC;IGHV4-34..IGHJ5.IGHG3_IGLV3-25.IGLJ2.IGLC2;IGHV4-61.IGHD1-26.IGHJ4.IGHM_IGKV1D-8.IGKJ4.IGKC;IGHV4-30-4..IGHJ1.IGHG1_IGLV1-40.IGLJ1.IGLC1;IGHV2-70..IGHJ6.IGHG1_IGKV2-28.IGKJ2.IGKC;IGHV7-4-1..IGHJ4.IGHM_IGLV1-40.IGLJ2.IGLC2;IGHV1-2.IGHD6-19.IGHJ4.IGHM_IGLV2-11.IGLJ2.IGLC2;IGHV1-18..IGHJ5.IGHG1_IGKV1-39.IGKJ1.IGKC;IGHV3-7..IGHJ4.IGHM_IGKV3-15.IGKJ1.IGKC;IGHV4-39.IGHD2-2.IGHJ4.IGHM_IGKV1-5.IGKJ4.IGKC;IGHV4-39.IGHD3-3.IGHJ4.IGHM_IGLV1-40.IGLJ2.IGLC2;IGHV3-23..IGHJ4.IGHA1_IGKV1-39.IGKJ2.IGKC;IGHV3-9.IGHD3-10.IGHJ6.IGHM_IGLV3-1.IGLJ1.IGLC1;IGHV1-69D..IGHJ6.IGHM_IGKV2-28.IGKJ2.IGKC;IGHV3-30..IGHJ4.IGHA1_IGKV1-39.IGKJ4.IGKC;IGHV6-1..IGHJ4.IGHM_IGLV2-23.IGLJ3.IGLC3;IGHV4-30-4.IGHD2-2.IGHJ6.IGHM_IGLV1-40.IGLJ2.IGLC2;IGHV3-49.IGHD3-3.IGHJ4.IGHM_IGKV3-20.IGKJ1.IGKC;IGHV3-74..IGHJ5.IGHM_IGKV1-39.IGKJ2.IGKC;IGHV1-69D..IGHJ3.IGHM_IGKV1-5.IGKJ4.IGKC;IGHV7-4-1..IGHJ4.IGHM_IGKV1-39.IGKJ3.IGKC;IGHV5-51..IGHJ4.IGHM_IGKV1-9.IGKJ4.IGKC;IGHV3-53..IGHJ6.IGHM_IGKV2-28.IGKJ2.IGKC;IGHV1-24..IGHJ4.IGHM_IGKV1-12.IGKJ4.IGKC;IGHV3-9..IGHJ4.IGHM_IGLV3-25.IGLJ3.IGLC3;IGHV3-15.IGHD2-21.IGHJ4.IGHM_IGKV1-9.IGKJ4.IGKC;IGHV7-4-1..IGHJ4.IGHM_IGLV1-40.IGLJ2.IGLC2;IGHV1-2..IGHJ4.IGHM_IGLV2-8.IGLJ2.IGLC2;IGHV3-9..IGHJ1.IGHM_IGLV2-23.IGLJ2.IGLC2;IGHV1-3..IGHJ6.IGHM_IGKV1-9.IGKJ4.IGKC;IGHV5-51.IGHD3-9.IGHJ6.IGHM_IGLV7-43.IGLJ2.IGLC2;IGHV3-15.IGHD3-22.IGHJ4.IGHM_IGLV3-25.IGLJ1.IGLC1;IGHV4-61..IGHJ4.IGHM_IGKV1D-8.IGKJ2.IGKC;IGHV4-61..IGHJ6.IGHM_IGLV3-1.IGLJ1.IGLC1;IGHV3-7..IGHJ4.IGHM_IGLV3-1.IGLJ2.IGLC2;IGHV3-74..IGHJ3.IGHM_IGKV1-39.IGKJ1.IGKC;IGHV2-5.IGHD3-22.IGHJ4.IGHM_IGKV1-39.IGKJ4.IGKC;IGHV3-48..IGHJ4.IGHM_IGKV3-15.IGKJ2.IGKC;IGHV2-70.IGHD2-15.IGHJ6.IGHM_IGKV3-20.IGKJ1.IGKC;IGHV3-48.IGHD3-22.IGHJ4.IGHM_IGLV4-69.IGLJ3.IGLC2;IGHV5-51..IGHJ1.IGHM_IGKV3-20.IGKJ2.IGKC;IGHV5-51..IGHJ4.IGHG2_IGKV1-12.IGKJ4.IGKC;NA_IGKV1-39.IGKJ1.IGKC;IGHV7-4-1..IGHJ1.IGHA1_IGLV2-23.IGLJ3.IGLC3;IGHV3-30.IGHD3-22.IGHJ6.IGHM_IGLV3-25.IGLJ1.IGLC1;IGHV3-23..IGHJ4.IGHA1_IGKV1-5.IGKJ1.IGKC;IGHV1-2..IGHJ4.IGHM_IGKV1-33.IGKJ2.IGKC;IGHV4-59..IGHJ3.IGHM_IGKV1-8.IGKJ4.IGKC;IGHV4-30-4..IGHJ5.IGHM_IGKV2D-29.IGKJ2.IGKC;IGHV3-7..IGHJ6.IGHG2_IGKV3-20.IGKJ3.IGKC;IGHV4-59..IGHJ4.IGHG1_IGKV1-39.IGKJ4.IGKC;IGHV2-5..IGHJ5.IGHA2_IGKV2-28.IGKJ2.IGKC;IGHV6-1..IGHJ6.IGHM_IGKV3-20.IGKJ4.IGKC;IGHV3-72..IGHJ6.IGHA2_IGKV1-9.IGKJ5.IGKC;IGHV3-53.IGHD4-23.IGHJ5.IGHM_IGLV3-21.IGLJ2.IGLC2;IGHV3-23..IGHJ4.IGHM_IGKV1-8.IGKJ1.IGKC;IGHV1-18..IGHJ6.IGHM_IGKV2-28.IGKJ2.IGKC;IGHV3-48..IGHJ4.IGHM_IGKV2-28.IGKJ2.IGKC;IGHV3-21..IGHJ4.IGHM_IGKV3-15.IGKJ1.IGKC;IGHV1-8..IGHJ5.IGHM_IGLV3-19.IGLJ2.IGLC2;IGHV1-3.IGHD3-16.IGHJ3.IGHM_IGKV2-30.IGKJ4.IGKC;IGHV3-11.IGHD3-22.IGHJ4.IGHM_IGKV1-39.IGKJ2.IGKC;IGHV3-49.IGHD6-13.IGHJ6.IGHM_IGKV1-39.IGKJ2.IGKC;IGHV1-2..IGHJ4.IGHM_IGKV3-15.IGKJ2.IGKC;IGHV4-39..IGHJ5.IGHM_IGKV3-20.IGKJ2.IGKC;IGHV3-49.IGHD2-2.IGHJ5.IGHM_IGLV3-1.IGLJ2.IGLC2;IGHV1-46..IGHJ1.IGHM_IGLV2-23.IGLJ1.IGLC1;IGHV3-74.IGHD3-22.IGHJ4.IGHM_IGKV1-39.IGKJ1.IGKC;IGHV1-8..IGHJ3.IGHM_IGKV1-33.IGKJ4.IGKC;IGHV3-15..IGHJ4.IGHM_IGKV3-15.IGKJ3.IGKC;IGHV3-11.IGHD3-22.IGHJ3.IGHM_IGKV1-39.IGKJ1.IGKC;IGHV1-24..IGHJ6.IGHM_IGLV3-19.IGLJ1.IGLC1;IGHV3-33..IGHJ3.IGHM_IGLV2-23.IGLJ3.IGLC3;IGHV3-11.IGHD1-1.IGHJ4.IGHM_IGLV1-51.IGLJ1.IGLC1;IGHV3-11.IGHD2-2.IGHJ6.IGHM_IGKV1-39.IGKJ1.IGKC;IGHV1-18..IGHJ6.IGHM_IGKV3-20.IGKJ1.IGKC;IGHV1-2..IGHJ3.IGHM_IGLV2-11.IGLJ2.IGLC2;IGHV2-5.IGHD3-22.IGHJ4.IGHM_IGKV3-15.IGKJ4.IGKC;IGHV1-18..IGHJ4.IGHM_IGKV3-20.IGKJ2.IGKC;IGHV3-30..IGHJ4.IGHM_IGKV1-17.IGKJ1.IGKC;IGHV3-15.IGHD3-9.IGHJ6.IGHM_IGLV3-25.IGLJ2.IGLC2;IGHV3-11..IGHJ4.IGHM_IGKV3-20.IGKJ2.IGKC;IGHV7-4-1..IGHJ5.IGHA1_IGLV4-69.IGLJ3.IGLC2;IGHV3-53.IGHD3-22.IGHJ4.IGHM_IGLV4-69.IGLJ3.IGLC3;IGHV1-18..IGHJ5.IGHM_IGKV1-39.IGKJ1.IGKC;IGHV3-11..IGHJ5.IGHM_IGKV1-33.IGKJ3.IGKC;IGHV5-51..IGHJ6.IGHM_IGKV2-28.IGKJ3.IGKC;IGHV4-39.IGHD3-9.IGHJ4.IGHM_IGKV3-15.IGKJ2.IGKC;IGHV4-59..IGHJ4.IGHM_IGLV1-47.IGLJ2.IGLC2;IGHV2-26..IGHJ5.IGHM_IGLV3-21.IGLJ1.IGLC1;IGHV4-39..IGHJ4.IGHM_IGLV1-40.IGLJ2.IGLC2;IGHV1-2..IGHJ6.IGHM_IGKV3-20.IGKJ3.IGKC;IGHV4-39..IGHJ5.IGHM_IGKV1-12.IGKJ2.IGKC;IGHV1-69D.IGHD4-17.IGHJ4.IGHM_IGKV1-27.IGKJ3.IGKC;IGHV1-18..IGHJ1.IGHM_IGKV3-20.IGKJ2.IGKC;IGHV4-30-4..IGHJ4.IGHM_IGKV1-39.IGKJ1.IGKC;IGHV3-73..IGHJ4.IGHG1_IGKV1-17.IGKJ1.IGKC;IGHV3-15..IGHJ4.IGHM_IGKV1-8.IGKJ3.IGKC;IGHV3-9..IGHJ6.IGHM_IGLV10-54.IGLJ2.IGLC2;IGHV4-59..IGHJ4.IGHM_IGKV3-20.IGKJ4.IGKC;IGHV5-51..IGHJ6.IGHM_IGKV2D-40.IGKJ4.IGKC;IGHV3-53..IGHJ6.IGHM_IGKV1-39.IGKJ1.IGKC;IGHV3-30..IGHJ4.IGHM_IGLV1-47.IGLJ1.IGLC1;IGHV2-5.IGHD2-2.IGHJ5.IGHM_IGLV3-25.IGLJ1.IGLC1;IGHV4-39..IGHJ4.IGHM_IGLV1-51.IGLJ3.IGLC3;IGHV4-59..IGHJ4.IGHM_IGKV2-28.IGKJ5.IGKC;IGHV3-23..IGHJ4.IGHM_IGKV1-39.IGKJ4.IGKC;IGHV3-15.IGHD5-24.IGHJ4.IGHM_IGKV1-33.IGKJ5.IGKC;IGHV3-48..IGHJ6.IGHM_IGLV3-25.IGLJ3.IGLC2;IGHV4-59..IGHJ6.IGHM_IGKV1-39.IGKJ2.IGKC;IGHV2-5..IGHJ4.IGHM_IGKV1-5.IGKJ2.IGKC;IGHV3-15..IGHJ3.IGHM_IGKV1-17.IGKJ1.IGKC;IGHV3-49..IGHJ6.IGHM_IGKV1-16.IGKJ4.IGKC;IGHV3-30.IGHD6-19.IGHJ3.IGHM_IGKV1-5.IGKJ1.IGKC;IGHV3-33.IGHD3-3.IGHJ4.IGHM_IGKV1-6.IGKJ2.IGKC;IGHV4-30-4.IGHD3-22.IGHJ3.IGHM_IGLV3-25.IGLJ2.IGLC2;IGHV3-30.IGHD3-22.IGHJ6.IGHM_IGLV2-23.IGLJ2.IGLC2;IGHV7-4-1..IGHJ5.IGHM_IGKV3-11.IGKJ4.IGKC;IGHV3-21..IGHJ4.IGHG1_IGKV3-20.IGKJ1.IGKC;IGHV1-2..IGHJ4.IGHM_IGKV1-39.IGKJ2.IGKC;IGHV4-39.IGHD3-22.IGHJ5.IGHM_IGLV3-19.IGLJ2.IGLC2;IGHV3-33..IGHJ4.IGHM_IGLV8-61.IGLJ3.IGLC3;IGHV3-9..IGHJ4.IGHM_IGLV3-21.IGLJ2.IGLC2;IGHV3-33..IGHJ6.IGHM_IGKV1-9.IGKJ5.IGKC;IGHV6-1..IGHJ5.IGHM_IGLV1-36.IGLJ3.IGLC2;IGHV6-1.IGHD6-13.IGHJ3.IGHM_IGKV1-5.IGKJ1.IGKC;IGHV2-5.IGHD3-10.IGHJ5.IGHM_IGLV3-25.IGLJ1.IGLC1;IGHV4-59..IGHJ4.IGHM_IGLV3-19.IGLJ2.IGLC2;IGHV3-30.IGHD6-6.IGHJ4.IGHM_IGLV2-8.IGLJ1.IGLC1;IGHV2-5..IGHJ4.IGHG1_IGLV1-40.IGLJ2.IGLC2;IGHV3-74.IGHD3-22.IGHJ4.IGHM_IGKV1-39.IGKJ1.IGKC;IGHV4-39..IGHJ5.IGHM_IGLV3-25.IGLJ2.IGLC2;IGHV1-8..IGHJ6.IGHM_IGLV1-51.IGLJ2.IGLC2;IGHV5-51..IGHJ3.IGHM_IGKV1-33.IGKJ1.IGKC;IGHV1-18..IGHJ6.IGHM_IGKV3-20.IGKJ2.IGKC;IGHV3-23.IGHD3-10.IGHJ4.IGHM_IGKV1-33.IGKJ4.IGKC;IGHV3-15.IGHD5-24.IGHJ4.IGHG1_IGKV3-20.IGKJ2.IGKC;IGHV1-18..IGHJ5.IGHM_IGKV1-27.IGKJ3.IGKC;IGHV4-61..IGHJ3.IGHM_IGKV1-8.IGKJ1.IGKC;IGHV2-5.IGHD3-22.IGHJ5.IGHM_IGKV3-20.IGKJ1.IGKC;IGHV4-39.IGHD5-5.IGHJ4.IGHM_IGLV1-40.IGLJ1.IGLC1;IGHV4-59.IGHD3-9.IGHJ6.IGHM_IGLV1-47.IGLJ1.IGLC1;IGHV3-30..IGHJ5.IGHM_IGKV1-8.IGKJ4.IGKC;IGHV1-46..IGHJ4.IGHM_IGKV4-1.IGKJ2.IGKC;IGHV3-49.IGHD4-4.IGHJ5.IGHM_IGKV1-17.IGKJ4.IGKC;IGHV4-61..IGHJ6.IGHM_IGLV3-10.IGLJ3.IGLC3;IGHV3-30..IGHJ6.IGHM_IGKV1-39.IGKJ2.IGKC;IGHV3-30.IGHD3-9.IGHJ4.IGHM_IGKV1-8.IGKJ4.IGKC;IGHV3-48..IGHJ4.IGHM_IGKV1-12.IGKJ2.IGKC;IGHV7-4-1.IGHD3-10.IGHJ4.IGHM_IGKV1-39.IGKJ1.IGKC;IGHV4-39..IGHJ5.IGHM_IGKV1-8.IGKJ1.IGKC;IGHV4-61..IGHJ6.IGHM_IGLV1-51.IGLJ2.IGLC2;IGHV3-48..IGHJ3.IGHM_IGLV3-21.IGLJ1.IGLC1;IGHV4-31..IGHJ4.IGHM_IGKV1D-8.IGKJ3.IGKC;NA_IGKV3-15.IGKJ1.IGKC;IGHV3-48..IGHJ4.IGHM_IGKV2-28.IGKJ2.IGKC;IGHV5-51..IGHJ6.IGHD_IGKV1-39.IGKJ4.IGKC;IGHV3-11.IGHD5-5.IGHJ5.IGHM_IGLV1-40.IGLJ2.IGLC2;IGHV3-13..IGHJ4.IGHM_IGKV1-39.IGKJ1.IGKC;IGHV3-7..IGHJ4.IGHM_IGLV1-40.IGLJ2.IGLC2;IGHV4-30-4..IGHJ3.IGHM_IGKV3D-20.IGKJ4.IGKC;IGHV3-7..IGHJ6.IGHM_IGLV1-40.IGLJ3.IGLC2;IGHV4-59..IGHJ4.IGHM_IGLV1-47.IGLJ3.IGLC3;IGHV3-30.IGHD2-2.IGHJ4.IGHM_IGKV1-39.IGKJ5.IGKC;IGHV4-31..IGHJ4.IGHM_IGKV1-39.IGKJ2.IGKC;IGHV1-69D..IGHJ4.IGHG1_IGLV2-23.IGLJ1.IGLC1;IGHV3-30..IGHJ3.IGHM_IGKV3-15.IGKJ1.IGKC;IGHV5-51.IGHD2-15.IGHJ4.IGHM_IGKV2-28.IGKJ3.IGKC;IGHV1-69D..IGHJ4.IGHM_IGKV1-17.IGKJ1.IGKC;IGHV4-59..IGHJ5.IGHG1_IGLV3-10.IGLJ2.IGLC2;IGHV3-7..IGHJ4.IGHM_IGKV1-8.IGKJ4.IGKC;IGHV1-18..IGHJ6.IGHM_IGLV3-25.IGLJ3.IGLC2;IGHV1-8..IGHJ4.IGHM_IGLV1-47.IGLJ3.IGLC3;IGHV1-18.IGHD6-19.IGHJ5.IGHM_IGKV1-12.IGKJ2.IGKC;IGHV3-7..IGHJ4.IGHM_IGKV1-6.IGKJ1.IGKC;IGHV5-51.IGHD6-19.IGHJ4.IGHM_IGLV4-69.IGLJ2.IGLC2;IGHV1-2.IGHD3-10.IGHJ3.IGHM_IGKV1-5.IGKJ1.IGKC;IGHV3-30..IGHJ3.IGHM_IGKV1-16.IGKJ4.IGKC;IGHV1-46..IGHJ4.IGHM_IGKV3-15.IGKJ1.IGKC;IGHV4-28..IGHJ6.IGHM_IGLV8-61.IGLJ3.IGLC2;IGHV1-8..IGHJ6.IGHM_IGKV1-6.IGKJ1.IGKC;IGHV2-5..IGHJ3.IGHM_IGLV3-19.IGLJ3.IGLC3;IGHV2-5..IGHJ4.IGHM_IGLV2-23.IGLJ1.IGLC1;IGHV1-58..IGHJ6.IGHM_IGKV3-20.IGKJ4.IGKC;IGHV1-18..IGHJ4.IGHG2_IGKV2-30.IGKJ2.IGKC;IGHV4-31..IGHJ3.IGHG1_IGKV1-9.IGKJ5.IGKC;IGHV1-2.IGHD6-19.IGHJ6.IGHM_IGKV2-28.IGKJ4.IGKC;IGHV3-7..IGHJ4.IGHM_IGLV3-1.IGLJ2.IGLC2;IGHV7-4-1..IGHJ4.IGHM_IGLV1-51.IGLJ1.IGLC1;IGHV3-15.IGHD3-10.IGHJ6.IGHM_IGLV3-25.IGLJ2.IGLC2;IGHV1-69D..IGHJ6.IGHG3_IGKV3-15.IGKJ4.IGKC;NA_IGLV3-1.IGLJ2.IGLC2;IGHV5-51..IGHJ4.IGHG1_IGLV3-25.IGLJ3.IGLC2;IGHV4-59..IGHJ6.IGHM_IGLV2-11.IGLJ2.IGLC3;IGHV4-39.IGHD3-22.IGHJ4.IGHM_IGLV1-40.IGLJ2.IGLC2;IGHV3-11.IGHD4-17.IGHJ5.IGHM_IGKV1-33.IGKJ4.IGKC;IGHV4-30-4..IGHJ1.IGHM_IGLV1-51.IGLJ2.IGLC2;IGHV3-11..IGHJ5.IGHD_IGLV3-1.IGLJ3.IGLC2;IGHV3-48.IGHD2-2.IGHJ4.IGHM_IGLV1-40.IGLJ1.IGLC1;NA_IGKV3-11.IGKJ2.IGKC;IGHV4-30-4..IGHJ4.IGHM_IGKV3-20.IGKJ5.IGKC;IGHV3-7.IGHD3-3.IGHJ6.IGHD_IGKV2-28.IGKJ4.IGKC;IGHV3-30.IGHD3-22.IGHJ4.IGHM_IGKV3-15.IGKJ1.IGKC;IGHV3-33..IGHJ4.IGHM_IGLV8-61.IGLJ3.IGLC3;IGHV3-9..IGHJ4.IGHM_IGLV3-1.IGLJ2.IGLC2;IGHV1-3.IGHD4-23.IGHJ5.IGHM_IGKV1-16.IGKJ5.IGKC;IGHV4-39..IGHJ4.IGHM_IGLV3-19.IGLJ2.IGLC2;IGHV4-39..IGHJ5.IGHM_IGKV3-20.IGKJ2.IGKC;IGHV3-30.IGHD2-2.IGHJ3.IGHM_IGKV3-20.IGKJ3.IGKC;IGHV3-7..IGHJ4.IGHM_IGKV3-20.IGKJ1.IGKC;IGHV5-51.IGHD2-2.IGHJ6.IGHM_IGKV3-15.IGKJ2.IGKC;IGHV2-5..IGHJ4.IGHM_IGLV7-43.IGLJ2.IGLC2;IGHV5-51.IGHD3-10.IGHJ6.IGHM_IGKV2-28.IGKJ4.IGKC;IGHV6-1..IGHJ5.IGHM_IGKV1-33.IGKJ1.IGKC;IGHV1-2..IGHJ4.IGHM_IGKV3-15.IGKJ5.IGKC;IGHV3-30..IGHJ4.IGHM_IGLV4-69.IGLJ2.IGLC2;IGHV3-33..IGHJ2.IGHM_IGKV3-15.IGKJ1.IGKC;IGHV3-48..IGHJ4.IGHM_IGKV3-15.IGKJ1.IGKC;IGHV4-30-4..IGHJ4.IGHM_IGKV3-20.IGKJ1.IGKC;IGHV3-30..IGHJ3.IGHG1_IGKV3-20.IGKJ2.IGKC;IGHV1-2..IGHJ6.IGHM_IGKV1-39.IGKJ4.IGKC;NA_IGLV2-23.IGLJ2.IGLC2;IGHV1-69D..IGHJ6.IGHM_IGKV3-20.IGKJ4.IGKC;IGHV2-70..IGHJ3.IGHM_IGKV3-15.IGKJ1.IGKC;NA_IGLV1-40.IGLJ2.IGLC2;IGHV4-59.IGHD3-10.IGHJ6.IGHM_IGKV1-39.IGKJ2.IGKC;IGHV3-9..IGHJ4.IGHM_IGKV1D-8.IGKJ1.IGKC;IGHV3-74..IGHJ5.IGHM_IGKV1-39.IGKJ4.IGKC;IGHV3-15.IGHD4-17.IGHJ4.IGHM_IGLV3-25.IGLJ1.IGLC1;IGHV3-43..IGHJ4.IGHM_IGKV3-20.IGKJ1.IGKC;IGHV3-9..IGHJ4.IGHD_IGLV4-69.IGLJ3.IGLC3;IGHV4-61..IGHJ4.IGHM_IGKV1-39.IGKJ2.IGKC;IGHV4-30-4..IGHJ5.IGHM_IGKV1-5.IGKJ1.IGKC;IGHV3-11.IGHD5-24.IGHJ6.IGHM_IGLV2-23.IGLJ1.IGLC1;IGHV3-9.IGHD2-2.IGHJ6.IGHM_IGKV1-5.IGKJ2.IGKC;IGHV3-7..IGHJ4.IGHA2_IGKV2-30.IGKJ2.IGKC;IGHV3-73.IGHD2-15.IGHJ3.IGHM_IGKV1-39.IGKJ2.IGKC;IGHV4-39..IGHJ5.IGHM_IGLV1-40.IGLJ1.IGLC1;IGHV3-9..IGHJ4.IGHM_IGLV2-14.IGLJ2.IGLC2;IGHV5-51..IGHJ4.IGHM_IGLV8-61.IGLJ3.IGLC3;IGHV1-2.IGHD4-17.IGHJ6.IGHD_IGLV3-25.IGLJ1.IGLC1;IGHV3-73..IGHJ4.IGHM_IGKV2D-29.IGKJ1.IGKC;IGHV3-74..IGHJ4.IGHM_IGLV4-69.IGLJ1.IGLC1;IGHV3-30..IGHJ4.IGHM_IGLV3-25.IGLJ3.IGLC2;IGHV1-69D.IGHD2-2.IGHJ5.IGHM_IGLV1-40.IGLJ2.IGLC2;IGHV2-5..IGHJ5.IGHM_IGLV3-1.IGLJ1.IGLC1;IGHV2-26..IGHJ4.IGHM_IGKV1-12.IGKJ1.IGKC;IGHV3-15.IGHD3-3.IGHJ4.IGHM_IGKV1-33.IGKJ4.IGKC;IGHV1-46..IGHJ4.IGHM_IGLV3-19.IGLJ2.IGLC2;IGHV1-8.IGHD3-3.IGHJ6.IGHM_IGKV3-20.IGKJ1.IGKC;IGHV3-15.IGHD2-2.IGHJ4.IGHM_IGKV1-33.IGKJ4.IGKC;IGHV1-8.IGHD3-10.IGHJ6.IGHM_IGKV1-39.IGKJ1.IGKC;IGHV3-9.IGHD4-23.IGHJ1.IGHM_IGLV2-23.IGLJ3.IGLC2;NA_IGKV1-39.IGKJ2.IGKC;IGHV1-69D..IGHJ3.IGHM_NA;IGHV4-59..IGHJ2.IGHG2_IGKV3-20.IGKJ4.IGKC;IGHV1-46..IGHJ6.IGHM_IGKV2-28.IGKJ4.IGKC;IGHV3-48.IGHD6-19.IGHJ4.IGHM_IGKV1-16.IGKJ1.IGKC;IGHV3-30..IGHJ4.IGHM_IGLV3-21.IGLJ1.IGLC1;IGHV1-18.IGHD3-3.IGHJ6.IGHM_IGLV3-21.IGLJ1.IGLC1;IGHV4-61..IGHJ6.IGHM_IGLV7-43.IGLJ1.IGLC1;IGHV3-33..IGHJ3.IGHM_IGKV1-5.IGKJ3.IGKC;IGHV3-30.IGHD2-2.IGHJ6.IGHM_IGLV3-1.IGLJ2.IGLC2;IGHV4-39..IGHJ4.IGHM_IGLV2-18.IGLJ1.IGLC1;IGHV3-33..IGHJ6.IGHM_IGKV3-15.IGKJ4.IGKC;IGHV4-31..IGHJ4.IGHM_IGKV3-20.IGKJ1.IGKC;IGHV4-59..IGHJ6.IGHA1_IGKV2-28.IGKJ2.IGKC;IGHV1-8..IGHJ6.IGHM_IGKV2-28.IGKJ3.IGKC;IGHV4-61.IGHD5-5.IGHJ4.IGHM_IGLV1-36.IGLJ2.IGLC2;IGHV5-51..IGHJ4.IGHM_IGKV3-20.IGKJ2.IGKC;IGHV1-46.IGHD3-22.IGHJ4.IGHM_IGLV1-40.IGLJ2.IGLC2;IGHV3-49..IGHJ4.IGHM_IGKV1-12.IGKJ4.IGKC;IGHV4-61..IGHJ3.IGHM_IGLV3-19.IGLJ1.IGLC1;IGHV2-5..IGHJ6.IGHG1_IGKV1-6.IGKJ2.IGKC;IGHV1-69D..IGHJ4.IGHM_IGLV3-1.IGLJ2.IGLC2;IGHV3-33.IGHD6-19.IGHJ4.IGHM_IGKV3-20.IGKJ1.IGKC;IGHV3-43.IGHD2-2.IGHJ6.IGHM_IGKV1-8.IGKJ5.IGKC;IGHV4-61..IGHJ5.IGHM_IGLV3-1.IGLJ2.IGLC2;IGHV1-18..IGHJ5.IGHM_IGLV1-40.IGLJ3.IGLC3;IGHV4-31..IGHJ5.IGHM_IGKV3-20.IGKJ3.IGKC;IGHV3-48..IGHJ4.IGHM_IGKV1-33.IGKJ5.IGKC;IGHV1-8..IGHJ4.IGHM_IGKV1-5.IGKJ1.IGKC;IGHV4-30-4..IGHJ4.IGHM_IGLV3-1.IGLJ2.IGLC2;IGHV3-30.IGHD2-2.IGHJ6.IGHM_IGKV2-28.IGKJ3.IGKC;IGHV3-11..IGHJ4.IGHM_IGKV1-39.IGKJ2.IGKC;IGHV4-39..IGHJ5.IGHM_IGKV1-5.IGKJ1.IGKC;IGHV3-48..IGHJ4.IGHM_IGLV1-40.IGLJ2.IGLC2;IGHV2-5..IGHJ4.IGHM_IGKV1-16.IGKJ2.IGKC;IGHV3-20..IGHJ4.IGHM_IGKV3-20.IGKJ4.IGKC;IGHV3-33..IGHJ5.IGHM_IGKV1-5.IGKJ1.IGKC;IGHV3-48..IGHJ4.IGHM_IGKV1-8.IGKJ1.IGKC;IGHV3-30..IGHJ3.IGHM_IGLV1-51.IGLJ3.IGLC2;IGHV4-39..IGHJ4.IGHM_IGLV3-21.IGLJ1.IGLC1;IGHV3-11.IGHD3-22.IGHJ4.IGHM_IGLV3-21.IGLJ2.IGLC2;IGHV1-8.IGHD2-2.IGHJ6.IGHM_IGKV1-8.IGKJ4.IGKC;IGHV4-39..IGHJ2.IGHM_IGKV6-21.IGKJ4.IGKC	1	IGHV3-9..IGHJ4.IGHM_IGLV2-14.IGLJ2.IGLC2
20	56	IGHV4-61..IGHJ6.IGHM_IGLV2-14.IGLJ3.IGLC3;IGHV3-33..IGHJ6.IGHM_IGLV2-14.IGLJ1.IGLC1;IGHV3-49..IGHJ3.IGHM_IGLV2-14.IGLJ2.IGLC2;IGHV3-7..IGHJ6.IGHA1_IGLV2-14.IGLJ1.IGLC1;IGHV3-11..IGHJ4.IGHM_IGLV1-36.IGLJ1.IGLC1;IGHV1-8..IGHJ4.IGHM_IGLV2-14.IGLJ2.IGLC2;IGHV1-3.IGHD3-10.IGHJ2.IGHM_IGLV2-14.IGLJ2.IGLC2;IGHV3-23.IGHD3-3.IGHJ6.IGHD_IGLV2-14.IGLJ2.IGLC2;IGHV3-11..IGHJ6.IGHM_IGLV2-14.IGLJ3.IGLC3;IGHV4-61.IGHD3-22.IGHJ4.IGHM_IGLV2-14.IGLJ1.IGLC1;IGHV4-39..IGHJ4.IGHM_IGLV2-14.IGLJ3.IGLC3;IGHV3-15.IGHD3-22.IGHJ4.IGHM_IGLV2-14.IGLJ1.IGLC1;IGHV2-5..IGHJ6.IGHG2_IGLV2-14.IGLJ1.IGLC1;IGHV3-30.IGHD3-10.IGHJ4.IGHM_IGLV2-14.IGLJ1.IGLC1;IGHV1-69D..IGHJ6.IGHM_IGLV2-14.IGLJ1.IGLC1;IGHV3-30..IGHJ2.IGHM_IGLV2-14.IGLJ2.IGLC3;IGHV4-39..IGHJ5.IGHM_IGLV2-14.IGLJ2.IGLC2;IGHV4-39..IGHJ6.IGHM_IGLV2-14.IGLJ2.IGLC2;IGHV4-34.IGHD6-19.IGHJ6.IGHM_IGLV2-14.IGLJ2.IGLC2;IGHV1-18.IGHD3-9.IGHJ4.IGHM_IGLV2-14.IGLJ2.IGLC2;IGHV3-30..IGHJ4.IGHM_IGLV2-14.IGLJ3.IGLC2;IGHV3-33.IGHD2-2.IGHJ6.IGHM_IGLV1-51.IGLJ2.IGLC2;IGHV2-70..IGHJ4.IGHM_IGLV2-14.IGLJ2.IGLC2;IGHV3-53..IGHJ6.IGHM_IGKV1-9.IGKJ2.IGKC;IGHV3-74.IGHD7-27.IGHJ4.IGHG1_IGLV2-14.IGLJ1.IGLC1;IGHV3-33.IGHD3-10.IGHJ6.IGHG1_IGLV2-14.IGLJ2.IGLC2;IGHV2-26.IGHD2-15.IGHJ6.IGHM_IGLV2-14.IGLJ2.IGLC2;IGHV3-21..IGHJ5.IGHG2_IGLV2-14.IGLJ3.IGLC3;IGHV4-61.IGHD2-15.IGHJ6.IGHM_IGLV2-14.IGLJ3.IGLC2;IGHV1-2..IGHJ4.IGHM_IGLV2-14.IGLJ2.IGLC3;IGHV3-33..IGHJ5.IGHM_IGLV2-14.IGLJ1.IGLC1;IGHV3-21.IGHD3-22.IGHJ4.IGHM_IGLV2-14.IGLJ2.IGLC2;IGHV4-31..IGHJ4.IGHM_IGLV2-14.IGLJ2.IGLC2;IGHV2-5..IGHJ4.IGHM_IGLV2-14.IGLJ2.IGLC3;IGHV4-31.IGHD3-9.IGHJ6.IGHM_IGLV2-14.IGLJ1.IGLC1;IGHV3-33..IGHJ6.IGHM_IGLV2-14.IGLJ1.IGLC1;IGHV4-39..IGHJ4.IGHM_IGKV3-20.IGKJ1.IGKC;IGHV3-66..IGHJ4.IGHM_IGLV2-14.IGLJ1.IGLC1;IGHV5-51..IGHJ4.IGHM_IGLV2-14.IGLJ3.IGLC3;IGHV3-33..IGHJ6.IGHA1_IGLV2-14.IGLJ2.IGLC2;IGHV3-9..IGHJ4.IGHM_IGLV2-14.IGLJ2.IGLC2;IGHV4-34..IGHJ6.IGHM_IGLV2-14.IGLJ1.IGLC1;IGHV3-11.IGHD3-22.IGHJ6.IGHM_IGLV2-14.IGLJ2.IGLC2;IGHV3-9.IGHD3-9.IGHJ6.IGHA1_IGLV2-14.IGLJ1.IGLC1;IGHV3-9..IGHJ4.IGHM_IGLV2-14.IGLJ2.IGLC2;IGHV4-39..IGHJ1.IGHM_IGLV2-14.IGLJ2.IGLC2;IGHV3-9..IGHJ6.IGHM_IGLV2-14.IGLJ1.IGLC1;IGHV4-30-4..IGHJ1.IGHM_IGLV2-14.IGLJ2.IGLC2;IGHV3-48..IGHJ6.IGHM_IGLV2-14.IGLJ2.IGLC2;IGHV1-46..IGHJ5.IGHM_IGLV2-8.IGLJ2.IGLC2;IGHV3-74..IGHJ4.IGHM_IGLV2-14.IGLJ2.IGLC2;IGHV3-33.IGHD4-17.IGHJ3.IGHG1_IGLV2-14.IGLJ1.IGLC1;IGHV1-69D.IGHD2-15.IGHJ5.IGHM_IGLV2-14.IGLJ3.IGLC2;IGHV3-23.IGHD1-20.IGHJ4.IGHM_IGLV2-14.IGLJ3.IGLC2;IGHV3-48..IGHJ5.IGHM_IGLV2-14.IGLJ3.IGLC3;IGHV3-9..IGHJ6.IGHA1_IGLV2-14.IGLJ1.IGLC1	9	1	IGHV1-69D..IGHJ4.IGHM_NA	0	NA
20	56	IGHV4-61..IGHJ6.IGHM_IGLV2-14.IGLJ3.IGLC3;IGHV3-33..IGHJ6.IGHM_IGLV2-14.IGLJ1.IGLC1;IGHV3-49..IGHJ3.IGHM_IGLV2-14.IGLJ2.IGLC2;IGHV3-7..IGHJ6.IGHA1_IGLV2-14.IGLJ1.IGLC1;IGHV3-11..IGHJ4.IGHM_IGLV1-36.IGLJ1.IGLC1;IGHV1-8..IGHJ4.IGHM_IGLV2-14.IGLJ2.IGLC2;IGHV1-3.IGHD3-10.IGHJ2.IGHM_IGLV2-14.IGLJ2.IGLC2;IGHV3-23.IGHD3-3.IGHJ6.IGHD_IGLV2-14.IGLJ2.IGLC2;IGHV3-11..IGHJ6.IGHM_IGLV2-14.IGLJ3.IGLC3;IGHV4-61.IGHD3-22.IGHJ4.IGHM_IGLV2-14.IGLJ1.IGLC1;IGHV4-39..IGHJ4.IGHM_IGLV2-14.IGLJ3.IGLC3;IGHV3-15.IGHD3-22.IGHJ4.IGHM_IGLV2-14.IGLJ1.IGLC1;IGHV2-5..IGHJ6.IGHG2_IGLV2-14.IGLJ1.IGLC1;IGHV3-30.IGHD3-10.IGHJ4.IGHM_IGLV2-14.IGLJ1.IGLC1;IGHV1-69D..IGHJ6.IGHM_IGLV2-14.IGLJ1.IGLC1;IGHV3-30..IGHJ2.IGHM_IGLV2-14.IGLJ2.IGLC3;IGHV4-39..IGHJ5.IGHM_IGLV2-14.IGLJ2.IGLC2;IGHV4-39..IGHJ6.IGHM_IGLV2-14.IGLJ2.IGLC2;IGHV4-34.IGHD6-19.IGHJ6.IGHM_IGLV2-14.IGLJ2.IGLC2;IGHV1-18.IGHD3-9.IGHJ4.IGHM_IGLV2-14.IGLJ2.IGLC2;IGHV3-30..IGHJ4.IGHM_IGLV2-14.IGLJ3.IGLC2;IGHV3-33.IGHD2-2.IGHJ6.IGHM_IGLV1-51.IGLJ2.IGLC2;IGHV2-70..IGHJ4.IGHM_IGLV2-14.IGLJ2.IGLC2;IGHV3-53..IGHJ6.IGHM_IGKV1-9.IGKJ2.IGKC;IGHV3-74.IGHD7-27.IGHJ4.IGHG1_IGLV2-14.IGLJ1.IGLC1;IGHV3-33.IGHD3-10.IGHJ6.IGHG1_IGLV2-14.IGLJ2.IGLC2;IGHV2-26.IGHD2-15.IGHJ6.IGHM_IGLV2-14.IGLJ2.IGLC2;IGHV3-21..IGHJ5.IGHG2_IGLV2-14.IGLJ3.IGLC3;IGHV4-61.IGHD2-15.IGHJ6.IGHM_IGLV2-14.IGLJ3.IGLC2;IGHV1-2..IGHJ4.IGHM_IGLV2-14.IGLJ2.IGLC3;IGHV3-33..IGHJ5.IGHM_IGLV2-14.IGLJ1.IGLC1;IGHV3-21.IGHD3-22.IGHJ4.IGHM_IGLV2-14.IGLJ2.IGLC2;IGHV4-31..IGHJ4.IGHM_IGLV2-14.IGLJ2.IGLC2;IGHV2-5..IGHJ4.IGHM_IGLV2-14.IGLJ2.IGLC3;IGHV4-31.IGHD3-9.IGHJ6.IGHM_IGLV2-14.IGLJ1.IGLC1;IGHV3-33..IGHJ6.IGHM_IGLV2-14.IGLJ1.IGLC1;IGHV4-39..IGHJ4.IGHM_IGKV3-20.IGKJ1.IGKC;IGHV3-66..IGHJ4.IGHM_IGLV2-14.IGLJ1.IGLC1;IGHV5-51..IGHJ4.IGHM_IGLV2-14.IGLJ3.IGLC3;IGHV3-33..IGHJ6.IGHA1_IGLV2-14.IGLJ2.IGLC2;IGHV3-9..IGHJ4.IGHM_IGLV2-14.IGLJ2.IGLC2;IGHV4-34..IGHJ6.IGHM_IGLV2-14.IGLJ1.IGLC1;IGHV3-11.IGHD3-22.IGHJ6.IGHM_IGLV2-14.IGLJ2.IGLC2;IGHV3-9.IGHD3-9.IGHJ6.IGHA1_IGLV2-14.IGLJ1.IGLC1;IGHV3-9..IGHJ4.IGHM_IGLV2-14.IGLJ2.IGLC2;IGHV4-39..IGHJ1.IGHM_IGLV2-14.IGLJ2.IGLC2;IGHV3-9..IGHJ6.IGHM_IGLV2-14.IGLJ1.IGLC1;IGHV4-30-4..IGHJ1.IGHM_IGLV2-14.IGLJ2.IGLC2;IGHV3-48..IGHJ6.IGHM_IGLV2-14.IGLJ2.IGLC2;IGHV1-46..IGHJ5.IGHM_IGLV2-8.IGLJ2.IGLC2;IGHV3-74..IGHJ4.IGHM_IGLV2-14.IGLJ2.IGLC2;IGHV3-33.IGHD4-17.IGHJ3.IGHG1_IGLV2-14.IGLJ1.IGLC1;IGHV1-69D.IGHD2-15.IGHJ5.IGHM_IGLV2-14.IGLJ3.IGLC2;IGHV3-23.IGHD1-20.IGHJ4.IGHM_IGLV2-14.IGLJ3.IGLC2;IGHV3-48..IGHJ5.IGHM_IGLV2-14.IGLJ3.IGLC3;IGHV3-9..IGHJ6.IGHA1_IGLV2-14.IGLJ1.IGLC1	16	79	IGHV3-21.IGHD4-23.IGHJ2.IGHM_IGKV3-11.IGKJ2.IGKC;IGHV3-33.IGHD6-19.IGHJ6.IGHM_IGKV1-39.IGKJ1.IGKC;IGHV3-33..IGHJ5.IGHM_IGLV1-40.IGLJ1.IGLC1;IGHV3-33.IGHD2-2.IGHJ4.IGHM_IGKV3-20.IGKJ2.IGKC;IGHV3-30..IGHJ4.IGHM_IGKV3-11.IGKJ1.IGKC;IGHV4-59..IGHJ5.IGHG1_IGKV3-11.IGKJ4.IGKC;IGHV3-23..IGHJ5.IGHM_IGKV3-11.IGKJ5.IGKC;IGHV3-33..IGHJ6.IGHM_IGLV1-40.IGLJ2.IGLC2;IGHV3-33..IGHJ4.IGHM_IGKV1-5.IGKJ2.IGKC;IGHV3-11..IGHJ5.IGHM_IGKV3-15.IGKJ2.IGKC;IGHV3-33..IGHJ6.IGHM_IGKV4-1.IGKJ4.IGKC;IGHV1-3.IGHD3-9.IGHJ5.IGHM_IGKV3-11.IGKJ1.IGKC;IGHV3-7..IGHJ6.IGHM_IGKV3-11.IGKJ4.IGKC;IGHV3-33..IGHJ4.IGHM_IGKV3-15.IGKJ1.IGKC;IGHV2-5.IGHD3-9.IGHJ4.IGHM_IGKV1-39.IGKJ2.IGKC;IGHV3-33..IGHJ4.IGHM_IGKV1-39.IGKJ2.IGKC;IGHV3-33..IGHJ4.IGHM_IGKV1-12.IGKJ4.IGKC;IGHV4-59.IGHD3-9.IGHJ6.IGHM_IGLV2-8.IGLJ2.IGLC2;IGHV1-8.IGHD3-3.IGHJ2.IGHM_IGKV3-11.IGKJ2.IGKC;IGHV4-39..IGHJ3.IGHM_IGKV3-11.IGKJ3.IGKC;IGHV3-33.IGHD6-19.IGHJ4.IGHM_IGLV3-1.IGLJ2.IGLC2;IGHV3-33..IGHJ6.IGHM_IGLV3-25.IGLJ1.IGLC1;IGHV3-33..IGHJ5.IGHM_IGKV1-39.IGKJ1.IGKC;IGHV3-30..IGHJ3.IGHM_IGKV3-11.IGKJ4.IGKC;IGHV3-33..IGHJ4.IGHM_IGLV1-44.IGLJ1.IGLC1;IGHV3-33..IGHJ4.IGHM_IGLV2-23.IGLJ3.IGLC3;IGHV1-69D.IGHD6-13.IGHJ4.IGHM_IGKV3-11.IGKJ3.IGKC;IGHV3-15..IGHJ4.IGHM_IGKV3-11.IGKJ4.IGKC;IGHV1-69D.IGHD5-5.IGHJ4.IGHM_IGKV3-20.IGKJ1.IGKC;IGHV3-33.IGHD5-5.IGHJ4.IGHM_IGKV3-11.IGKJ2.IGKC;IGHV1-46..IGHJ6.IGHM_IGKV3-11.IGKJ4.IGKC;IGHV3-33..IGHJ4.IGHA1_IGLV2-23.IGLJ1.IGLC1;IGHV3-20..IGHJ5.IGHM_IGKV3-11.IGKJ4.IGKC;IGHV3-33.IGHD2-15.IGHJ4.IGHM_IGLV3-25.IGLJ2.IGLC2;IGHV4-59..IGHJ5.IGHM_IGKV3-11.IGKJ4.IGKC;IGHV3-33.IGHD5-24.IGHJ4.IGHM_IGKV1-33.IGKJ4.IGKC;IGHV3-30.IGHD3-10.IGHJ6.IGHM_IGKV3-11.IGKJ5.IGKC;IGHV3-74..IGHJ3.IGHM_IGKV1-39.IGKJ1.IGKC;IGHV1-69D.IGHD2-21.IGHJ6.IGHM_IGLV3-25.IGLJ3.IGLC3;IGHV3-33.IGHD3-10.IGHJ4.IGHM_IGLV1-40.IGLJ7.IGLC7;IGHV3-33..IGHJ4.IGHM_IGKV2-24.IGKJ2.IGKC;IGHV3-23..IGHJ5.IGHM_IGKV3-11.IGKJ5.IGKC;IGHV3-33.IGHD3-22.IGHJ4.IGHM_IGKV1-5.IGKJ2.IGKC;IGHV4-34.IGHD2-15.IGHJ6.IGHM_IGKV3-11.IGKJ2.IGKC;IGHV3-33.IGHD4-17.IGHJ6.IGHM_IGKV1-17.IGKJ1.IGKC;IGHV3-21.IGHD6-19.IGHJ4.IGHM_IGKV3-11.IGKJ1.IGKC;IGHV3-23.IGHD6-19.IGHJ4.IGHM_IGKV3-11.IGKJ1.IGKC;IGHV3-33.IGHD6-19.IGHJ6.IGHM_IGKV3-20.IGKJ1.IGKC;IGHV3-33..IGHJ4.IGHM_IGKV3-15.IGKJ1.IGKC;IGHV3-33..IGHJ4.IGHM_IGKV3-20.IGKJ2.IGKC;IGHV3-33.IGHD3-22.IGHJ3.IGHM_IGLV7-46.IGLJ3.IGLC2;IGHV3-33..IGHJ4.IGHM_IGKV1-5.IGKJ2.IGKC;IGHV3-30.IGHD3-10.IGHJ6.IGHM_IGKV3-11.IGKJ4.IGKC;IGHV3-33..IGHJ6.IGHM_IGKV1-17.IGKJ1.IGKC;IGHV1-24..IGHJ4.IGHM_IGKV3-11.IGKJ4.IGKC;IGHV1-18.IGHD3-3.IGHJ6.IGHM_IGKV3-11.IGKJ2.IGKC;IGHV3-33.IGHD5-5.IGHJ4.IGHM_IGKV1-39.IGKJ1.IGKC;IGHV3-33.IGHD5-5.IGHJ6.IGHM_IGLV3-25.IGLJ2.IGLC2;IGHV3-23..IGHJ4.IGHM_IGKV3-11.IGKJ4.IGKC;IGHV3-33..IGHJ4.IGHM_IGLV3-19.IGLJ1.IGLC1;IGHV3-33..IGHJ3.IGHM_IGKV3-11.IGKJ2.IGKC;IGHV3-33..IGHJ5.IGHM_IGLV2-23.IGLJ1.IGLC1;IGHV3-7.IGHD2-2.IGHJ4.IGHM_IGKV3-11.IGKJ3.IGKC;IGHV3-33..IGHJ4.IGHM_IGLV3-25.IGLJ1.IGLC1;IGHV3-33..IGHJ4.IGHM_IGKV3-15.IGKJ4.IGKC;IGHV3-33..IGHJ3.IGHM_IGKV1-5.IGKJ1.IGKC;IGHV3-33..IGHJ4.IGHM_IGKV1-39.IGKJ4.IGKC;IGHV5-51..IGHJ4.IGHM_IGKV3-11.IGKJ4.IGKC;IGHV3-23..IGHJ4.IGHM_IGKV3-11.IGKJ4.IGKC;IGHV3-49..IGHJ6.IGHM_IGKV3-11.IGKJ5.IGKC;IGHV3-33..IGHJ3.IGHM_IGKV1-8.IGKJ1.IGKC;IGHV3-33..IGHJ4.IGHM_IGLV3-25.IGLJ3.IGLC3;IGHV3-30.IGHD3-10.IGHJ6.IGHM_IGKV3-11.IGKJ4.IGKC;IGHV3-33..IGHJ3.IGHM_IGKV1-39.IGKJ1.IGKC;IGHV3-33.IGHD3-22.IGHJ4.IGHM_IGKV1-5.IGKJ4.IGKC;IGHV3-15..IGHJ6.IGHM_IGKV3-11.IGKJ2.IGKC;IGHV3-33..IGHJ4.IGHM_IGLV2-8.IGLJ3.IGLC2;IGHV7-4-1.IGHD3-10.IGHJ4.IGHM_IGKV3-11.IGKJ5.IGKC;IGHV3-21..IGHJ2.IGHM_IGKV3-11.IGKJ4.IGKC	0	NA
20	56	IGHV4-61..IGHJ6.IGHM_IGLV2-14.IGLJ3.IGLC3;IGHV3-33..IGHJ6.IGHM_IGLV2-14.IGLJ1.IGLC1;IGHV3-49..IGHJ3.IGHM_IGLV2-14.IGLJ2.IGLC2;IGHV3-7..IGHJ6.IGHA1_IGLV2-14.IGLJ1.IGLC1;IGHV3-11..IGHJ4.IGHM_IGLV1-36.IGLJ1.IGLC1;IGHV1-8..IGHJ4.IGHM_IGLV2-14.IGLJ2.IGLC2;IGHV1-3.IGHD3-10.IGHJ2.IGHM_IGLV2-14.IGLJ2.IGLC2;IGHV3-23.IGHD3-3.IGHJ6.IGHD_IGLV2-14.IGLJ2.IGLC2;IGHV3-11..IGHJ6.IGHM_IGLV2-14.IGLJ3.IGLC3;IGHV4-61.IGHD3-22.IGHJ4.IGHM_IGLV2-14.IGLJ1.IGLC1;IGHV4-39..IGHJ4.IGHM_IGLV2-14.IGLJ3.IGLC3;IGHV3-15.IGHD3-22.IGHJ4.IGHM_IGLV2-14.IGLJ1.IGLC1;IGHV2-5..IGHJ6.IGHG2_IGLV2-14.IGLJ1.IGLC1;IGHV3-30.IGHD3-10.IGHJ4.IGHM_IGLV2-14.IGLJ1.IGLC1;IGHV1-69D..IGHJ6.IGHM_IGLV2-14.IGLJ1.IGLC1;IGHV3-30..IGHJ2.IGHM_IGLV2-14.IGLJ2.IGLC3;IGHV4-39..IGHJ5.IGHM_IGLV2-14.IGLJ2.IGLC2;IGHV4-39..IGHJ6.IGHM_IGLV2-14.IGLJ2.IGLC2;IGHV4-34.IGHD6-19.IGHJ6.IGHM_IGLV2-14.IGLJ2.IGLC2;IGHV1-18.IGHD3-9.IGHJ4.IGHM_IGLV2-14.IGLJ2.IGLC2;IGHV3-30..IGHJ4.IGHM_IGLV2-14.IGLJ3.IGLC2;IGHV3-33.IGHD2-2.IGHJ6.IGHM_IGLV1-51.IGLJ2.IGLC2;IGHV2-70..IGHJ4.IGHM_IGLV2-14.IGLJ2.IGLC2;IGHV3-53..IGHJ6.IGHM_IGKV1-9.IGKJ2.IGKC;IGHV3-74.IGHD7-27.IGHJ4.IGHG1_IGLV2-14.IGLJ1.IGLC1;IGHV3-33.IGHD3-10.IGHJ6.IGHG1_IGLV2-14.IGLJ2.IGLC2;IGHV2-26.IGHD2-15.IGHJ6.IGHM_IGLV2-14.IGLJ2.IGLC2;IGHV3-21..IGHJ5.IGHG2_IGLV2-14.IGLJ3.IGLC3;IGHV4-61.IGHD2-15.IGHJ6.IGHM_IGLV2-14.IGLJ3.IGLC2;IGHV1-2..IGHJ4.IGHM_IGLV2-14.IGLJ2.IGLC3;IGHV3-33..IGHJ5.IGHM_IGLV2-14.IGLJ1.IGLC1;IGHV3-21.IGHD3-22.IGHJ4.IGHM_IGLV2-14.IGLJ2.IGLC2;IGHV4-31..IGHJ4.IGHM_IGLV2-14.IGLJ2.IGLC2;IGHV2-5..IGHJ4.IGHM_IGLV2-14.IGLJ2.IGLC3;IGHV4-31.IGHD3-9.IGHJ6.IGHM_IGLV2-14.IGLJ1.IGLC1;IGHV3-33..IGHJ6.IGHM_IGLV2-14.IGLJ1.IGLC1;IGHV4-39..IGHJ4.IGHM_IGKV3-20.IGKJ1.IGKC;IGHV3-66..IGHJ4.IGHM_IGLV2-14.IGLJ1.IGLC1;IGHV5-51..IGHJ4.IGHM_IGLV2-14.IGLJ3.IGLC3;IGHV3-33..IGHJ6.IGHA1_IGLV2-14.IGLJ2.IGLC2;IGHV3-9..IGHJ4.IGHM_IGLV2-14.IGLJ2.IGLC2;IGHV4-34..IGHJ6.IGHM_IGLV2-14.IGLJ1.IGLC1;IGHV3-11.IGHD3-22.IGHJ6.IGHM_IGLV2-14.IGLJ2.IGLC2;IGHV3-9.IGHD3-9.IGHJ6.IGHA1_IGLV2-14.IGLJ1.IGLC1;IGHV3-9..IGHJ4.IGHM_IGLV2-14.IGLJ2.IGLC2;IGHV4-39..IGHJ1.IGHM_IGLV2-14.IGLJ2.IGLC2;IGHV3-9..IGHJ6.IGHM_IGLV2-14.IGLJ1.IGLC1;IGHV4-30-4..IGHJ1.IGHM_IGLV2-14.IGLJ2.IGLC2;IGHV3-48..IGHJ6.IGHM_IGLV2-14.IGLJ2.IGLC2;IGHV1-46..IGHJ5.IGHM_IGLV2-8.IGLJ2.IGLC2;IGHV3-74..IGHJ4.IGHM_IGLV2-14.IGLJ2.IGLC2;IGHV3-33.IGHD4-17.IGHJ3.IGHG1_IGLV2-14.IGLJ1.IGLC1;IGHV1-69D.IGHD2-15.IGHJ5.IGHM_IGLV2-14.IGLJ3.IGLC2;IGHV3-23.IGHD1-20.IGHJ4.IGHM_IGLV2-14.IGLJ3.IGLC2;IGHV3-48..IGHJ5.IGHM_IGLV2-14.IGLJ3.IGLC3;IGHV3-9..IGHJ6.IGHA1_IGLV2-14.IGLJ1.IGLC1	17	67	IGHV6-1..IGHJ6.IGHM_IGKV4-1.IGKJ2.IGKC;IGHV4-34..IGHJ3.IGHM_IGLV5-39.IGLJ2.IGLC2;IGHV4-34..IGHJ3.IGHM_IGKV1-8.IGKJ1.IGKC;IGHV4-34..IGHJ5.IGHM_IGLV2-23.IGLJ2.IGLC2;IGHV4-34..IGHJ4.IGHM_IGKV1D-8.IGKJ1.IGKC;IGHV4-34..IGHJ4.IGHM_IGKV4-1.IGKJ3.IGKC;IGHV4-39..IGHJ5.IGHM_IGKV4-1.IGKJ4.IGKC;IGHV4-34..IGHJ5.IGHM_IGKV3-15.IGKJ1.IGKC;IGHV1-8..IGHJ3.IGHM_IGLV1-44.IGLJ1.IGLC1;IGHV4-34..IGHJ4.IGHM_IGKV1-39.IGKJ2.IGKC;IGHV1-18.IGHD5-24.IGHJ3.IGHM_IGKV4-1.IGKJ4.IGKC;IGHV4-34.IGHD2-2.IGHJ6.IGHM_IGKV1-12.IGKJ4.IGKC;IGHV3-30.IGHD3-10.IGHJ4.IGHG1_IGKV4-1.IGKJ4.IGKC;IGHV4-34..IGHJ4.IGHM_IGLV1-47.IGLJ3.IGLC3;IGHV4-34.IGHD3-10.IGHJ4.IGHM_IGKV1-6.IGKJ4.IGKC;IGHV3-11..IGHJ5.IGHM_IGLV3-25.IGLJ1.IGLC1;IGHV4-34..IGHJ4.IGHM_IGKV3-15.IGKJ2.IGKC;IGHV4-61..IGHJ1.IGHM_IGKV3-20.IGKJ1.IGKC;IGHV7-4-1..IGHJ4.IGHM_IGKV4-1.IGKJ4.IGKC;IGHV2-5..IGHJ4.IGHM_IGKV4-1.IGKJ1.IGKC;IGHV4-34..IGHJ4.IGHM_IGLV3-19.IGLJ1.IGLC1;IGHV4-59.IGHD3-10.IGHJ4.IGHM_IGKV4-1.IGKJ1.IGKC;IGHV3-11..IGHJ3.IGHM_IGKV4-1.IGKJ4.IGKC;IGHV1-58..IGHJ6.IGHM_IGKV4-1.IGKJ1.IGKC;IGHV6-1..IGHJ4.IGHM_IGKV4-1.IGKJ1.IGKC;IGHV4-34.IGHD2-15.IGHJ5.IGHM_IGKV1-6.IGKJ2.IGKC;IGHV3-21..IGHJ4.IGHM_IGKV4-1.IGKJ3.IGKC;IGHV4-34..IGHJ4.IGHM_IGKV1-39.IGKJ1.IGKC;IGHV3-64..IGHJ4.IGHM_IGKV4-1.IGKJ1.IGKC;IGHV1-8..IGHJ4.IGHA1_IGKV4-1.IGKJ1.IGKC;IGHV4-34.IGHD3-16.IGHJ4.IGHM_IGKV1-39.IGKJ2.IGKC;IGHV4-34.IGHD4-23.IGHJ1.IGHM_IGKV4-1.IGKJ1.IGKC;IGHV3-30..IGHJ4.IGHG2_IGKV4-1.IGKJ2.IGKC;IGHV4-34.IGHD5-5.IGHJ2.IGHM_IGLV1-44.IGLJ1.IGLC1;IGHV5-51..IGHJ6.IGHM_IGKV4-1.IGKJ2.IGKC;IGHV3-23..IGHJ4.IGHM_IGKV4-1.IGKJ1.IGKC;IGHV4-34..IGHJ5.IGHM_IGLV1-47.IGLJ1.IGLC1;IGHV4-59.IGHD6-19.IGHJ4.IGHM_IGKV4-1.IGKJ1.IGKC;IGHV4-59..IGHJ4.IGHG2_IGKV4-1.IGKJ1.IGKC;IGHV4-34..IGHJ5.IGHM_IGKV4-1.IGKJ1.IGKC;IGHV4-34.IGHD4-17.IGHJ4.IGHM_IGLV1-44.IGLJ1.IGLC1;IGHV4-34..IGHJ4.IGHM_IGLV3-21.IGLJ2.IGLC2;IGHV4-39.IGHD2-15.IGHJ4.IGHM_IGLV3-21.IGLJ2.IGLC2;IGHV3-9.IGHD6-13.IGHJ6.IGHM_IGKV4-1.IGKJ1.IGKC;IGHV4-34.IGHD3-9.IGHJ4.IGHM_IGKV1-9.IGKJ5.IGKC;IGHV4-59..IGHJ5.IGHM_IGKV4-1.IGKJ1.IGKC;IGHV4-34..IGHJ4.IGHM_IGLV3-19.IGLJ2.IGLC2;IGHV1-46..IGHJ3.IGHM_IGKV4-1.IGKJ5.IGKC;IGHV3-11..IGHJ6.IGHM_IGKV1-39.IGKJ3.IGKC;IGHV4-34..IGHJ6.IGHM_IGKV3-20.IGKJ1.IGKC;IGHV4-34..IGHJ4.IGHM_IGLV3-19.IGLJ2.IGLC2;IGHV4-34..IGHJ6.IGHM_IGKV3-20.IGKJ1.IGKC;IGHV1-3..IGHJ5.IGHM_IGKV4-1.IGKJ2.IGKC;IGHV7-4-1..IGHJ6.IGHA1_IGKV4-1.IGKJ1.IGKC;IGHV4-34.IGHD3-10.IGHJ6.IGHM_IGLV1-44.IGLJ2.IGLC2;IGHV4-34.IGHD5-5.IGHJ5.IGHM_IGLV3-19.IGLJ2.IGLC2;IGHV4-34..IGHJ5.IGHM_IGKV1-39.IGKJ4.IGKC;IGHV1-18.IGHD4-17.IGHJ4.IGHM_IGKV4-1.IGKJ4.IGKC;IGHV4-34..IGHJ6.IGHM_IGKV1-27.IGKJ2.IGKC;IGHV6-1..IGHJ4.IGHM_IGKV4-1.IGKJ1.IGKC;IGHV4-34..IGHJ4.IGHM_IGKV3-15.IGKJ2.IGKC;IGHV1-2..IGHJ5.IGHM_IGKV4-1.IGKJ2.IGKC;IGHV4-34..IGHJ6.IGHM_IGLV7-43.IGLJ1.IGLC1;IGHV4-39..IGHJ3.IGHM_IGKV4-1.IGKJ4.IGKC;IGHV4-34..IGHJ4.IGHM_IGLV1-44.IGLJ1.IGLC1;IGHV4-34.IGHD3-22.IGHJ1.IGHM_IGKV1-33.IGKJ4.IGKC;IGHV4-34.IGHD2-15.IGHJ5.IGHM_IGKV1-8.IGKJ1.IGKC	0	NA
20	56	IGHV4-61..IGHJ6.IGHM_IGLV2-14.IGLJ3.IGLC3;IGHV3-33..IGHJ6.IGHM_IGLV2-14.IGLJ1.IGLC1;IGHV3-49..IGHJ3.IGHM_IGLV2-14.IGLJ2.IGLC2;IGHV3-7..IGHJ6.IGHA1_IGLV2-14.IGLJ1.IGLC1;IGHV3-11..IGHJ4.IGHM_IGLV1-36.IGLJ1.IGLC1;IGHV1-8..IGHJ4.IGHM_IGLV2-14.IGLJ2.IGLC2;IGHV1-3.IGHD3-10.IGHJ2.IGHM_IGLV2-14.IGLJ2.IGLC2;IGHV3-23.IGHD3-3.IGHJ6.IGHD_IGLV2-14.IGLJ2.IGLC2;IGHV3-11..IGHJ6.IGHM_IGLV2-14.IGLJ3.IGLC3;IGHV4-61.IGHD3-22.IGHJ4.IGHM_IGLV2-14.IGLJ1.IGLC1;IGHV4-39..IGHJ4.IGHM_IGLV2-14.IGLJ3.IGLC3;IGHV3-15.IGHD3-22.IGHJ4.IGHM_IGLV2-14.IGLJ1.IGLC1;IGHV2-5..IGHJ6.IGHG2_IGLV2-14.IGLJ1.IGLC1;IGHV3-30.IGHD3-10.IGHJ4.IGHM_IGLV2-14.IGLJ1.IGLC1;IGHV1-69D..IGHJ6.IGHM_IGLV2-14.IGLJ1.IGLC1;IGHV3-30..IGHJ2.IGHM_IGLV2-14.IGLJ2.IGLC3;IGHV4-39..IGHJ5.IGHM_IGLV2-14.IGLJ2.IGLC2;IGHV4-39..IGHJ6.IGHM_IGLV2-14.IGLJ2.IGLC2;IGHV4-34.IGHD6-19.IGHJ6.IGHM_IGLV2-14.IGLJ2.IGLC2;IGHV1-18.IGHD3-9.IGHJ4.IGHM_IGLV2-14.IGLJ2.IGLC2;IGHV3-30..IGHJ4.IGHM_IGLV2-14.IGLJ3.IGLC2;IGHV3-33.IGHD2-2.IGHJ6.IGHM_IGLV1-51.IGLJ2.IGLC2;IGHV2-70..IGHJ4.IGHM_IGLV2-14.IGLJ2.IGLC2;IGHV3-53..IGHJ6.IGHM_IGKV1-9.IGKJ2.IGKC;IGHV3-74.IGHD7-27.IGHJ4.IGHG1_IGLV2-14.IGLJ1.IGLC1;IGHV3-33.IGHD3-10.IGHJ6.IGHG1_IGLV2-14.IGLJ2.IGLC2;IGHV2-26.IGHD2-15.IGHJ6.IGHM_IGLV2-14.IGLJ2.IGLC2;IGHV3-21..IGHJ5.IGHG2_IGLV2-14.IGLJ3.IGLC3;IGHV4-61.IGHD2-15.IGHJ6.IGHM_IGLV2-14.IGLJ3.IGLC2;IGHV1-2..IGHJ4.IGHM_IGLV2-14.IGLJ2.IGLC3;IGHV3-33..IGHJ5.IGHM_IGLV2-14.IGLJ1.IGLC1;IGHV3-21.IGHD3-22.IGHJ4.IGHM_IGLV2-14.IGLJ2.IGLC2;IGHV4-31..IGHJ4.IGHM_IGLV2-14.IGLJ2.IGLC2;IGHV2-5..IGHJ4.IGHM_IGLV2-14.IGLJ2.IGLC3;IGHV4-31.IGHD3-9.IGHJ6.IGHM_IGLV2-14.IGLJ1.IGLC1;IGHV3-33..IGHJ6.IGHM_IGLV2-14.IGLJ1.IGLC1;IGHV4-39..IGHJ4.IGHM_IGKV3-20.IGKJ1.IGKC;IGHV3-66..IGHJ4.IGHM_IGLV2-14.IGLJ1.IGLC1;IGHV5-51..IGHJ4.IGHM_IGLV2-14.IGLJ3.IGLC3;IGHV3-33..IGHJ6.IGHA1_IGLV2-14.IGLJ2.IGLC2;IGHV3-9..IGHJ4.IGHM_IGLV2-14.IGLJ2.IGLC2;IGHV4-34..IGHJ6.IGHM_IGLV2-14.IGLJ1.IGLC1;IGHV3-11.IGHD3-22.IGHJ6.IGHM_IGLV2-14.IGLJ2.IGLC2;IGHV3-9.IGHD3-9.IGHJ6.IGHA1_IGLV2-14.IGLJ1.IGLC1;IGHV3-9..IGHJ4.IGHM_IGLV2-14.IGLJ2.IGLC2;IGHV4-39..IGHJ1.IGHM_IGLV2-14.IGLJ2.IGLC2;IGHV3-9..IGHJ6.IGHM_IGLV2-14.IGLJ1.IGLC1;IGHV4-30-4..IGHJ1.IGHM_IGLV2-14.IGLJ2.IGLC2;IGHV3-48..IGHJ6.IGHM_IGLV2-14.IGLJ2.IGLC2;IGHV1-46..IGHJ5.IGHM_IGLV2-8.IGLJ2.IGLC2;IGHV3-74..IGHJ4.IGHM_IGLV2-14.IGLJ2.IGLC2;IGHV3-33.IGHD4-17.IGHJ3.IGHG1_IGLV2-14.IGLJ1.IGLC1;IGHV1-69D.IGHD2-15.IGHJ5.IGHM_IGLV2-14.IGLJ3.IGLC2;IGHV3-23.IGHD1-20.IGHJ4.IGHM_IGLV2-14.IGLJ3.IGLC2;IGHV3-48..IGHJ5.IGHM_IGLV2-14.IGLJ3.IGLC3;IGHV3-9..IGHJ6.IGHA1_IGLV2-14.IGLJ1.IGLC1	18	68	IGHV4-39..IGHJ4.IGHA1_IGLV2-23.IGLJ3.IGLC2;IGHV4-39..IGHJ4.IGHM_IGLV1-44.IGLJ1.IGLC1;IGHV3-21..IGHJ6.IGHM_IGKV1-33.IGKJ3.IGKC;IGHV3-74.IGHD2-15.IGHJ6.IGHM_IGLV1-44.IGLJ1.IGLC1;IGHV3-21.IGHD3-22.IGHJ3.IGHM_IGLV3-25.IGLJ2.IGLC2;IGHV4-30-4..IGHJ5.IGHM_IGLV1-44.IGLJ2.IGLC2;IGHV3-21.IGHD3-3.IGHJ5.IGHM_IGKV1-27.IGKJ4.IGKC;IGHV3-21.IGHD4-17.IGHJ4.IGHM_IGLV1-44.IGLJ2.IGLC2;IGHV3-21..IGHJ6.IGHM_IGKV3-20.IGKJ2.IGKC;IGHV3-21..IGHJ6.IGHM_IGLV3-21.IGLJ1.IGLC1;IGHV3-21..IGHJ3.IGHM_IGKV1-39.IGKJ1.IGKC;IGHV2-26..IGHJ4.IGHM_IGLV1-51.IGLJ2.IGLC2;IGHV3-21.IGHD1-26.IGHJ4.IGHM_IGLV2-11.IGLJ3.IGLC3;IGHV3-21.IGHD6-13.IGHJ4.IGHM_IGLV1-51.IGLJ1.IGLC1;IGHV3-30..IGHJ5.IGHG1_IGLV1-44.IGLJ3.IGLC2;IGHV3-21..IGHJ5.IGHM_IGLV8-61.IGLJ2.IGLC2;IGHV4-59..IGHJ6.IGHM_IGLV1-44.IGLJ2.IGLC2;IGHV2-5..IGHJ4.IGHG1_IGLV1-44.IGLJ1.IGLC1;IGHV1-69D.IGHD2-2.IGHJ4.IGHA1_IGKV3-20.IGKJ2.IGKC;IGHV3-33.IGHD3-22.IGHJ4.IGHM_IGLV1-44.IGLJ3.IGLC2;IGHV3-11..IGHJ6.IGHA1_IGLV3-1.IGLJ2.IGLC2;IGHV3-21.IGHD1-20.IGHJ4.IGHD_IGKV1-8.IGKJ3.IGKC;IGHV3-21..IGHJ4.IGHM_IGLV3-25.IGLJ1.IGLC1;IGHV3-23.IGHD3-22.IGHJ4.IGHM_IGLV1-44.IGLJ3.IGLC3;IGHV1-8..IGHJ6.IGHG2_IGLV1-44.IGLJ1.IGLC1;IGHV3-21.IGHD5-12.IGHJ6.IGHM_IGLV1-40.IGLJ3.IGLC2;IGHV3-21..IGHJ6.IGHM_IGLV3-1.IGLJ2.IGLC2;IGHV3-21.IGHD3-10.IGHJ6.IGHM_IGLV2-23.IGLJ3.IGLC3;IGHV4-39.IGHD3-9.IGHJ4.IGHM_IGLV1-44.IGLJ1.IGLC1;IGHV1-18..IGHJ4.IGHM_IGLV1-44.IGLJ3.IGLC2;IGHV3-66..IGHJ6.IGHM_IGLV1-44.IGLJ3.IGLC3;IGHV3-21.IGHD3-22.IGHJ4.IGHM_IGKV1-12.IGKJ5.IGKC;IGHV2-5.IGHD2-2.IGHJ5.IGHM_IGLV1-44.IGLJ2.IGLC2;IGHV4-39.IGHD3-9.IGHJ4.IGHM_IGLV1-44.IGLJ1.IGLC1;IGHV6-1..IGHJ5.IGHA1_IGLV1-51.IGLJ3.IGLC2;IGHV4-59.IGHD3-10.IGHJ5.IGHM_IGLV1-44.IGLJ2.IGLC2;IGHV4-39.IGHD3-9.IGHJ2.IGHM_IGLV1-44.IGLJ2.IGLC2;IGHV1-18.IGHD4-17.IGHJ1.IGHM_IGLV1-44.IGLJ2.IGLC2;IGHV3-21..IGHJ4.IGHM_IGLV1-47.IGLJ2.IGLC2;IGHV3-21..IGHJ4.IGHG1_IGKV2D-29.IGKJ4.IGKC;IGHV4-61..IGHJ6.IGHM_IGLV1-44.IGLJ3.IGLC2;IGHV4-30-4.IGHD3-10.IGHJ4.IGHG2_IGLV1-44.IGLJ2.IGLC2;IGHV3-21..IGHJ4.IGHM_IGKV1-39.IGKJ3.IGKC;IGHV4-39..IGHJ4.IGHM_IGLV1-44.IGLJ2.IGLC2;IGHV3-21..IGHJ4.IGHM_IGKV1-8.IGKJ4.IGKC;IGHV1-69D..IGHJ4.IGHM_IGLV1-44.IGLJ1.IGLC1;IGHV3-21..IGHJ3.IGHA2_IGKV3-20.IGKJ1.IGKC;IGHV2-5..IGHJ4.IGHG1_IGLV1-44.IGLJ1.IGLC1;IGHV3-33.IGHD3-10.IGHJ4.IGHM_IGKV3-15.IGKJ1.IGKC;IGHV3-21.IGHD6-19.IGHJ5.IGHM_IGKV1-8.IGKJ2.IGKC;IGHV3-21.IGHD5-24.IGHJ4.IGHM_IGKV1-27.IGKJ3.IGKC;IGHV3-9..IGHJ4.IGHM_IGLV1-44.IGLJ3.IGLC3;IGHV3-21..IGHJ4.IGHM_IGKV1-8.IGKJ1.IGKC;IGHV3-21.IGHD5-5.IGHJ4.IGHM_IGLV1-44.IGLJ2.IGLC2;IGHV3-48..IGHJ6.IGHM_IGLV1-44.IGLJ1.IGLC1;IGHV3-21.IGHD2-2.IGHJ6.IGHM_IGKV2-28.IGKJ2.IGKC;IGHV3-21..IGHJ4.IGHM_IGLV6-57.IGLJ3.IGLC2;IGHV4-30-4.IGHD3-10.IGHJ5.IGHM_IGLV1-44.IGLJ3.IGLC3;IGHV3-21..IGHJ4.IGHM_IGKV3-15.IGKJ2.IGKC;IGHV3-21..IGHJ4.IGHM_IGKV3-15.IGKJ4.IGKC;IGHV3-21..IGHJ4.IGHM_IGKV1-33.IGKJ2.IGKC;IGHV5-51..IGHJ5.IGHA2_IGKV1-5.IGKJ1.IGKC;IGHV3-21..IGHJ4.IGHM_IGLV6-57.IGLJ3.IGLC3;IGHV3-21..IGHJ5.IGHM_IGKV1-5.IGKJ1.IGKC;IGHV3-7..IGHJ4.IGHM_IGLV1-47.IGLJ3.IGLC3;IGHV4-59..IGHJ3.IGHA1_IGLV1-44.IGLJ1.IGLC1;IGHV3-21.IGHD2-15.IGHJ4.IGHM_IGKV1-27.IGKJ1.IGKC;IGHV3-30..IGHJ6.IGHA1_IGLV1-44.IGLJ2.IGLC2	0	NA
20	56	IGHV4-61..IGHJ6.IGHM_IGLV2-14.IGLJ3.IGLC3;IGHV3-33..IGHJ6.IGHM_IGLV2-14.IGLJ1.IGLC1;IGHV3-49..IGHJ3.IGHM_IGLV2-14.IGLJ2.IGLC2;IGHV3-7..IGHJ6.IGHA1_IGLV2-14.IGLJ1.IGLC1;IGHV3-11..IGHJ4.IGHM_IGLV1-36.IGLJ1.IGLC1;IGHV1-8..IGHJ4.IGHM_IGLV2-14.IGLJ2.IGLC2;IGHV1-3.IGHD3-10.IGHJ2.IGHM_IGLV2-14.IGLJ2.IGLC2;IGHV3-23.IGHD3-3.IGHJ6.IGHD_IGLV2-14.IGLJ2.IGLC2;IGHV3-11..IGHJ6.IGHM_IGLV2-14.IGLJ3.IGLC3;IGHV4-61.IGHD3-22.IGHJ4.IGHM_IGLV2-14.IGLJ1.IGLC1;IGHV4-39..IGHJ4.IGHM_IGLV2-14.IGLJ3.IGLC3;IGHV3-15.IGHD3-22.IGHJ4.IGHM_IGLV2-14.IGLJ1.IGLC1;IGHV2-5..IGHJ6.IGHG2_IGLV2-14.IGLJ1.IGLC1;IGHV3-30.IGHD3-10.IGHJ4.IGHM_IGLV2-14.IGLJ1.IGLC1;IGHV1-69D..IGHJ6.IGHM_IGLV2-14.IGLJ1.IGLC1;IGHV3-30..IGHJ2.IGHM_IGLV2-14.IGLJ2.IGLC3;IGHV4-39..IGHJ5.IGHM_IGLV2-14.IGLJ2.IGLC2;IGHV4-39..IGHJ6.IGHM_IGLV2-14.IGLJ2.IGLC2;IGHV4-34.IGHD6-19.IGHJ6.IGHM_IGLV2-14.IGLJ2.IGLC2;IGHV1-18.IGHD3-9.IGHJ4.IGHM_IGLV2-14.IGLJ2.IGLC2;IGHV3-30..IGHJ4.IGHM_IGLV2-14.IGLJ3.IGLC2;IGHV3-33.IGHD2-2.IGHJ6.IGHM_IGLV1-51.IGLJ2.IGLC2;IGHV2-70..IGHJ4.IGHM_IGLV2-14.IGLJ2.IGLC2;IGHV3-53..IGHJ6.IGHM_IGKV1-9.IGKJ2.IGKC;IGHV3-74.IGHD7-27.IGHJ4.IGHG1_IGLV2-14.IGLJ1.IGLC1;IGHV3-33.IGHD3-10.IGHJ6.IGHG1_IGLV2-14.IGLJ2.IGLC2;IGHV2-26.IGHD2-15.IGHJ6.IGHM_IGLV2-14.IGLJ2.IGLC2;IGHV3-21..IGHJ5.IGHG2_IGLV2-14.IGLJ3.IGLC3;IGHV4-61.IGHD2-15.IGHJ6.IGHM_IGLV2-14.IGLJ3.IGLC2;IGHV1-2..IGHJ4.IGHM_IGLV2-14.IGLJ2.IGLC3;IGHV3-33..IGHJ5.IGHM_IGLV2-14.IGLJ1.IGLC1;IGHV3-21.IGHD3-22.IGHJ4.IGHM_IGLV2-14.IGLJ2.IGLC2;IGHV4-31..IGHJ4.IGHM_IGLV2-14.IGLJ2.IGLC2;IGHV2-5..IGHJ4.IGHM_IGLV2-14.IGLJ2.IGLC3;IGHV4-31.IGHD3-9.IGHJ6.IGHM_IGLV2-14.IGLJ1.IGLC1;IGHV3-33..IGHJ6.IGHM_IGLV2-14.IGLJ1.IGLC1;IGHV4-39..IGHJ4.IGHM_IGKV3-20.IGKJ1.IGKC;IGHV3-66..IGHJ4.IGHM_IGLV2-14.IGLJ1.IGLC1;IGHV5-51..IGHJ4.IGHM_IGLV2-14.IGLJ3.IGLC3;IGHV3-33..IGHJ6.IGHA1_IGLV2-14.IGLJ2.IGLC2;IGHV3-9..IGHJ4.IGHM_IGLV2-14.IGLJ2.IGLC2;IGHV4-34..IGHJ6.IGHM_IGLV2-14.IGLJ1.IGLC1;IGHV3-11.IGHD3-22.IGHJ6.IGHM_IGLV2-14.IGLJ2.IGLC2;IGHV3-9.IGHD3-9.IGHJ6.IGHA1_IGLV2-14.IGLJ1.IGLC1;IGHV3-9..IGHJ4.IGHM_IGLV2-14.IGLJ2.IGLC2;IGHV4-39..IGHJ1.IGHM_IGLV2-14.IGLJ2.IGLC2;IGHV3-9..IGHJ6.IGHM_IGLV2-14.IGLJ1.IGLC1;IGHV4-30-4..IGHJ1.IGHM_IGLV2-14.IGLJ2.IGLC2;IGHV3-48..IGHJ6.IGHM_IGLV2-14.IGLJ2.IGLC2;IGHV1-46..IGHJ5.IGHM_IGLV2-8.IGLJ2.IGLC2;IGHV3-74..IGHJ4.IGHM_IGLV2-14.IGLJ2.IGLC2;IGHV3-33.IGHD4-17.IGHJ3.IGHG1_IGLV2-14.IGLJ1.IGLC1;IGHV1-69D.IGHD2-15.IGHJ5.IGHM_IGLV2-14.IGLJ3.IGLC2;IGHV3-23.IGHD1-20.IGHJ4.IGHM_IGLV2-14.IGLJ3.IGLC2;IGHV3-48..IGHJ5.IGHM_IGLV2-14.IGLJ3.IGLC3;IGHV3-9..IGHJ6.IGHA1_IGLV2-14.IGLJ1.IGLC1	19	62	IGHV3-23.IGHD2-15.IGHJ3.IGHD_IGLV2-23.IGLJ1.IGLC1;IGHV3-23..IGHJ4.IGHM_IGKV3-15.IGKJ1.IGKC;IGHV3-23..IGHJ4.IGHM_IGKV2-30.IGKJ4.IGKC;IGHV3-23..IGHJ3.IGHM_IGLV1-44.IGLJ3.IGLC3;IGHV3-23..IGHJ2.IGHM_IGKV3D-15.IGKJ2.IGKC;IGHV3-23..IGHJ4.IGHM_IGLV3-21.IGLJ2.IGLC2;IGHV3-23..IGHJ3.IGHM_IGKV1-12.IGKJ2.IGKC;IGHV3-23.IGHD3-9.IGHJ4.IGHM_IGKV1-39.IGKJ1.IGKC;IGHV3-23..IGHJ4.IGHM_IGKV1-39.IGKJ2.IGKC;IGHV3-23..IGHJ4.IGHM_IGKV2-28.IGKJ2.IGKC;IGHV3-23.IGHD3-3.IGHJ6.IGHM_IGKV2-28.IGKJ1.IGKC;IGHV3-23..IGHJ3.IGHM_IGKV2-30.IGKJ2.IGKC;IGHV3-7..IGHJ4.IGHM_IGKV2-30.IGKJ1.IGKC;IGHV3-23..IGHJ2.IGHM_IGKV3-11.IGKJ4.IGKC;IGHV3-23..IGHJ5.IGHM_IGLV3-25.IGLJ2.IGLC2;IGHV3-23..IGHJ4.IGHM_IGKV3-20.IGKJ1.IGKC;IGHV3-23..IGHJ5.IGHM_IGKV1-8.IGKJ1.IGKC;IGHV3-23.IGHD3-22.IGHJ4.IGHM_IGLV3-21.IGLJ2.IGLC2;IGHV3-23..IGHJ4.IGHG2_IGLV1-47.IGLJ3.IGLC3;IGHV3-23..IGHJ4.IGHM_IGKV1-39.IGKJ1.IGKC;IGHV4-30-4..IGHJ4.IGHM_IGLV3-19.IGLJ2.IGLC2;IGHV3-23.IGHD2-15.IGHJ3.IGHM_IGKV1-39.IGKJ4.IGKC;IGHV3-23.IGHD3-22.IGHJ4.IGHM_IGLV3-1.IGLJ1.IGLC1;IGHV3-23..IGHJ4.IGHM_IGKV1-39.IGKJ2.IGKC;IGHV3-23..IGHJ3.IGHM_IGKV1-5.IGKJ1.IGKC;IGHV3-23..IGHJ5.IGHM_IGKV1-39.IGKJ2.IGKC;IGHV3-23.IGHD2-21.IGHJ6.IGHM_IGKV1-12.IGKJ2.IGKC;IGHV3-23..IGHJ4.IGHM_IGKV2-24.IGKJ2.IGKC;IGHV3-23.IGHD3-10.IGHJ3.IGHM_IGKV1-9.IGKJ3.IGKC;IGHV3-23..IGHJ4.IGHM_IGKV1-9.IGKJ5.IGKC;IGHV3-23.IGHD1-26.IGHJ4.IGHM_IGLV3-21.IGLJ3.IGLC3;IGHV3-23..IGHJ5.IGHM_IGKV1-16.IGKJ1.IGKC;IGHV3-23..IGHJ4.IGHM_IGKV1-33.IGKJ5.IGKC;IGHV3-23.IGHD6-13.IGHJ2.IGHM_IGKV3-11.IGKJ4.IGKC;IGHV3-23..IGHJ6.IGHD_IGKV1-5.IGKJ2.IGKC;IGHV3-23.IGHD6-19.IGHJ6.IGHM_IGKV3-15.IGKJ3.IGKC;IGHV3-23.IGHD6-19.IGHJ6.IGHM_IGLV3-21.IGLJ2.IGLC2;IGHV3-23.IGHD3-3.IGHJ4.IGHM_IGKV1-9.IGKJ4.IGKC;IGHV3-23.IGHD2-21.IGHJ4.IGHM_IGKV3-20.IGKJ4.IGKC;IGHV3-23..IGHJ4.IGHM_IGLV3-25.IGLJ3.IGLC2;IGHV3-23.IGHD2-15.IGHJ6.IGHM_IGKV2-28.IGKJ4.IGKC;IGHV3-23..IGHJ4.IGHM_IGLV3-1.IGLJ2.IGLC2;IGHV3-23.IGHD3-22.IGHJ3.IGHM_IGKV1-8.IGKJ1.IGKC;IGHV3-23.IGHD2-2.IGHJ4.IGHM_IGLV2-8.IGLJ1.IGLC1;IGHV3-23.IGHD3-16.IGHJ5.IGHM_IGKV1-27.IGKJ1.IGKC;IGHV3-23.IGHD1-7.IGHJ4.IGHM_IGKV3-20.IGKJ1.IGKC;IGHV3-23..IGHJ4.IGHM_IGLV2-11.IGLJ2.IGLC2;IGHV3-23.IGHD3-10.IGHJ2.IGHM_IGKV1-8.IGKJ4.IGKC;IGHV3-23..IGHJ4.IGHM_IGKV3-15.IGKJ4.IGKC;IGHV3-23..IGHJ3.IGHM_IGKV1-39.IGKJ4.IGKC;IGHV3-23.IGHD3-10.IGHJ4.IGHM_IGKV3-15.IGKJ2.IGKC;IGHV3-23..IGHJ3.IGHM_IGKV1-9.IGKJ3.IGKC;IGHV3-23.IGHD3-10.IGHJ4.IGHM_IGKV3D-15.IGKJ2.IGKC;IGHV3-23..IGHJ3.IGHM_IGKV1-33.IGKJ3.IGKC;IGHV3-23..IGHJ4.IGHM_IGKV1-33.IGKJ1.IGKC;IGHV3-23..IGHJ1.IGHM_IGKV2-28.IGKJ1.IGKC;IGHV3-23..IGHJ4.IGHM_IGKV1D-8.IGKJ2.IGKC;IGHV3-23..IGHJ6.IGHM_IGKV3-15.IGKJ4.IGKC;IGHV3-23..IGHJ3.IGHM_IGKV1-5.IGKJ4.IGKC;IGHV3-23..IGHJ6.IGHM_IGLV8-61.IGLJ2.IGLC2;IGHV3-23..IGHJ4.IGHM_IGKV1-39.IGKJ2.IGKC;IGHV3-23..IGHJ6.IGHM_IGKV1-5.IGKJ2.IGKC	0	NA
20	56	IGHV4-61..IGHJ6.IGHM_IGLV2-14.IGLJ3.IGLC3;IGHV3-33..IGHJ6.IGHM_IGLV2-14.IGLJ1.IGLC1;IGHV3-49..IGHJ3.IGHM_IGLV2-14.IGLJ2.IGLC2;IGHV3-7..IGHJ6.IGHA1_IGLV2-14.IGLJ1.IGLC1;IGHV3-11..IGHJ4.IGHM_IGLV1-36.IGLJ1.IGLC1;IGHV1-8..IGHJ4.IGHM_IGLV2-14.IGLJ2.IGLC2;IGHV1-3.IGHD3-10.IGHJ2.IGHM_IGLV2-14.IGLJ2.IGLC2;IGHV3-23.IGHD3-3.IGHJ6.IGHD_IGLV2-14.IGLJ2.IGLC2;IGHV3-11..IGHJ6.IGHM_IGLV2-14.IGLJ3.IGLC3;IGHV4-61.IGHD3-22.IGHJ4.IGHM_IGLV2-14.IGLJ1.IGLC1;IGHV4-39..IGHJ4.IGHM_IGLV2-14.IGLJ3.IGLC3;IGHV3-15.IGHD3-22.IGHJ4.IGHM_IGLV2-14.IGLJ1.IGLC1;IGHV2-5..IGHJ6.IGHG2_IGLV2-14.IGLJ1.IGLC1;IGHV3-30.IGHD3-10.IGHJ4.IGHM_IGLV2-14.IGLJ1.IGLC1;IGHV1-69D..IGHJ6.IGHM_IGLV2-14.IGLJ1.IGLC1;IGHV3-30..IGHJ2.IGHM_IGLV2-14.IGLJ2.IGLC3;IGHV4-39..IGHJ5.IGHM_IGLV2-14.IGLJ2.IGLC2;IGHV4-39..IGHJ6.IGHM_IGLV2-14.IGLJ2.IGLC2;IGHV4-34.IGHD6-19.IGHJ6.IGHM_IGLV2-14.IGLJ2.IGLC2;IGHV1-18.IGHD3-9.IGHJ4.IGHM_IGLV2-14.IGLJ2.IGLC2;IGHV3-30..IGHJ4.IGHM_IGLV2-14.IGLJ3.IGLC2;IGHV3-33.IGHD2-2.IGHJ6.IGHM_IGLV1-51.IGLJ2.IGLC2;IGHV2-70..IGHJ4.IGHM_IGLV2-14.IGLJ2.IGLC2;IGHV3-53..IGHJ6.IGHM_IGKV1-9.IGKJ2.IGKC;IGHV3-74.IGHD7-27.IGHJ4.IGHG1_IGLV2-14.IGLJ1.IGLC1;IGHV3-33.IGHD3-10.IGHJ6.IGHG1_IGLV2-14.IGLJ2.IGLC2;IGHV2-26.IGHD2-15.IGHJ6.IGHM_IGLV2-14.IGLJ2.IGLC2;IGHV3-21..IGHJ5.IGHG2_IGLV2-14.IGLJ3.IGLC3;IGHV4-61.IGHD2-15.IGHJ6.IGHM_IGLV2-14.IGLJ3.IGLC2;IGHV1-2..IGHJ4.IGHM_IGLV2-14.IGLJ2.IGLC3;IGHV3-33..IGHJ5.IGHM_IGLV2-14.IGLJ1.IGLC1;IGHV3-21.IGHD3-22.IGHJ4.IGHM_IGLV2-14.IGLJ2.IGLC2;IGHV4-31..IGHJ4.IGHM_IGLV2-14.IGLJ2.IGLC2;IGHV2-5..IGHJ4.IGHM_IGLV2-14.IGLJ2.IGLC3;IGHV4-31.IGHD3-9.IGHJ6.IGHM_IGLV2-14.IGLJ1.IGLC1;IGHV3-33..IGHJ6.IGHM_IGLV2-14.IGLJ1.IGLC1;IGHV4-39..IGHJ4.IGHM_IGKV3-20.IGKJ1.IGKC;IGHV3-66..IGHJ4.IGHM_IGLV2-14.IGLJ1.IGLC1;IGHV5-51..IGHJ4.IGHM_IGLV2-14.IGLJ3.IGLC3;IGHV3-33..IGHJ6.IGHA1_IGLV2-14.IGLJ2.IGLC2;IGHV3-9..IGHJ4.IGHM_IGLV2-14.IGLJ2.IGLC2;IGHV4-34..IGHJ6.IGHM_IGLV2-14.IGLJ1.IGLC1;IGHV3-11.IGHD3-22.IGHJ6.IGHM_IGLV2-14.IGLJ2.IGLC2;IGHV3-9.IGHD3-9.IGHJ6.IGHA1_IGLV2-14.IGLJ1.IGLC1;IGHV3-9..IGHJ4.IGHM_IGLV2-14.IGLJ2.IGLC2;IGHV4-39..IGHJ1.IGHM_IGLV2-14.IGLJ2.IGLC2;IGHV3-9..IGHJ6.IGHM_IGLV2-14.IGLJ1.IGLC1;IGHV4-30-4..IGHJ1.IGHM_IGLV2-14.IGLJ2.IGLC2;IGHV3-48..IGHJ6.IGHM_IGLV2-14.IGLJ2.IGLC2;IGHV1-46..IGHJ5.IGHM_IGLV2-8.IGLJ2.IGLC2;IGHV3-74..IGHJ4.IGHM_IGLV2-14.IGLJ2.IGLC2;IGHV3-33.IGHD4-17.IGHJ3.IGHG1_IGLV2-14.IGLJ1.IGLC1;IGHV1-69D.IGHD2-15.IGHJ5.IGHM_IGLV2-14.IGLJ3.IGLC2;IGHV3-23.IGHD1-20.IGHJ4.IGHM_IGLV2-14.IGLJ3.IGLC2;IGHV3-48..IGHJ5.IGHM_IGLV2-14.IGLJ3.IGLC3;IGHV3-9..IGHJ6.IGHA1_IGLV2-14.IGLJ1.IGLC1	22	1	IGHV4-59.IGHD3-22.IGHJ3.IGHM_IGKV1-33.IGKJ3.IGKC	0	NA
22	1	IGHV4-59.IGHD3-22.IGHJ3.IGHM_IGKV1-33.IGKJ3.IGKC	0	3	IGHV1-2..IGHJ6.IGHM_IGKV4-1.IGKJ4.IGKC;IGHV4-61.IGHD3-22.IGHJ2.IGHM_IGLV2-8.IGLJ1.IGLC1;NA_IGKV1-12.IGKJ4.IGKC	0	NA
22	1	IGHV4-59.IGHD3-22.IGHJ3.IGHM_IGKV1-33.IGKJ3.IGKC	2	1	IGHV3-48..IGHJ4.IGHM_IGKV3-20.IGKJ1.IGKC	0	NA
22	1	IGHV4-59.IGHD3-22.IGHJ3.IGHM_IGKV1-33.IGKJ3.IGKC	4	454	NA_IGKV1-8.IGKJ4.IGKC;IGHV1-69D.IGHD3-22.IGHJ3.IGHM_IGKV1-8.IGKJ1.IGKC;IGHV1-2..IGHJ3.IGHM_IGLV5-45.IGLJ3.IGLC3;IGHV5-51..IGHJ3.IGHM_IGKV1D-8.IGKJ2.IGKC;IGHV4-39..IGHJ3.IGHM_IGLV3-21.IGLJ2.IGLC2;IGHV3-33..IGHJ4.IGHM_IGKV2-28.IGKJ2.IGKC;IGHV3-15..IGHJ4.IGHM_IGLV6-57.IGLJ2.IGLC2;IGHV1-2..IGHJ6.IGHM_IGKV1-27.IGKJ3.IGKC;IGHV2-5.IGHD3-9.IGHJ3.IGHM_IGKV1-5.IGKJ1.IGKC;IGHV3-7..IGHJ4.IGHM_IGKV1-39.IGKJ2.IGKC;IGHV1-8..IGHJ3.IGHM_IGKV3-20.IGKJ1.IGKC;IGHV3-9..IGHJ4.IGHM_IGKV3-20.IGKJ2.IGKC;IGHV4-59..IGHJ6.IGHM_IGKV3-20.IGKJ3.IGKC;IGHV4-31.IGHD2-8.IGHJ6.IGHM_IGLV1-47.IGLJ3.IGLC3;IGHV3-30.IGHD5-5.IGHJ4.IGHM_IGLV4-69.IGLJ3.IGLC3;IGHV2-26..IGHJ4.IGHM_IGKV1-5.IGKJ1.IGKC;IGHV3-33..IGHJ4.IGHG1_IGLV6-57.IGLJ3.IGLC3;IGHV5-51.IGHD3-9.IGHJ4.IGHM_IGKV3-20.IGKJ1.IGKC;IGHV2-5..IGHJ4.IGHM_IGKV2-30.IGKJ1.IGKC;IGHV3-74.IGHD3-22.IGHJ6.IGHD_IGKV1-9.IGKJ3.IGKC;IGHV3-33.IGHD4-17.IGHJ4.IGHM_IGKV3-15.IGKJ1.IGKC;IGHV4-39..IGHJ4.IGHM_IGLV1-40.IGLJ1.IGLC1;IGHV3-49..IGHJ6.IGHM_IGKV1D-8.IGKJ1.IGKC;IGHV3-30.IGHD3-22.IGHJ4.IGHM_IGLV3-25.IGLJ2.IGLC2;IGHV1-24.IGHD2-2.IGHJ6.IGHM_IGKV3-20.IGKJ4.IGKC;IGHV3-30..IGHJ4.IGHM_IGLV1-47.IGLJ2.IGLC2;IGHV3-43..IGHJ4.IGHM_IGLV1-51.IGLJ2.IGLC2;IGHV4-59..IGHJ4.IGHM_IGKV3-15.IGKJ3.IGKC;IGHV4-30-4..IGHJ3.IGHG2_IGKV1-39.IGKJ2.IGKC;IGHV3-7..IGHJ4.IGHM_IGKV1-39.IGKJ2.IGKC;IGHV4-59..IGHJ5.IGHM_IGKV1-12.IGKJ5.IGKC;IGHV1-69D.IGHD3-22.IGHJ4.IGHM_IGKV3-20.IGKJ1.IGKC;IGHV3-30..IGHJ4.IGHM_IGKV3-15.IGKJ1.IGKC;IGHV3-48.IGHD3-16.IGHJ6.IGHM_IGLV2-8.IGLJ1.IGLC1;IGHV1-8.IGHD3-22.IGHJ3.IGHM_IGKV2-28.IGKJ4.IGKC;IGHV3-30..IGHJ4.IGHM_IGKV1-39.IGKJ4.IGKC;IGHV3-11..IGHJ4.IGHM_IGLV1-40.IGLJ1.IGLC1;IGHV3-33..IGHJ4.IGHM_IGKV1-12.IGKJ5.IGKC;IGHV4-61..IGHJ4.IGHG1_IGKV1-39.IGKJ2.IGKC;IGHV1-69D.IGHD2-2.IGHJ5.IGHM_IGLV1-51.IGLJ3.IGLC3;IGHV3-7..IGHJ3.IGHM_IGLV3-1.IGLJ2.IGLC2;IGHV1-69D..IGHJ5.IGHM_IGLV1-40.IGLJ2.IGLC2;IGHV3-11..IGHJ4.IGHM_IGKV1-5.IGKJ1.IGKC;IGHV4-61..IGHJ5.IGHM_IGKV2-30.IGKJ4.IGKC;IGHV3-33..IGHJ6.IGHM_IGKV3-20.IGKJ1.IGKC;IGHV4-61.IGHD3-22.IGHJ4.IGHM_IGKV1-39.IGKJ4.IGKC;IGHV1-8.IGHD6-19.IGHJ4.IGHM_IGLV1-40.IGLJ2.IGLC2;IGHV3-33.IGHD4-4.IGHJ6.IGHM_IGKV1-39.IGKJ2.IGKC;IGHV3-7..IGHJ4.IGHM_IGLV3-21.IGLJ1.IGLC1;IGHV3-7.IGHD6-13.IGHJ4.IGHM_IGKV1-39.IGKJ2.IGKC;IGHV3-13.IGHD2-2.IGHJ6.IGHM_IGLV3-21.IGLJ3.IGLC2;IGHV5-51.IGHD3-22.IGHJ6.IGHM_IGKV3-15.IGKJ1.IGKC;IGHV3-7..IGHJ4.IGHM_IGKV2-28.IGKJ4.IGKC;IGHV1-18..IGHJ4.IGHM_IGKV3-20.IGKJ3.IGKC;IGHV3-7..IGHJ6.IGHM_IGLV3-19.IGLJ1.IGLC1;IGHV7-4-1.IGHD3-10.IGHJ4.IGHM_IGLV2-11.IGLJ2.IGLC2;IGHV5-51.IGHD3-9.IGHJ6.IGHM_IGLV1-40.IGLJ2.IGLC2;IGHV2-5.IGHD6-19.IGHJ5.IGHM_IGLV6-57.IGLJ2.IGLC2;IGHV4-59..IGHJ4.IGHM_IGKV1-39.IGKJ3.IGKC;IGHV1-69D..IGHJ6.IGHM_IGLV1-51.IGLJ1.IGLC1;IGHV4-39..IGHJ6.IGHM_IGKV1-12.IGKJ4.IGKC;IGHV4-61..IGHJ6.IGHM_IGLV1-40.IGLJ1.IGLC1;IGHV3-30..IGHJ3.IGHA1_IGKV1-9.IGKJ5.IGKC;IGHV3-30.IGHD3-10.IGHJ6.IGHM_IGKV3-15.IGKJ1.IGKC;IGHV3-15..IGHJ6.IGHM_IGLV2-8.IGLJ3.IGLC3;IGHV1-69D..IGHJ5.IGHM_IGKV3-15.IGKJ4.IGKC;IGHV6-1..IGHJ4.IGHM_IGKV1-33.IGKJ2.IGKC;IGHV3-33..IGHJ1.IGHM_IGKV3-15.IGKJ1.IGKC;IGHV1-2..IGHJ4.IGHM_IGKV3-20.IGKJ2.IGKC;IGHV3-49.IGHD5-24.IGHJ4.IGHM_IGLV3-21.IGLJ2.IGLC2;IGHV7-4-1..IGHJ4.IGHM_IGKV3-20.IGKJ1.IGKC;IGHV3-74..IGHJ5.IGHM_IGKV1-39.IGKJ1.IGKC;IGHV2-26.IGHD4-17.IGHJ6.IGHM_IGKV3-20.IGKJ5.IGKC;IGHV3-74..IGHJ4.IGHM_IGLV2-23.IGLJ1.IGLC1;IGHV3-15.IGHD3-9.IGHJ6.IGHD_IGLV7-46.IGLJ3.IGLC3;IGHV1-18..IGHJ4.IGHM_IGKV2-28.IGKJ1.IGKC;IGHV3-33..IGHJ4.IGHM_IGKV2-28.IGKJ4.IGKC;IGHV1-46.IGHD2-2.IGHJ4.IGHM_IGKV3D-15.IGKJ4.IGKC;IGHV4-59..IGHJ6.IGHM_IGLV1-40.IGLJ2.IGLC2;IGHV3-33..IGHJ4.IGHM_IGLV2-14.IGLJ2.IGLC2;IGHV5-51..IGHJ4.IGHM_IGLV1-40.IGLJ2.IGLC2;IGHV3-53..IGHJ4.IGHM_IGLV3-1.IGLJ1.IGLC1;IGHV3-53.IGHD5-24.IGHJ4.IGHM_IGKV3-15.IGKJ1.IGKC;IGHV3-9.IGHD4-23.IGHJ4.IGHM_IGKV3D-20.IGKJ4.IGKC;IGHV3-30..IGHJ4.IGHA1_IGLV6-57.IGLJ2.IGLC2;IGHV4-59.IGHD2-2.IGHJ6.IGHM_IGKV1-39.IGKJ1.IGKC;IGHV4-61.IGHD2-15.IGHJ6.IGHM_IGKV1-17.IGKJ1.IGKC;IGHV3-9..IGHJ3.IGHM_IGLV1-40.IGLJ3.IGLC3;IGHV5-51.IGHD5-5.IGHJ6.IGHM_IGKV1-16.IGKJ1.IGKC;IGHV3-9..IGHJ6.IGHM_IGKV1-39.IGKJ2.IGKC;IGHV1-24..IGHJ4.IGHG1_IGKV1-39.IGKJ1.IGKC;IGHV3-11..IGHJ4.IGHM_IGLV3-25.IGLJ2.IGLC2;IGHV4-39.IGHD2-2.IGHJ2.IGHM_IGLV4-69.IGLJ2.IGLC2;IGHV3-48..IGHJ5.IGHM_IGKV3-15.IGKJ4.IGKC;IGHV3-9..IGHJ4.IGHG1_IGKV3-20.IGKJ1.IGKC;IGHV1-69D..IGHJ6.IGHM_IGLV1-40.IGLJ1.IGLC1;IGHV4-59..IGHJ5.IGHM_IGLV6-57.IGLJ3.IGLC3;IGHV3-21.IGHD6-13.IGHJ5.IGHM_IGKV1-39.IGKJ2.IGKC;IGHV3-53..IGHJ3.IGHM_IGKV1-27.IGKJ3.IGKC;IGHV3-48.IGHD3-22.IGHJ3.IGHM_IGLV1-40.IGLJ2.IGLC2;IGHV5-51.IGHD1-26.IGHJ3.IGHM_IGLV1-47.IGLJ3.IGLC2;IGHV4-59.IGHD4-17.IGHJ4.IGHM_IGLV3-25.IGLJ2.IGLC2;IGHV1-2..IGHJ6.IGHM_IGKV1-39.IGKJ2.IGKC;IGHV3-43..IGHJ6.IGHM_IGLV3-1.IGLJ2.IGLC2;IGHV3-48..IGHJ6.IGHM_IGKV3-20.IGKJ2.IGKC;IGHV3-21..IGHJ6.IGHM_IGKV1-5.IGKJ1.IGKC;IGHV3-11..IGHJ4.IGHM_IGKV1-6.IGKJ1.IGKC;IGHV3-9..IGHJ4.IGHM_IGKV3-20.IGKJ5.IGKC;IGHV4-34..IGHJ3.IGHG3_IGKV3-15.IGKJ1.IGKC;IGHV3-21..IGHJ6.IGHM_IGKV1-12.IGKJ4.IGKC;IGHV4-30-4..IGHJ6.IGHM_IGKV2-28.IGKJ3.IGKC;IGHV4-39..IGHJ4.IGHA1_IGKV1-16.IGKJ3.IGKC;IGHV4-39..IGHJ1.IGHG3_IGKV1-39.IGKJ3.IGKC;IGHV4-59..IGHJ4.IGHM_IGLV4-69.IGLJ3.IGLC2;IGHV4-39.IGHD3-10.IGHJ4.IGHM_IGLV8-61.IGLJ3.IGLC2;IGHV2-5.IGHD3-9.IGHJ5.IGHM_IGLV1-40.IGLJ2.IGLC2;IGHV3-53..IGHJ4.IGHM_IGKV1-39.IGKJ5.IGKC;IGHV3-53.IGHD2-15.IGHJ6.IGHM_IGKV3-20.IGKJ5.IGKC;IGHV1-8..IGHJ4.IGHM_IGKV3-20.IGKJ2.IGKC;IGHV1-69D..IGHJ6.IGHM_IGKV3-15.IGKJ2.IGKC;IGHV4-61..IGHJ6.IGHM_IGKV1-8.IGKJ3.IGKC;IGHV4-61..IGHJ5.IGHM_IGKV3-20.IGKJ1.IGKC;IGHV3-48.IGHD5-5.IGHJ4.IGHM_IGLV3-25.IGLJ3.IGLC3;IGHV3-7..IGHJ4.IGHM_IGLV4-69.IGLJ2.IGLC2;IGHV4-30-4.IGHD3-10.IGHJ5.IGHM_IGLV3-9.IGLJ2.IGLC2;IGHV3-30..IGHJ4.IGHM_IGKV3-20.IGKJ1.IGKC;IGHV4-30-4..IGHJ5.IGHA1_IGLV1-51.IGLJ2.IGLC2;IGHV1-3..IGHJ4.IGHM_IGKV1-33.IGKJ4.IGKC;IGHV2-5..IGHJ4.IGHM_IGKV1D-8.IGKJ1.IGKC;IGHV4-39..IGHJ4.IGHM_IGLV1-47.IGLJ2.IGLC2;IGHV1-69D.IGHD3-22.IGHJ4.IGHM_IGKV3-11.IGKJ4.IGKC;IGHV3-49..IGHJ4.IGHA1_IGLV2-23.IGLJ1.IGLC1;IGHV5-51..IGHJ5.IGHM_NA;IGHV5-51..IGHJ4.IGHM_IGLV3-19.IGLJ2.IGLC2;IGHV1-8.IGHD6-13.IGHJ6.IGHM_IGLV1-40.IGLJ2.IGLC2;IGHV1-18.IGHD6-13.IGHJ5.IGHM_IGLV7-46.IGLJ1.IGLC1;IGHV3-33..IGHJ4.IGHA1_IGLV1-51.IGLJ2.IGLC2;IGHV3-48..IGHJ3.IGHM_IGLV3-25.IGLJ3.IGLC3;IGHV3-33..IGHJ6.IGHM_IGKV1-33.IGKJ5.IGKC;IGHV3-15..IGHJ4.IGHM_IGLV3-1.IGLJ1.IGLC1;IGHV2-26..IGHJ3.IGHM_IGKV3-20.IGKJ1.IGKC;IGHV4-59.IGHD3-22.IGHJ4.IGHM_IGKV1-33.IGKJ3.IGKC;IGHV3-30.IGHD3-3.IGHJ3.IGHM_IGKV1-39.IGKJ2.IGKC;IGHV4-59..IGHJ6.IGHM_IGKV1-5.IGKJ4.IGKC;IGHV3-7..IGHJ6.IGHM_IGKV1-39.IGKJ2.IGKC;IGHV3-53.IGHD3-22.IGHJ3.IGHM_IGKV1-39.IGKJ2.IGKC;IGHV3-7..IGHJ5.IGHM_IGLV3-9.IGLJ2.IGLC2;IGHV4-59.IGHD6-6.IGHJ4.IGHG1_IGLV1-40.IGLJ1.IGLC1;IGHV2-5.IGHD3-16.IGHJ5.IGHM_IGLV3-1.IGLJ2.IGLC2;IGHV3-15.IGHD3-9.IGHJ4.IGHM_IGKV2-28.IGKJ5.IGKC;IGHV1-18.IGHD3-3.IGHJ6.IGHM_IGKV3-20.IGKJ1.IGKC;IGHV4-61.IGHD1-7.IGHJ2.IGHM_IGLV3-21.IGLJ1.IGLC1;IGHV1-24..IGHJ4.IGHM_IGKV1-5.IGKJ1.IGKC;IGHV3-48.IGHD3-22.IGHJ4.IGHM_IGKV3-15.IGKJ2.IGKC;IGHV3-48..IGHJ4.IGHM_IGKV1-39.IGKJ1.IGKC;IGHV3-7..IGHJ4.IGHM_IGKV3D-20.IGKJ4.IGKC;IGHV2-26..IGHJ4.IGHM_IGKV2D-29.IGKJ3.IGKC;IGHV1-2..IGHJ5.IGHM_IGLV2-23.IGLJ2.IGLC2;IGHV3-7..IGHJ4.IGHM_IGKV3-20.IGKJ4.IGKC;IGHV4-34..IGHJ5.IGHG3_IGLV3-25.IGLJ2.IGLC2;IGHV4-61.IGHD1-26.IGHJ4.IGHM_IGKV1D-8.IGKJ4.IGKC;IGHV4-30-4..IGHJ1.IGHG1_IGLV1-40.IGLJ1.IGLC1;IGHV2-70..IGHJ6.IGHG1_IGKV2-28.IGKJ2.IGKC;IGHV7-4-1..IGHJ4.IGHM_IGLV1-40.IGLJ2.IGLC2;IGHV1-2.IGHD6-19.IGHJ4.IGHM_IGLV2-11.IGLJ2.IGLC2;IGHV1-18..IGHJ5.IGHG1_IGKV1-39.IGKJ1.IGKC;IGHV3-7..IGHJ4.IGHM_IGKV3-15.IGKJ1.IGKC;IGHV4-39.IGHD2-2.IGHJ4.IGHM_IGKV1-5.IGKJ4.IGKC;IGHV4-39.IGHD3-3.IGHJ4.IGHM_IGLV1-40.IGLJ2.IGLC2;IGHV3-23..IGHJ4.IGHA1_IGKV1-39.IGKJ2.IGKC;IGHV3-9.IGHD3-10.IGHJ6.IGHM_IGLV3-1.IGLJ1.IGLC1;IGHV1-69D..IGHJ6.IGHM_IGKV2-28.IGKJ2.IGKC;IGHV3-30..IGHJ4.IGHA1_IGKV1-39.IGKJ4.IGKC;IGHV6-1..IGHJ4.IGHM_IGLV2-23.IGLJ3.IGLC3;IGHV4-30-4.IGHD2-2.IGHJ6.IGHM_IGLV1-40.IGLJ2.IGLC2;IGHV3-49.IGHD3-3.IGHJ4.IGHM_IGKV3-20.IGKJ1.IGKC;IGHV3-74..IGHJ5.IGHM_IGKV1-39.IGKJ2.IGKC;IGHV1-69D..IGHJ3.IGHM_IGKV1-5.IGKJ4.IGKC;IGHV7-4-1..IGHJ4.IGHM_IGKV1-39.IGKJ3.IGKC;IGHV5-51..IGHJ4.IGHM_IGKV1-9.IGKJ4.IGKC;IGHV3-53..IGHJ6.IGHM_IGKV2-28.IGKJ2.IGKC;IGHV1-24..IGHJ4.IGHM_IGKV1-12.IGKJ4.IGKC;IGHV3-9..IGHJ4.IGHM_IGLV3-25.IGLJ3.IGLC3;IGHV3-15.IGHD2-21.IGHJ4.IGHM_IGKV1-9.IGKJ4.IGKC;IGHV7-4-1..IGHJ4.IGHM_IGLV1-40.IGLJ2.IGLC2;IGHV1-2..IGHJ4.IGHM_IGLV2-8.IGLJ2.IGLC2;IGHV3-9..IGHJ1.IGHM_IGLV2-23.IGLJ2.IGLC2;IGHV1-3..IGHJ6.IGHM_IGKV1-9.IGKJ4.IGKC;IGHV5-51.IGHD3-9.IGHJ6.IGHM_IGLV7-43.IGLJ2.IGLC2;IGHV3-15.IGHD3-22.IGHJ4.IGHM_IGLV3-25.IGLJ1.IGLC1;IGHV4-61..IGHJ4.IGHM_IGKV1D-8.IGKJ2.IGKC;IGHV4-61..IGHJ6.IGHM_IGLV3-1.IGLJ1.IGLC1;IGHV3-7..IGHJ4.IGHM_IGLV3-1.IGLJ2.IGLC2;IGHV3-74..IGHJ3.IGHM_IGKV1-39.IGKJ1.IGKC;IGHV2-5.IGHD3-22.IGHJ4.IGHM_IGKV1-39.IGKJ4.IGKC;IGHV3-48..IGHJ4.IGHM_IGKV3-15.IGKJ2.IGKC;IGHV2-70.IGHD2-15.IGHJ6.IGHM_IGKV3-20.IGKJ1.IGKC;IGHV3-48.IGHD3-22.IGHJ4.IGHM_IGLV4-69.IGLJ3.IGLC2;IGHV5-51..IGHJ1.IGHM_IGKV3-20.IGKJ2.IGKC;IGHV5-51..IGHJ4.IGHG2_IGKV1-12.IGKJ4.IGKC;NA_IGKV1-39.IGKJ1.IGKC;IGHV7-4-1..IGHJ1.IGHA1_IGLV2-23.IGLJ3.IGLC3;IGHV3-30.IGHD3-22.IGHJ6.IGHM_IGLV3-25.IGLJ1.IGLC1;IGHV3-23..IGHJ4.IGHA1_IGKV1-5.IGKJ1.IGKC;IGHV1-2..IGHJ4.IGHM_IGKV1-33.IGKJ2.IGKC;IGHV4-59..IGHJ3.IGHM_IGKV1-8.IGKJ4.IGKC;IGHV4-30-4..IGHJ5.IGHM_IGKV2D-29.IGKJ2.IGKC;IGHV3-7..IGHJ6.IGHG2_IGKV3-20.IGKJ3.IGKC;IGHV4-59..IGHJ4.IGHG1_IGKV1-39.IGKJ4.IGKC;IGHV2-5..IGHJ5.IGHA2_IGKV2-28.IGKJ2.IGKC;IGHV6-1..IGHJ6.IGHM_IGKV3-20.IGKJ4.IGKC;IGHV3-72..IGHJ6.IGHA2_IGKV1-9.IGKJ5.IGKC;IGHV3-53.IGHD4-23.IGHJ5.IGHM_IGLV3-21.IGLJ2.IGLC2;IGHV3-23..IGHJ4.IGHM_IGKV1-8.IGKJ1.IGKC;IGHV1-18..IGHJ6.IGHM_IGKV2-28.IGKJ2.IGKC;IGHV3-48..IGHJ4.IGHM_IGKV2-28.IGKJ2.IGKC;IGHV3-21..IGHJ4.IGHM_IGKV3-15.IGKJ1.IGKC;IGHV1-8..IGHJ5.IGHM_IGLV3-19.IGLJ2.IGLC2;IGHV1-3.IGHD3-16.IGHJ3.IGHM_IGKV2-30.IGKJ4.IGKC;IGHV3-11.IGHD3-22.IGHJ4.IGHM_IGKV1-39.IGKJ2.IGKC;IGHV3-49.IGHD6-13.IGHJ6.IGHM_IGKV1-39.IGKJ2.IGKC;IGHV1-2..IGHJ4.IGHM_IGKV3-15.IGKJ2.IGKC;IGHV4-39..IGHJ5.IGHM_IGKV3-20.IGKJ2.IGKC;IGHV3-49.IGHD2-2.IGHJ5.IGHM_IGLV3-1.IGLJ2.IGLC2;IGHV1-46..IGHJ1.IGHM_IGLV2-23.IGLJ1.IGLC1;IGHV3-74.IGHD3-22.IGHJ4.IGHM_IGKV1-39.IGKJ1.IGKC;IGHV1-8..IGHJ3.IGHM_IGKV1-33.IGKJ4.IGKC;IGHV3-15..IGHJ4.IGHM_IGKV3-15.IGKJ3.IGKC;IGHV3-11.IGHD3-22.IGHJ3.IGHM_IGKV1-39.IGKJ1.IGKC;IGHV1-24..IGHJ6.IGHM_IGLV3-19.IGLJ1.IGLC1;IGHV3-33..IGHJ3.IGHM_IGLV2-23.IGLJ3.IGLC3;IGHV3-11.IGHD1-1.IGHJ4.IGHM_IGLV1-51.IGLJ1.IGLC1;IGHV3-11.IGHD2-2.IGHJ6.IGHM_IGKV1-39.IGKJ1.IGKC;IGHV1-18..IGHJ6.IGHM_IGKV3-20.IGKJ1.IGKC;IGHV1-2..IGHJ3.IGHM_IGLV2-11.IGLJ2.IGLC2;IGHV2-5.IGHD3-22.IGHJ4.IGHM_IGKV3-15.IGKJ4.IGKC;IGHV1-18..IGHJ4.IGHM_IGKV3-20.IGKJ2.IGKC;IGHV3-30..IGHJ4.IGHM_IGKV1-17.IGKJ1.IGKC;IGHV3-15.IGHD3-9.IGHJ6.IGHM_IGLV3-25.IGLJ2.IGLC2;IGHV3-11..IGHJ4.IGHM_IGKV3-20.IGKJ2.IGKC;IGHV7-4-1..IGHJ5.IGHA1_IGLV4-69.IGLJ3.IGLC2;IGHV3-53.IGHD3-22.IGHJ4.IGHM_IGLV4-69.IGLJ3.IGLC3;IGHV1-18..IGHJ5.IGHM_IGKV1-39.IGKJ1.IGKC;IGHV3-11..IGHJ5.IGHM_IGKV1-33.IGKJ3.IGKC;IGHV5-51..IGHJ6.IGHM_IGKV2-28.IGKJ3.IGKC;IGHV4-39.IGHD3-9.IGHJ4.IGHM_IGKV3-15.IGKJ2.IGKC;IGHV4-59..IGHJ4.IGHM_IGLV1-47.IGLJ2.IGLC2;IGHV2-26..IGHJ5.IGHM_IGLV3-21.IGLJ1.IGLC1;IGHV4-39..IGHJ4.IGHM_IGLV1-40.IGLJ2.IGLC2;IGHV1-2..IGHJ6.IGHM_IGKV3-20.IGKJ3.IGKC;IGHV4-39..IGHJ5.IGHM_IGKV1-12.IGKJ2.IGKC;IGHV1-69D.IGHD4-17.IGHJ4.IGHM_IGKV1-27.IGKJ3.IGKC;IGHV1-18..IGHJ1.IGHM_IGKV3-20.IGKJ2.IGKC;IGHV4-30-4..IGHJ4.IGHM_IGKV1-39.IGKJ1.IGKC;IGHV3-73..IGHJ4.IGHG1_IGKV1-17.IGKJ1.IGKC;IGHV3-15..IGHJ4.IGHM_IGKV1-8.IGKJ3.IGKC;IGHV3-9..IGHJ6.IGHM_IGLV10-54.IGLJ2.IGLC2;IGHV4-59..IGHJ4.IGHM_IGKV3-20.IGKJ4.IGKC;IGHV5-51..IGHJ6.IGHM_IGKV2D-40.IGKJ4.IGKC;IGHV3-53..IGHJ6.IGHM_IGKV1-39.IGKJ1.IGKC;IGHV3-30..IGHJ4.IGHM_IGLV1-47.IGLJ1.IGLC1;IGHV2-5.IGHD2-2.IGHJ5.IGHM_IGLV3-25.IGLJ1.IGLC1;IGHV4-39..IGHJ4.IGHM_IGLV1-51.IGLJ3.IGLC3;IGHV4-59..IGHJ4.IGHM_IGKV2-28.IGKJ5.IGKC;IGHV3-23..IGHJ4.IGHM_IGKV1-39.IGKJ4.IGKC;IGHV3-15.IGHD5-24.IGHJ4.IGHM_IGKV1-33.IGKJ5.IGKC;IGHV3-48..IGHJ6.IGHM_IGLV3-25.IGLJ3.IGLC2;IGHV4-59..IGHJ6.IGHM_IGKV1-39.IGKJ2.IGKC;IGHV2-5..IGHJ4.IGHM_IGKV1-5.IGKJ2.IGKC;IGHV3-15..IGHJ3.IGHM_IGKV1-17.IGKJ1.IGKC;IGHV3-49..IGHJ6.IGHM_IGKV1-16.IGKJ4.IGKC;IGHV3-30.IGHD6-19.IGHJ3.IGHM_IGKV1-5.IGKJ1.IGKC;IGHV3-33.IGHD3-3.IGHJ4.IGHM_IGKV1-6.IGKJ2.IGKC;IGHV4-30-4.IGHD3-22.IGHJ3.IGHM_IGLV3-25.IGLJ2.IGLC2;IGHV3-30.IGHD3-22.IGHJ6.IGHM_IGLV2-23.IGLJ2.IGLC2;IGHV7-4-1..IGHJ5.IGHM_IGKV3-11.IGKJ4.IGKC;IGHV3-21..IGHJ4.IGHG1_IGKV3-20.IGKJ1.IGKC;IGHV1-2..IGHJ4.IGHM_IGKV1-39.IGKJ2.IGKC;IGHV4-39.IGHD3-22.IGHJ5.IGHM_IGLV3-19.IGLJ2.IGLC2;IGHV3-33..IGHJ4.IGHM_IGLV8-61.IGLJ3.IGLC3;IGHV3-9..IGHJ4.IGHM_IGLV3-21.IGLJ2.IGLC2;IGHV3-33..IGHJ6.IGHM_IGKV1-9.IGKJ5.IGKC;IGHV6-1..IGHJ5.IGHM_IGLV1-36.IGLJ3.IGLC2;IGHV6-1.IGHD6-13.IGHJ3.IGHM_IGKV1-5.IGKJ1.IGKC;IGHV2-5.IGHD3-10.IGHJ5.IGHM_IGLV3-25.IGLJ1.IGLC1;IGHV4-59..IGHJ4.IGHM_IGLV3-19.IGLJ2.IGLC2;IGHV3-30.IGHD6-6.IGHJ4.IGHM_IGLV2-8.IGLJ1.IGLC1;IGHV2-5..IGHJ4.IGHG1_IGLV1-40.IGLJ2.IGLC2;IGHV3-74.IGHD3-22.IGHJ4.IGHM_IGKV1-39.IGKJ1.IGKC;IGHV4-39..IGHJ5.IGHM_IGLV3-25.IGLJ2.IGLC2;IGHV1-8..IGHJ6.IGHM_IGLV1-51.IGLJ2.IGLC2;IGHV5-51..IGHJ3.IGHM_IGKV1-33.IGKJ1.IGKC;IGHV1-18..IGHJ6.IGHM_IGKV3-20.IGKJ2.IGKC;IGHV3-23.IGHD3-10.IGHJ4.IGHM_IGKV1-33.IGKJ4.IGKC;IGHV3-15.IGHD5-24.IGHJ4.IGHG1_IGKV3-20.IGKJ2.IGKC;IGHV1-18..IGHJ5.IGHM_IGKV1-27.IGKJ3.IGKC;IGHV4-61..IGHJ3.IGHM_IGKV1-8.IGKJ1.IGKC;IGHV2-5.IGHD3-22.IGHJ5.IGHM_IGKV3-20.IGKJ1.IGKC;IGHV4-39.IGHD5-5.IGHJ4.IGHM_IGLV1-40.IGLJ1.IGLC1;IGHV4-59.IGHD3-9.IGHJ6.IGHM_IGLV1-47.IGLJ1.IGLC1;IGHV3-30..IGHJ5.IGHM_IGKV1-8.IGKJ4.IGKC;IGHV1-46..IGHJ4.IGHM_IGKV4-1.IGKJ2.IGKC;IGHV3-49.IGHD4-4.IGHJ5.IGHM_IGKV1-17.IGKJ4.IGKC;IGHV4-61..IGHJ6.IGHM_IGLV3-10.IGLJ3.IGLC3;IGHV3-30..IGHJ6.IGHM_IGKV1-39.IGKJ2.IGKC;IGHV3-30.IGHD3-9.IGHJ4.IGHM_IGKV1-8.IGKJ4.IGKC;IGHV3-48..IGHJ4.IGHM_IGKV1-12.IGKJ2.IGKC;IGHV7-4-1.IGHD3-10.IGHJ4.IGHM_IGKV1-39.IGKJ1.IGKC;IGHV4-39..IGHJ5.IGHM_IGKV1-8.IGKJ1.IGKC;IGHV4-61..IGHJ6.IGHM_IGLV1-51.IGLJ2.IGLC2;IGHV3-48..IGHJ3.IGHM_IGLV3-21.IGLJ1.IGLC1;IGHV4-31..IGHJ4.IGHM_IGKV1D-8.IGKJ3.IGKC;NA_IGKV3-15.IGKJ1.IGKC;IGHV3-48..IGHJ4.IGHM_IGKV2-28.IGKJ2.IGKC;IGHV5-51..IGHJ6.IGHD_IGKV1-39.IGKJ4.IGKC;IGHV3-11.IGHD5-5.IGHJ5.IGHM_IGLV1-40.IGLJ2.IGLC2;IGHV3-13..IGHJ4.IGHM_IGKV1-39.IGKJ1.IGKC;IGHV3-7..IGHJ4.IGHM_IGLV1-40.IGLJ2.IGLC2;IGHV4-30-4..IGHJ3.IGHM_IGKV3D-20.IGKJ4.IGKC;IGHV3-7..IGHJ6.IGHM_IGLV1-40.IGLJ3.IGLC2;IGHV4-59..IGHJ4.IGHM_IGLV1-47.IGLJ3.IGLC3;IGHV3-30.IGHD2-2.IGHJ4.IGHM_IGKV1-39.IGKJ5.IGKC;IGHV4-31..IGHJ4.IGHM_IGKV1-39.IGKJ2.IGKC;IGHV1-69D..IGHJ4.IGHG1_IGLV2-23.IGLJ1.IGLC1;IGHV3-30..IGHJ3.IGHM_IGKV3-15.IGKJ1.IGKC;IGHV5-51.IGHD2-15.IGHJ4.IGHM_IGKV2-28.IGKJ3.IGKC;IGHV1-69D..IGHJ4.IGHM_IGKV1-17.IGKJ1.IGKC;IGHV4-59..IGHJ5.IGHG1_IGLV3-10.IGLJ2.IGLC2;IGHV3-7..IGHJ4.IGHM_IGKV1-8.IGKJ4.IGKC;IGHV1-18..IGHJ6.IGHM_IGLV3-25.IGLJ3.IGLC2;IGHV1-8..IGHJ4.IGHM_IGLV1-47.IGLJ3.IGLC3;IGHV1-18.IGHD6-19.IGHJ5.IGHM_IGKV1-12.IGKJ2.IGKC;IGHV3-7..IGHJ4.IGHM_IGKV1-6.IGKJ1.IGKC;IGHV5-51.IGHD6-19.IGHJ4.IGHM_IGLV4-69.IGLJ2.IGLC2;IGHV1-2.IGHD3-10.IGHJ3.IGHM_IGKV1-5.IGKJ1.IGKC;IGHV3-30..IGHJ3.IGHM_IGKV1-16.IGKJ4.IGKC;IGHV1-46..IGHJ4.IGHM_IGKV3-15.IGKJ1.IGKC;IGHV4-28..IGHJ6.IGHM_IGLV8-61.IGLJ3.IGLC2;IGHV1-8..IGHJ6.IGHM_IGKV1-6.IGKJ1.IGKC;IGHV2-5..IGHJ3.IGHM_IGLV3-19.IGLJ3.IGLC3;IGHV2-5..IGHJ4.IGHM_IGLV2-23.IGLJ1.IGLC1;IGHV1-58..IGHJ6.IGHM_IGKV3-20.IGKJ4.IGKC;IGHV1-18..IGHJ4.IGHG2_IGKV2-30.IGKJ2.IGKC;IGHV4-31..IGHJ3.IGHG1_IGKV1-9.IGKJ5.IGKC;IGHV1-2.IGHD6-19.IGHJ6.IGHM_IGKV2-28.IGKJ4.IGKC;IGHV3-7..IGHJ4.IGHM_IGLV3-1.IGLJ2.IGLC2;IGHV7-4-1..IGHJ4.IGHM_IGLV1-51.IGLJ1.IGLC1;IGHV3-15.IGHD3-10.IGHJ6.IGHM_IGLV3-25.IGLJ2.IGLC2;IGHV1-69D..IGHJ6.IGHG3_IGKV3-15.IGKJ4.IGKC;NA_IGLV3-1.IGLJ2.IGLC2;IGHV5-51..IGHJ4.IGHG1_IGLV3-25.IGLJ3.IGLC2;IGHV4-59..IGHJ6.IGHM_IGLV2-11.IGLJ2.IGLC3;IGHV4-39.IGHD3-22.IGHJ4.IGHM_IGLV1-40.IGLJ2.IGLC2;IGHV3-11.IGHD4-17.IGHJ5.IGHM_IGKV1-33.IGKJ4.IGKC;IGHV4-30-4..IGHJ1.IGHM_IGLV1-51.IGLJ2.IGLC2;IGHV3-11..IGHJ5.IGHD_IGLV3-1.IGLJ3.IGLC2;IGHV3-48.IGHD2-2.IGHJ4.IGHM_IGLV1-40.IGLJ1.IGLC1;NA_IGKV3-11.IGKJ2.IGKC;IGHV4-30-4..IGHJ4.IGHM_IGKV3-20.IGKJ5.IGKC;IGHV3-7.IGHD3-3.IGHJ6.IGHD_IGKV2-28.IGKJ4.IGKC;IGHV3-30.IGHD3-22.IGHJ4.IGHM_IGKV3-15.IGKJ1.IGKC;IGHV3-33..IGHJ4.IGHM_IGLV8-61.IGLJ3.IGLC3;IGHV3-9..IGHJ4.IGHM_IGLV3-1.IGLJ2.IGLC2;IGHV1-3.IGHD4-23.IGHJ5.IGHM_IGKV1-16.IGKJ5.IGKC;IGHV4-39..IGHJ4.IGHM_IGLV3-19.IGLJ2.IGLC2;IGHV4-39..IGHJ5.IGHM_IGKV3-20.IGKJ2.IGKC;IGHV3-30.IGHD2-2.IGHJ3.IGHM_IGKV3-20.IGKJ3.IGKC;IGHV3-7..IGHJ4.IGHM_IGKV3-20.IGKJ1.IGKC;IGHV5-51.IGHD2-2.IGHJ6.IGHM_IGKV3-15.IGKJ2.IGKC;IGHV2-5..IGHJ4.IGHM_IGLV7-43.IGLJ2.IGLC2;IGHV5-51.IGHD3-10.IGHJ6.IGHM_IGKV2-28.IGKJ4.IGKC;IGHV6-1..IGHJ5.IGHM_IGKV1-33.IGKJ1.IGKC;IGHV1-2..IGHJ4.IGHM_IGKV3-15.IGKJ5.IGKC;IGHV3-30..IGHJ4.IGHM_IGLV4-69.IGLJ2.IGLC2;IGHV3-33..IGHJ2.IGHM_IGKV3-15.IGKJ1.IGKC;IGHV3-48..IGHJ4.IGHM_IGKV3-15.IGKJ1.IGKC;IGHV4-30-4..IGHJ4.IGHM_IGKV3-20.IGKJ1.IGKC;IGHV3-30..IGHJ3.IGHG1_IGKV3-20.IGKJ2.IGKC;IGHV1-2..IGHJ6.IGHM_IGKV1-39.IGKJ4.IGKC;NA_IGLV2-23.IGLJ2.IGLC2;IGHV1-69D..IGHJ6.IGHM_IGKV3-20.IGKJ4.IGKC;IGHV2-70..IGHJ3.IGHM_IGKV3-15.IGKJ1.IGKC;NA_IGLV1-40.IGLJ2.IGLC2;IGHV4-59.IGHD3-10.IGHJ6.IGHM_IGKV1-39.IGKJ2.IGKC;IGHV3-9..IGHJ4.IGHM_IGKV1D-8.IGKJ1.IGKC;IGHV3-74..IGHJ5.IGHM_IGKV1-39.IGKJ4.IGKC;IGHV3-15.IGHD4-17.IGHJ4.IGHM_IGLV3-25.IGLJ1.IGLC1;IGHV3-43..IGHJ4.IGHM_IGKV3-20.IGKJ1.IGKC;IGHV3-9..IGHJ4.IGHD_IGLV4-69.IGLJ3.IGLC3;IGHV4-61..IGHJ4.IGHM_IGKV1-39.IGKJ2.IGKC;IGHV4-30-4..IGHJ5.IGHM_IGKV1-5.IGKJ1.IGKC;IGHV3-11.IGHD5-24.IGHJ6.IGHM_IGLV2-23.IGLJ1.IGLC1;IGHV3-9.IGHD2-2.IGHJ6.IGHM_IGKV1-5.IGKJ2.IGKC;IGHV3-7..IGHJ4.IGHA2_IGKV2-30.IGKJ2.IGKC;IGHV3-73.IGHD2-15.IGHJ3.IGHM_IGKV1-39.IGKJ2.IGKC;IGHV4-39..IGHJ5.IGHM_IGLV1-40.IGLJ1.IGLC1;IGHV3-9..IGHJ4.IGHM_IGLV2-14.IGLJ2.IGLC2;IGHV5-51..IGHJ4.IGHM_IGLV8-61.IGLJ3.IGLC3;IGHV1-2.IGHD4-17.IGHJ6.IGHD_IGLV3-25.IGLJ1.IGLC1;IGHV3-73..IGHJ4.IGHM_IGKV2D-29.IGKJ1.IGKC;IGHV3-74..IGHJ4.IGHM_IGLV4-69.IGLJ1.IGLC1;IGHV3-30..IGHJ4.IGHM_IGLV3-25.IGLJ3.IGLC2;IGHV1-69D.IGHD2-2.IGHJ5.IGHM_IGLV1-40.IGLJ2.IGLC2;IGHV2-5..IGHJ5.IGHM_IGLV3-1.IGLJ1.IGLC1;IGHV2-26..IGHJ4.IGHM_IGKV1-12.IGKJ1.IGKC;IGHV3-15.IGHD3-3.IGHJ4.IGHM_IGKV1-33.IGKJ4.IGKC;IGHV1-46..IGHJ4.IGHM_IGLV3-19.IGLJ2.IGLC2;IGHV1-8.IGHD3-3.IGHJ6.IGHM_IGKV3-20.IGKJ1.IGKC;IGHV3-15.IGHD2-2.IGHJ4.IGHM_IGKV1-33.IGKJ4.IGKC;IGHV1-8.IGHD3-10.IGHJ6.IGHM_IGKV1-39.IGKJ1.IGKC;IGHV3-9.IGHD4-23.IGHJ1.IGHM_IGLV2-23.IGLJ3.IGLC2;NA_IGKV1-39.IGKJ2.IGKC;IGHV1-69D..IGHJ3.IGHM_NA;IGHV4-59..IGHJ2.IGHG2_IGKV3-20.IGKJ4.IGKC;IGHV1-46..IGHJ6.IGHM_IGKV2-28.IGKJ4.IGKC;IGHV3-48.IGHD6-19.IGHJ4.IGHM_IGKV1-16.IGKJ1.IGKC;IGHV3-30..IGHJ4.IGHM_IGLV3-21.IGLJ1.IGLC1;IGHV1-18.IGHD3-3.IGHJ6.IGHM_IGLV3-21.IGLJ1.IGLC1;IGHV4-61..IGHJ6.IGHM_IGLV7-43.IGLJ1.IGLC1;IGHV3-33..IGHJ3.IGHM_IGKV1-5.IGKJ3.IGKC;IGHV3-30.IGHD2-2.IGHJ6.IGHM_IGLV3-1.IGLJ2.IGLC2;IGHV4-39..IGHJ4.IGHM_IGLV2-18.IGLJ1.IGLC1;IGHV3-33..IGHJ6.IGHM_IGKV3-15.IGKJ4.IGKC;IGHV4-31..IGHJ4.IGHM_IGKV3-20.IGKJ1.IGKC;IGHV4-59..IGHJ6.IGHA1_IGKV2-28.IGKJ2.IGKC;IGHV1-8..IGHJ6.IGHM_IGKV2-28.IGKJ3.IGKC;IGHV4-61.IGHD5-5.IGHJ4.IGHM_IGLV1-36.IGLJ2.IGLC2;IGHV5-51..IGHJ4.IGHM_IGKV3-20.IGKJ2.IGKC;IGHV1-46.IGHD3-22.IGHJ4.IGHM_IGLV1-40.IGLJ2.IGLC2;IGHV3-49..IGHJ4.IGHM_IGKV1-12.IGKJ4.IGKC;IGHV4-61..IGHJ3.IGHM_IGLV3-19.IGLJ1.IGLC1;IGHV2-5..IGHJ6.IGHG1_IGKV1-6.IGKJ2.IGKC;IGHV1-69D..IGHJ4.IGHM_IGLV3-1.IGLJ2.IGLC2;IGHV3-33.IGHD6-19.IGHJ4.IGHM_IGKV3-20.IGKJ1.IGKC;IGHV3-43.IGHD2-2.IGHJ6.IGHM_IGKV1-8.IGKJ5.IGKC;IGHV4-61..IGHJ5.IGHM_IGLV3-1.IGLJ2.IGLC2;IGHV1-18..IGHJ5.IGHM_IGLV1-40.IGLJ3.IGLC3;IGHV4-31..IGHJ5.IGHM_IGKV3-20.IGKJ3.IGKC;IGHV3-48..IGHJ4.IGHM_IGKV1-33.IGKJ5.IGKC;IGHV1-8..IGHJ4.IGHM_IGKV1-5.IGKJ1.IGKC;IGHV4-30-4..IGHJ4.IGHM_IGLV3-1.IGLJ2.IGLC2;IGHV3-30.IGHD2-2.IGHJ6.IGHM_IGKV2-28.IGKJ3.IGKC;IGHV3-11..IGHJ4.IGHM_IGKV1-39.IGKJ2.IGKC;IGHV4-39..IGHJ5.IGHM_IGKV1-5.IGKJ1.IGKC;IGHV3-48..IGHJ4.IGHM_IGLV1-40.IGLJ2.IGLC2;IGHV2-5..IGHJ4.IGHM_IGKV1-16.IGKJ2.IGKC;IGHV3-20..IGHJ4.IGHM_IGKV3-20.IGKJ4.IGKC;IGHV3-33..IGHJ5.IGHM_IGKV1-5.IGKJ1.IGKC;IGHV3-48..IGHJ4.IGHM_IGKV1-8.IGKJ1.IGKC;IGHV3-30..IGHJ3.IGHM_IGLV1-51.IGLJ3.IGLC2;IGHV4-39..IGHJ4.IGHM_IGLV3-21.IGLJ1.IGLC1;IGHV3-11.IGHD3-22.IGHJ4.IGHM_IGLV3-21.IGLJ2.IGLC2;IGHV1-8.IGHD2-2.IGHJ6.IGHM_IGKV1-8.IGKJ4.IGKC;IGHV4-39..IGHJ2.IGHM_IGKV6-21.IGKJ4.IGKC	0	NA
22	1	IGHV4-59.IGHD3-22.IGHJ3.IGHM_IGKV1-33.IGKJ3.IGKC	9	1	IGHV1-69D..IGHJ4.IGHM_NA	0	NA
22	1	IGHV4-59.IGHD3-22.IGHJ3.IGHM_IGKV1-33.IGKJ3.IGKC	16	79	IGHV3-21.IGHD4-23.IGHJ2.IGHM_IGKV3-11.IGKJ2.IGKC;IGHV3-33.IGHD6-19.IGHJ6.IGHM_IGKV1-39.IGKJ1.IGKC;IGHV3-33..IGHJ5.IGHM_IGLV1-40.IGLJ1.IGLC1;IGHV3-33.IGHD2-2.IGHJ4.IGHM_IGKV3-20.IGKJ2.IGKC;IGHV3-30..IGHJ4.IGHM_IGKV3-11.IGKJ1.IGKC;IGHV4-59..IGHJ5.IGHG1_IGKV3-11.IGKJ4.IGKC;IGHV3-23..IGHJ5.IGHM_IGKV3-11.IGKJ5.IGKC;IGHV3-33..IGHJ6.IGHM_IGLV1-40.IGLJ2.IGLC2;IGHV3-33..IGHJ4.IGHM_IGKV1-5.IGKJ2.IGKC;IGHV3-11..IGHJ5.IGHM_IGKV3-15.IGKJ2.IGKC;IGHV3-33..IGHJ6.IGHM_IGKV4-1.IGKJ4.IGKC;IGHV1-3.IGHD3-9.IGHJ5.IGHM_IGKV3-11.IGKJ1.IGKC;IGHV3-7..IGHJ6.IGHM_IGKV3-11.IGKJ4.IGKC;IGHV3-33..IGHJ4.IGHM_IGKV3-15.IGKJ1.IGKC;IGHV2-5.IGHD3-9.IGHJ4.IGHM_IGKV1-39.IGKJ2.IGKC;IGHV3-33..IGHJ4.IGHM_IGKV1-39.IGKJ2.IGKC;IGHV3-33..IGHJ4.IGHM_IGKV1-12.IGKJ4.IGKC;IGHV4-59.IGHD3-9.IGHJ6.IGHM_IGLV2-8.IGLJ2.IGLC2;IGHV1-8.IGHD3-3.IGHJ2.IGHM_IGKV3-11.IGKJ2.IGKC;IGHV4-39..IGHJ3.IGHM_IGKV3-11.IGKJ3.IGKC;IGHV3-33.IGHD6-19.IGHJ4.IGHM_IGLV3-1.IGLJ2.IGLC2;IGHV3-33..IGHJ6.IGHM_IGLV3-25.IGLJ1.IGLC1;IGHV3-33..IGHJ5.IGHM_IGKV1-39.IGKJ1.IGKC;IGHV3-30..IGHJ3.IGHM_IGKV3-11.IGKJ4.IGKC;IGHV3-33..IGHJ4.IGHM_IGLV1-44.IGLJ1.IGLC1;IGHV3-33..IGHJ4.IGHM_IGLV2-23.IGLJ3.IGLC3;IGHV1-69D.IGHD6-13.IGHJ4.IGHM_IGKV3-11.IGKJ3.IGKC;IGHV3-15..IGHJ4.IGHM_IGKV3-11.IGKJ4.IGKC;IGHV1-69D.IGHD5-5.IGHJ4.IGHM_IGKV3-20.IGKJ1.IGKC;IGHV3-33.IGHD5-5.IGHJ4.IGHM_IGKV3-11.IGKJ2.IGKC;IGHV1-46..IGHJ6.IGHM_IGKV3-11.IGKJ4.IGKC;IGHV3-33..IGHJ4.IGHA1_IGLV2-23.IGLJ1.IGLC1;IGHV3-20..IGHJ5.IGHM_IGKV3-11.IGKJ4.IGKC;IGHV3-33.IGHD2-15.IGHJ4.IGHM_IGLV3-25.IGLJ2.IGLC2;IGHV4-59..IGHJ5.IGHM_IGKV3-11.IGKJ4.IGKC;IGHV3-33.IGHD5-24.IGHJ4.IGHM_IGKV1-33.IGKJ4.IGKC;IGHV3-30.IGHD3-10.IGHJ6.IGHM_IGKV3-11.IGKJ5.IGKC;IGHV3-74..IGHJ3.IGHM_IGKV1-39.IGKJ1.IGKC;IGHV1-69D.IGHD2-21.IGHJ6.IGHM_IGLV3-25.IGLJ3.IGLC3;IGHV3-33.IGHD3-10.IGHJ4.IGHM_IGLV1-40.IGLJ7.IGLC7;IGHV3-33..IGHJ4.IGHM_IGKV2-24.IGKJ2.IGKC;IGHV3-23..IGHJ5.IGHM_IGKV3-11.IGKJ5.IGKC;IGHV3-33.IGHD3-22.IGHJ4.IGHM_IGKV1-5.IGKJ2.IGKC;IGHV4-34.IGHD2-15.IGHJ6.IGHM_IGKV3-11.IGKJ2.IGKC;IGHV3-33.IGHD4-17.IGHJ6.IGHM_IGKV1-17.IGKJ1.IGKC;IGHV3-21.IGHD6-19.IGHJ4.IGHM_IGKV3-11.IGKJ1.IGKC;IGHV3-23.IGHD6-19.IGHJ4.IGHM_IGKV3-11.IGKJ1.IGKC;IGHV3-33.IGHD6-19.IGHJ6.IGHM_IGKV3-20.IGKJ1.IGKC;IGHV3-33..IGHJ4.IGHM_IGKV3-15.IGKJ1.IGKC;IGHV3-33..IGHJ4.IGHM_IGKV3-20.IGKJ2.IGKC;IGHV3-33.IGHD3-22.IGHJ3.IGHM_IGLV7-46.IGLJ3.IGLC2;IGHV3-33..IGHJ4.IGHM_IGKV1-5.IGKJ2.IGKC;IGHV3-30.IGHD3-10.IGHJ6.IGHM_IGKV3-11.IGKJ4.IGKC;IGHV3-33..IGHJ6.IGHM_IGKV1-17.IGKJ1.IGKC;IGHV1-24..IGHJ4.IGHM_IGKV3-11.IGKJ4.IGKC;IGHV1-18.IGHD3-3.IGHJ6.IGHM_IGKV3-11.IGKJ2.IGKC;IGHV3-33.IGHD5-5.IGHJ4.IGHM_IGKV1-39.IGKJ1.IGKC;IGHV3-33.IGHD5-5.IGHJ6.IGHM_IGLV3-25.IGLJ2.IGLC2;IGHV3-23..IGHJ4.IGHM_IGKV3-11.IGKJ4.IGKC;IGHV3-33..IGHJ4.IGHM_IGLV3-19.IGLJ1.IGLC1;IGHV3-33..IGHJ3.IGHM_IGKV3-11.IGKJ2.IGKC;IGHV3-33..IGHJ5.IGHM_IGLV2-23.IGLJ1.IGLC1;IGHV3-7.IGHD2-2.IGHJ4.IGHM_IGKV3-11.IGKJ3.IGKC;IGHV3-33..IGHJ4.IGHM_IGLV3-25.IGLJ1.IGLC1;IGHV3-33..IGHJ4.IGHM_IGKV3-15.IGKJ4.IGKC;IGHV3-33..IGHJ3.IGHM_IGKV1-5.IGKJ1.IGKC;IGHV3-33..IGHJ4.IGHM_IGKV1-39.IGKJ4.IGKC;IGHV5-51..IGHJ4.IGHM_IGKV3-11.IGKJ4.IGKC;IGHV3-23..IGHJ4.IGHM_IGKV3-11.IGKJ4.IGKC;IGHV3-49..IGHJ6.IGHM_IGKV3-11.IGKJ5.IGKC;IGHV3-33..IGHJ3.IGHM_IGKV1-8.IGKJ1.IGKC;IGHV3-33..IGHJ4.IGHM_IGLV3-25.IGLJ3.IGLC3;IGHV3-30.IGHD3-10.IGHJ6.IGHM_IGKV3-11.IGKJ4.IGKC;IGHV3-33..IGHJ3.IGHM_IGKV1-39.IGKJ1.IGKC;IGHV3-33.IGHD3-22.IGHJ4.IGHM_IGKV1-5.IGKJ4.IGKC;IGHV3-15..IGHJ6.IGHM_IGKV3-11.IGKJ2.IGKC;IGHV3-33..IGHJ4.IGHM_IGLV2-8.IGLJ3.IGLC2;IGHV7-4-1.IGHD3-10.IGHJ4.IGHM_IGKV3-11.IGKJ5.IGKC;IGHV3-21..IGHJ2.IGHM_IGKV3-11.IGKJ4.IGKC	0	NA
22	1	IGHV4-59.IGHD3-22.IGHJ3.IGHM_IGKV1-33.IGKJ3.IGKC	17	67	IGHV6-1..IGHJ6.IGHM_IGKV4-1.IGKJ2.IGKC;IGHV4-34..IGHJ3.IGHM_IGLV5-39.IGLJ2.IGLC2;IGHV4-34..IGHJ3.IGHM_IGKV1-8.IGKJ1.IGKC;IGHV4-34..IGHJ5.IGHM_IGLV2-23.IGLJ2.IGLC2;IGHV4-34..IGHJ4.IGHM_IGKV1D-8.IGKJ1.IGKC;IGHV4-34..IGHJ4.IGHM_IGKV4-1.IGKJ3.IGKC;IGHV4-39..IGHJ5.IGHM_IGKV4-1.IGKJ4.IGKC;IGHV4-34..IGHJ5.IGHM_IGKV3-15.IGKJ1.IGKC;IGHV1-8..IGHJ3.IGHM_IGLV1-44.IGLJ1.IGLC1;IGHV4-34..IGHJ4.IGHM_IGKV1-39.IGKJ2.IGKC;IGHV1-18.IGHD5-24.IGHJ3.IGHM_IGKV4-1.IGKJ4.IGKC;IGHV4-34.IGHD2-2.IGHJ6.IGHM_IGKV1-12.IGKJ4.IGKC;IGHV3-30.IGHD3-10.IGHJ4.IGHG1_IGKV4-1.IGKJ4.IGKC;IGHV4-34..IGHJ4.IGHM_IGLV1-47.IGLJ3.IGLC3;IGHV4-34.IGHD3-10.IGHJ4.IGHM_IGKV1-6.IGKJ4.IGKC;IGHV3-11..IGHJ5.IGHM_IGLV3-25.IGLJ1.IGLC1;IGHV4-34..IGHJ4.IGHM_IGKV3-15.IGKJ2.IGKC;IGHV4-61..IGHJ1.IGHM_IGKV3-20.IGKJ1.IGKC;IGHV7-4-1..IGHJ4.IGHM_IGKV4-1.IGKJ4.IGKC;IGHV2-5..IGHJ4.IGHM_IGKV4-1.IGKJ1.IGKC;IGHV4-34..IGHJ4.IGHM_IGLV3-19.IGLJ1.IGLC1;IGHV4-59.IGHD3-10.IGHJ4.IGHM_IGKV4-1.IGKJ1.IGKC;IGHV3-11..IGHJ3.IGHM_IGKV4-1.IGKJ4.IGKC;IGHV1-58..IGHJ6.IGHM_IGKV4-1.IGKJ1.IGKC;IGHV6-1..IGHJ4.IGHM_IGKV4-1.IGKJ1.IGKC;IGHV4-34.IGHD2-15.IGHJ5.IGHM_IGKV1-6.IGKJ2.IGKC;IGHV3-21..IGHJ4.IGHM_IGKV4-1.IGKJ3.IGKC;IGHV4-34..IGHJ4.IGHM_IGKV1-39.IGKJ1.IGKC;IGHV3-64..IGHJ4.IGHM_IGKV4-1.IGKJ1.IGKC;IGHV1-8..IGHJ4.IGHA1_IGKV4-1.IGKJ1.IGKC;IGHV4-34.IGHD3-16.IGHJ4.IGHM_IGKV1-39.IGKJ2.IGKC;IGHV4-34.IGHD4-23.IGHJ1.IGHM_IGKV4-1.IGKJ1.IGKC;IGHV3-30..IGHJ4.IGHG2_IGKV4-1.IGKJ2.IGKC;IGHV4-34.IGHD5-5.IGHJ2.IGHM_IGLV1-44.IGLJ1.IGLC1;IGHV5-51..IGHJ6.IGHM_IGKV4-1.IGKJ2.IGKC;IGHV3-23..IGHJ4.IGHM_IGKV4-1.IGKJ1.IGKC;IGHV4-34..IGHJ5.IGHM_IGLV1-47.IGLJ1.IGLC1;IGHV4-59.IGHD6-19.IGHJ4.IGHM_IGKV4-1.IGKJ1.IGKC;IGHV4-59..IGHJ4.IGHG2_IGKV4-1.IGKJ1.IGKC;IGHV4-34..IGHJ5.IGHM_IGKV4-1.IGKJ1.IGKC;IGHV4-34.IGHD4-17.IGHJ4.IGHM_IGLV1-44.IGLJ1.IGLC1;IGHV4-34..IGHJ4.IGHM_IGLV3-21.IGLJ2.IGLC2;IGHV4-39.IGHD2-15.IGHJ4.IGHM_IGLV3-21.IGLJ2.IGLC2;IGHV3-9.IGHD6-13.IGHJ6.IGHM_IGKV4-1.IGKJ1.IGKC;IGHV4-34.IGHD3-9.IGHJ4.IGHM_IGKV1-9.IGKJ5.IGKC;IGHV4-59..IGHJ5.IGHM_IGKV4-1.IGKJ1.IGKC;IGHV4-34..IGHJ4.IGHM_IGLV3-19.IGLJ2.IGLC2;IGHV1-46..IGHJ3.IGHM_IGKV4-1.IGKJ5.IGKC;IGHV3-11..IGHJ6.IGHM_IGKV1-39.IGKJ3.IGKC;IGHV4-34..IGHJ6.IGHM_IGKV3-20.IGKJ1.IGKC;IGHV4-34..IGHJ4.IGHM_IGLV3-19.IGLJ2.IGLC2;IGHV4-34..IGHJ6.IGHM_IGKV3-20.IGKJ1.IGKC;IGHV1-3..IGHJ5.IGHM_IGKV4-1.IGKJ2.IGKC;IGHV7-4-1..IGHJ6.IGHA1_IGKV4-1.IGKJ1.IGKC;IGHV4-34.IGHD3-10.IGHJ6.IGHM_IGLV1-44.IGLJ2.IGLC2;IGHV4-34.IGHD5-5.IGHJ5.IGHM_IGLV3-19.IGLJ2.IGLC2;IGHV4-34..IGHJ5.IGHM_IGKV1-39.IGKJ4.IGKC;IGHV1-18.IGHD4-17.IGHJ4.IGHM_IGKV4-1.IGKJ4.IGKC;IGHV4-34..IGHJ6.IGHM_IGKV1-27.IGKJ2.IGKC;IGHV6-1..IGHJ4.IGHM_IGKV4-1.IGKJ1.IGKC;IGHV4-34..IGHJ4.IGHM_IGKV3-15.IGKJ2.IGKC;IGHV1-2..IGHJ5.IGHM_IGKV4-1.IGKJ2.IGKC;IGHV4-34..IGHJ6.IGHM_IGLV7-43.IGLJ1.IGLC1;IGHV4-39..IGHJ3.IGHM_IGKV4-1.IGKJ4.IGKC;IGHV4-34..IGHJ4.IGHM_IGLV1-44.IGLJ1.IGLC1;IGHV4-34.IGHD3-22.IGHJ1.IGHM_IGKV1-33.IGKJ4.IGKC;IGHV4-34.IGHD2-15.IGHJ5.IGHM_IGKV1-8.IGKJ1.IGKC	0	NA
22	1	IGHV4-59.IGHD3-22.IGHJ3.IGHM_IGKV1-33.IGKJ3.IGKC	18	68	IGHV4-39..IGHJ4.IGHA1_IGLV2-23.IGLJ3.IGLC2;IGHV4-39..IGHJ4.IGHM_IGLV1-44.IGLJ1.IGLC1;IGHV3-21..IGHJ6.IGHM_IGKV1-33.IGKJ3.IGKC;IGHV3-74.IGHD2-15.IGHJ6.IGHM_IGLV1-44.IGLJ1.IGLC1;IGHV3-21.IGHD3-22.IGHJ3.IGHM_IGLV3-25.IGLJ2.IGLC2;IGHV4-30-4..IGHJ5.IGHM_IGLV1-44.IGLJ2.IGLC2;IGHV3-21.IGHD3-3.IGHJ5.IGHM_IGKV1-27.IGKJ4.IGKC;IGHV3-21.IGHD4-17.IGHJ4.IGHM_IGLV1-44.IGLJ2.IGLC2;IGHV3-21..IGHJ6.IGHM_IGKV3-20.IGKJ2.IGKC;IGHV3-21..IGHJ6.IGHM_IGLV3-21.IGLJ1.IGLC1;IGHV3-21..IGHJ3.IGHM_IGKV1-39.IGKJ1.IGKC;IGHV2-26..IGHJ4.IGHM_IGLV1-51.IGLJ2.IGLC2;IGHV3-21.IGHD1-26.IGHJ4.IGHM_IGLV2-11.IGLJ3.IGLC3;IGHV3-21.IGHD6-13.IGHJ4.IGHM_IGLV1-51.IGLJ1.IGLC1;IGHV3-30..IGHJ5.IGHG1_IGLV1-44.IGLJ3.IGLC2;IGHV3-21..IGHJ5.IGHM_IGLV8-61.IGLJ2.IGLC2;IGHV4-59..IGHJ6.IGHM_IGLV1-44.IGLJ2.IGLC2;IGHV2-5..IGHJ4.IGHG1_IGLV1-44.IGLJ1.IGLC1;IGHV1-69D.IGHD2-2.IGHJ4.IGHA1_IGKV3-20.IGKJ2.IGKC;IGHV3-33.IGHD3-22.IGHJ4.IGHM_IGLV1-44.IGLJ3.IGLC2;IGHV3-11..IGHJ6.IGHA1_IGLV3-1.IGLJ2.IGLC2;IGHV3-21.IGHD1-20.IGHJ4.IGHD_IGKV1-8.IGKJ3.IGKC;IGHV3-21..IGHJ4.IGHM_IGLV3-25.IGLJ1.IGLC1;IGHV3-23.IGHD3-22.IGHJ4.IGHM_IGLV1-44.IGLJ3.IGLC3;IGHV1-8..IGHJ6.IGHG2_IGLV1-44.IGLJ1.IGLC1;IGHV3-21.IGHD5-12.IGHJ6.IGHM_IGLV1-40.IGLJ3.IGLC2;IGHV3-21..IGHJ6.IGHM_IGLV3-1.IGLJ2.IGLC2;IGHV3-21.IGHD3-10.IGHJ6.IGHM_IGLV2-23.IGLJ3.IGLC3;IGHV4-39.IGHD3-9.IGHJ4.IGHM_IGLV1-44.IGLJ1.IGLC1;IGHV1-18..IGHJ4.IGHM_IGLV1-44.IGLJ3.IGLC2;IGHV3-66..IGHJ6.IGHM_IGLV1-44.IGLJ3.IGLC3;IGHV3-21.IGHD3-22.IGHJ4.IGHM_IGKV1-12.IGKJ5.IGKC;IGHV2-5.IGHD2-2.IGHJ5.IGHM_IGLV1-44.IGLJ2.IGLC2;IGHV4-39.IGHD3-9.IGHJ4.IGHM_IGLV1-44.IGLJ1.IGLC1;IGHV6-1..IGHJ5.IGHA1_IGLV1-51.IGLJ3.IGLC2;IGHV4-59.IGHD3-10.IGHJ5.IGHM_IGLV1-44.IGLJ2.IGLC2;IGHV4-39.IGHD3-9.IGHJ2.IGHM_IGLV1-44.IGLJ2.IGLC2;IGHV1-18.IGHD4-17.IGHJ1.IGHM_IGLV1-44.IGLJ2.IGLC2;IGHV3-21..IGHJ4.IGHM_IGLV1-47.IGLJ2.IGLC2;IGHV3-21..IGHJ4.IGHG1_IGKV2D-29.IGKJ4.IGKC;IGHV4-61..IGHJ6.IGHM_IGLV1-44.IGLJ3.IGLC2;IGHV4-30-4.IGHD3-10.IGHJ4.IGHG2_IGLV1-44.IGLJ2.IGLC2;IGHV3-21..IGHJ4.IGHM_IGKV1-39.IGKJ3.IGKC;IGHV4-39..IGHJ4.IGHM_IGLV1-44.IGLJ2.IGLC2;IGHV3-21..IGHJ4.IGHM_IGKV1-8.IGKJ4.IGKC;IGHV1-69D..IGHJ4.IGHM_IGLV1-44.IGLJ1.IGLC1;IGHV3-21..IGHJ3.IGHA2_IGKV3-20.IGKJ1.IGKC;IGHV2-5..IGHJ4.IGHG1_IGLV1-44.IGLJ1.IGLC1;IGHV3-33.IGHD3-10.IGHJ4.IGHM_IGKV3-15.IGKJ1.IGKC;IGHV3-21.IGHD6-19.IGHJ5.IGHM_IGKV1-8.IGKJ2.IGKC;IGHV3-21.IGHD5-24.IGHJ4.IGHM_IGKV1-27.IGKJ3.IGKC;IGHV3-9..IGHJ4.IGHM_IGLV1-44.IGLJ3.IGLC3;IGHV3-21..IGHJ4.IGHM_IGKV1-8.IGKJ1.IGKC;IGHV3-21.IGHD5-5.IGHJ4.IGHM_IGLV1-44.IGLJ2.IGLC2;IGHV3-48..IGHJ6.IGHM_IGLV1-44.IGLJ1.IGLC1;IGHV3-21.IGHD2-2.IGHJ6.IGHM_IGKV2-28.IGKJ2.IGKC;IGHV3-21..IGHJ4.IGHM_IGLV6-57.IGLJ3.IGLC2;IGHV4-30-4.IGHD3-10.IGHJ5.IGHM_IGLV1-44.IGLJ3.IGLC3;IGHV3-21..IGHJ4.IGHM_IGKV3-15.IGKJ2.IGKC;IGHV3-21..IGHJ4.IGHM_IGKV3-15.IGKJ4.IGKC;IGHV3-21..IGHJ4.IGHM_IGKV1-33.IGKJ2.IGKC;IGHV5-51..IGHJ5.IGHA2_IGKV1-5.IGKJ1.IGKC;IGHV3-21..IGHJ4.IGHM_IGLV6-57.IGLJ3.IGLC3;IGHV3-21..IGHJ5.IGHM_IGKV1-5.IGKJ1.IGKC;IGHV3-7..IGHJ4.IGHM_IGLV1-47.IGLJ3.IGLC3;IGHV4-59..IGHJ3.IGHA1_IGLV1-44.IGLJ1.IGLC1;IGHV3-21.IGHD2-15.IGHJ4.IGHM_IGKV1-27.IGKJ1.IGKC;IGHV3-30..IGHJ6.IGHA1_IGLV1-44.IGLJ2.IGLC2	0	NA
22	1	IGHV4-59.IGHD3-22.IGHJ3.IGHM_IGKV1-33.IGKJ3.IGKC	19	62	IGHV3-23.IGHD2-15.IGHJ3.IGHD_IGLV2-23.IGLJ1.IGLC1;IGHV3-23..IGHJ4.IGHM_IGKV3-15.IGKJ1.IGKC;IGHV3-23..IGHJ4.IGHM_IGKV2-30.IGKJ4.IGKC;IGHV3-23..IGHJ3.IGHM_IGLV1-44.IGLJ3.IGLC3;IGHV3-23..IGHJ2.IGHM_IGKV3D-15.IGKJ2.IGKC;IGHV3-23..IGHJ4.IGHM_IGLV3-21.IGLJ2.IGLC2;IGHV3-23..IGHJ3.IGHM_IGKV1-12.IGKJ2.IGKC;IGHV3-23.IGHD3-9.IGHJ4.IGHM_IGKV1-39.IGKJ1.IGKC;IGHV3-23..IGHJ4.IGHM_IGKV1-39.IGKJ2.IGKC;IGHV3-23..IGHJ4.IGHM_IGKV2-28.IGKJ2.IGKC;IGHV3-23.IGHD3-3.IGHJ6.IGHM_IGKV2-28.IGKJ1.IGKC;IGHV3-23..IGHJ3.IGHM_IGKV2-30.IGKJ2.IGKC;IGHV3-7..IGHJ4.IGHM_IGKV2-30.IGKJ1.IGKC;IGHV3-23..IGHJ2.IGHM_IGKV3-11.IGKJ4.IGKC;IGHV3-23..IGHJ5.IGHM_IGLV3-25.IGLJ2.IGLC2;IGHV3-23..IGHJ4.IGHM_IGKV3-20.IGKJ1.IGKC;IGHV3-23..IGHJ5.IGHM_IGKV1-8.IGKJ1.IGKC;IGHV3-23.IGHD3-22.IGHJ4.IGHM_IGLV3-21.IGLJ2.IGLC2;IGHV3-23..IGHJ4.IGHG2_IGLV1-47.IGLJ3.IGLC3;IGHV3-23..IGHJ4.IGHM_IGKV1-39.IGKJ1.IGKC;IGHV4-30-4..IGHJ4.IGHM_IGLV3-19.IGLJ2.IGLC2;IGHV3-23.IGHD2-15.IGHJ3.IGHM_IGKV1-39.IGKJ4.IGKC;IGHV3-23.IGHD3-22.IGHJ4.IGHM_IGLV3-1.IGLJ1.IGLC1;IGHV3-23..IGHJ4.IGHM_IGKV1-39.IGKJ2.IGKC;IGHV3-23..IGHJ3.IGHM_IGKV1-5.IGKJ1.IGKC;IGHV3-23..IGHJ5.IGHM_IGKV1-39.IGKJ2.IGKC;IGHV3-23.IGHD2-21.IGHJ6.IGHM_IGKV1-12.IGKJ2.IGKC;IGHV3-23..IGHJ4.IGHM_IGKV2-24.IGKJ2.IGKC;IGHV3-23.IGHD3-10.IGHJ3.IGHM_IGKV1-9.IGKJ3.IGKC;IGHV3-23..IGHJ4.IGHM_IGKV1-9.IGKJ5.IGKC;IGHV3-23.IGHD1-26.IGHJ4.IGHM_IGLV3-21.IGLJ3.IGLC3;IGHV3-23..IGHJ5.IGHM_IGKV1-16.IGKJ1.IGKC;IGHV3-23..IGHJ4.IGHM_IGKV1-33.IGKJ5.IGKC;IGHV3-23.IGHD6-13.IGHJ2.IGHM_IGKV3-11.IGKJ4.IGKC;IGHV3-23..IGHJ6.IGHD_IGKV1-5.IGKJ2.IGKC;IGHV3-23.IGHD6-19.IGHJ6.IGHM_IGKV3-15.IGKJ3.IGKC;IGHV3-23.IGHD6-19.IGHJ6.IGHM_IGLV3-21.IGLJ2.IGLC2;IGHV3-23.IGHD3-3.IGHJ4.IGHM_IGKV1-9.IGKJ4.IGKC;IGHV3-23.IGHD2-21.IGHJ4.IGHM_IGKV3-20.IGKJ4.IGKC;IGHV3-23..IGHJ4.IGHM_IGLV3-25.IGLJ3.IGLC2;IGHV3-23.IGHD2-15.IGHJ6.IGHM_IGKV2-28.IGKJ4.IGKC;IGHV3-23..IGHJ4.IGHM_IGLV3-1.IGLJ2.IGLC2;IGHV3-23.IGHD3-22.IGHJ3.IGHM_IGKV1-8.IGKJ1.IGKC;IGHV3-23.IGHD2-2.IGHJ4.IGHM_IGLV2-8.IGLJ1.IGLC1;IGHV3-23.IGHD3-16.IGHJ5.IGHM_IGKV1-27.IGKJ1.IGKC;IGHV3-23.IGHD1-7.IGHJ4.IGHM_IGKV3-20.IGKJ1.IGKC;IGHV3-23..IGHJ4.IGHM_IGLV2-11.IGLJ2.IGLC2;IGHV3-23.IGHD3-10.IGHJ2.IGHM_IGKV1-8.IGKJ4.IGKC;IGHV3-23..IGHJ4.IGHM_IGKV3-15.IGKJ4.IGKC;IGHV3-23..IGHJ3.IGHM_IGKV1-39.IGKJ4.IGKC;IGHV3-23.IGHD3-10.IGHJ4.IGHM_IGKV3-15.IGKJ2.IGKC;IGHV3-23..IGHJ3.IGHM_IGKV1-9.IGKJ3.IGKC;IGHV3-23.IGHD3-10.IGHJ4.IGHM_IGKV3D-15.IGKJ2.IGKC;IGHV3-23..IGHJ3.IGHM_IGKV1-33.IGKJ3.IGKC;IGHV3-23..IGHJ4.IGHM_IGKV1-33.IGKJ1.IGKC;IGHV3-23..IGHJ1.IGHM_IGKV2-28.IGKJ1.IGKC;IGHV3-23..IGHJ4.IGHM_IGKV1D-8.IGKJ2.IGKC;IGHV3-23..IGHJ6.IGHM_IGKV3-15.IGKJ4.IGKC;IGHV3-23..IGHJ3.IGHM_IGKV1-5.IGKJ4.IGKC;IGHV3-23..IGHJ6.IGHM_IGLV8-61.IGLJ2.IGLC2;IGHV3-23..IGHJ4.IGHM_IGKV1-39.IGKJ2.IGKC;IGHV3-23..IGHJ6.IGHM_IGKV1-5.IGKJ2.IGKC	0	NA
22	1	IGHV4-59.IGHD3-22.IGHJ3.IGHM_IGKV1-33.IGKJ3.IGKC	20	56	IGHV4-61..IGHJ6.IGHM_IGLV2-14.IGLJ3.IGLC3;IGHV3-33..IGHJ6.IGHM_IGLV2-14.IGLJ1.IGLC1;IGHV3-49..IGHJ3.IGHM_IGLV2-14.IGLJ2.IGLC2;IGHV3-7..IGHJ6.IGHA1_IGLV2-14.IGLJ1.IGLC1;IGHV3-11..IGHJ4.IGHM_IGLV1-36.IGLJ1.IGLC1;IGHV1-8..IGHJ4.IGHM_IGLV2-14.IGLJ2.IGLC2;IGHV1-3.IGHD3-10.IGHJ2.IGHM_IGLV2-14.IGLJ2.IGLC2;IGHV3-23.IGHD3-3.IGHJ6.IGHD_IGLV2-14.IGLJ2.IGLC2;IGHV3-11..IGHJ6.IGHM_IGLV2-14.IGLJ3.IGLC3;IGHV4-61.IGHD3-22.IGHJ4.IGHM_IGLV2-14.IGLJ1.IGLC1;IGHV4-39..IGHJ4.IGHM_IGLV2-14.IGLJ3.IGLC3;IGHV3-15.IGHD3-22.IGHJ4.IGHM_IGLV2-14.IGLJ1.IGLC1;IGHV2-5..IGHJ6.IGHG2_IGLV2-14.IGLJ1.IGLC1;IGHV3-30.IGHD3-10.IGHJ4.IGHM_IGLV2-14.IGLJ1.IGLC1;IGHV1-69D..IGHJ6.IGHM_IGLV2-14.IGLJ1.IGLC1;IGHV3-30..IGHJ2.IGHM_IGLV2-14.IGLJ2.IGLC3;IGHV4-39..IGHJ5.IGHM_IGLV2-14.IGLJ2.IGLC2;IGHV4-39..IGHJ6.IGHM_IGLV2-14.IGLJ2.IGLC2;IGHV4-34.IGHD6-19.IGHJ6.IGHM_IGLV2-14.IGLJ2.IGLC2;IGHV1-18.IGHD3-9.IGHJ4.IGHM_IGLV2-14.IGLJ2.IGLC2;IGHV3-30..IGHJ4.IGHM_IGLV2-14.IGLJ3.IGLC2;IGHV3-33.IGHD2-2.IGHJ6.IGHM_IGLV1-51.IGLJ2.IGLC2;IGHV2-70..IGHJ4.IGHM_IGLV2-14.IGLJ2.IGLC2;IGHV3-53..IGHJ6.IGHM_IGKV1-9.IGKJ2.IGKC;IGHV3-74.IGHD7-27.IGHJ4.IGHG1_IGLV2-14.IGLJ1.IGLC1;IGHV3-33.IGHD3-10.IGHJ6.IGHG1_IGLV2-14.IGLJ2.IGLC2;IGHV2-26.IGHD2-15.IGHJ6.IGHM_IGLV2-14.IGLJ2.IGLC2;IGHV3-21..IGHJ5.IGHG2_IGLV2-14.IGLJ3.IGLC3;IGHV4-61.IGHD2-15.IGHJ6.IGHM_IGLV2-14.IGLJ3.IGLC2;IGHV1-2..IGHJ4.IGHM_IGLV2-14.IGLJ2.IGLC3;IGHV3-33..IGHJ5.IGHM_IGLV2-14.IGLJ1.IGLC1;IGHV3-21.IGHD3-22.IGHJ4.IGHM_IGLV2-14.IGLJ2.IGLC2;IGHV4-31..IGHJ4.IGHM_IGLV2-14.IGLJ2.IGLC2;IGHV2-5..IGHJ4.IGHM_IGLV2-14.IGLJ2.IGLC3;IGHV4-31.IGHD3-9.IGHJ6.IGHM_IGLV2-14.IGLJ1.IGLC1;IGHV3-33..IGHJ6.IGHM_IGLV2-14.IGLJ1.IGLC1;IGHV4-39..IGHJ4.IGHM_IGKV3-20.IGKJ1.IGKC;IGHV3-66..IGHJ4.IGHM_IGLV2-14.IGLJ1.IGLC1;IGHV5-51..IGHJ4.IGHM_IGLV2-14.IGLJ3.IGLC3;IGHV3-33..IGHJ6.IGHA1_IGLV2-14.IGLJ2.IGLC2;IGHV3-9..IGHJ4.IGHM_IGLV2-14.IGLJ2.IGLC2;IGHV4-34..IGHJ6.IGHM_IGLV2-14.IGLJ1.IGLC1;IGHV3-11.IGHD3-22.IGHJ6.IGHM_IGLV2-14.IGLJ2.IGLC2;IGHV3-9.IGHD3-9.IGHJ6.IGHA1_IGLV2-14.IGLJ1.IGLC1;IGHV3-9..IGHJ4.IGHM_IGLV2-14.IGLJ2.IGLC2;IGHV4-39..IGHJ1.IGHM_IGLV2-14.IGLJ2.IGLC2;IGHV3-9..IGHJ6.IGHM_IGLV2-14.IGLJ1.IGLC1;IGHV4-30-4..IGHJ1.IGHM_IGLV2-14.IGLJ2.IGLC2;IGHV3-48..IGHJ6.IGHM_IGLV2-14.IGLJ2.IGLC2;IGHV1-46..IGHJ5.IGHM_IGLV2-8.IGLJ2.IGLC2;IGHV3-74..IGHJ4.IGHM_IGLV2-14.IGLJ2.IGLC2;IGHV3-33.IGHD4-17.IGHJ3.IGHG1_IGLV2-14.IGLJ1.IGLC1;IGHV1-69D.IGHD2-15.IGHJ5.IGHM_IGLV2-14.IGLJ3.IGLC2;IGHV3-23.IGHD1-20.IGHJ4.IGHM_IGLV2-14.IGLJ3.IGLC2;IGHV3-48..IGHJ5.IGHM_IGLV2-14.IGLJ3.IGLC3;IGHV3-9..IGHJ6.IGHA1_IGLV2-14.IGLJ1.IGLC1	0	NA
