genes;avg_log2FC;p_val;adj.P.Val;pct.1;pct.2;tested_cluster;control_cluster;min.pct
S100A8;4,6909966697388;1,58466977168093e-123;2,16592664393349e-119;1;0,162;0;All_Others;0,75
S100A12;4,86862650642389;3,31693831093789e-119;4,5335912833899e-115;0,944;0,11;0;All_Others;0,75
S100A9;3,85229481595878;7,30543295241378e-114;9,98506575935916e-110;0,994;0,17;0;All_Others;0,75
VCAN;3,58833846313541;2,91779044906441e-112;3,98803598578123e-108;0,994;0,154;0;All_Others;0,75
LYZ;3,15099108548538;2,50930842896502e-107;3,42972276070939e-103;0,994;0,16;0;All_Others;0,75
MNDA;3,41583220011606;5,11895959072945e-97;6,99659396860902e-93;0,933;0,152;0;All_Others;0,75
FCN1;2,84242573063183;3,76032266901766e-95;5,13960902401334e-91;0,983;0,152;0;All_Others;0,75
CSF3R;3,47476539878418;1,96993500120814e-91;2,69250715965129e-87;0,888;0,138;0;All_Others;0,75
FOS;3,13797579807998;1,37749079169984e-85;1,88275441409534e-81;1;0,468;0;All_Others;0,75
SLC11A1;3,99179173307463;4,21367955067609e-84;5,75925720986407e-80;0,792;0,11;0;All_Others;0,75
CTSD;3,48824447415554;1,36227730473834e-81;1,86196062011636e-77;0,843;0,159;0;All_Others;0,75
CD14;3,01113518087995;9,34818455189289e-79;1,27770986455272e-74;0,826;0,123;0;All_Others;0,75
CEBPD;2,77971979215213;5,36924485917386e-78;7,33868387351883e-74;0,933;0,233;0;All_Others;0,75
TYROBP;2,34357966919386;6,62091488425318e-77;9,04946646379725e-73;0,989;0,23;0;All_Others;0,75
CSTA;3,20854953892878;1,24943263241825e-75;1,70772452198927e-71;0,803;0,129;0;All_Others;0,75
S100A6;2,54042643231894;1,31587604227795e-75;1,7985393745855e-71;0,989;0,848;0;All_Others;0,75
CST3;2,06433731512179;1,44303539433006e-73;1,97234077697032e-69;0,989;0,191;0;All_Others;0,75
AIF1;2,42339049733446;1,82736674832447e-72;2,49764487160988e-68;0,978;0,35;0;All_Others;0,75
CD36;2,95579719376725;3,76487871523623e-71;5,14583622798488e-67;0,787;0,134;0;All_Others;0,75
TSPO;2,36994328487064;2,39397534176073e-70;3,27208549711856e-66;0,972;0,642;0;All_Others;0,75
SPI1;2,35698878565591;6,43294735981322e-70;8,79255245139271e-66;0,921;0,212;0;All_Others;0,75
TYMP;2,41404859854899;7,95336773727242e-70;1,08706630233039e-65;0,944;0,263;0;All_Others;0,75
LGALS1;2,37140773500255;2,53880202903416e-69;3,47003461328389e-65;0,949;0,302;0;All_Others;0,75
S100A4;2,05247615635915;5,43254557175617e-69;7,42520328747633e-65;0,994;0,695;0;All_Others;0,75
CTSS;2,36190983469554;1,9045749852661e-68;2,60317308986171e-64;0,978;0,42;0;All_Others;0,75
MS4A6A;2,63840778243703;3,39070514447396e-68;4,63441579146701e-64;0,815;0,137;0;All_Others;0,75
LST1;2,34538835371042;7,72239830612636e-68;1,05549740048135e-63;0,893;0,218;0;All_Others;0,75
FTL;2,00905482777986;4,63733333956284e-67;6,33830720851449e-63;0,994;0,964;0;All_Others;0,75
S100A11;2,28226718654877;1,74004398340177e-66;2,37829211651354e-62;0,983;0,571;0;All_Others;0,75
SERPINA1;2,31333813813459;1,16828789512249e-65;1,59681589505342e-61;0,831;0,142;0;All_Others;0,75
TNFAIP2;2,64790358978284;1,36640904931324e-65;1,86760788860134e-61;0,798;0,151;0;All_Others;0,75
CYBB;2,47993702026522;7,06318141980059e-65;9,65395636458345e-61;0,882;0,224;0;All_Others;0,75
GPX1;1,72274010845997;1,06239021359043e-64;1,4520749439354e-60;0,989;0,524;0;All_Others;0,75
LILRB2;2,58950306929968;2,60221090246662e-63;3,55670186149138e-59;0,787;0,151;0;All_Others;0,75
PGD;3,11125156781251;3,19894375647275e-62;4,37231632634695e-58;0,781;0,205;0;All_Others;0,75
STXBP2;2,89338843215295;8,30520476735531e-62;1,13515538760212e-57;0,815;0,222;0;All_Others;0,75
DUSP1;2,20750425228968;2,22249160140699e-60;3,03770152080307e-56;0,972;0,538;0;All_Others;0,75
APLP2;2,57637553409939;2,80983009091909e-59;3,84047576826821e-55;0,837;0,271;0;All_Others;0,75
MPEG1;2,63530614434851;1,56451268172837e-58;2,13837593338634e-54;0,764;0,16;0;All_Others;0,75
HCK;2,38006335971342;6,17664963083895e-57;8,44224471543067e-53;0,758;0,154;0;All_Others;0,75
PSAP;1,80551363584763;6,58551268586709e-57;9,00107873904314e-53;0,983;0,61;0;All_Others;0,75
TALDO1;2,26076293946875;7,98312508427384e-56;1,09113353651855e-51;0,893;0,46;0;All_Others;0,75
BRI3;2,25912860430444;1,75774940321561e-55;2,40249188431509e-51;0,899;0,428;0;All_Others;0,75
ATP5F1E;1,08705410686295;1,63341709844281e-54;2,23255449015164e-50;0,994;0,955;0;All_Others;0,75
GRN;2,27476813486185;1,70256253769118e-53;2,3270624765163e-49;0,82;0,263;0;All_Others;0,75
CD68;2,26718051194828;6,77173442114159e-53;9,25560660681632e-49;0,758;0,163;0;All_Others;0,75
GAPDH;1,39104725655097;9,48666674538563e-53;1,29663761075931e-48;0,983;0,893;0;All_Others;0,75
FGF23;1,96746735469461;6,22743623465906e-52;8,511659845532e-48;0,949;0,673;0;All_Others;0,75
FGR;2,09399973608309;2,66329923354062e-51;3,64019739240332e-47;0,843;0,235;0;All_Others;0,75
COTL1;1,58403048902277;9,37687081213181e-50;1,28163070260218e-45;0,972;0,655;0;All_Others;0,75
GSTP1;1,866802968203;1,02556110785902e-49;1,4017369222217e-45;0,927;0,537;0;All_Others;0,75
FTH1;1,23411832877775;2,52749347694877e-49;3,45457808429358e-45;0,994;0,967;0;All_Others;0,75
OAZ1;1,14878416430496;8,61385245613127e-48;1,17734135370402e-43;0,978;0,91;0;All_Others;0,75
FCER1G;1,66619808134646;2,03792888235675e-47;2,7854411964052e-43;0,888;0,25;0;All_Others;0,75
AL359976.1;1,92068684238312;2,13184541384517e-47;2,91380631164357e-43;0,927;0,515;0;All_Others;0,75
FOSB;2,55170698559364;1,83765266054e-46;2,51170365642607e-42;0,803;0,393;0;All_Others;0,75
MYO1F;2,18753878100498;2,1863047346165e-46;2,98824131127383e-42;0,803;0,285;0;All_Others;0,75
RNF130;2,28776402951793;4,38393574984611e-46;5,99196338288967e-42;0,77;0,246;0;All_Others;0,75
S100A10;1,63491814570195;1,15297431259798e-45;1,57588529045892e-41;0,955;0,768;0;All_Others;0,75
MT-ND2;1,0554941904173;3,50782119208659e-44;4,79449000534395e-40;0,994;0,995;0;All_Others;0,75
SH3BGRL3;1,11585146848542;9,50050717720626e-44;1,29852932098055e-39;0,994;0,93;0;All_Others;0,75
SAT1;1,61374377129547;2,73199119299991e-42;3,73408556259228e-38;0,916;0,546;0;All_Others;0,75
ANXA2;1,87140698275081;1,9110455684127e-41;2,61201708290648e-37;0,815;0,313;0;All_Others;0,75
TKT;1,93738162854803;5,76988230511021e-41;7,88627513462464e-37;0,86;0,579;0;All_Others;0,75
ANXA5;1,93450708573916;9,39042915267567e-40;1,28348385658771e-35;0,775;0,28;0;All_Others;0,75
IL17RA;2,0922817006901;1,13505380677338e-39;1,55139154309785e-35;0,787;0,4;0;All_Others;0,75
KLF6;1,61664815950786;3,16104353489402e-38;4,32051430349315e-34;0,91;0,628;0;All_Others;0,75
MCL1;1,83174221038856;7,50421942180485e-38;1,02567671057229e-33;0,843;0,538;0;All_Others;0,75
AHNAK;1,57960580016649;7,6605523300779e-38;1,04704429247505e-33;0,921;0,515;0;All_Others;0,75
ELOB;1,40143730893678;4,08965354160581e-35;5,58973846066681e-31;0,921;0,799;0;All_Others;0,75
MYL6;0,967356907469396;4,59024307847662e-35;6,27394423966185e-31;0,961;0,916;0;All_Others;0,75
PYCARD;1,90316221590569;4,65431618007487e-35;6,36151935492633e-31;0,781;0,361;0;All_Others;0,75
AP2S1;1,73559390071497;5,33412468549434e-35;7,29068162013366e-31;0,803;0,439;0;All_Others;0,75
MT-ND4;0,871813234256409;7,17079804426425e-35;9,80104676690038e-31;1;0,995;0;All_Others;0,75
JAML;1,9050881176296;1,48423475539702e-34;2,02865206367664e-30;0,77;0,314;0;All_Others;0,75
SERF2;0,844419040358433;1,90869239449197e-34;2,60880076479163e-30;0,994;0,949;0;All_Others;0,75
GABARAP;1,32516003819279;5,67845606097919e-34;7,76131374414636e-30;0,927;0,824;0;All_Others;0,75
VIM;0,938870992956847;8,01366494392174e-34;1,09530772453522e-29;0,989;0,918;0;All_Others;0,75
CYBA;0,960942408587421;1,71924223509608e-33;2,34986028692932e-29;0,978;0,899;0;All_Others;0,75
MT-ND1;0,817434693038202;3,03768357458453e-33;4,15190590974214e-29;0,994;0,994;0;All_Others;0,75
LSP1;1,07013290569548;3,77992218923806e-33;5,16639764825058e-29;0,966;0,86;0;All_Others;0,75
ITGB2;1,09147807031495;7,38868080823671e-33;1,00988489286979e-28;0,938;0,754;0;All_Others;0,75
LRRFIP1;1,3034472662462;2,26444254084366e-31;3,09504006482511e-27;0,933;0,705;0;All_Others;0,75
H3-3A;0,986032365335668;1,45717615325615e-30;1,99166836627051e-26;0,944;0,872;0;All_Others;0,75
PKM;1,12818414146171;9,45338789925466e-30;1,29208905807013e-25;0,893;0,726;0;All_Others;0,75
LAMTOR4;1,49862308089428;1,96653071352045e-29;2,68785417923975e-25;0,854;0,638;0;All_Others;0,75
ATP6V0B;1,68765040652681;2,34323220934109e-29;3,2027297837274e-25;0,775;0,442;0;All_Others;0,75
TLN1;1,07555348806711;2,35873633758513e-29;3,22392082621135e-25;0,86;0,523;0;All_Others;0,75
SRGN;1,22495345099346;2,23398637044449e-28;3,05341257112353e-24;0,865;0,557;0;All_Others;0,75
RAC1;1,40287567833517;3,08023077360878e-27;4,21005942136848e-23;0,826;0,594;0;All_Others;0,75
IER2;1,16790428980735;4,48888814349116e-27;6,13541231452372e-23;0,949;0,81;0;All_Others;0,75
WDR74;1,79563935368706;5,14038972325836e-27;7,02588467374953e-23;0,781;0,463;0;All_Others;0,75
EFHD2;1,3528264675261;1,02442118125561e-26;1,40017887054017e-22;0,792;0,4;0;All_Others;0,75
GNAI2;1,04239598796565;1,26712154736004e-26;1,7319017309317e-22;0,904;0,802;0;All_Others;0,75
FLNA;1,08527462808134;9,36092249437327e-26;1,27945088653094e-21;0,843;0,529;0;All_Others;0,75
VSIR;1,35836000787823;2,93404645559575e-25;4,01025469550827e-21;0,831;0,594;0;All_Others;0,75
CAST;1,4044374875969;2,88825667023197e-23;3,94766921687306e-19;0,787;0,507;0;All_Others;0,75
ANXA1;1,13717852367546;1,36402713898801e-19;1,86435229356882e-15;0,792;0,509;0;All_Others;0,75
IQGAP1;1,25083508004936;1,67834532225422e-19;2,29396238645707e-15;0,758;0,481;0;All_Others;0,75
COX8A;1,14978244593271;7,55691267869826e-18;1,03287882492448e-13;0,809;0,607;0;All_Others;0,75
NDUFB1;1,18250423127673;1,72520927075485e-17;2,35801603126773e-13;0,775;0,589;0;All_Others;0,75
ARPC1B;1,1044492762172;1,64508698645651e-16;2,24850489308876e-12;0,77;0,566;0;All_Others;0,75
ATP5MPL;1,14187320125416;1,82978086319892e-16;2,50094448382029e-12;0,758;0,645;0;All_Others;0,75
LCP1;0,92766786719605;1,18961548291273e-15;1,62596644204512e-11;0,843;0,756;0;All_Others;0,75
JUN;0,899172859659335;2,2180295512652e-15;3,03160279066928e-11;0,893;0,798;0;All_Others;0,75
TPI1;0,989247823682123;1,31999392091719e-14;1,80416769110961e-10;0,781;0,617;0;All_Others;0,75
GNB2;0,962405033313492;1,43271134039181e-14;1,95822986004752e-10;0,764;0,639;0;All_Others;0,75
ENO1;0,904301101885496;3,22632167728285e-14;4,40973646851019e-10;0,792;0,75;0;All_Others;0,75
UQCR11;0,773756575169137;1,4043367667307e-13;1,91944749276752e-09;0,86;0,846;0;All_Others;0,75
CLIC1;0,799153917991028;4,53341090612002e-13;6,19626602648485e-09;0,86;0,647;0;All_Others;0,75
SAMHD1;0,787739782703369;5,77811224995178e-13;7,89752382323409e-09;0,809;0,619;0;All_Others;0,75
ATP5ME;0,828021217861896;8,36257004242515e-13;1,14299607339867e-08;0,815;0,725;0;All_Others;0,75
ZFP36;0,839375825302187;5,1924985115494e-12;7,09710696558572e-08;0,82;0,756;0;All_Others;0,75
ATP5MC2;0,555819013078899;9,45885599046481e-12;1,29283643677673e-07;0,933;0,918;0;All_Others;0,75
SRRM2;0,778539659228422;2,38802736019537e-11;3,26395579591503e-07;0,803;0,708;0;All_Others;0,75
MT-ATP6;0,560297036000743;2,97819914283252e-11;4,07060258842349e-07;0,983;0,988;0;All_Others;0,75
COX6B1;0,629018426379736;7,33315358172180e-11;1,00229543154974e-06;0,831;0,818;0;All_Others;0,75
TPM3;0,629375774505768;9,08162848395158e-11;1,2412769811865e-06;0,86;0,862;0;All_Others;0,75
MTRNR2L1;0,713003569226534;1,14991257931721e-10;1,57170051341076e-06;0,933;0,911;0;All_Others;0,75
SERP1;0,738375631388225;1,62256911021343e-10;2,21772745983972e-06;0,82;0,759;0;All_Others;0,75
EMP3;0,577403086498849;4,70557830850157e-10;6,43158443205994e-06;0,888;0,844;0;All_Others;0,75
COX5B;0,677649814506663;1,25545468978373e-08;0,00017159554699964;0,781;0,728;0;All_Others;0,75
ARPC3;0,55533181467578;8,96825038704633e-08;0,00122578046290149;0,876;0,837;0;All_Others;0,75
ARPC5;0,563335205399996;7,7016503709851e-07;0,0105266157270624;0,758;0,736;0;All_Others;0,75
GMFG;0,590219805151423;7,90244021001572e-07;0,0108010552790495;0,854;0,823;0;All_Others;0,75
RPS14;0,916397679536234;1,18892868843127e-38;1,62502773134786e-34;1;0,967;1;All_Others;0,75
RPS27;1,01199933492885;2,50655673492091e-37;3,42596174528991e-33;1;0,963;1;All_Others;0,75
RPS3A;0,943314478690997;2,54692746449162e-37;3,48114045846715e-33;1;0,97;1;All_Others;0,75
RPL30;0,895946823783875;4,63057158342859e-37;6,3290652402302e-33;1;0,963;1;All_Others;0,75
RPL35A;0,821622980552176;3,71531348077229e-36;5,07809046551957e-32;1;0,968;1;All_Others;0,75
RPL32;0,897342789922178;3,6003136010013e-35;4,92090862984858e-31;1;0,972;1;All_Others;0,75
RPS27A;0,889337471994304;8,41178129966095e-35;1,14972226803766e-30;1;0,967;1;All_Others;0,75
RPL34;0,780966150155342;2,03756090525164e-34;2,78493824529794e-30;1;0,971;1;All_Others;0,75
RPL19;0,795996265341232;3,28195527410683e-34;4,48577646864922e-30;1;0,972;1;All_Others;0,75
RPL39;0,709515264261485;5,82566705496585e-33;7,96252173072732e-29;1;0,967;1;All_Others;0,75
RPL11;0,763832593210517;1,1380279102053e-32;1,5554565476686e-28;1;0,979;1;All_Others;0,75
RPS12;0,949085945833116;1,33885017306124e-32;1,8299404165401e-28;1;0,967;1;All_Others;0,75
RPS25;0,975519060119629;4,95163728597471e-32;6,76789784247024e-28;1;0,959;1;All_Others;0,75
RPS15A;0,866218403801459;1,16098293277915e-31;1,58683147252254e-27;1;0,977;1;All_Others;0,75
RPL10;0,860083939118439;1,33133697803084e-31;1,81967138157255e-27;1;0,975;1;All_Others;0,75
RPS13;0,726252919809939;1,63804004060041e-31;2,23887312749264e-27;1;0,961;1;All_Others;0,75
RPL14;0,921429019504182;1,68642208888267e-31;2,30500171108483e-27;1;0,95;1;All_Others;0,75
RPL37;0,760616339031322;1,78726595183607e-31;2,44283510296954e-27;1;0,97;1;All_Others;0,75
RPS28;0,692833076728189;2,45675806578117e-31;3,3578969243097e-27;1;0,967;1;All_Others;0,75
RPS8;0,774746326367327;6,9243891030545e-31;9,46425502605489e-27;1;0,967;1;All_Others;0,75
EEF1B2;1,06804449260018;8,36614374216059e-31;1,14348452667851e-26;1;0,888;1;All_Others;0,75
RPS23;0,809307761514924;1,91819282902266e-30;2,62178595870817e-26;1;0,959;1;All_Others;0,75
RPL13;0,793696729585688;1,98521536954557e-30;2,71339236709488e-26;1;0,978;1;All_Others;0,75
RPS4X;0,863047070635645;3,13621435802716e-30;4,28657778455152e-26;1;0,959;1;All_Others;0,75
RPS3;0,885232503630776;3,53310002559899e-30;4,8290411149887e-26;1;0,964;1;All_Others;0,75
RPS5;1,03347106003113;3,66458356543151e-30;5,00875281723178e-26;1;0,895;1;All_Others;0,75
RPL5;0,868970336548831;7,76463459288638e-30;1,06127025615571e-25;1;0,941;1;All_Others;0,75
RPL24;0,801738440351901;7,79728831454685e-30;1,06573336683226e-25;1;0,93;1;All_Others;0,75
RPS21;0,780388295780277;1,95305381193923e-29;2,66943395015854e-25;1;0,971;1;All_Others;0,75
RPS18;0,922062046352587;2,88308684794953e-29;3,94060310377742e-25;1;0,965;1;All_Others;0,75
TPT1;0,767581613888695;5,03343443144118e-29;6,8796981808938e-25;1;0,975;1;All_Others;0,75
RPL41;0,655008111145296;9,92533275780033e-29;1,35659448133615e-24;1;0,975;1;All_Others;0,75
RPL29;0,739269315431049;1,87688128426086e-28;2,56532133932774e-24;1;0,957;1;All_Others;0,75
RPL3;0,949412653728904;2,20356926207247e-28;3,01183846740066e-24;1;0,932;1;All_Others;0,75
RPS15;0,657131920316078;2,25743437670186e-27;3,08546130607611e-23;1;0,979;1;All_Others;0,75
RPL22;0,849474996188932;5,88526519888831e-27;8,04398047384054e-23;1;0,932;1;All_Others;0,75
RPL36;0,769597306365311;6,24272698100888e-27;8,53255923764294e-23;1;0,959;1;All_Others;0,75
TCF7;1,42878639613265;2,96151687584193e-26;4,04780126590075e-22;0,948;0,428;1;All_Others;0,75
RPL28;0,623265319865946;3,82893127765403e-26;5,23338327029753e-22;1;0,975;1;All_Others;0,75
NACA;0,74390147054911;9,13545255363093e-26;1,24863365503028e-21;1;0,956;1;All_Others;0,75
CD3E;1,3302470870032;9,31824287734041e-26;1,27361743647489e-21;0,99;0,43;1;All_Others;0,75
RPS6;0,804584694900924;7,71005800901338e-25;1,05381072867195e-20;1;0,957;1;All_Others;0,75
RPL18;0,690527223448377;1,08608959611901e-24;1,48446725997546e-20;1;0,974;1;All_Others;0,75
LEF1;1,27038268516164;2,56570045731907e-24;3,50679938506371e-20;0,918;0,319;1;All_Others;0,75
EEF1A1;0,612372126394493;2,98386609564173e-24;4,07834817952311e-20;1;0,982;1;All_Others;0,75
RPS16;0,778294902185195;3,34503605195542e-24;4,57199527581267e-20;1;0,941;1;All_Others;0,75
RPL10A;0,831755554611314;1,03157742242094e-23;1,40996002096494e-19;1;0,909;1;All_Others;0,75
SARAF;1,00548782321706;9,13632922736821e-23;1,24875347879669e-18;1;0,796;1;All_Others;0,75
RPL18A;0,704326144081693;2,34978577429639e-22;3,21168719630831e-18;1;0,964;1;All_Others;0,75
CD27;1,37600698196987;2,57920897564842e-22;3,52526282791626e-18;0,845;0,337;1;All_Others;0,75
RPS7;0,604602293000207;3,12817707363019e-22;4,27559242423774e-18;1;0,963;1;All_Others;0,75
RPLP2;0,602376681848101;4,24508634976255e-22;5,80218402285546e-18;1;0,961;1;All_Others;0,75
RPL6;0,611808462700004;7,49202960111408e-22;1,02401060588027e-17;1;0,96;1;All_Others;0,75
RACK1;0,614126385320915;4,74978128118205e-21;6,49200105511963e-17;1;0,956;1;All_Others;0,75
NOSIP;1,11354343347605;5,24753377202636e-21;7,17232915960562e-17;0,979;0,536;1;All_Others;0,75
RPS29;0,791312145983656;5,33483851947268e-21;7,29165728841526e-17;1;0,931;1;All_Others;0,75
CCR7;1,14641032696073;3,0791745350048e-20;4,20861575444456e-16;0,887;0,372;1;All_Others;0,75
TLE5;0,947032753184079;7,25140676909426e-20;9,91122277199803e-16;1;0,773;1;All_Others;0,75
CD3D;1,16117727790889;1,2380041696142e-19;1,69210409902869e-15;0,938;0,392;1;All_Others;0,75
RPS19;0,658378015202686;1,91870585042971e-19;2,62248715636733e-15;1;0,961;1;All_Others;0,75
RPL8;0,579834994387098;5,9587546980824e-19;8,14442592133903e-15;1;0,97;1;All_Others;0,75
LDLRAP1;1,30791953287531;2,13998728887978e-18;2,92493462644088e-14;0,763;0,302;1;All_Others;0,75
RPLP0;0,69796341206602;2,42739581838996e-18;3,3177646045754e-14;1;0,957;1;All_Others;0,75
RPL4;0,67955602368999;3,37650108950402e-18;4,6150016891341e-14;1;0,932;1;All_Others;0,75
RPL38;0,712528156431957;5,15449920437055e-18;7,04516951253367e-14;0,99;0,91;1;All_Others;0,75
TOMM7;0,749718000211792;1,5985217744926e-17;2,18485956137648e-13;1;0,902;1;All_Others;0,75
IFITM1;0,893957566376698;2,54445637325303e-17;3,47776297096225e-13;0,99;0,5;1;All_Others;0,75
CD7;0,97657409417016;2,54770396239289e-17;3,4822017757986e-13;0,887;0,398;1;All_Others;0,75
RPL7A;0,571946229919962;4,9947171701062e-17;6,82677942810115e-13;1;0,948;1;All_Others;0,75
RPL12;0,564599791659249;5,06706418527194e-17;6,92566332842968e-13;1;0,968;1;All_Others;0,75
RPS9;0,546169741757571;2,20310392398734e-16;3,0112024433059e-12;1;0,953;1;All_Others;0,75
LAT;1,05118524335712;2,41966975944552e-16;3,30720462721014e-12;0,866;0,406;1;All_Others;0,75
CD247;0,884856214939585;7,41630664291171e-16;1,01366079195317e-11;0,845;0,363;1;All_Others;0,75
NOP53;0,891638626877461;1,13490801468589e-15;1,55119227447268e-11;0,969;0,744;1;All_Others;0,75
RPSA;0,728721027479487;5,29960414333747e-15;7,24349894311366e-11;1;0,876;1;All_Others;0,75
NPM1;0,814648410638307;5,77951955939944e-15;7,89944733378715e-11;1;0,785;1;All_Others;0,75
RPS2P5;0,733519728820701;8,62596820226423e-15;1,17899733388548e-10;0,99;0,838;1;All_Others;0,75
RPS4Y1;0,710354781445776;8,78176220608789e-15;1,20029125832809e-10;0,99;0,858;1;All_Others;0,75
NDFIP1;0,954428268884244;1,31506045034116e-14;1,7974246235263e-10;0,907;0,526;1;All_Others;0,75
FLT3LG;1,17105505356057;2,11731245373554e-14;2,89394266176573e-10;0,773;0,36;1;All_Others;0,75
C12orf57;0,928300690863855;3,57684161976628e-14;4,88882712589655e-10;0,979;0,644;1;All_Others;0,75
CD3G;0,91453677619513;4,07147860510966e-14;5,56489695746389e-10;0,825;0,355;1;All_Others;0,75
RPL37A;0,528200757728674;4,26281897414438e-14;5,82642097386054e-10;1;0,945;1;All_Others;0,75
LCK;1,01522949630319;1,17545167506845e-13;1,60660734948356e-09;0,825;0,419;1;All_Others;0,75
RPL31;0,610826706661454;2,47238514463815e-13;3,37925601569142e-09;1;0,901;1;All_Others;0,75
COX7C;0,654971390767175;3,13631036546211e-13;4,28670900751361e-09;0,99;0,887;1;All_Others;0,75
EEF1D;0,55222761851848;1,06347756672611e-12;1,45356113820125e-08;1;0,946;1;All_Others;0,75
RPL27;0,521564554331525;2,20770150272528e-12;3,01748641392492e-08;1;0,927;1;All_Others;0,75
GYPC;1,07491362894608;2,30227533764453e-12;3,14674993149255e-08;0,825;0,483;1;All_Others;0,75
EIF3E;0,803648001605839;4,58504504249736e-12;6,2668395640854e-08;0,928;0,693;1;All_Others;0,75
BTF3;0,545704233888454;1,64897035981991e-11;2,25381268780185e-07;1;0,891;1;All_Others;0,75
ST13;0,980051307643421;1,72388672286323e-11;2,35620837280947e-07;0,835;0,557;1;All_Others;0,75
HSPA8;0,657417392109319;2,63166516128893e-11;3,59695994244971e-07;0,99;0,761;1;All_Others;0,75
SNRPD2;0,695365913060624;2,85357652112691e-11;3,90026838907626e-07;0,969;0,772;1;All_Others;0,75
BTG1;0,634350787545044;5,30590452886506e-11;7,25211031005277e-07;0,979;0,898;1;All_Others;0,75
SOD1;0,835209169456862;7,91294503910583e-11;1,08154132794499e-06;0,866;0,555;1;All_Others;0,75
RPL21;0,803032202246313;8,95517691759202e-11;1,22399358109648e-06;0,979;0,729;1;All_Others;0,75
LEPROTL1;0,705930039248657;9,90838660162058e-11;1,3542782807095e-06;0,866;0,492;1;All_Others;0,75
RPL35;0,502306022098679;1,05802275409199e-10;1,44610550029293e-06;1;0,935;1;All_Others;0,75
IL7R;0,540597436095988;1,09898770756735e-10;1,50209639870306e-06;0,887;0,409;1;All_Others;0,75
LTB;0,518215545931326;1,31736076608276e-10;1,80056869508192e-06;0,99;0,595;1;All_Others;0,75
SELL;0,604799824658621;1,32585173052747e-10;1,81217414528494e-06;0,99;0,653;1;All_Others;0,75
RGS10;0,624013192136813;1,42308020775438e-10;1,94506602795869e-06;0,866;0,529;1;All_Others;0,75
EVL;0,687755350299481;1,73551687363709e-10;2,37210446288717e-06;0,959;0,616;1;All_Others;0,75
SEPTIN1;0,98104796032082;2,91017636122857e-10;3,97762905052721e-06;0,784;0,467;1;All_Others;0,75
GIMAP7;0,696223971611221;3,32841500213004e-10;4,54927762491134e-06;0,959;0,67;1;All_Others;0,75
ETS1;0,672835302763794;3,73198025177648e-10;5,10087060812809e-06;0,907;0,523;1;All_Others;0,75
MZT2B;0,779095549728744;4,83286533272709e-10;6,60556033677139e-06;0,918;0,699;1;All_Others;0,75
TMEM123;0,853831293323574;1,23980105207191e-09;1,69456007797189e-05;0,804;0,526;1;All_Others;0,75
RPL36A;0,748226880299105;1,2669626547069e-09;1,73168455645339e-05;0,887;0,704;1;All_Others;0,75
FCMR;0,517964685160493;1,44500422176256e-09;1,97503177030506e-05;0,866;0,448;1;All_Others;0,75
HINT1;0,632505009503121;5,81436940916112e-09;7,94708010844142e-05;0,99;0,831;1;All_Others;0,75
RPL23A;0,518684385237453;5,93222547810417e-09;8,10816578347279e-05;1;0,877;1;All_Others;0,75
NSA2;0,74934532006844;8,2719125294945e-09;0,000113060500453131;0,825;0,566;1;All_Others;0,75
LBH;0,650929485389606;2,56371167416017e-08;0,000350408111624212;0,773;0,414;1;All_Others;0,75
EIF3H;0,687480021821852;5,23498111956408e-08;0,000715517219422019;0,918;0,706;1;All_Others;0,75
UQCRB;0,558456274949931;5,33186934742995e-08;0,000728759902406725;0,959;0,845;1;All_Others;0,75
EIF3F;0,570399661503077;6,80061877000925e-08;0,000929508573484865;0,959;0,78;1;All_Others;0,75
COMMD6;0,516873541441472;6,84334969764048e-08;0,0009353490366735;0,959;0,849;1;All_Others;0,75
RPS26;0,594538392332202;2,17389607517017e-07;0,00297128115554258;0,907;0,757;1;All_Others;0,75
ANP32B;0,663576655716773;3,22196213572126e-07;0,00440377784710382;0,856;0,663;1;All_Others;0,75
TBC1D10C;0,527879178144997;4,33552047788483e-07;0,00592578938917299;0,897;0,551;1;All_Others;0,75
MIF;0,522638548420627;4,76335696525261e-07;0,00651055630010726;0,948;0,744;1;All_Others;0,75
H4C3;0,680674989848359;4,81553162797984e-07;0,00658186862912285;0,866;0,635;1;All_Others;0,75
APRT;0,521727723672979;5,43422943743984e-07;0,00742750479509278;0,938;0,702;1;All_Others;0,75
PEBP1;0,822145605196894;5,7963400078045e-07;0,00792243752266719;0,763;0,486;1;All_Others;0,75
SSR2;0,541253977261212;2,5959808494765e-06;0,0354818662506448;0,928;0,696;1;All_Others;0,75
LEF1;1,79578709282152;3,1391802688273e-36;4,29063159143315e-32;0,936;0,319;2;All_Others;0,75
CAMK4;1,80632463884365;2,52981205154906e-35;3,45774711205725e-31;0,894;0,278;2;All_Others;0,75
TCF7;1,50898974688807;1,07030411654406e-27;1,46289166649242e-23;0,957;0,429;2;All_Others;0,75
CCR7;1,78508600152922;1,41222026164361e-27;1,93022265361449e-23;0,904;0,371;2;All_Others;0,75
RPS15A;0,812402982174569;3,74466694189115e-27;5,11821077617682e-23;1;0,977;2;All_Others;0,75
BCL11B;1,70402028468051;1,93525568285529e-24;2,6451074673266e-20;0,777;0,296;2;All_Others;0,75
RPL32;0,750535034554986;2,57550142725461e-24;3,52019535077161e-20;1;0,972;2;All_Others;0,75
SARAF;1,11993168168896;8,00966870351147e-24;1,09476151839595e-19;0,989;0,798;2;All_Others;0,75
NPM1;1,08814663517031;1,58682547076555e-23;2,16887305344235e-19;0,989;0,787;2;All_Others;0,75
RPS14;0,705625567533507;2,58136158469502e-23;3,52820501396116e-19;1;0,967;2;All_Others;0,75
CD3G;1,54448941629902;3,9983863339466e-23;5,46499444123822e-19;0,851;0,354;2;All_Others;0,75
RPL30;0,708883215558888;3,28616098567242e-22;4,49152483521707e-18;1;0,963;2;All_Others;0,75
RPS25;0,795135478304988;4,15042173668505e-21;5,67279642970113e-17;1;0,959;2;All_Others;0,75
RPL35A;0,627555380433042;4,41970710753744e-21;6,04085567458217e-17;1;0,968;2;All_Others;0,75
RPL37;0,617584051454038;6,57840551447748e-21;8,99136465718782e-17;1;0,97;2;All_Others;0,75
RPS27;0,802598646091663;7,19144187002386e-21;9,82926274794862e-17;1;0,963;2;All_Others;0,75
RPL34;0,61635787741647;8,99620684746096e-21;1,22960155191096e-16;1;0,971;2;All_Others;0,75
EEF1A1;0,570059365449056;1,43789686586164e-20;1,96531743625969e-16;1;0,982;2;All_Others;0,75
ETS1;1,22509284555173;1,49036537818058e-20;2,03703139889722e-16;0,926;0,523;2;All_Others;0,75
ABLIM1;1,45659283881807;3,9084317590637e-20;5,34204452828826e-16;0,755;0,286;2;All_Others;0,75
RPL11;0,610986434722852;6,60807844419115e-20;9,03192161752047e-16;1;0,979;2;All_Others;0,75
CD27;1,35250989461597;6,6446084335923e-20;9,08185080703395e-16;0,84;0,34;2;All_Others;0,75
RPS3A;0,692589197484037;8,51218797373066e-20;1,16344585224951e-15;1;0,97;2;All_Others;0,75
RPS12;0,750552867753396;1,56126333749465e-19;2,13393472968769e-15;1;0,967;2;All_Others;0,75
RPS13;0,57710074938107;1,62425108608665e-19;2,22002638446324e-15;1;0,961;2;All_Others;0,75
TC2N;1,21498635705131;1,8606727515434e-19;2,54316751680952e-15;0,755;0,296;2;All_Others;0,75
RPS28;0,533046311989493;3,84828433206758e-19;5,25983502506998e-15;1;0,967;2;All_Others;0,75
RPL5;0,719116565874503;4,83932230374121e-19;6,61438572475349e-15;1;0,941;2;All_Others;0,75
PIK3IP1;1,29930414130865;5,75687588951379e-19;7,86849796578745e-15;0,798;0,334;2;All_Others;0,75
IL7R;1,06032297275954;8,96942022391998e-19;1,22594035620538e-14;0,936;0,404;2;All_Others;0,75
RPS6;0,715685271312793;1,00043169851155e-18;1,36739004552558e-14;1;0,957;2;All_Others;0,75
SELL;1,01645521501663;1,14212782447165e-18;1,56106031048786e-14;0,957;0,659;2;All_Others;0,75
CD3D;1,21694157707219;1,28678869088974e-18;1,7587827827081e-14;0,926;0,396;2;All_Others;0,75
CD3E;1,12534233263243;2,24503996806611e-18;3,06852062835276e-14;0,968;0,435;2;All_Others;0,75
LBH;1,35823835670696;2,43105610864691e-18;3,3227674892986e-14;0,862;0,404;2;All_Others;0,75
EEF1B2;0,810891276303604;3,83888981803255e-18;5,24699460328689e-14;1;0,889;2;All_Others;0,75
RPL39;0,521817829155509;4,5766457466579e-18;6,25535940653202e-14;1;0,967;2;All_Others;0,75
EVL;0,979935899446001;4,76040727719772e-18;6,50652466647384e-14;0,968;0,616;2;All_Others;0,75
RPL13;0,633774654191253;7,65277864180578e-18;1,04598178476201e-13;1;0,978;2;All_Others;0,75
RPS29;0,727749379867666;8,12835183921783e-18;1,11098312938429e-13;1;0,931;2;All_Others;0,75
RPS21;0,640543663958952;1,09189171872249e-17;1,4923976011499e-13;1;0,971;2;All_Others;0,75
RPL19;0,58622451467323;1,28179075849764e-17;1,75195160871458e-13;1;0,972;2;All_Others;0,75
RPS27A;0,646897866454664;3,9669816402336e-17;5,42207050587128e-13;1;0,967;2;All_Others;0,75
RPS5;0,782076504524443;5,84436985441887e-17;7,98808471701971e-13;1;0,895;2;All_Others;0,75
RPS16;0,630602017454712;6,89986326600026e-17;9,43073311196915e-13;1;0,941;2;All_Others;0,75
RPL10;0,642689947830829;7,65916328482061e-17;1,04685443776928e-12;1;0,975;2;All_Others;0,75
RPS8;0,578885182175966;8,08549685311847e-17;1,10512570988423e-12;1;0,967;2;All_Others;0,75
RPS23;0,618127927762684;8,15795330123741e-17;1,11502905721313e-12;1;0,959;2;All_Others;0,75
LAT;1,16275628921215;1,01290925627868e-16;1,38444437148171e-12;0,872;0,407;2;All_Others;0,75
RPL3;0,732060349735455;1,70981833415485e-16;2,33697969912284e-12;1;0,933;2;All_Others;0,75
GIMAP7;0,957511200161992;1,94325123454259e-16;2,65603578737282e-12;0,957;0,671;2;All_Others;0,75
RPS3;0,687824279962356;2,3691445767136e-16;3,23814680745215e-12;1;0,964;2;All_Others;0,75
EEF2;0,636504474804896;2,37116040557629e-16;3,24090204234167e-12;1;0,937;2;All_Others;0,75
TPT1;0,5354650323881;3,17980603499885e-16;4,34615888863643e-12;1;0,975;2;All_Others;0,75
TOMM7;0,795451795096095;5,24024214507906e-16;7,16236296389406e-12;1;0,902;2;All_Others;0,75
RPL4;0,640665999427311;6,45235596534668e-16;8,81908013343585e-12;1;0,933;2;All_Others;0,75
RPL18;0,551924609786122;6,83613716899188e-16;9,3436322825781e-12;1;0,974;2;All_Others;0,75
RPL36;0,580704230325203;7,28176121256536e-16;9,95271122533434e-12;1;0,959;2;All_Others;0,75
NOSIP;1,08518779482787;1,39257672067847e-15;1,90337386182334e-11;0,926;0,545;2;All_Others;0,75
RPL14;0,641607388047873;2,14387279605048e-15;2,9302453376418e-11;1;0,95;2;All_Others;0,75
PABPC1;0,509104712894245;7,2828697289411e-15;9,95422634551669e-11;1;0,971;2;All_Others;0,75
RPL24;0,556212207386168;7,58485561938766e-15;1,0366980660579e-10;1;0,93;2;All_Others;0,75
LCK;1,02947948727701;1,0161311209258e-14;1,38884801608138e-10;0,872;0,414;2;All_Others;0,75
RPS15;0,500441965443225;1,47141194558661e-14;2,01112584722778e-10;1;0,979;2;All_Others;0,75
TLE5;0,806531235139394;2,53927199456831e-14;3,47067696217597e-10;0,979;0,777;2;All_Others;0,75
RPL10A;0,635701369035307;4,20695486583974e-14;5,75006591062976e-10;1;0,909;2;All_Others;0,75
RPL29;0,527984271448843;6,38274173954076e-14;8,72393140960432e-10;1;0,957;2;All_Others;0,75
CD7;0,816080607945034;1,35040390876595e-13;1,8457320625013e-09;0,872;0,402;2;All_Others;0,75
CD247;0,940535706953975;1,64956133078677e-13;2,25462042691936e-09;0,787;0,373;2;All_Others;0,75
RPS18;0,616105383832071;1,78792177596795e-13;2,44373148339299e-09;1;0,966;2;All_Others;0,75
RPS4X;0,580749388043519;1,92165994173857e-13;2,62652480836828e-09;1;0,959;2;All_Others;0,75
RPL22;0,550793161186681;3,19067541235005e-13;4,36101515360005e-09;1;0,933;2;All_Others;0,75
RACK1;0,503988110034315;3,73763543791125e-13;5,1086001165371e-09;1;0,956;2;All_Others;0,75
C12orf57;0,910148875308676;3,94227082157059e-13;5,38829575892269e-09;0,968;0,646;2;All_Others;0,75
LEPROTL1;1,088029744605;3,9573919468104e-13;5,40896331290046e-09;0,83;0,498;2;All_Others;0,75
RPS4Y1;0,674001590468781;5,48550050441622e-13;7,49758208943609e-09;1;0,857;2;All_Others;0,75
NDFIP1;1,05034532338562;1,27959774913729e-12;1,74895420352085e-08;0,809;0,541;2;All_Others;0,75
BTG1;0,686104179110797;1,74402279643508e-12;2,38373035816747e-08;1;0,895;2;All_Others;0,75
NOP53;0,823022970846382;2,20024639446282e-12;3,00729677195178e-08;0,936;0,75;2;All_Others;0,75
IFITM1;0,736246186832245;2,56277543606357e-12;3,50280146601169e-08;0,968;0,505;2;All_Others;0,75
RPSA;0,648345453399267;5,82687690021663e-12;7,96417534721609e-08;0,989;0,878;2;All_Others;0,75
RPL18A;0,514138468490784;1,32885445297364e-11;1,81627826632437e-07;1;0,964;2;All_Others;0,75
FCMR;0,784827728922961;5,40908378721269e-11;7,3931357203623e-07;0,851;0,451;2;All_Others;0,75
FYB1;0,765102576408471;6,01681366187564e-11;8,22378091305163e-07;0,979;0,759;2;All_Others;0,75
ANP32B;0,768064691777566;7,00968805511666e-11;9,58084163373345e-07;0,915;0,656;2;All_Others;0,75
GYPC;0,888732130649857;8,08777933863862e-11;1,10543768000513e-06;0,83;0,484;2;All_Others;0,75
RPL31;0,552506600047953;1,0474269045184e-10;1,43162309309576e-06;1;0,901;2;All_Others;0,75
RBL2;0,818023786326244;1,19271891420595e-10;1,63020821193669e-06;0,83;0,534;2;All_Others;0,75
ADD3;0,874396647062333;1,69132317004192e-10;2,3117005088133e-06;0,819;0,576;2;All_Others;0,75
RPL38;0,528178445953364;1,88478667788188e-10;2,57612643132895e-06;1;0,909;2;All_Others;0,75
HSPA8;0,654794404096455;2,27875439887815e-10;3,11460151238666e-06;0,979;0,763;2;All_Others;0,75
UXT;0,834550328484319;1,00695249526685e-09;1,37630267053072e-05;0,883;0,624;2;All_Others;0,75
ARL4C;0,589533197074638;1,49898052769601e-09;2,04880658525491e-05;0,809;0,435;2;All_Others;0,75
BTF3;0,517205563101245;1,6640654102919e-09;2,27444460278697e-05;1;0,891;2;All_Others;0,75
EIF3E;0,828023045442718;4,11609759685132e-09;5,62588219537638e-05;0,894;0,699;2;All_Others;0,75
LIMD2;0,551385433974839;4,94500768037752e-09;6,75883649753999e-05;0,989;0,875;2;All_Others;0,75
RGS10;0,544327857609495;5,12845110332899e-09;7,00956696803006e-05;0,84;0,534;2;All_Others;0,75
MZT2B;0,72164411061219;1,83082479200854e-08;0,000250237132571728;0,883;0,704;2;All_Others;0,75
H4C3;0,649247718201985;3,1568642454509e-08;0,000431480205068229;0,894;0,633;2;All_Others;0,75
TMEM123;0,90571235008573;3,55408830717368e-08;0,000485772789824499;0,766;0,532;2;All_Others;0,75
KLF2;0,534954676907931;4,11611318771927e-08;0,000562590350497469;0,979;0,864;2;All_Others;0,75
LINC00869;0,669640518718632;7,01161157320463e-08;0,000958347069825608;0,84;0,596;2;All_Others;0,75
TRAF3IP3;0,56663841710639;8,33135609073765e-08;0,00113872975048202;0,947;0,739;2;All_Others;0,75
RPS2P5;0,501788723803095;1,0677559335986e-07;0,00145940881004257;0,957;0,843;2;All_Others;0,75
MBNL1;0,535464891229638;1,17532606559863e-07;0,00160643566646021;0,947;0,776;2;All_Others;0,75
ST13;0,762951816278866;2,1209209904776e-07;0,00289887480978478;0,787;0,564;2;All_Others;0,75
IKZF1;0,6310642496728;4,26499141897052e-07;0,00582939027144891;0,83;0,627;2;All_Others;0,75
SEPTIN1;0,644146476941481;4,92936886882269e-07;0,00673746136990686;0,766;0,47;2;All_Others;0,75
LCP2;0,512406760602222;2,75001830075333e-06;0,0375872501346965;0,798;0,516;2;All_Others;0,75
RPS20;0,542275405972269;2,93434918339995e-06;0,0401066846387105;0,947;0,766;2;All_Others;0,75
SNRPD2;0,522077058282954;3,43350112938807e-06;0,0469290934364762;0,947;0,776;2;All_Others;0,75
COX6C;0,500411705471035;3,61674609773992e-06;0,0494336856639092;0,947;0,739;2;All_Others;0,75
MS4A1;10,5429837029414;1,02916538069071e-164;1,40666324232807e-160;0,943;0,003;3;All_Others;0,75
IGHM;12,5943428467823;2,82284073026713e-164;3,85825871012912e-160;0,931;0,001;3;All_Others;0,75
BANK1;7,92433716962436;9,03534267095817e-139;1,23495063626656e-134;0,885;0,015;3;All_Others;0,75
FCER2;8,66448509147872;3,07691075396278e-134;4,20552161851633e-130;0,805;0,005;3;All_Others;0,75
CD79A;7,8753211799151;1,46310478815835e-132;1,99977162445483e-128;0,931;0,031;3;All_Others;0,75
NIBAN3;7,07284739918875;3,62724008021329e-131;4,95771174163553e-127;0,908;0,027;3;All_Others;0,75
CD79B;5,5512521140032;4,14097386251459e-100;5,65988307528494e-96;0,908;0,072;3;All_Others;0,75
RALGPS2;5,26470943987979;1,37684550260598e-98;1,88187243296186e-94;0,862;0,057;3;All_Others;0,75
AFF3;4,47924318098195;3,64358067643514e-77;4,98004606855155e-73;0,816;0,083;3;All_Others;0,75
HLA-DQB1;3,97575962539815;9,566525606815e-75;1,30755271993947e-70;0,966;0,173;3;All_Others;0,75
NAA35;4,24380025660775;1,28528165310953e-70;1,75672296347011e-66;0,805;0,098;3;All_Others;0,75
HVCN1;4,01606541003556;3,98715054393014e-65;5,44963736344371e-61;0,908;0,173;3;All_Others;0,75
IRF8;3,59153268259378;2,35379119790509e-56;3,21716180929667e-52;0,793;0,12;3;All_Others;0,75
HLA-DMA;2,81525083719881;3,39403792765415e-54;4,63897103951769e-50;0,954;0,225;3;All_Others;0,75
HLA-DQA1;3,06327871250592;1,07661537263798e-53;1,47151789132158e-49;1;0,369;3;All_Others;0,75
HLA-DRB1;2,78005000249149;1,61188812499769e-52;2,20312868924684e-48;0,977;0,339;3;All_Others;0,75
HLA-DPB1;2,61026077554005;9,07090721992038e-50;1,23981159881872e-45;0,977;0,341;3;All_Others;0,75
HLA-DPA1;2,65700702243224;9,33919939055446e-50;1,27648177270098e-45;0,966;0,332;3;All_Others;0,75
MEF2C;2,86208810947449;2,50599664263365e-49;3,42519621115168e-45;0,92;0,23;3;All_Others;0,75
CD74;3,55524020003023;5,52336148981079e-49;7,54933048427339e-45;1;0,837;3;All_Others;0,75
CD37;2,37042125782998;1,04941840256311e-46;1,43434507262326e-42;1;0,892;3;All_Others;0,75
HLA-DRB3;2,45382065507679;1,13280123975889e-42;1,54831273450245e-38;0,782;0,161;3;All_Others;0,75
SNX2;2,38048031511534;2,97980916223304e-34;4,07280316294011e-30;0,851;0,305;3;All_Others;0,75
HLA-DRA;1,82091732921984;2,28366174062429e-29;3,12130886708528e-25;0,77;0,208;3;All_Others;0,75
NAPSB;1,83370400490006;1,5418989216844e-28;2,10746744615824e-24;0,805;0,219;3;All_Others;0,75
FCMR;1,92476723549573;3,82342021733708e-25;5,22585075305632e-21;0,897;0,45;3;All_Others;0,75
PRKCB;1,50956026648946;1,00932804960427e-22;1,37954957819912e-18;0,874;0,437;3;All_Others;0,75
LTB;1,21935327022638;7,47123874543013e-22;1,02116891172539e-17;0,977;0,602;3;All_Others;0,75
REL;1,88031589738589;2,90330998918236e-20;3,96824409321445e-16;0,793;0,365;3;All_Others;0,75
CD52;0,994169328706567;2,13133446977988e-19;2,91310795329515e-15;0,966;0,888;3;All_Others;0,75
EZR;1,63304345027036;4,42623893526916e-19;6,04978337672589e-15;0,828;0,444;3;All_Others;0,75
MT-ND4L;0,818309880833334;8,19075572159969e-16;1,11951249202825e-11;1;0,929;3;All_Others;0,75
LAPTM5;0,864373262626324;9,64845923107415e-16;1,31875140770322e-11;0,954;0,917;3;All_Others;0,75
SNX3;1,44376993838303;2,88627537763862e-15;3,94496118615647e-11;0,805;0,541;3;All_Others;0,75
SELL;0,978712945320545;3,05380370168981e-14;4,17393889946963e-10;0,954;0,662;3;All_Others;0,75
RPL18A;0,583942104617674;1,4670429523052e-13;2,00515430721075e-09;0,977;0,967;3;All_Others;0,75
SEC62;1,1715172426176;4,12145712214486e-13;5,6332075945476e-09;0,839;0,542;3;All_Others;0,75
CD81;1,27830086725543;6,03309234635e-13;8,24603061899118e-09;0,77;0,477;3;All_Others;0,75
SP100;1,29157547994449;6,33556907499006e-13;8,65945581169642e-09;0,805;0,523;3;All_Others;0,75
POU2F2;1,06695500737188;1,6007084065108e-12;2,18784825001896e-08;0,793;0,39;3;All_Others;0,75
PLCG2;0,832813393017926;2,12875390851153e-12;2,90958084215356e-08;0,759;0,395;3;All_Others;0,75
MT-CO2;0,523785806391056;1,81855851717797e-11;2,48560578127885e-07;1;1;3;All_Others;0,75
BTG1;0,830100559529252;2,55897268583614e-11;3,49760386700084e-07;0,954;0,902;3;All_Others;0,75
LIMD2;0,750564360654666;4,59564350546695e-11;6,28132554327222e-07;0,954;0,88;3;All_Others;0,75
FOXP1;1,21120577087817;4,68113223178419e-11;6,39817153440263e-07;0,77;0,503;3;All_Others;0,75
TAGLN2;0,656148399984812;1,0382190383119e-10;1,4190377815647e-06;0,897;0,718;3;All_Others;0,75
MT-ND6;0,785190739590222;5,0782183438584e-10;6,94090883238566e-06;0,954;0,757;3;All_Others;0,75
ZFP36L1;0,955943855161921;6,5237885819921e-10;8,91671423386681e-06;0,885;0,737;3;All_Others;0,75
RCSD1;0,843292868302357;1,08553681657358e-09;1,48371172089276e-05;0,897;0,685;3;All_Others;0,75
PTPN6;0,993835811610256;1,77168286500768e-09;2,4215361398925e-05;0,874;0,639;3;All_Others;0,75
CD53;0,99978751030881;7,32582002689085e-09;0,000100129308127544;0,828;0,621;3;All_Others;0,75
SMAP2;0,738284622558292;4,22033253274835e-08;0,000576835050576044;0,885;0,677;3;All_Others;0,75
UCP2;0,849789943312455;1,40159071228897e-07;0,00191569418555657;0,839;0,67;3;All_Others;0,75
RPS5;0,547627993826916;1,69107895408896e-07;0,00231136671444879;0,943;0,903;3;All_Others;0,75
GDI2;0,782786404525716;5,21478029059448e-07;0,00712756170118454;0,816;0,583;3;All_Others;0,75
SEPTIN6;0,641052396374938;9,44851529694486e-07;0,0129142307078642;0,759;0,526;3;All_Others;0,75
RPSA;0,507100647942378;1,30646757209039e-06;0,0178567987753315;0,966;0,881;3;All_Others;0,75
CSF1R;3,31510748790769;5,69338762951507e-65;7,78172221202119e-61;0,795;0,08;4;All_Others;0,75
CPVL;3,1412190762796;3,58627445381102e-63;4,9017199234689e-59;0,855;0,107;4;All_Others;0,75
LGALS2;2,95155549388633;2,24108429320854e-58;3,06311401195744e-54;0,88;0,134;4;All_Others;0,75
SERPINA1;2,61732024077817;1,43682459572205e-54;1,9638518574329e-50;0,988;0,213;4;All_Others;0,75
FGL2;2,37863533506984;4,15112110745967e-47;5,67375232967588e-43;0,928;0,194;4;All_Others;0,75
TNFAIP2;2,21108705955145;2,35540646287186e-45;3,21936955345326e-41;0,976;0,214;4;All_Others;0,75
DUSP6;2,55024371610772;3,6993673281675e-45;5,05629526413934e-41;0,855;0,171;4;All_Others;0,75
LILRB2;2,26365726229737;8,78842675114726e-45;1,20120216834681e-40;0,952;0,214;4;All_Others;0,75
CFD;2,23042086915893;1,60158739633288e-44;2,18904965330778e-40;0,928;0,21;4;All_Others;0,75
NCF2;2,04075514387709;1,6742127723078e-43;2,28831401719031e-39;0,952;0,202;4;All_Others;0,75
CST3;2,04498584851485;2,47226649393205e-43;3,37909384390633e-39;1;0,293;4;All_Others;0,75
SPI1;2,16191859731895;3,15706616645198e-43;4,31507803630656e-39;1;0,294;4;All_Others;0,75
SLC7A7;2,45851802130173;3,87282097502091e-43;5,29337170865858e-39;0,759;0,123;4;All_Others;0,75
FPR1;1,9230059223362;5,31444380172681e-43;7,26378178820021e-39;0,916;0,18;4;All_Others;0,75
CD68;2,11274062596648;1,82313948620446e-41;2,49186704974425e-37;0,928;0,221;4;All_Others;0,75
LST1;2,2372260521927;1,9160869962504e-41;2,61890770647504e-37;1;0,293;4;All_Others;0,75
TYROBP;1,94908955404225;1,7925989644662e-40;2,45012426463241e-36;1;0,327;4;All_Others;0,75
TYMP;2,08490618297697;1,87739834301134e-40;2,5660280552279e-36;1;0,344;4;All_Others;0,75
CFP;2,08004291249848;5,58380414636352e-40;7,63194350724966e-36;0,964;0,259;4;All_Others;0,75
HLA-DRA;2,18975920044272;3,86020544851242e-39;5,27612880702678e-35;0,88;0,199;4;All_Others;0,75
FCN1;1,96706841902985;9,16696161055265e-39;1,25294031293034e-34;0,976;0,26;4;All_Others;0,75
PSAP;2,14430261217986;1,05279372090717e-38;1,43895845773592e-34;1;0,656;4;All_Others;0,75
HCK;2,30910860940824;5,93918730657402e-38;8,11768121062538e-34;0,88;0,218;4;All_Others;0,75
FCER1G;2,00453081514227;1,94366475986062e-37;2,65660099377749e-33;1;0,32;4;All_Others;0,75
MS4A6A;2,03457853056057;2,33723750124568e-37;3,1945362167026e-33;0,892;0,215;4;All_Others;0,75
FGR;1,93469736978315;3,99605485953362e-37;5,46180778201056e-33;0,964;0,299;4;All_Others;0,75
CLEC7A;2,19411917819527;1,47360907377963e-36;2,014128882042e-32;0,771;0,153;4;All_Others;0,75
LGALS3;2,03950361431421;3,91540042862719e-36;5,35156930584764e-32;0,892;0,23;4;All_Others;0,75
CTSS;1,95748342552571;6,11732250212607e-36;8,36115639590591e-32;1;0,489;4;All_Others;0,75
AIF1;1,97436581854816;1,57576322871952e-35;2,15375318101383e-31;1;0,428;4;All_Others;0,75
CD14;1,95008264053209;2,87303001606563e-34;3,9268574259585e-30;0,867;0,209;4;All_Others;0,75
IGSF6;2,12335362893503;2,90082290450732e-34;3,96484474588061e-30;0,759;0,159;4;All_Others;0,75
MPEG1;1,83807092056333;5,12254421945626e-34;7,00149343915282e-30;0,892;0,224;4;All_Others;0,75
CYBB;1,86465952488005;9,38378118554045e-34;1,28257521243967e-29;0,94;0,302;4;All_Others;0,75
CTSB;1,86513045227588;6,14287947575868e-33;8,39608766746697e-29;0,952;0,35;4;All_Others;0,75
KCTD12;1,91921761988212;1,48943693947809e-32;2,03576240887865e-28;0,771;0,169;4;All_Others;0,75
NPC2;1,9522585308826;2,52983365045718e-32;3,45777663344488e-28;0,928;0,382;4;All_Others;0,75
CTSH;1,92656036305871;3,03377022808411e-32;4,14655714774536e-28;0,867;0,251;4;All_Others;0,75
LRP1;1,91387271143536;3,50010189896821e-32;4,78393927550974e-28;0,819;0,198;4;All_Others;0,75
FTH1;1,55394195478906;4,92911893181279e-32;6,73711975600172e-28;1;0,97;4;All_Others;0,75
GRN;1,76578067824599;1,27040989481e-31;1,73639624422631e-27;0,964;0,318;4;All_Others;0,75
FCGRT;1,88771244770672;1,58552335029095e-31;2,16709331517767e-27;0,928;0,329;4;All_Others;0,75
FTL;1,73288316022122;1,64465752905086e-31;2,24791791070672e-27;1;0,967;4;All_Others;0,75
LGALS1;1,75961378689756;7,92708080654727e-31;1,08347340463888e-26;0,988;0,381;4;All_Others;0,75
LYZ;1,58184798135719;1,24684560116036e-30;1,70418856766598e-26;1;0,267;4;All_Others;0,75
COTL1;1,72932737681315;1,50608100128785e-30;2,05851151256023e-26;0,988;0,694;4;All_Others;0,75
HLA-DRB1;1,471972156885;2,1636087988987e-30;2,95722050633474e-26;0,988;0,341;4;All_Others;0,75
TNFRSF1B;1,99524816543366;9,36674074757682e-30;1,2802461253788e-25;0,892;0,325;4;All_Others;0,75
BRI3;1,63185305884224;1,54668597259855e-29;2,1140103873477e-25;0,988;0,478;4;All_Others;0,75
ANXA5;1,78581318252642;3,34221008376277e-29;4,56813274248696e-25;0,928;0,327;4;All_Others;0,75
TIMP2;1,81783504716401;3,55175606847519e-29;4,85454019439189e-25;0,759;0,178;4;All_Others;0,75
CSTA;1,56248971350041;4,69348642745138e-29;6,41505724904055e-25;0,843;0,211;4;All_Others;0,75
HLA-DPA1;1,49692833995575;1,13681137403067e-28;1,55379378602512e-24;0,94;0,339;4;All_Others;0,75
CTSZ;1,80615638896509;1,34722419757245e-28;1,84138603324203e-24;0,904;0,335;4;All_Others;0,75
CCDC88A;1,79701608665472;6,0616791930598e-28;8,28510312107413e-24;0,807;0,215;4;All_Others;0,75
NAGK;1,63188656339557;1,10177042057716e-27;1,50589981084486e-23;0,867;0,285;4;All_Others;0,75
MNDA;1,32380864586098;1,4685550178596e-27;2,0072209984105e-23;0,928;0,253;4;All_Others;0,75
GSTP1;1,59881346061732;2,31985984210947e-27;3,17078443219522e-23;1;0,579;4;All_Others;0,75
PYCARD;1,72297922265136;2,5395789788606e-27;3,47109654830666e-23;0,916;0,4;4;All_Others;0,75
PRAM1;1,49006519347365;1,38391341261732e-26;1,89153285236535e-22;0,759;0,183;4;All_Others;0,75
GPX1;1,22991705047684;2,71933406271513e-26;3,71678579691904e-22;0,988;0,584;4;All_Others;0,75
MYO1F;1,50273492787488;2,94504739971195e-26;4,02529078592629e-22;0,94;0,336;4;All_Others;0,75
S100A11;1,39884693480047;3,22076821003533e-26;4,40214598947628e-22;1;0,622;4;All_Others;0,75
GABARAP;1,26994564990969;4,38843351460671e-26;5,99811092776444e-22;1;0,829;4;All_Others;0,75
S100A9;1,0017425104541;6,99414465335435e-26;9,55959691220473e-22;1;0,275;4;All_Others;0,75
CD36;1,58823703148556;7,68226663762772e-26;1,05001220403096e-21;0,807;0,215;4;All_Others;0,75
CEBPD;1,40463052774105;8,99401122946518e-26;1,2293014548433e-21;0,976;0,318;4;All_Others;0,75
EFHD2;1,38490260159184;2,00899737883827e-25;2,74589761739615e-21;0,976;0,43;4;All_Others;0,75
ZEB2;1,62284284111528;2,22590638981786e-25;3,04236885360305e-21;0,867;0,289;4;All_Others;0,75
AP1S2;1,62857299516109;2,26776941453783e-25;3,09958723579031e-21;0,88;0,322;4;All_Others;0,75
CALM2;1,30589183106164;3,01615807427642e-25;4,12248485592101e-21;0,988;0,816;4;All_Others;0,75
SH3BGRL3;0,999683392835781;3,8463398852503e-25;5,25717735516011e-21;1;0,938;4;All_Others;0,75
HLA-DMA;1,49271369605105;9,95346710708758e-25;1,36043988419673e-20;0,819;0,244;4;All_Others;0,75
SAT1;1,63874544504903;1,12784424962518e-24;1,54153752038769e-20;0,964;0,588;4;All_Others;0,75
RAC1;1,36628630821141;1,29041413627144e-24;1,76373804145581e-20;0,976;0,607;4;All_Others;0,75
S100A4;1,32554140626429;1,30645524998311e-24;1,78566303567692e-20;1;0,733;4;All_Others;0,75
RNF130;1,62933284180766;1,36278084839074e-24;1,86264886358047e-20;0,843;0,305;4;All_Others;0,75
CEBPB;1,70930360730533;1,52938944085989e-24;2,09036948776729e-20;0,892;0,381;4;All_Others;0,75
DUSP1;1,43759332901258;2,21477312284386e-24;3,02715190430299e-20;0,988;0,592;4;All_Others;0,75
BLVRB;1,6672354468036;7,51241804153561e-24;1,02679729791709e-19;0,783;0,237;4;All_Others;0,75
CSF3R;1,26248042123828;9,31338217900806e-24;1,27295307622682e-19;0,843;0,24;4;All_Others;0,75
STXBP2;1,46082296216678;1,01853880905314e-23;1,39213884421384e-19;0,855;0,294;4;All_Others;0,75
GNAI2;1,15069260378768;2,28447400759771e-23;3,12241907358455e-19;1;0,805;4;All_Others;0,75
VCAN;1,25870235980302;2,65307594356985e-23;3,62622419967126e-19;0,904;0,272;4;All_Others;0,75
CD74;0,508581499471711;3,25694885255844e-23;4,45159769167687e-19;1;0,837;4;All_Others;0,75
CRTAP;1,7373472695749;4,05665882366099e-23;5,54464128017985e-19;0,771;0,267;4;All_Others;0,75
ATP6V1B2;1,7198282337513;4,10552892479845e-23;5,61143693441452e-19;0,759;0,236;4;All_Others;0,75
CYBA;0,99776380159286;4,20432187965598e-23;5,74646714511379e-19;1;0,907;4;All_Others;0,75
ANXA2;1,46656130599408;9,04540011293718e-23;1,23632528743625e-18;0,916;0,366;4;All_Others;0,75
LYN;1,6230135034755;2,18293604988889e-22;2,98363699298813e-18;0,831;0,27;4;All_Others;0,75
S100A6;1,22674709692772;2,18540169601538e-22;2,98700703811382e-18;1;0,864;4;All_Others;0,75
CARD16;1,35477226421725;3,1022664215927e-22;4,2401777450329e-18;0,904;0,411;4;All_Others;0,75
LYST;1,4814562591625;3,80702927854963e-22;5,20344761792164e-18;0,843;0,297;4;All_Others;0,75
CTSD;1,04105861217745;2,02790631591527e-21;2,77174235259299e-17;0,843;0,247;4;All_Others;0,75
JAML;1,43183284817303;3,00761931853401e-21;4,11081408457228e-17;0,88;0,36;4;All_Others;0,75
TKT;1,14940725305075;6,10822289934511e-21;8,34871905882489e-17;0,964;0,603;4;All_Others;0,75
VAMP8;1,2526289848284;1,06374348959239e-20;1,45392460157487e-16;0,976;0,619;4;All_Others;0,75
HLA-DPB1;1,30195105847434;2,28365418968273e-20;3,12129854645835e-16;0,867;0,356;4;All_Others;0,75
PPT1;1,54858555328542;2,92682102005609e-20;4,00037897021267e-16;0,831;0,356;4;All_Others;0,75
EHBP1L1;1,55594273770387;3,17072064720586e-20;4,33374098060097e-16;0,795;0,29;4;All_Others;0,75
PTPRE;1,70355551915122;3,73522271645911e-20;5,10530240885631e-16;0,759;0,291;4;All_Others;0,75
OAZ1;0,774502096979728;7,92208164118123e-20;1,08279011871665e-15;1;0,916;4;All_Others;0,75
APLP2;1,29441995946107;1,7493664117812e-19;2,39103401162255e-15;0,867;0,34;4;All_Others;0,75
UBXN11;1,55373040985294;1,87174905637934e-19;2,55830661025928e-15;0,783;0,309;4;All_Others;0,75
LCP1;1,02944423114029;2,15589046707563e-19;2,94667109039896e-15;1;0,749;4;All_Others;0,75
FOS;1,17272136317141;2,82546113470706e-19;3,8618402789176e-15;0,964;0,541;4;All_Others;0,75
MT-ND4;0,704107501726727;4,415385746389e-19;6,03494923816448e-15;1;0,996;4;All_Others;0,75
CSTB;1,30802221233501;4,44827696939295e-19;6,07990496176629e-15;0,928;0,515;4;All_Others;0,75
TSPO;1,05536817598643;4,58275407506805e-19;6,26370826980301e-15;1;0,682;4;All_Others;0,75
ADA2;1,63646591520614;1,74503320233055e-18;2,3851113809454e-14;0,759;0,304;4;All_Others;0,75
C1orf162;1,49109573037827;1,91319420596612e-18;2,61495384071449e-14;0,855;0,486;4;All_Others;0,75
FLNA;1,04825669857702;2,65206057383929e-18;3,62483639232354e-14;0,976;0,554;4;All_Others;0,75
VSIR;1,21076419565372;3,1996478752366e-18;4,37327871587339e-14;0,964;0,61;4;All_Others;0,75
CD4;1,42045134796999;3,59299476523624e-18;4,91090524512489e-14;0,795;0,34;4;All_Others;0,75
AHNAK;1,26228111069672;7,42346594743061e-18;1,01463932569482e-13;0,94;0,565;4;All_Others;0,75
MACROH2A1;1,19057489993538;7,72393345354746e-18;1,05570722443087e-13;0,892;0,444;4;All_Others;0,75
ATP6V0B;1,23912692152451;9,58431113869954e-18;1,30998364643745e-13;0,928;0,467;4;All_Others;0,75
S100A10;1,09229620292125;1,02918783210786e-17;1,40669392892502e-13;1;0,787;4;All_Others;0,75
GAPDH;0,840260733794381;1,84815440465618e-17;2,52605744028406e-13;1;0,902;4;All_Others;0,75
ELOB;0,853482702964372;1,88194518248613e-17;2,57224267542204e-13;0,988;0,808;4;All_Others;0,75
SAMHD1;1,12647530881178;2,43831694604126e-17;3,33269160184919e-13;0,928;0,63;4;All_Others;0,75
TCIRG1;1,24156180522729;5,21821554918255e-17;7,1322570126227e-13;0,892;0,407;4;All_Others;0,75
AP2S1;1,09598703520682;7,91718297929162e-17;1,08212056960958e-12;0,904;0,474;4;All_Others;0,75
SERF2;0,632206925606239;8,63454921359945e-17;1,18017018651477e-12;1;0,954;4;All_Others;0,75
POU2F2;1,37781303887787;1,08570131147557e-16;1,48393655252481e-12;0,831;0,388;4;All_Others;0,75
ZFAND5;1,20477229016101;2,59862275712021e-16;3,5517975844319e-12;0,807;0,346;4;All_Others;0,75
CAPG;1,19803745951725;4,09608774606854e-16;5,59853273132648e-12;0,771;0,301;4;All_Others;0,75
CNPY3;1,26773244760685;6,73400800876159e-16;9,20404214637535e-12;0,843;0,419;4;All_Others;0,75
LSP1;0,81513539119498;1,44077069183645e-15;1,96924538160207e-11;1;0,87;4;All_Others;0,75
ATP5F1E;0,610165774708719;1,73937480973074e-15;2,37737748993997e-11;1;0,959;4;All_Others;0,75
GRB2;1,05115645325861;2,2485649509376e-15;3,07333857494151e-11;0,892;0,538;4;All_Others;0,75
PLEKHO1;1,49956464990172;2,72579596681533e-15;3,72561792744319e-11;0,783;0,377;4;All_Others;0,75
ATP6V0D1;1,16236758518465;2,86531987056612e-15;3,91631919908977e-11;0,807;0,355;4;All_Others;0,75
C4orf48;1,07046206625908;4,04956454491566e-15;5,53494481999072e-11;0,771;0,309;4;All_Others;0,75
TALDO1;1,00531729326123;4,96734838508192e-15;6,78937177272996e-11;0,904;0,515;4;All_Others;0,75
ASAH1;1,39545139260108;6,10618115172274e-15;8,34592839817464e-11;0,759;0,358;4;All_Others;0,75
EMP3;0,947651077296049;7,80683277734942e-15;1,06703790400812e-10;0,988;0,839;4;All_Others;0,75
CLIC1;0,834226308467614;1,21759183695733e-14;1,66420452275328e-10;1;0,659;4;All_Others;0,75
RHOG;1,17547193133615;1,88167690115356e-14;2,57187598849668e-10;0,855;0,519;4;All_Others;0,75
GRINA;1,18514656224444;1,89921382804763e-14;2,5958454601755e-10;0,783;0,356;4;All_Others;0,75
MYL6;0,569431894908417;2,27318795933104e-14;3,10699330281366e-10;0,988;0,919;4;All_Others;0,75
ITGB2;0,886081352658309;2,35112703812061e-14;3,21352043570324e-10;0,976;0,774;4;All_Others;0,75
SDCBP;1,01294844407148;2,54365296331786e-14;3,47666487026284e-10;0,819;0,378;4;All_Others;0,75
FKBP1A;1,05351538523733;4,35072545671326e-14;5,94657155423569e-10;0,892;0,58;4;All_Others;0,75
FGF23;0,791241706329477;5,00352178629172e-14;6,83881357750352e-10;0,94;0,71;4;All_Others;0,75
IQGAP1;1,05762835625801;5,41675711145215e-14;7,4036236199328e-10;0,88;0,503;4;All_Others;0,75
LTA4H;1,08671241294022;8,09546732802038e-14;1,10648847439383e-09;0,88;0,477;4;All_Others;0,75
GLIPR1;1,08679661888289;1,06965086502371e-13;1,46199880231441e-09;0,855;0,404;4;All_Others;0,75
VASP;1,10364755619898;1,28677476217004e-13;1,75876374493401e-09;0,831;0,454;4;All_Others;0,75
ZYX;0,949169830092857;1,48130362690133e-13;2,02464579724874e-09;0,928;0,596;4;All_Others;0,75
PRELID1;1,40602370973512;1,54377537914869e-13;2,11003218822043e-09;0,819;0,476;4;All_Others;0,75
TIMP1;1,18502047996963;2,55144048215202e-13;3,48730885100539e-09;0,795;0,382;4;All_Others;0,75
LAMTOR4;0,865916160730712;4,03757935640473e-13;5,51856346433398e-09;0,952;0,654;4;All_Others;0,75
TLN1;0,729235752384212;5,98625156237266e-13;8,18200863545096e-09;0,904;0,561;4;All_Others;0,75
GNB2;0,908524185021572;7,48326061731812e-13;1,02281206117504e-08;0,952;0,634;4;All_Others;0,75
TPM4;0,644948373213463;7,48645496821373e-13;1,02324866505545e-08;0,771;0,356;4;All_Others;0,75
ARPC3;0,763990593715525;8,5505118674292e-13;1,16868396204022e-08;0,988;0,829;4;All_Others;0,75
ARPC1B;0,918546204492104;1,27007564909245e-12;1,73593939717956e-08;0,892;0,579;4;All_Others;0,75
FERMT3;0,734220057660044;1,96084613302061e-12;2,68008449461256e-08;0,88;0,481;4;All_Others;0,75
ARRB2;1,03045024019924;2,01881116148532e-12;2,75931109551813e-08;0,867;0,523;4;All_Others;0,75
CLTA;1,11690426941789;2,78776668572328e-12;3,81031950604658e-08;0,783;0,401;4;All_Others;0,75
KLF6;0,821946457820817;2,82366420724823e-12;3,85938423846688e-08;0,952;0,66;4;All_Others;0,75
VIM;0,753939337305163;3,13796627835675e-12;4,288972309258e-08;1;0,925;4;All_Others;0,75
TPI1;0,947519476548218;3,14663409055465e-12;4,30081947497009e-08;0,916;0,623;4;All_Others;0,75
SRGN;0,705717172412236;5,01012424637305e-12;6,84783781994268e-08;0,952;0,587;4;All_Others;0,75
CAPNS1;1,02929808127456;5,02682753993326e-12;6,87066788158078e-08;0,867;0,497;4;All_Others;0,75
ALDOA;0,925608503501267;8,53415031110475e-12;1,1664476645218e-07;0,904;0,653;4;All_Others;0,75
LRRFIP1;0,809522779421805;1,13516802171471e-11;1,55154765207966e-07;0,964;0,73;4;All_Others;0,75
H3-3A;0,64930557448648;1,19894062087033e-11;1,63871204060557e-07;0,988;0,877;4;All_Others;0,75
AL359976.1;0,696108062558328;1,34321034082594e-11;1,8358998938409e-07;0,916;0,569;4;All_Others;0,75
GNG5;0,955374678527173;1,45126365575451e-11;1,98358716468526e-07;0,892;0,584;4;All_Others;0,75
COX8A;0,830377089343062;1,50450785345807e-11;2,05636133410648e-07;0,916;0,621;4;All_Others;0,75
CAST;0,865499838478242;1,89854045019847e-11;2,59492508733127e-07;0,88;0,533;4;All_Others;0,75
LAMTOR1;0,926097467980669;2,26615570980383e-11;3,09738162415988e-07;0,819;0,428;4;All_Others;0,75
CFL1;0,506294331119034;2,69983688260932e-11;3,69013705115042e-07;1;0,953;4;All_Others;0,75
SEC11A;1,11176527083772;2,84851588708407e-11;3,89335151446651e-07;0,771;0,43;4;All_Others;0,75
ACTR2;0,887216857309132;2,91316519973575e-11;3,98171419499883e-07;0,855;0,593;4;All_Others;0,75
PKM;0,616829948435382;4,2429783943434e-11;5,79930286938856e-07;0,952;0,741;4;All_Others;0,75
MYO1G;0,897837440777652;4,57570149272353e-11;6,25406880025451e-07;0,807;0,405;4;All_Others;0,75
TPM3;0,683258590957371;6,9421370286718e-11;9,48851289078861e-07;0,976;0,848;4;All_Others;0,75
ARPC2;0,679053662684415;7,17687365199482e-11;9,80935090754651e-07;0,988;0,893;4;All_Others;0,75
WDR74;1,14608635450681;9,03743159060429e-11;1,23523614980379e-06;0,795;0,503;4;All_Others;0,75
ATP5MF;0,85777134191693;1,77214345178096e-10;2,42216566989422e-06;0,904;0,633;4;All_Others;0,75
MTDH;0,867612090998298;2,57803562542634e-10;3,52365909283272e-06;0,904;0,58;4;All_Others;0,75
DYNLL1;0,925204865718312;5,67584251053185e-10;7,75774154339493e-06;0,807;0,444;4;All_Others;0,75
COX5B;0,766045907573189;6,59167849885645e-10;9,00950617223699e-06;0,916;0,72;4;All_Others;0,75
IL17RA;0,786997311360347;7,40546141003847e-10;1,01217846552406e-05;0,831;0,444;4;All_Others;0,75
GPX4;0,761917300694223;1,13448037524517e-09;1,55060777688509e-05;0,928;0,733;4;All_Others;0,75
RHOA;0,612630623291288;1,15141143192857e-09;1,57374914515997e-05;0,988;0,877;4;All_Others;0,75
ZFP36;0,836958121128442;1,78893636970989e-09;2,44511823011948e-05;0,94;0,751;4;All_Others;0,75
CDC42;0,736187823418927;1,8206965443592e-09;2,48852803683016e-05;0,916;0,667;4;All_Others;0,75
GNB1;0,898113652003656;2,4700144292638e-09;3,37601572191777e-05;0,783;0,466;4;All_Others;0,75
WASF2;0,947139755975729;2,50485279118724e-09;3,42363279499472e-05;0,807;0,505;4;All_Others;0,75
ATP6V1F;0,783144435201986;2,90823390323194e-09;3,97497409893742e-05;0,843;0,505;4;All_Others;0,75
PTPN6;0,715729994685445;4,27274134721117e-09;5,83998287336823e-05;0,892;0,638;4;All_Others;0,75
COX7B;0,879113138005939;7,39093539855212e-09;0,00010101930502741;0,759;0,484;4;All_Others;0,75
UQCR11;0,55403008344045;1,04876754724953e-08;0,000143345548358066;0,988;0,833;4;All_Others;0,75
ADGRE5;1,01413016514512;1,30935594464141e-08;0,000178962770513589;0,783;0,477;4;All_Others;0,75
NDUFB1;0,655182994302074;1,32995470875339e-08;0,000181778209592414;0,904;0,599;4;All_Others;0,75
FOSB;0,678162607492426;2,01822872245091e-08;0,000275851501784591;0,795;0,447;4;All_Others;0,75
RBX1;0,85213764475962;2,71920590518484e-08;0,000371661063120663;0,783;0,449;4;All_Others;0,75
MTPN;0,699710835348623;4,25005094791765e-08;0,000580896963561384;0,783;0,435;4;All_Others;0,75
PSMA7;0,731286195694795;6,44591176685124e-08;0,000881027220293228;0,928;0,652;4;All_Others;0,75
ENO1;0,596964465171295;9,48333784014471e-08;0,00129618261599098;0,94;0,738;4;All_Others;0,75
ARPC5;0,649128610089804;1,23458558095997e-07;0,00168743157205609;0,928;0,72;4;All_Others;0,75
TMEM219;0,783671061525329;1,27685918389952e-07;0,00174521113255386;0,771;0,455;4;All_Others;0,75
MTRNR2L6;0,68495289496855;1,44197584576245e-07;0,00197089258598812;0,795;0,481;4;All_Others;0,75
PRR13;0,761211847858301;1,45374702315632e-07;0,00198698143125005;0,771;0,486;4;All_Others;0,75
COPE;0,841116598237554;2,22419530126244e-07;0,0030400301377655;0,783;0,509;4;All_Others;0,75
MSN;0,644659862565863;2,74779201337112e-07;0,00375568212387564;0,88;0,638;4;All_Others;0,75
ATP6V0C;0,897398025880995;2,79266197379117e-07;0,00381701038577777;0,783;0,528;4;All_Others;0,75
SRRM2;0,62190209596244;4,24134474093507e-07;0,00579706999191005;0,904;0,709;4;All_Others;0,75
COX5A;0,781065696058115;5,32188713113182e-07;0,00727395533083097;0,807;0,508;4;All_Others;0,75
ATP5MPL;0,638318163721551;5,89163183754956e-07;0,00805268239556274;0,88;0,646;4;All_Others;0,75
SEC61B;0,637774083999227;6,66045587049434e-07;0,00910351108379166;0,831;0,591;4;All_Others;0,75
PGLS;0,733956071016376;6,81170185481719e-07;0,00931023409516414;0,771;0,495;4;All_Others;0,75
ACAP2;0,75434997259272;7,28352664644116e-07;0,00995512422035577;0,759;0,478;4;All_Others;0,75
WSB1;0,686321485882111;7,41398641609216e-07;0,0101334366335148;0,783;0,531;4;All_Others;0,75
DOCK8;0,693298840683608;7,45612882819373e-07;0,0101910368823752;0,819;0,485;4;All_Others;0,75
RNASET2;0,634651676896211;9,79287922882866e-07;0,013384907329963;0,928;0,654;4;All_Others;0,75
POLR2L;0,649069235266488;1,02960127965281e-06;0,0140725902902946;0,88;0,606;4;All_Others;0,75
RPL7;0,594196731274948;1,10127074699835e-06;0,0150521685699735;0,892;0,657;4;All_Others;0,75
YBX1;0,562707337059404;1,4804905627361e-06;0,0202353450114771;0,964;0,875;4;All_Others;0,75
NOP10;0,664450891674838;1,67619794830925e-06;0,0229102735574908;0,771;0,458;4;All_Others;0,75
UQCRQ;0,60345145861201;1,75419998519024e-06;0,0239764053975802;0,855;0,584;4;All_Others;0,75
PAK2;0,748455373112452;1,84723098115642e-06;0,025247953050446;0,771;0,499;4;All_Others;0,75
HIGD2A;0,613808060962702;1,87754094118266e-06;0,0256622295840846;0,892;0,676;4;All_Others;0,75
EID1;0,617607999923733;2,58014406816785e-06;0,0352654091237182;0,795;0,538;4;All_Others;0,75
SERP1;0,517953636298223;2,81870029989834e-06;0,0385259956990105;0,928;0,755;4;All_Others;0,75
CD44;0,543795324006537;2,94997626854761e-06;0,0403202756385087;0,94;0,703;4;All_Others;0,75
CD8B;4,81106537299718;4,05040176447963e-111;5,53608913169076e-107;0,986;0,056;5;All_Others;0,75
CD8A;3,57424413050538;2,79788259149938e-81;3,82414592606136e-77;0,944;0,083;5;All_Others;0,75
NELL2;2,45205218544247;9,73570173019162e-39;1,33067571248259e-34;0,778;0,144;5;All_Others;0,75
CTSW;1,09922597693028;1,24184233179575e-27;1,69735009909843e-23;0,917;0,26;5;All_Others;0,75
LEF1;1,56430586619507;3,08042300755834e-25;4,21032216673074e-21;0,972;0,334;5;All_Others;0,75
RPS3A;0,830046793188282;3,15112617862676e-24;4,30695926094706e-20;1;0,971;5;All_Others;0,75
CD7;1,45932631608672;7,98719697210735e-24;1,09169008214763e-19;0,972;0,406;5;All_Others;0,75
OXNAD1;1,68199714503482;2,0205588535218e-22;2,76169984099359e-18;0,819;0,248;5;All_Others;0,75
RPS12;0,873480726893229;2,4285061878396e-22;3,31928225753916e-18;1;0,968;5;All_Others;0,75
CCR7;1,45386472382103;4,69725218305172e-22;6,42020428379509e-18;0,931;0,385;5;All_Others;0,75
RPS21;0,738940645845079;1,28228324301263e-20;1,75262473654966e-16;1;0,972;5;All_Others;0,75
RPL32;0,765651101834512;3,71605361107977e-20;5,07910207562382e-16;1;0,973;5;All_Others;0,75
RPS14;0,715054970114195;5,54563593881082e-20;7,57977520116663e-16;1;0,968;5;All_Others;0,75
RPS6;0,791069253911782;7,83015115781113e-20;1,07022506024963e-15;1;0,959;5;All_Others;0,75
RPS28;0,61519919048794;8,71196896926563e-20;1,19075191871923e-15;1;0,968;5;All_Others;0,75
CD27;1,47085961132329;1,17190753520177e-19;1,60176321911378e-15;0,917;0,347;5;All_Others;0,75
RPS8;0,696850461529689;1,38505196843722e-19;1,89308903045999e-15;1;0,968;5;All_Others;0,75
RPL14;0,787854173277876;1,4387640874018e-19;1,96650275466079e-15;1;0,952;5;All_Others;0,75
RPS3;0,810876900940947;2,47193455271182e-19;3,37864014664651e-15;1;0,965;5;All_Others;0,75
RPS13;0,639250445708655;3,50526205762679e-19;4,7909921803643e-15;1;0,963;5;All_Others;0,75
RPL34;0,631839891138156;1,18441773901826e-18;1,61886216569016e-14;1;0,972;5;All_Others;0,75
RPL12;0,651633512051271;1,40594764887181e-18;1,92164924647799e-14;1;0,969;5;All_Others;0,75
LDLRAP1;1,50611930919696;1,56664219354799e-18;2,1412865501414e-14;0,819;0,312;5;All_Others;0,75
RPS5;0,90057236102315;1,96158568404956e-18;2,68109531295894e-14;1;0,899;5;All_Others;0,75
RPL5;0,789468479852698;3,29099628693266e-18;4,49813372497956e-14;1;0,943;5;All_Others;0,75
NPM1;1,00137732884399;3,34812311054405e-18;4,57621466749161e-14;1;0,792;5;All_Others;0,75
RPL19;0,638109838026814;4,50428619954841e-18;6,15645837754276e-14;1;0,973;5;All_Others;0,75
RPS27A;0,720575231864665;7,84460685330744e-18;1,07220086471006e-13;1;0,968;5;All_Others;0,75
RPS4X;0,742699137267562;8,50378916838104e-18;1,16229790353432e-13;1;0,96;5;All_Others;0,75
CD3D;1,21939632303497;1,56833638910464e-17;2,14360217662822e-13;0,972;0,407;5;All_Others;0,75
EEF1B2;0,867932626279211;1,79348047094014e-17;2,45132910768098e-13;1;0,892;5;All_Others;0,75
RPL37;0,613099755088252;1,81935689032906e-17;2,48669699770176e-13;1;0,971;5;All_Others;0,75
CD3E;1,16295692379942;2,37098489114957e-17;3,24066214922323e-13;1;0,447;5;All_Others;0,75
RPL28;0,57897233500404;2,46732643331611e-17;3,37234176905645e-13;1;0,976;5;All_Others;0,75
RPL13;0,668024041339954;2,62090924715842e-17;3,58225875901612e-13;1;0,979;5;All_Others;0,75
RPS23;0,673390684076289;4,55209019645552e-17;6,2217968805154e-13;1;0,96;5;All_Others;0,75
RPL10;0,708822077495055;6,73906798565321e-17;9,21095812279081e-13;1;0,976;5;All_Others;0,75
RPL30;0,673336896956463;9,9118461480882e-17;1,3547511315207e-12;1;0,964;5;All_Others;0,75
RPSA;0,866132960285896;2,24755384031669e-16;3,07195658894485e-12;1;0,88;5;All_Others;0,75
RPS19;0,630877240276799;2,93962497882447e-16;4,01787942105729e-12;1;0,963;5;All_Others;0,75
RPS25;0,761741265226924;5,27221958116175e-16;7,20606972353188e-12;1;0,96;5;All_Others;0,75
EEF1A1;0,547170111977215;6,88086704044793e-16;9,40476907088423e-12;1;0,983;5;All_Others;0,75
TCF7;1,0936372329116;2,09810977970879e-15;2,86769644690598e-11;0,986;0,442;5;All_Others;0,75
RPS15A;0,685803909899776;2,12685570983456e-15;2,90698638420188e-11;1;0,977;5;All_Others;0,75
SARAF;0,934748841650884;2,36571817944226e-15;3,23346360766168e-11;0,986;0,804;5;All_Others;0,75
PIK3IP1;1,38479831790858;3,41205852669535e-15;4,66360159428721e-11;0,806;0,347;5;All_Others;0,75
RPL11;0,560212866357499;3,99326089525395e-15;5,4579889916331e-11;1;0,98;5;All_Others;0,75
LCK;1,10524399845991;7,55512232502557e-15;1,0326341193845e-10;0,958;0,419;5;All_Others;0,75
RPL3;0,776038958198962;9,5885968542187e-15;1,31056941803461e-10;1;0,935;5;All_Others;0,75
RPL22;0,650213418152341;1,27893016622429e-14;1,74804175119536e-10;1;0,935;5;All_Others;0,75
RPL35A;0,567898482669587;1,73429656832897e-14;2,37043654959203e-10;1;0,969;5;All_Others;0,75
RPL10A;0,722208474190979;1,77582009243516e-14;2,42719090234038e-10;1;0,912;5;All_Others;0,75
LEPROTL1;1,1544665728239;2,32501378720502e-14;3,17782884435182e-10;0,875;0,503;5;All_Others;0,75
RPS4Y1;0,844078911679506;2,6488073163723e-14;3,62038984001766e-10;1;0,861;5;All_Others;0,75
CD3G;1,06789895046178;2,7441160623801e-14;3,75065783406112e-10;0,903;0,363;5;All_Others;0,75
MT-ND4L;0,626015789661719;3,48166867861226e-14;4,75874474992724e-10;1;0,931;5;All_Others;0,75
RPS15;0,531945812635347;4,8968818928141e-14;6,69305817109831e-10;1;0,98;5;All_Others;0,75
NACA;0,573904854978256;5,44459858350278e-14;7,44167734393159e-10;1;0,957;5;All_Others;0,75
RPS2P5;0,783686866614763;5,55316765696646e-14;7,59006955354176e-10;1;0,842;5;All_Others;0,75
RPS18;0,689707316673066;7,22407832678175e-14;9,87387025704529e-10;1;0,967;5;All_Others;0,75
NDFIP1;1,16080012629656;1,26686233091381e-13;1,73154743389299e-09;0,903;0,539;5;All_Others;0,75
RPS16;0,629106715536086;1,40381087904995e-13;1,91872870948548e-09;1;0,943;5;All_Others;0,75
RGS10;0,897946906134505;2,09466052859491e-13;2,86298201048353e-09;0,917;0,535;5;All_Others;0,75
BTF3;0,660578007233669;2,33259170815236e-13;3,18818634670264e-09;1;0,895;5;All_Others;0,75
RPS29;0,701159589011048;3,41699628662781e-13;4,6703505245629e-09;1;0,933;5;All_Others;0,75
RPL18;0,553737933788372;3,71910166816233e-13;5,08326816004428e-09;1;0,975;5;All_Others;0,75
IFITM1;0,823656797559401;4,81854005309376e-13;6,58598054456856e-09;1;0,515;5;All_Others;0,75
HSPA8;0,82348897757304;6,07565525047029e-13;8,3042055963428e-09;1;0,768;5;All_Others;0,75
RPL36;0,575688613740249;7,42529539318421e-13;1,01488937434042e-08;1;0,96;5;All_Others;0,75
PRMT2;0,898553900891774;7,74433402580776e-13;1,0584955746474e-08;0,944;0,514;5;All_Others;0,75
IL32;0,81514388193987;9,57712748311488e-13;1,30900178439214e-08;1;0,463;5;All_Others;0,75
RPL29;0,531051087186532;1,51853253496347e-12;2,07553026878807e-08;1;0,959;5;All_Others;0,75
RPL8;0,53265407650415;1,57203634944073e-12;2,14865928241559e-08;1;0,971;5;All_Others;0,75
STK17A;1,07628808369866;4,37165205657836e-12;5,9751740309313e-08;0,847;0,423;5;All_Others;0,75
IL7R;0,717876147226733;6,03552925383006e-12;8,24936138413493e-08;0,917;0,422;5;All_Others;0,75
SATB1;1,0557148199359;8,83843894148029e-12;1,20803783452153e-07;0,764;0,34;5;All_Others;0,75
RPL18A;0,554626082269042;1,25899087794998e-11;1,72078873198204e-07;1;0,965;5;All_Others;0,75
RPLP0;0,570605402563234;1,85635522851704e-11;2,53726632633709e-07;1;0,959;5;All_Others;0,75
C12orf57;0,833682384033366;1,9053391636871e-11;2,60421756892753e-07;1;0,653;5;All_Others;0,75
NOSIP;1,11086591317629;2,33632428909316e-11;3,19328803833253e-07;0,958;0,553;5;All_Others;0,75
LBH;1,04844709359963;2,53594105623605e-11;3,46612423566344e-07;0,833;0,421;5;All_Others;0,75
RPL4;0,579731291083202;2,82322187814579e-11;3,85877966304967e-07;1;0,935;5;All_Others;0,75
GYPC;0,942078505986777;1,64863168438464e-10;2,25334978621692e-06;0,875;0,49;5;All_Others;0,75
LAT;0,959105937958764;3,29475895324771e-10;4,50327653729897e-06;0,819;0,426;5;All_Others;0,75
ATM;0,88291984895785;4,05394620282674e-10;5,54093367002358e-06;0,861;0,483;5;All_Others;0,75
MCUB;1,03825493911055;4,53409352365204e-10;6,19719902812761e-06;0,847;0,459;5;All_Others;0,75
ZAP70;0,786952798195499;2,38013874074993e-09;3,25317363085701e-05;0,792;0,356;5;All_Others;0,75
GIMAP7;0,703268630205971;2,40401609655343e-09;3,28580920076923e-05;1;0,676;5;All_Others;0,75
EVL;0,726330918279685;2,75875610592108e-09;3,77066784557293e-05;0,972;0,626;5;All_Others;0,75
FLT3LG;0,94209918009674;2,80495639513986e-09;3,83381440087716e-05;0,778;0,374;5;All_Others;0,75
UQCRB;0,590669645360661;7,20763179622966e-09;9,8513911390867e-05;1;0,845;5;All_Others;0,75
SNRPD2;0,690655073761354;8,77466440751204e-09;0,000119932113121875;0,958;0,78;5;All_Others;0,75
TRBC2;1,04199823145889;1,79534884621022e-08;0,000245388280300013;0,75;0,387;5;All_Others;0,75
ST13;0,779785296742289;3,83152958299564e-08;0,000523693463403844;0,875;0,562;5;All_Others;0,75
RPS27;0,605399739312531;4,30167770223473e-08;0,000587953308341443;1;0,964;5;All_Others;0,75
RPL21;0,663667523191156;7,35293805237289e-08;0,00100499957299833;0,903;0,745;5;All_Others;0,75
UXT;0,71888838643267;8,65742925610559e-08;0,00118329743072451;0,889;0,632;5;All_Others;0,75
CNN2;0,791178811279009;1,09514176016658e-07;0,00149683975779568;0,917;0,657;5;All_Others;0,75
RPL23A;0,507938398207298;1,82696162124459e-07;0,0024970911439171;1;0,881;5;All_Others;0,75
CYTIP;0,717962119171436;1,9026770311074e-07;0,0026005789661176;0,806;0,441;5;All_Others;0,75
ETS1;0,548738795262316;2,00114854898806e-07;0,00273516983675688;0,903;0,537;5;All_Others;0,75
ISG20;0,772900934587503;2,10959476131996e-07;0,00288339411977212;0,75;0,375;5;All_Others;0,75
NAP1L4;0,773317136923685;3,27018165818862e-07;0,0044696842904122;0,778;0,442;5;All_Others;0,75
SEPTIN1;0,707530376983019;3,90526392704966e-07;0,00533771473549148;0,833;0,473;5;All_Others;0,75
EIF3E;0,63410218420815;7,18601991141257e-07;0,0098218520149187;0,944;0,7;5;All_Others;0,75
SUN2;0,731300036010773;9,54169922101322e-07;0,0130415944952809;0,875;0,575;5;All_Others;0,75
TECR;0,745234978199291;1,66529554217366e-06;0,0227612594704295;0,778;0,429;5;All_Others;0,75
NOP53;0,543421202234499;3,07926255445435e-06;0,0420873605942821;0,958;0,753;5;All_Others;0,75
IL32;1,66972795545727;1,16123123194206e-25;1,58717084781841e-21;0,985;0,47;6;All_Others;0,75
AQP3;2,04242345255883;9,09982429455501e-23;1,24376398457978e-18;0,769;0,234;6;All_Others;0,75
ITGB1;2,15605546927878;5,12959437473502e-22;7,01112959138783e-18;0,785;0,284;6;All_Others;0,75
B2M;0,76805777727731;2,25397881218631e-19;3,08073824049624e-15;1;0,993;6;All_Others;0,75
IL7R;1,443219283519;2,31084870321974e-17;3,15846800756073e-13;0,923;0,426;6;All_Others;0,75
LTB;1,6272711610496;3,80511259061855e-17;5,20082788885743e-13;0,969;0,614;6;All_Others;0,75
FLT3LG;1,46914245014414;1,89473924909795e-16;2,58972960566708e-12;0,846;0,372;6;All_Others;0,75
CD2;1,54382866149364;6,67691444282487e-16;9,12600666045303e-12;0,8;0,34;6;All_Others;0,75
PBXIP1;1,72550885151772;1,70818299107232e-15;2,33474451219764e-11;0,769;0,324;6;All_Others;0,75
CDC25B;1,31468007198764;1,99176014833094e-13;2,72233777073873e-09;0,754;0,284;6;All_Others;0,75
IFITM1;1,05007582516063;3,50841918958596e-13;4,79530734832608e-09;0,969;0,522;6;All_Others;0,75
CD3D;1,10964047824558;5,46234093996882e-13;7,46592759674939e-09;0,923;0,417;6;All_Others;0,75
CD3G;1,06405563585645;1,2951758785292e-12;1,7702463907737e-08;0,862;0,372;6;All_Others;0,75
RPS29;0,685737724556893;2,38996460211831e-12;3,2666036181753e-08;1;0,934;6;All_Others;0,75
CD3E;0,986455049137935;4,79783240977202e-12;6,5576773376764e-08;0,985;0,454;6;All_Others;0,75
ARHGAP15;1,26713173826082;1,5424779747349e-11;2,10825889586767e-07;0,8;0,426;6;All_Others;0,75
RPL36;0,557882029497597;1,90647728375723e-11;2,60577315143938e-07;1;0,96;6;All_Others;0,75
GSTK1;0,98957394817245;5,36068587527503e-11;7,32698545432591e-07;0,908;0,706;6;All_Others;0,75
HSPA8;0,829141942411473;6,67069104413222e-11;9,11750051911992e-07;1;0,77;6;All_Others;0,75
TLE5;0,820273214791292;1,50514223248253e-10;2,05722840335712e-06;1;0,783;6;All_Others;0,75
EEF2;0,572027084451676;1,92042466271276e-10;2,6248364289958e-06;1;0,939;6;All_Others;0,75
MIF;0,833085103240568;2,78473180416583e-10;3,80617142993385e-06;1;0,749;6;All_Others;0,75
TAGLN2;0,659060492918837;7,48762916642728e-10;1,02340915446728e-05;0,954;0,718;6;All_Others;0,75
HINT1;0,680777248816094;8,52725012235375e-10;1,16550454672331e-05;1;0,837;6;All_Others;0,75
RPS18;0,611660178633787;1,4520006996371e-09;1,98459455626398e-05;1;0,967;6;All_Others;0,75
IL10RA;1,16455681376621;1,73466520147563e-09;2,37094039737689e-05;0,785;0,407;6;All_Others;0,75
RPS6;0,566676176917828;2,2854267461098e-09;3,12372127658287e-05;1;0,959;6;All_Others;0,75
ZAP70;0,880983515494693;2,56489909759867e-09;3,50570408659786e-05;0,785;0,361;6;All_Others;0,75
RPS3;0,585445556400547;2,56550014726182e-09;3,50652560127746e-05;1;0,966;6;All_Others;0,75
TAGAP;1,05583018798959;3,87574484231192e-09;5,29736805047194e-05;0,815;0,462;6;All_Others;0,75
FXYD5;0,746697499972746;1,36715642500096e-08;0,000186862940169131;1;0,906;6;All_Others;0,75
TCF7;0,74356592197497;1,56661608285176e-08;0,000214125086204178;0,908;0,454;6;All_Others;0,75
RPL3;0,603435762179716;1,67408681570435e-08;0,00022881418597047;1;0,935;6;All_Others;0,75
ARL4C;0,878629504087557;1,71567269688293e-08;0,000234498144209959;0,815;0,448;6;All_Others;0,75
CALM1;0,604488715675508;1,8822721427223e-08;0,000257268956467284;1;0,88;6;All_Others;0,75
LCK;0,891473514111441;2,99176159199541e-08;0,000408913974393933;0,831;0,435;6;All_Others;0,75
CD52;0,61151271625929;3,20438560136104e-08;0,000437975423994026;1;0,888;6;All_Others;0,75
LAT;0,732120978719073;5,5314243295196e-08;0,000756035077358739;0,862;0,426;6;All_Others;0,75
KLF2;0,653385956344002;5,71506732668241e-08;0,000781135402210951;0,985;0,868;6;All_Others;0,75
RPS27A;0,501464645811946;6,30348811916636e-08;0,000861560756127658;1;0,968;6;All_Others;0,75
RPL14;0,511915544146393;7,64777309719084e-08;0,00104529762692404;1;0,952;6;All_Others;0,75
ANXA6;0,689184936745508;1,2220051113368e-07;0,00167023658617514;0,862;0,586;6;All_Others;0,75
TMEM123;0,844153709624483;2,93733037511851e-07;0,00401474315671198;0,831;0,536;6;All_Others;0,75
NOSIP;0,86367545819209;6,14336962640178e-07;0,00839675760536596;0,815;0,569;6;All_Others;0,75
RPSA;0,57210228514193;7,04082286006484e-07;0,00962339668513663;1;0,881;6;All_Others;0,75
PEBP1;0,724223030691788;8,4573170563512e-07;0,0115594609526208;0,815;0,493;6;All_Others;0,75
NPM1;0,580640512735579;1,01767788804467e-06;0,0139096213737946;0,985;0,795;6;All_Others;0,75
LEPROTL1;0,678940911537856;1,03978800829262e-06;0,0142118224973436;0,877;0,507;6;All_Others;0,75
GIMAP7;0,611454174368383;1,05184682298116e-06;0,0143766423765065;0,954;0,683;6;All_Others;0,75
RPS19;0,524142971028986;2,26587488366324e-06;0,0309699779099092;1;0,963;6;All_Others;0,75
CCL5;4,08451744116193;4,34792380526548e-50;5,94274225703686e-46;1;0,115;7;All_Others;0,75
NKG7;2,54693041500656;2,68689100454158e-38;3,67244262500744e-34;0,939;0,115;7;All_Others;0,75
CD8A;3,17684526523151;3,87198657976823e-35;5,29223125722722e-31;0,909;0,127;7;All_Others;0,75
CD8B;2,64101511523036;1,34755241736884e-29;1,84183464405973e-25;0,818;0,109;7;All_Others;0,75
CTSW;2,37440228042648;2,8986157677978e-20;3,96182803142603e-16;0,97;0,291;7;All_Others;0,75
IL32;1,84797285153032;4,40205217698174e-17;6,01672491549864e-13;1;0,49;7;All_Others;0,75
HLA-A;1,01387711065615;2,30956666623583e-15;3,15671571941113e-11;1;0,984;7;All_Others;0,75
CD3D;1,62022032302727;2,60512022817438e-14;3,56067832786874e-10;0,97;0,435;7;All_Others;0,75
B2M;0,935707153460624;3,3142859108196e-13;4,52996598290823e-09;1;0,994;7;All_Others;0,75
CD2;1,93562973456107;2,7637904808742e-12;3,77754882925886e-08;0,879;0,355;7;All_Others;0,75
PRKCH;1,78925163483913;1,75272908456071e-10;2,39563011277758e-06;0,788;0,33;7;All_Others;0,75
CD3G;1,54377019250262;1,51064228199616e-09;2,06474587103235e-05;0,848;0,392;7;All_Others;0,75
SLC9A3R1;1,51239389606136;7,05956884880155e-09;9,64901870254197e-05;0,848;0,476;7;All_Others;0,75
CD81;1,44486192665169;1,81197571565317e-08;0,000247660840815476;0,848;0,494;7;All_Others;0,75
CD3E;1,1318508442081;2,50105135136007e-08;0,000341843698703894;0,97;0,476;7;All_Others;0,75
PLAAT4;1,49110642545165;6,0316530420381e-08;0,000824406337785768;0,848;0,454;7;All_Others;0,75
HLA-B;0,603540798437848;8,75330264526094e-08;0,00119640140555427;1;0,99;7;All_Others;0,75
CALM1;0,889632219448442;1,0247891109948e-07;0,0014006817569077;0,97;0,886;7;All_Others;0,75
LCK;1,10130060730387;1,5862708673308e-07;0,00216811502146773;0,879;0,449;7;All_Others;0,75
HCST;1,13719762198699;2,37389181011122e-07;0,00324463532606002;0,939;0,693;7;All_Others;0,75
ARL4C;1,43171401390689;3,11701395322967e-07;0,00426033467127432;0,818;0,463;7;All_Others;0,75
GIMAP4;0,960398037045576;1,05534609820044e-06;0,0144244704702037;0,939;0,646;7;All_Others;0,75
GUK1;1,16230901991539;1,08074279798685e-06;0,0147715925628842;0,879;0,594;7;All_Others;0,75
HLA-E;0,558335415648664;1,1448955255346e-06;0,015648432043007;1;0,945;7;All_Others;0,75
SUN2;1,14238379798461;1,78882266530882e-06;0,024449628189441;0,848;0,591;7;All_Others;0,75
PTPRCAP;1,30666126369139;1,90522748638087e-06;0,0260406492838537;0,758;0,392;7;All_Others;0,75
PFN1;0,763406427007766;2,00804057072945e-06;0,0274458985207302;1;0,975;7;All_Others;0,75
IFITM1;0,981642161686977;2,17160842838546e-06;0,0296815439991725;0,97;0,541;7;All_Others;0,75
ZAP70;1,1381640149567;2,43363428862311e-06;0,0332629134569007;0,788;0,378;7;All_Others;0,75
CD99;1,01271021444273;2,73754059198403e-06;0,0374167048112377;0,909;0,669;7;All_Others;0,75
GZMK;4,46183117821044;1,28442892180287e-71;1,75555745032016e-67;0,844;0,035;8;All_Others;0,75
KLRB1;5,07796343531305;9,51823056816534e-65;1,30095175405684e-60;0,969;0,072;8;All_Others;0,75
GZMA;2,71011937901241;2,13984886445664e-51;2,92474542793933e-47;0,938;0,071;8;All_Others;0,75
NCR3;3,86884363964701;3,37925289575474e-49;4,61876285791758e-45;0,875;0,075;8;All_Others;0,75
NKG7;1,92800035960864;1,90310077569497e-42;2,60115814021989e-38;1;0,114;8;All_Others;0,75
KLRG1;3,51199351582831;3,61504596011583e-42;4,94104481828632e-38;0,906;0,103;8;All_Others;0,75
CST7;2,30156754448498;2,20434310619451e-39;3,01289615754665e-35;0,875;0,087;8;All_Others;0,75
PRF1;2,23116724439974;1,96636801746175e-34;2,68763180626671e-30;0,906;0,123;8;All_Others;0,75
MATK;2,40337536111462;4,09639271832265e-29;5,5989495674034e-25;0,781;0,1;8;All_Others;0,75
CCL5;2,07398091176237;7,95051061366798e-29;1,08667579067614e-24;0,875;0,122;8;All_Others;0,75
CTSW;2,12979570945623;3,49080293710729e-22;4,77122945443825e-18;1;0,29;8;All_Others;0,75
IL32;1,8971046850584;4,58276157886763e-18;6,26371852599627e-14;1;0,49;8;All_Others;0,75
IL7R;1,88411757940636;1,06055756191635e-15;1,44957007562727e-11;1;0,444;8;All_Others;0,75
ARL4C;1,81104488623518;1,40159653212499e-14;1,91570214010843e-10;0,969;0,458;8;All_Others;0,75
AQP3;2,12589951359644;3,09075800580021e-13;4,22444804232772e-09;0,812;0,255;8;All_Others;0,75
B2M;0,777355925022485;1,41339636606103e-12;1,93183015313222e-08;1;0,994;8;All_Others;0,75
CALM1;1,04449059423663;2,2204424989917e-11;3,03490080762186e-07;1;0,885;8;All_Others;0,75
TC2N;1,35923446257524;1,21798445215682e-10;1,66474114920795e-06;0,875;0,327;8;All_Others;0,75
HLA-A;0,671104709930593;6,10271397093151e-10;8,34118945546918e-06;1;0,984;8;All_Others;0,75
ALOX5AP;1,49999834894989;4,44196310060522e-09;6,07127516590722e-05;0,781;0,289;8;All_Others;0,75
PAXX;1,46362652819987;7,08920638484613e-09;9,68952728680769e-05;0,875;0,503;8;All_Others;0,75
HLA-B;0,63604398382219;1,34254867265292e-08;0,000183499552578201;1;0,99;8;All_Others;0,75
CD81;1,31762740998392;4,19086129706462e-08;0,000572806922082792;0,906;0,492;8;All_Others;0,75
MT-ND4L;0,634308050280486;8,66301198048702e-08;0,00118406047749297;1;0,934;8;All_Others;0,75
CD3E;1,04475554645334;1,3432469194299e-07;0,00183594988947678;1;0,475;8;All_Others;0,75
HCST;1,00670477994562;1,5763620469324e-07;0,0021545716457472;0,969;0,692;8;All_Others;0,75
MT-CYB;0,522289514171309;8,95493303276135e-07;0,0122396024691782;1;1;8;All_Others;0,75
FYN;1,10142117638563;1,06171931096343e-06;0,0145115795422481;0,906;0,518;8;All_Others;0,75
RPLP0;0,61840483698545;1,28559834154162e-06;0,0175715581321909;1;0,961;8;All_Others;0,75
SLC9A3R1;0,978602093039661;1,38762981660029e-06;0,0189661243332928;0,875;0,475;8;All_Others;0,75
HSPA5;1,33082244136204;2,55758228794382e-06;0,0349570347116161;0,781;0,449;8;All_Others;0,75
HNRNPF;0,989919331743768;3,31431977918266e-06;0,0453001227418686;0,906;0,602;8;All_Others;0,75
GZMB;6,90790399594967;1,07150906502398e-138;1,46453859007478e-134;1;0,011;9;All_Others;0,75
KLRF1;7,62006558709258;1,70027392805949e-130;2,32393440487172e-126;0,867;0,006;9;All_Others;0,75
SH2D1B;8,28551007358788;3,46635003110466e-126;4,73780722251385e-122;0,767;0,003;9;All_Others;0,75
FGFBP2;8,19548804609508;1,03794613489833e-125;1,41866477717904e-121;0,9;0,01;9;All_Others;0,75
GNLY;7,65394809843111;1,08209589673411e-111;1,47900867165618e-107;0,967;0,021;9;All_Others;0,75
FCGR3A;5,62480469290783;6,87362473931706e-99;9,39487029369855e-95;0,9;0,021;9;All_Others;0,75
SPON2;7,70724259001717;2,81284714025681e-89;3,84459947130301e-85;0,967;0,038;9;All_Others;0,75
TBX21;6,18221148586747;2,21021805098005e-87;3,02092603207953e-83;0,9;0,03;9;All_Others;0,75
S1PR5;6,05366444080674;7,46420008261429e-86;1,02020686729172e-81;0,8;0,02;9;All_Others;0,75
CLIC3;6,15637837118275;1,6510826710098e-78;2,2566997947362e-74;0,933;0,043;9;All_Others;0,75
GZMA;5,09366445057867;9,25013861017407e-67;1,26430894523859e-62;1;0,071;9;All_Others;0,75
KLRD1;5,56869804153373;4,00594138175093e-65;5,47532068057717e-61;0,9;0,053;9;All_Others;0,75
IL2RB;5,32811344143712;1,17702657864377e-61;1,60875992769031e-57;0,933;0,066;9;All_Others;0,75
CCL4;6,32303740321335;1,5281107937257e-61;2,08862183286429e-57;0,767;0,035;9;All_Others;0,75
CST7;5,33460237997856;2,84120586686287e-60;3,88336017882817e-56;1;0,085;9;All_Others;0,75
TTC38;5,18542598151221;9,8195621387003e-60;1,34213775311756e-55;0,8;0,043;9;All_Others;0,75
KLRB1;3,43996564193488;1,68485994251373e-53;2,30286656942777e-49;0,967;0,075;9;All_Others;0,75
NKG7;5,64596666581807;1,33605899108072e-50;1,82612542900913e-46;1;0,116;9;All_Others;0,75
HOPX;4,85792291457509;2,93576371727079e-46;4,01260184876572e-42;0,933;0,101;9;All_Others;0,75
PRF1;5,69430084798625;4,76082986035754e-46;6,50710225313668e-42;0,967;0,123;9;All_Others;0,75
PYHIN1;3,71313461350291;5,39401578542541e-37;7,37254077551945e-33;0,8;0,083;9;All_Others;0,75
CX3CR1;4,37711612696697;1,46461049417477e-36;2,00182962343807e-32;0,9;0,125;9;All_Others;0,75
CCL5;3,28285806281336;4,31834190612325e-31;5,90230971728925e-27;0,867;0,124;9;All_Others;0,75
CTSW;3,81462547659257;2,96506565756494e-28;4,05265174075975e-24;1;0,292;9;All_Others;0,75
ABI3;3,33802845200716;3,453926752286e-28;4,72082708502451e-24;0,9;0,173;9;All_Others;0,75
CD300A;3,56853020851409;4,0487274217869e-24;5,53380064009834e-20;0,8;0,155;9;All_Others;0,75
APMAP;3,64088784897086;8,4388373120418e-23;1,15342028380987e-18;0,8;0,181;9;All_Others;0,75
CD247;2,90086180585473;1,8668710105494e-22;2,55163929721892e-18;1;0,398;9;All_Others;0,75
IFITM1;2,35684281006594;1,51187143333906e-20;2,06642587508783e-16;1;0,541;9;All_Others;0,75
EFHD2;2,47752954552774;1,73786474190328e-19;2,3753135292334e-15;1;0,465;9;All_Others;0,75
APOBEC3G;3,10328345556396;3,58224726459963e-19;4,89621556125477e-15;0,767;0,185;9;All_Others;0,75
CD7;2,64668074922464;6,64897551871554e-19;9,0878197389804e-15;1;0,435;9;All_Others;0,75
GZMM;2,82290565446072;7,34686106300395e-19;1,00416897009138e-14;0,9;0,295;9;All_Others;0,75
PFN1;1,64438385026233;1,04128805106584e-18;1,42323250819679e-14;1;0,975;9;All_Others;0,75
XBP1;2,66352081683866;1,11935432807545e-18;1,52993349561352e-14;0,967;0,365;9;All_Others;0,75
B2M;1,25636523590041;4,51407044217645e-18;6,16983148036677e-14;1;0,994;9;All_Others;0,75
DHRS7;2,19796493328522;4,80592444752504e-18;6,56873753487723e-14;0,967;0,394;9;All_Others;0,75
PLEK;2,55645783521817;1,20028443786006e-17;1,64054876966713e-13;0,933;0,302;9;All_Others;0,75
TGFB1;1,66626318468231;6,55707706073148e-17;8,96221292660779e-13;1;0,756;9;All_Others;0,75
SRGN;1,93853797415021;1,08184877471564e-16;1,47867090528134e-12;1;0,609;9;All_Others;0,75
HCST;2,01287032199188;2,48437610841463e-16;3,39564526498112e-12;1;0,692;9;All_Others;0,75
ARPC5L;2,29143837526164;1,38129023905411e-15;1,88794749873916e-11;0,833;0,262;9;All_Others;0,75
SPN;2,60266806454136;1,57722863413636e-15;2,15575609713758e-11;0,867;0,336;9;All_Others;0,75
CFL1;1,28981567367704;1,65335761947751e-15;2,25980919430187e-11;1;0,956;9;All_Others;0,75
CALM1;1,5357788887614;3,26942861555948e-15;4,46865503174669e-11;1;0,885;9;All_Others;0,75
MAPRE2;2,02093158036331;7,12426605714872e-15;9,73744684691087e-11;0,867;0,293;9;All_Others;0,75
MYL12A;1,46578441093356;1,27350586640882e-14;1,74062781820757e-10;1;0,884;9;All_Others;0,75
LITAF;2,17582546158413;1,86702365763302e-14;2,55184793525281e-10;0,9;0,535;9;All_Others;0,75
ITGB2;1,74733417763447;2,00072387814679e-14;2,73458939665104e-10;1;0,786;9;All_Others;0,75
RAP1B;1,7784081601822;2,57590483529608e-14;3,52074672888269e-10;1;0,675;9;All_Others;0,75
SLC9A3R1;2,29260345573251;2,95404646075147e-14;4,03759070255511e-10;0,9;0,475;9;All_Others;0,75
HLA-B;0,91401938002227;3,03649174113319e-14;4,15027691178085e-10;1;0,99;9;All_Others;0,75
CLIC1;1,69674457828332;4,06181744978024e-14;5,55169209035963e-10;1;0,681;9;All_Others;0,75
ABHD17A;2,58291883761736;4,44441275881105e-14;6,07462335874294e-10;0,9;0,475;9;All_Others;0,75
IFITM2;2,55112183339823;9,06383753093238e-14;1,23884531372784e-09;0,867;0,453;9;All_Others;0,75
ZAP70;2,09844433509272;1,53740506474838e-13;2,10132524249809e-09;0,9;0,375;9;All_Others;0,75
CTSC;2,3496924130615;2,32000123297421e-13;3,17097768522916e-09;0,867;0,386;9;All_Others;0,75
PLAAT4;2,06112182892214;3,26721935449163e-13;4,46563541371916e-09;0,9;0,454;9;All_Others;0,75
FCER1G;1,73208622468565;5,88197075000878e-13;8,03947762111199e-09;0,933;0,368;9;All_Others;0,75
CYBA;1,35075457394062;6,50489315502708e-13;8,89088796429101e-09;1;0,913;9;All_Others;0,75
CD81;1,90309395570795;9,03282363260939e-13;1,23460633410505e-08;0,933;0,492;9;All_Others;0,75
CD99;1,59716504944611;9,30871467781607e-13;1,2723151221639e-08;0,967;0,668;9;All_Others;0,75
SKAP1;1,8175023464886;1,09902705732485e-12;1,50215018195161e-08;0,867;0,329;9;All_Others;0,75
ARL4C;1,98707553604916;2,00897151405301e-12;2,74586226540766e-08;0,9;0,461;9;All_Others;0,75
IFITM3;1,9044622466821;2,07492563783199e-12;2,83600836178877e-08;0,9;0,402;9;All_Others;0,75
MBP;1,6615741044859;2,3299131032648e-12;3,18452522954233e-08;0,933;0,456;9;All_Others;0,75
RAC2;1,44317079771779;2,45671066524582e-12;3,35783213725799e-08;0,967;0,8;9;All_Others;0,75
CCND3;1,55093020074836;3,15738357563618e-12;4,31551187117954e-08;0,967;0,67;9;All_Others;0,75
CDK2AP2;1,79107131140797;4,37968526744702e-12;5,98615382354659e-08;0,833;0,329;9;All_Others;0,75
UBB;1,39143933611705;6,60265639128308e-12;9,02451075560571e-08;0,967;0,726;9;All_Others;0,75
ALOX5AP;2,22677099858066;1,13603244888074e-11;1,55272915113019e-07;0,767;0,291;9;All_Others;0,75
FAM49B;1,75090046375195;1,19654401140323e-11;1,63543635478594e-07;0,9;0,473;9;All_Others;0,75
MYL12B;1,27775528904594;1,26145815054259e-11;1,72416100016161e-07;1;0,802;9;All_Others;0,75
ANXA6;1,5909434299877;2,10158169024238e-11;2,87244185422328e-07;0,967;0,594;9;All_Others;0,75
HLA-A;0,871636684997554;2,57750589854457e-11;3,52293506213072e-07;1;0,984;9;All_Others;0,75
BSG;1,71801206161675;3,26718377972878e-11;4,4655867901333e-07;0,867;0,421;9;All_Others;0,75
TBCB;1,5946357966024;1,17190012412248e-10;1,6017530896506e-06;0,867;0,402;9;All_Others;0,75
PSME1;1,27718395674477;1,48927354496401e-10;2,03553908125681e-06;0,933;0,812;9;All_Others;0,75
GNG2;2,16917803017495;1,63984681733262e-10;2,24134262993022e-06;0,767;0,334;9;All_Others;0,75
PLAC8;1,78570919479374;2,19089151290806e-10;2,99451051984273e-06;0,833;0,382;9;All_Others;0,75
ID2;1,78856732752631;2,26670143943511e-10;3,09812752741991e-06;0,767;0,286;9;All_Others;0,75
TMSB4X;0,604760050627445;3,17372037431707e-10;4,33784100761657e-06;1;0,985;9;All_Others;0,75
ARPC2;1,07411861329702;3,69804215283014e-10;5,05448401448824e-06;1;0,899;9;All_Others;0,75
PPP1CA;1,39384429509583;1,13216218120396e-09;1,54743926926957e-05;0,933;0,654;9;All_Others;0,75
ACTB;0,805244485810556;2,12351697138352e-09;2,902422996487e-05;1;0,992;9;All_Others;0,75
CD53;1,32233296404186;3,7843285896049e-09;5,17242031627198e-05;0,967;0,631;9;All_Others;0,75
ADGRE5;1,38098642088851;4,14272388787651e-09;5,66227500994962e-05;0,9;0,493;9;All_Others;0,75
PPP1R18;1,52763590208616;5,62587222115544e-09;7,68944215187526e-05;0,933;0,536;9;All_Others;0,75
PRDX5;1,47801600300896;6,08547913937834e-09;8,31763288770232e-05;0,867;0,509;9;All_Others;0,75
PDIA3;1,66674032444024;6,41832437241876e-09;8,77256575222197e-05;0,833;0,585;9;All_Others;0,75
DENND2D;2,02868870347373;6,73327931513642e-09;9,20304616792846e-05;0,8;0,369;9;All_Others;0,75
PSME2;1,3921204380085;7,93787384725034e-09;0,000108494859744218;0,9;0,568;9;All_Others;0,75
HLA-C;0,867324574773758;1,49081885552049e-08;0,000203765121172541;1;0,972;9;All_Others;0,75
ACTG1;0,866275327526836;2,24756615957337e-08;0,000307197342690488;1;0,957;9;All_Others;0,75
LY6E;1,49263337564621;2,36414121114195e-08;0,000323130820738882;0,933;0,576;9;All_Others;0,75
TAP1;1,44866796537113;2,53644923994251e-08;0,000346681882115343;0,767;0,357;9;All_Others;0,75
TRAPPC1;1,23297398585671;2,86686376597556e-08;0,00039184293953354;0,9;0,569;9;All_Others;0,75
RNF213;1,38306486183448;3,61717719710554e-08;0,000494395779300386;0,867;0,597;9;All_Others;0,75
FYN;1,41162557004208;4,00391805588516e-08;0,000547255519878384;0,867;0,521;9;All_Others;0,75
DBI;1,55896252098796;4,47221973718428e-08;0,000611262993678348;0,833;0,518;9;All_Others;0,75
NDUFV1;1,32528475161613;5,34349263304276e-08;0,000730348573084285;0,833;0,42;9;All_Others;0,75
JAK1;1,54944956821246;5,61409829687459e-08;0,000767334955216819;0,9;0,703;9;All_Others;0,75
TYROBP;1,06835527289103;7,53276313584673e-08;0,00102957806540753;1;0,372;9;All_Others;0,75
SYTL1;1,61689857534197;1,70134594419149e-07;0,00232539963652093;0,767;0,431;9;All_Others;0,75
SEPTIN7;1,28625822312458;1,8729300526815e-07;0,00255992079600507;0,867;0,632;9;All_Others;0,75
PPIB;1,53431232632564;1,93647234276305e-07;0,00264677039808853;0,9;0,729;9;All_Others;0,75
EVL;1,12769404435777;2,67345694201583e-07;0,00365408094834724;0,933;0,646;9;All_Others;0,75
RBBP4;1,47730167472569;3,52994158821532e-07;0,0048247241627727;0,8;0,429;9;All_Others;0,75
HLA-E;0,859398660432237;3,68645325560519e-07;0,00503864430976118;1;0,946;9;All_Others;0,75
CD164;1,17038508370933;4,50179759587466e-07;0,00615305695404149;0,867;0,497;9;All_Others;0,75
SRSF9;1,15693059248379;5,31496938501604e-07;0,00726450015543993;0,833;0,56;9;All_Others;0,75
POLR2L;1,19360832811375;5,93262829716124e-07;0,00810871635655998;0,9;0,623;9;All_Others;0,75
CAPNS1;1,27091394411825;1,31872086020285e-06;0,0180242767172525;0,8;0,525;9;All_Others;0,75
OSTF1;1,47618858248274;1,42139870204108e-06;0,0194276774594975;0,767;0,427;9;All_Others;0,75
ARHGDIB;0,653303113263794;1,60957496377306e-06;0,0219996706048501;1;0,939;9;All_Others;0,75
CALR;1,3215065501889;1,99640919040654e-06;0,0272869208144766;0,8;0,525;9;All_Others;0,75
PSMB10;1,31124254934088;2,39608459642471e-06;0,0327496842639329;0,867;0,54;9;All_Others;0,75
PAXX;1,36889110703398;2,7717811878689e-06;0,0378847052757921;0,8;0,507;9;All_Others;0,75
SUN2;1,17356437599798;3,21884275176051e-06;0,0439951427310627;0,9;0,59;9;All_Others;0,75
HSP90B1;0,989722418703335;3,45778862686649e-06;0,0472610549520112;0,9;0,641;9;All_Others;0,75
MT-ND4L;1,88933147530729;7,43543820371224e-17;1,01627569368339e-12;1;0,935;10;All_Others;0,75
MT-CO3;1,47817282166365;4,55335834290614e-16;6,22353018308412e-12;1;1;10;All_Others;0,75
MT-CYB;1,63399494308923;5,28372850545617e-16;7,2218001212575e-12;1;1;10;All_Others;0,75
MT-ND5;1,62718336067476;1,13689952526187e-15;1,55391427112792e-11;1;0,985;10;All_Others;0,75
MT-CO2;1,28794293962602;2,72984781566053e-15;3,73115599444482e-11;1;1;10;All_Others;0,75
MT-CO1;1,29910467123991;7,90032693841036e-14;1,07981668594193e-09;1;1;10;All_Others;0,75
MT-ND3;1,50088784619344;9,53580423437147e-14;1,30335372275389e-09;1;0,999;10;All_Others;0,75
MTRNR2L12;1,37408201164119;7,27345574261162e-12;9,94135930900156e-08;1;0,999;10;All_Others;0,75
MT-ND6;1,94747547788625;9,72896268772265e-11;1,32975462015793e-06;0,962;0,772;10;All_Others;0,75
CAMK4;2,92378432602847;1,0461438617857e-10;1,4298694302887e-06;0,769;0,335;10;All_Others;0,75
DDX17;2,25795776095693;2,26683094442579e-10;3,09830453484117e-06;0,923;0,731;10;All_Others;0,75
RIPOR2;2,32841327541205;8,27105320013497e-10;1,13048755139445e-05;0,885;0,764;10;All_Others;0,75
ATM;2,63005473546207;7,30225251031136e-09;9,98071873109357e-05;0,769;0,508;10;All_Others;0,75
PTPRC;1,56225606468901;4,40516236947941e-08;0,000602097592660445;0,923;0,926;10;All_Others;0,75
SF1;1,67135844768656;6,03148793488276e-08;0,000824383770939775;0,885;0,784;10;All_Others;0,75
ETS1;1,89448060233766;2,01497378511118e-06;0,0275406616948997;0,769;0,562;10;All_Others;0,75
FCER1A;9,13625064939065;6,91087810605333e-117;9,44578819535369e-113;0,875;0,006;11;All_Others;0,75
ENHO;7,27441741967247;1,78244755193871e-111;2,43624931398983e-107;0,812;0,005;11;All_Others;0,75
FLT3;4,85683653547161;8,04581462949971e-57;1,09970194356002e-52;0,75;0,02;11;All_Others;0,75
CLEC10A;5,83798968640083;2,95177451258143e-52;4,0344854037963e-48;0,75;0,024;11;All_Others;0,75
PLD4;4,0997649975682;7,77668473008314e-45;1,06291726890776e-40;0,938;0,05;11;All_Others;0,75
CD1C;4,95865590290519;8,96539220185367e-43;1,22538980614936e-38;0,75;0,031;11;All_Others;0,75
IGFBP7;2,59870477840424;2,44826597350298e-24;3,34628993258388e-20;0,875;0,083;11;All_Others;0,75
NIPSNAP3A;2,59558339111752;1,9483211216235e-22;2,662965309035e-18;0,812;0,073;11;All_Others;0,75
CD300C;2,54261212323396;1,28840063581083e-20;1,76098598902624e-16;0,75;0,07;11;All_Others;0,75
GPAT3;2,94809134590167;4,66198093549464e-20;6,37199554263407e-16;0,75;0,075;11;All_Others;0,75
HLA-DRB3;3,65123647575211;3,25190012884095e-19;4,44469709609981e-15;1;0,211;11;All_Others;0,75
LMNB1;1,89915532581598;8,89280787384089e-18;1,21546898019657e-13;0,875;0,103;11;All_Others;0,75
IL13RA1;2,53065679831914;1,84325187604851e-17;2,51935666418311e-13;0,812;0,099;11;All_Others;0,75
HLA-DRA;3,32180708537851;7,37908906893799e-17;1,00857389394244e-12;1;0,253;11;All_Others;0,75
SPECC1;2,01117778611771;1,32481293230901e-16;1,81075431587995e-12;0,875;0,112;11;All_Others;0,75
GSN;2,13769658039138;4,54782040030059e-16;6,21596092313084e-12;1;0,17;11;All_Others;0,75
SLC1A5;2,34154265150596;5,05607862219346e-16;6,91064826081401e-12;0,75;0,089;11;All_Others;0,75
NAPSB;3,15335002608247;5,20027938414865e-16;7,10774186225437e-12;1;0,267;11;All_Others;0,75
PLSCR1;2,53410450850943;1,1039510086182e-15;1,50888023857935e-11;0,812;0,112;11;All_Others;0,75
HLA-DQB1;3,14183703061646;1,51628993076694e-15;2,07246507737225e-11;1;0,242;11;All_Others;0,75
NIBAN1;2,09823065684901;2,91345719967349e-15;3,98211330051373e-11;0,812;0,107;11;All_Others;0,75
CPVL;2,4122986659286;4,27173165233556e-15;5,83860282241225e-11;0,938;0,168;11;All_Others;0,75
PEA15;2,41133707132061;5,57642321369766e-15;7,62185524848196e-11;0,875;0,135;11;All_Others;0,75
PAK1;2,49640695980291;9,15193873732774e-15;1,25088698661796e-10;1;0,219;11;All_Others;0,75
CIITA;2,71872060201695;1,13401759165105e-14;1,54997524426865e-10;0,938;0,17;11;All_Others;0,75
CD33;1,84367183783351;1,75253697850253e-14;2,39536754221725e-10;0,938;0,148;11;All_Others;0,75
CD302;1,95333937191118;5,71997976250755e-14;7,81806833939532e-10;1;0,181;11;All_Others;0,75
HLA-DMA;2,53593874014794;1,07957305629213e-13;1,47556045334008e-09;1;0,288;11;All_Others;0,75
CST3;2,81659051192642;1,18209187981151e-13;1,61568318132637e-09;1;0,352;11;All_Others;0,75
HLA-DPA1;3,3610581334229;2,11783647456169e-13;2,89465889343092e-09;1;0,388;11;All_Others;0,75
HLA-DRB1;3,14045108658363;3,68857979751361e-13;5,04155086724161e-09;1;0,395;11;All_Others;0,75
SEMA4A;1,88914103577505;5,06656240026221e-13;6,92497748867839e-09;0,75;0,108;11;All_Others;0,75
RASA4;2,00651351348623;5,08818247845496e-13;6,95452781155224e-09;0,75;0,112;11;All_Others;0,75
LTBR;1,44521214139411;1,17705717645518e-12;1,60880174877893e-08;0,875;0,138;11;All_Others;0,75
HLA-DPB1;3,26150870555953;1,47865308982929e-12;2,02102304317868e-08;1;0,396;11;All_Others;0,75
PLXDC2;1,82249933572981;1,56427716281843e-12;2,13805402614023e-08;0,938;0,166;11;All_Others;0,75
CLEC4A;1,83641537543497;2,26189567411e-12;3,09155900737355e-08;0,875;0,152;11;All_Others;0,75
RASSF4;1,96948554718047;3,42656962343307e-12;4,68343536130833e-08;0,938;0,175;11;All_Others;0,75
RUFY3;2,00386065767102;4,70447006478802e-12;6,43006968455227e-08;0,75;0,116;11;All_Others;0,75
HLA-DMB;1,80369132710811;6,9454789843773e-12;9,49308067584689e-08;1;0,214;11;All_Others;0,75
CCDC88A;2,21199879025556;7,05357192855924e-12;9,64082211195476e-08;1;0,261;11;All_Others;0,75
IGSF6;1,96659603677811;8,2153500442027e-12;1,12287404404163e-07;0,938;0,205;11;All_Others;0,75
HLA-DRB4;1,50990979473071;1,10584601065845e-11;1,51147032736797e-07;0,812;0,132;11;All_Others;0,75
RASGRP4;1,59501967058037;1,11133981814505e-11;1,51897926344065e-07;0,75;0,116;11;All_Others;0,75
FGL2;1,9551107958301;1,8203180081796e-11;2,48801065357988e-07;1;0,253;11;All_Others;0,75
MPST;1,52195493199864;1,96580026685291e-11;2,68685580473455e-07;0,812;0,132;11;All_Others;0,75
ODF3B;1,64447247438716;2,05054554973469e-11;2,80268565737737e-07;0,812;0,14;11;All_Others;0,75
SULF2;1,69766880221153;2,31229197200756e-11;3,16044066733993e-07;0,812;0,139;11;All_Others;0,75
ALDH2;1,95037068170216;2,84277832413978e-11;3,88550941343426e-07;0,938;0,21;11;All_Others;0,75
HLA-DQA1;2,70269378781482;4,15983863280715e-11;5,68566744332082e-07;1;0,425;11;All_Others;0,75
CTSZ;2,0757673583008;8,03191934706174e-11;1,0978027363564e-06;1;0,38;11;All_Others;0,75
PHACTR2;1,92550627282309;1,04276378267728e-10;1,42524953816331e-06;0,812;0,152;11;All_Others;0,75
ZMIZ2;1,42523630624188;1,06704005529601e-10;1,45843034757859e-06;0,75;0,119;11;All_Others;0,75
LY86;1,56349985774683;1,59270217353862e-10;2,17690533079258e-06;1;0,22;11;All_Others;0,75
JAK2;1,80035808775257;2,57264494973905e-10;3,51629111730334e-06;0,812;0,161;11;All_Others;0,75
MAD2L2;1,51857846111847;4,85522742389717e-10;6,63612484298265e-06;0,75;0,128;11;All_Others;0,75
MCFD2;1,20218562498952;4,98635270443515e-10;6,81534687642197e-06;0,75;0,124;11;All_Others;0,75
PLBD1;1,56819305010353;4,98916942137931e-10;6,81919676514124e-06;0,875;0,189;11;All_Others;0,75
RAB31;1,73593838361359;5,18972160290331e-10;7,09331148684824e-06;0,938;0,226;11;All_Others;0,75
PLXNB2;1,46675399709441;5,68811068809434e-10;7,77450968848735e-06;0,812;0,155;11;All_Others;0,75
FES;1,50209703739188;6,27174685958349e-10;8,57222360767872e-06;0,812;0,158;11;All_Others;0,75
SAMHD1;2,03532889042777;6,83406586924604e-10;9,34080123008548e-06;1;0,653;11;All_Others;0,75
CPPED1;1,38043263599067;7,13447655392379e-10;9,75140255390304e-06;0,938;0,207;11;All_Others;0,75
LGALS9;1,95159366278055;7,78595673795252e-10;1,06418456694335e-05;0,875;0,204;11;All_Others;0,75
JAML;1,87226047936502;8,08815118271222e-10;1,10548850365311e-05;1;0,401;11;All_Others;0,75
APOBR;1,54970605044993;8,10916286990071e-10;1,10836038105803e-05;0,875;0,183;11;All_Others;0,75
SCIMP;1,48806062699917;8,13985805564916e-10;1,11255579904613e-05;0,812;0,157;11;All_Others;0,75
DYNC1LI1;1,65039104964169;1,4427109790871e-09;1,97189736621625e-05;0,812;0,164;11;All_Others;0,75
ANXA2;1,98894430382976;1,69490221456615e-09;2,31659234686901e-05;1;0,41;11;All_Others;0,75
PSMC4;1,85226886869283;1,81418026297016e-09;2,47962158342761e-05;0,938;0,227;11;All_Others;0,75
CD74;2,55328332768347;1,82928026304486e-09;2,50026026352971e-05;1;0,851;11;All_Others;0,75
ZNF385A;1,71868935852722;2,02170887993132e-09;2,76327169709013e-05;0,812;0,175;11;All_Others;0,75
DUSP23;1,79058180004387;2,1154502333145e-09;2,89139737889425e-05;0,812;0,168;11;All_Others;0,75
APAF1;1,65870192399206;2,81038043190272e-09;3,84122797432464e-05;0,812;0,169;11;All_Others;0,75
MACROH2A1;1,77019006295911;3,31917104398493e-09;4,5366429829186e-05;1;0,48;11;All_Others;0,75
SHTN1;1,60791682213542;3,42909413335858e-09;4,6868858614745e-05;0,75;0,144;11;All_Others;0,75
NCSTN;1,28659868480602;3,65984562988914e-09;5,00227700693248e-05;0,875;0,173;11;All_Others;0,75
ACTB;1,10594177785975;3,86100547206316e-09;5,27722227921592e-05;1;0,993;11;All_Others;0,75
RAB32;1,49035549951436;5,82404641145166e-09;7,96030663517213e-05;0,812;0,186;11;All_Others;0,75
STRN4;1,06788619117221;5,94736803645211e-09;8,12886263222274e-05;0,812;0,154;11;All_Others;0,75
CTSH;1,58344664845713;6,31119002645067e-09;8,62613452815278e-05;1;0,299;11;All_Others;0,75
METRNL;1,30623141603711;6,40289276922184e-09;8,7514738369724e-05;0,812;0,163;11;All_Others;0,75
PRCP;1,88209011769459;7,2378218525363e-09;9,89265490804662e-05;0,875;0,211;11;All_Others;0,75
TNFSF13B;1,37446351559039;9,13185999210425e-09;0,000124814262372081;0,938;0,229;11;All_Others;0,75
GRPEL1;1,6138733285572;9,20765175150589e-09;0,000125850184139582;0,75;0,15;11;All_Others;0,75
AFF3;1,34061096797929;1,10055381609986e-08;0,000150423695584528;0,75;0,149;11;All_Others;0,75
LILRA2;1,56603750810768;1,15071818369362e-08;0,000157280161347244;0,812;0,174;11;All_Others;0,75
ARF3;1,36815895686594;1,17121037161703e-08;0,000160081033592616;0,75;0,145;11;All_Others;0,75
MRPL47;1,55067484618212;1,52941971752406e-08;0,000209041086991189;0,75;0,148;11;All_Others;0,75
ITGAX;1,33457610610951;1,83802949809281e-08;0,000251221871799325;0,812;0,176;11;All_Others;0,75
IRF5;1,43386432656131;1,84635192565402e-08;0,000252359381198392;0,812;0,176;11;All_Others;0,75
CDK2AP1;1,68939385236006;1,90877343267651e-08;0,000260891152778225;0,75;0,166;11;All_Others;0,75
HMGA1;1,87096318741519;2,1291320834831e-08;0,00029100977317047;0,875;0,246;11;All_Others;0,75
SYNGR2;1,63375902918475;2,37029574470886e-08;0,000323972022386808;1;0,446;11;All_Others;0,75
LMO2;1,36040470086521;2,77263960402215e-08;0,000378964381077747;0,812;0,179;11;All_Others;0,75
TTC7A;1,16889545177138;3,0723960112614e-08;0,000419935086819208;0,812;0,173;11;All_Others;0,75
GRN;1,62003509519243;3,40388888311464e-08;0,00046524353254411;1;0,371;11;All_Others;0,75
UNC119;1,46104575976194;3,77317222822695e-08;0,00051571718015406;0,875;0,209;11;All_Others;0,75
BCKDK;1,34325488962474;3,83676789196146e-08;0,000524409435473292;0,75;0,153;11;All_Others;0,75
WDR18;1,31947678644511;4,22391254695817e-08;0,000577324366918243;0,75;0,152;11;All_Others;0,75
ATP6V1A;1,21519264996035;5,11377876878025e-08;0,000698951282116884;0,75;0,152;11;All_Others;0,75
TOMM40;1,2559476557152;6,39143952055472e-08;0,000873581953669419;0,75;0,153;11;All_Others;0,75
ANXA5;1,56137717386253;6,59355968126119e-08;0,000901207737234779;1;0,375;11;All_Others;0,75
NCBP3;1,27658173923218;6,8068051740873e-08;0,000930354131194253;0,75;0,15;11;All_Others;0,75
TLR2;1,05293666269306;7,29391389250815e-08;0,000996932150828014;0,812;0,181;11;All_Others;0,75
TGFBI;1,27094421249355;1,02944050180913e-07;0,00140703927787272;0,812;0,191;11;All_Others;0,75
ARF5;1,51206949295806;1,12893863984891e-07;0,00154303333294548;1;0,564;11;All_Others;0,75
KCTD12;1,27671761884927;1,13752221418957e-07;0,0015547653623543;0,875;0,217;11;All_Others;0,75
ABI3;1,17582012988104;1,18253870960365e-07;0,00161629390828627;0,812;0,188;11;All_Others;0,75
LGALS2;1,41973211853306;1,21458920456299e-07;0,00166010052479669;0,812;0,198;11;All_Others;0,75
RNF130;1,47486559331584;1,28494640629169e-07;0,00175626474811948;1;0,347;11;All_Others;0,75
RBPJ;1,57798892470989;1,33120261449427e-07;0,00181948773349076;0,938;0,302;11;All_Others;0,75
ARHGAP17;1,4400263253444;1,37371500212226e-07;0,00187759366490071;0,812;0,188;11;All_Others;0,75
C20orf27;1,61682748546803;1,46961779071471e-07;0,00200867359634886;0,938;0,271;11;All_Others;0,75
KCNK6;1,72129411361308;1,76256566735469e-07;0,0024090747541404;0,75;0,185;11;All_Others;0,75
STOML2;1,46477749960366;1,85325185912368e-07;0,00253302464105024;0,75;0,168;11;All_Others;0,75
GDI2;1,43819636008281;1,9259178762671e-07;0,00263234455328188;1;0,6;11;All_Others;0,75
VIM;1,38811411173001;2,17284583798449e-07;0,0029698456913572;1;0,932;11;All_Others;0,75
SAMM50;1,36580033826768;2,33050417865629e-07;0,00318533311138742;0,812;0,193;11;All_Others;0,75
SUPT4H1;1,42655711279758;2,66301966597045e-07;0,00363981527944841;0,875;0,251;11;All_Others;0,75
CD300A;0,980650389065801;3,12872119204816e-07;0,00427633612529143;0,75;0,168;11;All_Others;0,75
RCC2;1,23570187250775;3,63052447764098e-07;0,00496220085603969;0,75;0,166;11;All_Others;0,75
CFP;1,45314314305527;3,91298458129064e-07;0,00534826732570804;0,938;0,318;11;All_Others;0,75
LRRC25;1,18907413874204;4,02573108307248e-07;0,00550236924434346;0,75;0,168;11;All_Others;0,75
EMILIN2;0,996020167400294;4,03902411024751e-07;0,00552053815388629;0,812;0,191;11;All_Others;0,75
DGLUCY;1,25724184725696;4,04148384968706e-07;0,00552390012575227;0,75;0,164;11;All_Others;0,75
SMS;1,08925666157395;4,32652792050248e-07;0,00591349836174279;0,812;0,183;11;All_Others;0,75
EIF4A1;1,17316751618865;4,56939905936862e-07;0,00624545463434502;0,938;0,248;11;All_Others;0,75
GSTP1;1,46395243306262;4,7657448849953e-07;0,00651382010881158;1;0,614;11;All_Others;0,75
MARCHF1;1,49533136161994;6,52082519196412e-07;0,00891266387237656;0,875;0,256;11;All_Others;0,75
RNASE6;1,57914612272811;6,70766691577941e-07;0,00916803914048729;0,75;0,188;11;All_Others;0,75
PTGES2;1,02592924039334;6,88255873559751e-07;0,00940708127981468;0,75;0,165;11;All_Others;0,75
MBOAT7;1,29615186717338;7,09520605734989e-07;0,00969772763918583;0,812;0,209;11;All_Others;0,75
QKI;1,53743425172961;7,14457719443185e-07;0,00976520810934946;0,938;0,317;11;All_Others;0,75
COTL1;1,42322753067518;7,48820885950606e-07;0,0102348838691729;1;0,718;11;All_Others;0,75
S100A10;1,33215398332416;8,31418165815259e-07;0,011363823490363;1;0,805;11;All_Others;0,75
KLF4;1,05855992111728;8,63745146269873e-07;0,0118056686592166;0,875;0,245;11;All_Others;0,75
TPP1;1,33239952402403;9,56886361062232e-07;0,0130787227829986;0,938;0,306;11;All_Others;0,75
SYK;1,22553974000778;9,83146451692379e-07;0,0134376457017314;0,938;0,276;11;All_Others;0,75
RRBP1;1,07701432274564;9,88451732826169e-07;0,0135101582842681;0,75;0,176;11;All_Others;0,75
LAMTOR2;1,52745435142783;1,07403025212652e-06;0,0146798454860653;0,875;0,301;11;All_Others;0,75
COA4;1,05873089677222;1,12303044166171e-06;0,0153495800766323;0,812;0,193;11;All_Others;0,75
LSP1;1,03187261014;1,1823252347838e-06;0,0161600213090249;1;0,881;11;All_Others;0,75
CHCHD5;1,41419667294603;1,27463385535547e-06;0,0174216955349986;0,812;0,229;11;All_Others;0,75
RNH1;1,35232263056815;1,31136601330661e-06;0,0179237506698747;1;0,448;11;All_Others;0,75
MAP4K1;1,25014704218185;1,3584209699718e-06;0,0185668978175746;0,812;0,206;11;All_Others;0,75
PRKCD;1,12311714475188;1,36067666013675e-06;0,018597728590749;0,938;0,271;11;All_Others;0,75
HAUS4;1,23036803156107;1,48923688834754e-06;0,0203548897899342;0,75;0,175;11;All_Others;0,75
SPI1;1,25022968810803;1,67807938625272e-06;0,0229359890513022;1;0,353;11;All_Others;0,75
HEXB;1,36705066671876;1,71155651649926e-06;0,0233935544675119;0,875;0,261;11;All_Others;0,75
PLCB2;1,56098842785683;1,71539821888355e-06;0,0234460628557003;0,812;0,268;11;All_Others;0,75
IL6R;1,46961924346548;1,76716791514514e-06;0,0241536510642037;0,875;0,298;11;All_Others;0,75
NME2;1,41671616036676;1,80689116507726e-06;0,024696588444276;0,938;0,529;11;All_Others;0,75
TMEM109;1,36248933734303;1,90375630717266e-06;0,0260205412064359;0,875;0,24;11;All_Others;0,75
PSMA4;1,31817772202297;1,9246741176226e-06;0,0263064458396657;0,875;0,297;11;All_Others;0,75
MEF2C;0,992370860278205;1,92699787132278e-06;0,0263382069052398;0,938;0,291;11;All_Others;0,75
TYK2;1,06674589990001;2,10833864230605e-06;0,0288167725630391;0,875;0,234;11;All_Others;0,75
CASP1;1,42346796454695;2,20918297390631e-06;0,0301951128873514;0,875;0,312;11;All_Others;0,75
YIF1B;1,33477807419318;2,23121031151832e-06;0,0304961825378323;0,75;0,201;11;All_Others;0,75
C1orf43;1,40399349613535;2,24026010357692e-06;0,0306198750956893;0,938;0,328;11;All_Others;0,75
MRPS7;1,18549539054426;2,24822076971963e-06;0,0307286814805279;0,812;0,202;11;All_Others;0,75
GLIPR1;1,319840300251;2,4718749603249e-06;0,0337855869577207;1;0,439;11;All_Others;0,75
AKR7A2;1,26268655782708;2,4993890494006e-06;0,0341616495272074;0,812;0,224;11;All_Others;0,75
PARVG;1,18915365853106;2,58867669531769e-06;0,0353820330716022;1;0,406;11;All_Others;0,75
LYN;1,03163090544763;2,7063389224756e-06;0,0369902403923965;1;0,313;11;All_Others;0,75
DNAJC21;1,37026790689642;2,72792372477465e-06;0,0372852614702199;0,75;0,212;11;All_Others;0,75
GNAQ;1,05083411362177;2,87784732499175e-06;0,0393344172379872;0,875;0,236;11;All_Others;0,75
OGFRL1;1,30448228718648;3,07334324224115e-06;0,0420064554349521;0,812;0,26;11;All_Others;0,75
PTPRE;1,18429280536692;3,57413221763317e-06;0,0488512391506102;1;0,325;11;All_Others;0,75
GP9;15,4757842382848;2,78093743487441e-180;3,80098528598635e-176;1;0;12;All_Others;0,75
TREML1;14,665964365744;2,78093743487441e-180;3,80098528598635e-176;1;0;12;All_Others;0,75
CMTM5;11,4245500740995;1,13176196899213e-160;1,54689225921844e-156;1;0,001;12;All_Others;0,75
ALOX12;13,2797797447441;8,32604422329249e-158;1,13800372443962e-153;0,875;0;12;All_Others;0,75
TUBA8;12,2064307093171;8,32604422329249e-158;1,13800372443962e-153;0,875;0;12;All_Others;0,75
ITGB3;13,5312316475068;8,32604422329249e-158;1,13800372443962e-153;0,875;0;12;All_Others;0,75
DDX11L10;13,4147838830934;8,32604422329249e-158;1,13800372443962e-153;0,875;0;12;All_Others;0,75
ITGA2B;10,5856096369087;5,5395485063774e-145;7,57145489851663e-141;1;0,002;12;All_Others;0,75
CAVIN2;14,8973728525485;5,5395485063774e-145;7,57145489851663e-141;1;0,002;12;All_Others;0,75
CLEC1B;10,5661151069855;2,34828314193054e-138;3,20963339839066e-134;0,875;0,001;12;All_Others;0,75
TAL1;12,1949034517504;2,22088222580264e-135;3,03550182622704e-131;0,75;0;12;All_Others;0,75
CLDN5;12,6826111086741;2,22088222580264e-135;3,03550182622704e-131;0,75;0;12;All_Others;0,75
CTTN;12,1614954231869;2,22088222580264e-135;3,03550182622704e-131;0,75;0;12;All_Others;0,75
SPARC;12,599495615109;3,82099571503796e-132;5,22253694331388e-128;1;0,004;12;All_Others;0,75
GP1BA;11,2915608928623;2,1432243895495e-123;2,92935909563626e-119;0,875;0,002;12;All_Others;0,75
ARHGAP6;11,1108047960832;2,1432243895495e-123;2,92935909563626e-119;0,875;0,002;12;All_Others;0,75
SH3BGRL2;11,2810148598889;2,27517010682936e-116;3,10970250201437e-112;0,75;0,001;12;All_Others;0,75
ITGB5;12,3695328677752;2,27517010682936e-116;3,10970250201437e-112;0,75;0,001;12;All_Others;0,75
PF4V1;10,9132776179585;2,27517010682936e-116;3,10970250201437e-112;0,75;0,001;12;All_Others;0,75
TUBB1;13,0800212622726;2,17596320036837e-112;2,97410650226349e-108;1;0,006;12;All_Others;0,75
PF4;11,6659578253668;2,17596320036837e-112;2,97410650226349e-108;1;0,006;12;All_Others;0,75
PTCRA;9,72942561983262;2,38940286287585e-111;3,26583583297871e-107;0,875;0,004;12;All_Others;0,75
GMPR;10,7774088132571;4,1561240649849e-102;5,68059037202136e-98;0,75;0,002;12;All_Others;0,75
GNAZ;9,71584702095037;5,02219708464215e-102;6,86433897528889e-98;0,75;0,002;12;All_Others;0,75
MYL9;10,9305727735037;1,72550634941668e-101;2,35842207838272e-97;0,875;0,005;12;All_Others;0,75
GUCY1B1;8,76468045882084;2,38194091800558e-101;3,25563684673002e-97;0,875;0,005;12;All_Others;0,75
GNG11;11,3814721091176;6,73805454431098e-98;9,20957295116424e-94;1;0,009;12;All_Others;0,75
PPBP;14,5165757302834;6,73805454431098e-98;9,20957295116424e-94;1;0,009;12;All_Others;0,75
MPIG6B;10,9151787414631;5,91457003604588e-92;8,08403432526751e-88;1;0,01;12;All_Others;0,75
SELP;8,28494378179825;1,01501908329012e-90;1,38732808304094e-86;0,75;0,004;12;All_Others;0,75
TNNC2;9,00191214286295;4,55619234893568e-82;6,22740370252529e-78;0,75;0,005;12;All_Others;0,75
GFI1B;8,7242077655565;8,29730635147087e-75;1,13407583211904e-70;0,75;0,006;12;All_Others;0,75
CLU;10,8735948185829;5,64278306503323e-71;7,71255589328741e-67;1;0,016;12;All_Others;0,75
C2orf88;8,78702157320018;1,14836130104931e-70;1,56958022627419e-66;0,875;0,011;12;All_Others;0,75
TMEM40;8,80843484178965;8,2369872908063e-69;1,1258314229074e-64;0,75;0,007;12;All_Others;0,75
SMOX;8,04963587954012;1,20454352247854e-68;1,64637008652367e-64;0,75;0,007;12;All_Others;0,75
CD9;9,07064414004574;7,12499469900807e-68;9,73844275460424e-64;1;0,017;12;All_Others;0,75
C19orf33;8,95239538952719;5,95597962699803e-60;8,14063295418091e-56;0,875;0,015;12;All_Others;0,75
NT5M;8,01614172371106;1,76757131965827e-55;2,41591647970892e-51;0,75;0,011;12;All_Others;0,75
PRKAR2B;9,80514980501394;2,14721229709206e-52;2,93480976766542e-48;1;0,026;12;All_Others;0,75
ACRBP;9,37192301440742;3,72840292082388e-52;5,09598111218208e-48;0,875;0,018;12;All_Others;0,75
ESAM;8,55076850410918;4,62379259925375e-52;6,31979972466003e-48;0,75;0,012;12;All_Others;0,75
RAB27B;7,03868388746791;5,16908555346338e-52;7,06510613447375e-48;0,875;0,018;12;All_Others;0,75
EHD3;7,60523210033375;7,77138156900737e-52;1,06219243285193e-47;0,875;0,018;12;All_Others;0,75
GAS2L1;7,51507702967498;8,24415326132875e-48;1,12681086775841e-43;0,875;0,021;12;All_Others;0,75
KIFC3;7,21113195688027;2,1212091702602e-46;2,89926869391164e-42;0,75;0,015;12;All_Others;0,75
ANKRD9;7,29799211281626;9,30877358298121e-46;1,27232317332187e-41;0,875;0,022;12;All_Others;0,75
SCN1B;7,31732874896649;5,80555613352351e-44;7,93503412329993e-40;0,75;0,016;12;All_Others;0,75
MAP3K7CL;8,0399195971782;8,23044354702406e-41;1,12493702400725e-36;1;0,037;12;All_Others;0,75
TSC22D1;7,67258504040769;9,71657386520758e-41;1,32806131589657e-36;1;0,037;12;All_Others;0,75
THBS1;7,54506273747362;9,71657386520758e-41;1,32806131589657e-36;1;0,037;12;All_Others;0,75
TRIM58;7,80410359717546;3,57925283579297e-40;4,89212277596183e-36;0,875;0,027;12;All_Others;0,75
PTGS1;7,36438493846468;7,02688828027367e-40;9,60435090147805e-36;1;0,038;12;All_Others;0,75
CXCR2P1;7,93290084907509;1,71922787061243e-38;2,34984065355308e-34;0,75;0,02;12;All_Others;0,75
ZNF185;6,29264740610082;2,88513809063736e-36;3,94340674228314e-32;0,875;0,031;12;All_Others;0,75
MTURN;7,84272542748412;4,87715956914311e-35;6,6661016991048e-31;1;0,046;12;All_Others;0,75
MMD;7,67933064557367;2,44721142915118e-31;3,34484858136384e-27;0,875;0,038;12;All_Others;0,75
SNCA;7,28575511745591;1,01425442969549e-28;1,3862829545078e-24;0,75;0,03;12;All_Others;0,75
CA2;6,20387710125539;8,58499869224617e-28;1,17339762125621e-23;0,75;0,031;12;All_Others;0,75
SMIM3;6,20922198543894;9,79817960763652e-27;1,33921518877176e-22;1;0,065;12;All_Others;0,75
DMTN;6,42759491026959;1,07388501837331e-23;1,46778604311264e-19;0,75;0,038;12;All_Others;0,75
H3C10;6,91657819792115;1,21883836425537e-23;1,66590827626424e-19;0,75;0,038;12;All_Others;0,75
LMNA;6,79217463002627;1,38315508883457e-23;1,89049637541909e-19;0,75;0,038;12;All_Others;0,75
FHL1;6,44163585468318;3,99669931901604e-21;5,46268862923112e-17;0,875;0,064;12;All_Others;0,75
TSPAN33;5,79466596885082;3,16049303864439e-20;4,31976188521915e-16;1;0,095;12;All_Others;0,75
TPM1;6,69888829794054;5,64809165236974e-19;7,71981167045897e-15;0,875;0,073;12;All_Others;0,75
CDKN1A;6,73510464042619;1,19611097845843e-18;1,63484448535698e-14;0,75;0,052;12;All_Others;0,75
PGRMC1;6,41407405649815;5,52735227751171e-18;7,554785092903e-14;0,875;0,079;12;All_Others;0,75
PDLIM1;5,72015111073818;8,80289930382362e-18;1,20318027684661e-13;0,875;0,08;12;All_Others;0,75
TPTEP1;6,22558851016004;2,50823030381348e-16;3,42824917925227e-12;0,75;0,06;12;All_Others;0,75
MINDY1;5,42998768182883;2,81354035448263e-16;3,84554695650686e-12;0,75;0,06;12;All_Others;0,75
PLA2G12A;6,17409650619165;6,40726984224447e-16;8,75745642037975e-12;0,875;0,092;12;All_Others;0,75
MARCHF2;5,9077996099507;7,14492603463843e-16;9,76568490414381e-12;1;0,132;12;All_Others;0,75
BEX3;5,7214018645673;2,4515813136459e-15;3,35082133949121e-11;1;0,138;12;All_Others;0,75
CCDC92;5,33249005477655;2,94594097877927e-15;4,02651212979551e-11;1;0,139;12;All_Others;0,75
F13A1;6,69263225194849;3,46108278466579e-15;4,7306079500812e-11;1;0,14;12;All_Others;0,75
MPP1;6,3222839948758;3,52873837283306e-15;4,82307960798822e-11;1;0,14;12;All_Others;0,75
PARVB;6,13730457713125;8,67195596020696e-15;1,18528294064109e-10;1;0,145;12;All_Others;0,75
ABCC3;5,36926246289157;8,80293497394553e-15;1,20318515223888e-10;0,75;0,069;12;All_Others;0,75
MCEMP1;4,28336193674973;1,18340887822001e-14;1,61748325475112e-10;0,75;0,065;12;All_Others;0,75
STOM;5,00213535343717;1,80926608285549e-14;2,47290488204689e-10;1;0,144;12;All_Others;0,75
TUBA1C;5,6020416349245;6,22954915195562e-14;8,51454778089294e-10;1;0,157;12;All_Others;0,75
CCL5;3,710539829813;1,50838411488834e-13;2,06165940822938e-09;1;0,143;12;All_Others;0,75
CDK2AP1;4,74037812184496;2,98348290581612e-13;4,07782443566948e-09;1;0,17;12;All_Others;0,75
RGS18;6,46713543434563;3,13604268174316e-13;4,28634313740655e-09;1;0,171;12;All_Others;0,75
SLC40A1;5,39051563557167;3,61804405354197e-13;4,94514261238116e-09;0,875;0,118;12;All_Others;0,75
CORO1C;4,03059108529376;9,03395085282066e-13;1,23476040256353e-08;0,875;0,117;12;All_Others;0,75
RUFY1;5,32403108461282;1,10256285143004e-12;1,50698290533458e-08;1;0,181;12;All_Others;0,75
VCL;6,42749196092382;1,12629219576778e-12;1,53941617317541e-08;1;0,182;12;All_Others;0,75
CARD19;3,97273612163814;1,18715514316062e-12;1,62260364967193e-08;1;0,171;12;All_Others;0,75
GSN;4,70562655006977;1,38254736907421e-12;1,88966574405063e-08;1;0,178;12;All_Others;0,75
H2AC6;6,21315468897029;2,13311720857999e-12;2,91554460068713e-08;1;0,188;12;All_Others;0,75
NRGN;8,51029936643043;8,33918773908148e-12;1,13980018017766e-07;1;0,203;12;All_Others;0,75
RAB32;3,79222167950355;1,63514172429275e-11;2,23491170876333e-07;1;0,191;12;All_Others;0,75
MAFG;4,58242237705396;4,94852297300127e-11;6,76364119949813e-07;0,75;0,097;12;All_Others;0,75
ODC1;5,73745451037921;8,70038266397942e-11;1,18916830251271e-06;1;0,234;12;All_Others;0,75
BCL2L1;4,99739307523768;9,38563137365197e-11;1,28282809615075e-06;0,75;0,103;12;All_Others;0,75
LIMS1;5,72889341800985;1,47808979543493e-10;2,02025313240046e-06;1;0,242;12;All_Others;0,75
SNN;5,65045208647212;1,51054957493968e-10;2,06461915902756e-06;0,875;0,16;12;All_Others;0,75
RAB4A;3,59224735794513;2,54280179696727e-10;3,47550149609487e-06;1;0,226;12;All_Others;0,75
MGAT4B;4,54471947357166;2,73484837830564e-10;3,73799076346815e-06;0,875;0,165;12;All_Others;0,75
RNF11;5,27183740677338;3,47322487778498e-10;4,74720376295651e-06;0,875;0,169;12;All_Others;0,75
TPST2;3,93522126055527;4,7769240334651e-10;6,5290997689401e-06;1;0,242;12;All_Others;0,75
AGPAT1;4,91500646588784;7,03336158751454e-10;9,61319861781487e-06;0,75;0,114;12;All_Others;0,75
NT5C3A;4,45193262594826;1,03601785355807e-09;1,41602920224316e-05;0,875;0,172;12;All_Others;0,75
SNAP23;4,03459502159393;1,74879680229159e-09;2,39025546937214e-05;1;0,278;12;All_Others;0,75
SLC10A3;4,01101684029061;6,55879364523209e-09;8,96455915430322e-05;0,75;0,13;12;All_Others;0,75
CDKN2D;4,83075900094684;8,72497169463004e-09;0,000119252913122203;1;0,336;12;All_Others;0,75
PTPN18;4,0278586061758;9,44529591818807e-09;0,000129098304609794;1;0,315;12;All_Others;0,75
YWHAH;4,78751743531259;9,80687759617877e-09;0,000134040402984571;1;0,341;12;All_Others;0,75
ACTN1;4,07723495155197;1,53228117801061e-08;0,00020943219141049;1;0,351;12;All_Others;0,75
CTSA;4,26682230464361;1,78825977623274e-08;0,000244419346215491;1;0,362;12;All_Others;0,75
DAPP1;3,91830954329446;2,62854794263742e-08;0,000359269932799683;0,875;0,219;12;All_Others;0,75
KIF2A;4,41763116174894;3,17263024064597e-08;0,000433635101291491;1;0,337;12;All_Others;0,75
GNB5;3,4190957844768;3,37817141077237e-08;0,000461728468424367;0,75;0,134;12;All_Others;0,75
TPM4;5,18795894616447;3,62717777868931e-08;0,000495762658791255;1;0,392;12;All_Others;0,75
NCOA4;5,96841042467499;5,66673411775344e-08;0,00077452921921454;1;0,415;12;All_Others;0,75
CD151;4,16619662175904;6,79660164379413e-08;0,000928959512673782;0,75;0,151;12;All_Others;0,75
RSU1;4,16450269371068;8,0007641520574e-08;0,00109354444430321;0,875;0,245;12;All_Others;0,75
PACSIN2;3,8143804289196;8,31046868968638e-08;0,00113587486050634;0,75;0,153;12;All_Others;0,75
MAX;4,590627833712;8,36643149278194e-08;0,00114352385643344;1;0,435;12;All_Others;0,75
TUBA4A;5,18339786596753;1,22690695099412e-07;0,00167693642061876;1;0,461;12;All_Others;0,75
PRDX6;3,72192706713821;1,39816162282555e-07;0,00191100730607796;1;0,469;12;All_Others;0,75
MFSD1;4,18852345758341;1,4052137715642e-07;0,00192064618297395;0,875;0,26;12;All_Others;0,75
ANO6;4,12160517359894;1,4072034854758e-07;0,00192336572394833;0,75;0,164;12;All_Others;0,75
ETFA;3,43433952404916;2,13556427571757e-07;0,00291888925205078;0,875;0,25;12;All_Others;0,75
MTPN;3,73330003592688;2,34864161259547e-07;0,00321012335609549;1;0,465;12;All_Others;0,75
FERMT3;4,0283750621362;2,53964180712989e-07;0,00347118242198513;1;0,517;12;All_Others;0,75
ABTB1;2,52165311732763;2,97328581725166e-07;0,00406388705501956;1;0,402;12;All_Others;0,75
PTPRJ;3,74205292524396;3,00579595896019e-07;0,00410832191670678;0,75;0,165;12;All_Others;0,75
RGS10;4,10092407153947;3,82212125921466e-07;0,0052240753370946;1;0,565;12;All_Others;0,75
WDR1;3,10633515443366;4,16255612179823e-07;0,00568938170727382;1;0,551;12;All_Others;0,75
TMBIM1;3,35448129116198;4,37373326638084e-07;0,00597801862848934;0,875;0,267;12;All_Others;0,75
TLN1;4,37630928094401;5,06579712630605e-07;0,00692393151223511;1;0,592;12;All_Others;0,75
CALM3;3,68964062951797;5,06977154846985e-07;0,00692936375244859;1;0,6;12;All_Others;0,75
GPX1;4,65433619837477;5,57856488737202e-07;0,00762478248806008;1;0,621;12;All_Others;0,75
SRGN;2,85533674007662;6,70661452333055e-07;0,00916660073048819;1;0,62;12;All_Others;0,75
CYB5R3;4,20764046066422;7,03066382021637e-07;0,00960951130947173;0,875;0,293;12;All_Others;0,75
FLNA;3,48809989843963;7,21223901609888e-07;0,00985768828720394;1;0,593;12;All_Others;0,75
ADIPOR1;3,65708581020623;7,21243401417332e-07;0,00985795481057209;0,875;0,282;12;All_Others;0,75
RAP1B;3,74613843789262;8,30629116363609e-07;0,0113530387624578;1;0,684;12;All_Others;0,75
ILK;4,40899378187319;8,71272376449217e-07;0,0119085508413079;0,875;0,306;12;All_Others;0,75
AMD1;3,27306174782675;8,76969353600527e-07;0,011986417125012;0,875;0,279;12;All_Others;0,75
TAGLN2;4,2393503110871;8,81918002140316e-07;0,0120540552532538;1;0,734;12;All_Others;0,75
TGFB1;4,44379857938912;9,42445514002436e-07;0,0128813452853853;1;0,763;12;All_Others;0,75
ARF1;2,78423510771746;9,52109566613525e-07;0,0130134335564737;1;0,632;12;All_Others;0,75
PKM;3,12590507498179;9,96959726123242e-07;0,0136264455366525;1;0,76;12;All_Others;0,75
OST4;3,50299487972066;1,00933483713717e-06;0,0137955885539908;1;0,802;12;All_Others;0,75
YWHAZ;3,09634115732337;1,03880046913728e-06;0,0141983248121683;1;0,801;12;All_Others;0,75
MYL12A;3,02903291842706;1,08936357874156e-06;0,0148894213942397;1;0,887;12;All_Others;0,75
OAZ1;3,20521132232552;1,10258115360972e-06;0,0150700792075376;1;0,924;12;All_Others;0,75
TMSB4X;2,57176632534838;1,10841110440219e-06;0,0151497629749692;1;0,985;12;All_Others;0,75
ACTB;2,52922560013274;1,10844829713907e-06;0,0151502713252968;1;0,993;12;All_Others;0,75
HLA-E;2,9313089143842;1,12340054207207e-06;0,0153546386090411;1;0,947;12;All_Others;0,75
GNAS;3,08287690038935;1,13425877537753e-06;0,0155030489418601;1;0,915;12;All_Others;0,75
MYL6;3,0988522288471;1,13682294184464e-06;0,0155380959691326;1;0,925;12;All_Others;0,75
SH3BGRL3;2,42881760599254;1,32607017766889e-06;0,0181247271883783;1;0,943;12;All_Others;0,75
SAT1;2,94792759763608;1,35476334930094e-06;0,0185169054582452;1;0,622;12;All_Others;0,75
H3-3A;2,38405269536906;1,35651063988942e-06;0,0185407874260086;1;0,887;12;All_Others;0,75
MAGED2;3,49347428429575;1,41365641963569e-06;0,0193218559435806;0,75;0,191;12;All_Others;0,75
ITM2B;2,31856993461081;1,46673477179849e-06;0,0200473308609418;1;0,918;12;All_Others;0,75
ARPC5;2,67193402131919;1,79365580803544e-06;0,0245156875842284;1;0,738;12;All_Others;0,75
CMTM6;3,03243847361823;2,02625797016531e-06;0,0276948939362195;0,875;0,312;12;All_Others;0,75
MSN;2,20037064311038;2,04232726383821e-06;0,0279145290421407;1;0,659;12;All_Others;0,75
GRAP2;4,94918035635954;2,46865074773476e-06;0,0337415184200387;0,75;0,212;12;All_Others;0,75
MYH9;2,79562850488839;2,54234835270763e-06;0,0347488172848078;1;0,728;12;All_Others;0,75
ACTG1;1,51730484314822;2,78964779603694e-06;0,038128906076233;1;0,958;12;All_Others;0,75
ARPC1B;2,569067976836;2,85562335607376e-06;0,0390306600308161;1;0,606;12;All_Others;0,75
FTH1;2,19443390015609;2,91643674998981e-06;0,0398618574988608;1;0,973;12;All_Others;0,75
FKBP1A;2,61358900802306;2,91847079919409e-06;0,0398896588833848;1;0,608;12;All_Others;0,75
YIF1B;3,26393167832454;3,46707174282429e-06;0,0473879365809224;0,75;0,207;12;All_Others;0,75
