tested_clust	nb_unique_seq_tested_clust	tested_clust_list_sequences	ref_clust	nb_unique_seq_ref_clust	ref_clust_list_sequences	nb_overlap	overlap_list_sequences
1	1	CARDPHYYDSSGYYYWYFDLW_CSSYAGSNNPYVF	2	2	CAREVVLMVHRRGGLNMDVW_CQQYYSTPLTF;NA_CQQANSFPLTF	0	NA
1	1	CARDPHYYDSSGYYYWYFDLW_CSSYAGSNNPYVF	5	441	NA_CQQYDELPVTF;CATTYYYDSSGYYQNDAFDIW_CQQYYSYPRTF;CAREIEGDGVFEIW_CMIWHSSAWVV;CARHIRGNRFGNDAFDIW_CQQYYSFPYTF;CARRLITMIEGGAFDIW_CQVWDSSSDHVVF;CAKVMIEHPSNRGHFDYW_CMQALQTPYTF;CTTDDEKRPYSGSYLPFDYW_CQSYDSSNVVF;CARGGRVSVAVYWDYYYYGMDVW_CQKYNSAPFTF;CAHSAQYYDILTGYYKAPWGGAFDIW_CQQYNSYSWTF;CARDDFGGATFYSSFDYW_CQQSYSTPYTF;CARAAKIFGVVTAFDIW_CQQYGSSPWTF;CVKDYSTSGWYYFDFW_CQQYGSSLPYTF;CARVVPAAFYGMDVW_CQQYGSSLFTF;CAGGSGYCTNGVCYPRGFDYYYGMDVW_CAAWDDSPPWVF;CAKDDTAMVTADFFDYW_CQTWGTGIWVF;CARTPRWLQCFDYW_CQQYNSYSWTF;CARDQWLAYYFDYW_CQSYDSSNHWVF;CAHRYYSNIDYW_CMQGTHWPWTF;CARDWGYYDSSGYSPRGYYYYYGMDVW_CQQLNSYSFTF;CAKDRVGYGDYVDYW_CQQYNNWPPWTF;CARLGSSPYYW_CQSYDSSLSGYVF;CTRYYGDVW_CQQYYSFPWTF;CAKDHYYDSSGYYSGLGYW_CQSADSSGTYRVVF;CATGLVVPAAILYGMDVW_CQQYGSSRGLTF;CAKDDGDAAAGLIYW_CAAWDDSLSGVVF;CAKDGGGEEALELPDYW_CGTWDSSLSAVVF;CATLRYPSLGVDYW_CHQYNNWPFTF;CARKDSSGSDAFDLW_CQQSYSTPYTF;CARDVVQLWYQIDYW_CQQSYSTPPNTF;CAKYVDTAMNQFDPW_CQQANSFPITF;CARGLHYYDSSGRSLYYFDYW_CQQYGSSPPGQTF;CANQPPSLYW_CQQYNNWPGTF;CARVGYDYVWGSYRYTGVMDVW_CSSYAGSSYVF;CARGRPYYYDSSGYPYDAFDIW_CMQALQTPLTF;CAKERVVTAIPVVIFDYW_CQQSYSTPRLTF;CARPYGDYAYFDYW_CQSYDSSLSGYVF;CARDWWERQDSKRPDYFDSW_CQQTNSFPITF;CARHSNDGSDYFDYW_CQESYGALLTYTF;CASTEIEMLVPRYCSSTSCYFVWFDPW_CGTWDSSLSAGHGVF;CASASSTGTDAFDIW_CQAWDSSTHVVF;CARDGSWYAAWFDPW_CQSYDSSLSGSVVF;CARDPSLGDPGWGYFDYW_CQQYNSYSTWTF;CVREMTGSFTGGLDPW_CMQGTHWPPTF;CAREVNTAMAYYYYYYGMDVW_CQQYGSSQWTF;CARERRGGGHYYDSSGYYLSDYW_CQQSYSTP;CARGGGYSSGWATREVVYW_CQSYDSSLGAVF;CAKVPTVTTFLGYYYGMDVW_CQQSYSTPWYTF;CARDLRPAANFDYW_CQVWDSSSDYVF;CARLSYSSSWYYFDYW_CQQSYSTLYTF;CARVPKVRYCSSTSCYKDYYYGMDVW_CQVWDSSSDSWVF;CATWHYYDSSGEDGMDVW_CQQYNNWPRTF;CARGRSSWHLDYW_CMQALQTPFTF;CARDPWELHGFDYW_CQQYGSSSFTF;CAREAYYYGMDVW_CNSRDSSGNHNYVF;CARDRSVVTMVRGVIPFYW_CCSYAGSYTVVF;CARHEKMNYYDILTGYSPPYYYYYGMDVW_CQSYDSSLSAYVVF;CAHYQGIAVTGTWFDPW_CQSYDSSNVVF;CARESSSWFPYW_CQQSYSTPFTF;CARERDYSPGRYYGMDVW_CGTWDSSLSAGVF;CARHPTPAAMVGYYYYGMDVW_CQQANSFPLTF;CARDGPMTAIGGYGMDVW_CQSYGSLGGSVF;CAKGRTTEGTDAFDMW_CQQVHSYPITF;CAKDRSSLLWFGELLYMPEEYGMDVW_CQQYNNWPLTF;CTNYGMDVW_CSSYAGSNNWVF;CARVDSFAPNSGYGAQLLNWFDPW_CQQYNNWPLTF;CAREDYDTASFGYW_CQQYDNLPYTF;CAKDFGRGSYHRAEYFQHW_CQQYNNWPPWTF;CARGGSLPLITMIVGFFW_CQQYGSSPEYTF;CTREAEMATISIDYW_CQVWDSSSDHVVF;CARDAPIWDTAIVYW_CQQYGSSLPWTF;CARLLVSAYNWFDPW_CQQSYSIPAF;CARIPMTTVTSYGMDVW_CQQYGSSSITF;CARDDEWEPYDYW_CCSYAGSSTYVF;CTTVLRYFDWLLSDYGMDVW_CLLSYSGARGVF;CAIGTGIVGTTFPREYW_CMQALQTSWTF;CAKDMELGWLIDYW_CMQALQTPLTF;CARETVVTPQNAFDIW_CAAWDDSLNGYVF;CARERNIVVVPAAETFDYW_CQQYNNWPPLTF;CARIGFGEYDYGMDVW_CQSYDSSLSVVF;CARGVGATDFDYW_CQSYDSSLSGVVF;CARDPSNWGSFGYW_CQAWDSSTYVF;CARVDGYNYSFDYW_CQQYNNWWTF;CAKEPYGGNSFVYYFDYW_CQQYGSSPGLTF;CAKAEWGGTENYIPYYFDFW_CQSYDNNNLIF;CARSHCSSTSCYPNYYYGMDVW_CQQSYSTPRTF;CARDFGERYCSGGSCYSFDPYYYYGMDVW_CLQHNSYPWTF;CAKEYPGPGQLDDAFDIW_CQSYDSSLSGKVF;CARVDTAMVTGLAISPPWDYGMDVW_CQQYNSYPWTF;CAKDIGDGSGSNSQKRDYYYGMDVW_CQQSYSTPRTF;CATDPYNSGWFASLKNQVLYYW_CQQSYSTPQTF;CAREHTGGWLQRYIDYW_CQSADSSGTYPRVVF;CARGYCDSTSCYAVGYFDLW_CQTWGTGIVVF;CARDPDPNWSKDWFDPW_CQQYNNWPPLTF;CAKGRYSFGLDNFDYW_CQQDGNSPTF;CASRAVQSSGWRQDYYYGMDVW_CQSYDSSLSGVF;CAREASEGPW_CQSYDSSNSWVF;CARLGGYSSRGNWFDPW_CQQSYSTPPYTF;CARDPHHTFGGVLVW_CQKYNSARTF;CAGYYYDSSGYLSSFDIW_CQSYDSSLSVVF;CARLPYRYSGSSNDAFDIW_CAAWDDSLSGPVF;CARAGYGDYVGDFDYW_CQSADSSGTYVVF;CARDYYGSRSDSGMDVW_CQQSYTTPYTL;CAKDGREAAAGTDYYYGMDVW_CQAWDSSTVVF;CARDSPGWGSSGFYYGMDVW_CQQYGSSPRYTF;CARVSGDTMIVVVHRDGMDVW_CQQYNSYSVTF;CAKNLATTGSHW_CLQDYNYPRTF;CAKDGGRGVVIIFYFDYW_CQQYGSSPITF;CARGIAVVTLWGPFDIW_CQQYNNWPRTF;CARDRWVPAAVPHYYYYGMDVW_CQQANSFPLTF;CAREGAAGPPPGHYYYYGMDVW_CMQALQTPFTF;CAKQGHFTDTKRIDYW_CQQYDSYPITF;CAVIPVTGQEASLSAEYFQHW_CQQSYSTPFTF;CARDSPSSGSYGLFDYW_CQTWGTGIRRVF;CASPGGGLLWFGELFRSYFDYW_CVLYMGSGFWVF;CAHRPVSDDILTGYRYNWFDPW_CQSYDSSLSGSVVF;CARGFIGYNFDSW_CQQSYRTPITF;CAREEGYCSGGSCEYNYYYGMDVW_CQQYGSSLITF;CARGRRVFLALSYW_CQQYGSSPHTF;CARGAGRIGQVDVW_CQQYNNWHTF;CARGYYDSSGQSLDYYYYGMDVW_CQQYYSYPFTF;CARTGKNGSGSYWFDPW_CQQYRTF;CARTDIVATPDGGFDYW_CQTWGTGIHVVF;CAREGFYYYGSGSVSGGNWFDPW_CQVWDSSTVVF;CAKVPLGWGAAGGAYFDYW_CQQYGSSPATF;CARVGCSGDTCYSYDWFDPW_CGTWDSSLTAVVF;CARGGILTGKLSDYW_CQQYDNLPTF;CAHGLTGYYTYYFDYW_CQQYYSFPPTF;CARQVGANPFADYW_CAAWDDSLSGPVF;CSVYDAERGYFDYW_CCSYAGGDTSYYVF;CARLYGDYGDYW_CNSRDSSGNLFVVF;CARPYSSSWSPMDVW_CQSYDSSLSGHVVF;CARDKGYSSSWYIRSSWFDPW_CLLSYSGARLVF;CARAVCGDDCYLLDSW_CAAWDRSLGAVVF;CARTTTVVTGDAFDIW_CQSADSSGTYPVF;CAKGRGDYYYYGMDVW_CQQYDNLPITF;CTTGGALNYW_CQAWDSSTACVF;CARDLTTRDYSDAFDIW_CQQYGSSPRTF;CARAGLEINTPDSSGYYYGGGYFDYW_CQQYDNLPPRRFTF;CAKDHGYDFWSGYSDAFDIW_CQQSYSTPLYTF;CARESGYTNYYYYGMDVW_CQQYNSYPLTF;CARKYQLPYYYGMDVW_CQQSYNTPDTF;CARDSTYYYDSSGYPVSDAFDIW_CQQSYSTRRYTF;CAREVYSSSTNWFDPW_CQVWDSSTDVVF;CARANAEYSSSLLFDYW_CQSYDNSLSAYVF;CAHSPYDYVWGSYRQSWFDPW_CQAWDSSTVF;CTTIYYDILTGDYW_CMQALQTPITF;CARLDYDFWSGTPERMDVW_CQQYGSSPPWTF;CARVRKNWNYDLDDWYFDLW_CQVWDSSSDHYVF;CATRRVRGEGLAYW_CQQYNSYSRTF;CARNYDSSGYYVPPYFDYW_CQQYNNWPPYTF;CARDPANYFDYW_CQQSYSTLWTF;CAREESSSWYRYW_CQQYGSSPLTF;CARIVQGGSYLSGGIDYW_CMQSIQLLFTF;CARDRLIIRFLERPNWFDPW_CCSYAGSSTPVF;CAREYSNNWYFFDYW_CQQYAGSPLTF;CARVSGVGTSFAGFDPW_CQSADISATVF;CAREPTPRYSGSYRGFNYFDYW_CQQYYSFPLTF;CARAADYCTSASCPNEYFQHW_CQSYDSSLSVF;CARGRMTVHNDDSGFPEYLYYYGLDVW_CMQVMDNPRTL;CATSRVAVAGVDYW_CQSYDSSLSGVVF;CARDLGIAVAGRVEGYFDYW_CCSYAGSYTLVF;CARDVSNVLVIAVSPSWFDPW_CQQTYSIPYTF;CARDAPDRGSSWYSALFDYW_CQQYNNWPPTF;CARRDGGYCSSTSCSFDYW_CQQYNSYSPTF;CARAEIFGVVIQAFDYW_CQSYDSSLSGSVF;CVKKVIGFDDW_CQQSDTFGYTF;CAKGMDGSGSYYNKDGMDVW_CQAWDSSTGVF;CARVNGLLGEYYYGMDVW_CMQALQTPPNTF;CAKDWAVGWEFVDSW_CQQSHTVPLTF;CARDEGAAAYFDYW_CCSYAGSSTCWVF;CARAAGYCSSTSCYEIYYYYGMDVW_CQSYDSSLSVPF;CTRSYVLRFLEWFSPFDYW_CQQYGSSLWTF;CASSGSYQGNWFDPW_CQQSYSTPYTF;CARSPPRYDLSLVDAFDIW_CQQYNSYSTTF;CARETIAAAGSNFDYW_CQQSYSTPRTF;CARVSGYSYYFDYW_CQQLNSYLLTF;CATYIAAPRDYYYGMDVW_CMQALQTPYTF;CATGKTYSAPHAYYYFDYW_CQQANSFPRTF;CAKEVHSSGFDYW_CQSADSSGTYPWVF;CTTDHIVVVTAMIFGYYFDYW_CQQLNSPLTF;CAREGPTVTKFDYW_CQSYDSSLSGSVF;CEVKAAAGNFYW_CSSYAGSVVF;CAKDIEGGSGYYLTPGGFQHW_CCSYAGSSTFVVF;CARDAMAIGDYYYYGMDVW_CQQLNSYPSLTF;CARREGAGYDILTGSYYYYYGMDVW_CLLYYGGAQLGVF;CTTRLWRISQYYYDSSGYGHFDYW_CQSADSSGTYVF;CARTTLLAAAIDYW_CQQYYSFPYTF;CARAKAARPTPTYYYYYYGMDVW_CQAWDSSTGDVF;CARSGYDSSWVGYDFDYW_CQAWDSSTPVF;CAREGLEIDAFDIW_CQQSYSTPWTF;CAHTSAYYDSSGYYPPFDYW_CQQSYSTPLTF;CARATQDSSGWYGFWYFDYW_CQQYNNWPPTF;CARMLVVVAATGYYYYGMDVW_CQQYGSSQTF;CAREAYDSSAYSTIDYW_CQTWGTGIHVF;CATSLVVVPAAILRGGVGGHYYGMDVW_CGTWDSSLSAVVF;CARSAGSSGSFEYFQHW_CQQYGSSPLYTF;CARRLFLYSSSGYYFDSW_CQQASSFPPLSF;NA_CQQSYNTPRTF;CARGGGAVAGTIDFHYW_CCSYAGTDLWLF;CAKDRGYYDSSGYYYSDYGMDVW_CQSADSSGTYVF;CAKDGFGGASDHW_CQHYDRSPWTF;CARAIQMGCSDGSCLW_CQQYDNLPSYTF;CARKGRWLPDGDDAFDIW_CQQYYSYPLTF;CARAGLRSWFDPW_CMQSIQLPNTF;CARHSYGAYYYYGMDVW_CQQYGGSPLFTF;CAAGVMTARYDYW_CQQSYSTPLTF;CAHFMTTVTTGYFDPW_CIQVRQTPFTF;CAREGGGDILTTYYYYGMDVW_CQQYGSSTRALTF;CARGFGGGDYRSMDVW_CQQLITYPITF;CARTTYGGNSLNWFDPW_CQVWDSSSDHPVF;CARGYGSGNYYYYGMDVW_CMQALQTPWTF;CARSNYDILTGLDYW_CMQALQTPYTF;CAREDSGSYGYFDYW_CQQYNNWPQTF;CARRVLYYRFDPW_CNSRDSSGNHLF;CARGDYDYVWGSSPDAFDIW_CMQGTHWPLTF;CARDVRGYYYDSSGYSGEGYWW_CQQSYSTPYTF;CTRDRYSSSWYKGLYYYYGMDVW_CQQSYSTPYTF;CARVFFRVVYAMAYW_CQQYNNWPPMYTF;CASSLRYFDWTVNNWFDPW_CQQYGSSPQTF;CTRGYCSSTSCYTGWFDPW_CQAWDSSHVVF;CARDGRWELLGNQHW_CCSYAGSSTYVF;CARVYYDSSGYYYFDYW_CQQSYSTPWAF;CARGRVRWELLGDDAFDIW_CQQYDNLPLTF;CCTYVFVGIVPTIVDYW_CQQYNDWPPAGTF;CARDIQYYYDSSGYDAFDIW_CQQSYSTPWTF;CATSWGIAALYGMDVW_CNSRDSSGNPYVF;CAKDYPVAGDLDAFDIW_CCSYAGSSTWVF;CARANWDNWNDGLDYW_CGTWDSRLSSYVF;CARAGYCSSTSCSKEDVW_CQQSYSTPPRTF;CAREPLGGDYYYYYYGMDVW_CQQYGSSPTF;CARLSLRARFRGAFDIW_CCSYAGSYSVVF;CAHSLPSDIDYYYDSSGYSPSPPLFDYW_CQQYNNWPLTF;CASGYGGKTYYFDYW_CQQYGSSPGTF;CLGRELGHSW_CLQHNSYPWTF;CTAVLRYFDWLLMEAHENYYYYGMDVW_CQSADSSGGVF;CARDRSRWEFLYYFDYW_CQQYGSSGYTF;CARARYYDSNSYSYAW_CQTWGTGIWVF;CARLDYYDSSGYYDW_CQTWGTGIPVF;CARDYIAVAGPGENWFDPW_CQQSYSTRTF;CARDRGGYGVRWFDPW_CQQYDNLPPTF;CARRGNAIFGVVTHYYYYGMDVW_CMQALQTPLFTF;CSNYDILTGYYWFHYW_CQQYNNWPFTF;CASSFLDTSIVEYYFDYW_CATWDDSLSGLF;CARIVVVVTSRWFDPW_CQVWDSSSDHYVF;CARSLEWLDDYW_CQSYDSSLSGSVF;CARDAYGGYSFYYYGMDVW_CQQYGSSPFTF;CAGGSGSYYHLDPW_CQQANSFPYTF;CARPRLDYGDYGAGLGYW_CQKYNSAPFTF;CARDRGLRKKYFQHW_CQQYGSSPSTF;CVSQLYYLDGRGYYYDYYYDYW_CLQHHDYPWTF;CTTVSPYGDYVGVYFDYW_CQQYYSYPPTF;CAKDFMEYYYYGMDVW_CSAWDSSLSAVVF;CARSPGSGSYTW_CQQYGSSPLTF;CARLPYAGGPYYYYGMDVW_CMQRIEFPFTF;CARGKPRSLELWSFYYYYGMDVW_CQQSYSTPPTF;CAMGGYDSSGVQLDYW_CAAWDDSLSGYVF;CAHRYCSSTSCYGLGDWFDPW_CQSADSSGTYLVF;CARHSEGLGPVDYW_CGTWDSSLSAWVF;CARAIFGVVSVMGFDYW_CMQALQTLTF;CAKSMKSFDYW_CQQSYSTPLTF;CTTEGGDGYNSFDYW_CQQYDNLPITF;CARDTTYGDYYYGMDVW_CQSADSSGNWVF;CARDGKGYSYGSGNYYGMDVW_CQQSYSTLYTF;CAHRTTTYYFDYW_CQQYNSYPYTF;CTTDLVWFGELANAFDIW_CLQHNSYLPEWTF;CTRGGTLGARSGYYDYYYGMDVW_CQQYNSYPLTF;CAKDEGRVVAVAGTGEHAFDIW_CQQYNSYSPTWTF;CAKDITIFGVVISHLDYW_CLQDYNYPLTF;CARTYYYDSSGYRNAFDIW_CQSADSSGTYPVVF;CAKCFYYDSSGYYYYYYGMDVW_CCSYAGSSTLVF;CARDLLSISGSPFDPW_CQQRSNWPPGGGGLTF;CARGGINGGAYFDYW_CQQYGSSPWTF;CARDRGPAGLDYW_CQQSYSTRYTF;CARRGYYYDSSGYYYDWFDPW_CNSRDSSGNRVVF;CAKGLNTAMVSYYFDYW_CVLYMGSGIWVF;CAKDIREGWSSGYYPVLDYW_CQVWDSSVVF;CAKDSPSGYYYYYYYGMDVW_CQQLNSYPITF;CARDRIAAADHNWFDPW_CAAWDDSLNGWVF;CARDIGGIAAAGSPPSAFDIW_CQQYNSYSTF;CAHSYYYGSGRGGWFDPW_CQSADSSGTYVF;CARDGSSSIFDYW_CNSRDSSGNHVVF;CAKPLRFGYSSSSCFDYW_CSSYAGSNNYVF;CAHTGFESLDYW_CQSYDNSLNGLGVF;CARDEDYYYDSSGSVDYW_CQQSYSTPWTF;CARQIAAAGPENWFDPW_CQSADSSGTYLVF;CARGLPVDVW_CGTWDSSLSAGHVVF;CARLIYYGSGRFGAFDIW_CQQYDNLPWTF;CARNEITIPLDVW_CQQYGSSPLVTF;CTTDHGDAYNYRW_CQQYGSSPRTF;CARDHRMNIAVAGTNWFDPW_CQKYNSAPLFTF;CARALREEQWLNNAFDIW_CQQYYSYPTF;CAHRPPYYDSSGYLSW_CQQYGSSLWTF;CARHYVDTAMVINQYYFDYW_CQSYDSSLSDVF;CARDNYDILTGHYGMDVW_CAAWDDSLSGLYVF;CAKDSSSSDWFDPW_CQQYYSYPLTF;CARDYVAVAGTLDYW_CQQYYSTPYTF;CTRDLAYSNYEPPNHNWFDPW_CLQHNSYPLTF;CARERYYYYGMDVW_CYSTDSSGNHGVF;CAKEGITGYYYYYGMDVW_CQQSYSTPHTF;CAKVALRYFDWLPPYFDYW_CQQYYSYPQNLTF;CARAHDSTGYQDFDYW_CQQAKSFPYTF;CARVGVYGSGSYLVGGDYW_CQQSYSTPWTF;CARGPYYGSGSGEFDPW_CQQYYSYPLTF;CARGSCYSSACYYYYGMDVW_CGTWDSSLSAVVF;CARDFDAAEGAFDIW_CQVWDSSSDPTFYVF;CARGAHSSGYYIDYW_CQQYYSFPFTF;NA_CHQYNNWSSWTF;CAREQDFGGNPFDCW_CMQVLHIPRAF;CARGTMVRGHYYYYGMDVW_CQQSYSTPLTF;CARGYSYGYLDWFDPW_CQSYDSSLSGVVF;CARAAPYSSSSLDYW_CQQSYSTLTWTF;CARRRITMNDYFDYW_CQSYDSSLSGVVF;CARGPDGGAFDIW_CQRGLTF;CARDLIARTALTYYYYGMDVW_CQSYDSSLSGGVF;CARYGVYGDYPGALFDYW_CAAWDDSLSGLWVF;CAKDRRGCSSTSCYTFDYW_CQQSYSTLSF;CARVSGYNSYYFDYW_CQQSYSTPRTF;CAAPSPRFTSSTGGGMELPLHVW_CCSYARGSSLVF;CAKDARWRPRVASIDALDIW_CQQYNNWPRTF;CARHIERYCSGGSCYEALDYW_CMQALHPITF;CASYLEMATRYYFDYW_CLQHNSFWTF;CARVTRVTQSNDFWTSYYTDCFDAW_CYSTDSSGNHKVF;CARLYSSSWTNYFDYW_CQQYYSYPLTF;CARGTVYSVPGGHYGDYVRDPKYYYYGMDVW_CQSADSSGTWVF;CARGAAGVRGPIGYW_CAAWDDSLSGWVF;CARVAVAGTTNWFDPW_CQQANSFPYTF;CARVLGGPGATTFDYW_CLQDYNYPWTF;CARTPVSTSYDSPGWYSSGWFFDYW_CQTWGTGIHVVF;CARTMVRGVTPADAFDIW_CQQYNSYSSTF;CAKSMGATILHAFDIW_CQQYNSYPLTF;CARANSGSYSFFFLRLDYFDYW_CQQYNNWPLTF;CARAAGTGGYYYGMDVW_CVLYMGSGISVF;CARAGQFGDSYYYYYYGMDVW_CLQDYNYPQTF;CAHFTKRPTDAFDIW_CNSRDSSGNHRVF;CAAGFGLSGSYIHYYYYGMDVW_CQQYGSSPPLTF;CATDNWNFGADSGFGYW_CMQGTHWRTF;CARVLGSFSFGYDGFDIW_CQQLNAYPTF;CARDPGIAVAETVYYYYYYGMDVW_CMQALQTPPTF;CARTVGAGYKIGKGYFDYW_CQAWDSSTVVF;CARDQDLAALNYW_CGTWDSSLSAKVF;CTTENVLLWFGEPEYYYYYYGMDVW_CQSADSSGTYAVVF;CARSLFEGTVMAFRAEHMDVW_CQQYKTFFAVSF;NA_CQAWDSSTVVF;CARPPSHDSPMYHYW_CQSADSSGLWVF;CARDTMWWSYGMDVW_CCSYAGSGEVF;CARLRRYSSGYYYIAGDFDYW_CQSYDSSLSGVVF;CARDKGGTTVTTSNWFDPW_CQQYDNLPLTF;CARDGGGYYQKKGYFQHW_CGTWDSSLSAVVF;CARDDIVVVPAAIDYW_CQSYDSSLSGPYVF;CARKFDCW_CQQYGTSLPVTF;CARGVLRFLEWLSNMDYYYYGMDVW_CMQALQTPRALTF;CAKDGSYYDSSGYSDYW_CQQYNNWPPWTF;CAKDKSYSVEYW_CMLFMGSGIWVF;CAKADVRSNWNDMHFDYW_CQAWDSSTVVF;CARATPRGYGGNSLNWFDPW_CQQYNSYPFTF;CAEGYQLPGLYYW_CNSRDSSGNHLF;CARHAGSGSYYFWFDPW_CQQYGSSPYTF;CAKDLQIGYCSSTSCRNAFDIW_CQQYGSSPPRVTF;CARGRGSYFDYW_CQQYGSSLWTF;CARTCSSTSCYTYGMDVW_CQQYNNWQYTF;CAHRGYSYGPLFDYW_CLLYYGGAQLVF;CARLPTLRYGSGSYYNGALDYYYGMDVW_CMQALQTPLTF;CARSIAAASPFDPW_CQQYDNLPPTF;CARGPPYGHLGYW_CQQYNNWPPITF;CAKDILGGGYFDYW_CQTWGTGMGVF;CAKDASYGYLFEYWYFDLW_CQQYNNWPPWTF;CARFGAKNYYDSW_CQQYNNWPGTF;CAREKWLRPQLDYW_CQQYGSSPKTF;CVKGPYYDGSGNSFGRKAFDIW_CQQYGSSPYTF;CARGASKGNQPALHYGMDVW_CQQSYSTPPAF;CATTLASPTHDYGDYEGGYMDVW_CQQYGSSPLTF;CALGIDAFDIW_CQQYNNWPKTF;NA_CQSYDDSLSGTVF;CARGFYYGSGSPLSGMDVW_CQQSYSTPRTF;CAKDPAASGSPWYFDYW_CQQYYSFPRTF;CAREVSRQSGSRPIKWFDPW_CQQSYSPPPLTF;CTPSLETYGDYALGYYW_CQSADSSGTYPYVF;CAKDFGGPLQFDYW_CQQYGSSPRTF;CAKDMLFSNNYW_CQTWGTGINWVF;CARDENHLYYGDLAYW_CQQSYSIPRAF;CARGSRLLLWFGELKVGPGFDPW_CQQYNSYWTF;CAMKGGRDGYNTRVYYYYGMDVW_CCSYAGSSTPYVF;CAKDIGPTNCSSTSCHAYYYYGMDVW_CQQYNSYSTF;CWRDRREAPIEMEVASTRG_CMQSTHWPYTF;CTRHTHCSGGSCYDAFDIW_CQQSYSTPRYTF;CAREPPHGSGTDYNWFDPW_CQSYDSSLSAYVF;CVKDLYDTGSYYYFDYW_CSSYTRSSTLVF;CSRHEGVGGNSDYW_CVLYMGSGISMF;CARNHDYGDYMFGGMDVW_CQSADSSGTYVF;CTTSGGDW_CMQSIQLPRTF;CARDRTSFGYSYGNIDYW_CQTWGTGILVF;CAKDELASYGGVGYYW_CQSADSSGTYFWVF;CAREPKHSGYCSSTSCYIGNWFDPW_CQSYDSSLSGNVVF;CARASWDSSSWGLGFDPW_CQAWDSSTGVF;CARTRVRGVISPFDYW_CQQANSFPPTF;CTREYYDFWSGDYW_CQQYDNLPLTF;CARDGGRGSGWSTPDYW_CNSRDSSGNHVVF;CARHYDFWSGDNPYWYYYYGMDVW_CQQYGSSPPWTF;CTTTTADIVVVPAAIQTVDYW_CQQYDNLPLTF;CAIMVRGVIGSYYYYGMDVW_CQQSYSTTWTF;CAKDNGYGGNSLQHW_CCSYAGSSTLVF;NA_CQQSYNTLWSF;CARARYRRDGYHNLYAFDIW_NA;CARGFSETGPGYKRFYYYFDLW_CQQYGSSPQTF;CARVKGDYYYYYGMDVW_CMQALQTPHTF;CARDPPLYSSGWFTGDYW_CQQYNSYPRTF;CAKDGGEHRGNDYW_CQVWDSSSDHYVF;CARGYDFWSGYLPHYGMDVW_CQVWDSSSDHPGVF;CARETKQYIDYRSPTVGRPYDYYYGMDVW_CLLFYGGAQLGVF;CAKGVWESTTEDAFDIW_CQQYNSYSPFTF;CAKDQGYCSSTSCYPYYYGMDVW_CQAWDSSTVVF;CARLGGYDSTFDYW_CSSYTSSSTYVF;CARVAAAGTYFDYW_CQQYGSSPETF;CARINQHGSGTYSPDYYYYGIDVW_CMQALQTPMYTF;CARKSIAAAGLPYYYYYGMDVW_CMQALQTRFTF;CAQGGYSYGYYDYW_CAAWDDSLNGVVF;CARQRGGTAVPVYYFDYW_CQQYGSSPLYTF;CARALYYDSSGYQPNRYYFDYW_CQSYDSSLSGYVVF;CTRALNSNHFDYW_CQQANSFPLTF;CARVTDPDAFDIW_CNSRDSSGNHYVF;CARSAWHPAATGGMDVW_CLQDYNYPYTF;CARVSLVVPQQFDYW_CQAWDSSTVVF;CAKVPGYSTGWYYFDYW_CQQCDSSPEWTF;CAKDSTCSSTSCYRGYYYYGMDVW_CQQYYSYPITF;CARGRNGGNRFDWFDPW_CQSYDSSLSGSGVF;CARGKNWFDPW_CQQYGSSPLTF;CASGYSSGRPDYW_CQQYDNLPITF;CARLSDGDYTFDYW_CQQYNSYWTF;CARGGTAGYSYGYAYW_CQAWDSSTAVVF;CAKDIVVVPAAPITLYYYYGMDVW_CMQALQTSFTF;CARWRLYYDSRGYYYGMFDYW_CQQSYDTPLTF;CARSRRIVGATSFDWFDPW_CQQYNSYSRTF;CASEDSGYGGGFDYW_CQSYDSSLSEGVF;CAHGRDYDSSSLPFDYW_CQQYNSYPYTF;CARAGAYYYGSAIDYW_CQQYGSSPGLTF;CAKGSSHSGGWFDPW_CQQYNSYWTF;CARDLLRAYSSSSTSSIDYW_CQQYYSYPRTF;CAKDVSGYLDAFDIW_CGTWDSSLSAGWVF;CAREGSRYFDYW_CQVWDSSSDHYVF;CASHDSSGYYLLDYW_CQVWDSSSDHVVF;CARYCSSTSCYTTYYYYYYGMDVW_CQQYYSYPLTF	0	NA
1	1	CARDPHYYDSSGYYYWYFDLW_CSSYAGSNNPYVF	8	1	CARGTPGWYW_CQQYGSSPTF	0	NA
1	1	CARDPHYYDSSGYYYWYFDLW_CSSYAGSNNPYVF	9	14	CARSGTTYYDILTGYYNYW_CQQYGSSRWTF;CARGNDYYGSGEFDYW_CSSYTSSSTLVF;CARDGDTAMVINYFDYW_CQSADSSGTYWVF;CARGKGEGRYYYDSSGYYYFDYW_CQQRSNWPPLTF;CARNKQHIVGATLHTHYSNWFDPW_NA;CARTSRGLIAAAAAVDYW_NA;CAKRGGLMVRGVAVDYW_CQQYYSYPWTF;CAKGGWFGELLFRLDYW_CQQYDNLLTF;CARRLAYNGNWDYGDFDYW_CCSYSKTATF;CARERPRGAAETW_CQAWDSSTWVF;NA_CQQRSNWPPYTF;NA_CCSYAGSSTVVF;CARDSKQQLADNWFDPW_CQAWDSSTLVVF;CARLWVFLTMVRGPDFDLW_CHQSSSLPLTF	0	NA
1	1	CARDPHYYDSSGYYYWYFDLW_CSSYAGSNNPYVF	15	98	CAKDFHRLTLLRYCSGGSCYSAFDIW_CCSYAGSSTYVF;CAKRPDTTGRSWYFDYW_CQQYNNWLWTF;CAKFDIAAADTGKGEDYW_CMQGTHWPPLTF;CAKDSLFDRIILIATDIW_CAAWDDSLNGWVF;CAKYPSFSSRRWYFDLW_CQQYNNWPPPYTF;CAKLPSYSYGPFDYW_CQVWDSSSDHPVF;CAKDRQQLVIDAFDIW_CQQANSFSYTF;CARRRYYGGNSNKGWYFDLW_CQQRSNWRTF;CAKVLGFGPHYDILTGYYPFDYW_CQQSYSTPLTF;CASVQWLVDYW_CQQSYSTPMYTF;CAKDQSPSAKNGDYVSFDYW_CMQALQKTF;CAKDLRFLEWLLPYYYGMDVW_CMQALQTPWTF;CAKDPNYWRYFDWLTGYYFDYW_CQQRSNWPPWTF;CARDGGFGGSWLDPW_CQQRSHFRTF;CAKGEQFIAVNNWFDPW_CQQRSNWPITF;CAKDIRGNSWYGDSEGIW_CMQGTHWPYTF;CASGMVDFDYW_CMQGTHWPPTF;CAKGDSRYWYFDLW_CQQRSNWPLTF;CARGSISSQRWFGPW_CQQYNYYYTF;CAKWGHSSWYDNWFDPW_CQSADSSGTYVVF;CARGGAVLRYFDWEPQGPLEDNWFDPW_CQQRSNTWTF;CARNMASGMDVW_CQQRSNWPLFLTF;CAKMGASRWGPSYYFDCW_CQQYGSSPRTF;CAHRPLDILTGYRVDYFDYW_CQQSYSTLGTF;CAKDHPTNWFDPW_CQQYYSYPRTF;CAKAQNYYDSSGYYPFDYW_CQVWDSSSDHSVVF;CAKAPESSAYYGPDYW_CAAWDDSLSGHWVF;CAKGATSCAYW_CQQSYSTPRTF;CARGRLGGYSLPGFDYW_CNSRDSSGNHVVF;CARAIWYYDILTGYYSYYGMDVW_CSSYAGSNNLEVF;CARARGDFWSGYTHWYFDLW_CQQRSNWPPWYTF;CAKASARYCSGGSCYGTAFDIW_CQQSYSTPVF;CAKFHDSSGYYYLYGFDYW_CQAWDSSTYVF;CAKGAAASRTDYW_CQQSYSTPPYTF;CAQTGILTGYPRVGNAFDIW_CQQRSNWLGFTF;CAKDEWERGAFDIW_CQQYNSYSPWTF;CAKADLLYSGSYGAW_CQQSYSTPYTF;CAKDGIVVVTAIKFGHGMDVW_CQQANSFPYTF;CAKRLDYW_CMQATQFPYTF;CANISPPPRYYGSGSYYNFAFDIW_CQQLNSYPFTF;CAKDYDSGSYYEGGAFDIW_CQQRSNWPLTF;CAKEDYNSGSCLDYW_CQQLNSYPQVTF;CAQIAAAGTMGFDYW_CQQRSNWPSLTF;CAKVRGIVGATPCYFDYW_CQVWDSSSDHPVF;CTTEVCSGYDCDLGDYW_CQQRSNWPTF;CARSVDTAMGNAHDW_CQQYGSSPPTF;CAKDRGYRGDYSNWFDPW_CQQYNSYPRTF;CARDRPPYSNYVIYGMDVW_CQQRSNWPPLTF;CAKPSIVATIWAFDYW_CQQYDNLPPITF;CARDHKQWRVSYVWFDPW_CQQRNTWPRPTF;CAKGRYSSSWYEDWYFDLW_CQQRSNWPPLTF;CARDISKGAAGTGDWFDPW_CQQRSNWPLTF;CAKDAEGQGPVLLWLGGMDVW_CQQYNSYSYTF;CATGIAVAGTLGYYGMDVW_CQQYNNWPRFTF;CAKGTHYYGSGSMWGMDVW_CQQRSNWPPYTF;CAREGEITMIVANDAFDIW_CQQSYSTPPTF;CATSDWSW_CQQRINWPITF;CAKASVAVAGTGGMDVW_CQVWDSSSDHVVF;CAKFFVVLSFWSGYYDYW_CQQLNSYPQTF;CAKGRNFVVVTAICDYW_CQQYGSSPLTF;CAKSLKLFAIDYW_CQSADSSGTYWVF;CANDRDASSAWYGPVGYW_CQQHYSTPGTF;CAKGGYCSGGSCPLDYYYGMDVW_CMQALQTPLTF;CARARSSGWYHYW_CQQRSNWPPTF;CAKDHDEGATTYFDYW_CQAWDSSTVVF;CAKDSRYSLLIAVAGTEDYW_CQQRSNWPWTF;CAKDRGPAEKYYYDSSGTQLIGAFDIW_CQQYYSYPPGTF;CAKVEGIWFGELSDFYYYYGMDVW_CQQRSNWPLTF;CAKALHAAVVGPAAIPFDYW_CSSYVGSNNYVF;CAKDHLMITFGGVGQGVPWFDPW_CQKYNSAPRTF;CAKAEGVKYNWNYGDYW_CQQSGSSPPTF;CATDLNLAVAGEGGYW_CQQRSNWPLTF;CARDSYDFWSGYTPPNYYYYYGMDVW_CQQRSNWYTF;CAKETLGAVDYW_CCSYAGSSRVF;CAKAAMVRGVIDWYFDLW_CQQYYSYPPFTF;CASATTVSHW_CQQRSNWPLTF;CAKGGGADFDHW_CQQYSIWPLSF;CAKDRDGYNADDAFDIW_CQQSYSTPLTF;CAKSYGSGSYYRTSEYYFDYW_CQQYNNWPPGTF;CARDCSSTSCLAYW_CQLRSNWPTF;CAKRDSSSWGWDRGAFDIW_CQQLNSYPGFTF;CAKGFDYYGSGSYSPFDYW_CQQYNNWPPEYTF;CARHEKGIAAAVYYFDYW_CQQRSNWPLTF;CAKDGRWELGTFDIW_CQQYDNLPQF;CAKDRRLGPWIPDYW_CQQYDNLPQAF;CAKDVTDGYNIPYYFDSW_CQQRSNWPLTF;CAKDRCTITSCSYQNW_CMQALQIPPTF;CAKDRSFDYPDYW_CQQYYSFPYTF;CTSWAIPQALTDYYYYGMDVW_CQQRSNWPPSITF;CAKLGEEDGSGSPSYYYYGMDVW_CQQYNNWPPLTF;CAKILYSSGWWGGAFDIW_CQQYNSYPLTF;CAKDDDRGYGWFGELLGRYGMDVW_CQQRSNWLLTF;CAKDKASSWQDRYYYYGMDVW_CVLYMGSGIRVF;CAKVGVGATSHFDYW_CQQSYSTPRYTF;CAKDLPRSVVVTANSYYYGMDVW_CQQYNSYPVTF;CTTPTWGNYYYYGMDVW_CQQRSTGRDTF;CARVFRRYGSGSYYNLW_CQQRSNWLTF;CARDPGDYVEIEWYFDLW_CQQRSNWPRLTF	0	NA
1	1	CARDPHYYDSSGYYYWYFDLW_CSSYAGSNNPYVF	16	68	CARQVGVGKWYLEDW_CCSYASGDNLVF;CARLIKYSGSYEMVDYW_CAAWDDSLNGYYVF;CARGGFITMIGYGMDVW_CQQYDNLPFTF;CARDLRWCSGGSCYGNYYGMDVW_CAAWDDSLNGQVF;CARDGRDYYDSSGYYYDDAFDIW_CQSADSSGTVVF;CARDHPLMVRENLGFDPW_CAAWDDSLNGPVF;CARDLRNYYDFWSGSPNPKINWFDPW_CQKYNSAPLTF;CARDLPAARYGDYGGFDYW_CAAWDDSLNGVVF;CARDLFPIQYGSEPYGMDVW_CQQYGSSPRTF;CARDIGPLDVW_CQVWDSSSDHRVF;CARDQGDGDYGAFDIW_CQQSYSTSSWTF;CARILEIVDPSGSYQYYFDYW_CGTWDSSLSAVVF;CARDGHYSGSYYVGYW_CCSYAGSYTYWVF;CAREEYSSSWHPYYFDYW_CGTWDSSLSAYVF;CAKDFRGWFDPW_CATWDDSLNGWVF;CARDRSGGSWFDPW_CVLYMGSGVF;CARASTAAYYYYYYGMDVW_CAAWDDSLNGHVVF;CAHHLSFGGNWAFAHW_CAAWDDSLNGSYVF;CASNLGYCSSISCYGFDYW_CQQYGSSPLYTF;CAKELPYYDSSGGPEYW_CAAWDDSLNGWVF;CARGEDYYGSGSYYGMDVW_CQAWDSNTVIF;CARVLGITGTTRRFDYW_CQQYYSYPFTF;CARDREQLAPFDYW_CQSADSSGTYVF;CAKDLIDTMIVVVITPPFDYW_CAAWDDSLNWVF;CARGGHLWSEEVMNRFYYYLGMDVW_CGAWDGSLNGYVF;CARDGYSGYDRADYYYYYGMDVW_CQSYDSSLSGSRVF;CARDHIAVAATPAEYYYYGMDVW_CQAWDSSTVVF;CARARDRQGAYYYGSGSYVPYYYYGMDVW_CCSYAGSSPWVF;CARQNFDILTGYSIDYW_CAAWDDSLNGLYVF;CARDNSGSYVVEYYFDYW_CAAWDDSLNGWVF;CARQYVEWLREMDVW_CAAWDDRLNGWVF;CARNYYYDSSGSGFDYW_CQQANSFPPTF;CAHRHHCSSTSCSPWDDWFDPW_CAAWDDSLNGPVF;CARQNFDILTGYSIDYW_CAAWDDSLNGLYVF;CAKTQVDGKALWFEPW_CATWDSILSGWIF;CARELLWFGEGINWFDPW_CAAWDDSLNGVVF;CARHNTITLRYFDWTKLGYFDLW_CAAWDDSLNGVVF;CARDRYDYGDYPAEYFQHW_CAAWDDSLNGVVF;CAREQLGGFDYW_CAAWDDSLSVVVF;CAIIPLATPVTIIMDYW_CMQSIQLPPQPTF;CAREQQLVPYYYYGMDVW_CAAWDDSLNGWVF;CARDGAGHYGSGSYFGSW_CATWDDSLNGFVIF;CASRTNHYYDIQRHYW_CQQSYSTPGVTF;CARHIMVRGVPPNFDYW_CAAWDDSLNGPVF;CASTGGGSYPILNW_CQQYYSYPLTF;CARGGPYPINSGYYYEVDYW_CAAWDDSLNGRYVF;CARGPNDAFDVW_CQQYARSPPWTF;CAHHASFGGNWAFAHW_CAAWDDSLNGSYVF;CARDRGYGSGSYFSGFDYW_CQQYNNWPPRTF;CARERGMYSSGWYNWFDPW_CQQYYSYPYTF;CARGGDGYNYHPYW_CQKYNSAPTF;CAKDSIPIYDSSGTTFDYW_CAAWDDSLNGWVF;CARDQRSYADYW_CQQYYSYPQTF;CARDLQRGYSYGYW_CAAWDDSLNGVVF;CARDIHGNGALYYYYGMDVW_CAAWDDSLNGLYVF;CARDNIVVVPAAMFEASDYYYGMDVW_CMQALQTPYTF;CARDELRQLVLW_CQSYDSSNPWVF;CARSYGSGSYPRPSPLAWFDPW_CAAWDDSLNGPVF;CARDLIGFGASFDYW_CQQYNNWPPYTF;CARMMGTYYGDHPTIVGYFDYW_CQQYNNWPLTF;CARDGLDYDSNAIDYW_CQQYDNLPYTF;CARHGGDCGLDCYSNWFDPW_CQHWTF;CAREPADSSSLW_CQSYDSSNWVF;CARSGQWLEGWFDPW_CQQYNSYSPTF;CAREGREGGGFDYW_CAAWDDSLSGWVF;CARFVPGGYDGFDIW_CASWDKNLNAFVF;CARDPVPVILGYCSGGRCSPLDYW_CQNYNSAPRTF;CAKDWDDYDSESGVYNYYGMDVW_CSAWDDSLNGVVF	0	NA
1	1	CARDPHYYDSSGYYYWYFDLW_CSSYAGSNNPYVF	17	1	CARHGINYYDSSGYSGNDAFDIW_CQQYDNLFTF	0	NA
1	1	CARDPHYYDSSGYYYWYFDLW_CSSYAGSNNPYVF	18	55	CARETTPVVTASTYYYYYGMDVW_CSSYTSSSTWVF;CARDWVRGVNDMDVW_CSSYTSSSTRVF;CTRPQRKWELPYPDAFDIW_CSSYTSSSTLF;CARGGAAVTTYYYYFYGMDAW_CCSYSSTNTLYVF;CARDGSGYLEQYYFDYW_CAAWDDSLNGYVF;CARGQGRTTSDYW_CSSYTSSSTLVVF;CARDPITMVRGVIISGWYFDLW_CSSYTSSSTLDVVF;CAKGADPYYDFWSGYSELFPLGMDVW_CSSYTSSSTVVF;CAREFKSFWSGYGDYYYGMDVW_CSSYTSSSTRVF;CARVVDDYYDSSGRYYFDYW_CSSYTSSSTQVF;CARHPFRVFGGWRDYW_CSSYTSSSTLWVF;CTGPDRMAYYDSSGYWEGVLDYW_CSSYTSSSPLYVF;CTRCGSSWTSYTMYDW_CSSYTGSRLYVF;CAKASLYGSGSYPPKYW_CSSYTSSSTYVF;CARDRPALWFGELHGMDVW_CSSYTSSSTLVF;CAKDHWEYYWYFDLW_CSSYTSSSTLVF;CARQISILRLLVWFDPW_CSSYTSSRGVF;CARHSPPRLWFGAFNYYYGMDVW_CSSYTGSSTLVF;CARRIAVAATVTGAMDVW_CTSYTSSSTLVF;CARYYDILTGYYYDYFDYW_CSSYTSSSTSF;CAKDPRLGPYFDYW_CSSYTSSSTRVF;CARILSDYYDSIGAFDYW_CSSYTSSSTPVVF;CARDRVAIMRGIKPNGMDVW_CQQLNSYPQTF;CARELTGDRDYW_CNSYTRSSTYVF;CARVNTMVRGLSTTKYYYPMDVW_CSSYTLSILIF;CARGGLPLGYCSGGSCSRRYYGMDVW_CSSYTSSSTLVVF;CARVEYGDYSGWFDPW_CSSYTSSSTWVF;CARGINYCSGGSCYYYYYYGMDVW_CSSYTSSSTLEGVF;CAREGPSRPAANYW_CSSYTSSSTEVF;CVRDQGSGGNYFDPW_CSSYTSSSLYVF;CARDDYYYDSSGYYPRFDYW_CSSYTSSSTLGVF;CARGSRYSYGDPCFDYW_CSSYTSSSTPVVVF;CARYYQDRFDYW_CSSYTSSSTLEVF;CARGPYDILTGSIYYYGMDVW_CSSYTSSSTLIF;CARDLGWSEGNYYYYGMDVW_CSSYTSSSTYVF;CAYDSSGYSLDYW_CQQYGSSPF;CARDQGTAAKPLDYW_CSSYTSSSTRVF;CARGGYSGYESDYW_CSSYTSSSTRVF;CARSSVGRQWPKGMDVW_CSSYTSSSTLAF;CAKDIRGRMATIMSW_CSSYTSSSTLVVF;CARVELHYYYYYGMDVW_CSSYTSSSTLF;CARGMIVVVMRYGMDVW_CSSYTSSSPVVF;CAKGILRYFDWHLEGMDVW_CSSYRNISTVF;CAKDIVSYSNYVLSNW_CSSYTSSSTQHVVF;CARHGSYLGYFQHW_CSSYTSSSTVVF;CAKDKGPDYYYGMDVW_CSSYTSSSTLYVF;CARSMVRGKYRAEYFQHW_CSSYTSSSTLNVVF;CATLSGMDVW_CSSYTSSSTLVVF;CAREGRPPRKPKNNWFDPW_CSSYAGSNNLVF;CARGYSYGPFDYW_CSSYTSSSTLVVF;CASPITTVTTRGAFDIW_CSSYTSSSTFYVF;CAETSYCSGGSCPMSEYGPVFDPW_CSSYTSSSTPWVF;CAKDCGEPWYNWNDGIGYW_CSSYTSSSTWVF;CARDSRLGGVDPW_CSSYTSSSTRVF;CAKAPGGYNWDNYHYYYFAMDVW_CSSYTSSSTLYVF	0	NA
1	1	CARDPHYYDSSGYYYWYFDLW_CSSYAGSNNPYVF	20	44	CARDQEYSSGWDGPDYYYYYGMDVW_CQQSYSTPQTF;CARDDRFGGDTLGWFDPW_CQSYDSSLSGSGYVF;CAREGWGLGYCSSTSCYTGPFGYW_CQQYGSSPPYTF;CARDRLDGYNSFYYGMDVW_CQSYDSSLSGSVF;CARDAGRDGNEYYFDYW_CQQYNSYLYTF;CARDRGQWLVREEDYYYGMDVW_CQQYYSTPLTF;CARIWAVAADHSFDYW_CQQYNNWPPWTF;CARDKGATFDYW_CQQSYSTPYTF;CARDRWSLHIVGASPRGPSFDYW_CQQANSFPVTF;CASGSSDRYSSGWYWGYFDYW_CQAWDSSTVVF;CARAEIYGSGSKYYYYGMDVW_CQSADSSGTYYVF;CARGPDRFSGSYDNWFDPW_CQHTRAF;CARDIVRDFDWPGVGYW_CAAWDDSLNGYVF;CARGWSGYSSSLHPYYFDYW_CCSYAGSSTTLVF;CARDLYSGYSYGSAVYW_CQQRSNWPIF;CARESPFGGQSVAVGGTPDYW_CCSYAGSGTFVF;CARGPGYCSGGSCYGMFDYW_CQSADSSGTYVVF;CARGTRRDGYNLIYW_CQQYDNPPLTF;CARAVPARPEYCGGDCYIYYYGMDVW_CQSADSSGTYWVF;CVLYYGSGSYYRFDYW_CQSYDSSLSAVF;CARDSSSPATRHFDYW_CMQATQFPYTF;CARGRGRYYDSSGEW_CQQYNSYPYTF;CARESRPTVTTRTTSGMDVW_CLQHNSYPRTF;CARDIGYSSGWYWTPGVNYYYGMDVW_CQQYGSSPWTF;CARDRGVGARHFDYW_CQQYNNWPPWTF;CGRAAISVLRKMPPTFW_CQQYGSSPYTF;CARETYYYDSSGYYGPHAFDIW_CLLSYSGARVF;CARDSEIFGSSWYSYFDYW_CQQYNSYSYTF;CARTYVWGEVDYYYYGMDVW_CLQHNSYPWTF;CARVYSYGYRYFDYW_CQQSYSTLWTF;CARDGGYSYGYAQGYYGMDVW_CQSADSSGTHVVF;CARDRSAERRGYFDYW_CNSRDSSGNHYVF;CARVKSGGSSSLRQDAFDIW_CQQRSNWPYTF;CAREDSSGWLEFPNWFDPW_CCSYAGSSTYVF;CAREGEQWLDGAFDYW_CQSADSSGTYKVF;CARDGGGWYGLVDYW_CQQYNNWPLTF;CARGNDAFDIW_CQQYNSYSGTF;CARDGKPSKTFDYW_CQQSYSTPLTF;CARDCGGPVTTTTNDAFDIW_CQQYYSYPRTF;CARDCDGGCDYW_CQSADSSGTYRVF;CARGGDYYYGMDVW_CQQYNNWPLTF;CARALSLGPRTYYYDSPQRGHDAFDIW_CQQSYSTSWTF;CARGETYYYDSSGYYWGYYFDYW_CQQYNSYPLTF;CARDQQWLGDFDYW_CSSYAGSNNLWVF	0	NA
1	1	CARDPHYYDSSGYYYWYFDLW_CSSYAGSNNPYVF	21	37	CARDRDGAFAIW_CAIWYSNTHVIF;CASRVHGLVTVTTGGAFDIW_CQQYYSYPPAF;CARGGDPTWFDPW_CCSYAGSSIVVF;CARAGAVARGYFDYW_CQQYYSFPPTF;CARGRGAAAGTSILNYW_CQQYYSTPLGF;CARGGRVWSQATPTKNWFDPW_CQQYNNWPPWTF;CARKSGPPQYRYFDYW_CQQSYSTPLHF;CARGVGGCSSTSCYTRGYYGMDVW_CQQANSFLTF;CARGVRVAPIDYW_CAAWDDSLWVF;CARGPVYYYGSGSYYYFDYW_CLQDYNYPFTF;CARGTRGRSSGYYSNW_CQQYNNWPPYTF;CARGRSSGYYPHFDYW_CNSRDSSGNHYVF;CARGGRYCSGGSCYNWFDPW_CLQDYNYPWTF;CARVDNVWTTWGYW_CQQSYSTPPTF;CARDRVHDYVWGSYRDLDYW_CQQSYSTLMYTF;CARGPIVVVIAASPYYYYGMDVW_CQQRSNWPPGCTF;CARRYSYGYKRLSGWIWYFDLW_CAAWDDSLNGYVF;CASSGWFDPW_CAAWDDSLSGRVF;CARSLGPEFYYFDYW_CQQSYSTPWTF;CARGMGSSSWYPNTKLVNWFDPW_CQQYYSTPPTF;CARGEYGDYAFDYW_CAAWDDSLNGYVF;CARGTIAVAGKRYYYFDYW_CQVWDSSSDHHVVF;CARALYYDILTGYYPRYYFDYW_CQQLNSYPITF;CARGSGYYVGSYFDYW_CNSRDSSGNHPPVVF;CARDLPAVYYYGMDVW_CQQSYSTLFTF;CARGNTRLRGYSYGLQMARGGYGMDVW_CQQYGSSPGTF;CASSAPPYGHFDYW_CNSRDSSGNHVVF;CARSVTGTMGIYYYGMDVW_CQQYGSSRGTF;CARGRGYYGSGSYFSFSYYYGMDVW_CAAWDDSLNGQVF;CARDRRGYSYGYPWFDPW_CNSRDSSGNHRVF;CARGRVYGDYVFWFDPW_CQQSYSTPLTF;CARAYGMDVW_CQKYNSAPYTF;CARGTRGRSSGYYSNW_CQQYNNWPPYTF;CASLERVRRFYYYYGMDVW_CLLYYGGARVF;CARYNWNLNFDYW_CAAWDDSLNANYVF;CSIHPYYYDSSSHSEYFQHW_CQQYDNLPPAF;CARGSPYCSGGSCYLNWFDPW_CQQYYSYPRTF	0	NA
1	1	CARDPHYYDSSGYYYWYFDLW_CSSYAGSNNPYVF	22	30	CARDEGIAARTRGETHYYYYGMDVW_CQQYYSTPYTF;CAREPPDLTMVRTKGVRWFDPW_CQQYYSNPLTF;CARDEMVRRDGYNFAFDIW_CQQYYSTPPLTF;CAKDGIVFYGSGSYNDYW_CQQYYETPTF;CARVRGAFGEPPPYNWFDPW_CQSADSSGTYYVF;CARGGLYSSSWSVHSTFQHW_CQQYGSSPRTF;CARDLGARDGYNKFDYW_CQQYYSTPALTF;CAHTPGSGQKGSIYW_CQQYYSTPWTF;CARLGPYGSGSYSPVDYW_CQQYYSNPQAF;CARGAAAGTLDAFDIW_CQQYYSTPLTF;CAADRIRGSSANYDYGMDVW_CQQYYSLRTF;CTRGGGALGNW_CQQYYSIPWTF;CARGPGIYGDYGGGRPGYFDYW_CQQYYSTPPITF;CARGPSRSYNVYYFDYW_CQQYYSTGTF;CARGRGARYDYGYGLVPNYFDYW_CQQHSSSPPTF;CARGPMTTVATPRTQYFQFW_CQQYYSTPWTF;CSKDWAATGREIGYW_CQQYYRTPYTF;CARRDCSGGSTQSLPQRHLTCYYGMDVW_CQQYYSTLYTF;CARDQYSSGWYLGGWGYFDYW_CQQYYSTLRTF;CARGVVGHPHLIDFW_CQQYYHMGTF;CARQDCSGGSCYLDYW_CQVWDSSSDHPVF;CAKGYSSSWYYNYGMDVW_CQQYYSTPTF;CARDRYFGPW_CQQYYSTPWTF;CARITMIGGAFDIW_CQQYYSTPSITF;CVRGGSGTLSWYDSW_CQQYLSSPDTF;CTRDLLVNWNDPGLISYYNSFDVW_CQQYYNSPRTF;CARSDDNGDYVFNYW_CQQYYSTPPTF;CARELASHLGDYFDYW_CQQYYSTPPKTF;CARKARQWEVAIDSW_CHQYYTTPLF;CSVYDSSGYLYGAFDIW_CQQYYSTPLTF	0	NA
2	2	CAREVVLMVHRRGGLNMDVW_CQQYYSTPLTF;NA_CQQANSFPLTF	1	1	CARDPHYYDSSGYYYWYFDLW_CSSYAGSNNPYVF	0	NA
2	2	CAREVVLMVHRRGGLNMDVW_CQQYYSTPLTF;NA_CQQANSFPLTF	5	441	NA_CQQYDELPVTF;CATTYYYDSSGYYQNDAFDIW_CQQYYSYPRTF;CAREIEGDGVFEIW_CMIWHSSAWVV;CARHIRGNRFGNDAFDIW_CQQYYSFPYTF;CARRLITMIEGGAFDIW_CQVWDSSSDHVVF;CAKVMIEHPSNRGHFDYW_CMQALQTPYTF;CTTDDEKRPYSGSYLPFDYW_CQSYDSSNVVF;CARGGRVSVAVYWDYYYYGMDVW_CQKYNSAPFTF;CAHSAQYYDILTGYYKAPWGGAFDIW_CQQYNSYSWTF;CARDDFGGATFYSSFDYW_CQQSYSTPYTF;CARAAKIFGVVTAFDIW_CQQYGSSPWTF;CVKDYSTSGWYYFDFW_CQQYGSSLPYTF;CARVVPAAFYGMDVW_CQQYGSSLFTF;CAGGSGYCTNGVCYPRGFDYYYGMDVW_CAAWDDSPPWVF;CAKDDTAMVTADFFDYW_CQTWGTGIWVF;CARTPRWLQCFDYW_CQQYNSYSWTF;CARDQWLAYYFDYW_CQSYDSSNHWVF;CAHRYYSNIDYW_CMQGTHWPWTF;CARDWGYYDSSGYSPRGYYYYYGMDVW_CQQLNSYSFTF;CAKDRVGYGDYVDYW_CQQYNNWPPWTF;CARLGSSPYYW_CQSYDSSLSGYVF;CTRYYGDVW_CQQYYSFPWTF;CAKDHYYDSSGYYSGLGYW_CQSADSSGTYRVVF;CATGLVVPAAILYGMDVW_CQQYGSSRGLTF;CAKDDGDAAAGLIYW_CAAWDDSLSGVVF;CAKDGGGEEALELPDYW_CGTWDSSLSAVVF;CATLRYPSLGVDYW_CHQYNNWPFTF;CARKDSSGSDAFDLW_CQQSYSTPYTF;CARDVVQLWYQIDYW_CQQSYSTPPNTF;CAKYVDTAMNQFDPW_CQQANSFPITF;CARGLHYYDSSGRSLYYFDYW_CQQYGSSPPGQTF;CANQPPSLYW_CQQYNNWPGTF;CARVGYDYVWGSYRYTGVMDVW_CSSYAGSSYVF;CARGRPYYYDSSGYPYDAFDIW_CMQALQTPLTF;CAKERVVTAIPVVIFDYW_CQQSYSTPRLTF;CARPYGDYAYFDYW_CQSYDSSLSGYVF;CARDWWERQDSKRPDYFDSW_CQQTNSFPITF;CARHSNDGSDYFDYW_CQESYGALLTYTF;CASTEIEMLVPRYCSSTSCYFVWFDPW_CGTWDSSLSAGHGVF;CASASSTGTDAFDIW_CQAWDSSTHVVF;CARDGSWYAAWFDPW_CQSYDSSLSGSVVF;CARDPSLGDPGWGYFDYW_CQQYNSYSTWTF;CVREMTGSFTGGLDPW_CMQGTHWPPTF;CAREVNTAMAYYYYYYGMDVW_CQQYGSSQWTF;CARERRGGGHYYDSSGYYLSDYW_CQQSYSTP;CARGGGYSSGWATREVVYW_CQSYDSSLGAVF;CAKVPTVTTFLGYYYGMDVW_CQQSYSTPWYTF;CARDLRPAANFDYW_CQVWDSSSDYVF;CARLSYSSSWYYFDYW_CQQSYSTLYTF;CARVPKVRYCSSTSCYKDYYYGMDVW_CQVWDSSSDSWVF;CATWHYYDSSGEDGMDVW_CQQYNNWPRTF;CARGRSSWHLDYW_CMQALQTPFTF;CARDPWELHGFDYW_CQQYGSSSFTF;CAREAYYYGMDVW_CNSRDSSGNHNYVF;CARDRSVVTMVRGVIPFYW_CCSYAGSYTVVF;CARHEKMNYYDILTGYSPPYYYYYGMDVW_CQSYDSSLSAYVVF;CAHYQGIAVTGTWFDPW_CQSYDSSNVVF;CARESSSWFPYW_CQQSYSTPFTF;CARERDYSPGRYYGMDVW_CGTWDSSLSAGVF;CARHPTPAAMVGYYYYGMDVW_CQQANSFPLTF;CARDGPMTAIGGYGMDVW_CQSYGSLGGSVF;CAKGRTTEGTDAFDMW_CQQVHSYPITF;CAKDRSSLLWFGELLYMPEEYGMDVW_CQQYNNWPLTF;CTNYGMDVW_CSSYAGSNNWVF;CARVDSFAPNSGYGAQLLNWFDPW_CQQYNNWPLTF;CAREDYDTASFGYW_CQQYDNLPYTF;CAKDFGRGSYHRAEYFQHW_CQQYNNWPPWTF;CARGGSLPLITMIVGFFW_CQQYGSSPEYTF;CTREAEMATISIDYW_CQVWDSSSDHVVF;CARDAPIWDTAIVYW_CQQYGSSLPWTF;CARLLVSAYNWFDPW_CQQSYSIPAF;CARIPMTTVTSYGMDVW_CQQYGSSSITF;CARDDEWEPYDYW_CCSYAGSSTYVF;CTTVLRYFDWLLSDYGMDVW_CLLSYSGARGVF;CAIGTGIVGTTFPREYW_CMQALQTSWTF;CAKDMELGWLIDYW_CMQALQTPLTF;CARETVVTPQNAFDIW_CAAWDDSLNGYVF;CARERNIVVVPAAETFDYW_CQQYNNWPPLTF;CARIGFGEYDYGMDVW_CQSYDSSLSVVF;CARGVGATDFDYW_CQSYDSSLSGVVF;CARDPSNWGSFGYW_CQAWDSSTYVF;CARVDGYNYSFDYW_CQQYNNWWTF;CAKEPYGGNSFVYYFDYW_CQQYGSSPGLTF;CAKAEWGGTENYIPYYFDFW_CQSYDNNNLIF;CARSHCSSTSCYPNYYYGMDVW_CQQSYSTPRTF;CARDFGERYCSGGSCYSFDPYYYYGMDVW_CLQHNSYPWTF;CAKEYPGPGQLDDAFDIW_CQSYDSSLSGKVF;CARVDTAMVTGLAISPPWDYGMDVW_CQQYNSYPWTF;CAKDIGDGSGSNSQKRDYYYGMDVW_CQQSYSTPRTF;CATDPYNSGWFASLKNQVLYYW_CQQSYSTPQTF;CAREHTGGWLQRYIDYW_CQSADSSGTYPRVVF;CARGYCDSTSCYAVGYFDLW_CQTWGTGIVVF;CARDPDPNWSKDWFDPW_CQQYNNWPPLTF;CAKGRYSFGLDNFDYW_CQQDGNSPTF;CASRAVQSSGWRQDYYYGMDVW_CQSYDSSLSGVF;CAREASEGPW_CQSYDSSNSWVF;CARLGGYSSRGNWFDPW_CQQSYSTPPYTF;CARDPHHTFGGVLVW_CQKYNSARTF;CAGYYYDSSGYLSSFDIW_CQSYDSSLSVVF;CARLPYRYSGSSNDAFDIW_CAAWDDSLSGPVF;CARAGYGDYVGDFDYW_CQSADSSGTYVVF;CARDYYGSRSDSGMDVW_CQQSYTTPYTL;CAKDGREAAAGTDYYYGMDVW_CQAWDSSTVVF;CARDSPGWGSSGFYYGMDVW_CQQYGSSPRYTF;CARVSGDTMIVVVHRDGMDVW_CQQYNSYSVTF;CAKNLATTGSHW_CLQDYNYPRTF;CAKDGGRGVVIIFYFDYW_CQQYGSSPITF;CARGIAVVTLWGPFDIW_CQQYNNWPRTF;CARDRWVPAAVPHYYYYGMDVW_CQQANSFPLTF;CAREGAAGPPPGHYYYYGMDVW_CMQALQTPFTF;CAKQGHFTDTKRIDYW_CQQYDSYPITF;CAVIPVTGQEASLSAEYFQHW_CQQSYSTPFTF;CARDSPSSGSYGLFDYW_CQTWGTGIRRVF;CASPGGGLLWFGELFRSYFDYW_CVLYMGSGFWVF;CAHRPVSDDILTGYRYNWFDPW_CQSYDSSLSGSVVF;CARGFIGYNFDSW_CQQSYRTPITF;CAREEGYCSGGSCEYNYYYGMDVW_CQQYGSSLITF;CARGRRVFLALSYW_CQQYGSSPHTF;CARGAGRIGQVDVW_CQQYNNWHTF;CARGYYDSSGQSLDYYYYGMDVW_CQQYYSYPFTF;CARTGKNGSGSYWFDPW_CQQYRTF;CARTDIVATPDGGFDYW_CQTWGTGIHVVF;CAREGFYYYGSGSVSGGNWFDPW_CQVWDSSTVVF;CAKVPLGWGAAGGAYFDYW_CQQYGSSPATF;CARVGCSGDTCYSYDWFDPW_CGTWDSSLTAVVF;CARGGILTGKLSDYW_CQQYDNLPTF;CAHGLTGYYTYYFDYW_CQQYYSFPPTF;CARQVGANPFADYW_CAAWDDSLSGPVF;CSVYDAERGYFDYW_CCSYAGGDTSYYVF;CARLYGDYGDYW_CNSRDSSGNLFVVF;CARPYSSSWSPMDVW_CQSYDSSLSGHVVF;CARDKGYSSSWYIRSSWFDPW_CLLSYSGARLVF;CARAVCGDDCYLLDSW_CAAWDRSLGAVVF;CARTTTVVTGDAFDIW_CQSADSSGTYPVF;CAKGRGDYYYYGMDVW_CQQYDNLPITF;CTTGGALNYW_CQAWDSSTACVF;CARDLTTRDYSDAFDIW_CQQYGSSPRTF;CARAGLEINTPDSSGYYYGGGYFDYW_CQQYDNLPPRRFTF;CAKDHGYDFWSGYSDAFDIW_CQQSYSTPLYTF;CARESGYTNYYYYGMDVW_CQQYNSYPLTF;CARKYQLPYYYGMDVW_CQQSYNTPDTF;CARDSTYYYDSSGYPVSDAFDIW_CQQSYSTRRYTF;CAREVYSSSTNWFDPW_CQVWDSSTDVVF;CARANAEYSSSLLFDYW_CQSYDNSLSAYVF;CAHSPYDYVWGSYRQSWFDPW_CQAWDSSTVF;CTTIYYDILTGDYW_CMQALQTPITF;CARLDYDFWSGTPERMDVW_CQQYGSSPPWTF;CARVRKNWNYDLDDWYFDLW_CQVWDSSSDHYVF;CATRRVRGEGLAYW_CQQYNSYSRTF;CARNYDSSGYYVPPYFDYW_CQQYNNWPPYTF;CARDPANYFDYW_CQQSYSTLWTF;CAREESSSWYRYW_CQQYGSSPLTF;CARIVQGGSYLSGGIDYW_CMQSIQLLFTF;CARDRLIIRFLERPNWFDPW_CCSYAGSSTPVF;CAREYSNNWYFFDYW_CQQYAGSPLTF;CARVSGVGTSFAGFDPW_CQSADISATVF;CAREPTPRYSGSYRGFNYFDYW_CQQYYSFPLTF;CARAADYCTSASCPNEYFQHW_CQSYDSSLSVF;CARGRMTVHNDDSGFPEYLYYYGLDVW_CMQVMDNPRTL;CATSRVAVAGVDYW_CQSYDSSLSGVVF;CARDLGIAVAGRVEGYFDYW_CCSYAGSYTLVF;CARDVSNVLVIAVSPSWFDPW_CQQTYSIPYTF;CARDAPDRGSSWYSALFDYW_CQQYNNWPPTF;CARRDGGYCSSTSCSFDYW_CQQYNSYSPTF;CARAEIFGVVIQAFDYW_CQSYDSSLSGSVF;CVKKVIGFDDW_CQQSDTFGYTF;CAKGMDGSGSYYNKDGMDVW_CQAWDSSTGVF;CARVNGLLGEYYYGMDVW_CMQALQTPPNTF;CAKDWAVGWEFVDSW_CQQSHTVPLTF;CARDEGAAAYFDYW_CCSYAGSSTCWVF;CARAAGYCSSTSCYEIYYYYGMDVW_CQSYDSSLSVPF;CTRSYVLRFLEWFSPFDYW_CQQYGSSLWTF;CASSGSYQGNWFDPW_CQQSYSTPYTF;CARSPPRYDLSLVDAFDIW_CQQYNSYSTTF;CARETIAAAGSNFDYW_CQQSYSTPRTF;CARVSGYSYYFDYW_CQQLNSYLLTF;CATYIAAPRDYYYGMDVW_CMQALQTPYTF;CATGKTYSAPHAYYYFDYW_CQQANSFPRTF;CAKEVHSSGFDYW_CQSADSSGTYPWVF;CTTDHIVVVTAMIFGYYFDYW_CQQLNSPLTF;CAREGPTVTKFDYW_CQSYDSSLSGSVF;CEVKAAAGNFYW_CSSYAGSVVF;CAKDIEGGSGYYLTPGGFQHW_CCSYAGSSTFVVF;CARDAMAIGDYYYYGMDVW_CQQLNSYPSLTF;CARREGAGYDILTGSYYYYYGMDVW_CLLYYGGAQLGVF;CTTRLWRISQYYYDSSGYGHFDYW_CQSADSSGTYVF;CARTTLLAAAIDYW_CQQYYSFPYTF;CARAKAARPTPTYYYYYYGMDVW_CQAWDSSTGDVF;CARSGYDSSWVGYDFDYW_CQAWDSSTPVF;CAREGLEIDAFDIW_CQQSYSTPWTF;CAHTSAYYDSSGYYPPFDYW_CQQSYSTPLTF;CARATQDSSGWYGFWYFDYW_CQQYNNWPPTF;CARMLVVVAATGYYYYGMDVW_CQQYGSSQTF;CAREAYDSSAYSTIDYW_CQTWGTGIHVF;CATSLVVVPAAILRGGVGGHYYGMDVW_CGTWDSSLSAVVF;CARSAGSSGSFEYFQHW_CQQYGSSPLYTF;CARRLFLYSSSGYYFDSW_CQQASSFPPLSF;NA_CQQSYNTPRTF;CARGGGAVAGTIDFHYW_CCSYAGTDLWLF;CAKDRGYYDSSGYYYSDYGMDVW_CQSADSSGTYVF;CAKDGFGGASDHW_CQHYDRSPWTF;CARAIQMGCSDGSCLW_CQQYDNLPSYTF;CARKGRWLPDGDDAFDIW_CQQYYSYPLTF;CARAGLRSWFDPW_CMQSIQLPNTF;CARHSYGAYYYYGMDVW_CQQYGGSPLFTF;CAAGVMTARYDYW_CQQSYSTPLTF;CAHFMTTVTTGYFDPW_CIQVRQTPFTF;CAREGGGDILTTYYYYGMDVW_CQQYGSSTRALTF;CARGFGGGDYRSMDVW_CQQLITYPITF;CARTTYGGNSLNWFDPW_CQVWDSSSDHPVF;CARGYGSGNYYYYGMDVW_CMQALQTPWTF;CARSNYDILTGLDYW_CMQALQTPYTF;CAREDSGSYGYFDYW_CQQYNNWPQTF;CARRVLYYRFDPW_CNSRDSSGNHLF;CARGDYDYVWGSSPDAFDIW_CMQGTHWPLTF;CARDVRGYYYDSSGYSGEGYWW_CQQSYSTPYTF;CTRDRYSSSWYKGLYYYYGMDVW_CQQSYSTPYTF;CARVFFRVVYAMAYW_CQQYNNWPPMYTF;CASSLRYFDWTVNNWFDPW_CQQYGSSPQTF;CTRGYCSSTSCYTGWFDPW_CQAWDSSHVVF;CARDGRWELLGNQHW_CCSYAGSSTYVF;CARVYYDSSGYYYFDYW_CQQSYSTPWAF;CARGRVRWELLGDDAFDIW_CQQYDNLPLTF;CCTYVFVGIVPTIVDYW_CQQYNDWPPAGTF;CARDIQYYYDSSGYDAFDIW_CQQSYSTPWTF;CATSWGIAALYGMDVW_CNSRDSSGNPYVF;CAKDYPVAGDLDAFDIW_CCSYAGSSTWVF;CARANWDNWNDGLDYW_CGTWDSRLSSYVF;CARAGYCSSTSCSKEDVW_CQQSYSTPPRTF;CAREPLGGDYYYYYYGMDVW_CQQYGSSPTF;CARLSLRARFRGAFDIW_CCSYAGSYSVVF;CAHSLPSDIDYYYDSSGYSPSPPLFDYW_CQQYNNWPLTF;CASGYGGKTYYFDYW_CQQYGSSPGTF;CLGRELGHSW_CLQHNSYPWTF;CTAVLRYFDWLLMEAHENYYYYGMDVW_CQSADSSGGVF;CARDRSRWEFLYYFDYW_CQQYGSSGYTF;CARARYYDSNSYSYAW_CQTWGTGIWVF;CARLDYYDSSGYYDW_CQTWGTGIPVF;CARDYIAVAGPGENWFDPW_CQQSYSTRTF;CARDRGGYGVRWFDPW_CQQYDNLPPTF;CARRGNAIFGVVTHYYYYGMDVW_CMQALQTPLFTF;CSNYDILTGYYWFHYW_CQQYNNWPFTF;CASSFLDTSIVEYYFDYW_CATWDDSLSGLF;CARIVVVVTSRWFDPW_CQVWDSSSDHYVF;CARSLEWLDDYW_CQSYDSSLSGSVF;CARDAYGGYSFYYYGMDVW_CQQYGSSPFTF;CAGGSGSYYHLDPW_CQQANSFPYTF;CARPRLDYGDYGAGLGYW_CQKYNSAPFTF;CARDRGLRKKYFQHW_CQQYGSSPSTF;CVSQLYYLDGRGYYYDYYYDYW_CLQHHDYPWTF;CTTVSPYGDYVGVYFDYW_CQQYYSYPPTF;CAKDFMEYYYYGMDVW_CSAWDSSLSAVVF;CARSPGSGSYTW_CQQYGSSPLTF;CARLPYAGGPYYYYGMDVW_CMQRIEFPFTF;CARGKPRSLELWSFYYYYGMDVW_CQQSYSTPPTF;CAMGGYDSSGVQLDYW_CAAWDDSLSGYVF;CAHRYCSSTSCYGLGDWFDPW_CQSADSSGTYLVF;CARHSEGLGPVDYW_CGTWDSSLSAWVF;CARAIFGVVSVMGFDYW_CMQALQTLTF;CAKSMKSFDYW_CQQSYSTPLTF;CTTEGGDGYNSFDYW_CQQYDNLPITF;CARDTTYGDYYYGMDVW_CQSADSSGNWVF;CARDGKGYSYGSGNYYGMDVW_CQQSYSTLYTF;CAHRTTTYYFDYW_CQQYNSYPYTF;CTTDLVWFGELANAFDIW_CLQHNSYLPEWTF;CTRGGTLGARSGYYDYYYGMDVW_CQQYNSYPLTF;CAKDEGRVVAVAGTGEHAFDIW_CQQYNSYSPTWTF;CAKDITIFGVVISHLDYW_CLQDYNYPLTF;CARTYYYDSSGYRNAFDIW_CQSADSSGTYPVVF;CAKCFYYDSSGYYYYYYGMDVW_CCSYAGSSTLVF;CARDLLSISGSPFDPW_CQQRSNWPPGGGGLTF;CARGGINGGAYFDYW_CQQYGSSPWTF;CARDRGPAGLDYW_CQQSYSTRYTF;CARRGYYYDSSGYYYDWFDPW_CNSRDSSGNRVVF;CAKGLNTAMVSYYFDYW_CVLYMGSGIWVF;CAKDIREGWSSGYYPVLDYW_CQVWDSSVVF;CAKDSPSGYYYYYYYGMDVW_CQQLNSYPITF;CARDRIAAADHNWFDPW_CAAWDDSLNGWVF;CARDIGGIAAAGSPPSAFDIW_CQQYNSYSTF;CAHSYYYGSGRGGWFDPW_CQSADSSGTYVF;CARDGSSSIFDYW_CNSRDSSGNHVVF;CAKPLRFGYSSSSCFDYW_CSSYAGSNNYVF;CAHTGFESLDYW_CQSYDNSLNGLGVF;CARDEDYYYDSSGSVDYW_CQQSYSTPWTF;CARQIAAAGPENWFDPW_CQSADSSGTYLVF;CARGLPVDVW_CGTWDSSLSAGHVVF;CARLIYYGSGRFGAFDIW_CQQYDNLPWTF;CARNEITIPLDVW_CQQYGSSPLVTF;CTTDHGDAYNYRW_CQQYGSSPRTF;CARDHRMNIAVAGTNWFDPW_CQKYNSAPLFTF;CARALREEQWLNNAFDIW_CQQYYSYPTF;CAHRPPYYDSSGYLSW_CQQYGSSLWTF;CARHYVDTAMVINQYYFDYW_CQSYDSSLSDVF;CARDNYDILTGHYGMDVW_CAAWDDSLSGLYVF;CAKDSSSSDWFDPW_CQQYYSYPLTF;CARDYVAVAGTLDYW_CQQYYSTPYTF;CTRDLAYSNYEPPNHNWFDPW_CLQHNSYPLTF;CARERYYYYGMDVW_CYSTDSSGNHGVF;CAKEGITGYYYYYGMDVW_CQQSYSTPHTF;CAKVALRYFDWLPPYFDYW_CQQYYSYPQNLTF;CARAHDSTGYQDFDYW_CQQAKSFPYTF;CARVGVYGSGSYLVGGDYW_CQQSYSTPWTF;CARGPYYGSGSGEFDPW_CQQYYSYPLTF;CARGSCYSSACYYYYGMDVW_CGTWDSSLSAVVF;CARDFDAAEGAFDIW_CQVWDSSSDPTFYVF;CARGAHSSGYYIDYW_CQQYYSFPFTF;NA_CHQYNNWSSWTF;CAREQDFGGNPFDCW_CMQVLHIPRAF;CARGTMVRGHYYYYGMDVW_CQQSYSTPLTF;CARGYSYGYLDWFDPW_CQSYDSSLSGVVF;CARAAPYSSSSLDYW_CQQSYSTLTWTF;CARRRITMNDYFDYW_CQSYDSSLSGVVF;CARGPDGGAFDIW_CQRGLTF;CARDLIARTALTYYYYGMDVW_CQSYDSSLSGGVF;CARYGVYGDYPGALFDYW_CAAWDDSLSGLWVF;CAKDRRGCSSTSCYTFDYW_CQQSYSTLSF;CARVSGYNSYYFDYW_CQQSYSTPRTF;CAAPSPRFTSSTGGGMELPLHVW_CCSYARGSSLVF;CAKDARWRPRVASIDALDIW_CQQYNNWPRTF;CARHIERYCSGGSCYEALDYW_CMQALHPITF;CASYLEMATRYYFDYW_CLQHNSFWTF;CARVTRVTQSNDFWTSYYTDCFDAW_CYSTDSSGNHKVF;CARLYSSSWTNYFDYW_CQQYYSYPLTF;CARGTVYSVPGGHYGDYVRDPKYYYYGMDVW_CQSADSSGTWVF;CARGAAGVRGPIGYW_CAAWDDSLSGWVF;CARVAVAGTTNWFDPW_CQQANSFPYTF;CARVLGGPGATTFDYW_CLQDYNYPWTF;CARTPVSTSYDSPGWYSSGWFFDYW_CQTWGTGIHVVF;CARTMVRGVTPADAFDIW_CQQYNSYSSTF;CAKSMGATILHAFDIW_CQQYNSYPLTF;CARANSGSYSFFFLRLDYFDYW_CQQYNNWPLTF;CARAAGTGGYYYGMDVW_CVLYMGSGISVF;CARAGQFGDSYYYYYYGMDVW_CLQDYNYPQTF;CAHFTKRPTDAFDIW_CNSRDSSGNHRVF;CAAGFGLSGSYIHYYYYGMDVW_CQQYGSSPPLTF;CATDNWNFGADSGFGYW_CMQGTHWRTF;CARVLGSFSFGYDGFDIW_CQQLNAYPTF;CARDPGIAVAETVYYYYYYGMDVW_CMQALQTPPTF;CARTVGAGYKIGKGYFDYW_CQAWDSSTVVF;CARDQDLAALNYW_CGTWDSSLSAKVF;CTTENVLLWFGEPEYYYYYYGMDVW_CQSADSSGTYAVVF;CARSLFEGTVMAFRAEHMDVW_CQQYKTFFAVSF;NA_CQAWDSSTVVF;CARPPSHDSPMYHYW_CQSADSSGLWVF;CARDTMWWSYGMDVW_CCSYAGSGEVF;CARLRRYSSGYYYIAGDFDYW_CQSYDSSLSGVVF;CARDKGGTTVTTSNWFDPW_CQQYDNLPLTF;CARDGGGYYQKKGYFQHW_CGTWDSSLSAVVF;CARDDIVVVPAAIDYW_CQSYDSSLSGPYVF;CARKFDCW_CQQYGTSLPVTF;CARGVLRFLEWLSNMDYYYYGMDVW_CMQALQTPRALTF;CAKDGSYYDSSGYSDYW_CQQYNNWPPWTF;CAKDKSYSVEYW_CMLFMGSGIWVF;CAKADVRSNWNDMHFDYW_CQAWDSSTVVF;CARATPRGYGGNSLNWFDPW_CQQYNSYPFTF;CAEGYQLPGLYYW_CNSRDSSGNHLF;CARHAGSGSYYFWFDPW_CQQYGSSPYTF;CAKDLQIGYCSSTSCRNAFDIW_CQQYGSSPPRVTF;CARGRGSYFDYW_CQQYGSSLWTF;CARTCSSTSCYTYGMDVW_CQQYNNWQYTF;CAHRGYSYGPLFDYW_CLLYYGGAQLVF;CARLPTLRYGSGSYYNGALDYYYGMDVW_CMQALQTPLTF;CARSIAAASPFDPW_CQQYDNLPPTF;CARGPPYGHLGYW_CQQYNNWPPITF;CAKDILGGGYFDYW_CQTWGTGMGVF;CAKDASYGYLFEYWYFDLW_CQQYNNWPPWTF;CARFGAKNYYDSW_CQQYNNWPGTF;CAREKWLRPQLDYW_CQQYGSSPKTF;CVKGPYYDGSGNSFGRKAFDIW_CQQYGSSPYTF;CARGASKGNQPALHYGMDVW_CQQSYSTPPAF;CATTLASPTHDYGDYEGGYMDVW_CQQYGSSPLTF;CALGIDAFDIW_CQQYNNWPKTF;NA_CQSYDDSLSGTVF;CARGFYYGSGSPLSGMDVW_CQQSYSTPRTF;CAKDPAASGSPWYFDYW_CQQYYSFPRTF;CAREVSRQSGSRPIKWFDPW_CQQSYSPPPLTF;CTPSLETYGDYALGYYW_CQSADSSGTYPYVF;CAKDFGGPLQFDYW_CQQYGSSPRTF;CAKDMLFSNNYW_CQTWGTGINWVF;CARDENHLYYGDLAYW_CQQSYSIPRAF;CARGSRLLLWFGELKVGPGFDPW_CQQYNSYWTF;CAMKGGRDGYNTRVYYYYGMDVW_CCSYAGSSTPYVF;CAKDIGPTNCSSTSCHAYYYYGMDVW_CQQYNSYSTF;CWRDRREAPIEMEVASTRG_CMQSTHWPYTF;CTRHTHCSGGSCYDAFDIW_CQQSYSTPRYTF;CAREPPHGSGTDYNWFDPW_CQSYDSSLSAYVF;CVKDLYDTGSYYYFDYW_CSSYTRSSTLVF;CSRHEGVGGNSDYW_CVLYMGSGISMF;CARNHDYGDYMFGGMDVW_CQSADSSGTYVF;CTTSGGDW_CMQSIQLPRTF;CARDRTSFGYSYGNIDYW_CQTWGTGILVF;CAKDELASYGGVGYYW_CQSADSSGTYFWVF;CAREPKHSGYCSSTSCYIGNWFDPW_CQSYDSSLSGNVVF;CARASWDSSSWGLGFDPW_CQAWDSSTGVF;CARTRVRGVISPFDYW_CQQANSFPPTF;CTREYYDFWSGDYW_CQQYDNLPLTF;CARDGGRGSGWSTPDYW_CNSRDSSGNHVVF;CARHYDFWSGDNPYWYYYYGMDVW_CQQYGSSPPWTF;CTTTTADIVVVPAAIQTVDYW_CQQYDNLPLTF;CAIMVRGVIGSYYYYGMDVW_CQQSYSTTWTF;CAKDNGYGGNSLQHW_CCSYAGSSTLVF;NA_CQQSYNTLWSF;CARARYRRDGYHNLYAFDIW_NA;CARGFSETGPGYKRFYYYFDLW_CQQYGSSPQTF;CARVKGDYYYYYGMDVW_CMQALQTPHTF;CARDPPLYSSGWFTGDYW_CQQYNSYPRTF;CAKDGGEHRGNDYW_CQVWDSSSDHYVF;CARGYDFWSGYLPHYGMDVW_CQVWDSSSDHPGVF;CARETKQYIDYRSPTVGRPYDYYYGMDVW_CLLFYGGAQLGVF;CAKGVWESTTEDAFDIW_CQQYNSYSPFTF;CAKDQGYCSSTSCYPYYYGMDVW_CQAWDSSTVVF;CARLGGYDSTFDYW_CSSYTSSSTYVF;CARVAAAGTYFDYW_CQQYGSSPETF;CARINQHGSGTYSPDYYYYGIDVW_CMQALQTPMYTF;CARKSIAAAGLPYYYYYGMDVW_CMQALQTRFTF;CAQGGYSYGYYDYW_CAAWDDSLNGVVF;CARQRGGTAVPVYYFDYW_CQQYGSSPLYTF;CARALYYDSSGYQPNRYYFDYW_CQSYDSSLSGYVVF;CTRALNSNHFDYW_CQQANSFPLTF;CARVTDPDAFDIW_CNSRDSSGNHYVF;CARSAWHPAATGGMDVW_CLQDYNYPYTF;CARVSLVVPQQFDYW_CQAWDSSTVVF;CAKVPGYSTGWYYFDYW_CQQCDSSPEWTF;CAKDSTCSSTSCYRGYYYYGMDVW_CQQYYSYPITF;CARGRNGGNRFDWFDPW_CQSYDSSLSGSGVF;CARGKNWFDPW_CQQYGSSPLTF;CASGYSSGRPDYW_CQQYDNLPITF;CARLSDGDYTFDYW_CQQYNSYWTF;CARGGTAGYSYGYAYW_CQAWDSSTAVVF;CAKDIVVVPAAPITLYYYYGMDVW_CMQALQTSFTF;CARWRLYYDSRGYYYGMFDYW_CQQSYDTPLTF;CARSRRIVGATSFDWFDPW_CQQYNSYSRTF;CASEDSGYGGGFDYW_CQSYDSSLSEGVF;CAHGRDYDSSSLPFDYW_CQQYNSYPYTF;CARAGAYYYGSAIDYW_CQQYGSSPGLTF;CAKGSSHSGGWFDPW_CQQYNSYWTF;CARDLLRAYSSSSTSSIDYW_CQQYYSYPRTF;CAKDVSGYLDAFDIW_CGTWDSSLSAGWVF;CAREGSRYFDYW_CQVWDSSSDHYVF;CASHDSSGYYLLDYW_CQVWDSSSDHVVF;CARYCSSTSCYTTYYYYYYGMDVW_CQQYYSYPLTF	0	NA
2	2	CAREVVLMVHRRGGLNMDVW_CQQYYSTPLTF;NA_CQQANSFPLTF	8	1	CARGTPGWYW_CQQYGSSPTF	0	NA
2	2	CAREVVLMVHRRGGLNMDVW_CQQYYSTPLTF;NA_CQQANSFPLTF	9	14	CARSGTTYYDILTGYYNYW_CQQYGSSRWTF;CARGNDYYGSGEFDYW_CSSYTSSSTLVF;CARDGDTAMVINYFDYW_CQSADSSGTYWVF;CARGKGEGRYYYDSSGYYYFDYW_CQQRSNWPPLTF;CARNKQHIVGATLHTHYSNWFDPW_NA;CARTSRGLIAAAAAVDYW_NA;CAKRGGLMVRGVAVDYW_CQQYYSYPWTF;CAKGGWFGELLFRLDYW_CQQYDNLLTF;CARRLAYNGNWDYGDFDYW_CCSYSKTATF;CARERPRGAAETW_CQAWDSSTWVF;NA_CQQRSNWPPYTF;NA_CCSYAGSSTVVF;CARDSKQQLADNWFDPW_CQAWDSSTLVVF;CARLWVFLTMVRGPDFDLW_CHQSSSLPLTF	0	NA
2	2	CAREVVLMVHRRGGLNMDVW_CQQYYSTPLTF;NA_CQQANSFPLTF	15	98	CAKDFHRLTLLRYCSGGSCYSAFDIW_CCSYAGSSTYVF;CAKRPDTTGRSWYFDYW_CQQYNNWLWTF;CAKFDIAAADTGKGEDYW_CMQGTHWPPLTF;CAKDSLFDRIILIATDIW_CAAWDDSLNGWVF;CAKYPSFSSRRWYFDLW_CQQYNNWPPPYTF;CAKLPSYSYGPFDYW_CQVWDSSSDHPVF;CAKDRQQLVIDAFDIW_CQQANSFSYTF;CARRRYYGGNSNKGWYFDLW_CQQRSNWRTF;CAKVLGFGPHYDILTGYYPFDYW_CQQSYSTPLTF;CASVQWLVDYW_CQQSYSTPMYTF;CAKDQSPSAKNGDYVSFDYW_CMQALQKTF;CAKDLRFLEWLLPYYYGMDVW_CMQALQTPWTF;CAKDPNYWRYFDWLTGYYFDYW_CQQRSNWPPWTF;CARDGGFGGSWLDPW_CQQRSHFRTF;CAKGEQFIAVNNWFDPW_CQQRSNWPITF;CAKDIRGNSWYGDSEGIW_CMQGTHWPYTF;CASGMVDFDYW_CMQGTHWPPTF;CAKGDSRYWYFDLW_CQQRSNWPLTF;CARGSISSQRWFGPW_CQQYNYYYTF;CAKWGHSSWYDNWFDPW_CQSADSSGTYVVF;CARGGAVLRYFDWEPQGPLEDNWFDPW_CQQRSNTWTF;CARNMASGMDVW_CQQRSNWPLFLTF;CAKMGASRWGPSYYFDCW_CQQYGSSPRTF;CAHRPLDILTGYRVDYFDYW_CQQSYSTLGTF;CAKDHPTNWFDPW_CQQYYSYPRTF;CAKAQNYYDSSGYYPFDYW_CQVWDSSSDHSVVF;CAKAPESSAYYGPDYW_CAAWDDSLSGHWVF;CAKGATSCAYW_CQQSYSTPRTF;CARGRLGGYSLPGFDYW_CNSRDSSGNHVVF;CARAIWYYDILTGYYSYYGMDVW_CSSYAGSNNLEVF;CARARGDFWSGYTHWYFDLW_CQQRSNWPPWYTF;CAKASARYCSGGSCYGTAFDIW_CQQSYSTPVF;CAKFHDSSGYYYLYGFDYW_CQAWDSSTYVF;CAKGAAASRTDYW_CQQSYSTPPYTF;CAQTGILTGYPRVGNAFDIW_CQQRSNWLGFTF;CAKDEWERGAFDIW_CQQYNSYSPWTF;CAKADLLYSGSYGAW_CQQSYSTPYTF;CAKDGIVVVTAIKFGHGMDVW_CQQANSFPYTF;CAKRLDYW_CMQATQFPYTF;CANISPPPRYYGSGSYYNFAFDIW_CQQLNSYPFTF;CAKDYDSGSYYEGGAFDIW_CQQRSNWPLTF;CAKEDYNSGSCLDYW_CQQLNSYPQVTF;CAQIAAAGTMGFDYW_CQQRSNWPSLTF;CAKVRGIVGATPCYFDYW_CQVWDSSSDHPVF;CTTEVCSGYDCDLGDYW_CQQRSNWPTF;CARSVDTAMGNAHDW_CQQYGSSPPTF;CAKDRGYRGDYSNWFDPW_CQQYNSYPRTF;CARDRPPYSNYVIYGMDVW_CQQRSNWPPLTF;CAKPSIVATIWAFDYW_CQQYDNLPPITF;CARDHKQWRVSYVWFDPW_CQQRNTWPRPTF;CAKGRYSSSWYEDWYFDLW_CQQRSNWPPLTF;CARDISKGAAGTGDWFDPW_CQQRSNWPLTF;CAKDAEGQGPVLLWLGGMDVW_CQQYNSYSYTF;CATGIAVAGTLGYYGMDVW_CQQYNNWPRFTF;CAKGTHYYGSGSMWGMDVW_CQQRSNWPPYTF;CAREGEITMIVANDAFDIW_CQQSYSTPPTF;CATSDWSW_CQQRINWPITF;CAKASVAVAGTGGMDVW_CQVWDSSSDHVVF;CAKFFVVLSFWSGYYDYW_CQQLNSYPQTF;CAKGRNFVVVTAICDYW_CQQYGSSPLTF;CAKSLKLFAIDYW_CQSADSSGTYWVF;CANDRDASSAWYGPVGYW_CQQHYSTPGTF;CAKGGYCSGGSCPLDYYYGMDVW_CMQALQTPLTF;CARARSSGWYHYW_CQQRSNWPPTF;CAKDHDEGATTYFDYW_CQAWDSSTVVF;CAKDSRYSLLIAVAGTEDYW_CQQRSNWPWTF;CAKDRGPAEKYYYDSSGTQLIGAFDIW_CQQYYSYPPGTF;CAKVEGIWFGELSDFYYYYGMDVW_CQQRSNWPLTF;CAKALHAAVVGPAAIPFDYW_CSSYVGSNNYVF;CAKDHLMITFGGVGQGVPWFDPW_CQKYNSAPRTF;CAKAEGVKYNWNYGDYW_CQQSGSSPPTF;CATDLNLAVAGEGGYW_CQQRSNWPLTF;CARDSYDFWSGYTPPNYYYYYGMDVW_CQQRSNWYTF;CAKETLGAVDYW_CCSYAGSSRVF;CAKAAMVRGVIDWYFDLW_CQQYYSYPPFTF;CASATTVSHW_CQQRSNWPLTF;CAKGGGADFDHW_CQQYSIWPLSF;CAKDRDGYNADDAFDIW_CQQSYSTPLTF;CAKSYGSGSYYRTSEYYFDYW_CQQYNNWPPGTF;CARDCSSTSCLAYW_CQLRSNWPTF;CAKRDSSSWGWDRGAFDIW_CQQLNSYPGFTF;CAKGFDYYGSGSYSPFDYW_CQQYNNWPPEYTF;CARHEKGIAAAVYYFDYW_CQQRSNWPLTF;CAKDGRWELGTFDIW_CQQYDNLPQF;CAKDRRLGPWIPDYW_CQQYDNLPQAF;CAKDVTDGYNIPYYFDSW_CQQRSNWPLTF;CAKDRCTITSCSYQNW_CMQALQIPPTF;CAKDRSFDYPDYW_CQQYYSFPYTF;CTSWAIPQALTDYYYYGMDVW_CQQRSNWPPSITF;CAKLGEEDGSGSPSYYYYGMDVW_CQQYNNWPPLTF;CAKILYSSGWWGGAFDIW_CQQYNSYPLTF;CAKDDDRGYGWFGELLGRYGMDVW_CQQRSNWLLTF;CAKDKASSWQDRYYYYGMDVW_CVLYMGSGIRVF;CAKVGVGATSHFDYW_CQQSYSTPRYTF;CAKDLPRSVVVTANSYYYGMDVW_CQQYNSYPVTF;CTTPTWGNYYYYGMDVW_CQQRSTGRDTF;CARVFRRYGSGSYYNLW_CQQRSNWLTF;CARDPGDYVEIEWYFDLW_CQQRSNWPRLTF	0	NA
2	2	CAREVVLMVHRRGGLNMDVW_CQQYYSTPLTF;NA_CQQANSFPLTF	16	68	CARQVGVGKWYLEDW_CCSYASGDNLVF;CARLIKYSGSYEMVDYW_CAAWDDSLNGYYVF;CARGGFITMIGYGMDVW_CQQYDNLPFTF;CARDLRWCSGGSCYGNYYGMDVW_CAAWDDSLNGQVF;CARDGRDYYDSSGYYYDDAFDIW_CQSADSSGTVVF;CARDHPLMVRENLGFDPW_CAAWDDSLNGPVF;CARDLRNYYDFWSGSPNPKINWFDPW_CQKYNSAPLTF;CARDLPAARYGDYGGFDYW_CAAWDDSLNGVVF;CARDLFPIQYGSEPYGMDVW_CQQYGSSPRTF;CARDIGPLDVW_CQVWDSSSDHRVF;CARDQGDGDYGAFDIW_CQQSYSTSSWTF;CARILEIVDPSGSYQYYFDYW_CGTWDSSLSAVVF;CARDGHYSGSYYVGYW_CCSYAGSYTYWVF;CAREEYSSSWHPYYFDYW_CGTWDSSLSAYVF;CAKDFRGWFDPW_CATWDDSLNGWVF;CARDRSGGSWFDPW_CVLYMGSGVF;CARASTAAYYYYYYGMDVW_CAAWDDSLNGHVVF;CAHHLSFGGNWAFAHW_CAAWDDSLNGSYVF;CASNLGYCSSISCYGFDYW_CQQYGSSPLYTF;CAKELPYYDSSGGPEYW_CAAWDDSLNGWVF;CARGEDYYGSGSYYGMDVW_CQAWDSNTVIF;CARVLGITGTTRRFDYW_CQQYYSYPFTF;CARDREQLAPFDYW_CQSADSSGTYVF;CAKDLIDTMIVVVITPPFDYW_CAAWDDSLNWVF;CARGGHLWSEEVMNRFYYYLGMDVW_CGAWDGSLNGYVF;CARDGYSGYDRADYYYYYGMDVW_CQSYDSSLSGSRVF;CARDHIAVAATPAEYYYYGMDVW_CQAWDSSTVVF;CARARDRQGAYYYGSGSYVPYYYYGMDVW_CCSYAGSSPWVF;CARQNFDILTGYSIDYW_CAAWDDSLNGLYVF;CARDNSGSYVVEYYFDYW_CAAWDDSLNGWVF;CARQYVEWLREMDVW_CAAWDDRLNGWVF;CARNYYYDSSGSGFDYW_CQQANSFPPTF;CAHRHHCSSTSCSPWDDWFDPW_CAAWDDSLNGPVF;CARQNFDILTGYSIDYW_CAAWDDSLNGLYVF;CAKTQVDGKALWFEPW_CATWDSILSGWIF;CARELLWFGEGINWFDPW_CAAWDDSLNGVVF;CARHNTITLRYFDWTKLGYFDLW_CAAWDDSLNGVVF;CARDRYDYGDYPAEYFQHW_CAAWDDSLNGVVF;CAREQLGGFDYW_CAAWDDSLSVVVF;CAIIPLATPVTIIMDYW_CMQSIQLPPQPTF;CAREQQLVPYYYYGMDVW_CAAWDDSLNGWVF;CARDGAGHYGSGSYFGSW_CATWDDSLNGFVIF;CASRTNHYYDIQRHYW_CQQSYSTPGVTF;CARHIMVRGVPPNFDYW_CAAWDDSLNGPVF;CASTGGGSYPILNW_CQQYYSYPLTF;CARGGPYPINSGYYYEVDYW_CAAWDDSLNGRYVF;CARGPNDAFDVW_CQQYARSPPWTF;CAHHASFGGNWAFAHW_CAAWDDSLNGSYVF;CARDRGYGSGSYFSGFDYW_CQQYNNWPPRTF;CARERGMYSSGWYNWFDPW_CQQYYSYPYTF;CARGGDGYNYHPYW_CQKYNSAPTF;CAKDSIPIYDSSGTTFDYW_CAAWDDSLNGWVF;CARDQRSYADYW_CQQYYSYPQTF;CARDLQRGYSYGYW_CAAWDDSLNGVVF;CARDIHGNGALYYYYGMDVW_CAAWDDSLNGLYVF;CARDNIVVVPAAMFEASDYYYGMDVW_CMQALQTPYTF;CARDELRQLVLW_CQSYDSSNPWVF;CARSYGSGSYPRPSPLAWFDPW_CAAWDDSLNGPVF;CARDLIGFGASFDYW_CQQYNNWPPYTF;CARMMGTYYGDHPTIVGYFDYW_CQQYNNWPLTF;CARDGLDYDSNAIDYW_CQQYDNLPYTF;CARHGGDCGLDCYSNWFDPW_CQHWTF;CAREPADSSSLW_CQSYDSSNWVF;CARSGQWLEGWFDPW_CQQYNSYSPTF;CAREGREGGGFDYW_CAAWDDSLSGWVF;CARFVPGGYDGFDIW_CASWDKNLNAFVF;CARDPVPVILGYCSGGRCSPLDYW_CQNYNSAPRTF;CAKDWDDYDSESGVYNYYGMDVW_CSAWDDSLNGVVF	0	NA
2	2	CAREVVLMVHRRGGLNMDVW_CQQYYSTPLTF;NA_CQQANSFPLTF	17	1	CARHGINYYDSSGYSGNDAFDIW_CQQYDNLFTF	0	NA
2	2	CAREVVLMVHRRGGLNMDVW_CQQYYSTPLTF;NA_CQQANSFPLTF	18	55	CARETTPVVTASTYYYYYGMDVW_CSSYTSSSTWVF;CARDWVRGVNDMDVW_CSSYTSSSTRVF;CTRPQRKWELPYPDAFDIW_CSSYTSSSTLF;CARGGAAVTTYYYYFYGMDAW_CCSYSSTNTLYVF;CARDGSGYLEQYYFDYW_CAAWDDSLNGYVF;CARGQGRTTSDYW_CSSYTSSSTLVVF;CARDPITMVRGVIISGWYFDLW_CSSYTSSSTLDVVF;CAKGADPYYDFWSGYSELFPLGMDVW_CSSYTSSSTVVF;CAREFKSFWSGYGDYYYGMDVW_CSSYTSSSTRVF;CARVVDDYYDSSGRYYFDYW_CSSYTSSSTQVF;CARHPFRVFGGWRDYW_CSSYTSSSTLWVF;CTGPDRMAYYDSSGYWEGVLDYW_CSSYTSSSPLYVF;CTRCGSSWTSYTMYDW_CSSYTGSRLYVF;CAKASLYGSGSYPPKYW_CSSYTSSSTYVF;CARDRPALWFGELHGMDVW_CSSYTSSSTLVF;CAKDHWEYYWYFDLW_CSSYTSSSTLVF;CARQISILRLLVWFDPW_CSSYTSSRGVF;CARHSPPRLWFGAFNYYYGMDVW_CSSYTGSSTLVF;CARRIAVAATVTGAMDVW_CTSYTSSSTLVF;CARYYDILTGYYYDYFDYW_CSSYTSSSTSF;CAKDPRLGPYFDYW_CSSYTSSSTRVF;CARILSDYYDSIGAFDYW_CSSYTSSSTPVVF;CARDRVAIMRGIKPNGMDVW_CQQLNSYPQTF;CARELTGDRDYW_CNSYTRSSTYVF;CARVNTMVRGLSTTKYYYPMDVW_CSSYTLSILIF;CARGGLPLGYCSGGSCSRRYYGMDVW_CSSYTSSSTLVVF;CARVEYGDYSGWFDPW_CSSYTSSSTWVF;CARGINYCSGGSCYYYYYYGMDVW_CSSYTSSSTLEGVF;CAREGPSRPAANYW_CSSYTSSSTEVF;CVRDQGSGGNYFDPW_CSSYTSSSLYVF;CARDDYYYDSSGYYPRFDYW_CSSYTSSSTLGVF;CARGSRYSYGDPCFDYW_CSSYTSSSTPVVVF;CARYYQDRFDYW_CSSYTSSSTLEVF;CARGPYDILTGSIYYYGMDVW_CSSYTSSSTLIF;CARDLGWSEGNYYYYGMDVW_CSSYTSSSTYVF;CAYDSSGYSLDYW_CQQYGSSPF;CARDQGTAAKPLDYW_CSSYTSSSTRVF;CARGGYSGYESDYW_CSSYTSSSTRVF;CARSSVGRQWPKGMDVW_CSSYTSSSTLAF;CAKDIRGRMATIMSW_CSSYTSSSTLVVF;CARVELHYYYYYGMDVW_CSSYTSSSTLF;CARGMIVVVMRYGMDVW_CSSYTSSSPVVF;CAKGILRYFDWHLEGMDVW_CSSYRNISTVF;CAKDIVSYSNYVLSNW_CSSYTSSSTQHVVF;CARHGSYLGYFQHW_CSSYTSSSTVVF;CAKDKGPDYYYGMDVW_CSSYTSSSTLYVF;CARSMVRGKYRAEYFQHW_CSSYTSSSTLNVVF;CATLSGMDVW_CSSYTSSSTLVVF;CAREGRPPRKPKNNWFDPW_CSSYAGSNNLVF;CARGYSYGPFDYW_CSSYTSSSTLVVF;CASPITTVTTRGAFDIW_CSSYTSSSTFYVF;CAETSYCSGGSCPMSEYGPVFDPW_CSSYTSSSTPWVF;CAKDCGEPWYNWNDGIGYW_CSSYTSSSTWVF;CARDSRLGGVDPW_CSSYTSSSTRVF;CAKAPGGYNWDNYHYYYFAMDVW_CSSYTSSSTLYVF	0	NA
2	2	CAREVVLMVHRRGGLNMDVW_CQQYYSTPLTF;NA_CQQANSFPLTF	20	44	CARDQEYSSGWDGPDYYYYYGMDVW_CQQSYSTPQTF;CARDDRFGGDTLGWFDPW_CQSYDSSLSGSGYVF;CAREGWGLGYCSSTSCYTGPFGYW_CQQYGSSPPYTF;CARDRLDGYNSFYYGMDVW_CQSYDSSLSGSVF;CARDAGRDGNEYYFDYW_CQQYNSYLYTF;CARDRGQWLVREEDYYYGMDVW_CQQYYSTPLTF;CARIWAVAADHSFDYW_CQQYNNWPPWTF;CARDKGATFDYW_CQQSYSTPYTF;CARDRWSLHIVGASPRGPSFDYW_CQQANSFPVTF;CASGSSDRYSSGWYWGYFDYW_CQAWDSSTVVF;CARAEIYGSGSKYYYYGMDVW_CQSADSSGTYYVF;CARGPDRFSGSYDNWFDPW_CQHTRAF;CARDIVRDFDWPGVGYW_CAAWDDSLNGYVF;CARGWSGYSSSLHPYYFDYW_CCSYAGSSTTLVF;CARDLYSGYSYGSAVYW_CQQRSNWPIF;CARESPFGGQSVAVGGTPDYW_CCSYAGSGTFVF;CARGPGYCSGGSCYGMFDYW_CQSADSSGTYVVF;CARGTRRDGYNLIYW_CQQYDNPPLTF;CARAVPARPEYCGGDCYIYYYGMDVW_CQSADSSGTYWVF;CVLYYGSGSYYRFDYW_CQSYDSSLSAVF;CARDSSSPATRHFDYW_CMQATQFPYTF;CARGRGRYYDSSGEW_CQQYNSYPYTF;CARESRPTVTTRTTSGMDVW_CLQHNSYPRTF;CARDIGYSSGWYWTPGVNYYYGMDVW_CQQYGSSPWTF;CARDRGVGARHFDYW_CQQYNNWPPWTF;CGRAAISVLRKMPPTFW_CQQYGSSPYTF;CARETYYYDSSGYYGPHAFDIW_CLLSYSGARVF;CARDSEIFGSSWYSYFDYW_CQQYNSYSYTF;CARTYVWGEVDYYYYGMDVW_CLQHNSYPWTF;CARVYSYGYRYFDYW_CQQSYSTLWTF;CARDGGYSYGYAQGYYGMDVW_CQSADSSGTHVVF;CARDRSAERRGYFDYW_CNSRDSSGNHYVF;CARVKSGGSSSLRQDAFDIW_CQQRSNWPYTF;CAREDSSGWLEFPNWFDPW_CCSYAGSSTYVF;CAREGEQWLDGAFDYW_CQSADSSGTYKVF;CARDGGGWYGLVDYW_CQQYNNWPLTF;CARGNDAFDIW_CQQYNSYSGTF;CARDGKPSKTFDYW_CQQSYSTPLTF;CARDCGGPVTTTTNDAFDIW_CQQYYSYPRTF;CARDCDGGCDYW_CQSADSSGTYRVF;CARGGDYYYGMDVW_CQQYNNWPLTF;CARALSLGPRTYYYDSPQRGHDAFDIW_CQQSYSTSWTF;CARGETYYYDSSGYYWGYYFDYW_CQQYNSYPLTF;CARDQQWLGDFDYW_CSSYAGSNNLWVF	0	NA
2	2	CAREVVLMVHRRGGLNMDVW_CQQYYSTPLTF;NA_CQQANSFPLTF	21	37	CARDRDGAFAIW_CAIWYSNTHVIF;CASRVHGLVTVTTGGAFDIW_CQQYYSYPPAF;CARGGDPTWFDPW_CCSYAGSSIVVF;CARAGAVARGYFDYW_CQQYYSFPPTF;CARGRGAAAGTSILNYW_CQQYYSTPLGF;CARGGRVWSQATPTKNWFDPW_CQQYNNWPPWTF;CARKSGPPQYRYFDYW_CQQSYSTPLHF;CARGVGGCSSTSCYTRGYYGMDVW_CQQANSFLTF;CARGVRVAPIDYW_CAAWDDSLWVF;CARGPVYYYGSGSYYYFDYW_CLQDYNYPFTF;CARGTRGRSSGYYSNW_CQQYNNWPPYTF;CARGRSSGYYPHFDYW_CNSRDSSGNHYVF;CARGGRYCSGGSCYNWFDPW_CLQDYNYPWTF;CARVDNVWTTWGYW_CQQSYSTPPTF;CARDRVHDYVWGSYRDLDYW_CQQSYSTLMYTF;CARGPIVVVIAASPYYYYGMDVW_CQQRSNWPPGCTF;CARRYSYGYKRLSGWIWYFDLW_CAAWDDSLNGYVF;CASSGWFDPW_CAAWDDSLSGRVF;CARSLGPEFYYFDYW_CQQSYSTPWTF;CARGMGSSSWYPNTKLVNWFDPW_CQQYYSTPPTF;CARGEYGDYAFDYW_CAAWDDSLNGYVF;CARGTIAVAGKRYYYFDYW_CQVWDSSSDHHVVF;CARALYYDILTGYYPRYYFDYW_CQQLNSYPITF;CARGSGYYVGSYFDYW_CNSRDSSGNHPPVVF;CARDLPAVYYYGMDVW_CQQSYSTLFTF;CARGNTRLRGYSYGLQMARGGYGMDVW_CQQYGSSPGTF;CASSAPPYGHFDYW_CNSRDSSGNHVVF;CARSVTGTMGIYYYGMDVW_CQQYGSSRGTF;CARGRGYYGSGSYFSFSYYYGMDVW_CAAWDDSLNGQVF;CARDRRGYSYGYPWFDPW_CNSRDSSGNHRVF;CARGRVYGDYVFWFDPW_CQQSYSTPLTF;CARAYGMDVW_CQKYNSAPYTF;CARGTRGRSSGYYSNW_CQQYNNWPPYTF;CASLERVRRFYYYYGMDVW_CLLYYGGARVF;CARYNWNLNFDYW_CAAWDDSLNANYVF;CSIHPYYYDSSSHSEYFQHW_CQQYDNLPPAF;CARGSPYCSGGSCYLNWFDPW_CQQYYSYPRTF	0	NA
2	2	CAREVVLMVHRRGGLNMDVW_CQQYYSTPLTF;NA_CQQANSFPLTF	22	30	CARDEGIAARTRGETHYYYYGMDVW_CQQYYSTPYTF;CAREPPDLTMVRTKGVRWFDPW_CQQYYSNPLTF;CARDEMVRRDGYNFAFDIW_CQQYYSTPPLTF;CAKDGIVFYGSGSYNDYW_CQQYYETPTF;CARVRGAFGEPPPYNWFDPW_CQSADSSGTYYVF;CARGGLYSSSWSVHSTFQHW_CQQYGSSPRTF;CARDLGARDGYNKFDYW_CQQYYSTPALTF;CAHTPGSGQKGSIYW_CQQYYSTPWTF;CARLGPYGSGSYSPVDYW_CQQYYSNPQAF;CARGAAAGTLDAFDIW_CQQYYSTPLTF;CAADRIRGSSANYDYGMDVW_CQQYYSLRTF;CTRGGGALGNW_CQQYYSIPWTF;CARGPGIYGDYGGGRPGYFDYW_CQQYYSTPPITF;CARGPSRSYNVYYFDYW_CQQYYSTGTF;CARGRGARYDYGYGLVPNYFDYW_CQQHSSSPPTF;CARGPMTTVATPRTQYFQFW_CQQYYSTPWTF;CSKDWAATGREIGYW_CQQYYRTPYTF;CARRDCSGGSTQSLPQRHLTCYYGMDVW_CQQYYSTLYTF;CARDQYSSGWYLGGWGYFDYW_CQQYYSTLRTF;CARGVVGHPHLIDFW_CQQYYHMGTF;CARQDCSGGSCYLDYW_CQVWDSSSDHPVF;CAKGYSSSWYYNYGMDVW_CQQYYSTPTF;CARDRYFGPW_CQQYYSTPWTF;CARITMIGGAFDIW_CQQYYSTPSITF;CVRGGSGTLSWYDSW_CQQYLSSPDTF;CTRDLLVNWNDPGLISYYNSFDVW_CQQYYNSPRTF;CARSDDNGDYVFNYW_CQQYYSTPPTF;CARELASHLGDYFDYW_CQQYYSTPPKTF;CARKARQWEVAIDSW_CHQYYTTPLF;CSVYDSSGYLYGAFDIW_CQQYYSTPLTF	0	NA
5	441	NA_CQQYDELPVTF;CATTYYYDSSGYYQNDAFDIW_CQQYYSYPRTF;CAREIEGDGVFEIW_CMIWHSSAWVV;CARHIRGNRFGNDAFDIW_CQQYYSFPYTF;CARRLITMIEGGAFDIW_CQVWDSSSDHVVF;CAKVMIEHPSNRGHFDYW_CMQALQTPYTF;CTTDDEKRPYSGSYLPFDYW_CQSYDSSNVVF;CARGGRVSVAVYWDYYYYGMDVW_CQKYNSAPFTF;CAHSAQYYDILTGYYKAPWGGAFDIW_CQQYNSYSWTF;CARDDFGGATFYSSFDYW_CQQSYSTPYTF;CARAAKIFGVVTAFDIW_CQQYGSSPWTF;CVKDYSTSGWYYFDFW_CQQYGSSLPYTF;CARVVPAAFYGMDVW_CQQYGSSLFTF;CAGGSGYCTNGVCYPRGFDYYYGMDVW_CAAWDDSPPWVF;CAKDDTAMVTADFFDYW_CQTWGTGIWVF;CARTPRWLQCFDYW_CQQYNSYSWTF;CARDQWLAYYFDYW_CQSYDSSNHWVF;CAHRYYSNIDYW_CMQGTHWPWTF;CARDWGYYDSSGYSPRGYYYYYGMDVW_CQQLNSYSFTF;CAKDRVGYGDYVDYW_CQQYNNWPPWTF;CARLGSSPYYW_CQSYDSSLSGYVF;CTRYYGDVW_CQQYYSFPWTF;CAKDHYYDSSGYYSGLGYW_CQSADSSGTYRVVF;CATGLVVPAAILYGMDVW_CQQYGSSRGLTF;CAKDDGDAAAGLIYW_CAAWDDSLSGVVF;CAKDGGGEEALELPDYW_CGTWDSSLSAVVF;CATLRYPSLGVDYW_CHQYNNWPFTF;CARKDSSGSDAFDLW_CQQSYSTPYTF;CARDVVQLWYQIDYW_CQQSYSTPPNTF;CAKYVDTAMNQFDPW_CQQANSFPITF;CARGLHYYDSSGRSLYYFDYW_CQQYGSSPPGQTF;CANQPPSLYW_CQQYNNWPGTF;CARVGYDYVWGSYRYTGVMDVW_CSSYAGSSYVF;CARGRPYYYDSSGYPYDAFDIW_CMQALQTPLTF;CAKERVVTAIPVVIFDYW_CQQSYSTPRLTF;CARPYGDYAYFDYW_CQSYDSSLSGYVF;CARDWWERQDSKRPDYFDSW_CQQTNSFPITF;CARHSNDGSDYFDYW_CQESYGALLTYTF;CASTEIEMLVPRYCSSTSCYFVWFDPW_CGTWDSSLSAGHGVF;CASASSTGTDAFDIW_CQAWDSSTHVVF;CARDGSWYAAWFDPW_CQSYDSSLSGSVVF;CARDPSLGDPGWGYFDYW_CQQYNSYSTWTF;CVREMTGSFTGGLDPW_CMQGTHWPPTF;CAREVNTAMAYYYYYYGMDVW_CQQYGSSQWTF;CARERRGGGHYYDSSGYYLSDYW_CQQSYSTP;CARGGGYSSGWATREVVYW_CQSYDSSLGAVF;CAKVPTVTTFLGYYYGMDVW_CQQSYSTPWYTF;CARDLRPAANFDYW_CQVWDSSSDYVF;CARLSYSSSWYYFDYW_CQQSYSTLYTF;CARVPKVRYCSSTSCYKDYYYGMDVW_CQVWDSSSDSWVF;CATWHYYDSSGEDGMDVW_CQQYNNWPRTF;CARGRSSWHLDYW_CMQALQTPFTF;CARDPWELHGFDYW_CQQYGSSSFTF;CAREAYYYGMDVW_CNSRDSSGNHNYVF;CARDRSVVTMVRGVIPFYW_CCSYAGSYTVVF;CARHEKMNYYDILTGYSPPYYYYYGMDVW_CQSYDSSLSAYVVF;CAHYQGIAVTGTWFDPW_CQSYDSSNVVF;CARESSSWFPYW_CQQSYSTPFTF;CARERDYSPGRYYGMDVW_CGTWDSSLSAGVF;CARHPTPAAMVGYYYYGMDVW_CQQANSFPLTF;CARDGPMTAIGGYGMDVW_CQSYGSLGGSVF;CAKGRTTEGTDAFDMW_CQQVHSYPITF;CAKDRSSLLWFGELLYMPEEYGMDVW_CQQYNNWPLTF;CTNYGMDVW_CSSYAGSNNWVF;CARVDSFAPNSGYGAQLLNWFDPW_CQQYNNWPLTF;CAREDYDTASFGYW_CQQYDNLPYTF;CAKDFGRGSYHRAEYFQHW_CQQYNNWPPWTF;CARGGSLPLITMIVGFFW_CQQYGSSPEYTF;CTREAEMATISIDYW_CQVWDSSSDHVVF;CARDAPIWDTAIVYW_CQQYGSSLPWTF;CARLLVSAYNWFDPW_CQQSYSIPAF;CARIPMTTVTSYGMDVW_CQQYGSSSITF;CARDDEWEPYDYW_CCSYAGSSTYVF;CTTVLRYFDWLLSDYGMDVW_CLLSYSGARGVF;CAIGTGIVGTTFPREYW_CMQALQTSWTF;CAKDMELGWLIDYW_CMQALQTPLTF;CARETVVTPQNAFDIW_CAAWDDSLNGYVF;CARERNIVVVPAAETFDYW_CQQYNNWPPLTF;CARIGFGEYDYGMDVW_CQSYDSSLSVVF;CARGVGATDFDYW_CQSYDSSLSGVVF;CARDPSNWGSFGYW_CQAWDSSTYVF;CARVDGYNYSFDYW_CQQYNNWWTF;CAKEPYGGNSFVYYFDYW_CQQYGSSPGLTF;CAKAEWGGTENYIPYYFDFW_CQSYDNNNLIF;CARSHCSSTSCYPNYYYGMDVW_CQQSYSTPRTF;CARDFGERYCSGGSCYSFDPYYYYGMDVW_CLQHNSYPWTF;CAKEYPGPGQLDDAFDIW_CQSYDSSLSGKVF;CARVDTAMVTGLAISPPWDYGMDVW_CQQYNSYPWTF;CAKDIGDGSGSNSQKRDYYYGMDVW_CQQSYSTPRTF;CATDPYNSGWFASLKNQVLYYW_CQQSYSTPQTF;CAREHTGGWLQRYIDYW_CQSADSSGTYPRVVF;CARGYCDSTSCYAVGYFDLW_CQTWGTGIVVF;CARDPDPNWSKDWFDPW_CQQYNNWPPLTF;CAKGRYSFGLDNFDYW_CQQDGNSPTF;CASRAVQSSGWRQDYYYGMDVW_CQSYDSSLSGVF;CAREASEGPW_CQSYDSSNSWVF;CARLGGYSSRGNWFDPW_CQQSYSTPPYTF;CARDPHHTFGGVLVW_CQKYNSARTF;CAGYYYDSSGYLSSFDIW_CQSYDSSLSVVF;CARLPYRYSGSSNDAFDIW_CAAWDDSLSGPVF;CARAGYGDYVGDFDYW_CQSADSSGTYVVF;CARDYYGSRSDSGMDVW_CQQSYTTPYTL;CAKDGREAAAGTDYYYGMDVW_CQAWDSSTVVF;CARDSPGWGSSGFYYGMDVW_CQQYGSSPRYTF;CARVSGDTMIVVVHRDGMDVW_CQQYNSYSVTF;CAKNLATTGSHW_CLQDYNYPRTF;CAKDGGRGVVIIFYFDYW_CQQYGSSPITF;CARGIAVVTLWGPFDIW_CQQYNNWPRTF;CARDRWVPAAVPHYYYYGMDVW_CQQANSFPLTF;CAREGAAGPPPGHYYYYGMDVW_CMQALQTPFTF;CAKQGHFTDTKRIDYW_CQQYDSYPITF;CAVIPVTGQEASLSAEYFQHW_CQQSYSTPFTF;CARDSPSSGSYGLFDYW_CQTWGTGIRRVF;CASPGGGLLWFGELFRSYFDYW_CVLYMGSGFWVF;CAHRPVSDDILTGYRYNWFDPW_CQSYDSSLSGSVVF;CARGFIGYNFDSW_CQQSYRTPITF;CAREEGYCSGGSCEYNYYYGMDVW_CQQYGSSLITF;CARGRRVFLALSYW_CQQYGSSPHTF;CARGAGRIGQVDVW_CQQYNNWHTF;CARGYYDSSGQSLDYYYYGMDVW_CQQYYSYPFTF;CARTGKNGSGSYWFDPW_CQQYRTF;CARTDIVATPDGGFDYW_CQTWGTGIHVVF;CAREGFYYYGSGSVSGGNWFDPW_CQVWDSSTVVF;CAKVPLGWGAAGGAYFDYW_CQQYGSSPATF;CARVGCSGDTCYSYDWFDPW_CGTWDSSLTAVVF;CARGGILTGKLSDYW_CQQYDNLPTF;CAHGLTGYYTYYFDYW_CQQYYSFPPTF;CARQVGANPFADYW_CAAWDDSLSGPVF;CSVYDAERGYFDYW_CCSYAGGDTSYYVF;CARLYGDYGDYW_CNSRDSSGNLFVVF;CARPYSSSWSPMDVW_CQSYDSSLSGHVVF;CARDKGYSSSWYIRSSWFDPW_CLLSYSGARLVF;CARAVCGDDCYLLDSW_CAAWDRSLGAVVF;CARTTTVVTGDAFDIW_CQSADSSGTYPVF;CAKGRGDYYYYGMDVW_CQQYDNLPITF;CTTGGALNYW_CQAWDSSTACVF;CARDLTTRDYSDAFDIW_CQQYGSSPRTF;CARAGLEINTPDSSGYYYGGGYFDYW_CQQYDNLPPRRFTF;CAKDHGYDFWSGYSDAFDIW_CQQSYSTPLYTF;CARESGYTNYYYYGMDVW_CQQYNSYPLTF;CARKYQLPYYYGMDVW_CQQSYNTPDTF;CARDSTYYYDSSGYPVSDAFDIW_CQQSYSTRRYTF;CAREVYSSSTNWFDPW_CQVWDSSTDVVF;CARANAEYSSSLLFDYW_CQSYDNSLSAYVF;CAHSPYDYVWGSYRQSWFDPW_CQAWDSSTVF;CTTIYYDILTGDYW_CMQALQTPITF;CARLDYDFWSGTPERMDVW_CQQYGSSPPWTF;CARVRKNWNYDLDDWYFDLW_CQVWDSSSDHYVF;CATRRVRGEGLAYW_CQQYNSYSRTF;CARNYDSSGYYVPPYFDYW_CQQYNNWPPYTF;CARDPANYFDYW_CQQSYSTLWTF;CAREESSSWYRYW_CQQYGSSPLTF;CARIVQGGSYLSGGIDYW_CMQSIQLLFTF;CARDRLIIRFLERPNWFDPW_CCSYAGSSTPVF;CAREYSNNWYFFDYW_CQQYAGSPLTF;CARVSGVGTSFAGFDPW_CQSADISATVF;CAREPTPRYSGSYRGFNYFDYW_CQQYYSFPLTF;CARAADYCTSASCPNEYFQHW_CQSYDSSLSVF;CARGRMTVHNDDSGFPEYLYYYGLDVW_CMQVMDNPRTL;CATSRVAVAGVDYW_CQSYDSSLSGVVF;CARDLGIAVAGRVEGYFDYW_CCSYAGSYTLVF;CARDVSNVLVIAVSPSWFDPW_CQQTYSIPYTF;CARDAPDRGSSWYSALFDYW_CQQYNNWPPTF;CARRDGGYCSSTSCSFDYW_CQQYNSYSPTF;CARAEIFGVVIQAFDYW_CQSYDSSLSGSVF;CVKKVIGFDDW_CQQSDTFGYTF;CAKGMDGSGSYYNKDGMDVW_CQAWDSSTGVF;CARVNGLLGEYYYGMDVW_CMQALQTPPNTF;CAKDWAVGWEFVDSW_CQQSHTVPLTF;CARDEGAAAYFDYW_CCSYAGSSTCWVF;CARAAGYCSSTSCYEIYYYYGMDVW_CQSYDSSLSVPF;CTRSYVLRFLEWFSPFDYW_CQQYGSSLWTF;CASSGSYQGNWFDPW_CQQSYSTPYTF;CARSPPRYDLSLVDAFDIW_CQQYNSYSTTF;CARETIAAAGSNFDYW_CQQSYSTPRTF;CARVSGYSYYFDYW_CQQLNSYLLTF;CATYIAAPRDYYYGMDVW_CMQALQTPYTF;CATGKTYSAPHAYYYFDYW_CQQANSFPRTF;CAKEVHSSGFDYW_CQSADSSGTYPWVF;CTTDHIVVVTAMIFGYYFDYW_CQQLNSPLTF;CAREGPTVTKFDYW_CQSYDSSLSGSVF;CEVKAAAGNFYW_CSSYAGSVVF;CAKDIEGGSGYYLTPGGFQHW_CCSYAGSSTFVVF;CARDAMAIGDYYYYGMDVW_CQQLNSYPSLTF;CARREGAGYDILTGSYYYYYGMDVW_CLLYYGGAQLGVF;CTTRLWRISQYYYDSSGYGHFDYW_CQSADSSGTYVF;CARTTLLAAAIDYW_CQQYYSFPYTF;CARAKAARPTPTYYYYYYGMDVW_CQAWDSSTGDVF;CARSGYDSSWVGYDFDYW_CQAWDSSTPVF;CAREGLEIDAFDIW_CQQSYSTPWTF;CAHTSAYYDSSGYYPPFDYW_CQQSYSTPLTF;CARATQDSSGWYGFWYFDYW_CQQYNNWPPTF;CARMLVVVAATGYYYYGMDVW_CQQYGSSQTF;CAREAYDSSAYSTIDYW_CQTWGTGIHVF;CATSLVVVPAAILRGGVGGHYYGMDVW_CGTWDSSLSAVVF;CARSAGSSGSFEYFQHW_CQQYGSSPLYTF;CARRLFLYSSSGYYFDSW_CQQASSFPPLSF;NA_CQQSYNTPRTF;CARGGGAVAGTIDFHYW_CCSYAGTDLWLF;CAKDRGYYDSSGYYYSDYGMDVW_CQSADSSGTYVF;CAKDGFGGASDHW_CQHYDRSPWTF;CARAIQMGCSDGSCLW_CQQYDNLPSYTF;CARKGRWLPDGDDAFDIW_CQQYYSYPLTF;CARAGLRSWFDPW_CMQSIQLPNTF;CARHSYGAYYYYGMDVW_CQQYGGSPLFTF;CAAGVMTARYDYW_CQQSYSTPLTF;CAHFMTTVTTGYFDPW_CIQVRQTPFTF;CAREGGGDILTTYYYYGMDVW_CQQYGSSTRALTF;CARGFGGGDYRSMDVW_CQQLITYPITF;CARTTYGGNSLNWFDPW_CQVWDSSSDHPVF;CARGYGSGNYYYYGMDVW_CMQALQTPWTF;CARSNYDILTGLDYW_CMQALQTPYTF;CAREDSGSYGYFDYW_CQQYNNWPQTF;CARRVLYYRFDPW_CNSRDSSGNHLF;CARGDYDYVWGSSPDAFDIW_CMQGTHWPLTF;CARDVRGYYYDSSGYSGEGYWW_CQQSYSTPYTF;CTRDRYSSSWYKGLYYYYGMDVW_CQQSYSTPYTF;CARVFFRVVYAMAYW_CQQYNNWPPMYTF;CASSLRYFDWTVNNWFDPW_CQQYGSSPQTF;CTRGYCSSTSCYTGWFDPW_CQAWDSSHVVF;CARDGRWELLGNQHW_CCSYAGSSTYVF;CARVYYDSSGYYYFDYW_CQQSYSTPWAF;CARGRVRWELLGDDAFDIW_CQQYDNLPLTF;CCTYVFVGIVPTIVDYW_CQQYNDWPPAGTF;CARDIQYYYDSSGYDAFDIW_CQQSYSTPWTF;CATSWGIAALYGMDVW_CNSRDSSGNPYVF;CAKDYPVAGDLDAFDIW_CCSYAGSSTWVF;CARANWDNWNDGLDYW_CGTWDSRLSSYVF;CARAGYCSSTSCSKEDVW_CQQSYSTPPRTF;CAREPLGGDYYYYYYGMDVW_CQQYGSSPTF;CARLSLRARFRGAFDIW_CCSYAGSYSVVF;CAHSLPSDIDYYYDSSGYSPSPPLFDYW_CQQYNNWPLTF;CASGYGGKTYYFDYW_CQQYGSSPGTF;CLGRELGHSW_CLQHNSYPWTF;CTAVLRYFDWLLMEAHENYYYYGMDVW_CQSADSSGGVF;CARDRSRWEFLYYFDYW_CQQYGSSGYTF;CARARYYDSNSYSYAW_CQTWGTGIWVF;CARLDYYDSSGYYDW_CQTWGTGIPVF;CARDYIAVAGPGENWFDPW_CQQSYSTRTF;CARDRGGYGVRWFDPW_CQQYDNLPPTF;CARRGNAIFGVVTHYYYYGMDVW_CMQALQTPLFTF;CSNYDILTGYYWFHYW_CQQYNNWPFTF;CASSFLDTSIVEYYFDYW_CATWDDSLSGLF;CARIVVVVTSRWFDPW_CQVWDSSSDHYVF;CARSLEWLDDYW_CQSYDSSLSGSVF;CARDAYGGYSFYYYGMDVW_CQQYGSSPFTF;CAGGSGSYYHLDPW_CQQANSFPYTF;CARPRLDYGDYGAGLGYW_CQKYNSAPFTF;CARDRGLRKKYFQHW_CQQYGSSPSTF;CVSQLYYLDGRGYYYDYYYDYW_CLQHHDYPWTF;CTTVSPYGDYVGVYFDYW_CQQYYSYPPTF;CAKDFMEYYYYGMDVW_CSAWDSSLSAVVF;CARSPGSGSYTW_CQQYGSSPLTF;CARLPYAGGPYYYYGMDVW_CMQRIEFPFTF;CARGKPRSLELWSFYYYYGMDVW_CQQSYSTPPTF;CAMGGYDSSGVQLDYW_CAAWDDSLSGYVF;CAHRYCSSTSCYGLGDWFDPW_CQSADSSGTYLVF;CARHSEGLGPVDYW_CGTWDSSLSAWVF;CARAIFGVVSVMGFDYW_CMQALQTLTF;CAKSMKSFDYW_CQQSYSTPLTF;CTTEGGDGYNSFDYW_CQQYDNLPITF;CARDTTYGDYYYGMDVW_CQSADSSGNWVF;CARDGKGYSYGSGNYYGMDVW_CQQSYSTLYTF;CAHRTTTYYFDYW_CQQYNSYPYTF;CTTDLVWFGELANAFDIW_CLQHNSYLPEWTF;CTRGGTLGARSGYYDYYYGMDVW_CQQYNSYPLTF;CAKDEGRVVAVAGTGEHAFDIW_CQQYNSYSPTWTF;CAKDITIFGVVISHLDYW_CLQDYNYPLTF;CARTYYYDSSGYRNAFDIW_CQSADSSGTYPVVF;CAKCFYYDSSGYYYYYYGMDVW_CCSYAGSSTLVF;CARDLLSISGSPFDPW_CQQRSNWPPGGGGLTF;CARGGINGGAYFDYW_CQQYGSSPWTF;CARDRGPAGLDYW_CQQSYSTRYTF;CARRGYYYDSSGYYYDWFDPW_CNSRDSSGNRVVF;CAKGLNTAMVSYYFDYW_CVLYMGSGIWVF;CAKDIREGWSSGYYPVLDYW_CQVWDSSVVF;CAKDSPSGYYYYYYYGMDVW_CQQLNSYPITF;CARDRIAAADHNWFDPW_CAAWDDSLNGWVF;CARDIGGIAAAGSPPSAFDIW_CQQYNSYSTF;CAHSYYYGSGRGGWFDPW_CQSADSSGTYVF;CARDGSSSIFDYW_CNSRDSSGNHVVF;CAKPLRFGYSSSSCFDYW_CSSYAGSNNYVF;CAHTGFESLDYW_CQSYDNSLNGLGVF;CARDEDYYYDSSGSVDYW_CQQSYSTPWTF;CARQIAAAGPENWFDPW_CQSADSSGTYLVF;CARGLPVDVW_CGTWDSSLSAGHVVF;CARLIYYGSGRFGAFDIW_CQQYDNLPWTF;CARNEITIPLDVW_CQQYGSSPLVTF;CTTDHGDAYNYRW_CQQYGSSPRTF;CARDHRMNIAVAGTNWFDPW_CQKYNSAPLFTF;CARALREEQWLNNAFDIW_CQQYYSYPTF;CAHRPPYYDSSGYLSW_CQQYGSSLWTF;CARHYVDTAMVINQYYFDYW_CQSYDSSLSDVF;CARDNYDILTGHYGMDVW_CAAWDDSLSGLYVF;CAKDSSSSDWFDPW_CQQYYSYPLTF;CARDYVAVAGTLDYW_CQQYYSTPYTF;CTRDLAYSNYEPPNHNWFDPW_CLQHNSYPLTF;CARERYYYYGMDVW_CYSTDSSGNHGVF;CAKEGITGYYYYYGMDVW_CQQSYSTPHTF;CAKVALRYFDWLPPYFDYW_CQQYYSYPQNLTF;CARAHDSTGYQDFDYW_CQQAKSFPYTF;CARVGVYGSGSYLVGGDYW_CQQSYSTPWTF;CARGPYYGSGSGEFDPW_CQQYYSYPLTF;CARGSCYSSACYYYYGMDVW_CGTWDSSLSAVVF;CARDFDAAEGAFDIW_CQVWDSSSDPTFYVF;CARGAHSSGYYIDYW_CQQYYSFPFTF;NA_CHQYNNWSSWTF;CAREQDFGGNPFDCW_CMQVLHIPRAF;CARGTMVRGHYYYYGMDVW_CQQSYSTPLTF;CARGYSYGYLDWFDPW_CQSYDSSLSGVVF;CARAAPYSSSSLDYW_CQQSYSTLTWTF;CARRRITMNDYFDYW_CQSYDSSLSGVVF;CARGPDGGAFDIW_CQRGLTF;CARDLIARTALTYYYYGMDVW_CQSYDSSLSGGVF;CARYGVYGDYPGALFDYW_CAAWDDSLSGLWVF;CAKDRRGCSSTSCYTFDYW_CQQSYSTLSF;CARVSGYNSYYFDYW_CQQSYSTPRTF;CAAPSPRFTSSTGGGMELPLHVW_CCSYARGSSLVF;CAKDARWRPRVASIDALDIW_CQQYNNWPRTF;CARHIERYCSGGSCYEALDYW_CMQALHPITF;CASYLEMATRYYFDYW_CLQHNSFWTF;CARVTRVTQSNDFWTSYYTDCFDAW_CYSTDSSGNHKVF;CARLYSSSWTNYFDYW_CQQYYSYPLTF;CARGTVYSVPGGHYGDYVRDPKYYYYGMDVW_CQSADSSGTWVF;CARGAAGVRGPIGYW_CAAWDDSLSGWVF;CARVAVAGTTNWFDPW_CQQANSFPYTF;CARVLGGPGATTFDYW_CLQDYNYPWTF;CARTPVSTSYDSPGWYSSGWFFDYW_CQTWGTGIHVVF;CARTMVRGVTPADAFDIW_CQQYNSYSSTF;CAKSMGATILHAFDIW_CQQYNSYPLTF;CARANSGSYSFFFLRLDYFDYW_CQQYNNWPLTF;CARAAGTGGYYYGMDVW_CVLYMGSGISVF;CARAGQFGDSYYYYYYGMDVW_CLQDYNYPQTF;CAHFTKRPTDAFDIW_CNSRDSSGNHRVF;CAAGFGLSGSYIHYYYYGMDVW_CQQYGSSPPLTF;CATDNWNFGADSGFGYW_CMQGTHWRTF;CARVLGSFSFGYDGFDIW_CQQLNAYPTF;CARDPGIAVAETVYYYYYYGMDVW_CMQALQTPPTF;CARTVGAGYKIGKGYFDYW_CQAWDSSTVVF;CARDQDLAALNYW_CGTWDSSLSAKVF;CTTENVLLWFGEPEYYYYYYGMDVW_CQSADSSGTYAVVF;CARSLFEGTVMAFRAEHMDVW_CQQYKTFFAVSF;NA_CQAWDSSTVVF;CARPPSHDSPMYHYW_CQSADSSGLWVF;CARDTMWWSYGMDVW_CCSYAGSGEVF;CARLRRYSSGYYYIAGDFDYW_CQSYDSSLSGVVF;CARDKGGTTVTTSNWFDPW_CQQYDNLPLTF;CARDGGGYYQKKGYFQHW_CGTWDSSLSAVVF;CARDDIVVVPAAIDYW_CQSYDSSLSGPYVF;CARKFDCW_CQQYGTSLPVTF;CARGVLRFLEWLSNMDYYYYGMDVW_CMQALQTPRALTF;CAKDGSYYDSSGYSDYW_CQQYNNWPPWTF;CAKDKSYSVEYW_CMLFMGSGIWVF;CAKADVRSNWNDMHFDYW_CQAWDSSTVVF;CARATPRGYGGNSLNWFDPW_CQQYNSYPFTF;CAEGYQLPGLYYW_CNSRDSSGNHLF;CARHAGSGSYYFWFDPW_CQQYGSSPYTF;CAKDLQIGYCSSTSCRNAFDIW_CQQYGSSPPRVTF;CARGRGSYFDYW_CQQYGSSLWTF;CARTCSSTSCYTYGMDVW_CQQYNNWQYTF;CAHRGYSYGPLFDYW_CLLYYGGAQLVF;CARLPTLRYGSGSYYNGALDYYYGMDVW_CMQALQTPLTF;CARSIAAASPFDPW_CQQYDNLPPTF;CARGPPYGHLGYW_CQQYNNWPPITF;CAKDILGGGYFDYW_CQTWGTGMGVF;CAKDASYGYLFEYWYFDLW_CQQYNNWPPWTF;CARFGAKNYYDSW_CQQYNNWPGTF;CAREKWLRPQLDYW_CQQYGSSPKTF;CVKGPYYDGSGNSFGRKAFDIW_CQQYGSSPYTF;CARGASKGNQPALHYGMDVW_CQQSYSTPPAF;CATTLASPTHDYGDYEGGYMDVW_CQQYGSSPLTF;CALGIDAFDIW_CQQYNNWPKTF;NA_CQSYDDSLSGTVF;CARGFYYGSGSPLSGMDVW_CQQSYSTPRTF;CAKDPAASGSPWYFDYW_CQQYYSFPRTF;CAREVSRQSGSRPIKWFDPW_CQQSYSPPPLTF;CTPSLETYGDYALGYYW_CQSADSSGTYPYVF;CAKDFGGPLQFDYW_CQQYGSSPRTF;CAKDMLFSNNYW_CQTWGTGINWVF;CARDENHLYYGDLAYW_CQQSYSIPRAF;CARGSRLLLWFGELKVGPGFDPW_CQQYNSYWTF;CAMKGGRDGYNTRVYYYYGMDVW_CCSYAGSSTPYVF;CAKDIGPTNCSSTSCHAYYYYGMDVW_CQQYNSYSTF;CWRDRREAPIEMEVASTRG_CMQSTHWPYTF;CTRHTHCSGGSCYDAFDIW_CQQSYSTPRYTF;CAREPPHGSGTDYNWFDPW_CQSYDSSLSAYVF;CVKDLYDTGSYYYFDYW_CSSYTRSSTLVF;CSRHEGVGGNSDYW_CVLYMGSGISMF;CARNHDYGDYMFGGMDVW_CQSADSSGTYVF;CTTSGGDW_CMQSIQLPRTF;CARDRTSFGYSYGNIDYW_CQTWGTGILVF;CAKDELASYGGVGYYW_CQSADSSGTYFWVF;CAREPKHSGYCSSTSCYIGNWFDPW_CQSYDSSLSGNVVF;CARASWDSSSWGLGFDPW_CQAWDSSTGVF;CARTRVRGVISPFDYW_CQQANSFPPTF;CTREYYDFWSGDYW_CQQYDNLPLTF;CARDGGRGSGWSTPDYW_CNSRDSSGNHVVF;CARHYDFWSGDNPYWYYYYGMDVW_CQQYGSSPPWTF;CTTTTADIVVVPAAIQTVDYW_CQQYDNLPLTF;CAIMVRGVIGSYYYYGMDVW_CQQSYSTTWTF;CAKDNGYGGNSLQHW_CCSYAGSSTLVF;NA_CQQSYNTLWSF;CARARYRRDGYHNLYAFDIW_NA;CARGFSETGPGYKRFYYYFDLW_CQQYGSSPQTF;CARVKGDYYYYYGMDVW_CMQALQTPHTF;CARDPPLYSSGWFTGDYW_CQQYNSYPRTF;CAKDGGEHRGNDYW_CQVWDSSSDHYVF;CARGYDFWSGYLPHYGMDVW_CQVWDSSSDHPGVF;CARETKQYIDYRSPTVGRPYDYYYGMDVW_CLLFYGGAQLGVF;CAKGVWESTTEDAFDIW_CQQYNSYSPFTF;CAKDQGYCSSTSCYPYYYGMDVW_CQAWDSSTVVF;CARLGGYDSTFDYW_CSSYTSSSTYVF;CARVAAAGTYFDYW_CQQYGSSPETF;CARINQHGSGTYSPDYYYYGIDVW_CMQALQTPMYTF;CARKSIAAAGLPYYYYYGMDVW_CMQALQTRFTF;CAQGGYSYGYYDYW_CAAWDDSLNGVVF;CARQRGGTAVPVYYFDYW_CQQYGSSPLYTF;CARALYYDSSGYQPNRYYFDYW_CQSYDSSLSGYVVF;CTRALNSNHFDYW_CQQANSFPLTF;CARVTDPDAFDIW_CNSRDSSGNHYVF;CARSAWHPAATGGMDVW_CLQDYNYPYTF;CARVSLVVPQQFDYW_CQAWDSSTVVF;CAKVPGYSTGWYYFDYW_CQQCDSSPEWTF;CAKDSTCSSTSCYRGYYYYGMDVW_CQQYYSYPITF;CARGRNGGNRFDWFDPW_CQSYDSSLSGSGVF;CARGKNWFDPW_CQQYGSSPLTF;CASGYSSGRPDYW_CQQYDNLPITF;CARLSDGDYTFDYW_CQQYNSYWTF;CARGGTAGYSYGYAYW_CQAWDSSTAVVF;CAKDIVVVPAAPITLYYYYGMDVW_CMQALQTSFTF;CARWRLYYDSRGYYYGMFDYW_CQQSYDTPLTF;CARSRRIVGATSFDWFDPW_CQQYNSYSRTF;CASEDSGYGGGFDYW_CQSYDSSLSEGVF;CAHGRDYDSSSLPFDYW_CQQYNSYPYTF;CARAGAYYYGSAIDYW_CQQYGSSPGLTF;CAKGSSHSGGWFDPW_CQQYNSYWTF;CARDLLRAYSSSSTSSIDYW_CQQYYSYPRTF;CAKDVSGYLDAFDIW_CGTWDSSLSAGWVF;CAREGSRYFDYW_CQVWDSSSDHYVF;CASHDSSGYYLLDYW_CQVWDSSSDHVVF;CARYCSSTSCYTTYYYYYYGMDVW_CQQYYSYPLTF	1	1	CARDPHYYDSSGYYYWYFDLW_CSSYAGSNNPYVF	0	NA
5	441	NA_CQQYDELPVTF;CATTYYYDSSGYYQNDAFDIW_CQQYYSYPRTF;CAREIEGDGVFEIW_CMIWHSSAWVV;CARHIRGNRFGNDAFDIW_CQQYYSFPYTF;CARRLITMIEGGAFDIW_CQVWDSSSDHVVF;CAKVMIEHPSNRGHFDYW_CMQALQTPYTF;CTTDDEKRPYSGSYLPFDYW_CQSYDSSNVVF;CARGGRVSVAVYWDYYYYGMDVW_CQKYNSAPFTF;CAHSAQYYDILTGYYKAPWGGAFDIW_CQQYNSYSWTF;CARDDFGGATFYSSFDYW_CQQSYSTPYTF;CARAAKIFGVVTAFDIW_CQQYGSSPWTF;CVKDYSTSGWYYFDFW_CQQYGSSLPYTF;CARVVPAAFYGMDVW_CQQYGSSLFTF;CAGGSGYCTNGVCYPRGFDYYYGMDVW_CAAWDDSPPWVF;CAKDDTAMVTADFFDYW_CQTWGTGIWVF;CARTPRWLQCFDYW_CQQYNSYSWTF;CARDQWLAYYFDYW_CQSYDSSNHWVF;CAHRYYSNIDYW_CMQGTHWPWTF;CARDWGYYDSSGYSPRGYYYYYGMDVW_CQQLNSYSFTF;CAKDRVGYGDYVDYW_CQQYNNWPPWTF;CARLGSSPYYW_CQSYDSSLSGYVF;CTRYYGDVW_CQQYYSFPWTF;CAKDHYYDSSGYYSGLGYW_CQSADSSGTYRVVF;CATGLVVPAAILYGMDVW_CQQYGSSRGLTF;CAKDDGDAAAGLIYW_CAAWDDSLSGVVF;CAKDGGGEEALELPDYW_CGTWDSSLSAVVF;CATLRYPSLGVDYW_CHQYNNWPFTF;CARKDSSGSDAFDLW_CQQSYSTPYTF;CARDVVQLWYQIDYW_CQQSYSTPPNTF;CAKYVDTAMNQFDPW_CQQANSFPITF;CARGLHYYDSSGRSLYYFDYW_CQQYGSSPPGQTF;CANQPPSLYW_CQQYNNWPGTF;CARVGYDYVWGSYRYTGVMDVW_CSSYAGSSYVF;CARGRPYYYDSSGYPYDAFDIW_CMQALQTPLTF;CAKERVVTAIPVVIFDYW_CQQSYSTPRLTF;CARPYGDYAYFDYW_CQSYDSSLSGYVF;CARDWWERQDSKRPDYFDSW_CQQTNSFPITF;CARHSNDGSDYFDYW_CQESYGALLTYTF;CASTEIEMLVPRYCSSTSCYFVWFDPW_CGTWDSSLSAGHGVF;CASASSTGTDAFDIW_CQAWDSSTHVVF;CARDGSWYAAWFDPW_CQSYDSSLSGSVVF;CARDPSLGDPGWGYFDYW_CQQYNSYSTWTF;CVREMTGSFTGGLDPW_CMQGTHWPPTF;CAREVNTAMAYYYYYYGMDVW_CQQYGSSQWTF;CARERRGGGHYYDSSGYYLSDYW_CQQSYSTP;CARGGGYSSGWATREVVYW_CQSYDSSLGAVF;CAKVPTVTTFLGYYYGMDVW_CQQSYSTPWYTF;CARDLRPAANFDYW_CQVWDSSSDYVF;CARLSYSSSWYYFDYW_CQQSYSTLYTF;CARVPKVRYCSSTSCYKDYYYGMDVW_CQVWDSSSDSWVF;CATWHYYDSSGEDGMDVW_CQQYNNWPRTF;CARGRSSWHLDYW_CMQALQTPFTF;CARDPWELHGFDYW_CQQYGSSSFTF;CAREAYYYGMDVW_CNSRDSSGNHNYVF;CARDRSVVTMVRGVIPFYW_CCSYAGSYTVVF;CARHEKMNYYDILTGYSPPYYYYYGMDVW_CQSYDSSLSAYVVF;CAHYQGIAVTGTWFDPW_CQSYDSSNVVF;CARESSSWFPYW_CQQSYSTPFTF;CARERDYSPGRYYGMDVW_CGTWDSSLSAGVF;CARHPTPAAMVGYYYYGMDVW_CQQANSFPLTF;CARDGPMTAIGGYGMDVW_CQSYGSLGGSVF;CAKGRTTEGTDAFDMW_CQQVHSYPITF;CAKDRSSLLWFGELLYMPEEYGMDVW_CQQYNNWPLTF;CTNYGMDVW_CSSYAGSNNWVF;CARVDSFAPNSGYGAQLLNWFDPW_CQQYNNWPLTF;CAREDYDTASFGYW_CQQYDNLPYTF;CAKDFGRGSYHRAEYFQHW_CQQYNNWPPWTF;CARGGSLPLITMIVGFFW_CQQYGSSPEYTF;CTREAEMATISIDYW_CQVWDSSSDHVVF;CARDAPIWDTAIVYW_CQQYGSSLPWTF;CARLLVSAYNWFDPW_CQQSYSIPAF;CARIPMTTVTSYGMDVW_CQQYGSSSITF;CARDDEWEPYDYW_CCSYAGSSTYVF;CTTVLRYFDWLLSDYGMDVW_CLLSYSGARGVF;CAIGTGIVGTTFPREYW_CMQALQTSWTF;CAKDMELGWLIDYW_CMQALQTPLTF;CARETVVTPQNAFDIW_CAAWDDSLNGYVF;CARERNIVVVPAAETFDYW_CQQYNNWPPLTF;CARIGFGEYDYGMDVW_CQSYDSSLSVVF;CARGVGATDFDYW_CQSYDSSLSGVVF;CARDPSNWGSFGYW_CQAWDSSTYVF;CARVDGYNYSFDYW_CQQYNNWWTF;CAKEPYGGNSFVYYFDYW_CQQYGSSPGLTF;CAKAEWGGTENYIPYYFDFW_CQSYDNNNLIF;CARSHCSSTSCYPNYYYGMDVW_CQQSYSTPRTF;CARDFGERYCSGGSCYSFDPYYYYGMDVW_CLQHNSYPWTF;CAKEYPGPGQLDDAFDIW_CQSYDSSLSGKVF;CARVDTAMVTGLAISPPWDYGMDVW_CQQYNSYPWTF;CAKDIGDGSGSNSQKRDYYYGMDVW_CQQSYSTPRTF;CATDPYNSGWFASLKNQVLYYW_CQQSYSTPQTF;CAREHTGGWLQRYIDYW_CQSADSSGTYPRVVF;CARGYCDSTSCYAVGYFDLW_CQTWGTGIVVF;CARDPDPNWSKDWFDPW_CQQYNNWPPLTF;CAKGRYSFGLDNFDYW_CQQDGNSPTF;CASRAVQSSGWRQDYYYGMDVW_CQSYDSSLSGVF;CAREASEGPW_CQSYDSSNSWVF;CARLGGYSSRGNWFDPW_CQQSYSTPPYTF;CARDPHHTFGGVLVW_CQKYNSARTF;CAGYYYDSSGYLSSFDIW_CQSYDSSLSVVF;CARLPYRYSGSSNDAFDIW_CAAWDDSLSGPVF;CARAGYGDYVGDFDYW_CQSADSSGTYVVF;CARDYYGSRSDSGMDVW_CQQSYTTPYTL;CAKDGREAAAGTDYYYGMDVW_CQAWDSSTVVF;CARDSPGWGSSGFYYGMDVW_CQQYGSSPRYTF;CARVSGDTMIVVVHRDGMDVW_CQQYNSYSVTF;CAKNLATTGSHW_CLQDYNYPRTF;CAKDGGRGVVIIFYFDYW_CQQYGSSPITF;CARGIAVVTLWGPFDIW_CQQYNNWPRTF;CARDRWVPAAVPHYYYYGMDVW_CQQANSFPLTF;CAREGAAGPPPGHYYYYGMDVW_CMQALQTPFTF;CAKQGHFTDTKRIDYW_CQQYDSYPITF;CAVIPVTGQEASLSAEYFQHW_CQQSYSTPFTF;CARDSPSSGSYGLFDYW_CQTWGTGIRRVF;CASPGGGLLWFGELFRSYFDYW_CVLYMGSGFWVF;CAHRPVSDDILTGYRYNWFDPW_CQSYDSSLSGSVVF;CARGFIGYNFDSW_CQQSYRTPITF;CAREEGYCSGGSCEYNYYYGMDVW_CQQYGSSLITF;CARGRRVFLALSYW_CQQYGSSPHTF;CARGAGRIGQVDVW_CQQYNNWHTF;CARGYYDSSGQSLDYYYYGMDVW_CQQYYSYPFTF;CARTGKNGSGSYWFDPW_CQQYRTF;CARTDIVATPDGGFDYW_CQTWGTGIHVVF;CAREGFYYYGSGSVSGGNWFDPW_CQVWDSSTVVF;CAKVPLGWGAAGGAYFDYW_CQQYGSSPATF;CARVGCSGDTCYSYDWFDPW_CGTWDSSLTAVVF;CARGGILTGKLSDYW_CQQYDNLPTF;CAHGLTGYYTYYFDYW_CQQYYSFPPTF;CARQVGANPFADYW_CAAWDDSLSGPVF;CSVYDAERGYFDYW_CCSYAGGDTSYYVF;CARLYGDYGDYW_CNSRDSSGNLFVVF;CARPYSSSWSPMDVW_CQSYDSSLSGHVVF;CARDKGYSSSWYIRSSWFDPW_CLLSYSGARLVF;CARAVCGDDCYLLDSW_CAAWDRSLGAVVF;CARTTTVVTGDAFDIW_CQSADSSGTYPVF;CAKGRGDYYYYGMDVW_CQQYDNLPITF;CTTGGALNYW_CQAWDSSTACVF;CARDLTTRDYSDAFDIW_CQQYGSSPRTF;CARAGLEINTPDSSGYYYGGGYFDYW_CQQYDNLPPRRFTF;CAKDHGYDFWSGYSDAFDIW_CQQSYSTPLYTF;CARESGYTNYYYYGMDVW_CQQYNSYPLTF;CARKYQLPYYYGMDVW_CQQSYNTPDTF;CARDSTYYYDSSGYPVSDAFDIW_CQQSYSTRRYTF;CAREVYSSSTNWFDPW_CQVWDSSTDVVF;CARANAEYSSSLLFDYW_CQSYDNSLSAYVF;CAHSPYDYVWGSYRQSWFDPW_CQAWDSSTVF;CTTIYYDILTGDYW_CMQALQTPITF;CARLDYDFWSGTPERMDVW_CQQYGSSPPWTF;CARVRKNWNYDLDDWYFDLW_CQVWDSSSDHYVF;CATRRVRGEGLAYW_CQQYNSYSRTF;CARNYDSSGYYVPPYFDYW_CQQYNNWPPYTF;CARDPANYFDYW_CQQSYSTLWTF;CAREESSSWYRYW_CQQYGSSPLTF;CARIVQGGSYLSGGIDYW_CMQSIQLLFTF;CARDRLIIRFLERPNWFDPW_CCSYAGSSTPVF;CAREYSNNWYFFDYW_CQQYAGSPLTF;CARVSGVGTSFAGFDPW_CQSADISATVF;CAREPTPRYSGSYRGFNYFDYW_CQQYYSFPLTF;CARAADYCTSASCPNEYFQHW_CQSYDSSLSVF;CARGRMTVHNDDSGFPEYLYYYGLDVW_CMQVMDNPRTL;CATSRVAVAGVDYW_CQSYDSSLSGVVF;CARDLGIAVAGRVEGYFDYW_CCSYAGSYTLVF;CARDVSNVLVIAVSPSWFDPW_CQQTYSIPYTF;CARDAPDRGSSWYSALFDYW_CQQYNNWPPTF;CARRDGGYCSSTSCSFDYW_CQQYNSYSPTF;CARAEIFGVVIQAFDYW_CQSYDSSLSGSVF;CVKKVIGFDDW_CQQSDTFGYTF;CAKGMDGSGSYYNKDGMDVW_CQAWDSSTGVF;CARVNGLLGEYYYGMDVW_CMQALQTPPNTF;CAKDWAVGWEFVDSW_CQQSHTVPLTF;CARDEGAAAYFDYW_CCSYAGSSTCWVF;CARAAGYCSSTSCYEIYYYYGMDVW_CQSYDSSLSVPF;CTRSYVLRFLEWFSPFDYW_CQQYGSSLWTF;CASSGSYQGNWFDPW_CQQSYSTPYTF;CARSPPRYDLSLVDAFDIW_CQQYNSYSTTF;CARETIAAAGSNFDYW_CQQSYSTPRTF;CARVSGYSYYFDYW_CQQLNSYLLTF;CATYIAAPRDYYYGMDVW_CMQALQTPYTF;CATGKTYSAPHAYYYFDYW_CQQANSFPRTF;CAKEVHSSGFDYW_CQSADSSGTYPWVF;CTTDHIVVVTAMIFGYYFDYW_CQQLNSPLTF;CAREGPTVTKFDYW_CQSYDSSLSGSVF;CEVKAAAGNFYW_CSSYAGSVVF;CAKDIEGGSGYYLTPGGFQHW_CCSYAGSSTFVVF;CARDAMAIGDYYYYGMDVW_CQQLNSYPSLTF;CARREGAGYDILTGSYYYYYGMDVW_CLLYYGGAQLGVF;CTTRLWRISQYYYDSSGYGHFDYW_CQSADSSGTYVF;CARTTLLAAAIDYW_CQQYYSFPYTF;CARAKAARPTPTYYYYYYGMDVW_CQAWDSSTGDVF;CARSGYDSSWVGYDFDYW_CQAWDSSTPVF;CAREGLEIDAFDIW_CQQSYSTPWTF;CAHTSAYYDSSGYYPPFDYW_CQQSYSTPLTF;CARATQDSSGWYGFWYFDYW_CQQYNNWPPTF;CARMLVVVAATGYYYYGMDVW_CQQYGSSQTF;CAREAYDSSAYSTIDYW_CQTWGTGIHVF;CATSLVVVPAAILRGGVGGHYYGMDVW_CGTWDSSLSAVVF;CARSAGSSGSFEYFQHW_CQQYGSSPLYTF;CARRLFLYSSSGYYFDSW_CQQASSFPPLSF;NA_CQQSYNTPRTF;CARGGGAVAGTIDFHYW_CCSYAGTDLWLF;CAKDRGYYDSSGYYYSDYGMDVW_CQSADSSGTYVF;CAKDGFGGASDHW_CQHYDRSPWTF;CARAIQMGCSDGSCLW_CQQYDNLPSYTF;CARKGRWLPDGDDAFDIW_CQQYYSYPLTF;CARAGLRSWFDPW_CMQSIQLPNTF;CARHSYGAYYYYGMDVW_CQQYGGSPLFTF;CAAGVMTARYDYW_CQQSYSTPLTF;CAHFMTTVTTGYFDPW_CIQVRQTPFTF;CAREGGGDILTTYYYYGMDVW_CQQYGSSTRALTF;CARGFGGGDYRSMDVW_CQQLITYPITF;CARTTYGGNSLNWFDPW_CQVWDSSSDHPVF;CARGYGSGNYYYYGMDVW_CMQALQTPWTF;CARSNYDILTGLDYW_CMQALQTPYTF;CAREDSGSYGYFDYW_CQQYNNWPQTF;CARRVLYYRFDPW_CNSRDSSGNHLF;CARGDYDYVWGSSPDAFDIW_CMQGTHWPLTF;CARDVRGYYYDSSGYSGEGYWW_CQQSYSTPYTF;CTRDRYSSSWYKGLYYYYGMDVW_CQQSYSTPYTF;CARVFFRVVYAMAYW_CQQYNNWPPMYTF;CASSLRYFDWTVNNWFDPW_CQQYGSSPQTF;CTRGYCSSTSCYTGWFDPW_CQAWDSSHVVF;CARDGRWELLGNQHW_CCSYAGSSTYVF;CARVYYDSSGYYYFDYW_CQQSYSTPWAF;CARGRVRWELLGDDAFDIW_CQQYDNLPLTF;CCTYVFVGIVPTIVDYW_CQQYNDWPPAGTF;CARDIQYYYDSSGYDAFDIW_CQQSYSTPWTF;CATSWGIAALYGMDVW_CNSRDSSGNPYVF;CAKDYPVAGDLDAFDIW_CCSYAGSSTWVF;CARANWDNWNDGLDYW_CGTWDSRLSSYVF;CARAGYCSSTSCSKEDVW_CQQSYSTPPRTF;CAREPLGGDYYYYYYGMDVW_CQQYGSSPTF;CARLSLRARFRGAFDIW_CCSYAGSYSVVF;CAHSLPSDIDYYYDSSGYSPSPPLFDYW_CQQYNNWPLTF;CASGYGGKTYYFDYW_CQQYGSSPGTF;CLGRELGHSW_CLQHNSYPWTF;CTAVLRYFDWLLMEAHENYYYYGMDVW_CQSADSSGGVF;CARDRSRWEFLYYFDYW_CQQYGSSGYTF;CARARYYDSNSYSYAW_CQTWGTGIWVF;CARLDYYDSSGYYDW_CQTWGTGIPVF;CARDYIAVAGPGENWFDPW_CQQSYSTRTF;CARDRGGYGVRWFDPW_CQQYDNLPPTF;CARRGNAIFGVVTHYYYYGMDVW_CMQALQTPLFTF;CSNYDILTGYYWFHYW_CQQYNNWPFTF;CASSFLDTSIVEYYFDYW_CATWDDSLSGLF;CARIVVVVTSRWFDPW_CQVWDSSSDHYVF;CARSLEWLDDYW_CQSYDSSLSGSVF;CARDAYGGYSFYYYGMDVW_CQQYGSSPFTF;CAGGSGSYYHLDPW_CQQANSFPYTF;CARPRLDYGDYGAGLGYW_CQKYNSAPFTF;CARDRGLRKKYFQHW_CQQYGSSPSTF;CVSQLYYLDGRGYYYDYYYDYW_CLQHHDYPWTF;CTTVSPYGDYVGVYFDYW_CQQYYSYPPTF;CAKDFMEYYYYGMDVW_CSAWDSSLSAVVF;CARSPGSGSYTW_CQQYGSSPLTF;CARLPYAGGPYYYYGMDVW_CMQRIEFPFTF;CARGKPRSLELWSFYYYYGMDVW_CQQSYSTPPTF;CAMGGYDSSGVQLDYW_CAAWDDSLSGYVF;CAHRYCSSTSCYGLGDWFDPW_CQSADSSGTYLVF;CARHSEGLGPVDYW_CGTWDSSLSAWVF;CARAIFGVVSVMGFDYW_CMQALQTLTF;CAKSMKSFDYW_CQQSYSTPLTF;CTTEGGDGYNSFDYW_CQQYDNLPITF;CARDTTYGDYYYGMDVW_CQSADSSGNWVF;CARDGKGYSYGSGNYYGMDVW_CQQSYSTLYTF;CAHRTTTYYFDYW_CQQYNSYPYTF;CTTDLVWFGELANAFDIW_CLQHNSYLPEWTF;CTRGGTLGARSGYYDYYYGMDVW_CQQYNSYPLTF;CAKDEGRVVAVAGTGEHAFDIW_CQQYNSYSPTWTF;CAKDITIFGVVISHLDYW_CLQDYNYPLTF;CARTYYYDSSGYRNAFDIW_CQSADSSGTYPVVF;CAKCFYYDSSGYYYYYYGMDVW_CCSYAGSSTLVF;CARDLLSISGSPFDPW_CQQRSNWPPGGGGLTF;CARGGINGGAYFDYW_CQQYGSSPWTF;CARDRGPAGLDYW_CQQSYSTRYTF;CARRGYYYDSSGYYYDWFDPW_CNSRDSSGNRVVF;CAKGLNTAMVSYYFDYW_CVLYMGSGIWVF;CAKDIREGWSSGYYPVLDYW_CQVWDSSVVF;CAKDSPSGYYYYYYYGMDVW_CQQLNSYPITF;CARDRIAAADHNWFDPW_CAAWDDSLNGWVF;CARDIGGIAAAGSPPSAFDIW_CQQYNSYSTF;CAHSYYYGSGRGGWFDPW_CQSADSSGTYVF;CARDGSSSIFDYW_CNSRDSSGNHVVF;CAKPLRFGYSSSSCFDYW_CSSYAGSNNYVF;CAHTGFESLDYW_CQSYDNSLNGLGVF;CARDEDYYYDSSGSVDYW_CQQSYSTPWTF;CARQIAAAGPENWFDPW_CQSADSSGTYLVF;CARGLPVDVW_CGTWDSSLSAGHVVF;CARLIYYGSGRFGAFDIW_CQQYDNLPWTF;CARNEITIPLDVW_CQQYGSSPLVTF;CTTDHGDAYNYRW_CQQYGSSPRTF;CARDHRMNIAVAGTNWFDPW_CQKYNSAPLFTF;CARALREEQWLNNAFDIW_CQQYYSYPTF;CAHRPPYYDSSGYLSW_CQQYGSSLWTF;CARHYVDTAMVINQYYFDYW_CQSYDSSLSDVF;CARDNYDILTGHYGMDVW_CAAWDDSLSGLYVF;CAKDSSSSDWFDPW_CQQYYSYPLTF;CARDYVAVAGTLDYW_CQQYYSTPYTF;CTRDLAYSNYEPPNHNWFDPW_CLQHNSYPLTF;CARERYYYYGMDVW_CYSTDSSGNHGVF;CAKEGITGYYYYYGMDVW_CQQSYSTPHTF;CAKVALRYFDWLPPYFDYW_CQQYYSYPQNLTF;CARAHDSTGYQDFDYW_CQQAKSFPYTF;CARVGVYGSGSYLVGGDYW_CQQSYSTPWTF;CARGPYYGSGSGEFDPW_CQQYYSYPLTF;CARGSCYSSACYYYYGMDVW_CGTWDSSLSAVVF;CARDFDAAEGAFDIW_CQVWDSSSDPTFYVF;CARGAHSSGYYIDYW_CQQYYSFPFTF;NA_CHQYNNWSSWTF;CAREQDFGGNPFDCW_CMQVLHIPRAF;CARGTMVRGHYYYYGMDVW_CQQSYSTPLTF;CARGYSYGYLDWFDPW_CQSYDSSLSGVVF;CARAAPYSSSSLDYW_CQQSYSTLTWTF;CARRRITMNDYFDYW_CQSYDSSLSGVVF;CARGPDGGAFDIW_CQRGLTF;CARDLIARTALTYYYYGMDVW_CQSYDSSLSGGVF;CARYGVYGDYPGALFDYW_CAAWDDSLSGLWVF;CAKDRRGCSSTSCYTFDYW_CQQSYSTLSF;CARVSGYNSYYFDYW_CQQSYSTPRTF;CAAPSPRFTSSTGGGMELPLHVW_CCSYARGSSLVF;CAKDARWRPRVASIDALDIW_CQQYNNWPRTF;CARHIERYCSGGSCYEALDYW_CMQALHPITF;CASYLEMATRYYFDYW_CLQHNSFWTF;CARVTRVTQSNDFWTSYYTDCFDAW_CYSTDSSGNHKVF;CARLYSSSWTNYFDYW_CQQYYSYPLTF;CARGTVYSVPGGHYGDYVRDPKYYYYGMDVW_CQSADSSGTWVF;CARGAAGVRGPIGYW_CAAWDDSLSGWVF;CARVAVAGTTNWFDPW_CQQANSFPYTF;CARVLGGPGATTFDYW_CLQDYNYPWTF;CARTPVSTSYDSPGWYSSGWFFDYW_CQTWGTGIHVVF;CARTMVRGVTPADAFDIW_CQQYNSYSSTF;CAKSMGATILHAFDIW_CQQYNSYPLTF;CARANSGSYSFFFLRLDYFDYW_CQQYNNWPLTF;CARAAGTGGYYYGMDVW_CVLYMGSGISVF;CARAGQFGDSYYYYYYGMDVW_CLQDYNYPQTF;CAHFTKRPTDAFDIW_CNSRDSSGNHRVF;CAAGFGLSGSYIHYYYYGMDVW_CQQYGSSPPLTF;CATDNWNFGADSGFGYW_CMQGTHWRTF;CARVLGSFSFGYDGFDIW_CQQLNAYPTF;CARDPGIAVAETVYYYYYYGMDVW_CMQALQTPPTF;CARTVGAGYKIGKGYFDYW_CQAWDSSTVVF;CARDQDLAALNYW_CGTWDSSLSAKVF;CTTENVLLWFGEPEYYYYYYGMDVW_CQSADSSGTYAVVF;CARSLFEGTVMAFRAEHMDVW_CQQYKTFFAVSF;NA_CQAWDSSTVVF;CARPPSHDSPMYHYW_CQSADSSGLWVF;CARDTMWWSYGMDVW_CCSYAGSGEVF;CARLRRYSSGYYYIAGDFDYW_CQSYDSSLSGVVF;CARDKGGTTVTTSNWFDPW_CQQYDNLPLTF;CARDGGGYYQKKGYFQHW_CGTWDSSLSAVVF;CARDDIVVVPAAIDYW_CQSYDSSLSGPYVF;CARKFDCW_CQQYGTSLPVTF;CARGVLRFLEWLSNMDYYYYGMDVW_CMQALQTPRALTF;CAKDGSYYDSSGYSDYW_CQQYNNWPPWTF;CAKDKSYSVEYW_CMLFMGSGIWVF;CAKADVRSNWNDMHFDYW_CQAWDSSTVVF;CARATPRGYGGNSLNWFDPW_CQQYNSYPFTF;CAEGYQLPGLYYW_CNSRDSSGNHLF;CARHAGSGSYYFWFDPW_CQQYGSSPYTF;CAKDLQIGYCSSTSCRNAFDIW_CQQYGSSPPRVTF;CARGRGSYFDYW_CQQYGSSLWTF;CARTCSSTSCYTYGMDVW_CQQYNNWQYTF;CAHRGYSYGPLFDYW_CLLYYGGAQLVF;CARLPTLRYGSGSYYNGALDYYYGMDVW_CMQALQTPLTF;CARSIAAASPFDPW_CQQYDNLPPTF;CARGPPYGHLGYW_CQQYNNWPPITF;CAKDILGGGYFDYW_CQTWGTGMGVF;CAKDASYGYLFEYWYFDLW_CQQYNNWPPWTF;CARFGAKNYYDSW_CQQYNNWPGTF;CAREKWLRPQLDYW_CQQYGSSPKTF;CVKGPYYDGSGNSFGRKAFDIW_CQQYGSSPYTF;CARGASKGNQPALHYGMDVW_CQQSYSTPPAF;CATTLASPTHDYGDYEGGYMDVW_CQQYGSSPLTF;CALGIDAFDIW_CQQYNNWPKTF;NA_CQSYDDSLSGTVF;CARGFYYGSGSPLSGMDVW_CQQSYSTPRTF;CAKDPAASGSPWYFDYW_CQQYYSFPRTF;CAREVSRQSGSRPIKWFDPW_CQQSYSPPPLTF;CTPSLETYGDYALGYYW_CQSADSSGTYPYVF;CAKDFGGPLQFDYW_CQQYGSSPRTF;CAKDMLFSNNYW_CQTWGTGINWVF;CARDENHLYYGDLAYW_CQQSYSIPRAF;CARGSRLLLWFGELKVGPGFDPW_CQQYNSYWTF;CAMKGGRDGYNTRVYYYYGMDVW_CCSYAGSSTPYVF;CAKDIGPTNCSSTSCHAYYYYGMDVW_CQQYNSYSTF;CWRDRREAPIEMEVASTRG_CMQSTHWPYTF;CTRHTHCSGGSCYDAFDIW_CQQSYSTPRYTF;CAREPPHGSGTDYNWFDPW_CQSYDSSLSAYVF;CVKDLYDTGSYYYFDYW_CSSYTRSSTLVF;CSRHEGVGGNSDYW_CVLYMGSGISMF;CARNHDYGDYMFGGMDVW_CQSADSSGTYVF;CTTSGGDW_CMQSIQLPRTF;CARDRTSFGYSYGNIDYW_CQTWGTGILVF;CAKDELASYGGVGYYW_CQSADSSGTYFWVF;CAREPKHSGYCSSTSCYIGNWFDPW_CQSYDSSLSGNVVF;CARASWDSSSWGLGFDPW_CQAWDSSTGVF;CARTRVRGVISPFDYW_CQQANSFPPTF;CTREYYDFWSGDYW_CQQYDNLPLTF;CARDGGRGSGWSTPDYW_CNSRDSSGNHVVF;CARHYDFWSGDNPYWYYYYGMDVW_CQQYGSSPPWTF;CTTTTADIVVVPAAIQTVDYW_CQQYDNLPLTF;CAIMVRGVIGSYYYYGMDVW_CQQSYSTTWTF;CAKDNGYGGNSLQHW_CCSYAGSSTLVF;NA_CQQSYNTLWSF;CARARYRRDGYHNLYAFDIW_NA;CARGFSETGPGYKRFYYYFDLW_CQQYGSSPQTF;CARVKGDYYYYYGMDVW_CMQALQTPHTF;CARDPPLYSSGWFTGDYW_CQQYNSYPRTF;CAKDGGEHRGNDYW_CQVWDSSSDHYVF;CARGYDFWSGYLPHYGMDVW_CQVWDSSSDHPGVF;CARETKQYIDYRSPTVGRPYDYYYGMDVW_CLLFYGGAQLGVF;CAKGVWESTTEDAFDIW_CQQYNSYSPFTF;CAKDQGYCSSTSCYPYYYGMDVW_CQAWDSSTVVF;CARLGGYDSTFDYW_CSSYTSSSTYVF;CARVAAAGTYFDYW_CQQYGSSPETF;CARINQHGSGTYSPDYYYYGIDVW_CMQALQTPMYTF;CARKSIAAAGLPYYYYYGMDVW_CMQALQTRFTF;CAQGGYSYGYYDYW_CAAWDDSLNGVVF;CARQRGGTAVPVYYFDYW_CQQYGSSPLYTF;CARALYYDSSGYQPNRYYFDYW_CQSYDSSLSGYVVF;CTRALNSNHFDYW_CQQANSFPLTF;CARVTDPDAFDIW_CNSRDSSGNHYVF;CARSAWHPAATGGMDVW_CLQDYNYPYTF;CARVSLVVPQQFDYW_CQAWDSSTVVF;CAKVPGYSTGWYYFDYW_CQQCDSSPEWTF;CAKDSTCSSTSCYRGYYYYGMDVW_CQQYYSYPITF;CARGRNGGNRFDWFDPW_CQSYDSSLSGSGVF;CARGKNWFDPW_CQQYGSSPLTF;CASGYSSGRPDYW_CQQYDNLPITF;CARLSDGDYTFDYW_CQQYNSYWTF;CARGGTAGYSYGYAYW_CQAWDSSTAVVF;CAKDIVVVPAAPITLYYYYGMDVW_CMQALQTSFTF;CARWRLYYDSRGYYYGMFDYW_CQQSYDTPLTF;CARSRRIVGATSFDWFDPW_CQQYNSYSRTF;CASEDSGYGGGFDYW_CQSYDSSLSEGVF;CAHGRDYDSSSLPFDYW_CQQYNSYPYTF;CARAGAYYYGSAIDYW_CQQYGSSPGLTF;CAKGSSHSGGWFDPW_CQQYNSYWTF;CARDLLRAYSSSSTSSIDYW_CQQYYSYPRTF;CAKDVSGYLDAFDIW_CGTWDSSLSAGWVF;CAREGSRYFDYW_CQVWDSSSDHYVF;CASHDSSGYYLLDYW_CQVWDSSSDHVVF;CARYCSSTSCYTTYYYYYYGMDVW_CQQYYSYPLTF	2	2	CAREVVLMVHRRGGLNMDVW_CQQYYSTPLTF;NA_CQQANSFPLTF	0	NA
5	441	NA_CQQYDELPVTF;CATTYYYDSSGYYQNDAFDIW_CQQYYSYPRTF;CAREIEGDGVFEIW_CMIWHSSAWVV;CARHIRGNRFGNDAFDIW_CQQYYSFPYTF;CARRLITMIEGGAFDIW_CQVWDSSSDHVVF;CAKVMIEHPSNRGHFDYW_CMQALQTPYTF;CTTDDEKRPYSGSYLPFDYW_CQSYDSSNVVF;CARGGRVSVAVYWDYYYYGMDVW_CQKYNSAPFTF;CAHSAQYYDILTGYYKAPWGGAFDIW_CQQYNSYSWTF;CARDDFGGATFYSSFDYW_CQQSYSTPYTF;CARAAKIFGVVTAFDIW_CQQYGSSPWTF;CVKDYSTSGWYYFDFW_CQQYGSSLPYTF;CARVVPAAFYGMDVW_CQQYGSSLFTF;CAGGSGYCTNGVCYPRGFDYYYGMDVW_CAAWDDSPPWVF;CAKDDTAMVTADFFDYW_CQTWGTGIWVF;CARTPRWLQCFDYW_CQQYNSYSWTF;CARDQWLAYYFDYW_CQSYDSSNHWVF;CAHRYYSNIDYW_CMQGTHWPWTF;CARDWGYYDSSGYSPRGYYYYYGMDVW_CQQLNSYSFTF;CAKDRVGYGDYVDYW_CQQYNNWPPWTF;CARLGSSPYYW_CQSYDSSLSGYVF;CTRYYGDVW_CQQYYSFPWTF;CAKDHYYDSSGYYSGLGYW_CQSADSSGTYRVVF;CATGLVVPAAILYGMDVW_CQQYGSSRGLTF;CAKDDGDAAAGLIYW_CAAWDDSLSGVVF;CAKDGGGEEALELPDYW_CGTWDSSLSAVVF;CATLRYPSLGVDYW_CHQYNNWPFTF;CARKDSSGSDAFDLW_CQQSYSTPYTF;CARDVVQLWYQIDYW_CQQSYSTPPNTF;CAKYVDTAMNQFDPW_CQQANSFPITF;CARGLHYYDSSGRSLYYFDYW_CQQYGSSPPGQTF;CANQPPSLYW_CQQYNNWPGTF;CARVGYDYVWGSYRYTGVMDVW_CSSYAGSSYVF;CARGRPYYYDSSGYPYDAFDIW_CMQALQTPLTF;CAKERVVTAIPVVIFDYW_CQQSYSTPRLTF;CARPYGDYAYFDYW_CQSYDSSLSGYVF;CARDWWERQDSKRPDYFDSW_CQQTNSFPITF;CARHSNDGSDYFDYW_CQESYGALLTYTF;CASTEIEMLVPRYCSSTSCYFVWFDPW_CGTWDSSLSAGHGVF;CASASSTGTDAFDIW_CQAWDSSTHVVF;CARDGSWYAAWFDPW_CQSYDSSLSGSVVF;CARDPSLGDPGWGYFDYW_CQQYNSYSTWTF;CVREMTGSFTGGLDPW_CMQGTHWPPTF;CAREVNTAMAYYYYYYGMDVW_CQQYGSSQWTF;CARERRGGGHYYDSSGYYLSDYW_CQQSYSTP;CARGGGYSSGWATREVVYW_CQSYDSSLGAVF;CAKVPTVTTFLGYYYGMDVW_CQQSYSTPWYTF;CARDLRPAANFDYW_CQVWDSSSDYVF;CARLSYSSSWYYFDYW_CQQSYSTLYTF;CARVPKVRYCSSTSCYKDYYYGMDVW_CQVWDSSSDSWVF;CATWHYYDSSGEDGMDVW_CQQYNNWPRTF;CARGRSSWHLDYW_CMQALQTPFTF;CARDPWELHGFDYW_CQQYGSSSFTF;CAREAYYYGMDVW_CNSRDSSGNHNYVF;CARDRSVVTMVRGVIPFYW_CCSYAGSYTVVF;CARHEKMNYYDILTGYSPPYYYYYGMDVW_CQSYDSSLSAYVVF;CAHYQGIAVTGTWFDPW_CQSYDSSNVVF;CARESSSWFPYW_CQQSYSTPFTF;CARERDYSPGRYYGMDVW_CGTWDSSLSAGVF;CARHPTPAAMVGYYYYGMDVW_CQQANSFPLTF;CARDGPMTAIGGYGMDVW_CQSYGSLGGSVF;CAKGRTTEGTDAFDMW_CQQVHSYPITF;CAKDRSSLLWFGELLYMPEEYGMDVW_CQQYNNWPLTF;CTNYGMDVW_CSSYAGSNNWVF;CARVDSFAPNSGYGAQLLNWFDPW_CQQYNNWPLTF;CAREDYDTASFGYW_CQQYDNLPYTF;CAKDFGRGSYHRAEYFQHW_CQQYNNWPPWTF;CARGGSLPLITMIVGFFW_CQQYGSSPEYTF;CTREAEMATISIDYW_CQVWDSSSDHVVF;CARDAPIWDTAIVYW_CQQYGSSLPWTF;CARLLVSAYNWFDPW_CQQSYSIPAF;CARIPMTTVTSYGMDVW_CQQYGSSSITF;CARDDEWEPYDYW_CCSYAGSSTYVF;CTTVLRYFDWLLSDYGMDVW_CLLSYSGARGVF;CAIGTGIVGTTFPREYW_CMQALQTSWTF;CAKDMELGWLIDYW_CMQALQTPLTF;CARETVVTPQNAFDIW_CAAWDDSLNGYVF;CARERNIVVVPAAETFDYW_CQQYNNWPPLTF;CARIGFGEYDYGMDVW_CQSYDSSLSVVF;CARGVGATDFDYW_CQSYDSSLSGVVF;CARDPSNWGSFGYW_CQAWDSSTYVF;CARVDGYNYSFDYW_CQQYNNWWTF;CAKEPYGGNSFVYYFDYW_CQQYGSSPGLTF;CAKAEWGGTENYIPYYFDFW_CQSYDNNNLIF;CARSHCSSTSCYPNYYYGMDVW_CQQSYSTPRTF;CARDFGERYCSGGSCYSFDPYYYYGMDVW_CLQHNSYPWTF;CAKEYPGPGQLDDAFDIW_CQSYDSSLSGKVF;CARVDTAMVTGLAISPPWDYGMDVW_CQQYNSYPWTF;CAKDIGDGSGSNSQKRDYYYGMDVW_CQQSYSTPRTF;CATDPYNSGWFASLKNQVLYYW_CQQSYSTPQTF;CAREHTGGWLQRYIDYW_CQSADSSGTYPRVVF;CARGYCDSTSCYAVGYFDLW_CQTWGTGIVVF;CARDPDPNWSKDWFDPW_CQQYNNWPPLTF;CAKGRYSFGLDNFDYW_CQQDGNSPTF;CASRAVQSSGWRQDYYYGMDVW_CQSYDSSLSGVF;CAREASEGPW_CQSYDSSNSWVF;CARLGGYSSRGNWFDPW_CQQSYSTPPYTF;CARDPHHTFGGVLVW_CQKYNSARTF;CAGYYYDSSGYLSSFDIW_CQSYDSSLSVVF;CARLPYRYSGSSNDAFDIW_CAAWDDSLSGPVF;CARAGYGDYVGDFDYW_CQSADSSGTYVVF;CARDYYGSRSDSGMDVW_CQQSYTTPYTL;CAKDGREAAAGTDYYYGMDVW_CQAWDSSTVVF;CARDSPGWGSSGFYYGMDVW_CQQYGSSPRYTF;CARVSGDTMIVVVHRDGMDVW_CQQYNSYSVTF;CAKNLATTGSHW_CLQDYNYPRTF;CAKDGGRGVVIIFYFDYW_CQQYGSSPITF;CARGIAVVTLWGPFDIW_CQQYNNWPRTF;CARDRWVPAAVPHYYYYGMDVW_CQQANSFPLTF;CAREGAAGPPPGHYYYYGMDVW_CMQALQTPFTF;CAKQGHFTDTKRIDYW_CQQYDSYPITF;CAVIPVTGQEASLSAEYFQHW_CQQSYSTPFTF;CARDSPSSGSYGLFDYW_CQTWGTGIRRVF;CASPGGGLLWFGELFRSYFDYW_CVLYMGSGFWVF;CAHRPVSDDILTGYRYNWFDPW_CQSYDSSLSGSVVF;CARGFIGYNFDSW_CQQSYRTPITF;CAREEGYCSGGSCEYNYYYGMDVW_CQQYGSSLITF;CARGRRVFLALSYW_CQQYGSSPHTF;CARGAGRIGQVDVW_CQQYNNWHTF;CARGYYDSSGQSLDYYYYGMDVW_CQQYYSYPFTF;CARTGKNGSGSYWFDPW_CQQYRTF;CARTDIVATPDGGFDYW_CQTWGTGIHVVF;CAREGFYYYGSGSVSGGNWFDPW_CQVWDSSTVVF;CAKVPLGWGAAGGAYFDYW_CQQYGSSPATF;CARVGCSGDTCYSYDWFDPW_CGTWDSSLTAVVF;CARGGILTGKLSDYW_CQQYDNLPTF;CAHGLTGYYTYYFDYW_CQQYYSFPPTF;CARQVGANPFADYW_CAAWDDSLSGPVF;CSVYDAERGYFDYW_CCSYAGGDTSYYVF;CARLYGDYGDYW_CNSRDSSGNLFVVF;CARPYSSSWSPMDVW_CQSYDSSLSGHVVF;CARDKGYSSSWYIRSSWFDPW_CLLSYSGARLVF;CARAVCGDDCYLLDSW_CAAWDRSLGAVVF;CARTTTVVTGDAFDIW_CQSADSSGTYPVF;CAKGRGDYYYYGMDVW_CQQYDNLPITF;CTTGGALNYW_CQAWDSSTACVF;CARDLTTRDYSDAFDIW_CQQYGSSPRTF;CARAGLEINTPDSSGYYYGGGYFDYW_CQQYDNLPPRRFTF;CAKDHGYDFWSGYSDAFDIW_CQQSYSTPLYTF;CARESGYTNYYYYGMDVW_CQQYNSYPLTF;CARKYQLPYYYGMDVW_CQQSYNTPDTF;CARDSTYYYDSSGYPVSDAFDIW_CQQSYSTRRYTF;CAREVYSSSTNWFDPW_CQVWDSSTDVVF;CARANAEYSSSLLFDYW_CQSYDNSLSAYVF;CAHSPYDYVWGSYRQSWFDPW_CQAWDSSTVF;CTTIYYDILTGDYW_CMQALQTPITF;CARLDYDFWSGTPERMDVW_CQQYGSSPPWTF;CARVRKNWNYDLDDWYFDLW_CQVWDSSSDHYVF;CATRRVRGEGLAYW_CQQYNSYSRTF;CARNYDSSGYYVPPYFDYW_CQQYNNWPPYTF;CARDPANYFDYW_CQQSYSTLWTF;CAREESSSWYRYW_CQQYGSSPLTF;CARIVQGGSYLSGGIDYW_CMQSIQLLFTF;CARDRLIIRFLERPNWFDPW_CCSYAGSSTPVF;CAREYSNNWYFFDYW_CQQYAGSPLTF;CARVSGVGTSFAGFDPW_CQSADISATVF;CAREPTPRYSGSYRGFNYFDYW_CQQYYSFPLTF;CARAADYCTSASCPNEYFQHW_CQSYDSSLSVF;CARGRMTVHNDDSGFPEYLYYYGLDVW_CMQVMDNPRTL;CATSRVAVAGVDYW_CQSYDSSLSGVVF;CARDLGIAVAGRVEGYFDYW_CCSYAGSYTLVF;CARDVSNVLVIAVSPSWFDPW_CQQTYSIPYTF;CARDAPDRGSSWYSALFDYW_CQQYNNWPPTF;CARRDGGYCSSTSCSFDYW_CQQYNSYSPTF;CARAEIFGVVIQAFDYW_CQSYDSSLSGSVF;CVKKVIGFDDW_CQQSDTFGYTF;CAKGMDGSGSYYNKDGMDVW_CQAWDSSTGVF;CARVNGLLGEYYYGMDVW_CMQALQTPPNTF;CAKDWAVGWEFVDSW_CQQSHTVPLTF;CARDEGAAAYFDYW_CCSYAGSSTCWVF;CARAAGYCSSTSCYEIYYYYGMDVW_CQSYDSSLSVPF;CTRSYVLRFLEWFSPFDYW_CQQYGSSLWTF;CASSGSYQGNWFDPW_CQQSYSTPYTF;CARSPPRYDLSLVDAFDIW_CQQYNSYSTTF;CARETIAAAGSNFDYW_CQQSYSTPRTF;CARVSGYSYYFDYW_CQQLNSYLLTF;CATYIAAPRDYYYGMDVW_CMQALQTPYTF;CATGKTYSAPHAYYYFDYW_CQQANSFPRTF;CAKEVHSSGFDYW_CQSADSSGTYPWVF;CTTDHIVVVTAMIFGYYFDYW_CQQLNSPLTF;CAREGPTVTKFDYW_CQSYDSSLSGSVF;CEVKAAAGNFYW_CSSYAGSVVF;CAKDIEGGSGYYLTPGGFQHW_CCSYAGSSTFVVF;CARDAMAIGDYYYYGMDVW_CQQLNSYPSLTF;CARREGAGYDILTGSYYYYYGMDVW_CLLYYGGAQLGVF;CTTRLWRISQYYYDSSGYGHFDYW_CQSADSSGTYVF;CARTTLLAAAIDYW_CQQYYSFPYTF;CARAKAARPTPTYYYYYYGMDVW_CQAWDSSTGDVF;CARSGYDSSWVGYDFDYW_CQAWDSSTPVF;CAREGLEIDAFDIW_CQQSYSTPWTF;CAHTSAYYDSSGYYPPFDYW_CQQSYSTPLTF;CARATQDSSGWYGFWYFDYW_CQQYNNWPPTF;CARMLVVVAATGYYYYGMDVW_CQQYGSSQTF;CAREAYDSSAYSTIDYW_CQTWGTGIHVF;CATSLVVVPAAILRGGVGGHYYGMDVW_CGTWDSSLSAVVF;CARSAGSSGSFEYFQHW_CQQYGSSPLYTF;CARRLFLYSSSGYYFDSW_CQQASSFPPLSF;NA_CQQSYNTPRTF;CARGGGAVAGTIDFHYW_CCSYAGTDLWLF;CAKDRGYYDSSGYYYSDYGMDVW_CQSADSSGTYVF;CAKDGFGGASDHW_CQHYDRSPWTF;CARAIQMGCSDGSCLW_CQQYDNLPSYTF;CARKGRWLPDGDDAFDIW_CQQYYSYPLTF;CARAGLRSWFDPW_CMQSIQLPNTF;CARHSYGAYYYYGMDVW_CQQYGGSPLFTF;CAAGVMTARYDYW_CQQSYSTPLTF;CAHFMTTVTTGYFDPW_CIQVRQTPFTF;CAREGGGDILTTYYYYGMDVW_CQQYGSSTRALTF;CARGFGGGDYRSMDVW_CQQLITYPITF;CARTTYGGNSLNWFDPW_CQVWDSSSDHPVF;CARGYGSGNYYYYGMDVW_CMQALQTPWTF;CARSNYDILTGLDYW_CMQALQTPYTF;CAREDSGSYGYFDYW_CQQYNNWPQTF;CARRVLYYRFDPW_CNSRDSSGNHLF;CARGDYDYVWGSSPDAFDIW_CMQGTHWPLTF;CARDVRGYYYDSSGYSGEGYWW_CQQSYSTPYTF;CTRDRYSSSWYKGLYYYYGMDVW_CQQSYSTPYTF;CARVFFRVVYAMAYW_CQQYNNWPPMYTF;CASSLRYFDWTVNNWFDPW_CQQYGSSPQTF;CTRGYCSSTSCYTGWFDPW_CQAWDSSHVVF;CARDGRWELLGNQHW_CCSYAGSSTYVF;CARVYYDSSGYYYFDYW_CQQSYSTPWAF;CARGRVRWELLGDDAFDIW_CQQYDNLPLTF;CCTYVFVGIVPTIVDYW_CQQYNDWPPAGTF;CARDIQYYYDSSGYDAFDIW_CQQSYSTPWTF;CATSWGIAALYGMDVW_CNSRDSSGNPYVF;CAKDYPVAGDLDAFDIW_CCSYAGSSTWVF;CARANWDNWNDGLDYW_CGTWDSRLSSYVF;CARAGYCSSTSCSKEDVW_CQQSYSTPPRTF;CAREPLGGDYYYYYYGMDVW_CQQYGSSPTF;CARLSLRARFRGAFDIW_CCSYAGSYSVVF;CAHSLPSDIDYYYDSSGYSPSPPLFDYW_CQQYNNWPLTF;CASGYGGKTYYFDYW_CQQYGSSPGTF;CLGRELGHSW_CLQHNSYPWTF;CTAVLRYFDWLLMEAHENYYYYGMDVW_CQSADSSGGVF;CARDRSRWEFLYYFDYW_CQQYGSSGYTF;CARARYYDSNSYSYAW_CQTWGTGIWVF;CARLDYYDSSGYYDW_CQTWGTGIPVF;CARDYIAVAGPGENWFDPW_CQQSYSTRTF;CARDRGGYGVRWFDPW_CQQYDNLPPTF;CARRGNAIFGVVTHYYYYGMDVW_CMQALQTPLFTF;CSNYDILTGYYWFHYW_CQQYNNWPFTF;CASSFLDTSIVEYYFDYW_CATWDDSLSGLF;CARIVVVVTSRWFDPW_CQVWDSSSDHYVF;CARSLEWLDDYW_CQSYDSSLSGSVF;CARDAYGGYSFYYYGMDVW_CQQYGSSPFTF;CAGGSGSYYHLDPW_CQQANSFPYTF;CARPRLDYGDYGAGLGYW_CQKYNSAPFTF;CARDRGLRKKYFQHW_CQQYGSSPSTF;CVSQLYYLDGRGYYYDYYYDYW_CLQHHDYPWTF;CTTVSPYGDYVGVYFDYW_CQQYYSYPPTF;CAKDFMEYYYYGMDVW_CSAWDSSLSAVVF;CARSPGSGSYTW_CQQYGSSPLTF;CARLPYAGGPYYYYGMDVW_CMQRIEFPFTF;CARGKPRSLELWSFYYYYGMDVW_CQQSYSTPPTF;CAMGGYDSSGVQLDYW_CAAWDDSLSGYVF;CAHRYCSSTSCYGLGDWFDPW_CQSADSSGTYLVF;CARHSEGLGPVDYW_CGTWDSSLSAWVF;CARAIFGVVSVMGFDYW_CMQALQTLTF;CAKSMKSFDYW_CQQSYSTPLTF;CTTEGGDGYNSFDYW_CQQYDNLPITF;CARDTTYGDYYYGMDVW_CQSADSSGNWVF;CARDGKGYSYGSGNYYGMDVW_CQQSYSTLYTF;CAHRTTTYYFDYW_CQQYNSYPYTF;CTTDLVWFGELANAFDIW_CLQHNSYLPEWTF;CTRGGTLGARSGYYDYYYGMDVW_CQQYNSYPLTF;CAKDEGRVVAVAGTGEHAFDIW_CQQYNSYSPTWTF;CAKDITIFGVVISHLDYW_CLQDYNYPLTF;CARTYYYDSSGYRNAFDIW_CQSADSSGTYPVVF;CAKCFYYDSSGYYYYYYGMDVW_CCSYAGSSTLVF;CARDLLSISGSPFDPW_CQQRSNWPPGGGGLTF;CARGGINGGAYFDYW_CQQYGSSPWTF;CARDRGPAGLDYW_CQQSYSTRYTF;CARRGYYYDSSGYYYDWFDPW_CNSRDSSGNRVVF;CAKGLNTAMVSYYFDYW_CVLYMGSGIWVF;CAKDIREGWSSGYYPVLDYW_CQVWDSSVVF;CAKDSPSGYYYYYYYGMDVW_CQQLNSYPITF;CARDRIAAADHNWFDPW_CAAWDDSLNGWVF;CARDIGGIAAAGSPPSAFDIW_CQQYNSYSTF;CAHSYYYGSGRGGWFDPW_CQSADSSGTYVF;CARDGSSSIFDYW_CNSRDSSGNHVVF;CAKPLRFGYSSSSCFDYW_CSSYAGSNNYVF;CAHTGFESLDYW_CQSYDNSLNGLGVF;CARDEDYYYDSSGSVDYW_CQQSYSTPWTF;CARQIAAAGPENWFDPW_CQSADSSGTYLVF;CARGLPVDVW_CGTWDSSLSAGHVVF;CARLIYYGSGRFGAFDIW_CQQYDNLPWTF;CARNEITIPLDVW_CQQYGSSPLVTF;CTTDHGDAYNYRW_CQQYGSSPRTF;CARDHRMNIAVAGTNWFDPW_CQKYNSAPLFTF;CARALREEQWLNNAFDIW_CQQYYSYPTF;CAHRPPYYDSSGYLSW_CQQYGSSLWTF;CARHYVDTAMVINQYYFDYW_CQSYDSSLSDVF;CARDNYDILTGHYGMDVW_CAAWDDSLSGLYVF;CAKDSSSSDWFDPW_CQQYYSYPLTF;CARDYVAVAGTLDYW_CQQYYSTPYTF;CTRDLAYSNYEPPNHNWFDPW_CLQHNSYPLTF;CARERYYYYGMDVW_CYSTDSSGNHGVF;CAKEGITGYYYYYGMDVW_CQQSYSTPHTF;CAKVALRYFDWLPPYFDYW_CQQYYSYPQNLTF;CARAHDSTGYQDFDYW_CQQAKSFPYTF;CARVGVYGSGSYLVGGDYW_CQQSYSTPWTF;CARGPYYGSGSGEFDPW_CQQYYSYPLTF;CARGSCYSSACYYYYGMDVW_CGTWDSSLSAVVF;CARDFDAAEGAFDIW_CQVWDSSSDPTFYVF;CARGAHSSGYYIDYW_CQQYYSFPFTF;NA_CHQYNNWSSWTF;CAREQDFGGNPFDCW_CMQVLHIPRAF;CARGTMVRGHYYYYGMDVW_CQQSYSTPLTF;CARGYSYGYLDWFDPW_CQSYDSSLSGVVF;CARAAPYSSSSLDYW_CQQSYSTLTWTF;CARRRITMNDYFDYW_CQSYDSSLSGVVF;CARGPDGGAFDIW_CQRGLTF;CARDLIARTALTYYYYGMDVW_CQSYDSSLSGGVF;CARYGVYGDYPGALFDYW_CAAWDDSLSGLWVF;CAKDRRGCSSTSCYTFDYW_CQQSYSTLSF;CARVSGYNSYYFDYW_CQQSYSTPRTF;CAAPSPRFTSSTGGGMELPLHVW_CCSYARGSSLVF;CAKDARWRPRVASIDALDIW_CQQYNNWPRTF;CARHIERYCSGGSCYEALDYW_CMQALHPITF;CASYLEMATRYYFDYW_CLQHNSFWTF;CARVTRVTQSNDFWTSYYTDCFDAW_CYSTDSSGNHKVF;CARLYSSSWTNYFDYW_CQQYYSYPLTF;CARGTVYSVPGGHYGDYVRDPKYYYYGMDVW_CQSADSSGTWVF;CARGAAGVRGPIGYW_CAAWDDSLSGWVF;CARVAVAGTTNWFDPW_CQQANSFPYTF;CARVLGGPGATTFDYW_CLQDYNYPWTF;CARTPVSTSYDSPGWYSSGWFFDYW_CQTWGTGIHVVF;CARTMVRGVTPADAFDIW_CQQYNSYSSTF;CAKSMGATILHAFDIW_CQQYNSYPLTF;CARANSGSYSFFFLRLDYFDYW_CQQYNNWPLTF;CARAAGTGGYYYGMDVW_CVLYMGSGISVF;CARAGQFGDSYYYYYYGMDVW_CLQDYNYPQTF;CAHFTKRPTDAFDIW_CNSRDSSGNHRVF;CAAGFGLSGSYIHYYYYGMDVW_CQQYGSSPPLTF;CATDNWNFGADSGFGYW_CMQGTHWRTF;CARVLGSFSFGYDGFDIW_CQQLNAYPTF;CARDPGIAVAETVYYYYYYGMDVW_CMQALQTPPTF;CARTVGAGYKIGKGYFDYW_CQAWDSSTVVF;CARDQDLAALNYW_CGTWDSSLSAKVF;CTTENVLLWFGEPEYYYYYYGMDVW_CQSADSSGTYAVVF;CARSLFEGTVMAFRAEHMDVW_CQQYKTFFAVSF;NA_CQAWDSSTVVF;CARPPSHDSPMYHYW_CQSADSSGLWVF;CARDTMWWSYGMDVW_CCSYAGSGEVF;CARLRRYSSGYYYIAGDFDYW_CQSYDSSLSGVVF;CARDKGGTTVTTSNWFDPW_CQQYDNLPLTF;CARDGGGYYQKKGYFQHW_CGTWDSSLSAVVF;CARDDIVVVPAAIDYW_CQSYDSSLSGPYVF;CARKFDCW_CQQYGTSLPVTF;CARGVLRFLEWLSNMDYYYYGMDVW_CMQALQTPRALTF;CAKDGSYYDSSGYSDYW_CQQYNNWPPWTF;CAKDKSYSVEYW_CMLFMGSGIWVF;CAKADVRSNWNDMHFDYW_CQAWDSSTVVF;CARATPRGYGGNSLNWFDPW_CQQYNSYPFTF;CAEGYQLPGLYYW_CNSRDSSGNHLF;CARHAGSGSYYFWFDPW_CQQYGSSPYTF;CAKDLQIGYCSSTSCRNAFDIW_CQQYGSSPPRVTF;CARGRGSYFDYW_CQQYGSSLWTF;CARTCSSTSCYTYGMDVW_CQQYNNWQYTF;CAHRGYSYGPLFDYW_CLLYYGGAQLVF;CARLPTLRYGSGSYYNGALDYYYGMDVW_CMQALQTPLTF;CARSIAAASPFDPW_CQQYDNLPPTF;CARGPPYGHLGYW_CQQYNNWPPITF;CAKDILGGGYFDYW_CQTWGTGMGVF;CAKDASYGYLFEYWYFDLW_CQQYNNWPPWTF;CARFGAKNYYDSW_CQQYNNWPGTF;CAREKWLRPQLDYW_CQQYGSSPKTF;CVKGPYYDGSGNSFGRKAFDIW_CQQYGSSPYTF;CARGASKGNQPALHYGMDVW_CQQSYSTPPAF;CATTLASPTHDYGDYEGGYMDVW_CQQYGSSPLTF;CALGIDAFDIW_CQQYNNWPKTF;NA_CQSYDDSLSGTVF;CARGFYYGSGSPLSGMDVW_CQQSYSTPRTF;CAKDPAASGSPWYFDYW_CQQYYSFPRTF;CAREVSRQSGSRPIKWFDPW_CQQSYSPPPLTF;CTPSLETYGDYALGYYW_CQSADSSGTYPYVF;CAKDFGGPLQFDYW_CQQYGSSPRTF;CAKDMLFSNNYW_CQTWGTGINWVF;CARDENHLYYGDLAYW_CQQSYSIPRAF;CARGSRLLLWFGELKVGPGFDPW_CQQYNSYWTF;CAMKGGRDGYNTRVYYYYGMDVW_CCSYAGSSTPYVF;CAKDIGPTNCSSTSCHAYYYYGMDVW_CQQYNSYSTF;CWRDRREAPIEMEVASTRG_CMQSTHWPYTF;CTRHTHCSGGSCYDAFDIW_CQQSYSTPRYTF;CAREPPHGSGTDYNWFDPW_CQSYDSSLSAYVF;CVKDLYDTGSYYYFDYW_CSSYTRSSTLVF;CSRHEGVGGNSDYW_CVLYMGSGISMF;CARNHDYGDYMFGGMDVW_CQSADSSGTYVF;CTTSGGDW_CMQSIQLPRTF;CARDRTSFGYSYGNIDYW_CQTWGTGILVF;CAKDELASYGGVGYYW_CQSADSSGTYFWVF;CAREPKHSGYCSSTSCYIGNWFDPW_CQSYDSSLSGNVVF;CARASWDSSSWGLGFDPW_CQAWDSSTGVF;CARTRVRGVISPFDYW_CQQANSFPPTF;CTREYYDFWSGDYW_CQQYDNLPLTF;CARDGGRGSGWSTPDYW_CNSRDSSGNHVVF;CARHYDFWSGDNPYWYYYYGMDVW_CQQYGSSPPWTF;CTTTTADIVVVPAAIQTVDYW_CQQYDNLPLTF;CAIMVRGVIGSYYYYGMDVW_CQQSYSTTWTF;CAKDNGYGGNSLQHW_CCSYAGSSTLVF;NA_CQQSYNTLWSF;CARARYRRDGYHNLYAFDIW_NA;CARGFSETGPGYKRFYYYFDLW_CQQYGSSPQTF;CARVKGDYYYYYGMDVW_CMQALQTPHTF;CARDPPLYSSGWFTGDYW_CQQYNSYPRTF;CAKDGGEHRGNDYW_CQVWDSSSDHYVF;CARGYDFWSGYLPHYGMDVW_CQVWDSSSDHPGVF;CARETKQYIDYRSPTVGRPYDYYYGMDVW_CLLFYGGAQLGVF;CAKGVWESTTEDAFDIW_CQQYNSYSPFTF;CAKDQGYCSSTSCYPYYYGMDVW_CQAWDSSTVVF;CARLGGYDSTFDYW_CSSYTSSSTYVF;CARVAAAGTYFDYW_CQQYGSSPETF;CARINQHGSGTYSPDYYYYGIDVW_CMQALQTPMYTF;CARKSIAAAGLPYYYYYGMDVW_CMQALQTRFTF;CAQGGYSYGYYDYW_CAAWDDSLNGVVF;CARQRGGTAVPVYYFDYW_CQQYGSSPLYTF;CARALYYDSSGYQPNRYYFDYW_CQSYDSSLSGYVVF;CTRALNSNHFDYW_CQQANSFPLTF;CARVTDPDAFDIW_CNSRDSSGNHYVF;CARSAWHPAATGGMDVW_CLQDYNYPYTF;CARVSLVVPQQFDYW_CQAWDSSTVVF;CAKVPGYSTGWYYFDYW_CQQCDSSPEWTF;CAKDSTCSSTSCYRGYYYYGMDVW_CQQYYSYPITF;CARGRNGGNRFDWFDPW_CQSYDSSLSGSGVF;CARGKNWFDPW_CQQYGSSPLTF;CASGYSSGRPDYW_CQQYDNLPITF;CARLSDGDYTFDYW_CQQYNSYWTF;CARGGTAGYSYGYAYW_CQAWDSSTAVVF;CAKDIVVVPAAPITLYYYYGMDVW_CMQALQTSFTF;CARWRLYYDSRGYYYGMFDYW_CQQSYDTPLTF;CARSRRIVGATSFDWFDPW_CQQYNSYSRTF;CASEDSGYGGGFDYW_CQSYDSSLSEGVF;CAHGRDYDSSSLPFDYW_CQQYNSYPYTF;CARAGAYYYGSAIDYW_CQQYGSSPGLTF;CAKGSSHSGGWFDPW_CQQYNSYWTF;CARDLLRAYSSSSTSSIDYW_CQQYYSYPRTF;CAKDVSGYLDAFDIW_CGTWDSSLSAGWVF;CAREGSRYFDYW_CQVWDSSSDHYVF;CASHDSSGYYLLDYW_CQVWDSSSDHVVF;CARYCSSTSCYTTYYYYYYGMDVW_CQQYYSYPLTF	8	1	CARGTPGWYW_CQQYGSSPTF	0	NA
5	441	NA_CQQYDELPVTF;CATTYYYDSSGYYQNDAFDIW_CQQYYSYPRTF;CAREIEGDGVFEIW_CMIWHSSAWVV;CARHIRGNRFGNDAFDIW_CQQYYSFPYTF;CARRLITMIEGGAFDIW_CQVWDSSSDHVVF;CAKVMIEHPSNRGHFDYW_CMQALQTPYTF;CTTDDEKRPYSGSYLPFDYW_CQSYDSSNVVF;CARGGRVSVAVYWDYYYYGMDVW_CQKYNSAPFTF;CAHSAQYYDILTGYYKAPWGGAFDIW_CQQYNSYSWTF;CARDDFGGATFYSSFDYW_CQQSYSTPYTF;CARAAKIFGVVTAFDIW_CQQYGSSPWTF;CVKDYSTSGWYYFDFW_CQQYGSSLPYTF;CARVVPAAFYGMDVW_CQQYGSSLFTF;CAGGSGYCTNGVCYPRGFDYYYGMDVW_CAAWDDSPPWVF;CAKDDTAMVTADFFDYW_CQTWGTGIWVF;CARTPRWLQCFDYW_CQQYNSYSWTF;CARDQWLAYYFDYW_CQSYDSSNHWVF;CAHRYYSNIDYW_CMQGTHWPWTF;CARDWGYYDSSGYSPRGYYYYYGMDVW_CQQLNSYSFTF;CAKDRVGYGDYVDYW_CQQYNNWPPWTF;CARLGSSPYYW_CQSYDSSLSGYVF;CTRYYGDVW_CQQYYSFPWTF;CAKDHYYDSSGYYSGLGYW_CQSADSSGTYRVVF;CATGLVVPAAILYGMDVW_CQQYGSSRGLTF;CAKDDGDAAAGLIYW_CAAWDDSLSGVVF;CAKDGGGEEALELPDYW_CGTWDSSLSAVVF;CATLRYPSLGVDYW_CHQYNNWPFTF;CARKDSSGSDAFDLW_CQQSYSTPYTF;CARDVVQLWYQIDYW_CQQSYSTPPNTF;CAKYVDTAMNQFDPW_CQQANSFPITF;CARGLHYYDSSGRSLYYFDYW_CQQYGSSPPGQTF;CANQPPSLYW_CQQYNNWPGTF;CARVGYDYVWGSYRYTGVMDVW_CSSYAGSSYVF;CARGRPYYYDSSGYPYDAFDIW_CMQALQTPLTF;CAKERVVTAIPVVIFDYW_CQQSYSTPRLTF;CARPYGDYAYFDYW_CQSYDSSLSGYVF;CARDWWERQDSKRPDYFDSW_CQQTNSFPITF;CARHSNDGSDYFDYW_CQESYGALLTYTF;CASTEIEMLVPRYCSSTSCYFVWFDPW_CGTWDSSLSAGHGVF;CASASSTGTDAFDIW_CQAWDSSTHVVF;CARDGSWYAAWFDPW_CQSYDSSLSGSVVF;CARDPSLGDPGWGYFDYW_CQQYNSYSTWTF;CVREMTGSFTGGLDPW_CMQGTHWPPTF;CAREVNTAMAYYYYYYGMDVW_CQQYGSSQWTF;CARERRGGGHYYDSSGYYLSDYW_CQQSYSTP;CARGGGYSSGWATREVVYW_CQSYDSSLGAVF;CAKVPTVTTFLGYYYGMDVW_CQQSYSTPWYTF;CARDLRPAANFDYW_CQVWDSSSDYVF;CARLSYSSSWYYFDYW_CQQSYSTLYTF;CARVPKVRYCSSTSCYKDYYYGMDVW_CQVWDSSSDSWVF;CATWHYYDSSGEDGMDVW_CQQYNNWPRTF;CARGRSSWHLDYW_CMQALQTPFTF;CARDPWELHGFDYW_CQQYGSSSFTF;CAREAYYYGMDVW_CNSRDSSGNHNYVF;CARDRSVVTMVRGVIPFYW_CCSYAGSYTVVF;CARHEKMNYYDILTGYSPPYYYYYGMDVW_CQSYDSSLSAYVVF;CAHYQGIAVTGTWFDPW_CQSYDSSNVVF;CARESSSWFPYW_CQQSYSTPFTF;CARERDYSPGRYYGMDVW_CGTWDSSLSAGVF;CARHPTPAAMVGYYYYGMDVW_CQQANSFPLTF;CARDGPMTAIGGYGMDVW_CQSYGSLGGSVF;CAKGRTTEGTDAFDMW_CQQVHSYPITF;CAKDRSSLLWFGELLYMPEEYGMDVW_CQQYNNWPLTF;CTNYGMDVW_CSSYAGSNNWVF;CARVDSFAPNSGYGAQLLNWFDPW_CQQYNNWPLTF;CAREDYDTASFGYW_CQQYDNLPYTF;CAKDFGRGSYHRAEYFQHW_CQQYNNWPPWTF;CARGGSLPLITMIVGFFW_CQQYGSSPEYTF;CTREAEMATISIDYW_CQVWDSSSDHVVF;CARDAPIWDTAIVYW_CQQYGSSLPWTF;CARLLVSAYNWFDPW_CQQSYSIPAF;CARIPMTTVTSYGMDVW_CQQYGSSSITF;CARDDEWEPYDYW_CCSYAGSSTYVF;CTTVLRYFDWLLSDYGMDVW_CLLSYSGARGVF;CAIGTGIVGTTFPREYW_CMQALQTSWTF;CAKDMELGWLIDYW_CMQALQTPLTF;CARETVVTPQNAFDIW_CAAWDDSLNGYVF;CARERNIVVVPAAETFDYW_CQQYNNWPPLTF;CARIGFGEYDYGMDVW_CQSYDSSLSVVF;CARGVGATDFDYW_CQSYDSSLSGVVF;CARDPSNWGSFGYW_CQAWDSSTYVF;CARVDGYNYSFDYW_CQQYNNWWTF;CAKEPYGGNSFVYYFDYW_CQQYGSSPGLTF;CAKAEWGGTENYIPYYFDFW_CQSYDNNNLIF;CARSHCSSTSCYPNYYYGMDVW_CQQSYSTPRTF;CARDFGERYCSGGSCYSFDPYYYYGMDVW_CLQHNSYPWTF;CAKEYPGPGQLDDAFDIW_CQSYDSSLSGKVF;CARVDTAMVTGLAISPPWDYGMDVW_CQQYNSYPWTF;CAKDIGDGSGSNSQKRDYYYGMDVW_CQQSYSTPRTF;CATDPYNSGWFASLKNQVLYYW_CQQSYSTPQTF;CAREHTGGWLQRYIDYW_CQSADSSGTYPRVVF;CARGYCDSTSCYAVGYFDLW_CQTWGTGIVVF;CARDPDPNWSKDWFDPW_CQQYNNWPPLTF;CAKGRYSFGLDNFDYW_CQQDGNSPTF;CASRAVQSSGWRQDYYYGMDVW_CQSYDSSLSGVF;CAREASEGPW_CQSYDSSNSWVF;CARLGGYSSRGNWFDPW_CQQSYSTPPYTF;CARDPHHTFGGVLVW_CQKYNSARTF;CAGYYYDSSGYLSSFDIW_CQSYDSSLSVVF;CARLPYRYSGSSNDAFDIW_CAAWDDSLSGPVF;CARAGYGDYVGDFDYW_CQSADSSGTYVVF;CARDYYGSRSDSGMDVW_CQQSYTTPYTL;CAKDGREAAAGTDYYYGMDVW_CQAWDSSTVVF;CARDSPGWGSSGFYYGMDVW_CQQYGSSPRYTF;CARVSGDTMIVVVHRDGMDVW_CQQYNSYSVTF;CAKNLATTGSHW_CLQDYNYPRTF;CAKDGGRGVVIIFYFDYW_CQQYGSSPITF;CARGIAVVTLWGPFDIW_CQQYNNWPRTF;CARDRWVPAAVPHYYYYGMDVW_CQQANSFPLTF;CAREGAAGPPPGHYYYYGMDVW_CMQALQTPFTF;CAKQGHFTDTKRIDYW_CQQYDSYPITF;CAVIPVTGQEASLSAEYFQHW_CQQSYSTPFTF;CARDSPSSGSYGLFDYW_CQTWGTGIRRVF;CASPGGGLLWFGELFRSYFDYW_CVLYMGSGFWVF;CAHRPVSDDILTGYRYNWFDPW_CQSYDSSLSGSVVF;CARGFIGYNFDSW_CQQSYRTPITF;CAREEGYCSGGSCEYNYYYGMDVW_CQQYGSSLITF;CARGRRVFLALSYW_CQQYGSSPHTF;CARGAGRIGQVDVW_CQQYNNWHTF;CARGYYDSSGQSLDYYYYGMDVW_CQQYYSYPFTF;CARTGKNGSGSYWFDPW_CQQYRTF;CARTDIVATPDGGFDYW_CQTWGTGIHVVF;CAREGFYYYGSGSVSGGNWFDPW_CQVWDSSTVVF;CAKVPLGWGAAGGAYFDYW_CQQYGSSPATF;CARVGCSGDTCYSYDWFDPW_CGTWDSSLTAVVF;CARGGILTGKLSDYW_CQQYDNLPTF;CAHGLTGYYTYYFDYW_CQQYYSFPPTF;CARQVGANPFADYW_CAAWDDSLSGPVF;CSVYDAERGYFDYW_CCSYAGGDTSYYVF;CARLYGDYGDYW_CNSRDSSGNLFVVF;CARPYSSSWSPMDVW_CQSYDSSLSGHVVF;CARDKGYSSSWYIRSSWFDPW_CLLSYSGARLVF;CARAVCGDDCYLLDSW_CAAWDRSLGAVVF;CARTTTVVTGDAFDIW_CQSADSSGTYPVF;CAKGRGDYYYYGMDVW_CQQYDNLPITF;CTTGGALNYW_CQAWDSSTACVF;CARDLTTRDYSDAFDIW_CQQYGSSPRTF;CARAGLEINTPDSSGYYYGGGYFDYW_CQQYDNLPPRRFTF;CAKDHGYDFWSGYSDAFDIW_CQQSYSTPLYTF;CARESGYTNYYYYGMDVW_CQQYNSYPLTF;CARKYQLPYYYGMDVW_CQQSYNTPDTF;CARDSTYYYDSSGYPVSDAFDIW_CQQSYSTRRYTF;CAREVYSSSTNWFDPW_CQVWDSSTDVVF;CARANAEYSSSLLFDYW_CQSYDNSLSAYVF;CAHSPYDYVWGSYRQSWFDPW_CQAWDSSTVF;CTTIYYDILTGDYW_CMQALQTPITF;CARLDYDFWSGTPERMDVW_CQQYGSSPPWTF;CARVRKNWNYDLDDWYFDLW_CQVWDSSSDHYVF;CATRRVRGEGLAYW_CQQYNSYSRTF;CARNYDSSGYYVPPYFDYW_CQQYNNWPPYTF;CARDPANYFDYW_CQQSYSTLWTF;CAREESSSWYRYW_CQQYGSSPLTF;CARIVQGGSYLSGGIDYW_CMQSIQLLFTF;CARDRLIIRFLERPNWFDPW_CCSYAGSSTPVF;CAREYSNNWYFFDYW_CQQYAGSPLTF;CARVSGVGTSFAGFDPW_CQSADISATVF;CAREPTPRYSGSYRGFNYFDYW_CQQYYSFPLTF;CARAADYCTSASCPNEYFQHW_CQSYDSSLSVF;CARGRMTVHNDDSGFPEYLYYYGLDVW_CMQVMDNPRTL;CATSRVAVAGVDYW_CQSYDSSLSGVVF;CARDLGIAVAGRVEGYFDYW_CCSYAGSYTLVF;CARDVSNVLVIAVSPSWFDPW_CQQTYSIPYTF;CARDAPDRGSSWYSALFDYW_CQQYNNWPPTF;CARRDGGYCSSTSCSFDYW_CQQYNSYSPTF;CARAEIFGVVIQAFDYW_CQSYDSSLSGSVF;CVKKVIGFDDW_CQQSDTFGYTF;CAKGMDGSGSYYNKDGMDVW_CQAWDSSTGVF;CARVNGLLGEYYYGMDVW_CMQALQTPPNTF;CAKDWAVGWEFVDSW_CQQSHTVPLTF;CARDEGAAAYFDYW_CCSYAGSSTCWVF;CARAAGYCSSTSCYEIYYYYGMDVW_CQSYDSSLSVPF;CTRSYVLRFLEWFSPFDYW_CQQYGSSLWTF;CASSGSYQGNWFDPW_CQQSYSTPYTF;CARSPPRYDLSLVDAFDIW_CQQYNSYSTTF;CARETIAAAGSNFDYW_CQQSYSTPRTF;CARVSGYSYYFDYW_CQQLNSYLLTF;CATYIAAPRDYYYGMDVW_CMQALQTPYTF;CATGKTYSAPHAYYYFDYW_CQQANSFPRTF;CAKEVHSSGFDYW_CQSADSSGTYPWVF;CTTDHIVVVTAMIFGYYFDYW_CQQLNSPLTF;CAREGPTVTKFDYW_CQSYDSSLSGSVF;CEVKAAAGNFYW_CSSYAGSVVF;CAKDIEGGSGYYLTPGGFQHW_CCSYAGSSTFVVF;CARDAMAIGDYYYYGMDVW_CQQLNSYPSLTF;CARREGAGYDILTGSYYYYYGMDVW_CLLYYGGAQLGVF;CTTRLWRISQYYYDSSGYGHFDYW_CQSADSSGTYVF;CARTTLLAAAIDYW_CQQYYSFPYTF;CARAKAARPTPTYYYYYYGMDVW_CQAWDSSTGDVF;CARSGYDSSWVGYDFDYW_CQAWDSSTPVF;CAREGLEIDAFDIW_CQQSYSTPWTF;CAHTSAYYDSSGYYPPFDYW_CQQSYSTPLTF;CARATQDSSGWYGFWYFDYW_CQQYNNWPPTF;CARMLVVVAATGYYYYGMDVW_CQQYGSSQTF;CAREAYDSSAYSTIDYW_CQTWGTGIHVF;CATSLVVVPAAILRGGVGGHYYGMDVW_CGTWDSSLSAVVF;CARSAGSSGSFEYFQHW_CQQYGSSPLYTF;CARRLFLYSSSGYYFDSW_CQQASSFPPLSF;NA_CQQSYNTPRTF;CARGGGAVAGTIDFHYW_CCSYAGTDLWLF;CAKDRGYYDSSGYYYSDYGMDVW_CQSADSSGTYVF;CAKDGFGGASDHW_CQHYDRSPWTF;CARAIQMGCSDGSCLW_CQQYDNLPSYTF;CARKGRWLPDGDDAFDIW_CQQYYSYPLTF;CARAGLRSWFDPW_CMQSIQLPNTF;CARHSYGAYYYYGMDVW_CQQYGGSPLFTF;CAAGVMTARYDYW_CQQSYSTPLTF;CAHFMTTVTTGYFDPW_CIQVRQTPFTF;CAREGGGDILTTYYYYGMDVW_CQQYGSSTRALTF;CARGFGGGDYRSMDVW_CQQLITYPITF;CARTTYGGNSLNWFDPW_CQVWDSSSDHPVF;CARGYGSGNYYYYGMDVW_CMQALQTPWTF;CARSNYDILTGLDYW_CMQALQTPYTF;CAREDSGSYGYFDYW_CQQYNNWPQTF;CARRVLYYRFDPW_CNSRDSSGNHLF;CARGDYDYVWGSSPDAFDIW_CMQGTHWPLTF;CARDVRGYYYDSSGYSGEGYWW_CQQSYSTPYTF;CTRDRYSSSWYKGLYYYYGMDVW_CQQSYSTPYTF;CARVFFRVVYAMAYW_CQQYNNWPPMYTF;CASSLRYFDWTVNNWFDPW_CQQYGSSPQTF;CTRGYCSSTSCYTGWFDPW_CQAWDSSHVVF;CARDGRWELLGNQHW_CCSYAGSSTYVF;CARVYYDSSGYYYFDYW_CQQSYSTPWAF;CARGRVRWELLGDDAFDIW_CQQYDNLPLTF;CCTYVFVGIVPTIVDYW_CQQYNDWPPAGTF;CARDIQYYYDSSGYDAFDIW_CQQSYSTPWTF;CATSWGIAALYGMDVW_CNSRDSSGNPYVF;CAKDYPVAGDLDAFDIW_CCSYAGSSTWVF;CARANWDNWNDGLDYW_CGTWDSRLSSYVF;CARAGYCSSTSCSKEDVW_CQQSYSTPPRTF;CAREPLGGDYYYYYYGMDVW_CQQYGSSPTF;CARLSLRARFRGAFDIW_CCSYAGSYSVVF;CAHSLPSDIDYYYDSSGYSPSPPLFDYW_CQQYNNWPLTF;CASGYGGKTYYFDYW_CQQYGSSPGTF;CLGRELGHSW_CLQHNSYPWTF;CTAVLRYFDWLLMEAHENYYYYGMDVW_CQSADSSGGVF;CARDRSRWEFLYYFDYW_CQQYGSSGYTF;CARARYYDSNSYSYAW_CQTWGTGIWVF;CARLDYYDSSGYYDW_CQTWGTGIPVF;CARDYIAVAGPGENWFDPW_CQQSYSTRTF;CARDRGGYGVRWFDPW_CQQYDNLPPTF;CARRGNAIFGVVTHYYYYGMDVW_CMQALQTPLFTF;CSNYDILTGYYWFHYW_CQQYNNWPFTF;CASSFLDTSIVEYYFDYW_CATWDDSLSGLF;CARIVVVVTSRWFDPW_CQVWDSSSDHYVF;CARSLEWLDDYW_CQSYDSSLSGSVF;CARDAYGGYSFYYYGMDVW_CQQYGSSPFTF;CAGGSGSYYHLDPW_CQQANSFPYTF;CARPRLDYGDYGAGLGYW_CQKYNSAPFTF;CARDRGLRKKYFQHW_CQQYGSSPSTF;CVSQLYYLDGRGYYYDYYYDYW_CLQHHDYPWTF;CTTVSPYGDYVGVYFDYW_CQQYYSYPPTF;CAKDFMEYYYYGMDVW_CSAWDSSLSAVVF;CARSPGSGSYTW_CQQYGSSPLTF;CARLPYAGGPYYYYGMDVW_CMQRIEFPFTF;CARGKPRSLELWSFYYYYGMDVW_CQQSYSTPPTF;CAMGGYDSSGVQLDYW_CAAWDDSLSGYVF;CAHRYCSSTSCYGLGDWFDPW_CQSADSSGTYLVF;CARHSEGLGPVDYW_CGTWDSSLSAWVF;CARAIFGVVSVMGFDYW_CMQALQTLTF;CAKSMKSFDYW_CQQSYSTPLTF;CTTEGGDGYNSFDYW_CQQYDNLPITF;CARDTTYGDYYYGMDVW_CQSADSSGNWVF;CARDGKGYSYGSGNYYGMDVW_CQQSYSTLYTF;CAHRTTTYYFDYW_CQQYNSYPYTF;CTTDLVWFGELANAFDIW_CLQHNSYLPEWTF;CTRGGTLGARSGYYDYYYGMDVW_CQQYNSYPLTF;CAKDEGRVVAVAGTGEHAFDIW_CQQYNSYSPTWTF;CAKDITIFGVVISHLDYW_CLQDYNYPLTF;CARTYYYDSSGYRNAFDIW_CQSADSSGTYPVVF;CAKCFYYDSSGYYYYYYGMDVW_CCSYAGSSTLVF;CARDLLSISGSPFDPW_CQQRSNWPPGGGGLTF;CARGGINGGAYFDYW_CQQYGSSPWTF;CARDRGPAGLDYW_CQQSYSTRYTF;CARRGYYYDSSGYYYDWFDPW_CNSRDSSGNRVVF;CAKGLNTAMVSYYFDYW_CVLYMGSGIWVF;CAKDIREGWSSGYYPVLDYW_CQVWDSSVVF;CAKDSPSGYYYYYYYGMDVW_CQQLNSYPITF;CARDRIAAADHNWFDPW_CAAWDDSLNGWVF;CARDIGGIAAAGSPPSAFDIW_CQQYNSYSTF;CAHSYYYGSGRGGWFDPW_CQSADSSGTYVF;CARDGSSSIFDYW_CNSRDSSGNHVVF;CAKPLRFGYSSSSCFDYW_CSSYAGSNNYVF;CAHTGFESLDYW_CQSYDNSLNGLGVF;CARDEDYYYDSSGSVDYW_CQQSYSTPWTF;CARQIAAAGPENWFDPW_CQSADSSGTYLVF;CARGLPVDVW_CGTWDSSLSAGHVVF;CARLIYYGSGRFGAFDIW_CQQYDNLPWTF;CARNEITIPLDVW_CQQYGSSPLVTF;CTTDHGDAYNYRW_CQQYGSSPRTF;CARDHRMNIAVAGTNWFDPW_CQKYNSAPLFTF;CARALREEQWLNNAFDIW_CQQYYSYPTF;CAHRPPYYDSSGYLSW_CQQYGSSLWTF;CARHYVDTAMVINQYYFDYW_CQSYDSSLSDVF;CARDNYDILTGHYGMDVW_CAAWDDSLSGLYVF;CAKDSSSSDWFDPW_CQQYYSYPLTF;CARDYVAVAGTLDYW_CQQYYSTPYTF;CTRDLAYSNYEPPNHNWFDPW_CLQHNSYPLTF;CARERYYYYGMDVW_CYSTDSSGNHGVF;CAKEGITGYYYYYGMDVW_CQQSYSTPHTF;CAKVALRYFDWLPPYFDYW_CQQYYSYPQNLTF;CARAHDSTGYQDFDYW_CQQAKSFPYTF;CARVGVYGSGSYLVGGDYW_CQQSYSTPWTF;CARGPYYGSGSGEFDPW_CQQYYSYPLTF;CARGSCYSSACYYYYGMDVW_CGTWDSSLSAVVF;CARDFDAAEGAFDIW_CQVWDSSSDPTFYVF;CARGAHSSGYYIDYW_CQQYYSFPFTF;NA_CHQYNNWSSWTF;CAREQDFGGNPFDCW_CMQVLHIPRAF;CARGTMVRGHYYYYGMDVW_CQQSYSTPLTF;CARGYSYGYLDWFDPW_CQSYDSSLSGVVF;CARAAPYSSSSLDYW_CQQSYSTLTWTF;CARRRITMNDYFDYW_CQSYDSSLSGVVF;CARGPDGGAFDIW_CQRGLTF;CARDLIARTALTYYYYGMDVW_CQSYDSSLSGGVF;CARYGVYGDYPGALFDYW_CAAWDDSLSGLWVF;CAKDRRGCSSTSCYTFDYW_CQQSYSTLSF;CARVSGYNSYYFDYW_CQQSYSTPRTF;CAAPSPRFTSSTGGGMELPLHVW_CCSYARGSSLVF;CAKDARWRPRVASIDALDIW_CQQYNNWPRTF;CARHIERYCSGGSCYEALDYW_CMQALHPITF;CASYLEMATRYYFDYW_CLQHNSFWTF;CARVTRVTQSNDFWTSYYTDCFDAW_CYSTDSSGNHKVF;CARLYSSSWTNYFDYW_CQQYYSYPLTF;CARGTVYSVPGGHYGDYVRDPKYYYYGMDVW_CQSADSSGTWVF;CARGAAGVRGPIGYW_CAAWDDSLSGWVF;CARVAVAGTTNWFDPW_CQQANSFPYTF;CARVLGGPGATTFDYW_CLQDYNYPWTF;CARTPVSTSYDSPGWYSSGWFFDYW_CQTWGTGIHVVF;CARTMVRGVTPADAFDIW_CQQYNSYSSTF;CAKSMGATILHAFDIW_CQQYNSYPLTF;CARANSGSYSFFFLRLDYFDYW_CQQYNNWPLTF;CARAAGTGGYYYGMDVW_CVLYMGSGISVF;CARAGQFGDSYYYYYYGMDVW_CLQDYNYPQTF;CAHFTKRPTDAFDIW_CNSRDSSGNHRVF;CAAGFGLSGSYIHYYYYGMDVW_CQQYGSSPPLTF;CATDNWNFGADSGFGYW_CMQGTHWRTF;CARVLGSFSFGYDGFDIW_CQQLNAYPTF;CARDPGIAVAETVYYYYYYGMDVW_CMQALQTPPTF;CARTVGAGYKIGKGYFDYW_CQAWDSSTVVF;CARDQDLAALNYW_CGTWDSSLSAKVF;CTTENVLLWFGEPEYYYYYYGMDVW_CQSADSSGTYAVVF;CARSLFEGTVMAFRAEHMDVW_CQQYKTFFAVSF;NA_CQAWDSSTVVF;CARPPSHDSPMYHYW_CQSADSSGLWVF;CARDTMWWSYGMDVW_CCSYAGSGEVF;CARLRRYSSGYYYIAGDFDYW_CQSYDSSLSGVVF;CARDKGGTTVTTSNWFDPW_CQQYDNLPLTF;CARDGGGYYQKKGYFQHW_CGTWDSSLSAVVF;CARDDIVVVPAAIDYW_CQSYDSSLSGPYVF;CARKFDCW_CQQYGTSLPVTF;CARGVLRFLEWLSNMDYYYYGMDVW_CMQALQTPRALTF;CAKDGSYYDSSGYSDYW_CQQYNNWPPWTF;CAKDKSYSVEYW_CMLFMGSGIWVF;CAKADVRSNWNDMHFDYW_CQAWDSSTVVF;CARATPRGYGGNSLNWFDPW_CQQYNSYPFTF;CAEGYQLPGLYYW_CNSRDSSGNHLF;CARHAGSGSYYFWFDPW_CQQYGSSPYTF;CAKDLQIGYCSSTSCRNAFDIW_CQQYGSSPPRVTF;CARGRGSYFDYW_CQQYGSSLWTF;CARTCSSTSCYTYGMDVW_CQQYNNWQYTF;CAHRGYSYGPLFDYW_CLLYYGGAQLVF;CARLPTLRYGSGSYYNGALDYYYGMDVW_CMQALQTPLTF;CARSIAAASPFDPW_CQQYDNLPPTF;CARGPPYGHLGYW_CQQYNNWPPITF;CAKDILGGGYFDYW_CQTWGTGMGVF;CAKDASYGYLFEYWYFDLW_CQQYNNWPPWTF;CARFGAKNYYDSW_CQQYNNWPGTF;CAREKWLRPQLDYW_CQQYGSSPKTF;CVKGPYYDGSGNSFGRKAFDIW_CQQYGSSPYTF;CARGASKGNQPALHYGMDVW_CQQSYSTPPAF;CATTLASPTHDYGDYEGGYMDVW_CQQYGSSPLTF;CALGIDAFDIW_CQQYNNWPKTF;NA_CQSYDDSLSGTVF;CARGFYYGSGSPLSGMDVW_CQQSYSTPRTF;CAKDPAASGSPWYFDYW_CQQYYSFPRTF;CAREVSRQSGSRPIKWFDPW_CQQSYSPPPLTF;CTPSLETYGDYALGYYW_CQSADSSGTYPYVF;CAKDFGGPLQFDYW_CQQYGSSPRTF;CAKDMLFSNNYW_CQTWGTGINWVF;CARDENHLYYGDLAYW_CQQSYSIPRAF;CARGSRLLLWFGELKVGPGFDPW_CQQYNSYWTF;CAMKGGRDGYNTRVYYYYGMDVW_CCSYAGSSTPYVF;CAKDIGPTNCSSTSCHAYYYYGMDVW_CQQYNSYSTF;CWRDRREAPIEMEVASTRG_CMQSTHWPYTF;CTRHTHCSGGSCYDAFDIW_CQQSYSTPRYTF;CAREPPHGSGTDYNWFDPW_CQSYDSSLSAYVF;CVKDLYDTGSYYYFDYW_CSSYTRSSTLVF;CSRHEGVGGNSDYW_CVLYMGSGISMF;CARNHDYGDYMFGGMDVW_CQSADSSGTYVF;CTTSGGDW_CMQSIQLPRTF;CARDRTSFGYSYGNIDYW_CQTWGTGILVF;CAKDELASYGGVGYYW_CQSADSSGTYFWVF;CAREPKHSGYCSSTSCYIGNWFDPW_CQSYDSSLSGNVVF;CARASWDSSSWGLGFDPW_CQAWDSSTGVF;CARTRVRGVISPFDYW_CQQANSFPPTF;CTREYYDFWSGDYW_CQQYDNLPLTF;CARDGGRGSGWSTPDYW_CNSRDSSGNHVVF;CARHYDFWSGDNPYWYYYYGMDVW_CQQYGSSPPWTF;CTTTTADIVVVPAAIQTVDYW_CQQYDNLPLTF;CAIMVRGVIGSYYYYGMDVW_CQQSYSTTWTF;CAKDNGYGGNSLQHW_CCSYAGSSTLVF;NA_CQQSYNTLWSF;CARARYRRDGYHNLYAFDIW_NA;CARGFSETGPGYKRFYYYFDLW_CQQYGSSPQTF;CARVKGDYYYYYGMDVW_CMQALQTPHTF;CARDPPLYSSGWFTGDYW_CQQYNSYPRTF;CAKDGGEHRGNDYW_CQVWDSSSDHYVF;CARGYDFWSGYLPHYGMDVW_CQVWDSSSDHPGVF;CARETKQYIDYRSPTVGRPYDYYYGMDVW_CLLFYGGAQLGVF;CAKGVWESTTEDAFDIW_CQQYNSYSPFTF;CAKDQGYCSSTSCYPYYYGMDVW_CQAWDSSTVVF;CARLGGYDSTFDYW_CSSYTSSSTYVF;CARVAAAGTYFDYW_CQQYGSSPETF;CARINQHGSGTYSPDYYYYGIDVW_CMQALQTPMYTF;CARKSIAAAGLPYYYYYGMDVW_CMQALQTRFTF;CAQGGYSYGYYDYW_CAAWDDSLNGVVF;CARQRGGTAVPVYYFDYW_CQQYGSSPLYTF;CARALYYDSSGYQPNRYYFDYW_CQSYDSSLSGYVVF;CTRALNSNHFDYW_CQQANSFPLTF;CARVTDPDAFDIW_CNSRDSSGNHYVF;CARSAWHPAATGGMDVW_CLQDYNYPYTF;CARVSLVVPQQFDYW_CQAWDSSTVVF;CAKVPGYSTGWYYFDYW_CQQCDSSPEWTF;CAKDSTCSSTSCYRGYYYYGMDVW_CQQYYSYPITF;CARGRNGGNRFDWFDPW_CQSYDSSLSGSGVF;CARGKNWFDPW_CQQYGSSPLTF;CASGYSSGRPDYW_CQQYDNLPITF;CARLSDGDYTFDYW_CQQYNSYWTF;CARGGTAGYSYGYAYW_CQAWDSSTAVVF;CAKDIVVVPAAPITLYYYYGMDVW_CMQALQTSFTF;CARWRLYYDSRGYYYGMFDYW_CQQSYDTPLTF;CARSRRIVGATSFDWFDPW_CQQYNSYSRTF;CASEDSGYGGGFDYW_CQSYDSSLSEGVF;CAHGRDYDSSSLPFDYW_CQQYNSYPYTF;CARAGAYYYGSAIDYW_CQQYGSSPGLTF;CAKGSSHSGGWFDPW_CQQYNSYWTF;CARDLLRAYSSSSTSSIDYW_CQQYYSYPRTF;CAKDVSGYLDAFDIW_CGTWDSSLSAGWVF;CAREGSRYFDYW_CQVWDSSSDHYVF;CASHDSSGYYLLDYW_CQVWDSSSDHVVF;CARYCSSTSCYTTYYYYYYGMDVW_CQQYYSYPLTF	9	14	CARSGTTYYDILTGYYNYW_CQQYGSSRWTF;CARGNDYYGSGEFDYW_CSSYTSSSTLVF;CARDGDTAMVINYFDYW_CQSADSSGTYWVF;CARGKGEGRYYYDSSGYYYFDYW_CQQRSNWPPLTF;CARNKQHIVGATLHTHYSNWFDPW_NA;CARTSRGLIAAAAAVDYW_NA;CAKRGGLMVRGVAVDYW_CQQYYSYPWTF;CAKGGWFGELLFRLDYW_CQQYDNLLTF;CARRLAYNGNWDYGDFDYW_CCSYSKTATF;CARERPRGAAETW_CQAWDSSTWVF;NA_CQQRSNWPPYTF;NA_CCSYAGSSTVVF;CARDSKQQLADNWFDPW_CQAWDSSTLVVF;CARLWVFLTMVRGPDFDLW_CHQSSSLPLTF	0	NA
5	441	NA_CQQYDELPVTF;CATTYYYDSSGYYQNDAFDIW_CQQYYSYPRTF;CAREIEGDGVFEIW_CMIWHSSAWVV;CARHIRGNRFGNDAFDIW_CQQYYSFPYTF;CARRLITMIEGGAFDIW_CQVWDSSSDHVVF;CAKVMIEHPSNRGHFDYW_CMQALQTPYTF;CTTDDEKRPYSGSYLPFDYW_CQSYDSSNVVF;CARGGRVSVAVYWDYYYYGMDVW_CQKYNSAPFTF;CAHSAQYYDILTGYYKAPWGGAFDIW_CQQYNSYSWTF;CARDDFGGATFYSSFDYW_CQQSYSTPYTF;CARAAKIFGVVTAFDIW_CQQYGSSPWTF;CVKDYSTSGWYYFDFW_CQQYGSSLPYTF;CARVVPAAFYGMDVW_CQQYGSSLFTF;CAGGSGYCTNGVCYPRGFDYYYGMDVW_CAAWDDSPPWVF;CAKDDTAMVTADFFDYW_CQTWGTGIWVF;CARTPRWLQCFDYW_CQQYNSYSWTF;CARDQWLAYYFDYW_CQSYDSSNHWVF;CAHRYYSNIDYW_CMQGTHWPWTF;CARDWGYYDSSGYSPRGYYYYYGMDVW_CQQLNSYSFTF;CAKDRVGYGDYVDYW_CQQYNNWPPWTF;CARLGSSPYYW_CQSYDSSLSGYVF;CTRYYGDVW_CQQYYSFPWTF;CAKDHYYDSSGYYSGLGYW_CQSADSSGTYRVVF;CATGLVVPAAILYGMDVW_CQQYGSSRGLTF;CAKDDGDAAAGLIYW_CAAWDDSLSGVVF;CAKDGGGEEALELPDYW_CGTWDSSLSAVVF;CATLRYPSLGVDYW_CHQYNNWPFTF;CARKDSSGSDAFDLW_CQQSYSTPYTF;CARDVVQLWYQIDYW_CQQSYSTPPNTF;CAKYVDTAMNQFDPW_CQQANSFPITF;CARGLHYYDSSGRSLYYFDYW_CQQYGSSPPGQTF;CANQPPSLYW_CQQYNNWPGTF;CARVGYDYVWGSYRYTGVMDVW_CSSYAGSSYVF;CARGRPYYYDSSGYPYDAFDIW_CMQALQTPLTF;CAKERVVTAIPVVIFDYW_CQQSYSTPRLTF;CARPYGDYAYFDYW_CQSYDSSLSGYVF;CARDWWERQDSKRPDYFDSW_CQQTNSFPITF;CARHSNDGSDYFDYW_CQESYGALLTYTF;CASTEIEMLVPRYCSSTSCYFVWFDPW_CGTWDSSLSAGHGVF;CASASSTGTDAFDIW_CQAWDSSTHVVF;CARDGSWYAAWFDPW_CQSYDSSLSGSVVF;CARDPSLGDPGWGYFDYW_CQQYNSYSTWTF;CVREMTGSFTGGLDPW_CMQGTHWPPTF;CAREVNTAMAYYYYYYGMDVW_CQQYGSSQWTF;CARERRGGGHYYDSSGYYLSDYW_CQQSYSTP;CARGGGYSSGWATREVVYW_CQSYDSSLGAVF;CAKVPTVTTFLGYYYGMDVW_CQQSYSTPWYTF;CARDLRPAANFDYW_CQVWDSSSDYVF;CARLSYSSSWYYFDYW_CQQSYSTLYTF;CARVPKVRYCSSTSCYKDYYYGMDVW_CQVWDSSSDSWVF;CATWHYYDSSGEDGMDVW_CQQYNNWPRTF;CARGRSSWHLDYW_CMQALQTPFTF;CARDPWELHGFDYW_CQQYGSSSFTF;CAREAYYYGMDVW_CNSRDSSGNHNYVF;CARDRSVVTMVRGVIPFYW_CCSYAGSYTVVF;CARHEKMNYYDILTGYSPPYYYYYGMDVW_CQSYDSSLSAYVVF;CAHYQGIAVTGTWFDPW_CQSYDSSNVVF;CARESSSWFPYW_CQQSYSTPFTF;CARERDYSPGRYYGMDVW_CGTWDSSLSAGVF;CARHPTPAAMVGYYYYGMDVW_CQQANSFPLTF;CARDGPMTAIGGYGMDVW_CQSYGSLGGSVF;CAKGRTTEGTDAFDMW_CQQVHSYPITF;CAKDRSSLLWFGELLYMPEEYGMDVW_CQQYNNWPLTF;CTNYGMDVW_CSSYAGSNNWVF;CARVDSFAPNSGYGAQLLNWFDPW_CQQYNNWPLTF;CAREDYDTASFGYW_CQQYDNLPYTF;CAKDFGRGSYHRAEYFQHW_CQQYNNWPPWTF;CARGGSLPLITMIVGFFW_CQQYGSSPEYTF;CTREAEMATISIDYW_CQVWDSSSDHVVF;CARDAPIWDTAIVYW_CQQYGSSLPWTF;CARLLVSAYNWFDPW_CQQSYSIPAF;CARIPMTTVTSYGMDVW_CQQYGSSSITF;CARDDEWEPYDYW_CCSYAGSSTYVF;CTTVLRYFDWLLSDYGMDVW_CLLSYSGARGVF;CAIGTGIVGTTFPREYW_CMQALQTSWTF;CAKDMELGWLIDYW_CMQALQTPLTF;CARETVVTPQNAFDIW_CAAWDDSLNGYVF;CARERNIVVVPAAETFDYW_CQQYNNWPPLTF;CARIGFGEYDYGMDVW_CQSYDSSLSVVF;CARGVGATDFDYW_CQSYDSSLSGVVF;CARDPSNWGSFGYW_CQAWDSSTYVF;CARVDGYNYSFDYW_CQQYNNWWTF;CAKEPYGGNSFVYYFDYW_CQQYGSSPGLTF;CAKAEWGGTENYIPYYFDFW_CQSYDNNNLIF;CARSHCSSTSCYPNYYYGMDVW_CQQSYSTPRTF;CARDFGERYCSGGSCYSFDPYYYYGMDVW_CLQHNSYPWTF;CAKEYPGPGQLDDAFDIW_CQSYDSSLSGKVF;CARVDTAMVTGLAISPPWDYGMDVW_CQQYNSYPWTF;CAKDIGDGSGSNSQKRDYYYGMDVW_CQQSYSTPRTF;CATDPYNSGWFASLKNQVLYYW_CQQSYSTPQTF;CAREHTGGWLQRYIDYW_CQSADSSGTYPRVVF;CARGYCDSTSCYAVGYFDLW_CQTWGTGIVVF;CARDPDPNWSKDWFDPW_CQQYNNWPPLTF;CAKGRYSFGLDNFDYW_CQQDGNSPTF;CASRAVQSSGWRQDYYYGMDVW_CQSYDSSLSGVF;CAREASEGPW_CQSYDSSNSWVF;CARLGGYSSRGNWFDPW_CQQSYSTPPYTF;CARDPHHTFGGVLVW_CQKYNSARTF;CAGYYYDSSGYLSSFDIW_CQSYDSSLSVVF;CARLPYRYSGSSNDAFDIW_CAAWDDSLSGPVF;CARAGYGDYVGDFDYW_CQSADSSGTYVVF;CARDYYGSRSDSGMDVW_CQQSYTTPYTL;CAKDGREAAAGTDYYYGMDVW_CQAWDSSTVVF;CARDSPGWGSSGFYYGMDVW_CQQYGSSPRYTF;CARVSGDTMIVVVHRDGMDVW_CQQYNSYSVTF;CAKNLATTGSHW_CLQDYNYPRTF;CAKDGGRGVVIIFYFDYW_CQQYGSSPITF;CARGIAVVTLWGPFDIW_CQQYNNWPRTF;CARDRWVPAAVPHYYYYGMDVW_CQQANSFPLTF;CAREGAAGPPPGHYYYYGMDVW_CMQALQTPFTF;CAKQGHFTDTKRIDYW_CQQYDSYPITF;CAVIPVTGQEASLSAEYFQHW_CQQSYSTPFTF;CARDSPSSGSYGLFDYW_CQTWGTGIRRVF;CASPGGGLLWFGELFRSYFDYW_CVLYMGSGFWVF;CAHRPVSDDILTGYRYNWFDPW_CQSYDSSLSGSVVF;CARGFIGYNFDSW_CQQSYRTPITF;CAREEGYCSGGSCEYNYYYGMDVW_CQQYGSSLITF;CARGRRVFLALSYW_CQQYGSSPHTF;CARGAGRIGQVDVW_CQQYNNWHTF;CARGYYDSSGQSLDYYYYGMDVW_CQQYYSYPFTF;CARTGKNGSGSYWFDPW_CQQYRTF;CARTDIVATPDGGFDYW_CQTWGTGIHVVF;CAREGFYYYGSGSVSGGNWFDPW_CQVWDSSTVVF;CAKVPLGWGAAGGAYFDYW_CQQYGSSPATF;CARVGCSGDTCYSYDWFDPW_CGTWDSSLTAVVF;CARGGILTGKLSDYW_CQQYDNLPTF;CAHGLTGYYTYYFDYW_CQQYYSFPPTF;CARQVGANPFADYW_CAAWDDSLSGPVF;CSVYDAERGYFDYW_CCSYAGGDTSYYVF;CARLYGDYGDYW_CNSRDSSGNLFVVF;CARPYSSSWSPMDVW_CQSYDSSLSGHVVF;CARDKGYSSSWYIRSSWFDPW_CLLSYSGARLVF;CARAVCGDDCYLLDSW_CAAWDRSLGAVVF;CARTTTVVTGDAFDIW_CQSADSSGTYPVF;CAKGRGDYYYYGMDVW_CQQYDNLPITF;CTTGGALNYW_CQAWDSSTACVF;CARDLTTRDYSDAFDIW_CQQYGSSPRTF;CARAGLEINTPDSSGYYYGGGYFDYW_CQQYDNLPPRRFTF;CAKDHGYDFWSGYSDAFDIW_CQQSYSTPLYTF;CARESGYTNYYYYGMDVW_CQQYNSYPLTF;CARKYQLPYYYGMDVW_CQQSYNTPDTF;CARDSTYYYDSSGYPVSDAFDIW_CQQSYSTRRYTF;CAREVYSSSTNWFDPW_CQVWDSSTDVVF;CARANAEYSSSLLFDYW_CQSYDNSLSAYVF;CAHSPYDYVWGSYRQSWFDPW_CQAWDSSTVF;CTTIYYDILTGDYW_CMQALQTPITF;CARLDYDFWSGTPERMDVW_CQQYGSSPPWTF;CARVRKNWNYDLDDWYFDLW_CQVWDSSSDHYVF;CATRRVRGEGLAYW_CQQYNSYSRTF;CARNYDSSGYYVPPYFDYW_CQQYNNWPPYTF;CARDPANYFDYW_CQQSYSTLWTF;CAREESSSWYRYW_CQQYGSSPLTF;CARIVQGGSYLSGGIDYW_CMQSIQLLFTF;CARDRLIIRFLERPNWFDPW_CCSYAGSSTPVF;CAREYSNNWYFFDYW_CQQYAGSPLTF;CARVSGVGTSFAGFDPW_CQSADISATVF;CAREPTPRYSGSYRGFNYFDYW_CQQYYSFPLTF;CARAADYCTSASCPNEYFQHW_CQSYDSSLSVF;CARGRMTVHNDDSGFPEYLYYYGLDVW_CMQVMDNPRTL;CATSRVAVAGVDYW_CQSYDSSLSGVVF;CARDLGIAVAGRVEGYFDYW_CCSYAGSYTLVF;CARDVSNVLVIAVSPSWFDPW_CQQTYSIPYTF;CARDAPDRGSSWYSALFDYW_CQQYNNWPPTF;CARRDGGYCSSTSCSFDYW_CQQYNSYSPTF;CARAEIFGVVIQAFDYW_CQSYDSSLSGSVF;CVKKVIGFDDW_CQQSDTFGYTF;CAKGMDGSGSYYNKDGMDVW_CQAWDSSTGVF;CARVNGLLGEYYYGMDVW_CMQALQTPPNTF;CAKDWAVGWEFVDSW_CQQSHTVPLTF;CARDEGAAAYFDYW_CCSYAGSSTCWVF;CARAAGYCSSTSCYEIYYYYGMDVW_CQSYDSSLSVPF;CTRSYVLRFLEWFSPFDYW_CQQYGSSLWTF;CASSGSYQGNWFDPW_CQQSYSTPYTF;CARSPPRYDLSLVDAFDIW_CQQYNSYSTTF;CARETIAAAGSNFDYW_CQQSYSTPRTF;CARVSGYSYYFDYW_CQQLNSYLLTF;CATYIAAPRDYYYGMDVW_CMQALQTPYTF;CATGKTYSAPHAYYYFDYW_CQQANSFPRTF;CAKEVHSSGFDYW_CQSADSSGTYPWVF;CTTDHIVVVTAMIFGYYFDYW_CQQLNSPLTF;CAREGPTVTKFDYW_CQSYDSSLSGSVF;CEVKAAAGNFYW_CSSYAGSVVF;CAKDIEGGSGYYLTPGGFQHW_CCSYAGSSTFVVF;CARDAMAIGDYYYYGMDVW_CQQLNSYPSLTF;CARREGAGYDILTGSYYYYYGMDVW_CLLYYGGAQLGVF;CTTRLWRISQYYYDSSGYGHFDYW_CQSADSSGTYVF;CARTTLLAAAIDYW_CQQYYSFPYTF;CARAKAARPTPTYYYYYYGMDVW_CQAWDSSTGDVF;CARSGYDSSWVGYDFDYW_CQAWDSSTPVF;CAREGLEIDAFDIW_CQQSYSTPWTF;CAHTSAYYDSSGYYPPFDYW_CQQSYSTPLTF;CARATQDSSGWYGFWYFDYW_CQQYNNWPPTF;CARMLVVVAATGYYYYGMDVW_CQQYGSSQTF;CAREAYDSSAYSTIDYW_CQTWGTGIHVF;CATSLVVVPAAILRGGVGGHYYGMDVW_CGTWDSSLSAVVF;CARSAGSSGSFEYFQHW_CQQYGSSPLYTF;CARRLFLYSSSGYYFDSW_CQQASSFPPLSF;NA_CQQSYNTPRTF;CARGGGAVAGTIDFHYW_CCSYAGTDLWLF;CAKDRGYYDSSGYYYSDYGMDVW_CQSADSSGTYVF;CAKDGFGGASDHW_CQHYDRSPWTF;CARAIQMGCSDGSCLW_CQQYDNLPSYTF;CARKGRWLPDGDDAFDIW_CQQYYSYPLTF;CARAGLRSWFDPW_CMQSIQLPNTF;CARHSYGAYYYYGMDVW_CQQYGGSPLFTF;CAAGVMTARYDYW_CQQSYSTPLTF;CAHFMTTVTTGYFDPW_CIQVRQTPFTF;CAREGGGDILTTYYYYGMDVW_CQQYGSSTRALTF;CARGFGGGDYRSMDVW_CQQLITYPITF;CARTTYGGNSLNWFDPW_CQVWDSSSDHPVF;CARGYGSGNYYYYGMDVW_CMQALQTPWTF;CARSNYDILTGLDYW_CMQALQTPYTF;CAREDSGSYGYFDYW_CQQYNNWPQTF;CARRVLYYRFDPW_CNSRDSSGNHLF;CARGDYDYVWGSSPDAFDIW_CMQGTHWPLTF;CARDVRGYYYDSSGYSGEGYWW_CQQSYSTPYTF;CTRDRYSSSWYKGLYYYYGMDVW_CQQSYSTPYTF;CARVFFRVVYAMAYW_CQQYNNWPPMYTF;CASSLRYFDWTVNNWFDPW_CQQYGSSPQTF;CTRGYCSSTSCYTGWFDPW_CQAWDSSHVVF;CARDGRWELLGNQHW_CCSYAGSSTYVF;CARVYYDSSGYYYFDYW_CQQSYSTPWAF;CARGRVRWELLGDDAFDIW_CQQYDNLPLTF;CCTYVFVGIVPTIVDYW_CQQYNDWPPAGTF;CARDIQYYYDSSGYDAFDIW_CQQSYSTPWTF;CATSWGIAALYGMDVW_CNSRDSSGNPYVF;CAKDYPVAGDLDAFDIW_CCSYAGSSTWVF;CARANWDNWNDGLDYW_CGTWDSRLSSYVF;CARAGYCSSTSCSKEDVW_CQQSYSTPPRTF;CAREPLGGDYYYYYYGMDVW_CQQYGSSPTF;CARLSLRARFRGAFDIW_CCSYAGSYSVVF;CAHSLPSDIDYYYDSSGYSPSPPLFDYW_CQQYNNWPLTF;CASGYGGKTYYFDYW_CQQYGSSPGTF;CLGRELGHSW_CLQHNSYPWTF;CTAVLRYFDWLLMEAHENYYYYGMDVW_CQSADSSGGVF;CARDRSRWEFLYYFDYW_CQQYGSSGYTF;CARARYYDSNSYSYAW_CQTWGTGIWVF;CARLDYYDSSGYYDW_CQTWGTGIPVF;CARDYIAVAGPGENWFDPW_CQQSYSTRTF;CARDRGGYGVRWFDPW_CQQYDNLPPTF;CARRGNAIFGVVTHYYYYGMDVW_CMQALQTPLFTF;CSNYDILTGYYWFHYW_CQQYNNWPFTF;CASSFLDTSIVEYYFDYW_CATWDDSLSGLF;CARIVVVVTSRWFDPW_CQVWDSSSDHYVF;CARSLEWLDDYW_CQSYDSSLSGSVF;CARDAYGGYSFYYYGMDVW_CQQYGSSPFTF;CAGGSGSYYHLDPW_CQQANSFPYTF;CARPRLDYGDYGAGLGYW_CQKYNSAPFTF;CARDRGLRKKYFQHW_CQQYGSSPSTF;CVSQLYYLDGRGYYYDYYYDYW_CLQHHDYPWTF;CTTVSPYGDYVGVYFDYW_CQQYYSYPPTF;CAKDFMEYYYYGMDVW_CSAWDSSLSAVVF;CARSPGSGSYTW_CQQYGSSPLTF;CARLPYAGGPYYYYGMDVW_CMQRIEFPFTF;CARGKPRSLELWSFYYYYGMDVW_CQQSYSTPPTF;CAMGGYDSSGVQLDYW_CAAWDDSLSGYVF;CAHRYCSSTSCYGLGDWFDPW_CQSADSSGTYLVF;CARHSEGLGPVDYW_CGTWDSSLSAWVF;CARAIFGVVSVMGFDYW_CMQALQTLTF;CAKSMKSFDYW_CQQSYSTPLTF;CTTEGGDGYNSFDYW_CQQYDNLPITF;CARDTTYGDYYYGMDVW_CQSADSSGNWVF;CARDGKGYSYGSGNYYGMDVW_CQQSYSTLYTF;CAHRTTTYYFDYW_CQQYNSYPYTF;CTTDLVWFGELANAFDIW_CLQHNSYLPEWTF;CTRGGTLGARSGYYDYYYGMDVW_CQQYNSYPLTF;CAKDEGRVVAVAGTGEHAFDIW_CQQYNSYSPTWTF;CAKDITIFGVVISHLDYW_CLQDYNYPLTF;CARTYYYDSSGYRNAFDIW_CQSADSSGTYPVVF;CAKCFYYDSSGYYYYYYGMDVW_CCSYAGSSTLVF;CARDLLSISGSPFDPW_CQQRSNWPPGGGGLTF;CARGGINGGAYFDYW_CQQYGSSPWTF;CARDRGPAGLDYW_CQQSYSTRYTF;CARRGYYYDSSGYYYDWFDPW_CNSRDSSGNRVVF;CAKGLNTAMVSYYFDYW_CVLYMGSGIWVF;CAKDIREGWSSGYYPVLDYW_CQVWDSSVVF;CAKDSPSGYYYYYYYGMDVW_CQQLNSYPITF;CARDRIAAADHNWFDPW_CAAWDDSLNGWVF;CARDIGGIAAAGSPPSAFDIW_CQQYNSYSTF;CAHSYYYGSGRGGWFDPW_CQSADSSGTYVF;CARDGSSSIFDYW_CNSRDSSGNHVVF;CAKPLRFGYSSSSCFDYW_CSSYAGSNNYVF;CAHTGFESLDYW_CQSYDNSLNGLGVF;CARDEDYYYDSSGSVDYW_CQQSYSTPWTF;CARQIAAAGPENWFDPW_CQSADSSGTYLVF;CARGLPVDVW_CGTWDSSLSAGHVVF;CARLIYYGSGRFGAFDIW_CQQYDNLPWTF;CARNEITIPLDVW_CQQYGSSPLVTF;CTTDHGDAYNYRW_CQQYGSSPRTF;CARDHRMNIAVAGTNWFDPW_CQKYNSAPLFTF;CARALREEQWLNNAFDIW_CQQYYSYPTF;CAHRPPYYDSSGYLSW_CQQYGSSLWTF;CARHYVDTAMVINQYYFDYW_CQSYDSSLSDVF;CARDNYDILTGHYGMDVW_CAAWDDSLSGLYVF;CAKDSSSSDWFDPW_CQQYYSYPLTF;CARDYVAVAGTLDYW_CQQYYSTPYTF;CTRDLAYSNYEPPNHNWFDPW_CLQHNSYPLTF;CARERYYYYGMDVW_CYSTDSSGNHGVF;CAKEGITGYYYYYGMDVW_CQQSYSTPHTF;CAKVALRYFDWLPPYFDYW_CQQYYSYPQNLTF;CARAHDSTGYQDFDYW_CQQAKSFPYTF;CARVGVYGSGSYLVGGDYW_CQQSYSTPWTF;CARGPYYGSGSGEFDPW_CQQYYSYPLTF;CARGSCYSSACYYYYGMDVW_CGTWDSSLSAVVF;CARDFDAAEGAFDIW_CQVWDSSSDPTFYVF;CARGAHSSGYYIDYW_CQQYYSFPFTF;NA_CHQYNNWSSWTF;CAREQDFGGNPFDCW_CMQVLHIPRAF;CARGTMVRGHYYYYGMDVW_CQQSYSTPLTF;CARGYSYGYLDWFDPW_CQSYDSSLSGVVF;CARAAPYSSSSLDYW_CQQSYSTLTWTF;CARRRITMNDYFDYW_CQSYDSSLSGVVF;CARGPDGGAFDIW_CQRGLTF;CARDLIARTALTYYYYGMDVW_CQSYDSSLSGGVF;CARYGVYGDYPGALFDYW_CAAWDDSLSGLWVF;CAKDRRGCSSTSCYTFDYW_CQQSYSTLSF;CARVSGYNSYYFDYW_CQQSYSTPRTF;CAAPSPRFTSSTGGGMELPLHVW_CCSYARGSSLVF;CAKDARWRPRVASIDALDIW_CQQYNNWPRTF;CARHIERYCSGGSCYEALDYW_CMQALHPITF;CASYLEMATRYYFDYW_CLQHNSFWTF;CARVTRVTQSNDFWTSYYTDCFDAW_CYSTDSSGNHKVF;CARLYSSSWTNYFDYW_CQQYYSYPLTF;CARGTVYSVPGGHYGDYVRDPKYYYYGMDVW_CQSADSSGTWVF;CARGAAGVRGPIGYW_CAAWDDSLSGWVF;CARVAVAGTTNWFDPW_CQQANSFPYTF;CARVLGGPGATTFDYW_CLQDYNYPWTF;CARTPVSTSYDSPGWYSSGWFFDYW_CQTWGTGIHVVF;CARTMVRGVTPADAFDIW_CQQYNSYSSTF;CAKSMGATILHAFDIW_CQQYNSYPLTF;CARANSGSYSFFFLRLDYFDYW_CQQYNNWPLTF;CARAAGTGGYYYGMDVW_CVLYMGSGISVF;CARAGQFGDSYYYYYYGMDVW_CLQDYNYPQTF;CAHFTKRPTDAFDIW_CNSRDSSGNHRVF;CAAGFGLSGSYIHYYYYGMDVW_CQQYGSSPPLTF;CATDNWNFGADSGFGYW_CMQGTHWRTF;CARVLGSFSFGYDGFDIW_CQQLNAYPTF;CARDPGIAVAETVYYYYYYGMDVW_CMQALQTPPTF;CARTVGAGYKIGKGYFDYW_CQAWDSSTVVF;CARDQDLAALNYW_CGTWDSSLSAKVF;CTTENVLLWFGEPEYYYYYYGMDVW_CQSADSSGTYAVVF;CARSLFEGTVMAFRAEHMDVW_CQQYKTFFAVSF;NA_CQAWDSSTVVF;CARPPSHDSPMYHYW_CQSADSSGLWVF;CARDTMWWSYGMDVW_CCSYAGSGEVF;CARLRRYSSGYYYIAGDFDYW_CQSYDSSLSGVVF;CARDKGGTTVTTSNWFDPW_CQQYDNLPLTF;CARDGGGYYQKKGYFQHW_CGTWDSSLSAVVF;CARDDIVVVPAAIDYW_CQSYDSSLSGPYVF;CARKFDCW_CQQYGTSLPVTF;CARGVLRFLEWLSNMDYYYYGMDVW_CMQALQTPRALTF;CAKDGSYYDSSGYSDYW_CQQYNNWPPWTF;CAKDKSYSVEYW_CMLFMGSGIWVF;CAKADVRSNWNDMHFDYW_CQAWDSSTVVF;CARATPRGYGGNSLNWFDPW_CQQYNSYPFTF;CAEGYQLPGLYYW_CNSRDSSGNHLF;CARHAGSGSYYFWFDPW_CQQYGSSPYTF;CAKDLQIGYCSSTSCRNAFDIW_CQQYGSSPPRVTF;CARGRGSYFDYW_CQQYGSSLWTF;CARTCSSTSCYTYGMDVW_CQQYNNWQYTF;CAHRGYSYGPLFDYW_CLLYYGGAQLVF;CARLPTLRYGSGSYYNGALDYYYGMDVW_CMQALQTPLTF;CARSIAAASPFDPW_CQQYDNLPPTF;CARGPPYGHLGYW_CQQYNNWPPITF;CAKDILGGGYFDYW_CQTWGTGMGVF;CAKDASYGYLFEYWYFDLW_CQQYNNWPPWTF;CARFGAKNYYDSW_CQQYNNWPGTF;CAREKWLRPQLDYW_CQQYGSSPKTF;CVKGPYYDGSGNSFGRKAFDIW_CQQYGSSPYTF;CARGASKGNQPALHYGMDVW_CQQSYSTPPAF;CATTLASPTHDYGDYEGGYMDVW_CQQYGSSPLTF;CALGIDAFDIW_CQQYNNWPKTF;NA_CQSYDDSLSGTVF;CARGFYYGSGSPLSGMDVW_CQQSYSTPRTF;CAKDPAASGSPWYFDYW_CQQYYSFPRTF;CAREVSRQSGSRPIKWFDPW_CQQSYSPPPLTF;CTPSLETYGDYALGYYW_CQSADSSGTYPYVF;CAKDFGGPLQFDYW_CQQYGSSPRTF;CAKDMLFSNNYW_CQTWGTGINWVF;CARDENHLYYGDLAYW_CQQSYSIPRAF;CARGSRLLLWFGELKVGPGFDPW_CQQYNSYWTF;CAMKGGRDGYNTRVYYYYGMDVW_CCSYAGSSTPYVF;CAKDIGPTNCSSTSCHAYYYYGMDVW_CQQYNSYSTF;CWRDRREAPIEMEVASTRG_CMQSTHWPYTF;CTRHTHCSGGSCYDAFDIW_CQQSYSTPRYTF;CAREPPHGSGTDYNWFDPW_CQSYDSSLSAYVF;CVKDLYDTGSYYYFDYW_CSSYTRSSTLVF;CSRHEGVGGNSDYW_CVLYMGSGISMF;CARNHDYGDYMFGGMDVW_CQSADSSGTYVF;CTTSGGDW_CMQSIQLPRTF;CARDRTSFGYSYGNIDYW_CQTWGTGILVF;CAKDELASYGGVGYYW_CQSADSSGTYFWVF;CAREPKHSGYCSSTSCYIGNWFDPW_CQSYDSSLSGNVVF;CARASWDSSSWGLGFDPW_CQAWDSSTGVF;CARTRVRGVISPFDYW_CQQANSFPPTF;CTREYYDFWSGDYW_CQQYDNLPLTF;CARDGGRGSGWSTPDYW_CNSRDSSGNHVVF;CARHYDFWSGDNPYWYYYYGMDVW_CQQYGSSPPWTF;CTTTTADIVVVPAAIQTVDYW_CQQYDNLPLTF;CAIMVRGVIGSYYYYGMDVW_CQQSYSTTWTF;CAKDNGYGGNSLQHW_CCSYAGSSTLVF;NA_CQQSYNTLWSF;CARARYRRDGYHNLYAFDIW_NA;CARGFSETGPGYKRFYYYFDLW_CQQYGSSPQTF;CARVKGDYYYYYGMDVW_CMQALQTPHTF;CARDPPLYSSGWFTGDYW_CQQYNSYPRTF;CAKDGGEHRGNDYW_CQVWDSSSDHYVF;CARGYDFWSGYLPHYGMDVW_CQVWDSSSDHPGVF;CARETKQYIDYRSPTVGRPYDYYYGMDVW_CLLFYGGAQLGVF;CAKGVWESTTEDAFDIW_CQQYNSYSPFTF;CAKDQGYCSSTSCYPYYYGMDVW_CQAWDSSTVVF;CARLGGYDSTFDYW_CSSYTSSSTYVF;CARVAAAGTYFDYW_CQQYGSSPETF;CARINQHGSGTYSPDYYYYGIDVW_CMQALQTPMYTF;CARKSIAAAGLPYYYYYGMDVW_CMQALQTRFTF;CAQGGYSYGYYDYW_CAAWDDSLNGVVF;CARQRGGTAVPVYYFDYW_CQQYGSSPLYTF;CARALYYDSSGYQPNRYYFDYW_CQSYDSSLSGYVVF;CTRALNSNHFDYW_CQQANSFPLTF;CARVTDPDAFDIW_CNSRDSSGNHYVF;CARSAWHPAATGGMDVW_CLQDYNYPYTF;CARVSLVVPQQFDYW_CQAWDSSTVVF;CAKVPGYSTGWYYFDYW_CQQCDSSPEWTF;CAKDSTCSSTSCYRGYYYYGMDVW_CQQYYSYPITF;CARGRNGGNRFDWFDPW_CQSYDSSLSGSGVF;CARGKNWFDPW_CQQYGSSPLTF;CASGYSSGRPDYW_CQQYDNLPITF;CARLSDGDYTFDYW_CQQYNSYWTF;CARGGTAGYSYGYAYW_CQAWDSSTAVVF;CAKDIVVVPAAPITLYYYYGMDVW_CMQALQTSFTF;CARWRLYYDSRGYYYGMFDYW_CQQSYDTPLTF;CARSRRIVGATSFDWFDPW_CQQYNSYSRTF;CASEDSGYGGGFDYW_CQSYDSSLSEGVF;CAHGRDYDSSSLPFDYW_CQQYNSYPYTF;CARAGAYYYGSAIDYW_CQQYGSSPGLTF;CAKGSSHSGGWFDPW_CQQYNSYWTF;CARDLLRAYSSSSTSSIDYW_CQQYYSYPRTF;CAKDVSGYLDAFDIW_CGTWDSSLSAGWVF;CAREGSRYFDYW_CQVWDSSSDHYVF;CASHDSSGYYLLDYW_CQVWDSSSDHVVF;CARYCSSTSCYTTYYYYYYGMDVW_CQQYYSYPLTF	15	98	CAKDFHRLTLLRYCSGGSCYSAFDIW_CCSYAGSSTYVF;CAKRPDTTGRSWYFDYW_CQQYNNWLWTF;CAKFDIAAADTGKGEDYW_CMQGTHWPPLTF;CAKDSLFDRIILIATDIW_CAAWDDSLNGWVF;CAKYPSFSSRRWYFDLW_CQQYNNWPPPYTF;CAKLPSYSYGPFDYW_CQVWDSSSDHPVF;CAKDRQQLVIDAFDIW_CQQANSFSYTF;CARRRYYGGNSNKGWYFDLW_CQQRSNWRTF;CAKVLGFGPHYDILTGYYPFDYW_CQQSYSTPLTF;CASVQWLVDYW_CQQSYSTPMYTF;CAKDQSPSAKNGDYVSFDYW_CMQALQKTF;CAKDLRFLEWLLPYYYGMDVW_CMQALQTPWTF;CAKDPNYWRYFDWLTGYYFDYW_CQQRSNWPPWTF;CARDGGFGGSWLDPW_CQQRSHFRTF;CAKGEQFIAVNNWFDPW_CQQRSNWPITF;CAKDIRGNSWYGDSEGIW_CMQGTHWPYTF;CASGMVDFDYW_CMQGTHWPPTF;CAKGDSRYWYFDLW_CQQRSNWPLTF;CARGSISSQRWFGPW_CQQYNYYYTF;CAKWGHSSWYDNWFDPW_CQSADSSGTYVVF;CARGGAVLRYFDWEPQGPLEDNWFDPW_CQQRSNTWTF;CARNMASGMDVW_CQQRSNWPLFLTF;CAKMGASRWGPSYYFDCW_CQQYGSSPRTF;CAHRPLDILTGYRVDYFDYW_CQQSYSTLGTF;CAKDHPTNWFDPW_CQQYYSYPRTF;CAKAQNYYDSSGYYPFDYW_CQVWDSSSDHSVVF;CAKAPESSAYYGPDYW_CAAWDDSLSGHWVF;CAKGATSCAYW_CQQSYSTPRTF;CARGRLGGYSLPGFDYW_CNSRDSSGNHVVF;CARAIWYYDILTGYYSYYGMDVW_CSSYAGSNNLEVF;CARARGDFWSGYTHWYFDLW_CQQRSNWPPWYTF;CAKASARYCSGGSCYGTAFDIW_CQQSYSTPVF;CAKFHDSSGYYYLYGFDYW_CQAWDSSTYVF;CAKGAAASRTDYW_CQQSYSTPPYTF;CAQTGILTGYPRVGNAFDIW_CQQRSNWLGFTF;CAKDEWERGAFDIW_CQQYNSYSPWTF;CAKADLLYSGSYGAW_CQQSYSTPYTF;CAKDGIVVVTAIKFGHGMDVW_CQQANSFPYTF;CAKRLDYW_CMQATQFPYTF;CANISPPPRYYGSGSYYNFAFDIW_CQQLNSYPFTF;CAKDYDSGSYYEGGAFDIW_CQQRSNWPLTF;CAKEDYNSGSCLDYW_CQQLNSYPQVTF;CAQIAAAGTMGFDYW_CQQRSNWPSLTF;CAKVRGIVGATPCYFDYW_CQVWDSSSDHPVF;CTTEVCSGYDCDLGDYW_CQQRSNWPTF;CARSVDTAMGNAHDW_CQQYGSSPPTF;CAKDRGYRGDYSNWFDPW_CQQYNSYPRTF;CARDRPPYSNYVIYGMDVW_CQQRSNWPPLTF;CAKPSIVATIWAFDYW_CQQYDNLPPITF;CARDHKQWRVSYVWFDPW_CQQRNTWPRPTF;CAKGRYSSSWYEDWYFDLW_CQQRSNWPPLTF;CARDISKGAAGTGDWFDPW_CQQRSNWPLTF;CAKDAEGQGPVLLWLGGMDVW_CQQYNSYSYTF;CATGIAVAGTLGYYGMDVW_CQQYNNWPRFTF;CAKGTHYYGSGSMWGMDVW_CQQRSNWPPYTF;CAREGEITMIVANDAFDIW_CQQSYSTPPTF;CATSDWSW_CQQRINWPITF;CAKASVAVAGTGGMDVW_CQVWDSSSDHVVF;CAKFFVVLSFWSGYYDYW_CQQLNSYPQTF;CAKGRNFVVVTAICDYW_CQQYGSSPLTF;CAKSLKLFAIDYW_CQSADSSGTYWVF;CANDRDASSAWYGPVGYW_CQQHYSTPGTF;CAKGGYCSGGSCPLDYYYGMDVW_CMQALQTPLTF;CARARSSGWYHYW_CQQRSNWPPTF;CAKDHDEGATTYFDYW_CQAWDSSTVVF;CAKDSRYSLLIAVAGTEDYW_CQQRSNWPWTF;CAKDRGPAEKYYYDSSGTQLIGAFDIW_CQQYYSYPPGTF;CAKVEGIWFGELSDFYYYYGMDVW_CQQRSNWPLTF;CAKALHAAVVGPAAIPFDYW_CSSYVGSNNYVF;CAKDHLMITFGGVGQGVPWFDPW_CQKYNSAPRTF;CAKAEGVKYNWNYGDYW_CQQSGSSPPTF;CATDLNLAVAGEGGYW_CQQRSNWPLTF;CARDSYDFWSGYTPPNYYYYYGMDVW_CQQRSNWYTF;CAKETLGAVDYW_CCSYAGSSRVF;CAKAAMVRGVIDWYFDLW_CQQYYSYPPFTF;CASATTVSHW_CQQRSNWPLTF;CAKGGGADFDHW_CQQYSIWPLSF;CAKDRDGYNADDAFDIW_CQQSYSTPLTF;CAKSYGSGSYYRTSEYYFDYW_CQQYNNWPPGTF;CARDCSSTSCLAYW_CQLRSNWPTF;CAKRDSSSWGWDRGAFDIW_CQQLNSYPGFTF;CAKGFDYYGSGSYSPFDYW_CQQYNNWPPEYTF;CARHEKGIAAAVYYFDYW_CQQRSNWPLTF;CAKDGRWELGTFDIW_CQQYDNLPQF;CAKDRRLGPWIPDYW_CQQYDNLPQAF;CAKDVTDGYNIPYYFDSW_CQQRSNWPLTF;CAKDRCTITSCSYQNW_CMQALQIPPTF;CAKDRSFDYPDYW_CQQYYSFPYTF;CTSWAIPQALTDYYYYGMDVW_CQQRSNWPPSITF;CAKLGEEDGSGSPSYYYYGMDVW_CQQYNNWPPLTF;CAKILYSSGWWGGAFDIW_CQQYNSYPLTF;CAKDDDRGYGWFGELLGRYGMDVW_CQQRSNWLLTF;CAKDKASSWQDRYYYYGMDVW_CVLYMGSGIRVF;CAKVGVGATSHFDYW_CQQSYSTPRYTF;CAKDLPRSVVVTANSYYYGMDVW_CQQYNSYPVTF;CTTPTWGNYYYYGMDVW_CQQRSTGRDTF;CARVFRRYGSGSYYNLW_CQQRSNWLTF;CARDPGDYVEIEWYFDLW_CQQRSNWPRLTF	0	NA
5	441	NA_CQQYDELPVTF;CATTYYYDSSGYYQNDAFDIW_CQQYYSYPRTF;CAREIEGDGVFEIW_CMIWHSSAWVV;CARHIRGNRFGNDAFDIW_CQQYYSFPYTF;CARRLITMIEGGAFDIW_CQVWDSSSDHVVF;CAKVMIEHPSNRGHFDYW_CMQALQTPYTF;CTTDDEKRPYSGSYLPFDYW_CQSYDSSNVVF;CARGGRVSVAVYWDYYYYGMDVW_CQKYNSAPFTF;CAHSAQYYDILTGYYKAPWGGAFDIW_CQQYNSYSWTF;CARDDFGGATFYSSFDYW_CQQSYSTPYTF;CARAAKIFGVVTAFDIW_CQQYGSSPWTF;CVKDYSTSGWYYFDFW_CQQYGSSLPYTF;CARVVPAAFYGMDVW_CQQYGSSLFTF;CAGGSGYCTNGVCYPRGFDYYYGMDVW_CAAWDDSPPWVF;CAKDDTAMVTADFFDYW_CQTWGTGIWVF;CARTPRWLQCFDYW_CQQYNSYSWTF;CARDQWLAYYFDYW_CQSYDSSNHWVF;CAHRYYSNIDYW_CMQGTHWPWTF;CARDWGYYDSSGYSPRGYYYYYGMDVW_CQQLNSYSFTF;CAKDRVGYGDYVDYW_CQQYNNWPPWTF;CARLGSSPYYW_CQSYDSSLSGYVF;CTRYYGDVW_CQQYYSFPWTF;CAKDHYYDSSGYYSGLGYW_CQSADSSGTYRVVF;CATGLVVPAAILYGMDVW_CQQYGSSRGLTF;CAKDDGDAAAGLIYW_CAAWDDSLSGVVF;CAKDGGGEEALELPDYW_CGTWDSSLSAVVF;CATLRYPSLGVDYW_CHQYNNWPFTF;CARKDSSGSDAFDLW_CQQSYSTPYTF;CARDVVQLWYQIDYW_CQQSYSTPPNTF;CAKYVDTAMNQFDPW_CQQANSFPITF;CARGLHYYDSSGRSLYYFDYW_CQQYGSSPPGQTF;CANQPPSLYW_CQQYNNWPGTF;CARVGYDYVWGSYRYTGVMDVW_CSSYAGSSYVF;CARGRPYYYDSSGYPYDAFDIW_CMQALQTPLTF;CAKERVVTAIPVVIFDYW_CQQSYSTPRLTF;CARPYGDYAYFDYW_CQSYDSSLSGYVF;CARDWWERQDSKRPDYFDSW_CQQTNSFPITF;CARHSNDGSDYFDYW_CQESYGALLTYTF;CASTEIEMLVPRYCSSTSCYFVWFDPW_CGTWDSSLSAGHGVF;CASASSTGTDAFDIW_CQAWDSSTHVVF;CARDGSWYAAWFDPW_CQSYDSSLSGSVVF;CARDPSLGDPGWGYFDYW_CQQYNSYSTWTF;CVREMTGSFTGGLDPW_CMQGTHWPPTF;CAREVNTAMAYYYYYYGMDVW_CQQYGSSQWTF;CARERRGGGHYYDSSGYYLSDYW_CQQSYSTP;CARGGGYSSGWATREVVYW_CQSYDSSLGAVF;CAKVPTVTTFLGYYYGMDVW_CQQSYSTPWYTF;CARDLRPAANFDYW_CQVWDSSSDYVF;CARLSYSSSWYYFDYW_CQQSYSTLYTF;CARVPKVRYCSSTSCYKDYYYGMDVW_CQVWDSSSDSWVF;CATWHYYDSSGEDGMDVW_CQQYNNWPRTF;CARGRSSWHLDYW_CMQALQTPFTF;CARDPWELHGFDYW_CQQYGSSSFTF;CAREAYYYGMDVW_CNSRDSSGNHNYVF;CARDRSVVTMVRGVIPFYW_CCSYAGSYTVVF;CARHEKMNYYDILTGYSPPYYYYYGMDVW_CQSYDSSLSAYVVF;CAHYQGIAVTGTWFDPW_CQSYDSSNVVF;CARESSSWFPYW_CQQSYSTPFTF;CARERDYSPGRYYGMDVW_CGTWDSSLSAGVF;CARHPTPAAMVGYYYYGMDVW_CQQANSFPLTF;CARDGPMTAIGGYGMDVW_CQSYGSLGGSVF;CAKGRTTEGTDAFDMW_CQQVHSYPITF;CAKDRSSLLWFGELLYMPEEYGMDVW_CQQYNNWPLTF;CTNYGMDVW_CSSYAGSNNWVF;CARVDSFAPNSGYGAQLLNWFDPW_CQQYNNWPLTF;CAREDYDTASFGYW_CQQYDNLPYTF;CAKDFGRGSYHRAEYFQHW_CQQYNNWPPWTF;CARGGSLPLITMIVGFFW_CQQYGSSPEYTF;CTREAEMATISIDYW_CQVWDSSSDHVVF;CARDAPIWDTAIVYW_CQQYGSSLPWTF;CARLLVSAYNWFDPW_CQQSYSIPAF;CARIPMTTVTSYGMDVW_CQQYGSSSITF;CARDDEWEPYDYW_CCSYAGSSTYVF;CTTVLRYFDWLLSDYGMDVW_CLLSYSGARGVF;CAIGTGIVGTTFPREYW_CMQALQTSWTF;CAKDMELGWLIDYW_CMQALQTPLTF;CARETVVTPQNAFDIW_CAAWDDSLNGYVF;CARERNIVVVPAAETFDYW_CQQYNNWPPLTF;CARIGFGEYDYGMDVW_CQSYDSSLSVVF;CARGVGATDFDYW_CQSYDSSLSGVVF;CARDPSNWGSFGYW_CQAWDSSTYVF;CARVDGYNYSFDYW_CQQYNNWWTF;CAKEPYGGNSFVYYFDYW_CQQYGSSPGLTF;CAKAEWGGTENYIPYYFDFW_CQSYDNNNLIF;CARSHCSSTSCYPNYYYGMDVW_CQQSYSTPRTF;CARDFGERYCSGGSCYSFDPYYYYGMDVW_CLQHNSYPWTF;CAKEYPGPGQLDDAFDIW_CQSYDSSLSGKVF;CARVDTAMVTGLAISPPWDYGMDVW_CQQYNSYPWTF;CAKDIGDGSGSNSQKRDYYYGMDVW_CQQSYSTPRTF;CATDPYNSGWFASLKNQVLYYW_CQQSYSTPQTF;CAREHTGGWLQRYIDYW_CQSADSSGTYPRVVF;CARGYCDSTSCYAVGYFDLW_CQTWGTGIVVF;CARDPDPNWSKDWFDPW_CQQYNNWPPLTF;CAKGRYSFGLDNFDYW_CQQDGNSPTF;CASRAVQSSGWRQDYYYGMDVW_CQSYDSSLSGVF;CAREASEGPW_CQSYDSSNSWVF;CARLGGYSSRGNWFDPW_CQQSYSTPPYTF;CARDPHHTFGGVLVW_CQKYNSARTF;CAGYYYDSSGYLSSFDIW_CQSYDSSLSVVF;CARLPYRYSGSSNDAFDIW_CAAWDDSLSGPVF;CARAGYGDYVGDFDYW_CQSADSSGTYVVF;CARDYYGSRSDSGMDVW_CQQSYTTPYTL;CAKDGREAAAGTDYYYGMDVW_CQAWDSSTVVF;CARDSPGWGSSGFYYGMDVW_CQQYGSSPRYTF;CARVSGDTMIVVVHRDGMDVW_CQQYNSYSVTF;CAKNLATTGSHW_CLQDYNYPRTF;CAKDGGRGVVIIFYFDYW_CQQYGSSPITF;CARGIAVVTLWGPFDIW_CQQYNNWPRTF;CARDRWVPAAVPHYYYYGMDVW_CQQANSFPLTF;CAREGAAGPPPGHYYYYGMDVW_CMQALQTPFTF;CAKQGHFTDTKRIDYW_CQQYDSYPITF;CAVIPVTGQEASLSAEYFQHW_CQQSYSTPFTF;CARDSPSSGSYGLFDYW_CQTWGTGIRRVF;CASPGGGLLWFGELFRSYFDYW_CVLYMGSGFWVF;CAHRPVSDDILTGYRYNWFDPW_CQSYDSSLSGSVVF;CARGFIGYNFDSW_CQQSYRTPITF;CAREEGYCSGGSCEYNYYYGMDVW_CQQYGSSLITF;CARGRRVFLALSYW_CQQYGSSPHTF;CARGAGRIGQVDVW_CQQYNNWHTF;CARGYYDSSGQSLDYYYYGMDVW_CQQYYSYPFTF;CARTGKNGSGSYWFDPW_CQQYRTF;CARTDIVATPDGGFDYW_CQTWGTGIHVVF;CAREGFYYYGSGSVSGGNWFDPW_CQVWDSSTVVF;CAKVPLGWGAAGGAYFDYW_CQQYGSSPATF;CARVGCSGDTCYSYDWFDPW_CGTWDSSLTAVVF;CARGGILTGKLSDYW_CQQYDNLPTF;CAHGLTGYYTYYFDYW_CQQYYSFPPTF;CARQVGANPFADYW_CAAWDDSLSGPVF;CSVYDAERGYFDYW_CCSYAGGDTSYYVF;CARLYGDYGDYW_CNSRDSSGNLFVVF;CARPYSSSWSPMDVW_CQSYDSSLSGHVVF;CARDKGYSSSWYIRSSWFDPW_CLLSYSGARLVF;CARAVCGDDCYLLDSW_CAAWDRSLGAVVF;CARTTTVVTGDAFDIW_CQSADSSGTYPVF;CAKGRGDYYYYGMDVW_CQQYDNLPITF;CTTGGALNYW_CQAWDSSTACVF;CARDLTTRDYSDAFDIW_CQQYGSSPRTF;CARAGLEINTPDSSGYYYGGGYFDYW_CQQYDNLPPRRFTF;CAKDHGYDFWSGYSDAFDIW_CQQSYSTPLYTF;CARESGYTNYYYYGMDVW_CQQYNSYPLTF;CARKYQLPYYYGMDVW_CQQSYNTPDTF;CARDSTYYYDSSGYPVSDAFDIW_CQQSYSTRRYTF;CAREVYSSSTNWFDPW_CQVWDSSTDVVF;CARANAEYSSSLLFDYW_CQSYDNSLSAYVF;CAHSPYDYVWGSYRQSWFDPW_CQAWDSSTVF;CTTIYYDILTGDYW_CMQALQTPITF;CARLDYDFWSGTPERMDVW_CQQYGSSPPWTF;CARVRKNWNYDLDDWYFDLW_CQVWDSSSDHYVF;CATRRVRGEGLAYW_CQQYNSYSRTF;CARNYDSSGYYVPPYFDYW_CQQYNNWPPYTF;CARDPANYFDYW_CQQSYSTLWTF;CAREESSSWYRYW_CQQYGSSPLTF;CARIVQGGSYLSGGIDYW_CMQSIQLLFTF;CARDRLIIRFLERPNWFDPW_CCSYAGSSTPVF;CAREYSNNWYFFDYW_CQQYAGSPLTF;CARVSGVGTSFAGFDPW_CQSADISATVF;CAREPTPRYSGSYRGFNYFDYW_CQQYYSFPLTF;CARAADYCTSASCPNEYFQHW_CQSYDSSLSVF;CARGRMTVHNDDSGFPEYLYYYGLDVW_CMQVMDNPRTL;CATSRVAVAGVDYW_CQSYDSSLSGVVF;CARDLGIAVAGRVEGYFDYW_CCSYAGSYTLVF;CARDVSNVLVIAVSPSWFDPW_CQQTYSIPYTF;CARDAPDRGSSWYSALFDYW_CQQYNNWPPTF;CARRDGGYCSSTSCSFDYW_CQQYNSYSPTF;CARAEIFGVVIQAFDYW_CQSYDSSLSGSVF;CVKKVIGFDDW_CQQSDTFGYTF;CAKGMDGSGSYYNKDGMDVW_CQAWDSSTGVF;CARVNGLLGEYYYGMDVW_CMQALQTPPNTF;CAKDWAVGWEFVDSW_CQQSHTVPLTF;CARDEGAAAYFDYW_CCSYAGSSTCWVF;CARAAGYCSSTSCYEIYYYYGMDVW_CQSYDSSLSVPF;CTRSYVLRFLEWFSPFDYW_CQQYGSSLWTF;CASSGSYQGNWFDPW_CQQSYSTPYTF;CARSPPRYDLSLVDAFDIW_CQQYNSYSTTF;CARETIAAAGSNFDYW_CQQSYSTPRTF;CARVSGYSYYFDYW_CQQLNSYLLTF;CATYIAAPRDYYYGMDVW_CMQALQTPYTF;CATGKTYSAPHAYYYFDYW_CQQANSFPRTF;CAKEVHSSGFDYW_CQSADSSGTYPWVF;CTTDHIVVVTAMIFGYYFDYW_CQQLNSPLTF;CAREGPTVTKFDYW_CQSYDSSLSGSVF;CEVKAAAGNFYW_CSSYAGSVVF;CAKDIEGGSGYYLTPGGFQHW_CCSYAGSSTFVVF;CARDAMAIGDYYYYGMDVW_CQQLNSYPSLTF;CARREGAGYDILTGSYYYYYGMDVW_CLLYYGGAQLGVF;CTTRLWRISQYYYDSSGYGHFDYW_CQSADSSGTYVF;CARTTLLAAAIDYW_CQQYYSFPYTF;CARAKAARPTPTYYYYYYGMDVW_CQAWDSSTGDVF;CARSGYDSSWVGYDFDYW_CQAWDSSTPVF;CAREGLEIDAFDIW_CQQSYSTPWTF;CAHTSAYYDSSGYYPPFDYW_CQQSYSTPLTF;CARATQDSSGWYGFWYFDYW_CQQYNNWPPTF;CARMLVVVAATGYYYYGMDVW_CQQYGSSQTF;CAREAYDSSAYSTIDYW_CQTWGTGIHVF;CATSLVVVPAAILRGGVGGHYYGMDVW_CGTWDSSLSAVVF;CARSAGSSGSFEYFQHW_CQQYGSSPLYTF;CARRLFLYSSSGYYFDSW_CQQASSFPPLSF;NA_CQQSYNTPRTF;CARGGGAVAGTIDFHYW_CCSYAGTDLWLF;CAKDRGYYDSSGYYYSDYGMDVW_CQSADSSGTYVF;CAKDGFGGASDHW_CQHYDRSPWTF;CARAIQMGCSDGSCLW_CQQYDNLPSYTF;CARKGRWLPDGDDAFDIW_CQQYYSYPLTF;CARAGLRSWFDPW_CMQSIQLPNTF;CARHSYGAYYYYGMDVW_CQQYGGSPLFTF;CAAGVMTARYDYW_CQQSYSTPLTF;CAHFMTTVTTGYFDPW_CIQVRQTPFTF;CAREGGGDILTTYYYYGMDVW_CQQYGSSTRALTF;CARGFGGGDYRSMDVW_CQQLITYPITF;CARTTYGGNSLNWFDPW_CQVWDSSSDHPVF;CARGYGSGNYYYYGMDVW_CMQALQTPWTF;CARSNYDILTGLDYW_CMQALQTPYTF;CAREDSGSYGYFDYW_CQQYNNWPQTF;CARRVLYYRFDPW_CNSRDSSGNHLF;CARGDYDYVWGSSPDAFDIW_CMQGTHWPLTF;CARDVRGYYYDSSGYSGEGYWW_CQQSYSTPYTF;CTRDRYSSSWYKGLYYYYGMDVW_CQQSYSTPYTF;CARVFFRVVYAMAYW_CQQYNNWPPMYTF;CASSLRYFDWTVNNWFDPW_CQQYGSSPQTF;CTRGYCSSTSCYTGWFDPW_CQAWDSSHVVF;CARDGRWELLGNQHW_CCSYAGSSTYVF;CARVYYDSSGYYYFDYW_CQQSYSTPWAF;CARGRVRWELLGDDAFDIW_CQQYDNLPLTF;CCTYVFVGIVPTIVDYW_CQQYNDWPPAGTF;CARDIQYYYDSSGYDAFDIW_CQQSYSTPWTF;CATSWGIAALYGMDVW_CNSRDSSGNPYVF;CAKDYPVAGDLDAFDIW_CCSYAGSSTWVF;CARANWDNWNDGLDYW_CGTWDSRLSSYVF;CARAGYCSSTSCSKEDVW_CQQSYSTPPRTF;CAREPLGGDYYYYYYGMDVW_CQQYGSSPTF;CARLSLRARFRGAFDIW_CCSYAGSYSVVF;CAHSLPSDIDYYYDSSGYSPSPPLFDYW_CQQYNNWPLTF;CASGYGGKTYYFDYW_CQQYGSSPGTF;CLGRELGHSW_CLQHNSYPWTF;CTAVLRYFDWLLMEAHENYYYYGMDVW_CQSADSSGGVF;CARDRSRWEFLYYFDYW_CQQYGSSGYTF;CARARYYDSNSYSYAW_CQTWGTGIWVF;CARLDYYDSSGYYDW_CQTWGTGIPVF;CARDYIAVAGPGENWFDPW_CQQSYSTRTF;CARDRGGYGVRWFDPW_CQQYDNLPPTF;CARRGNAIFGVVTHYYYYGMDVW_CMQALQTPLFTF;CSNYDILTGYYWFHYW_CQQYNNWPFTF;CASSFLDTSIVEYYFDYW_CATWDDSLSGLF;CARIVVVVTSRWFDPW_CQVWDSSSDHYVF;CARSLEWLDDYW_CQSYDSSLSGSVF;CARDAYGGYSFYYYGMDVW_CQQYGSSPFTF;CAGGSGSYYHLDPW_CQQANSFPYTF;CARPRLDYGDYGAGLGYW_CQKYNSAPFTF;CARDRGLRKKYFQHW_CQQYGSSPSTF;CVSQLYYLDGRGYYYDYYYDYW_CLQHHDYPWTF;CTTVSPYGDYVGVYFDYW_CQQYYSYPPTF;CAKDFMEYYYYGMDVW_CSAWDSSLSAVVF;CARSPGSGSYTW_CQQYGSSPLTF;CARLPYAGGPYYYYGMDVW_CMQRIEFPFTF;CARGKPRSLELWSFYYYYGMDVW_CQQSYSTPPTF;CAMGGYDSSGVQLDYW_CAAWDDSLSGYVF;CAHRYCSSTSCYGLGDWFDPW_CQSADSSGTYLVF;CARHSEGLGPVDYW_CGTWDSSLSAWVF;CARAIFGVVSVMGFDYW_CMQALQTLTF;CAKSMKSFDYW_CQQSYSTPLTF;CTTEGGDGYNSFDYW_CQQYDNLPITF;CARDTTYGDYYYGMDVW_CQSADSSGNWVF;CARDGKGYSYGSGNYYGMDVW_CQQSYSTLYTF;CAHRTTTYYFDYW_CQQYNSYPYTF;CTTDLVWFGELANAFDIW_CLQHNSYLPEWTF;CTRGGTLGARSGYYDYYYGMDVW_CQQYNSYPLTF;CAKDEGRVVAVAGTGEHAFDIW_CQQYNSYSPTWTF;CAKDITIFGVVISHLDYW_CLQDYNYPLTF;CARTYYYDSSGYRNAFDIW_CQSADSSGTYPVVF;CAKCFYYDSSGYYYYYYGMDVW_CCSYAGSSTLVF;CARDLLSISGSPFDPW_CQQRSNWPPGGGGLTF;CARGGINGGAYFDYW_CQQYGSSPWTF;CARDRGPAGLDYW_CQQSYSTRYTF;CARRGYYYDSSGYYYDWFDPW_CNSRDSSGNRVVF;CAKGLNTAMVSYYFDYW_CVLYMGSGIWVF;CAKDIREGWSSGYYPVLDYW_CQVWDSSVVF;CAKDSPSGYYYYYYYGMDVW_CQQLNSYPITF;CARDRIAAADHNWFDPW_CAAWDDSLNGWVF;CARDIGGIAAAGSPPSAFDIW_CQQYNSYSTF;CAHSYYYGSGRGGWFDPW_CQSADSSGTYVF;CARDGSSSIFDYW_CNSRDSSGNHVVF;CAKPLRFGYSSSSCFDYW_CSSYAGSNNYVF;CAHTGFESLDYW_CQSYDNSLNGLGVF;CARDEDYYYDSSGSVDYW_CQQSYSTPWTF;CARQIAAAGPENWFDPW_CQSADSSGTYLVF;CARGLPVDVW_CGTWDSSLSAGHVVF;CARLIYYGSGRFGAFDIW_CQQYDNLPWTF;CARNEITIPLDVW_CQQYGSSPLVTF;CTTDHGDAYNYRW_CQQYGSSPRTF;CARDHRMNIAVAGTNWFDPW_CQKYNSAPLFTF;CARALREEQWLNNAFDIW_CQQYYSYPTF;CAHRPPYYDSSGYLSW_CQQYGSSLWTF;CARHYVDTAMVINQYYFDYW_CQSYDSSLSDVF;CARDNYDILTGHYGMDVW_CAAWDDSLSGLYVF;CAKDSSSSDWFDPW_CQQYYSYPLTF;CARDYVAVAGTLDYW_CQQYYSTPYTF;CTRDLAYSNYEPPNHNWFDPW_CLQHNSYPLTF;CARERYYYYGMDVW_CYSTDSSGNHGVF;CAKEGITGYYYYYGMDVW_CQQSYSTPHTF;CAKVALRYFDWLPPYFDYW_CQQYYSYPQNLTF;CARAHDSTGYQDFDYW_CQQAKSFPYTF;CARVGVYGSGSYLVGGDYW_CQQSYSTPWTF;CARGPYYGSGSGEFDPW_CQQYYSYPLTF;CARGSCYSSACYYYYGMDVW_CGTWDSSLSAVVF;CARDFDAAEGAFDIW_CQVWDSSSDPTFYVF;CARGAHSSGYYIDYW_CQQYYSFPFTF;NA_CHQYNNWSSWTF;CAREQDFGGNPFDCW_CMQVLHIPRAF;CARGTMVRGHYYYYGMDVW_CQQSYSTPLTF;CARGYSYGYLDWFDPW_CQSYDSSLSGVVF;CARAAPYSSSSLDYW_CQQSYSTLTWTF;CARRRITMNDYFDYW_CQSYDSSLSGVVF;CARGPDGGAFDIW_CQRGLTF;CARDLIARTALTYYYYGMDVW_CQSYDSSLSGGVF;CARYGVYGDYPGALFDYW_CAAWDDSLSGLWVF;CAKDRRGCSSTSCYTFDYW_CQQSYSTLSF;CARVSGYNSYYFDYW_CQQSYSTPRTF;CAAPSPRFTSSTGGGMELPLHVW_CCSYARGSSLVF;CAKDARWRPRVASIDALDIW_CQQYNNWPRTF;CARHIERYCSGGSCYEALDYW_CMQALHPITF;CASYLEMATRYYFDYW_CLQHNSFWTF;CARVTRVTQSNDFWTSYYTDCFDAW_CYSTDSSGNHKVF;CARLYSSSWTNYFDYW_CQQYYSYPLTF;CARGTVYSVPGGHYGDYVRDPKYYYYGMDVW_CQSADSSGTWVF;CARGAAGVRGPIGYW_CAAWDDSLSGWVF;CARVAVAGTTNWFDPW_CQQANSFPYTF;CARVLGGPGATTFDYW_CLQDYNYPWTF;CARTPVSTSYDSPGWYSSGWFFDYW_CQTWGTGIHVVF;CARTMVRGVTPADAFDIW_CQQYNSYSSTF;CAKSMGATILHAFDIW_CQQYNSYPLTF;CARANSGSYSFFFLRLDYFDYW_CQQYNNWPLTF;CARAAGTGGYYYGMDVW_CVLYMGSGISVF;CARAGQFGDSYYYYYYGMDVW_CLQDYNYPQTF;CAHFTKRPTDAFDIW_CNSRDSSGNHRVF;CAAGFGLSGSYIHYYYYGMDVW_CQQYGSSPPLTF;CATDNWNFGADSGFGYW_CMQGTHWRTF;CARVLGSFSFGYDGFDIW_CQQLNAYPTF;CARDPGIAVAETVYYYYYYGMDVW_CMQALQTPPTF;CARTVGAGYKIGKGYFDYW_CQAWDSSTVVF;CARDQDLAALNYW_CGTWDSSLSAKVF;CTTENVLLWFGEPEYYYYYYGMDVW_CQSADSSGTYAVVF;CARSLFEGTVMAFRAEHMDVW_CQQYKTFFAVSF;NA_CQAWDSSTVVF;CARPPSHDSPMYHYW_CQSADSSGLWVF;CARDTMWWSYGMDVW_CCSYAGSGEVF;CARLRRYSSGYYYIAGDFDYW_CQSYDSSLSGVVF;CARDKGGTTVTTSNWFDPW_CQQYDNLPLTF;CARDGGGYYQKKGYFQHW_CGTWDSSLSAVVF;CARDDIVVVPAAIDYW_CQSYDSSLSGPYVF;CARKFDCW_CQQYGTSLPVTF;CARGVLRFLEWLSNMDYYYYGMDVW_CMQALQTPRALTF;CAKDGSYYDSSGYSDYW_CQQYNNWPPWTF;CAKDKSYSVEYW_CMLFMGSGIWVF;CAKADVRSNWNDMHFDYW_CQAWDSSTVVF;CARATPRGYGGNSLNWFDPW_CQQYNSYPFTF;CAEGYQLPGLYYW_CNSRDSSGNHLF;CARHAGSGSYYFWFDPW_CQQYGSSPYTF;CAKDLQIGYCSSTSCRNAFDIW_CQQYGSSPPRVTF;CARGRGSYFDYW_CQQYGSSLWTF;CARTCSSTSCYTYGMDVW_CQQYNNWQYTF;CAHRGYSYGPLFDYW_CLLYYGGAQLVF;CARLPTLRYGSGSYYNGALDYYYGMDVW_CMQALQTPLTF;CARSIAAASPFDPW_CQQYDNLPPTF;CARGPPYGHLGYW_CQQYNNWPPITF;CAKDILGGGYFDYW_CQTWGTGMGVF;CAKDASYGYLFEYWYFDLW_CQQYNNWPPWTF;CARFGAKNYYDSW_CQQYNNWPGTF;CAREKWLRPQLDYW_CQQYGSSPKTF;CVKGPYYDGSGNSFGRKAFDIW_CQQYGSSPYTF;CARGASKGNQPALHYGMDVW_CQQSYSTPPAF;CATTLASPTHDYGDYEGGYMDVW_CQQYGSSPLTF;CALGIDAFDIW_CQQYNNWPKTF;NA_CQSYDDSLSGTVF;CARGFYYGSGSPLSGMDVW_CQQSYSTPRTF;CAKDPAASGSPWYFDYW_CQQYYSFPRTF;CAREVSRQSGSRPIKWFDPW_CQQSYSPPPLTF;CTPSLETYGDYALGYYW_CQSADSSGTYPYVF;CAKDFGGPLQFDYW_CQQYGSSPRTF;CAKDMLFSNNYW_CQTWGTGINWVF;CARDENHLYYGDLAYW_CQQSYSIPRAF;CARGSRLLLWFGELKVGPGFDPW_CQQYNSYWTF;CAMKGGRDGYNTRVYYYYGMDVW_CCSYAGSSTPYVF;CAKDIGPTNCSSTSCHAYYYYGMDVW_CQQYNSYSTF;CWRDRREAPIEMEVASTRG_CMQSTHWPYTF;CTRHTHCSGGSCYDAFDIW_CQQSYSTPRYTF;CAREPPHGSGTDYNWFDPW_CQSYDSSLSAYVF;CVKDLYDTGSYYYFDYW_CSSYTRSSTLVF;CSRHEGVGGNSDYW_CVLYMGSGISMF;CARNHDYGDYMFGGMDVW_CQSADSSGTYVF;CTTSGGDW_CMQSIQLPRTF;CARDRTSFGYSYGNIDYW_CQTWGTGILVF;CAKDELASYGGVGYYW_CQSADSSGTYFWVF;CAREPKHSGYCSSTSCYIGNWFDPW_CQSYDSSLSGNVVF;CARASWDSSSWGLGFDPW_CQAWDSSTGVF;CARTRVRGVISPFDYW_CQQANSFPPTF;CTREYYDFWSGDYW_CQQYDNLPLTF;CARDGGRGSGWSTPDYW_CNSRDSSGNHVVF;CARHYDFWSGDNPYWYYYYGMDVW_CQQYGSSPPWTF;CTTTTADIVVVPAAIQTVDYW_CQQYDNLPLTF;CAIMVRGVIGSYYYYGMDVW_CQQSYSTTWTF;CAKDNGYGGNSLQHW_CCSYAGSSTLVF;NA_CQQSYNTLWSF;CARARYRRDGYHNLYAFDIW_NA;CARGFSETGPGYKRFYYYFDLW_CQQYGSSPQTF;CARVKGDYYYYYGMDVW_CMQALQTPHTF;CARDPPLYSSGWFTGDYW_CQQYNSYPRTF;CAKDGGEHRGNDYW_CQVWDSSSDHYVF;CARGYDFWSGYLPHYGMDVW_CQVWDSSSDHPGVF;CARETKQYIDYRSPTVGRPYDYYYGMDVW_CLLFYGGAQLGVF;CAKGVWESTTEDAFDIW_CQQYNSYSPFTF;CAKDQGYCSSTSCYPYYYGMDVW_CQAWDSSTVVF;CARLGGYDSTFDYW_CSSYTSSSTYVF;CARVAAAGTYFDYW_CQQYGSSPETF;CARINQHGSGTYSPDYYYYGIDVW_CMQALQTPMYTF;CARKSIAAAGLPYYYYYGMDVW_CMQALQTRFTF;CAQGGYSYGYYDYW_CAAWDDSLNGVVF;CARQRGGTAVPVYYFDYW_CQQYGSSPLYTF;CARALYYDSSGYQPNRYYFDYW_CQSYDSSLSGYVVF;CTRALNSNHFDYW_CQQANSFPLTF;CARVTDPDAFDIW_CNSRDSSGNHYVF;CARSAWHPAATGGMDVW_CLQDYNYPYTF;CARVSLVVPQQFDYW_CQAWDSSTVVF;CAKVPGYSTGWYYFDYW_CQQCDSSPEWTF;CAKDSTCSSTSCYRGYYYYGMDVW_CQQYYSYPITF;CARGRNGGNRFDWFDPW_CQSYDSSLSGSGVF;CARGKNWFDPW_CQQYGSSPLTF;CASGYSSGRPDYW_CQQYDNLPITF;CARLSDGDYTFDYW_CQQYNSYWTF;CARGGTAGYSYGYAYW_CQAWDSSTAVVF;CAKDIVVVPAAPITLYYYYGMDVW_CMQALQTSFTF;CARWRLYYDSRGYYYGMFDYW_CQQSYDTPLTF;CARSRRIVGATSFDWFDPW_CQQYNSYSRTF;CASEDSGYGGGFDYW_CQSYDSSLSEGVF;CAHGRDYDSSSLPFDYW_CQQYNSYPYTF;CARAGAYYYGSAIDYW_CQQYGSSPGLTF;CAKGSSHSGGWFDPW_CQQYNSYWTF;CARDLLRAYSSSSTSSIDYW_CQQYYSYPRTF;CAKDVSGYLDAFDIW_CGTWDSSLSAGWVF;CAREGSRYFDYW_CQVWDSSSDHYVF;CASHDSSGYYLLDYW_CQVWDSSSDHVVF;CARYCSSTSCYTTYYYYYYGMDVW_CQQYYSYPLTF	16	68	CARQVGVGKWYLEDW_CCSYASGDNLVF;CARLIKYSGSYEMVDYW_CAAWDDSLNGYYVF;CARGGFITMIGYGMDVW_CQQYDNLPFTF;CARDLRWCSGGSCYGNYYGMDVW_CAAWDDSLNGQVF;CARDGRDYYDSSGYYYDDAFDIW_CQSADSSGTVVF;CARDHPLMVRENLGFDPW_CAAWDDSLNGPVF;CARDLRNYYDFWSGSPNPKINWFDPW_CQKYNSAPLTF;CARDLPAARYGDYGGFDYW_CAAWDDSLNGVVF;CARDLFPIQYGSEPYGMDVW_CQQYGSSPRTF;CARDIGPLDVW_CQVWDSSSDHRVF;CARDQGDGDYGAFDIW_CQQSYSTSSWTF;CARILEIVDPSGSYQYYFDYW_CGTWDSSLSAVVF;CARDGHYSGSYYVGYW_CCSYAGSYTYWVF;CAREEYSSSWHPYYFDYW_CGTWDSSLSAYVF;CAKDFRGWFDPW_CATWDDSLNGWVF;CARDRSGGSWFDPW_CVLYMGSGVF;CARASTAAYYYYYYGMDVW_CAAWDDSLNGHVVF;CAHHLSFGGNWAFAHW_CAAWDDSLNGSYVF;CASNLGYCSSISCYGFDYW_CQQYGSSPLYTF;CAKELPYYDSSGGPEYW_CAAWDDSLNGWVF;CARGEDYYGSGSYYGMDVW_CQAWDSNTVIF;CARVLGITGTTRRFDYW_CQQYYSYPFTF;CARDREQLAPFDYW_CQSADSSGTYVF;CAKDLIDTMIVVVITPPFDYW_CAAWDDSLNWVF;CARGGHLWSEEVMNRFYYYLGMDVW_CGAWDGSLNGYVF;CARDGYSGYDRADYYYYYGMDVW_CQSYDSSLSGSRVF;CARDHIAVAATPAEYYYYGMDVW_CQAWDSSTVVF;CARARDRQGAYYYGSGSYVPYYYYGMDVW_CCSYAGSSPWVF;CARQNFDILTGYSIDYW_CAAWDDSLNGLYVF;CARDNSGSYVVEYYFDYW_CAAWDDSLNGWVF;CARQYVEWLREMDVW_CAAWDDRLNGWVF;CARNYYYDSSGSGFDYW_CQQANSFPPTF;CAHRHHCSSTSCSPWDDWFDPW_CAAWDDSLNGPVF;CARQNFDILTGYSIDYW_CAAWDDSLNGLYVF;CAKTQVDGKALWFEPW_CATWDSILSGWIF;CARELLWFGEGINWFDPW_CAAWDDSLNGVVF;CARHNTITLRYFDWTKLGYFDLW_CAAWDDSLNGVVF;CARDRYDYGDYPAEYFQHW_CAAWDDSLNGVVF;CAREQLGGFDYW_CAAWDDSLSVVVF;CAIIPLATPVTIIMDYW_CMQSIQLPPQPTF;CAREQQLVPYYYYGMDVW_CAAWDDSLNGWVF;CARDGAGHYGSGSYFGSW_CATWDDSLNGFVIF;CASRTNHYYDIQRHYW_CQQSYSTPGVTF;CARHIMVRGVPPNFDYW_CAAWDDSLNGPVF;CASTGGGSYPILNW_CQQYYSYPLTF;CARGGPYPINSGYYYEVDYW_CAAWDDSLNGRYVF;CARGPNDAFDVW_CQQYARSPPWTF;CAHHASFGGNWAFAHW_CAAWDDSLNGSYVF;CARDRGYGSGSYFSGFDYW_CQQYNNWPPRTF;CARERGMYSSGWYNWFDPW_CQQYYSYPYTF;CARGGDGYNYHPYW_CQKYNSAPTF;CAKDSIPIYDSSGTTFDYW_CAAWDDSLNGWVF;CARDQRSYADYW_CQQYYSYPQTF;CARDLQRGYSYGYW_CAAWDDSLNGVVF;CARDIHGNGALYYYYGMDVW_CAAWDDSLNGLYVF;CARDNIVVVPAAMFEASDYYYGMDVW_CMQALQTPYTF;CARDELRQLVLW_CQSYDSSNPWVF;CARSYGSGSYPRPSPLAWFDPW_CAAWDDSLNGPVF;CARDLIGFGASFDYW_CQQYNNWPPYTF;CARMMGTYYGDHPTIVGYFDYW_CQQYNNWPLTF;CARDGLDYDSNAIDYW_CQQYDNLPYTF;CARHGGDCGLDCYSNWFDPW_CQHWTF;CAREPADSSSLW_CQSYDSSNWVF;CARSGQWLEGWFDPW_CQQYNSYSPTF;CAREGREGGGFDYW_CAAWDDSLSGWVF;CARFVPGGYDGFDIW_CASWDKNLNAFVF;CARDPVPVILGYCSGGRCSPLDYW_CQNYNSAPRTF;CAKDWDDYDSESGVYNYYGMDVW_CSAWDDSLNGVVF	0	NA
5	441	NA_CQQYDELPVTF;CATTYYYDSSGYYQNDAFDIW_CQQYYSYPRTF;CAREIEGDGVFEIW_CMIWHSSAWVV;CARHIRGNRFGNDAFDIW_CQQYYSFPYTF;CARRLITMIEGGAFDIW_CQVWDSSSDHVVF;CAKVMIEHPSNRGHFDYW_CMQALQTPYTF;CTTDDEKRPYSGSYLPFDYW_CQSYDSSNVVF;CARGGRVSVAVYWDYYYYGMDVW_CQKYNSAPFTF;CAHSAQYYDILTGYYKAPWGGAFDIW_CQQYNSYSWTF;CARDDFGGATFYSSFDYW_CQQSYSTPYTF;CARAAKIFGVVTAFDIW_CQQYGSSPWTF;CVKDYSTSGWYYFDFW_CQQYGSSLPYTF;CARVVPAAFYGMDVW_CQQYGSSLFTF;CAGGSGYCTNGVCYPRGFDYYYGMDVW_CAAWDDSPPWVF;CAKDDTAMVTADFFDYW_CQTWGTGIWVF;CARTPRWLQCFDYW_CQQYNSYSWTF;CARDQWLAYYFDYW_CQSYDSSNHWVF;CAHRYYSNIDYW_CMQGTHWPWTF;CARDWGYYDSSGYSPRGYYYYYGMDVW_CQQLNSYSFTF;CAKDRVGYGDYVDYW_CQQYNNWPPWTF;CARLGSSPYYW_CQSYDSSLSGYVF;CTRYYGDVW_CQQYYSFPWTF;CAKDHYYDSSGYYSGLGYW_CQSADSSGTYRVVF;CATGLVVPAAILYGMDVW_CQQYGSSRGLTF;CAKDDGDAAAGLIYW_CAAWDDSLSGVVF;CAKDGGGEEALELPDYW_CGTWDSSLSAVVF;CATLRYPSLGVDYW_CHQYNNWPFTF;CARKDSSGSDAFDLW_CQQSYSTPYTF;CARDVVQLWYQIDYW_CQQSYSTPPNTF;CAKYVDTAMNQFDPW_CQQANSFPITF;CARGLHYYDSSGRSLYYFDYW_CQQYGSSPPGQTF;CANQPPSLYW_CQQYNNWPGTF;CARVGYDYVWGSYRYTGVMDVW_CSSYAGSSYVF;CARGRPYYYDSSGYPYDAFDIW_CMQALQTPLTF;CAKERVVTAIPVVIFDYW_CQQSYSTPRLTF;CARPYGDYAYFDYW_CQSYDSSLSGYVF;CARDWWERQDSKRPDYFDSW_CQQTNSFPITF;CARHSNDGSDYFDYW_CQESYGALLTYTF;CASTEIEMLVPRYCSSTSCYFVWFDPW_CGTWDSSLSAGHGVF;CASASSTGTDAFDIW_CQAWDSSTHVVF;CARDGSWYAAWFDPW_CQSYDSSLSGSVVF;CARDPSLGDPGWGYFDYW_CQQYNSYSTWTF;CVREMTGSFTGGLDPW_CMQGTHWPPTF;CAREVNTAMAYYYYYYGMDVW_CQQYGSSQWTF;CARERRGGGHYYDSSGYYLSDYW_CQQSYSTP;CARGGGYSSGWATREVVYW_CQSYDSSLGAVF;CAKVPTVTTFLGYYYGMDVW_CQQSYSTPWYTF;CARDLRPAANFDYW_CQVWDSSSDYVF;CARLSYSSSWYYFDYW_CQQSYSTLYTF;CARVPKVRYCSSTSCYKDYYYGMDVW_CQVWDSSSDSWVF;CATWHYYDSSGEDGMDVW_CQQYNNWPRTF;CARGRSSWHLDYW_CMQALQTPFTF;CARDPWELHGFDYW_CQQYGSSSFTF;CAREAYYYGMDVW_CNSRDSSGNHNYVF;CARDRSVVTMVRGVIPFYW_CCSYAGSYTVVF;CARHEKMNYYDILTGYSPPYYYYYGMDVW_CQSYDSSLSAYVVF;CAHYQGIAVTGTWFDPW_CQSYDSSNVVF;CARESSSWFPYW_CQQSYSTPFTF;CARERDYSPGRYYGMDVW_CGTWDSSLSAGVF;CARHPTPAAMVGYYYYGMDVW_CQQANSFPLTF;CARDGPMTAIGGYGMDVW_CQSYGSLGGSVF;CAKGRTTEGTDAFDMW_CQQVHSYPITF;CAKDRSSLLWFGELLYMPEEYGMDVW_CQQYNNWPLTF;CTNYGMDVW_CSSYAGSNNWVF;CARVDSFAPNSGYGAQLLNWFDPW_CQQYNNWPLTF;CAREDYDTASFGYW_CQQYDNLPYTF;CAKDFGRGSYHRAEYFQHW_CQQYNNWPPWTF;CARGGSLPLITMIVGFFW_CQQYGSSPEYTF;CTREAEMATISIDYW_CQVWDSSSDHVVF;CARDAPIWDTAIVYW_CQQYGSSLPWTF;CARLLVSAYNWFDPW_CQQSYSIPAF;CARIPMTTVTSYGMDVW_CQQYGSSSITF;CARDDEWEPYDYW_CCSYAGSSTYVF;CTTVLRYFDWLLSDYGMDVW_CLLSYSGARGVF;CAIGTGIVGTTFPREYW_CMQALQTSWTF;CAKDMELGWLIDYW_CMQALQTPLTF;CARETVVTPQNAFDIW_CAAWDDSLNGYVF;CARERNIVVVPAAETFDYW_CQQYNNWPPLTF;CARIGFGEYDYGMDVW_CQSYDSSLSVVF;CARGVGATDFDYW_CQSYDSSLSGVVF;CARDPSNWGSFGYW_CQAWDSSTYVF;CARVDGYNYSFDYW_CQQYNNWWTF;CAKEPYGGNSFVYYFDYW_CQQYGSSPGLTF;CAKAEWGGTENYIPYYFDFW_CQSYDNNNLIF;CARSHCSSTSCYPNYYYGMDVW_CQQSYSTPRTF;CARDFGERYCSGGSCYSFDPYYYYGMDVW_CLQHNSYPWTF;CAKEYPGPGQLDDAFDIW_CQSYDSSLSGKVF;CARVDTAMVTGLAISPPWDYGMDVW_CQQYNSYPWTF;CAKDIGDGSGSNSQKRDYYYGMDVW_CQQSYSTPRTF;CATDPYNSGWFASLKNQVLYYW_CQQSYSTPQTF;CAREHTGGWLQRYIDYW_CQSADSSGTYPRVVF;CARGYCDSTSCYAVGYFDLW_CQTWGTGIVVF;CARDPDPNWSKDWFDPW_CQQYNNWPPLTF;CAKGRYSFGLDNFDYW_CQQDGNSPTF;CASRAVQSSGWRQDYYYGMDVW_CQSYDSSLSGVF;CAREASEGPW_CQSYDSSNSWVF;CARLGGYSSRGNWFDPW_CQQSYSTPPYTF;CARDPHHTFGGVLVW_CQKYNSARTF;CAGYYYDSSGYLSSFDIW_CQSYDSSLSVVF;CARLPYRYSGSSNDAFDIW_CAAWDDSLSGPVF;CARAGYGDYVGDFDYW_CQSADSSGTYVVF;CARDYYGSRSDSGMDVW_CQQSYTTPYTL;CAKDGREAAAGTDYYYGMDVW_CQAWDSSTVVF;CARDSPGWGSSGFYYGMDVW_CQQYGSSPRYTF;CARVSGDTMIVVVHRDGMDVW_CQQYNSYSVTF;CAKNLATTGSHW_CLQDYNYPRTF;CAKDGGRGVVIIFYFDYW_CQQYGSSPITF;CARGIAVVTLWGPFDIW_CQQYNNWPRTF;CARDRWVPAAVPHYYYYGMDVW_CQQANSFPLTF;CAREGAAGPPPGHYYYYGMDVW_CMQALQTPFTF;CAKQGHFTDTKRIDYW_CQQYDSYPITF;CAVIPVTGQEASLSAEYFQHW_CQQSYSTPFTF;CARDSPSSGSYGLFDYW_CQTWGTGIRRVF;CASPGGGLLWFGELFRSYFDYW_CVLYMGSGFWVF;CAHRPVSDDILTGYRYNWFDPW_CQSYDSSLSGSVVF;CARGFIGYNFDSW_CQQSYRTPITF;CAREEGYCSGGSCEYNYYYGMDVW_CQQYGSSLITF;CARGRRVFLALSYW_CQQYGSSPHTF;CARGAGRIGQVDVW_CQQYNNWHTF;CARGYYDSSGQSLDYYYYGMDVW_CQQYYSYPFTF;CARTGKNGSGSYWFDPW_CQQYRTF;CARTDIVATPDGGFDYW_CQTWGTGIHVVF;CAREGFYYYGSGSVSGGNWFDPW_CQVWDSSTVVF;CAKVPLGWGAAGGAYFDYW_CQQYGSSPATF;CARVGCSGDTCYSYDWFDPW_CGTWDSSLTAVVF;CARGGILTGKLSDYW_CQQYDNLPTF;CAHGLTGYYTYYFDYW_CQQYYSFPPTF;CARQVGANPFADYW_CAAWDDSLSGPVF;CSVYDAERGYFDYW_CCSYAGGDTSYYVF;CARLYGDYGDYW_CNSRDSSGNLFVVF;CARPYSSSWSPMDVW_CQSYDSSLSGHVVF;CARDKGYSSSWYIRSSWFDPW_CLLSYSGARLVF;CARAVCGDDCYLLDSW_CAAWDRSLGAVVF;CARTTTVVTGDAFDIW_CQSADSSGTYPVF;CAKGRGDYYYYGMDVW_CQQYDNLPITF;CTTGGALNYW_CQAWDSSTACVF;CARDLTTRDYSDAFDIW_CQQYGSSPRTF;CARAGLEINTPDSSGYYYGGGYFDYW_CQQYDNLPPRRFTF;CAKDHGYDFWSGYSDAFDIW_CQQSYSTPLYTF;CARESGYTNYYYYGMDVW_CQQYNSYPLTF;CARKYQLPYYYGMDVW_CQQSYNTPDTF;CARDSTYYYDSSGYPVSDAFDIW_CQQSYSTRRYTF;CAREVYSSSTNWFDPW_CQVWDSSTDVVF;CARANAEYSSSLLFDYW_CQSYDNSLSAYVF;CAHSPYDYVWGSYRQSWFDPW_CQAWDSSTVF;CTTIYYDILTGDYW_CMQALQTPITF;CARLDYDFWSGTPERMDVW_CQQYGSSPPWTF;CARVRKNWNYDLDDWYFDLW_CQVWDSSSDHYVF;CATRRVRGEGLAYW_CQQYNSYSRTF;CARNYDSSGYYVPPYFDYW_CQQYNNWPPYTF;CARDPANYFDYW_CQQSYSTLWTF;CAREESSSWYRYW_CQQYGSSPLTF;CARIVQGGSYLSGGIDYW_CMQSIQLLFTF;CARDRLIIRFLERPNWFDPW_CCSYAGSSTPVF;CAREYSNNWYFFDYW_CQQYAGSPLTF;CARVSGVGTSFAGFDPW_CQSADISATVF;CAREPTPRYSGSYRGFNYFDYW_CQQYYSFPLTF;CARAADYCTSASCPNEYFQHW_CQSYDSSLSVF;CARGRMTVHNDDSGFPEYLYYYGLDVW_CMQVMDNPRTL;CATSRVAVAGVDYW_CQSYDSSLSGVVF;CARDLGIAVAGRVEGYFDYW_CCSYAGSYTLVF;CARDVSNVLVIAVSPSWFDPW_CQQTYSIPYTF;CARDAPDRGSSWYSALFDYW_CQQYNNWPPTF;CARRDGGYCSSTSCSFDYW_CQQYNSYSPTF;CARAEIFGVVIQAFDYW_CQSYDSSLSGSVF;CVKKVIGFDDW_CQQSDTFGYTF;CAKGMDGSGSYYNKDGMDVW_CQAWDSSTGVF;CARVNGLLGEYYYGMDVW_CMQALQTPPNTF;CAKDWAVGWEFVDSW_CQQSHTVPLTF;CARDEGAAAYFDYW_CCSYAGSSTCWVF;CARAAGYCSSTSCYEIYYYYGMDVW_CQSYDSSLSVPF;CTRSYVLRFLEWFSPFDYW_CQQYGSSLWTF;CASSGSYQGNWFDPW_CQQSYSTPYTF;CARSPPRYDLSLVDAFDIW_CQQYNSYSTTF;CARETIAAAGSNFDYW_CQQSYSTPRTF;CARVSGYSYYFDYW_CQQLNSYLLTF;CATYIAAPRDYYYGMDVW_CMQALQTPYTF;CATGKTYSAPHAYYYFDYW_CQQANSFPRTF;CAKEVHSSGFDYW_CQSADSSGTYPWVF;CTTDHIVVVTAMIFGYYFDYW_CQQLNSPLTF;CAREGPTVTKFDYW_CQSYDSSLSGSVF;CEVKAAAGNFYW_CSSYAGSVVF;CAKDIEGGSGYYLTPGGFQHW_CCSYAGSSTFVVF;CARDAMAIGDYYYYGMDVW_CQQLNSYPSLTF;CARREGAGYDILTGSYYYYYGMDVW_CLLYYGGAQLGVF;CTTRLWRISQYYYDSSGYGHFDYW_CQSADSSGTYVF;CARTTLLAAAIDYW_CQQYYSFPYTF;CARAKAARPTPTYYYYYYGMDVW_CQAWDSSTGDVF;CARSGYDSSWVGYDFDYW_CQAWDSSTPVF;CAREGLEIDAFDIW_CQQSYSTPWTF;CAHTSAYYDSSGYYPPFDYW_CQQSYSTPLTF;CARATQDSSGWYGFWYFDYW_CQQYNNWPPTF;CARMLVVVAATGYYYYGMDVW_CQQYGSSQTF;CAREAYDSSAYSTIDYW_CQTWGTGIHVF;CATSLVVVPAAILRGGVGGHYYGMDVW_CGTWDSSLSAVVF;CARSAGSSGSFEYFQHW_CQQYGSSPLYTF;CARRLFLYSSSGYYFDSW_CQQASSFPPLSF;NA_CQQSYNTPRTF;CARGGGAVAGTIDFHYW_CCSYAGTDLWLF;CAKDRGYYDSSGYYYSDYGMDVW_CQSADSSGTYVF;CAKDGFGGASDHW_CQHYDRSPWTF;CARAIQMGCSDGSCLW_CQQYDNLPSYTF;CARKGRWLPDGDDAFDIW_CQQYYSYPLTF;CARAGLRSWFDPW_CMQSIQLPNTF;CARHSYGAYYYYGMDVW_CQQYGGSPLFTF;CAAGVMTARYDYW_CQQSYSTPLTF;CAHFMTTVTTGYFDPW_CIQVRQTPFTF;CAREGGGDILTTYYYYGMDVW_CQQYGSSTRALTF;CARGFGGGDYRSMDVW_CQQLITYPITF;CARTTYGGNSLNWFDPW_CQVWDSSSDHPVF;CARGYGSGNYYYYGMDVW_CMQALQTPWTF;CARSNYDILTGLDYW_CMQALQTPYTF;CAREDSGSYGYFDYW_CQQYNNWPQTF;CARRVLYYRFDPW_CNSRDSSGNHLF;CARGDYDYVWGSSPDAFDIW_CMQGTHWPLTF;CARDVRGYYYDSSGYSGEGYWW_CQQSYSTPYTF;CTRDRYSSSWYKGLYYYYGMDVW_CQQSYSTPYTF;CARVFFRVVYAMAYW_CQQYNNWPPMYTF;CASSLRYFDWTVNNWFDPW_CQQYGSSPQTF;CTRGYCSSTSCYTGWFDPW_CQAWDSSHVVF;CARDGRWELLGNQHW_CCSYAGSSTYVF;CARVYYDSSGYYYFDYW_CQQSYSTPWAF;CARGRVRWELLGDDAFDIW_CQQYDNLPLTF;CCTYVFVGIVPTIVDYW_CQQYNDWPPAGTF;CARDIQYYYDSSGYDAFDIW_CQQSYSTPWTF;CATSWGIAALYGMDVW_CNSRDSSGNPYVF;CAKDYPVAGDLDAFDIW_CCSYAGSSTWVF;CARANWDNWNDGLDYW_CGTWDSRLSSYVF;CARAGYCSSTSCSKEDVW_CQQSYSTPPRTF;CAREPLGGDYYYYYYGMDVW_CQQYGSSPTF;CARLSLRARFRGAFDIW_CCSYAGSYSVVF;CAHSLPSDIDYYYDSSGYSPSPPLFDYW_CQQYNNWPLTF;CASGYGGKTYYFDYW_CQQYGSSPGTF;CLGRELGHSW_CLQHNSYPWTF;CTAVLRYFDWLLMEAHENYYYYGMDVW_CQSADSSGGVF;CARDRSRWEFLYYFDYW_CQQYGSSGYTF;CARARYYDSNSYSYAW_CQTWGTGIWVF;CARLDYYDSSGYYDW_CQTWGTGIPVF;CARDYIAVAGPGENWFDPW_CQQSYSTRTF;CARDRGGYGVRWFDPW_CQQYDNLPPTF;CARRGNAIFGVVTHYYYYGMDVW_CMQALQTPLFTF;CSNYDILTGYYWFHYW_CQQYNNWPFTF;CASSFLDTSIVEYYFDYW_CATWDDSLSGLF;CARIVVVVTSRWFDPW_CQVWDSSSDHYVF;CARSLEWLDDYW_CQSYDSSLSGSVF;CARDAYGGYSFYYYGMDVW_CQQYGSSPFTF;CAGGSGSYYHLDPW_CQQANSFPYTF;CARPRLDYGDYGAGLGYW_CQKYNSAPFTF;CARDRGLRKKYFQHW_CQQYGSSPSTF;CVSQLYYLDGRGYYYDYYYDYW_CLQHHDYPWTF;CTTVSPYGDYVGVYFDYW_CQQYYSYPPTF;CAKDFMEYYYYGMDVW_CSAWDSSLSAVVF;CARSPGSGSYTW_CQQYGSSPLTF;CARLPYAGGPYYYYGMDVW_CMQRIEFPFTF;CARGKPRSLELWSFYYYYGMDVW_CQQSYSTPPTF;CAMGGYDSSGVQLDYW_CAAWDDSLSGYVF;CAHRYCSSTSCYGLGDWFDPW_CQSADSSGTYLVF;CARHSEGLGPVDYW_CGTWDSSLSAWVF;CARAIFGVVSVMGFDYW_CMQALQTLTF;CAKSMKSFDYW_CQQSYSTPLTF;CTTEGGDGYNSFDYW_CQQYDNLPITF;CARDTTYGDYYYGMDVW_CQSADSSGNWVF;CARDGKGYSYGSGNYYGMDVW_CQQSYSTLYTF;CAHRTTTYYFDYW_CQQYNSYPYTF;CTTDLVWFGELANAFDIW_CLQHNSYLPEWTF;CTRGGTLGARSGYYDYYYGMDVW_CQQYNSYPLTF;CAKDEGRVVAVAGTGEHAFDIW_CQQYNSYSPTWTF;CAKDITIFGVVISHLDYW_CLQDYNYPLTF;CARTYYYDSSGYRNAFDIW_CQSADSSGTYPVVF;CAKCFYYDSSGYYYYYYGMDVW_CCSYAGSSTLVF;CARDLLSISGSPFDPW_CQQRSNWPPGGGGLTF;CARGGINGGAYFDYW_CQQYGSSPWTF;CARDRGPAGLDYW_CQQSYSTRYTF;CARRGYYYDSSGYYYDWFDPW_CNSRDSSGNRVVF;CAKGLNTAMVSYYFDYW_CVLYMGSGIWVF;CAKDIREGWSSGYYPVLDYW_CQVWDSSVVF;CAKDSPSGYYYYYYYGMDVW_CQQLNSYPITF;CARDRIAAADHNWFDPW_CAAWDDSLNGWVF;CARDIGGIAAAGSPPSAFDIW_CQQYNSYSTF;CAHSYYYGSGRGGWFDPW_CQSADSSGTYVF;CARDGSSSIFDYW_CNSRDSSGNHVVF;CAKPLRFGYSSSSCFDYW_CSSYAGSNNYVF;CAHTGFESLDYW_CQSYDNSLNGLGVF;CARDEDYYYDSSGSVDYW_CQQSYSTPWTF;CARQIAAAGPENWFDPW_CQSADSSGTYLVF;CARGLPVDVW_CGTWDSSLSAGHVVF;CARLIYYGSGRFGAFDIW_CQQYDNLPWTF;CARNEITIPLDVW_CQQYGSSPLVTF;CTTDHGDAYNYRW_CQQYGSSPRTF;CARDHRMNIAVAGTNWFDPW_CQKYNSAPLFTF;CARALREEQWLNNAFDIW_CQQYYSYPTF;CAHRPPYYDSSGYLSW_CQQYGSSLWTF;CARHYVDTAMVINQYYFDYW_CQSYDSSLSDVF;CARDNYDILTGHYGMDVW_CAAWDDSLSGLYVF;CAKDSSSSDWFDPW_CQQYYSYPLTF;CARDYVAVAGTLDYW_CQQYYSTPYTF;CTRDLAYSNYEPPNHNWFDPW_CLQHNSYPLTF;CARERYYYYGMDVW_CYSTDSSGNHGVF;CAKEGITGYYYYYGMDVW_CQQSYSTPHTF;CAKVALRYFDWLPPYFDYW_CQQYYSYPQNLTF;CARAHDSTGYQDFDYW_CQQAKSFPYTF;CARVGVYGSGSYLVGGDYW_CQQSYSTPWTF;CARGPYYGSGSGEFDPW_CQQYYSYPLTF;CARGSCYSSACYYYYGMDVW_CGTWDSSLSAVVF;CARDFDAAEGAFDIW_CQVWDSSSDPTFYVF;CARGAHSSGYYIDYW_CQQYYSFPFTF;NA_CHQYNNWSSWTF;CAREQDFGGNPFDCW_CMQVLHIPRAF;CARGTMVRGHYYYYGMDVW_CQQSYSTPLTF;CARGYSYGYLDWFDPW_CQSYDSSLSGVVF;CARAAPYSSSSLDYW_CQQSYSTLTWTF;CARRRITMNDYFDYW_CQSYDSSLSGVVF;CARGPDGGAFDIW_CQRGLTF;CARDLIARTALTYYYYGMDVW_CQSYDSSLSGGVF;CARYGVYGDYPGALFDYW_CAAWDDSLSGLWVF;CAKDRRGCSSTSCYTFDYW_CQQSYSTLSF;CARVSGYNSYYFDYW_CQQSYSTPRTF;CAAPSPRFTSSTGGGMELPLHVW_CCSYARGSSLVF;CAKDARWRPRVASIDALDIW_CQQYNNWPRTF;CARHIERYCSGGSCYEALDYW_CMQALHPITF;CASYLEMATRYYFDYW_CLQHNSFWTF;CARVTRVTQSNDFWTSYYTDCFDAW_CYSTDSSGNHKVF;CARLYSSSWTNYFDYW_CQQYYSYPLTF;CARGTVYSVPGGHYGDYVRDPKYYYYGMDVW_CQSADSSGTWVF;CARGAAGVRGPIGYW_CAAWDDSLSGWVF;CARVAVAGTTNWFDPW_CQQANSFPYTF;CARVLGGPGATTFDYW_CLQDYNYPWTF;CARTPVSTSYDSPGWYSSGWFFDYW_CQTWGTGIHVVF;CARTMVRGVTPADAFDIW_CQQYNSYSSTF;CAKSMGATILHAFDIW_CQQYNSYPLTF;CARANSGSYSFFFLRLDYFDYW_CQQYNNWPLTF;CARAAGTGGYYYGMDVW_CVLYMGSGISVF;CARAGQFGDSYYYYYYGMDVW_CLQDYNYPQTF;CAHFTKRPTDAFDIW_CNSRDSSGNHRVF;CAAGFGLSGSYIHYYYYGMDVW_CQQYGSSPPLTF;CATDNWNFGADSGFGYW_CMQGTHWRTF;CARVLGSFSFGYDGFDIW_CQQLNAYPTF;CARDPGIAVAETVYYYYYYGMDVW_CMQALQTPPTF;CARTVGAGYKIGKGYFDYW_CQAWDSSTVVF;CARDQDLAALNYW_CGTWDSSLSAKVF;CTTENVLLWFGEPEYYYYYYGMDVW_CQSADSSGTYAVVF;CARSLFEGTVMAFRAEHMDVW_CQQYKTFFAVSF;NA_CQAWDSSTVVF;CARPPSHDSPMYHYW_CQSADSSGLWVF;CARDTMWWSYGMDVW_CCSYAGSGEVF;CARLRRYSSGYYYIAGDFDYW_CQSYDSSLSGVVF;CARDKGGTTVTTSNWFDPW_CQQYDNLPLTF;CARDGGGYYQKKGYFQHW_CGTWDSSLSAVVF;CARDDIVVVPAAIDYW_CQSYDSSLSGPYVF;CARKFDCW_CQQYGTSLPVTF;CARGVLRFLEWLSNMDYYYYGMDVW_CMQALQTPRALTF;CAKDGSYYDSSGYSDYW_CQQYNNWPPWTF;CAKDKSYSVEYW_CMLFMGSGIWVF;CAKADVRSNWNDMHFDYW_CQAWDSSTVVF;CARATPRGYGGNSLNWFDPW_CQQYNSYPFTF;CAEGYQLPGLYYW_CNSRDSSGNHLF;CARHAGSGSYYFWFDPW_CQQYGSSPYTF;CAKDLQIGYCSSTSCRNAFDIW_CQQYGSSPPRVTF;CARGRGSYFDYW_CQQYGSSLWTF;CARTCSSTSCYTYGMDVW_CQQYNNWQYTF;CAHRGYSYGPLFDYW_CLLYYGGAQLVF;CARLPTLRYGSGSYYNGALDYYYGMDVW_CMQALQTPLTF;CARSIAAASPFDPW_CQQYDNLPPTF;CARGPPYGHLGYW_CQQYNNWPPITF;CAKDILGGGYFDYW_CQTWGTGMGVF;CAKDASYGYLFEYWYFDLW_CQQYNNWPPWTF;CARFGAKNYYDSW_CQQYNNWPGTF;CAREKWLRPQLDYW_CQQYGSSPKTF;CVKGPYYDGSGNSFGRKAFDIW_CQQYGSSPYTF;CARGASKGNQPALHYGMDVW_CQQSYSTPPAF;CATTLASPTHDYGDYEGGYMDVW_CQQYGSSPLTF;CALGIDAFDIW_CQQYNNWPKTF;NA_CQSYDDSLSGTVF;CARGFYYGSGSPLSGMDVW_CQQSYSTPRTF;CAKDPAASGSPWYFDYW_CQQYYSFPRTF;CAREVSRQSGSRPIKWFDPW_CQQSYSPPPLTF;CTPSLETYGDYALGYYW_CQSADSSGTYPYVF;CAKDFGGPLQFDYW_CQQYGSSPRTF;CAKDMLFSNNYW_CQTWGTGINWVF;CARDENHLYYGDLAYW_CQQSYSIPRAF;CARGSRLLLWFGELKVGPGFDPW_CQQYNSYWTF;CAMKGGRDGYNTRVYYYYGMDVW_CCSYAGSSTPYVF;CAKDIGPTNCSSTSCHAYYYYGMDVW_CQQYNSYSTF;CWRDRREAPIEMEVASTRG_CMQSTHWPYTF;CTRHTHCSGGSCYDAFDIW_CQQSYSTPRYTF;CAREPPHGSGTDYNWFDPW_CQSYDSSLSAYVF;CVKDLYDTGSYYYFDYW_CSSYTRSSTLVF;CSRHEGVGGNSDYW_CVLYMGSGISMF;CARNHDYGDYMFGGMDVW_CQSADSSGTYVF;CTTSGGDW_CMQSIQLPRTF;CARDRTSFGYSYGNIDYW_CQTWGTGILVF;CAKDELASYGGVGYYW_CQSADSSGTYFWVF;CAREPKHSGYCSSTSCYIGNWFDPW_CQSYDSSLSGNVVF;CARASWDSSSWGLGFDPW_CQAWDSSTGVF;CARTRVRGVISPFDYW_CQQANSFPPTF;CTREYYDFWSGDYW_CQQYDNLPLTF;CARDGGRGSGWSTPDYW_CNSRDSSGNHVVF;CARHYDFWSGDNPYWYYYYGMDVW_CQQYGSSPPWTF;CTTTTADIVVVPAAIQTVDYW_CQQYDNLPLTF;CAIMVRGVIGSYYYYGMDVW_CQQSYSTTWTF;CAKDNGYGGNSLQHW_CCSYAGSSTLVF;NA_CQQSYNTLWSF;CARARYRRDGYHNLYAFDIW_NA;CARGFSETGPGYKRFYYYFDLW_CQQYGSSPQTF;CARVKGDYYYYYGMDVW_CMQALQTPHTF;CARDPPLYSSGWFTGDYW_CQQYNSYPRTF;CAKDGGEHRGNDYW_CQVWDSSSDHYVF;CARGYDFWSGYLPHYGMDVW_CQVWDSSSDHPGVF;CARETKQYIDYRSPTVGRPYDYYYGMDVW_CLLFYGGAQLGVF;CAKGVWESTTEDAFDIW_CQQYNSYSPFTF;CAKDQGYCSSTSCYPYYYGMDVW_CQAWDSSTVVF;CARLGGYDSTFDYW_CSSYTSSSTYVF;CARVAAAGTYFDYW_CQQYGSSPETF;CARINQHGSGTYSPDYYYYGIDVW_CMQALQTPMYTF;CARKSIAAAGLPYYYYYGMDVW_CMQALQTRFTF;CAQGGYSYGYYDYW_CAAWDDSLNGVVF;CARQRGGTAVPVYYFDYW_CQQYGSSPLYTF;CARALYYDSSGYQPNRYYFDYW_CQSYDSSLSGYVVF;CTRALNSNHFDYW_CQQANSFPLTF;CARVTDPDAFDIW_CNSRDSSGNHYVF;CARSAWHPAATGGMDVW_CLQDYNYPYTF;CARVSLVVPQQFDYW_CQAWDSSTVVF;CAKVPGYSTGWYYFDYW_CQQCDSSPEWTF;CAKDSTCSSTSCYRGYYYYGMDVW_CQQYYSYPITF;CARGRNGGNRFDWFDPW_CQSYDSSLSGSGVF;CARGKNWFDPW_CQQYGSSPLTF;CASGYSSGRPDYW_CQQYDNLPITF;CARLSDGDYTFDYW_CQQYNSYWTF;CARGGTAGYSYGYAYW_CQAWDSSTAVVF;CAKDIVVVPAAPITLYYYYGMDVW_CMQALQTSFTF;CARWRLYYDSRGYYYGMFDYW_CQQSYDTPLTF;CARSRRIVGATSFDWFDPW_CQQYNSYSRTF;CASEDSGYGGGFDYW_CQSYDSSLSEGVF;CAHGRDYDSSSLPFDYW_CQQYNSYPYTF;CARAGAYYYGSAIDYW_CQQYGSSPGLTF;CAKGSSHSGGWFDPW_CQQYNSYWTF;CARDLLRAYSSSSTSSIDYW_CQQYYSYPRTF;CAKDVSGYLDAFDIW_CGTWDSSLSAGWVF;CAREGSRYFDYW_CQVWDSSSDHYVF;CASHDSSGYYLLDYW_CQVWDSSSDHVVF;CARYCSSTSCYTTYYYYYYGMDVW_CQQYYSYPLTF	17	1	CARHGINYYDSSGYSGNDAFDIW_CQQYDNLFTF	0	NA
5	441	NA_CQQYDELPVTF;CATTYYYDSSGYYQNDAFDIW_CQQYYSYPRTF;CAREIEGDGVFEIW_CMIWHSSAWVV;CARHIRGNRFGNDAFDIW_CQQYYSFPYTF;CARRLITMIEGGAFDIW_CQVWDSSSDHVVF;CAKVMIEHPSNRGHFDYW_CMQALQTPYTF;CTTDDEKRPYSGSYLPFDYW_CQSYDSSNVVF;CARGGRVSVAVYWDYYYYGMDVW_CQKYNSAPFTF;CAHSAQYYDILTGYYKAPWGGAFDIW_CQQYNSYSWTF;CARDDFGGATFYSSFDYW_CQQSYSTPYTF;CARAAKIFGVVTAFDIW_CQQYGSSPWTF;CVKDYSTSGWYYFDFW_CQQYGSSLPYTF;CARVVPAAFYGMDVW_CQQYGSSLFTF;CAGGSGYCTNGVCYPRGFDYYYGMDVW_CAAWDDSPPWVF;CAKDDTAMVTADFFDYW_CQTWGTGIWVF;CARTPRWLQCFDYW_CQQYNSYSWTF;CARDQWLAYYFDYW_CQSYDSSNHWVF;CAHRYYSNIDYW_CMQGTHWPWTF;CARDWGYYDSSGYSPRGYYYYYGMDVW_CQQLNSYSFTF;CAKDRVGYGDYVDYW_CQQYNNWPPWTF;CARLGSSPYYW_CQSYDSSLSGYVF;CTRYYGDVW_CQQYYSFPWTF;CAKDHYYDSSGYYSGLGYW_CQSADSSGTYRVVF;CATGLVVPAAILYGMDVW_CQQYGSSRGLTF;CAKDDGDAAAGLIYW_CAAWDDSLSGVVF;CAKDGGGEEALELPDYW_CGTWDSSLSAVVF;CATLRYPSLGVDYW_CHQYNNWPFTF;CARKDSSGSDAFDLW_CQQSYSTPYTF;CARDVVQLWYQIDYW_CQQSYSTPPNTF;CAKYVDTAMNQFDPW_CQQANSFPITF;CARGLHYYDSSGRSLYYFDYW_CQQYGSSPPGQTF;CANQPPSLYW_CQQYNNWPGTF;CARVGYDYVWGSYRYTGVMDVW_CSSYAGSSYVF;CARGRPYYYDSSGYPYDAFDIW_CMQALQTPLTF;CAKERVVTAIPVVIFDYW_CQQSYSTPRLTF;CARPYGDYAYFDYW_CQSYDSSLSGYVF;CARDWWERQDSKRPDYFDSW_CQQTNSFPITF;CARHSNDGSDYFDYW_CQESYGALLTYTF;CASTEIEMLVPRYCSSTSCYFVWFDPW_CGTWDSSLSAGHGVF;CASASSTGTDAFDIW_CQAWDSSTHVVF;CARDGSWYAAWFDPW_CQSYDSSLSGSVVF;CARDPSLGDPGWGYFDYW_CQQYNSYSTWTF;CVREMTGSFTGGLDPW_CMQGTHWPPTF;CAREVNTAMAYYYYYYGMDVW_CQQYGSSQWTF;CARERRGGGHYYDSSGYYLSDYW_CQQSYSTP;CARGGGYSSGWATREVVYW_CQSYDSSLGAVF;CAKVPTVTTFLGYYYGMDVW_CQQSYSTPWYTF;CARDLRPAANFDYW_CQVWDSSSDYVF;CARLSYSSSWYYFDYW_CQQSYSTLYTF;CARVPKVRYCSSTSCYKDYYYGMDVW_CQVWDSSSDSWVF;CATWHYYDSSGEDGMDVW_CQQYNNWPRTF;CARGRSSWHLDYW_CMQALQTPFTF;CARDPWELHGFDYW_CQQYGSSSFTF;CAREAYYYGMDVW_CNSRDSSGNHNYVF;CARDRSVVTMVRGVIPFYW_CCSYAGSYTVVF;CARHEKMNYYDILTGYSPPYYYYYGMDVW_CQSYDSSLSAYVVF;CAHYQGIAVTGTWFDPW_CQSYDSSNVVF;CARESSSWFPYW_CQQSYSTPFTF;CARERDYSPGRYYGMDVW_CGTWDSSLSAGVF;CARHPTPAAMVGYYYYGMDVW_CQQANSFPLTF;CARDGPMTAIGGYGMDVW_CQSYGSLGGSVF;CAKGRTTEGTDAFDMW_CQQVHSYPITF;CAKDRSSLLWFGELLYMPEEYGMDVW_CQQYNNWPLTF;CTNYGMDVW_CSSYAGSNNWVF;CARVDSFAPNSGYGAQLLNWFDPW_CQQYNNWPLTF;CAREDYDTASFGYW_CQQYDNLPYTF;CAKDFGRGSYHRAEYFQHW_CQQYNNWPPWTF;CARGGSLPLITMIVGFFW_CQQYGSSPEYTF;CTREAEMATISIDYW_CQVWDSSSDHVVF;CARDAPIWDTAIVYW_CQQYGSSLPWTF;CARLLVSAYNWFDPW_CQQSYSIPAF;CARIPMTTVTSYGMDVW_CQQYGSSSITF;CARDDEWEPYDYW_CCSYAGSSTYVF;CTTVLRYFDWLLSDYGMDVW_CLLSYSGARGVF;CAIGTGIVGTTFPREYW_CMQALQTSWTF;CAKDMELGWLIDYW_CMQALQTPLTF;CARETVVTPQNAFDIW_CAAWDDSLNGYVF;CARERNIVVVPAAETFDYW_CQQYNNWPPLTF;CARIGFGEYDYGMDVW_CQSYDSSLSVVF;CARGVGATDFDYW_CQSYDSSLSGVVF;CARDPSNWGSFGYW_CQAWDSSTYVF;CARVDGYNYSFDYW_CQQYNNWWTF;CAKEPYGGNSFVYYFDYW_CQQYGSSPGLTF;CAKAEWGGTENYIPYYFDFW_CQSYDNNNLIF;CARSHCSSTSCYPNYYYGMDVW_CQQSYSTPRTF;CARDFGERYCSGGSCYSFDPYYYYGMDVW_CLQHNSYPWTF;CAKEYPGPGQLDDAFDIW_CQSYDSSLSGKVF;CARVDTAMVTGLAISPPWDYGMDVW_CQQYNSYPWTF;CAKDIGDGSGSNSQKRDYYYGMDVW_CQQSYSTPRTF;CATDPYNSGWFASLKNQVLYYW_CQQSYSTPQTF;CAREHTGGWLQRYIDYW_CQSADSSGTYPRVVF;CARGYCDSTSCYAVGYFDLW_CQTWGTGIVVF;CARDPDPNWSKDWFDPW_CQQYNNWPPLTF;CAKGRYSFGLDNFDYW_CQQDGNSPTF;CASRAVQSSGWRQDYYYGMDVW_CQSYDSSLSGVF;CAREASEGPW_CQSYDSSNSWVF;CARLGGYSSRGNWFDPW_CQQSYSTPPYTF;CARDPHHTFGGVLVW_CQKYNSARTF;CAGYYYDSSGYLSSFDIW_CQSYDSSLSVVF;CARLPYRYSGSSNDAFDIW_CAAWDDSLSGPVF;CARAGYGDYVGDFDYW_CQSADSSGTYVVF;CARDYYGSRSDSGMDVW_CQQSYTTPYTL;CAKDGREAAAGTDYYYGMDVW_CQAWDSSTVVF;CARDSPGWGSSGFYYGMDVW_CQQYGSSPRYTF;CARVSGDTMIVVVHRDGMDVW_CQQYNSYSVTF;CAKNLATTGSHW_CLQDYNYPRTF;CAKDGGRGVVIIFYFDYW_CQQYGSSPITF;CARGIAVVTLWGPFDIW_CQQYNNWPRTF;CARDRWVPAAVPHYYYYGMDVW_CQQANSFPLTF;CAREGAAGPPPGHYYYYGMDVW_CMQALQTPFTF;CAKQGHFTDTKRIDYW_CQQYDSYPITF;CAVIPVTGQEASLSAEYFQHW_CQQSYSTPFTF;CARDSPSSGSYGLFDYW_CQTWGTGIRRVF;CASPGGGLLWFGELFRSYFDYW_CVLYMGSGFWVF;CAHRPVSDDILTGYRYNWFDPW_CQSYDSSLSGSVVF;CARGFIGYNFDSW_CQQSYRTPITF;CAREEGYCSGGSCEYNYYYGMDVW_CQQYGSSLITF;CARGRRVFLALSYW_CQQYGSSPHTF;CARGAGRIGQVDVW_CQQYNNWHTF;CARGYYDSSGQSLDYYYYGMDVW_CQQYYSYPFTF;CARTGKNGSGSYWFDPW_CQQYRTF;CARTDIVATPDGGFDYW_CQTWGTGIHVVF;CAREGFYYYGSGSVSGGNWFDPW_CQVWDSSTVVF;CAKVPLGWGAAGGAYFDYW_CQQYGSSPATF;CARVGCSGDTCYSYDWFDPW_CGTWDSSLTAVVF;CARGGILTGKLSDYW_CQQYDNLPTF;CAHGLTGYYTYYFDYW_CQQYYSFPPTF;CARQVGANPFADYW_CAAWDDSLSGPVF;CSVYDAERGYFDYW_CCSYAGGDTSYYVF;CARLYGDYGDYW_CNSRDSSGNLFVVF;CARPYSSSWSPMDVW_CQSYDSSLSGHVVF;CARDKGYSSSWYIRSSWFDPW_CLLSYSGARLVF;CARAVCGDDCYLLDSW_CAAWDRSLGAVVF;CARTTTVVTGDAFDIW_CQSADSSGTYPVF;CAKGRGDYYYYGMDVW_CQQYDNLPITF;CTTGGALNYW_CQAWDSSTACVF;CARDLTTRDYSDAFDIW_CQQYGSSPRTF;CARAGLEINTPDSSGYYYGGGYFDYW_CQQYDNLPPRRFTF;CAKDHGYDFWSGYSDAFDIW_CQQSYSTPLYTF;CARESGYTNYYYYGMDVW_CQQYNSYPLTF;CARKYQLPYYYGMDVW_CQQSYNTPDTF;CARDSTYYYDSSGYPVSDAFDIW_CQQSYSTRRYTF;CAREVYSSSTNWFDPW_CQVWDSSTDVVF;CARANAEYSSSLLFDYW_CQSYDNSLSAYVF;CAHSPYDYVWGSYRQSWFDPW_CQAWDSSTVF;CTTIYYDILTGDYW_CMQALQTPITF;CARLDYDFWSGTPERMDVW_CQQYGSSPPWTF;CARVRKNWNYDLDDWYFDLW_CQVWDSSSDHYVF;CATRRVRGEGLAYW_CQQYNSYSRTF;CARNYDSSGYYVPPYFDYW_CQQYNNWPPYTF;CARDPANYFDYW_CQQSYSTLWTF;CAREESSSWYRYW_CQQYGSSPLTF;CARIVQGGSYLSGGIDYW_CMQSIQLLFTF;CARDRLIIRFLERPNWFDPW_CCSYAGSSTPVF;CAREYSNNWYFFDYW_CQQYAGSPLTF;CARVSGVGTSFAGFDPW_CQSADISATVF;CAREPTPRYSGSYRGFNYFDYW_CQQYYSFPLTF;CARAADYCTSASCPNEYFQHW_CQSYDSSLSVF;CARGRMTVHNDDSGFPEYLYYYGLDVW_CMQVMDNPRTL;CATSRVAVAGVDYW_CQSYDSSLSGVVF;CARDLGIAVAGRVEGYFDYW_CCSYAGSYTLVF;CARDVSNVLVIAVSPSWFDPW_CQQTYSIPYTF;CARDAPDRGSSWYSALFDYW_CQQYNNWPPTF;CARRDGGYCSSTSCSFDYW_CQQYNSYSPTF;CARAEIFGVVIQAFDYW_CQSYDSSLSGSVF;CVKKVIGFDDW_CQQSDTFGYTF;CAKGMDGSGSYYNKDGMDVW_CQAWDSSTGVF;CARVNGLLGEYYYGMDVW_CMQALQTPPNTF;CAKDWAVGWEFVDSW_CQQSHTVPLTF;CARDEGAAAYFDYW_CCSYAGSSTCWVF;CARAAGYCSSTSCYEIYYYYGMDVW_CQSYDSSLSVPF;CTRSYVLRFLEWFSPFDYW_CQQYGSSLWTF;CASSGSYQGNWFDPW_CQQSYSTPYTF;CARSPPRYDLSLVDAFDIW_CQQYNSYSTTF;CARETIAAAGSNFDYW_CQQSYSTPRTF;CARVSGYSYYFDYW_CQQLNSYLLTF;CATYIAAPRDYYYGMDVW_CMQALQTPYTF;CATGKTYSAPHAYYYFDYW_CQQANSFPRTF;CAKEVHSSGFDYW_CQSADSSGTYPWVF;CTTDHIVVVTAMIFGYYFDYW_CQQLNSPLTF;CAREGPTVTKFDYW_CQSYDSSLSGSVF;CEVKAAAGNFYW_CSSYAGSVVF;CAKDIEGGSGYYLTPGGFQHW_CCSYAGSSTFVVF;CARDAMAIGDYYYYGMDVW_CQQLNSYPSLTF;CARREGAGYDILTGSYYYYYGMDVW_CLLYYGGAQLGVF;CTTRLWRISQYYYDSSGYGHFDYW_CQSADSSGTYVF;CARTTLLAAAIDYW_CQQYYSFPYTF;CARAKAARPTPTYYYYYYGMDVW_CQAWDSSTGDVF;CARSGYDSSWVGYDFDYW_CQAWDSSTPVF;CAREGLEIDAFDIW_CQQSYSTPWTF;CAHTSAYYDSSGYYPPFDYW_CQQSYSTPLTF;CARATQDSSGWYGFWYFDYW_CQQYNNWPPTF;CARMLVVVAATGYYYYGMDVW_CQQYGSSQTF;CAREAYDSSAYSTIDYW_CQTWGTGIHVF;CATSLVVVPAAILRGGVGGHYYGMDVW_CGTWDSSLSAVVF;CARSAGSSGSFEYFQHW_CQQYGSSPLYTF;CARRLFLYSSSGYYFDSW_CQQASSFPPLSF;NA_CQQSYNTPRTF;CARGGGAVAGTIDFHYW_CCSYAGTDLWLF;CAKDRGYYDSSGYYYSDYGMDVW_CQSADSSGTYVF;CAKDGFGGASDHW_CQHYDRSPWTF;CARAIQMGCSDGSCLW_CQQYDNLPSYTF;CARKGRWLPDGDDAFDIW_CQQYYSYPLTF;CARAGLRSWFDPW_CMQSIQLPNTF;CARHSYGAYYYYGMDVW_CQQYGGSPLFTF;CAAGVMTARYDYW_CQQSYSTPLTF;CAHFMTTVTTGYFDPW_CIQVRQTPFTF;CAREGGGDILTTYYYYGMDVW_CQQYGSSTRALTF;CARGFGGGDYRSMDVW_CQQLITYPITF;CARTTYGGNSLNWFDPW_CQVWDSSSDHPVF;CARGYGSGNYYYYGMDVW_CMQALQTPWTF;CARSNYDILTGLDYW_CMQALQTPYTF;CAREDSGSYGYFDYW_CQQYNNWPQTF;CARRVLYYRFDPW_CNSRDSSGNHLF;CARGDYDYVWGSSPDAFDIW_CMQGTHWPLTF;CARDVRGYYYDSSGYSGEGYWW_CQQSYSTPYTF;CTRDRYSSSWYKGLYYYYGMDVW_CQQSYSTPYTF;CARVFFRVVYAMAYW_CQQYNNWPPMYTF;CASSLRYFDWTVNNWFDPW_CQQYGSSPQTF;CTRGYCSSTSCYTGWFDPW_CQAWDSSHVVF;CARDGRWELLGNQHW_CCSYAGSSTYVF;CARVYYDSSGYYYFDYW_CQQSYSTPWAF;CARGRVRWELLGDDAFDIW_CQQYDNLPLTF;CCTYVFVGIVPTIVDYW_CQQYNDWPPAGTF;CARDIQYYYDSSGYDAFDIW_CQQSYSTPWTF;CATSWGIAALYGMDVW_CNSRDSSGNPYVF;CAKDYPVAGDLDAFDIW_CCSYAGSSTWVF;CARANWDNWNDGLDYW_CGTWDSRLSSYVF;CARAGYCSSTSCSKEDVW_CQQSYSTPPRTF;CAREPLGGDYYYYYYGMDVW_CQQYGSSPTF;CARLSLRARFRGAFDIW_CCSYAGSYSVVF;CAHSLPSDIDYYYDSSGYSPSPPLFDYW_CQQYNNWPLTF;CASGYGGKTYYFDYW_CQQYGSSPGTF;CLGRELGHSW_CLQHNSYPWTF;CTAVLRYFDWLLMEAHENYYYYGMDVW_CQSADSSGGVF;CARDRSRWEFLYYFDYW_CQQYGSSGYTF;CARARYYDSNSYSYAW_CQTWGTGIWVF;CARLDYYDSSGYYDW_CQTWGTGIPVF;CARDYIAVAGPGENWFDPW_CQQSYSTRTF;CARDRGGYGVRWFDPW_CQQYDNLPPTF;CARRGNAIFGVVTHYYYYGMDVW_CMQALQTPLFTF;CSNYDILTGYYWFHYW_CQQYNNWPFTF;CASSFLDTSIVEYYFDYW_CATWDDSLSGLF;CARIVVVVTSRWFDPW_CQVWDSSSDHYVF;CARSLEWLDDYW_CQSYDSSLSGSVF;CARDAYGGYSFYYYGMDVW_CQQYGSSPFTF;CAGGSGSYYHLDPW_CQQANSFPYTF;CARPRLDYGDYGAGLGYW_CQKYNSAPFTF;CARDRGLRKKYFQHW_CQQYGSSPSTF;CVSQLYYLDGRGYYYDYYYDYW_CLQHHDYPWTF;CTTVSPYGDYVGVYFDYW_CQQYYSYPPTF;CAKDFMEYYYYGMDVW_CSAWDSSLSAVVF;CARSPGSGSYTW_CQQYGSSPLTF;CARLPYAGGPYYYYGMDVW_CMQRIEFPFTF;CARGKPRSLELWSFYYYYGMDVW_CQQSYSTPPTF;CAMGGYDSSGVQLDYW_CAAWDDSLSGYVF;CAHRYCSSTSCYGLGDWFDPW_CQSADSSGTYLVF;CARHSEGLGPVDYW_CGTWDSSLSAWVF;CARAIFGVVSVMGFDYW_CMQALQTLTF;CAKSMKSFDYW_CQQSYSTPLTF;CTTEGGDGYNSFDYW_CQQYDNLPITF;CARDTTYGDYYYGMDVW_CQSADSSGNWVF;CARDGKGYSYGSGNYYGMDVW_CQQSYSTLYTF;CAHRTTTYYFDYW_CQQYNSYPYTF;CTTDLVWFGELANAFDIW_CLQHNSYLPEWTF;CTRGGTLGARSGYYDYYYGMDVW_CQQYNSYPLTF;CAKDEGRVVAVAGTGEHAFDIW_CQQYNSYSPTWTF;CAKDITIFGVVISHLDYW_CLQDYNYPLTF;CARTYYYDSSGYRNAFDIW_CQSADSSGTYPVVF;CAKCFYYDSSGYYYYYYGMDVW_CCSYAGSSTLVF;CARDLLSISGSPFDPW_CQQRSNWPPGGGGLTF;CARGGINGGAYFDYW_CQQYGSSPWTF;CARDRGPAGLDYW_CQQSYSTRYTF;CARRGYYYDSSGYYYDWFDPW_CNSRDSSGNRVVF;CAKGLNTAMVSYYFDYW_CVLYMGSGIWVF;CAKDIREGWSSGYYPVLDYW_CQVWDSSVVF;CAKDSPSGYYYYYYYGMDVW_CQQLNSYPITF;CARDRIAAADHNWFDPW_CAAWDDSLNGWVF;CARDIGGIAAAGSPPSAFDIW_CQQYNSYSTF;CAHSYYYGSGRGGWFDPW_CQSADSSGTYVF;CARDGSSSIFDYW_CNSRDSSGNHVVF;CAKPLRFGYSSSSCFDYW_CSSYAGSNNYVF;CAHTGFESLDYW_CQSYDNSLNGLGVF;CARDEDYYYDSSGSVDYW_CQQSYSTPWTF;CARQIAAAGPENWFDPW_CQSADSSGTYLVF;CARGLPVDVW_CGTWDSSLSAGHVVF;CARLIYYGSGRFGAFDIW_CQQYDNLPWTF;CARNEITIPLDVW_CQQYGSSPLVTF;CTTDHGDAYNYRW_CQQYGSSPRTF;CARDHRMNIAVAGTNWFDPW_CQKYNSAPLFTF;CARALREEQWLNNAFDIW_CQQYYSYPTF;CAHRPPYYDSSGYLSW_CQQYGSSLWTF;CARHYVDTAMVINQYYFDYW_CQSYDSSLSDVF;CARDNYDILTGHYGMDVW_CAAWDDSLSGLYVF;CAKDSSSSDWFDPW_CQQYYSYPLTF;CARDYVAVAGTLDYW_CQQYYSTPYTF;CTRDLAYSNYEPPNHNWFDPW_CLQHNSYPLTF;CARERYYYYGMDVW_CYSTDSSGNHGVF;CAKEGITGYYYYYGMDVW_CQQSYSTPHTF;CAKVALRYFDWLPPYFDYW_CQQYYSYPQNLTF;CARAHDSTGYQDFDYW_CQQAKSFPYTF;CARVGVYGSGSYLVGGDYW_CQQSYSTPWTF;CARGPYYGSGSGEFDPW_CQQYYSYPLTF;CARGSCYSSACYYYYGMDVW_CGTWDSSLSAVVF;CARDFDAAEGAFDIW_CQVWDSSSDPTFYVF;CARGAHSSGYYIDYW_CQQYYSFPFTF;NA_CHQYNNWSSWTF;CAREQDFGGNPFDCW_CMQVLHIPRAF;CARGTMVRGHYYYYGMDVW_CQQSYSTPLTF;CARGYSYGYLDWFDPW_CQSYDSSLSGVVF;CARAAPYSSSSLDYW_CQQSYSTLTWTF;CARRRITMNDYFDYW_CQSYDSSLSGVVF;CARGPDGGAFDIW_CQRGLTF;CARDLIARTALTYYYYGMDVW_CQSYDSSLSGGVF;CARYGVYGDYPGALFDYW_CAAWDDSLSGLWVF;CAKDRRGCSSTSCYTFDYW_CQQSYSTLSF;CARVSGYNSYYFDYW_CQQSYSTPRTF;CAAPSPRFTSSTGGGMELPLHVW_CCSYARGSSLVF;CAKDARWRPRVASIDALDIW_CQQYNNWPRTF;CARHIERYCSGGSCYEALDYW_CMQALHPITF;CASYLEMATRYYFDYW_CLQHNSFWTF;CARVTRVTQSNDFWTSYYTDCFDAW_CYSTDSSGNHKVF;CARLYSSSWTNYFDYW_CQQYYSYPLTF;CARGTVYSVPGGHYGDYVRDPKYYYYGMDVW_CQSADSSGTWVF;CARGAAGVRGPIGYW_CAAWDDSLSGWVF;CARVAVAGTTNWFDPW_CQQANSFPYTF;CARVLGGPGATTFDYW_CLQDYNYPWTF;CARTPVSTSYDSPGWYSSGWFFDYW_CQTWGTGIHVVF;CARTMVRGVTPADAFDIW_CQQYNSYSSTF;CAKSMGATILHAFDIW_CQQYNSYPLTF;CARANSGSYSFFFLRLDYFDYW_CQQYNNWPLTF;CARAAGTGGYYYGMDVW_CVLYMGSGISVF;CARAGQFGDSYYYYYYGMDVW_CLQDYNYPQTF;CAHFTKRPTDAFDIW_CNSRDSSGNHRVF;CAAGFGLSGSYIHYYYYGMDVW_CQQYGSSPPLTF;CATDNWNFGADSGFGYW_CMQGTHWRTF;CARVLGSFSFGYDGFDIW_CQQLNAYPTF;CARDPGIAVAETVYYYYYYGMDVW_CMQALQTPPTF;CARTVGAGYKIGKGYFDYW_CQAWDSSTVVF;CARDQDLAALNYW_CGTWDSSLSAKVF;CTTENVLLWFGEPEYYYYYYGMDVW_CQSADSSGTYAVVF;CARSLFEGTVMAFRAEHMDVW_CQQYKTFFAVSF;NA_CQAWDSSTVVF;CARPPSHDSPMYHYW_CQSADSSGLWVF;CARDTMWWSYGMDVW_CCSYAGSGEVF;CARLRRYSSGYYYIAGDFDYW_CQSYDSSLSGVVF;CARDKGGTTVTTSNWFDPW_CQQYDNLPLTF;CARDGGGYYQKKGYFQHW_CGTWDSSLSAVVF;CARDDIVVVPAAIDYW_CQSYDSSLSGPYVF;CARKFDCW_CQQYGTSLPVTF;CARGVLRFLEWLSNMDYYYYGMDVW_CMQALQTPRALTF;CAKDGSYYDSSGYSDYW_CQQYNNWPPWTF;CAKDKSYSVEYW_CMLFMGSGIWVF;CAKADVRSNWNDMHFDYW_CQAWDSSTVVF;CARATPRGYGGNSLNWFDPW_CQQYNSYPFTF;CAEGYQLPGLYYW_CNSRDSSGNHLF;CARHAGSGSYYFWFDPW_CQQYGSSPYTF;CAKDLQIGYCSSTSCRNAFDIW_CQQYGSSPPRVTF;CARGRGSYFDYW_CQQYGSSLWTF;CARTCSSTSCYTYGMDVW_CQQYNNWQYTF;CAHRGYSYGPLFDYW_CLLYYGGAQLVF;CARLPTLRYGSGSYYNGALDYYYGMDVW_CMQALQTPLTF;CARSIAAASPFDPW_CQQYDNLPPTF;CARGPPYGHLGYW_CQQYNNWPPITF;CAKDILGGGYFDYW_CQTWGTGMGVF;CAKDASYGYLFEYWYFDLW_CQQYNNWPPWTF;CARFGAKNYYDSW_CQQYNNWPGTF;CAREKWLRPQLDYW_CQQYGSSPKTF;CVKGPYYDGSGNSFGRKAFDIW_CQQYGSSPYTF;CARGASKGNQPALHYGMDVW_CQQSYSTPPAF;CATTLASPTHDYGDYEGGYMDVW_CQQYGSSPLTF;CALGIDAFDIW_CQQYNNWPKTF;NA_CQSYDDSLSGTVF;CARGFYYGSGSPLSGMDVW_CQQSYSTPRTF;CAKDPAASGSPWYFDYW_CQQYYSFPRTF;CAREVSRQSGSRPIKWFDPW_CQQSYSPPPLTF;CTPSLETYGDYALGYYW_CQSADSSGTYPYVF;CAKDFGGPLQFDYW_CQQYGSSPRTF;CAKDMLFSNNYW_CQTWGTGINWVF;CARDENHLYYGDLAYW_CQQSYSIPRAF;CARGSRLLLWFGELKVGPGFDPW_CQQYNSYWTF;CAMKGGRDGYNTRVYYYYGMDVW_CCSYAGSSTPYVF;CAKDIGPTNCSSTSCHAYYYYGMDVW_CQQYNSYSTF;CWRDRREAPIEMEVASTRG_CMQSTHWPYTF;CTRHTHCSGGSCYDAFDIW_CQQSYSTPRYTF;CAREPPHGSGTDYNWFDPW_CQSYDSSLSAYVF;CVKDLYDTGSYYYFDYW_CSSYTRSSTLVF;CSRHEGVGGNSDYW_CVLYMGSGISMF;CARNHDYGDYMFGGMDVW_CQSADSSGTYVF;CTTSGGDW_CMQSIQLPRTF;CARDRTSFGYSYGNIDYW_CQTWGTGILVF;CAKDELASYGGVGYYW_CQSADSSGTYFWVF;CAREPKHSGYCSSTSCYIGNWFDPW_CQSYDSSLSGNVVF;CARASWDSSSWGLGFDPW_CQAWDSSTGVF;CARTRVRGVISPFDYW_CQQANSFPPTF;CTREYYDFWSGDYW_CQQYDNLPLTF;CARDGGRGSGWSTPDYW_CNSRDSSGNHVVF;CARHYDFWSGDNPYWYYYYGMDVW_CQQYGSSPPWTF;CTTTTADIVVVPAAIQTVDYW_CQQYDNLPLTF;CAIMVRGVIGSYYYYGMDVW_CQQSYSTTWTF;CAKDNGYGGNSLQHW_CCSYAGSSTLVF;NA_CQQSYNTLWSF;CARARYRRDGYHNLYAFDIW_NA;CARGFSETGPGYKRFYYYFDLW_CQQYGSSPQTF;CARVKGDYYYYYGMDVW_CMQALQTPHTF;CARDPPLYSSGWFTGDYW_CQQYNSYPRTF;CAKDGGEHRGNDYW_CQVWDSSSDHYVF;CARGYDFWSGYLPHYGMDVW_CQVWDSSSDHPGVF;CARETKQYIDYRSPTVGRPYDYYYGMDVW_CLLFYGGAQLGVF;CAKGVWESTTEDAFDIW_CQQYNSYSPFTF;CAKDQGYCSSTSCYPYYYGMDVW_CQAWDSSTVVF;CARLGGYDSTFDYW_CSSYTSSSTYVF;CARVAAAGTYFDYW_CQQYGSSPETF;CARINQHGSGTYSPDYYYYGIDVW_CMQALQTPMYTF;CARKSIAAAGLPYYYYYGMDVW_CMQALQTRFTF;CAQGGYSYGYYDYW_CAAWDDSLNGVVF;CARQRGGTAVPVYYFDYW_CQQYGSSPLYTF;CARALYYDSSGYQPNRYYFDYW_CQSYDSSLSGYVVF;CTRALNSNHFDYW_CQQANSFPLTF;CARVTDPDAFDIW_CNSRDSSGNHYVF;CARSAWHPAATGGMDVW_CLQDYNYPYTF;CARVSLVVPQQFDYW_CQAWDSSTVVF;CAKVPGYSTGWYYFDYW_CQQCDSSPEWTF;CAKDSTCSSTSCYRGYYYYGMDVW_CQQYYSYPITF;CARGRNGGNRFDWFDPW_CQSYDSSLSGSGVF;CARGKNWFDPW_CQQYGSSPLTF;CASGYSSGRPDYW_CQQYDNLPITF;CARLSDGDYTFDYW_CQQYNSYWTF;CARGGTAGYSYGYAYW_CQAWDSSTAVVF;CAKDIVVVPAAPITLYYYYGMDVW_CMQALQTSFTF;CARWRLYYDSRGYYYGMFDYW_CQQSYDTPLTF;CARSRRIVGATSFDWFDPW_CQQYNSYSRTF;CASEDSGYGGGFDYW_CQSYDSSLSEGVF;CAHGRDYDSSSLPFDYW_CQQYNSYPYTF;CARAGAYYYGSAIDYW_CQQYGSSPGLTF;CAKGSSHSGGWFDPW_CQQYNSYWTF;CARDLLRAYSSSSTSSIDYW_CQQYYSYPRTF;CAKDVSGYLDAFDIW_CGTWDSSLSAGWVF;CAREGSRYFDYW_CQVWDSSSDHYVF;CASHDSSGYYLLDYW_CQVWDSSSDHVVF;CARYCSSTSCYTTYYYYYYGMDVW_CQQYYSYPLTF	18	55	CARETTPVVTASTYYYYYGMDVW_CSSYTSSSTWVF;CARDWVRGVNDMDVW_CSSYTSSSTRVF;CTRPQRKWELPYPDAFDIW_CSSYTSSSTLF;CARGGAAVTTYYYYFYGMDAW_CCSYSSTNTLYVF;CARDGSGYLEQYYFDYW_CAAWDDSLNGYVF;CARGQGRTTSDYW_CSSYTSSSTLVVF;CARDPITMVRGVIISGWYFDLW_CSSYTSSSTLDVVF;CAKGADPYYDFWSGYSELFPLGMDVW_CSSYTSSSTVVF;CAREFKSFWSGYGDYYYGMDVW_CSSYTSSSTRVF;CARVVDDYYDSSGRYYFDYW_CSSYTSSSTQVF;CARHPFRVFGGWRDYW_CSSYTSSSTLWVF;CTGPDRMAYYDSSGYWEGVLDYW_CSSYTSSSPLYVF;CTRCGSSWTSYTMYDW_CSSYTGSRLYVF;CAKASLYGSGSYPPKYW_CSSYTSSSTYVF;CARDRPALWFGELHGMDVW_CSSYTSSSTLVF;CAKDHWEYYWYFDLW_CSSYTSSSTLVF;CARQISILRLLVWFDPW_CSSYTSSRGVF;CARHSPPRLWFGAFNYYYGMDVW_CSSYTGSSTLVF;CARRIAVAATVTGAMDVW_CTSYTSSSTLVF;CARYYDILTGYYYDYFDYW_CSSYTSSSTSF;CAKDPRLGPYFDYW_CSSYTSSSTRVF;CARILSDYYDSIGAFDYW_CSSYTSSSTPVVF;CARDRVAIMRGIKPNGMDVW_CQQLNSYPQTF;CARELTGDRDYW_CNSYTRSSTYVF;CARVNTMVRGLSTTKYYYPMDVW_CSSYTLSILIF;CARGGLPLGYCSGGSCSRRYYGMDVW_CSSYTSSSTLVVF;CARVEYGDYSGWFDPW_CSSYTSSSTWVF;CARGINYCSGGSCYYYYYYGMDVW_CSSYTSSSTLEGVF;CAREGPSRPAANYW_CSSYTSSSTEVF;CVRDQGSGGNYFDPW_CSSYTSSSLYVF;CARDDYYYDSSGYYPRFDYW_CSSYTSSSTLGVF;CARGSRYSYGDPCFDYW_CSSYTSSSTPVVVF;CARYYQDRFDYW_CSSYTSSSTLEVF;CARGPYDILTGSIYYYGMDVW_CSSYTSSSTLIF;CARDLGWSEGNYYYYGMDVW_CSSYTSSSTYVF;CAYDSSGYSLDYW_CQQYGSSPF;CARDQGTAAKPLDYW_CSSYTSSSTRVF;CARGGYSGYESDYW_CSSYTSSSTRVF;CARSSVGRQWPKGMDVW_CSSYTSSSTLAF;CAKDIRGRMATIMSW_CSSYTSSSTLVVF;CARVELHYYYYYGMDVW_CSSYTSSSTLF;CARGMIVVVMRYGMDVW_CSSYTSSSPVVF;CAKGILRYFDWHLEGMDVW_CSSYRNISTVF;CAKDIVSYSNYVLSNW_CSSYTSSSTQHVVF;CARHGSYLGYFQHW_CSSYTSSSTVVF;CAKDKGPDYYYGMDVW_CSSYTSSSTLYVF;CARSMVRGKYRAEYFQHW_CSSYTSSSTLNVVF;CATLSGMDVW_CSSYTSSSTLVVF;CAREGRPPRKPKNNWFDPW_CSSYAGSNNLVF;CARGYSYGPFDYW_CSSYTSSSTLVVF;CASPITTVTTRGAFDIW_CSSYTSSSTFYVF;CAETSYCSGGSCPMSEYGPVFDPW_CSSYTSSSTPWVF;CAKDCGEPWYNWNDGIGYW_CSSYTSSSTWVF;CARDSRLGGVDPW_CSSYTSSSTRVF;CAKAPGGYNWDNYHYYYFAMDVW_CSSYTSSSTLYVF	0	NA
5	441	NA_CQQYDELPVTF;CATTYYYDSSGYYQNDAFDIW_CQQYYSYPRTF;CAREIEGDGVFEIW_CMIWHSSAWVV;CARHIRGNRFGNDAFDIW_CQQYYSFPYTF;CARRLITMIEGGAFDIW_CQVWDSSSDHVVF;CAKVMIEHPSNRGHFDYW_CMQALQTPYTF;CTTDDEKRPYSGSYLPFDYW_CQSYDSSNVVF;CARGGRVSVAVYWDYYYYGMDVW_CQKYNSAPFTF;CAHSAQYYDILTGYYKAPWGGAFDIW_CQQYNSYSWTF;CARDDFGGATFYSSFDYW_CQQSYSTPYTF;CARAAKIFGVVTAFDIW_CQQYGSSPWTF;CVKDYSTSGWYYFDFW_CQQYGSSLPYTF;CARVVPAAFYGMDVW_CQQYGSSLFTF;CAGGSGYCTNGVCYPRGFDYYYGMDVW_CAAWDDSPPWVF;CAKDDTAMVTADFFDYW_CQTWGTGIWVF;CARTPRWLQCFDYW_CQQYNSYSWTF;CARDQWLAYYFDYW_CQSYDSSNHWVF;CAHRYYSNIDYW_CMQGTHWPWTF;CARDWGYYDSSGYSPRGYYYYYGMDVW_CQQLNSYSFTF;CAKDRVGYGDYVDYW_CQQYNNWPPWTF;CARLGSSPYYW_CQSYDSSLSGYVF;CTRYYGDVW_CQQYYSFPWTF;CAKDHYYDSSGYYSGLGYW_CQSADSSGTYRVVF;CATGLVVPAAILYGMDVW_CQQYGSSRGLTF;CAKDDGDAAAGLIYW_CAAWDDSLSGVVF;CAKDGGGEEALELPDYW_CGTWDSSLSAVVF;CATLRYPSLGVDYW_CHQYNNWPFTF;CARKDSSGSDAFDLW_CQQSYSTPYTF;CARDVVQLWYQIDYW_CQQSYSTPPNTF;CAKYVDTAMNQFDPW_CQQANSFPITF;CARGLHYYDSSGRSLYYFDYW_CQQYGSSPPGQTF;CANQPPSLYW_CQQYNNWPGTF;CARVGYDYVWGSYRYTGVMDVW_CSSYAGSSYVF;CARGRPYYYDSSGYPYDAFDIW_CMQALQTPLTF;CAKERVVTAIPVVIFDYW_CQQSYSTPRLTF;CARPYGDYAYFDYW_CQSYDSSLSGYVF;CARDWWERQDSKRPDYFDSW_CQQTNSFPITF;CARHSNDGSDYFDYW_CQESYGALLTYTF;CASTEIEMLVPRYCSSTSCYFVWFDPW_CGTWDSSLSAGHGVF;CASASSTGTDAFDIW_CQAWDSSTHVVF;CARDGSWYAAWFDPW_CQSYDSSLSGSVVF;CARDPSLGDPGWGYFDYW_CQQYNSYSTWTF;CVREMTGSFTGGLDPW_CMQGTHWPPTF;CAREVNTAMAYYYYYYGMDVW_CQQYGSSQWTF;CARERRGGGHYYDSSGYYLSDYW_CQQSYSTP;CARGGGYSSGWATREVVYW_CQSYDSSLGAVF;CAKVPTVTTFLGYYYGMDVW_CQQSYSTPWYTF;CARDLRPAANFDYW_CQVWDSSSDYVF;CARLSYSSSWYYFDYW_CQQSYSTLYTF;CARVPKVRYCSSTSCYKDYYYGMDVW_CQVWDSSSDSWVF;CATWHYYDSSGEDGMDVW_CQQYNNWPRTF;CARGRSSWHLDYW_CMQALQTPFTF;CARDPWELHGFDYW_CQQYGSSSFTF;CAREAYYYGMDVW_CNSRDSSGNHNYVF;CARDRSVVTMVRGVIPFYW_CCSYAGSYTVVF;CARHEKMNYYDILTGYSPPYYYYYGMDVW_CQSYDSSLSAYVVF;CAHYQGIAVTGTWFDPW_CQSYDSSNVVF;CARESSSWFPYW_CQQSYSTPFTF;CARERDYSPGRYYGMDVW_CGTWDSSLSAGVF;CARHPTPAAMVGYYYYGMDVW_CQQANSFPLTF;CARDGPMTAIGGYGMDVW_CQSYGSLGGSVF;CAKGRTTEGTDAFDMW_CQQVHSYPITF;CAKDRSSLLWFGELLYMPEEYGMDVW_CQQYNNWPLTF;CTNYGMDVW_CSSYAGSNNWVF;CARVDSFAPNSGYGAQLLNWFDPW_CQQYNNWPLTF;CAREDYDTASFGYW_CQQYDNLPYTF;CAKDFGRGSYHRAEYFQHW_CQQYNNWPPWTF;CARGGSLPLITMIVGFFW_CQQYGSSPEYTF;CTREAEMATISIDYW_CQVWDSSSDHVVF;CARDAPIWDTAIVYW_CQQYGSSLPWTF;CARLLVSAYNWFDPW_CQQSYSIPAF;CARIPMTTVTSYGMDVW_CQQYGSSSITF;CARDDEWEPYDYW_CCSYAGSSTYVF;CTTVLRYFDWLLSDYGMDVW_CLLSYSGARGVF;CAIGTGIVGTTFPREYW_CMQALQTSWTF;CAKDMELGWLIDYW_CMQALQTPLTF;CARETVVTPQNAFDIW_CAAWDDSLNGYVF;CARERNIVVVPAAETFDYW_CQQYNNWPPLTF;CARIGFGEYDYGMDVW_CQSYDSSLSVVF;CARGVGATDFDYW_CQSYDSSLSGVVF;CARDPSNWGSFGYW_CQAWDSSTYVF;CARVDGYNYSFDYW_CQQYNNWWTF;CAKEPYGGNSFVYYFDYW_CQQYGSSPGLTF;CAKAEWGGTENYIPYYFDFW_CQSYDNNNLIF;CARSHCSSTSCYPNYYYGMDVW_CQQSYSTPRTF;CARDFGERYCSGGSCYSFDPYYYYGMDVW_CLQHNSYPWTF;CAKEYPGPGQLDDAFDIW_CQSYDSSLSGKVF;CARVDTAMVTGLAISPPWDYGMDVW_CQQYNSYPWTF;CAKDIGDGSGSNSQKRDYYYGMDVW_CQQSYSTPRTF;CATDPYNSGWFASLKNQVLYYW_CQQSYSTPQTF;CAREHTGGWLQRYIDYW_CQSADSSGTYPRVVF;CARGYCDSTSCYAVGYFDLW_CQTWGTGIVVF;CARDPDPNWSKDWFDPW_CQQYNNWPPLTF;CAKGRYSFGLDNFDYW_CQQDGNSPTF;CASRAVQSSGWRQDYYYGMDVW_CQSYDSSLSGVF;CAREASEGPW_CQSYDSSNSWVF;CARLGGYSSRGNWFDPW_CQQSYSTPPYTF;CARDPHHTFGGVLVW_CQKYNSARTF;CAGYYYDSSGYLSSFDIW_CQSYDSSLSVVF;CARLPYRYSGSSNDAFDIW_CAAWDDSLSGPVF;CARAGYGDYVGDFDYW_CQSADSSGTYVVF;CARDYYGSRSDSGMDVW_CQQSYTTPYTL;CAKDGREAAAGTDYYYGMDVW_CQAWDSSTVVF;CARDSPGWGSSGFYYGMDVW_CQQYGSSPRYTF;CARVSGDTMIVVVHRDGMDVW_CQQYNSYSVTF;CAKNLATTGSHW_CLQDYNYPRTF;CAKDGGRGVVIIFYFDYW_CQQYGSSPITF;CARGIAVVTLWGPFDIW_CQQYNNWPRTF;CARDRWVPAAVPHYYYYGMDVW_CQQANSFPLTF;CAREGAAGPPPGHYYYYGMDVW_CMQALQTPFTF;CAKQGHFTDTKRIDYW_CQQYDSYPITF;CAVIPVTGQEASLSAEYFQHW_CQQSYSTPFTF;CARDSPSSGSYGLFDYW_CQTWGTGIRRVF;CASPGGGLLWFGELFRSYFDYW_CVLYMGSGFWVF;CAHRPVSDDILTGYRYNWFDPW_CQSYDSSLSGSVVF;CARGFIGYNFDSW_CQQSYRTPITF;CAREEGYCSGGSCEYNYYYGMDVW_CQQYGSSLITF;CARGRRVFLALSYW_CQQYGSSPHTF;CARGAGRIGQVDVW_CQQYNNWHTF;CARGYYDSSGQSLDYYYYGMDVW_CQQYYSYPFTF;CARTGKNGSGSYWFDPW_CQQYRTF;CARTDIVATPDGGFDYW_CQTWGTGIHVVF;CAREGFYYYGSGSVSGGNWFDPW_CQVWDSSTVVF;CAKVPLGWGAAGGAYFDYW_CQQYGSSPATF;CARVGCSGDTCYSYDWFDPW_CGTWDSSLTAVVF;CARGGILTGKLSDYW_CQQYDNLPTF;CAHGLTGYYTYYFDYW_CQQYYSFPPTF;CARQVGANPFADYW_CAAWDDSLSGPVF;CSVYDAERGYFDYW_CCSYAGGDTSYYVF;CARLYGDYGDYW_CNSRDSSGNLFVVF;CARPYSSSWSPMDVW_CQSYDSSLSGHVVF;CARDKGYSSSWYIRSSWFDPW_CLLSYSGARLVF;CARAVCGDDCYLLDSW_CAAWDRSLGAVVF;CARTTTVVTGDAFDIW_CQSADSSGTYPVF;CAKGRGDYYYYGMDVW_CQQYDNLPITF;CTTGGALNYW_CQAWDSSTACVF;CARDLTTRDYSDAFDIW_CQQYGSSPRTF;CARAGLEINTPDSSGYYYGGGYFDYW_CQQYDNLPPRRFTF;CAKDHGYDFWSGYSDAFDIW_CQQSYSTPLYTF;CARESGYTNYYYYGMDVW_CQQYNSYPLTF;CARKYQLPYYYGMDVW_CQQSYNTPDTF;CARDSTYYYDSSGYPVSDAFDIW_CQQSYSTRRYTF;CAREVYSSSTNWFDPW_CQVWDSSTDVVF;CARANAEYSSSLLFDYW_CQSYDNSLSAYVF;CAHSPYDYVWGSYRQSWFDPW_CQAWDSSTVF;CTTIYYDILTGDYW_CMQALQTPITF;CARLDYDFWSGTPERMDVW_CQQYGSSPPWTF;CARVRKNWNYDLDDWYFDLW_CQVWDSSSDHYVF;CATRRVRGEGLAYW_CQQYNSYSRTF;CARNYDSSGYYVPPYFDYW_CQQYNNWPPYTF;CARDPANYFDYW_CQQSYSTLWTF;CAREESSSWYRYW_CQQYGSSPLTF;CARIVQGGSYLSGGIDYW_CMQSIQLLFTF;CARDRLIIRFLERPNWFDPW_CCSYAGSSTPVF;CAREYSNNWYFFDYW_CQQYAGSPLTF;CARVSGVGTSFAGFDPW_CQSADISATVF;CAREPTPRYSGSYRGFNYFDYW_CQQYYSFPLTF;CARAADYCTSASCPNEYFQHW_CQSYDSSLSVF;CARGRMTVHNDDSGFPEYLYYYGLDVW_CMQVMDNPRTL;CATSRVAVAGVDYW_CQSYDSSLSGVVF;CARDLGIAVAGRVEGYFDYW_CCSYAGSYTLVF;CARDVSNVLVIAVSPSWFDPW_CQQTYSIPYTF;CARDAPDRGSSWYSALFDYW_CQQYNNWPPTF;CARRDGGYCSSTSCSFDYW_CQQYNSYSPTF;CARAEIFGVVIQAFDYW_CQSYDSSLSGSVF;CVKKVIGFDDW_CQQSDTFGYTF;CAKGMDGSGSYYNKDGMDVW_CQAWDSSTGVF;CARVNGLLGEYYYGMDVW_CMQALQTPPNTF;CAKDWAVGWEFVDSW_CQQSHTVPLTF;CARDEGAAAYFDYW_CCSYAGSSTCWVF;CARAAGYCSSTSCYEIYYYYGMDVW_CQSYDSSLSVPF;CTRSYVLRFLEWFSPFDYW_CQQYGSSLWTF;CASSGSYQGNWFDPW_CQQSYSTPYTF;CARSPPRYDLSLVDAFDIW_CQQYNSYSTTF;CARETIAAAGSNFDYW_CQQSYSTPRTF;CARVSGYSYYFDYW_CQQLNSYLLTF;CATYIAAPRDYYYGMDVW_CMQALQTPYTF;CATGKTYSAPHAYYYFDYW_CQQANSFPRTF;CAKEVHSSGFDYW_CQSADSSGTYPWVF;CTTDHIVVVTAMIFGYYFDYW_CQQLNSPLTF;CAREGPTVTKFDYW_CQSYDSSLSGSVF;CEVKAAAGNFYW_CSSYAGSVVF;CAKDIEGGSGYYLTPGGFQHW_CCSYAGSSTFVVF;CARDAMAIGDYYYYGMDVW_CQQLNSYPSLTF;CARREGAGYDILTGSYYYYYGMDVW_CLLYYGGAQLGVF;CTTRLWRISQYYYDSSGYGHFDYW_CQSADSSGTYVF;CARTTLLAAAIDYW_CQQYYSFPYTF;CARAKAARPTPTYYYYYYGMDVW_CQAWDSSTGDVF;CARSGYDSSWVGYDFDYW_CQAWDSSTPVF;CAREGLEIDAFDIW_CQQSYSTPWTF;CAHTSAYYDSSGYYPPFDYW_CQQSYSTPLTF;CARATQDSSGWYGFWYFDYW_CQQYNNWPPTF;CARMLVVVAATGYYYYGMDVW_CQQYGSSQTF;CAREAYDSSAYSTIDYW_CQTWGTGIHVF;CATSLVVVPAAILRGGVGGHYYGMDVW_CGTWDSSLSAVVF;CARSAGSSGSFEYFQHW_CQQYGSSPLYTF;CARRLFLYSSSGYYFDSW_CQQASSFPPLSF;NA_CQQSYNTPRTF;CARGGGAVAGTIDFHYW_CCSYAGTDLWLF;CAKDRGYYDSSGYYYSDYGMDVW_CQSADSSGTYVF;CAKDGFGGASDHW_CQHYDRSPWTF;CARAIQMGCSDGSCLW_CQQYDNLPSYTF;CARKGRWLPDGDDAFDIW_CQQYYSYPLTF;CARAGLRSWFDPW_CMQSIQLPNTF;CARHSYGAYYYYGMDVW_CQQYGGSPLFTF;CAAGVMTARYDYW_CQQSYSTPLTF;CAHFMTTVTTGYFDPW_CIQVRQTPFTF;CAREGGGDILTTYYYYGMDVW_CQQYGSSTRALTF;CARGFGGGDYRSMDVW_CQQLITYPITF;CARTTYGGNSLNWFDPW_CQVWDSSSDHPVF;CARGYGSGNYYYYGMDVW_CMQALQTPWTF;CARSNYDILTGLDYW_CMQALQTPYTF;CAREDSGSYGYFDYW_CQQYNNWPQTF;CARRVLYYRFDPW_CNSRDSSGNHLF;CARGDYDYVWGSSPDAFDIW_CMQGTHWPLTF;CARDVRGYYYDSSGYSGEGYWW_CQQSYSTPYTF;CTRDRYSSSWYKGLYYYYGMDVW_CQQSYSTPYTF;CARVFFRVVYAMAYW_CQQYNNWPPMYTF;CASSLRYFDWTVNNWFDPW_CQQYGSSPQTF;CTRGYCSSTSCYTGWFDPW_CQAWDSSHVVF;CARDGRWELLGNQHW_CCSYAGSSTYVF;CARVYYDSSGYYYFDYW_CQQSYSTPWAF;CARGRVRWELLGDDAFDIW_CQQYDNLPLTF;CCTYVFVGIVPTIVDYW_CQQYNDWPPAGTF;CARDIQYYYDSSGYDAFDIW_CQQSYSTPWTF;CATSWGIAALYGMDVW_CNSRDSSGNPYVF;CAKDYPVAGDLDAFDIW_CCSYAGSSTWVF;CARANWDNWNDGLDYW_CGTWDSRLSSYVF;CARAGYCSSTSCSKEDVW_CQQSYSTPPRTF;CAREPLGGDYYYYYYGMDVW_CQQYGSSPTF;CARLSLRARFRGAFDIW_CCSYAGSYSVVF;CAHSLPSDIDYYYDSSGYSPSPPLFDYW_CQQYNNWPLTF;CASGYGGKTYYFDYW_CQQYGSSPGTF;CLGRELGHSW_CLQHNSYPWTF;CTAVLRYFDWLLMEAHENYYYYGMDVW_CQSADSSGGVF;CARDRSRWEFLYYFDYW_CQQYGSSGYTF;CARARYYDSNSYSYAW_CQTWGTGIWVF;CARLDYYDSSGYYDW_CQTWGTGIPVF;CARDYIAVAGPGENWFDPW_CQQSYSTRTF;CARDRGGYGVRWFDPW_CQQYDNLPPTF;CARRGNAIFGVVTHYYYYGMDVW_CMQALQTPLFTF;CSNYDILTGYYWFHYW_CQQYNNWPFTF;CASSFLDTSIVEYYFDYW_CATWDDSLSGLF;CARIVVVVTSRWFDPW_CQVWDSSSDHYVF;CARSLEWLDDYW_CQSYDSSLSGSVF;CARDAYGGYSFYYYGMDVW_CQQYGSSPFTF;CAGGSGSYYHLDPW_CQQANSFPYTF;CARPRLDYGDYGAGLGYW_CQKYNSAPFTF;CARDRGLRKKYFQHW_CQQYGSSPSTF;CVSQLYYLDGRGYYYDYYYDYW_CLQHHDYPWTF;CTTVSPYGDYVGVYFDYW_CQQYYSYPPTF;CAKDFMEYYYYGMDVW_CSAWDSSLSAVVF;CARSPGSGSYTW_CQQYGSSPLTF;CARLPYAGGPYYYYGMDVW_CMQRIEFPFTF;CARGKPRSLELWSFYYYYGMDVW_CQQSYSTPPTF;CAMGGYDSSGVQLDYW_CAAWDDSLSGYVF;CAHRYCSSTSCYGLGDWFDPW_CQSADSSGTYLVF;CARHSEGLGPVDYW_CGTWDSSLSAWVF;CARAIFGVVSVMGFDYW_CMQALQTLTF;CAKSMKSFDYW_CQQSYSTPLTF;CTTEGGDGYNSFDYW_CQQYDNLPITF;CARDTTYGDYYYGMDVW_CQSADSSGNWVF;CARDGKGYSYGSGNYYGMDVW_CQQSYSTLYTF;CAHRTTTYYFDYW_CQQYNSYPYTF;CTTDLVWFGELANAFDIW_CLQHNSYLPEWTF;CTRGGTLGARSGYYDYYYGMDVW_CQQYNSYPLTF;CAKDEGRVVAVAGTGEHAFDIW_CQQYNSYSPTWTF;CAKDITIFGVVISHLDYW_CLQDYNYPLTF;CARTYYYDSSGYRNAFDIW_CQSADSSGTYPVVF;CAKCFYYDSSGYYYYYYGMDVW_CCSYAGSSTLVF;CARDLLSISGSPFDPW_CQQRSNWPPGGGGLTF;CARGGINGGAYFDYW_CQQYGSSPWTF;CARDRGPAGLDYW_CQQSYSTRYTF;CARRGYYYDSSGYYYDWFDPW_CNSRDSSGNRVVF;CAKGLNTAMVSYYFDYW_CVLYMGSGIWVF;CAKDIREGWSSGYYPVLDYW_CQVWDSSVVF;CAKDSPSGYYYYYYYGMDVW_CQQLNSYPITF;CARDRIAAADHNWFDPW_CAAWDDSLNGWVF;CARDIGGIAAAGSPPSAFDIW_CQQYNSYSTF;CAHSYYYGSGRGGWFDPW_CQSADSSGTYVF;CARDGSSSIFDYW_CNSRDSSGNHVVF;CAKPLRFGYSSSSCFDYW_CSSYAGSNNYVF;CAHTGFESLDYW_CQSYDNSLNGLGVF;CARDEDYYYDSSGSVDYW_CQQSYSTPWTF;CARQIAAAGPENWFDPW_CQSADSSGTYLVF;CARGLPVDVW_CGTWDSSLSAGHVVF;CARLIYYGSGRFGAFDIW_CQQYDNLPWTF;CARNEITIPLDVW_CQQYGSSPLVTF;CTTDHGDAYNYRW_CQQYGSSPRTF;CARDHRMNIAVAGTNWFDPW_CQKYNSAPLFTF;CARALREEQWLNNAFDIW_CQQYYSYPTF;CAHRPPYYDSSGYLSW_CQQYGSSLWTF;CARHYVDTAMVINQYYFDYW_CQSYDSSLSDVF;CARDNYDILTGHYGMDVW_CAAWDDSLSGLYVF;CAKDSSSSDWFDPW_CQQYYSYPLTF;CARDYVAVAGTLDYW_CQQYYSTPYTF;CTRDLAYSNYEPPNHNWFDPW_CLQHNSYPLTF;CARERYYYYGMDVW_CYSTDSSGNHGVF;CAKEGITGYYYYYGMDVW_CQQSYSTPHTF;CAKVALRYFDWLPPYFDYW_CQQYYSYPQNLTF;CARAHDSTGYQDFDYW_CQQAKSFPYTF;CARVGVYGSGSYLVGGDYW_CQQSYSTPWTF;CARGPYYGSGSGEFDPW_CQQYYSYPLTF;CARGSCYSSACYYYYGMDVW_CGTWDSSLSAVVF;CARDFDAAEGAFDIW_CQVWDSSSDPTFYVF;CARGAHSSGYYIDYW_CQQYYSFPFTF;NA_CHQYNNWSSWTF;CAREQDFGGNPFDCW_CMQVLHIPRAF;CARGTMVRGHYYYYGMDVW_CQQSYSTPLTF;CARGYSYGYLDWFDPW_CQSYDSSLSGVVF;CARAAPYSSSSLDYW_CQQSYSTLTWTF;CARRRITMNDYFDYW_CQSYDSSLSGVVF;CARGPDGGAFDIW_CQRGLTF;CARDLIARTALTYYYYGMDVW_CQSYDSSLSGGVF;CARYGVYGDYPGALFDYW_CAAWDDSLSGLWVF;CAKDRRGCSSTSCYTFDYW_CQQSYSTLSF;CARVSGYNSYYFDYW_CQQSYSTPRTF;CAAPSPRFTSSTGGGMELPLHVW_CCSYARGSSLVF;CAKDARWRPRVASIDALDIW_CQQYNNWPRTF;CARHIERYCSGGSCYEALDYW_CMQALHPITF;CASYLEMATRYYFDYW_CLQHNSFWTF;CARVTRVTQSNDFWTSYYTDCFDAW_CYSTDSSGNHKVF;CARLYSSSWTNYFDYW_CQQYYSYPLTF;CARGTVYSVPGGHYGDYVRDPKYYYYGMDVW_CQSADSSGTWVF;CARGAAGVRGPIGYW_CAAWDDSLSGWVF;CARVAVAGTTNWFDPW_CQQANSFPYTF;CARVLGGPGATTFDYW_CLQDYNYPWTF;CARTPVSTSYDSPGWYSSGWFFDYW_CQTWGTGIHVVF;CARTMVRGVTPADAFDIW_CQQYNSYSSTF;CAKSMGATILHAFDIW_CQQYNSYPLTF;CARANSGSYSFFFLRLDYFDYW_CQQYNNWPLTF;CARAAGTGGYYYGMDVW_CVLYMGSGISVF;CARAGQFGDSYYYYYYGMDVW_CLQDYNYPQTF;CAHFTKRPTDAFDIW_CNSRDSSGNHRVF;CAAGFGLSGSYIHYYYYGMDVW_CQQYGSSPPLTF;CATDNWNFGADSGFGYW_CMQGTHWRTF;CARVLGSFSFGYDGFDIW_CQQLNAYPTF;CARDPGIAVAETVYYYYYYGMDVW_CMQALQTPPTF;CARTVGAGYKIGKGYFDYW_CQAWDSSTVVF;CARDQDLAALNYW_CGTWDSSLSAKVF;CTTENVLLWFGEPEYYYYYYGMDVW_CQSADSSGTYAVVF;CARSLFEGTVMAFRAEHMDVW_CQQYKTFFAVSF;NA_CQAWDSSTVVF;CARPPSHDSPMYHYW_CQSADSSGLWVF;CARDTMWWSYGMDVW_CCSYAGSGEVF;CARLRRYSSGYYYIAGDFDYW_CQSYDSSLSGVVF;CARDKGGTTVTTSNWFDPW_CQQYDNLPLTF;CARDGGGYYQKKGYFQHW_CGTWDSSLSAVVF;CARDDIVVVPAAIDYW_CQSYDSSLSGPYVF;CARKFDCW_CQQYGTSLPVTF;CARGVLRFLEWLSNMDYYYYGMDVW_CMQALQTPRALTF;CAKDGSYYDSSGYSDYW_CQQYNNWPPWTF;CAKDKSYSVEYW_CMLFMGSGIWVF;CAKADVRSNWNDMHFDYW_CQAWDSSTVVF;CARATPRGYGGNSLNWFDPW_CQQYNSYPFTF;CAEGYQLPGLYYW_CNSRDSSGNHLF;CARHAGSGSYYFWFDPW_CQQYGSSPYTF;CAKDLQIGYCSSTSCRNAFDIW_CQQYGSSPPRVTF;CARGRGSYFDYW_CQQYGSSLWTF;CARTCSSTSCYTYGMDVW_CQQYNNWQYTF;CAHRGYSYGPLFDYW_CLLYYGGAQLVF;CARLPTLRYGSGSYYNGALDYYYGMDVW_CMQALQTPLTF;CARSIAAASPFDPW_CQQYDNLPPTF;CARGPPYGHLGYW_CQQYNNWPPITF;CAKDILGGGYFDYW_CQTWGTGMGVF;CAKDASYGYLFEYWYFDLW_CQQYNNWPPWTF;CARFGAKNYYDSW_CQQYNNWPGTF;CAREKWLRPQLDYW_CQQYGSSPKTF;CVKGPYYDGSGNSFGRKAFDIW_CQQYGSSPYTF;CARGASKGNQPALHYGMDVW_CQQSYSTPPAF;CATTLASPTHDYGDYEGGYMDVW_CQQYGSSPLTF;CALGIDAFDIW_CQQYNNWPKTF;NA_CQSYDDSLSGTVF;CARGFYYGSGSPLSGMDVW_CQQSYSTPRTF;CAKDPAASGSPWYFDYW_CQQYYSFPRTF;CAREVSRQSGSRPIKWFDPW_CQQSYSPPPLTF;CTPSLETYGDYALGYYW_CQSADSSGTYPYVF;CAKDFGGPLQFDYW_CQQYGSSPRTF;CAKDMLFSNNYW_CQTWGTGINWVF;CARDENHLYYGDLAYW_CQQSYSIPRAF;CARGSRLLLWFGELKVGPGFDPW_CQQYNSYWTF;CAMKGGRDGYNTRVYYYYGMDVW_CCSYAGSSTPYVF;CAKDIGPTNCSSTSCHAYYYYGMDVW_CQQYNSYSTF;CWRDRREAPIEMEVASTRG_CMQSTHWPYTF;CTRHTHCSGGSCYDAFDIW_CQQSYSTPRYTF;CAREPPHGSGTDYNWFDPW_CQSYDSSLSAYVF;CVKDLYDTGSYYYFDYW_CSSYTRSSTLVF;CSRHEGVGGNSDYW_CVLYMGSGISMF;CARNHDYGDYMFGGMDVW_CQSADSSGTYVF;CTTSGGDW_CMQSIQLPRTF;CARDRTSFGYSYGNIDYW_CQTWGTGILVF;CAKDELASYGGVGYYW_CQSADSSGTYFWVF;CAREPKHSGYCSSTSCYIGNWFDPW_CQSYDSSLSGNVVF;CARASWDSSSWGLGFDPW_CQAWDSSTGVF;CARTRVRGVISPFDYW_CQQANSFPPTF;CTREYYDFWSGDYW_CQQYDNLPLTF;CARDGGRGSGWSTPDYW_CNSRDSSGNHVVF;CARHYDFWSGDNPYWYYYYGMDVW_CQQYGSSPPWTF;CTTTTADIVVVPAAIQTVDYW_CQQYDNLPLTF;CAIMVRGVIGSYYYYGMDVW_CQQSYSTTWTF;CAKDNGYGGNSLQHW_CCSYAGSSTLVF;NA_CQQSYNTLWSF;CARARYRRDGYHNLYAFDIW_NA;CARGFSETGPGYKRFYYYFDLW_CQQYGSSPQTF;CARVKGDYYYYYGMDVW_CMQALQTPHTF;CARDPPLYSSGWFTGDYW_CQQYNSYPRTF;CAKDGGEHRGNDYW_CQVWDSSSDHYVF;CARGYDFWSGYLPHYGMDVW_CQVWDSSSDHPGVF;CARETKQYIDYRSPTVGRPYDYYYGMDVW_CLLFYGGAQLGVF;CAKGVWESTTEDAFDIW_CQQYNSYSPFTF;CAKDQGYCSSTSCYPYYYGMDVW_CQAWDSSTVVF;CARLGGYDSTFDYW_CSSYTSSSTYVF;CARVAAAGTYFDYW_CQQYGSSPETF;CARINQHGSGTYSPDYYYYGIDVW_CMQALQTPMYTF;CARKSIAAAGLPYYYYYGMDVW_CMQALQTRFTF;CAQGGYSYGYYDYW_CAAWDDSLNGVVF;CARQRGGTAVPVYYFDYW_CQQYGSSPLYTF;CARALYYDSSGYQPNRYYFDYW_CQSYDSSLSGYVVF;CTRALNSNHFDYW_CQQANSFPLTF;CARVTDPDAFDIW_CNSRDSSGNHYVF;CARSAWHPAATGGMDVW_CLQDYNYPYTF;CARVSLVVPQQFDYW_CQAWDSSTVVF;CAKVPGYSTGWYYFDYW_CQQCDSSPEWTF;CAKDSTCSSTSCYRGYYYYGMDVW_CQQYYSYPITF;CARGRNGGNRFDWFDPW_CQSYDSSLSGSGVF;CARGKNWFDPW_CQQYGSSPLTF;CASGYSSGRPDYW_CQQYDNLPITF;CARLSDGDYTFDYW_CQQYNSYWTF;CARGGTAGYSYGYAYW_CQAWDSSTAVVF;CAKDIVVVPAAPITLYYYYGMDVW_CMQALQTSFTF;CARWRLYYDSRGYYYGMFDYW_CQQSYDTPLTF;CARSRRIVGATSFDWFDPW_CQQYNSYSRTF;CASEDSGYGGGFDYW_CQSYDSSLSEGVF;CAHGRDYDSSSLPFDYW_CQQYNSYPYTF;CARAGAYYYGSAIDYW_CQQYGSSPGLTF;CAKGSSHSGGWFDPW_CQQYNSYWTF;CARDLLRAYSSSSTSSIDYW_CQQYYSYPRTF;CAKDVSGYLDAFDIW_CGTWDSSLSAGWVF;CAREGSRYFDYW_CQVWDSSSDHYVF;CASHDSSGYYLLDYW_CQVWDSSSDHVVF;CARYCSSTSCYTTYYYYYYGMDVW_CQQYYSYPLTF	20	44	CARDQEYSSGWDGPDYYYYYGMDVW_CQQSYSTPQTF;CARDDRFGGDTLGWFDPW_CQSYDSSLSGSGYVF;CAREGWGLGYCSSTSCYTGPFGYW_CQQYGSSPPYTF;CARDRLDGYNSFYYGMDVW_CQSYDSSLSGSVF;CARDAGRDGNEYYFDYW_CQQYNSYLYTF;CARDRGQWLVREEDYYYGMDVW_CQQYYSTPLTF;CARIWAVAADHSFDYW_CQQYNNWPPWTF;CARDKGATFDYW_CQQSYSTPYTF;CARDRWSLHIVGASPRGPSFDYW_CQQANSFPVTF;CASGSSDRYSSGWYWGYFDYW_CQAWDSSTVVF;CARAEIYGSGSKYYYYGMDVW_CQSADSSGTYYVF;CARGPDRFSGSYDNWFDPW_CQHTRAF;CARDIVRDFDWPGVGYW_CAAWDDSLNGYVF;CARGWSGYSSSLHPYYFDYW_CCSYAGSSTTLVF;CARDLYSGYSYGSAVYW_CQQRSNWPIF;CARESPFGGQSVAVGGTPDYW_CCSYAGSGTFVF;CARGPGYCSGGSCYGMFDYW_CQSADSSGTYVVF;CARGTRRDGYNLIYW_CQQYDNPPLTF;CARAVPARPEYCGGDCYIYYYGMDVW_CQSADSSGTYWVF;CVLYYGSGSYYRFDYW_CQSYDSSLSAVF;CARDSSSPATRHFDYW_CMQATQFPYTF;CARGRGRYYDSSGEW_CQQYNSYPYTF;CARESRPTVTTRTTSGMDVW_CLQHNSYPRTF;CARDIGYSSGWYWTPGVNYYYGMDVW_CQQYGSSPWTF;CARDRGVGARHFDYW_CQQYNNWPPWTF;CGRAAISVLRKMPPTFW_CQQYGSSPYTF;CARETYYYDSSGYYGPHAFDIW_CLLSYSGARVF;CARDSEIFGSSWYSYFDYW_CQQYNSYSYTF;CARTYVWGEVDYYYYGMDVW_CLQHNSYPWTF;CARVYSYGYRYFDYW_CQQSYSTLWTF;CARDGGYSYGYAQGYYGMDVW_CQSADSSGTHVVF;CARDRSAERRGYFDYW_CNSRDSSGNHYVF;CARVKSGGSSSLRQDAFDIW_CQQRSNWPYTF;CAREDSSGWLEFPNWFDPW_CCSYAGSSTYVF;CAREGEQWLDGAFDYW_CQSADSSGTYKVF;CARDGGGWYGLVDYW_CQQYNNWPLTF;CARGNDAFDIW_CQQYNSYSGTF;CARDGKPSKTFDYW_CQQSYSTPLTF;CARDCGGPVTTTTNDAFDIW_CQQYYSYPRTF;CARDCDGGCDYW_CQSADSSGTYRVF;CARGGDYYYGMDVW_CQQYNNWPLTF;CARALSLGPRTYYYDSPQRGHDAFDIW_CQQSYSTSWTF;CARGETYYYDSSGYYWGYYFDYW_CQQYNSYPLTF;CARDQQWLGDFDYW_CSSYAGSNNLWVF	0	NA
5	441	NA_CQQYDELPVTF;CATTYYYDSSGYYQNDAFDIW_CQQYYSYPRTF;CAREIEGDGVFEIW_CMIWHSSAWVV;CARHIRGNRFGNDAFDIW_CQQYYSFPYTF;CARRLITMIEGGAFDIW_CQVWDSSSDHVVF;CAKVMIEHPSNRGHFDYW_CMQALQTPYTF;CTTDDEKRPYSGSYLPFDYW_CQSYDSSNVVF;CARGGRVSVAVYWDYYYYGMDVW_CQKYNSAPFTF;CAHSAQYYDILTGYYKAPWGGAFDIW_CQQYNSYSWTF;CARDDFGGATFYSSFDYW_CQQSYSTPYTF;CARAAKIFGVVTAFDIW_CQQYGSSPWTF;CVKDYSTSGWYYFDFW_CQQYGSSLPYTF;CARVVPAAFYGMDVW_CQQYGSSLFTF;CAGGSGYCTNGVCYPRGFDYYYGMDVW_CAAWDDSPPWVF;CAKDDTAMVTADFFDYW_CQTWGTGIWVF;CARTPRWLQCFDYW_CQQYNSYSWTF;CARDQWLAYYFDYW_CQSYDSSNHWVF;CAHRYYSNIDYW_CMQGTHWPWTF;CARDWGYYDSSGYSPRGYYYYYGMDVW_CQQLNSYSFTF;CAKDRVGYGDYVDYW_CQQYNNWPPWTF;CARLGSSPYYW_CQSYDSSLSGYVF;CTRYYGDVW_CQQYYSFPWTF;CAKDHYYDSSGYYSGLGYW_CQSADSSGTYRVVF;CATGLVVPAAILYGMDVW_CQQYGSSRGLTF;CAKDDGDAAAGLIYW_CAAWDDSLSGVVF;CAKDGGGEEALELPDYW_CGTWDSSLSAVVF;CATLRYPSLGVDYW_CHQYNNWPFTF;CARKDSSGSDAFDLW_CQQSYSTPYTF;CARDVVQLWYQIDYW_CQQSYSTPPNTF;CAKYVDTAMNQFDPW_CQQANSFPITF;CARGLHYYDSSGRSLYYFDYW_CQQYGSSPPGQTF;CANQPPSLYW_CQQYNNWPGTF;CARVGYDYVWGSYRYTGVMDVW_CSSYAGSSYVF;CARGRPYYYDSSGYPYDAFDIW_CMQALQTPLTF;CAKERVVTAIPVVIFDYW_CQQSYSTPRLTF;CARPYGDYAYFDYW_CQSYDSSLSGYVF;CARDWWERQDSKRPDYFDSW_CQQTNSFPITF;CARHSNDGSDYFDYW_CQESYGALLTYTF;CASTEIEMLVPRYCSSTSCYFVWFDPW_CGTWDSSLSAGHGVF;CASASSTGTDAFDIW_CQAWDSSTHVVF;CARDGSWYAAWFDPW_CQSYDSSLSGSVVF;CARDPSLGDPGWGYFDYW_CQQYNSYSTWTF;CVREMTGSFTGGLDPW_CMQGTHWPPTF;CAREVNTAMAYYYYYYGMDVW_CQQYGSSQWTF;CARERRGGGHYYDSSGYYLSDYW_CQQSYSTP;CARGGGYSSGWATREVVYW_CQSYDSSLGAVF;CAKVPTVTTFLGYYYGMDVW_CQQSYSTPWYTF;CARDLRPAANFDYW_CQVWDSSSDYVF;CARLSYSSSWYYFDYW_CQQSYSTLYTF;CARVPKVRYCSSTSCYKDYYYGMDVW_CQVWDSSSDSWVF;CATWHYYDSSGEDGMDVW_CQQYNNWPRTF;CARGRSSWHLDYW_CMQALQTPFTF;CARDPWELHGFDYW_CQQYGSSSFTF;CAREAYYYGMDVW_CNSRDSSGNHNYVF;CARDRSVVTMVRGVIPFYW_CCSYAGSYTVVF;CARHEKMNYYDILTGYSPPYYYYYGMDVW_CQSYDSSLSAYVVF;CAHYQGIAVTGTWFDPW_CQSYDSSNVVF;CARESSSWFPYW_CQQSYSTPFTF;CARERDYSPGRYYGMDVW_CGTWDSSLSAGVF;CARHPTPAAMVGYYYYGMDVW_CQQANSFPLTF;CARDGPMTAIGGYGMDVW_CQSYGSLGGSVF;CAKGRTTEGTDAFDMW_CQQVHSYPITF;CAKDRSSLLWFGELLYMPEEYGMDVW_CQQYNNWPLTF;CTNYGMDVW_CSSYAGSNNWVF;CARVDSFAPNSGYGAQLLNWFDPW_CQQYNNWPLTF;CAREDYDTASFGYW_CQQYDNLPYTF;CAKDFGRGSYHRAEYFQHW_CQQYNNWPPWTF;CARGGSLPLITMIVGFFW_CQQYGSSPEYTF;CTREAEMATISIDYW_CQVWDSSSDHVVF;CARDAPIWDTAIVYW_CQQYGSSLPWTF;CARLLVSAYNWFDPW_CQQSYSIPAF;CARIPMTTVTSYGMDVW_CQQYGSSSITF;CARDDEWEPYDYW_CCSYAGSSTYVF;CTTVLRYFDWLLSDYGMDVW_CLLSYSGARGVF;CAIGTGIVGTTFPREYW_CMQALQTSWTF;CAKDMELGWLIDYW_CMQALQTPLTF;CARETVVTPQNAFDIW_CAAWDDSLNGYVF;CARERNIVVVPAAETFDYW_CQQYNNWPPLTF;CARIGFGEYDYGMDVW_CQSYDSSLSVVF;CARGVGATDFDYW_CQSYDSSLSGVVF;CARDPSNWGSFGYW_CQAWDSSTYVF;CARVDGYNYSFDYW_CQQYNNWWTF;CAKEPYGGNSFVYYFDYW_CQQYGSSPGLTF;CAKAEWGGTENYIPYYFDFW_CQSYDNNNLIF;CARSHCSSTSCYPNYYYGMDVW_CQQSYSTPRTF;CARDFGERYCSGGSCYSFDPYYYYGMDVW_CLQHNSYPWTF;CAKEYPGPGQLDDAFDIW_CQSYDSSLSGKVF;CARVDTAMVTGLAISPPWDYGMDVW_CQQYNSYPWTF;CAKDIGDGSGSNSQKRDYYYGMDVW_CQQSYSTPRTF;CATDPYNSGWFASLKNQVLYYW_CQQSYSTPQTF;CAREHTGGWLQRYIDYW_CQSADSSGTYPRVVF;CARGYCDSTSCYAVGYFDLW_CQTWGTGIVVF;CARDPDPNWSKDWFDPW_CQQYNNWPPLTF;CAKGRYSFGLDNFDYW_CQQDGNSPTF;CASRAVQSSGWRQDYYYGMDVW_CQSYDSSLSGVF;CAREASEGPW_CQSYDSSNSWVF;CARLGGYSSRGNWFDPW_CQQSYSTPPYTF;CARDPHHTFGGVLVW_CQKYNSARTF;CAGYYYDSSGYLSSFDIW_CQSYDSSLSVVF;CARLPYRYSGSSNDAFDIW_CAAWDDSLSGPVF;CARAGYGDYVGDFDYW_CQSADSSGTYVVF;CARDYYGSRSDSGMDVW_CQQSYTTPYTL;CAKDGREAAAGTDYYYGMDVW_CQAWDSSTVVF;CARDSPGWGSSGFYYGMDVW_CQQYGSSPRYTF;CARVSGDTMIVVVHRDGMDVW_CQQYNSYSVTF;CAKNLATTGSHW_CLQDYNYPRTF;CAKDGGRGVVIIFYFDYW_CQQYGSSPITF;CARGIAVVTLWGPFDIW_CQQYNNWPRTF;CARDRWVPAAVPHYYYYGMDVW_CQQANSFPLTF;CAREGAAGPPPGHYYYYGMDVW_CMQALQTPFTF;CAKQGHFTDTKRIDYW_CQQYDSYPITF;CAVIPVTGQEASLSAEYFQHW_CQQSYSTPFTF;CARDSPSSGSYGLFDYW_CQTWGTGIRRVF;CASPGGGLLWFGELFRSYFDYW_CVLYMGSGFWVF;CAHRPVSDDILTGYRYNWFDPW_CQSYDSSLSGSVVF;CARGFIGYNFDSW_CQQSYRTPITF;CAREEGYCSGGSCEYNYYYGMDVW_CQQYGSSLITF;CARGRRVFLALSYW_CQQYGSSPHTF;CARGAGRIGQVDVW_CQQYNNWHTF;CARGYYDSSGQSLDYYYYGMDVW_CQQYYSYPFTF;CARTGKNGSGSYWFDPW_CQQYRTF;CARTDIVATPDGGFDYW_CQTWGTGIHVVF;CAREGFYYYGSGSVSGGNWFDPW_CQVWDSSTVVF;CAKVPLGWGAAGGAYFDYW_CQQYGSSPATF;CARVGCSGDTCYSYDWFDPW_CGTWDSSLTAVVF;CARGGILTGKLSDYW_CQQYDNLPTF;CAHGLTGYYTYYFDYW_CQQYYSFPPTF;CARQVGANPFADYW_CAAWDDSLSGPVF;CSVYDAERGYFDYW_CCSYAGGDTSYYVF;CARLYGDYGDYW_CNSRDSSGNLFVVF;CARPYSSSWSPMDVW_CQSYDSSLSGHVVF;CARDKGYSSSWYIRSSWFDPW_CLLSYSGARLVF;CARAVCGDDCYLLDSW_CAAWDRSLGAVVF;CARTTTVVTGDAFDIW_CQSADSSGTYPVF;CAKGRGDYYYYGMDVW_CQQYDNLPITF;CTTGGALNYW_CQAWDSSTACVF;CARDLTTRDYSDAFDIW_CQQYGSSPRTF;CARAGLEINTPDSSGYYYGGGYFDYW_CQQYDNLPPRRFTF;CAKDHGYDFWSGYSDAFDIW_CQQSYSTPLYTF;CARESGYTNYYYYGMDVW_CQQYNSYPLTF;CARKYQLPYYYGMDVW_CQQSYNTPDTF;CARDSTYYYDSSGYPVSDAFDIW_CQQSYSTRRYTF;CAREVYSSSTNWFDPW_CQVWDSSTDVVF;CARANAEYSSSLLFDYW_CQSYDNSLSAYVF;CAHSPYDYVWGSYRQSWFDPW_CQAWDSSTVF;CTTIYYDILTGDYW_CMQALQTPITF;CARLDYDFWSGTPERMDVW_CQQYGSSPPWTF;CARVRKNWNYDLDDWYFDLW_CQVWDSSSDHYVF;CATRRVRGEGLAYW_CQQYNSYSRTF;CARNYDSSGYYVPPYFDYW_CQQYNNWPPYTF;CARDPANYFDYW_CQQSYSTLWTF;CAREESSSWYRYW_CQQYGSSPLTF;CARIVQGGSYLSGGIDYW_CMQSIQLLFTF;CARDRLIIRFLERPNWFDPW_CCSYAGSSTPVF;CAREYSNNWYFFDYW_CQQYAGSPLTF;CARVSGVGTSFAGFDPW_CQSADISATVF;CAREPTPRYSGSYRGFNYFDYW_CQQYYSFPLTF;CARAADYCTSASCPNEYFQHW_CQSYDSSLSVF;CARGRMTVHNDDSGFPEYLYYYGLDVW_CMQVMDNPRTL;CATSRVAVAGVDYW_CQSYDSSLSGVVF;CARDLGIAVAGRVEGYFDYW_CCSYAGSYTLVF;CARDVSNVLVIAVSPSWFDPW_CQQTYSIPYTF;CARDAPDRGSSWYSALFDYW_CQQYNNWPPTF;CARRDGGYCSSTSCSFDYW_CQQYNSYSPTF;CARAEIFGVVIQAFDYW_CQSYDSSLSGSVF;CVKKVIGFDDW_CQQSDTFGYTF;CAKGMDGSGSYYNKDGMDVW_CQAWDSSTGVF;CARVNGLLGEYYYGMDVW_CMQALQTPPNTF;CAKDWAVGWEFVDSW_CQQSHTVPLTF;CARDEGAAAYFDYW_CCSYAGSSTCWVF;CARAAGYCSSTSCYEIYYYYGMDVW_CQSYDSSLSVPF;CTRSYVLRFLEWFSPFDYW_CQQYGSSLWTF;CASSGSYQGNWFDPW_CQQSYSTPYTF;CARSPPRYDLSLVDAFDIW_CQQYNSYSTTF;CARETIAAAGSNFDYW_CQQSYSTPRTF;CARVSGYSYYFDYW_CQQLNSYLLTF;CATYIAAPRDYYYGMDVW_CMQALQTPYTF;CATGKTYSAPHAYYYFDYW_CQQANSFPRTF;CAKEVHSSGFDYW_CQSADSSGTYPWVF;CTTDHIVVVTAMIFGYYFDYW_CQQLNSPLTF;CAREGPTVTKFDYW_CQSYDSSLSGSVF;CEVKAAAGNFYW_CSSYAGSVVF;CAKDIEGGSGYYLTPGGFQHW_CCSYAGSSTFVVF;CARDAMAIGDYYYYGMDVW_CQQLNSYPSLTF;CARREGAGYDILTGSYYYYYGMDVW_CLLYYGGAQLGVF;CTTRLWRISQYYYDSSGYGHFDYW_CQSADSSGTYVF;CARTTLLAAAIDYW_CQQYYSFPYTF;CARAKAARPTPTYYYYYYGMDVW_CQAWDSSTGDVF;CARSGYDSSWVGYDFDYW_CQAWDSSTPVF;CAREGLEIDAFDIW_CQQSYSTPWTF;CAHTSAYYDSSGYYPPFDYW_CQQSYSTPLTF;CARATQDSSGWYGFWYFDYW_CQQYNNWPPTF;CARMLVVVAATGYYYYGMDVW_CQQYGSSQTF;CAREAYDSSAYSTIDYW_CQTWGTGIHVF;CATSLVVVPAAILRGGVGGHYYGMDVW_CGTWDSSLSAVVF;CARSAGSSGSFEYFQHW_CQQYGSSPLYTF;CARRLFLYSSSGYYFDSW_CQQASSFPPLSF;NA_CQQSYNTPRTF;CARGGGAVAGTIDFHYW_CCSYAGTDLWLF;CAKDRGYYDSSGYYYSDYGMDVW_CQSADSSGTYVF;CAKDGFGGASDHW_CQHYDRSPWTF;CARAIQMGCSDGSCLW_CQQYDNLPSYTF;CARKGRWLPDGDDAFDIW_CQQYYSYPLTF;CARAGLRSWFDPW_CMQSIQLPNTF;CARHSYGAYYYYGMDVW_CQQYGGSPLFTF;CAAGVMTARYDYW_CQQSYSTPLTF;CAHFMTTVTTGYFDPW_CIQVRQTPFTF;CAREGGGDILTTYYYYGMDVW_CQQYGSSTRALTF;CARGFGGGDYRSMDVW_CQQLITYPITF;CARTTYGGNSLNWFDPW_CQVWDSSSDHPVF;CARGYGSGNYYYYGMDVW_CMQALQTPWTF;CARSNYDILTGLDYW_CMQALQTPYTF;CAREDSGSYGYFDYW_CQQYNNWPQTF;CARRVLYYRFDPW_CNSRDSSGNHLF;CARGDYDYVWGSSPDAFDIW_CMQGTHWPLTF;CARDVRGYYYDSSGYSGEGYWW_CQQSYSTPYTF;CTRDRYSSSWYKGLYYYYGMDVW_CQQSYSTPYTF;CARVFFRVVYAMAYW_CQQYNNWPPMYTF;CASSLRYFDWTVNNWFDPW_CQQYGSSPQTF;CTRGYCSSTSCYTGWFDPW_CQAWDSSHVVF;CARDGRWELLGNQHW_CCSYAGSSTYVF;CARVYYDSSGYYYFDYW_CQQSYSTPWAF;CARGRVRWELLGDDAFDIW_CQQYDNLPLTF;CCTYVFVGIVPTIVDYW_CQQYNDWPPAGTF;CARDIQYYYDSSGYDAFDIW_CQQSYSTPWTF;CATSWGIAALYGMDVW_CNSRDSSGNPYVF;CAKDYPVAGDLDAFDIW_CCSYAGSSTWVF;CARANWDNWNDGLDYW_CGTWDSRLSSYVF;CARAGYCSSTSCSKEDVW_CQQSYSTPPRTF;CAREPLGGDYYYYYYGMDVW_CQQYGSSPTF;CARLSLRARFRGAFDIW_CCSYAGSYSVVF;CAHSLPSDIDYYYDSSGYSPSPPLFDYW_CQQYNNWPLTF;CASGYGGKTYYFDYW_CQQYGSSPGTF;CLGRELGHSW_CLQHNSYPWTF;CTAVLRYFDWLLMEAHENYYYYGMDVW_CQSADSSGGVF;CARDRSRWEFLYYFDYW_CQQYGSSGYTF;CARARYYDSNSYSYAW_CQTWGTGIWVF;CARLDYYDSSGYYDW_CQTWGTGIPVF;CARDYIAVAGPGENWFDPW_CQQSYSTRTF;CARDRGGYGVRWFDPW_CQQYDNLPPTF;CARRGNAIFGVVTHYYYYGMDVW_CMQALQTPLFTF;CSNYDILTGYYWFHYW_CQQYNNWPFTF;CASSFLDTSIVEYYFDYW_CATWDDSLSGLF;CARIVVVVTSRWFDPW_CQVWDSSSDHYVF;CARSLEWLDDYW_CQSYDSSLSGSVF;CARDAYGGYSFYYYGMDVW_CQQYGSSPFTF;CAGGSGSYYHLDPW_CQQANSFPYTF;CARPRLDYGDYGAGLGYW_CQKYNSAPFTF;CARDRGLRKKYFQHW_CQQYGSSPSTF;CVSQLYYLDGRGYYYDYYYDYW_CLQHHDYPWTF;CTTVSPYGDYVGVYFDYW_CQQYYSYPPTF;CAKDFMEYYYYGMDVW_CSAWDSSLSAVVF;CARSPGSGSYTW_CQQYGSSPLTF;CARLPYAGGPYYYYGMDVW_CMQRIEFPFTF;CARGKPRSLELWSFYYYYGMDVW_CQQSYSTPPTF;CAMGGYDSSGVQLDYW_CAAWDDSLSGYVF;CAHRYCSSTSCYGLGDWFDPW_CQSADSSGTYLVF;CARHSEGLGPVDYW_CGTWDSSLSAWVF;CARAIFGVVSVMGFDYW_CMQALQTLTF;CAKSMKSFDYW_CQQSYSTPLTF;CTTEGGDGYNSFDYW_CQQYDNLPITF;CARDTTYGDYYYGMDVW_CQSADSSGNWVF;CARDGKGYSYGSGNYYGMDVW_CQQSYSTLYTF;CAHRTTTYYFDYW_CQQYNSYPYTF;CTTDLVWFGELANAFDIW_CLQHNSYLPEWTF;CTRGGTLGARSGYYDYYYGMDVW_CQQYNSYPLTF;CAKDEGRVVAVAGTGEHAFDIW_CQQYNSYSPTWTF;CAKDITIFGVVISHLDYW_CLQDYNYPLTF;CARTYYYDSSGYRNAFDIW_CQSADSSGTYPVVF;CAKCFYYDSSGYYYYYYGMDVW_CCSYAGSSTLVF;CARDLLSISGSPFDPW_CQQRSNWPPGGGGLTF;CARGGINGGAYFDYW_CQQYGSSPWTF;CARDRGPAGLDYW_CQQSYSTRYTF;CARRGYYYDSSGYYYDWFDPW_CNSRDSSGNRVVF;CAKGLNTAMVSYYFDYW_CVLYMGSGIWVF;CAKDIREGWSSGYYPVLDYW_CQVWDSSVVF;CAKDSPSGYYYYYYYGMDVW_CQQLNSYPITF;CARDRIAAADHNWFDPW_CAAWDDSLNGWVF;CARDIGGIAAAGSPPSAFDIW_CQQYNSYSTF;CAHSYYYGSGRGGWFDPW_CQSADSSGTYVF;CARDGSSSIFDYW_CNSRDSSGNHVVF;CAKPLRFGYSSSSCFDYW_CSSYAGSNNYVF;CAHTGFESLDYW_CQSYDNSLNGLGVF;CARDEDYYYDSSGSVDYW_CQQSYSTPWTF;CARQIAAAGPENWFDPW_CQSADSSGTYLVF;CARGLPVDVW_CGTWDSSLSAGHVVF;CARLIYYGSGRFGAFDIW_CQQYDNLPWTF;CARNEITIPLDVW_CQQYGSSPLVTF;CTTDHGDAYNYRW_CQQYGSSPRTF;CARDHRMNIAVAGTNWFDPW_CQKYNSAPLFTF;CARALREEQWLNNAFDIW_CQQYYSYPTF;CAHRPPYYDSSGYLSW_CQQYGSSLWTF;CARHYVDTAMVINQYYFDYW_CQSYDSSLSDVF;CARDNYDILTGHYGMDVW_CAAWDDSLSGLYVF;CAKDSSSSDWFDPW_CQQYYSYPLTF;CARDYVAVAGTLDYW_CQQYYSTPYTF;CTRDLAYSNYEPPNHNWFDPW_CLQHNSYPLTF;CARERYYYYGMDVW_CYSTDSSGNHGVF;CAKEGITGYYYYYGMDVW_CQQSYSTPHTF;CAKVALRYFDWLPPYFDYW_CQQYYSYPQNLTF;CARAHDSTGYQDFDYW_CQQAKSFPYTF;CARVGVYGSGSYLVGGDYW_CQQSYSTPWTF;CARGPYYGSGSGEFDPW_CQQYYSYPLTF;CARGSCYSSACYYYYGMDVW_CGTWDSSLSAVVF;CARDFDAAEGAFDIW_CQVWDSSSDPTFYVF;CARGAHSSGYYIDYW_CQQYYSFPFTF;NA_CHQYNNWSSWTF;CAREQDFGGNPFDCW_CMQVLHIPRAF;CARGTMVRGHYYYYGMDVW_CQQSYSTPLTF;CARGYSYGYLDWFDPW_CQSYDSSLSGVVF;CARAAPYSSSSLDYW_CQQSYSTLTWTF;CARRRITMNDYFDYW_CQSYDSSLSGVVF;CARGPDGGAFDIW_CQRGLTF;CARDLIARTALTYYYYGMDVW_CQSYDSSLSGGVF;CARYGVYGDYPGALFDYW_CAAWDDSLSGLWVF;CAKDRRGCSSTSCYTFDYW_CQQSYSTLSF;CARVSGYNSYYFDYW_CQQSYSTPRTF;CAAPSPRFTSSTGGGMELPLHVW_CCSYARGSSLVF;CAKDARWRPRVASIDALDIW_CQQYNNWPRTF;CARHIERYCSGGSCYEALDYW_CMQALHPITF;CASYLEMATRYYFDYW_CLQHNSFWTF;CARVTRVTQSNDFWTSYYTDCFDAW_CYSTDSSGNHKVF;CARLYSSSWTNYFDYW_CQQYYSYPLTF;CARGTVYSVPGGHYGDYVRDPKYYYYGMDVW_CQSADSSGTWVF;CARGAAGVRGPIGYW_CAAWDDSLSGWVF;CARVAVAGTTNWFDPW_CQQANSFPYTF;CARVLGGPGATTFDYW_CLQDYNYPWTF;CARTPVSTSYDSPGWYSSGWFFDYW_CQTWGTGIHVVF;CARTMVRGVTPADAFDIW_CQQYNSYSSTF;CAKSMGATILHAFDIW_CQQYNSYPLTF;CARANSGSYSFFFLRLDYFDYW_CQQYNNWPLTF;CARAAGTGGYYYGMDVW_CVLYMGSGISVF;CARAGQFGDSYYYYYYGMDVW_CLQDYNYPQTF;CAHFTKRPTDAFDIW_CNSRDSSGNHRVF;CAAGFGLSGSYIHYYYYGMDVW_CQQYGSSPPLTF;CATDNWNFGADSGFGYW_CMQGTHWRTF;CARVLGSFSFGYDGFDIW_CQQLNAYPTF;CARDPGIAVAETVYYYYYYGMDVW_CMQALQTPPTF;CARTVGAGYKIGKGYFDYW_CQAWDSSTVVF;CARDQDLAALNYW_CGTWDSSLSAKVF;CTTENVLLWFGEPEYYYYYYGMDVW_CQSADSSGTYAVVF;CARSLFEGTVMAFRAEHMDVW_CQQYKTFFAVSF;NA_CQAWDSSTVVF;CARPPSHDSPMYHYW_CQSADSSGLWVF;CARDTMWWSYGMDVW_CCSYAGSGEVF;CARLRRYSSGYYYIAGDFDYW_CQSYDSSLSGVVF;CARDKGGTTVTTSNWFDPW_CQQYDNLPLTF;CARDGGGYYQKKGYFQHW_CGTWDSSLSAVVF;CARDDIVVVPAAIDYW_CQSYDSSLSGPYVF;CARKFDCW_CQQYGTSLPVTF;CARGVLRFLEWLSNMDYYYYGMDVW_CMQALQTPRALTF;CAKDGSYYDSSGYSDYW_CQQYNNWPPWTF;CAKDKSYSVEYW_CMLFMGSGIWVF;CAKADVRSNWNDMHFDYW_CQAWDSSTVVF;CARATPRGYGGNSLNWFDPW_CQQYNSYPFTF;CAEGYQLPGLYYW_CNSRDSSGNHLF;CARHAGSGSYYFWFDPW_CQQYGSSPYTF;CAKDLQIGYCSSTSCRNAFDIW_CQQYGSSPPRVTF;CARGRGSYFDYW_CQQYGSSLWTF;CARTCSSTSCYTYGMDVW_CQQYNNWQYTF;CAHRGYSYGPLFDYW_CLLYYGGAQLVF;CARLPTLRYGSGSYYNGALDYYYGMDVW_CMQALQTPLTF;CARSIAAASPFDPW_CQQYDNLPPTF;CARGPPYGHLGYW_CQQYNNWPPITF;CAKDILGGGYFDYW_CQTWGTGMGVF;CAKDASYGYLFEYWYFDLW_CQQYNNWPPWTF;CARFGAKNYYDSW_CQQYNNWPGTF;CAREKWLRPQLDYW_CQQYGSSPKTF;CVKGPYYDGSGNSFGRKAFDIW_CQQYGSSPYTF;CARGASKGNQPALHYGMDVW_CQQSYSTPPAF;CATTLASPTHDYGDYEGGYMDVW_CQQYGSSPLTF;CALGIDAFDIW_CQQYNNWPKTF;NA_CQSYDDSLSGTVF;CARGFYYGSGSPLSGMDVW_CQQSYSTPRTF;CAKDPAASGSPWYFDYW_CQQYYSFPRTF;CAREVSRQSGSRPIKWFDPW_CQQSYSPPPLTF;CTPSLETYGDYALGYYW_CQSADSSGTYPYVF;CAKDFGGPLQFDYW_CQQYGSSPRTF;CAKDMLFSNNYW_CQTWGTGINWVF;CARDENHLYYGDLAYW_CQQSYSIPRAF;CARGSRLLLWFGELKVGPGFDPW_CQQYNSYWTF;CAMKGGRDGYNTRVYYYYGMDVW_CCSYAGSSTPYVF;CAKDIGPTNCSSTSCHAYYYYGMDVW_CQQYNSYSTF;CWRDRREAPIEMEVASTRG_CMQSTHWPYTF;CTRHTHCSGGSCYDAFDIW_CQQSYSTPRYTF;CAREPPHGSGTDYNWFDPW_CQSYDSSLSAYVF;CVKDLYDTGSYYYFDYW_CSSYTRSSTLVF;CSRHEGVGGNSDYW_CVLYMGSGISMF;CARNHDYGDYMFGGMDVW_CQSADSSGTYVF;CTTSGGDW_CMQSIQLPRTF;CARDRTSFGYSYGNIDYW_CQTWGTGILVF;CAKDELASYGGVGYYW_CQSADSSGTYFWVF;CAREPKHSGYCSSTSCYIGNWFDPW_CQSYDSSLSGNVVF;CARASWDSSSWGLGFDPW_CQAWDSSTGVF;CARTRVRGVISPFDYW_CQQANSFPPTF;CTREYYDFWSGDYW_CQQYDNLPLTF;CARDGGRGSGWSTPDYW_CNSRDSSGNHVVF;CARHYDFWSGDNPYWYYYYGMDVW_CQQYGSSPPWTF;CTTTTADIVVVPAAIQTVDYW_CQQYDNLPLTF;CAIMVRGVIGSYYYYGMDVW_CQQSYSTTWTF;CAKDNGYGGNSLQHW_CCSYAGSSTLVF;NA_CQQSYNTLWSF;CARARYRRDGYHNLYAFDIW_NA;CARGFSETGPGYKRFYYYFDLW_CQQYGSSPQTF;CARVKGDYYYYYGMDVW_CMQALQTPHTF;CARDPPLYSSGWFTGDYW_CQQYNSYPRTF;CAKDGGEHRGNDYW_CQVWDSSSDHYVF;CARGYDFWSGYLPHYGMDVW_CQVWDSSSDHPGVF;CARETKQYIDYRSPTVGRPYDYYYGMDVW_CLLFYGGAQLGVF;CAKGVWESTTEDAFDIW_CQQYNSYSPFTF;CAKDQGYCSSTSCYPYYYGMDVW_CQAWDSSTVVF;CARLGGYDSTFDYW_CSSYTSSSTYVF;CARVAAAGTYFDYW_CQQYGSSPETF;CARINQHGSGTYSPDYYYYGIDVW_CMQALQTPMYTF;CARKSIAAAGLPYYYYYGMDVW_CMQALQTRFTF;CAQGGYSYGYYDYW_CAAWDDSLNGVVF;CARQRGGTAVPVYYFDYW_CQQYGSSPLYTF;CARALYYDSSGYQPNRYYFDYW_CQSYDSSLSGYVVF;CTRALNSNHFDYW_CQQANSFPLTF;CARVTDPDAFDIW_CNSRDSSGNHYVF;CARSAWHPAATGGMDVW_CLQDYNYPYTF;CARVSLVVPQQFDYW_CQAWDSSTVVF;CAKVPGYSTGWYYFDYW_CQQCDSSPEWTF;CAKDSTCSSTSCYRGYYYYGMDVW_CQQYYSYPITF;CARGRNGGNRFDWFDPW_CQSYDSSLSGSGVF;CARGKNWFDPW_CQQYGSSPLTF;CASGYSSGRPDYW_CQQYDNLPITF;CARLSDGDYTFDYW_CQQYNSYWTF;CARGGTAGYSYGYAYW_CQAWDSSTAVVF;CAKDIVVVPAAPITLYYYYGMDVW_CMQALQTSFTF;CARWRLYYDSRGYYYGMFDYW_CQQSYDTPLTF;CARSRRIVGATSFDWFDPW_CQQYNSYSRTF;CASEDSGYGGGFDYW_CQSYDSSLSEGVF;CAHGRDYDSSSLPFDYW_CQQYNSYPYTF;CARAGAYYYGSAIDYW_CQQYGSSPGLTF;CAKGSSHSGGWFDPW_CQQYNSYWTF;CARDLLRAYSSSSTSSIDYW_CQQYYSYPRTF;CAKDVSGYLDAFDIW_CGTWDSSLSAGWVF;CAREGSRYFDYW_CQVWDSSSDHYVF;CASHDSSGYYLLDYW_CQVWDSSSDHVVF;CARYCSSTSCYTTYYYYYYGMDVW_CQQYYSYPLTF	21	37	CARDRDGAFAIW_CAIWYSNTHVIF;CASRVHGLVTVTTGGAFDIW_CQQYYSYPPAF;CARGGDPTWFDPW_CCSYAGSSIVVF;CARAGAVARGYFDYW_CQQYYSFPPTF;CARGRGAAAGTSILNYW_CQQYYSTPLGF;CARGGRVWSQATPTKNWFDPW_CQQYNNWPPWTF;CARKSGPPQYRYFDYW_CQQSYSTPLHF;CARGVGGCSSTSCYTRGYYGMDVW_CQQANSFLTF;CARGVRVAPIDYW_CAAWDDSLWVF;CARGPVYYYGSGSYYYFDYW_CLQDYNYPFTF;CARGTRGRSSGYYSNW_CQQYNNWPPYTF;CARGRSSGYYPHFDYW_CNSRDSSGNHYVF;CARGGRYCSGGSCYNWFDPW_CLQDYNYPWTF;CARVDNVWTTWGYW_CQQSYSTPPTF;CARDRVHDYVWGSYRDLDYW_CQQSYSTLMYTF;CARGPIVVVIAASPYYYYGMDVW_CQQRSNWPPGCTF;CARRYSYGYKRLSGWIWYFDLW_CAAWDDSLNGYVF;CASSGWFDPW_CAAWDDSLSGRVF;CARSLGPEFYYFDYW_CQQSYSTPWTF;CARGMGSSSWYPNTKLVNWFDPW_CQQYYSTPPTF;CARGEYGDYAFDYW_CAAWDDSLNGYVF;CARGTIAVAGKRYYYFDYW_CQVWDSSSDHHVVF;CARALYYDILTGYYPRYYFDYW_CQQLNSYPITF;CARGSGYYVGSYFDYW_CNSRDSSGNHPPVVF;CARDLPAVYYYGMDVW_CQQSYSTLFTF;CARGNTRLRGYSYGLQMARGGYGMDVW_CQQYGSSPGTF;CASSAPPYGHFDYW_CNSRDSSGNHVVF;CARSVTGTMGIYYYGMDVW_CQQYGSSRGTF;CARGRGYYGSGSYFSFSYYYGMDVW_CAAWDDSLNGQVF;CARDRRGYSYGYPWFDPW_CNSRDSSGNHRVF;CARGRVYGDYVFWFDPW_CQQSYSTPLTF;CARAYGMDVW_CQKYNSAPYTF;CARGTRGRSSGYYSNW_CQQYNNWPPYTF;CASLERVRRFYYYYGMDVW_CLLYYGGARVF;CARYNWNLNFDYW_CAAWDDSLNANYVF;CSIHPYYYDSSSHSEYFQHW_CQQYDNLPPAF;CARGSPYCSGGSCYLNWFDPW_CQQYYSYPRTF	0	NA
5	441	NA_CQQYDELPVTF;CATTYYYDSSGYYQNDAFDIW_CQQYYSYPRTF;CAREIEGDGVFEIW_CMIWHSSAWVV;CARHIRGNRFGNDAFDIW_CQQYYSFPYTF;CARRLITMIEGGAFDIW_CQVWDSSSDHVVF;CAKVMIEHPSNRGHFDYW_CMQALQTPYTF;CTTDDEKRPYSGSYLPFDYW_CQSYDSSNVVF;CARGGRVSVAVYWDYYYYGMDVW_CQKYNSAPFTF;CAHSAQYYDILTGYYKAPWGGAFDIW_CQQYNSYSWTF;CARDDFGGATFYSSFDYW_CQQSYSTPYTF;CARAAKIFGVVTAFDIW_CQQYGSSPWTF;CVKDYSTSGWYYFDFW_CQQYGSSLPYTF;CARVVPAAFYGMDVW_CQQYGSSLFTF;CAGGSGYCTNGVCYPRGFDYYYGMDVW_CAAWDDSPPWVF;CAKDDTAMVTADFFDYW_CQTWGTGIWVF;CARTPRWLQCFDYW_CQQYNSYSWTF;CARDQWLAYYFDYW_CQSYDSSNHWVF;CAHRYYSNIDYW_CMQGTHWPWTF;CARDWGYYDSSGYSPRGYYYYYGMDVW_CQQLNSYSFTF;CAKDRVGYGDYVDYW_CQQYNNWPPWTF;CARLGSSPYYW_CQSYDSSLSGYVF;CTRYYGDVW_CQQYYSFPWTF;CAKDHYYDSSGYYSGLGYW_CQSADSSGTYRVVF;CATGLVVPAAILYGMDVW_CQQYGSSRGLTF;CAKDDGDAAAGLIYW_CAAWDDSLSGVVF;CAKDGGGEEALELPDYW_CGTWDSSLSAVVF;CATLRYPSLGVDYW_CHQYNNWPFTF;CARKDSSGSDAFDLW_CQQSYSTPYTF;CARDVVQLWYQIDYW_CQQSYSTPPNTF;CAKYVDTAMNQFDPW_CQQANSFPITF;CARGLHYYDSSGRSLYYFDYW_CQQYGSSPPGQTF;CANQPPSLYW_CQQYNNWPGTF;CARVGYDYVWGSYRYTGVMDVW_CSSYAGSSYVF;CARGRPYYYDSSGYPYDAFDIW_CMQALQTPLTF;CAKERVVTAIPVVIFDYW_CQQSYSTPRLTF;CARPYGDYAYFDYW_CQSYDSSLSGYVF;CARDWWERQDSKRPDYFDSW_CQQTNSFPITF;CARHSNDGSDYFDYW_CQESYGALLTYTF;CASTEIEMLVPRYCSSTSCYFVWFDPW_CGTWDSSLSAGHGVF;CASASSTGTDAFDIW_CQAWDSSTHVVF;CARDGSWYAAWFDPW_CQSYDSSLSGSVVF;CARDPSLGDPGWGYFDYW_CQQYNSYSTWTF;CVREMTGSFTGGLDPW_CMQGTHWPPTF;CAREVNTAMAYYYYYYGMDVW_CQQYGSSQWTF;CARERRGGGHYYDSSGYYLSDYW_CQQSYSTP;CARGGGYSSGWATREVVYW_CQSYDSSLGAVF;CAKVPTVTTFLGYYYGMDVW_CQQSYSTPWYTF;CARDLRPAANFDYW_CQVWDSSSDYVF;CARLSYSSSWYYFDYW_CQQSYSTLYTF;CARVPKVRYCSSTSCYKDYYYGMDVW_CQVWDSSSDSWVF;CATWHYYDSSGEDGMDVW_CQQYNNWPRTF;CARGRSSWHLDYW_CMQALQTPFTF;CARDPWELHGFDYW_CQQYGSSSFTF;CAREAYYYGMDVW_CNSRDSSGNHNYVF;CARDRSVVTMVRGVIPFYW_CCSYAGSYTVVF;CARHEKMNYYDILTGYSPPYYYYYGMDVW_CQSYDSSLSAYVVF;CAHYQGIAVTGTWFDPW_CQSYDSSNVVF;CARESSSWFPYW_CQQSYSTPFTF;CARERDYSPGRYYGMDVW_CGTWDSSLSAGVF;CARHPTPAAMVGYYYYGMDVW_CQQANSFPLTF;CARDGPMTAIGGYGMDVW_CQSYGSLGGSVF;CAKGRTTEGTDAFDMW_CQQVHSYPITF;CAKDRSSLLWFGELLYMPEEYGMDVW_CQQYNNWPLTF;CTNYGMDVW_CSSYAGSNNWVF;CARVDSFAPNSGYGAQLLNWFDPW_CQQYNNWPLTF;CAREDYDTASFGYW_CQQYDNLPYTF;CAKDFGRGSYHRAEYFQHW_CQQYNNWPPWTF;CARGGSLPLITMIVGFFW_CQQYGSSPEYTF;CTREAEMATISIDYW_CQVWDSSSDHVVF;CARDAPIWDTAIVYW_CQQYGSSLPWTF;CARLLVSAYNWFDPW_CQQSYSIPAF;CARIPMTTVTSYGMDVW_CQQYGSSSITF;CARDDEWEPYDYW_CCSYAGSSTYVF;CTTVLRYFDWLLSDYGMDVW_CLLSYSGARGVF;CAIGTGIVGTTFPREYW_CMQALQTSWTF;CAKDMELGWLIDYW_CMQALQTPLTF;CARETVVTPQNAFDIW_CAAWDDSLNGYVF;CARERNIVVVPAAETFDYW_CQQYNNWPPLTF;CARIGFGEYDYGMDVW_CQSYDSSLSVVF;CARGVGATDFDYW_CQSYDSSLSGVVF;CARDPSNWGSFGYW_CQAWDSSTYVF;CARVDGYNYSFDYW_CQQYNNWWTF;CAKEPYGGNSFVYYFDYW_CQQYGSSPGLTF;CAKAEWGGTENYIPYYFDFW_CQSYDNNNLIF;CARSHCSSTSCYPNYYYGMDVW_CQQSYSTPRTF;CARDFGERYCSGGSCYSFDPYYYYGMDVW_CLQHNSYPWTF;CAKEYPGPGQLDDAFDIW_CQSYDSSLSGKVF;CARVDTAMVTGLAISPPWDYGMDVW_CQQYNSYPWTF;CAKDIGDGSGSNSQKRDYYYGMDVW_CQQSYSTPRTF;CATDPYNSGWFASLKNQVLYYW_CQQSYSTPQTF;CAREHTGGWLQRYIDYW_CQSADSSGTYPRVVF;CARGYCDSTSCYAVGYFDLW_CQTWGTGIVVF;CARDPDPNWSKDWFDPW_CQQYNNWPPLTF;CAKGRYSFGLDNFDYW_CQQDGNSPTF;CASRAVQSSGWRQDYYYGMDVW_CQSYDSSLSGVF;CAREASEGPW_CQSYDSSNSWVF;CARLGGYSSRGNWFDPW_CQQSYSTPPYTF;CARDPHHTFGGVLVW_CQKYNSARTF;CAGYYYDSSGYLSSFDIW_CQSYDSSLSVVF;CARLPYRYSGSSNDAFDIW_CAAWDDSLSGPVF;CARAGYGDYVGDFDYW_CQSADSSGTYVVF;CARDYYGSRSDSGMDVW_CQQSYTTPYTL;CAKDGREAAAGTDYYYGMDVW_CQAWDSSTVVF;CARDSPGWGSSGFYYGMDVW_CQQYGSSPRYTF;CARVSGDTMIVVVHRDGMDVW_CQQYNSYSVTF;CAKNLATTGSHW_CLQDYNYPRTF;CAKDGGRGVVIIFYFDYW_CQQYGSSPITF;CARGIAVVTLWGPFDIW_CQQYNNWPRTF;CARDRWVPAAVPHYYYYGMDVW_CQQANSFPLTF;CAREGAAGPPPGHYYYYGMDVW_CMQALQTPFTF;CAKQGHFTDTKRIDYW_CQQYDSYPITF;CAVIPVTGQEASLSAEYFQHW_CQQSYSTPFTF;CARDSPSSGSYGLFDYW_CQTWGTGIRRVF;CASPGGGLLWFGELFRSYFDYW_CVLYMGSGFWVF;CAHRPVSDDILTGYRYNWFDPW_CQSYDSSLSGSVVF;CARGFIGYNFDSW_CQQSYRTPITF;CAREEGYCSGGSCEYNYYYGMDVW_CQQYGSSLITF;CARGRRVFLALSYW_CQQYGSSPHTF;CARGAGRIGQVDVW_CQQYNNWHTF;CARGYYDSSGQSLDYYYYGMDVW_CQQYYSYPFTF;CARTGKNGSGSYWFDPW_CQQYRTF;CARTDIVATPDGGFDYW_CQTWGTGIHVVF;CAREGFYYYGSGSVSGGNWFDPW_CQVWDSSTVVF;CAKVPLGWGAAGGAYFDYW_CQQYGSSPATF;CARVGCSGDTCYSYDWFDPW_CGTWDSSLTAVVF;CARGGILTGKLSDYW_CQQYDNLPTF;CAHGLTGYYTYYFDYW_CQQYYSFPPTF;CARQVGANPFADYW_CAAWDDSLSGPVF;CSVYDAERGYFDYW_CCSYAGGDTSYYVF;CARLYGDYGDYW_CNSRDSSGNLFVVF;CARPYSSSWSPMDVW_CQSYDSSLSGHVVF;CARDKGYSSSWYIRSSWFDPW_CLLSYSGARLVF;CARAVCGDDCYLLDSW_CAAWDRSLGAVVF;CARTTTVVTGDAFDIW_CQSADSSGTYPVF;CAKGRGDYYYYGMDVW_CQQYDNLPITF;CTTGGALNYW_CQAWDSSTACVF;CARDLTTRDYSDAFDIW_CQQYGSSPRTF;CARAGLEINTPDSSGYYYGGGYFDYW_CQQYDNLPPRRFTF;CAKDHGYDFWSGYSDAFDIW_CQQSYSTPLYTF;CARESGYTNYYYYGMDVW_CQQYNSYPLTF;CARKYQLPYYYGMDVW_CQQSYNTPDTF;CARDSTYYYDSSGYPVSDAFDIW_CQQSYSTRRYTF;CAREVYSSSTNWFDPW_CQVWDSSTDVVF;CARANAEYSSSLLFDYW_CQSYDNSLSAYVF;CAHSPYDYVWGSYRQSWFDPW_CQAWDSSTVF;CTTIYYDILTGDYW_CMQALQTPITF;CARLDYDFWSGTPERMDVW_CQQYGSSPPWTF;CARVRKNWNYDLDDWYFDLW_CQVWDSSSDHYVF;CATRRVRGEGLAYW_CQQYNSYSRTF;CARNYDSSGYYVPPYFDYW_CQQYNNWPPYTF;CARDPANYFDYW_CQQSYSTLWTF;CAREESSSWYRYW_CQQYGSSPLTF;CARIVQGGSYLSGGIDYW_CMQSIQLLFTF;CARDRLIIRFLERPNWFDPW_CCSYAGSSTPVF;CAREYSNNWYFFDYW_CQQYAGSPLTF;CARVSGVGTSFAGFDPW_CQSADISATVF;CAREPTPRYSGSYRGFNYFDYW_CQQYYSFPLTF;CARAADYCTSASCPNEYFQHW_CQSYDSSLSVF;CARGRMTVHNDDSGFPEYLYYYGLDVW_CMQVMDNPRTL;CATSRVAVAGVDYW_CQSYDSSLSGVVF;CARDLGIAVAGRVEGYFDYW_CCSYAGSYTLVF;CARDVSNVLVIAVSPSWFDPW_CQQTYSIPYTF;CARDAPDRGSSWYSALFDYW_CQQYNNWPPTF;CARRDGGYCSSTSCSFDYW_CQQYNSYSPTF;CARAEIFGVVIQAFDYW_CQSYDSSLSGSVF;CVKKVIGFDDW_CQQSDTFGYTF;CAKGMDGSGSYYNKDGMDVW_CQAWDSSTGVF;CARVNGLLGEYYYGMDVW_CMQALQTPPNTF;CAKDWAVGWEFVDSW_CQQSHTVPLTF;CARDEGAAAYFDYW_CCSYAGSSTCWVF;CARAAGYCSSTSCYEIYYYYGMDVW_CQSYDSSLSVPF;CTRSYVLRFLEWFSPFDYW_CQQYGSSLWTF;CASSGSYQGNWFDPW_CQQSYSTPYTF;CARSPPRYDLSLVDAFDIW_CQQYNSYSTTF;CARETIAAAGSNFDYW_CQQSYSTPRTF;CARVSGYSYYFDYW_CQQLNSYLLTF;CATYIAAPRDYYYGMDVW_CMQALQTPYTF;CATGKTYSAPHAYYYFDYW_CQQANSFPRTF;CAKEVHSSGFDYW_CQSADSSGTYPWVF;CTTDHIVVVTAMIFGYYFDYW_CQQLNSPLTF;CAREGPTVTKFDYW_CQSYDSSLSGSVF;CEVKAAAGNFYW_CSSYAGSVVF;CAKDIEGGSGYYLTPGGFQHW_CCSYAGSSTFVVF;CARDAMAIGDYYYYGMDVW_CQQLNSYPSLTF;CARREGAGYDILTGSYYYYYGMDVW_CLLYYGGAQLGVF;CTTRLWRISQYYYDSSGYGHFDYW_CQSADSSGTYVF;CARTTLLAAAIDYW_CQQYYSFPYTF;CARAKAARPTPTYYYYYYGMDVW_CQAWDSSTGDVF;CARSGYDSSWVGYDFDYW_CQAWDSSTPVF;CAREGLEIDAFDIW_CQQSYSTPWTF;CAHTSAYYDSSGYYPPFDYW_CQQSYSTPLTF;CARATQDSSGWYGFWYFDYW_CQQYNNWPPTF;CARMLVVVAATGYYYYGMDVW_CQQYGSSQTF;CAREAYDSSAYSTIDYW_CQTWGTGIHVF;CATSLVVVPAAILRGGVGGHYYGMDVW_CGTWDSSLSAVVF;CARSAGSSGSFEYFQHW_CQQYGSSPLYTF;CARRLFLYSSSGYYFDSW_CQQASSFPPLSF;NA_CQQSYNTPRTF;CARGGGAVAGTIDFHYW_CCSYAGTDLWLF;CAKDRGYYDSSGYYYSDYGMDVW_CQSADSSGTYVF;CAKDGFGGASDHW_CQHYDRSPWTF;CARAIQMGCSDGSCLW_CQQYDNLPSYTF;CARKGRWLPDGDDAFDIW_CQQYYSYPLTF;CARAGLRSWFDPW_CMQSIQLPNTF;CARHSYGAYYYYGMDVW_CQQYGGSPLFTF;CAAGVMTARYDYW_CQQSYSTPLTF;CAHFMTTVTTGYFDPW_CIQVRQTPFTF;CAREGGGDILTTYYYYGMDVW_CQQYGSSTRALTF;CARGFGGGDYRSMDVW_CQQLITYPITF;CARTTYGGNSLNWFDPW_CQVWDSSSDHPVF;CARGYGSGNYYYYGMDVW_CMQALQTPWTF;CARSNYDILTGLDYW_CMQALQTPYTF;CAREDSGSYGYFDYW_CQQYNNWPQTF;CARRVLYYRFDPW_CNSRDSSGNHLF;CARGDYDYVWGSSPDAFDIW_CMQGTHWPLTF;CARDVRGYYYDSSGYSGEGYWW_CQQSYSTPYTF;CTRDRYSSSWYKGLYYYYGMDVW_CQQSYSTPYTF;CARVFFRVVYAMAYW_CQQYNNWPPMYTF;CASSLRYFDWTVNNWFDPW_CQQYGSSPQTF;CTRGYCSSTSCYTGWFDPW_CQAWDSSHVVF;CARDGRWELLGNQHW_CCSYAGSSTYVF;CARVYYDSSGYYYFDYW_CQQSYSTPWAF;CARGRVRWELLGDDAFDIW_CQQYDNLPLTF;CCTYVFVGIVPTIVDYW_CQQYNDWPPAGTF;CARDIQYYYDSSGYDAFDIW_CQQSYSTPWTF;CATSWGIAALYGMDVW_CNSRDSSGNPYVF;CAKDYPVAGDLDAFDIW_CCSYAGSSTWVF;CARANWDNWNDGLDYW_CGTWDSRLSSYVF;CARAGYCSSTSCSKEDVW_CQQSYSTPPRTF;CAREPLGGDYYYYYYGMDVW_CQQYGSSPTF;CARLSLRARFRGAFDIW_CCSYAGSYSVVF;CAHSLPSDIDYYYDSSGYSPSPPLFDYW_CQQYNNWPLTF;CASGYGGKTYYFDYW_CQQYGSSPGTF;CLGRELGHSW_CLQHNSYPWTF;CTAVLRYFDWLLMEAHENYYYYGMDVW_CQSADSSGGVF;CARDRSRWEFLYYFDYW_CQQYGSSGYTF;CARARYYDSNSYSYAW_CQTWGTGIWVF;CARLDYYDSSGYYDW_CQTWGTGIPVF;CARDYIAVAGPGENWFDPW_CQQSYSTRTF;CARDRGGYGVRWFDPW_CQQYDNLPPTF;CARRGNAIFGVVTHYYYYGMDVW_CMQALQTPLFTF;CSNYDILTGYYWFHYW_CQQYNNWPFTF;CASSFLDTSIVEYYFDYW_CATWDDSLSGLF;CARIVVVVTSRWFDPW_CQVWDSSSDHYVF;CARSLEWLDDYW_CQSYDSSLSGSVF;CARDAYGGYSFYYYGMDVW_CQQYGSSPFTF;CAGGSGSYYHLDPW_CQQANSFPYTF;CARPRLDYGDYGAGLGYW_CQKYNSAPFTF;CARDRGLRKKYFQHW_CQQYGSSPSTF;CVSQLYYLDGRGYYYDYYYDYW_CLQHHDYPWTF;CTTVSPYGDYVGVYFDYW_CQQYYSYPPTF;CAKDFMEYYYYGMDVW_CSAWDSSLSAVVF;CARSPGSGSYTW_CQQYGSSPLTF;CARLPYAGGPYYYYGMDVW_CMQRIEFPFTF;CARGKPRSLELWSFYYYYGMDVW_CQQSYSTPPTF;CAMGGYDSSGVQLDYW_CAAWDDSLSGYVF;CAHRYCSSTSCYGLGDWFDPW_CQSADSSGTYLVF;CARHSEGLGPVDYW_CGTWDSSLSAWVF;CARAIFGVVSVMGFDYW_CMQALQTLTF;CAKSMKSFDYW_CQQSYSTPLTF;CTTEGGDGYNSFDYW_CQQYDNLPITF;CARDTTYGDYYYGMDVW_CQSADSSGNWVF;CARDGKGYSYGSGNYYGMDVW_CQQSYSTLYTF;CAHRTTTYYFDYW_CQQYNSYPYTF;CTTDLVWFGELANAFDIW_CLQHNSYLPEWTF;CTRGGTLGARSGYYDYYYGMDVW_CQQYNSYPLTF;CAKDEGRVVAVAGTGEHAFDIW_CQQYNSYSPTWTF;CAKDITIFGVVISHLDYW_CLQDYNYPLTF;CARTYYYDSSGYRNAFDIW_CQSADSSGTYPVVF;CAKCFYYDSSGYYYYYYGMDVW_CCSYAGSSTLVF;CARDLLSISGSPFDPW_CQQRSNWPPGGGGLTF;CARGGINGGAYFDYW_CQQYGSSPWTF;CARDRGPAGLDYW_CQQSYSTRYTF;CARRGYYYDSSGYYYDWFDPW_CNSRDSSGNRVVF;CAKGLNTAMVSYYFDYW_CVLYMGSGIWVF;CAKDIREGWSSGYYPVLDYW_CQVWDSSVVF;CAKDSPSGYYYYYYYGMDVW_CQQLNSYPITF;CARDRIAAADHNWFDPW_CAAWDDSLNGWVF;CARDIGGIAAAGSPPSAFDIW_CQQYNSYSTF;CAHSYYYGSGRGGWFDPW_CQSADSSGTYVF;CARDGSSSIFDYW_CNSRDSSGNHVVF;CAKPLRFGYSSSSCFDYW_CSSYAGSNNYVF;CAHTGFESLDYW_CQSYDNSLNGLGVF;CARDEDYYYDSSGSVDYW_CQQSYSTPWTF;CARQIAAAGPENWFDPW_CQSADSSGTYLVF;CARGLPVDVW_CGTWDSSLSAGHVVF;CARLIYYGSGRFGAFDIW_CQQYDNLPWTF;CARNEITIPLDVW_CQQYGSSPLVTF;CTTDHGDAYNYRW_CQQYGSSPRTF;CARDHRMNIAVAGTNWFDPW_CQKYNSAPLFTF;CARALREEQWLNNAFDIW_CQQYYSYPTF;CAHRPPYYDSSGYLSW_CQQYGSSLWTF;CARHYVDTAMVINQYYFDYW_CQSYDSSLSDVF;CARDNYDILTGHYGMDVW_CAAWDDSLSGLYVF;CAKDSSSSDWFDPW_CQQYYSYPLTF;CARDYVAVAGTLDYW_CQQYYSTPYTF;CTRDLAYSNYEPPNHNWFDPW_CLQHNSYPLTF;CARERYYYYGMDVW_CYSTDSSGNHGVF;CAKEGITGYYYYYGMDVW_CQQSYSTPHTF;CAKVALRYFDWLPPYFDYW_CQQYYSYPQNLTF;CARAHDSTGYQDFDYW_CQQAKSFPYTF;CARVGVYGSGSYLVGGDYW_CQQSYSTPWTF;CARGPYYGSGSGEFDPW_CQQYYSYPLTF;CARGSCYSSACYYYYGMDVW_CGTWDSSLSAVVF;CARDFDAAEGAFDIW_CQVWDSSSDPTFYVF;CARGAHSSGYYIDYW_CQQYYSFPFTF;NA_CHQYNNWSSWTF;CAREQDFGGNPFDCW_CMQVLHIPRAF;CARGTMVRGHYYYYGMDVW_CQQSYSTPLTF;CARGYSYGYLDWFDPW_CQSYDSSLSGVVF;CARAAPYSSSSLDYW_CQQSYSTLTWTF;CARRRITMNDYFDYW_CQSYDSSLSGVVF;CARGPDGGAFDIW_CQRGLTF;CARDLIARTALTYYYYGMDVW_CQSYDSSLSGGVF;CARYGVYGDYPGALFDYW_CAAWDDSLSGLWVF;CAKDRRGCSSTSCYTFDYW_CQQSYSTLSF;CARVSGYNSYYFDYW_CQQSYSTPRTF;CAAPSPRFTSSTGGGMELPLHVW_CCSYARGSSLVF;CAKDARWRPRVASIDALDIW_CQQYNNWPRTF;CARHIERYCSGGSCYEALDYW_CMQALHPITF;CASYLEMATRYYFDYW_CLQHNSFWTF;CARVTRVTQSNDFWTSYYTDCFDAW_CYSTDSSGNHKVF;CARLYSSSWTNYFDYW_CQQYYSYPLTF;CARGTVYSVPGGHYGDYVRDPKYYYYGMDVW_CQSADSSGTWVF;CARGAAGVRGPIGYW_CAAWDDSLSGWVF;CARVAVAGTTNWFDPW_CQQANSFPYTF;CARVLGGPGATTFDYW_CLQDYNYPWTF;CARTPVSTSYDSPGWYSSGWFFDYW_CQTWGTGIHVVF;CARTMVRGVTPADAFDIW_CQQYNSYSSTF;CAKSMGATILHAFDIW_CQQYNSYPLTF;CARANSGSYSFFFLRLDYFDYW_CQQYNNWPLTF;CARAAGTGGYYYGMDVW_CVLYMGSGISVF;CARAGQFGDSYYYYYYGMDVW_CLQDYNYPQTF;CAHFTKRPTDAFDIW_CNSRDSSGNHRVF;CAAGFGLSGSYIHYYYYGMDVW_CQQYGSSPPLTF;CATDNWNFGADSGFGYW_CMQGTHWRTF;CARVLGSFSFGYDGFDIW_CQQLNAYPTF;CARDPGIAVAETVYYYYYYGMDVW_CMQALQTPPTF;CARTVGAGYKIGKGYFDYW_CQAWDSSTVVF;CARDQDLAALNYW_CGTWDSSLSAKVF;CTTENVLLWFGEPEYYYYYYGMDVW_CQSADSSGTYAVVF;CARSLFEGTVMAFRAEHMDVW_CQQYKTFFAVSF;NA_CQAWDSSTVVF;CARPPSHDSPMYHYW_CQSADSSGLWVF;CARDTMWWSYGMDVW_CCSYAGSGEVF;CARLRRYSSGYYYIAGDFDYW_CQSYDSSLSGVVF;CARDKGGTTVTTSNWFDPW_CQQYDNLPLTF;CARDGGGYYQKKGYFQHW_CGTWDSSLSAVVF;CARDDIVVVPAAIDYW_CQSYDSSLSGPYVF;CARKFDCW_CQQYGTSLPVTF;CARGVLRFLEWLSNMDYYYYGMDVW_CMQALQTPRALTF;CAKDGSYYDSSGYSDYW_CQQYNNWPPWTF;CAKDKSYSVEYW_CMLFMGSGIWVF;CAKADVRSNWNDMHFDYW_CQAWDSSTVVF;CARATPRGYGGNSLNWFDPW_CQQYNSYPFTF;CAEGYQLPGLYYW_CNSRDSSGNHLF;CARHAGSGSYYFWFDPW_CQQYGSSPYTF;CAKDLQIGYCSSTSCRNAFDIW_CQQYGSSPPRVTF;CARGRGSYFDYW_CQQYGSSLWTF;CARTCSSTSCYTYGMDVW_CQQYNNWQYTF;CAHRGYSYGPLFDYW_CLLYYGGAQLVF;CARLPTLRYGSGSYYNGALDYYYGMDVW_CMQALQTPLTF;CARSIAAASPFDPW_CQQYDNLPPTF;CARGPPYGHLGYW_CQQYNNWPPITF;CAKDILGGGYFDYW_CQTWGTGMGVF;CAKDASYGYLFEYWYFDLW_CQQYNNWPPWTF;CARFGAKNYYDSW_CQQYNNWPGTF;CAREKWLRPQLDYW_CQQYGSSPKTF;CVKGPYYDGSGNSFGRKAFDIW_CQQYGSSPYTF;CARGASKGNQPALHYGMDVW_CQQSYSTPPAF;CATTLASPTHDYGDYEGGYMDVW_CQQYGSSPLTF;CALGIDAFDIW_CQQYNNWPKTF;NA_CQSYDDSLSGTVF;CARGFYYGSGSPLSGMDVW_CQQSYSTPRTF;CAKDPAASGSPWYFDYW_CQQYYSFPRTF;CAREVSRQSGSRPIKWFDPW_CQQSYSPPPLTF;CTPSLETYGDYALGYYW_CQSADSSGTYPYVF;CAKDFGGPLQFDYW_CQQYGSSPRTF;CAKDMLFSNNYW_CQTWGTGINWVF;CARDENHLYYGDLAYW_CQQSYSIPRAF;CARGSRLLLWFGELKVGPGFDPW_CQQYNSYWTF;CAMKGGRDGYNTRVYYYYGMDVW_CCSYAGSSTPYVF;CAKDIGPTNCSSTSCHAYYYYGMDVW_CQQYNSYSTF;CWRDRREAPIEMEVASTRG_CMQSTHWPYTF;CTRHTHCSGGSCYDAFDIW_CQQSYSTPRYTF;CAREPPHGSGTDYNWFDPW_CQSYDSSLSAYVF;CVKDLYDTGSYYYFDYW_CSSYTRSSTLVF;CSRHEGVGGNSDYW_CVLYMGSGISMF;CARNHDYGDYMFGGMDVW_CQSADSSGTYVF;CTTSGGDW_CMQSIQLPRTF;CARDRTSFGYSYGNIDYW_CQTWGTGILVF;CAKDELASYGGVGYYW_CQSADSSGTYFWVF;CAREPKHSGYCSSTSCYIGNWFDPW_CQSYDSSLSGNVVF;CARASWDSSSWGLGFDPW_CQAWDSSTGVF;CARTRVRGVISPFDYW_CQQANSFPPTF;CTREYYDFWSGDYW_CQQYDNLPLTF;CARDGGRGSGWSTPDYW_CNSRDSSGNHVVF;CARHYDFWSGDNPYWYYYYGMDVW_CQQYGSSPPWTF;CTTTTADIVVVPAAIQTVDYW_CQQYDNLPLTF;CAIMVRGVIGSYYYYGMDVW_CQQSYSTTWTF;CAKDNGYGGNSLQHW_CCSYAGSSTLVF;NA_CQQSYNTLWSF;CARARYRRDGYHNLYAFDIW_NA;CARGFSETGPGYKRFYYYFDLW_CQQYGSSPQTF;CARVKGDYYYYYGMDVW_CMQALQTPHTF;CARDPPLYSSGWFTGDYW_CQQYNSYPRTF;CAKDGGEHRGNDYW_CQVWDSSSDHYVF;CARGYDFWSGYLPHYGMDVW_CQVWDSSSDHPGVF;CARETKQYIDYRSPTVGRPYDYYYGMDVW_CLLFYGGAQLGVF;CAKGVWESTTEDAFDIW_CQQYNSYSPFTF;CAKDQGYCSSTSCYPYYYGMDVW_CQAWDSSTVVF;CARLGGYDSTFDYW_CSSYTSSSTYVF;CARVAAAGTYFDYW_CQQYGSSPETF;CARINQHGSGTYSPDYYYYGIDVW_CMQALQTPMYTF;CARKSIAAAGLPYYYYYGMDVW_CMQALQTRFTF;CAQGGYSYGYYDYW_CAAWDDSLNGVVF;CARQRGGTAVPVYYFDYW_CQQYGSSPLYTF;CARALYYDSSGYQPNRYYFDYW_CQSYDSSLSGYVVF;CTRALNSNHFDYW_CQQANSFPLTF;CARVTDPDAFDIW_CNSRDSSGNHYVF;CARSAWHPAATGGMDVW_CLQDYNYPYTF;CARVSLVVPQQFDYW_CQAWDSSTVVF;CAKVPGYSTGWYYFDYW_CQQCDSSPEWTF;CAKDSTCSSTSCYRGYYYYGMDVW_CQQYYSYPITF;CARGRNGGNRFDWFDPW_CQSYDSSLSGSGVF;CARGKNWFDPW_CQQYGSSPLTF;CASGYSSGRPDYW_CQQYDNLPITF;CARLSDGDYTFDYW_CQQYNSYWTF;CARGGTAGYSYGYAYW_CQAWDSSTAVVF;CAKDIVVVPAAPITLYYYYGMDVW_CMQALQTSFTF;CARWRLYYDSRGYYYGMFDYW_CQQSYDTPLTF;CARSRRIVGATSFDWFDPW_CQQYNSYSRTF;CASEDSGYGGGFDYW_CQSYDSSLSEGVF;CAHGRDYDSSSLPFDYW_CQQYNSYPYTF;CARAGAYYYGSAIDYW_CQQYGSSPGLTF;CAKGSSHSGGWFDPW_CQQYNSYWTF;CARDLLRAYSSSSTSSIDYW_CQQYYSYPRTF;CAKDVSGYLDAFDIW_CGTWDSSLSAGWVF;CAREGSRYFDYW_CQVWDSSSDHYVF;CASHDSSGYYLLDYW_CQVWDSSSDHVVF;CARYCSSTSCYTTYYYYYYGMDVW_CQQYYSYPLTF	22	30	CARDEGIAARTRGETHYYYYGMDVW_CQQYYSTPYTF;CAREPPDLTMVRTKGVRWFDPW_CQQYYSNPLTF;CARDEMVRRDGYNFAFDIW_CQQYYSTPPLTF;CAKDGIVFYGSGSYNDYW_CQQYYETPTF;CARVRGAFGEPPPYNWFDPW_CQSADSSGTYYVF;CARGGLYSSSWSVHSTFQHW_CQQYGSSPRTF;CARDLGARDGYNKFDYW_CQQYYSTPALTF;CAHTPGSGQKGSIYW_CQQYYSTPWTF;CARLGPYGSGSYSPVDYW_CQQYYSNPQAF;CARGAAAGTLDAFDIW_CQQYYSTPLTF;CAADRIRGSSANYDYGMDVW_CQQYYSLRTF;CTRGGGALGNW_CQQYYSIPWTF;CARGPGIYGDYGGGRPGYFDYW_CQQYYSTPPITF;CARGPSRSYNVYYFDYW_CQQYYSTGTF;CARGRGARYDYGYGLVPNYFDYW_CQQHSSSPPTF;CARGPMTTVATPRTQYFQFW_CQQYYSTPWTF;CSKDWAATGREIGYW_CQQYYRTPYTF;CARRDCSGGSTQSLPQRHLTCYYGMDVW_CQQYYSTLYTF;CARDQYSSGWYLGGWGYFDYW_CQQYYSTLRTF;CARGVVGHPHLIDFW_CQQYYHMGTF;CARQDCSGGSCYLDYW_CQVWDSSSDHPVF;CAKGYSSSWYYNYGMDVW_CQQYYSTPTF;CARDRYFGPW_CQQYYSTPWTF;CARITMIGGAFDIW_CQQYYSTPSITF;CVRGGSGTLSWYDSW_CQQYLSSPDTF;CTRDLLVNWNDPGLISYYNSFDVW_CQQYYNSPRTF;CARSDDNGDYVFNYW_CQQYYSTPPTF;CARELASHLGDYFDYW_CQQYYSTPPKTF;CARKARQWEVAIDSW_CHQYYTTPLF;CSVYDSSGYLYGAFDIW_CQQYYSTPLTF	0	NA
8	1	CARGTPGWYW_CQQYGSSPTF	1	1	CARDPHYYDSSGYYYWYFDLW_CSSYAGSNNPYVF	0	NA
8	1	CARGTPGWYW_CQQYGSSPTF	2	2	CAREVVLMVHRRGGLNMDVW_CQQYYSTPLTF;NA_CQQANSFPLTF	0	NA
8	1	CARGTPGWYW_CQQYGSSPTF	5	441	NA_CQQYDELPVTF;CATTYYYDSSGYYQNDAFDIW_CQQYYSYPRTF;CAREIEGDGVFEIW_CMIWHSSAWVV;CARHIRGNRFGNDAFDIW_CQQYYSFPYTF;CARRLITMIEGGAFDIW_CQVWDSSSDHVVF;CAKVMIEHPSNRGHFDYW_CMQALQTPYTF;CTTDDEKRPYSGSYLPFDYW_CQSYDSSNVVF;CARGGRVSVAVYWDYYYYGMDVW_CQKYNSAPFTF;CAHSAQYYDILTGYYKAPWGGAFDIW_CQQYNSYSWTF;CARDDFGGATFYSSFDYW_CQQSYSTPYTF;CARAAKIFGVVTAFDIW_CQQYGSSPWTF;CVKDYSTSGWYYFDFW_CQQYGSSLPYTF;CARVVPAAFYGMDVW_CQQYGSSLFTF;CAGGSGYCTNGVCYPRGFDYYYGMDVW_CAAWDDSPPWVF;CAKDDTAMVTADFFDYW_CQTWGTGIWVF;CARTPRWLQCFDYW_CQQYNSYSWTF;CARDQWLAYYFDYW_CQSYDSSNHWVF;CAHRYYSNIDYW_CMQGTHWPWTF;CARDWGYYDSSGYSPRGYYYYYGMDVW_CQQLNSYSFTF;CAKDRVGYGDYVDYW_CQQYNNWPPWTF;CARLGSSPYYW_CQSYDSSLSGYVF;CTRYYGDVW_CQQYYSFPWTF;CAKDHYYDSSGYYSGLGYW_CQSADSSGTYRVVF;CATGLVVPAAILYGMDVW_CQQYGSSRGLTF;CAKDDGDAAAGLIYW_CAAWDDSLSGVVF;CAKDGGGEEALELPDYW_CGTWDSSLSAVVF;CATLRYPSLGVDYW_CHQYNNWPFTF;CARKDSSGSDAFDLW_CQQSYSTPYTF;CARDVVQLWYQIDYW_CQQSYSTPPNTF;CAKYVDTAMNQFDPW_CQQANSFPITF;CARGLHYYDSSGRSLYYFDYW_CQQYGSSPPGQTF;CANQPPSLYW_CQQYNNWPGTF;CARVGYDYVWGSYRYTGVMDVW_CSSYAGSSYVF;CARGRPYYYDSSGYPYDAFDIW_CMQALQTPLTF;CAKERVVTAIPVVIFDYW_CQQSYSTPRLTF;CARPYGDYAYFDYW_CQSYDSSLSGYVF;CARDWWERQDSKRPDYFDSW_CQQTNSFPITF;CARHSNDGSDYFDYW_CQESYGALLTYTF;CASTEIEMLVPRYCSSTSCYFVWFDPW_CGTWDSSLSAGHGVF;CASASSTGTDAFDIW_CQAWDSSTHVVF;CARDGSWYAAWFDPW_CQSYDSSLSGSVVF;CARDPSLGDPGWGYFDYW_CQQYNSYSTWTF;CVREMTGSFTGGLDPW_CMQGTHWPPTF;CAREVNTAMAYYYYYYGMDVW_CQQYGSSQWTF;CARERRGGGHYYDSSGYYLSDYW_CQQSYSTP;CARGGGYSSGWATREVVYW_CQSYDSSLGAVF;CAKVPTVTTFLGYYYGMDVW_CQQSYSTPWYTF;CARDLRPAANFDYW_CQVWDSSSDYVF;CARLSYSSSWYYFDYW_CQQSYSTLYTF;CARVPKVRYCSSTSCYKDYYYGMDVW_CQVWDSSSDSWVF;CATWHYYDSSGEDGMDVW_CQQYNNWPRTF;CARGRSSWHLDYW_CMQALQTPFTF;CARDPWELHGFDYW_CQQYGSSSFTF;CAREAYYYGMDVW_CNSRDSSGNHNYVF;CARDRSVVTMVRGVIPFYW_CCSYAGSYTVVF;CARHEKMNYYDILTGYSPPYYYYYGMDVW_CQSYDSSLSAYVVF;CAHYQGIAVTGTWFDPW_CQSYDSSNVVF;CARESSSWFPYW_CQQSYSTPFTF;CARERDYSPGRYYGMDVW_CGTWDSSLSAGVF;CARHPTPAAMVGYYYYGMDVW_CQQANSFPLTF;CARDGPMTAIGGYGMDVW_CQSYGSLGGSVF;CAKGRTTEGTDAFDMW_CQQVHSYPITF;CAKDRSSLLWFGELLYMPEEYGMDVW_CQQYNNWPLTF;CTNYGMDVW_CSSYAGSNNWVF;CARVDSFAPNSGYGAQLLNWFDPW_CQQYNNWPLTF;CAREDYDTASFGYW_CQQYDNLPYTF;CAKDFGRGSYHRAEYFQHW_CQQYNNWPPWTF;CARGGSLPLITMIVGFFW_CQQYGSSPEYTF;CTREAEMATISIDYW_CQVWDSSSDHVVF;CARDAPIWDTAIVYW_CQQYGSSLPWTF;CARLLVSAYNWFDPW_CQQSYSIPAF;CARIPMTTVTSYGMDVW_CQQYGSSSITF;CARDDEWEPYDYW_CCSYAGSSTYVF;CTTVLRYFDWLLSDYGMDVW_CLLSYSGARGVF;CAIGTGIVGTTFPREYW_CMQALQTSWTF;CAKDMELGWLIDYW_CMQALQTPLTF;CARETVVTPQNAFDIW_CAAWDDSLNGYVF;CARERNIVVVPAAETFDYW_CQQYNNWPPLTF;CARIGFGEYDYGMDVW_CQSYDSSLSVVF;CARGVGATDFDYW_CQSYDSSLSGVVF;CARDPSNWGSFGYW_CQAWDSSTYVF;CARVDGYNYSFDYW_CQQYNNWWTF;CAKEPYGGNSFVYYFDYW_CQQYGSSPGLTF;CAKAEWGGTENYIPYYFDFW_CQSYDNNNLIF;CARSHCSSTSCYPNYYYGMDVW_CQQSYSTPRTF;CARDFGERYCSGGSCYSFDPYYYYGMDVW_CLQHNSYPWTF;CAKEYPGPGQLDDAFDIW_CQSYDSSLSGKVF;CARVDTAMVTGLAISPPWDYGMDVW_CQQYNSYPWTF;CAKDIGDGSGSNSQKRDYYYGMDVW_CQQSYSTPRTF;CATDPYNSGWFASLKNQVLYYW_CQQSYSTPQTF;CAREHTGGWLQRYIDYW_CQSADSSGTYPRVVF;CARGYCDSTSCYAVGYFDLW_CQTWGTGIVVF;CARDPDPNWSKDWFDPW_CQQYNNWPPLTF;CAKGRYSFGLDNFDYW_CQQDGNSPTF;CASRAVQSSGWRQDYYYGMDVW_CQSYDSSLSGVF;CAREASEGPW_CQSYDSSNSWVF;CARLGGYSSRGNWFDPW_CQQSYSTPPYTF;CARDPHHTFGGVLVW_CQKYNSARTF;CAGYYYDSSGYLSSFDIW_CQSYDSSLSVVF;CARLPYRYSGSSNDAFDIW_CAAWDDSLSGPVF;CARAGYGDYVGDFDYW_CQSADSSGTYVVF;CARDYYGSRSDSGMDVW_CQQSYTTPYTL;CAKDGREAAAGTDYYYGMDVW_CQAWDSSTVVF;CARDSPGWGSSGFYYGMDVW_CQQYGSSPRYTF;CARVSGDTMIVVVHRDGMDVW_CQQYNSYSVTF;CAKNLATTGSHW_CLQDYNYPRTF;CAKDGGRGVVIIFYFDYW_CQQYGSSPITF;CARGIAVVTLWGPFDIW_CQQYNNWPRTF;CARDRWVPAAVPHYYYYGMDVW_CQQANSFPLTF;CAREGAAGPPPGHYYYYGMDVW_CMQALQTPFTF;CAKQGHFTDTKRIDYW_CQQYDSYPITF;CAVIPVTGQEASLSAEYFQHW_CQQSYSTPFTF;CARDSPSSGSYGLFDYW_CQTWGTGIRRVF;CASPGGGLLWFGELFRSYFDYW_CVLYMGSGFWVF;CAHRPVSDDILTGYRYNWFDPW_CQSYDSSLSGSVVF;CARGFIGYNFDSW_CQQSYRTPITF;CAREEGYCSGGSCEYNYYYGMDVW_CQQYGSSLITF;CARGRRVFLALSYW_CQQYGSSPHTF;CARGAGRIGQVDVW_CQQYNNWHTF;CARGYYDSSGQSLDYYYYGMDVW_CQQYYSYPFTF;CARTGKNGSGSYWFDPW_CQQYRTF;CARTDIVATPDGGFDYW_CQTWGTGIHVVF;CAREGFYYYGSGSVSGGNWFDPW_CQVWDSSTVVF;CAKVPLGWGAAGGAYFDYW_CQQYGSSPATF;CARVGCSGDTCYSYDWFDPW_CGTWDSSLTAVVF;CARGGILTGKLSDYW_CQQYDNLPTF;CAHGLTGYYTYYFDYW_CQQYYSFPPTF;CARQVGANPFADYW_CAAWDDSLSGPVF;CSVYDAERGYFDYW_CCSYAGGDTSYYVF;CARLYGDYGDYW_CNSRDSSGNLFVVF;CARPYSSSWSPMDVW_CQSYDSSLSGHVVF;CARDKGYSSSWYIRSSWFDPW_CLLSYSGARLVF;CARAVCGDDCYLLDSW_CAAWDRSLGAVVF;CARTTTVVTGDAFDIW_CQSADSSGTYPVF;CAKGRGDYYYYGMDVW_CQQYDNLPITF;CTTGGALNYW_CQAWDSSTACVF;CARDLTTRDYSDAFDIW_CQQYGSSPRTF;CARAGLEINTPDSSGYYYGGGYFDYW_CQQYDNLPPRRFTF;CAKDHGYDFWSGYSDAFDIW_CQQSYSTPLYTF;CARESGYTNYYYYGMDVW_CQQYNSYPLTF;CARKYQLPYYYGMDVW_CQQSYNTPDTF;CARDSTYYYDSSGYPVSDAFDIW_CQQSYSTRRYTF;CAREVYSSSTNWFDPW_CQVWDSSTDVVF;CARANAEYSSSLLFDYW_CQSYDNSLSAYVF;CAHSPYDYVWGSYRQSWFDPW_CQAWDSSTVF;CTTIYYDILTGDYW_CMQALQTPITF;CARLDYDFWSGTPERMDVW_CQQYGSSPPWTF;CARVRKNWNYDLDDWYFDLW_CQVWDSSSDHYVF;CATRRVRGEGLAYW_CQQYNSYSRTF;CARNYDSSGYYVPPYFDYW_CQQYNNWPPYTF;CARDPANYFDYW_CQQSYSTLWTF;CAREESSSWYRYW_CQQYGSSPLTF;CARIVQGGSYLSGGIDYW_CMQSIQLLFTF;CARDRLIIRFLERPNWFDPW_CCSYAGSSTPVF;CAREYSNNWYFFDYW_CQQYAGSPLTF;CARVSGVGTSFAGFDPW_CQSADISATVF;CAREPTPRYSGSYRGFNYFDYW_CQQYYSFPLTF;CARAADYCTSASCPNEYFQHW_CQSYDSSLSVF;CARGRMTVHNDDSGFPEYLYYYGLDVW_CMQVMDNPRTL;CATSRVAVAGVDYW_CQSYDSSLSGVVF;CARDLGIAVAGRVEGYFDYW_CCSYAGSYTLVF;CARDVSNVLVIAVSPSWFDPW_CQQTYSIPYTF;CARDAPDRGSSWYSALFDYW_CQQYNNWPPTF;CARRDGGYCSSTSCSFDYW_CQQYNSYSPTF;CARAEIFGVVIQAFDYW_CQSYDSSLSGSVF;CVKKVIGFDDW_CQQSDTFGYTF;CAKGMDGSGSYYNKDGMDVW_CQAWDSSTGVF;CARVNGLLGEYYYGMDVW_CMQALQTPPNTF;CAKDWAVGWEFVDSW_CQQSHTVPLTF;CARDEGAAAYFDYW_CCSYAGSSTCWVF;CARAAGYCSSTSCYEIYYYYGMDVW_CQSYDSSLSVPF;CTRSYVLRFLEWFSPFDYW_CQQYGSSLWTF;CASSGSYQGNWFDPW_CQQSYSTPYTF;CARSPPRYDLSLVDAFDIW_CQQYNSYSTTF;CARETIAAAGSNFDYW_CQQSYSTPRTF;CARVSGYSYYFDYW_CQQLNSYLLTF;CATYIAAPRDYYYGMDVW_CMQALQTPYTF;CATGKTYSAPHAYYYFDYW_CQQANSFPRTF;CAKEVHSSGFDYW_CQSADSSGTYPWVF;CTTDHIVVVTAMIFGYYFDYW_CQQLNSPLTF;CAREGPTVTKFDYW_CQSYDSSLSGSVF;CEVKAAAGNFYW_CSSYAGSVVF;CAKDIEGGSGYYLTPGGFQHW_CCSYAGSSTFVVF;CARDAMAIGDYYYYGMDVW_CQQLNSYPSLTF;CARREGAGYDILTGSYYYYYGMDVW_CLLYYGGAQLGVF;CTTRLWRISQYYYDSSGYGHFDYW_CQSADSSGTYVF;CARTTLLAAAIDYW_CQQYYSFPYTF;CARAKAARPTPTYYYYYYGMDVW_CQAWDSSTGDVF;CARSGYDSSWVGYDFDYW_CQAWDSSTPVF;CAREGLEIDAFDIW_CQQSYSTPWTF;CAHTSAYYDSSGYYPPFDYW_CQQSYSTPLTF;CARATQDSSGWYGFWYFDYW_CQQYNNWPPTF;CARMLVVVAATGYYYYGMDVW_CQQYGSSQTF;CAREAYDSSAYSTIDYW_CQTWGTGIHVF;CATSLVVVPAAILRGGVGGHYYGMDVW_CGTWDSSLSAVVF;CARSAGSSGSFEYFQHW_CQQYGSSPLYTF;CARRLFLYSSSGYYFDSW_CQQASSFPPLSF;NA_CQQSYNTPRTF;CARGGGAVAGTIDFHYW_CCSYAGTDLWLF;CAKDRGYYDSSGYYYSDYGMDVW_CQSADSSGTYVF;CAKDGFGGASDHW_CQHYDRSPWTF;CARAIQMGCSDGSCLW_CQQYDNLPSYTF;CARKGRWLPDGDDAFDIW_CQQYYSYPLTF;CARAGLRSWFDPW_CMQSIQLPNTF;CARHSYGAYYYYGMDVW_CQQYGGSPLFTF;CAAGVMTARYDYW_CQQSYSTPLTF;CAHFMTTVTTGYFDPW_CIQVRQTPFTF;CAREGGGDILTTYYYYGMDVW_CQQYGSSTRALTF;CARGFGGGDYRSMDVW_CQQLITYPITF;CARTTYGGNSLNWFDPW_CQVWDSSSDHPVF;CARGYGSGNYYYYGMDVW_CMQALQTPWTF;CARSNYDILTGLDYW_CMQALQTPYTF;CAREDSGSYGYFDYW_CQQYNNWPQTF;CARRVLYYRFDPW_CNSRDSSGNHLF;CARGDYDYVWGSSPDAFDIW_CMQGTHWPLTF;CARDVRGYYYDSSGYSGEGYWW_CQQSYSTPYTF;CTRDRYSSSWYKGLYYYYGMDVW_CQQSYSTPYTF;CARVFFRVVYAMAYW_CQQYNNWPPMYTF;CASSLRYFDWTVNNWFDPW_CQQYGSSPQTF;CTRGYCSSTSCYTGWFDPW_CQAWDSSHVVF;CARDGRWELLGNQHW_CCSYAGSSTYVF;CARVYYDSSGYYYFDYW_CQQSYSTPWAF;CARGRVRWELLGDDAFDIW_CQQYDNLPLTF;CCTYVFVGIVPTIVDYW_CQQYNDWPPAGTF;CARDIQYYYDSSGYDAFDIW_CQQSYSTPWTF;CATSWGIAALYGMDVW_CNSRDSSGNPYVF;CAKDYPVAGDLDAFDIW_CCSYAGSSTWVF;CARANWDNWNDGLDYW_CGTWDSRLSSYVF;CARAGYCSSTSCSKEDVW_CQQSYSTPPRTF;CAREPLGGDYYYYYYGMDVW_CQQYGSSPTF;CARLSLRARFRGAFDIW_CCSYAGSYSVVF;CAHSLPSDIDYYYDSSGYSPSPPLFDYW_CQQYNNWPLTF;CASGYGGKTYYFDYW_CQQYGSSPGTF;CLGRELGHSW_CLQHNSYPWTF;CTAVLRYFDWLLMEAHENYYYYGMDVW_CQSADSSGGVF;CARDRSRWEFLYYFDYW_CQQYGSSGYTF;CARARYYDSNSYSYAW_CQTWGTGIWVF;CARLDYYDSSGYYDW_CQTWGTGIPVF;CARDYIAVAGPGENWFDPW_CQQSYSTRTF;CARDRGGYGVRWFDPW_CQQYDNLPPTF;CARRGNAIFGVVTHYYYYGMDVW_CMQALQTPLFTF;CSNYDILTGYYWFHYW_CQQYNNWPFTF;CASSFLDTSIVEYYFDYW_CATWDDSLSGLF;CARIVVVVTSRWFDPW_CQVWDSSSDHYVF;CARSLEWLDDYW_CQSYDSSLSGSVF;CARDAYGGYSFYYYGMDVW_CQQYGSSPFTF;CAGGSGSYYHLDPW_CQQANSFPYTF;CARPRLDYGDYGAGLGYW_CQKYNSAPFTF;CARDRGLRKKYFQHW_CQQYGSSPSTF;CVSQLYYLDGRGYYYDYYYDYW_CLQHHDYPWTF;CTTVSPYGDYVGVYFDYW_CQQYYSYPPTF;CAKDFMEYYYYGMDVW_CSAWDSSLSAVVF;CARSPGSGSYTW_CQQYGSSPLTF;CARLPYAGGPYYYYGMDVW_CMQRIEFPFTF;CARGKPRSLELWSFYYYYGMDVW_CQQSYSTPPTF;CAMGGYDSSGVQLDYW_CAAWDDSLSGYVF;CAHRYCSSTSCYGLGDWFDPW_CQSADSSGTYLVF;CARHSEGLGPVDYW_CGTWDSSLSAWVF;CARAIFGVVSVMGFDYW_CMQALQTLTF;CAKSMKSFDYW_CQQSYSTPLTF;CTTEGGDGYNSFDYW_CQQYDNLPITF;CARDTTYGDYYYGMDVW_CQSADSSGNWVF;CARDGKGYSYGSGNYYGMDVW_CQQSYSTLYTF;CAHRTTTYYFDYW_CQQYNSYPYTF;CTTDLVWFGELANAFDIW_CLQHNSYLPEWTF;CTRGGTLGARSGYYDYYYGMDVW_CQQYNSYPLTF;CAKDEGRVVAVAGTGEHAFDIW_CQQYNSYSPTWTF;CAKDITIFGVVISHLDYW_CLQDYNYPLTF;CARTYYYDSSGYRNAFDIW_CQSADSSGTYPVVF;CAKCFYYDSSGYYYYYYGMDVW_CCSYAGSSTLVF;CARDLLSISGSPFDPW_CQQRSNWPPGGGGLTF;CARGGINGGAYFDYW_CQQYGSSPWTF;CARDRGPAGLDYW_CQQSYSTRYTF;CARRGYYYDSSGYYYDWFDPW_CNSRDSSGNRVVF;CAKGLNTAMVSYYFDYW_CVLYMGSGIWVF;CAKDIREGWSSGYYPVLDYW_CQVWDSSVVF;CAKDSPSGYYYYYYYGMDVW_CQQLNSYPITF;CARDRIAAADHNWFDPW_CAAWDDSLNGWVF;CARDIGGIAAAGSPPSAFDIW_CQQYNSYSTF;CAHSYYYGSGRGGWFDPW_CQSADSSGTYVF;CARDGSSSIFDYW_CNSRDSSGNHVVF;CAKPLRFGYSSSSCFDYW_CSSYAGSNNYVF;CAHTGFESLDYW_CQSYDNSLNGLGVF;CARDEDYYYDSSGSVDYW_CQQSYSTPWTF;CARQIAAAGPENWFDPW_CQSADSSGTYLVF;CARGLPVDVW_CGTWDSSLSAGHVVF;CARLIYYGSGRFGAFDIW_CQQYDNLPWTF;CARNEITIPLDVW_CQQYGSSPLVTF;CTTDHGDAYNYRW_CQQYGSSPRTF;CARDHRMNIAVAGTNWFDPW_CQKYNSAPLFTF;CARALREEQWLNNAFDIW_CQQYYSYPTF;CAHRPPYYDSSGYLSW_CQQYGSSLWTF;CARHYVDTAMVINQYYFDYW_CQSYDSSLSDVF;CARDNYDILTGHYGMDVW_CAAWDDSLSGLYVF;CAKDSSSSDWFDPW_CQQYYSYPLTF;CARDYVAVAGTLDYW_CQQYYSTPYTF;CTRDLAYSNYEPPNHNWFDPW_CLQHNSYPLTF;CARERYYYYGMDVW_CYSTDSSGNHGVF;CAKEGITGYYYYYGMDVW_CQQSYSTPHTF;CAKVALRYFDWLPPYFDYW_CQQYYSYPQNLTF;CARAHDSTGYQDFDYW_CQQAKSFPYTF;CARVGVYGSGSYLVGGDYW_CQQSYSTPWTF;CARGPYYGSGSGEFDPW_CQQYYSYPLTF;CARGSCYSSACYYYYGMDVW_CGTWDSSLSAVVF;CARDFDAAEGAFDIW_CQVWDSSSDPTFYVF;CARGAHSSGYYIDYW_CQQYYSFPFTF;NA_CHQYNNWSSWTF;CAREQDFGGNPFDCW_CMQVLHIPRAF;CARGTMVRGHYYYYGMDVW_CQQSYSTPLTF;CARGYSYGYLDWFDPW_CQSYDSSLSGVVF;CARAAPYSSSSLDYW_CQQSYSTLTWTF;CARRRITMNDYFDYW_CQSYDSSLSGVVF;CARGPDGGAFDIW_CQRGLTF;CARDLIARTALTYYYYGMDVW_CQSYDSSLSGGVF;CARYGVYGDYPGALFDYW_CAAWDDSLSGLWVF;CAKDRRGCSSTSCYTFDYW_CQQSYSTLSF;CARVSGYNSYYFDYW_CQQSYSTPRTF;CAAPSPRFTSSTGGGMELPLHVW_CCSYARGSSLVF;CAKDARWRPRVASIDALDIW_CQQYNNWPRTF;CARHIERYCSGGSCYEALDYW_CMQALHPITF;CASYLEMATRYYFDYW_CLQHNSFWTF;CARVTRVTQSNDFWTSYYTDCFDAW_CYSTDSSGNHKVF;CARLYSSSWTNYFDYW_CQQYYSYPLTF;CARGTVYSVPGGHYGDYVRDPKYYYYGMDVW_CQSADSSGTWVF;CARGAAGVRGPIGYW_CAAWDDSLSGWVF;CARVAVAGTTNWFDPW_CQQANSFPYTF;CARVLGGPGATTFDYW_CLQDYNYPWTF;CARTPVSTSYDSPGWYSSGWFFDYW_CQTWGTGIHVVF;CARTMVRGVTPADAFDIW_CQQYNSYSSTF;CAKSMGATILHAFDIW_CQQYNSYPLTF;CARANSGSYSFFFLRLDYFDYW_CQQYNNWPLTF;CARAAGTGGYYYGMDVW_CVLYMGSGISVF;CARAGQFGDSYYYYYYGMDVW_CLQDYNYPQTF;CAHFTKRPTDAFDIW_CNSRDSSGNHRVF;CAAGFGLSGSYIHYYYYGMDVW_CQQYGSSPPLTF;CATDNWNFGADSGFGYW_CMQGTHWRTF;CARVLGSFSFGYDGFDIW_CQQLNAYPTF;CARDPGIAVAETVYYYYYYGMDVW_CMQALQTPPTF;CARTVGAGYKIGKGYFDYW_CQAWDSSTVVF;CARDQDLAALNYW_CGTWDSSLSAKVF;CTTENVLLWFGEPEYYYYYYGMDVW_CQSADSSGTYAVVF;CARSLFEGTVMAFRAEHMDVW_CQQYKTFFAVSF;NA_CQAWDSSTVVF;CARPPSHDSPMYHYW_CQSADSSGLWVF;CARDTMWWSYGMDVW_CCSYAGSGEVF;CARLRRYSSGYYYIAGDFDYW_CQSYDSSLSGVVF;CARDKGGTTVTTSNWFDPW_CQQYDNLPLTF;CARDGGGYYQKKGYFQHW_CGTWDSSLSAVVF;CARDDIVVVPAAIDYW_CQSYDSSLSGPYVF;CARKFDCW_CQQYGTSLPVTF;CARGVLRFLEWLSNMDYYYYGMDVW_CMQALQTPRALTF;CAKDGSYYDSSGYSDYW_CQQYNNWPPWTF;CAKDKSYSVEYW_CMLFMGSGIWVF;CAKADVRSNWNDMHFDYW_CQAWDSSTVVF;CARATPRGYGGNSLNWFDPW_CQQYNSYPFTF;CAEGYQLPGLYYW_CNSRDSSGNHLF;CARHAGSGSYYFWFDPW_CQQYGSSPYTF;CAKDLQIGYCSSTSCRNAFDIW_CQQYGSSPPRVTF;CARGRGSYFDYW_CQQYGSSLWTF;CARTCSSTSCYTYGMDVW_CQQYNNWQYTF;CAHRGYSYGPLFDYW_CLLYYGGAQLVF;CARLPTLRYGSGSYYNGALDYYYGMDVW_CMQALQTPLTF;CARSIAAASPFDPW_CQQYDNLPPTF;CARGPPYGHLGYW_CQQYNNWPPITF;CAKDILGGGYFDYW_CQTWGTGMGVF;CAKDASYGYLFEYWYFDLW_CQQYNNWPPWTF;CARFGAKNYYDSW_CQQYNNWPGTF;CAREKWLRPQLDYW_CQQYGSSPKTF;CVKGPYYDGSGNSFGRKAFDIW_CQQYGSSPYTF;CARGASKGNQPALHYGMDVW_CQQSYSTPPAF;CATTLASPTHDYGDYEGGYMDVW_CQQYGSSPLTF;CALGIDAFDIW_CQQYNNWPKTF;NA_CQSYDDSLSGTVF;CARGFYYGSGSPLSGMDVW_CQQSYSTPRTF;CAKDPAASGSPWYFDYW_CQQYYSFPRTF;CAREVSRQSGSRPIKWFDPW_CQQSYSPPPLTF;CTPSLETYGDYALGYYW_CQSADSSGTYPYVF;CAKDFGGPLQFDYW_CQQYGSSPRTF;CAKDMLFSNNYW_CQTWGTGINWVF;CARDENHLYYGDLAYW_CQQSYSIPRAF;CARGSRLLLWFGELKVGPGFDPW_CQQYNSYWTF;CAMKGGRDGYNTRVYYYYGMDVW_CCSYAGSSTPYVF;CAKDIGPTNCSSTSCHAYYYYGMDVW_CQQYNSYSTF;CWRDRREAPIEMEVASTRG_CMQSTHWPYTF;CTRHTHCSGGSCYDAFDIW_CQQSYSTPRYTF;CAREPPHGSGTDYNWFDPW_CQSYDSSLSAYVF;CVKDLYDTGSYYYFDYW_CSSYTRSSTLVF;CSRHEGVGGNSDYW_CVLYMGSGISMF;CARNHDYGDYMFGGMDVW_CQSADSSGTYVF;CTTSGGDW_CMQSIQLPRTF;CARDRTSFGYSYGNIDYW_CQTWGTGILVF;CAKDELASYGGVGYYW_CQSADSSGTYFWVF;CAREPKHSGYCSSTSCYIGNWFDPW_CQSYDSSLSGNVVF;CARASWDSSSWGLGFDPW_CQAWDSSTGVF;CARTRVRGVISPFDYW_CQQANSFPPTF;CTREYYDFWSGDYW_CQQYDNLPLTF;CARDGGRGSGWSTPDYW_CNSRDSSGNHVVF;CARHYDFWSGDNPYWYYYYGMDVW_CQQYGSSPPWTF;CTTTTADIVVVPAAIQTVDYW_CQQYDNLPLTF;CAIMVRGVIGSYYYYGMDVW_CQQSYSTTWTF;CAKDNGYGGNSLQHW_CCSYAGSSTLVF;NA_CQQSYNTLWSF;CARARYRRDGYHNLYAFDIW_NA;CARGFSETGPGYKRFYYYFDLW_CQQYGSSPQTF;CARVKGDYYYYYGMDVW_CMQALQTPHTF;CARDPPLYSSGWFTGDYW_CQQYNSYPRTF;CAKDGGEHRGNDYW_CQVWDSSSDHYVF;CARGYDFWSGYLPHYGMDVW_CQVWDSSSDHPGVF;CARETKQYIDYRSPTVGRPYDYYYGMDVW_CLLFYGGAQLGVF;CAKGVWESTTEDAFDIW_CQQYNSYSPFTF;CAKDQGYCSSTSCYPYYYGMDVW_CQAWDSSTVVF;CARLGGYDSTFDYW_CSSYTSSSTYVF;CARVAAAGTYFDYW_CQQYGSSPETF;CARINQHGSGTYSPDYYYYGIDVW_CMQALQTPMYTF;CARKSIAAAGLPYYYYYGMDVW_CMQALQTRFTF;CAQGGYSYGYYDYW_CAAWDDSLNGVVF;CARQRGGTAVPVYYFDYW_CQQYGSSPLYTF;CARALYYDSSGYQPNRYYFDYW_CQSYDSSLSGYVVF;CTRALNSNHFDYW_CQQANSFPLTF;CARVTDPDAFDIW_CNSRDSSGNHYVF;CARSAWHPAATGGMDVW_CLQDYNYPYTF;CARVSLVVPQQFDYW_CQAWDSSTVVF;CAKVPGYSTGWYYFDYW_CQQCDSSPEWTF;CAKDSTCSSTSCYRGYYYYGMDVW_CQQYYSYPITF;CARGRNGGNRFDWFDPW_CQSYDSSLSGSGVF;CARGKNWFDPW_CQQYGSSPLTF;CASGYSSGRPDYW_CQQYDNLPITF;CARLSDGDYTFDYW_CQQYNSYWTF;CARGGTAGYSYGYAYW_CQAWDSSTAVVF;CAKDIVVVPAAPITLYYYYGMDVW_CMQALQTSFTF;CARWRLYYDSRGYYYGMFDYW_CQQSYDTPLTF;CARSRRIVGATSFDWFDPW_CQQYNSYSRTF;CASEDSGYGGGFDYW_CQSYDSSLSEGVF;CAHGRDYDSSSLPFDYW_CQQYNSYPYTF;CARAGAYYYGSAIDYW_CQQYGSSPGLTF;CAKGSSHSGGWFDPW_CQQYNSYWTF;CARDLLRAYSSSSTSSIDYW_CQQYYSYPRTF;CAKDVSGYLDAFDIW_CGTWDSSLSAGWVF;CAREGSRYFDYW_CQVWDSSSDHYVF;CASHDSSGYYLLDYW_CQVWDSSSDHVVF;CARYCSSTSCYTTYYYYYYGMDVW_CQQYYSYPLTF	0	NA
8	1	CARGTPGWYW_CQQYGSSPTF	9	14	CARSGTTYYDILTGYYNYW_CQQYGSSRWTF;CARGNDYYGSGEFDYW_CSSYTSSSTLVF;CARDGDTAMVINYFDYW_CQSADSSGTYWVF;CARGKGEGRYYYDSSGYYYFDYW_CQQRSNWPPLTF;CARNKQHIVGATLHTHYSNWFDPW_NA;CARTSRGLIAAAAAVDYW_NA;CAKRGGLMVRGVAVDYW_CQQYYSYPWTF;CAKGGWFGELLFRLDYW_CQQYDNLLTF;CARRLAYNGNWDYGDFDYW_CCSYSKTATF;CARERPRGAAETW_CQAWDSSTWVF;NA_CQQRSNWPPYTF;NA_CCSYAGSSTVVF;CARDSKQQLADNWFDPW_CQAWDSSTLVVF;CARLWVFLTMVRGPDFDLW_CHQSSSLPLTF	0	NA
8	1	CARGTPGWYW_CQQYGSSPTF	15	98	CAKDFHRLTLLRYCSGGSCYSAFDIW_CCSYAGSSTYVF;CAKRPDTTGRSWYFDYW_CQQYNNWLWTF;CAKFDIAAADTGKGEDYW_CMQGTHWPPLTF;CAKDSLFDRIILIATDIW_CAAWDDSLNGWVF;CAKYPSFSSRRWYFDLW_CQQYNNWPPPYTF;CAKLPSYSYGPFDYW_CQVWDSSSDHPVF;CAKDRQQLVIDAFDIW_CQQANSFSYTF;CARRRYYGGNSNKGWYFDLW_CQQRSNWRTF;CAKVLGFGPHYDILTGYYPFDYW_CQQSYSTPLTF;CASVQWLVDYW_CQQSYSTPMYTF;CAKDQSPSAKNGDYVSFDYW_CMQALQKTF;CAKDLRFLEWLLPYYYGMDVW_CMQALQTPWTF;CAKDPNYWRYFDWLTGYYFDYW_CQQRSNWPPWTF;CARDGGFGGSWLDPW_CQQRSHFRTF;CAKGEQFIAVNNWFDPW_CQQRSNWPITF;CAKDIRGNSWYGDSEGIW_CMQGTHWPYTF;CASGMVDFDYW_CMQGTHWPPTF;CAKGDSRYWYFDLW_CQQRSNWPLTF;CARGSISSQRWFGPW_CQQYNYYYTF;CAKWGHSSWYDNWFDPW_CQSADSSGTYVVF;CARGGAVLRYFDWEPQGPLEDNWFDPW_CQQRSNTWTF;CARNMASGMDVW_CQQRSNWPLFLTF;CAKMGASRWGPSYYFDCW_CQQYGSSPRTF;CAHRPLDILTGYRVDYFDYW_CQQSYSTLGTF;CAKDHPTNWFDPW_CQQYYSYPRTF;CAKAQNYYDSSGYYPFDYW_CQVWDSSSDHSVVF;CAKAPESSAYYGPDYW_CAAWDDSLSGHWVF;CAKGATSCAYW_CQQSYSTPRTF;CARGRLGGYSLPGFDYW_CNSRDSSGNHVVF;CARAIWYYDILTGYYSYYGMDVW_CSSYAGSNNLEVF;CARARGDFWSGYTHWYFDLW_CQQRSNWPPWYTF;CAKASARYCSGGSCYGTAFDIW_CQQSYSTPVF;CAKFHDSSGYYYLYGFDYW_CQAWDSSTYVF;CAKGAAASRTDYW_CQQSYSTPPYTF;CAQTGILTGYPRVGNAFDIW_CQQRSNWLGFTF;CAKDEWERGAFDIW_CQQYNSYSPWTF;CAKADLLYSGSYGAW_CQQSYSTPYTF;CAKDGIVVVTAIKFGHGMDVW_CQQANSFPYTF;CAKRLDYW_CMQATQFPYTF;CANISPPPRYYGSGSYYNFAFDIW_CQQLNSYPFTF;CAKDYDSGSYYEGGAFDIW_CQQRSNWPLTF;CAKEDYNSGSCLDYW_CQQLNSYPQVTF;CAQIAAAGTMGFDYW_CQQRSNWPSLTF;CAKVRGIVGATPCYFDYW_CQVWDSSSDHPVF;CTTEVCSGYDCDLGDYW_CQQRSNWPTF;CARSVDTAMGNAHDW_CQQYGSSPPTF;CAKDRGYRGDYSNWFDPW_CQQYNSYPRTF;CARDRPPYSNYVIYGMDVW_CQQRSNWPPLTF;CAKPSIVATIWAFDYW_CQQYDNLPPITF;CARDHKQWRVSYVWFDPW_CQQRNTWPRPTF;CAKGRYSSSWYEDWYFDLW_CQQRSNWPPLTF;CARDISKGAAGTGDWFDPW_CQQRSNWPLTF;CAKDAEGQGPVLLWLGGMDVW_CQQYNSYSYTF;CATGIAVAGTLGYYGMDVW_CQQYNNWPRFTF;CAKGTHYYGSGSMWGMDVW_CQQRSNWPPYTF;CAREGEITMIVANDAFDIW_CQQSYSTPPTF;CATSDWSW_CQQRINWPITF;CAKASVAVAGTGGMDVW_CQVWDSSSDHVVF;CAKFFVVLSFWSGYYDYW_CQQLNSYPQTF;CAKGRNFVVVTAICDYW_CQQYGSSPLTF;CAKSLKLFAIDYW_CQSADSSGTYWVF;CANDRDASSAWYGPVGYW_CQQHYSTPGTF;CAKGGYCSGGSCPLDYYYGMDVW_CMQALQTPLTF;CARARSSGWYHYW_CQQRSNWPPTF;CAKDHDEGATTYFDYW_CQAWDSSTVVF;CAKDSRYSLLIAVAGTEDYW_CQQRSNWPWTF;CAKDRGPAEKYYYDSSGTQLIGAFDIW_CQQYYSYPPGTF;CAKVEGIWFGELSDFYYYYGMDVW_CQQRSNWPLTF;CAKALHAAVVGPAAIPFDYW_CSSYVGSNNYVF;CAKDHLMITFGGVGQGVPWFDPW_CQKYNSAPRTF;CAKAEGVKYNWNYGDYW_CQQSGSSPPTF;CATDLNLAVAGEGGYW_CQQRSNWPLTF;CARDSYDFWSGYTPPNYYYYYGMDVW_CQQRSNWYTF;CAKETLGAVDYW_CCSYAGSSRVF;CAKAAMVRGVIDWYFDLW_CQQYYSYPPFTF;CASATTVSHW_CQQRSNWPLTF;CAKGGGADFDHW_CQQYSIWPLSF;CAKDRDGYNADDAFDIW_CQQSYSTPLTF;CAKSYGSGSYYRTSEYYFDYW_CQQYNNWPPGTF;CARDCSSTSCLAYW_CQLRSNWPTF;CAKRDSSSWGWDRGAFDIW_CQQLNSYPGFTF;CAKGFDYYGSGSYSPFDYW_CQQYNNWPPEYTF;CARHEKGIAAAVYYFDYW_CQQRSNWPLTF;CAKDGRWELGTFDIW_CQQYDNLPQF;CAKDRRLGPWIPDYW_CQQYDNLPQAF;CAKDVTDGYNIPYYFDSW_CQQRSNWPLTF;CAKDRCTITSCSYQNW_CMQALQIPPTF;CAKDRSFDYPDYW_CQQYYSFPYTF;CTSWAIPQALTDYYYYGMDVW_CQQRSNWPPSITF;CAKLGEEDGSGSPSYYYYGMDVW_CQQYNNWPPLTF;CAKILYSSGWWGGAFDIW_CQQYNSYPLTF;CAKDDDRGYGWFGELLGRYGMDVW_CQQRSNWLLTF;CAKDKASSWQDRYYYYGMDVW_CVLYMGSGIRVF;CAKVGVGATSHFDYW_CQQSYSTPRYTF;CAKDLPRSVVVTANSYYYGMDVW_CQQYNSYPVTF;CTTPTWGNYYYYGMDVW_CQQRSTGRDTF;CARVFRRYGSGSYYNLW_CQQRSNWLTF;CARDPGDYVEIEWYFDLW_CQQRSNWPRLTF	0	NA
8	1	CARGTPGWYW_CQQYGSSPTF	16	68	CARQVGVGKWYLEDW_CCSYASGDNLVF;CARLIKYSGSYEMVDYW_CAAWDDSLNGYYVF;CARGGFITMIGYGMDVW_CQQYDNLPFTF;CARDLRWCSGGSCYGNYYGMDVW_CAAWDDSLNGQVF;CARDGRDYYDSSGYYYDDAFDIW_CQSADSSGTVVF;CARDHPLMVRENLGFDPW_CAAWDDSLNGPVF;CARDLRNYYDFWSGSPNPKINWFDPW_CQKYNSAPLTF;CARDLPAARYGDYGGFDYW_CAAWDDSLNGVVF;CARDLFPIQYGSEPYGMDVW_CQQYGSSPRTF;CARDIGPLDVW_CQVWDSSSDHRVF;CARDQGDGDYGAFDIW_CQQSYSTSSWTF;CARILEIVDPSGSYQYYFDYW_CGTWDSSLSAVVF;CARDGHYSGSYYVGYW_CCSYAGSYTYWVF;CAREEYSSSWHPYYFDYW_CGTWDSSLSAYVF;CAKDFRGWFDPW_CATWDDSLNGWVF;CARDRSGGSWFDPW_CVLYMGSGVF;CARASTAAYYYYYYGMDVW_CAAWDDSLNGHVVF;CAHHLSFGGNWAFAHW_CAAWDDSLNGSYVF;CASNLGYCSSISCYGFDYW_CQQYGSSPLYTF;CAKELPYYDSSGGPEYW_CAAWDDSLNGWVF;CARGEDYYGSGSYYGMDVW_CQAWDSNTVIF;CARVLGITGTTRRFDYW_CQQYYSYPFTF;CARDREQLAPFDYW_CQSADSSGTYVF;CAKDLIDTMIVVVITPPFDYW_CAAWDDSLNWVF;CARGGHLWSEEVMNRFYYYLGMDVW_CGAWDGSLNGYVF;CARDGYSGYDRADYYYYYGMDVW_CQSYDSSLSGSRVF;CARDHIAVAATPAEYYYYGMDVW_CQAWDSSTVVF;CARARDRQGAYYYGSGSYVPYYYYGMDVW_CCSYAGSSPWVF;CARQNFDILTGYSIDYW_CAAWDDSLNGLYVF;CARDNSGSYVVEYYFDYW_CAAWDDSLNGWVF;CARQYVEWLREMDVW_CAAWDDRLNGWVF;CARNYYYDSSGSGFDYW_CQQANSFPPTF;CAHRHHCSSTSCSPWDDWFDPW_CAAWDDSLNGPVF;CARQNFDILTGYSIDYW_CAAWDDSLNGLYVF;CAKTQVDGKALWFEPW_CATWDSILSGWIF;CARELLWFGEGINWFDPW_CAAWDDSLNGVVF;CARHNTITLRYFDWTKLGYFDLW_CAAWDDSLNGVVF;CARDRYDYGDYPAEYFQHW_CAAWDDSLNGVVF;CAREQLGGFDYW_CAAWDDSLSVVVF;CAIIPLATPVTIIMDYW_CMQSIQLPPQPTF;CAREQQLVPYYYYGMDVW_CAAWDDSLNGWVF;CARDGAGHYGSGSYFGSW_CATWDDSLNGFVIF;CASRTNHYYDIQRHYW_CQQSYSTPGVTF;CARHIMVRGVPPNFDYW_CAAWDDSLNGPVF;CASTGGGSYPILNW_CQQYYSYPLTF;CARGGPYPINSGYYYEVDYW_CAAWDDSLNGRYVF;CARGPNDAFDVW_CQQYARSPPWTF;CAHHASFGGNWAFAHW_CAAWDDSLNGSYVF;CARDRGYGSGSYFSGFDYW_CQQYNNWPPRTF;CARERGMYSSGWYNWFDPW_CQQYYSYPYTF;CARGGDGYNYHPYW_CQKYNSAPTF;CAKDSIPIYDSSGTTFDYW_CAAWDDSLNGWVF;CARDQRSYADYW_CQQYYSYPQTF;CARDLQRGYSYGYW_CAAWDDSLNGVVF;CARDIHGNGALYYYYGMDVW_CAAWDDSLNGLYVF;CARDNIVVVPAAMFEASDYYYGMDVW_CMQALQTPYTF;CARDELRQLVLW_CQSYDSSNPWVF;CARSYGSGSYPRPSPLAWFDPW_CAAWDDSLNGPVF;CARDLIGFGASFDYW_CQQYNNWPPYTF;CARMMGTYYGDHPTIVGYFDYW_CQQYNNWPLTF;CARDGLDYDSNAIDYW_CQQYDNLPYTF;CARHGGDCGLDCYSNWFDPW_CQHWTF;CAREPADSSSLW_CQSYDSSNWVF;CARSGQWLEGWFDPW_CQQYNSYSPTF;CAREGREGGGFDYW_CAAWDDSLSGWVF;CARFVPGGYDGFDIW_CASWDKNLNAFVF;CARDPVPVILGYCSGGRCSPLDYW_CQNYNSAPRTF;CAKDWDDYDSESGVYNYYGMDVW_CSAWDDSLNGVVF	0	NA
8	1	CARGTPGWYW_CQQYGSSPTF	17	1	CARHGINYYDSSGYSGNDAFDIW_CQQYDNLFTF	0	NA
8	1	CARGTPGWYW_CQQYGSSPTF	18	55	CARETTPVVTASTYYYYYGMDVW_CSSYTSSSTWVF;CARDWVRGVNDMDVW_CSSYTSSSTRVF;CTRPQRKWELPYPDAFDIW_CSSYTSSSTLF;CARGGAAVTTYYYYFYGMDAW_CCSYSSTNTLYVF;CARDGSGYLEQYYFDYW_CAAWDDSLNGYVF;CARGQGRTTSDYW_CSSYTSSSTLVVF;CARDPITMVRGVIISGWYFDLW_CSSYTSSSTLDVVF;CAKGADPYYDFWSGYSELFPLGMDVW_CSSYTSSSTVVF;CAREFKSFWSGYGDYYYGMDVW_CSSYTSSSTRVF;CARVVDDYYDSSGRYYFDYW_CSSYTSSSTQVF;CARHPFRVFGGWRDYW_CSSYTSSSTLWVF;CTGPDRMAYYDSSGYWEGVLDYW_CSSYTSSSPLYVF;CTRCGSSWTSYTMYDW_CSSYTGSRLYVF;CAKASLYGSGSYPPKYW_CSSYTSSSTYVF;CARDRPALWFGELHGMDVW_CSSYTSSSTLVF;CAKDHWEYYWYFDLW_CSSYTSSSTLVF;CARQISILRLLVWFDPW_CSSYTSSRGVF;CARHSPPRLWFGAFNYYYGMDVW_CSSYTGSSTLVF;CARRIAVAATVTGAMDVW_CTSYTSSSTLVF;CARYYDILTGYYYDYFDYW_CSSYTSSSTSF;CAKDPRLGPYFDYW_CSSYTSSSTRVF;CARILSDYYDSIGAFDYW_CSSYTSSSTPVVF;CARDRVAIMRGIKPNGMDVW_CQQLNSYPQTF;CARELTGDRDYW_CNSYTRSSTYVF;CARVNTMVRGLSTTKYYYPMDVW_CSSYTLSILIF;CARGGLPLGYCSGGSCSRRYYGMDVW_CSSYTSSSTLVVF;CARVEYGDYSGWFDPW_CSSYTSSSTWVF;CARGINYCSGGSCYYYYYYGMDVW_CSSYTSSSTLEGVF;CAREGPSRPAANYW_CSSYTSSSTEVF;CVRDQGSGGNYFDPW_CSSYTSSSLYVF;CARDDYYYDSSGYYPRFDYW_CSSYTSSSTLGVF;CARGSRYSYGDPCFDYW_CSSYTSSSTPVVVF;CARYYQDRFDYW_CSSYTSSSTLEVF;CARGPYDILTGSIYYYGMDVW_CSSYTSSSTLIF;CARDLGWSEGNYYYYGMDVW_CSSYTSSSTYVF;CAYDSSGYSLDYW_CQQYGSSPF;CARDQGTAAKPLDYW_CSSYTSSSTRVF;CARGGYSGYESDYW_CSSYTSSSTRVF;CARSSVGRQWPKGMDVW_CSSYTSSSTLAF;CAKDIRGRMATIMSW_CSSYTSSSTLVVF;CARVELHYYYYYGMDVW_CSSYTSSSTLF;CARGMIVVVMRYGMDVW_CSSYTSSSPVVF;CAKGILRYFDWHLEGMDVW_CSSYRNISTVF;CAKDIVSYSNYVLSNW_CSSYTSSSTQHVVF;CARHGSYLGYFQHW_CSSYTSSSTVVF;CAKDKGPDYYYGMDVW_CSSYTSSSTLYVF;CARSMVRGKYRAEYFQHW_CSSYTSSSTLNVVF;CATLSGMDVW_CSSYTSSSTLVVF;CAREGRPPRKPKNNWFDPW_CSSYAGSNNLVF;CARGYSYGPFDYW_CSSYTSSSTLVVF;CASPITTVTTRGAFDIW_CSSYTSSSTFYVF;CAETSYCSGGSCPMSEYGPVFDPW_CSSYTSSSTPWVF;CAKDCGEPWYNWNDGIGYW_CSSYTSSSTWVF;CARDSRLGGVDPW_CSSYTSSSTRVF;CAKAPGGYNWDNYHYYYFAMDVW_CSSYTSSSTLYVF	0	NA
8	1	CARGTPGWYW_CQQYGSSPTF	20	44	CARDQEYSSGWDGPDYYYYYGMDVW_CQQSYSTPQTF;CARDDRFGGDTLGWFDPW_CQSYDSSLSGSGYVF;CAREGWGLGYCSSTSCYTGPFGYW_CQQYGSSPPYTF;CARDRLDGYNSFYYGMDVW_CQSYDSSLSGSVF;CARDAGRDGNEYYFDYW_CQQYNSYLYTF;CARDRGQWLVREEDYYYGMDVW_CQQYYSTPLTF;CARIWAVAADHSFDYW_CQQYNNWPPWTF;CARDKGATFDYW_CQQSYSTPYTF;CARDRWSLHIVGASPRGPSFDYW_CQQANSFPVTF;CASGSSDRYSSGWYWGYFDYW_CQAWDSSTVVF;CARAEIYGSGSKYYYYGMDVW_CQSADSSGTYYVF;CARGPDRFSGSYDNWFDPW_CQHTRAF;CARDIVRDFDWPGVGYW_CAAWDDSLNGYVF;CARGWSGYSSSLHPYYFDYW_CCSYAGSSTTLVF;CARDLYSGYSYGSAVYW_CQQRSNWPIF;CARESPFGGQSVAVGGTPDYW_CCSYAGSGTFVF;CARGPGYCSGGSCYGMFDYW_CQSADSSGTYVVF;CARGTRRDGYNLIYW_CQQYDNPPLTF;CARAVPARPEYCGGDCYIYYYGMDVW_CQSADSSGTYWVF;CVLYYGSGSYYRFDYW_CQSYDSSLSAVF;CARDSSSPATRHFDYW_CMQATQFPYTF;CARGRGRYYDSSGEW_CQQYNSYPYTF;CARESRPTVTTRTTSGMDVW_CLQHNSYPRTF;CARDIGYSSGWYWTPGVNYYYGMDVW_CQQYGSSPWTF;CARDRGVGARHFDYW_CQQYNNWPPWTF;CGRAAISVLRKMPPTFW_CQQYGSSPYTF;CARETYYYDSSGYYGPHAFDIW_CLLSYSGARVF;CARDSEIFGSSWYSYFDYW_CQQYNSYSYTF;CARTYVWGEVDYYYYGMDVW_CLQHNSYPWTF;CARVYSYGYRYFDYW_CQQSYSTLWTF;CARDGGYSYGYAQGYYGMDVW_CQSADSSGTHVVF;CARDRSAERRGYFDYW_CNSRDSSGNHYVF;CARVKSGGSSSLRQDAFDIW_CQQRSNWPYTF;CAREDSSGWLEFPNWFDPW_CCSYAGSSTYVF;CAREGEQWLDGAFDYW_CQSADSSGTYKVF;CARDGGGWYGLVDYW_CQQYNNWPLTF;CARGNDAFDIW_CQQYNSYSGTF;CARDGKPSKTFDYW_CQQSYSTPLTF;CARDCGGPVTTTTNDAFDIW_CQQYYSYPRTF;CARDCDGGCDYW_CQSADSSGTYRVF;CARGGDYYYGMDVW_CQQYNNWPLTF;CARALSLGPRTYYYDSPQRGHDAFDIW_CQQSYSTSWTF;CARGETYYYDSSGYYWGYYFDYW_CQQYNSYPLTF;CARDQQWLGDFDYW_CSSYAGSNNLWVF	0	NA
8	1	CARGTPGWYW_CQQYGSSPTF	21	37	CARDRDGAFAIW_CAIWYSNTHVIF;CASRVHGLVTVTTGGAFDIW_CQQYYSYPPAF;CARGGDPTWFDPW_CCSYAGSSIVVF;CARAGAVARGYFDYW_CQQYYSFPPTF;CARGRGAAAGTSILNYW_CQQYYSTPLGF;CARGGRVWSQATPTKNWFDPW_CQQYNNWPPWTF;CARKSGPPQYRYFDYW_CQQSYSTPLHF;CARGVGGCSSTSCYTRGYYGMDVW_CQQANSFLTF;CARGVRVAPIDYW_CAAWDDSLWVF;CARGPVYYYGSGSYYYFDYW_CLQDYNYPFTF;CARGTRGRSSGYYSNW_CQQYNNWPPYTF;CARGRSSGYYPHFDYW_CNSRDSSGNHYVF;CARGGRYCSGGSCYNWFDPW_CLQDYNYPWTF;CARVDNVWTTWGYW_CQQSYSTPPTF;CARDRVHDYVWGSYRDLDYW_CQQSYSTLMYTF;CARGPIVVVIAASPYYYYGMDVW_CQQRSNWPPGCTF;CARRYSYGYKRLSGWIWYFDLW_CAAWDDSLNGYVF;CASSGWFDPW_CAAWDDSLSGRVF;CARSLGPEFYYFDYW_CQQSYSTPWTF;CARGMGSSSWYPNTKLVNWFDPW_CQQYYSTPPTF;CARGEYGDYAFDYW_CAAWDDSLNGYVF;CARGTIAVAGKRYYYFDYW_CQVWDSSSDHHVVF;CARALYYDILTGYYPRYYFDYW_CQQLNSYPITF;CARGSGYYVGSYFDYW_CNSRDSSGNHPPVVF;CARDLPAVYYYGMDVW_CQQSYSTLFTF;CARGNTRLRGYSYGLQMARGGYGMDVW_CQQYGSSPGTF;CASSAPPYGHFDYW_CNSRDSSGNHVVF;CARSVTGTMGIYYYGMDVW_CQQYGSSRGTF;CARGRGYYGSGSYFSFSYYYGMDVW_CAAWDDSLNGQVF;CARDRRGYSYGYPWFDPW_CNSRDSSGNHRVF;CARGRVYGDYVFWFDPW_CQQSYSTPLTF;CARAYGMDVW_CQKYNSAPYTF;CARGTRGRSSGYYSNW_CQQYNNWPPYTF;CASLERVRRFYYYYGMDVW_CLLYYGGARVF;CARYNWNLNFDYW_CAAWDDSLNANYVF;CSIHPYYYDSSSHSEYFQHW_CQQYDNLPPAF;CARGSPYCSGGSCYLNWFDPW_CQQYYSYPRTF	0	NA
8	1	CARGTPGWYW_CQQYGSSPTF	22	30	CARDEGIAARTRGETHYYYYGMDVW_CQQYYSTPYTF;CAREPPDLTMVRTKGVRWFDPW_CQQYYSNPLTF;CARDEMVRRDGYNFAFDIW_CQQYYSTPPLTF;CAKDGIVFYGSGSYNDYW_CQQYYETPTF;CARVRGAFGEPPPYNWFDPW_CQSADSSGTYYVF;CARGGLYSSSWSVHSTFQHW_CQQYGSSPRTF;CARDLGARDGYNKFDYW_CQQYYSTPALTF;CAHTPGSGQKGSIYW_CQQYYSTPWTF;CARLGPYGSGSYSPVDYW_CQQYYSNPQAF;CARGAAAGTLDAFDIW_CQQYYSTPLTF;CAADRIRGSSANYDYGMDVW_CQQYYSLRTF;CTRGGGALGNW_CQQYYSIPWTF;CARGPGIYGDYGGGRPGYFDYW_CQQYYSTPPITF;CARGPSRSYNVYYFDYW_CQQYYSTGTF;CARGRGARYDYGYGLVPNYFDYW_CQQHSSSPPTF;CARGPMTTVATPRTQYFQFW_CQQYYSTPWTF;CSKDWAATGREIGYW_CQQYYRTPYTF;CARRDCSGGSTQSLPQRHLTCYYGMDVW_CQQYYSTLYTF;CARDQYSSGWYLGGWGYFDYW_CQQYYSTLRTF;CARGVVGHPHLIDFW_CQQYYHMGTF;CARQDCSGGSCYLDYW_CQVWDSSSDHPVF;CAKGYSSSWYYNYGMDVW_CQQYYSTPTF;CARDRYFGPW_CQQYYSTPWTF;CARITMIGGAFDIW_CQQYYSTPSITF;CVRGGSGTLSWYDSW_CQQYLSSPDTF;CTRDLLVNWNDPGLISYYNSFDVW_CQQYYNSPRTF;CARSDDNGDYVFNYW_CQQYYSTPPTF;CARELASHLGDYFDYW_CQQYYSTPPKTF;CARKARQWEVAIDSW_CHQYYTTPLF;CSVYDSSGYLYGAFDIW_CQQYYSTPLTF	0	NA
9	14	CARSGTTYYDILTGYYNYW_CQQYGSSRWTF;CARGNDYYGSGEFDYW_CSSYTSSSTLVF;CARDGDTAMVINYFDYW_CQSADSSGTYWVF;CARGKGEGRYYYDSSGYYYFDYW_CQQRSNWPPLTF;CARNKQHIVGATLHTHYSNWFDPW_NA;CARTSRGLIAAAAAVDYW_NA;CAKRGGLMVRGVAVDYW_CQQYYSYPWTF;CAKGGWFGELLFRLDYW_CQQYDNLLTF;CARRLAYNGNWDYGDFDYW_CCSYSKTATF;CARERPRGAAETW_CQAWDSSTWVF;NA_CQQRSNWPPYTF;NA_CCSYAGSSTVVF;CARDSKQQLADNWFDPW_CQAWDSSTLVVF;CARLWVFLTMVRGPDFDLW_CHQSSSLPLTF	1	1	CARDPHYYDSSGYYYWYFDLW_CSSYAGSNNPYVF	0	NA
9	14	CARSGTTYYDILTGYYNYW_CQQYGSSRWTF;CARGNDYYGSGEFDYW_CSSYTSSSTLVF;CARDGDTAMVINYFDYW_CQSADSSGTYWVF;CARGKGEGRYYYDSSGYYYFDYW_CQQRSNWPPLTF;CARNKQHIVGATLHTHYSNWFDPW_NA;CARTSRGLIAAAAAVDYW_NA;CAKRGGLMVRGVAVDYW_CQQYYSYPWTF;CAKGGWFGELLFRLDYW_CQQYDNLLTF;CARRLAYNGNWDYGDFDYW_CCSYSKTATF;CARERPRGAAETW_CQAWDSSTWVF;NA_CQQRSNWPPYTF;NA_CCSYAGSSTVVF;CARDSKQQLADNWFDPW_CQAWDSSTLVVF;CARLWVFLTMVRGPDFDLW_CHQSSSLPLTF	2	2	CAREVVLMVHRRGGLNMDVW_CQQYYSTPLTF;NA_CQQANSFPLTF	0	NA
9	14	CARSGTTYYDILTGYYNYW_CQQYGSSRWTF;CARGNDYYGSGEFDYW_CSSYTSSSTLVF;CARDGDTAMVINYFDYW_CQSADSSGTYWVF;CARGKGEGRYYYDSSGYYYFDYW_CQQRSNWPPLTF;CARNKQHIVGATLHTHYSNWFDPW_NA;CARTSRGLIAAAAAVDYW_NA;CAKRGGLMVRGVAVDYW_CQQYYSYPWTF;CAKGGWFGELLFRLDYW_CQQYDNLLTF;CARRLAYNGNWDYGDFDYW_CCSYSKTATF;CARERPRGAAETW_CQAWDSSTWVF;NA_CQQRSNWPPYTF;NA_CCSYAGSSTVVF;CARDSKQQLADNWFDPW_CQAWDSSTLVVF;CARLWVFLTMVRGPDFDLW_CHQSSSLPLTF	5	441	NA_CQQYDELPVTF;CATTYYYDSSGYYQNDAFDIW_CQQYYSYPRTF;CAREIEGDGVFEIW_CMIWHSSAWVV;CARHIRGNRFGNDAFDIW_CQQYYSFPYTF;CARRLITMIEGGAFDIW_CQVWDSSSDHVVF;CAKVMIEHPSNRGHFDYW_CMQALQTPYTF;CTTDDEKRPYSGSYLPFDYW_CQSYDSSNVVF;CARGGRVSVAVYWDYYYYGMDVW_CQKYNSAPFTF;CAHSAQYYDILTGYYKAPWGGAFDIW_CQQYNSYSWTF;CARDDFGGATFYSSFDYW_CQQSYSTPYTF;CARAAKIFGVVTAFDIW_CQQYGSSPWTF;CVKDYSTSGWYYFDFW_CQQYGSSLPYTF;CARVVPAAFYGMDVW_CQQYGSSLFTF;CAGGSGYCTNGVCYPRGFDYYYGMDVW_CAAWDDSPPWVF;CAKDDTAMVTADFFDYW_CQTWGTGIWVF;CARTPRWLQCFDYW_CQQYNSYSWTF;CARDQWLAYYFDYW_CQSYDSSNHWVF;CAHRYYSNIDYW_CMQGTHWPWTF;CARDWGYYDSSGYSPRGYYYYYGMDVW_CQQLNSYSFTF;CAKDRVGYGDYVDYW_CQQYNNWPPWTF;CARLGSSPYYW_CQSYDSSLSGYVF;CTRYYGDVW_CQQYYSFPWTF;CAKDHYYDSSGYYSGLGYW_CQSADSSGTYRVVF;CATGLVVPAAILYGMDVW_CQQYGSSRGLTF;CAKDDGDAAAGLIYW_CAAWDDSLSGVVF;CAKDGGGEEALELPDYW_CGTWDSSLSAVVF;CATLRYPSLGVDYW_CHQYNNWPFTF;CARKDSSGSDAFDLW_CQQSYSTPYTF;CARDVVQLWYQIDYW_CQQSYSTPPNTF;CAKYVDTAMNQFDPW_CQQANSFPITF;CARGLHYYDSSGRSLYYFDYW_CQQYGSSPPGQTF;CANQPPSLYW_CQQYNNWPGTF;CARVGYDYVWGSYRYTGVMDVW_CSSYAGSSYVF;CARGRPYYYDSSGYPYDAFDIW_CMQALQTPLTF;CAKERVVTAIPVVIFDYW_CQQSYSTPRLTF;CARPYGDYAYFDYW_CQSYDSSLSGYVF;CARDWWERQDSKRPDYFDSW_CQQTNSFPITF;CARHSNDGSDYFDYW_CQESYGALLTYTF;CASTEIEMLVPRYCSSTSCYFVWFDPW_CGTWDSSLSAGHGVF;CASASSTGTDAFDIW_CQAWDSSTHVVF;CARDGSWYAAWFDPW_CQSYDSSLSGSVVF;CARDPSLGDPGWGYFDYW_CQQYNSYSTWTF;CVREMTGSFTGGLDPW_CMQGTHWPPTF;CAREVNTAMAYYYYYYGMDVW_CQQYGSSQWTF;CARERRGGGHYYDSSGYYLSDYW_CQQSYSTP;CARGGGYSSGWATREVVYW_CQSYDSSLGAVF;CAKVPTVTTFLGYYYGMDVW_CQQSYSTPWYTF;CARDLRPAANFDYW_CQVWDSSSDYVF;CARLSYSSSWYYFDYW_CQQSYSTLYTF;CARVPKVRYCSSTSCYKDYYYGMDVW_CQVWDSSSDSWVF;CATWHYYDSSGEDGMDVW_CQQYNNWPRTF;CARGRSSWHLDYW_CMQALQTPFTF;CARDPWELHGFDYW_CQQYGSSSFTF;CAREAYYYGMDVW_CNSRDSSGNHNYVF;CARDRSVVTMVRGVIPFYW_CCSYAGSYTVVF;CARHEKMNYYDILTGYSPPYYYYYGMDVW_CQSYDSSLSAYVVF;CAHYQGIAVTGTWFDPW_CQSYDSSNVVF;CARESSSWFPYW_CQQSYSTPFTF;CARERDYSPGRYYGMDVW_CGTWDSSLSAGVF;CARHPTPAAMVGYYYYGMDVW_CQQANSFPLTF;CARDGPMTAIGGYGMDVW_CQSYGSLGGSVF;CAKGRTTEGTDAFDMW_CQQVHSYPITF;CAKDRSSLLWFGELLYMPEEYGMDVW_CQQYNNWPLTF;CTNYGMDVW_CSSYAGSNNWVF;CARVDSFAPNSGYGAQLLNWFDPW_CQQYNNWPLTF;CAREDYDTASFGYW_CQQYDNLPYTF;CAKDFGRGSYHRAEYFQHW_CQQYNNWPPWTF;CARGGSLPLITMIVGFFW_CQQYGSSPEYTF;CTREAEMATISIDYW_CQVWDSSSDHVVF;CARDAPIWDTAIVYW_CQQYGSSLPWTF;CARLLVSAYNWFDPW_CQQSYSIPAF;CARIPMTTVTSYGMDVW_CQQYGSSSITF;CARDDEWEPYDYW_CCSYAGSSTYVF;CTTVLRYFDWLLSDYGMDVW_CLLSYSGARGVF;CAIGTGIVGTTFPREYW_CMQALQTSWTF;CAKDMELGWLIDYW_CMQALQTPLTF;CARETVVTPQNAFDIW_CAAWDDSLNGYVF;CARERNIVVVPAAETFDYW_CQQYNNWPPLTF;CARIGFGEYDYGMDVW_CQSYDSSLSVVF;CARGVGATDFDYW_CQSYDSSLSGVVF;CARDPSNWGSFGYW_CQAWDSSTYVF;CARVDGYNYSFDYW_CQQYNNWWTF;CAKEPYGGNSFVYYFDYW_CQQYGSSPGLTF;CAKAEWGGTENYIPYYFDFW_CQSYDNNNLIF;CARSHCSSTSCYPNYYYGMDVW_CQQSYSTPRTF;CARDFGERYCSGGSCYSFDPYYYYGMDVW_CLQHNSYPWTF;CAKEYPGPGQLDDAFDIW_CQSYDSSLSGKVF;CARVDTAMVTGLAISPPWDYGMDVW_CQQYNSYPWTF;CAKDIGDGSGSNSQKRDYYYGMDVW_CQQSYSTPRTF;CATDPYNSGWFASLKNQVLYYW_CQQSYSTPQTF;CAREHTGGWLQRYIDYW_CQSADSSGTYPRVVF;CARGYCDSTSCYAVGYFDLW_CQTWGTGIVVF;CARDPDPNWSKDWFDPW_CQQYNNWPPLTF;CAKGRYSFGLDNFDYW_CQQDGNSPTF;CASRAVQSSGWRQDYYYGMDVW_CQSYDSSLSGVF;CAREASEGPW_CQSYDSSNSWVF;CARLGGYSSRGNWFDPW_CQQSYSTPPYTF;CARDPHHTFGGVLVW_CQKYNSARTF;CAGYYYDSSGYLSSFDIW_CQSYDSSLSVVF;CARLPYRYSGSSNDAFDIW_CAAWDDSLSGPVF;CARAGYGDYVGDFDYW_CQSADSSGTYVVF;CARDYYGSRSDSGMDVW_CQQSYTTPYTL;CAKDGREAAAGTDYYYGMDVW_CQAWDSSTVVF;CARDSPGWGSSGFYYGMDVW_CQQYGSSPRYTF;CARVSGDTMIVVVHRDGMDVW_CQQYNSYSVTF;CAKNLATTGSHW_CLQDYNYPRTF;CAKDGGRGVVIIFYFDYW_CQQYGSSPITF;CARGIAVVTLWGPFDIW_CQQYNNWPRTF;CARDRWVPAAVPHYYYYGMDVW_CQQANSFPLTF;CAREGAAGPPPGHYYYYGMDVW_CMQALQTPFTF;CAKQGHFTDTKRIDYW_CQQYDSYPITF;CAVIPVTGQEASLSAEYFQHW_CQQSYSTPFTF;CARDSPSSGSYGLFDYW_CQTWGTGIRRVF;CASPGGGLLWFGELFRSYFDYW_CVLYMGSGFWVF;CAHRPVSDDILTGYRYNWFDPW_CQSYDSSLSGSVVF;CARGFIGYNFDSW_CQQSYRTPITF;CAREEGYCSGGSCEYNYYYGMDVW_CQQYGSSLITF;CARGRRVFLALSYW_CQQYGSSPHTF;CARGAGRIGQVDVW_CQQYNNWHTF;CARGYYDSSGQSLDYYYYGMDVW_CQQYYSYPFTF;CARTGKNGSGSYWFDPW_CQQYRTF;CARTDIVATPDGGFDYW_CQTWGTGIHVVF;CAREGFYYYGSGSVSGGNWFDPW_CQVWDSSTVVF;CAKVPLGWGAAGGAYFDYW_CQQYGSSPATF;CARVGCSGDTCYSYDWFDPW_CGTWDSSLTAVVF;CARGGILTGKLSDYW_CQQYDNLPTF;CAHGLTGYYTYYFDYW_CQQYYSFPPTF;CARQVGANPFADYW_CAAWDDSLSGPVF;CSVYDAERGYFDYW_CCSYAGGDTSYYVF;CARLYGDYGDYW_CNSRDSSGNLFVVF;CARPYSSSWSPMDVW_CQSYDSSLSGHVVF;CARDKGYSSSWYIRSSWFDPW_CLLSYSGARLVF;CARAVCGDDCYLLDSW_CAAWDRSLGAVVF;CARTTTVVTGDAFDIW_CQSADSSGTYPVF;CAKGRGDYYYYGMDVW_CQQYDNLPITF;CTTGGALNYW_CQAWDSSTACVF;CARDLTTRDYSDAFDIW_CQQYGSSPRTF;CARAGLEINTPDSSGYYYGGGYFDYW_CQQYDNLPPRRFTF;CAKDHGYDFWSGYSDAFDIW_CQQSYSTPLYTF;CARESGYTNYYYYGMDVW_CQQYNSYPLTF;CARKYQLPYYYGMDVW_CQQSYNTPDTF;CARDSTYYYDSSGYPVSDAFDIW_CQQSYSTRRYTF;CAREVYSSSTNWFDPW_CQVWDSSTDVVF;CARANAEYSSSLLFDYW_CQSYDNSLSAYVF;CAHSPYDYVWGSYRQSWFDPW_CQAWDSSTVF;CTTIYYDILTGDYW_CMQALQTPITF;CARLDYDFWSGTPERMDVW_CQQYGSSPPWTF;CARVRKNWNYDLDDWYFDLW_CQVWDSSSDHYVF;CATRRVRGEGLAYW_CQQYNSYSRTF;CARNYDSSGYYVPPYFDYW_CQQYNNWPPYTF;CARDPANYFDYW_CQQSYSTLWTF;CAREESSSWYRYW_CQQYGSSPLTF;CARIVQGGSYLSGGIDYW_CMQSIQLLFTF;CARDRLIIRFLERPNWFDPW_CCSYAGSSTPVF;CAREYSNNWYFFDYW_CQQYAGSPLTF;CARVSGVGTSFAGFDPW_CQSADISATVF;CAREPTPRYSGSYRGFNYFDYW_CQQYYSFPLTF;CARAADYCTSASCPNEYFQHW_CQSYDSSLSVF;CARGRMTVHNDDSGFPEYLYYYGLDVW_CMQVMDNPRTL;CATSRVAVAGVDYW_CQSYDSSLSGVVF;CARDLGIAVAGRVEGYFDYW_CCSYAGSYTLVF;CARDVSNVLVIAVSPSWFDPW_CQQTYSIPYTF;CARDAPDRGSSWYSALFDYW_CQQYNNWPPTF;CARRDGGYCSSTSCSFDYW_CQQYNSYSPTF;CARAEIFGVVIQAFDYW_CQSYDSSLSGSVF;CVKKVIGFDDW_CQQSDTFGYTF;CAKGMDGSGSYYNKDGMDVW_CQAWDSSTGVF;CARVNGLLGEYYYGMDVW_CMQALQTPPNTF;CAKDWAVGWEFVDSW_CQQSHTVPLTF;CARDEGAAAYFDYW_CCSYAGSSTCWVF;CARAAGYCSSTSCYEIYYYYGMDVW_CQSYDSSLSVPF;CTRSYVLRFLEWFSPFDYW_CQQYGSSLWTF;CASSGSYQGNWFDPW_CQQSYSTPYTF;CARSPPRYDLSLVDAFDIW_CQQYNSYSTTF;CARETIAAAGSNFDYW_CQQSYSTPRTF;CARVSGYSYYFDYW_CQQLNSYLLTF;CATYIAAPRDYYYGMDVW_CMQALQTPYTF;CATGKTYSAPHAYYYFDYW_CQQANSFPRTF;CAKEVHSSGFDYW_CQSADSSGTYPWVF;CTTDHIVVVTAMIFGYYFDYW_CQQLNSPLTF;CAREGPTVTKFDYW_CQSYDSSLSGSVF;CEVKAAAGNFYW_CSSYAGSVVF;CAKDIEGGSGYYLTPGGFQHW_CCSYAGSSTFVVF;CARDAMAIGDYYYYGMDVW_CQQLNSYPSLTF;CARREGAGYDILTGSYYYYYGMDVW_CLLYYGGAQLGVF;CTTRLWRISQYYYDSSGYGHFDYW_CQSADSSGTYVF;CARTTLLAAAIDYW_CQQYYSFPYTF;CARAKAARPTPTYYYYYYGMDVW_CQAWDSSTGDVF;CARSGYDSSWVGYDFDYW_CQAWDSSTPVF;CAREGLEIDAFDIW_CQQSYSTPWTF;CAHTSAYYDSSGYYPPFDYW_CQQSYSTPLTF;CARATQDSSGWYGFWYFDYW_CQQYNNWPPTF;CARMLVVVAATGYYYYGMDVW_CQQYGSSQTF;CAREAYDSSAYSTIDYW_CQTWGTGIHVF;CATSLVVVPAAILRGGVGGHYYGMDVW_CGTWDSSLSAVVF;CARSAGSSGSFEYFQHW_CQQYGSSPLYTF;CARRLFLYSSSGYYFDSW_CQQASSFPPLSF;NA_CQQSYNTPRTF;CARGGGAVAGTIDFHYW_CCSYAGTDLWLF;CAKDRGYYDSSGYYYSDYGMDVW_CQSADSSGTYVF;CAKDGFGGASDHW_CQHYDRSPWTF;CARAIQMGCSDGSCLW_CQQYDNLPSYTF;CARKGRWLPDGDDAFDIW_CQQYYSYPLTF;CARAGLRSWFDPW_CMQSIQLPNTF;CARHSYGAYYYYGMDVW_CQQYGGSPLFTF;CAAGVMTARYDYW_CQQSYSTPLTF;CAHFMTTVTTGYFDPW_CIQVRQTPFTF;CAREGGGDILTTYYYYGMDVW_CQQYGSSTRALTF;CARGFGGGDYRSMDVW_CQQLITYPITF;CARTTYGGNSLNWFDPW_CQVWDSSSDHPVF;CARGYGSGNYYYYGMDVW_CMQALQTPWTF;CARSNYDILTGLDYW_CMQALQTPYTF;CAREDSGSYGYFDYW_CQQYNNWPQTF;CARRVLYYRFDPW_CNSRDSSGNHLF;CARGDYDYVWGSSPDAFDIW_CMQGTHWPLTF;CARDVRGYYYDSSGYSGEGYWW_CQQSYSTPYTF;CTRDRYSSSWYKGLYYYYGMDVW_CQQSYSTPYTF;CARVFFRVVYAMAYW_CQQYNNWPPMYTF;CASSLRYFDWTVNNWFDPW_CQQYGSSPQTF;CTRGYCSSTSCYTGWFDPW_CQAWDSSHVVF;CARDGRWELLGNQHW_CCSYAGSSTYVF;CARVYYDSSGYYYFDYW_CQQSYSTPWAF;CARGRVRWELLGDDAFDIW_CQQYDNLPLTF;CCTYVFVGIVPTIVDYW_CQQYNDWPPAGTF;CARDIQYYYDSSGYDAFDIW_CQQSYSTPWTF;CATSWGIAALYGMDVW_CNSRDSSGNPYVF;CAKDYPVAGDLDAFDIW_CCSYAGSSTWVF;CARANWDNWNDGLDYW_CGTWDSRLSSYVF;CARAGYCSSTSCSKEDVW_CQQSYSTPPRTF;CAREPLGGDYYYYYYGMDVW_CQQYGSSPTF;CARLSLRARFRGAFDIW_CCSYAGSYSVVF;CAHSLPSDIDYYYDSSGYSPSPPLFDYW_CQQYNNWPLTF;CASGYGGKTYYFDYW_CQQYGSSPGTF;CLGRELGHSW_CLQHNSYPWTF;CTAVLRYFDWLLMEAHENYYYYGMDVW_CQSADSSGGVF;CARDRSRWEFLYYFDYW_CQQYGSSGYTF;CARARYYDSNSYSYAW_CQTWGTGIWVF;CARLDYYDSSGYYDW_CQTWGTGIPVF;CARDYIAVAGPGENWFDPW_CQQSYSTRTF;CARDRGGYGVRWFDPW_CQQYDNLPPTF;CARRGNAIFGVVTHYYYYGMDVW_CMQALQTPLFTF;CSNYDILTGYYWFHYW_CQQYNNWPFTF;CASSFLDTSIVEYYFDYW_CATWDDSLSGLF;CARIVVVVTSRWFDPW_CQVWDSSSDHYVF;CARSLEWLDDYW_CQSYDSSLSGSVF;CARDAYGGYSFYYYGMDVW_CQQYGSSPFTF;CAGGSGSYYHLDPW_CQQANSFPYTF;CARPRLDYGDYGAGLGYW_CQKYNSAPFTF;CARDRGLRKKYFQHW_CQQYGSSPSTF;CVSQLYYLDGRGYYYDYYYDYW_CLQHHDYPWTF;CTTVSPYGDYVGVYFDYW_CQQYYSYPPTF;CAKDFMEYYYYGMDVW_CSAWDSSLSAVVF;CARSPGSGSYTW_CQQYGSSPLTF;CARLPYAGGPYYYYGMDVW_CMQRIEFPFTF;CARGKPRSLELWSFYYYYGMDVW_CQQSYSTPPTF;CAMGGYDSSGVQLDYW_CAAWDDSLSGYVF;CAHRYCSSTSCYGLGDWFDPW_CQSADSSGTYLVF;CARHSEGLGPVDYW_CGTWDSSLSAWVF;CARAIFGVVSVMGFDYW_CMQALQTLTF;CAKSMKSFDYW_CQQSYSTPLTF;CTTEGGDGYNSFDYW_CQQYDNLPITF;CARDTTYGDYYYGMDVW_CQSADSSGNWVF;CARDGKGYSYGSGNYYGMDVW_CQQSYSTLYTF;CAHRTTTYYFDYW_CQQYNSYPYTF;CTTDLVWFGELANAFDIW_CLQHNSYLPEWTF;CTRGGTLGARSGYYDYYYGMDVW_CQQYNSYPLTF;CAKDEGRVVAVAGTGEHAFDIW_CQQYNSYSPTWTF;CAKDITIFGVVISHLDYW_CLQDYNYPLTF;CARTYYYDSSGYRNAFDIW_CQSADSSGTYPVVF;CAKCFYYDSSGYYYYYYGMDVW_CCSYAGSSTLVF;CARDLLSISGSPFDPW_CQQRSNWPPGGGGLTF;CARGGINGGAYFDYW_CQQYGSSPWTF;CARDRGPAGLDYW_CQQSYSTRYTF;CARRGYYYDSSGYYYDWFDPW_CNSRDSSGNRVVF;CAKGLNTAMVSYYFDYW_CVLYMGSGIWVF;CAKDIREGWSSGYYPVLDYW_CQVWDSSVVF;CAKDSPSGYYYYYYYGMDVW_CQQLNSYPITF;CARDRIAAADHNWFDPW_CAAWDDSLNGWVF;CARDIGGIAAAGSPPSAFDIW_CQQYNSYSTF;CAHSYYYGSGRGGWFDPW_CQSADSSGTYVF;CARDGSSSIFDYW_CNSRDSSGNHVVF;CAKPLRFGYSSSSCFDYW_CSSYAGSNNYVF;CAHTGFESLDYW_CQSYDNSLNGLGVF;CARDEDYYYDSSGSVDYW_CQQSYSTPWTF;CARQIAAAGPENWFDPW_CQSADSSGTYLVF;CARGLPVDVW_CGTWDSSLSAGHVVF;CARLIYYGSGRFGAFDIW_CQQYDNLPWTF;CARNEITIPLDVW_CQQYGSSPLVTF;CTTDHGDAYNYRW_CQQYGSSPRTF;CARDHRMNIAVAGTNWFDPW_CQKYNSAPLFTF;CARALREEQWLNNAFDIW_CQQYYSYPTF;CAHRPPYYDSSGYLSW_CQQYGSSLWTF;CARHYVDTAMVINQYYFDYW_CQSYDSSLSDVF;CARDNYDILTGHYGMDVW_CAAWDDSLSGLYVF;CAKDSSSSDWFDPW_CQQYYSYPLTF;CARDYVAVAGTLDYW_CQQYYSTPYTF;CTRDLAYSNYEPPNHNWFDPW_CLQHNSYPLTF;CARERYYYYGMDVW_CYSTDSSGNHGVF;CAKEGITGYYYYYGMDVW_CQQSYSTPHTF;CAKVALRYFDWLPPYFDYW_CQQYYSYPQNLTF;CARAHDSTGYQDFDYW_CQQAKSFPYTF;CARVGVYGSGSYLVGGDYW_CQQSYSTPWTF;CARGPYYGSGSGEFDPW_CQQYYSYPLTF;CARGSCYSSACYYYYGMDVW_CGTWDSSLSAVVF;CARDFDAAEGAFDIW_CQVWDSSSDPTFYVF;CARGAHSSGYYIDYW_CQQYYSFPFTF;NA_CHQYNNWSSWTF;CAREQDFGGNPFDCW_CMQVLHIPRAF;CARGTMVRGHYYYYGMDVW_CQQSYSTPLTF;CARGYSYGYLDWFDPW_CQSYDSSLSGVVF;CARAAPYSSSSLDYW_CQQSYSTLTWTF;CARRRITMNDYFDYW_CQSYDSSLSGVVF;CARGPDGGAFDIW_CQRGLTF;CARDLIARTALTYYYYGMDVW_CQSYDSSLSGGVF;CARYGVYGDYPGALFDYW_CAAWDDSLSGLWVF;CAKDRRGCSSTSCYTFDYW_CQQSYSTLSF;CARVSGYNSYYFDYW_CQQSYSTPRTF;CAAPSPRFTSSTGGGMELPLHVW_CCSYARGSSLVF;CAKDARWRPRVASIDALDIW_CQQYNNWPRTF;CARHIERYCSGGSCYEALDYW_CMQALHPITF;CASYLEMATRYYFDYW_CLQHNSFWTF;CARVTRVTQSNDFWTSYYTDCFDAW_CYSTDSSGNHKVF;CARLYSSSWTNYFDYW_CQQYYSYPLTF;CARGTVYSVPGGHYGDYVRDPKYYYYGMDVW_CQSADSSGTWVF;CARGAAGVRGPIGYW_CAAWDDSLSGWVF;CARVAVAGTTNWFDPW_CQQANSFPYTF;CARVLGGPGATTFDYW_CLQDYNYPWTF;CARTPVSTSYDSPGWYSSGWFFDYW_CQTWGTGIHVVF;CARTMVRGVTPADAFDIW_CQQYNSYSSTF;CAKSMGATILHAFDIW_CQQYNSYPLTF;CARANSGSYSFFFLRLDYFDYW_CQQYNNWPLTF;CARAAGTGGYYYGMDVW_CVLYMGSGISVF;CARAGQFGDSYYYYYYGMDVW_CLQDYNYPQTF;CAHFTKRPTDAFDIW_CNSRDSSGNHRVF;CAAGFGLSGSYIHYYYYGMDVW_CQQYGSSPPLTF;CATDNWNFGADSGFGYW_CMQGTHWRTF;CARVLGSFSFGYDGFDIW_CQQLNAYPTF;CARDPGIAVAETVYYYYYYGMDVW_CMQALQTPPTF;CARTVGAGYKIGKGYFDYW_CQAWDSSTVVF;CARDQDLAALNYW_CGTWDSSLSAKVF;CTTENVLLWFGEPEYYYYYYGMDVW_CQSADSSGTYAVVF;CARSLFEGTVMAFRAEHMDVW_CQQYKTFFAVSF;NA_CQAWDSSTVVF;CARPPSHDSPMYHYW_CQSADSSGLWVF;CARDTMWWSYGMDVW_CCSYAGSGEVF;CARLRRYSSGYYYIAGDFDYW_CQSYDSSLSGVVF;CARDKGGTTVTTSNWFDPW_CQQYDNLPLTF;CARDGGGYYQKKGYFQHW_CGTWDSSLSAVVF;CARDDIVVVPAAIDYW_CQSYDSSLSGPYVF;CARKFDCW_CQQYGTSLPVTF;CARGVLRFLEWLSNMDYYYYGMDVW_CMQALQTPRALTF;CAKDGSYYDSSGYSDYW_CQQYNNWPPWTF;CAKDKSYSVEYW_CMLFMGSGIWVF;CAKADVRSNWNDMHFDYW_CQAWDSSTVVF;CARATPRGYGGNSLNWFDPW_CQQYNSYPFTF;CAEGYQLPGLYYW_CNSRDSSGNHLF;CARHAGSGSYYFWFDPW_CQQYGSSPYTF;CAKDLQIGYCSSTSCRNAFDIW_CQQYGSSPPRVTF;CARGRGSYFDYW_CQQYGSSLWTF;CARTCSSTSCYTYGMDVW_CQQYNNWQYTF;CAHRGYSYGPLFDYW_CLLYYGGAQLVF;CARLPTLRYGSGSYYNGALDYYYGMDVW_CMQALQTPLTF;CARSIAAASPFDPW_CQQYDNLPPTF;CARGPPYGHLGYW_CQQYNNWPPITF;CAKDILGGGYFDYW_CQTWGTGMGVF;CAKDASYGYLFEYWYFDLW_CQQYNNWPPWTF;CARFGAKNYYDSW_CQQYNNWPGTF;CAREKWLRPQLDYW_CQQYGSSPKTF;CVKGPYYDGSGNSFGRKAFDIW_CQQYGSSPYTF;CARGASKGNQPALHYGMDVW_CQQSYSTPPAF;CATTLASPTHDYGDYEGGYMDVW_CQQYGSSPLTF;CALGIDAFDIW_CQQYNNWPKTF;NA_CQSYDDSLSGTVF;CARGFYYGSGSPLSGMDVW_CQQSYSTPRTF;CAKDPAASGSPWYFDYW_CQQYYSFPRTF;CAREVSRQSGSRPIKWFDPW_CQQSYSPPPLTF;CTPSLETYGDYALGYYW_CQSADSSGTYPYVF;CAKDFGGPLQFDYW_CQQYGSSPRTF;CAKDMLFSNNYW_CQTWGTGINWVF;CARDENHLYYGDLAYW_CQQSYSIPRAF;CARGSRLLLWFGELKVGPGFDPW_CQQYNSYWTF;CAMKGGRDGYNTRVYYYYGMDVW_CCSYAGSSTPYVF;CAKDIGPTNCSSTSCHAYYYYGMDVW_CQQYNSYSTF;CWRDRREAPIEMEVASTRG_CMQSTHWPYTF;CTRHTHCSGGSCYDAFDIW_CQQSYSTPRYTF;CAREPPHGSGTDYNWFDPW_CQSYDSSLSAYVF;CVKDLYDTGSYYYFDYW_CSSYTRSSTLVF;CSRHEGVGGNSDYW_CVLYMGSGISMF;CARNHDYGDYMFGGMDVW_CQSADSSGTYVF;CTTSGGDW_CMQSIQLPRTF;CARDRTSFGYSYGNIDYW_CQTWGTGILVF;CAKDELASYGGVGYYW_CQSADSSGTYFWVF;CAREPKHSGYCSSTSCYIGNWFDPW_CQSYDSSLSGNVVF;CARASWDSSSWGLGFDPW_CQAWDSSTGVF;CARTRVRGVISPFDYW_CQQANSFPPTF;CTREYYDFWSGDYW_CQQYDNLPLTF;CARDGGRGSGWSTPDYW_CNSRDSSGNHVVF;CARHYDFWSGDNPYWYYYYGMDVW_CQQYGSSPPWTF;CTTTTADIVVVPAAIQTVDYW_CQQYDNLPLTF;CAIMVRGVIGSYYYYGMDVW_CQQSYSTTWTF;CAKDNGYGGNSLQHW_CCSYAGSSTLVF;NA_CQQSYNTLWSF;CARARYRRDGYHNLYAFDIW_NA;CARGFSETGPGYKRFYYYFDLW_CQQYGSSPQTF;CARVKGDYYYYYGMDVW_CMQALQTPHTF;CARDPPLYSSGWFTGDYW_CQQYNSYPRTF;CAKDGGEHRGNDYW_CQVWDSSSDHYVF;CARGYDFWSGYLPHYGMDVW_CQVWDSSSDHPGVF;CARETKQYIDYRSPTVGRPYDYYYGMDVW_CLLFYGGAQLGVF;CAKGVWESTTEDAFDIW_CQQYNSYSPFTF;CAKDQGYCSSTSCYPYYYGMDVW_CQAWDSSTVVF;CARLGGYDSTFDYW_CSSYTSSSTYVF;CARVAAAGTYFDYW_CQQYGSSPETF;CARINQHGSGTYSPDYYYYGIDVW_CMQALQTPMYTF;CARKSIAAAGLPYYYYYGMDVW_CMQALQTRFTF;CAQGGYSYGYYDYW_CAAWDDSLNGVVF;CARQRGGTAVPVYYFDYW_CQQYGSSPLYTF;CARALYYDSSGYQPNRYYFDYW_CQSYDSSLSGYVVF;CTRALNSNHFDYW_CQQANSFPLTF;CARVTDPDAFDIW_CNSRDSSGNHYVF;CARSAWHPAATGGMDVW_CLQDYNYPYTF;CARVSLVVPQQFDYW_CQAWDSSTVVF;CAKVPGYSTGWYYFDYW_CQQCDSSPEWTF;CAKDSTCSSTSCYRGYYYYGMDVW_CQQYYSYPITF;CARGRNGGNRFDWFDPW_CQSYDSSLSGSGVF;CARGKNWFDPW_CQQYGSSPLTF;CASGYSSGRPDYW_CQQYDNLPITF;CARLSDGDYTFDYW_CQQYNSYWTF;CARGGTAGYSYGYAYW_CQAWDSSTAVVF;CAKDIVVVPAAPITLYYYYGMDVW_CMQALQTSFTF;CARWRLYYDSRGYYYGMFDYW_CQQSYDTPLTF;CARSRRIVGATSFDWFDPW_CQQYNSYSRTF;CASEDSGYGGGFDYW_CQSYDSSLSEGVF;CAHGRDYDSSSLPFDYW_CQQYNSYPYTF;CARAGAYYYGSAIDYW_CQQYGSSPGLTF;CAKGSSHSGGWFDPW_CQQYNSYWTF;CARDLLRAYSSSSTSSIDYW_CQQYYSYPRTF;CAKDVSGYLDAFDIW_CGTWDSSLSAGWVF;CAREGSRYFDYW_CQVWDSSSDHYVF;CASHDSSGYYLLDYW_CQVWDSSSDHVVF;CARYCSSTSCYTTYYYYYYGMDVW_CQQYYSYPLTF	0	NA
9	14	CARSGTTYYDILTGYYNYW_CQQYGSSRWTF;CARGNDYYGSGEFDYW_CSSYTSSSTLVF;CARDGDTAMVINYFDYW_CQSADSSGTYWVF;CARGKGEGRYYYDSSGYYYFDYW_CQQRSNWPPLTF;CARNKQHIVGATLHTHYSNWFDPW_NA;CARTSRGLIAAAAAVDYW_NA;CAKRGGLMVRGVAVDYW_CQQYYSYPWTF;CAKGGWFGELLFRLDYW_CQQYDNLLTF;CARRLAYNGNWDYGDFDYW_CCSYSKTATF;CARERPRGAAETW_CQAWDSSTWVF;NA_CQQRSNWPPYTF;NA_CCSYAGSSTVVF;CARDSKQQLADNWFDPW_CQAWDSSTLVVF;CARLWVFLTMVRGPDFDLW_CHQSSSLPLTF	8	1	CARGTPGWYW_CQQYGSSPTF	0	NA
9	14	CARSGTTYYDILTGYYNYW_CQQYGSSRWTF;CARGNDYYGSGEFDYW_CSSYTSSSTLVF;CARDGDTAMVINYFDYW_CQSADSSGTYWVF;CARGKGEGRYYYDSSGYYYFDYW_CQQRSNWPPLTF;CARNKQHIVGATLHTHYSNWFDPW_NA;CARTSRGLIAAAAAVDYW_NA;CAKRGGLMVRGVAVDYW_CQQYYSYPWTF;CAKGGWFGELLFRLDYW_CQQYDNLLTF;CARRLAYNGNWDYGDFDYW_CCSYSKTATF;CARERPRGAAETW_CQAWDSSTWVF;NA_CQQRSNWPPYTF;NA_CCSYAGSSTVVF;CARDSKQQLADNWFDPW_CQAWDSSTLVVF;CARLWVFLTMVRGPDFDLW_CHQSSSLPLTF	15	98	CAKDFHRLTLLRYCSGGSCYSAFDIW_CCSYAGSSTYVF;CAKRPDTTGRSWYFDYW_CQQYNNWLWTF;CAKFDIAAADTGKGEDYW_CMQGTHWPPLTF;CAKDSLFDRIILIATDIW_CAAWDDSLNGWVF;CAKYPSFSSRRWYFDLW_CQQYNNWPPPYTF;CAKLPSYSYGPFDYW_CQVWDSSSDHPVF;CAKDRQQLVIDAFDIW_CQQANSFSYTF;CARRRYYGGNSNKGWYFDLW_CQQRSNWRTF;CAKVLGFGPHYDILTGYYPFDYW_CQQSYSTPLTF;CASVQWLVDYW_CQQSYSTPMYTF;CAKDQSPSAKNGDYVSFDYW_CMQALQKTF;CAKDLRFLEWLLPYYYGMDVW_CMQALQTPWTF;CAKDPNYWRYFDWLTGYYFDYW_CQQRSNWPPWTF;CARDGGFGGSWLDPW_CQQRSHFRTF;CAKGEQFIAVNNWFDPW_CQQRSNWPITF;CAKDIRGNSWYGDSEGIW_CMQGTHWPYTF;CASGMVDFDYW_CMQGTHWPPTF;CAKGDSRYWYFDLW_CQQRSNWPLTF;CARGSISSQRWFGPW_CQQYNYYYTF;CAKWGHSSWYDNWFDPW_CQSADSSGTYVVF;CARGGAVLRYFDWEPQGPLEDNWFDPW_CQQRSNTWTF;CARNMASGMDVW_CQQRSNWPLFLTF;CAKMGASRWGPSYYFDCW_CQQYGSSPRTF;CAHRPLDILTGYRVDYFDYW_CQQSYSTLGTF;CAKDHPTNWFDPW_CQQYYSYPRTF;CAKAQNYYDSSGYYPFDYW_CQVWDSSSDHSVVF;CAKAPESSAYYGPDYW_CAAWDDSLSGHWVF;CAKGATSCAYW_CQQSYSTPRTF;CARGRLGGYSLPGFDYW_CNSRDSSGNHVVF;CARAIWYYDILTGYYSYYGMDVW_CSSYAGSNNLEVF;CARARGDFWSGYTHWYFDLW_CQQRSNWPPWYTF;CAKASARYCSGGSCYGTAFDIW_CQQSYSTPVF;CAKFHDSSGYYYLYGFDYW_CQAWDSSTYVF;CAKGAAASRTDYW_CQQSYSTPPYTF;CAQTGILTGYPRVGNAFDIW_CQQRSNWLGFTF;CAKDEWERGAFDIW_CQQYNSYSPWTF;CAKADLLYSGSYGAW_CQQSYSTPYTF;CAKDGIVVVTAIKFGHGMDVW_CQQANSFPYTF;CAKRLDYW_CMQATQFPYTF;CANISPPPRYYGSGSYYNFAFDIW_CQQLNSYPFTF;CAKDYDSGSYYEGGAFDIW_CQQRSNWPLTF;CAKEDYNSGSCLDYW_CQQLNSYPQVTF;CAQIAAAGTMGFDYW_CQQRSNWPSLTF;CAKVRGIVGATPCYFDYW_CQVWDSSSDHPVF;CTTEVCSGYDCDLGDYW_CQQRSNWPTF;CARSVDTAMGNAHDW_CQQYGSSPPTF;CAKDRGYRGDYSNWFDPW_CQQYNSYPRTF;CARDRPPYSNYVIYGMDVW_CQQRSNWPPLTF;CAKPSIVATIWAFDYW_CQQYDNLPPITF;CARDHKQWRVSYVWFDPW_CQQRNTWPRPTF;CAKGRYSSSWYEDWYFDLW_CQQRSNWPPLTF;CARDISKGAAGTGDWFDPW_CQQRSNWPLTF;CAKDAEGQGPVLLWLGGMDVW_CQQYNSYSYTF;CATGIAVAGTLGYYGMDVW_CQQYNNWPRFTF;CAKGTHYYGSGSMWGMDVW_CQQRSNWPPYTF;CAREGEITMIVANDAFDIW_CQQSYSTPPTF;CATSDWSW_CQQRINWPITF;CAKASVAVAGTGGMDVW_CQVWDSSSDHVVF;CAKFFVVLSFWSGYYDYW_CQQLNSYPQTF;CAKGRNFVVVTAICDYW_CQQYGSSPLTF;CAKSLKLFAIDYW_CQSADSSGTYWVF;CANDRDASSAWYGPVGYW_CQQHYSTPGTF;CAKGGYCSGGSCPLDYYYGMDVW_CMQALQTPLTF;CARARSSGWYHYW_CQQRSNWPPTF;CAKDHDEGATTYFDYW_CQAWDSSTVVF;CAKDSRYSLLIAVAGTEDYW_CQQRSNWPWTF;CAKDRGPAEKYYYDSSGTQLIGAFDIW_CQQYYSYPPGTF;CAKVEGIWFGELSDFYYYYGMDVW_CQQRSNWPLTF;CAKALHAAVVGPAAIPFDYW_CSSYVGSNNYVF;CAKDHLMITFGGVGQGVPWFDPW_CQKYNSAPRTF;CAKAEGVKYNWNYGDYW_CQQSGSSPPTF;CATDLNLAVAGEGGYW_CQQRSNWPLTF;CARDSYDFWSGYTPPNYYYYYGMDVW_CQQRSNWYTF;CAKETLGAVDYW_CCSYAGSSRVF;CAKAAMVRGVIDWYFDLW_CQQYYSYPPFTF;CASATTVSHW_CQQRSNWPLTF;CAKGGGADFDHW_CQQYSIWPLSF;CAKDRDGYNADDAFDIW_CQQSYSTPLTF;CAKSYGSGSYYRTSEYYFDYW_CQQYNNWPPGTF;CARDCSSTSCLAYW_CQLRSNWPTF;CAKRDSSSWGWDRGAFDIW_CQQLNSYPGFTF;CAKGFDYYGSGSYSPFDYW_CQQYNNWPPEYTF;CARHEKGIAAAVYYFDYW_CQQRSNWPLTF;CAKDGRWELGTFDIW_CQQYDNLPQF;CAKDRRLGPWIPDYW_CQQYDNLPQAF;CAKDVTDGYNIPYYFDSW_CQQRSNWPLTF;CAKDRCTITSCSYQNW_CMQALQIPPTF;CAKDRSFDYPDYW_CQQYYSFPYTF;CTSWAIPQALTDYYYYGMDVW_CQQRSNWPPSITF;CAKLGEEDGSGSPSYYYYGMDVW_CQQYNNWPPLTF;CAKILYSSGWWGGAFDIW_CQQYNSYPLTF;CAKDDDRGYGWFGELLGRYGMDVW_CQQRSNWLLTF;CAKDKASSWQDRYYYYGMDVW_CVLYMGSGIRVF;CAKVGVGATSHFDYW_CQQSYSTPRYTF;CAKDLPRSVVVTANSYYYGMDVW_CQQYNSYPVTF;CTTPTWGNYYYYGMDVW_CQQRSTGRDTF;CARVFRRYGSGSYYNLW_CQQRSNWLTF;CARDPGDYVEIEWYFDLW_CQQRSNWPRLTF	0	NA
9	14	CARSGTTYYDILTGYYNYW_CQQYGSSRWTF;CARGNDYYGSGEFDYW_CSSYTSSSTLVF;CARDGDTAMVINYFDYW_CQSADSSGTYWVF;CARGKGEGRYYYDSSGYYYFDYW_CQQRSNWPPLTF;CARNKQHIVGATLHTHYSNWFDPW_NA;CARTSRGLIAAAAAVDYW_NA;CAKRGGLMVRGVAVDYW_CQQYYSYPWTF;CAKGGWFGELLFRLDYW_CQQYDNLLTF;CARRLAYNGNWDYGDFDYW_CCSYSKTATF;CARERPRGAAETW_CQAWDSSTWVF;NA_CQQRSNWPPYTF;NA_CCSYAGSSTVVF;CARDSKQQLADNWFDPW_CQAWDSSTLVVF;CARLWVFLTMVRGPDFDLW_CHQSSSLPLTF	16	68	CARQVGVGKWYLEDW_CCSYASGDNLVF;CARLIKYSGSYEMVDYW_CAAWDDSLNGYYVF;CARGGFITMIGYGMDVW_CQQYDNLPFTF;CARDLRWCSGGSCYGNYYGMDVW_CAAWDDSLNGQVF;CARDGRDYYDSSGYYYDDAFDIW_CQSADSSGTVVF;CARDHPLMVRENLGFDPW_CAAWDDSLNGPVF;CARDLRNYYDFWSGSPNPKINWFDPW_CQKYNSAPLTF;CARDLPAARYGDYGGFDYW_CAAWDDSLNGVVF;CARDLFPIQYGSEPYGMDVW_CQQYGSSPRTF;CARDIGPLDVW_CQVWDSSSDHRVF;CARDQGDGDYGAFDIW_CQQSYSTSSWTF;CARILEIVDPSGSYQYYFDYW_CGTWDSSLSAVVF;CARDGHYSGSYYVGYW_CCSYAGSYTYWVF;CAREEYSSSWHPYYFDYW_CGTWDSSLSAYVF;CAKDFRGWFDPW_CATWDDSLNGWVF;CARDRSGGSWFDPW_CVLYMGSGVF;CARASTAAYYYYYYGMDVW_CAAWDDSLNGHVVF;CAHHLSFGGNWAFAHW_CAAWDDSLNGSYVF;CASNLGYCSSISCYGFDYW_CQQYGSSPLYTF;CAKELPYYDSSGGPEYW_CAAWDDSLNGWVF;CARGEDYYGSGSYYGMDVW_CQAWDSNTVIF;CARVLGITGTTRRFDYW_CQQYYSYPFTF;CARDREQLAPFDYW_CQSADSSGTYVF;CAKDLIDTMIVVVITPPFDYW_CAAWDDSLNWVF;CARGGHLWSEEVMNRFYYYLGMDVW_CGAWDGSLNGYVF;CARDGYSGYDRADYYYYYGMDVW_CQSYDSSLSGSRVF;CARDHIAVAATPAEYYYYGMDVW_CQAWDSSTVVF;CARARDRQGAYYYGSGSYVPYYYYGMDVW_CCSYAGSSPWVF;CARQNFDILTGYSIDYW_CAAWDDSLNGLYVF;CARDNSGSYVVEYYFDYW_CAAWDDSLNGWVF;CARQYVEWLREMDVW_CAAWDDRLNGWVF;CARNYYYDSSGSGFDYW_CQQANSFPPTF;CAHRHHCSSTSCSPWDDWFDPW_CAAWDDSLNGPVF;CARQNFDILTGYSIDYW_CAAWDDSLNGLYVF;CAKTQVDGKALWFEPW_CATWDSILSGWIF;CARELLWFGEGINWFDPW_CAAWDDSLNGVVF;CARHNTITLRYFDWTKLGYFDLW_CAAWDDSLNGVVF;CARDRYDYGDYPAEYFQHW_CAAWDDSLNGVVF;CAREQLGGFDYW_CAAWDDSLSVVVF;CAIIPLATPVTIIMDYW_CMQSIQLPPQPTF;CAREQQLVPYYYYGMDVW_CAAWDDSLNGWVF;CARDGAGHYGSGSYFGSW_CATWDDSLNGFVIF;CASRTNHYYDIQRHYW_CQQSYSTPGVTF;CARHIMVRGVPPNFDYW_CAAWDDSLNGPVF;CASTGGGSYPILNW_CQQYYSYPLTF;CARGGPYPINSGYYYEVDYW_CAAWDDSLNGRYVF;CARGPNDAFDVW_CQQYARSPPWTF;CAHHASFGGNWAFAHW_CAAWDDSLNGSYVF;CARDRGYGSGSYFSGFDYW_CQQYNNWPPRTF;CARERGMYSSGWYNWFDPW_CQQYYSYPYTF;CARGGDGYNYHPYW_CQKYNSAPTF;CAKDSIPIYDSSGTTFDYW_CAAWDDSLNGWVF;CARDQRSYADYW_CQQYYSYPQTF;CARDLQRGYSYGYW_CAAWDDSLNGVVF;CARDIHGNGALYYYYGMDVW_CAAWDDSLNGLYVF;CARDNIVVVPAAMFEASDYYYGMDVW_CMQALQTPYTF;CARDELRQLVLW_CQSYDSSNPWVF;CARSYGSGSYPRPSPLAWFDPW_CAAWDDSLNGPVF;CARDLIGFGASFDYW_CQQYNNWPPYTF;CARMMGTYYGDHPTIVGYFDYW_CQQYNNWPLTF;CARDGLDYDSNAIDYW_CQQYDNLPYTF;CARHGGDCGLDCYSNWFDPW_CQHWTF;CAREPADSSSLW_CQSYDSSNWVF;CARSGQWLEGWFDPW_CQQYNSYSPTF;CAREGREGGGFDYW_CAAWDDSLSGWVF;CARFVPGGYDGFDIW_CASWDKNLNAFVF;CARDPVPVILGYCSGGRCSPLDYW_CQNYNSAPRTF;CAKDWDDYDSESGVYNYYGMDVW_CSAWDDSLNGVVF	0	NA
9	14	CARSGTTYYDILTGYYNYW_CQQYGSSRWTF;CARGNDYYGSGEFDYW_CSSYTSSSTLVF;CARDGDTAMVINYFDYW_CQSADSSGTYWVF;CARGKGEGRYYYDSSGYYYFDYW_CQQRSNWPPLTF;CARNKQHIVGATLHTHYSNWFDPW_NA;CARTSRGLIAAAAAVDYW_NA;CAKRGGLMVRGVAVDYW_CQQYYSYPWTF;CAKGGWFGELLFRLDYW_CQQYDNLLTF;CARRLAYNGNWDYGDFDYW_CCSYSKTATF;CARERPRGAAETW_CQAWDSSTWVF;NA_CQQRSNWPPYTF;NA_CCSYAGSSTVVF;CARDSKQQLADNWFDPW_CQAWDSSTLVVF;CARLWVFLTMVRGPDFDLW_CHQSSSLPLTF	17	1	CARHGINYYDSSGYSGNDAFDIW_CQQYDNLFTF	0	NA
9	14	CARSGTTYYDILTGYYNYW_CQQYGSSRWTF;CARGNDYYGSGEFDYW_CSSYTSSSTLVF;CARDGDTAMVINYFDYW_CQSADSSGTYWVF;CARGKGEGRYYYDSSGYYYFDYW_CQQRSNWPPLTF;CARNKQHIVGATLHTHYSNWFDPW_NA;CARTSRGLIAAAAAVDYW_NA;CAKRGGLMVRGVAVDYW_CQQYYSYPWTF;CAKGGWFGELLFRLDYW_CQQYDNLLTF;CARRLAYNGNWDYGDFDYW_CCSYSKTATF;CARERPRGAAETW_CQAWDSSTWVF;NA_CQQRSNWPPYTF;NA_CCSYAGSSTVVF;CARDSKQQLADNWFDPW_CQAWDSSTLVVF;CARLWVFLTMVRGPDFDLW_CHQSSSLPLTF	18	55	CARETTPVVTASTYYYYYGMDVW_CSSYTSSSTWVF;CARDWVRGVNDMDVW_CSSYTSSSTRVF;CTRPQRKWELPYPDAFDIW_CSSYTSSSTLF;CARGGAAVTTYYYYFYGMDAW_CCSYSSTNTLYVF;CARDGSGYLEQYYFDYW_CAAWDDSLNGYVF;CARGQGRTTSDYW_CSSYTSSSTLVVF;CARDPITMVRGVIISGWYFDLW_CSSYTSSSTLDVVF;CAKGADPYYDFWSGYSELFPLGMDVW_CSSYTSSSTVVF;CAREFKSFWSGYGDYYYGMDVW_CSSYTSSSTRVF;CARVVDDYYDSSGRYYFDYW_CSSYTSSSTQVF;CARHPFRVFGGWRDYW_CSSYTSSSTLWVF;CTGPDRMAYYDSSGYWEGVLDYW_CSSYTSSSPLYVF;CTRCGSSWTSYTMYDW_CSSYTGSRLYVF;CAKASLYGSGSYPPKYW_CSSYTSSSTYVF;CARDRPALWFGELHGMDVW_CSSYTSSSTLVF;CAKDHWEYYWYFDLW_CSSYTSSSTLVF;CARQISILRLLVWFDPW_CSSYTSSRGVF;CARHSPPRLWFGAFNYYYGMDVW_CSSYTGSSTLVF;CARRIAVAATVTGAMDVW_CTSYTSSSTLVF;CARYYDILTGYYYDYFDYW_CSSYTSSSTSF;CAKDPRLGPYFDYW_CSSYTSSSTRVF;CARILSDYYDSIGAFDYW_CSSYTSSSTPVVF;CARDRVAIMRGIKPNGMDVW_CQQLNSYPQTF;CARELTGDRDYW_CNSYTRSSTYVF;CARVNTMVRGLSTTKYYYPMDVW_CSSYTLSILIF;CARGGLPLGYCSGGSCSRRYYGMDVW_CSSYTSSSTLVVF;CARVEYGDYSGWFDPW_CSSYTSSSTWVF;CARGINYCSGGSCYYYYYYGMDVW_CSSYTSSSTLEGVF;CAREGPSRPAANYW_CSSYTSSSTEVF;CVRDQGSGGNYFDPW_CSSYTSSSLYVF;CARDDYYYDSSGYYPRFDYW_CSSYTSSSTLGVF;CARGSRYSYGDPCFDYW_CSSYTSSSTPVVVF;CARYYQDRFDYW_CSSYTSSSTLEVF;CARGPYDILTGSIYYYGMDVW_CSSYTSSSTLIF;CARDLGWSEGNYYYYGMDVW_CSSYTSSSTYVF;CAYDSSGYSLDYW_CQQYGSSPF;CARDQGTAAKPLDYW_CSSYTSSSTRVF;CARGGYSGYESDYW_CSSYTSSSTRVF;CARSSVGRQWPKGMDVW_CSSYTSSSTLAF;CAKDIRGRMATIMSW_CSSYTSSSTLVVF;CARVELHYYYYYGMDVW_CSSYTSSSTLF;CARGMIVVVMRYGMDVW_CSSYTSSSPVVF;CAKGILRYFDWHLEGMDVW_CSSYRNISTVF;CAKDIVSYSNYVLSNW_CSSYTSSSTQHVVF;CARHGSYLGYFQHW_CSSYTSSSTVVF;CAKDKGPDYYYGMDVW_CSSYTSSSTLYVF;CARSMVRGKYRAEYFQHW_CSSYTSSSTLNVVF;CATLSGMDVW_CSSYTSSSTLVVF;CAREGRPPRKPKNNWFDPW_CSSYAGSNNLVF;CARGYSYGPFDYW_CSSYTSSSTLVVF;CASPITTVTTRGAFDIW_CSSYTSSSTFYVF;CAETSYCSGGSCPMSEYGPVFDPW_CSSYTSSSTPWVF;CAKDCGEPWYNWNDGIGYW_CSSYTSSSTWVF;CARDSRLGGVDPW_CSSYTSSSTRVF;CAKAPGGYNWDNYHYYYFAMDVW_CSSYTSSSTLYVF	0	NA
9	14	CARSGTTYYDILTGYYNYW_CQQYGSSRWTF;CARGNDYYGSGEFDYW_CSSYTSSSTLVF;CARDGDTAMVINYFDYW_CQSADSSGTYWVF;CARGKGEGRYYYDSSGYYYFDYW_CQQRSNWPPLTF;CARNKQHIVGATLHTHYSNWFDPW_NA;CARTSRGLIAAAAAVDYW_NA;CAKRGGLMVRGVAVDYW_CQQYYSYPWTF;CAKGGWFGELLFRLDYW_CQQYDNLLTF;CARRLAYNGNWDYGDFDYW_CCSYSKTATF;CARERPRGAAETW_CQAWDSSTWVF;NA_CQQRSNWPPYTF;NA_CCSYAGSSTVVF;CARDSKQQLADNWFDPW_CQAWDSSTLVVF;CARLWVFLTMVRGPDFDLW_CHQSSSLPLTF	20	44	CARDQEYSSGWDGPDYYYYYGMDVW_CQQSYSTPQTF;CARDDRFGGDTLGWFDPW_CQSYDSSLSGSGYVF;CAREGWGLGYCSSTSCYTGPFGYW_CQQYGSSPPYTF;CARDRLDGYNSFYYGMDVW_CQSYDSSLSGSVF;CARDAGRDGNEYYFDYW_CQQYNSYLYTF;CARDRGQWLVREEDYYYGMDVW_CQQYYSTPLTF;CARIWAVAADHSFDYW_CQQYNNWPPWTF;CARDKGATFDYW_CQQSYSTPYTF;CARDRWSLHIVGASPRGPSFDYW_CQQANSFPVTF;CASGSSDRYSSGWYWGYFDYW_CQAWDSSTVVF;CARAEIYGSGSKYYYYGMDVW_CQSADSSGTYYVF;CARGPDRFSGSYDNWFDPW_CQHTRAF;CARDIVRDFDWPGVGYW_CAAWDDSLNGYVF;CARGWSGYSSSLHPYYFDYW_CCSYAGSSTTLVF;CARDLYSGYSYGSAVYW_CQQRSNWPIF;CARESPFGGQSVAVGGTPDYW_CCSYAGSGTFVF;CARGPGYCSGGSCYGMFDYW_CQSADSSGTYVVF;CARGTRRDGYNLIYW_CQQYDNPPLTF;CARAVPARPEYCGGDCYIYYYGMDVW_CQSADSSGTYWVF;CVLYYGSGSYYRFDYW_CQSYDSSLSAVF;CARDSSSPATRHFDYW_CMQATQFPYTF;CARGRGRYYDSSGEW_CQQYNSYPYTF;CARESRPTVTTRTTSGMDVW_CLQHNSYPRTF;CARDIGYSSGWYWTPGVNYYYGMDVW_CQQYGSSPWTF;CARDRGVGARHFDYW_CQQYNNWPPWTF;CGRAAISVLRKMPPTFW_CQQYGSSPYTF;CARETYYYDSSGYYGPHAFDIW_CLLSYSGARVF;CARDSEIFGSSWYSYFDYW_CQQYNSYSYTF;CARTYVWGEVDYYYYGMDVW_CLQHNSYPWTF;CARVYSYGYRYFDYW_CQQSYSTLWTF;CARDGGYSYGYAQGYYGMDVW_CQSADSSGTHVVF;CARDRSAERRGYFDYW_CNSRDSSGNHYVF;CARVKSGGSSSLRQDAFDIW_CQQRSNWPYTF;CAREDSSGWLEFPNWFDPW_CCSYAGSSTYVF;CAREGEQWLDGAFDYW_CQSADSSGTYKVF;CARDGGGWYGLVDYW_CQQYNNWPLTF;CARGNDAFDIW_CQQYNSYSGTF;CARDGKPSKTFDYW_CQQSYSTPLTF;CARDCGGPVTTTTNDAFDIW_CQQYYSYPRTF;CARDCDGGCDYW_CQSADSSGTYRVF;CARGGDYYYGMDVW_CQQYNNWPLTF;CARALSLGPRTYYYDSPQRGHDAFDIW_CQQSYSTSWTF;CARGETYYYDSSGYYWGYYFDYW_CQQYNSYPLTF;CARDQQWLGDFDYW_CSSYAGSNNLWVF	0	NA
9	14	CARSGTTYYDILTGYYNYW_CQQYGSSRWTF;CARGNDYYGSGEFDYW_CSSYTSSSTLVF;CARDGDTAMVINYFDYW_CQSADSSGTYWVF;CARGKGEGRYYYDSSGYYYFDYW_CQQRSNWPPLTF;CARNKQHIVGATLHTHYSNWFDPW_NA;CARTSRGLIAAAAAVDYW_NA;CAKRGGLMVRGVAVDYW_CQQYYSYPWTF;CAKGGWFGELLFRLDYW_CQQYDNLLTF;CARRLAYNGNWDYGDFDYW_CCSYSKTATF;CARERPRGAAETW_CQAWDSSTWVF;NA_CQQRSNWPPYTF;NA_CCSYAGSSTVVF;CARDSKQQLADNWFDPW_CQAWDSSTLVVF;CARLWVFLTMVRGPDFDLW_CHQSSSLPLTF	21	37	CARDRDGAFAIW_CAIWYSNTHVIF;CASRVHGLVTVTTGGAFDIW_CQQYYSYPPAF;CARGGDPTWFDPW_CCSYAGSSIVVF;CARAGAVARGYFDYW_CQQYYSFPPTF;CARGRGAAAGTSILNYW_CQQYYSTPLGF;CARGGRVWSQATPTKNWFDPW_CQQYNNWPPWTF;CARKSGPPQYRYFDYW_CQQSYSTPLHF;CARGVGGCSSTSCYTRGYYGMDVW_CQQANSFLTF;CARGVRVAPIDYW_CAAWDDSLWVF;CARGPVYYYGSGSYYYFDYW_CLQDYNYPFTF;CARGTRGRSSGYYSNW_CQQYNNWPPYTF;CARGRSSGYYPHFDYW_CNSRDSSGNHYVF;CARGGRYCSGGSCYNWFDPW_CLQDYNYPWTF;CARVDNVWTTWGYW_CQQSYSTPPTF;CARDRVHDYVWGSYRDLDYW_CQQSYSTLMYTF;CARGPIVVVIAASPYYYYGMDVW_CQQRSNWPPGCTF;CARRYSYGYKRLSGWIWYFDLW_CAAWDDSLNGYVF;CASSGWFDPW_CAAWDDSLSGRVF;CARSLGPEFYYFDYW_CQQSYSTPWTF;CARGMGSSSWYPNTKLVNWFDPW_CQQYYSTPPTF;CARGEYGDYAFDYW_CAAWDDSLNGYVF;CARGTIAVAGKRYYYFDYW_CQVWDSSSDHHVVF;CARALYYDILTGYYPRYYFDYW_CQQLNSYPITF;CARGSGYYVGSYFDYW_CNSRDSSGNHPPVVF;CARDLPAVYYYGMDVW_CQQSYSTLFTF;CARGNTRLRGYSYGLQMARGGYGMDVW_CQQYGSSPGTF;CASSAPPYGHFDYW_CNSRDSSGNHVVF;CARSVTGTMGIYYYGMDVW_CQQYGSSRGTF;CARGRGYYGSGSYFSFSYYYGMDVW_CAAWDDSLNGQVF;CARDRRGYSYGYPWFDPW_CNSRDSSGNHRVF;CARGRVYGDYVFWFDPW_CQQSYSTPLTF;CARAYGMDVW_CQKYNSAPYTF;CARGTRGRSSGYYSNW_CQQYNNWPPYTF;CASLERVRRFYYYYGMDVW_CLLYYGGARVF;CARYNWNLNFDYW_CAAWDDSLNANYVF;CSIHPYYYDSSSHSEYFQHW_CQQYDNLPPAF;CARGSPYCSGGSCYLNWFDPW_CQQYYSYPRTF	0	NA
9	14	CARSGTTYYDILTGYYNYW_CQQYGSSRWTF;CARGNDYYGSGEFDYW_CSSYTSSSTLVF;CARDGDTAMVINYFDYW_CQSADSSGTYWVF;CARGKGEGRYYYDSSGYYYFDYW_CQQRSNWPPLTF;CARNKQHIVGATLHTHYSNWFDPW_NA;CARTSRGLIAAAAAVDYW_NA;CAKRGGLMVRGVAVDYW_CQQYYSYPWTF;CAKGGWFGELLFRLDYW_CQQYDNLLTF;CARRLAYNGNWDYGDFDYW_CCSYSKTATF;CARERPRGAAETW_CQAWDSSTWVF;NA_CQQRSNWPPYTF;NA_CCSYAGSSTVVF;CARDSKQQLADNWFDPW_CQAWDSSTLVVF;CARLWVFLTMVRGPDFDLW_CHQSSSLPLTF	22	30	CARDEGIAARTRGETHYYYYGMDVW_CQQYYSTPYTF;CAREPPDLTMVRTKGVRWFDPW_CQQYYSNPLTF;CARDEMVRRDGYNFAFDIW_CQQYYSTPPLTF;CAKDGIVFYGSGSYNDYW_CQQYYETPTF;CARVRGAFGEPPPYNWFDPW_CQSADSSGTYYVF;CARGGLYSSSWSVHSTFQHW_CQQYGSSPRTF;CARDLGARDGYNKFDYW_CQQYYSTPALTF;CAHTPGSGQKGSIYW_CQQYYSTPWTF;CARLGPYGSGSYSPVDYW_CQQYYSNPQAF;CARGAAAGTLDAFDIW_CQQYYSTPLTF;CAADRIRGSSANYDYGMDVW_CQQYYSLRTF;CTRGGGALGNW_CQQYYSIPWTF;CARGPGIYGDYGGGRPGYFDYW_CQQYYSTPPITF;CARGPSRSYNVYYFDYW_CQQYYSTGTF;CARGRGARYDYGYGLVPNYFDYW_CQQHSSSPPTF;CARGPMTTVATPRTQYFQFW_CQQYYSTPWTF;CSKDWAATGREIGYW_CQQYYRTPYTF;CARRDCSGGSTQSLPQRHLTCYYGMDVW_CQQYYSTLYTF;CARDQYSSGWYLGGWGYFDYW_CQQYYSTLRTF;CARGVVGHPHLIDFW_CQQYYHMGTF;CARQDCSGGSCYLDYW_CQVWDSSSDHPVF;CAKGYSSSWYYNYGMDVW_CQQYYSTPTF;CARDRYFGPW_CQQYYSTPWTF;CARITMIGGAFDIW_CQQYYSTPSITF;CVRGGSGTLSWYDSW_CQQYLSSPDTF;CTRDLLVNWNDPGLISYYNSFDVW_CQQYYNSPRTF;CARSDDNGDYVFNYW_CQQYYSTPPTF;CARELASHLGDYFDYW_CQQYYSTPPKTF;CARKARQWEVAIDSW_CHQYYTTPLF;CSVYDSSGYLYGAFDIW_CQQYYSTPLTF	0	NA
15	98	CAKDFHRLTLLRYCSGGSCYSAFDIW_CCSYAGSSTYVF;CAKRPDTTGRSWYFDYW_CQQYNNWLWTF;CAKFDIAAADTGKGEDYW_CMQGTHWPPLTF;CAKDSLFDRIILIATDIW_CAAWDDSLNGWVF;CAKYPSFSSRRWYFDLW_CQQYNNWPPPYTF;CAKLPSYSYGPFDYW_CQVWDSSSDHPVF;CAKDRQQLVIDAFDIW_CQQANSFSYTF;CARRRYYGGNSNKGWYFDLW_CQQRSNWRTF;CAKVLGFGPHYDILTGYYPFDYW_CQQSYSTPLTF;CASVQWLVDYW_CQQSYSTPMYTF;CAKDQSPSAKNGDYVSFDYW_CMQALQKTF;CAKDLRFLEWLLPYYYGMDVW_CMQALQTPWTF;CAKDPNYWRYFDWLTGYYFDYW_CQQRSNWPPWTF;CARDGGFGGSWLDPW_CQQRSHFRTF;CAKGEQFIAVNNWFDPW_CQQRSNWPITF;CAKDIRGNSWYGDSEGIW_CMQGTHWPYTF;CASGMVDFDYW_CMQGTHWPPTF;CAKGDSRYWYFDLW_CQQRSNWPLTF;CARGSISSQRWFGPW_CQQYNYYYTF;CAKWGHSSWYDNWFDPW_CQSADSSGTYVVF;CARGGAVLRYFDWEPQGPLEDNWFDPW_CQQRSNTWTF;CARNMASGMDVW_CQQRSNWPLFLTF;CAKMGASRWGPSYYFDCW_CQQYGSSPRTF;CAHRPLDILTGYRVDYFDYW_CQQSYSTLGTF;CAKDHPTNWFDPW_CQQYYSYPRTF;CAKAQNYYDSSGYYPFDYW_CQVWDSSSDHSVVF;CAKAPESSAYYGPDYW_CAAWDDSLSGHWVF;CAKGATSCAYW_CQQSYSTPRTF;CARGRLGGYSLPGFDYW_CNSRDSSGNHVVF;CARAIWYYDILTGYYSYYGMDVW_CSSYAGSNNLEVF;CARARGDFWSGYTHWYFDLW_CQQRSNWPPWYTF;CAKASARYCSGGSCYGTAFDIW_CQQSYSTPVF;CAKFHDSSGYYYLYGFDYW_CQAWDSSTYVF;CAKGAAASRTDYW_CQQSYSTPPYTF;CAQTGILTGYPRVGNAFDIW_CQQRSNWLGFTF;CAKDEWERGAFDIW_CQQYNSYSPWTF;CAKADLLYSGSYGAW_CQQSYSTPYTF;CAKDGIVVVTAIKFGHGMDVW_CQQANSFPYTF;CAKRLDYW_CMQATQFPYTF;CANISPPPRYYGSGSYYNFAFDIW_CQQLNSYPFTF;CAKDYDSGSYYEGGAFDIW_CQQRSNWPLTF;CAKEDYNSGSCLDYW_CQQLNSYPQVTF;CAQIAAAGTMGFDYW_CQQRSNWPSLTF;CAKVRGIVGATPCYFDYW_CQVWDSSSDHPVF;CTTEVCSGYDCDLGDYW_CQQRSNWPTF;CARSVDTAMGNAHDW_CQQYGSSPPTF;CAKDRGYRGDYSNWFDPW_CQQYNSYPRTF;CARDRPPYSNYVIYGMDVW_CQQRSNWPPLTF;CAKPSIVATIWAFDYW_CQQYDNLPPITF;CARDHKQWRVSYVWFDPW_CQQRNTWPRPTF;CAKGRYSSSWYEDWYFDLW_CQQRSNWPPLTF;CARDISKGAAGTGDWFDPW_CQQRSNWPLTF;CAKDAEGQGPVLLWLGGMDVW_CQQYNSYSYTF;CATGIAVAGTLGYYGMDVW_CQQYNNWPRFTF;CAKGTHYYGSGSMWGMDVW_CQQRSNWPPYTF;CAREGEITMIVANDAFDIW_CQQSYSTPPTF;CATSDWSW_CQQRINWPITF;CAKASVAVAGTGGMDVW_CQVWDSSSDHVVF;CAKFFVVLSFWSGYYDYW_CQQLNSYPQTF;CAKGRNFVVVTAICDYW_CQQYGSSPLTF;CAKSLKLFAIDYW_CQSADSSGTYWVF;CANDRDASSAWYGPVGYW_CQQHYSTPGTF;CAKGGYCSGGSCPLDYYYGMDVW_CMQALQTPLTF;CARARSSGWYHYW_CQQRSNWPPTF;CAKDHDEGATTYFDYW_CQAWDSSTVVF;CAKDSRYSLLIAVAGTEDYW_CQQRSNWPWTF;CAKDRGPAEKYYYDSSGTQLIGAFDIW_CQQYYSYPPGTF;CAKVEGIWFGELSDFYYYYGMDVW_CQQRSNWPLTF;CAKALHAAVVGPAAIPFDYW_CSSYVGSNNYVF;CAKDHLMITFGGVGQGVPWFDPW_CQKYNSAPRTF;CAKAEGVKYNWNYGDYW_CQQSGSSPPTF;CATDLNLAVAGEGGYW_CQQRSNWPLTF;CARDSYDFWSGYTPPNYYYYYGMDVW_CQQRSNWYTF;CAKETLGAVDYW_CCSYAGSSRVF;CAKAAMVRGVIDWYFDLW_CQQYYSYPPFTF;CASATTVSHW_CQQRSNWPLTF;CAKGGGADFDHW_CQQYSIWPLSF;CAKDRDGYNADDAFDIW_CQQSYSTPLTF;CAKSYGSGSYYRTSEYYFDYW_CQQYNNWPPGTF;CARDCSSTSCLAYW_CQLRSNWPTF;CAKRDSSSWGWDRGAFDIW_CQQLNSYPGFTF;CAKGFDYYGSGSYSPFDYW_CQQYNNWPPEYTF;CARHEKGIAAAVYYFDYW_CQQRSNWPLTF;CAKDGRWELGTFDIW_CQQYDNLPQF;CAKDRRLGPWIPDYW_CQQYDNLPQAF;CAKDVTDGYNIPYYFDSW_CQQRSNWPLTF;CAKDRCTITSCSYQNW_CMQALQIPPTF;CAKDRSFDYPDYW_CQQYYSFPYTF;CTSWAIPQALTDYYYYGMDVW_CQQRSNWPPSITF;CAKLGEEDGSGSPSYYYYGMDVW_CQQYNNWPPLTF;CAKILYSSGWWGGAFDIW_CQQYNSYPLTF;CAKDDDRGYGWFGELLGRYGMDVW_CQQRSNWLLTF;CAKDKASSWQDRYYYYGMDVW_CVLYMGSGIRVF;CAKVGVGATSHFDYW_CQQSYSTPRYTF;CAKDLPRSVVVTANSYYYGMDVW_CQQYNSYPVTF;CTTPTWGNYYYYGMDVW_CQQRSTGRDTF;CARVFRRYGSGSYYNLW_CQQRSNWLTF;CARDPGDYVEIEWYFDLW_CQQRSNWPRLTF	1	1	CARDPHYYDSSGYYYWYFDLW_CSSYAGSNNPYVF	0	NA
15	98	CAKDFHRLTLLRYCSGGSCYSAFDIW_CCSYAGSSTYVF;CAKRPDTTGRSWYFDYW_CQQYNNWLWTF;CAKFDIAAADTGKGEDYW_CMQGTHWPPLTF;CAKDSLFDRIILIATDIW_CAAWDDSLNGWVF;CAKYPSFSSRRWYFDLW_CQQYNNWPPPYTF;CAKLPSYSYGPFDYW_CQVWDSSSDHPVF;CAKDRQQLVIDAFDIW_CQQANSFSYTF;CARRRYYGGNSNKGWYFDLW_CQQRSNWRTF;CAKVLGFGPHYDILTGYYPFDYW_CQQSYSTPLTF;CASVQWLVDYW_CQQSYSTPMYTF;CAKDQSPSAKNGDYVSFDYW_CMQALQKTF;CAKDLRFLEWLLPYYYGMDVW_CMQALQTPWTF;CAKDPNYWRYFDWLTGYYFDYW_CQQRSNWPPWTF;CARDGGFGGSWLDPW_CQQRSHFRTF;CAKGEQFIAVNNWFDPW_CQQRSNWPITF;CAKDIRGNSWYGDSEGIW_CMQGTHWPYTF;CASGMVDFDYW_CMQGTHWPPTF;CAKGDSRYWYFDLW_CQQRSNWPLTF;CARGSISSQRWFGPW_CQQYNYYYTF;CAKWGHSSWYDNWFDPW_CQSADSSGTYVVF;CARGGAVLRYFDWEPQGPLEDNWFDPW_CQQRSNTWTF;CARNMASGMDVW_CQQRSNWPLFLTF;CAKMGASRWGPSYYFDCW_CQQYGSSPRTF;CAHRPLDILTGYRVDYFDYW_CQQSYSTLGTF;CAKDHPTNWFDPW_CQQYYSYPRTF;CAKAQNYYDSSGYYPFDYW_CQVWDSSSDHSVVF;CAKAPESSAYYGPDYW_CAAWDDSLSGHWVF;CAKGATSCAYW_CQQSYSTPRTF;CARGRLGGYSLPGFDYW_CNSRDSSGNHVVF;CARAIWYYDILTGYYSYYGMDVW_CSSYAGSNNLEVF;CARARGDFWSGYTHWYFDLW_CQQRSNWPPWYTF;CAKASARYCSGGSCYGTAFDIW_CQQSYSTPVF;CAKFHDSSGYYYLYGFDYW_CQAWDSSTYVF;CAKGAAASRTDYW_CQQSYSTPPYTF;CAQTGILTGYPRVGNAFDIW_CQQRSNWLGFTF;CAKDEWERGAFDIW_CQQYNSYSPWTF;CAKADLLYSGSYGAW_CQQSYSTPYTF;CAKDGIVVVTAIKFGHGMDVW_CQQANSFPYTF;CAKRLDYW_CMQATQFPYTF;CANISPPPRYYGSGSYYNFAFDIW_CQQLNSYPFTF;CAKDYDSGSYYEGGAFDIW_CQQRSNWPLTF;CAKEDYNSGSCLDYW_CQQLNSYPQVTF;CAQIAAAGTMGFDYW_CQQRSNWPSLTF;CAKVRGIVGATPCYFDYW_CQVWDSSSDHPVF;CTTEVCSGYDCDLGDYW_CQQRSNWPTF;CARSVDTAMGNAHDW_CQQYGSSPPTF;CAKDRGYRGDYSNWFDPW_CQQYNSYPRTF;CARDRPPYSNYVIYGMDVW_CQQRSNWPPLTF;CAKPSIVATIWAFDYW_CQQYDNLPPITF;CARDHKQWRVSYVWFDPW_CQQRNTWPRPTF;CAKGRYSSSWYEDWYFDLW_CQQRSNWPPLTF;CARDISKGAAGTGDWFDPW_CQQRSNWPLTF;CAKDAEGQGPVLLWLGGMDVW_CQQYNSYSYTF;CATGIAVAGTLGYYGMDVW_CQQYNNWPRFTF;CAKGTHYYGSGSMWGMDVW_CQQRSNWPPYTF;CAREGEITMIVANDAFDIW_CQQSYSTPPTF;CATSDWSW_CQQRINWPITF;CAKASVAVAGTGGMDVW_CQVWDSSSDHVVF;CAKFFVVLSFWSGYYDYW_CQQLNSYPQTF;CAKGRNFVVVTAICDYW_CQQYGSSPLTF;CAKSLKLFAIDYW_CQSADSSGTYWVF;CANDRDASSAWYGPVGYW_CQQHYSTPGTF;CAKGGYCSGGSCPLDYYYGMDVW_CMQALQTPLTF;CARARSSGWYHYW_CQQRSNWPPTF;CAKDHDEGATTYFDYW_CQAWDSSTVVF;CAKDSRYSLLIAVAGTEDYW_CQQRSNWPWTF;CAKDRGPAEKYYYDSSGTQLIGAFDIW_CQQYYSYPPGTF;CAKVEGIWFGELSDFYYYYGMDVW_CQQRSNWPLTF;CAKALHAAVVGPAAIPFDYW_CSSYVGSNNYVF;CAKDHLMITFGGVGQGVPWFDPW_CQKYNSAPRTF;CAKAEGVKYNWNYGDYW_CQQSGSSPPTF;CATDLNLAVAGEGGYW_CQQRSNWPLTF;CARDSYDFWSGYTPPNYYYYYGMDVW_CQQRSNWYTF;CAKETLGAVDYW_CCSYAGSSRVF;CAKAAMVRGVIDWYFDLW_CQQYYSYPPFTF;CASATTVSHW_CQQRSNWPLTF;CAKGGGADFDHW_CQQYSIWPLSF;CAKDRDGYNADDAFDIW_CQQSYSTPLTF;CAKSYGSGSYYRTSEYYFDYW_CQQYNNWPPGTF;CARDCSSTSCLAYW_CQLRSNWPTF;CAKRDSSSWGWDRGAFDIW_CQQLNSYPGFTF;CAKGFDYYGSGSYSPFDYW_CQQYNNWPPEYTF;CARHEKGIAAAVYYFDYW_CQQRSNWPLTF;CAKDGRWELGTFDIW_CQQYDNLPQF;CAKDRRLGPWIPDYW_CQQYDNLPQAF;CAKDVTDGYNIPYYFDSW_CQQRSNWPLTF;CAKDRCTITSCSYQNW_CMQALQIPPTF;CAKDRSFDYPDYW_CQQYYSFPYTF;CTSWAIPQALTDYYYYGMDVW_CQQRSNWPPSITF;CAKLGEEDGSGSPSYYYYGMDVW_CQQYNNWPPLTF;CAKILYSSGWWGGAFDIW_CQQYNSYPLTF;CAKDDDRGYGWFGELLGRYGMDVW_CQQRSNWLLTF;CAKDKASSWQDRYYYYGMDVW_CVLYMGSGIRVF;CAKVGVGATSHFDYW_CQQSYSTPRYTF;CAKDLPRSVVVTANSYYYGMDVW_CQQYNSYPVTF;CTTPTWGNYYYYGMDVW_CQQRSTGRDTF;CARVFRRYGSGSYYNLW_CQQRSNWLTF;CARDPGDYVEIEWYFDLW_CQQRSNWPRLTF	2	2	CAREVVLMVHRRGGLNMDVW_CQQYYSTPLTF;NA_CQQANSFPLTF	0	NA
15	98	CAKDFHRLTLLRYCSGGSCYSAFDIW_CCSYAGSSTYVF;CAKRPDTTGRSWYFDYW_CQQYNNWLWTF;CAKFDIAAADTGKGEDYW_CMQGTHWPPLTF;CAKDSLFDRIILIATDIW_CAAWDDSLNGWVF;CAKYPSFSSRRWYFDLW_CQQYNNWPPPYTF;CAKLPSYSYGPFDYW_CQVWDSSSDHPVF;CAKDRQQLVIDAFDIW_CQQANSFSYTF;CARRRYYGGNSNKGWYFDLW_CQQRSNWRTF;CAKVLGFGPHYDILTGYYPFDYW_CQQSYSTPLTF;CASVQWLVDYW_CQQSYSTPMYTF;CAKDQSPSAKNGDYVSFDYW_CMQALQKTF;CAKDLRFLEWLLPYYYGMDVW_CMQALQTPWTF;CAKDPNYWRYFDWLTGYYFDYW_CQQRSNWPPWTF;CARDGGFGGSWLDPW_CQQRSHFRTF;CAKGEQFIAVNNWFDPW_CQQRSNWPITF;CAKDIRGNSWYGDSEGIW_CMQGTHWPYTF;CASGMVDFDYW_CMQGTHWPPTF;CAKGDSRYWYFDLW_CQQRSNWPLTF;CARGSISSQRWFGPW_CQQYNYYYTF;CAKWGHSSWYDNWFDPW_CQSADSSGTYVVF;CARGGAVLRYFDWEPQGPLEDNWFDPW_CQQRSNTWTF;CARNMASGMDVW_CQQRSNWPLFLTF;CAKMGASRWGPSYYFDCW_CQQYGSSPRTF;CAHRPLDILTGYRVDYFDYW_CQQSYSTLGTF;CAKDHPTNWFDPW_CQQYYSYPRTF;CAKAQNYYDSSGYYPFDYW_CQVWDSSSDHSVVF;CAKAPESSAYYGPDYW_CAAWDDSLSGHWVF;CAKGATSCAYW_CQQSYSTPRTF;CARGRLGGYSLPGFDYW_CNSRDSSGNHVVF;CARAIWYYDILTGYYSYYGMDVW_CSSYAGSNNLEVF;CARARGDFWSGYTHWYFDLW_CQQRSNWPPWYTF;CAKASARYCSGGSCYGTAFDIW_CQQSYSTPVF;CAKFHDSSGYYYLYGFDYW_CQAWDSSTYVF;CAKGAAASRTDYW_CQQSYSTPPYTF;CAQTGILTGYPRVGNAFDIW_CQQRSNWLGFTF;CAKDEWERGAFDIW_CQQYNSYSPWTF;CAKADLLYSGSYGAW_CQQSYSTPYTF;CAKDGIVVVTAIKFGHGMDVW_CQQANSFPYTF;CAKRLDYW_CMQATQFPYTF;CANISPPPRYYGSGSYYNFAFDIW_CQQLNSYPFTF;CAKDYDSGSYYEGGAFDIW_CQQRSNWPLTF;CAKEDYNSGSCLDYW_CQQLNSYPQVTF;CAQIAAAGTMGFDYW_CQQRSNWPSLTF;CAKVRGIVGATPCYFDYW_CQVWDSSSDHPVF;CTTEVCSGYDCDLGDYW_CQQRSNWPTF;CARSVDTAMGNAHDW_CQQYGSSPPTF;CAKDRGYRGDYSNWFDPW_CQQYNSYPRTF;CARDRPPYSNYVIYGMDVW_CQQRSNWPPLTF;CAKPSIVATIWAFDYW_CQQYDNLPPITF;CARDHKQWRVSYVWFDPW_CQQRNTWPRPTF;CAKGRYSSSWYEDWYFDLW_CQQRSNWPPLTF;CARDISKGAAGTGDWFDPW_CQQRSNWPLTF;CAKDAEGQGPVLLWLGGMDVW_CQQYNSYSYTF;CATGIAVAGTLGYYGMDVW_CQQYNNWPRFTF;CAKGTHYYGSGSMWGMDVW_CQQRSNWPPYTF;CAREGEITMIVANDAFDIW_CQQSYSTPPTF;CATSDWSW_CQQRINWPITF;CAKASVAVAGTGGMDVW_CQVWDSSSDHVVF;CAKFFVVLSFWSGYYDYW_CQQLNSYPQTF;CAKGRNFVVVTAICDYW_CQQYGSSPLTF;CAKSLKLFAIDYW_CQSADSSGTYWVF;CANDRDASSAWYGPVGYW_CQQHYSTPGTF;CAKGGYCSGGSCPLDYYYGMDVW_CMQALQTPLTF;CARARSSGWYHYW_CQQRSNWPPTF;CAKDHDEGATTYFDYW_CQAWDSSTVVF;CAKDSRYSLLIAVAGTEDYW_CQQRSNWPWTF;CAKDRGPAEKYYYDSSGTQLIGAFDIW_CQQYYSYPPGTF;CAKVEGIWFGELSDFYYYYGMDVW_CQQRSNWPLTF;CAKALHAAVVGPAAIPFDYW_CSSYVGSNNYVF;CAKDHLMITFGGVGQGVPWFDPW_CQKYNSAPRTF;CAKAEGVKYNWNYGDYW_CQQSGSSPPTF;CATDLNLAVAGEGGYW_CQQRSNWPLTF;CARDSYDFWSGYTPPNYYYYYGMDVW_CQQRSNWYTF;CAKETLGAVDYW_CCSYAGSSRVF;CAKAAMVRGVIDWYFDLW_CQQYYSYPPFTF;CASATTVSHW_CQQRSNWPLTF;CAKGGGADFDHW_CQQYSIWPLSF;CAKDRDGYNADDAFDIW_CQQSYSTPLTF;CAKSYGSGSYYRTSEYYFDYW_CQQYNNWPPGTF;CARDCSSTSCLAYW_CQLRSNWPTF;CAKRDSSSWGWDRGAFDIW_CQQLNSYPGFTF;CAKGFDYYGSGSYSPFDYW_CQQYNNWPPEYTF;CARHEKGIAAAVYYFDYW_CQQRSNWPLTF;CAKDGRWELGTFDIW_CQQYDNLPQF;CAKDRRLGPWIPDYW_CQQYDNLPQAF;CAKDVTDGYNIPYYFDSW_CQQRSNWPLTF;CAKDRCTITSCSYQNW_CMQALQIPPTF;CAKDRSFDYPDYW_CQQYYSFPYTF;CTSWAIPQALTDYYYYGMDVW_CQQRSNWPPSITF;CAKLGEEDGSGSPSYYYYGMDVW_CQQYNNWPPLTF;CAKILYSSGWWGGAFDIW_CQQYNSYPLTF;CAKDDDRGYGWFGELLGRYGMDVW_CQQRSNWLLTF;CAKDKASSWQDRYYYYGMDVW_CVLYMGSGIRVF;CAKVGVGATSHFDYW_CQQSYSTPRYTF;CAKDLPRSVVVTANSYYYGMDVW_CQQYNSYPVTF;CTTPTWGNYYYYGMDVW_CQQRSTGRDTF;CARVFRRYGSGSYYNLW_CQQRSNWLTF;CARDPGDYVEIEWYFDLW_CQQRSNWPRLTF	5	441	NA_CQQYDELPVTF;CATTYYYDSSGYYQNDAFDIW_CQQYYSYPRTF;CAREIEGDGVFEIW_CMIWHSSAWVV;CARHIRGNRFGNDAFDIW_CQQYYSFPYTF;CARRLITMIEGGAFDIW_CQVWDSSSDHVVF;CAKVMIEHPSNRGHFDYW_CMQALQTPYTF;CTTDDEKRPYSGSYLPFDYW_CQSYDSSNVVF;CARGGRVSVAVYWDYYYYGMDVW_CQKYNSAPFTF;CAHSAQYYDILTGYYKAPWGGAFDIW_CQQYNSYSWTF;CARDDFGGATFYSSFDYW_CQQSYSTPYTF;CARAAKIFGVVTAFDIW_CQQYGSSPWTF;CVKDYSTSGWYYFDFW_CQQYGSSLPYTF;CARVVPAAFYGMDVW_CQQYGSSLFTF;CAGGSGYCTNGVCYPRGFDYYYGMDVW_CAAWDDSPPWVF;CAKDDTAMVTADFFDYW_CQTWGTGIWVF;CARTPRWLQCFDYW_CQQYNSYSWTF;CARDQWLAYYFDYW_CQSYDSSNHWVF;CAHRYYSNIDYW_CMQGTHWPWTF;CARDWGYYDSSGYSPRGYYYYYGMDVW_CQQLNSYSFTF;CAKDRVGYGDYVDYW_CQQYNNWPPWTF;CARLGSSPYYW_CQSYDSSLSGYVF;CTRYYGDVW_CQQYYSFPWTF;CAKDHYYDSSGYYSGLGYW_CQSADSSGTYRVVF;CATGLVVPAAILYGMDVW_CQQYGSSRGLTF;CAKDDGDAAAGLIYW_CAAWDDSLSGVVF;CAKDGGGEEALELPDYW_CGTWDSSLSAVVF;CATLRYPSLGVDYW_CHQYNNWPFTF;CARKDSSGSDAFDLW_CQQSYSTPYTF;CARDVVQLWYQIDYW_CQQSYSTPPNTF;CAKYVDTAMNQFDPW_CQQANSFPITF;CARGLHYYDSSGRSLYYFDYW_CQQYGSSPPGQTF;CANQPPSLYW_CQQYNNWPGTF;CARVGYDYVWGSYRYTGVMDVW_CSSYAGSSYVF;CARGRPYYYDSSGYPYDAFDIW_CMQALQTPLTF;CAKERVVTAIPVVIFDYW_CQQSYSTPRLTF;CARPYGDYAYFDYW_CQSYDSSLSGYVF;CARDWWERQDSKRPDYFDSW_CQQTNSFPITF;CARHSNDGSDYFDYW_CQESYGALLTYTF;CASTEIEMLVPRYCSSTSCYFVWFDPW_CGTWDSSLSAGHGVF;CASASSTGTDAFDIW_CQAWDSSTHVVF;CARDGSWYAAWFDPW_CQSYDSSLSGSVVF;CARDPSLGDPGWGYFDYW_CQQYNSYSTWTF;CVREMTGSFTGGLDPW_CMQGTHWPPTF;CAREVNTAMAYYYYYYGMDVW_CQQYGSSQWTF;CARERRGGGHYYDSSGYYLSDYW_CQQSYSTP;CARGGGYSSGWATREVVYW_CQSYDSSLGAVF;CAKVPTVTTFLGYYYGMDVW_CQQSYSTPWYTF;CARDLRPAANFDYW_CQVWDSSSDYVF;CARLSYSSSWYYFDYW_CQQSYSTLYTF;CARVPKVRYCSSTSCYKDYYYGMDVW_CQVWDSSSDSWVF;CATWHYYDSSGEDGMDVW_CQQYNNWPRTF;CARGRSSWHLDYW_CMQALQTPFTF;CARDPWELHGFDYW_CQQYGSSSFTF;CAREAYYYGMDVW_CNSRDSSGNHNYVF;CARDRSVVTMVRGVIPFYW_CCSYAGSYTVVF;CARHEKMNYYDILTGYSPPYYYYYGMDVW_CQSYDSSLSAYVVF;CAHYQGIAVTGTWFDPW_CQSYDSSNVVF;CARESSSWFPYW_CQQSYSTPFTF;CARERDYSPGRYYGMDVW_CGTWDSSLSAGVF;CARHPTPAAMVGYYYYGMDVW_CQQANSFPLTF;CARDGPMTAIGGYGMDVW_CQSYGSLGGSVF;CAKGRTTEGTDAFDMW_CQQVHSYPITF;CAKDRSSLLWFGELLYMPEEYGMDVW_CQQYNNWPLTF;CTNYGMDVW_CSSYAGSNNWVF;CARVDSFAPNSGYGAQLLNWFDPW_CQQYNNWPLTF;CAREDYDTASFGYW_CQQYDNLPYTF;CAKDFGRGSYHRAEYFQHW_CQQYNNWPPWTF;CARGGSLPLITMIVGFFW_CQQYGSSPEYTF;CTREAEMATISIDYW_CQVWDSSSDHVVF;CARDAPIWDTAIVYW_CQQYGSSLPWTF;CARLLVSAYNWFDPW_CQQSYSIPAF;CARIPMTTVTSYGMDVW_CQQYGSSSITF;CARDDEWEPYDYW_CCSYAGSSTYVF;CTTVLRYFDWLLSDYGMDVW_CLLSYSGARGVF;CAIGTGIVGTTFPREYW_CMQALQTSWTF;CAKDMELGWLIDYW_CMQALQTPLTF;CARETVVTPQNAFDIW_CAAWDDSLNGYVF;CARERNIVVVPAAETFDYW_CQQYNNWPPLTF;CARIGFGEYDYGMDVW_CQSYDSSLSVVF;CARGVGATDFDYW_CQSYDSSLSGVVF;CARDPSNWGSFGYW_CQAWDSSTYVF;CARVDGYNYSFDYW_CQQYNNWWTF;CAKEPYGGNSFVYYFDYW_CQQYGSSPGLTF;CAKAEWGGTENYIPYYFDFW_CQSYDNNNLIF;CARSHCSSTSCYPNYYYGMDVW_CQQSYSTPRTF;CARDFGERYCSGGSCYSFDPYYYYGMDVW_CLQHNSYPWTF;CAKEYPGPGQLDDAFDIW_CQSYDSSLSGKVF;CARVDTAMVTGLAISPPWDYGMDVW_CQQYNSYPWTF;CAKDIGDGSGSNSQKRDYYYGMDVW_CQQSYSTPRTF;CATDPYNSGWFASLKNQVLYYW_CQQSYSTPQTF;CAREHTGGWLQRYIDYW_CQSADSSGTYPRVVF;CARGYCDSTSCYAVGYFDLW_CQTWGTGIVVF;CARDPDPNWSKDWFDPW_CQQYNNWPPLTF;CAKGRYSFGLDNFDYW_CQQDGNSPTF;CASRAVQSSGWRQDYYYGMDVW_CQSYDSSLSGVF;CAREASEGPW_CQSYDSSNSWVF;CARLGGYSSRGNWFDPW_CQQSYSTPPYTF;CARDPHHTFGGVLVW_CQKYNSARTF;CAGYYYDSSGYLSSFDIW_CQSYDSSLSVVF;CARLPYRYSGSSNDAFDIW_CAAWDDSLSGPVF;CARAGYGDYVGDFDYW_CQSADSSGTYVVF;CARDYYGSRSDSGMDVW_CQQSYTTPYTL;CAKDGREAAAGTDYYYGMDVW_CQAWDSSTVVF;CARDSPGWGSSGFYYGMDVW_CQQYGSSPRYTF;CARVSGDTMIVVVHRDGMDVW_CQQYNSYSVTF;CAKNLATTGSHW_CLQDYNYPRTF;CAKDGGRGVVIIFYFDYW_CQQYGSSPITF;CARGIAVVTLWGPFDIW_CQQYNNWPRTF;CARDRWVPAAVPHYYYYGMDVW_CQQANSFPLTF;CAREGAAGPPPGHYYYYGMDVW_CMQALQTPFTF;CAKQGHFTDTKRIDYW_CQQYDSYPITF;CAVIPVTGQEASLSAEYFQHW_CQQSYSTPFTF;CARDSPSSGSYGLFDYW_CQTWGTGIRRVF;CASPGGGLLWFGELFRSYFDYW_CVLYMGSGFWVF;CAHRPVSDDILTGYRYNWFDPW_CQSYDSSLSGSVVF;CARGFIGYNFDSW_CQQSYRTPITF;CAREEGYCSGGSCEYNYYYGMDVW_CQQYGSSLITF;CARGRRVFLALSYW_CQQYGSSPHTF;CARGAGRIGQVDVW_CQQYNNWHTF;CARGYYDSSGQSLDYYYYGMDVW_CQQYYSYPFTF;CARTGKNGSGSYWFDPW_CQQYRTF;CARTDIVATPDGGFDYW_CQTWGTGIHVVF;CAREGFYYYGSGSVSGGNWFDPW_CQVWDSSTVVF;CAKVPLGWGAAGGAYFDYW_CQQYGSSPATF;CARVGCSGDTCYSYDWFDPW_CGTWDSSLTAVVF;CARGGILTGKLSDYW_CQQYDNLPTF;CAHGLTGYYTYYFDYW_CQQYYSFPPTF;CARQVGANPFADYW_CAAWDDSLSGPVF;CSVYDAERGYFDYW_CCSYAGGDTSYYVF;CARLYGDYGDYW_CNSRDSSGNLFVVF;CARPYSSSWSPMDVW_CQSYDSSLSGHVVF;CARDKGYSSSWYIRSSWFDPW_CLLSYSGARLVF;CARAVCGDDCYLLDSW_CAAWDRSLGAVVF;CARTTTVVTGDAFDIW_CQSADSSGTYPVF;CAKGRGDYYYYGMDVW_CQQYDNLPITF;CTTGGALNYW_CQAWDSSTACVF;CARDLTTRDYSDAFDIW_CQQYGSSPRTF;CARAGLEINTPDSSGYYYGGGYFDYW_CQQYDNLPPRRFTF;CAKDHGYDFWSGYSDAFDIW_CQQSYSTPLYTF;CARESGYTNYYYYGMDVW_CQQYNSYPLTF;CARKYQLPYYYGMDVW_CQQSYNTPDTF;CARDSTYYYDSSGYPVSDAFDIW_CQQSYSTRRYTF;CAREVYSSSTNWFDPW_CQVWDSSTDVVF;CARANAEYSSSLLFDYW_CQSYDNSLSAYVF;CAHSPYDYVWGSYRQSWFDPW_CQAWDSSTVF;CTTIYYDILTGDYW_CMQALQTPITF;CARLDYDFWSGTPERMDVW_CQQYGSSPPWTF;CARVRKNWNYDLDDWYFDLW_CQVWDSSSDHYVF;CATRRVRGEGLAYW_CQQYNSYSRTF;CARNYDSSGYYVPPYFDYW_CQQYNNWPPYTF;CARDPANYFDYW_CQQSYSTLWTF;CAREESSSWYRYW_CQQYGSSPLTF;CARIVQGGSYLSGGIDYW_CMQSIQLLFTF;CARDRLIIRFLERPNWFDPW_CCSYAGSSTPVF;CAREYSNNWYFFDYW_CQQYAGSPLTF;CARVSGVGTSFAGFDPW_CQSADISATVF;CAREPTPRYSGSYRGFNYFDYW_CQQYYSFPLTF;CARAADYCTSASCPNEYFQHW_CQSYDSSLSVF;CARGRMTVHNDDSGFPEYLYYYGLDVW_CMQVMDNPRTL;CATSRVAVAGVDYW_CQSYDSSLSGVVF;CARDLGIAVAGRVEGYFDYW_CCSYAGSYTLVF;CARDVSNVLVIAVSPSWFDPW_CQQTYSIPYTF;CARDAPDRGSSWYSALFDYW_CQQYNNWPPTF;CARRDGGYCSSTSCSFDYW_CQQYNSYSPTF;CARAEIFGVVIQAFDYW_CQSYDSSLSGSVF;CVKKVIGFDDW_CQQSDTFGYTF;CAKGMDGSGSYYNKDGMDVW_CQAWDSSTGVF;CARVNGLLGEYYYGMDVW_CMQALQTPPNTF;CAKDWAVGWEFVDSW_CQQSHTVPLTF;CARDEGAAAYFDYW_CCSYAGSSTCWVF;CARAAGYCSSTSCYEIYYYYGMDVW_CQSYDSSLSVPF;CTRSYVLRFLEWFSPFDYW_CQQYGSSLWTF;CASSGSYQGNWFDPW_CQQSYSTPYTF;CARSPPRYDLSLVDAFDIW_CQQYNSYSTTF;CARETIAAAGSNFDYW_CQQSYSTPRTF;CARVSGYSYYFDYW_CQQLNSYLLTF;CATYIAAPRDYYYGMDVW_CMQALQTPYTF;CATGKTYSAPHAYYYFDYW_CQQANSFPRTF;CAKEVHSSGFDYW_CQSADSSGTYPWVF;CTTDHIVVVTAMIFGYYFDYW_CQQLNSPLTF;CAREGPTVTKFDYW_CQSYDSSLSGSVF;CEVKAAAGNFYW_CSSYAGSVVF;CAKDIEGGSGYYLTPGGFQHW_CCSYAGSSTFVVF;CARDAMAIGDYYYYGMDVW_CQQLNSYPSLTF;CARREGAGYDILTGSYYYYYGMDVW_CLLYYGGAQLGVF;CTTRLWRISQYYYDSSGYGHFDYW_CQSADSSGTYVF;CARTTLLAAAIDYW_CQQYYSFPYTF;CARAKAARPTPTYYYYYYGMDVW_CQAWDSSTGDVF;CARSGYDSSWVGYDFDYW_CQAWDSSTPVF;CAREGLEIDAFDIW_CQQSYSTPWTF;CAHTSAYYDSSGYYPPFDYW_CQQSYSTPLTF;CARATQDSSGWYGFWYFDYW_CQQYNNWPPTF;CARMLVVVAATGYYYYGMDVW_CQQYGSSQTF;CAREAYDSSAYSTIDYW_CQTWGTGIHVF;CATSLVVVPAAILRGGVGGHYYGMDVW_CGTWDSSLSAVVF;CARSAGSSGSFEYFQHW_CQQYGSSPLYTF;CARRLFLYSSSGYYFDSW_CQQASSFPPLSF;NA_CQQSYNTPRTF;CARGGGAVAGTIDFHYW_CCSYAGTDLWLF;CAKDRGYYDSSGYYYSDYGMDVW_CQSADSSGTYVF;CAKDGFGGASDHW_CQHYDRSPWTF;CARAIQMGCSDGSCLW_CQQYDNLPSYTF;CARKGRWLPDGDDAFDIW_CQQYYSYPLTF;CARAGLRSWFDPW_CMQSIQLPNTF;CARHSYGAYYYYGMDVW_CQQYGGSPLFTF;CAAGVMTARYDYW_CQQSYSTPLTF;CAHFMTTVTTGYFDPW_CIQVRQTPFTF;CAREGGGDILTTYYYYGMDVW_CQQYGSSTRALTF;CARGFGGGDYRSMDVW_CQQLITYPITF;CARTTYGGNSLNWFDPW_CQVWDSSSDHPVF;CARGYGSGNYYYYGMDVW_CMQALQTPWTF;CARSNYDILTGLDYW_CMQALQTPYTF;CAREDSGSYGYFDYW_CQQYNNWPQTF;CARRVLYYRFDPW_CNSRDSSGNHLF;CARGDYDYVWGSSPDAFDIW_CMQGTHWPLTF;CARDVRGYYYDSSGYSGEGYWW_CQQSYSTPYTF;CTRDRYSSSWYKGLYYYYGMDVW_CQQSYSTPYTF;CARVFFRVVYAMAYW_CQQYNNWPPMYTF;CASSLRYFDWTVNNWFDPW_CQQYGSSPQTF;CTRGYCSSTSCYTGWFDPW_CQAWDSSHVVF;CARDGRWELLGNQHW_CCSYAGSSTYVF;CARVYYDSSGYYYFDYW_CQQSYSTPWAF;CARGRVRWELLGDDAFDIW_CQQYDNLPLTF;CCTYVFVGIVPTIVDYW_CQQYNDWPPAGTF;CARDIQYYYDSSGYDAFDIW_CQQSYSTPWTF;CATSWGIAALYGMDVW_CNSRDSSGNPYVF;CAKDYPVAGDLDAFDIW_CCSYAGSSTWVF;CARANWDNWNDGLDYW_CGTWDSRLSSYVF;CARAGYCSSTSCSKEDVW_CQQSYSTPPRTF;CAREPLGGDYYYYYYGMDVW_CQQYGSSPTF;CARLSLRARFRGAFDIW_CCSYAGSYSVVF;CAHSLPSDIDYYYDSSGYSPSPPLFDYW_CQQYNNWPLTF;CASGYGGKTYYFDYW_CQQYGSSPGTF;CLGRELGHSW_CLQHNSYPWTF;CTAVLRYFDWLLMEAHENYYYYGMDVW_CQSADSSGGVF;CARDRSRWEFLYYFDYW_CQQYGSSGYTF;CARARYYDSNSYSYAW_CQTWGTGIWVF;CARLDYYDSSGYYDW_CQTWGTGIPVF;CARDYIAVAGPGENWFDPW_CQQSYSTRTF;CARDRGGYGVRWFDPW_CQQYDNLPPTF;CARRGNAIFGVVTHYYYYGMDVW_CMQALQTPLFTF;CSNYDILTGYYWFHYW_CQQYNNWPFTF;CASSFLDTSIVEYYFDYW_CATWDDSLSGLF;CARIVVVVTSRWFDPW_CQVWDSSSDHYVF;CARSLEWLDDYW_CQSYDSSLSGSVF;CARDAYGGYSFYYYGMDVW_CQQYGSSPFTF;CAGGSGSYYHLDPW_CQQANSFPYTF;CARPRLDYGDYGAGLGYW_CQKYNSAPFTF;CARDRGLRKKYFQHW_CQQYGSSPSTF;CVSQLYYLDGRGYYYDYYYDYW_CLQHHDYPWTF;CTTVSPYGDYVGVYFDYW_CQQYYSYPPTF;CAKDFMEYYYYGMDVW_CSAWDSSLSAVVF;CARSPGSGSYTW_CQQYGSSPLTF;CARLPYAGGPYYYYGMDVW_CMQRIEFPFTF;CARGKPRSLELWSFYYYYGMDVW_CQQSYSTPPTF;CAMGGYDSSGVQLDYW_CAAWDDSLSGYVF;CAHRYCSSTSCYGLGDWFDPW_CQSADSSGTYLVF;CARHSEGLGPVDYW_CGTWDSSLSAWVF;CARAIFGVVSVMGFDYW_CMQALQTLTF;CAKSMKSFDYW_CQQSYSTPLTF;CTTEGGDGYNSFDYW_CQQYDNLPITF;CARDTTYGDYYYGMDVW_CQSADSSGNWVF;CARDGKGYSYGSGNYYGMDVW_CQQSYSTLYTF;CAHRTTTYYFDYW_CQQYNSYPYTF;CTTDLVWFGELANAFDIW_CLQHNSYLPEWTF;CTRGGTLGARSGYYDYYYGMDVW_CQQYNSYPLTF;CAKDEGRVVAVAGTGEHAFDIW_CQQYNSYSPTWTF;CAKDITIFGVVISHLDYW_CLQDYNYPLTF;CARTYYYDSSGYRNAFDIW_CQSADSSGTYPVVF;CAKCFYYDSSGYYYYYYGMDVW_CCSYAGSSTLVF;CARDLLSISGSPFDPW_CQQRSNWPPGGGGLTF;CARGGINGGAYFDYW_CQQYGSSPWTF;CARDRGPAGLDYW_CQQSYSTRYTF;CARRGYYYDSSGYYYDWFDPW_CNSRDSSGNRVVF;CAKGLNTAMVSYYFDYW_CVLYMGSGIWVF;CAKDIREGWSSGYYPVLDYW_CQVWDSSVVF;CAKDSPSGYYYYYYYGMDVW_CQQLNSYPITF;CARDRIAAADHNWFDPW_CAAWDDSLNGWVF;CARDIGGIAAAGSPPSAFDIW_CQQYNSYSTF;CAHSYYYGSGRGGWFDPW_CQSADSSGTYVF;CARDGSSSIFDYW_CNSRDSSGNHVVF;CAKPLRFGYSSSSCFDYW_CSSYAGSNNYVF;CAHTGFESLDYW_CQSYDNSLNGLGVF;CARDEDYYYDSSGSVDYW_CQQSYSTPWTF;CARQIAAAGPENWFDPW_CQSADSSGTYLVF;CARGLPVDVW_CGTWDSSLSAGHVVF;CARLIYYGSGRFGAFDIW_CQQYDNLPWTF;CARNEITIPLDVW_CQQYGSSPLVTF;CTTDHGDAYNYRW_CQQYGSSPRTF;CARDHRMNIAVAGTNWFDPW_CQKYNSAPLFTF;CARALREEQWLNNAFDIW_CQQYYSYPTF;CAHRPPYYDSSGYLSW_CQQYGSSLWTF;CARHYVDTAMVINQYYFDYW_CQSYDSSLSDVF;CARDNYDILTGHYGMDVW_CAAWDDSLSGLYVF;CAKDSSSSDWFDPW_CQQYYSYPLTF;CARDYVAVAGTLDYW_CQQYYSTPYTF;CTRDLAYSNYEPPNHNWFDPW_CLQHNSYPLTF;CARERYYYYGMDVW_CYSTDSSGNHGVF;CAKEGITGYYYYYGMDVW_CQQSYSTPHTF;CAKVALRYFDWLPPYFDYW_CQQYYSYPQNLTF;CARAHDSTGYQDFDYW_CQQAKSFPYTF;CARVGVYGSGSYLVGGDYW_CQQSYSTPWTF;CARGPYYGSGSGEFDPW_CQQYYSYPLTF;CARGSCYSSACYYYYGMDVW_CGTWDSSLSAVVF;CARDFDAAEGAFDIW_CQVWDSSSDPTFYVF;CARGAHSSGYYIDYW_CQQYYSFPFTF;NA_CHQYNNWSSWTF;CAREQDFGGNPFDCW_CMQVLHIPRAF;CARGTMVRGHYYYYGMDVW_CQQSYSTPLTF;CARGYSYGYLDWFDPW_CQSYDSSLSGVVF;CARAAPYSSSSLDYW_CQQSYSTLTWTF;CARRRITMNDYFDYW_CQSYDSSLSGVVF;CARGPDGGAFDIW_CQRGLTF;CARDLIARTALTYYYYGMDVW_CQSYDSSLSGGVF;CARYGVYGDYPGALFDYW_CAAWDDSLSGLWVF;CAKDRRGCSSTSCYTFDYW_CQQSYSTLSF;CARVSGYNSYYFDYW_CQQSYSTPRTF;CAAPSPRFTSSTGGGMELPLHVW_CCSYARGSSLVF;CAKDARWRPRVASIDALDIW_CQQYNNWPRTF;CARHIERYCSGGSCYEALDYW_CMQALHPITF;CASYLEMATRYYFDYW_CLQHNSFWTF;CARVTRVTQSNDFWTSYYTDCFDAW_CYSTDSSGNHKVF;CARLYSSSWTNYFDYW_CQQYYSYPLTF;CARGTVYSVPGGHYGDYVRDPKYYYYGMDVW_CQSADSSGTWVF;CARGAAGVRGPIGYW_CAAWDDSLSGWVF;CARVAVAGTTNWFDPW_CQQANSFPYTF;CARVLGGPGATTFDYW_CLQDYNYPWTF;CARTPVSTSYDSPGWYSSGWFFDYW_CQTWGTGIHVVF;CARTMVRGVTPADAFDIW_CQQYNSYSSTF;CAKSMGATILHAFDIW_CQQYNSYPLTF;CARANSGSYSFFFLRLDYFDYW_CQQYNNWPLTF;CARAAGTGGYYYGMDVW_CVLYMGSGISVF;CARAGQFGDSYYYYYYGMDVW_CLQDYNYPQTF;CAHFTKRPTDAFDIW_CNSRDSSGNHRVF;CAAGFGLSGSYIHYYYYGMDVW_CQQYGSSPPLTF;CATDNWNFGADSGFGYW_CMQGTHWRTF;CARVLGSFSFGYDGFDIW_CQQLNAYPTF;CARDPGIAVAETVYYYYYYGMDVW_CMQALQTPPTF;CARTVGAGYKIGKGYFDYW_CQAWDSSTVVF;CARDQDLAALNYW_CGTWDSSLSAKVF;CTTENVLLWFGEPEYYYYYYGMDVW_CQSADSSGTYAVVF;CARSLFEGTVMAFRAEHMDVW_CQQYKTFFAVSF;NA_CQAWDSSTVVF;CARPPSHDSPMYHYW_CQSADSSGLWVF;CARDTMWWSYGMDVW_CCSYAGSGEVF;CARLRRYSSGYYYIAGDFDYW_CQSYDSSLSGVVF;CARDKGGTTVTTSNWFDPW_CQQYDNLPLTF;CARDGGGYYQKKGYFQHW_CGTWDSSLSAVVF;CARDDIVVVPAAIDYW_CQSYDSSLSGPYVF;CARKFDCW_CQQYGTSLPVTF;CARGVLRFLEWLSNMDYYYYGMDVW_CMQALQTPRALTF;CAKDGSYYDSSGYSDYW_CQQYNNWPPWTF;CAKDKSYSVEYW_CMLFMGSGIWVF;CAKADVRSNWNDMHFDYW_CQAWDSSTVVF;CARATPRGYGGNSLNWFDPW_CQQYNSYPFTF;CAEGYQLPGLYYW_CNSRDSSGNHLF;CARHAGSGSYYFWFDPW_CQQYGSSPYTF;CAKDLQIGYCSSTSCRNAFDIW_CQQYGSSPPRVTF;CARGRGSYFDYW_CQQYGSSLWTF;CARTCSSTSCYTYGMDVW_CQQYNNWQYTF;CAHRGYSYGPLFDYW_CLLYYGGAQLVF;CARLPTLRYGSGSYYNGALDYYYGMDVW_CMQALQTPLTF;CARSIAAASPFDPW_CQQYDNLPPTF;CARGPPYGHLGYW_CQQYNNWPPITF;CAKDILGGGYFDYW_CQTWGTGMGVF;CAKDASYGYLFEYWYFDLW_CQQYNNWPPWTF;CARFGAKNYYDSW_CQQYNNWPGTF;CAREKWLRPQLDYW_CQQYGSSPKTF;CVKGPYYDGSGNSFGRKAFDIW_CQQYGSSPYTF;CARGASKGNQPALHYGMDVW_CQQSYSTPPAF;CATTLASPTHDYGDYEGGYMDVW_CQQYGSSPLTF;CALGIDAFDIW_CQQYNNWPKTF;NA_CQSYDDSLSGTVF;CARGFYYGSGSPLSGMDVW_CQQSYSTPRTF;CAKDPAASGSPWYFDYW_CQQYYSFPRTF;CAREVSRQSGSRPIKWFDPW_CQQSYSPPPLTF;CTPSLETYGDYALGYYW_CQSADSSGTYPYVF;CAKDFGGPLQFDYW_CQQYGSSPRTF;CAKDMLFSNNYW_CQTWGTGINWVF;CARDENHLYYGDLAYW_CQQSYSIPRAF;CARGSRLLLWFGELKVGPGFDPW_CQQYNSYWTF;CAMKGGRDGYNTRVYYYYGMDVW_CCSYAGSSTPYVF;CAKDIGPTNCSSTSCHAYYYYGMDVW_CQQYNSYSTF;CWRDRREAPIEMEVASTRG_CMQSTHWPYTF;CTRHTHCSGGSCYDAFDIW_CQQSYSTPRYTF;CAREPPHGSGTDYNWFDPW_CQSYDSSLSAYVF;CVKDLYDTGSYYYFDYW_CSSYTRSSTLVF;CSRHEGVGGNSDYW_CVLYMGSGISMF;CARNHDYGDYMFGGMDVW_CQSADSSGTYVF;CTTSGGDW_CMQSIQLPRTF;CARDRTSFGYSYGNIDYW_CQTWGTGILVF;CAKDELASYGGVGYYW_CQSADSSGTYFWVF;CAREPKHSGYCSSTSCYIGNWFDPW_CQSYDSSLSGNVVF;CARASWDSSSWGLGFDPW_CQAWDSSTGVF;CARTRVRGVISPFDYW_CQQANSFPPTF;CTREYYDFWSGDYW_CQQYDNLPLTF;CARDGGRGSGWSTPDYW_CNSRDSSGNHVVF;CARHYDFWSGDNPYWYYYYGMDVW_CQQYGSSPPWTF;CTTTTADIVVVPAAIQTVDYW_CQQYDNLPLTF;CAIMVRGVIGSYYYYGMDVW_CQQSYSTTWTF;CAKDNGYGGNSLQHW_CCSYAGSSTLVF;NA_CQQSYNTLWSF;CARARYRRDGYHNLYAFDIW_NA;CARGFSETGPGYKRFYYYFDLW_CQQYGSSPQTF;CARVKGDYYYYYGMDVW_CMQALQTPHTF;CARDPPLYSSGWFTGDYW_CQQYNSYPRTF;CAKDGGEHRGNDYW_CQVWDSSSDHYVF;CARGYDFWSGYLPHYGMDVW_CQVWDSSSDHPGVF;CARETKQYIDYRSPTVGRPYDYYYGMDVW_CLLFYGGAQLGVF;CAKGVWESTTEDAFDIW_CQQYNSYSPFTF;CAKDQGYCSSTSCYPYYYGMDVW_CQAWDSSTVVF;CARLGGYDSTFDYW_CSSYTSSSTYVF;CARVAAAGTYFDYW_CQQYGSSPETF;CARINQHGSGTYSPDYYYYGIDVW_CMQALQTPMYTF;CARKSIAAAGLPYYYYYGMDVW_CMQALQTRFTF;CAQGGYSYGYYDYW_CAAWDDSLNGVVF;CARQRGGTAVPVYYFDYW_CQQYGSSPLYTF;CARALYYDSSGYQPNRYYFDYW_CQSYDSSLSGYVVF;CTRALNSNHFDYW_CQQANSFPLTF;CARVTDPDAFDIW_CNSRDSSGNHYVF;CARSAWHPAATGGMDVW_CLQDYNYPYTF;CARVSLVVPQQFDYW_CQAWDSSTVVF;CAKVPGYSTGWYYFDYW_CQQCDSSPEWTF;CAKDSTCSSTSCYRGYYYYGMDVW_CQQYYSYPITF;CARGRNGGNRFDWFDPW_CQSYDSSLSGSGVF;CARGKNWFDPW_CQQYGSSPLTF;CASGYSSGRPDYW_CQQYDNLPITF;CARLSDGDYTFDYW_CQQYNSYWTF;CARGGTAGYSYGYAYW_CQAWDSSTAVVF;CAKDIVVVPAAPITLYYYYGMDVW_CMQALQTSFTF;CARWRLYYDSRGYYYGMFDYW_CQQSYDTPLTF;CARSRRIVGATSFDWFDPW_CQQYNSYSRTF;CASEDSGYGGGFDYW_CQSYDSSLSEGVF;CAHGRDYDSSSLPFDYW_CQQYNSYPYTF;CARAGAYYYGSAIDYW_CQQYGSSPGLTF;CAKGSSHSGGWFDPW_CQQYNSYWTF;CARDLLRAYSSSSTSSIDYW_CQQYYSYPRTF;CAKDVSGYLDAFDIW_CGTWDSSLSAGWVF;CAREGSRYFDYW_CQVWDSSSDHYVF;CASHDSSGYYLLDYW_CQVWDSSSDHVVF;CARYCSSTSCYTTYYYYYYGMDVW_CQQYYSYPLTF	0	NA
15	98	CAKDFHRLTLLRYCSGGSCYSAFDIW_CCSYAGSSTYVF;CAKRPDTTGRSWYFDYW_CQQYNNWLWTF;CAKFDIAAADTGKGEDYW_CMQGTHWPPLTF;CAKDSLFDRIILIATDIW_CAAWDDSLNGWVF;CAKYPSFSSRRWYFDLW_CQQYNNWPPPYTF;CAKLPSYSYGPFDYW_CQVWDSSSDHPVF;CAKDRQQLVIDAFDIW_CQQANSFSYTF;CARRRYYGGNSNKGWYFDLW_CQQRSNWRTF;CAKVLGFGPHYDILTGYYPFDYW_CQQSYSTPLTF;CASVQWLVDYW_CQQSYSTPMYTF;CAKDQSPSAKNGDYVSFDYW_CMQALQKTF;CAKDLRFLEWLLPYYYGMDVW_CMQALQTPWTF;CAKDPNYWRYFDWLTGYYFDYW_CQQRSNWPPWTF;CARDGGFGGSWLDPW_CQQRSHFRTF;CAKGEQFIAVNNWFDPW_CQQRSNWPITF;CAKDIRGNSWYGDSEGIW_CMQGTHWPYTF;CASGMVDFDYW_CMQGTHWPPTF;CAKGDSRYWYFDLW_CQQRSNWPLTF;CARGSISSQRWFGPW_CQQYNYYYTF;CAKWGHSSWYDNWFDPW_CQSADSSGTYVVF;CARGGAVLRYFDWEPQGPLEDNWFDPW_CQQRSNTWTF;CARNMASGMDVW_CQQRSNWPLFLTF;CAKMGASRWGPSYYFDCW_CQQYGSSPRTF;CAHRPLDILTGYRVDYFDYW_CQQSYSTLGTF;CAKDHPTNWFDPW_CQQYYSYPRTF;CAKAQNYYDSSGYYPFDYW_CQVWDSSSDHSVVF;CAKAPESSAYYGPDYW_CAAWDDSLSGHWVF;CAKGATSCAYW_CQQSYSTPRTF;CARGRLGGYSLPGFDYW_CNSRDSSGNHVVF;CARAIWYYDILTGYYSYYGMDVW_CSSYAGSNNLEVF;CARARGDFWSGYTHWYFDLW_CQQRSNWPPWYTF;CAKASARYCSGGSCYGTAFDIW_CQQSYSTPVF;CAKFHDSSGYYYLYGFDYW_CQAWDSSTYVF;CAKGAAASRTDYW_CQQSYSTPPYTF;CAQTGILTGYPRVGNAFDIW_CQQRSNWLGFTF;CAKDEWERGAFDIW_CQQYNSYSPWTF;CAKADLLYSGSYGAW_CQQSYSTPYTF;CAKDGIVVVTAIKFGHGMDVW_CQQANSFPYTF;CAKRLDYW_CMQATQFPYTF;CANISPPPRYYGSGSYYNFAFDIW_CQQLNSYPFTF;CAKDYDSGSYYEGGAFDIW_CQQRSNWPLTF;CAKEDYNSGSCLDYW_CQQLNSYPQVTF;CAQIAAAGTMGFDYW_CQQRSNWPSLTF;CAKVRGIVGATPCYFDYW_CQVWDSSSDHPVF;CTTEVCSGYDCDLGDYW_CQQRSNWPTF;CARSVDTAMGNAHDW_CQQYGSSPPTF;CAKDRGYRGDYSNWFDPW_CQQYNSYPRTF;CARDRPPYSNYVIYGMDVW_CQQRSNWPPLTF;CAKPSIVATIWAFDYW_CQQYDNLPPITF;CARDHKQWRVSYVWFDPW_CQQRNTWPRPTF;CAKGRYSSSWYEDWYFDLW_CQQRSNWPPLTF;CARDISKGAAGTGDWFDPW_CQQRSNWPLTF;CAKDAEGQGPVLLWLGGMDVW_CQQYNSYSYTF;CATGIAVAGTLGYYGMDVW_CQQYNNWPRFTF;CAKGTHYYGSGSMWGMDVW_CQQRSNWPPYTF;CAREGEITMIVANDAFDIW_CQQSYSTPPTF;CATSDWSW_CQQRINWPITF;CAKASVAVAGTGGMDVW_CQVWDSSSDHVVF;CAKFFVVLSFWSGYYDYW_CQQLNSYPQTF;CAKGRNFVVVTAICDYW_CQQYGSSPLTF;CAKSLKLFAIDYW_CQSADSSGTYWVF;CANDRDASSAWYGPVGYW_CQQHYSTPGTF;CAKGGYCSGGSCPLDYYYGMDVW_CMQALQTPLTF;CARARSSGWYHYW_CQQRSNWPPTF;CAKDHDEGATTYFDYW_CQAWDSSTVVF;CAKDSRYSLLIAVAGTEDYW_CQQRSNWPWTF;CAKDRGPAEKYYYDSSGTQLIGAFDIW_CQQYYSYPPGTF;CAKVEGIWFGELSDFYYYYGMDVW_CQQRSNWPLTF;CAKALHAAVVGPAAIPFDYW_CSSYVGSNNYVF;CAKDHLMITFGGVGQGVPWFDPW_CQKYNSAPRTF;CAKAEGVKYNWNYGDYW_CQQSGSSPPTF;CATDLNLAVAGEGGYW_CQQRSNWPLTF;CARDSYDFWSGYTPPNYYYYYGMDVW_CQQRSNWYTF;CAKETLGAVDYW_CCSYAGSSRVF;CAKAAMVRGVIDWYFDLW_CQQYYSYPPFTF;CASATTVSHW_CQQRSNWPLTF;CAKGGGADFDHW_CQQYSIWPLSF;CAKDRDGYNADDAFDIW_CQQSYSTPLTF;CAKSYGSGSYYRTSEYYFDYW_CQQYNNWPPGTF;CARDCSSTSCLAYW_CQLRSNWPTF;CAKRDSSSWGWDRGAFDIW_CQQLNSYPGFTF;CAKGFDYYGSGSYSPFDYW_CQQYNNWPPEYTF;CARHEKGIAAAVYYFDYW_CQQRSNWPLTF;CAKDGRWELGTFDIW_CQQYDNLPQF;CAKDRRLGPWIPDYW_CQQYDNLPQAF;CAKDVTDGYNIPYYFDSW_CQQRSNWPLTF;CAKDRCTITSCSYQNW_CMQALQIPPTF;CAKDRSFDYPDYW_CQQYYSFPYTF;CTSWAIPQALTDYYYYGMDVW_CQQRSNWPPSITF;CAKLGEEDGSGSPSYYYYGMDVW_CQQYNNWPPLTF;CAKILYSSGWWGGAFDIW_CQQYNSYPLTF;CAKDDDRGYGWFGELLGRYGMDVW_CQQRSNWLLTF;CAKDKASSWQDRYYYYGMDVW_CVLYMGSGIRVF;CAKVGVGATSHFDYW_CQQSYSTPRYTF;CAKDLPRSVVVTANSYYYGMDVW_CQQYNSYPVTF;CTTPTWGNYYYYGMDVW_CQQRSTGRDTF;CARVFRRYGSGSYYNLW_CQQRSNWLTF;CARDPGDYVEIEWYFDLW_CQQRSNWPRLTF	8	1	CARGTPGWYW_CQQYGSSPTF	0	NA
15	98	CAKDFHRLTLLRYCSGGSCYSAFDIW_CCSYAGSSTYVF;CAKRPDTTGRSWYFDYW_CQQYNNWLWTF;CAKFDIAAADTGKGEDYW_CMQGTHWPPLTF;CAKDSLFDRIILIATDIW_CAAWDDSLNGWVF;CAKYPSFSSRRWYFDLW_CQQYNNWPPPYTF;CAKLPSYSYGPFDYW_CQVWDSSSDHPVF;CAKDRQQLVIDAFDIW_CQQANSFSYTF;CARRRYYGGNSNKGWYFDLW_CQQRSNWRTF;CAKVLGFGPHYDILTGYYPFDYW_CQQSYSTPLTF;CASVQWLVDYW_CQQSYSTPMYTF;CAKDQSPSAKNGDYVSFDYW_CMQALQKTF;CAKDLRFLEWLLPYYYGMDVW_CMQALQTPWTF;CAKDPNYWRYFDWLTGYYFDYW_CQQRSNWPPWTF;CARDGGFGGSWLDPW_CQQRSHFRTF;CAKGEQFIAVNNWFDPW_CQQRSNWPITF;CAKDIRGNSWYGDSEGIW_CMQGTHWPYTF;CASGMVDFDYW_CMQGTHWPPTF;CAKGDSRYWYFDLW_CQQRSNWPLTF;CARGSISSQRWFGPW_CQQYNYYYTF;CAKWGHSSWYDNWFDPW_CQSADSSGTYVVF;CARGGAVLRYFDWEPQGPLEDNWFDPW_CQQRSNTWTF;CARNMASGMDVW_CQQRSNWPLFLTF;CAKMGASRWGPSYYFDCW_CQQYGSSPRTF;CAHRPLDILTGYRVDYFDYW_CQQSYSTLGTF;CAKDHPTNWFDPW_CQQYYSYPRTF;CAKAQNYYDSSGYYPFDYW_CQVWDSSSDHSVVF;CAKAPESSAYYGPDYW_CAAWDDSLSGHWVF;CAKGATSCAYW_CQQSYSTPRTF;CARGRLGGYSLPGFDYW_CNSRDSSGNHVVF;CARAIWYYDILTGYYSYYGMDVW_CSSYAGSNNLEVF;CARARGDFWSGYTHWYFDLW_CQQRSNWPPWYTF;CAKASARYCSGGSCYGTAFDIW_CQQSYSTPVF;CAKFHDSSGYYYLYGFDYW_CQAWDSSTYVF;CAKGAAASRTDYW_CQQSYSTPPYTF;CAQTGILTGYPRVGNAFDIW_CQQRSNWLGFTF;CAKDEWERGAFDIW_CQQYNSYSPWTF;CAKADLLYSGSYGAW_CQQSYSTPYTF;CAKDGIVVVTAIKFGHGMDVW_CQQANSFPYTF;CAKRLDYW_CMQATQFPYTF;CANISPPPRYYGSGSYYNFAFDIW_CQQLNSYPFTF;CAKDYDSGSYYEGGAFDIW_CQQRSNWPLTF;CAKEDYNSGSCLDYW_CQQLNSYPQVTF;CAQIAAAGTMGFDYW_CQQRSNWPSLTF;CAKVRGIVGATPCYFDYW_CQVWDSSSDHPVF;CTTEVCSGYDCDLGDYW_CQQRSNWPTF;CARSVDTAMGNAHDW_CQQYGSSPPTF;CAKDRGYRGDYSNWFDPW_CQQYNSYPRTF;CARDRPPYSNYVIYGMDVW_CQQRSNWPPLTF;CAKPSIVATIWAFDYW_CQQYDNLPPITF;CARDHKQWRVSYVWFDPW_CQQRNTWPRPTF;CAKGRYSSSWYEDWYFDLW_CQQRSNWPPLTF;CARDISKGAAGTGDWFDPW_CQQRSNWPLTF;CAKDAEGQGPVLLWLGGMDVW_CQQYNSYSYTF;CATGIAVAGTLGYYGMDVW_CQQYNNWPRFTF;CAKGTHYYGSGSMWGMDVW_CQQRSNWPPYTF;CAREGEITMIVANDAFDIW_CQQSYSTPPTF;CATSDWSW_CQQRINWPITF;CAKASVAVAGTGGMDVW_CQVWDSSSDHVVF;CAKFFVVLSFWSGYYDYW_CQQLNSYPQTF;CAKGRNFVVVTAICDYW_CQQYGSSPLTF;CAKSLKLFAIDYW_CQSADSSGTYWVF;CANDRDASSAWYGPVGYW_CQQHYSTPGTF;CAKGGYCSGGSCPLDYYYGMDVW_CMQALQTPLTF;CARARSSGWYHYW_CQQRSNWPPTF;CAKDHDEGATTYFDYW_CQAWDSSTVVF;CAKDSRYSLLIAVAGTEDYW_CQQRSNWPWTF;CAKDRGPAEKYYYDSSGTQLIGAFDIW_CQQYYSYPPGTF;CAKVEGIWFGELSDFYYYYGMDVW_CQQRSNWPLTF;CAKALHAAVVGPAAIPFDYW_CSSYVGSNNYVF;CAKDHLMITFGGVGQGVPWFDPW_CQKYNSAPRTF;CAKAEGVKYNWNYGDYW_CQQSGSSPPTF;CATDLNLAVAGEGGYW_CQQRSNWPLTF;CARDSYDFWSGYTPPNYYYYYGMDVW_CQQRSNWYTF;CAKETLGAVDYW_CCSYAGSSRVF;CAKAAMVRGVIDWYFDLW_CQQYYSYPPFTF;CASATTVSHW_CQQRSNWPLTF;CAKGGGADFDHW_CQQYSIWPLSF;CAKDRDGYNADDAFDIW_CQQSYSTPLTF;CAKSYGSGSYYRTSEYYFDYW_CQQYNNWPPGTF;CARDCSSTSCLAYW_CQLRSNWPTF;CAKRDSSSWGWDRGAFDIW_CQQLNSYPGFTF;CAKGFDYYGSGSYSPFDYW_CQQYNNWPPEYTF;CARHEKGIAAAVYYFDYW_CQQRSNWPLTF;CAKDGRWELGTFDIW_CQQYDNLPQF;CAKDRRLGPWIPDYW_CQQYDNLPQAF;CAKDVTDGYNIPYYFDSW_CQQRSNWPLTF;CAKDRCTITSCSYQNW_CMQALQIPPTF;CAKDRSFDYPDYW_CQQYYSFPYTF;CTSWAIPQALTDYYYYGMDVW_CQQRSNWPPSITF;CAKLGEEDGSGSPSYYYYGMDVW_CQQYNNWPPLTF;CAKILYSSGWWGGAFDIW_CQQYNSYPLTF;CAKDDDRGYGWFGELLGRYGMDVW_CQQRSNWLLTF;CAKDKASSWQDRYYYYGMDVW_CVLYMGSGIRVF;CAKVGVGATSHFDYW_CQQSYSTPRYTF;CAKDLPRSVVVTANSYYYGMDVW_CQQYNSYPVTF;CTTPTWGNYYYYGMDVW_CQQRSTGRDTF;CARVFRRYGSGSYYNLW_CQQRSNWLTF;CARDPGDYVEIEWYFDLW_CQQRSNWPRLTF	9	14	CARSGTTYYDILTGYYNYW_CQQYGSSRWTF;CARGNDYYGSGEFDYW_CSSYTSSSTLVF;CARDGDTAMVINYFDYW_CQSADSSGTYWVF;CARGKGEGRYYYDSSGYYYFDYW_CQQRSNWPPLTF;CARNKQHIVGATLHTHYSNWFDPW_NA;CARTSRGLIAAAAAVDYW_NA;CAKRGGLMVRGVAVDYW_CQQYYSYPWTF;CAKGGWFGELLFRLDYW_CQQYDNLLTF;CARRLAYNGNWDYGDFDYW_CCSYSKTATF;CARERPRGAAETW_CQAWDSSTWVF;NA_CQQRSNWPPYTF;NA_CCSYAGSSTVVF;CARDSKQQLADNWFDPW_CQAWDSSTLVVF;CARLWVFLTMVRGPDFDLW_CHQSSSLPLTF	0	NA
15	98	CAKDFHRLTLLRYCSGGSCYSAFDIW_CCSYAGSSTYVF;CAKRPDTTGRSWYFDYW_CQQYNNWLWTF;CAKFDIAAADTGKGEDYW_CMQGTHWPPLTF;CAKDSLFDRIILIATDIW_CAAWDDSLNGWVF;CAKYPSFSSRRWYFDLW_CQQYNNWPPPYTF;CAKLPSYSYGPFDYW_CQVWDSSSDHPVF;CAKDRQQLVIDAFDIW_CQQANSFSYTF;CARRRYYGGNSNKGWYFDLW_CQQRSNWRTF;CAKVLGFGPHYDILTGYYPFDYW_CQQSYSTPLTF;CASVQWLVDYW_CQQSYSTPMYTF;CAKDQSPSAKNGDYVSFDYW_CMQALQKTF;CAKDLRFLEWLLPYYYGMDVW_CMQALQTPWTF;CAKDPNYWRYFDWLTGYYFDYW_CQQRSNWPPWTF;CARDGGFGGSWLDPW_CQQRSHFRTF;CAKGEQFIAVNNWFDPW_CQQRSNWPITF;CAKDIRGNSWYGDSEGIW_CMQGTHWPYTF;CASGMVDFDYW_CMQGTHWPPTF;CAKGDSRYWYFDLW_CQQRSNWPLTF;CARGSISSQRWFGPW_CQQYNYYYTF;CAKWGHSSWYDNWFDPW_CQSADSSGTYVVF;CARGGAVLRYFDWEPQGPLEDNWFDPW_CQQRSNTWTF;CARNMASGMDVW_CQQRSNWPLFLTF;CAKMGASRWGPSYYFDCW_CQQYGSSPRTF;CAHRPLDILTGYRVDYFDYW_CQQSYSTLGTF;CAKDHPTNWFDPW_CQQYYSYPRTF;CAKAQNYYDSSGYYPFDYW_CQVWDSSSDHSVVF;CAKAPESSAYYGPDYW_CAAWDDSLSGHWVF;CAKGATSCAYW_CQQSYSTPRTF;CARGRLGGYSLPGFDYW_CNSRDSSGNHVVF;CARAIWYYDILTGYYSYYGMDVW_CSSYAGSNNLEVF;CARARGDFWSGYTHWYFDLW_CQQRSNWPPWYTF;CAKASARYCSGGSCYGTAFDIW_CQQSYSTPVF;CAKFHDSSGYYYLYGFDYW_CQAWDSSTYVF;CAKGAAASRTDYW_CQQSYSTPPYTF;CAQTGILTGYPRVGNAFDIW_CQQRSNWLGFTF;CAKDEWERGAFDIW_CQQYNSYSPWTF;CAKADLLYSGSYGAW_CQQSYSTPYTF;CAKDGIVVVTAIKFGHGMDVW_CQQANSFPYTF;CAKRLDYW_CMQATQFPYTF;CANISPPPRYYGSGSYYNFAFDIW_CQQLNSYPFTF;CAKDYDSGSYYEGGAFDIW_CQQRSNWPLTF;CAKEDYNSGSCLDYW_CQQLNSYPQVTF;CAQIAAAGTMGFDYW_CQQRSNWPSLTF;CAKVRGIVGATPCYFDYW_CQVWDSSSDHPVF;CTTEVCSGYDCDLGDYW_CQQRSNWPTF;CARSVDTAMGNAHDW_CQQYGSSPPTF;CAKDRGYRGDYSNWFDPW_CQQYNSYPRTF;CARDRPPYSNYVIYGMDVW_CQQRSNWPPLTF;CAKPSIVATIWAFDYW_CQQYDNLPPITF;CARDHKQWRVSYVWFDPW_CQQRNTWPRPTF;CAKGRYSSSWYEDWYFDLW_CQQRSNWPPLTF;CARDISKGAAGTGDWFDPW_CQQRSNWPLTF;CAKDAEGQGPVLLWLGGMDVW_CQQYNSYSYTF;CATGIAVAGTLGYYGMDVW_CQQYNNWPRFTF;CAKGTHYYGSGSMWGMDVW_CQQRSNWPPYTF;CAREGEITMIVANDAFDIW_CQQSYSTPPTF;CATSDWSW_CQQRINWPITF;CAKASVAVAGTGGMDVW_CQVWDSSSDHVVF;CAKFFVVLSFWSGYYDYW_CQQLNSYPQTF;CAKGRNFVVVTAICDYW_CQQYGSSPLTF;CAKSLKLFAIDYW_CQSADSSGTYWVF;CANDRDASSAWYGPVGYW_CQQHYSTPGTF;CAKGGYCSGGSCPLDYYYGMDVW_CMQALQTPLTF;CARARSSGWYHYW_CQQRSNWPPTF;CAKDHDEGATTYFDYW_CQAWDSSTVVF;CAKDSRYSLLIAVAGTEDYW_CQQRSNWPWTF;CAKDRGPAEKYYYDSSGTQLIGAFDIW_CQQYYSYPPGTF;CAKVEGIWFGELSDFYYYYGMDVW_CQQRSNWPLTF;CAKALHAAVVGPAAIPFDYW_CSSYVGSNNYVF;CAKDHLMITFGGVGQGVPWFDPW_CQKYNSAPRTF;CAKAEGVKYNWNYGDYW_CQQSGSSPPTF;CATDLNLAVAGEGGYW_CQQRSNWPLTF;CARDSYDFWSGYTPPNYYYYYGMDVW_CQQRSNWYTF;CAKETLGAVDYW_CCSYAGSSRVF;CAKAAMVRGVIDWYFDLW_CQQYYSYPPFTF;CASATTVSHW_CQQRSNWPLTF;CAKGGGADFDHW_CQQYSIWPLSF;CAKDRDGYNADDAFDIW_CQQSYSTPLTF;CAKSYGSGSYYRTSEYYFDYW_CQQYNNWPPGTF;CARDCSSTSCLAYW_CQLRSNWPTF;CAKRDSSSWGWDRGAFDIW_CQQLNSYPGFTF;CAKGFDYYGSGSYSPFDYW_CQQYNNWPPEYTF;CARHEKGIAAAVYYFDYW_CQQRSNWPLTF;CAKDGRWELGTFDIW_CQQYDNLPQF;CAKDRRLGPWIPDYW_CQQYDNLPQAF;CAKDVTDGYNIPYYFDSW_CQQRSNWPLTF;CAKDRCTITSCSYQNW_CMQALQIPPTF;CAKDRSFDYPDYW_CQQYYSFPYTF;CTSWAIPQALTDYYYYGMDVW_CQQRSNWPPSITF;CAKLGEEDGSGSPSYYYYGMDVW_CQQYNNWPPLTF;CAKILYSSGWWGGAFDIW_CQQYNSYPLTF;CAKDDDRGYGWFGELLGRYGMDVW_CQQRSNWLLTF;CAKDKASSWQDRYYYYGMDVW_CVLYMGSGIRVF;CAKVGVGATSHFDYW_CQQSYSTPRYTF;CAKDLPRSVVVTANSYYYGMDVW_CQQYNSYPVTF;CTTPTWGNYYYYGMDVW_CQQRSTGRDTF;CARVFRRYGSGSYYNLW_CQQRSNWLTF;CARDPGDYVEIEWYFDLW_CQQRSNWPRLTF	16	68	CARQVGVGKWYLEDW_CCSYASGDNLVF;CARLIKYSGSYEMVDYW_CAAWDDSLNGYYVF;CARGGFITMIGYGMDVW_CQQYDNLPFTF;CARDLRWCSGGSCYGNYYGMDVW_CAAWDDSLNGQVF;CARDGRDYYDSSGYYYDDAFDIW_CQSADSSGTVVF;CARDHPLMVRENLGFDPW_CAAWDDSLNGPVF;CARDLRNYYDFWSGSPNPKINWFDPW_CQKYNSAPLTF;CARDLPAARYGDYGGFDYW_CAAWDDSLNGVVF;CARDLFPIQYGSEPYGMDVW_CQQYGSSPRTF;CARDIGPLDVW_CQVWDSSSDHRVF;CARDQGDGDYGAFDIW_CQQSYSTSSWTF;CARILEIVDPSGSYQYYFDYW_CGTWDSSLSAVVF;CARDGHYSGSYYVGYW_CCSYAGSYTYWVF;CAREEYSSSWHPYYFDYW_CGTWDSSLSAYVF;CAKDFRGWFDPW_CATWDDSLNGWVF;CARDRSGGSWFDPW_CVLYMGSGVF;CARASTAAYYYYYYGMDVW_CAAWDDSLNGHVVF;CAHHLSFGGNWAFAHW_CAAWDDSLNGSYVF;CASNLGYCSSISCYGFDYW_CQQYGSSPLYTF;CAKELPYYDSSGGPEYW_CAAWDDSLNGWVF;CARGEDYYGSGSYYGMDVW_CQAWDSNTVIF;CARVLGITGTTRRFDYW_CQQYYSYPFTF;CARDREQLAPFDYW_CQSADSSGTYVF;CAKDLIDTMIVVVITPPFDYW_CAAWDDSLNWVF;CARGGHLWSEEVMNRFYYYLGMDVW_CGAWDGSLNGYVF;CARDGYSGYDRADYYYYYGMDVW_CQSYDSSLSGSRVF;CARDHIAVAATPAEYYYYGMDVW_CQAWDSSTVVF;CARARDRQGAYYYGSGSYVPYYYYGMDVW_CCSYAGSSPWVF;CARQNFDILTGYSIDYW_CAAWDDSLNGLYVF;CARDNSGSYVVEYYFDYW_CAAWDDSLNGWVF;CARQYVEWLREMDVW_CAAWDDRLNGWVF;CARNYYYDSSGSGFDYW_CQQANSFPPTF;CAHRHHCSSTSCSPWDDWFDPW_CAAWDDSLNGPVF;CARQNFDILTGYSIDYW_CAAWDDSLNGLYVF;CAKTQVDGKALWFEPW_CATWDSILSGWIF;CARELLWFGEGINWFDPW_CAAWDDSLNGVVF;CARHNTITLRYFDWTKLGYFDLW_CAAWDDSLNGVVF;CARDRYDYGDYPAEYFQHW_CAAWDDSLNGVVF;CAREQLGGFDYW_CAAWDDSLSVVVF;CAIIPLATPVTIIMDYW_CMQSIQLPPQPTF;CAREQQLVPYYYYGMDVW_CAAWDDSLNGWVF;CARDGAGHYGSGSYFGSW_CATWDDSLNGFVIF;CASRTNHYYDIQRHYW_CQQSYSTPGVTF;CARHIMVRGVPPNFDYW_CAAWDDSLNGPVF;CASTGGGSYPILNW_CQQYYSYPLTF;CARGGPYPINSGYYYEVDYW_CAAWDDSLNGRYVF;CARGPNDAFDVW_CQQYARSPPWTF;CAHHASFGGNWAFAHW_CAAWDDSLNGSYVF;CARDRGYGSGSYFSGFDYW_CQQYNNWPPRTF;CARERGMYSSGWYNWFDPW_CQQYYSYPYTF;CARGGDGYNYHPYW_CQKYNSAPTF;CAKDSIPIYDSSGTTFDYW_CAAWDDSLNGWVF;CARDQRSYADYW_CQQYYSYPQTF;CARDLQRGYSYGYW_CAAWDDSLNGVVF;CARDIHGNGALYYYYGMDVW_CAAWDDSLNGLYVF;CARDNIVVVPAAMFEASDYYYGMDVW_CMQALQTPYTF;CARDELRQLVLW_CQSYDSSNPWVF;CARSYGSGSYPRPSPLAWFDPW_CAAWDDSLNGPVF;CARDLIGFGASFDYW_CQQYNNWPPYTF;CARMMGTYYGDHPTIVGYFDYW_CQQYNNWPLTF;CARDGLDYDSNAIDYW_CQQYDNLPYTF;CARHGGDCGLDCYSNWFDPW_CQHWTF;CAREPADSSSLW_CQSYDSSNWVF;CARSGQWLEGWFDPW_CQQYNSYSPTF;CAREGREGGGFDYW_CAAWDDSLSGWVF;CARFVPGGYDGFDIW_CASWDKNLNAFVF;CARDPVPVILGYCSGGRCSPLDYW_CQNYNSAPRTF;CAKDWDDYDSESGVYNYYGMDVW_CSAWDDSLNGVVF	0	NA
15	98	CAKDFHRLTLLRYCSGGSCYSAFDIW_CCSYAGSSTYVF;CAKRPDTTGRSWYFDYW_CQQYNNWLWTF;CAKFDIAAADTGKGEDYW_CMQGTHWPPLTF;CAKDSLFDRIILIATDIW_CAAWDDSLNGWVF;CAKYPSFSSRRWYFDLW_CQQYNNWPPPYTF;CAKLPSYSYGPFDYW_CQVWDSSSDHPVF;CAKDRQQLVIDAFDIW_CQQANSFSYTF;CARRRYYGGNSNKGWYFDLW_CQQRSNWRTF;CAKVLGFGPHYDILTGYYPFDYW_CQQSYSTPLTF;CASVQWLVDYW_CQQSYSTPMYTF;CAKDQSPSAKNGDYVSFDYW_CMQALQKTF;CAKDLRFLEWLLPYYYGMDVW_CMQALQTPWTF;CAKDPNYWRYFDWLTGYYFDYW_CQQRSNWPPWTF;CARDGGFGGSWLDPW_CQQRSHFRTF;CAKGEQFIAVNNWFDPW_CQQRSNWPITF;CAKDIRGNSWYGDSEGIW_CMQGTHWPYTF;CASGMVDFDYW_CMQGTHWPPTF;CAKGDSRYWYFDLW_CQQRSNWPLTF;CARGSISSQRWFGPW_CQQYNYYYTF;CAKWGHSSWYDNWFDPW_CQSADSSGTYVVF;CARGGAVLRYFDWEPQGPLEDNWFDPW_CQQRSNTWTF;CARNMASGMDVW_CQQRSNWPLFLTF;CAKMGASRWGPSYYFDCW_CQQYGSSPRTF;CAHRPLDILTGYRVDYFDYW_CQQSYSTLGTF;CAKDHPTNWFDPW_CQQYYSYPRTF;CAKAQNYYDSSGYYPFDYW_CQVWDSSSDHSVVF;CAKAPESSAYYGPDYW_CAAWDDSLSGHWVF;CAKGATSCAYW_CQQSYSTPRTF;CARGRLGGYSLPGFDYW_CNSRDSSGNHVVF;CARAIWYYDILTGYYSYYGMDVW_CSSYAGSNNLEVF;CARARGDFWSGYTHWYFDLW_CQQRSNWPPWYTF;CAKASARYCSGGSCYGTAFDIW_CQQSYSTPVF;CAKFHDSSGYYYLYGFDYW_CQAWDSSTYVF;CAKGAAASRTDYW_CQQSYSTPPYTF;CAQTGILTGYPRVGNAFDIW_CQQRSNWLGFTF;CAKDEWERGAFDIW_CQQYNSYSPWTF;CAKADLLYSGSYGAW_CQQSYSTPYTF;CAKDGIVVVTAIKFGHGMDVW_CQQANSFPYTF;CAKRLDYW_CMQATQFPYTF;CANISPPPRYYGSGSYYNFAFDIW_CQQLNSYPFTF;CAKDYDSGSYYEGGAFDIW_CQQRSNWPLTF;CAKEDYNSGSCLDYW_CQQLNSYPQVTF;CAQIAAAGTMGFDYW_CQQRSNWPSLTF;CAKVRGIVGATPCYFDYW_CQVWDSSSDHPVF;CTTEVCSGYDCDLGDYW_CQQRSNWPTF;CARSVDTAMGNAHDW_CQQYGSSPPTF;CAKDRGYRGDYSNWFDPW_CQQYNSYPRTF;CARDRPPYSNYVIYGMDVW_CQQRSNWPPLTF;CAKPSIVATIWAFDYW_CQQYDNLPPITF;CARDHKQWRVSYVWFDPW_CQQRNTWPRPTF;CAKGRYSSSWYEDWYFDLW_CQQRSNWPPLTF;CARDISKGAAGTGDWFDPW_CQQRSNWPLTF;CAKDAEGQGPVLLWLGGMDVW_CQQYNSYSYTF;CATGIAVAGTLGYYGMDVW_CQQYNNWPRFTF;CAKGTHYYGSGSMWGMDVW_CQQRSNWPPYTF;CAREGEITMIVANDAFDIW_CQQSYSTPPTF;CATSDWSW_CQQRINWPITF;CAKASVAVAGTGGMDVW_CQVWDSSSDHVVF;CAKFFVVLSFWSGYYDYW_CQQLNSYPQTF;CAKGRNFVVVTAICDYW_CQQYGSSPLTF;CAKSLKLFAIDYW_CQSADSSGTYWVF;CANDRDASSAWYGPVGYW_CQQHYSTPGTF;CAKGGYCSGGSCPLDYYYGMDVW_CMQALQTPLTF;CARARSSGWYHYW_CQQRSNWPPTF;CAKDHDEGATTYFDYW_CQAWDSSTVVF;CAKDSRYSLLIAVAGTEDYW_CQQRSNWPWTF;CAKDRGPAEKYYYDSSGTQLIGAFDIW_CQQYYSYPPGTF;CAKVEGIWFGELSDFYYYYGMDVW_CQQRSNWPLTF;CAKALHAAVVGPAAIPFDYW_CSSYVGSNNYVF;CAKDHLMITFGGVGQGVPWFDPW_CQKYNSAPRTF;CAKAEGVKYNWNYGDYW_CQQSGSSPPTF;CATDLNLAVAGEGGYW_CQQRSNWPLTF;CARDSYDFWSGYTPPNYYYYYGMDVW_CQQRSNWYTF;CAKETLGAVDYW_CCSYAGSSRVF;CAKAAMVRGVIDWYFDLW_CQQYYSYPPFTF;CASATTVSHW_CQQRSNWPLTF;CAKGGGADFDHW_CQQYSIWPLSF;CAKDRDGYNADDAFDIW_CQQSYSTPLTF;CAKSYGSGSYYRTSEYYFDYW_CQQYNNWPPGTF;CARDCSSTSCLAYW_CQLRSNWPTF;CAKRDSSSWGWDRGAFDIW_CQQLNSYPGFTF;CAKGFDYYGSGSYSPFDYW_CQQYNNWPPEYTF;CARHEKGIAAAVYYFDYW_CQQRSNWPLTF;CAKDGRWELGTFDIW_CQQYDNLPQF;CAKDRRLGPWIPDYW_CQQYDNLPQAF;CAKDVTDGYNIPYYFDSW_CQQRSNWPLTF;CAKDRCTITSCSYQNW_CMQALQIPPTF;CAKDRSFDYPDYW_CQQYYSFPYTF;CTSWAIPQALTDYYYYGMDVW_CQQRSNWPPSITF;CAKLGEEDGSGSPSYYYYGMDVW_CQQYNNWPPLTF;CAKILYSSGWWGGAFDIW_CQQYNSYPLTF;CAKDDDRGYGWFGELLGRYGMDVW_CQQRSNWLLTF;CAKDKASSWQDRYYYYGMDVW_CVLYMGSGIRVF;CAKVGVGATSHFDYW_CQQSYSTPRYTF;CAKDLPRSVVVTANSYYYGMDVW_CQQYNSYPVTF;CTTPTWGNYYYYGMDVW_CQQRSTGRDTF;CARVFRRYGSGSYYNLW_CQQRSNWLTF;CARDPGDYVEIEWYFDLW_CQQRSNWPRLTF	17	1	CARHGINYYDSSGYSGNDAFDIW_CQQYDNLFTF	0	NA
15	98	CAKDFHRLTLLRYCSGGSCYSAFDIW_CCSYAGSSTYVF;CAKRPDTTGRSWYFDYW_CQQYNNWLWTF;CAKFDIAAADTGKGEDYW_CMQGTHWPPLTF;CAKDSLFDRIILIATDIW_CAAWDDSLNGWVF;CAKYPSFSSRRWYFDLW_CQQYNNWPPPYTF;CAKLPSYSYGPFDYW_CQVWDSSSDHPVF;CAKDRQQLVIDAFDIW_CQQANSFSYTF;CARRRYYGGNSNKGWYFDLW_CQQRSNWRTF;CAKVLGFGPHYDILTGYYPFDYW_CQQSYSTPLTF;CASVQWLVDYW_CQQSYSTPMYTF;CAKDQSPSAKNGDYVSFDYW_CMQALQKTF;CAKDLRFLEWLLPYYYGMDVW_CMQALQTPWTF;CAKDPNYWRYFDWLTGYYFDYW_CQQRSNWPPWTF;CARDGGFGGSWLDPW_CQQRSHFRTF;CAKGEQFIAVNNWFDPW_CQQRSNWPITF;CAKDIRGNSWYGDSEGIW_CMQGTHWPYTF;CASGMVDFDYW_CMQGTHWPPTF;CAKGDSRYWYFDLW_CQQRSNWPLTF;CARGSISSQRWFGPW_CQQYNYYYTF;CAKWGHSSWYDNWFDPW_CQSADSSGTYVVF;CARGGAVLRYFDWEPQGPLEDNWFDPW_CQQRSNTWTF;CARNMASGMDVW_CQQRSNWPLFLTF;CAKMGASRWGPSYYFDCW_CQQYGSSPRTF;CAHRPLDILTGYRVDYFDYW_CQQSYSTLGTF;CAKDHPTNWFDPW_CQQYYSYPRTF;CAKAQNYYDSSGYYPFDYW_CQVWDSSSDHSVVF;CAKAPESSAYYGPDYW_CAAWDDSLSGHWVF;CAKGATSCAYW_CQQSYSTPRTF;CARGRLGGYSLPGFDYW_CNSRDSSGNHVVF;CARAIWYYDILTGYYSYYGMDVW_CSSYAGSNNLEVF;CARARGDFWSGYTHWYFDLW_CQQRSNWPPWYTF;CAKASARYCSGGSCYGTAFDIW_CQQSYSTPVF;CAKFHDSSGYYYLYGFDYW_CQAWDSSTYVF;CAKGAAASRTDYW_CQQSYSTPPYTF;CAQTGILTGYPRVGNAFDIW_CQQRSNWLGFTF;CAKDEWERGAFDIW_CQQYNSYSPWTF;CAKADLLYSGSYGAW_CQQSYSTPYTF;CAKDGIVVVTAIKFGHGMDVW_CQQANSFPYTF;CAKRLDYW_CMQATQFPYTF;CANISPPPRYYGSGSYYNFAFDIW_CQQLNSYPFTF;CAKDYDSGSYYEGGAFDIW_CQQRSNWPLTF;CAKEDYNSGSCLDYW_CQQLNSYPQVTF;CAQIAAAGTMGFDYW_CQQRSNWPSLTF;CAKVRGIVGATPCYFDYW_CQVWDSSSDHPVF;CTTEVCSGYDCDLGDYW_CQQRSNWPTF;CARSVDTAMGNAHDW_CQQYGSSPPTF;CAKDRGYRGDYSNWFDPW_CQQYNSYPRTF;CARDRPPYSNYVIYGMDVW_CQQRSNWPPLTF;CAKPSIVATIWAFDYW_CQQYDNLPPITF;CARDHKQWRVSYVWFDPW_CQQRNTWPRPTF;CAKGRYSSSWYEDWYFDLW_CQQRSNWPPLTF;CARDISKGAAGTGDWFDPW_CQQRSNWPLTF;CAKDAEGQGPVLLWLGGMDVW_CQQYNSYSYTF;CATGIAVAGTLGYYGMDVW_CQQYNNWPRFTF;CAKGTHYYGSGSMWGMDVW_CQQRSNWPPYTF;CAREGEITMIVANDAFDIW_CQQSYSTPPTF;CATSDWSW_CQQRINWPITF;CAKASVAVAGTGGMDVW_CQVWDSSSDHVVF;CAKFFVVLSFWSGYYDYW_CQQLNSYPQTF;CAKGRNFVVVTAICDYW_CQQYGSSPLTF;CAKSLKLFAIDYW_CQSADSSGTYWVF;CANDRDASSAWYGPVGYW_CQQHYSTPGTF;CAKGGYCSGGSCPLDYYYGMDVW_CMQALQTPLTF;CARARSSGWYHYW_CQQRSNWPPTF;CAKDHDEGATTYFDYW_CQAWDSSTVVF;CAKDSRYSLLIAVAGTEDYW_CQQRSNWPWTF;CAKDRGPAEKYYYDSSGTQLIGAFDIW_CQQYYSYPPGTF;CAKVEGIWFGELSDFYYYYGMDVW_CQQRSNWPLTF;CAKALHAAVVGPAAIPFDYW_CSSYVGSNNYVF;CAKDHLMITFGGVGQGVPWFDPW_CQKYNSAPRTF;CAKAEGVKYNWNYGDYW_CQQSGSSPPTF;CATDLNLAVAGEGGYW_CQQRSNWPLTF;CARDSYDFWSGYTPPNYYYYYGMDVW_CQQRSNWYTF;CAKETLGAVDYW_CCSYAGSSRVF;CAKAAMVRGVIDWYFDLW_CQQYYSYPPFTF;CASATTVSHW_CQQRSNWPLTF;CAKGGGADFDHW_CQQYSIWPLSF;CAKDRDGYNADDAFDIW_CQQSYSTPLTF;CAKSYGSGSYYRTSEYYFDYW_CQQYNNWPPGTF;CARDCSSTSCLAYW_CQLRSNWPTF;CAKRDSSSWGWDRGAFDIW_CQQLNSYPGFTF;CAKGFDYYGSGSYSPFDYW_CQQYNNWPPEYTF;CARHEKGIAAAVYYFDYW_CQQRSNWPLTF;CAKDGRWELGTFDIW_CQQYDNLPQF;CAKDRRLGPWIPDYW_CQQYDNLPQAF;CAKDVTDGYNIPYYFDSW_CQQRSNWPLTF;CAKDRCTITSCSYQNW_CMQALQIPPTF;CAKDRSFDYPDYW_CQQYYSFPYTF;CTSWAIPQALTDYYYYGMDVW_CQQRSNWPPSITF;CAKLGEEDGSGSPSYYYYGMDVW_CQQYNNWPPLTF;CAKILYSSGWWGGAFDIW_CQQYNSYPLTF;CAKDDDRGYGWFGELLGRYGMDVW_CQQRSNWLLTF;CAKDKASSWQDRYYYYGMDVW_CVLYMGSGIRVF;CAKVGVGATSHFDYW_CQQSYSTPRYTF;CAKDLPRSVVVTANSYYYGMDVW_CQQYNSYPVTF;CTTPTWGNYYYYGMDVW_CQQRSTGRDTF;CARVFRRYGSGSYYNLW_CQQRSNWLTF;CARDPGDYVEIEWYFDLW_CQQRSNWPRLTF	18	55	CARETTPVVTASTYYYYYGMDVW_CSSYTSSSTWVF;CARDWVRGVNDMDVW_CSSYTSSSTRVF;CTRPQRKWELPYPDAFDIW_CSSYTSSSTLF;CARGGAAVTTYYYYFYGMDAW_CCSYSSTNTLYVF;CARDGSGYLEQYYFDYW_CAAWDDSLNGYVF;CARGQGRTTSDYW_CSSYTSSSTLVVF;CARDPITMVRGVIISGWYFDLW_CSSYTSSSTLDVVF;CAKGADPYYDFWSGYSELFPLGMDVW_CSSYTSSSTVVF;CAREFKSFWSGYGDYYYGMDVW_CSSYTSSSTRVF;CARVVDDYYDSSGRYYFDYW_CSSYTSSSTQVF;CARHPFRVFGGWRDYW_CSSYTSSSTLWVF;CTGPDRMAYYDSSGYWEGVLDYW_CSSYTSSSPLYVF;CTRCGSSWTSYTMYDW_CSSYTGSRLYVF;CAKASLYGSGSYPPKYW_CSSYTSSSTYVF;CARDRPALWFGELHGMDVW_CSSYTSSSTLVF;CAKDHWEYYWYFDLW_CSSYTSSSTLVF;CARQISILRLLVWFDPW_CSSYTSSRGVF;CARHSPPRLWFGAFNYYYGMDVW_CSSYTGSSTLVF;CARRIAVAATVTGAMDVW_CTSYTSSSTLVF;CARYYDILTGYYYDYFDYW_CSSYTSSSTSF;CAKDPRLGPYFDYW_CSSYTSSSTRVF;CARILSDYYDSIGAFDYW_CSSYTSSSTPVVF;CARDRVAIMRGIKPNGMDVW_CQQLNSYPQTF;CARELTGDRDYW_CNSYTRSSTYVF;CARVNTMVRGLSTTKYYYPMDVW_CSSYTLSILIF;CARGGLPLGYCSGGSCSRRYYGMDVW_CSSYTSSSTLVVF;CARVEYGDYSGWFDPW_CSSYTSSSTWVF;CARGINYCSGGSCYYYYYYGMDVW_CSSYTSSSTLEGVF;CAREGPSRPAANYW_CSSYTSSSTEVF;CVRDQGSGGNYFDPW_CSSYTSSSLYVF;CARDDYYYDSSGYYPRFDYW_CSSYTSSSTLGVF;CARGSRYSYGDPCFDYW_CSSYTSSSTPVVVF;CARYYQDRFDYW_CSSYTSSSTLEVF;CARGPYDILTGSIYYYGMDVW_CSSYTSSSTLIF;CARDLGWSEGNYYYYGMDVW_CSSYTSSSTYVF;CAYDSSGYSLDYW_CQQYGSSPF;CARDQGTAAKPLDYW_CSSYTSSSTRVF;CARGGYSGYESDYW_CSSYTSSSTRVF;CARSSVGRQWPKGMDVW_CSSYTSSSTLAF;CAKDIRGRMATIMSW_CSSYTSSSTLVVF;CARVELHYYYYYGMDVW_CSSYTSSSTLF;CARGMIVVVMRYGMDVW_CSSYTSSSPVVF;CAKGILRYFDWHLEGMDVW_CSSYRNISTVF;CAKDIVSYSNYVLSNW_CSSYTSSSTQHVVF;CARHGSYLGYFQHW_CSSYTSSSTVVF;CAKDKGPDYYYGMDVW_CSSYTSSSTLYVF;CARSMVRGKYRAEYFQHW_CSSYTSSSTLNVVF;CATLSGMDVW_CSSYTSSSTLVVF;CAREGRPPRKPKNNWFDPW_CSSYAGSNNLVF;CARGYSYGPFDYW_CSSYTSSSTLVVF;CASPITTVTTRGAFDIW_CSSYTSSSTFYVF;CAETSYCSGGSCPMSEYGPVFDPW_CSSYTSSSTPWVF;CAKDCGEPWYNWNDGIGYW_CSSYTSSSTWVF;CARDSRLGGVDPW_CSSYTSSSTRVF;CAKAPGGYNWDNYHYYYFAMDVW_CSSYTSSSTLYVF	0	NA
15	98	CAKDFHRLTLLRYCSGGSCYSAFDIW_CCSYAGSSTYVF;CAKRPDTTGRSWYFDYW_CQQYNNWLWTF;CAKFDIAAADTGKGEDYW_CMQGTHWPPLTF;CAKDSLFDRIILIATDIW_CAAWDDSLNGWVF;CAKYPSFSSRRWYFDLW_CQQYNNWPPPYTF;CAKLPSYSYGPFDYW_CQVWDSSSDHPVF;CAKDRQQLVIDAFDIW_CQQANSFSYTF;CARRRYYGGNSNKGWYFDLW_CQQRSNWRTF;CAKVLGFGPHYDILTGYYPFDYW_CQQSYSTPLTF;CASVQWLVDYW_CQQSYSTPMYTF;CAKDQSPSAKNGDYVSFDYW_CMQALQKTF;CAKDLRFLEWLLPYYYGMDVW_CMQALQTPWTF;CAKDPNYWRYFDWLTGYYFDYW_CQQRSNWPPWTF;CARDGGFGGSWLDPW_CQQRSHFRTF;CAKGEQFIAVNNWFDPW_CQQRSNWPITF;CAKDIRGNSWYGDSEGIW_CMQGTHWPYTF;CASGMVDFDYW_CMQGTHWPPTF;CAKGDSRYWYFDLW_CQQRSNWPLTF;CARGSISSQRWFGPW_CQQYNYYYTF;CAKWGHSSWYDNWFDPW_CQSADSSGTYVVF;CARGGAVLRYFDWEPQGPLEDNWFDPW_CQQRSNTWTF;CARNMASGMDVW_CQQRSNWPLFLTF;CAKMGASRWGPSYYFDCW_CQQYGSSPRTF;CAHRPLDILTGYRVDYFDYW_CQQSYSTLGTF;CAKDHPTNWFDPW_CQQYYSYPRTF;CAKAQNYYDSSGYYPFDYW_CQVWDSSSDHSVVF;CAKAPESSAYYGPDYW_CAAWDDSLSGHWVF;CAKGATSCAYW_CQQSYSTPRTF;CARGRLGGYSLPGFDYW_CNSRDSSGNHVVF;CARAIWYYDILTGYYSYYGMDVW_CSSYAGSNNLEVF;CARARGDFWSGYTHWYFDLW_CQQRSNWPPWYTF;CAKASARYCSGGSCYGTAFDIW_CQQSYSTPVF;CAKFHDSSGYYYLYGFDYW_CQAWDSSTYVF;CAKGAAASRTDYW_CQQSYSTPPYTF;CAQTGILTGYPRVGNAFDIW_CQQRSNWLGFTF;CAKDEWERGAFDIW_CQQYNSYSPWTF;CAKADLLYSGSYGAW_CQQSYSTPYTF;CAKDGIVVVTAIKFGHGMDVW_CQQANSFPYTF;CAKRLDYW_CMQATQFPYTF;CANISPPPRYYGSGSYYNFAFDIW_CQQLNSYPFTF;CAKDYDSGSYYEGGAFDIW_CQQRSNWPLTF;CAKEDYNSGSCLDYW_CQQLNSYPQVTF;CAQIAAAGTMGFDYW_CQQRSNWPSLTF;CAKVRGIVGATPCYFDYW_CQVWDSSSDHPVF;CTTEVCSGYDCDLGDYW_CQQRSNWPTF;CARSVDTAMGNAHDW_CQQYGSSPPTF;CAKDRGYRGDYSNWFDPW_CQQYNSYPRTF;CARDRPPYSNYVIYGMDVW_CQQRSNWPPLTF;CAKPSIVATIWAFDYW_CQQYDNLPPITF;CARDHKQWRVSYVWFDPW_CQQRNTWPRPTF;CAKGRYSSSWYEDWYFDLW_CQQRSNWPPLTF;CARDISKGAAGTGDWFDPW_CQQRSNWPLTF;CAKDAEGQGPVLLWLGGMDVW_CQQYNSYSYTF;CATGIAVAGTLGYYGMDVW_CQQYNNWPRFTF;CAKGTHYYGSGSMWGMDVW_CQQRSNWPPYTF;CAREGEITMIVANDAFDIW_CQQSYSTPPTF;CATSDWSW_CQQRINWPITF;CAKASVAVAGTGGMDVW_CQVWDSSSDHVVF;CAKFFVVLSFWSGYYDYW_CQQLNSYPQTF;CAKGRNFVVVTAICDYW_CQQYGSSPLTF;CAKSLKLFAIDYW_CQSADSSGTYWVF;CANDRDASSAWYGPVGYW_CQQHYSTPGTF;CAKGGYCSGGSCPLDYYYGMDVW_CMQALQTPLTF;CARARSSGWYHYW_CQQRSNWPPTF;CAKDHDEGATTYFDYW_CQAWDSSTVVF;CAKDSRYSLLIAVAGTEDYW_CQQRSNWPWTF;CAKDRGPAEKYYYDSSGTQLIGAFDIW_CQQYYSYPPGTF;CAKVEGIWFGELSDFYYYYGMDVW_CQQRSNWPLTF;CAKALHAAVVGPAAIPFDYW_CSSYVGSNNYVF;CAKDHLMITFGGVGQGVPWFDPW_CQKYNSAPRTF;CAKAEGVKYNWNYGDYW_CQQSGSSPPTF;CATDLNLAVAGEGGYW_CQQRSNWPLTF;CARDSYDFWSGYTPPNYYYYYGMDVW_CQQRSNWYTF;CAKETLGAVDYW_CCSYAGSSRVF;CAKAAMVRGVIDWYFDLW_CQQYYSYPPFTF;CASATTVSHW_CQQRSNWPLTF;CAKGGGADFDHW_CQQYSIWPLSF;CAKDRDGYNADDAFDIW_CQQSYSTPLTF;CAKSYGSGSYYRTSEYYFDYW_CQQYNNWPPGTF;CARDCSSTSCLAYW_CQLRSNWPTF;CAKRDSSSWGWDRGAFDIW_CQQLNSYPGFTF;CAKGFDYYGSGSYSPFDYW_CQQYNNWPPEYTF;CARHEKGIAAAVYYFDYW_CQQRSNWPLTF;CAKDGRWELGTFDIW_CQQYDNLPQF;CAKDRRLGPWIPDYW_CQQYDNLPQAF;CAKDVTDGYNIPYYFDSW_CQQRSNWPLTF;CAKDRCTITSCSYQNW_CMQALQIPPTF;CAKDRSFDYPDYW_CQQYYSFPYTF;CTSWAIPQALTDYYYYGMDVW_CQQRSNWPPSITF;CAKLGEEDGSGSPSYYYYGMDVW_CQQYNNWPPLTF;CAKILYSSGWWGGAFDIW_CQQYNSYPLTF;CAKDDDRGYGWFGELLGRYGMDVW_CQQRSNWLLTF;CAKDKASSWQDRYYYYGMDVW_CVLYMGSGIRVF;CAKVGVGATSHFDYW_CQQSYSTPRYTF;CAKDLPRSVVVTANSYYYGMDVW_CQQYNSYPVTF;CTTPTWGNYYYYGMDVW_CQQRSTGRDTF;CARVFRRYGSGSYYNLW_CQQRSNWLTF;CARDPGDYVEIEWYFDLW_CQQRSNWPRLTF	20	44	CARDQEYSSGWDGPDYYYYYGMDVW_CQQSYSTPQTF;CARDDRFGGDTLGWFDPW_CQSYDSSLSGSGYVF;CAREGWGLGYCSSTSCYTGPFGYW_CQQYGSSPPYTF;CARDRLDGYNSFYYGMDVW_CQSYDSSLSGSVF;CARDAGRDGNEYYFDYW_CQQYNSYLYTF;CARDRGQWLVREEDYYYGMDVW_CQQYYSTPLTF;CARIWAVAADHSFDYW_CQQYNNWPPWTF;CARDKGATFDYW_CQQSYSTPYTF;CARDRWSLHIVGASPRGPSFDYW_CQQANSFPVTF;CASGSSDRYSSGWYWGYFDYW_CQAWDSSTVVF;CARAEIYGSGSKYYYYGMDVW_CQSADSSGTYYVF;CARGPDRFSGSYDNWFDPW_CQHTRAF;CARDIVRDFDWPGVGYW_CAAWDDSLNGYVF;CARGWSGYSSSLHPYYFDYW_CCSYAGSSTTLVF;CARDLYSGYSYGSAVYW_CQQRSNWPIF;CARESPFGGQSVAVGGTPDYW_CCSYAGSGTFVF;CARGPGYCSGGSCYGMFDYW_CQSADSSGTYVVF;CARGTRRDGYNLIYW_CQQYDNPPLTF;CARAVPARPEYCGGDCYIYYYGMDVW_CQSADSSGTYWVF;CVLYYGSGSYYRFDYW_CQSYDSSLSAVF;CARDSSSPATRHFDYW_CMQATQFPYTF;CARGRGRYYDSSGEW_CQQYNSYPYTF;CARESRPTVTTRTTSGMDVW_CLQHNSYPRTF;CARDIGYSSGWYWTPGVNYYYGMDVW_CQQYGSSPWTF;CARDRGVGARHFDYW_CQQYNNWPPWTF;CGRAAISVLRKMPPTFW_CQQYGSSPYTF;CARETYYYDSSGYYGPHAFDIW_CLLSYSGARVF;CARDSEIFGSSWYSYFDYW_CQQYNSYSYTF;CARTYVWGEVDYYYYGMDVW_CLQHNSYPWTF;CARVYSYGYRYFDYW_CQQSYSTLWTF;CARDGGYSYGYAQGYYGMDVW_CQSADSSGTHVVF;CARDRSAERRGYFDYW_CNSRDSSGNHYVF;CARVKSGGSSSLRQDAFDIW_CQQRSNWPYTF;CAREDSSGWLEFPNWFDPW_CCSYAGSSTYVF;CAREGEQWLDGAFDYW_CQSADSSGTYKVF;CARDGGGWYGLVDYW_CQQYNNWPLTF;CARGNDAFDIW_CQQYNSYSGTF;CARDGKPSKTFDYW_CQQSYSTPLTF;CARDCGGPVTTTTNDAFDIW_CQQYYSYPRTF;CARDCDGGCDYW_CQSADSSGTYRVF;CARGGDYYYGMDVW_CQQYNNWPLTF;CARALSLGPRTYYYDSPQRGHDAFDIW_CQQSYSTSWTF;CARGETYYYDSSGYYWGYYFDYW_CQQYNSYPLTF;CARDQQWLGDFDYW_CSSYAGSNNLWVF	0	NA
15	98	CAKDFHRLTLLRYCSGGSCYSAFDIW_CCSYAGSSTYVF;CAKRPDTTGRSWYFDYW_CQQYNNWLWTF;CAKFDIAAADTGKGEDYW_CMQGTHWPPLTF;CAKDSLFDRIILIATDIW_CAAWDDSLNGWVF;CAKYPSFSSRRWYFDLW_CQQYNNWPPPYTF;CAKLPSYSYGPFDYW_CQVWDSSSDHPVF;CAKDRQQLVIDAFDIW_CQQANSFSYTF;CARRRYYGGNSNKGWYFDLW_CQQRSNWRTF;CAKVLGFGPHYDILTGYYPFDYW_CQQSYSTPLTF;CASVQWLVDYW_CQQSYSTPMYTF;CAKDQSPSAKNGDYVSFDYW_CMQALQKTF;CAKDLRFLEWLLPYYYGMDVW_CMQALQTPWTF;CAKDPNYWRYFDWLTGYYFDYW_CQQRSNWPPWTF;CARDGGFGGSWLDPW_CQQRSHFRTF;CAKGEQFIAVNNWFDPW_CQQRSNWPITF;CAKDIRGNSWYGDSEGIW_CMQGTHWPYTF;CASGMVDFDYW_CMQGTHWPPTF;CAKGDSRYWYFDLW_CQQRSNWPLTF;CARGSISSQRWFGPW_CQQYNYYYTF;CAKWGHSSWYDNWFDPW_CQSADSSGTYVVF;CARGGAVLRYFDWEPQGPLEDNWFDPW_CQQRSNTWTF;CARNMASGMDVW_CQQRSNWPLFLTF;CAKMGASRWGPSYYFDCW_CQQYGSSPRTF;CAHRPLDILTGYRVDYFDYW_CQQSYSTLGTF;CAKDHPTNWFDPW_CQQYYSYPRTF;CAKAQNYYDSSGYYPFDYW_CQVWDSSSDHSVVF;CAKAPESSAYYGPDYW_CAAWDDSLSGHWVF;CAKGATSCAYW_CQQSYSTPRTF;CARGRLGGYSLPGFDYW_CNSRDSSGNHVVF;CARAIWYYDILTGYYSYYGMDVW_CSSYAGSNNLEVF;CARARGDFWSGYTHWYFDLW_CQQRSNWPPWYTF;CAKASARYCSGGSCYGTAFDIW_CQQSYSTPVF;CAKFHDSSGYYYLYGFDYW_CQAWDSSTYVF;CAKGAAASRTDYW_CQQSYSTPPYTF;CAQTGILTGYPRVGNAFDIW_CQQRSNWLGFTF;CAKDEWERGAFDIW_CQQYNSYSPWTF;CAKADLLYSGSYGAW_CQQSYSTPYTF;CAKDGIVVVTAIKFGHGMDVW_CQQANSFPYTF;CAKRLDYW_CMQATQFPYTF;CANISPPPRYYGSGSYYNFAFDIW_CQQLNSYPFTF;CAKDYDSGSYYEGGAFDIW_CQQRSNWPLTF;CAKEDYNSGSCLDYW_CQQLNSYPQVTF;CAQIAAAGTMGFDYW_CQQRSNWPSLTF;CAKVRGIVGATPCYFDYW_CQVWDSSSDHPVF;CTTEVCSGYDCDLGDYW_CQQRSNWPTF;CARSVDTAMGNAHDW_CQQYGSSPPTF;CAKDRGYRGDYSNWFDPW_CQQYNSYPRTF;CARDRPPYSNYVIYGMDVW_CQQRSNWPPLTF;CAKPSIVATIWAFDYW_CQQYDNLPPITF;CARDHKQWRVSYVWFDPW_CQQRNTWPRPTF;CAKGRYSSSWYEDWYFDLW_CQQRSNWPPLTF;CARDISKGAAGTGDWFDPW_CQQRSNWPLTF;CAKDAEGQGPVLLWLGGMDVW_CQQYNSYSYTF;CATGIAVAGTLGYYGMDVW_CQQYNNWPRFTF;CAKGTHYYGSGSMWGMDVW_CQQRSNWPPYTF;CAREGEITMIVANDAFDIW_CQQSYSTPPTF;CATSDWSW_CQQRINWPITF;CAKASVAVAGTGGMDVW_CQVWDSSSDHVVF;CAKFFVVLSFWSGYYDYW_CQQLNSYPQTF;CAKGRNFVVVTAICDYW_CQQYGSSPLTF;CAKSLKLFAIDYW_CQSADSSGTYWVF;CANDRDASSAWYGPVGYW_CQQHYSTPGTF;CAKGGYCSGGSCPLDYYYGMDVW_CMQALQTPLTF;CARARSSGWYHYW_CQQRSNWPPTF;CAKDHDEGATTYFDYW_CQAWDSSTVVF;CAKDSRYSLLIAVAGTEDYW_CQQRSNWPWTF;CAKDRGPAEKYYYDSSGTQLIGAFDIW_CQQYYSYPPGTF;CAKVEGIWFGELSDFYYYYGMDVW_CQQRSNWPLTF;CAKALHAAVVGPAAIPFDYW_CSSYVGSNNYVF;CAKDHLMITFGGVGQGVPWFDPW_CQKYNSAPRTF;CAKAEGVKYNWNYGDYW_CQQSGSSPPTF;CATDLNLAVAGEGGYW_CQQRSNWPLTF;CARDSYDFWSGYTPPNYYYYYGMDVW_CQQRSNWYTF;CAKETLGAVDYW_CCSYAGSSRVF;CAKAAMVRGVIDWYFDLW_CQQYYSYPPFTF;CASATTVSHW_CQQRSNWPLTF;CAKGGGADFDHW_CQQYSIWPLSF;CAKDRDGYNADDAFDIW_CQQSYSTPLTF;CAKSYGSGSYYRTSEYYFDYW_CQQYNNWPPGTF;CARDCSSTSCLAYW_CQLRSNWPTF;CAKRDSSSWGWDRGAFDIW_CQQLNSYPGFTF;CAKGFDYYGSGSYSPFDYW_CQQYNNWPPEYTF;CARHEKGIAAAVYYFDYW_CQQRSNWPLTF;CAKDGRWELGTFDIW_CQQYDNLPQF;CAKDRRLGPWIPDYW_CQQYDNLPQAF;CAKDVTDGYNIPYYFDSW_CQQRSNWPLTF;CAKDRCTITSCSYQNW_CMQALQIPPTF;CAKDRSFDYPDYW_CQQYYSFPYTF;CTSWAIPQALTDYYYYGMDVW_CQQRSNWPPSITF;CAKLGEEDGSGSPSYYYYGMDVW_CQQYNNWPPLTF;CAKILYSSGWWGGAFDIW_CQQYNSYPLTF;CAKDDDRGYGWFGELLGRYGMDVW_CQQRSNWLLTF;CAKDKASSWQDRYYYYGMDVW_CVLYMGSGIRVF;CAKVGVGATSHFDYW_CQQSYSTPRYTF;CAKDLPRSVVVTANSYYYGMDVW_CQQYNSYPVTF;CTTPTWGNYYYYGMDVW_CQQRSTGRDTF;CARVFRRYGSGSYYNLW_CQQRSNWLTF;CARDPGDYVEIEWYFDLW_CQQRSNWPRLTF	21	37	CARDRDGAFAIW_CAIWYSNTHVIF;CASRVHGLVTVTTGGAFDIW_CQQYYSYPPAF;CARGGDPTWFDPW_CCSYAGSSIVVF;CARAGAVARGYFDYW_CQQYYSFPPTF;CARGRGAAAGTSILNYW_CQQYYSTPLGF;CARGGRVWSQATPTKNWFDPW_CQQYNNWPPWTF;CARKSGPPQYRYFDYW_CQQSYSTPLHF;CARGVGGCSSTSCYTRGYYGMDVW_CQQANSFLTF;CARGVRVAPIDYW_CAAWDDSLWVF;CARGPVYYYGSGSYYYFDYW_CLQDYNYPFTF;CARGTRGRSSGYYSNW_CQQYNNWPPYTF;CARGRSSGYYPHFDYW_CNSRDSSGNHYVF;CARGGRYCSGGSCYNWFDPW_CLQDYNYPWTF;CARVDNVWTTWGYW_CQQSYSTPPTF;CARDRVHDYVWGSYRDLDYW_CQQSYSTLMYTF;CARGPIVVVIAASPYYYYGMDVW_CQQRSNWPPGCTF;CARRYSYGYKRLSGWIWYFDLW_CAAWDDSLNGYVF;CASSGWFDPW_CAAWDDSLSGRVF;CARSLGPEFYYFDYW_CQQSYSTPWTF;CARGMGSSSWYPNTKLVNWFDPW_CQQYYSTPPTF;CARGEYGDYAFDYW_CAAWDDSLNGYVF;CARGTIAVAGKRYYYFDYW_CQVWDSSSDHHVVF;CARALYYDILTGYYPRYYFDYW_CQQLNSYPITF;CARGSGYYVGSYFDYW_CNSRDSSGNHPPVVF;CARDLPAVYYYGMDVW_CQQSYSTLFTF;CARGNTRLRGYSYGLQMARGGYGMDVW_CQQYGSSPGTF;CASSAPPYGHFDYW_CNSRDSSGNHVVF;CARSVTGTMGIYYYGMDVW_CQQYGSSRGTF;CARGRGYYGSGSYFSFSYYYGMDVW_CAAWDDSLNGQVF;CARDRRGYSYGYPWFDPW_CNSRDSSGNHRVF;CARGRVYGDYVFWFDPW_CQQSYSTPLTF;CARAYGMDVW_CQKYNSAPYTF;CARGTRGRSSGYYSNW_CQQYNNWPPYTF;CASLERVRRFYYYYGMDVW_CLLYYGGARVF;CARYNWNLNFDYW_CAAWDDSLNANYVF;CSIHPYYYDSSSHSEYFQHW_CQQYDNLPPAF;CARGSPYCSGGSCYLNWFDPW_CQQYYSYPRTF	0	NA
15	98	CAKDFHRLTLLRYCSGGSCYSAFDIW_CCSYAGSSTYVF;CAKRPDTTGRSWYFDYW_CQQYNNWLWTF;CAKFDIAAADTGKGEDYW_CMQGTHWPPLTF;CAKDSLFDRIILIATDIW_CAAWDDSLNGWVF;CAKYPSFSSRRWYFDLW_CQQYNNWPPPYTF;CAKLPSYSYGPFDYW_CQVWDSSSDHPVF;CAKDRQQLVIDAFDIW_CQQANSFSYTF;CARRRYYGGNSNKGWYFDLW_CQQRSNWRTF;CAKVLGFGPHYDILTGYYPFDYW_CQQSYSTPLTF;CASVQWLVDYW_CQQSYSTPMYTF;CAKDQSPSAKNGDYVSFDYW_CMQALQKTF;CAKDLRFLEWLLPYYYGMDVW_CMQALQTPWTF;CAKDPNYWRYFDWLTGYYFDYW_CQQRSNWPPWTF;CARDGGFGGSWLDPW_CQQRSHFRTF;CAKGEQFIAVNNWFDPW_CQQRSNWPITF;CAKDIRGNSWYGDSEGIW_CMQGTHWPYTF;CASGMVDFDYW_CMQGTHWPPTF;CAKGDSRYWYFDLW_CQQRSNWPLTF;CARGSISSQRWFGPW_CQQYNYYYTF;CAKWGHSSWYDNWFDPW_CQSADSSGTYVVF;CARGGAVLRYFDWEPQGPLEDNWFDPW_CQQRSNTWTF;CARNMASGMDVW_CQQRSNWPLFLTF;CAKMGASRWGPSYYFDCW_CQQYGSSPRTF;CAHRPLDILTGYRVDYFDYW_CQQSYSTLGTF;CAKDHPTNWFDPW_CQQYYSYPRTF;CAKAQNYYDSSGYYPFDYW_CQVWDSSSDHSVVF;CAKAPESSAYYGPDYW_CAAWDDSLSGHWVF;CAKGATSCAYW_CQQSYSTPRTF;CARGRLGGYSLPGFDYW_CNSRDSSGNHVVF;CARAIWYYDILTGYYSYYGMDVW_CSSYAGSNNLEVF;CARARGDFWSGYTHWYFDLW_CQQRSNWPPWYTF;CAKASARYCSGGSCYGTAFDIW_CQQSYSTPVF;CAKFHDSSGYYYLYGFDYW_CQAWDSSTYVF;CAKGAAASRTDYW_CQQSYSTPPYTF;CAQTGILTGYPRVGNAFDIW_CQQRSNWLGFTF;CAKDEWERGAFDIW_CQQYNSYSPWTF;CAKADLLYSGSYGAW_CQQSYSTPYTF;CAKDGIVVVTAIKFGHGMDVW_CQQANSFPYTF;CAKRLDYW_CMQATQFPYTF;CANISPPPRYYGSGSYYNFAFDIW_CQQLNSYPFTF;CAKDYDSGSYYEGGAFDIW_CQQRSNWPLTF;CAKEDYNSGSCLDYW_CQQLNSYPQVTF;CAQIAAAGTMGFDYW_CQQRSNWPSLTF;CAKVRGIVGATPCYFDYW_CQVWDSSSDHPVF;CTTEVCSGYDCDLGDYW_CQQRSNWPTF;CARSVDTAMGNAHDW_CQQYGSSPPTF;CAKDRGYRGDYSNWFDPW_CQQYNSYPRTF;CARDRPPYSNYVIYGMDVW_CQQRSNWPPLTF;CAKPSIVATIWAFDYW_CQQYDNLPPITF;CARDHKQWRVSYVWFDPW_CQQRNTWPRPTF;CAKGRYSSSWYEDWYFDLW_CQQRSNWPPLTF;CARDISKGAAGTGDWFDPW_CQQRSNWPLTF;CAKDAEGQGPVLLWLGGMDVW_CQQYNSYSYTF;CATGIAVAGTLGYYGMDVW_CQQYNNWPRFTF;CAKGTHYYGSGSMWGMDVW_CQQRSNWPPYTF;CAREGEITMIVANDAFDIW_CQQSYSTPPTF;CATSDWSW_CQQRINWPITF;CAKASVAVAGTGGMDVW_CQVWDSSSDHVVF;CAKFFVVLSFWSGYYDYW_CQQLNSYPQTF;CAKGRNFVVVTAICDYW_CQQYGSSPLTF;CAKSLKLFAIDYW_CQSADSSGTYWVF;CANDRDASSAWYGPVGYW_CQQHYSTPGTF;CAKGGYCSGGSCPLDYYYGMDVW_CMQALQTPLTF;CARARSSGWYHYW_CQQRSNWPPTF;CAKDHDEGATTYFDYW_CQAWDSSTVVF;CAKDSRYSLLIAVAGTEDYW_CQQRSNWPWTF;CAKDRGPAEKYYYDSSGTQLIGAFDIW_CQQYYSYPPGTF;CAKVEGIWFGELSDFYYYYGMDVW_CQQRSNWPLTF;CAKALHAAVVGPAAIPFDYW_CSSYVGSNNYVF;CAKDHLMITFGGVGQGVPWFDPW_CQKYNSAPRTF;CAKAEGVKYNWNYGDYW_CQQSGSSPPTF;CATDLNLAVAGEGGYW_CQQRSNWPLTF;CARDSYDFWSGYTPPNYYYYYGMDVW_CQQRSNWYTF;CAKETLGAVDYW_CCSYAGSSRVF;CAKAAMVRGVIDWYFDLW_CQQYYSYPPFTF;CASATTVSHW_CQQRSNWPLTF;CAKGGGADFDHW_CQQYSIWPLSF;CAKDRDGYNADDAFDIW_CQQSYSTPLTF;CAKSYGSGSYYRTSEYYFDYW_CQQYNNWPPGTF;CARDCSSTSCLAYW_CQLRSNWPTF;CAKRDSSSWGWDRGAFDIW_CQQLNSYPGFTF;CAKGFDYYGSGSYSPFDYW_CQQYNNWPPEYTF;CARHEKGIAAAVYYFDYW_CQQRSNWPLTF;CAKDGRWELGTFDIW_CQQYDNLPQF;CAKDRRLGPWIPDYW_CQQYDNLPQAF;CAKDVTDGYNIPYYFDSW_CQQRSNWPLTF;CAKDRCTITSCSYQNW_CMQALQIPPTF;CAKDRSFDYPDYW_CQQYYSFPYTF;CTSWAIPQALTDYYYYGMDVW_CQQRSNWPPSITF;CAKLGEEDGSGSPSYYYYGMDVW_CQQYNNWPPLTF;CAKILYSSGWWGGAFDIW_CQQYNSYPLTF;CAKDDDRGYGWFGELLGRYGMDVW_CQQRSNWLLTF;CAKDKASSWQDRYYYYGMDVW_CVLYMGSGIRVF;CAKVGVGATSHFDYW_CQQSYSTPRYTF;CAKDLPRSVVVTANSYYYGMDVW_CQQYNSYPVTF;CTTPTWGNYYYYGMDVW_CQQRSTGRDTF;CARVFRRYGSGSYYNLW_CQQRSNWLTF;CARDPGDYVEIEWYFDLW_CQQRSNWPRLTF	22	30	CARDEGIAARTRGETHYYYYGMDVW_CQQYYSTPYTF;CAREPPDLTMVRTKGVRWFDPW_CQQYYSNPLTF;CARDEMVRRDGYNFAFDIW_CQQYYSTPPLTF;CAKDGIVFYGSGSYNDYW_CQQYYETPTF;CARVRGAFGEPPPYNWFDPW_CQSADSSGTYYVF;CARGGLYSSSWSVHSTFQHW_CQQYGSSPRTF;CARDLGARDGYNKFDYW_CQQYYSTPALTF;CAHTPGSGQKGSIYW_CQQYYSTPWTF;CARLGPYGSGSYSPVDYW_CQQYYSNPQAF;CARGAAAGTLDAFDIW_CQQYYSTPLTF;CAADRIRGSSANYDYGMDVW_CQQYYSLRTF;CTRGGGALGNW_CQQYYSIPWTF;CARGPGIYGDYGGGRPGYFDYW_CQQYYSTPPITF;CARGPSRSYNVYYFDYW_CQQYYSTGTF;CARGRGARYDYGYGLVPNYFDYW_CQQHSSSPPTF;CARGPMTTVATPRTQYFQFW_CQQYYSTPWTF;CSKDWAATGREIGYW_CQQYYRTPYTF;CARRDCSGGSTQSLPQRHLTCYYGMDVW_CQQYYSTLYTF;CARDQYSSGWYLGGWGYFDYW_CQQYYSTLRTF;CARGVVGHPHLIDFW_CQQYYHMGTF;CARQDCSGGSCYLDYW_CQVWDSSSDHPVF;CAKGYSSSWYYNYGMDVW_CQQYYSTPTF;CARDRYFGPW_CQQYYSTPWTF;CARITMIGGAFDIW_CQQYYSTPSITF;CVRGGSGTLSWYDSW_CQQYLSSPDTF;CTRDLLVNWNDPGLISYYNSFDVW_CQQYYNSPRTF;CARSDDNGDYVFNYW_CQQYYSTPPTF;CARELASHLGDYFDYW_CQQYYSTPPKTF;CARKARQWEVAIDSW_CHQYYTTPLF;CSVYDSSGYLYGAFDIW_CQQYYSTPLTF	0	NA
16	68	CARQVGVGKWYLEDW_CCSYASGDNLVF;CARLIKYSGSYEMVDYW_CAAWDDSLNGYYVF;CARGGFITMIGYGMDVW_CQQYDNLPFTF;CARDLRWCSGGSCYGNYYGMDVW_CAAWDDSLNGQVF;CARDGRDYYDSSGYYYDDAFDIW_CQSADSSGTVVF;CARDHPLMVRENLGFDPW_CAAWDDSLNGPVF;CARDLRNYYDFWSGSPNPKINWFDPW_CQKYNSAPLTF;CARDLPAARYGDYGGFDYW_CAAWDDSLNGVVF;CARDLFPIQYGSEPYGMDVW_CQQYGSSPRTF;CARDIGPLDVW_CQVWDSSSDHRVF;CARDQGDGDYGAFDIW_CQQSYSTSSWTF;CARILEIVDPSGSYQYYFDYW_CGTWDSSLSAVVF;CARDGHYSGSYYVGYW_CCSYAGSYTYWVF;CAREEYSSSWHPYYFDYW_CGTWDSSLSAYVF;CAKDFRGWFDPW_CATWDDSLNGWVF;CARDRSGGSWFDPW_CVLYMGSGVF;CARASTAAYYYYYYGMDVW_CAAWDDSLNGHVVF;CAHHLSFGGNWAFAHW_CAAWDDSLNGSYVF;CASNLGYCSSISCYGFDYW_CQQYGSSPLYTF;CAKELPYYDSSGGPEYW_CAAWDDSLNGWVF;CARGEDYYGSGSYYGMDVW_CQAWDSNTVIF;CARVLGITGTTRRFDYW_CQQYYSYPFTF;CARDREQLAPFDYW_CQSADSSGTYVF;CAKDLIDTMIVVVITPPFDYW_CAAWDDSLNWVF;CARGGHLWSEEVMNRFYYYLGMDVW_CGAWDGSLNGYVF;CARDGYSGYDRADYYYYYGMDVW_CQSYDSSLSGSRVF;CARDHIAVAATPAEYYYYGMDVW_CQAWDSSTVVF;CARARDRQGAYYYGSGSYVPYYYYGMDVW_CCSYAGSSPWVF;CARQNFDILTGYSIDYW_CAAWDDSLNGLYVF;CARDNSGSYVVEYYFDYW_CAAWDDSLNGWVF;CARQYVEWLREMDVW_CAAWDDRLNGWVF;CARNYYYDSSGSGFDYW_CQQANSFPPTF;CAHRHHCSSTSCSPWDDWFDPW_CAAWDDSLNGPVF;CARQNFDILTGYSIDYW_CAAWDDSLNGLYVF;CAKTQVDGKALWFEPW_CATWDSILSGWIF;CARELLWFGEGINWFDPW_CAAWDDSLNGVVF;CARHNTITLRYFDWTKLGYFDLW_CAAWDDSLNGVVF;CARDRYDYGDYPAEYFQHW_CAAWDDSLNGVVF;CAREQLGGFDYW_CAAWDDSLSVVVF;CAIIPLATPVTIIMDYW_CMQSIQLPPQPTF;CAREQQLVPYYYYGMDVW_CAAWDDSLNGWVF;CARDGAGHYGSGSYFGSW_CATWDDSLNGFVIF;CASRTNHYYDIQRHYW_CQQSYSTPGVTF;CARHIMVRGVPPNFDYW_CAAWDDSLNGPVF;CASTGGGSYPILNW_CQQYYSYPLTF;CARGGPYPINSGYYYEVDYW_CAAWDDSLNGRYVF;CARGPNDAFDVW_CQQYARSPPWTF;CAHHASFGGNWAFAHW_CAAWDDSLNGSYVF;CARDRGYGSGSYFSGFDYW_CQQYNNWPPRTF;CARERGMYSSGWYNWFDPW_CQQYYSYPYTF;CARGGDGYNYHPYW_CQKYNSAPTF;CAKDSIPIYDSSGTTFDYW_CAAWDDSLNGWVF;CARDQRSYADYW_CQQYYSYPQTF;CARDLQRGYSYGYW_CAAWDDSLNGVVF;CARDIHGNGALYYYYGMDVW_CAAWDDSLNGLYVF;CARDNIVVVPAAMFEASDYYYGMDVW_CMQALQTPYTF;CARDELRQLVLW_CQSYDSSNPWVF;CARSYGSGSYPRPSPLAWFDPW_CAAWDDSLNGPVF;CARDLIGFGASFDYW_CQQYNNWPPYTF;CARMMGTYYGDHPTIVGYFDYW_CQQYNNWPLTF;CARDGLDYDSNAIDYW_CQQYDNLPYTF;CARHGGDCGLDCYSNWFDPW_CQHWTF;CAREPADSSSLW_CQSYDSSNWVF;CARSGQWLEGWFDPW_CQQYNSYSPTF;CAREGREGGGFDYW_CAAWDDSLSGWVF;CARFVPGGYDGFDIW_CASWDKNLNAFVF;CARDPVPVILGYCSGGRCSPLDYW_CQNYNSAPRTF;CAKDWDDYDSESGVYNYYGMDVW_CSAWDDSLNGVVF	1	1	CARDPHYYDSSGYYYWYFDLW_CSSYAGSNNPYVF	0	NA
16	68	CARQVGVGKWYLEDW_CCSYASGDNLVF;CARLIKYSGSYEMVDYW_CAAWDDSLNGYYVF;CARGGFITMIGYGMDVW_CQQYDNLPFTF;CARDLRWCSGGSCYGNYYGMDVW_CAAWDDSLNGQVF;CARDGRDYYDSSGYYYDDAFDIW_CQSADSSGTVVF;CARDHPLMVRENLGFDPW_CAAWDDSLNGPVF;CARDLRNYYDFWSGSPNPKINWFDPW_CQKYNSAPLTF;CARDLPAARYGDYGGFDYW_CAAWDDSLNGVVF;CARDLFPIQYGSEPYGMDVW_CQQYGSSPRTF;CARDIGPLDVW_CQVWDSSSDHRVF;CARDQGDGDYGAFDIW_CQQSYSTSSWTF;CARILEIVDPSGSYQYYFDYW_CGTWDSSLSAVVF;CARDGHYSGSYYVGYW_CCSYAGSYTYWVF;CAREEYSSSWHPYYFDYW_CGTWDSSLSAYVF;CAKDFRGWFDPW_CATWDDSLNGWVF;CARDRSGGSWFDPW_CVLYMGSGVF;CARASTAAYYYYYYGMDVW_CAAWDDSLNGHVVF;CAHHLSFGGNWAFAHW_CAAWDDSLNGSYVF;CASNLGYCSSISCYGFDYW_CQQYGSSPLYTF;CAKELPYYDSSGGPEYW_CAAWDDSLNGWVF;CARGEDYYGSGSYYGMDVW_CQAWDSNTVIF;CARVLGITGTTRRFDYW_CQQYYSYPFTF;CARDREQLAPFDYW_CQSADSSGTYVF;CAKDLIDTMIVVVITPPFDYW_CAAWDDSLNWVF;CARGGHLWSEEVMNRFYYYLGMDVW_CGAWDGSLNGYVF;CARDGYSGYDRADYYYYYGMDVW_CQSYDSSLSGSRVF;CARDHIAVAATPAEYYYYGMDVW_CQAWDSSTVVF;CARARDRQGAYYYGSGSYVPYYYYGMDVW_CCSYAGSSPWVF;CARQNFDILTGYSIDYW_CAAWDDSLNGLYVF;CARDNSGSYVVEYYFDYW_CAAWDDSLNGWVF;CARQYVEWLREMDVW_CAAWDDRLNGWVF;CARNYYYDSSGSGFDYW_CQQANSFPPTF;CAHRHHCSSTSCSPWDDWFDPW_CAAWDDSLNGPVF;CARQNFDILTGYSIDYW_CAAWDDSLNGLYVF;CAKTQVDGKALWFEPW_CATWDSILSGWIF;CARELLWFGEGINWFDPW_CAAWDDSLNGVVF;CARHNTITLRYFDWTKLGYFDLW_CAAWDDSLNGVVF;CARDRYDYGDYPAEYFQHW_CAAWDDSLNGVVF;CAREQLGGFDYW_CAAWDDSLSVVVF;CAIIPLATPVTIIMDYW_CMQSIQLPPQPTF;CAREQQLVPYYYYGMDVW_CAAWDDSLNGWVF;CARDGAGHYGSGSYFGSW_CATWDDSLNGFVIF;CASRTNHYYDIQRHYW_CQQSYSTPGVTF;CARHIMVRGVPPNFDYW_CAAWDDSLNGPVF;CASTGGGSYPILNW_CQQYYSYPLTF;CARGGPYPINSGYYYEVDYW_CAAWDDSLNGRYVF;CARGPNDAFDVW_CQQYARSPPWTF;CAHHASFGGNWAFAHW_CAAWDDSLNGSYVF;CARDRGYGSGSYFSGFDYW_CQQYNNWPPRTF;CARERGMYSSGWYNWFDPW_CQQYYSYPYTF;CARGGDGYNYHPYW_CQKYNSAPTF;CAKDSIPIYDSSGTTFDYW_CAAWDDSLNGWVF;CARDQRSYADYW_CQQYYSYPQTF;CARDLQRGYSYGYW_CAAWDDSLNGVVF;CARDIHGNGALYYYYGMDVW_CAAWDDSLNGLYVF;CARDNIVVVPAAMFEASDYYYGMDVW_CMQALQTPYTF;CARDELRQLVLW_CQSYDSSNPWVF;CARSYGSGSYPRPSPLAWFDPW_CAAWDDSLNGPVF;CARDLIGFGASFDYW_CQQYNNWPPYTF;CARMMGTYYGDHPTIVGYFDYW_CQQYNNWPLTF;CARDGLDYDSNAIDYW_CQQYDNLPYTF;CARHGGDCGLDCYSNWFDPW_CQHWTF;CAREPADSSSLW_CQSYDSSNWVF;CARSGQWLEGWFDPW_CQQYNSYSPTF;CAREGREGGGFDYW_CAAWDDSLSGWVF;CARFVPGGYDGFDIW_CASWDKNLNAFVF;CARDPVPVILGYCSGGRCSPLDYW_CQNYNSAPRTF;CAKDWDDYDSESGVYNYYGMDVW_CSAWDDSLNGVVF	2	2	CAREVVLMVHRRGGLNMDVW_CQQYYSTPLTF;NA_CQQANSFPLTF	0	NA
16	68	CARQVGVGKWYLEDW_CCSYASGDNLVF;CARLIKYSGSYEMVDYW_CAAWDDSLNGYYVF;CARGGFITMIGYGMDVW_CQQYDNLPFTF;CARDLRWCSGGSCYGNYYGMDVW_CAAWDDSLNGQVF;CARDGRDYYDSSGYYYDDAFDIW_CQSADSSGTVVF;CARDHPLMVRENLGFDPW_CAAWDDSLNGPVF;CARDLRNYYDFWSGSPNPKINWFDPW_CQKYNSAPLTF;CARDLPAARYGDYGGFDYW_CAAWDDSLNGVVF;CARDLFPIQYGSEPYGMDVW_CQQYGSSPRTF;CARDIGPLDVW_CQVWDSSSDHRVF;CARDQGDGDYGAFDIW_CQQSYSTSSWTF;CARILEIVDPSGSYQYYFDYW_CGTWDSSLSAVVF;CARDGHYSGSYYVGYW_CCSYAGSYTYWVF;CAREEYSSSWHPYYFDYW_CGTWDSSLSAYVF;CAKDFRGWFDPW_CATWDDSLNGWVF;CARDRSGGSWFDPW_CVLYMGSGVF;CARASTAAYYYYYYGMDVW_CAAWDDSLNGHVVF;CAHHLSFGGNWAFAHW_CAAWDDSLNGSYVF;CASNLGYCSSISCYGFDYW_CQQYGSSPLYTF;CAKELPYYDSSGGPEYW_CAAWDDSLNGWVF;CARGEDYYGSGSYYGMDVW_CQAWDSNTVIF;CARVLGITGTTRRFDYW_CQQYYSYPFTF;CARDREQLAPFDYW_CQSADSSGTYVF;CAKDLIDTMIVVVITPPFDYW_CAAWDDSLNWVF;CARGGHLWSEEVMNRFYYYLGMDVW_CGAWDGSLNGYVF;CARDGYSGYDRADYYYYYGMDVW_CQSYDSSLSGSRVF;CARDHIAVAATPAEYYYYGMDVW_CQAWDSSTVVF;CARARDRQGAYYYGSGSYVPYYYYGMDVW_CCSYAGSSPWVF;CARQNFDILTGYSIDYW_CAAWDDSLNGLYVF;CARDNSGSYVVEYYFDYW_CAAWDDSLNGWVF;CARQYVEWLREMDVW_CAAWDDRLNGWVF;CARNYYYDSSGSGFDYW_CQQANSFPPTF;CAHRHHCSSTSCSPWDDWFDPW_CAAWDDSLNGPVF;CARQNFDILTGYSIDYW_CAAWDDSLNGLYVF;CAKTQVDGKALWFEPW_CATWDSILSGWIF;CARELLWFGEGINWFDPW_CAAWDDSLNGVVF;CARHNTITLRYFDWTKLGYFDLW_CAAWDDSLNGVVF;CARDRYDYGDYPAEYFQHW_CAAWDDSLNGVVF;CAREQLGGFDYW_CAAWDDSLSVVVF;CAIIPLATPVTIIMDYW_CMQSIQLPPQPTF;CAREQQLVPYYYYGMDVW_CAAWDDSLNGWVF;CARDGAGHYGSGSYFGSW_CATWDDSLNGFVIF;CASRTNHYYDIQRHYW_CQQSYSTPGVTF;CARHIMVRGVPPNFDYW_CAAWDDSLNGPVF;CASTGGGSYPILNW_CQQYYSYPLTF;CARGGPYPINSGYYYEVDYW_CAAWDDSLNGRYVF;CARGPNDAFDVW_CQQYARSPPWTF;CAHHASFGGNWAFAHW_CAAWDDSLNGSYVF;CARDRGYGSGSYFSGFDYW_CQQYNNWPPRTF;CARERGMYSSGWYNWFDPW_CQQYYSYPYTF;CARGGDGYNYHPYW_CQKYNSAPTF;CAKDSIPIYDSSGTTFDYW_CAAWDDSLNGWVF;CARDQRSYADYW_CQQYYSYPQTF;CARDLQRGYSYGYW_CAAWDDSLNGVVF;CARDIHGNGALYYYYGMDVW_CAAWDDSLNGLYVF;CARDNIVVVPAAMFEASDYYYGMDVW_CMQALQTPYTF;CARDELRQLVLW_CQSYDSSNPWVF;CARSYGSGSYPRPSPLAWFDPW_CAAWDDSLNGPVF;CARDLIGFGASFDYW_CQQYNNWPPYTF;CARMMGTYYGDHPTIVGYFDYW_CQQYNNWPLTF;CARDGLDYDSNAIDYW_CQQYDNLPYTF;CARHGGDCGLDCYSNWFDPW_CQHWTF;CAREPADSSSLW_CQSYDSSNWVF;CARSGQWLEGWFDPW_CQQYNSYSPTF;CAREGREGGGFDYW_CAAWDDSLSGWVF;CARFVPGGYDGFDIW_CASWDKNLNAFVF;CARDPVPVILGYCSGGRCSPLDYW_CQNYNSAPRTF;CAKDWDDYDSESGVYNYYGMDVW_CSAWDDSLNGVVF	5	441	NA_CQQYDELPVTF;CATTYYYDSSGYYQNDAFDIW_CQQYYSYPRTF;CAREIEGDGVFEIW_CMIWHSSAWVV;CARHIRGNRFGNDAFDIW_CQQYYSFPYTF;CARRLITMIEGGAFDIW_CQVWDSSSDHVVF;CAKVMIEHPSNRGHFDYW_CMQALQTPYTF;CTTDDEKRPYSGSYLPFDYW_CQSYDSSNVVF;CARGGRVSVAVYWDYYYYGMDVW_CQKYNSAPFTF;CAHSAQYYDILTGYYKAPWGGAFDIW_CQQYNSYSWTF;CARDDFGGATFYSSFDYW_CQQSYSTPYTF;CARAAKIFGVVTAFDIW_CQQYGSSPWTF;CVKDYSTSGWYYFDFW_CQQYGSSLPYTF;CARVVPAAFYGMDVW_CQQYGSSLFTF;CAGGSGYCTNGVCYPRGFDYYYGMDVW_CAAWDDSPPWVF;CAKDDTAMVTADFFDYW_CQTWGTGIWVF;CARTPRWLQCFDYW_CQQYNSYSWTF;CARDQWLAYYFDYW_CQSYDSSNHWVF;CAHRYYSNIDYW_CMQGTHWPWTF;CARDWGYYDSSGYSPRGYYYYYGMDVW_CQQLNSYSFTF;CAKDRVGYGDYVDYW_CQQYNNWPPWTF;CARLGSSPYYW_CQSYDSSLSGYVF;CTRYYGDVW_CQQYYSFPWTF;CAKDHYYDSSGYYSGLGYW_CQSADSSGTYRVVF;CATGLVVPAAILYGMDVW_CQQYGSSRGLTF;CAKDDGDAAAGLIYW_CAAWDDSLSGVVF;CAKDGGGEEALELPDYW_CGTWDSSLSAVVF;CATLRYPSLGVDYW_CHQYNNWPFTF;CARKDSSGSDAFDLW_CQQSYSTPYTF;CARDVVQLWYQIDYW_CQQSYSTPPNTF;CAKYVDTAMNQFDPW_CQQANSFPITF;CARGLHYYDSSGRSLYYFDYW_CQQYGSSPPGQTF;CANQPPSLYW_CQQYNNWPGTF;CARVGYDYVWGSYRYTGVMDVW_CSSYAGSSYVF;CARGRPYYYDSSGYPYDAFDIW_CMQALQTPLTF;CAKERVVTAIPVVIFDYW_CQQSYSTPRLTF;CARPYGDYAYFDYW_CQSYDSSLSGYVF;CARDWWERQDSKRPDYFDSW_CQQTNSFPITF;CARHSNDGSDYFDYW_CQESYGALLTYTF;CASTEIEMLVPRYCSSTSCYFVWFDPW_CGTWDSSLSAGHGVF;CASASSTGTDAFDIW_CQAWDSSTHVVF;CARDGSWYAAWFDPW_CQSYDSSLSGSVVF;CARDPSLGDPGWGYFDYW_CQQYNSYSTWTF;CVREMTGSFTGGLDPW_CMQGTHWPPTF;CAREVNTAMAYYYYYYGMDVW_CQQYGSSQWTF;CARERRGGGHYYDSSGYYLSDYW_CQQSYSTP;CARGGGYSSGWATREVVYW_CQSYDSSLGAVF;CAKVPTVTTFLGYYYGMDVW_CQQSYSTPWYTF;CARDLRPAANFDYW_CQVWDSSSDYVF;CARLSYSSSWYYFDYW_CQQSYSTLYTF;CARVPKVRYCSSTSCYKDYYYGMDVW_CQVWDSSSDSWVF;CATWHYYDSSGEDGMDVW_CQQYNNWPRTF;CARGRSSWHLDYW_CMQALQTPFTF;CARDPWELHGFDYW_CQQYGSSSFTF;CAREAYYYGMDVW_CNSRDSSGNHNYVF;CARDRSVVTMVRGVIPFYW_CCSYAGSYTVVF;CARHEKMNYYDILTGYSPPYYYYYGMDVW_CQSYDSSLSAYVVF;CAHYQGIAVTGTWFDPW_CQSYDSSNVVF;CARESSSWFPYW_CQQSYSTPFTF;CARERDYSPGRYYGMDVW_CGTWDSSLSAGVF;CARHPTPAAMVGYYYYGMDVW_CQQANSFPLTF;CARDGPMTAIGGYGMDVW_CQSYGSLGGSVF;CAKGRTTEGTDAFDMW_CQQVHSYPITF;CAKDRSSLLWFGELLYMPEEYGMDVW_CQQYNNWPLTF;CTNYGMDVW_CSSYAGSNNWVF;CARVDSFAPNSGYGAQLLNWFDPW_CQQYNNWPLTF;CAREDYDTASFGYW_CQQYDNLPYTF;CAKDFGRGSYHRAEYFQHW_CQQYNNWPPWTF;CARGGSLPLITMIVGFFW_CQQYGSSPEYTF;CTREAEMATISIDYW_CQVWDSSSDHVVF;CARDAPIWDTAIVYW_CQQYGSSLPWTF;CARLLVSAYNWFDPW_CQQSYSIPAF;CARIPMTTVTSYGMDVW_CQQYGSSSITF;CARDDEWEPYDYW_CCSYAGSSTYVF;CTTVLRYFDWLLSDYGMDVW_CLLSYSGARGVF;CAIGTGIVGTTFPREYW_CMQALQTSWTF;CAKDMELGWLIDYW_CMQALQTPLTF;CARETVVTPQNAFDIW_CAAWDDSLNGYVF;CARERNIVVVPAAETFDYW_CQQYNNWPPLTF;CARIGFGEYDYGMDVW_CQSYDSSLSVVF;CARGVGATDFDYW_CQSYDSSLSGVVF;CARDPSNWGSFGYW_CQAWDSSTYVF;CARVDGYNYSFDYW_CQQYNNWWTF;CAKEPYGGNSFVYYFDYW_CQQYGSSPGLTF;CAKAEWGGTENYIPYYFDFW_CQSYDNNNLIF;CARSHCSSTSCYPNYYYGMDVW_CQQSYSTPRTF;CARDFGERYCSGGSCYSFDPYYYYGMDVW_CLQHNSYPWTF;CAKEYPGPGQLDDAFDIW_CQSYDSSLSGKVF;CARVDTAMVTGLAISPPWDYGMDVW_CQQYNSYPWTF;CAKDIGDGSGSNSQKRDYYYGMDVW_CQQSYSTPRTF;CATDPYNSGWFASLKNQVLYYW_CQQSYSTPQTF;CAREHTGGWLQRYIDYW_CQSADSSGTYPRVVF;CARGYCDSTSCYAVGYFDLW_CQTWGTGIVVF;CARDPDPNWSKDWFDPW_CQQYNNWPPLTF;CAKGRYSFGLDNFDYW_CQQDGNSPTF;CASRAVQSSGWRQDYYYGMDVW_CQSYDSSLSGVF;CAREASEGPW_CQSYDSSNSWVF;CARLGGYSSRGNWFDPW_CQQSYSTPPYTF;CARDPHHTFGGVLVW_CQKYNSARTF;CAGYYYDSSGYLSSFDIW_CQSYDSSLSVVF;CARLPYRYSGSSNDAFDIW_CAAWDDSLSGPVF;CARAGYGDYVGDFDYW_CQSADSSGTYVVF;CARDYYGSRSDSGMDVW_CQQSYTTPYTL;CAKDGREAAAGTDYYYGMDVW_CQAWDSSTVVF;CARDSPGWGSSGFYYGMDVW_CQQYGSSPRYTF;CARVSGDTMIVVVHRDGMDVW_CQQYNSYSVTF;CAKNLATTGSHW_CLQDYNYPRTF;CAKDGGRGVVIIFYFDYW_CQQYGSSPITF;CARGIAVVTLWGPFDIW_CQQYNNWPRTF;CARDRWVPAAVPHYYYYGMDVW_CQQANSFPLTF;CAREGAAGPPPGHYYYYGMDVW_CMQALQTPFTF;CAKQGHFTDTKRIDYW_CQQYDSYPITF;CAVIPVTGQEASLSAEYFQHW_CQQSYSTPFTF;CARDSPSSGSYGLFDYW_CQTWGTGIRRVF;CASPGGGLLWFGELFRSYFDYW_CVLYMGSGFWVF;CAHRPVSDDILTGYRYNWFDPW_CQSYDSSLSGSVVF;CARGFIGYNFDSW_CQQSYRTPITF;CAREEGYCSGGSCEYNYYYGMDVW_CQQYGSSLITF;CARGRRVFLALSYW_CQQYGSSPHTF;CARGAGRIGQVDVW_CQQYNNWHTF;CARGYYDSSGQSLDYYYYGMDVW_CQQYYSYPFTF;CARTGKNGSGSYWFDPW_CQQYRTF;CARTDIVATPDGGFDYW_CQTWGTGIHVVF;CAREGFYYYGSGSVSGGNWFDPW_CQVWDSSTVVF;CAKVPLGWGAAGGAYFDYW_CQQYGSSPATF;CARVGCSGDTCYSYDWFDPW_CGTWDSSLTAVVF;CARGGILTGKLSDYW_CQQYDNLPTF;CAHGLTGYYTYYFDYW_CQQYYSFPPTF;CARQVGANPFADYW_CAAWDDSLSGPVF;CSVYDAERGYFDYW_CCSYAGGDTSYYVF;CARLYGDYGDYW_CNSRDSSGNLFVVF;CARPYSSSWSPMDVW_CQSYDSSLSGHVVF;CARDKGYSSSWYIRSSWFDPW_CLLSYSGARLVF;CARAVCGDDCYLLDSW_CAAWDRSLGAVVF;CARTTTVVTGDAFDIW_CQSADSSGTYPVF;CAKGRGDYYYYGMDVW_CQQYDNLPITF;CTTGGALNYW_CQAWDSSTACVF;CARDLTTRDYSDAFDIW_CQQYGSSPRTF;CARAGLEINTPDSSGYYYGGGYFDYW_CQQYDNLPPRRFTF;CAKDHGYDFWSGYSDAFDIW_CQQSYSTPLYTF;CARESGYTNYYYYGMDVW_CQQYNSYPLTF;CARKYQLPYYYGMDVW_CQQSYNTPDTF;CARDSTYYYDSSGYPVSDAFDIW_CQQSYSTRRYTF;CAREVYSSSTNWFDPW_CQVWDSSTDVVF;CARANAEYSSSLLFDYW_CQSYDNSLSAYVF;CAHSPYDYVWGSYRQSWFDPW_CQAWDSSTVF;CTTIYYDILTGDYW_CMQALQTPITF;CARLDYDFWSGTPERMDVW_CQQYGSSPPWTF;CARVRKNWNYDLDDWYFDLW_CQVWDSSSDHYVF;CATRRVRGEGLAYW_CQQYNSYSRTF;CARNYDSSGYYVPPYFDYW_CQQYNNWPPYTF;CARDPANYFDYW_CQQSYSTLWTF;CAREESSSWYRYW_CQQYGSSPLTF;CARIVQGGSYLSGGIDYW_CMQSIQLLFTF;CARDRLIIRFLERPNWFDPW_CCSYAGSSTPVF;CAREYSNNWYFFDYW_CQQYAGSPLTF;CARVSGVGTSFAGFDPW_CQSADISATVF;CAREPTPRYSGSYRGFNYFDYW_CQQYYSFPLTF;CARAADYCTSASCPNEYFQHW_CQSYDSSLSVF;CARGRMTVHNDDSGFPEYLYYYGLDVW_CMQVMDNPRTL;CATSRVAVAGVDYW_CQSYDSSLSGVVF;CARDLGIAVAGRVEGYFDYW_CCSYAGSYTLVF;CARDVSNVLVIAVSPSWFDPW_CQQTYSIPYTF;CARDAPDRGSSWYSALFDYW_CQQYNNWPPTF;CARRDGGYCSSTSCSFDYW_CQQYNSYSPTF;CARAEIFGVVIQAFDYW_CQSYDSSLSGSVF;CVKKVIGFDDW_CQQSDTFGYTF;CAKGMDGSGSYYNKDGMDVW_CQAWDSSTGVF;CARVNGLLGEYYYGMDVW_CMQALQTPPNTF;CAKDWAVGWEFVDSW_CQQSHTVPLTF;CARDEGAAAYFDYW_CCSYAGSSTCWVF;CARAAGYCSSTSCYEIYYYYGMDVW_CQSYDSSLSVPF;CTRSYVLRFLEWFSPFDYW_CQQYGSSLWTF;CASSGSYQGNWFDPW_CQQSYSTPYTF;CARSPPRYDLSLVDAFDIW_CQQYNSYSTTF;CARETIAAAGSNFDYW_CQQSYSTPRTF;CARVSGYSYYFDYW_CQQLNSYLLTF;CATYIAAPRDYYYGMDVW_CMQALQTPYTF;CATGKTYSAPHAYYYFDYW_CQQANSFPRTF;CAKEVHSSGFDYW_CQSADSSGTYPWVF;CTTDHIVVVTAMIFGYYFDYW_CQQLNSPLTF;CAREGPTVTKFDYW_CQSYDSSLSGSVF;CEVKAAAGNFYW_CSSYAGSVVF;CAKDIEGGSGYYLTPGGFQHW_CCSYAGSSTFVVF;CARDAMAIGDYYYYGMDVW_CQQLNSYPSLTF;CARREGAGYDILTGSYYYYYGMDVW_CLLYYGGAQLGVF;CTTRLWRISQYYYDSSGYGHFDYW_CQSADSSGTYVF;CARTTLLAAAIDYW_CQQYYSFPYTF;CARAKAARPTPTYYYYYYGMDVW_CQAWDSSTGDVF;CARSGYDSSWVGYDFDYW_CQAWDSSTPVF;CAREGLEIDAFDIW_CQQSYSTPWTF;CAHTSAYYDSSGYYPPFDYW_CQQSYSTPLTF;CARATQDSSGWYGFWYFDYW_CQQYNNWPPTF;CARMLVVVAATGYYYYGMDVW_CQQYGSSQTF;CAREAYDSSAYSTIDYW_CQTWGTGIHVF;CATSLVVVPAAILRGGVGGHYYGMDVW_CGTWDSSLSAVVF;CARSAGSSGSFEYFQHW_CQQYGSSPLYTF;CARRLFLYSSSGYYFDSW_CQQASSFPPLSF;NA_CQQSYNTPRTF;CARGGGAVAGTIDFHYW_CCSYAGTDLWLF;CAKDRGYYDSSGYYYSDYGMDVW_CQSADSSGTYVF;CAKDGFGGASDHW_CQHYDRSPWTF;CARAIQMGCSDGSCLW_CQQYDNLPSYTF;CARKGRWLPDGDDAFDIW_CQQYYSYPLTF;CARAGLRSWFDPW_CMQSIQLPNTF;CARHSYGAYYYYGMDVW_CQQYGGSPLFTF;CAAGVMTARYDYW_CQQSYSTPLTF;CAHFMTTVTTGYFDPW_CIQVRQTPFTF;CAREGGGDILTTYYYYGMDVW_CQQYGSSTRALTF;CARGFGGGDYRSMDVW_CQQLITYPITF;CARTTYGGNSLNWFDPW_CQVWDSSSDHPVF;CARGYGSGNYYYYGMDVW_CMQALQTPWTF;CARSNYDILTGLDYW_CMQALQTPYTF;CAREDSGSYGYFDYW_CQQYNNWPQTF;CARRVLYYRFDPW_CNSRDSSGNHLF;CARGDYDYVWGSSPDAFDIW_CMQGTHWPLTF;CARDVRGYYYDSSGYSGEGYWW_CQQSYSTPYTF;CTRDRYSSSWYKGLYYYYGMDVW_CQQSYSTPYTF;CARVFFRVVYAMAYW_CQQYNNWPPMYTF;CASSLRYFDWTVNNWFDPW_CQQYGSSPQTF;CTRGYCSSTSCYTGWFDPW_CQAWDSSHVVF;CARDGRWELLGNQHW_CCSYAGSSTYVF;CARVYYDSSGYYYFDYW_CQQSYSTPWAF;CARGRVRWELLGDDAFDIW_CQQYDNLPLTF;CCTYVFVGIVPTIVDYW_CQQYNDWPPAGTF;CARDIQYYYDSSGYDAFDIW_CQQSYSTPWTF;CATSWGIAALYGMDVW_CNSRDSSGNPYVF;CAKDYPVAGDLDAFDIW_CCSYAGSSTWVF;CARANWDNWNDGLDYW_CGTWDSRLSSYVF;CARAGYCSSTSCSKEDVW_CQQSYSTPPRTF;CAREPLGGDYYYYYYGMDVW_CQQYGSSPTF;CARLSLRARFRGAFDIW_CCSYAGSYSVVF;CAHSLPSDIDYYYDSSGYSPSPPLFDYW_CQQYNNWPLTF;CASGYGGKTYYFDYW_CQQYGSSPGTF;CLGRELGHSW_CLQHNSYPWTF;CTAVLRYFDWLLMEAHENYYYYGMDVW_CQSADSSGGVF;CARDRSRWEFLYYFDYW_CQQYGSSGYTF;CARARYYDSNSYSYAW_CQTWGTGIWVF;CARLDYYDSSGYYDW_CQTWGTGIPVF;CARDYIAVAGPGENWFDPW_CQQSYSTRTF;CARDRGGYGVRWFDPW_CQQYDNLPPTF;CARRGNAIFGVVTHYYYYGMDVW_CMQALQTPLFTF;CSNYDILTGYYWFHYW_CQQYNNWPFTF;CASSFLDTSIVEYYFDYW_CATWDDSLSGLF;CARIVVVVTSRWFDPW_CQVWDSSSDHYVF;CARSLEWLDDYW_CQSYDSSLSGSVF;CARDAYGGYSFYYYGMDVW_CQQYGSSPFTF;CAGGSGSYYHLDPW_CQQANSFPYTF;CARPRLDYGDYGAGLGYW_CQKYNSAPFTF;CARDRGLRKKYFQHW_CQQYGSSPSTF;CVSQLYYLDGRGYYYDYYYDYW_CLQHHDYPWTF;CTTVSPYGDYVGVYFDYW_CQQYYSYPPTF;CAKDFMEYYYYGMDVW_CSAWDSSLSAVVF;CARSPGSGSYTW_CQQYGSSPLTF;CARLPYAGGPYYYYGMDVW_CMQRIEFPFTF;CARGKPRSLELWSFYYYYGMDVW_CQQSYSTPPTF;CAMGGYDSSGVQLDYW_CAAWDDSLSGYVF;CAHRYCSSTSCYGLGDWFDPW_CQSADSSGTYLVF;CARHSEGLGPVDYW_CGTWDSSLSAWVF;CARAIFGVVSVMGFDYW_CMQALQTLTF;CAKSMKSFDYW_CQQSYSTPLTF;CTTEGGDGYNSFDYW_CQQYDNLPITF;CARDTTYGDYYYGMDVW_CQSADSSGNWVF;CARDGKGYSYGSGNYYGMDVW_CQQSYSTLYTF;CAHRTTTYYFDYW_CQQYNSYPYTF;CTTDLVWFGELANAFDIW_CLQHNSYLPEWTF;CTRGGTLGARSGYYDYYYGMDVW_CQQYNSYPLTF;CAKDEGRVVAVAGTGEHAFDIW_CQQYNSYSPTWTF;CAKDITIFGVVISHLDYW_CLQDYNYPLTF;CARTYYYDSSGYRNAFDIW_CQSADSSGTYPVVF;CAKCFYYDSSGYYYYYYGMDVW_CCSYAGSSTLVF;CARDLLSISGSPFDPW_CQQRSNWPPGGGGLTF;CARGGINGGAYFDYW_CQQYGSSPWTF;CARDRGPAGLDYW_CQQSYSTRYTF;CARRGYYYDSSGYYYDWFDPW_CNSRDSSGNRVVF;CAKGLNTAMVSYYFDYW_CVLYMGSGIWVF;CAKDIREGWSSGYYPVLDYW_CQVWDSSVVF;CAKDSPSGYYYYYYYGMDVW_CQQLNSYPITF;CARDRIAAADHNWFDPW_CAAWDDSLNGWVF;CARDIGGIAAAGSPPSAFDIW_CQQYNSYSTF;CAHSYYYGSGRGGWFDPW_CQSADSSGTYVF;CARDGSSSIFDYW_CNSRDSSGNHVVF;CAKPLRFGYSSSSCFDYW_CSSYAGSNNYVF;CAHTGFESLDYW_CQSYDNSLNGLGVF;CARDEDYYYDSSGSVDYW_CQQSYSTPWTF;CARQIAAAGPENWFDPW_CQSADSSGTYLVF;CARGLPVDVW_CGTWDSSLSAGHVVF;CARLIYYGSGRFGAFDIW_CQQYDNLPWTF;CARNEITIPLDVW_CQQYGSSPLVTF;CTTDHGDAYNYRW_CQQYGSSPRTF;CARDHRMNIAVAGTNWFDPW_CQKYNSAPLFTF;CARALREEQWLNNAFDIW_CQQYYSYPTF;CAHRPPYYDSSGYLSW_CQQYGSSLWTF;CARHYVDTAMVINQYYFDYW_CQSYDSSLSDVF;CARDNYDILTGHYGMDVW_CAAWDDSLSGLYVF;CAKDSSSSDWFDPW_CQQYYSYPLTF;CARDYVAVAGTLDYW_CQQYYSTPYTF;CTRDLAYSNYEPPNHNWFDPW_CLQHNSYPLTF;CARERYYYYGMDVW_CYSTDSSGNHGVF;CAKEGITGYYYYYGMDVW_CQQSYSTPHTF;CAKVALRYFDWLPPYFDYW_CQQYYSYPQNLTF;CARAHDSTGYQDFDYW_CQQAKSFPYTF;CARVGVYGSGSYLVGGDYW_CQQSYSTPWTF;CARGPYYGSGSGEFDPW_CQQYYSYPLTF;CARGSCYSSACYYYYGMDVW_CGTWDSSLSAVVF;CARDFDAAEGAFDIW_CQVWDSSSDPTFYVF;CARGAHSSGYYIDYW_CQQYYSFPFTF;NA_CHQYNNWSSWTF;CAREQDFGGNPFDCW_CMQVLHIPRAF;CARGTMVRGHYYYYGMDVW_CQQSYSTPLTF;CARGYSYGYLDWFDPW_CQSYDSSLSGVVF;CARAAPYSSSSLDYW_CQQSYSTLTWTF;CARRRITMNDYFDYW_CQSYDSSLSGVVF;CARGPDGGAFDIW_CQRGLTF;CARDLIARTALTYYYYGMDVW_CQSYDSSLSGGVF;CARYGVYGDYPGALFDYW_CAAWDDSLSGLWVF;CAKDRRGCSSTSCYTFDYW_CQQSYSTLSF;CARVSGYNSYYFDYW_CQQSYSTPRTF;CAAPSPRFTSSTGGGMELPLHVW_CCSYARGSSLVF;CAKDARWRPRVASIDALDIW_CQQYNNWPRTF;CARHIERYCSGGSCYEALDYW_CMQALHPITF;CASYLEMATRYYFDYW_CLQHNSFWTF;CARVTRVTQSNDFWTSYYTDCFDAW_CYSTDSSGNHKVF;CARLYSSSWTNYFDYW_CQQYYSYPLTF;CARGTVYSVPGGHYGDYVRDPKYYYYGMDVW_CQSADSSGTWVF;CARGAAGVRGPIGYW_CAAWDDSLSGWVF;CARVAVAGTTNWFDPW_CQQANSFPYTF;CARVLGGPGATTFDYW_CLQDYNYPWTF;CARTPVSTSYDSPGWYSSGWFFDYW_CQTWGTGIHVVF;CARTMVRGVTPADAFDIW_CQQYNSYSSTF;CAKSMGATILHAFDIW_CQQYNSYPLTF;CARANSGSYSFFFLRLDYFDYW_CQQYNNWPLTF;CARAAGTGGYYYGMDVW_CVLYMGSGISVF;CARAGQFGDSYYYYYYGMDVW_CLQDYNYPQTF;CAHFTKRPTDAFDIW_CNSRDSSGNHRVF;CAAGFGLSGSYIHYYYYGMDVW_CQQYGSSPPLTF;CATDNWNFGADSGFGYW_CMQGTHWRTF;CARVLGSFSFGYDGFDIW_CQQLNAYPTF;CARDPGIAVAETVYYYYYYGMDVW_CMQALQTPPTF;CARTVGAGYKIGKGYFDYW_CQAWDSSTVVF;CARDQDLAALNYW_CGTWDSSLSAKVF;CTTENVLLWFGEPEYYYYYYGMDVW_CQSADSSGTYAVVF;CARSLFEGTVMAFRAEHMDVW_CQQYKTFFAVSF;NA_CQAWDSSTVVF;CARPPSHDSPMYHYW_CQSADSSGLWVF;CARDTMWWSYGMDVW_CCSYAGSGEVF;CARLRRYSSGYYYIAGDFDYW_CQSYDSSLSGVVF;CARDKGGTTVTTSNWFDPW_CQQYDNLPLTF;CARDGGGYYQKKGYFQHW_CGTWDSSLSAVVF;CARDDIVVVPAAIDYW_CQSYDSSLSGPYVF;CARKFDCW_CQQYGTSLPVTF;CARGVLRFLEWLSNMDYYYYGMDVW_CMQALQTPRALTF;CAKDGSYYDSSGYSDYW_CQQYNNWPPWTF;CAKDKSYSVEYW_CMLFMGSGIWVF;CAKADVRSNWNDMHFDYW_CQAWDSSTVVF;CARATPRGYGGNSLNWFDPW_CQQYNSYPFTF;CAEGYQLPGLYYW_CNSRDSSGNHLF;CARHAGSGSYYFWFDPW_CQQYGSSPYTF;CAKDLQIGYCSSTSCRNAFDIW_CQQYGSSPPRVTF;CARGRGSYFDYW_CQQYGSSLWTF;CARTCSSTSCYTYGMDVW_CQQYNNWQYTF;CAHRGYSYGPLFDYW_CLLYYGGAQLVF;CARLPTLRYGSGSYYNGALDYYYGMDVW_CMQALQTPLTF;CARSIAAASPFDPW_CQQYDNLPPTF;CARGPPYGHLGYW_CQQYNNWPPITF;CAKDILGGGYFDYW_CQTWGTGMGVF;CAKDASYGYLFEYWYFDLW_CQQYNNWPPWTF;CARFGAKNYYDSW_CQQYNNWPGTF;CAREKWLRPQLDYW_CQQYGSSPKTF;CVKGPYYDGSGNSFGRKAFDIW_CQQYGSSPYTF;CARGASKGNQPALHYGMDVW_CQQSYSTPPAF;CATTLASPTHDYGDYEGGYMDVW_CQQYGSSPLTF;CALGIDAFDIW_CQQYNNWPKTF;NA_CQSYDDSLSGTVF;CARGFYYGSGSPLSGMDVW_CQQSYSTPRTF;CAKDPAASGSPWYFDYW_CQQYYSFPRTF;CAREVSRQSGSRPIKWFDPW_CQQSYSPPPLTF;CTPSLETYGDYALGYYW_CQSADSSGTYPYVF;CAKDFGGPLQFDYW_CQQYGSSPRTF;CAKDMLFSNNYW_CQTWGTGINWVF;CARDENHLYYGDLAYW_CQQSYSIPRAF;CARGSRLLLWFGELKVGPGFDPW_CQQYNSYWTF;CAMKGGRDGYNTRVYYYYGMDVW_CCSYAGSSTPYVF;CAKDIGPTNCSSTSCHAYYYYGMDVW_CQQYNSYSTF;CWRDRREAPIEMEVASTRG_CMQSTHWPYTF;CTRHTHCSGGSCYDAFDIW_CQQSYSTPRYTF;CAREPPHGSGTDYNWFDPW_CQSYDSSLSAYVF;CVKDLYDTGSYYYFDYW_CSSYTRSSTLVF;CSRHEGVGGNSDYW_CVLYMGSGISMF;CARNHDYGDYMFGGMDVW_CQSADSSGTYVF;CTTSGGDW_CMQSIQLPRTF;CARDRTSFGYSYGNIDYW_CQTWGTGILVF;CAKDELASYGGVGYYW_CQSADSSGTYFWVF;CAREPKHSGYCSSTSCYIGNWFDPW_CQSYDSSLSGNVVF;CARASWDSSSWGLGFDPW_CQAWDSSTGVF;CARTRVRGVISPFDYW_CQQANSFPPTF;CTREYYDFWSGDYW_CQQYDNLPLTF;CARDGGRGSGWSTPDYW_CNSRDSSGNHVVF;CARHYDFWSGDNPYWYYYYGMDVW_CQQYGSSPPWTF;CTTTTADIVVVPAAIQTVDYW_CQQYDNLPLTF;CAIMVRGVIGSYYYYGMDVW_CQQSYSTTWTF;CAKDNGYGGNSLQHW_CCSYAGSSTLVF;NA_CQQSYNTLWSF;CARARYRRDGYHNLYAFDIW_NA;CARGFSETGPGYKRFYYYFDLW_CQQYGSSPQTF;CARVKGDYYYYYGMDVW_CMQALQTPHTF;CARDPPLYSSGWFTGDYW_CQQYNSYPRTF;CAKDGGEHRGNDYW_CQVWDSSSDHYVF;CARGYDFWSGYLPHYGMDVW_CQVWDSSSDHPGVF;CARETKQYIDYRSPTVGRPYDYYYGMDVW_CLLFYGGAQLGVF;CAKGVWESTTEDAFDIW_CQQYNSYSPFTF;CAKDQGYCSSTSCYPYYYGMDVW_CQAWDSSTVVF;CARLGGYDSTFDYW_CSSYTSSSTYVF;CARVAAAGTYFDYW_CQQYGSSPETF;CARINQHGSGTYSPDYYYYGIDVW_CMQALQTPMYTF;CARKSIAAAGLPYYYYYGMDVW_CMQALQTRFTF;CAQGGYSYGYYDYW_CAAWDDSLNGVVF;CARQRGGTAVPVYYFDYW_CQQYGSSPLYTF;CARALYYDSSGYQPNRYYFDYW_CQSYDSSLSGYVVF;CTRALNSNHFDYW_CQQANSFPLTF;CARVTDPDAFDIW_CNSRDSSGNHYVF;CARSAWHPAATGGMDVW_CLQDYNYPYTF;CARVSLVVPQQFDYW_CQAWDSSTVVF;CAKVPGYSTGWYYFDYW_CQQCDSSPEWTF;CAKDSTCSSTSCYRGYYYYGMDVW_CQQYYSYPITF;CARGRNGGNRFDWFDPW_CQSYDSSLSGSGVF;CARGKNWFDPW_CQQYGSSPLTF;CASGYSSGRPDYW_CQQYDNLPITF;CARLSDGDYTFDYW_CQQYNSYWTF;CARGGTAGYSYGYAYW_CQAWDSSTAVVF;CAKDIVVVPAAPITLYYYYGMDVW_CMQALQTSFTF;CARWRLYYDSRGYYYGMFDYW_CQQSYDTPLTF;CARSRRIVGATSFDWFDPW_CQQYNSYSRTF;CASEDSGYGGGFDYW_CQSYDSSLSEGVF;CAHGRDYDSSSLPFDYW_CQQYNSYPYTF;CARAGAYYYGSAIDYW_CQQYGSSPGLTF;CAKGSSHSGGWFDPW_CQQYNSYWTF;CARDLLRAYSSSSTSSIDYW_CQQYYSYPRTF;CAKDVSGYLDAFDIW_CGTWDSSLSAGWVF;CAREGSRYFDYW_CQVWDSSSDHYVF;CASHDSSGYYLLDYW_CQVWDSSSDHVVF;CARYCSSTSCYTTYYYYYYGMDVW_CQQYYSYPLTF	0	NA
16	68	CARQVGVGKWYLEDW_CCSYASGDNLVF;CARLIKYSGSYEMVDYW_CAAWDDSLNGYYVF;CARGGFITMIGYGMDVW_CQQYDNLPFTF;CARDLRWCSGGSCYGNYYGMDVW_CAAWDDSLNGQVF;CARDGRDYYDSSGYYYDDAFDIW_CQSADSSGTVVF;CARDHPLMVRENLGFDPW_CAAWDDSLNGPVF;CARDLRNYYDFWSGSPNPKINWFDPW_CQKYNSAPLTF;CARDLPAARYGDYGGFDYW_CAAWDDSLNGVVF;CARDLFPIQYGSEPYGMDVW_CQQYGSSPRTF;CARDIGPLDVW_CQVWDSSSDHRVF;CARDQGDGDYGAFDIW_CQQSYSTSSWTF;CARILEIVDPSGSYQYYFDYW_CGTWDSSLSAVVF;CARDGHYSGSYYVGYW_CCSYAGSYTYWVF;CAREEYSSSWHPYYFDYW_CGTWDSSLSAYVF;CAKDFRGWFDPW_CATWDDSLNGWVF;CARDRSGGSWFDPW_CVLYMGSGVF;CARASTAAYYYYYYGMDVW_CAAWDDSLNGHVVF;CAHHLSFGGNWAFAHW_CAAWDDSLNGSYVF;CASNLGYCSSISCYGFDYW_CQQYGSSPLYTF;CAKELPYYDSSGGPEYW_CAAWDDSLNGWVF;CARGEDYYGSGSYYGMDVW_CQAWDSNTVIF;CARVLGITGTTRRFDYW_CQQYYSYPFTF;CARDREQLAPFDYW_CQSADSSGTYVF;CAKDLIDTMIVVVITPPFDYW_CAAWDDSLNWVF;CARGGHLWSEEVMNRFYYYLGMDVW_CGAWDGSLNGYVF;CARDGYSGYDRADYYYYYGMDVW_CQSYDSSLSGSRVF;CARDHIAVAATPAEYYYYGMDVW_CQAWDSSTVVF;CARARDRQGAYYYGSGSYVPYYYYGMDVW_CCSYAGSSPWVF;CARQNFDILTGYSIDYW_CAAWDDSLNGLYVF;CARDNSGSYVVEYYFDYW_CAAWDDSLNGWVF;CARQYVEWLREMDVW_CAAWDDRLNGWVF;CARNYYYDSSGSGFDYW_CQQANSFPPTF;CAHRHHCSSTSCSPWDDWFDPW_CAAWDDSLNGPVF;CARQNFDILTGYSIDYW_CAAWDDSLNGLYVF;CAKTQVDGKALWFEPW_CATWDSILSGWIF;CARELLWFGEGINWFDPW_CAAWDDSLNGVVF;CARHNTITLRYFDWTKLGYFDLW_CAAWDDSLNGVVF;CARDRYDYGDYPAEYFQHW_CAAWDDSLNGVVF;CAREQLGGFDYW_CAAWDDSLSVVVF;CAIIPLATPVTIIMDYW_CMQSIQLPPQPTF;CAREQQLVPYYYYGMDVW_CAAWDDSLNGWVF;CARDGAGHYGSGSYFGSW_CATWDDSLNGFVIF;CASRTNHYYDIQRHYW_CQQSYSTPGVTF;CARHIMVRGVPPNFDYW_CAAWDDSLNGPVF;CASTGGGSYPILNW_CQQYYSYPLTF;CARGGPYPINSGYYYEVDYW_CAAWDDSLNGRYVF;CARGPNDAFDVW_CQQYARSPPWTF;CAHHASFGGNWAFAHW_CAAWDDSLNGSYVF;CARDRGYGSGSYFSGFDYW_CQQYNNWPPRTF;CARERGMYSSGWYNWFDPW_CQQYYSYPYTF;CARGGDGYNYHPYW_CQKYNSAPTF;CAKDSIPIYDSSGTTFDYW_CAAWDDSLNGWVF;CARDQRSYADYW_CQQYYSYPQTF;CARDLQRGYSYGYW_CAAWDDSLNGVVF;CARDIHGNGALYYYYGMDVW_CAAWDDSLNGLYVF;CARDNIVVVPAAMFEASDYYYGMDVW_CMQALQTPYTF;CARDELRQLVLW_CQSYDSSNPWVF;CARSYGSGSYPRPSPLAWFDPW_CAAWDDSLNGPVF;CARDLIGFGASFDYW_CQQYNNWPPYTF;CARMMGTYYGDHPTIVGYFDYW_CQQYNNWPLTF;CARDGLDYDSNAIDYW_CQQYDNLPYTF;CARHGGDCGLDCYSNWFDPW_CQHWTF;CAREPADSSSLW_CQSYDSSNWVF;CARSGQWLEGWFDPW_CQQYNSYSPTF;CAREGREGGGFDYW_CAAWDDSLSGWVF;CARFVPGGYDGFDIW_CASWDKNLNAFVF;CARDPVPVILGYCSGGRCSPLDYW_CQNYNSAPRTF;CAKDWDDYDSESGVYNYYGMDVW_CSAWDDSLNGVVF	8	1	CARGTPGWYW_CQQYGSSPTF	0	NA
16	68	CARQVGVGKWYLEDW_CCSYASGDNLVF;CARLIKYSGSYEMVDYW_CAAWDDSLNGYYVF;CARGGFITMIGYGMDVW_CQQYDNLPFTF;CARDLRWCSGGSCYGNYYGMDVW_CAAWDDSLNGQVF;CARDGRDYYDSSGYYYDDAFDIW_CQSADSSGTVVF;CARDHPLMVRENLGFDPW_CAAWDDSLNGPVF;CARDLRNYYDFWSGSPNPKINWFDPW_CQKYNSAPLTF;CARDLPAARYGDYGGFDYW_CAAWDDSLNGVVF;CARDLFPIQYGSEPYGMDVW_CQQYGSSPRTF;CARDIGPLDVW_CQVWDSSSDHRVF;CARDQGDGDYGAFDIW_CQQSYSTSSWTF;CARILEIVDPSGSYQYYFDYW_CGTWDSSLSAVVF;CARDGHYSGSYYVGYW_CCSYAGSYTYWVF;CAREEYSSSWHPYYFDYW_CGTWDSSLSAYVF;CAKDFRGWFDPW_CATWDDSLNGWVF;CARDRSGGSWFDPW_CVLYMGSGVF;CARASTAAYYYYYYGMDVW_CAAWDDSLNGHVVF;CAHHLSFGGNWAFAHW_CAAWDDSLNGSYVF;CASNLGYCSSISCYGFDYW_CQQYGSSPLYTF;CAKELPYYDSSGGPEYW_CAAWDDSLNGWVF;CARGEDYYGSGSYYGMDVW_CQAWDSNTVIF;CARVLGITGTTRRFDYW_CQQYYSYPFTF;CARDREQLAPFDYW_CQSADSSGTYVF;CAKDLIDTMIVVVITPPFDYW_CAAWDDSLNWVF;CARGGHLWSEEVMNRFYYYLGMDVW_CGAWDGSLNGYVF;CARDGYSGYDRADYYYYYGMDVW_CQSYDSSLSGSRVF;CARDHIAVAATPAEYYYYGMDVW_CQAWDSSTVVF;CARARDRQGAYYYGSGSYVPYYYYGMDVW_CCSYAGSSPWVF;CARQNFDILTGYSIDYW_CAAWDDSLNGLYVF;CARDNSGSYVVEYYFDYW_CAAWDDSLNGWVF;CARQYVEWLREMDVW_CAAWDDRLNGWVF;CARNYYYDSSGSGFDYW_CQQANSFPPTF;CAHRHHCSSTSCSPWDDWFDPW_CAAWDDSLNGPVF;CARQNFDILTGYSIDYW_CAAWDDSLNGLYVF;CAKTQVDGKALWFEPW_CATWDSILSGWIF;CARELLWFGEGINWFDPW_CAAWDDSLNGVVF;CARHNTITLRYFDWTKLGYFDLW_CAAWDDSLNGVVF;CARDRYDYGDYPAEYFQHW_CAAWDDSLNGVVF;CAREQLGGFDYW_CAAWDDSLSVVVF;CAIIPLATPVTIIMDYW_CMQSIQLPPQPTF;CAREQQLVPYYYYGMDVW_CAAWDDSLNGWVF;CARDGAGHYGSGSYFGSW_CATWDDSLNGFVIF;CASRTNHYYDIQRHYW_CQQSYSTPGVTF;CARHIMVRGVPPNFDYW_CAAWDDSLNGPVF;CASTGGGSYPILNW_CQQYYSYPLTF;CARGGPYPINSGYYYEVDYW_CAAWDDSLNGRYVF;CARGPNDAFDVW_CQQYARSPPWTF;CAHHASFGGNWAFAHW_CAAWDDSLNGSYVF;CARDRGYGSGSYFSGFDYW_CQQYNNWPPRTF;CARERGMYSSGWYNWFDPW_CQQYYSYPYTF;CARGGDGYNYHPYW_CQKYNSAPTF;CAKDSIPIYDSSGTTFDYW_CAAWDDSLNGWVF;CARDQRSYADYW_CQQYYSYPQTF;CARDLQRGYSYGYW_CAAWDDSLNGVVF;CARDIHGNGALYYYYGMDVW_CAAWDDSLNGLYVF;CARDNIVVVPAAMFEASDYYYGMDVW_CMQALQTPYTF;CARDELRQLVLW_CQSYDSSNPWVF;CARSYGSGSYPRPSPLAWFDPW_CAAWDDSLNGPVF;CARDLIGFGASFDYW_CQQYNNWPPYTF;CARMMGTYYGDHPTIVGYFDYW_CQQYNNWPLTF;CARDGLDYDSNAIDYW_CQQYDNLPYTF;CARHGGDCGLDCYSNWFDPW_CQHWTF;CAREPADSSSLW_CQSYDSSNWVF;CARSGQWLEGWFDPW_CQQYNSYSPTF;CAREGREGGGFDYW_CAAWDDSLSGWVF;CARFVPGGYDGFDIW_CASWDKNLNAFVF;CARDPVPVILGYCSGGRCSPLDYW_CQNYNSAPRTF;CAKDWDDYDSESGVYNYYGMDVW_CSAWDDSLNGVVF	9	14	CARSGTTYYDILTGYYNYW_CQQYGSSRWTF;CARGNDYYGSGEFDYW_CSSYTSSSTLVF;CARDGDTAMVINYFDYW_CQSADSSGTYWVF;CARGKGEGRYYYDSSGYYYFDYW_CQQRSNWPPLTF;CARNKQHIVGATLHTHYSNWFDPW_NA;CARTSRGLIAAAAAVDYW_NA;CAKRGGLMVRGVAVDYW_CQQYYSYPWTF;CAKGGWFGELLFRLDYW_CQQYDNLLTF;CARRLAYNGNWDYGDFDYW_CCSYSKTATF;CARERPRGAAETW_CQAWDSSTWVF;NA_CQQRSNWPPYTF;NA_CCSYAGSSTVVF;CARDSKQQLADNWFDPW_CQAWDSSTLVVF;CARLWVFLTMVRGPDFDLW_CHQSSSLPLTF	0	NA
16	68	CARQVGVGKWYLEDW_CCSYASGDNLVF;CARLIKYSGSYEMVDYW_CAAWDDSLNGYYVF;CARGGFITMIGYGMDVW_CQQYDNLPFTF;CARDLRWCSGGSCYGNYYGMDVW_CAAWDDSLNGQVF;CARDGRDYYDSSGYYYDDAFDIW_CQSADSSGTVVF;CARDHPLMVRENLGFDPW_CAAWDDSLNGPVF;CARDLRNYYDFWSGSPNPKINWFDPW_CQKYNSAPLTF;CARDLPAARYGDYGGFDYW_CAAWDDSLNGVVF;CARDLFPIQYGSEPYGMDVW_CQQYGSSPRTF;CARDIGPLDVW_CQVWDSSSDHRVF;CARDQGDGDYGAFDIW_CQQSYSTSSWTF;CARILEIVDPSGSYQYYFDYW_CGTWDSSLSAVVF;CARDGHYSGSYYVGYW_CCSYAGSYTYWVF;CAREEYSSSWHPYYFDYW_CGTWDSSLSAYVF;CAKDFRGWFDPW_CATWDDSLNGWVF;CARDRSGGSWFDPW_CVLYMGSGVF;CARASTAAYYYYYYGMDVW_CAAWDDSLNGHVVF;CAHHLSFGGNWAFAHW_CAAWDDSLNGSYVF;CASNLGYCSSISCYGFDYW_CQQYGSSPLYTF;CAKELPYYDSSGGPEYW_CAAWDDSLNGWVF;CARGEDYYGSGSYYGMDVW_CQAWDSNTVIF;CARVLGITGTTRRFDYW_CQQYYSYPFTF;CARDREQLAPFDYW_CQSADSSGTYVF;CAKDLIDTMIVVVITPPFDYW_CAAWDDSLNWVF;CARGGHLWSEEVMNRFYYYLGMDVW_CGAWDGSLNGYVF;CARDGYSGYDRADYYYYYGMDVW_CQSYDSSLSGSRVF;CARDHIAVAATPAEYYYYGMDVW_CQAWDSSTVVF;CARARDRQGAYYYGSGSYVPYYYYGMDVW_CCSYAGSSPWVF;CARQNFDILTGYSIDYW_CAAWDDSLNGLYVF;CARDNSGSYVVEYYFDYW_CAAWDDSLNGWVF;CARQYVEWLREMDVW_CAAWDDRLNGWVF;CARNYYYDSSGSGFDYW_CQQANSFPPTF;CAHRHHCSSTSCSPWDDWFDPW_CAAWDDSLNGPVF;CARQNFDILTGYSIDYW_CAAWDDSLNGLYVF;CAKTQVDGKALWFEPW_CATWDSILSGWIF;CARELLWFGEGINWFDPW_CAAWDDSLNGVVF;CARHNTITLRYFDWTKLGYFDLW_CAAWDDSLNGVVF;CARDRYDYGDYPAEYFQHW_CAAWDDSLNGVVF;CAREQLGGFDYW_CAAWDDSLSVVVF;CAIIPLATPVTIIMDYW_CMQSIQLPPQPTF;CAREQQLVPYYYYGMDVW_CAAWDDSLNGWVF;CARDGAGHYGSGSYFGSW_CATWDDSLNGFVIF;CASRTNHYYDIQRHYW_CQQSYSTPGVTF;CARHIMVRGVPPNFDYW_CAAWDDSLNGPVF;CASTGGGSYPILNW_CQQYYSYPLTF;CARGGPYPINSGYYYEVDYW_CAAWDDSLNGRYVF;CARGPNDAFDVW_CQQYARSPPWTF;CAHHASFGGNWAFAHW_CAAWDDSLNGSYVF;CARDRGYGSGSYFSGFDYW_CQQYNNWPPRTF;CARERGMYSSGWYNWFDPW_CQQYYSYPYTF;CARGGDGYNYHPYW_CQKYNSAPTF;CAKDSIPIYDSSGTTFDYW_CAAWDDSLNGWVF;CARDQRSYADYW_CQQYYSYPQTF;CARDLQRGYSYGYW_CAAWDDSLNGVVF;CARDIHGNGALYYYYGMDVW_CAAWDDSLNGLYVF;CARDNIVVVPAAMFEASDYYYGMDVW_CMQALQTPYTF;CARDELRQLVLW_CQSYDSSNPWVF;CARSYGSGSYPRPSPLAWFDPW_CAAWDDSLNGPVF;CARDLIGFGASFDYW_CQQYNNWPPYTF;CARMMGTYYGDHPTIVGYFDYW_CQQYNNWPLTF;CARDGLDYDSNAIDYW_CQQYDNLPYTF;CARHGGDCGLDCYSNWFDPW_CQHWTF;CAREPADSSSLW_CQSYDSSNWVF;CARSGQWLEGWFDPW_CQQYNSYSPTF;CAREGREGGGFDYW_CAAWDDSLSGWVF;CARFVPGGYDGFDIW_CASWDKNLNAFVF;CARDPVPVILGYCSGGRCSPLDYW_CQNYNSAPRTF;CAKDWDDYDSESGVYNYYGMDVW_CSAWDDSLNGVVF	15	98	CAKDFHRLTLLRYCSGGSCYSAFDIW_CCSYAGSSTYVF;CAKRPDTTGRSWYFDYW_CQQYNNWLWTF;CAKFDIAAADTGKGEDYW_CMQGTHWPPLTF;CAKDSLFDRIILIATDIW_CAAWDDSLNGWVF;CAKYPSFSSRRWYFDLW_CQQYNNWPPPYTF;CAKLPSYSYGPFDYW_CQVWDSSSDHPVF;CAKDRQQLVIDAFDIW_CQQANSFSYTF;CARRRYYGGNSNKGWYFDLW_CQQRSNWRTF;CAKVLGFGPHYDILTGYYPFDYW_CQQSYSTPLTF;CASVQWLVDYW_CQQSYSTPMYTF;CAKDQSPSAKNGDYVSFDYW_CMQALQKTF;CAKDLRFLEWLLPYYYGMDVW_CMQALQTPWTF;CAKDPNYWRYFDWLTGYYFDYW_CQQRSNWPPWTF;CARDGGFGGSWLDPW_CQQRSHFRTF;CAKGEQFIAVNNWFDPW_CQQRSNWPITF;CAKDIRGNSWYGDSEGIW_CMQGTHWPYTF;CASGMVDFDYW_CMQGTHWPPTF;CAKGDSRYWYFDLW_CQQRSNWPLTF;CARGSISSQRWFGPW_CQQYNYYYTF;CAKWGHSSWYDNWFDPW_CQSADSSGTYVVF;CARGGAVLRYFDWEPQGPLEDNWFDPW_CQQRSNTWTF;CARNMASGMDVW_CQQRSNWPLFLTF;CAKMGASRWGPSYYFDCW_CQQYGSSPRTF;CAHRPLDILTGYRVDYFDYW_CQQSYSTLGTF;CAKDHPTNWFDPW_CQQYYSYPRTF;CAKAQNYYDSSGYYPFDYW_CQVWDSSSDHSVVF;CAKAPESSAYYGPDYW_CAAWDDSLSGHWVF;CAKGATSCAYW_CQQSYSTPRTF;CARGRLGGYSLPGFDYW_CNSRDSSGNHVVF;CARAIWYYDILTGYYSYYGMDVW_CSSYAGSNNLEVF;CARARGDFWSGYTHWYFDLW_CQQRSNWPPWYTF;CAKASARYCSGGSCYGTAFDIW_CQQSYSTPVF;CAKFHDSSGYYYLYGFDYW_CQAWDSSTYVF;CAKGAAASRTDYW_CQQSYSTPPYTF;CAQTGILTGYPRVGNAFDIW_CQQRSNWLGFTF;CAKDEWERGAFDIW_CQQYNSYSPWTF;CAKADLLYSGSYGAW_CQQSYSTPYTF;CAKDGIVVVTAIKFGHGMDVW_CQQANSFPYTF;CAKRLDYW_CMQATQFPYTF;CANISPPPRYYGSGSYYNFAFDIW_CQQLNSYPFTF;CAKDYDSGSYYEGGAFDIW_CQQRSNWPLTF;CAKEDYNSGSCLDYW_CQQLNSYPQVTF;CAQIAAAGTMGFDYW_CQQRSNWPSLTF;CAKVRGIVGATPCYFDYW_CQVWDSSSDHPVF;CTTEVCSGYDCDLGDYW_CQQRSNWPTF;CARSVDTAMGNAHDW_CQQYGSSPPTF;CAKDRGYRGDYSNWFDPW_CQQYNSYPRTF;CARDRPPYSNYVIYGMDVW_CQQRSNWPPLTF;CAKPSIVATIWAFDYW_CQQYDNLPPITF;CARDHKQWRVSYVWFDPW_CQQRNTWPRPTF;CAKGRYSSSWYEDWYFDLW_CQQRSNWPPLTF;CARDISKGAAGTGDWFDPW_CQQRSNWPLTF;CAKDAEGQGPVLLWLGGMDVW_CQQYNSYSYTF;CATGIAVAGTLGYYGMDVW_CQQYNNWPRFTF;CAKGTHYYGSGSMWGMDVW_CQQRSNWPPYTF;CAREGEITMIVANDAFDIW_CQQSYSTPPTF;CATSDWSW_CQQRINWPITF;CAKASVAVAGTGGMDVW_CQVWDSSSDHVVF;CAKFFVVLSFWSGYYDYW_CQQLNSYPQTF;CAKGRNFVVVTAICDYW_CQQYGSSPLTF;CAKSLKLFAIDYW_CQSADSSGTYWVF;CANDRDASSAWYGPVGYW_CQQHYSTPGTF;CAKGGYCSGGSCPLDYYYGMDVW_CMQALQTPLTF;CARARSSGWYHYW_CQQRSNWPPTF;CAKDHDEGATTYFDYW_CQAWDSSTVVF;CAKDSRYSLLIAVAGTEDYW_CQQRSNWPWTF;CAKDRGPAEKYYYDSSGTQLIGAFDIW_CQQYYSYPPGTF;CAKVEGIWFGELSDFYYYYGMDVW_CQQRSNWPLTF;CAKALHAAVVGPAAIPFDYW_CSSYVGSNNYVF;CAKDHLMITFGGVGQGVPWFDPW_CQKYNSAPRTF;CAKAEGVKYNWNYGDYW_CQQSGSSPPTF;CATDLNLAVAGEGGYW_CQQRSNWPLTF;CARDSYDFWSGYTPPNYYYYYGMDVW_CQQRSNWYTF;CAKETLGAVDYW_CCSYAGSSRVF;CAKAAMVRGVIDWYFDLW_CQQYYSYPPFTF;CASATTVSHW_CQQRSNWPLTF;CAKGGGADFDHW_CQQYSIWPLSF;CAKDRDGYNADDAFDIW_CQQSYSTPLTF;CAKSYGSGSYYRTSEYYFDYW_CQQYNNWPPGTF;CARDCSSTSCLAYW_CQLRSNWPTF;CAKRDSSSWGWDRGAFDIW_CQQLNSYPGFTF;CAKGFDYYGSGSYSPFDYW_CQQYNNWPPEYTF;CARHEKGIAAAVYYFDYW_CQQRSNWPLTF;CAKDGRWELGTFDIW_CQQYDNLPQF;CAKDRRLGPWIPDYW_CQQYDNLPQAF;CAKDVTDGYNIPYYFDSW_CQQRSNWPLTF;CAKDRCTITSCSYQNW_CMQALQIPPTF;CAKDRSFDYPDYW_CQQYYSFPYTF;CTSWAIPQALTDYYYYGMDVW_CQQRSNWPPSITF;CAKLGEEDGSGSPSYYYYGMDVW_CQQYNNWPPLTF;CAKILYSSGWWGGAFDIW_CQQYNSYPLTF;CAKDDDRGYGWFGELLGRYGMDVW_CQQRSNWLLTF;CAKDKASSWQDRYYYYGMDVW_CVLYMGSGIRVF;CAKVGVGATSHFDYW_CQQSYSTPRYTF;CAKDLPRSVVVTANSYYYGMDVW_CQQYNSYPVTF;CTTPTWGNYYYYGMDVW_CQQRSTGRDTF;CARVFRRYGSGSYYNLW_CQQRSNWLTF;CARDPGDYVEIEWYFDLW_CQQRSNWPRLTF	0	NA
16	68	CARQVGVGKWYLEDW_CCSYASGDNLVF;CARLIKYSGSYEMVDYW_CAAWDDSLNGYYVF;CARGGFITMIGYGMDVW_CQQYDNLPFTF;CARDLRWCSGGSCYGNYYGMDVW_CAAWDDSLNGQVF;CARDGRDYYDSSGYYYDDAFDIW_CQSADSSGTVVF;CARDHPLMVRENLGFDPW_CAAWDDSLNGPVF;CARDLRNYYDFWSGSPNPKINWFDPW_CQKYNSAPLTF;CARDLPAARYGDYGGFDYW_CAAWDDSLNGVVF;CARDLFPIQYGSEPYGMDVW_CQQYGSSPRTF;CARDIGPLDVW_CQVWDSSSDHRVF;CARDQGDGDYGAFDIW_CQQSYSTSSWTF;CARILEIVDPSGSYQYYFDYW_CGTWDSSLSAVVF;CARDGHYSGSYYVGYW_CCSYAGSYTYWVF;CAREEYSSSWHPYYFDYW_CGTWDSSLSAYVF;CAKDFRGWFDPW_CATWDDSLNGWVF;CARDRSGGSWFDPW_CVLYMGSGVF;CARASTAAYYYYYYGMDVW_CAAWDDSLNGHVVF;CAHHLSFGGNWAFAHW_CAAWDDSLNGSYVF;CASNLGYCSSISCYGFDYW_CQQYGSSPLYTF;CAKELPYYDSSGGPEYW_CAAWDDSLNGWVF;CARGEDYYGSGSYYGMDVW_CQAWDSNTVIF;CARVLGITGTTRRFDYW_CQQYYSYPFTF;CARDREQLAPFDYW_CQSADSSGTYVF;CAKDLIDTMIVVVITPPFDYW_CAAWDDSLNWVF;CARGGHLWSEEVMNRFYYYLGMDVW_CGAWDGSLNGYVF;CARDGYSGYDRADYYYYYGMDVW_CQSYDSSLSGSRVF;CARDHIAVAATPAEYYYYGMDVW_CQAWDSSTVVF;CARARDRQGAYYYGSGSYVPYYYYGMDVW_CCSYAGSSPWVF;CARQNFDILTGYSIDYW_CAAWDDSLNGLYVF;CARDNSGSYVVEYYFDYW_CAAWDDSLNGWVF;CARQYVEWLREMDVW_CAAWDDRLNGWVF;CARNYYYDSSGSGFDYW_CQQANSFPPTF;CAHRHHCSSTSCSPWDDWFDPW_CAAWDDSLNGPVF;CARQNFDILTGYSIDYW_CAAWDDSLNGLYVF;CAKTQVDGKALWFEPW_CATWDSILSGWIF;CARELLWFGEGINWFDPW_CAAWDDSLNGVVF;CARHNTITLRYFDWTKLGYFDLW_CAAWDDSLNGVVF;CARDRYDYGDYPAEYFQHW_CAAWDDSLNGVVF;CAREQLGGFDYW_CAAWDDSLSVVVF;CAIIPLATPVTIIMDYW_CMQSIQLPPQPTF;CAREQQLVPYYYYGMDVW_CAAWDDSLNGWVF;CARDGAGHYGSGSYFGSW_CATWDDSLNGFVIF;CASRTNHYYDIQRHYW_CQQSYSTPGVTF;CARHIMVRGVPPNFDYW_CAAWDDSLNGPVF;CASTGGGSYPILNW_CQQYYSYPLTF;CARGGPYPINSGYYYEVDYW_CAAWDDSLNGRYVF;CARGPNDAFDVW_CQQYARSPPWTF;CAHHASFGGNWAFAHW_CAAWDDSLNGSYVF;CARDRGYGSGSYFSGFDYW_CQQYNNWPPRTF;CARERGMYSSGWYNWFDPW_CQQYYSYPYTF;CARGGDGYNYHPYW_CQKYNSAPTF;CAKDSIPIYDSSGTTFDYW_CAAWDDSLNGWVF;CARDQRSYADYW_CQQYYSYPQTF;CARDLQRGYSYGYW_CAAWDDSLNGVVF;CARDIHGNGALYYYYGMDVW_CAAWDDSLNGLYVF;CARDNIVVVPAAMFEASDYYYGMDVW_CMQALQTPYTF;CARDELRQLVLW_CQSYDSSNPWVF;CARSYGSGSYPRPSPLAWFDPW_CAAWDDSLNGPVF;CARDLIGFGASFDYW_CQQYNNWPPYTF;CARMMGTYYGDHPTIVGYFDYW_CQQYNNWPLTF;CARDGLDYDSNAIDYW_CQQYDNLPYTF;CARHGGDCGLDCYSNWFDPW_CQHWTF;CAREPADSSSLW_CQSYDSSNWVF;CARSGQWLEGWFDPW_CQQYNSYSPTF;CAREGREGGGFDYW_CAAWDDSLSGWVF;CARFVPGGYDGFDIW_CASWDKNLNAFVF;CARDPVPVILGYCSGGRCSPLDYW_CQNYNSAPRTF;CAKDWDDYDSESGVYNYYGMDVW_CSAWDDSLNGVVF	17	1	CARHGINYYDSSGYSGNDAFDIW_CQQYDNLFTF	0	NA
16	68	CARQVGVGKWYLEDW_CCSYASGDNLVF;CARLIKYSGSYEMVDYW_CAAWDDSLNGYYVF;CARGGFITMIGYGMDVW_CQQYDNLPFTF;CARDLRWCSGGSCYGNYYGMDVW_CAAWDDSLNGQVF;CARDGRDYYDSSGYYYDDAFDIW_CQSADSSGTVVF;CARDHPLMVRENLGFDPW_CAAWDDSLNGPVF;CARDLRNYYDFWSGSPNPKINWFDPW_CQKYNSAPLTF;CARDLPAARYGDYGGFDYW_CAAWDDSLNGVVF;CARDLFPIQYGSEPYGMDVW_CQQYGSSPRTF;CARDIGPLDVW_CQVWDSSSDHRVF;CARDQGDGDYGAFDIW_CQQSYSTSSWTF;CARILEIVDPSGSYQYYFDYW_CGTWDSSLSAVVF;CARDGHYSGSYYVGYW_CCSYAGSYTYWVF;CAREEYSSSWHPYYFDYW_CGTWDSSLSAYVF;CAKDFRGWFDPW_CATWDDSLNGWVF;CARDRSGGSWFDPW_CVLYMGSGVF;CARASTAAYYYYYYGMDVW_CAAWDDSLNGHVVF;CAHHLSFGGNWAFAHW_CAAWDDSLNGSYVF;CASNLGYCSSISCYGFDYW_CQQYGSSPLYTF;CAKELPYYDSSGGPEYW_CAAWDDSLNGWVF;CARGEDYYGSGSYYGMDVW_CQAWDSNTVIF;CARVLGITGTTRRFDYW_CQQYYSYPFTF;CARDREQLAPFDYW_CQSADSSGTYVF;CAKDLIDTMIVVVITPPFDYW_CAAWDDSLNWVF;CARGGHLWSEEVMNRFYYYLGMDVW_CGAWDGSLNGYVF;CARDGYSGYDRADYYYYYGMDVW_CQSYDSSLSGSRVF;CARDHIAVAATPAEYYYYGMDVW_CQAWDSSTVVF;CARARDRQGAYYYGSGSYVPYYYYGMDVW_CCSYAGSSPWVF;CARQNFDILTGYSIDYW_CAAWDDSLNGLYVF;CARDNSGSYVVEYYFDYW_CAAWDDSLNGWVF;CARQYVEWLREMDVW_CAAWDDRLNGWVF;CARNYYYDSSGSGFDYW_CQQANSFPPTF;CAHRHHCSSTSCSPWDDWFDPW_CAAWDDSLNGPVF;CARQNFDILTGYSIDYW_CAAWDDSLNGLYVF;CAKTQVDGKALWFEPW_CATWDSILSGWIF;CARELLWFGEGINWFDPW_CAAWDDSLNGVVF;CARHNTITLRYFDWTKLGYFDLW_CAAWDDSLNGVVF;CARDRYDYGDYPAEYFQHW_CAAWDDSLNGVVF;CAREQLGGFDYW_CAAWDDSLSVVVF;CAIIPLATPVTIIMDYW_CMQSIQLPPQPTF;CAREQQLVPYYYYGMDVW_CAAWDDSLNGWVF;CARDGAGHYGSGSYFGSW_CATWDDSLNGFVIF;CASRTNHYYDIQRHYW_CQQSYSTPGVTF;CARHIMVRGVPPNFDYW_CAAWDDSLNGPVF;CASTGGGSYPILNW_CQQYYSYPLTF;CARGGPYPINSGYYYEVDYW_CAAWDDSLNGRYVF;CARGPNDAFDVW_CQQYARSPPWTF;CAHHASFGGNWAFAHW_CAAWDDSLNGSYVF;CARDRGYGSGSYFSGFDYW_CQQYNNWPPRTF;CARERGMYSSGWYNWFDPW_CQQYYSYPYTF;CARGGDGYNYHPYW_CQKYNSAPTF;CAKDSIPIYDSSGTTFDYW_CAAWDDSLNGWVF;CARDQRSYADYW_CQQYYSYPQTF;CARDLQRGYSYGYW_CAAWDDSLNGVVF;CARDIHGNGALYYYYGMDVW_CAAWDDSLNGLYVF;CARDNIVVVPAAMFEASDYYYGMDVW_CMQALQTPYTF;CARDELRQLVLW_CQSYDSSNPWVF;CARSYGSGSYPRPSPLAWFDPW_CAAWDDSLNGPVF;CARDLIGFGASFDYW_CQQYNNWPPYTF;CARMMGTYYGDHPTIVGYFDYW_CQQYNNWPLTF;CARDGLDYDSNAIDYW_CQQYDNLPYTF;CARHGGDCGLDCYSNWFDPW_CQHWTF;CAREPADSSSLW_CQSYDSSNWVF;CARSGQWLEGWFDPW_CQQYNSYSPTF;CAREGREGGGFDYW_CAAWDDSLSGWVF;CARFVPGGYDGFDIW_CASWDKNLNAFVF;CARDPVPVILGYCSGGRCSPLDYW_CQNYNSAPRTF;CAKDWDDYDSESGVYNYYGMDVW_CSAWDDSLNGVVF	18	55	CARETTPVVTASTYYYYYGMDVW_CSSYTSSSTWVF;CARDWVRGVNDMDVW_CSSYTSSSTRVF;CTRPQRKWELPYPDAFDIW_CSSYTSSSTLF;CARGGAAVTTYYYYFYGMDAW_CCSYSSTNTLYVF;CARDGSGYLEQYYFDYW_CAAWDDSLNGYVF;CARGQGRTTSDYW_CSSYTSSSTLVVF;CARDPITMVRGVIISGWYFDLW_CSSYTSSSTLDVVF;CAKGADPYYDFWSGYSELFPLGMDVW_CSSYTSSSTVVF;CAREFKSFWSGYGDYYYGMDVW_CSSYTSSSTRVF;CARVVDDYYDSSGRYYFDYW_CSSYTSSSTQVF;CARHPFRVFGGWRDYW_CSSYTSSSTLWVF;CTGPDRMAYYDSSGYWEGVLDYW_CSSYTSSSPLYVF;CTRCGSSWTSYTMYDW_CSSYTGSRLYVF;CAKASLYGSGSYPPKYW_CSSYTSSSTYVF;CARDRPALWFGELHGMDVW_CSSYTSSSTLVF;CAKDHWEYYWYFDLW_CSSYTSSSTLVF;CARQISILRLLVWFDPW_CSSYTSSRGVF;CARHSPPRLWFGAFNYYYGMDVW_CSSYTGSSTLVF;CARRIAVAATVTGAMDVW_CTSYTSSSTLVF;CARYYDILTGYYYDYFDYW_CSSYTSSSTSF;CAKDPRLGPYFDYW_CSSYTSSSTRVF;CARILSDYYDSIGAFDYW_CSSYTSSSTPVVF;CARDRVAIMRGIKPNGMDVW_CQQLNSYPQTF;CARELTGDRDYW_CNSYTRSSTYVF;CARVNTMVRGLSTTKYYYPMDVW_CSSYTLSILIF;CARGGLPLGYCSGGSCSRRYYGMDVW_CSSYTSSSTLVVF;CARVEYGDYSGWFDPW_CSSYTSSSTWVF;CARGINYCSGGSCYYYYYYGMDVW_CSSYTSSSTLEGVF;CAREGPSRPAANYW_CSSYTSSSTEVF;CVRDQGSGGNYFDPW_CSSYTSSSLYVF;CARDDYYYDSSGYYPRFDYW_CSSYTSSSTLGVF;CARGSRYSYGDPCFDYW_CSSYTSSSTPVVVF;CARYYQDRFDYW_CSSYTSSSTLEVF;CARGPYDILTGSIYYYGMDVW_CSSYTSSSTLIF;CARDLGWSEGNYYYYGMDVW_CSSYTSSSTYVF;CAYDSSGYSLDYW_CQQYGSSPF;CARDQGTAAKPLDYW_CSSYTSSSTRVF;CARGGYSGYESDYW_CSSYTSSSTRVF;CARSSVGRQWPKGMDVW_CSSYTSSSTLAF;CAKDIRGRMATIMSW_CSSYTSSSTLVVF;CARVELHYYYYYGMDVW_CSSYTSSSTLF;CARGMIVVVMRYGMDVW_CSSYTSSSPVVF;CAKGILRYFDWHLEGMDVW_CSSYRNISTVF;CAKDIVSYSNYVLSNW_CSSYTSSSTQHVVF;CARHGSYLGYFQHW_CSSYTSSSTVVF;CAKDKGPDYYYGMDVW_CSSYTSSSTLYVF;CARSMVRGKYRAEYFQHW_CSSYTSSSTLNVVF;CATLSGMDVW_CSSYTSSSTLVVF;CAREGRPPRKPKNNWFDPW_CSSYAGSNNLVF;CARGYSYGPFDYW_CSSYTSSSTLVVF;CASPITTVTTRGAFDIW_CSSYTSSSTFYVF;CAETSYCSGGSCPMSEYGPVFDPW_CSSYTSSSTPWVF;CAKDCGEPWYNWNDGIGYW_CSSYTSSSTWVF;CARDSRLGGVDPW_CSSYTSSSTRVF;CAKAPGGYNWDNYHYYYFAMDVW_CSSYTSSSTLYVF	0	NA
16	68	CARQVGVGKWYLEDW_CCSYASGDNLVF;CARLIKYSGSYEMVDYW_CAAWDDSLNGYYVF;CARGGFITMIGYGMDVW_CQQYDNLPFTF;CARDLRWCSGGSCYGNYYGMDVW_CAAWDDSLNGQVF;CARDGRDYYDSSGYYYDDAFDIW_CQSADSSGTVVF;CARDHPLMVRENLGFDPW_CAAWDDSLNGPVF;CARDLRNYYDFWSGSPNPKINWFDPW_CQKYNSAPLTF;CARDLPAARYGDYGGFDYW_CAAWDDSLNGVVF;CARDLFPIQYGSEPYGMDVW_CQQYGSSPRTF;CARDIGPLDVW_CQVWDSSSDHRVF;CARDQGDGDYGAFDIW_CQQSYSTSSWTF;CARILEIVDPSGSYQYYFDYW_CGTWDSSLSAVVF;CARDGHYSGSYYVGYW_CCSYAGSYTYWVF;CAREEYSSSWHPYYFDYW_CGTWDSSLSAYVF;CAKDFRGWFDPW_CATWDDSLNGWVF;CARDRSGGSWFDPW_CVLYMGSGVF;CARASTAAYYYYYYGMDVW_CAAWDDSLNGHVVF;CAHHLSFGGNWAFAHW_CAAWDDSLNGSYVF;CASNLGYCSSISCYGFDYW_CQQYGSSPLYTF;CAKELPYYDSSGGPEYW_CAAWDDSLNGWVF;CARGEDYYGSGSYYGMDVW_CQAWDSNTVIF;CARVLGITGTTRRFDYW_CQQYYSYPFTF;CARDREQLAPFDYW_CQSADSSGTYVF;CAKDLIDTMIVVVITPPFDYW_CAAWDDSLNWVF;CARGGHLWSEEVMNRFYYYLGMDVW_CGAWDGSLNGYVF;CARDGYSGYDRADYYYYYGMDVW_CQSYDSSLSGSRVF;CARDHIAVAATPAEYYYYGMDVW_CQAWDSSTVVF;CARARDRQGAYYYGSGSYVPYYYYGMDVW_CCSYAGSSPWVF;CARQNFDILTGYSIDYW_CAAWDDSLNGLYVF;CARDNSGSYVVEYYFDYW_CAAWDDSLNGWVF;CARQYVEWLREMDVW_CAAWDDRLNGWVF;CARNYYYDSSGSGFDYW_CQQANSFPPTF;CAHRHHCSSTSCSPWDDWFDPW_CAAWDDSLNGPVF;CARQNFDILTGYSIDYW_CAAWDDSLNGLYVF;CAKTQVDGKALWFEPW_CATWDSILSGWIF;CARELLWFGEGINWFDPW_CAAWDDSLNGVVF;CARHNTITLRYFDWTKLGYFDLW_CAAWDDSLNGVVF;CARDRYDYGDYPAEYFQHW_CAAWDDSLNGVVF;CAREQLGGFDYW_CAAWDDSLSVVVF;CAIIPLATPVTIIMDYW_CMQSIQLPPQPTF;CAREQQLVPYYYYGMDVW_CAAWDDSLNGWVF;CARDGAGHYGSGSYFGSW_CATWDDSLNGFVIF;CASRTNHYYDIQRHYW_CQQSYSTPGVTF;CARHIMVRGVPPNFDYW_CAAWDDSLNGPVF;CASTGGGSYPILNW_CQQYYSYPLTF;CARGGPYPINSGYYYEVDYW_CAAWDDSLNGRYVF;CARGPNDAFDVW_CQQYARSPPWTF;CAHHASFGGNWAFAHW_CAAWDDSLNGSYVF;CARDRGYGSGSYFSGFDYW_CQQYNNWPPRTF;CARERGMYSSGWYNWFDPW_CQQYYSYPYTF;CARGGDGYNYHPYW_CQKYNSAPTF;CAKDSIPIYDSSGTTFDYW_CAAWDDSLNGWVF;CARDQRSYADYW_CQQYYSYPQTF;CARDLQRGYSYGYW_CAAWDDSLNGVVF;CARDIHGNGALYYYYGMDVW_CAAWDDSLNGLYVF;CARDNIVVVPAAMFEASDYYYGMDVW_CMQALQTPYTF;CARDELRQLVLW_CQSYDSSNPWVF;CARSYGSGSYPRPSPLAWFDPW_CAAWDDSLNGPVF;CARDLIGFGASFDYW_CQQYNNWPPYTF;CARMMGTYYGDHPTIVGYFDYW_CQQYNNWPLTF;CARDGLDYDSNAIDYW_CQQYDNLPYTF;CARHGGDCGLDCYSNWFDPW_CQHWTF;CAREPADSSSLW_CQSYDSSNWVF;CARSGQWLEGWFDPW_CQQYNSYSPTF;CAREGREGGGFDYW_CAAWDDSLSGWVF;CARFVPGGYDGFDIW_CASWDKNLNAFVF;CARDPVPVILGYCSGGRCSPLDYW_CQNYNSAPRTF;CAKDWDDYDSESGVYNYYGMDVW_CSAWDDSLNGVVF	20	44	CARDQEYSSGWDGPDYYYYYGMDVW_CQQSYSTPQTF;CARDDRFGGDTLGWFDPW_CQSYDSSLSGSGYVF;CAREGWGLGYCSSTSCYTGPFGYW_CQQYGSSPPYTF;CARDRLDGYNSFYYGMDVW_CQSYDSSLSGSVF;CARDAGRDGNEYYFDYW_CQQYNSYLYTF;CARDRGQWLVREEDYYYGMDVW_CQQYYSTPLTF;CARIWAVAADHSFDYW_CQQYNNWPPWTF;CARDKGATFDYW_CQQSYSTPYTF;CARDRWSLHIVGASPRGPSFDYW_CQQANSFPVTF;CASGSSDRYSSGWYWGYFDYW_CQAWDSSTVVF;CARAEIYGSGSKYYYYGMDVW_CQSADSSGTYYVF;CARGPDRFSGSYDNWFDPW_CQHTRAF;CARDIVRDFDWPGVGYW_CAAWDDSLNGYVF;CARGWSGYSSSLHPYYFDYW_CCSYAGSSTTLVF;CARDLYSGYSYGSAVYW_CQQRSNWPIF;CARESPFGGQSVAVGGTPDYW_CCSYAGSGTFVF;CARGPGYCSGGSCYGMFDYW_CQSADSSGTYVVF;CARGTRRDGYNLIYW_CQQYDNPPLTF;CARAVPARPEYCGGDCYIYYYGMDVW_CQSADSSGTYWVF;CVLYYGSGSYYRFDYW_CQSYDSSLSAVF;CARDSSSPATRHFDYW_CMQATQFPYTF;CARGRGRYYDSSGEW_CQQYNSYPYTF;CARESRPTVTTRTTSGMDVW_CLQHNSYPRTF;CARDIGYSSGWYWTPGVNYYYGMDVW_CQQYGSSPWTF;CARDRGVGARHFDYW_CQQYNNWPPWTF;CGRAAISVLRKMPPTFW_CQQYGSSPYTF;CARETYYYDSSGYYGPHAFDIW_CLLSYSGARVF;CARDSEIFGSSWYSYFDYW_CQQYNSYSYTF;CARTYVWGEVDYYYYGMDVW_CLQHNSYPWTF;CARVYSYGYRYFDYW_CQQSYSTLWTF;CARDGGYSYGYAQGYYGMDVW_CQSADSSGTHVVF;CARDRSAERRGYFDYW_CNSRDSSGNHYVF;CARVKSGGSSSLRQDAFDIW_CQQRSNWPYTF;CAREDSSGWLEFPNWFDPW_CCSYAGSSTYVF;CAREGEQWLDGAFDYW_CQSADSSGTYKVF;CARDGGGWYGLVDYW_CQQYNNWPLTF;CARGNDAFDIW_CQQYNSYSGTF;CARDGKPSKTFDYW_CQQSYSTPLTF;CARDCGGPVTTTTNDAFDIW_CQQYYSYPRTF;CARDCDGGCDYW_CQSADSSGTYRVF;CARGGDYYYGMDVW_CQQYNNWPLTF;CARALSLGPRTYYYDSPQRGHDAFDIW_CQQSYSTSWTF;CARGETYYYDSSGYYWGYYFDYW_CQQYNSYPLTF;CARDQQWLGDFDYW_CSSYAGSNNLWVF	0	NA
16	68	CARQVGVGKWYLEDW_CCSYASGDNLVF;CARLIKYSGSYEMVDYW_CAAWDDSLNGYYVF;CARGGFITMIGYGMDVW_CQQYDNLPFTF;CARDLRWCSGGSCYGNYYGMDVW_CAAWDDSLNGQVF;CARDGRDYYDSSGYYYDDAFDIW_CQSADSSGTVVF;CARDHPLMVRENLGFDPW_CAAWDDSLNGPVF;CARDLRNYYDFWSGSPNPKINWFDPW_CQKYNSAPLTF;CARDLPAARYGDYGGFDYW_CAAWDDSLNGVVF;CARDLFPIQYGSEPYGMDVW_CQQYGSSPRTF;CARDIGPLDVW_CQVWDSSSDHRVF;CARDQGDGDYGAFDIW_CQQSYSTSSWTF;CARILEIVDPSGSYQYYFDYW_CGTWDSSLSAVVF;CARDGHYSGSYYVGYW_CCSYAGSYTYWVF;CAREEYSSSWHPYYFDYW_CGTWDSSLSAYVF;CAKDFRGWFDPW_CATWDDSLNGWVF;CARDRSGGSWFDPW_CVLYMGSGVF;CARASTAAYYYYYYGMDVW_CAAWDDSLNGHVVF;CAHHLSFGGNWAFAHW_CAAWDDSLNGSYVF;CASNLGYCSSISCYGFDYW_CQQYGSSPLYTF;CAKELPYYDSSGGPEYW_CAAWDDSLNGWVF;CARGEDYYGSGSYYGMDVW_CQAWDSNTVIF;CARVLGITGTTRRFDYW_CQQYYSYPFTF;CARDREQLAPFDYW_CQSADSSGTYVF;CAKDLIDTMIVVVITPPFDYW_CAAWDDSLNWVF;CARGGHLWSEEVMNRFYYYLGMDVW_CGAWDGSLNGYVF;CARDGYSGYDRADYYYYYGMDVW_CQSYDSSLSGSRVF;CARDHIAVAATPAEYYYYGMDVW_CQAWDSSTVVF;CARARDRQGAYYYGSGSYVPYYYYGMDVW_CCSYAGSSPWVF;CARQNFDILTGYSIDYW_CAAWDDSLNGLYVF;CARDNSGSYVVEYYFDYW_CAAWDDSLNGWVF;CARQYVEWLREMDVW_CAAWDDRLNGWVF;CARNYYYDSSGSGFDYW_CQQANSFPPTF;CAHRHHCSSTSCSPWDDWFDPW_CAAWDDSLNGPVF;CARQNFDILTGYSIDYW_CAAWDDSLNGLYVF;CAKTQVDGKALWFEPW_CATWDSILSGWIF;CARELLWFGEGINWFDPW_CAAWDDSLNGVVF;CARHNTITLRYFDWTKLGYFDLW_CAAWDDSLNGVVF;CARDRYDYGDYPAEYFQHW_CAAWDDSLNGVVF;CAREQLGGFDYW_CAAWDDSLSVVVF;CAIIPLATPVTIIMDYW_CMQSIQLPPQPTF;CAREQQLVPYYYYGMDVW_CAAWDDSLNGWVF;CARDGAGHYGSGSYFGSW_CATWDDSLNGFVIF;CASRTNHYYDIQRHYW_CQQSYSTPGVTF;CARHIMVRGVPPNFDYW_CAAWDDSLNGPVF;CASTGGGSYPILNW_CQQYYSYPLTF;CARGGPYPINSGYYYEVDYW_CAAWDDSLNGRYVF;CARGPNDAFDVW_CQQYARSPPWTF;CAHHASFGGNWAFAHW_CAAWDDSLNGSYVF;CARDRGYGSGSYFSGFDYW_CQQYNNWPPRTF;CARERGMYSSGWYNWFDPW_CQQYYSYPYTF;CARGGDGYNYHPYW_CQKYNSAPTF;CAKDSIPIYDSSGTTFDYW_CAAWDDSLNGWVF;CARDQRSYADYW_CQQYYSYPQTF;CARDLQRGYSYGYW_CAAWDDSLNGVVF;CARDIHGNGALYYYYGMDVW_CAAWDDSLNGLYVF;CARDNIVVVPAAMFEASDYYYGMDVW_CMQALQTPYTF;CARDELRQLVLW_CQSYDSSNPWVF;CARSYGSGSYPRPSPLAWFDPW_CAAWDDSLNGPVF;CARDLIGFGASFDYW_CQQYNNWPPYTF;CARMMGTYYGDHPTIVGYFDYW_CQQYNNWPLTF;CARDGLDYDSNAIDYW_CQQYDNLPYTF;CARHGGDCGLDCYSNWFDPW_CQHWTF;CAREPADSSSLW_CQSYDSSNWVF;CARSGQWLEGWFDPW_CQQYNSYSPTF;CAREGREGGGFDYW_CAAWDDSLSGWVF;CARFVPGGYDGFDIW_CASWDKNLNAFVF;CARDPVPVILGYCSGGRCSPLDYW_CQNYNSAPRTF;CAKDWDDYDSESGVYNYYGMDVW_CSAWDDSLNGVVF	21	37	CARDRDGAFAIW_CAIWYSNTHVIF;CASRVHGLVTVTTGGAFDIW_CQQYYSYPPAF;CARGGDPTWFDPW_CCSYAGSSIVVF;CARAGAVARGYFDYW_CQQYYSFPPTF;CARGRGAAAGTSILNYW_CQQYYSTPLGF;CARGGRVWSQATPTKNWFDPW_CQQYNNWPPWTF;CARKSGPPQYRYFDYW_CQQSYSTPLHF;CARGVGGCSSTSCYTRGYYGMDVW_CQQANSFLTF;CARGVRVAPIDYW_CAAWDDSLWVF;CARGPVYYYGSGSYYYFDYW_CLQDYNYPFTF;CARGTRGRSSGYYSNW_CQQYNNWPPYTF;CARGRSSGYYPHFDYW_CNSRDSSGNHYVF;CARGGRYCSGGSCYNWFDPW_CLQDYNYPWTF;CARVDNVWTTWGYW_CQQSYSTPPTF;CARDRVHDYVWGSYRDLDYW_CQQSYSTLMYTF;CARGPIVVVIAASPYYYYGMDVW_CQQRSNWPPGCTF;CARRYSYGYKRLSGWIWYFDLW_CAAWDDSLNGYVF;CASSGWFDPW_CAAWDDSLSGRVF;CARSLGPEFYYFDYW_CQQSYSTPWTF;CARGMGSSSWYPNTKLVNWFDPW_CQQYYSTPPTF;CARGEYGDYAFDYW_CAAWDDSLNGYVF;CARGTIAVAGKRYYYFDYW_CQVWDSSSDHHVVF;CARALYYDILTGYYPRYYFDYW_CQQLNSYPITF;CARGSGYYVGSYFDYW_CNSRDSSGNHPPVVF;CARDLPAVYYYGMDVW_CQQSYSTLFTF;CARGNTRLRGYSYGLQMARGGYGMDVW_CQQYGSSPGTF;CASSAPPYGHFDYW_CNSRDSSGNHVVF;CARSVTGTMGIYYYGMDVW_CQQYGSSRGTF;CARGRGYYGSGSYFSFSYYYGMDVW_CAAWDDSLNGQVF;CARDRRGYSYGYPWFDPW_CNSRDSSGNHRVF;CARGRVYGDYVFWFDPW_CQQSYSTPLTF;CARAYGMDVW_CQKYNSAPYTF;CARGTRGRSSGYYSNW_CQQYNNWPPYTF;CASLERVRRFYYYYGMDVW_CLLYYGGARVF;CARYNWNLNFDYW_CAAWDDSLNANYVF;CSIHPYYYDSSSHSEYFQHW_CQQYDNLPPAF;CARGSPYCSGGSCYLNWFDPW_CQQYYSYPRTF	0	NA
16	68	CARQVGVGKWYLEDW_CCSYASGDNLVF;CARLIKYSGSYEMVDYW_CAAWDDSLNGYYVF;CARGGFITMIGYGMDVW_CQQYDNLPFTF;CARDLRWCSGGSCYGNYYGMDVW_CAAWDDSLNGQVF;CARDGRDYYDSSGYYYDDAFDIW_CQSADSSGTVVF;CARDHPLMVRENLGFDPW_CAAWDDSLNGPVF;CARDLRNYYDFWSGSPNPKINWFDPW_CQKYNSAPLTF;CARDLPAARYGDYGGFDYW_CAAWDDSLNGVVF;CARDLFPIQYGSEPYGMDVW_CQQYGSSPRTF;CARDIGPLDVW_CQVWDSSSDHRVF;CARDQGDGDYGAFDIW_CQQSYSTSSWTF;CARILEIVDPSGSYQYYFDYW_CGTWDSSLSAVVF;CARDGHYSGSYYVGYW_CCSYAGSYTYWVF;CAREEYSSSWHPYYFDYW_CGTWDSSLSAYVF;CAKDFRGWFDPW_CATWDDSLNGWVF;CARDRSGGSWFDPW_CVLYMGSGVF;CARASTAAYYYYYYGMDVW_CAAWDDSLNGHVVF;CAHHLSFGGNWAFAHW_CAAWDDSLNGSYVF;CASNLGYCSSISCYGFDYW_CQQYGSSPLYTF;CAKELPYYDSSGGPEYW_CAAWDDSLNGWVF;CARGEDYYGSGSYYGMDVW_CQAWDSNTVIF;CARVLGITGTTRRFDYW_CQQYYSYPFTF;CARDREQLAPFDYW_CQSADSSGTYVF;CAKDLIDTMIVVVITPPFDYW_CAAWDDSLNWVF;CARGGHLWSEEVMNRFYYYLGMDVW_CGAWDGSLNGYVF;CARDGYSGYDRADYYYYYGMDVW_CQSYDSSLSGSRVF;CARDHIAVAATPAEYYYYGMDVW_CQAWDSSTVVF;CARARDRQGAYYYGSGSYVPYYYYGMDVW_CCSYAGSSPWVF;CARQNFDILTGYSIDYW_CAAWDDSLNGLYVF;CARDNSGSYVVEYYFDYW_CAAWDDSLNGWVF;CARQYVEWLREMDVW_CAAWDDRLNGWVF;CARNYYYDSSGSGFDYW_CQQANSFPPTF;CAHRHHCSSTSCSPWDDWFDPW_CAAWDDSLNGPVF;CARQNFDILTGYSIDYW_CAAWDDSLNGLYVF;CAKTQVDGKALWFEPW_CATWDSILSGWIF;CARELLWFGEGINWFDPW_CAAWDDSLNGVVF;CARHNTITLRYFDWTKLGYFDLW_CAAWDDSLNGVVF;CARDRYDYGDYPAEYFQHW_CAAWDDSLNGVVF;CAREQLGGFDYW_CAAWDDSLSVVVF;CAIIPLATPVTIIMDYW_CMQSIQLPPQPTF;CAREQQLVPYYYYGMDVW_CAAWDDSLNGWVF;CARDGAGHYGSGSYFGSW_CATWDDSLNGFVIF;CASRTNHYYDIQRHYW_CQQSYSTPGVTF;CARHIMVRGVPPNFDYW_CAAWDDSLNGPVF;CASTGGGSYPILNW_CQQYYSYPLTF;CARGGPYPINSGYYYEVDYW_CAAWDDSLNGRYVF;CARGPNDAFDVW_CQQYARSPPWTF;CAHHASFGGNWAFAHW_CAAWDDSLNGSYVF;CARDRGYGSGSYFSGFDYW_CQQYNNWPPRTF;CARERGMYSSGWYNWFDPW_CQQYYSYPYTF;CARGGDGYNYHPYW_CQKYNSAPTF;CAKDSIPIYDSSGTTFDYW_CAAWDDSLNGWVF;CARDQRSYADYW_CQQYYSYPQTF;CARDLQRGYSYGYW_CAAWDDSLNGVVF;CARDIHGNGALYYYYGMDVW_CAAWDDSLNGLYVF;CARDNIVVVPAAMFEASDYYYGMDVW_CMQALQTPYTF;CARDELRQLVLW_CQSYDSSNPWVF;CARSYGSGSYPRPSPLAWFDPW_CAAWDDSLNGPVF;CARDLIGFGASFDYW_CQQYNNWPPYTF;CARMMGTYYGDHPTIVGYFDYW_CQQYNNWPLTF;CARDGLDYDSNAIDYW_CQQYDNLPYTF;CARHGGDCGLDCYSNWFDPW_CQHWTF;CAREPADSSSLW_CQSYDSSNWVF;CARSGQWLEGWFDPW_CQQYNSYSPTF;CAREGREGGGFDYW_CAAWDDSLSGWVF;CARFVPGGYDGFDIW_CASWDKNLNAFVF;CARDPVPVILGYCSGGRCSPLDYW_CQNYNSAPRTF;CAKDWDDYDSESGVYNYYGMDVW_CSAWDDSLNGVVF	22	30	CARDEGIAARTRGETHYYYYGMDVW_CQQYYSTPYTF;CAREPPDLTMVRTKGVRWFDPW_CQQYYSNPLTF;CARDEMVRRDGYNFAFDIW_CQQYYSTPPLTF;CAKDGIVFYGSGSYNDYW_CQQYYETPTF;CARVRGAFGEPPPYNWFDPW_CQSADSSGTYYVF;CARGGLYSSSWSVHSTFQHW_CQQYGSSPRTF;CARDLGARDGYNKFDYW_CQQYYSTPALTF;CAHTPGSGQKGSIYW_CQQYYSTPWTF;CARLGPYGSGSYSPVDYW_CQQYYSNPQAF;CARGAAAGTLDAFDIW_CQQYYSTPLTF;CAADRIRGSSANYDYGMDVW_CQQYYSLRTF;CTRGGGALGNW_CQQYYSIPWTF;CARGPGIYGDYGGGRPGYFDYW_CQQYYSTPPITF;CARGPSRSYNVYYFDYW_CQQYYSTGTF;CARGRGARYDYGYGLVPNYFDYW_CQQHSSSPPTF;CARGPMTTVATPRTQYFQFW_CQQYYSTPWTF;CSKDWAATGREIGYW_CQQYYRTPYTF;CARRDCSGGSTQSLPQRHLTCYYGMDVW_CQQYYSTLYTF;CARDQYSSGWYLGGWGYFDYW_CQQYYSTLRTF;CARGVVGHPHLIDFW_CQQYYHMGTF;CARQDCSGGSCYLDYW_CQVWDSSSDHPVF;CAKGYSSSWYYNYGMDVW_CQQYYSTPTF;CARDRYFGPW_CQQYYSTPWTF;CARITMIGGAFDIW_CQQYYSTPSITF;CVRGGSGTLSWYDSW_CQQYLSSPDTF;CTRDLLVNWNDPGLISYYNSFDVW_CQQYYNSPRTF;CARSDDNGDYVFNYW_CQQYYSTPPTF;CARELASHLGDYFDYW_CQQYYSTPPKTF;CARKARQWEVAIDSW_CHQYYTTPLF;CSVYDSSGYLYGAFDIW_CQQYYSTPLTF	0	NA
17	1	CARHGINYYDSSGYSGNDAFDIW_CQQYDNLFTF	1	1	CARDPHYYDSSGYYYWYFDLW_CSSYAGSNNPYVF	0	NA
17	1	CARHGINYYDSSGYSGNDAFDIW_CQQYDNLFTF	2	2	CAREVVLMVHRRGGLNMDVW_CQQYYSTPLTF;NA_CQQANSFPLTF	0	NA
17	1	CARHGINYYDSSGYSGNDAFDIW_CQQYDNLFTF	5	441	NA_CQQYDELPVTF;CATTYYYDSSGYYQNDAFDIW_CQQYYSYPRTF;CAREIEGDGVFEIW_CMIWHSSAWVV;CARHIRGNRFGNDAFDIW_CQQYYSFPYTF;CARRLITMIEGGAFDIW_CQVWDSSSDHVVF;CAKVMIEHPSNRGHFDYW_CMQALQTPYTF;CTTDDEKRPYSGSYLPFDYW_CQSYDSSNVVF;CARGGRVSVAVYWDYYYYGMDVW_CQKYNSAPFTF;CAHSAQYYDILTGYYKAPWGGAFDIW_CQQYNSYSWTF;CARDDFGGATFYSSFDYW_CQQSYSTPYTF;CARAAKIFGVVTAFDIW_CQQYGSSPWTF;CVKDYSTSGWYYFDFW_CQQYGSSLPYTF;CARVVPAAFYGMDVW_CQQYGSSLFTF;CAGGSGYCTNGVCYPRGFDYYYGMDVW_CAAWDDSPPWVF;CAKDDTAMVTADFFDYW_CQTWGTGIWVF;CARTPRWLQCFDYW_CQQYNSYSWTF;CARDQWLAYYFDYW_CQSYDSSNHWVF;CAHRYYSNIDYW_CMQGTHWPWTF;CARDWGYYDSSGYSPRGYYYYYGMDVW_CQQLNSYSFTF;CAKDRVGYGDYVDYW_CQQYNNWPPWTF;CARLGSSPYYW_CQSYDSSLSGYVF;CTRYYGDVW_CQQYYSFPWTF;CAKDHYYDSSGYYSGLGYW_CQSADSSGTYRVVF;CATGLVVPAAILYGMDVW_CQQYGSSRGLTF;CAKDDGDAAAGLIYW_CAAWDDSLSGVVF;CAKDGGGEEALELPDYW_CGTWDSSLSAVVF;CATLRYPSLGVDYW_CHQYNNWPFTF;CARKDSSGSDAFDLW_CQQSYSTPYTF;CARDVVQLWYQIDYW_CQQSYSTPPNTF;CAKYVDTAMNQFDPW_CQQANSFPITF;CARGLHYYDSSGRSLYYFDYW_CQQYGSSPPGQTF;CANQPPSLYW_CQQYNNWPGTF;CARVGYDYVWGSYRYTGVMDVW_CSSYAGSSYVF;CARGRPYYYDSSGYPYDAFDIW_CMQALQTPLTF;CAKERVVTAIPVVIFDYW_CQQSYSTPRLTF;CARPYGDYAYFDYW_CQSYDSSLSGYVF;CARDWWERQDSKRPDYFDSW_CQQTNSFPITF;CARHSNDGSDYFDYW_CQESYGALLTYTF;CASTEIEMLVPRYCSSTSCYFVWFDPW_CGTWDSSLSAGHGVF;CASASSTGTDAFDIW_CQAWDSSTHVVF;CARDGSWYAAWFDPW_CQSYDSSLSGSVVF;CARDPSLGDPGWGYFDYW_CQQYNSYSTWTF;CVREMTGSFTGGLDPW_CMQGTHWPPTF;CAREVNTAMAYYYYYYGMDVW_CQQYGSSQWTF;CARERRGGGHYYDSSGYYLSDYW_CQQSYSTP;CARGGGYSSGWATREVVYW_CQSYDSSLGAVF;CAKVPTVTTFLGYYYGMDVW_CQQSYSTPWYTF;CARDLRPAANFDYW_CQVWDSSSDYVF;CARLSYSSSWYYFDYW_CQQSYSTLYTF;CARVPKVRYCSSTSCYKDYYYGMDVW_CQVWDSSSDSWVF;CATWHYYDSSGEDGMDVW_CQQYNNWPRTF;CARGRSSWHLDYW_CMQALQTPFTF;CARDPWELHGFDYW_CQQYGSSSFTF;CAREAYYYGMDVW_CNSRDSSGNHNYVF;CARDRSVVTMVRGVIPFYW_CCSYAGSYTVVF;CARHEKMNYYDILTGYSPPYYYYYGMDVW_CQSYDSSLSAYVVF;CAHYQGIAVTGTWFDPW_CQSYDSSNVVF;CARESSSWFPYW_CQQSYSTPFTF;CARERDYSPGRYYGMDVW_CGTWDSSLSAGVF;CARHPTPAAMVGYYYYGMDVW_CQQANSFPLTF;CARDGPMTAIGGYGMDVW_CQSYGSLGGSVF;CAKGRTTEGTDAFDMW_CQQVHSYPITF;CAKDRSSLLWFGELLYMPEEYGMDVW_CQQYNNWPLTF;CTNYGMDVW_CSSYAGSNNWVF;CARVDSFAPNSGYGAQLLNWFDPW_CQQYNNWPLTF;CAREDYDTASFGYW_CQQYDNLPYTF;CAKDFGRGSYHRAEYFQHW_CQQYNNWPPWTF;CARGGSLPLITMIVGFFW_CQQYGSSPEYTF;CTREAEMATISIDYW_CQVWDSSSDHVVF;CARDAPIWDTAIVYW_CQQYGSSLPWTF;CARLLVSAYNWFDPW_CQQSYSIPAF;CARIPMTTVTSYGMDVW_CQQYGSSSITF;CARDDEWEPYDYW_CCSYAGSSTYVF;CTTVLRYFDWLLSDYGMDVW_CLLSYSGARGVF;CAIGTGIVGTTFPREYW_CMQALQTSWTF;CAKDMELGWLIDYW_CMQALQTPLTF;CARETVVTPQNAFDIW_CAAWDDSLNGYVF;CARERNIVVVPAAETFDYW_CQQYNNWPPLTF;CARIGFGEYDYGMDVW_CQSYDSSLSVVF;CARGVGATDFDYW_CQSYDSSLSGVVF;CARDPSNWGSFGYW_CQAWDSSTYVF;CARVDGYNYSFDYW_CQQYNNWWTF;CAKEPYGGNSFVYYFDYW_CQQYGSSPGLTF;CAKAEWGGTENYIPYYFDFW_CQSYDNNNLIF;CARSHCSSTSCYPNYYYGMDVW_CQQSYSTPRTF;CARDFGERYCSGGSCYSFDPYYYYGMDVW_CLQHNSYPWTF;CAKEYPGPGQLDDAFDIW_CQSYDSSLSGKVF;CARVDTAMVTGLAISPPWDYGMDVW_CQQYNSYPWTF;CAKDIGDGSGSNSQKRDYYYGMDVW_CQQSYSTPRTF;CATDPYNSGWFASLKNQVLYYW_CQQSYSTPQTF;CAREHTGGWLQRYIDYW_CQSADSSGTYPRVVF;CARGYCDSTSCYAVGYFDLW_CQTWGTGIVVF;CARDPDPNWSKDWFDPW_CQQYNNWPPLTF;CAKGRYSFGLDNFDYW_CQQDGNSPTF;CASRAVQSSGWRQDYYYGMDVW_CQSYDSSLSGVF;CAREASEGPW_CQSYDSSNSWVF;CARLGGYSSRGNWFDPW_CQQSYSTPPYTF;CARDPHHTFGGVLVW_CQKYNSARTF;CAGYYYDSSGYLSSFDIW_CQSYDSSLSVVF;CARLPYRYSGSSNDAFDIW_CAAWDDSLSGPVF;CARAGYGDYVGDFDYW_CQSADSSGTYVVF;CARDYYGSRSDSGMDVW_CQQSYTTPYTL;CAKDGREAAAGTDYYYGMDVW_CQAWDSSTVVF;CARDSPGWGSSGFYYGMDVW_CQQYGSSPRYTF;CARVSGDTMIVVVHRDGMDVW_CQQYNSYSVTF;CAKNLATTGSHW_CLQDYNYPRTF;CAKDGGRGVVIIFYFDYW_CQQYGSSPITF;CARGIAVVTLWGPFDIW_CQQYNNWPRTF;CARDRWVPAAVPHYYYYGMDVW_CQQANSFPLTF;CAREGAAGPPPGHYYYYGMDVW_CMQALQTPFTF;CAKQGHFTDTKRIDYW_CQQYDSYPITF;CAVIPVTGQEASLSAEYFQHW_CQQSYSTPFTF;CARDSPSSGSYGLFDYW_CQTWGTGIRRVF;CASPGGGLLWFGELFRSYFDYW_CVLYMGSGFWVF;CAHRPVSDDILTGYRYNWFDPW_CQSYDSSLSGSVVF;CARGFIGYNFDSW_CQQSYRTPITF;CAREEGYCSGGSCEYNYYYGMDVW_CQQYGSSLITF;CARGRRVFLALSYW_CQQYGSSPHTF;CARGAGRIGQVDVW_CQQYNNWHTF;CARGYYDSSGQSLDYYYYGMDVW_CQQYYSYPFTF;CARTGKNGSGSYWFDPW_CQQYRTF;CARTDIVATPDGGFDYW_CQTWGTGIHVVF;CAREGFYYYGSGSVSGGNWFDPW_CQVWDSSTVVF;CAKVPLGWGAAGGAYFDYW_CQQYGSSPATF;CARVGCSGDTCYSYDWFDPW_CGTWDSSLTAVVF;CARGGILTGKLSDYW_CQQYDNLPTF;CAHGLTGYYTYYFDYW_CQQYYSFPPTF;CARQVGANPFADYW_CAAWDDSLSGPVF;CSVYDAERGYFDYW_CCSYAGGDTSYYVF;CARLYGDYGDYW_CNSRDSSGNLFVVF;CARPYSSSWSPMDVW_CQSYDSSLSGHVVF;CARDKGYSSSWYIRSSWFDPW_CLLSYSGARLVF;CARAVCGDDCYLLDSW_CAAWDRSLGAVVF;CARTTTVVTGDAFDIW_CQSADSSGTYPVF;CAKGRGDYYYYGMDVW_CQQYDNLPITF;CTTGGALNYW_CQAWDSSTACVF;CARDLTTRDYSDAFDIW_CQQYGSSPRTF;CARAGLEINTPDSSGYYYGGGYFDYW_CQQYDNLPPRRFTF;CAKDHGYDFWSGYSDAFDIW_CQQSYSTPLYTF;CARESGYTNYYYYGMDVW_CQQYNSYPLTF;CARKYQLPYYYGMDVW_CQQSYNTPDTF;CARDSTYYYDSSGYPVSDAFDIW_CQQSYSTRRYTF;CAREVYSSSTNWFDPW_CQVWDSSTDVVF;CARANAEYSSSLLFDYW_CQSYDNSLSAYVF;CAHSPYDYVWGSYRQSWFDPW_CQAWDSSTVF;CTTIYYDILTGDYW_CMQALQTPITF;CARLDYDFWSGTPERMDVW_CQQYGSSPPWTF;CARVRKNWNYDLDDWYFDLW_CQVWDSSSDHYVF;CATRRVRGEGLAYW_CQQYNSYSRTF;CARNYDSSGYYVPPYFDYW_CQQYNNWPPYTF;CARDPANYFDYW_CQQSYSTLWTF;CAREESSSWYRYW_CQQYGSSPLTF;CARIVQGGSYLSGGIDYW_CMQSIQLLFTF;CARDRLIIRFLERPNWFDPW_CCSYAGSSTPVF;CAREYSNNWYFFDYW_CQQYAGSPLTF;CARVSGVGTSFAGFDPW_CQSADISATVF;CAREPTPRYSGSYRGFNYFDYW_CQQYYSFPLTF;CARAADYCTSASCPNEYFQHW_CQSYDSSLSVF;CARGRMTVHNDDSGFPEYLYYYGLDVW_CMQVMDNPRTL;CATSRVAVAGVDYW_CQSYDSSLSGVVF;CARDLGIAVAGRVEGYFDYW_CCSYAGSYTLVF;CARDVSNVLVIAVSPSWFDPW_CQQTYSIPYTF;CARDAPDRGSSWYSALFDYW_CQQYNNWPPTF;CARRDGGYCSSTSCSFDYW_CQQYNSYSPTF;CARAEIFGVVIQAFDYW_CQSYDSSLSGSVF;CVKKVIGFDDW_CQQSDTFGYTF;CAKGMDGSGSYYNKDGMDVW_CQAWDSSTGVF;CARVNGLLGEYYYGMDVW_CMQALQTPPNTF;CAKDWAVGWEFVDSW_CQQSHTVPLTF;CARDEGAAAYFDYW_CCSYAGSSTCWVF;CARAAGYCSSTSCYEIYYYYGMDVW_CQSYDSSLSVPF;CTRSYVLRFLEWFSPFDYW_CQQYGSSLWTF;CASSGSYQGNWFDPW_CQQSYSTPYTF;CARSPPRYDLSLVDAFDIW_CQQYNSYSTTF;CARETIAAAGSNFDYW_CQQSYSTPRTF;CARVSGYSYYFDYW_CQQLNSYLLTF;CATYIAAPRDYYYGMDVW_CMQALQTPYTF;CATGKTYSAPHAYYYFDYW_CQQANSFPRTF;CAKEVHSSGFDYW_CQSADSSGTYPWVF;CTTDHIVVVTAMIFGYYFDYW_CQQLNSPLTF;CAREGPTVTKFDYW_CQSYDSSLSGSVF;CEVKAAAGNFYW_CSSYAGSVVF;CAKDIEGGSGYYLTPGGFQHW_CCSYAGSSTFVVF;CARDAMAIGDYYYYGMDVW_CQQLNSYPSLTF;CARREGAGYDILTGSYYYYYGMDVW_CLLYYGGAQLGVF;CTTRLWRISQYYYDSSGYGHFDYW_CQSADSSGTYVF;CARTTLLAAAIDYW_CQQYYSFPYTF;CARAKAARPTPTYYYYYYGMDVW_CQAWDSSTGDVF;CARSGYDSSWVGYDFDYW_CQAWDSSTPVF;CAREGLEIDAFDIW_CQQSYSTPWTF;CAHTSAYYDSSGYYPPFDYW_CQQSYSTPLTF;CARATQDSSGWYGFWYFDYW_CQQYNNWPPTF;CARMLVVVAATGYYYYGMDVW_CQQYGSSQTF;CAREAYDSSAYSTIDYW_CQTWGTGIHVF;CATSLVVVPAAILRGGVGGHYYGMDVW_CGTWDSSLSAVVF;CARSAGSSGSFEYFQHW_CQQYGSSPLYTF;CARRLFLYSSSGYYFDSW_CQQASSFPPLSF;NA_CQQSYNTPRTF;CARGGGAVAGTIDFHYW_CCSYAGTDLWLF;CAKDRGYYDSSGYYYSDYGMDVW_CQSADSSGTYVF;CAKDGFGGASDHW_CQHYDRSPWTF;CARAIQMGCSDGSCLW_CQQYDNLPSYTF;CARKGRWLPDGDDAFDIW_CQQYYSYPLTF;CARAGLRSWFDPW_CMQSIQLPNTF;CARHSYGAYYYYGMDVW_CQQYGGSPLFTF;CAAGVMTARYDYW_CQQSYSTPLTF;CAHFMTTVTTGYFDPW_CIQVRQTPFTF;CAREGGGDILTTYYYYGMDVW_CQQYGSSTRALTF;CARGFGGGDYRSMDVW_CQQLITYPITF;CARTTYGGNSLNWFDPW_CQVWDSSSDHPVF;CARGYGSGNYYYYGMDVW_CMQALQTPWTF;CARSNYDILTGLDYW_CMQALQTPYTF;CAREDSGSYGYFDYW_CQQYNNWPQTF;CARRVLYYRFDPW_CNSRDSSGNHLF;CARGDYDYVWGSSPDAFDIW_CMQGTHWPLTF;CARDVRGYYYDSSGYSGEGYWW_CQQSYSTPYTF;CTRDRYSSSWYKGLYYYYGMDVW_CQQSYSTPYTF;CARVFFRVVYAMAYW_CQQYNNWPPMYTF;CASSLRYFDWTVNNWFDPW_CQQYGSSPQTF;CTRGYCSSTSCYTGWFDPW_CQAWDSSHVVF;CARDGRWELLGNQHW_CCSYAGSSTYVF;CARVYYDSSGYYYFDYW_CQQSYSTPWAF;CARGRVRWELLGDDAFDIW_CQQYDNLPLTF;CCTYVFVGIVPTIVDYW_CQQYNDWPPAGTF;CARDIQYYYDSSGYDAFDIW_CQQSYSTPWTF;CATSWGIAALYGMDVW_CNSRDSSGNPYVF;CAKDYPVAGDLDAFDIW_CCSYAGSSTWVF;CARANWDNWNDGLDYW_CGTWDSRLSSYVF;CARAGYCSSTSCSKEDVW_CQQSYSTPPRTF;CAREPLGGDYYYYYYGMDVW_CQQYGSSPTF;CARLSLRARFRGAFDIW_CCSYAGSYSVVF;CAHSLPSDIDYYYDSSGYSPSPPLFDYW_CQQYNNWPLTF;CASGYGGKTYYFDYW_CQQYGSSPGTF;CLGRELGHSW_CLQHNSYPWTF;CTAVLRYFDWLLMEAHENYYYYGMDVW_CQSADSSGGVF;CARDRSRWEFLYYFDYW_CQQYGSSGYTF;CARARYYDSNSYSYAW_CQTWGTGIWVF;CARLDYYDSSGYYDW_CQTWGTGIPVF;CARDYIAVAGPGENWFDPW_CQQSYSTRTF;CARDRGGYGVRWFDPW_CQQYDNLPPTF;CARRGNAIFGVVTHYYYYGMDVW_CMQALQTPLFTF;CSNYDILTGYYWFHYW_CQQYNNWPFTF;CASSFLDTSIVEYYFDYW_CATWDDSLSGLF;CARIVVVVTSRWFDPW_CQVWDSSSDHYVF;CARSLEWLDDYW_CQSYDSSLSGSVF;CARDAYGGYSFYYYGMDVW_CQQYGSSPFTF;CAGGSGSYYHLDPW_CQQANSFPYTF;CARPRLDYGDYGAGLGYW_CQKYNSAPFTF;CARDRGLRKKYFQHW_CQQYGSSPSTF;CVSQLYYLDGRGYYYDYYYDYW_CLQHHDYPWTF;CTTVSPYGDYVGVYFDYW_CQQYYSYPPTF;CAKDFMEYYYYGMDVW_CSAWDSSLSAVVF;CARSPGSGSYTW_CQQYGSSPLTF;CARLPYAGGPYYYYGMDVW_CMQRIEFPFTF;CARGKPRSLELWSFYYYYGMDVW_CQQSYSTPPTF;CAMGGYDSSGVQLDYW_CAAWDDSLSGYVF;CAHRYCSSTSCYGLGDWFDPW_CQSADSSGTYLVF;CARHSEGLGPVDYW_CGTWDSSLSAWVF;CARAIFGVVSVMGFDYW_CMQALQTLTF;CAKSMKSFDYW_CQQSYSTPLTF;CTTEGGDGYNSFDYW_CQQYDNLPITF;CARDTTYGDYYYGMDVW_CQSADSSGNWVF;CARDGKGYSYGSGNYYGMDVW_CQQSYSTLYTF;CAHRTTTYYFDYW_CQQYNSYPYTF;CTTDLVWFGELANAFDIW_CLQHNSYLPEWTF;CTRGGTLGARSGYYDYYYGMDVW_CQQYNSYPLTF;CAKDEGRVVAVAGTGEHAFDIW_CQQYNSYSPTWTF;CAKDITIFGVVISHLDYW_CLQDYNYPLTF;CARTYYYDSSGYRNAFDIW_CQSADSSGTYPVVF;CAKCFYYDSSGYYYYYYGMDVW_CCSYAGSSTLVF;CARDLLSISGSPFDPW_CQQRSNWPPGGGGLTF;CARGGINGGAYFDYW_CQQYGSSPWTF;CARDRGPAGLDYW_CQQSYSTRYTF;CARRGYYYDSSGYYYDWFDPW_CNSRDSSGNRVVF;CAKGLNTAMVSYYFDYW_CVLYMGSGIWVF;CAKDIREGWSSGYYPVLDYW_CQVWDSSVVF;CAKDSPSGYYYYYYYGMDVW_CQQLNSYPITF;CARDRIAAADHNWFDPW_CAAWDDSLNGWVF;CARDIGGIAAAGSPPSAFDIW_CQQYNSYSTF;CAHSYYYGSGRGGWFDPW_CQSADSSGTYVF;CARDGSSSIFDYW_CNSRDSSGNHVVF;CAKPLRFGYSSSSCFDYW_CSSYAGSNNYVF;CAHTGFESLDYW_CQSYDNSLNGLGVF;CARDEDYYYDSSGSVDYW_CQQSYSTPWTF;CARQIAAAGPENWFDPW_CQSADSSGTYLVF;CARGLPVDVW_CGTWDSSLSAGHVVF;CARLIYYGSGRFGAFDIW_CQQYDNLPWTF;CARNEITIPLDVW_CQQYGSSPLVTF;CTTDHGDAYNYRW_CQQYGSSPRTF;CARDHRMNIAVAGTNWFDPW_CQKYNSAPLFTF;CARALREEQWLNNAFDIW_CQQYYSYPTF;CAHRPPYYDSSGYLSW_CQQYGSSLWTF;CARHYVDTAMVINQYYFDYW_CQSYDSSLSDVF;CARDNYDILTGHYGMDVW_CAAWDDSLSGLYVF;CAKDSSSSDWFDPW_CQQYYSYPLTF;CARDYVAVAGTLDYW_CQQYYSTPYTF;CTRDLAYSNYEPPNHNWFDPW_CLQHNSYPLTF;CARERYYYYGMDVW_CYSTDSSGNHGVF;CAKEGITGYYYYYGMDVW_CQQSYSTPHTF;CAKVALRYFDWLPPYFDYW_CQQYYSYPQNLTF;CARAHDSTGYQDFDYW_CQQAKSFPYTF;CARVGVYGSGSYLVGGDYW_CQQSYSTPWTF;CARGPYYGSGSGEFDPW_CQQYYSYPLTF;CARGSCYSSACYYYYGMDVW_CGTWDSSLSAVVF;CARDFDAAEGAFDIW_CQVWDSSSDPTFYVF;CARGAHSSGYYIDYW_CQQYYSFPFTF;NA_CHQYNNWSSWTF;CAREQDFGGNPFDCW_CMQVLHIPRAF;CARGTMVRGHYYYYGMDVW_CQQSYSTPLTF;CARGYSYGYLDWFDPW_CQSYDSSLSGVVF;CARAAPYSSSSLDYW_CQQSYSTLTWTF;CARRRITMNDYFDYW_CQSYDSSLSGVVF;CARGPDGGAFDIW_CQRGLTF;CARDLIARTALTYYYYGMDVW_CQSYDSSLSGGVF;CARYGVYGDYPGALFDYW_CAAWDDSLSGLWVF;CAKDRRGCSSTSCYTFDYW_CQQSYSTLSF;CARVSGYNSYYFDYW_CQQSYSTPRTF;CAAPSPRFTSSTGGGMELPLHVW_CCSYARGSSLVF;CAKDARWRPRVASIDALDIW_CQQYNNWPRTF;CARHIERYCSGGSCYEALDYW_CMQALHPITF;CASYLEMATRYYFDYW_CLQHNSFWTF;CARVTRVTQSNDFWTSYYTDCFDAW_CYSTDSSGNHKVF;CARLYSSSWTNYFDYW_CQQYYSYPLTF;CARGTVYSVPGGHYGDYVRDPKYYYYGMDVW_CQSADSSGTWVF;CARGAAGVRGPIGYW_CAAWDDSLSGWVF;CARVAVAGTTNWFDPW_CQQANSFPYTF;CARVLGGPGATTFDYW_CLQDYNYPWTF;CARTPVSTSYDSPGWYSSGWFFDYW_CQTWGTGIHVVF;CARTMVRGVTPADAFDIW_CQQYNSYSSTF;CAKSMGATILHAFDIW_CQQYNSYPLTF;CARANSGSYSFFFLRLDYFDYW_CQQYNNWPLTF;CARAAGTGGYYYGMDVW_CVLYMGSGISVF;CARAGQFGDSYYYYYYGMDVW_CLQDYNYPQTF;CAHFTKRPTDAFDIW_CNSRDSSGNHRVF;CAAGFGLSGSYIHYYYYGMDVW_CQQYGSSPPLTF;CATDNWNFGADSGFGYW_CMQGTHWRTF;CARVLGSFSFGYDGFDIW_CQQLNAYPTF;CARDPGIAVAETVYYYYYYGMDVW_CMQALQTPPTF;CARTVGAGYKIGKGYFDYW_CQAWDSSTVVF;CARDQDLAALNYW_CGTWDSSLSAKVF;CTTENVLLWFGEPEYYYYYYGMDVW_CQSADSSGTYAVVF;CARSLFEGTVMAFRAEHMDVW_CQQYKTFFAVSF;NA_CQAWDSSTVVF;CARPPSHDSPMYHYW_CQSADSSGLWVF;CARDTMWWSYGMDVW_CCSYAGSGEVF;CARLRRYSSGYYYIAGDFDYW_CQSYDSSLSGVVF;CARDKGGTTVTTSNWFDPW_CQQYDNLPLTF;CARDGGGYYQKKGYFQHW_CGTWDSSLSAVVF;CARDDIVVVPAAIDYW_CQSYDSSLSGPYVF;CARKFDCW_CQQYGTSLPVTF;CARGVLRFLEWLSNMDYYYYGMDVW_CMQALQTPRALTF;CAKDGSYYDSSGYSDYW_CQQYNNWPPWTF;CAKDKSYSVEYW_CMLFMGSGIWVF;CAKADVRSNWNDMHFDYW_CQAWDSSTVVF;CARATPRGYGGNSLNWFDPW_CQQYNSYPFTF;CAEGYQLPGLYYW_CNSRDSSGNHLF;CARHAGSGSYYFWFDPW_CQQYGSSPYTF;CAKDLQIGYCSSTSCRNAFDIW_CQQYGSSPPRVTF;CARGRGSYFDYW_CQQYGSSLWTF;CARTCSSTSCYTYGMDVW_CQQYNNWQYTF;CAHRGYSYGPLFDYW_CLLYYGGAQLVF;CARLPTLRYGSGSYYNGALDYYYGMDVW_CMQALQTPLTF;CARSIAAASPFDPW_CQQYDNLPPTF;CARGPPYGHLGYW_CQQYNNWPPITF;CAKDILGGGYFDYW_CQTWGTGMGVF;CAKDASYGYLFEYWYFDLW_CQQYNNWPPWTF;CARFGAKNYYDSW_CQQYNNWPGTF;CAREKWLRPQLDYW_CQQYGSSPKTF;CVKGPYYDGSGNSFGRKAFDIW_CQQYGSSPYTF;CARGASKGNQPALHYGMDVW_CQQSYSTPPAF;CATTLASPTHDYGDYEGGYMDVW_CQQYGSSPLTF;CALGIDAFDIW_CQQYNNWPKTF;NA_CQSYDDSLSGTVF;CARGFYYGSGSPLSGMDVW_CQQSYSTPRTF;CAKDPAASGSPWYFDYW_CQQYYSFPRTF;CAREVSRQSGSRPIKWFDPW_CQQSYSPPPLTF;CTPSLETYGDYALGYYW_CQSADSSGTYPYVF;CAKDFGGPLQFDYW_CQQYGSSPRTF;CAKDMLFSNNYW_CQTWGTGINWVF;CARDENHLYYGDLAYW_CQQSYSIPRAF;CARGSRLLLWFGELKVGPGFDPW_CQQYNSYWTF;CAMKGGRDGYNTRVYYYYGMDVW_CCSYAGSSTPYVF;CAKDIGPTNCSSTSCHAYYYYGMDVW_CQQYNSYSTF;CWRDRREAPIEMEVASTRG_CMQSTHWPYTF;CTRHTHCSGGSCYDAFDIW_CQQSYSTPRYTF;CAREPPHGSGTDYNWFDPW_CQSYDSSLSAYVF;CVKDLYDTGSYYYFDYW_CSSYTRSSTLVF;CSRHEGVGGNSDYW_CVLYMGSGISMF;CARNHDYGDYMFGGMDVW_CQSADSSGTYVF;CTTSGGDW_CMQSIQLPRTF;CARDRTSFGYSYGNIDYW_CQTWGTGILVF;CAKDELASYGGVGYYW_CQSADSSGTYFWVF;CAREPKHSGYCSSTSCYIGNWFDPW_CQSYDSSLSGNVVF;CARASWDSSSWGLGFDPW_CQAWDSSTGVF;CARTRVRGVISPFDYW_CQQANSFPPTF;CTREYYDFWSGDYW_CQQYDNLPLTF;CARDGGRGSGWSTPDYW_CNSRDSSGNHVVF;CARHYDFWSGDNPYWYYYYGMDVW_CQQYGSSPPWTF;CTTTTADIVVVPAAIQTVDYW_CQQYDNLPLTF;CAIMVRGVIGSYYYYGMDVW_CQQSYSTTWTF;CAKDNGYGGNSLQHW_CCSYAGSSTLVF;NA_CQQSYNTLWSF;CARARYRRDGYHNLYAFDIW_NA;CARGFSETGPGYKRFYYYFDLW_CQQYGSSPQTF;CARVKGDYYYYYGMDVW_CMQALQTPHTF;CARDPPLYSSGWFTGDYW_CQQYNSYPRTF;CAKDGGEHRGNDYW_CQVWDSSSDHYVF;CARGYDFWSGYLPHYGMDVW_CQVWDSSSDHPGVF;CARETKQYIDYRSPTVGRPYDYYYGMDVW_CLLFYGGAQLGVF;CAKGVWESTTEDAFDIW_CQQYNSYSPFTF;CAKDQGYCSSTSCYPYYYGMDVW_CQAWDSSTVVF;CARLGGYDSTFDYW_CSSYTSSSTYVF;CARVAAAGTYFDYW_CQQYGSSPETF;CARINQHGSGTYSPDYYYYGIDVW_CMQALQTPMYTF;CARKSIAAAGLPYYYYYGMDVW_CMQALQTRFTF;CAQGGYSYGYYDYW_CAAWDDSLNGVVF;CARQRGGTAVPVYYFDYW_CQQYGSSPLYTF;CARALYYDSSGYQPNRYYFDYW_CQSYDSSLSGYVVF;CTRALNSNHFDYW_CQQANSFPLTF;CARVTDPDAFDIW_CNSRDSSGNHYVF;CARSAWHPAATGGMDVW_CLQDYNYPYTF;CARVSLVVPQQFDYW_CQAWDSSTVVF;CAKVPGYSTGWYYFDYW_CQQCDSSPEWTF;CAKDSTCSSTSCYRGYYYYGMDVW_CQQYYSYPITF;CARGRNGGNRFDWFDPW_CQSYDSSLSGSGVF;CARGKNWFDPW_CQQYGSSPLTF;CASGYSSGRPDYW_CQQYDNLPITF;CARLSDGDYTFDYW_CQQYNSYWTF;CARGGTAGYSYGYAYW_CQAWDSSTAVVF;CAKDIVVVPAAPITLYYYYGMDVW_CMQALQTSFTF;CARWRLYYDSRGYYYGMFDYW_CQQSYDTPLTF;CARSRRIVGATSFDWFDPW_CQQYNSYSRTF;CASEDSGYGGGFDYW_CQSYDSSLSEGVF;CAHGRDYDSSSLPFDYW_CQQYNSYPYTF;CARAGAYYYGSAIDYW_CQQYGSSPGLTF;CAKGSSHSGGWFDPW_CQQYNSYWTF;CARDLLRAYSSSSTSSIDYW_CQQYYSYPRTF;CAKDVSGYLDAFDIW_CGTWDSSLSAGWVF;CAREGSRYFDYW_CQVWDSSSDHYVF;CASHDSSGYYLLDYW_CQVWDSSSDHVVF;CARYCSSTSCYTTYYYYYYGMDVW_CQQYYSYPLTF	0	NA
17	1	CARHGINYYDSSGYSGNDAFDIW_CQQYDNLFTF	8	1	CARGTPGWYW_CQQYGSSPTF	0	NA
17	1	CARHGINYYDSSGYSGNDAFDIW_CQQYDNLFTF	9	14	CARSGTTYYDILTGYYNYW_CQQYGSSRWTF;CARGNDYYGSGEFDYW_CSSYTSSSTLVF;CARDGDTAMVINYFDYW_CQSADSSGTYWVF;CARGKGEGRYYYDSSGYYYFDYW_CQQRSNWPPLTF;CARNKQHIVGATLHTHYSNWFDPW_NA;CARTSRGLIAAAAAVDYW_NA;CAKRGGLMVRGVAVDYW_CQQYYSYPWTF;CAKGGWFGELLFRLDYW_CQQYDNLLTF;CARRLAYNGNWDYGDFDYW_CCSYSKTATF;CARERPRGAAETW_CQAWDSSTWVF;NA_CQQRSNWPPYTF;NA_CCSYAGSSTVVF;CARDSKQQLADNWFDPW_CQAWDSSTLVVF;CARLWVFLTMVRGPDFDLW_CHQSSSLPLTF	0	NA
17	1	CARHGINYYDSSGYSGNDAFDIW_CQQYDNLFTF	15	98	CAKDFHRLTLLRYCSGGSCYSAFDIW_CCSYAGSSTYVF;CAKRPDTTGRSWYFDYW_CQQYNNWLWTF;CAKFDIAAADTGKGEDYW_CMQGTHWPPLTF;CAKDSLFDRIILIATDIW_CAAWDDSLNGWVF;CAKYPSFSSRRWYFDLW_CQQYNNWPPPYTF;CAKLPSYSYGPFDYW_CQVWDSSSDHPVF;CAKDRQQLVIDAFDIW_CQQANSFSYTF;CARRRYYGGNSNKGWYFDLW_CQQRSNWRTF;CAKVLGFGPHYDILTGYYPFDYW_CQQSYSTPLTF;CASVQWLVDYW_CQQSYSTPMYTF;CAKDQSPSAKNGDYVSFDYW_CMQALQKTF;CAKDLRFLEWLLPYYYGMDVW_CMQALQTPWTF;CAKDPNYWRYFDWLTGYYFDYW_CQQRSNWPPWTF;CARDGGFGGSWLDPW_CQQRSHFRTF;CAKGEQFIAVNNWFDPW_CQQRSNWPITF;CAKDIRGNSWYGDSEGIW_CMQGTHWPYTF;CASGMVDFDYW_CMQGTHWPPTF;CAKGDSRYWYFDLW_CQQRSNWPLTF;CARGSISSQRWFGPW_CQQYNYYYTF;CAKWGHSSWYDNWFDPW_CQSADSSGTYVVF;CARGGAVLRYFDWEPQGPLEDNWFDPW_CQQRSNTWTF;CARNMASGMDVW_CQQRSNWPLFLTF;CAKMGASRWGPSYYFDCW_CQQYGSSPRTF;CAHRPLDILTGYRVDYFDYW_CQQSYSTLGTF;CAKDHPTNWFDPW_CQQYYSYPRTF;CAKAQNYYDSSGYYPFDYW_CQVWDSSSDHSVVF;CAKAPESSAYYGPDYW_CAAWDDSLSGHWVF;CAKGATSCAYW_CQQSYSTPRTF;CARGRLGGYSLPGFDYW_CNSRDSSGNHVVF;CARAIWYYDILTGYYSYYGMDVW_CSSYAGSNNLEVF;CARARGDFWSGYTHWYFDLW_CQQRSNWPPWYTF;CAKASARYCSGGSCYGTAFDIW_CQQSYSTPVF;CAKFHDSSGYYYLYGFDYW_CQAWDSSTYVF;CAKGAAASRTDYW_CQQSYSTPPYTF;CAQTGILTGYPRVGNAFDIW_CQQRSNWLGFTF;CAKDEWERGAFDIW_CQQYNSYSPWTF;CAKADLLYSGSYGAW_CQQSYSTPYTF;CAKDGIVVVTAIKFGHGMDVW_CQQANSFPYTF;CAKRLDYW_CMQATQFPYTF;CANISPPPRYYGSGSYYNFAFDIW_CQQLNSYPFTF;CAKDYDSGSYYEGGAFDIW_CQQRSNWPLTF;CAKEDYNSGSCLDYW_CQQLNSYPQVTF;CAQIAAAGTMGFDYW_CQQRSNWPSLTF;CAKVRGIVGATPCYFDYW_CQVWDSSSDHPVF;CTTEVCSGYDCDLGDYW_CQQRSNWPTF;CARSVDTAMGNAHDW_CQQYGSSPPTF;CAKDRGYRGDYSNWFDPW_CQQYNSYPRTF;CARDRPPYSNYVIYGMDVW_CQQRSNWPPLTF;CAKPSIVATIWAFDYW_CQQYDNLPPITF;CARDHKQWRVSYVWFDPW_CQQRNTWPRPTF;CAKGRYSSSWYEDWYFDLW_CQQRSNWPPLTF;CARDISKGAAGTGDWFDPW_CQQRSNWPLTF;CAKDAEGQGPVLLWLGGMDVW_CQQYNSYSYTF;CATGIAVAGTLGYYGMDVW_CQQYNNWPRFTF;CAKGTHYYGSGSMWGMDVW_CQQRSNWPPYTF;CAREGEITMIVANDAFDIW_CQQSYSTPPTF;CATSDWSW_CQQRINWPITF;CAKASVAVAGTGGMDVW_CQVWDSSSDHVVF;CAKFFVVLSFWSGYYDYW_CQQLNSYPQTF;CAKGRNFVVVTAICDYW_CQQYGSSPLTF;CAKSLKLFAIDYW_CQSADSSGTYWVF;CANDRDASSAWYGPVGYW_CQQHYSTPGTF;CAKGGYCSGGSCPLDYYYGMDVW_CMQALQTPLTF;CARARSSGWYHYW_CQQRSNWPPTF;CAKDHDEGATTYFDYW_CQAWDSSTVVF;CAKDSRYSLLIAVAGTEDYW_CQQRSNWPWTF;CAKDRGPAEKYYYDSSGTQLIGAFDIW_CQQYYSYPPGTF;CAKVEGIWFGELSDFYYYYGMDVW_CQQRSNWPLTF;CAKALHAAVVGPAAIPFDYW_CSSYVGSNNYVF;CAKDHLMITFGGVGQGVPWFDPW_CQKYNSAPRTF;CAKAEGVKYNWNYGDYW_CQQSGSSPPTF;CATDLNLAVAGEGGYW_CQQRSNWPLTF;CARDSYDFWSGYTPPNYYYYYGMDVW_CQQRSNWYTF;CAKETLGAVDYW_CCSYAGSSRVF;CAKAAMVRGVIDWYFDLW_CQQYYSYPPFTF;CASATTVSHW_CQQRSNWPLTF;CAKGGGADFDHW_CQQYSIWPLSF;CAKDRDGYNADDAFDIW_CQQSYSTPLTF;CAKSYGSGSYYRTSEYYFDYW_CQQYNNWPPGTF;CARDCSSTSCLAYW_CQLRSNWPTF;CAKRDSSSWGWDRGAFDIW_CQQLNSYPGFTF;CAKGFDYYGSGSYSPFDYW_CQQYNNWPPEYTF;CARHEKGIAAAVYYFDYW_CQQRSNWPLTF;CAKDGRWELGTFDIW_CQQYDNLPQF;CAKDRRLGPWIPDYW_CQQYDNLPQAF;CAKDVTDGYNIPYYFDSW_CQQRSNWPLTF;CAKDRCTITSCSYQNW_CMQALQIPPTF;CAKDRSFDYPDYW_CQQYYSFPYTF;CTSWAIPQALTDYYYYGMDVW_CQQRSNWPPSITF;CAKLGEEDGSGSPSYYYYGMDVW_CQQYNNWPPLTF;CAKILYSSGWWGGAFDIW_CQQYNSYPLTF;CAKDDDRGYGWFGELLGRYGMDVW_CQQRSNWLLTF;CAKDKASSWQDRYYYYGMDVW_CVLYMGSGIRVF;CAKVGVGATSHFDYW_CQQSYSTPRYTF;CAKDLPRSVVVTANSYYYGMDVW_CQQYNSYPVTF;CTTPTWGNYYYYGMDVW_CQQRSTGRDTF;CARVFRRYGSGSYYNLW_CQQRSNWLTF;CARDPGDYVEIEWYFDLW_CQQRSNWPRLTF	0	NA
17	1	CARHGINYYDSSGYSGNDAFDIW_CQQYDNLFTF	16	68	CARQVGVGKWYLEDW_CCSYASGDNLVF;CARLIKYSGSYEMVDYW_CAAWDDSLNGYYVF;CARGGFITMIGYGMDVW_CQQYDNLPFTF;CARDLRWCSGGSCYGNYYGMDVW_CAAWDDSLNGQVF;CARDGRDYYDSSGYYYDDAFDIW_CQSADSSGTVVF;CARDHPLMVRENLGFDPW_CAAWDDSLNGPVF;CARDLRNYYDFWSGSPNPKINWFDPW_CQKYNSAPLTF;CARDLPAARYGDYGGFDYW_CAAWDDSLNGVVF;CARDLFPIQYGSEPYGMDVW_CQQYGSSPRTF;CARDIGPLDVW_CQVWDSSSDHRVF;CARDQGDGDYGAFDIW_CQQSYSTSSWTF;CARILEIVDPSGSYQYYFDYW_CGTWDSSLSAVVF;CARDGHYSGSYYVGYW_CCSYAGSYTYWVF;CAREEYSSSWHPYYFDYW_CGTWDSSLSAYVF;CAKDFRGWFDPW_CATWDDSLNGWVF;CARDRSGGSWFDPW_CVLYMGSGVF;CARASTAAYYYYYYGMDVW_CAAWDDSLNGHVVF;CAHHLSFGGNWAFAHW_CAAWDDSLNGSYVF;CASNLGYCSSISCYGFDYW_CQQYGSSPLYTF;CAKELPYYDSSGGPEYW_CAAWDDSLNGWVF;CARGEDYYGSGSYYGMDVW_CQAWDSNTVIF;CARVLGITGTTRRFDYW_CQQYYSYPFTF;CARDREQLAPFDYW_CQSADSSGTYVF;CAKDLIDTMIVVVITPPFDYW_CAAWDDSLNWVF;CARGGHLWSEEVMNRFYYYLGMDVW_CGAWDGSLNGYVF;CARDGYSGYDRADYYYYYGMDVW_CQSYDSSLSGSRVF;CARDHIAVAATPAEYYYYGMDVW_CQAWDSSTVVF;CARARDRQGAYYYGSGSYVPYYYYGMDVW_CCSYAGSSPWVF;CARQNFDILTGYSIDYW_CAAWDDSLNGLYVF;CARDNSGSYVVEYYFDYW_CAAWDDSLNGWVF;CARQYVEWLREMDVW_CAAWDDRLNGWVF;CARNYYYDSSGSGFDYW_CQQANSFPPTF;CAHRHHCSSTSCSPWDDWFDPW_CAAWDDSLNGPVF;CARQNFDILTGYSIDYW_CAAWDDSLNGLYVF;CAKTQVDGKALWFEPW_CATWDSILSGWIF;CARELLWFGEGINWFDPW_CAAWDDSLNGVVF;CARHNTITLRYFDWTKLGYFDLW_CAAWDDSLNGVVF;CARDRYDYGDYPAEYFQHW_CAAWDDSLNGVVF;CAREQLGGFDYW_CAAWDDSLSVVVF;CAIIPLATPVTIIMDYW_CMQSIQLPPQPTF;CAREQQLVPYYYYGMDVW_CAAWDDSLNGWVF;CARDGAGHYGSGSYFGSW_CATWDDSLNGFVIF;CASRTNHYYDIQRHYW_CQQSYSTPGVTF;CARHIMVRGVPPNFDYW_CAAWDDSLNGPVF;CASTGGGSYPILNW_CQQYYSYPLTF;CARGGPYPINSGYYYEVDYW_CAAWDDSLNGRYVF;CARGPNDAFDVW_CQQYARSPPWTF;CAHHASFGGNWAFAHW_CAAWDDSLNGSYVF;CARDRGYGSGSYFSGFDYW_CQQYNNWPPRTF;CARERGMYSSGWYNWFDPW_CQQYYSYPYTF;CARGGDGYNYHPYW_CQKYNSAPTF;CAKDSIPIYDSSGTTFDYW_CAAWDDSLNGWVF;CARDQRSYADYW_CQQYYSYPQTF;CARDLQRGYSYGYW_CAAWDDSLNGVVF;CARDIHGNGALYYYYGMDVW_CAAWDDSLNGLYVF;CARDNIVVVPAAMFEASDYYYGMDVW_CMQALQTPYTF;CARDELRQLVLW_CQSYDSSNPWVF;CARSYGSGSYPRPSPLAWFDPW_CAAWDDSLNGPVF;CARDLIGFGASFDYW_CQQYNNWPPYTF;CARMMGTYYGDHPTIVGYFDYW_CQQYNNWPLTF;CARDGLDYDSNAIDYW_CQQYDNLPYTF;CARHGGDCGLDCYSNWFDPW_CQHWTF;CAREPADSSSLW_CQSYDSSNWVF;CARSGQWLEGWFDPW_CQQYNSYSPTF;CAREGREGGGFDYW_CAAWDDSLSGWVF;CARFVPGGYDGFDIW_CASWDKNLNAFVF;CARDPVPVILGYCSGGRCSPLDYW_CQNYNSAPRTF;CAKDWDDYDSESGVYNYYGMDVW_CSAWDDSLNGVVF	0	NA
17	1	CARHGINYYDSSGYSGNDAFDIW_CQQYDNLFTF	18	55	CARETTPVVTASTYYYYYGMDVW_CSSYTSSSTWVF;CARDWVRGVNDMDVW_CSSYTSSSTRVF;CTRPQRKWELPYPDAFDIW_CSSYTSSSTLF;CARGGAAVTTYYYYFYGMDAW_CCSYSSTNTLYVF;CARDGSGYLEQYYFDYW_CAAWDDSLNGYVF;CARGQGRTTSDYW_CSSYTSSSTLVVF;CARDPITMVRGVIISGWYFDLW_CSSYTSSSTLDVVF;CAKGADPYYDFWSGYSELFPLGMDVW_CSSYTSSSTVVF;CAREFKSFWSGYGDYYYGMDVW_CSSYTSSSTRVF;CARVVDDYYDSSGRYYFDYW_CSSYTSSSTQVF;CARHPFRVFGGWRDYW_CSSYTSSSTLWVF;CTGPDRMAYYDSSGYWEGVLDYW_CSSYTSSSPLYVF;CTRCGSSWTSYTMYDW_CSSYTGSRLYVF;CAKASLYGSGSYPPKYW_CSSYTSSSTYVF;CARDRPALWFGELHGMDVW_CSSYTSSSTLVF;CAKDHWEYYWYFDLW_CSSYTSSSTLVF;CARQISILRLLVWFDPW_CSSYTSSRGVF;CARHSPPRLWFGAFNYYYGMDVW_CSSYTGSSTLVF;CARRIAVAATVTGAMDVW_CTSYTSSSTLVF;CARYYDILTGYYYDYFDYW_CSSYTSSSTSF;CAKDPRLGPYFDYW_CSSYTSSSTRVF;CARILSDYYDSIGAFDYW_CSSYTSSSTPVVF;CARDRVAIMRGIKPNGMDVW_CQQLNSYPQTF;CARELTGDRDYW_CNSYTRSSTYVF;CARVNTMVRGLSTTKYYYPMDVW_CSSYTLSILIF;CARGGLPLGYCSGGSCSRRYYGMDVW_CSSYTSSSTLVVF;CARVEYGDYSGWFDPW_CSSYTSSSTWVF;CARGINYCSGGSCYYYYYYGMDVW_CSSYTSSSTLEGVF;CAREGPSRPAANYW_CSSYTSSSTEVF;CVRDQGSGGNYFDPW_CSSYTSSSLYVF;CARDDYYYDSSGYYPRFDYW_CSSYTSSSTLGVF;CARGSRYSYGDPCFDYW_CSSYTSSSTPVVVF;CARYYQDRFDYW_CSSYTSSSTLEVF;CARGPYDILTGSIYYYGMDVW_CSSYTSSSTLIF;CARDLGWSEGNYYYYGMDVW_CSSYTSSSTYVF;CAYDSSGYSLDYW_CQQYGSSPF;CARDQGTAAKPLDYW_CSSYTSSSTRVF;CARGGYSGYESDYW_CSSYTSSSTRVF;CARSSVGRQWPKGMDVW_CSSYTSSSTLAF;CAKDIRGRMATIMSW_CSSYTSSSTLVVF;CARVELHYYYYYGMDVW_CSSYTSSSTLF;CARGMIVVVMRYGMDVW_CSSYTSSSPVVF;CAKGILRYFDWHLEGMDVW_CSSYRNISTVF;CAKDIVSYSNYVLSNW_CSSYTSSSTQHVVF;CARHGSYLGYFQHW_CSSYTSSSTVVF;CAKDKGPDYYYGMDVW_CSSYTSSSTLYVF;CARSMVRGKYRAEYFQHW_CSSYTSSSTLNVVF;CATLSGMDVW_CSSYTSSSTLVVF;CAREGRPPRKPKNNWFDPW_CSSYAGSNNLVF;CARGYSYGPFDYW_CSSYTSSSTLVVF;CASPITTVTTRGAFDIW_CSSYTSSSTFYVF;CAETSYCSGGSCPMSEYGPVFDPW_CSSYTSSSTPWVF;CAKDCGEPWYNWNDGIGYW_CSSYTSSSTWVF;CARDSRLGGVDPW_CSSYTSSSTRVF;CAKAPGGYNWDNYHYYYFAMDVW_CSSYTSSSTLYVF	0	NA
17	1	CARHGINYYDSSGYSGNDAFDIW_CQQYDNLFTF	20	44	CARDQEYSSGWDGPDYYYYYGMDVW_CQQSYSTPQTF;CARDDRFGGDTLGWFDPW_CQSYDSSLSGSGYVF;CAREGWGLGYCSSTSCYTGPFGYW_CQQYGSSPPYTF;CARDRLDGYNSFYYGMDVW_CQSYDSSLSGSVF;CARDAGRDGNEYYFDYW_CQQYNSYLYTF;CARDRGQWLVREEDYYYGMDVW_CQQYYSTPLTF;CARIWAVAADHSFDYW_CQQYNNWPPWTF;CARDKGATFDYW_CQQSYSTPYTF;CARDRWSLHIVGASPRGPSFDYW_CQQANSFPVTF;CASGSSDRYSSGWYWGYFDYW_CQAWDSSTVVF;CARAEIYGSGSKYYYYGMDVW_CQSADSSGTYYVF;CARGPDRFSGSYDNWFDPW_CQHTRAF;CARDIVRDFDWPGVGYW_CAAWDDSLNGYVF;CARGWSGYSSSLHPYYFDYW_CCSYAGSSTTLVF;CARDLYSGYSYGSAVYW_CQQRSNWPIF;CARESPFGGQSVAVGGTPDYW_CCSYAGSGTFVF;CARGPGYCSGGSCYGMFDYW_CQSADSSGTYVVF;CARGTRRDGYNLIYW_CQQYDNPPLTF;CARAVPARPEYCGGDCYIYYYGMDVW_CQSADSSGTYWVF;CVLYYGSGSYYRFDYW_CQSYDSSLSAVF;CARDSSSPATRHFDYW_CMQATQFPYTF;CARGRGRYYDSSGEW_CQQYNSYPYTF;CARESRPTVTTRTTSGMDVW_CLQHNSYPRTF;CARDIGYSSGWYWTPGVNYYYGMDVW_CQQYGSSPWTF;CARDRGVGARHFDYW_CQQYNNWPPWTF;CGRAAISVLRKMPPTFW_CQQYGSSPYTF;CARETYYYDSSGYYGPHAFDIW_CLLSYSGARVF;CARDSEIFGSSWYSYFDYW_CQQYNSYSYTF;CARTYVWGEVDYYYYGMDVW_CLQHNSYPWTF;CARVYSYGYRYFDYW_CQQSYSTLWTF;CARDGGYSYGYAQGYYGMDVW_CQSADSSGTHVVF;CARDRSAERRGYFDYW_CNSRDSSGNHYVF;CARVKSGGSSSLRQDAFDIW_CQQRSNWPYTF;CAREDSSGWLEFPNWFDPW_CCSYAGSSTYVF;CAREGEQWLDGAFDYW_CQSADSSGTYKVF;CARDGGGWYGLVDYW_CQQYNNWPLTF;CARGNDAFDIW_CQQYNSYSGTF;CARDGKPSKTFDYW_CQQSYSTPLTF;CARDCGGPVTTTTNDAFDIW_CQQYYSYPRTF;CARDCDGGCDYW_CQSADSSGTYRVF;CARGGDYYYGMDVW_CQQYNNWPLTF;CARALSLGPRTYYYDSPQRGHDAFDIW_CQQSYSTSWTF;CARGETYYYDSSGYYWGYYFDYW_CQQYNSYPLTF;CARDQQWLGDFDYW_CSSYAGSNNLWVF	0	NA
17	1	CARHGINYYDSSGYSGNDAFDIW_CQQYDNLFTF	21	37	CARDRDGAFAIW_CAIWYSNTHVIF;CASRVHGLVTVTTGGAFDIW_CQQYYSYPPAF;CARGGDPTWFDPW_CCSYAGSSIVVF;CARAGAVARGYFDYW_CQQYYSFPPTF;CARGRGAAAGTSILNYW_CQQYYSTPLGF;CARGGRVWSQATPTKNWFDPW_CQQYNNWPPWTF;CARKSGPPQYRYFDYW_CQQSYSTPLHF;CARGVGGCSSTSCYTRGYYGMDVW_CQQANSFLTF;CARGVRVAPIDYW_CAAWDDSLWVF;CARGPVYYYGSGSYYYFDYW_CLQDYNYPFTF;CARGTRGRSSGYYSNW_CQQYNNWPPYTF;CARGRSSGYYPHFDYW_CNSRDSSGNHYVF;CARGGRYCSGGSCYNWFDPW_CLQDYNYPWTF;CARVDNVWTTWGYW_CQQSYSTPPTF;CARDRVHDYVWGSYRDLDYW_CQQSYSTLMYTF;CARGPIVVVIAASPYYYYGMDVW_CQQRSNWPPGCTF;CARRYSYGYKRLSGWIWYFDLW_CAAWDDSLNGYVF;CASSGWFDPW_CAAWDDSLSGRVF;CARSLGPEFYYFDYW_CQQSYSTPWTF;CARGMGSSSWYPNTKLVNWFDPW_CQQYYSTPPTF;CARGEYGDYAFDYW_CAAWDDSLNGYVF;CARGTIAVAGKRYYYFDYW_CQVWDSSSDHHVVF;CARALYYDILTGYYPRYYFDYW_CQQLNSYPITF;CARGSGYYVGSYFDYW_CNSRDSSGNHPPVVF;CARDLPAVYYYGMDVW_CQQSYSTLFTF;CARGNTRLRGYSYGLQMARGGYGMDVW_CQQYGSSPGTF;CASSAPPYGHFDYW_CNSRDSSGNHVVF;CARSVTGTMGIYYYGMDVW_CQQYGSSRGTF;CARGRGYYGSGSYFSFSYYYGMDVW_CAAWDDSLNGQVF;CARDRRGYSYGYPWFDPW_CNSRDSSGNHRVF;CARGRVYGDYVFWFDPW_CQQSYSTPLTF;CARAYGMDVW_CQKYNSAPYTF;CARGTRGRSSGYYSNW_CQQYNNWPPYTF;CASLERVRRFYYYYGMDVW_CLLYYGGARVF;CARYNWNLNFDYW_CAAWDDSLNANYVF;CSIHPYYYDSSSHSEYFQHW_CQQYDNLPPAF;CARGSPYCSGGSCYLNWFDPW_CQQYYSYPRTF	0	NA
17	1	CARHGINYYDSSGYSGNDAFDIW_CQQYDNLFTF	22	30	CARDEGIAARTRGETHYYYYGMDVW_CQQYYSTPYTF;CAREPPDLTMVRTKGVRWFDPW_CQQYYSNPLTF;CARDEMVRRDGYNFAFDIW_CQQYYSTPPLTF;CAKDGIVFYGSGSYNDYW_CQQYYETPTF;CARVRGAFGEPPPYNWFDPW_CQSADSSGTYYVF;CARGGLYSSSWSVHSTFQHW_CQQYGSSPRTF;CARDLGARDGYNKFDYW_CQQYYSTPALTF;CAHTPGSGQKGSIYW_CQQYYSTPWTF;CARLGPYGSGSYSPVDYW_CQQYYSNPQAF;CARGAAAGTLDAFDIW_CQQYYSTPLTF;CAADRIRGSSANYDYGMDVW_CQQYYSLRTF;CTRGGGALGNW_CQQYYSIPWTF;CARGPGIYGDYGGGRPGYFDYW_CQQYYSTPPITF;CARGPSRSYNVYYFDYW_CQQYYSTGTF;CARGRGARYDYGYGLVPNYFDYW_CQQHSSSPPTF;CARGPMTTVATPRTQYFQFW_CQQYYSTPWTF;CSKDWAATGREIGYW_CQQYYRTPYTF;CARRDCSGGSTQSLPQRHLTCYYGMDVW_CQQYYSTLYTF;CARDQYSSGWYLGGWGYFDYW_CQQYYSTLRTF;CARGVVGHPHLIDFW_CQQYYHMGTF;CARQDCSGGSCYLDYW_CQVWDSSSDHPVF;CAKGYSSSWYYNYGMDVW_CQQYYSTPTF;CARDRYFGPW_CQQYYSTPWTF;CARITMIGGAFDIW_CQQYYSTPSITF;CVRGGSGTLSWYDSW_CQQYLSSPDTF;CTRDLLVNWNDPGLISYYNSFDVW_CQQYYNSPRTF;CARSDDNGDYVFNYW_CQQYYSTPPTF;CARELASHLGDYFDYW_CQQYYSTPPKTF;CARKARQWEVAIDSW_CHQYYTTPLF;CSVYDSSGYLYGAFDIW_CQQYYSTPLTF	0	NA
18	55	CARETTPVVTASTYYYYYGMDVW_CSSYTSSSTWVF;CARDWVRGVNDMDVW_CSSYTSSSTRVF;CTRPQRKWELPYPDAFDIW_CSSYTSSSTLF;CARGGAAVTTYYYYFYGMDAW_CCSYSSTNTLYVF;CARDGSGYLEQYYFDYW_CAAWDDSLNGYVF;CARGQGRTTSDYW_CSSYTSSSTLVVF;CARDPITMVRGVIISGWYFDLW_CSSYTSSSTLDVVF;CAKGADPYYDFWSGYSELFPLGMDVW_CSSYTSSSTVVF;CAREFKSFWSGYGDYYYGMDVW_CSSYTSSSTRVF;CARVVDDYYDSSGRYYFDYW_CSSYTSSSTQVF;CARHPFRVFGGWRDYW_CSSYTSSSTLWVF;CTGPDRMAYYDSSGYWEGVLDYW_CSSYTSSSPLYVF;CTRCGSSWTSYTMYDW_CSSYTGSRLYVF;CAKASLYGSGSYPPKYW_CSSYTSSSTYVF;CARDRPALWFGELHGMDVW_CSSYTSSSTLVF;CAKDHWEYYWYFDLW_CSSYTSSSTLVF;CARQISILRLLVWFDPW_CSSYTSSRGVF;CARHSPPRLWFGAFNYYYGMDVW_CSSYTGSSTLVF;CARRIAVAATVTGAMDVW_CTSYTSSSTLVF;CARYYDILTGYYYDYFDYW_CSSYTSSSTSF;CAKDPRLGPYFDYW_CSSYTSSSTRVF;CARILSDYYDSIGAFDYW_CSSYTSSSTPVVF;CARDRVAIMRGIKPNGMDVW_CQQLNSYPQTF;CARELTGDRDYW_CNSYTRSSTYVF;CARVNTMVRGLSTTKYYYPMDVW_CSSYTLSILIF;CARGGLPLGYCSGGSCSRRYYGMDVW_CSSYTSSSTLVVF;CARVEYGDYSGWFDPW_CSSYTSSSTWVF;CARGINYCSGGSCYYYYYYGMDVW_CSSYTSSSTLEGVF;CAREGPSRPAANYW_CSSYTSSSTEVF;CVRDQGSGGNYFDPW_CSSYTSSSLYVF;CARDDYYYDSSGYYPRFDYW_CSSYTSSSTLGVF;CARGSRYSYGDPCFDYW_CSSYTSSSTPVVVF;CARYYQDRFDYW_CSSYTSSSTLEVF;CARGPYDILTGSIYYYGMDVW_CSSYTSSSTLIF;CARDLGWSEGNYYYYGMDVW_CSSYTSSSTYVF;CAYDSSGYSLDYW_CQQYGSSPF;CARDQGTAAKPLDYW_CSSYTSSSTRVF;CARGGYSGYESDYW_CSSYTSSSTRVF;CARSSVGRQWPKGMDVW_CSSYTSSSTLAF;CAKDIRGRMATIMSW_CSSYTSSSTLVVF;CARVELHYYYYYGMDVW_CSSYTSSSTLF;CARGMIVVVMRYGMDVW_CSSYTSSSPVVF;CAKGILRYFDWHLEGMDVW_CSSYRNISTVF;CAKDIVSYSNYVLSNW_CSSYTSSSTQHVVF;CARHGSYLGYFQHW_CSSYTSSSTVVF;CAKDKGPDYYYGMDVW_CSSYTSSSTLYVF;CARSMVRGKYRAEYFQHW_CSSYTSSSTLNVVF;CATLSGMDVW_CSSYTSSSTLVVF;CAREGRPPRKPKNNWFDPW_CSSYAGSNNLVF;CARGYSYGPFDYW_CSSYTSSSTLVVF;CASPITTVTTRGAFDIW_CSSYTSSSTFYVF;CAETSYCSGGSCPMSEYGPVFDPW_CSSYTSSSTPWVF;CAKDCGEPWYNWNDGIGYW_CSSYTSSSTWVF;CARDSRLGGVDPW_CSSYTSSSTRVF;CAKAPGGYNWDNYHYYYFAMDVW_CSSYTSSSTLYVF	1	1	CARDPHYYDSSGYYYWYFDLW_CSSYAGSNNPYVF	0	NA
18	55	CARETTPVVTASTYYYYYGMDVW_CSSYTSSSTWVF;CARDWVRGVNDMDVW_CSSYTSSSTRVF;CTRPQRKWELPYPDAFDIW_CSSYTSSSTLF;CARGGAAVTTYYYYFYGMDAW_CCSYSSTNTLYVF;CARDGSGYLEQYYFDYW_CAAWDDSLNGYVF;CARGQGRTTSDYW_CSSYTSSSTLVVF;CARDPITMVRGVIISGWYFDLW_CSSYTSSSTLDVVF;CAKGADPYYDFWSGYSELFPLGMDVW_CSSYTSSSTVVF;CAREFKSFWSGYGDYYYGMDVW_CSSYTSSSTRVF;CARVVDDYYDSSGRYYFDYW_CSSYTSSSTQVF;CARHPFRVFGGWRDYW_CSSYTSSSTLWVF;CTGPDRMAYYDSSGYWEGVLDYW_CSSYTSSSPLYVF;CTRCGSSWTSYTMYDW_CSSYTGSRLYVF;CAKASLYGSGSYPPKYW_CSSYTSSSTYVF;CARDRPALWFGELHGMDVW_CSSYTSSSTLVF;CAKDHWEYYWYFDLW_CSSYTSSSTLVF;CARQISILRLLVWFDPW_CSSYTSSRGVF;CARHSPPRLWFGAFNYYYGMDVW_CSSYTGSSTLVF;CARRIAVAATVTGAMDVW_CTSYTSSSTLVF;CARYYDILTGYYYDYFDYW_CSSYTSSSTSF;CAKDPRLGPYFDYW_CSSYTSSSTRVF;CARILSDYYDSIGAFDYW_CSSYTSSSTPVVF;CARDRVAIMRGIKPNGMDVW_CQQLNSYPQTF;CARELTGDRDYW_CNSYTRSSTYVF;CARVNTMVRGLSTTKYYYPMDVW_CSSYTLSILIF;CARGGLPLGYCSGGSCSRRYYGMDVW_CSSYTSSSTLVVF;CARVEYGDYSGWFDPW_CSSYTSSSTWVF;CARGINYCSGGSCYYYYYYGMDVW_CSSYTSSSTLEGVF;CAREGPSRPAANYW_CSSYTSSSTEVF;CVRDQGSGGNYFDPW_CSSYTSSSLYVF;CARDDYYYDSSGYYPRFDYW_CSSYTSSSTLGVF;CARGSRYSYGDPCFDYW_CSSYTSSSTPVVVF;CARYYQDRFDYW_CSSYTSSSTLEVF;CARGPYDILTGSIYYYGMDVW_CSSYTSSSTLIF;CARDLGWSEGNYYYYGMDVW_CSSYTSSSTYVF;CAYDSSGYSLDYW_CQQYGSSPF;CARDQGTAAKPLDYW_CSSYTSSSTRVF;CARGGYSGYESDYW_CSSYTSSSTRVF;CARSSVGRQWPKGMDVW_CSSYTSSSTLAF;CAKDIRGRMATIMSW_CSSYTSSSTLVVF;CARVELHYYYYYGMDVW_CSSYTSSSTLF;CARGMIVVVMRYGMDVW_CSSYTSSSPVVF;CAKGILRYFDWHLEGMDVW_CSSYRNISTVF;CAKDIVSYSNYVLSNW_CSSYTSSSTQHVVF;CARHGSYLGYFQHW_CSSYTSSSTVVF;CAKDKGPDYYYGMDVW_CSSYTSSSTLYVF;CARSMVRGKYRAEYFQHW_CSSYTSSSTLNVVF;CATLSGMDVW_CSSYTSSSTLVVF;CAREGRPPRKPKNNWFDPW_CSSYAGSNNLVF;CARGYSYGPFDYW_CSSYTSSSTLVVF;CASPITTVTTRGAFDIW_CSSYTSSSTFYVF;CAETSYCSGGSCPMSEYGPVFDPW_CSSYTSSSTPWVF;CAKDCGEPWYNWNDGIGYW_CSSYTSSSTWVF;CARDSRLGGVDPW_CSSYTSSSTRVF;CAKAPGGYNWDNYHYYYFAMDVW_CSSYTSSSTLYVF	2	2	CAREVVLMVHRRGGLNMDVW_CQQYYSTPLTF;NA_CQQANSFPLTF	0	NA
18	55	CARETTPVVTASTYYYYYGMDVW_CSSYTSSSTWVF;CARDWVRGVNDMDVW_CSSYTSSSTRVF;CTRPQRKWELPYPDAFDIW_CSSYTSSSTLF;CARGGAAVTTYYYYFYGMDAW_CCSYSSTNTLYVF;CARDGSGYLEQYYFDYW_CAAWDDSLNGYVF;CARGQGRTTSDYW_CSSYTSSSTLVVF;CARDPITMVRGVIISGWYFDLW_CSSYTSSSTLDVVF;CAKGADPYYDFWSGYSELFPLGMDVW_CSSYTSSSTVVF;CAREFKSFWSGYGDYYYGMDVW_CSSYTSSSTRVF;CARVVDDYYDSSGRYYFDYW_CSSYTSSSTQVF;CARHPFRVFGGWRDYW_CSSYTSSSTLWVF;CTGPDRMAYYDSSGYWEGVLDYW_CSSYTSSSPLYVF;CTRCGSSWTSYTMYDW_CSSYTGSRLYVF;CAKASLYGSGSYPPKYW_CSSYTSSSTYVF;CARDRPALWFGELHGMDVW_CSSYTSSSTLVF;CAKDHWEYYWYFDLW_CSSYTSSSTLVF;CARQISILRLLVWFDPW_CSSYTSSRGVF;CARHSPPRLWFGAFNYYYGMDVW_CSSYTGSSTLVF;CARRIAVAATVTGAMDVW_CTSYTSSSTLVF;CARYYDILTGYYYDYFDYW_CSSYTSSSTSF;CAKDPRLGPYFDYW_CSSYTSSSTRVF;CARILSDYYDSIGAFDYW_CSSYTSSSTPVVF;CARDRVAIMRGIKPNGMDVW_CQQLNSYPQTF;CARELTGDRDYW_CNSYTRSSTYVF;CARVNTMVRGLSTTKYYYPMDVW_CSSYTLSILIF;CARGGLPLGYCSGGSCSRRYYGMDVW_CSSYTSSSTLVVF;CARVEYGDYSGWFDPW_CSSYTSSSTWVF;CARGINYCSGGSCYYYYYYGMDVW_CSSYTSSSTLEGVF;CAREGPSRPAANYW_CSSYTSSSTEVF;CVRDQGSGGNYFDPW_CSSYTSSSLYVF;CARDDYYYDSSGYYPRFDYW_CSSYTSSSTLGVF;CARGSRYSYGDPCFDYW_CSSYTSSSTPVVVF;CARYYQDRFDYW_CSSYTSSSTLEVF;CARGPYDILTGSIYYYGMDVW_CSSYTSSSTLIF;CARDLGWSEGNYYYYGMDVW_CSSYTSSSTYVF;CAYDSSGYSLDYW_CQQYGSSPF;CARDQGTAAKPLDYW_CSSYTSSSTRVF;CARGGYSGYESDYW_CSSYTSSSTRVF;CARSSVGRQWPKGMDVW_CSSYTSSSTLAF;CAKDIRGRMATIMSW_CSSYTSSSTLVVF;CARVELHYYYYYGMDVW_CSSYTSSSTLF;CARGMIVVVMRYGMDVW_CSSYTSSSPVVF;CAKGILRYFDWHLEGMDVW_CSSYRNISTVF;CAKDIVSYSNYVLSNW_CSSYTSSSTQHVVF;CARHGSYLGYFQHW_CSSYTSSSTVVF;CAKDKGPDYYYGMDVW_CSSYTSSSTLYVF;CARSMVRGKYRAEYFQHW_CSSYTSSSTLNVVF;CATLSGMDVW_CSSYTSSSTLVVF;CAREGRPPRKPKNNWFDPW_CSSYAGSNNLVF;CARGYSYGPFDYW_CSSYTSSSTLVVF;CASPITTVTTRGAFDIW_CSSYTSSSTFYVF;CAETSYCSGGSCPMSEYGPVFDPW_CSSYTSSSTPWVF;CAKDCGEPWYNWNDGIGYW_CSSYTSSSTWVF;CARDSRLGGVDPW_CSSYTSSSTRVF;CAKAPGGYNWDNYHYYYFAMDVW_CSSYTSSSTLYVF	5	441	NA_CQQYDELPVTF;CATTYYYDSSGYYQNDAFDIW_CQQYYSYPRTF;CAREIEGDGVFEIW_CMIWHSSAWVV;CARHIRGNRFGNDAFDIW_CQQYYSFPYTF;CARRLITMIEGGAFDIW_CQVWDSSSDHVVF;CAKVMIEHPSNRGHFDYW_CMQALQTPYTF;CTTDDEKRPYSGSYLPFDYW_CQSYDSSNVVF;CARGGRVSVAVYWDYYYYGMDVW_CQKYNSAPFTF;CAHSAQYYDILTGYYKAPWGGAFDIW_CQQYNSYSWTF;CARDDFGGATFYSSFDYW_CQQSYSTPYTF;CARAAKIFGVVTAFDIW_CQQYGSSPWTF;CVKDYSTSGWYYFDFW_CQQYGSSLPYTF;CARVVPAAFYGMDVW_CQQYGSSLFTF;CAGGSGYCTNGVCYPRGFDYYYGMDVW_CAAWDDSPPWVF;CAKDDTAMVTADFFDYW_CQTWGTGIWVF;CARTPRWLQCFDYW_CQQYNSYSWTF;CARDQWLAYYFDYW_CQSYDSSNHWVF;CAHRYYSNIDYW_CMQGTHWPWTF;CARDWGYYDSSGYSPRGYYYYYGMDVW_CQQLNSYSFTF;CAKDRVGYGDYVDYW_CQQYNNWPPWTF;CARLGSSPYYW_CQSYDSSLSGYVF;CTRYYGDVW_CQQYYSFPWTF;CAKDHYYDSSGYYSGLGYW_CQSADSSGTYRVVF;CATGLVVPAAILYGMDVW_CQQYGSSRGLTF;CAKDDGDAAAGLIYW_CAAWDDSLSGVVF;CAKDGGGEEALELPDYW_CGTWDSSLSAVVF;CATLRYPSLGVDYW_CHQYNNWPFTF;CARKDSSGSDAFDLW_CQQSYSTPYTF;CARDVVQLWYQIDYW_CQQSYSTPPNTF;CAKYVDTAMNQFDPW_CQQANSFPITF;CARGLHYYDSSGRSLYYFDYW_CQQYGSSPPGQTF;CANQPPSLYW_CQQYNNWPGTF;CARVGYDYVWGSYRYTGVMDVW_CSSYAGSSYVF;CARGRPYYYDSSGYPYDAFDIW_CMQALQTPLTF;CAKERVVTAIPVVIFDYW_CQQSYSTPRLTF;CARPYGDYAYFDYW_CQSYDSSLSGYVF;CARDWWERQDSKRPDYFDSW_CQQTNSFPITF;CARHSNDGSDYFDYW_CQESYGALLTYTF;CASTEIEMLVPRYCSSTSCYFVWFDPW_CGTWDSSLSAGHGVF;CASASSTGTDAFDIW_CQAWDSSTHVVF;CARDGSWYAAWFDPW_CQSYDSSLSGSVVF;CARDPSLGDPGWGYFDYW_CQQYNSYSTWTF;CVREMTGSFTGGLDPW_CMQGTHWPPTF;CAREVNTAMAYYYYYYGMDVW_CQQYGSSQWTF;CARERRGGGHYYDSSGYYLSDYW_CQQSYSTP;CARGGGYSSGWATREVVYW_CQSYDSSLGAVF;CAKVPTVTTFLGYYYGMDVW_CQQSYSTPWYTF;CARDLRPAANFDYW_CQVWDSSSDYVF;CARLSYSSSWYYFDYW_CQQSYSTLYTF;CARVPKVRYCSSTSCYKDYYYGMDVW_CQVWDSSSDSWVF;CATWHYYDSSGEDGMDVW_CQQYNNWPRTF;CARGRSSWHLDYW_CMQALQTPFTF;CARDPWELHGFDYW_CQQYGSSSFTF;CAREAYYYGMDVW_CNSRDSSGNHNYVF;CARDRSVVTMVRGVIPFYW_CCSYAGSYTVVF;CARHEKMNYYDILTGYSPPYYYYYGMDVW_CQSYDSSLSAYVVF;CAHYQGIAVTGTWFDPW_CQSYDSSNVVF;CARESSSWFPYW_CQQSYSTPFTF;CARERDYSPGRYYGMDVW_CGTWDSSLSAGVF;CARHPTPAAMVGYYYYGMDVW_CQQANSFPLTF;CARDGPMTAIGGYGMDVW_CQSYGSLGGSVF;CAKGRTTEGTDAFDMW_CQQVHSYPITF;CAKDRSSLLWFGELLYMPEEYGMDVW_CQQYNNWPLTF;CTNYGMDVW_CSSYAGSNNWVF;CARVDSFAPNSGYGAQLLNWFDPW_CQQYNNWPLTF;CAREDYDTASFGYW_CQQYDNLPYTF;CAKDFGRGSYHRAEYFQHW_CQQYNNWPPWTF;CARGGSLPLITMIVGFFW_CQQYGSSPEYTF;CTREAEMATISIDYW_CQVWDSSSDHVVF;CARDAPIWDTAIVYW_CQQYGSSLPWTF;CARLLVSAYNWFDPW_CQQSYSIPAF;CARIPMTTVTSYGMDVW_CQQYGSSSITF;CARDDEWEPYDYW_CCSYAGSSTYVF;CTTVLRYFDWLLSDYGMDVW_CLLSYSGARGVF;CAIGTGIVGTTFPREYW_CMQALQTSWTF;CAKDMELGWLIDYW_CMQALQTPLTF;CARETVVTPQNAFDIW_CAAWDDSLNGYVF;CARERNIVVVPAAETFDYW_CQQYNNWPPLTF;CARIGFGEYDYGMDVW_CQSYDSSLSVVF;CARGVGATDFDYW_CQSYDSSLSGVVF;CARDPSNWGSFGYW_CQAWDSSTYVF;CARVDGYNYSFDYW_CQQYNNWWTF;CAKEPYGGNSFVYYFDYW_CQQYGSSPGLTF;CAKAEWGGTENYIPYYFDFW_CQSYDNNNLIF;CARSHCSSTSCYPNYYYGMDVW_CQQSYSTPRTF;CARDFGERYCSGGSCYSFDPYYYYGMDVW_CLQHNSYPWTF;CAKEYPGPGQLDDAFDIW_CQSYDSSLSGKVF;CARVDTAMVTGLAISPPWDYGMDVW_CQQYNSYPWTF;CAKDIGDGSGSNSQKRDYYYGMDVW_CQQSYSTPRTF;CATDPYNSGWFASLKNQVLYYW_CQQSYSTPQTF;CAREHTGGWLQRYIDYW_CQSADSSGTYPRVVF;CARGYCDSTSCYAVGYFDLW_CQTWGTGIVVF;CARDPDPNWSKDWFDPW_CQQYNNWPPLTF;CAKGRYSFGLDNFDYW_CQQDGNSPTF;CASRAVQSSGWRQDYYYGMDVW_CQSYDSSLSGVF;CAREASEGPW_CQSYDSSNSWVF;CARLGGYSSRGNWFDPW_CQQSYSTPPYTF;CARDPHHTFGGVLVW_CQKYNSARTF;CAGYYYDSSGYLSSFDIW_CQSYDSSLSVVF;CARLPYRYSGSSNDAFDIW_CAAWDDSLSGPVF;CARAGYGDYVGDFDYW_CQSADSSGTYVVF;CARDYYGSRSDSGMDVW_CQQSYTTPYTL;CAKDGREAAAGTDYYYGMDVW_CQAWDSSTVVF;CARDSPGWGSSGFYYGMDVW_CQQYGSSPRYTF;CARVSGDTMIVVVHRDGMDVW_CQQYNSYSVTF;CAKNLATTGSHW_CLQDYNYPRTF;CAKDGGRGVVIIFYFDYW_CQQYGSSPITF;CARGIAVVTLWGPFDIW_CQQYNNWPRTF;CARDRWVPAAVPHYYYYGMDVW_CQQANSFPLTF;CAREGAAGPPPGHYYYYGMDVW_CMQALQTPFTF;CAKQGHFTDTKRIDYW_CQQYDSYPITF;CAVIPVTGQEASLSAEYFQHW_CQQSYSTPFTF;CARDSPSSGSYGLFDYW_CQTWGTGIRRVF;CASPGGGLLWFGELFRSYFDYW_CVLYMGSGFWVF;CAHRPVSDDILTGYRYNWFDPW_CQSYDSSLSGSVVF;CARGFIGYNFDSW_CQQSYRTPITF;CAREEGYCSGGSCEYNYYYGMDVW_CQQYGSSLITF;CARGRRVFLALSYW_CQQYGSSPHTF;CARGAGRIGQVDVW_CQQYNNWHTF;CARGYYDSSGQSLDYYYYGMDVW_CQQYYSYPFTF;CARTGKNGSGSYWFDPW_CQQYRTF;CARTDIVATPDGGFDYW_CQTWGTGIHVVF;CAREGFYYYGSGSVSGGNWFDPW_CQVWDSSTVVF;CAKVPLGWGAAGGAYFDYW_CQQYGSSPATF;CARVGCSGDTCYSYDWFDPW_CGTWDSSLTAVVF;CARGGILTGKLSDYW_CQQYDNLPTF;CAHGLTGYYTYYFDYW_CQQYYSFPPTF;CARQVGANPFADYW_CAAWDDSLSGPVF;CSVYDAERGYFDYW_CCSYAGGDTSYYVF;CARLYGDYGDYW_CNSRDSSGNLFVVF;CARPYSSSWSPMDVW_CQSYDSSLSGHVVF;CARDKGYSSSWYIRSSWFDPW_CLLSYSGARLVF;CARAVCGDDCYLLDSW_CAAWDRSLGAVVF;CARTTTVVTGDAFDIW_CQSADSSGTYPVF;CAKGRGDYYYYGMDVW_CQQYDNLPITF;CTTGGALNYW_CQAWDSSTACVF;CARDLTTRDYSDAFDIW_CQQYGSSPRTF;CARAGLEINTPDSSGYYYGGGYFDYW_CQQYDNLPPRRFTF;CAKDHGYDFWSGYSDAFDIW_CQQSYSTPLYTF;CARESGYTNYYYYGMDVW_CQQYNSYPLTF;CARKYQLPYYYGMDVW_CQQSYNTPDTF;CARDSTYYYDSSGYPVSDAFDIW_CQQSYSTRRYTF;CAREVYSSSTNWFDPW_CQVWDSSTDVVF;CARANAEYSSSLLFDYW_CQSYDNSLSAYVF;CAHSPYDYVWGSYRQSWFDPW_CQAWDSSTVF;CTTIYYDILTGDYW_CMQALQTPITF;CARLDYDFWSGTPERMDVW_CQQYGSSPPWTF;CARVRKNWNYDLDDWYFDLW_CQVWDSSSDHYVF;CATRRVRGEGLAYW_CQQYNSYSRTF;CARNYDSSGYYVPPYFDYW_CQQYNNWPPYTF;CARDPANYFDYW_CQQSYSTLWTF;CAREESSSWYRYW_CQQYGSSPLTF;CARIVQGGSYLSGGIDYW_CMQSIQLLFTF;CARDRLIIRFLERPNWFDPW_CCSYAGSSTPVF;CAREYSNNWYFFDYW_CQQYAGSPLTF;CARVSGVGTSFAGFDPW_CQSADISATVF;CAREPTPRYSGSYRGFNYFDYW_CQQYYSFPLTF;CARAADYCTSASCPNEYFQHW_CQSYDSSLSVF;CARGRMTVHNDDSGFPEYLYYYGLDVW_CMQVMDNPRTL;CATSRVAVAGVDYW_CQSYDSSLSGVVF;CARDLGIAVAGRVEGYFDYW_CCSYAGSYTLVF;CARDVSNVLVIAVSPSWFDPW_CQQTYSIPYTF;CARDAPDRGSSWYSALFDYW_CQQYNNWPPTF;CARRDGGYCSSTSCSFDYW_CQQYNSYSPTF;CARAEIFGVVIQAFDYW_CQSYDSSLSGSVF;CVKKVIGFDDW_CQQSDTFGYTF;CAKGMDGSGSYYNKDGMDVW_CQAWDSSTGVF;CARVNGLLGEYYYGMDVW_CMQALQTPPNTF;CAKDWAVGWEFVDSW_CQQSHTVPLTF;CARDEGAAAYFDYW_CCSYAGSSTCWVF;CARAAGYCSSTSCYEIYYYYGMDVW_CQSYDSSLSVPF;CTRSYVLRFLEWFSPFDYW_CQQYGSSLWTF;CASSGSYQGNWFDPW_CQQSYSTPYTF;CARSPPRYDLSLVDAFDIW_CQQYNSYSTTF;CARETIAAAGSNFDYW_CQQSYSTPRTF;CARVSGYSYYFDYW_CQQLNSYLLTF;CATYIAAPRDYYYGMDVW_CMQALQTPYTF;CATGKTYSAPHAYYYFDYW_CQQANSFPRTF;CAKEVHSSGFDYW_CQSADSSGTYPWVF;CTTDHIVVVTAMIFGYYFDYW_CQQLNSPLTF;CAREGPTVTKFDYW_CQSYDSSLSGSVF;CEVKAAAGNFYW_CSSYAGSVVF;CAKDIEGGSGYYLTPGGFQHW_CCSYAGSSTFVVF;CARDAMAIGDYYYYGMDVW_CQQLNSYPSLTF;CARREGAGYDILTGSYYYYYGMDVW_CLLYYGGAQLGVF;CTTRLWRISQYYYDSSGYGHFDYW_CQSADSSGTYVF;CARTTLLAAAIDYW_CQQYYSFPYTF;CARAKAARPTPTYYYYYYGMDVW_CQAWDSSTGDVF;CARSGYDSSWVGYDFDYW_CQAWDSSTPVF;CAREGLEIDAFDIW_CQQSYSTPWTF;CAHTSAYYDSSGYYPPFDYW_CQQSYSTPLTF;CARATQDSSGWYGFWYFDYW_CQQYNNWPPTF;CARMLVVVAATGYYYYGMDVW_CQQYGSSQTF;CAREAYDSSAYSTIDYW_CQTWGTGIHVF;CATSLVVVPAAILRGGVGGHYYGMDVW_CGTWDSSLSAVVF;CARSAGSSGSFEYFQHW_CQQYGSSPLYTF;CARRLFLYSSSGYYFDSW_CQQASSFPPLSF;NA_CQQSYNTPRTF;CARGGGAVAGTIDFHYW_CCSYAGTDLWLF;CAKDRGYYDSSGYYYSDYGMDVW_CQSADSSGTYVF;CAKDGFGGASDHW_CQHYDRSPWTF;CARAIQMGCSDGSCLW_CQQYDNLPSYTF;CARKGRWLPDGDDAFDIW_CQQYYSYPLTF;CARAGLRSWFDPW_CMQSIQLPNTF;CARHSYGAYYYYGMDVW_CQQYGGSPLFTF;CAAGVMTARYDYW_CQQSYSTPLTF;CAHFMTTVTTGYFDPW_CIQVRQTPFTF;CAREGGGDILTTYYYYGMDVW_CQQYGSSTRALTF;CARGFGGGDYRSMDVW_CQQLITYPITF;CARTTYGGNSLNWFDPW_CQVWDSSSDHPVF;CARGYGSGNYYYYGMDVW_CMQALQTPWTF;CARSNYDILTGLDYW_CMQALQTPYTF;CAREDSGSYGYFDYW_CQQYNNWPQTF;CARRVLYYRFDPW_CNSRDSSGNHLF;CARGDYDYVWGSSPDAFDIW_CMQGTHWPLTF;CARDVRGYYYDSSGYSGEGYWW_CQQSYSTPYTF;CTRDRYSSSWYKGLYYYYGMDVW_CQQSYSTPYTF;CARVFFRVVYAMAYW_CQQYNNWPPMYTF;CASSLRYFDWTVNNWFDPW_CQQYGSSPQTF;CTRGYCSSTSCYTGWFDPW_CQAWDSSHVVF;CARDGRWELLGNQHW_CCSYAGSSTYVF;CARVYYDSSGYYYFDYW_CQQSYSTPWAF;CARGRVRWELLGDDAFDIW_CQQYDNLPLTF;CCTYVFVGIVPTIVDYW_CQQYNDWPPAGTF;CARDIQYYYDSSGYDAFDIW_CQQSYSTPWTF;CATSWGIAALYGMDVW_CNSRDSSGNPYVF;CAKDYPVAGDLDAFDIW_CCSYAGSSTWVF;CARANWDNWNDGLDYW_CGTWDSRLSSYVF;CARAGYCSSTSCSKEDVW_CQQSYSTPPRTF;CAREPLGGDYYYYYYGMDVW_CQQYGSSPTF;CARLSLRARFRGAFDIW_CCSYAGSYSVVF;CAHSLPSDIDYYYDSSGYSPSPPLFDYW_CQQYNNWPLTF;CASGYGGKTYYFDYW_CQQYGSSPGTF;CLGRELGHSW_CLQHNSYPWTF;CTAVLRYFDWLLMEAHENYYYYGMDVW_CQSADSSGGVF;CARDRSRWEFLYYFDYW_CQQYGSSGYTF;CARARYYDSNSYSYAW_CQTWGTGIWVF;CARLDYYDSSGYYDW_CQTWGTGIPVF;CARDYIAVAGPGENWFDPW_CQQSYSTRTF;CARDRGGYGVRWFDPW_CQQYDNLPPTF;CARRGNAIFGVVTHYYYYGMDVW_CMQALQTPLFTF;CSNYDILTGYYWFHYW_CQQYNNWPFTF;CASSFLDTSIVEYYFDYW_CATWDDSLSGLF;CARIVVVVTSRWFDPW_CQVWDSSSDHYVF;CARSLEWLDDYW_CQSYDSSLSGSVF;CARDAYGGYSFYYYGMDVW_CQQYGSSPFTF;CAGGSGSYYHLDPW_CQQANSFPYTF;CARPRLDYGDYGAGLGYW_CQKYNSAPFTF;CARDRGLRKKYFQHW_CQQYGSSPSTF;CVSQLYYLDGRGYYYDYYYDYW_CLQHHDYPWTF;CTTVSPYGDYVGVYFDYW_CQQYYSYPPTF;CAKDFMEYYYYGMDVW_CSAWDSSLSAVVF;CARSPGSGSYTW_CQQYGSSPLTF;CARLPYAGGPYYYYGMDVW_CMQRIEFPFTF;CARGKPRSLELWSFYYYYGMDVW_CQQSYSTPPTF;CAMGGYDSSGVQLDYW_CAAWDDSLSGYVF;CAHRYCSSTSCYGLGDWFDPW_CQSADSSGTYLVF;CARHSEGLGPVDYW_CGTWDSSLSAWVF;CARAIFGVVSVMGFDYW_CMQALQTLTF;CAKSMKSFDYW_CQQSYSTPLTF;CTTEGGDGYNSFDYW_CQQYDNLPITF;CARDTTYGDYYYGMDVW_CQSADSSGNWVF;CARDGKGYSYGSGNYYGMDVW_CQQSYSTLYTF;CAHRTTTYYFDYW_CQQYNSYPYTF;CTTDLVWFGELANAFDIW_CLQHNSYLPEWTF;CTRGGTLGARSGYYDYYYGMDVW_CQQYNSYPLTF;CAKDEGRVVAVAGTGEHAFDIW_CQQYNSYSPTWTF;CAKDITIFGVVISHLDYW_CLQDYNYPLTF;CARTYYYDSSGYRNAFDIW_CQSADSSGTYPVVF;CAKCFYYDSSGYYYYYYGMDVW_CCSYAGSSTLVF;CARDLLSISGSPFDPW_CQQRSNWPPGGGGLTF;CARGGINGGAYFDYW_CQQYGSSPWTF;CARDRGPAGLDYW_CQQSYSTRYTF;CARRGYYYDSSGYYYDWFDPW_CNSRDSSGNRVVF;CAKGLNTAMVSYYFDYW_CVLYMGSGIWVF;CAKDIREGWSSGYYPVLDYW_CQVWDSSVVF;CAKDSPSGYYYYYYYGMDVW_CQQLNSYPITF;CARDRIAAADHNWFDPW_CAAWDDSLNGWVF;CARDIGGIAAAGSPPSAFDIW_CQQYNSYSTF;CAHSYYYGSGRGGWFDPW_CQSADSSGTYVF;CARDGSSSIFDYW_CNSRDSSGNHVVF;CAKPLRFGYSSSSCFDYW_CSSYAGSNNYVF;CAHTGFESLDYW_CQSYDNSLNGLGVF;CARDEDYYYDSSGSVDYW_CQQSYSTPWTF;CARQIAAAGPENWFDPW_CQSADSSGTYLVF;CARGLPVDVW_CGTWDSSLSAGHVVF;CARLIYYGSGRFGAFDIW_CQQYDNLPWTF;CARNEITIPLDVW_CQQYGSSPLVTF;CTTDHGDAYNYRW_CQQYGSSPRTF;CARDHRMNIAVAGTNWFDPW_CQKYNSAPLFTF;CARALREEQWLNNAFDIW_CQQYYSYPTF;CAHRPPYYDSSGYLSW_CQQYGSSLWTF;CARHYVDTAMVINQYYFDYW_CQSYDSSLSDVF;CARDNYDILTGHYGMDVW_CAAWDDSLSGLYVF;CAKDSSSSDWFDPW_CQQYYSYPLTF;CARDYVAVAGTLDYW_CQQYYSTPYTF;CTRDLAYSNYEPPNHNWFDPW_CLQHNSYPLTF;CARERYYYYGMDVW_CYSTDSSGNHGVF;CAKEGITGYYYYYGMDVW_CQQSYSTPHTF;CAKVALRYFDWLPPYFDYW_CQQYYSYPQNLTF;CARAHDSTGYQDFDYW_CQQAKSFPYTF;CARVGVYGSGSYLVGGDYW_CQQSYSTPWTF;CARGPYYGSGSGEFDPW_CQQYYSYPLTF;CARGSCYSSACYYYYGMDVW_CGTWDSSLSAVVF;CARDFDAAEGAFDIW_CQVWDSSSDPTFYVF;CARGAHSSGYYIDYW_CQQYYSFPFTF;NA_CHQYNNWSSWTF;CAREQDFGGNPFDCW_CMQVLHIPRAF;CARGTMVRGHYYYYGMDVW_CQQSYSTPLTF;CARGYSYGYLDWFDPW_CQSYDSSLSGVVF;CARAAPYSSSSLDYW_CQQSYSTLTWTF;CARRRITMNDYFDYW_CQSYDSSLSGVVF;CARGPDGGAFDIW_CQRGLTF;CARDLIARTALTYYYYGMDVW_CQSYDSSLSGGVF;CARYGVYGDYPGALFDYW_CAAWDDSLSGLWVF;CAKDRRGCSSTSCYTFDYW_CQQSYSTLSF;CARVSGYNSYYFDYW_CQQSYSTPRTF;CAAPSPRFTSSTGGGMELPLHVW_CCSYARGSSLVF;CAKDARWRPRVASIDALDIW_CQQYNNWPRTF;CARHIERYCSGGSCYEALDYW_CMQALHPITF;CASYLEMATRYYFDYW_CLQHNSFWTF;CARVTRVTQSNDFWTSYYTDCFDAW_CYSTDSSGNHKVF;CARLYSSSWTNYFDYW_CQQYYSYPLTF;CARGTVYSVPGGHYGDYVRDPKYYYYGMDVW_CQSADSSGTWVF;CARGAAGVRGPIGYW_CAAWDDSLSGWVF;CARVAVAGTTNWFDPW_CQQANSFPYTF;CARVLGGPGATTFDYW_CLQDYNYPWTF;CARTPVSTSYDSPGWYSSGWFFDYW_CQTWGTGIHVVF;CARTMVRGVTPADAFDIW_CQQYNSYSSTF;CAKSMGATILHAFDIW_CQQYNSYPLTF;CARANSGSYSFFFLRLDYFDYW_CQQYNNWPLTF;CARAAGTGGYYYGMDVW_CVLYMGSGISVF;CARAGQFGDSYYYYYYGMDVW_CLQDYNYPQTF;CAHFTKRPTDAFDIW_CNSRDSSGNHRVF;CAAGFGLSGSYIHYYYYGMDVW_CQQYGSSPPLTF;CATDNWNFGADSGFGYW_CMQGTHWRTF;CARVLGSFSFGYDGFDIW_CQQLNAYPTF;CARDPGIAVAETVYYYYYYGMDVW_CMQALQTPPTF;CARTVGAGYKIGKGYFDYW_CQAWDSSTVVF;CARDQDLAALNYW_CGTWDSSLSAKVF;CTTENVLLWFGEPEYYYYYYGMDVW_CQSADSSGTYAVVF;CARSLFEGTVMAFRAEHMDVW_CQQYKTFFAVSF;NA_CQAWDSSTVVF;CARPPSHDSPMYHYW_CQSADSSGLWVF;CARDTMWWSYGMDVW_CCSYAGSGEVF;CARLRRYSSGYYYIAGDFDYW_CQSYDSSLSGVVF;CARDKGGTTVTTSNWFDPW_CQQYDNLPLTF;CARDGGGYYQKKGYFQHW_CGTWDSSLSAVVF;CARDDIVVVPAAIDYW_CQSYDSSLSGPYVF;CARKFDCW_CQQYGTSLPVTF;CARGVLRFLEWLSNMDYYYYGMDVW_CMQALQTPRALTF;CAKDGSYYDSSGYSDYW_CQQYNNWPPWTF;CAKDKSYSVEYW_CMLFMGSGIWVF;CAKADVRSNWNDMHFDYW_CQAWDSSTVVF;CARATPRGYGGNSLNWFDPW_CQQYNSYPFTF;CAEGYQLPGLYYW_CNSRDSSGNHLF;CARHAGSGSYYFWFDPW_CQQYGSSPYTF;CAKDLQIGYCSSTSCRNAFDIW_CQQYGSSPPRVTF;CARGRGSYFDYW_CQQYGSSLWTF;CARTCSSTSCYTYGMDVW_CQQYNNWQYTF;CAHRGYSYGPLFDYW_CLLYYGGAQLVF;CARLPTLRYGSGSYYNGALDYYYGMDVW_CMQALQTPLTF;CARSIAAASPFDPW_CQQYDNLPPTF;CARGPPYGHLGYW_CQQYNNWPPITF;CAKDILGGGYFDYW_CQTWGTGMGVF;CAKDASYGYLFEYWYFDLW_CQQYNNWPPWTF;CARFGAKNYYDSW_CQQYNNWPGTF;CAREKWLRPQLDYW_CQQYGSSPKTF;CVKGPYYDGSGNSFGRKAFDIW_CQQYGSSPYTF;CARGASKGNQPALHYGMDVW_CQQSYSTPPAF;CATTLASPTHDYGDYEGGYMDVW_CQQYGSSPLTF;CALGIDAFDIW_CQQYNNWPKTF;NA_CQSYDDSLSGTVF;CARGFYYGSGSPLSGMDVW_CQQSYSTPRTF;CAKDPAASGSPWYFDYW_CQQYYSFPRTF;CAREVSRQSGSRPIKWFDPW_CQQSYSPPPLTF;CTPSLETYGDYALGYYW_CQSADSSGTYPYVF;CAKDFGGPLQFDYW_CQQYGSSPRTF;CAKDMLFSNNYW_CQTWGTGINWVF;CARDENHLYYGDLAYW_CQQSYSIPRAF;CARGSRLLLWFGELKVGPGFDPW_CQQYNSYWTF;CAMKGGRDGYNTRVYYYYGMDVW_CCSYAGSSTPYVF;CAKDIGPTNCSSTSCHAYYYYGMDVW_CQQYNSYSTF;CWRDRREAPIEMEVASTRG_CMQSTHWPYTF;CTRHTHCSGGSCYDAFDIW_CQQSYSTPRYTF;CAREPPHGSGTDYNWFDPW_CQSYDSSLSAYVF;CVKDLYDTGSYYYFDYW_CSSYTRSSTLVF;CSRHEGVGGNSDYW_CVLYMGSGISMF;CARNHDYGDYMFGGMDVW_CQSADSSGTYVF;CTTSGGDW_CMQSIQLPRTF;CARDRTSFGYSYGNIDYW_CQTWGTGILVF;CAKDELASYGGVGYYW_CQSADSSGTYFWVF;CAREPKHSGYCSSTSCYIGNWFDPW_CQSYDSSLSGNVVF;CARASWDSSSWGLGFDPW_CQAWDSSTGVF;CARTRVRGVISPFDYW_CQQANSFPPTF;CTREYYDFWSGDYW_CQQYDNLPLTF;CARDGGRGSGWSTPDYW_CNSRDSSGNHVVF;CARHYDFWSGDNPYWYYYYGMDVW_CQQYGSSPPWTF;CTTTTADIVVVPAAIQTVDYW_CQQYDNLPLTF;CAIMVRGVIGSYYYYGMDVW_CQQSYSTTWTF;CAKDNGYGGNSLQHW_CCSYAGSSTLVF;NA_CQQSYNTLWSF;CARARYRRDGYHNLYAFDIW_NA;CARGFSETGPGYKRFYYYFDLW_CQQYGSSPQTF;CARVKGDYYYYYGMDVW_CMQALQTPHTF;CARDPPLYSSGWFTGDYW_CQQYNSYPRTF;CAKDGGEHRGNDYW_CQVWDSSSDHYVF;CARGYDFWSGYLPHYGMDVW_CQVWDSSSDHPGVF;CARETKQYIDYRSPTVGRPYDYYYGMDVW_CLLFYGGAQLGVF;CAKGVWESTTEDAFDIW_CQQYNSYSPFTF;CAKDQGYCSSTSCYPYYYGMDVW_CQAWDSSTVVF;CARLGGYDSTFDYW_CSSYTSSSTYVF;CARVAAAGTYFDYW_CQQYGSSPETF;CARINQHGSGTYSPDYYYYGIDVW_CMQALQTPMYTF;CARKSIAAAGLPYYYYYGMDVW_CMQALQTRFTF;CAQGGYSYGYYDYW_CAAWDDSLNGVVF;CARQRGGTAVPVYYFDYW_CQQYGSSPLYTF;CARALYYDSSGYQPNRYYFDYW_CQSYDSSLSGYVVF;CTRALNSNHFDYW_CQQANSFPLTF;CARVTDPDAFDIW_CNSRDSSGNHYVF;CARSAWHPAATGGMDVW_CLQDYNYPYTF;CARVSLVVPQQFDYW_CQAWDSSTVVF;CAKVPGYSTGWYYFDYW_CQQCDSSPEWTF;CAKDSTCSSTSCYRGYYYYGMDVW_CQQYYSYPITF;CARGRNGGNRFDWFDPW_CQSYDSSLSGSGVF;CARGKNWFDPW_CQQYGSSPLTF;CASGYSSGRPDYW_CQQYDNLPITF;CARLSDGDYTFDYW_CQQYNSYWTF;CARGGTAGYSYGYAYW_CQAWDSSTAVVF;CAKDIVVVPAAPITLYYYYGMDVW_CMQALQTSFTF;CARWRLYYDSRGYYYGMFDYW_CQQSYDTPLTF;CARSRRIVGATSFDWFDPW_CQQYNSYSRTF;CASEDSGYGGGFDYW_CQSYDSSLSEGVF;CAHGRDYDSSSLPFDYW_CQQYNSYPYTF;CARAGAYYYGSAIDYW_CQQYGSSPGLTF;CAKGSSHSGGWFDPW_CQQYNSYWTF;CARDLLRAYSSSSTSSIDYW_CQQYYSYPRTF;CAKDVSGYLDAFDIW_CGTWDSSLSAGWVF;CAREGSRYFDYW_CQVWDSSSDHYVF;CASHDSSGYYLLDYW_CQVWDSSSDHVVF;CARYCSSTSCYTTYYYYYYGMDVW_CQQYYSYPLTF	0	NA
18	55	CARETTPVVTASTYYYYYGMDVW_CSSYTSSSTWVF;CARDWVRGVNDMDVW_CSSYTSSSTRVF;CTRPQRKWELPYPDAFDIW_CSSYTSSSTLF;CARGGAAVTTYYYYFYGMDAW_CCSYSSTNTLYVF;CARDGSGYLEQYYFDYW_CAAWDDSLNGYVF;CARGQGRTTSDYW_CSSYTSSSTLVVF;CARDPITMVRGVIISGWYFDLW_CSSYTSSSTLDVVF;CAKGADPYYDFWSGYSELFPLGMDVW_CSSYTSSSTVVF;CAREFKSFWSGYGDYYYGMDVW_CSSYTSSSTRVF;CARVVDDYYDSSGRYYFDYW_CSSYTSSSTQVF;CARHPFRVFGGWRDYW_CSSYTSSSTLWVF;CTGPDRMAYYDSSGYWEGVLDYW_CSSYTSSSPLYVF;CTRCGSSWTSYTMYDW_CSSYTGSRLYVF;CAKASLYGSGSYPPKYW_CSSYTSSSTYVF;CARDRPALWFGELHGMDVW_CSSYTSSSTLVF;CAKDHWEYYWYFDLW_CSSYTSSSTLVF;CARQISILRLLVWFDPW_CSSYTSSRGVF;CARHSPPRLWFGAFNYYYGMDVW_CSSYTGSSTLVF;CARRIAVAATVTGAMDVW_CTSYTSSSTLVF;CARYYDILTGYYYDYFDYW_CSSYTSSSTSF;CAKDPRLGPYFDYW_CSSYTSSSTRVF;CARILSDYYDSIGAFDYW_CSSYTSSSTPVVF;CARDRVAIMRGIKPNGMDVW_CQQLNSYPQTF;CARELTGDRDYW_CNSYTRSSTYVF;CARVNTMVRGLSTTKYYYPMDVW_CSSYTLSILIF;CARGGLPLGYCSGGSCSRRYYGMDVW_CSSYTSSSTLVVF;CARVEYGDYSGWFDPW_CSSYTSSSTWVF;CARGINYCSGGSCYYYYYYGMDVW_CSSYTSSSTLEGVF;CAREGPSRPAANYW_CSSYTSSSTEVF;CVRDQGSGGNYFDPW_CSSYTSSSLYVF;CARDDYYYDSSGYYPRFDYW_CSSYTSSSTLGVF;CARGSRYSYGDPCFDYW_CSSYTSSSTPVVVF;CARYYQDRFDYW_CSSYTSSSTLEVF;CARGPYDILTGSIYYYGMDVW_CSSYTSSSTLIF;CARDLGWSEGNYYYYGMDVW_CSSYTSSSTYVF;CAYDSSGYSLDYW_CQQYGSSPF;CARDQGTAAKPLDYW_CSSYTSSSTRVF;CARGGYSGYESDYW_CSSYTSSSTRVF;CARSSVGRQWPKGMDVW_CSSYTSSSTLAF;CAKDIRGRMATIMSW_CSSYTSSSTLVVF;CARVELHYYYYYGMDVW_CSSYTSSSTLF;CARGMIVVVMRYGMDVW_CSSYTSSSPVVF;CAKGILRYFDWHLEGMDVW_CSSYRNISTVF;CAKDIVSYSNYVLSNW_CSSYTSSSTQHVVF;CARHGSYLGYFQHW_CSSYTSSSTVVF;CAKDKGPDYYYGMDVW_CSSYTSSSTLYVF;CARSMVRGKYRAEYFQHW_CSSYTSSSTLNVVF;CATLSGMDVW_CSSYTSSSTLVVF;CAREGRPPRKPKNNWFDPW_CSSYAGSNNLVF;CARGYSYGPFDYW_CSSYTSSSTLVVF;CASPITTVTTRGAFDIW_CSSYTSSSTFYVF;CAETSYCSGGSCPMSEYGPVFDPW_CSSYTSSSTPWVF;CAKDCGEPWYNWNDGIGYW_CSSYTSSSTWVF;CARDSRLGGVDPW_CSSYTSSSTRVF;CAKAPGGYNWDNYHYYYFAMDVW_CSSYTSSSTLYVF	8	1	CARGTPGWYW_CQQYGSSPTF	0	NA
18	55	CARETTPVVTASTYYYYYGMDVW_CSSYTSSSTWVF;CARDWVRGVNDMDVW_CSSYTSSSTRVF;CTRPQRKWELPYPDAFDIW_CSSYTSSSTLF;CARGGAAVTTYYYYFYGMDAW_CCSYSSTNTLYVF;CARDGSGYLEQYYFDYW_CAAWDDSLNGYVF;CARGQGRTTSDYW_CSSYTSSSTLVVF;CARDPITMVRGVIISGWYFDLW_CSSYTSSSTLDVVF;CAKGADPYYDFWSGYSELFPLGMDVW_CSSYTSSSTVVF;CAREFKSFWSGYGDYYYGMDVW_CSSYTSSSTRVF;CARVVDDYYDSSGRYYFDYW_CSSYTSSSTQVF;CARHPFRVFGGWRDYW_CSSYTSSSTLWVF;CTGPDRMAYYDSSGYWEGVLDYW_CSSYTSSSPLYVF;CTRCGSSWTSYTMYDW_CSSYTGSRLYVF;CAKASLYGSGSYPPKYW_CSSYTSSSTYVF;CARDRPALWFGELHGMDVW_CSSYTSSSTLVF;CAKDHWEYYWYFDLW_CSSYTSSSTLVF;CARQISILRLLVWFDPW_CSSYTSSRGVF;CARHSPPRLWFGAFNYYYGMDVW_CSSYTGSSTLVF;CARRIAVAATVTGAMDVW_CTSYTSSSTLVF;CARYYDILTGYYYDYFDYW_CSSYTSSSTSF;CAKDPRLGPYFDYW_CSSYTSSSTRVF;CARILSDYYDSIGAFDYW_CSSYTSSSTPVVF;CARDRVAIMRGIKPNGMDVW_CQQLNSYPQTF;CARELTGDRDYW_CNSYTRSSTYVF;CARVNTMVRGLSTTKYYYPMDVW_CSSYTLSILIF;CARGGLPLGYCSGGSCSRRYYGMDVW_CSSYTSSSTLVVF;CARVEYGDYSGWFDPW_CSSYTSSSTWVF;CARGINYCSGGSCYYYYYYGMDVW_CSSYTSSSTLEGVF;CAREGPSRPAANYW_CSSYTSSSTEVF;CVRDQGSGGNYFDPW_CSSYTSSSLYVF;CARDDYYYDSSGYYPRFDYW_CSSYTSSSTLGVF;CARGSRYSYGDPCFDYW_CSSYTSSSTPVVVF;CARYYQDRFDYW_CSSYTSSSTLEVF;CARGPYDILTGSIYYYGMDVW_CSSYTSSSTLIF;CARDLGWSEGNYYYYGMDVW_CSSYTSSSTYVF;CAYDSSGYSLDYW_CQQYGSSPF;CARDQGTAAKPLDYW_CSSYTSSSTRVF;CARGGYSGYESDYW_CSSYTSSSTRVF;CARSSVGRQWPKGMDVW_CSSYTSSSTLAF;CAKDIRGRMATIMSW_CSSYTSSSTLVVF;CARVELHYYYYYGMDVW_CSSYTSSSTLF;CARGMIVVVMRYGMDVW_CSSYTSSSPVVF;CAKGILRYFDWHLEGMDVW_CSSYRNISTVF;CAKDIVSYSNYVLSNW_CSSYTSSSTQHVVF;CARHGSYLGYFQHW_CSSYTSSSTVVF;CAKDKGPDYYYGMDVW_CSSYTSSSTLYVF;CARSMVRGKYRAEYFQHW_CSSYTSSSTLNVVF;CATLSGMDVW_CSSYTSSSTLVVF;CAREGRPPRKPKNNWFDPW_CSSYAGSNNLVF;CARGYSYGPFDYW_CSSYTSSSTLVVF;CASPITTVTTRGAFDIW_CSSYTSSSTFYVF;CAETSYCSGGSCPMSEYGPVFDPW_CSSYTSSSTPWVF;CAKDCGEPWYNWNDGIGYW_CSSYTSSSTWVF;CARDSRLGGVDPW_CSSYTSSSTRVF;CAKAPGGYNWDNYHYYYFAMDVW_CSSYTSSSTLYVF	9	14	CARSGTTYYDILTGYYNYW_CQQYGSSRWTF;CARGNDYYGSGEFDYW_CSSYTSSSTLVF;CARDGDTAMVINYFDYW_CQSADSSGTYWVF;CARGKGEGRYYYDSSGYYYFDYW_CQQRSNWPPLTF;CARNKQHIVGATLHTHYSNWFDPW_NA;CARTSRGLIAAAAAVDYW_NA;CAKRGGLMVRGVAVDYW_CQQYYSYPWTF;CAKGGWFGELLFRLDYW_CQQYDNLLTF;CARRLAYNGNWDYGDFDYW_CCSYSKTATF;CARERPRGAAETW_CQAWDSSTWVF;NA_CQQRSNWPPYTF;NA_CCSYAGSSTVVF;CARDSKQQLADNWFDPW_CQAWDSSTLVVF;CARLWVFLTMVRGPDFDLW_CHQSSSLPLTF	0	NA
18	55	CARETTPVVTASTYYYYYGMDVW_CSSYTSSSTWVF;CARDWVRGVNDMDVW_CSSYTSSSTRVF;CTRPQRKWELPYPDAFDIW_CSSYTSSSTLF;CARGGAAVTTYYYYFYGMDAW_CCSYSSTNTLYVF;CARDGSGYLEQYYFDYW_CAAWDDSLNGYVF;CARGQGRTTSDYW_CSSYTSSSTLVVF;CARDPITMVRGVIISGWYFDLW_CSSYTSSSTLDVVF;CAKGADPYYDFWSGYSELFPLGMDVW_CSSYTSSSTVVF;CAREFKSFWSGYGDYYYGMDVW_CSSYTSSSTRVF;CARVVDDYYDSSGRYYFDYW_CSSYTSSSTQVF;CARHPFRVFGGWRDYW_CSSYTSSSTLWVF;CTGPDRMAYYDSSGYWEGVLDYW_CSSYTSSSPLYVF;CTRCGSSWTSYTMYDW_CSSYTGSRLYVF;CAKASLYGSGSYPPKYW_CSSYTSSSTYVF;CARDRPALWFGELHGMDVW_CSSYTSSSTLVF;CAKDHWEYYWYFDLW_CSSYTSSSTLVF;CARQISILRLLVWFDPW_CSSYTSSRGVF;CARHSPPRLWFGAFNYYYGMDVW_CSSYTGSSTLVF;CARRIAVAATVTGAMDVW_CTSYTSSSTLVF;CARYYDILTGYYYDYFDYW_CSSYTSSSTSF;CAKDPRLGPYFDYW_CSSYTSSSTRVF;CARILSDYYDSIGAFDYW_CSSYTSSSTPVVF;CARDRVAIMRGIKPNGMDVW_CQQLNSYPQTF;CARELTGDRDYW_CNSYTRSSTYVF;CARVNTMVRGLSTTKYYYPMDVW_CSSYTLSILIF;CARGGLPLGYCSGGSCSRRYYGMDVW_CSSYTSSSTLVVF;CARVEYGDYSGWFDPW_CSSYTSSSTWVF;CARGINYCSGGSCYYYYYYGMDVW_CSSYTSSSTLEGVF;CAREGPSRPAANYW_CSSYTSSSTEVF;CVRDQGSGGNYFDPW_CSSYTSSSLYVF;CARDDYYYDSSGYYPRFDYW_CSSYTSSSTLGVF;CARGSRYSYGDPCFDYW_CSSYTSSSTPVVVF;CARYYQDRFDYW_CSSYTSSSTLEVF;CARGPYDILTGSIYYYGMDVW_CSSYTSSSTLIF;CARDLGWSEGNYYYYGMDVW_CSSYTSSSTYVF;CAYDSSGYSLDYW_CQQYGSSPF;CARDQGTAAKPLDYW_CSSYTSSSTRVF;CARGGYSGYESDYW_CSSYTSSSTRVF;CARSSVGRQWPKGMDVW_CSSYTSSSTLAF;CAKDIRGRMATIMSW_CSSYTSSSTLVVF;CARVELHYYYYYGMDVW_CSSYTSSSTLF;CARGMIVVVMRYGMDVW_CSSYTSSSPVVF;CAKGILRYFDWHLEGMDVW_CSSYRNISTVF;CAKDIVSYSNYVLSNW_CSSYTSSSTQHVVF;CARHGSYLGYFQHW_CSSYTSSSTVVF;CAKDKGPDYYYGMDVW_CSSYTSSSTLYVF;CARSMVRGKYRAEYFQHW_CSSYTSSSTLNVVF;CATLSGMDVW_CSSYTSSSTLVVF;CAREGRPPRKPKNNWFDPW_CSSYAGSNNLVF;CARGYSYGPFDYW_CSSYTSSSTLVVF;CASPITTVTTRGAFDIW_CSSYTSSSTFYVF;CAETSYCSGGSCPMSEYGPVFDPW_CSSYTSSSTPWVF;CAKDCGEPWYNWNDGIGYW_CSSYTSSSTWVF;CARDSRLGGVDPW_CSSYTSSSTRVF;CAKAPGGYNWDNYHYYYFAMDVW_CSSYTSSSTLYVF	15	98	CAKDFHRLTLLRYCSGGSCYSAFDIW_CCSYAGSSTYVF;CAKRPDTTGRSWYFDYW_CQQYNNWLWTF;CAKFDIAAADTGKGEDYW_CMQGTHWPPLTF;CAKDSLFDRIILIATDIW_CAAWDDSLNGWVF;CAKYPSFSSRRWYFDLW_CQQYNNWPPPYTF;CAKLPSYSYGPFDYW_CQVWDSSSDHPVF;CAKDRQQLVIDAFDIW_CQQANSFSYTF;CARRRYYGGNSNKGWYFDLW_CQQRSNWRTF;CAKVLGFGPHYDILTGYYPFDYW_CQQSYSTPLTF;CASVQWLVDYW_CQQSYSTPMYTF;CAKDQSPSAKNGDYVSFDYW_CMQALQKTF;CAKDLRFLEWLLPYYYGMDVW_CMQALQTPWTF;CAKDPNYWRYFDWLTGYYFDYW_CQQRSNWPPWTF;CARDGGFGGSWLDPW_CQQRSHFRTF;CAKGEQFIAVNNWFDPW_CQQRSNWPITF;CAKDIRGNSWYGDSEGIW_CMQGTHWPYTF;CASGMVDFDYW_CMQGTHWPPTF;CAKGDSRYWYFDLW_CQQRSNWPLTF;CARGSISSQRWFGPW_CQQYNYYYTF;CAKWGHSSWYDNWFDPW_CQSADSSGTYVVF;CARGGAVLRYFDWEPQGPLEDNWFDPW_CQQRSNTWTF;CARNMASGMDVW_CQQRSNWPLFLTF;CAKMGASRWGPSYYFDCW_CQQYGSSPRTF;CAHRPLDILTGYRVDYFDYW_CQQSYSTLGTF;CAKDHPTNWFDPW_CQQYYSYPRTF;CAKAQNYYDSSGYYPFDYW_CQVWDSSSDHSVVF;CAKAPESSAYYGPDYW_CAAWDDSLSGHWVF;CAKGATSCAYW_CQQSYSTPRTF;CARGRLGGYSLPGFDYW_CNSRDSSGNHVVF;CARAIWYYDILTGYYSYYGMDVW_CSSYAGSNNLEVF;CARARGDFWSGYTHWYFDLW_CQQRSNWPPWYTF;CAKASARYCSGGSCYGTAFDIW_CQQSYSTPVF;CAKFHDSSGYYYLYGFDYW_CQAWDSSTYVF;CAKGAAASRTDYW_CQQSYSTPPYTF;CAQTGILTGYPRVGNAFDIW_CQQRSNWLGFTF;CAKDEWERGAFDIW_CQQYNSYSPWTF;CAKADLLYSGSYGAW_CQQSYSTPYTF;CAKDGIVVVTAIKFGHGMDVW_CQQANSFPYTF;CAKRLDYW_CMQATQFPYTF;CANISPPPRYYGSGSYYNFAFDIW_CQQLNSYPFTF;CAKDYDSGSYYEGGAFDIW_CQQRSNWPLTF;CAKEDYNSGSCLDYW_CQQLNSYPQVTF;CAQIAAAGTMGFDYW_CQQRSNWPSLTF;CAKVRGIVGATPCYFDYW_CQVWDSSSDHPVF;CTTEVCSGYDCDLGDYW_CQQRSNWPTF;CARSVDTAMGNAHDW_CQQYGSSPPTF;CAKDRGYRGDYSNWFDPW_CQQYNSYPRTF;CARDRPPYSNYVIYGMDVW_CQQRSNWPPLTF;CAKPSIVATIWAFDYW_CQQYDNLPPITF;CARDHKQWRVSYVWFDPW_CQQRNTWPRPTF;CAKGRYSSSWYEDWYFDLW_CQQRSNWPPLTF;CARDISKGAAGTGDWFDPW_CQQRSNWPLTF;CAKDAEGQGPVLLWLGGMDVW_CQQYNSYSYTF;CATGIAVAGTLGYYGMDVW_CQQYNNWPRFTF;CAKGTHYYGSGSMWGMDVW_CQQRSNWPPYTF;CAREGEITMIVANDAFDIW_CQQSYSTPPTF;CATSDWSW_CQQRINWPITF;CAKASVAVAGTGGMDVW_CQVWDSSSDHVVF;CAKFFVVLSFWSGYYDYW_CQQLNSYPQTF;CAKGRNFVVVTAICDYW_CQQYGSSPLTF;CAKSLKLFAIDYW_CQSADSSGTYWVF;CANDRDASSAWYGPVGYW_CQQHYSTPGTF;CAKGGYCSGGSCPLDYYYGMDVW_CMQALQTPLTF;CARARSSGWYHYW_CQQRSNWPPTF;CAKDHDEGATTYFDYW_CQAWDSSTVVF;CAKDSRYSLLIAVAGTEDYW_CQQRSNWPWTF;CAKDRGPAEKYYYDSSGTQLIGAFDIW_CQQYYSYPPGTF;CAKVEGIWFGELSDFYYYYGMDVW_CQQRSNWPLTF;CAKALHAAVVGPAAIPFDYW_CSSYVGSNNYVF;CAKDHLMITFGGVGQGVPWFDPW_CQKYNSAPRTF;CAKAEGVKYNWNYGDYW_CQQSGSSPPTF;CATDLNLAVAGEGGYW_CQQRSNWPLTF;CARDSYDFWSGYTPPNYYYYYGMDVW_CQQRSNWYTF;CAKETLGAVDYW_CCSYAGSSRVF;CAKAAMVRGVIDWYFDLW_CQQYYSYPPFTF;CASATTVSHW_CQQRSNWPLTF;CAKGGGADFDHW_CQQYSIWPLSF;CAKDRDGYNADDAFDIW_CQQSYSTPLTF;CAKSYGSGSYYRTSEYYFDYW_CQQYNNWPPGTF;CARDCSSTSCLAYW_CQLRSNWPTF;CAKRDSSSWGWDRGAFDIW_CQQLNSYPGFTF;CAKGFDYYGSGSYSPFDYW_CQQYNNWPPEYTF;CARHEKGIAAAVYYFDYW_CQQRSNWPLTF;CAKDGRWELGTFDIW_CQQYDNLPQF;CAKDRRLGPWIPDYW_CQQYDNLPQAF;CAKDVTDGYNIPYYFDSW_CQQRSNWPLTF;CAKDRCTITSCSYQNW_CMQALQIPPTF;CAKDRSFDYPDYW_CQQYYSFPYTF;CTSWAIPQALTDYYYYGMDVW_CQQRSNWPPSITF;CAKLGEEDGSGSPSYYYYGMDVW_CQQYNNWPPLTF;CAKILYSSGWWGGAFDIW_CQQYNSYPLTF;CAKDDDRGYGWFGELLGRYGMDVW_CQQRSNWLLTF;CAKDKASSWQDRYYYYGMDVW_CVLYMGSGIRVF;CAKVGVGATSHFDYW_CQQSYSTPRYTF;CAKDLPRSVVVTANSYYYGMDVW_CQQYNSYPVTF;CTTPTWGNYYYYGMDVW_CQQRSTGRDTF;CARVFRRYGSGSYYNLW_CQQRSNWLTF;CARDPGDYVEIEWYFDLW_CQQRSNWPRLTF	0	NA
18	55	CARETTPVVTASTYYYYYGMDVW_CSSYTSSSTWVF;CARDWVRGVNDMDVW_CSSYTSSSTRVF;CTRPQRKWELPYPDAFDIW_CSSYTSSSTLF;CARGGAAVTTYYYYFYGMDAW_CCSYSSTNTLYVF;CARDGSGYLEQYYFDYW_CAAWDDSLNGYVF;CARGQGRTTSDYW_CSSYTSSSTLVVF;CARDPITMVRGVIISGWYFDLW_CSSYTSSSTLDVVF;CAKGADPYYDFWSGYSELFPLGMDVW_CSSYTSSSTVVF;CAREFKSFWSGYGDYYYGMDVW_CSSYTSSSTRVF;CARVVDDYYDSSGRYYFDYW_CSSYTSSSTQVF;CARHPFRVFGGWRDYW_CSSYTSSSTLWVF;CTGPDRMAYYDSSGYWEGVLDYW_CSSYTSSSPLYVF;CTRCGSSWTSYTMYDW_CSSYTGSRLYVF;CAKASLYGSGSYPPKYW_CSSYTSSSTYVF;CARDRPALWFGELHGMDVW_CSSYTSSSTLVF;CAKDHWEYYWYFDLW_CSSYTSSSTLVF;CARQISILRLLVWFDPW_CSSYTSSRGVF;CARHSPPRLWFGAFNYYYGMDVW_CSSYTGSSTLVF;CARRIAVAATVTGAMDVW_CTSYTSSSTLVF;CARYYDILTGYYYDYFDYW_CSSYTSSSTSF;CAKDPRLGPYFDYW_CSSYTSSSTRVF;CARILSDYYDSIGAFDYW_CSSYTSSSTPVVF;CARDRVAIMRGIKPNGMDVW_CQQLNSYPQTF;CARELTGDRDYW_CNSYTRSSTYVF;CARVNTMVRGLSTTKYYYPMDVW_CSSYTLSILIF;CARGGLPLGYCSGGSCSRRYYGMDVW_CSSYTSSSTLVVF;CARVEYGDYSGWFDPW_CSSYTSSSTWVF;CARGINYCSGGSCYYYYYYGMDVW_CSSYTSSSTLEGVF;CAREGPSRPAANYW_CSSYTSSSTEVF;CVRDQGSGGNYFDPW_CSSYTSSSLYVF;CARDDYYYDSSGYYPRFDYW_CSSYTSSSTLGVF;CARGSRYSYGDPCFDYW_CSSYTSSSTPVVVF;CARYYQDRFDYW_CSSYTSSSTLEVF;CARGPYDILTGSIYYYGMDVW_CSSYTSSSTLIF;CARDLGWSEGNYYYYGMDVW_CSSYTSSSTYVF;CAYDSSGYSLDYW_CQQYGSSPF;CARDQGTAAKPLDYW_CSSYTSSSTRVF;CARGGYSGYESDYW_CSSYTSSSTRVF;CARSSVGRQWPKGMDVW_CSSYTSSSTLAF;CAKDIRGRMATIMSW_CSSYTSSSTLVVF;CARVELHYYYYYGMDVW_CSSYTSSSTLF;CARGMIVVVMRYGMDVW_CSSYTSSSPVVF;CAKGILRYFDWHLEGMDVW_CSSYRNISTVF;CAKDIVSYSNYVLSNW_CSSYTSSSTQHVVF;CARHGSYLGYFQHW_CSSYTSSSTVVF;CAKDKGPDYYYGMDVW_CSSYTSSSTLYVF;CARSMVRGKYRAEYFQHW_CSSYTSSSTLNVVF;CATLSGMDVW_CSSYTSSSTLVVF;CAREGRPPRKPKNNWFDPW_CSSYAGSNNLVF;CARGYSYGPFDYW_CSSYTSSSTLVVF;CASPITTVTTRGAFDIW_CSSYTSSSTFYVF;CAETSYCSGGSCPMSEYGPVFDPW_CSSYTSSSTPWVF;CAKDCGEPWYNWNDGIGYW_CSSYTSSSTWVF;CARDSRLGGVDPW_CSSYTSSSTRVF;CAKAPGGYNWDNYHYYYFAMDVW_CSSYTSSSTLYVF	16	68	CARQVGVGKWYLEDW_CCSYASGDNLVF;CARLIKYSGSYEMVDYW_CAAWDDSLNGYYVF;CARGGFITMIGYGMDVW_CQQYDNLPFTF;CARDLRWCSGGSCYGNYYGMDVW_CAAWDDSLNGQVF;CARDGRDYYDSSGYYYDDAFDIW_CQSADSSGTVVF;CARDHPLMVRENLGFDPW_CAAWDDSLNGPVF;CARDLRNYYDFWSGSPNPKINWFDPW_CQKYNSAPLTF;CARDLPAARYGDYGGFDYW_CAAWDDSLNGVVF;CARDLFPIQYGSEPYGMDVW_CQQYGSSPRTF;CARDIGPLDVW_CQVWDSSSDHRVF;CARDQGDGDYGAFDIW_CQQSYSTSSWTF;CARILEIVDPSGSYQYYFDYW_CGTWDSSLSAVVF;CARDGHYSGSYYVGYW_CCSYAGSYTYWVF;CAREEYSSSWHPYYFDYW_CGTWDSSLSAYVF;CAKDFRGWFDPW_CATWDDSLNGWVF;CARDRSGGSWFDPW_CVLYMGSGVF;CARASTAAYYYYYYGMDVW_CAAWDDSLNGHVVF;CAHHLSFGGNWAFAHW_CAAWDDSLNGSYVF;CASNLGYCSSISCYGFDYW_CQQYGSSPLYTF;CAKELPYYDSSGGPEYW_CAAWDDSLNGWVF;CARGEDYYGSGSYYGMDVW_CQAWDSNTVIF;CARVLGITGTTRRFDYW_CQQYYSYPFTF;CARDREQLAPFDYW_CQSADSSGTYVF;CAKDLIDTMIVVVITPPFDYW_CAAWDDSLNWVF;CARGGHLWSEEVMNRFYYYLGMDVW_CGAWDGSLNGYVF;CARDGYSGYDRADYYYYYGMDVW_CQSYDSSLSGSRVF;CARDHIAVAATPAEYYYYGMDVW_CQAWDSSTVVF;CARARDRQGAYYYGSGSYVPYYYYGMDVW_CCSYAGSSPWVF;CARQNFDILTGYSIDYW_CAAWDDSLNGLYVF;CARDNSGSYVVEYYFDYW_CAAWDDSLNGWVF;CARQYVEWLREMDVW_CAAWDDRLNGWVF;CARNYYYDSSGSGFDYW_CQQANSFPPTF;CAHRHHCSSTSCSPWDDWFDPW_CAAWDDSLNGPVF;CARQNFDILTGYSIDYW_CAAWDDSLNGLYVF;CAKTQVDGKALWFEPW_CATWDSILSGWIF;CARELLWFGEGINWFDPW_CAAWDDSLNGVVF;CARHNTITLRYFDWTKLGYFDLW_CAAWDDSLNGVVF;CARDRYDYGDYPAEYFQHW_CAAWDDSLNGVVF;CAREQLGGFDYW_CAAWDDSLSVVVF;CAIIPLATPVTIIMDYW_CMQSIQLPPQPTF;CAREQQLVPYYYYGMDVW_CAAWDDSLNGWVF;CARDGAGHYGSGSYFGSW_CATWDDSLNGFVIF;CASRTNHYYDIQRHYW_CQQSYSTPGVTF;CARHIMVRGVPPNFDYW_CAAWDDSLNGPVF;CASTGGGSYPILNW_CQQYYSYPLTF;CARGGPYPINSGYYYEVDYW_CAAWDDSLNGRYVF;CARGPNDAFDVW_CQQYARSPPWTF;CAHHASFGGNWAFAHW_CAAWDDSLNGSYVF;CARDRGYGSGSYFSGFDYW_CQQYNNWPPRTF;CARERGMYSSGWYNWFDPW_CQQYYSYPYTF;CARGGDGYNYHPYW_CQKYNSAPTF;CAKDSIPIYDSSGTTFDYW_CAAWDDSLNGWVF;CARDQRSYADYW_CQQYYSYPQTF;CARDLQRGYSYGYW_CAAWDDSLNGVVF;CARDIHGNGALYYYYGMDVW_CAAWDDSLNGLYVF;CARDNIVVVPAAMFEASDYYYGMDVW_CMQALQTPYTF;CARDELRQLVLW_CQSYDSSNPWVF;CARSYGSGSYPRPSPLAWFDPW_CAAWDDSLNGPVF;CARDLIGFGASFDYW_CQQYNNWPPYTF;CARMMGTYYGDHPTIVGYFDYW_CQQYNNWPLTF;CARDGLDYDSNAIDYW_CQQYDNLPYTF;CARHGGDCGLDCYSNWFDPW_CQHWTF;CAREPADSSSLW_CQSYDSSNWVF;CARSGQWLEGWFDPW_CQQYNSYSPTF;CAREGREGGGFDYW_CAAWDDSLSGWVF;CARFVPGGYDGFDIW_CASWDKNLNAFVF;CARDPVPVILGYCSGGRCSPLDYW_CQNYNSAPRTF;CAKDWDDYDSESGVYNYYGMDVW_CSAWDDSLNGVVF	0	NA
18	55	CARETTPVVTASTYYYYYGMDVW_CSSYTSSSTWVF;CARDWVRGVNDMDVW_CSSYTSSSTRVF;CTRPQRKWELPYPDAFDIW_CSSYTSSSTLF;CARGGAAVTTYYYYFYGMDAW_CCSYSSTNTLYVF;CARDGSGYLEQYYFDYW_CAAWDDSLNGYVF;CARGQGRTTSDYW_CSSYTSSSTLVVF;CARDPITMVRGVIISGWYFDLW_CSSYTSSSTLDVVF;CAKGADPYYDFWSGYSELFPLGMDVW_CSSYTSSSTVVF;CAREFKSFWSGYGDYYYGMDVW_CSSYTSSSTRVF;CARVVDDYYDSSGRYYFDYW_CSSYTSSSTQVF;CARHPFRVFGGWRDYW_CSSYTSSSTLWVF;CTGPDRMAYYDSSGYWEGVLDYW_CSSYTSSSPLYVF;CTRCGSSWTSYTMYDW_CSSYTGSRLYVF;CAKASLYGSGSYPPKYW_CSSYTSSSTYVF;CARDRPALWFGELHGMDVW_CSSYTSSSTLVF;CAKDHWEYYWYFDLW_CSSYTSSSTLVF;CARQISILRLLVWFDPW_CSSYTSSRGVF;CARHSPPRLWFGAFNYYYGMDVW_CSSYTGSSTLVF;CARRIAVAATVTGAMDVW_CTSYTSSSTLVF;CARYYDILTGYYYDYFDYW_CSSYTSSSTSF;CAKDPRLGPYFDYW_CSSYTSSSTRVF;CARILSDYYDSIGAFDYW_CSSYTSSSTPVVF;CARDRVAIMRGIKPNGMDVW_CQQLNSYPQTF;CARELTGDRDYW_CNSYTRSSTYVF;CARVNTMVRGLSTTKYYYPMDVW_CSSYTLSILIF;CARGGLPLGYCSGGSCSRRYYGMDVW_CSSYTSSSTLVVF;CARVEYGDYSGWFDPW_CSSYTSSSTWVF;CARGINYCSGGSCYYYYYYGMDVW_CSSYTSSSTLEGVF;CAREGPSRPAANYW_CSSYTSSSTEVF;CVRDQGSGGNYFDPW_CSSYTSSSLYVF;CARDDYYYDSSGYYPRFDYW_CSSYTSSSTLGVF;CARGSRYSYGDPCFDYW_CSSYTSSSTPVVVF;CARYYQDRFDYW_CSSYTSSSTLEVF;CARGPYDILTGSIYYYGMDVW_CSSYTSSSTLIF;CARDLGWSEGNYYYYGMDVW_CSSYTSSSTYVF;CAYDSSGYSLDYW_CQQYGSSPF;CARDQGTAAKPLDYW_CSSYTSSSTRVF;CARGGYSGYESDYW_CSSYTSSSTRVF;CARSSVGRQWPKGMDVW_CSSYTSSSTLAF;CAKDIRGRMATIMSW_CSSYTSSSTLVVF;CARVELHYYYYYGMDVW_CSSYTSSSTLF;CARGMIVVVMRYGMDVW_CSSYTSSSPVVF;CAKGILRYFDWHLEGMDVW_CSSYRNISTVF;CAKDIVSYSNYVLSNW_CSSYTSSSTQHVVF;CARHGSYLGYFQHW_CSSYTSSSTVVF;CAKDKGPDYYYGMDVW_CSSYTSSSTLYVF;CARSMVRGKYRAEYFQHW_CSSYTSSSTLNVVF;CATLSGMDVW_CSSYTSSSTLVVF;CAREGRPPRKPKNNWFDPW_CSSYAGSNNLVF;CARGYSYGPFDYW_CSSYTSSSTLVVF;CASPITTVTTRGAFDIW_CSSYTSSSTFYVF;CAETSYCSGGSCPMSEYGPVFDPW_CSSYTSSSTPWVF;CAKDCGEPWYNWNDGIGYW_CSSYTSSSTWVF;CARDSRLGGVDPW_CSSYTSSSTRVF;CAKAPGGYNWDNYHYYYFAMDVW_CSSYTSSSTLYVF	17	1	CARHGINYYDSSGYSGNDAFDIW_CQQYDNLFTF	0	NA
18	55	CARETTPVVTASTYYYYYGMDVW_CSSYTSSSTWVF;CARDWVRGVNDMDVW_CSSYTSSSTRVF;CTRPQRKWELPYPDAFDIW_CSSYTSSSTLF;CARGGAAVTTYYYYFYGMDAW_CCSYSSTNTLYVF;CARDGSGYLEQYYFDYW_CAAWDDSLNGYVF;CARGQGRTTSDYW_CSSYTSSSTLVVF;CARDPITMVRGVIISGWYFDLW_CSSYTSSSTLDVVF;CAKGADPYYDFWSGYSELFPLGMDVW_CSSYTSSSTVVF;CAREFKSFWSGYGDYYYGMDVW_CSSYTSSSTRVF;CARVVDDYYDSSGRYYFDYW_CSSYTSSSTQVF;CARHPFRVFGGWRDYW_CSSYTSSSTLWVF;CTGPDRMAYYDSSGYWEGVLDYW_CSSYTSSSPLYVF;CTRCGSSWTSYTMYDW_CSSYTGSRLYVF;CAKASLYGSGSYPPKYW_CSSYTSSSTYVF;CARDRPALWFGELHGMDVW_CSSYTSSSTLVF;CAKDHWEYYWYFDLW_CSSYTSSSTLVF;CARQISILRLLVWFDPW_CSSYTSSRGVF;CARHSPPRLWFGAFNYYYGMDVW_CSSYTGSSTLVF;CARRIAVAATVTGAMDVW_CTSYTSSSTLVF;CARYYDILTGYYYDYFDYW_CSSYTSSSTSF;CAKDPRLGPYFDYW_CSSYTSSSTRVF;CARILSDYYDSIGAFDYW_CSSYTSSSTPVVF;CARDRVAIMRGIKPNGMDVW_CQQLNSYPQTF;CARELTGDRDYW_CNSYTRSSTYVF;CARVNTMVRGLSTTKYYYPMDVW_CSSYTLSILIF;CARGGLPLGYCSGGSCSRRYYGMDVW_CSSYTSSSTLVVF;CARVEYGDYSGWFDPW_CSSYTSSSTWVF;CARGINYCSGGSCYYYYYYGMDVW_CSSYTSSSTLEGVF;CAREGPSRPAANYW_CSSYTSSSTEVF;CVRDQGSGGNYFDPW_CSSYTSSSLYVF;CARDDYYYDSSGYYPRFDYW_CSSYTSSSTLGVF;CARGSRYSYGDPCFDYW_CSSYTSSSTPVVVF;CARYYQDRFDYW_CSSYTSSSTLEVF;CARGPYDILTGSIYYYGMDVW_CSSYTSSSTLIF;CARDLGWSEGNYYYYGMDVW_CSSYTSSSTYVF;CAYDSSGYSLDYW_CQQYGSSPF;CARDQGTAAKPLDYW_CSSYTSSSTRVF;CARGGYSGYESDYW_CSSYTSSSTRVF;CARSSVGRQWPKGMDVW_CSSYTSSSTLAF;CAKDIRGRMATIMSW_CSSYTSSSTLVVF;CARVELHYYYYYGMDVW_CSSYTSSSTLF;CARGMIVVVMRYGMDVW_CSSYTSSSPVVF;CAKGILRYFDWHLEGMDVW_CSSYRNISTVF;CAKDIVSYSNYVLSNW_CSSYTSSSTQHVVF;CARHGSYLGYFQHW_CSSYTSSSTVVF;CAKDKGPDYYYGMDVW_CSSYTSSSTLYVF;CARSMVRGKYRAEYFQHW_CSSYTSSSTLNVVF;CATLSGMDVW_CSSYTSSSTLVVF;CAREGRPPRKPKNNWFDPW_CSSYAGSNNLVF;CARGYSYGPFDYW_CSSYTSSSTLVVF;CASPITTVTTRGAFDIW_CSSYTSSSTFYVF;CAETSYCSGGSCPMSEYGPVFDPW_CSSYTSSSTPWVF;CAKDCGEPWYNWNDGIGYW_CSSYTSSSTWVF;CARDSRLGGVDPW_CSSYTSSSTRVF;CAKAPGGYNWDNYHYYYFAMDVW_CSSYTSSSTLYVF	20	44	CARDQEYSSGWDGPDYYYYYGMDVW_CQQSYSTPQTF;CARDDRFGGDTLGWFDPW_CQSYDSSLSGSGYVF;CAREGWGLGYCSSTSCYTGPFGYW_CQQYGSSPPYTF;CARDRLDGYNSFYYGMDVW_CQSYDSSLSGSVF;CARDAGRDGNEYYFDYW_CQQYNSYLYTF;CARDRGQWLVREEDYYYGMDVW_CQQYYSTPLTF;CARIWAVAADHSFDYW_CQQYNNWPPWTF;CARDKGATFDYW_CQQSYSTPYTF;CARDRWSLHIVGASPRGPSFDYW_CQQANSFPVTF;CASGSSDRYSSGWYWGYFDYW_CQAWDSSTVVF;CARAEIYGSGSKYYYYGMDVW_CQSADSSGTYYVF;CARGPDRFSGSYDNWFDPW_CQHTRAF;CARDIVRDFDWPGVGYW_CAAWDDSLNGYVF;CARGWSGYSSSLHPYYFDYW_CCSYAGSSTTLVF;CARDLYSGYSYGSAVYW_CQQRSNWPIF;CARESPFGGQSVAVGGTPDYW_CCSYAGSGTFVF;CARGPGYCSGGSCYGMFDYW_CQSADSSGTYVVF;CARGTRRDGYNLIYW_CQQYDNPPLTF;CARAVPARPEYCGGDCYIYYYGMDVW_CQSADSSGTYWVF;CVLYYGSGSYYRFDYW_CQSYDSSLSAVF;CARDSSSPATRHFDYW_CMQATQFPYTF;CARGRGRYYDSSGEW_CQQYNSYPYTF;CARESRPTVTTRTTSGMDVW_CLQHNSYPRTF;CARDIGYSSGWYWTPGVNYYYGMDVW_CQQYGSSPWTF;CARDRGVGARHFDYW_CQQYNNWPPWTF;CGRAAISVLRKMPPTFW_CQQYGSSPYTF;CARETYYYDSSGYYGPHAFDIW_CLLSYSGARVF;CARDSEIFGSSWYSYFDYW_CQQYNSYSYTF;CARTYVWGEVDYYYYGMDVW_CLQHNSYPWTF;CARVYSYGYRYFDYW_CQQSYSTLWTF;CARDGGYSYGYAQGYYGMDVW_CQSADSSGTHVVF;CARDRSAERRGYFDYW_CNSRDSSGNHYVF;CARVKSGGSSSLRQDAFDIW_CQQRSNWPYTF;CAREDSSGWLEFPNWFDPW_CCSYAGSSTYVF;CAREGEQWLDGAFDYW_CQSADSSGTYKVF;CARDGGGWYGLVDYW_CQQYNNWPLTF;CARGNDAFDIW_CQQYNSYSGTF;CARDGKPSKTFDYW_CQQSYSTPLTF;CARDCGGPVTTTTNDAFDIW_CQQYYSYPRTF;CARDCDGGCDYW_CQSADSSGTYRVF;CARGGDYYYGMDVW_CQQYNNWPLTF;CARALSLGPRTYYYDSPQRGHDAFDIW_CQQSYSTSWTF;CARGETYYYDSSGYYWGYYFDYW_CQQYNSYPLTF;CARDQQWLGDFDYW_CSSYAGSNNLWVF	0	NA
18	55	CARETTPVVTASTYYYYYGMDVW_CSSYTSSSTWVF;CARDWVRGVNDMDVW_CSSYTSSSTRVF;CTRPQRKWELPYPDAFDIW_CSSYTSSSTLF;CARGGAAVTTYYYYFYGMDAW_CCSYSSTNTLYVF;CARDGSGYLEQYYFDYW_CAAWDDSLNGYVF;CARGQGRTTSDYW_CSSYTSSSTLVVF;CARDPITMVRGVIISGWYFDLW_CSSYTSSSTLDVVF;CAKGADPYYDFWSGYSELFPLGMDVW_CSSYTSSSTVVF;CAREFKSFWSGYGDYYYGMDVW_CSSYTSSSTRVF;CARVVDDYYDSSGRYYFDYW_CSSYTSSSTQVF;CARHPFRVFGGWRDYW_CSSYTSSSTLWVF;CTGPDRMAYYDSSGYWEGVLDYW_CSSYTSSSPLYVF;CTRCGSSWTSYTMYDW_CSSYTGSRLYVF;CAKASLYGSGSYPPKYW_CSSYTSSSTYVF;CARDRPALWFGELHGMDVW_CSSYTSSSTLVF;CAKDHWEYYWYFDLW_CSSYTSSSTLVF;CARQISILRLLVWFDPW_CSSYTSSRGVF;CARHSPPRLWFGAFNYYYGMDVW_CSSYTGSSTLVF;CARRIAVAATVTGAMDVW_CTSYTSSSTLVF;CARYYDILTGYYYDYFDYW_CSSYTSSSTSF;CAKDPRLGPYFDYW_CSSYTSSSTRVF;CARILSDYYDSIGAFDYW_CSSYTSSSTPVVF;CARDRVAIMRGIKPNGMDVW_CQQLNSYPQTF;CARELTGDRDYW_CNSYTRSSTYVF;CARVNTMVRGLSTTKYYYPMDVW_CSSYTLSILIF;CARGGLPLGYCSGGSCSRRYYGMDVW_CSSYTSSSTLVVF;CARVEYGDYSGWFDPW_CSSYTSSSTWVF;CARGINYCSGGSCYYYYYYGMDVW_CSSYTSSSTLEGVF;CAREGPSRPAANYW_CSSYTSSSTEVF;CVRDQGSGGNYFDPW_CSSYTSSSLYVF;CARDDYYYDSSGYYPRFDYW_CSSYTSSSTLGVF;CARGSRYSYGDPCFDYW_CSSYTSSSTPVVVF;CARYYQDRFDYW_CSSYTSSSTLEVF;CARGPYDILTGSIYYYGMDVW_CSSYTSSSTLIF;CARDLGWSEGNYYYYGMDVW_CSSYTSSSTYVF;CAYDSSGYSLDYW_CQQYGSSPF;CARDQGTAAKPLDYW_CSSYTSSSTRVF;CARGGYSGYESDYW_CSSYTSSSTRVF;CARSSVGRQWPKGMDVW_CSSYTSSSTLAF;CAKDIRGRMATIMSW_CSSYTSSSTLVVF;CARVELHYYYYYGMDVW_CSSYTSSSTLF;CARGMIVVVMRYGMDVW_CSSYTSSSPVVF;CAKGILRYFDWHLEGMDVW_CSSYRNISTVF;CAKDIVSYSNYVLSNW_CSSYTSSSTQHVVF;CARHGSYLGYFQHW_CSSYTSSSTVVF;CAKDKGPDYYYGMDVW_CSSYTSSSTLYVF;CARSMVRGKYRAEYFQHW_CSSYTSSSTLNVVF;CATLSGMDVW_CSSYTSSSTLVVF;CAREGRPPRKPKNNWFDPW_CSSYAGSNNLVF;CARGYSYGPFDYW_CSSYTSSSTLVVF;CASPITTVTTRGAFDIW_CSSYTSSSTFYVF;CAETSYCSGGSCPMSEYGPVFDPW_CSSYTSSSTPWVF;CAKDCGEPWYNWNDGIGYW_CSSYTSSSTWVF;CARDSRLGGVDPW_CSSYTSSSTRVF;CAKAPGGYNWDNYHYYYFAMDVW_CSSYTSSSTLYVF	21	37	CARDRDGAFAIW_CAIWYSNTHVIF;CASRVHGLVTVTTGGAFDIW_CQQYYSYPPAF;CARGGDPTWFDPW_CCSYAGSSIVVF;CARAGAVARGYFDYW_CQQYYSFPPTF;CARGRGAAAGTSILNYW_CQQYYSTPLGF;CARGGRVWSQATPTKNWFDPW_CQQYNNWPPWTF;CARKSGPPQYRYFDYW_CQQSYSTPLHF;CARGVGGCSSTSCYTRGYYGMDVW_CQQANSFLTF;CARGVRVAPIDYW_CAAWDDSLWVF;CARGPVYYYGSGSYYYFDYW_CLQDYNYPFTF;CARGTRGRSSGYYSNW_CQQYNNWPPYTF;CARGRSSGYYPHFDYW_CNSRDSSGNHYVF;CARGGRYCSGGSCYNWFDPW_CLQDYNYPWTF;CARVDNVWTTWGYW_CQQSYSTPPTF;CARDRVHDYVWGSYRDLDYW_CQQSYSTLMYTF;CARGPIVVVIAASPYYYYGMDVW_CQQRSNWPPGCTF;CARRYSYGYKRLSGWIWYFDLW_CAAWDDSLNGYVF;CASSGWFDPW_CAAWDDSLSGRVF;CARSLGPEFYYFDYW_CQQSYSTPWTF;CARGMGSSSWYPNTKLVNWFDPW_CQQYYSTPPTF;CARGEYGDYAFDYW_CAAWDDSLNGYVF;CARGTIAVAGKRYYYFDYW_CQVWDSSSDHHVVF;CARALYYDILTGYYPRYYFDYW_CQQLNSYPITF;CARGSGYYVGSYFDYW_CNSRDSSGNHPPVVF;CARDLPAVYYYGMDVW_CQQSYSTLFTF;CARGNTRLRGYSYGLQMARGGYGMDVW_CQQYGSSPGTF;CASSAPPYGHFDYW_CNSRDSSGNHVVF;CARSVTGTMGIYYYGMDVW_CQQYGSSRGTF;CARGRGYYGSGSYFSFSYYYGMDVW_CAAWDDSLNGQVF;CARDRRGYSYGYPWFDPW_CNSRDSSGNHRVF;CARGRVYGDYVFWFDPW_CQQSYSTPLTF;CARAYGMDVW_CQKYNSAPYTF;CARGTRGRSSGYYSNW_CQQYNNWPPYTF;CASLERVRRFYYYYGMDVW_CLLYYGGARVF;CARYNWNLNFDYW_CAAWDDSLNANYVF;CSIHPYYYDSSSHSEYFQHW_CQQYDNLPPAF;CARGSPYCSGGSCYLNWFDPW_CQQYYSYPRTF	0	NA
18	55	CARETTPVVTASTYYYYYGMDVW_CSSYTSSSTWVF;CARDWVRGVNDMDVW_CSSYTSSSTRVF;CTRPQRKWELPYPDAFDIW_CSSYTSSSTLF;CARGGAAVTTYYYYFYGMDAW_CCSYSSTNTLYVF;CARDGSGYLEQYYFDYW_CAAWDDSLNGYVF;CARGQGRTTSDYW_CSSYTSSSTLVVF;CARDPITMVRGVIISGWYFDLW_CSSYTSSSTLDVVF;CAKGADPYYDFWSGYSELFPLGMDVW_CSSYTSSSTVVF;CAREFKSFWSGYGDYYYGMDVW_CSSYTSSSTRVF;CARVVDDYYDSSGRYYFDYW_CSSYTSSSTQVF;CARHPFRVFGGWRDYW_CSSYTSSSTLWVF;CTGPDRMAYYDSSGYWEGVLDYW_CSSYTSSSPLYVF;CTRCGSSWTSYTMYDW_CSSYTGSRLYVF;CAKASLYGSGSYPPKYW_CSSYTSSSTYVF;CARDRPALWFGELHGMDVW_CSSYTSSSTLVF;CAKDHWEYYWYFDLW_CSSYTSSSTLVF;CARQISILRLLVWFDPW_CSSYTSSRGVF;CARHSPPRLWFGAFNYYYGMDVW_CSSYTGSSTLVF;CARRIAVAATVTGAMDVW_CTSYTSSSTLVF;CARYYDILTGYYYDYFDYW_CSSYTSSSTSF;CAKDPRLGPYFDYW_CSSYTSSSTRVF;CARILSDYYDSIGAFDYW_CSSYTSSSTPVVF;CARDRVAIMRGIKPNGMDVW_CQQLNSYPQTF;CARELTGDRDYW_CNSYTRSSTYVF;CARVNTMVRGLSTTKYYYPMDVW_CSSYTLSILIF;CARGGLPLGYCSGGSCSRRYYGMDVW_CSSYTSSSTLVVF;CARVEYGDYSGWFDPW_CSSYTSSSTWVF;CARGINYCSGGSCYYYYYYGMDVW_CSSYTSSSTLEGVF;CAREGPSRPAANYW_CSSYTSSSTEVF;CVRDQGSGGNYFDPW_CSSYTSSSLYVF;CARDDYYYDSSGYYPRFDYW_CSSYTSSSTLGVF;CARGSRYSYGDPCFDYW_CSSYTSSSTPVVVF;CARYYQDRFDYW_CSSYTSSSTLEVF;CARGPYDILTGSIYYYGMDVW_CSSYTSSSTLIF;CARDLGWSEGNYYYYGMDVW_CSSYTSSSTYVF;CAYDSSGYSLDYW_CQQYGSSPF;CARDQGTAAKPLDYW_CSSYTSSSTRVF;CARGGYSGYESDYW_CSSYTSSSTRVF;CARSSVGRQWPKGMDVW_CSSYTSSSTLAF;CAKDIRGRMATIMSW_CSSYTSSSTLVVF;CARVELHYYYYYGMDVW_CSSYTSSSTLF;CARGMIVVVMRYGMDVW_CSSYTSSSPVVF;CAKGILRYFDWHLEGMDVW_CSSYRNISTVF;CAKDIVSYSNYVLSNW_CSSYTSSSTQHVVF;CARHGSYLGYFQHW_CSSYTSSSTVVF;CAKDKGPDYYYGMDVW_CSSYTSSSTLYVF;CARSMVRGKYRAEYFQHW_CSSYTSSSTLNVVF;CATLSGMDVW_CSSYTSSSTLVVF;CAREGRPPRKPKNNWFDPW_CSSYAGSNNLVF;CARGYSYGPFDYW_CSSYTSSSTLVVF;CASPITTVTTRGAFDIW_CSSYTSSSTFYVF;CAETSYCSGGSCPMSEYGPVFDPW_CSSYTSSSTPWVF;CAKDCGEPWYNWNDGIGYW_CSSYTSSSTWVF;CARDSRLGGVDPW_CSSYTSSSTRVF;CAKAPGGYNWDNYHYYYFAMDVW_CSSYTSSSTLYVF	22	30	CARDEGIAARTRGETHYYYYGMDVW_CQQYYSTPYTF;CAREPPDLTMVRTKGVRWFDPW_CQQYYSNPLTF;CARDEMVRRDGYNFAFDIW_CQQYYSTPPLTF;CAKDGIVFYGSGSYNDYW_CQQYYETPTF;CARVRGAFGEPPPYNWFDPW_CQSADSSGTYYVF;CARGGLYSSSWSVHSTFQHW_CQQYGSSPRTF;CARDLGARDGYNKFDYW_CQQYYSTPALTF;CAHTPGSGQKGSIYW_CQQYYSTPWTF;CARLGPYGSGSYSPVDYW_CQQYYSNPQAF;CARGAAAGTLDAFDIW_CQQYYSTPLTF;CAADRIRGSSANYDYGMDVW_CQQYYSLRTF;CTRGGGALGNW_CQQYYSIPWTF;CARGPGIYGDYGGGRPGYFDYW_CQQYYSTPPITF;CARGPSRSYNVYYFDYW_CQQYYSTGTF;CARGRGARYDYGYGLVPNYFDYW_CQQHSSSPPTF;CARGPMTTVATPRTQYFQFW_CQQYYSTPWTF;CSKDWAATGREIGYW_CQQYYRTPYTF;CARRDCSGGSTQSLPQRHLTCYYGMDVW_CQQYYSTLYTF;CARDQYSSGWYLGGWGYFDYW_CQQYYSTLRTF;CARGVVGHPHLIDFW_CQQYYHMGTF;CARQDCSGGSCYLDYW_CQVWDSSSDHPVF;CAKGYSSSWYYNYGMDVW_CQQYYSTPTF;CARDRYFGPW_CQQYYSTPWTF;CARITMIGGAFDIW_CQQYYSTPSITF;CVRGGSGTLSWYDSW_CQQYLSSPDTF;CTRDLLVNWNDPGLISYYNSFDVW_CQQYYNSPRTF;CARSDDNGDYVFNYW_CQQYYSTPPTF;CARELASHLGDYFDYW_CQQYYSTPPKTF;CARKARQWEVAIDSW_CHQYYTTPLF;CSVYDSSGYLYGAFDIW_CQQYYSTPLTF	0	NA
20	44	CARDQEYSSGWDGPDYYYYYGMDVW_CQQSYSTPQTF;CARDDRFGGDTLGWFDPW_CQSYDSSLSGSGYVF;CAREGWGLGYCSSTSCYTGPFGYW_CQQYGSSPPYTF;CARDRLDGYNSFYYGMDVW_CQSYDSSLSGSVF;CARDAGRDGNEYYFDYW_CQQYNSYLYTF;CARDRGQWLVREEDYYYGMDVW_CQQYYSTPLTF;CARIWAVAADHSFDYW_CQQYNNWPPWTF;CARDKGATFDYW_CQQSYSTPYTF;CARDRWSLHIVGASPRGPSFDYW_CQQANSFPVTF;CASGSSDRYSSGWYWGYFDYW_CQAWDSSTVVF;CARAEIYGSGSKYYYYGMDVW_CQSADSSGTYYVF;CARGPDRFSGSYDNWFDPW_CQHTRAF;CARDIVRDFDWPGVGYW_CAAWDDSLNGYVF;CARGWSGYSSSLHPYYFDYW_CCSYAGSSTTLVF;CARDLYSGYSYGSAVYW_CQQRSNWPIF;CARESPFGGQSVAVGGTPDYW_CCSYAGSGTFVF;CARGPGYCSGGSCYGMFDYW_CQSADSSGTYVVF;CARGTRRDGYNLIYW_CQQYDNPPLTF;CARAVPARPEYCGGDCYIYYYGMDVW_CQSADSSGTYWVF;CVLYYGSGSYYRFDYW_CQSYDSSLSAVF;CARDSSSPATRHFDYW_CMQATQFPYTF;CARGRGRYYDSSGEW_CQQYNSYPYTF;CARESRPTVTTRTTSGMDVW_CLQHNSYPRTF;CARDIGYSSGWYWTPGVNYYYGMDVW_CQQYGSSPWTF;CARDRGVGARHFDYW_CQQYNNWPPWTF;CGRAAISVLRKMPPTFW_CQQYGSSPYTF;CARETYYYDSSGYYGPHAFDIW_CLLSYSGARVF;CARDSEIFGSSWYSYFDYW_CQQYNSYSYTF;CARTYVWGEVDYYYYGMDVW_CLQHNSYPWTF;CARVYSYGYRYFDYW_CQQSYSTLWTF;CARDGGYSYGYAQGYYGMDVW_CQSADSSGTHVVF;CARDRSAERRGYFDYW_CNSRDSSGNHYVF;CARVKSGGSSSLRQDAFDIW_CQQRSNWPYTF;CAREDSSGWLEFPNWFDPW_CCSYAGSSTYVF;CAREGEQWLDGAFDYW_CQSADSSGTYKVF;CARDGGGWYGLVDYW_CQQYNNWPLTF;CARGNDAFDIW_CQQYNSYSGTF;CARDGKPSKTFDYW_CQQSYSTPLTF;CARDCGGPVTTTTNDAFDIW_CQQYYSYPRTF;CARDCDGGCDYW_CQSADSSGTYRVF;CARGGDYYYGMDVW_CQQYNNWPLTF;CARALSLGPRTYYYDSPQRGHDAFDIW_CQQSYSTSWTF;CARGETYYYDSSGYYWGYYFDYW_CQQYNSYPLTF;CARDQQWLGDFDYW_CSSYAGSNNLWVF	1	1	CARDPHYYDSSGYYYWYFDLW_CSSYAGSNNPYVF	0	NA
20	44	CARDQEYSSGWDGPDYYYYYGMDVW_CQQSYSTPQTF;CARDDRFGGDTLGWFDPW_CQSYDSSLSGSGYVF;CAREGWGLGYCSSTSCYTGPFGYW_CQQYGSSPPYTF;CARDRLDGYNSFYYGMDVW_CQSYDSSLSGSVF;CARDAGRDGNEYYFDYW_CQQYNSYLYTF;CARDRGQWLVREEDYYYGMDVW_CQQYYSTPLTF;CARIWAVAADHSFDYW_CQQYNNWPPWTF;CARDKGATFDYW_CQQSYSTPYTF;CARDRWSLHIVGASPRGPSFDYW_CQQANSFPVTF;CASGSSDRYSSGWYWGYFDYW_CQAWDSSTVVF;CARAEIYGSGSKYYYYGMDVW_CQSADSSGTYYVF;CARGPDRFSGSYDNWFDPW_CQHTRAF;CARDIVRDFDWPGVGYW_CAAWDDSLNGYVF;CARGWSGYSSSLHPYYFDYW_CCSYAGSSTTLVF;CARDLYSGYSYGSAVYW_CQQRSNWPIF;CARESPFGGQSVAVGGTPDYW_CCSYAGSGTFVF;CARGPGYCSGGSCYGMFDYW_CQSADSSGTYVVF;CARGTRRDGYNLIYW_CQQYDNPPLTF;CARAVPARPEYCGGDCYIYYYGMDVW_CQSADSSGTYWVF;CVLYYGSGSYYRFDYW_CQSYDSSLSAVF;CARDSSSPATRHFDYW_CMQATQFPYTF;CARGRGRYYDSSGEW_CQQYNSYPYTF;CARESRPTVTTRTTSGMDVW_CLQHNSYPRTF;CARDIGYSSGWYWTPGVNYYYGMDVW_CQQYGSSPWTF;CARDRGVGARHFDYW_CQQYNNWPPWTF;CGRAAISVLRKMPPTFW_CQQYGSSPYTF;CARETYYYDSSGYYGPHAFDIW_CLLSYSGARVF;CARDSEIFGSSWYSYFDYW_CQQYNSYSYTF;CARTYVWGEVDYYYYGMDVW_CLQHNSYPWTF;CARVYSYGYRYFDYW_CQQSYSTLWTF;CARDGGYSYGYAQGYYGMDVW_CQSADSSGTHVVF;CARDRSAERRGYFDYW_CNSRDSSGNHYVF;CARVKSGGSSSLRQDAFDIW_CQQRSNWPYTF;CAREDSSGWLEFPNWFDPW_CCSYAGSSTYVF;CAREGEQWLDGAFDYW_CQSADSSGTYKVF;CARDGGGWYGLVDYW_CQQYNNWPLTF;CARGNDAFDIW_CQQYNSYSGTF;CARDGKPSKTFDYW_CQQSYSTPLTF;CARDCGGPVTTTTNDAFDIW_CQQYYSYPRTF;CARDCDGGCDYW_CQSADSSGTYRVF;CARGGDYYYGMDVW_CQQYNNWPLTF;CARALSLGPRTYYYDSPQRGHDAFDIW_CQQSYSTSWTF;CARGETYYYDSSGYYWGYYFDYW_CQQYNSYPLTF;CARDQQWLGDFDYW_CSSYAGSNNLWVF	2	2	CAREVVLMVHRRGGLNMDVW_CQQYYSTPLTF;NA_CQQANSFPLTF	0	NA
20	44	CARDQEYSSGWDGPDYYYYYGMDVW_CQQSYSTPQTF;CARDDRFGGDTLGWFDPW_CQSYDSSLSGSGYVF;CAREGWGLGYCSSTSCYTGPFGYW_CQQYGSSPPYTF;CARDRLDGYNSFYYGMDVW_CQSYDSSLSGSVF;CARDAGRDGNEYYFDYW_CQQYNSYLYTF;CARDRGQWLVREEDYYYGMDVW_CQQYYSTPLTF;CARIWAVAADHSFDYW_CQQYNNWPPWTF;CARDKGATFDYW_CQQSYSTPYTF;CARDRWSLHIVGASPRGPSFDYW_CQQANSFPVTF;CASGSSDRYSSGWYWGYFDYW_CQAWDSSTVVF;CARAEIYGSGSKYYYYGMDVW_CQSADSSGTYYVF;CARGPDRFSGSYDNWFDPW_CQHTRAF;CARDIVRDFDWPGVGYW_CAAWDDSLNGYVF;CARGWSGYSSSLHPYYFDYW_CCSYAGSSTTLVF;CARDLYSGYSYGSAVYW_CQQRSNWPIF;CARESPFGGQSVAVGGTPDYW_CCSYAGSGTFVF;CARGPGYCSGGSCYGMFDYW_CQSADSSGTYVVF;CARGTRRDGYNLIYW_CQQYDNPPLTF;CARAVPARPEYCGGDCYIYYYGMDVW_CQSADSSGTYWVF;CVLYYGSGSYYRFDYW_CQSYDSSLSAVF;CARDSSSPATRHFDYW_CMQATQFPYTF;CARGRGRYYDSSGEW_CQQYNSYPYTF;CARESRPTVTTRTTSGMDVW_CLQHNSYPRTF;CARDIGYSSGWYWTPGVNYYYGMDVW_CQQYGSSPWTF;CARDRGVGARHFDYW_CQQYNNWPPWTF;CGRAAISVLRKMPPTFW_CQQYGSSPYTF;CARETYYYDSSGYYGPHAFDIW_CLLSYSGARVF;CARDSEIFGSSWYSYFDYW_CQQYNSYSYTF;CARTYVWGEVDYYYYGMDVW_CLQHNSYPWTF;CARVYSYGYRYFDYW_CQQSYSTLWTF;CARDGGYSYGYAQGYYGMDVW_CQSADSSGTHVVF;CARDRSAERRGYFDYW_CNSRDSSGNHYVF;CARVKSGGSSSLRQDAFDIW_CQQRSNWPYTF;CAREDSSGWLEFPNWFDPW_CCSYAGSSTYVF;CAREGEQWLDGAFDYW_CQSADSSGTYKVF;CARDGGGWYGLVDYW_CQQYNNWPLTF;CARGNDAFDIW_CQQYNSYSGTF;CARDGKPSKTFDYW_CQQSYSTPLTF;CARDCGGPVTTTTNDAFDIW_CQQYYSYPRTF;CARDCDGGCDYW_CQSADSSGTYRVF;CARGGDYYYGMDVW_CQQYNNWPLTF;CARALSLGPRTYYYDSPQRGHDAFDIW_CQQSYSTSWTF;CARGETYYYDSSGYYWGYYFDYW_CQQYNSYPLTF;CARDQQWLGDFDYW_CSSYAGSNNLWVF	5	441	NA_CQQYDELPVTF;CATTYYYDSSGYYQNDAFDIW_CQQYYSYPRTF;CAREIEGDGVFEIW_CMIWHSSAWVV;CARHIRGNRFGNDAFDIW_CQQYYSFPYTF;CARRLITMIEGGAFDIW_CQVWDSSSDHVVF;CAKVMIEHPSNRGHFDYW_CMQALQTPYTF;CTTDDEKRPYSGSYLPFDYW_CQSYDSSNVVF;CARGGRVSVAVYWDYYYYGMDVW_CQKYNSAPFTF;CAHSAQYYDILTGYYKAPWGGAFDIW_CQQYNSYSWTF;CARDDFGGATFYSSFDYW_CQQSYSTPYTF;CARAAKIFGVVTAFDIW_CQQYGSSPWTF;CVKDYSTSGWYYFDFW_CQQYGSSLPYTF;CARVVPAAFYGMDVW_CQQYGSSLFTF;CAGGSGYCTNGVCYPRGFDYYYGMDVW_CAAWDDSPPWVF;CAKDDTAMVTADFFDYW_CQTWGTGIWVF;CARTPRWLQCFDYW_CQQYNSYSWTF;CARDQWLAYYFDYW_CQSYDSSNHWVF;CAHRYYSNIDYW_CMQGTHWPWTF;CARDWGYYDSSGYSPRGYYYYYGMDVW_CQQLNSYSFTF;CAKDRVGYGDYVDYW_CQQYNNWPPWTF;CARLGSSPYYW_CQSYDSSLSGYVF;CTRYYGDVW_CQQYYSFPWTF;CAKDHYYDSSGYYSGLGYW_CQSADSSGTYRVVF;CATGLVVPAAILYGMDVW_CQQYGSSRGLTF;CAKDDGDAAAGLIYW_CAAWDDSLSGVVF;CAKDGGGEEALELPDYW_CGTWDSSLSAVVF;CATLRYPSLGVDYW_CHQYNNWPFTF;CARKDSSGSDAFDLW_CQQSYSTPYTF;CARDVVQLWYQIDYW_CQQSYSTPPNTF;CAKYVDTAMNQFDPW_CQQANSFPITF;CARGLHYYDSSGRSLYYFDYW_CQQYGSSPPGQTF;CANQPPSLYW_CQQYNNWPGTF;CARVGYDYVWGSYRYTGVMDVW_CSSYAGSSYVF;CARGRPYYYDSSGYPYDAFDIW_CMQALQTPLTF;CAKERVVTAIPVVIFDYW_CQQSYSTPRLTF;CARPYGDYAYFDYW_CQSYDSSLSGYVF;CARDWWERQDSKRPDYFDSW_CQQTNSFPITF;CARHSNDGSDYFDYW_CQESYGALLTYTF;CASTEIEMLVPRYCSSTSCYFVWFDPW_CGTWDSSLSAGHGVF;CASASSTGTDAFDIW_CQAWDSSTHVVF;CARDGSWYAAWFDPW_CQSYDSSLSGSVVF;CARDPSLGDPGWGYFDYW_CQQYNSYSTWTF;CVREMTGSFTGGLDPW_CMQGTHWPPTF;CAREVNTAMAYYYYYYGMDVW_CQQYGSSQWTF;CARERRGGGHYYDSSGYYLSDYW_CQQSYSTP;CARGGGYSSGWATREVVYW_CQSYDSSLGAVF;CAKVPTVTTFLGYYYGMDVW_CQQSYSTPWYTF;CARDLRPAANFDYW_CQVWDSSSDYVF;CARLSYSSSWYYFDYW_CQQSYSTLYTF;CARVPKVRYCSSTSCYKDYYYGMDVW_CQVWDSSSDSWVF;CATWHYYDSSGEDGMDVW_CQQYNNWPRTF;CARGRSSWHLDYW_CMQALQTPFTF;CARDPWELHGFDYW_CQQYGSSSFTF;CAREAYYYGMDVW_CNSRDSSGNHNYVF;CARDRSVVTMVRGVIPFYW_CCSYAGSYTVVF;CARHEKMNYYDILTGYSPPYYYYYGMDVW_CQSYDSSLSAYVVF;CAHYQGIAVTGTWFDPW_CQSYDSSNVVF;CARESSSWFPYW_CQQSYSTPFTF;CARERDYSPGRYYGMDVW_CGTWDSSLSAGVF;CARHPTPAAMVGYYYYGMDVW_CQQANSFPLTF;CARDGPMTAIGGYGMDVW_CQSYGSLGGSVF;CAKGRTTEGTDAFDMW_CQQVHSYPITF;CAKDRSSLLWFGELLYMPEEYGMDVW_CQQYNNWPLTF;CTNYGMDVW_CSSYAGSNNWVF;CARVDSFAPNSGYGAQLLNWFDPW_CQQYNNWPLTF;CAREDYDTASFGYW_CQQYDNLPYTF;CAKDFGRGSYHRAEYFQHW_CQQYNNWPPWTF;CARGGSLPLITMIVGFFW_CQQYGSSPEYTF;CTREAEMATISIDYW_CQVWDSSSDHVVF;CARDAPIWDTAIVYW_CQQYGSSLPWTF;CARLLVSAYNWFDPW_CQQSYSIPAF;CARIPMTTVTSYGMDVW_CQQYGSSSITF;CARDDEWEPYDYW_CCSYAGSSTYVF;CTTVLRYFDWLLSDYGMDVW_CLLSYSGARGVF;CAIGTGIVGTTFPREYW_CMQALQTSWTF;CAKDMELGWLIDYW_CMQALQTPLTF;CARETVVTPQNAFDIW_CAAWDDSLNGYVF;CARERNIVVVPAAETFDYW_CQQYNNWPPLTF;CARIGFGEYDYGMDVW_CQSYDSSLSVVF;CARGVGATDFDYW_CQSYDSSLSGVVF;CARDPSNWGSFGYW_CQAWDSSTYVF;CARVDGYNYSFDYW_CQQYNNWWTF;CAKEPYGGNSFVYYFDYW_CQQYGSSPGLTF;CAKAEWGGTENYIPYYFDFW_CQSYDNNNLIF;CARSHCSSTSCYPNYYYGMDVW_CQQSYSTPRTF;CARDFGERYCSGGSCYSFDPYYYYGMDVW_CLQHNSYPWTF;CAKEYPGPGQLDDAFDIW_CQSYDSSLSGKVF;CARVDTAMVTGLAISPPWDYGMDVW_CQQYNSYPWTF;CAKDIGDGSGSNSQKRDYYYGMDVW_CQQSYSTPRTF;CATDPYNSGWFASLKNQVLYYW_CQQSYSTPQTF;CAREHTGGWLQRYIDYW_CQSADSSGTYPRVVF;CARGYCDSTSCYAVGYFDLW_CQTWGTGIVVF;CARDPDPNWSKDWFDPW_CQQYNNWPPLTF;CAKGRYSFGLDNFDYW_CQQDGNSPTF;CASRAVQSSGWRQDYYYGMDVW_CQSYDSSLSGVF;CAREASEGPW_CQSYDSSNSWVF;CARLGGYSSRGNWFDPW_CQQSYSTPPYTF;CARDPHHTFGGVLVW_CQKYNSARTF;CAGYYYDSSGYLSSFDIW_CQSYDSSLSVVF;CARLPYRYSGSSNDAFDIW_CAAWDDSLSGPVF;CARAGYGDYVGDFDYW_CQSADSSGTYVVF;CARDYYGSRSDSGMDVW_CQQSYTTPYTL;CAKDGREAAAGTDYYYGMDVW_CQAWDSSTVVF;CARDSPGWGSSGFYYGMDVW_CQQYGSSPRYTF;CARVSGDTMIVVVHRDGMDVW_CQQYNSYSVTF;CAKNLATTGSHW_CLQDYNYPRTF;CAKDGGRGVVIIFYFDYW_CQQYGSSPITF;CARGIAVVTLWGPFDIW_CQQYNNWPRTF;CARDRWVPAAVPHYYYYGMDVW_CQQANSFPLTF;CAREGAAGPPPGHYYYYGMDVW_CMQALQTPFTF;CAKQGHFTDTKRIDYW_CQQYDSYPITF;CAVIPVTGQEASLSAEYFQHW_CQQSYSTPFTF;CARDSPSSGSYGLFDYW_CQTWGTGIRRVF;CASPGGGLLWFGELFRSYFDYW_CVLYMGSGFWVF;CAHRPVSDDILTGYRYNWFDPW_CQSYDSSLSGSVVF;CARGFIGYNFDSW_CQQSYRTPITF;CAREEGYCSGGSCEYNYYYGMDVW_CQQYGSSLITF;CARGRRVFLALSYW_CQQYGSSPHTF;CARGAGRIGQVDVW_CQQYNNWHTF;CARGYYDSSGQSLDYYYYGMDVW_CQQYYSYPFTF;CARTGKNGSGSYWFDPW_CQQYRTF;CARTDIVATPDGGFDYW_CQTWGTGIHVVF;CAREGFYYYGSGSVSGGNWFDPW_CQVWDSSTVVF;CAKVPLGWGAAGGAYFDYW_CQQYGSSPATF;CARVGCSGDTCYSYDWFDPW_CGTWDSSLTAVVF;CARGGILTGKLSDYW_CQQYDNLPTF;CAHGLTGYYTYYFDYW_CQQYYSFPPTF;CARQVGANPFADYW_CAAWDDSLSGPVF;CSVYDAERGYFDYW_CCSYAGGDTSYYVF;CARLYGDYGDYW_CNSRDSSGNLFVVF;CARPYSSSWSPMDVW_CQSYDSSLSGHVVF;CARDKGYSSSWYIRSSWFDPW_CLLSYSGARLVF;CARAVCGDDCYLLDSW_CAAWDRSLGAVVF;CARTTTVVTGDAFDIW_CQSADSSGTYPVF;CAKGRGDYYYYGMDVW_CQQYDNLPITF;CTTGGALNYW_CQAWDSSTACVF;CARDLTTRDYSDAFDIW_CQQYGSSPRTF;CARAGLEINTPDSSGYYYGGGYFDYW_CQQYDNLPPRRFTF;CAKDHGYDFWSGYSDAFDIW_CQQSYSTPLYTF;CARESGYTNYYYYGMDVW_CQQYNSYPLTF;CARKYQLPYYYGMDVW_CQQSYNTPDTF;CARDSTYYYDSSGYPVSDAFDIW_CQQSYSTRRYTF;CAREVYSSSTNWFDPW_CQVWDSSTDVVF;CARANAEYSSSLLFDYW_CQSYDNSLSAYVF;CAHSPYDYVWGSYRQSWFDPW_CQAWDSSTVF;CTTIYYDILTGDYW_CMQALQTPITF;CARLDYDFWSGTPERMDVW_CQQYGSSPPWTF;CARVRKNWNYDLDDWYFDLW_CQVWDSSSDHYVF;CATRRVRGEGLAYW_CQQYNSYSRTF;CARNYDSSGYYVPPYFDYW_CQQYNNWPPYTF;CARDPANYFDYW_CQQSYSTLWTF;CAREESSSWYRYW_CQQYGSSPLTF;CARIVQGGSYLSGGIDYW_CMQSIQLLFTF;CARDRLIIRFLERPNWFDPW_CCSYAGSSTPVF;CAREYSNNWYFFDYW_CQQYAGSPLTF;CARVSGVGTSFAGFDPW_CQSADISATVF;CAREPTPRYSGSYRGFNYFDYW_CQQYYSFPLTF;CARAADYCTSASCPNEYFQHW_CQSYDSSLSVF;CARGRMTVHNDDSGFPEYLYYYGLDVW_CMQVMDNPRTL;CATSRVAVAGVDYW_CQSYDSSLSGVVF;CARDLGIAVAGRVEGYFDYW_CCSYAGSYTLVF;CARDVSNVLVIAVSPSWFDPW_CQQTYSIPYTF;CARDAPDRGSSWYSALFDYW_CQQYNNWPPTF;CARRDGGYCSSTSCSFDYW_CQQYNSYSPTF;CARAEIFGVVIQAFDYW_CQSYDSSLSGSVF;CVKKVIGFDDW_CQQSDTFGYTF;CAKGMDGSGSYYNKDGMDVW_CQAWDSSTGVF;CARVNGLLGEYYYGMDVW_CMQALQTPPNTF;CAKDWAVGWEFVDSW_CQQSHTVPLTF;CARDEGAAAYFDYW_CCSYAGSSTCWVF;CARAAGYCSSTSCYEIYYYYGMDVW_CQSYDSSLSVPF;CTRSYVLRFLEWFSPFDYW_CQQYGSSLWTF;CASSGSYQGNWFDPW_CQQSYSTPYTF;CARSPPRYDLSLVDAFDIW_CQQYNSYSTTF;CARETIAAAGSNFDYW_CQQSYSTPRTF;CARVSGYSYYFDYW_CQQLNSYLLTF;CATYIAAPRDYYYGMDVW_CMQALQTPYTF;CATGKTYSAPHAYYYFDYW_CQQANSFPRTF;CAKEVHSSGFDYW_CQSADSSGTYPWVF;CTTDHIVVVTAMIFGYYFDYW_CQQLNSPLTF;CAREGPTVTKFDYW_CQSYDSSLSGSVF;CEVKAAAGNFYW_CSSYAGSVVF;CAKDIEGGSGYYLTPGGFQHW_CCSYAGSSTFVVF;CARDAMAIGDYYYYGMDVW_CQQLNSYPSLTF;CARREGAGYDILTGSYYYYYGMDVW_CLLYYGGAQLGVF;CTTRLWRISQYYYDSSGYGHFDYW_CQSADSSGTYVF;CARTTLLAAAIDYW_CQQYYSFPYTF;CARAKAARPTPTYYYYYYGMDVW_CQAWDSSTGDVF;CARSGYDSSWVGYDFDYW_CQAWDSSTPVF;CAREGLEIDAFDIW_CQQSYSTPWTF;CAHTSAYYDSSGYYPPFDYW_CQQSYSTPLTF;CARATQDSSGWYGFWYFDYW_CQQYNNWPPTF;CARMLVVVAATGYYYYGMDVW_CQQYGSSQTF;CAREAYDSSAYSTIDYW_CQTWGTGIHVF;CATSLVVVPAAILRGGVGGHYYGMDVW_CGTWDSSLSAVVF;CARSAGSSGSFEYFQHW_CQQYGSSPLYTF;CARRLFLYSSSGYYFDSW_CQQASSFPPLSF;NA_CQQSYNTPRTF;CARGGGAVAGTIDFHYW_CCSYAGTDLWLF;CAKDRGYYDSSGYYYSDYGMDVW_CQSADSSGTYVF;CAKDGFGGASDHW_CQHYDRSPWTF;CARAIQMGCSDGSCLW_CQQYDNLPSYTF;CARKGRWLPDGDDAFDIW_CQQYYSYPLTF;CARAGLRSWFDPW_CMQSIQLPNTF;CARHSYGAYYYYGMDVW_CQQYGGSPLFTF;CAAGVMTARYDYW_CQQSYSTPLTF;CAHFMTTVTTGYFDPW_CIQVRQTPFTF;CAREGGGDILTTYYYYGMDVW_CQQYGSSTRALTF;CARGFGGGDYRSMDVW_CQQLITYPITF;CARTTYGGNSLNWFDPW_CQVWDSSSDHPVF;CARGYGSGNYYYYGMDVW_CMQALQTPWTF;CARSNYDILTGLDYW_CMQALQTPYTF;CAREDSGSYGYFDYW_CQQYNNWPQTF;CARRVLYYRFDPW_CNSRDSSGNHLF;CARGDYDYVWGSSPDAFDIW_CMQGTHWPLTF;CARDVRGYYYDSSGYSGEGYWW_CQQSYSTPYTF;CTRDRYSSSWYKGLYYYYGMDVW_CQQSYSTPYTF;CARVFFRVVYAMAYW_CQQYNNWPPMYTF;CASSLRYFDWTVNNWFDPW_CQQYGSSPQTF;CTRGYCSSTSCYTGWFDPW_CQAWDSSHVVF;CARDGRWELLGNQHW_CCSYAGSSTYVF;CARVYYDSSGYYYFDYW_CQQSYSTPWAF;CARGRVRWELLGDDAFDIW_CQQYDNLPLTF;CCTYVFVGIVPTIVDYW_CQQYNDWPPAGTF;CARDIQYYYDSSGYDAFDIW_CQQSYSTPWTF;CATSWGIAALYGMDVW_CNSRDSSGNPYVF;CAKDYPVAGDLDAFDIW_CCSYAGSSTWVF;CARANWDNWNDGLDYW_CGTWDSRLSSYVF;CARAGYCSSTSCSKEDVW_CQQSYSTPPRTF;CAREPLGGDYYYYYYGMDVW_CQQYGSSPTF;CARLSLRARFRGAFDIW_CCSYAGSYSVVF;CAHSLPSDIDYYYDSSGYSPSPPLFDYW_CQQYNNWPLTF;CASGYGGKTYYFDYW_CQQYGSSPGTF;CLGRELGHSW_CLQHNSYPWTF;CTAVLRYFDWLLMEAHENYYYYGMDVW_CQSADSSGGVF;CARDRSRWEFLYYFDYW_CQQYGSSGYTF;CARARYYDSNSYSYAW_CQTWGTGIWVF;CARLDYYDSSGYYDW_CQTWGTGIPVF;CARDYIAVAGPGENWFDPW_CQQSYSTRTF;CARDRGGYGVRWFDPW_CQQYDNLPPTF;CARRGNAIFGVVTHYYYYGMDVW_CMQALQTPLFTF;CSNYDILTGYYWFHYW_CQQYNNWPFTF;CASSFLDTSIVEYYFDYW_CATWDDSLSGLF;CARIVVVVTSRWFDPW_CQVWDSSSDHYVF;CARSLEWLDDYW_CQSYDSSLSGSVF;CARDAYGGYSFYYYGMDVW_CQQYGSSPFTF;CAGGSGSYYHLDPW_CQQANSFPYTF;CARPRLDYGDYGAGLGYW_CQKYNSAPFTF;CARDRGLRKKYFQHW_CQQYGSSPSTF;CVSQLYYLDGRGYYYDYYYDYW_CLQHHDYPWTF;CTTVSPYGDYVGVYFDYW_CQQYYSYPPTF;CAKDFMEYYYYGMDVW_CSAWDSSLSAVVF;CARSPGSGSYTW_CQQYGSSPLTF;CARLPYAGGPYYYYGMDVW_CMQRIEFPFTF;CARGKPRSLELWSFYYYYGMDVW_CQQSYSTPPTF;CAMGGYDSSGVQLDYW_CAAWDDSLSGYVF;CAHRYCSSTSCYGLGDWFDPW_CQSADSSGTYLVF;CARHSEGLGPVDYW_CGTWDSSLSAWVF;CARAIFGVVSVMGFDYW_CMQALQTLTF;CAKSMKSFDYW_CQQSYSTPLTF;CTTEGGDGYNSFDYW_CQQYDNLPITF;CARDTTYGDYYYGMDVW_CQSADSSGNWVF;CARDGKGYSYGSGNYYGMDVW_CQQSYSTLYTF;CAHRTTTYYFDYW_CQQYNSYPYTF;CTTDLVWFGELANAFDIW_CLQHNSYLPEWTF;CTRGGTLGARSGYYDYYYGMDVW_CQQYNSYPLTF;CAKDEGRVVAVAGTGEHAFDIW_CQQYNSYSPTWTF;CAKDITIFGVVISHLDYW_CLQDYNYPLTF;CARTYYYDSSGYRNAFDIW_CQSADSSGTYPVVF;CAKCFYYDSSGYYYYYYGMDVW_CCSYAGSSTLVF;CARDLLSISGSPFDPW_CQQRSNWPPGGGGLTF;CARGGINGGAYFDYW_CQQYGSSPWTF;CARDRGPAGLDYW_CQQSYSTRYTF;CARRGYYYDSSGYYYDWFDPW_CNSRDSSGNRVVF;CAKGLNTAMVSYYFDYW_CVLYMGSGIWVF;CAKDIREGWSSGYYPVLDYW_CQVWDSSVVF;CAKDSPSGYYYYYYYGMDVW_CQQLNSYPITF;CARDRIAAADHNWFDPW_CAAWDDSLNGWVF;CARDIGGIAAAGSPPSAFDIW_CQQYNSYSTF;CAHSYYYGSGRGGWFDPW_CQSADSSGTYVF;CARDGSSSIFDYW_CNSRDSSGNHVVF;CAKPLRFGYSSSSCFDYW_CSSYAGSNNYVF;CAHTGFESLDYW_CQSYDNSLNGLGVF;CARDEDYYYDSSGSVDYW_CQQSYSTPWTF;CARQIAAAGPENWFDPW_CQSADSSGTYLVF;CARGLPVDVW_CGTWDSSLSAGHVVF;CARLIYYGSGRFGAFDIW_CQQYDNLPWTF;CARNEITIPLDVW_CQQYGSSPLVTF;CTTDHGDAYNYRW_CQQYGSSPRTF;CARDHRMNIAVAGTNWFDPW_CQKYNSAPLFTF;CARALREEQWLNNAFDIW_CQQYYSYPTF;CAHRPPYYDSSGYLSW_CQQYGSSLWTF;CARHYVDTAMVINQYYFDYW_CQSYDSSLSDVF;CARDNYDILTGHYGMDVW_CAAWDDSLSGLYVF;CAKDSSSSDWFDPW_CQQYYSYPLTF;CARDYVAVAGTLDYW_CQQYYSTPYTF;CTRDLAYSNYEPPNHNWFDPW_CLQHNSYPLTF;CARERYYYYGMDVW_CYSTDSSGNHGVF;CAKEGITGYYYYYGMDVW_CQQSYSTPHTF;CAKVALRYFDWLPPYFDYW_CQQYYSYPQNLTF;CARAHDSTGYQDFDYW_CQQAKSFPYTF;CARVGVYGSGSYLVGGDYW_CQQSYSTPWTF;CARGPYYGSGSGEFDPW_CQQYYSYPLTF;CARGSCYSSACYYYYGMDVW_CGTWDSSLSAVVF;CARDFDAAEGAFDIW_CQVWDSSSDPTFYVF;CARGAHSSGYYIDYW_CQQYYSFPFTF;NA_CHQYNNWSSWTF;CAREQDFGGNPFDCW_CMQVLHIPRAF;CARGTMVRGHYYYYGMDVW_CQQSYSTPLTF;CARGYSYGYLDWFDPW_CQSYDSSLSGVVF;CARAAPYSSSSLDYW_CQQSYSTLTWTF;CARRRITMNDYFDYW_CQSYDSSLSGVVF;CARGPDGGAFDIW_CQRGLTF;CARDLIARTALTYYYYGMDVW_CQSYDSSLSGGVF;CARYGVYGDYPGALFDYW_CAAWDDSLSGLWVF;CAKDRRGCSSTSCYTFDYW_CQQSYSTLSF;CARVSGYNSYYFDYW_CQQSYSTPRTF;CAAPSPRFTSSTGGGMELPLHVW_CCSYARGSSLVF;CAKDARWRPRVASIDALDIW_CQQYNNWPRTF;CARHIERYCSGGSCYEALDYW_CMQALHPITF;CASYLEMATRYYFDYW_CLQHNSFWTF;CARVTRVTQSNDFWTSYYTDCFDAW_CYSTDSSGNHKVF;CARLYSSSWTNYFDYW_CQQYYSYPLTF;CARGTVYSVPGGHYGDYVRDPKYYYYGMDVW_CQSADSSGTWVF;CARGAAGVRGPIGYW_CAAWDDSLSGWVF;CARVAVAGTTNWFDPW_CQQANSFPYTF;CARVLGGPGATTFDYW_CLQDYNYPWTF;CARTPVSTSYDSPGWYSSGWFFDYW_CQTWGTGIHVVF;CARTMVRGVTPADAFDIW_CQQYNSYSSTF;CAKSMGATILHAFDIW_CQQYNSYPLTF;CARANSGSYSFFFLRLDYFDYW_CQQYNNWPLTF;CARAAGTGGYYYGMDVW_CVLYMGSGISVF;CARAGQFGDSYYYYYYGMDVW_CLQDYNYPQTF;CAHFTKRPTDAFDIW_CNSRDSSGNHRVF;CAAGFGLSGSYIHYYYYGMDVW_CQQYGSSPPLTF;CATDNWNFGADSGFGYW_CMQGTHWRTF;CARVLGSFSFGYDGFDIW_CQQLNAYPTF;CARDPGIAVAETVYYYYYYGMDVW_CMQALQTPPTF;CARTVGAGYKIGKGYFDYW_CQAWDSSTVVF;CARDQDLAALNYW_CGTWDSSLSAKVF;CTTENVLLWFGEPEYYYYYYGMDVW_CQSADSSGTYAVVF;CARSLFEGTVMAFRAEHMDVW_CQQYKTFFAVSF;NA_CQAWDSSTVVF;CARPPSHDSPMYHYW_CQSADSSGLWVF;CARDTMWWSYGMDVW_CCSYAGSGEVF;CARLRRYSSGYYYIAGDFDYW_CQSYDSSLSGVVF;CARDKGGTTVTTSNWFDPW_CQQYDNLPLTF;CARDGGGYYQKKGYFQHW_CGTWDSSLSAVVF;CARDDIVVVPAAIDYW_CQSYDSSLSGPYVF;CARKFDCW_CQQYGTSLPVTF;CARGVLRFLEWLSNMDYYYYGMDVW_CMQALQTPRALTF;CAKDGSYYDSSGYSDYW_CQQYNNWPPWTF;CAKDKSYSVEYW_CMLFMGSGIWVF;CAKADVRSNWNDMHFDYW_CQAWDSSTVVF;CARATPRGYGGNSLNWFDPW_CQQYNSYPFTF;CAEGYQLPGLYYW_CNSRDSSGNHLF;CARHAGSGSYYFWFDPW_CQQYGSSPYTF;CAKDLQIGYCSSTSCRNAFDIW_CQQYGSSPPRVTF;CARGRGSYFDYW_CQQYGSSLWTF;CARTCSSTSCYTYGMDVW_CQQYNNWQYTF;CAHRGYSYGPLFDYW_CLLYYGGAQLVF;CARLPTLRYGSGSYYNGALDYYYGMDVW_CMQALQTPLTF;CARSIAAASPFDPW_CQQYDNLPPTF;CARGPPYGHLGYW_CQQYNNWPPITF;CAKDILGGGYFDYW_CQTWGTGMGVF;CAKDASYGYLFEYWYFDLW_CQQYNNWPPWTF;CARFGAKNYYDSW_CQQYNNWPGTF;CAREKWLRPQLDYW_CQQYGSSPKTF;CVKGPYYDGSGNSFGRKAFDIW_CQQYGSSPYTF;CARGASKGNQPALHYGMDVW_CQQSYSTPPAF;CATTLASPTHDYGDYEGGYMDVW_CQQYGSSPLTF;CALGIDAFDIW_CQQYNNWPKTF;NA_CQSYDDSLSGTVF;CARGFYYGSGSPLSGMDVW_CQQSYSTPRTF;CAKDPAASGSPWYFDYW_CQQYYSFPRTF;CAREVSRQSGSRPIKWFDPW_CQQSYSPPPLTF;CTPSLETYGDYALGYYW_CQSADSSGTYPYVF;CAKDFGGPLQFDYW_CQQYGSSPRTF;CAKDMLFSNNYW_CQTWGTGINWVF;CARDENHLYYGDLAYW_CQQSYSIPRAF;CARGSRLLLWFGELKVGPGFDPW_CQQYNSYWTF;CAMKGGRDGYNTRVYYYYGMDVW_CCSYAGSSTPYVF;CAKDIGPTNCSSTSCHAYYYYGMDVW_CQQYNSYSTF;CWRDRREAPIEMEVASTRG_CMQSTHWPYTF;CTRHTHCSGGSCYDAFDIW_CQQSYSTPRYTF;CAREPPHGSGTDYNWFDPW_CQSYDSSLSAYVF;CVKDLYDTGSYYYFDYW_CSSYTRSSTLVF;CSRHEGVGGNSDYW_CVLYMGSGISMF;CARNHDYGDYMFGGMDVW_CQSADSSGTYVF;CTTSGGDW_CMQSIQLPRTF;CARDRTSFGYSYGNIDYW_CQTWGTGILVF;CAKDELASYGGVGYYW_CQSADSSGTYFWVF;CAREPKHSGYCSSTSCYIGNWFDPW_CQSYDSSLSGNVVF;CARASWDSSSWGLGFDPW_CQAWDSSTGVF;CARTRVRGVISPFDYW_CQQANSFPPTF;CTREYYDFWSGDYW_CQQYDNLPLTF;CARDGGRGSGWSTPDYW_CNSRDSSGNHVVF;CARHYDFWSGDNPYWYYYYGMDVW_CQQYGSSPPWTF;CTTTTADIVVVPAAIQTVDYW_CQQYDNLPLTF;CAIMVRGVIGSYYYYGMDVW_CQQSYSTTWTF;CAKDNGYGGNSLQHW_CCSYAGSSTLVF;NA_CQQSYNTLWSF;CARARYRRDGYHNLYAFDIW_NA;CARGFSETGPGYKRFYYYFDLW_CQQYGSSPQTF;CARVKGDYYYYYGMDVW_CMQALQTPHTF;CARDPPLYSSGWFTGDYW_CQQYNSYPRTF;CAKDGGEHRGNDYW_CQVWDSSSDHYVF;CARGYDFWSGYLPHYGMDVW_CQVWDSSSDHPGVF;CARETKQYIDYRSPTVGRPYDYYYGMDVW_CLLFYGGAQLGVF;CAKGVWESTTEDAFDIW_CQQYNSYSPFTF;CAKDQGYCSSTSCYPYYYGMDVW_CQAWDSSTVVF;CARLGGYDSTFDYW_CSSYTSSSTYVF;CARVAAAGTYFDYW_CQQYGSSPETF;CARINQHGSGTYSPDYYYYGIDVW_CMQALQTPMYTF;CARKSIAAAGLPYYYYYGMDVW_CMQALQTRFTF;CAQGGYSYGYYDYW_CAAWDDSLNGVVF;CARQRGGTAVPVYYFDYW_CQQYGSSPLYTF;CARALYYDSSGYQPNRYYFDYW_CQSYDSSLSGYVVF;CTRALNSNHFDYW_CQQANSFPLTF;CARVTDPDAFDIW_CNSRDSSGNHYVF;CARSAWHPAATGGMDVW_CLQDYNYPYTF;CARVSLVVPQQFDYW_CQAWDSSTVVF;CAKVPGYSTGWYYFDYW_CQQCDSSPEWTF;CAKDSTCSSTSCYRGYYYYGMDVW_CQQYYSYPITF;CARGRNGGNRFDWFDPW_CQSYDSSLSGSGVF;CARGKNWFDPW_CQQYGSSPLTF;CASGYSSGRPDYW_CQQYDNLPITF;CARLSDGDYTFDYW_CQQYNSYWTF;CARGGTAGYSYGYAYW_CQAWDSSTAVVF;CAKDIVVVPAAPITLYYYYGMDVW_CMQALQTSFTF;CARWRLYYDSRGYYYGMFDYW_CQQSYDTPLTF;CARSRRIVGATSFDWFDPW_CQQYNSYSRTF;CASEDSGYGGGFDYW_CQSYDSSLSEGVF;CAHGRDYDSSSLPFDYW_CQQYNSYPYTF;CARAGAYYYGSAIDYW_CQQYGSSPGLTF;CAKGSSHSGGWFDPW_CQQYNSYWTF;CARDLLRAYSSSSTSSIDYW_CQQYYSYPRTF;CAKDVSGYLDAFDIW_CGTWDSSLSAGWVF;CAREGSRYFDYW_CQVWDSSSDHYVF;CASHDSSGYYLLDYW_CQVWDSSSDHVVF;CARYCSSTSCYTTYYYYYYGMDVW_CQQYYSYPLTF	0	NA
20	44	CARDQEYSSGWDGPDYYYYYGMDVW_CQQSYSTPQTF;CARDDRFGGDTLGWFDPW_CQSYDSSLSGSGYVF;CAREGWGLGYCSSTSCYTGPFGYW_CQQYGSSPPYTF;CARDRLDGYNSFYYGMDVW_CQSYDSSLSGSVF;CARDAGRDGNEYYFDYW_CQQYNSYLYTF;CARDRGQWLVREEDYYYGMDVW_CQQYYSTPLTF;CARIWAVAADHSFDYW_CQQYNNWPPWTF;CARDKGATFDYW_CQQSYSTPYTF;CARDRWSLHIVGASPRGPSFDYW_CQQANSFPVTF;CASGSSDRYSSGWYWGYFDYW_CQAWDSSTVVF;CARAEIYGSGSKYYYYGMDVW_CQSADSSGTYYVF;CARGPDRFSGSYDNWFDPW_CQHTRAF;CARDIVRDFDWPGVGYW_CAAWDDSLNGYVF;CARGWSGYSSSLHPYYFDYW_CCSYAGSSTTLVF;CARDLYSGYSYGSAVYW_CQQRSNWPIF;CARESPFGGQSVAVGGTPDYW_CCSYAGSGTFVF;CARGPGYCSGGSCYGMFDYW_CQSADSSGTYVVF;CARGTRRDGYNLIYW_CQQYDNPPLTF;CARAVPARPEYCGGDCYIYYYGMDVW_CQSADSSGTYWVF;CVLYYGSGSYYRFDYW_CQSYDSSLSAVF;CARDSSSPATRHFDYW_CMQATQFPYTF;CARGRGRYYDSSGEW_CQQYNSYPYTF;CARESRPTVTTRTTSGMDVW_CLQHNSYPRTF;CARDIGYSSGWYWTPGVNYYYGMDVW_CQQYGSSPWTF;CARDRGVGARHFDYW_CQQYNNWPPWTF;CGRAAISVLRKMPPTFW_CQQYGSSPYTF;CARETYYYDSSGYYGPHAFDIW_CLLSYSGARVF;CARDSEIFGSSWYSYFDYW_CQQYNSYSYTF;CARTYVWGEVDYYYYGMDVW_CLQHNSYPWTF;CARVYSYGYRYFDYW_CQQSYSTLWTF;CARDGGYSYGYAQGYYGMDVW_CQSADSSGTHVVF;CARDRSAERRGYFDYW_CNSRDSSGNHYVF;CARVKSGGSSSLRQDAFDIW_CQQRSNWPYTF;CAREDSSGWLEFPNWFDPW_CCSYAGSSTYVF;CAREGEQWLDGAFDYW_CQSADSSGTYKVF;CARDGGGWYGLVDYW_CQQYNNWPLTF;CARGNDAFDIW_CQQYNSYSGTF;CARDGKPSKTFDYW_CQQSYSTPLTF;CARDCGGPVTTTTNDAFDIW_CQQYYSYPRTF;CARDCDGGCDYW_CQSADSSGTYRVF;CARGGDYYYGMDVW_CQQYNNWPLTF;CARALSLGPRTYYYDSPQRGHDAFDIW_CQQSYSTSWTF;CARGETYYYDSSGYYWGYYFDYW_CQQYNSYPLTF;CARDQQWLGDFDYW_CSSYAGSNNLWVF	8	1	CARGTPGWYW_CQQYGSSPTF	0	NA
20	44	CARDQEYSSGWDGPDYYYYYGMDVW_CQQSYSTPQTF;CARDDRFGGDTLGWFDPW_CQSYDSSLSGSGYVF;CAREGWGLGYCSSTSCYTGPFGYW_CQQYGSSPPYTF;CARDRLDGYNSFYYGMDVW_CQSYDSSLSGSVF;CARDAGRDGNEYYFDYW_CQQYNSYLYTF;CARDRGQWLVREEDYYYGMDVW_CQQYYSTPLTF;CARIWAVAADHSFDYW_CQQYNNWPPWTF;CARDKGATFDYW_CQQSYSTPYTF;CARDRWSLHIVGASPRGPSFDYW_CQQANSFPVTF;CASGSSDRYSSGWYWGYFDYW_CQAWDSSTVVF;CARAEIYGSGSKYYYYGMDVW_CQSADSSGTYYVF;CARGPDRFSGSYDNWFDPW_CQHTRAF;CARDIVRDFDWPGVGYW_CAAWDDSLNGYVF;CARGWSGYSSSLHPYYFDYW_CCSYAGSSTTLVF;CARDLYSGYSYGSAVYW_CQQRSNWPIF;CARESPFGGQSVAVGGTPDYW_CCSYAGSGTFVF;CARGPGYCSGGSCYGMFDYW_CQSADSSGTYVVF;CARGTRRDGYNLIYW_CQQYDNPPLTF;CARAVPARPEYCGGDCYIYYYGMDVW_CQSADSSGTYWVF;CVLYYGSGSYYRFDYW_CQSYDSSLSAVF;CARDSSSPATRHFDYW_CMQATQFPYTF;CARGRGRYYDSSGEW_CQQYNSYPYTF;CARESRPTVTTRTTSGMDVW_CLQHNSYPRTF;CARDIGYSSGWYWTPGVNYYYGMDVW_CQQYGSSPWTF;CARDRGVGARHFDYW_CQQYNNWPPWTF;CGRAAISVLRKMPPTFW_CQQYGSSPYTF;CARETYYYDSSGYYGPHAFDIW_CLLSYSGARVF;CARDSEIFGSSWYSYFDYW_CQQYNSYSYTF;CARTYVWGEVDYYYYGMDVW_CLQHNSYPWTF;CARVYSYGYRYFDYW_CQQSYSTLWTF;CARDGGYSYGYAQGYYGMDVW_CQSADSSGTHVVF;CARDRSAERRGYFDYW_CNSRDSSGNHYVF;CARVKSGGSSSLRQDAFDIW_CQQRSNWPYTF;CAREDSSGWLEFPNWFDPW_CCSYAGSSTYVF;CAREGEQWLDGAFDYW_CQSADSSGTYKVF;CARDGGGWYGLVDYW_CQQYNNWPLTF;CARGNDAFDIW_CQQYNSYSGTF;CARDGKPSKTFDYW_CQQSYSTPLTF;CARDCGGPVTTTTNDAFDIW_CQQYYSYPRTF;CARDCDGGCDYW_CQSADSSGTYRVF;CARGGDYYYGMDVW_CQQYNNWPLTF;CARALSLGPRTYYYDSPQRGHDAFDIW_CQQSYSTSWTF;CARGETYYYDSSGYYWGYYFDYW_CQQYNSYPLTF;CARDQQWLGDFDYW_CSSYAGSNNLWVF	9	14	CARSGTTYYDILTGYYNYW_CQQYGSSRWTF;CARGNDYYGSGEFDYW_CSSYTSSSTLVF;CARDGDTAMVINYFDYW_CQSADSSGTYWVF;CARGKGEGRYYYDSSGYYYFDYW_CQQRSNWPPLTF;CARNKQHIVGATLHTHYSNWFDPW_NA;CARTSRGLIAAAAAVDYW_NA;CAKRGGLMVRGVAVDYW_CQQYYSYPWTF;CAKGGWFGELLFRLDYW_CQQYDNLLTF;CARRLAYNGNWDYGDFDYW_CCSYSKTATF;CARERPRGAAETW_CQAWDSSTWVF;NA_CQQRSNWPPYTF;NA_CCSYAGSSTVVF;CARDSKQQLADNWFDPW_CQAWDSSTLVVF;CARLWVFLTMVRGPDFDLW_CHQSSSLPLTF	0	NA
20	44	CARDQEYSSGWDGPDYYYYYGMDVW_CQQSYSTPQTF;CARDDRFGGDTLGWFDPW_CQSYDSSLSGSGYVF;CAREGWGLGYCSSTSCYTGPFGYW_CQQYGSSPPYTF;CARDRLDGYNSFYYGMDVW_CQSYDSSLSGSVF;CARDAGRDGNEYYFDYW_CQQYNSYLYTF;CARDRGQWLVREEDYYYGMDVW_CQQYYSTPLTF;CARIWAVAADHSFDYW_CQQYNNWPPWTF;CARDKGATFDYW_CQQSYSTPYTF;CARDRWSLHIVGASPRGPSFDYW_CQQANSFPVTF;CASGSSDRYSSGWYWGYFDYW_CQAWDSSTVVF;CARAEIYGSGSKYYYYGMDVW_CQSADSSGTYYVF;CARGPDRFSGSYDNWFDPW_CQHTRAF;CARDIVRDFDWPGVGYW_CAAWDDSLNGYVF;CARGWSGYSSSLHPYYFDYW_CCSYAGSSTTLVF;CARDLYSGYSYGSAVYW_CQQRSNWPIF;CARESPFGGQSVAVGGTPDYW_CCSYAGSGTFVF;CARGPGYCSGGSCYGMFDYW_CQSADSSGTYVVF;CARGTRRDGYNLIYW_CQQYDNPPLTF;CARAVPARPEYCGGDCYIYYYGMDVW_CQSADSSGTYWVF;CVLYYGSGSYYRFDYW_CQSYDSSLSAVF;CARDSSSPATRHFDYW_CMQATQFPYTF;CARGRGRYYDSSGEW_CQQYNSYPYTF;CARESRPTVTTRTTSGMDVW_CLQHNSYPRTF;CARDIGYSSGWYWTPGVNYYYGMDVW_CQQYGSSPWTF;CARDRGVGARHFDYW_CQQYNNWPPWTF;CGRAAISVLRKMPPTFW_CQQYGSSPYTF;CARETYYYDSSGYYGPHAFDIW_CLLSYSGARVF;CARDSEIFGSSWYSYFDYW_CQQYNSYSYTF;CARTYVWGEVDYYYYGMDVW_CLQHNSYPWTF;CARVYSYGYRYFDYW_CQQSYSTLWTF;CARDGGYSYGYAQGYYGMDVW_CQSADSSGTHVVF;CARDRSAERRGYFDYW_CNSRDSSGNHYVF;CARVKSGGSSSLRQDAFDIW_CQQRSNWPYTF;CAREDSSGWLEFPNWFDPW_CCSYAGSSTYVF;CAREGEQWLDGAFDYW_CQSADSSGTYKVF;CARDGGGWYGLVDYW_CQQYNNWPLTF;CARGNDAFDIW_CQQYNSYSGTF;CARDGKPSKTFDYW_CQQSYSTPLTF;CARDCGGPVTTTTNDAFDIW_CQQYYSYPRTF;CARDCDGGCDYW_CQSADSSGTYRVF;CARGGDYYYGMDVW_CQQYNNWPLTF;CARALSLGPRTYYYDSPQRGHDAFDIW_CQQSYSTSWTF;CARGETYYYDSSGYYWGYYFDYW_CQQYNSYPLTF;CARDQQWLGDFDYW_CSSYAGSNNLWVF	15	98	CAKDFHRLTLLRYCSGGSCYSAFDIW_CCSYAGSSTYVF;CAKRPDTTGRSWYFDYW_CQQYNNWLWTF;CAKFDIAAADTGKGEDYW_CMQGTHWPPLTF;CAKDSLFDRIILIATDIW_CAAWDDSLNGWVF;CAKYPSFSSRRWYFDLW_CQQYNNWPPPYTF;CAKLPSYSYGPFDYW_CQVWDSSSDHPVF;CAKDRQQLVIDAFDIW_CQQANSFSYTF;CARRRYYGGNSNKGWYFDLW_CQQRSNWRTF;CAKVLGFGPHYDILTGYYPFDYW_CQQSYSTPLTF;CASVQWLVDYW_CQQSYSTPMYTF;CAKDQSPSAKNGDYVSFDYW_CMQALQKTF;CAKDLRFLEWLLPYYYGMDVW_CMQALQTPWTF;CAKDPNYWRYFDWLTGYYFDYW_CQQRSNWPPWTF;CARDGGFGGSWLDPW_CQQRSHFRTF;CAKGEQFIAVNNWFDPW_CQQRSNWPITF;CAKDIRGNSWYGDSEGIW_CMQGTHWPYTF;CASGMVDFDYW_CMQGTHWPPTF;CAKGDSRYWYFDLW_CQQRSNWPLTF;CARGSISSQRWFGPW_CQQYNYYYTF;CAKWGHSSWYDNWFDPW_CQSADSSGTYVVF;CARGGAVLRYFDWEPQGPLEDNWFDPW_CQQRSNTWTF;CARNMASGMDVW_CQQRSNWPLFLTF;CAKMGASRWGPSYYFDCW_CQQYGSSPRTF;CAHRPLDILTGYRVDYFDYW_CQQSYSTLGTF;CAKDHPTNWFDPW_CQQYYSYPRTF;CAKAQNYYDSSGYYPFDYW_CQVWDSSSDHSVVF;CAKAPESSAYYGPDYW_CAAWDDSLSGHWVF;CAKGATSCAYW_CQQSYSTPRTF;CARGRLGGYSLPGFDYW_CNSRDSSGNHVVF;CARAIWYYDILTGYYSYYGMDVW_CSSYAGSNNLEVF;CARARGDFWSGYTHWYFDLW_CQQRSNWPPWYTF;CAKASARYCSGGSCYGTAFDIW_CQQSYSTPVF;CAKFHDSSGYYYLYGFDYW_CQAWDSSTYVF;CAKGAAASRTDYW_CQQSYSTPPYTF;CAQTGILTGYPRVGNAFDIW_CQQRSNWLGFTF;CAKDEWERGAFDIW_CQQYNSYSPWTF;CAKADLLYSGSYGAW_CQQSYSTPYTF;CAKDGIVVVTAIKFGHGMDVW_CQQANSFPYTF;CAKRLDYW_CMQATQFPYTF;CANISPPPRYYGSGSYYNFAFDIW_CQQLNSYPFTF;CAKDYDSGSYYEGGAFDIW_CQQRSNWPLTF;CAKEDYNSGSCLDYW_CQQLNSYPQVTF;CAQIAAAGTMGFDYW_CQQRSNWPSLTF;CAKVRGIVGATPCYFDYW_CQVWDSSSDHPVF;CTTEVCSGYDCDLGDYW_CQQRSNWPTF;CARSVDTAMGNAHDW_CQQYGSSPPTF;CAKDRGYRGDYSNWFDPW_CQQYNSYPRTF;CARDRPPYSNYVIYGMDVW_CQQRSNWPPLTF;CAKPSIVATIWAFDYW_CQQYDNLPPITF;CARDHKQWRVSYVWFDPW_CQQRNTWPRPTF;CAKGRYSSSWYEDWYFDLW_CQQRSNWPPLTF;CARDISKGAAGTGDWFDPW_CQQRSNWPLTF;CAKDAEGQGPVLLWLGGMDVW_CQQYNSYSYTF;CATGIAVAGTLGYYGMDVW_CQQYNNWPRFTF;CAKGTHYYGSGSMWGMDVW_CQQRSNWPPYTF;CAREGEITMIVANDAFDIW_CQQSYSTPPTF;CATSDWSW_CQQRINWPITF;CAKASVAVAGTGGMDVW_CQVWDSSSDHVVF;CAKFFVVLSFWSGYYDYW_CQQLNSYPQTF;CAKGRNFVVVTAICDYW_CQQYGSSPLTF;CAKSLKLFAIDYW_CQSADSSGTYWVF;CANDRDASSAWYGPVGYW_CQQHYSTPGTF;CAKGGYCSGGSCPLDYYYGMDVW_CMQALQTPLTF;CARARSSGWYHYW_CQQRSNWPPTF;CAKDHDEGATTYFDYW_CQAWDSSTVVF;CAKDSRYSLLIAVAGTEDYW_CQQRSNWPWTF;CAKDRGPAEKYYYDSSGTQLIGAFDIW_CQQYYSYPPGTF;CAKVEGIWFGELSDFYYYYGMDVW_CQQRSNWPLTF;CAKALHAAVVGPAAIPFDYW_CSSYVGSNNYVF;CAKDHLMITFGGVGQGVPWFDPW_CQKYNSAPRTF;CAKAEGVKYNWNYGDYW_CQQSGSSPPTF;CATDLNLAVAGEGGYW_CQQRSNWPLTF;CARDSYDFWSGYTPPNYYYYYGMDVW_CQQRSNWYTF;CAKETLGAVDYW_CCSYAGSSRVF;CAKAAMVRGVIDWYFDLW_CQQYYSYPPFTF;CASATTVSHW_CQQRSNWPLTF;CAKGGGADFDHW_CQQYSIWPLSF;CAKDRDGYNADDAFDIW_CQQSYSTPLTF;CAKSYGSGSYYRTSEYYFDYW_CQQYNNWPPGTF;CARDCSSTSCLAYW_CQLRSNWPTF;CAKRDSSSWGWDRGAFDIW_CQQLNSYPGFTF;CAKGFDYYGSGSYSPFDYW_CQQYNNWPPEYTF;CARHEKGIAAAVYYFDYW_CQQRSNWPLTF;CAKDGRWELGTFDIW_CQQYDNLPQF;CAKDRRLGPWIPDYW_CQQYDNLPQAF;CAKDVTDGYNIPYYFDSW_CQQRSNWPLTF;CAKDRCTITSCSYQNW_CMQALQIPPTF;CAKDRSFDYPDYW_CQQYYSFPYTF;CTSWAIPQALTDYYYYGMDVW_CQQRSNWPPSITF;CAKLGEEDGSGSPSYYYYGMDVW_CQQYNNWPPLTF;CAKILYSSGWWGGAFDIW_CQQYNSYPLTF;CAKDDDRGYGWFGELLGRYGMDVW_CQQRSNWLLTF;CAKDKASSWQDRYYYYGMDVW_CVLYMGSGIRVF;CAKVGVGATSHFDYW_CQQSYSTPRYTF;CAKDLPRSVVVTANSYYYGMDVW_CQQYNSYPVTF;CTTPTWGNYYYYGMDVW_CQQRSTGRDTF;CARVFRRYGSGSYYNLW_CQQRSNWLTF;CARDPGDYVEIEWYFDLW_CQQRSNWPRLTF	0	NA
20	44	CARDQEYSSGWDGPDYYYYYGMDVW_CQQSYSTPQTF;CARDDRFGGDTLGWFDPW_CQSYDSSLSGSGYVF;CAREGWGLGYCSSTSCYTGPFGYW_CQQYGSSPPYTF;CARDRLDGYNSFYYGMDVW_CQSYDSSLSGSVF;CARDAGRDGNEYYFDYW_CQQYNSYLYTF;CARDRGQWLVREEDYYYGMDVW_CQQYYSTPLTF;CARIWAVAADHSFDYW_CQQYNNWPPWTF;CARDKGATFDYW_CQQSYSTPYTF;CARDRWSLHIVGASPRGPSFDYW_CQQANSFPVTF;CASGSSDRYSSGWYWGYFDYW_CQAWDSSTVVF;CARAEIYGSGSKYYYYGMDVW_CQSADSSGTYYVF;CARGPDRFSGSYDNWFDPW_CQHTRAF;CARDIVRDFDWPGVGYW_CAAWDDSLNGYVF;CARGWSGYSSSLHPYYFDYW_CCSYAGSSTTLVF;CARDLYSGYSYGSAVYW_CQQRSNWPIF;CARESPFGGQSVAVGGTPDYW_CCSYAGSGTFVF;CARGPGYCSGGSCYGMFDYW_CQSADSSGTYVVF;CARGTRRDGYNLIYW_CQQYDNPPLTF;CARAVPARPEYCGGDCYIYYYGMDVW_CQSADSSGTYWVF;CVLYYGSGSYYRFDYW_CQSYDSSLSAVF;CARDSSSPATRHFDYW_CMQATQFPYTF;CARGRGRYYDSSGEW_CQQYNSYPYTF;CARESRPTVTTRTTSGMDVW_CLQHNSYPRTF;CARDIGYSSGWYWTPGVNYYYGMDVW_CQQYGSSPWTF;CARDRGVGARHFDYW_CQQYNNWPPWTF;CGRAAISVLRKMPPTFW_CQQYGSSPYTF;CARETYYYDSSGYYGPHAFDIW_CLLSYSGARVF;CARDSEIFGSSWYSYFDYW_CQQYNSYSYTF;CARTYVWGEVDYYYYGMDVW_CLQHNSYPWTF;CARVYSYGYRYFDYW_CQQSYSTLWTF;CARDGGYSYGYAQGYYGMDVW_CQSADSSGTHVVF;CARDRSAERRGYFDYW_CNSRDSSGNHYVF;CARVKSGGSSSLRQDAFDIW_CQQRSNWPYTF;CAREDSSGWLEFPNWFDPW_CCSYAGSSTYVF;CAREGEQWLDGAFDYW_CQSADSSGTYKVF;CARDGGGWYGLVDYW_CQQYNNWPLTF;CARGNDAFDIW_CQQYNSYSGTF;CARDGKPSKTFDYW_CQQSYSTPLTF;CARDCGGPVTTTTNDAFDIW_CQQYYSYPRTF;CARDCDGGCDYW_CQSADSSGTYRVF;CARGGDYYYGMDVW_CQQYNNWPLTF;CARALSLGPRTYYYDSPQRGHDAFDIW_CQQSYSTSWTF;CARGETYYYDSSGYYWGYYFDYW_CQQYNSYPLTF;CARDQQWLGDFDYW_CSSYAGSNNLWVF	16	68	CARQVGVGKWYLEDW_CCSYASGDNLVF;CARLIKYSGSYEMVDYW_CAAWDDSLNGYYVF;CARGGFITMIGYGMDVW_CQQYDNLPFTF;CARDLRWCSGGSCYGNYYGMDVW_CAAWDDSLNGQVF;CARDGRDYYDSSGYYYDDAFDIW_CQSADSSGTVVF;CARDHPLMVRENLGFDPW_CAAWDDSLNGPVF;CARDLRNYYDFWSGSPNPKINWFDPW_CQKYNSAPLTF;CARDLPAARYGDYGGFDYW_CAAWDDSLNGVVF;CARDLFPIQYGSEPYGMDVW_CQQYGSSPRTF;CARDIGPLDVW_CQVWDSSSDHRVF;CARDQGDGDYGAFDIW_CQQSYSTSSWTF;CARILEIVDPSGSYQYYFDYW_CGTWDSSLSAVVF;CARDGHYSGSYYVGYW_CCSYAGSYTYWVF;CAREEYSSSWHPYYFDYW_CGTWDSSLSAYVF;CAKDFRGWFDPW_CATWDDSLNGWVF;CARDRSGGSWFDPW_CVLYMGSGVF;CARASTAAYYYYYYGMDVW_CAAWDDSLNGHVVF;CAHHLSFGGNWAFAHW_CAAWDDSLNGSYVF;CASNLGYCSSISCYGFDYW_CQQYGSSPLYTF;CAKELPYYDSSGGPEYW_CAAWDDSLNGWVF;CARGEDYYGSGSYYGMDVW_CQAWDSNTVIF;CARVLGITGTTRRFDYW_CQQYYSYPFTF;CARDREQLAPFDYW_CQSADSSGTYVF;CAKDLIDTMIVVVITPPFDYW_CAAWDDSLNWVF;CARGGHLWSEEVMNRFYYYLGMDVW_CGAWDGSLNGYVF;CARDGYSGYDRADYYYYYGMDVW_CQSYDSSLSGSRVF;CARDHIAVAATPAEYYYYGMDVW_CQAWDSSTVVF;CARARDRQGAYYYGSGSYVPYYYYGMDVW_CCSYAGSSPWVF;CARQNFDILTGYSIDYW_CAAWDDSLNGLYVF;CARDNSGSYVVEYYFDYW_CAAWDDSLNGWVF;CARQYVEWLREMDVW_CAAWDDRLNGWVF;CARNYYYDSSGSGFDYW_CQQANSFPPTF;CAHRHHCSSTSCSPWDDWFDPW_CAAWDDSLNGPVF;CARQNFDILTGYSIDYW_CAAWDDSLNGLYVF;CAKTQVDGKALWFEPW_CATWDSILSGWIF;CARELLWFGEGINWFDPW_CAAWDDSLNGVVF;CARHNTITLRYFDWTKLGYFDLW_CAAWDDSLNGVVF;CARDRYDYGDYPAEYFQHW_CAAWDDSLNGVVF;CAREQLGGFDYW_CAAWDDSLSVVVF;CAIIPLATPVTIIMDYW_CMQSIQLPPQPTF;CAREQQLVPYYYYGMDVW_CAAWDDSLNGWVF;CARDGAGHYGSGSYFGSW_CATWDDSLNGFVIF;CASRTNHYYDIQRHYW_CQQSYSTPGVTF;CARHIMVRGVPPNFDYW_CAAWDDSLNGPVF;CASTGGGSYPILNW_CQQYYSYPLTF;CARGGPYPINSGYYYEVDYW_CAAWDDSLNGRYVF;CARGPNDAFDVW_CQQYARSPPWTF;CAHHASFGGNWAFAHW_CAAWDDSLNGSYVF;CARDRGYGSGSYFSGFDYW_CQQYNNWPPRTF;CARERGMYSSGWYNWFDPW_CQQYYSYPYTF;CARGGDGYNYHPYW_CQKYNSAPTF;CAKDSIPIYDSSGTTFDYW_CAAWDDSLNGWVF;CARDQRSYADYW_CQQYYSYPQTF;CARDLQRGYSYGYW_CAAWDDSLNGVVF;CARDIHGNGALYYYYGMDVW_CAAWDDSLNGLYVF;CARDNIVVVPAAMFEASDYYYGMDVW_CMQALQTPYTF;CARDELRQLVLW_CQSYDSSNPWVF;CARSYGSGSYPRPSPLAWFDPW_CAAWDDSLNGPVF;CARDLIGFGASFDYW_CQQYNNWPPYTF;CARMMGTYYGDHPTIVGYFDYW_CQQYNNWPLTF;CARDGLDYDSNAIDYW_CQQYDNLPYTF;CARHGGDCGLDCYSNWFDPW_CQHWTF;CAREPADSSSLW_CQSYDSSNWVF;CARSGQWLEGWFDPW_CQQYNSYSPTF;CAREGREGGGFDYW_CAAWDDSLSGWVF;CARFVPGGYDGFDIW_CASWDKNLNAFVF;CARDPVPVILGYCSGGRCSPLDYW_CQNYNSAPRTF;CAKDWDDYDSESGVYNYYGMDVW_CSAWDDSLNGVVF	0	NA
20	44	CARDQEYSSGWDGPDYYYYYGMDVW_CQQSYSTPQTF;CARDDRFGGDTLGWFDPW_CQSYDSSLSGSGYVF;CAREGWGLGYCSSTSCYTGPFGYW_CQQYGSSPPYTF;CARDRLDGYNSFYYGMDVW_CQSYDSSLSGSVF;CARDAGRDGNEYYFDYW_CQQYNSYLYTF;CARDRGQWLVREEDYYYGMDVW_CQQYYSTPLTF;CARIWAVAADHSFDYW_CQQYNNWPPWTF;CARDKGATFDYW_CQQSYSTPYTF;CARDRWSLHIVGASPRGPSFDYW_CQQANSFPVTF;CASGSSDRYSSGWYWGYFDYW_CQAWDSSTVVF;CARAEIYGSGSKYYYYGMDVW_CQSADSSGTYYVF;CARGPDRFSGSYDNWFDPW_CQHTRAF;CARDIVRDFDWPGVGYW_CAAWDDSLNGYVF;CARGWSGYSSSLHPYYFDYW_CCSYAGSSTTLVF;CARDLYSGYSYGSAVYW_CQQRSNWPIF;CARESPFGGQSVAVGGTPDYW_CCSYAGSGTFVF;CARGPGYCSGGSCYGMFDYW_CQSADSSGTYVVF;CARGTRRDGYNLIYW_CQQYDNPPLTF;CARAVPARPEYCGGDCYIYYYGMDVW_CQSADSSGTYWVF;CVLYYGSGSYYRFDYW_CQSYDSSLSAVF;CARDSSSPATRHFDYW_CMQATQFPYTF;CARGRGRYYDSSGEW_CQQYNSYPYTF;CARESRPTVTTRTTSGMDVW_CLQHNSYPRTF;CARDIGYSSGWYWTPGVNYYYGMDVW_CQQYGSSPWTF;CARDRGVGARHFDYW_CQQYNNWPPWTF;CGRAAISVLRKMPPTFW_CQQYGSSPYTF;CARETYYYDSSGYYGPHAFDIW_CLLSYSGARVF;CARDSEIFGSSWYSYFDYW_CQQYNSYSYTF;CARTYVWGEVDYYYYGMDVW_CLQHNSYPWTF;CARVYSYGYRYFDYW_CQQSYSTLWTF;CARDGGYSYGYAQGYYGMDVW_CQSADSSGTHVVF;CARDRSAERRGYFDYW_CNSRDSSGNHYVF;CARVKSGGSSSLRQDAFDIW_CQQRSNWPYTF;CAREDSSGWLEFPNWFDPW_CCSYAGSSTYVF;CAREGEQWLDGAFDYW_CQSADSSGTYKVF;CARDGGGWYGLVDYW_CQQYNNWPLTF;CARGNDAFDIW_CQQYNSYSGTF;CARDGKPSKTFDYW_CQQSYSTPLTF;CARDCGGPVTTTTNDAFDIW_CQQYYSYPRTF;CARDCDGGCDYW_CQSADSSGTYRVF;CARGGDYYYGMDVW_CQQYNNWPLTF;CARALSLGPRTYYYDSPQRGHDAFDIW_CQQSYSTSWTF;CARGETYYYDSSGYYWGYYFDYW_CQQYNSYPLTF;CARDQQWLGDFDYW_CSSYAGSNNLWVF	17	1	CARHGINYYDSSGYSGNDAFDIW_CQQYDNLFTF	0	NA
20	44	CARDQEYSSGWDGPDYYYYYGMDVW_CQQSYSTPQTF;CARDDRFGGDTLGWFDPW_CQSYDSSLSGSGYVF;CAREGWGLGYCSSTSCYTGPFGYW_CQQYGSSPPYTF;CARDRLDGYNSFYYGMDVW_CQSYDSSLSGSVF;CARDAGRDGNEYYFDYW_CQQYNSYLYTF;CARDRGQWLVREEDYYYGMDVW_CQQYYSTPLTF;CARIWAVAADHSFDYW_CQQYNNWPPWTF;CARDKGATFDYW_CQQSYSTPYTF;CARDRWSLHIVGASPRGPSFDYW_CQQANSFPVTF;CASGSSDRYSSGWYWGYFDYW_CQAWDSSTVVF;CARAEIYGSGSKYYYYGMDVW_CQSADSSGTYYVF;CARGPDRFSGSYDNWFDPW_CQHTRAF;CARDIVRDFDWPGVGYW_CAAWDDSLNGYVF;CARGWSGYSSSLHPYYFDYW_CCSYAGSSTTLVF;CARDLYSGYSYGSAVYW_CQQRSNWPIF;CARESPFGGQSVAVGGTPDYW_CCSYAGSGTFVF;CARGPGYCSGGSCYGMFDYW_CQSADSSGTYVVF;CARGTRRDGYNLIYW_CQQYDNPPLTF;CARAVPARPEYCGGDCYIYYYGMDVW_CQSADSSGTYWVF;CVLYYGSGSYYRFDYW_CQSYDSSLSAVF;CARDSSSPATRHFDYW_CMQATQFPYTF;CARGRGRYYDSSGEW_CQQYNSYPYTF;CARESRPTVTTRTTSGMDVW_CLQHNSYPRTF;CARDIGYSSGWYWTPGVNYYYGMDVW_CQQYGSSPWTF;CARDRGVGARHFDYW_CQQYNNWPPWTF;CGRAAISVLRKMPPTFW_CQQYGSSPYTF;CARETYYYDSSGYYGPHAFDIW_CLLSYSGARVF;CARDSEIFGSSWYSYFDYW_CQQYNSYSYTF;CARTYVWGEVDYYYYGMDVW_CLQHNSYPWTF;CARVYSYGYRYFDYW_CQQSYSTLWTF;CARDGGYSYGYAQGYYGMDVW_CQSADSSGTHVVF;CARDRSAERRGYFDYW_CNSRDSSGNHYVF;CARVKSGGSSSLRQDAFDIW_CQQRSNWPYTF;CAREDSSGWLEFPNWFDPW_CCSYAGSSTYVF;CAREGEQWLDGAFDYW_CQSADSSGTYKVF;CARDGGGWYGLVDYW_CQQYNNWPLTF;CARGNDAFDIW_CQQYNSYSGTF;CARDGKPSKTFDYW_CQQSYSTPLTF;CARDCGGPVTTTTNDAFDIW_CQQYYSYPRTF;CARDCDGGCDYW_CQSADSSGTYRVF;CARGGDYYYGMDVW_CQQYNNWPLTF;CARALSLGPRTYYYDSPQRGHDAFDIW_CQQSYSTSWTF;CARGETYYYDSSGYYWGYYFDYW_CQQYNSYPLTF;CARDQQWLGDFDYW_CSSYAGSNNLWVF	18	55	CARETTPVVTASTYYYYYGMDVW_CSSYTSSSTWVF;CARDWVRGVNDMDVW_CSSYTSSSTRVF;CTRPQRKWELPYPDAFDIW_CSSYTSSSTLF;CARGGAAVTTYYYYFYGMDAW_CCSYSSTNTLYVF;CARDGSGYLEQYYFDYW_CAAWDDSLNGYVF;CARGQGRTTSDYW_CSSYTSSSTLVVF;CARDPITMVRGVIISGWYFDLW_CSSYTSSSTLDVVF;CAKGADPYYDFWSGYSELFPLGMDVW_CSSYTSSSTVVF;CAREFKSFWSGYGDYYYGMDVW_CSSYTSSSTRVF;CARVVDDYYDSSGRYYFDYW_CSSYTSSSTQVF;CARHPFRVFGGWRDYW_CSSYTSSSTLWVF;CTGPDRMAYYDSSGYWEGVLDYW_CSSYTSSSPLYVF;CTRCGSSWTSYTMYDW_CSSYTGSRLYVF;CAKASLYGSGSYPPKYW_CSSYTSSSTYVF;CARDRPALWFGELHGMDVW_CSSYTSSSTLVF;CAKDHWEYYWYFDLW_CSSYTSSSTLVF;CARQISILRLLVWFDPW_CSSYTSSRGVF;CARHSPPRLWFGAFNYYYGMDVW_CSSYTGSSTLVF;CARRIAVAATVTGAMDVW_CTSYTSSSTLVF;CARYYDILTGYYYDYFDYW_CSSYTSSSTSF;CAKDPRLGPYFDYW_CSSYTSSSTRVF;CARILSDYYDSIGAFDYW_CSSYTSSSTPVVF;CARDRVAIMRGIKPNGMDVW_CQQLNSYPQTF;CARELTGDRDYW_CNSYTRSSTYVF;CARVNTMVRGLSTTKYYYPMDVW_CSSYTLSILIF;CARGGLPLGYCSGGSCSRRYYGMDVW_CSSYTSSSTLVVF;CARVEYGDYSGWFDPW_CSSYTSSSTWVF;CARGINYCSGGSCYYYYYYGMDVW_CSSYTSSSTLEGVF;CAREGPSRPAANYW_CSSYTSSSTEVF;CVRDQGSGGNYFDPW_CSSYTSSSLYVF;CARDDYYYDSSGYYPRFDYW_CSSYTSSSTLGVF;CARGSRYSYGDPCFDYW_CSSYTSSSTPVVVF;CARYYQDRFDYW_CSSYTSSSTLEVF;CARGPYDILTGSIYYYGMDVW_CSSYTSSSTLIF;CARDLGWSEGNYYYYGMDVW_CSSYTSSSTYVF;CAYDSSGYSLDYW_CQQYGSSPF;CARDQGTAAKPLDYW_CSSYTSSSTRVF;CARGGYSGYESDYW_CSSYTSSSTRVF;CARSSVGRQWPKGMDVW_CSSYTSSSTLAF;CAKDIRGRMATIMSW_CSSYTSSSTLVVF;CARVELHYYYYYGMDVW_CSSYTSSSTLF;CARGMIVVVMRYGMDVW_CSSYTSSSPVVF;CAKGILRYFDWHLEGMDVW_CSSYRNISTVF;CAKDIVSYSNYVLSNW_CSSYTSSSTQHVVF;CARHGSYLGYFQHW_CSSYTSSSTVVF;CAKDKGPDYYYGMDVW_CSSYTSSSTLYVF;CARSMVRGKYRAEYFQHW_CSSYTSSSTLNVVF;CATLSGMDVW_CSSYTSSSTLVVF;CAREGRPPRKPKNNWFDPW_CSSYAGSNNLVF;CARGYSYGPFDYW_CSSYTSSSTLVVF;CASPITTVTTRGAFDIW_CSSYTSSSTFYVF;CAETSYCSGGSCPMSEYGPVFDPW_CSSYTSSSTPWVF;CAKDCGEPWYNWNDGIGYW_CSSYTSSSTWVF;CARDSRLGGVDPW_CSSYTSSSTRVF;CAKAPGGYNWDNYHYYYFAMDVW_CSSYTSSSTLYVF	0	NA
20	44	CARDQEYSSGWDGPDYYYYYGMDVW_CQQSYSTPQTF;CARDDRFGGDTLGWFDPW_CQSYDSSLSGSGYVF;CAREGWGLGYCSSTSCYTGPFGYW_CQQYGSSPPYTF;CARDRLDGYNSFYYGMDVW_CQSYDSSLSGSVF;CARDAGRDGNEYYFDYW_CQQYNSYLYTF;CARDRGQWLVREEDYYYGMDVW_CQQYYSTPLTF;CARIWAVAADHSFDYW_CQQYNNWPPWTF;CARDKGATFDYW_CQQSYSTPYTF;CARDRWSLHIVGASPRGPSFDYW_CQQANSFPVTF;CASGSSDRYSSGWYWGYFDYW_CQAWDSSTVVF;CARAEIYGSGSKYYYYGMDVW_CQSADSSGTYYVF;CARGPDRFSGSYDNWFDPW_CQHTRAF;CARDIVRDFDWPGVGYW_CAAWDDSLNGYVF;CARGWSGYSSSLHPYYFDYW_CCSYAGSSTTLVF;CARDLYSGYSYGSAVYW_CQQRSNWPIF;CARESPFGGQSVAVGGTPDYW_CCSYAGSGTFVF;CARGPGYCSGGSCYGMFDYW_CQSADSSGTYVVF;CARGTRRDGYNLIYW_CQQYDNPPLTF;CARAVPARPEYCGGDCYIYYYGMDVW_CQSADSSGTYWVF;CVLYYGSGSYYRFDYW_CQSYDSSLSAVF;CARDSSSPATRHFDYW_CMQATQFPYTF;CARGRGRYYDSSGEW_CQQYNSYPYTF;CARESRPTVTTRTTSGMDVW_CLQHNSYPRTF;CARDIGYSSGWYWTPGVNYYYGMDVW_CQQYGSSPWTF;CARDRGVGARHFDYW_CQQYNNWPPWTF;CGRAAISVLRKMPPTFW_CQQYGSSPYTF;CARETYYYDSSGYYGPHAFDIW_CLLSYSGARVF;CARDSEIFGSSWYSYFDYW_CQQYNSYSYTF;CARTYVWGEVDYYYYGMDVW_CLQHNSYPWTF;CARVYSYGYRYFDYW_CQQSYSTLWTF;CARDGGYSYGYAQGYYGMDVW_CQSADSSGTHVVF;CARDRSAERRGYFDYW_CNSRDSSGNHYVF;CARVKSGGSSSLRQDAFDIW_CQQRSNWPYTF;CAREDSSGWLEFPNWFDPW_CCSYAGSSTYVF;CAREGEQWLDGAFDYW_CQSADSSGTYKVF;CARDGGGWYGLVDYW_CQQYNNWPLTF;CARGNDAFDIW_CQQYNSYSGTF;CARDGKPSKTFDYW_CQQSYSTPLTF;CARDCGGPVTTTTNDAFDIW_CQQYYSYPRTF;CARDCDGGCDYW_CQSADSSGTYRVF;CARGGDYYYGMDVW_CQQYNNWPLTF;CARALSLGPRTYYYDSPQRGHDAFDIW_CQQSYSTSWTF;CARGETYYYDSSGYYWGYYFDYW_CQQYNSYPLTF;CARDQQWLGDFDYW_CSSYAGSNNLWVF	21	37	CARDRDGAFAIW_CAIWYSNTHVIF;CASRVHGLVTVTTGGAFDIW_CQQYYSYPPAF;CARGGDPTWFDPW_CCSYAGSSIVVF;CARAGAVARGYFDYW_CQQYYSFPPTF;CARGRGAAAGTSILNYW_CQQYYSTPLGF;CARGGRVWSQATPTKNWFDPW_CQQYNNWPPWTF;CARKSGPPQYRYFDYW_CQQSYSTPLHF;CARGVGGCSSTSCYTRGYYGMDVW_CQQANSFLTF;CARGVRVAPIDYW_CAAWDDSLWVF;CARGPVYYYGSGSYYYFDYW_CLQDYNYPFTF;CARGTRGRSSGYYSNW_CQQYNNWPPYTF;CARGRSSGYYPHFDYW_CNSRDSSGNHYVF;CARGGRYCSGGSCYNWFDPW_CLQDYNYPWTF;CARVDNVWTTWGYW_CQQSYSTPPTF;CARDRVHDYVWGSYRDLDYW_CQQSYSTLMYTF;CARGPIVVVIAASPYYYYGMDVW_CQQRSNWPPGCTF;CARRYSYGYKRLSGWIWYFDLW_CAAWDDSLNGYVF;CASSGWFDPW_CAAWDDSLSGRVF;CARSLGPEFYYFDYW_CQQSYSTPWTF;CARGMGSSSWYPNTKLVNWFDPW_CQQYYSTPPTF;CARGEYGDYAFDYW_CAAWDDSLNGYVF;CARGTIAVAGKRYYYFDYW_CQVWDSSSDHHVVF;CARALYYDILTGYYPRYYFDYW_CQQLNSYPITF;CARGSGYYVGSYFDYW_CNSRDSSGNHPPVVF;CARDLPAVYYYGMDVW_CQQSYSTLFTF;CARGNTRLRGYSYGLQMARGGYGMDVW_CQQYGSSPGTF;CASSAPPYGHFDYW_CNSRDSSGNHVVF;CARSVTGTMGIYYYGMDVW_CQQYGSSRGTF;CARGRGYYGSGSYFSFSYYYGMDVW_CAAWDDSLNGQVF;CARDRRGYSYGYPWFDPW_CNSRDSSGNHRVF;CARGRVYGDYVFWFDPW_CQQSYSTPLTF;CARAYGMDVW_CQKYNSAPYTF;CARGTRGRSSGYYSNW_CQQYNNWPPYTF;CASLERVRRFYYYYGMDVW_CLLYYGGARVF;CARYNWNLNFDYW_CAAWDDSLNANYVF;CSIHPYYYDSSSHSEYFQHW_CQQYDNLPPAF;CARGSPYCSGGSCYLNWFDPW_CQQYYSYPRTF	0	NA
20	44	CARDQEYSSGWDGPDYYYYYGMDVW_CQQSYSTPQTF;CARDDRFGGDTLGWFDPW_CQSYDSSLSGSGYVF;CAREGWGLGYCSSTSCYTGPFGYW_CQQYGSSPPYTF;CARDRLDGYNSFYYGMDVW_CQSYDSSLSGSVF;CARDAGRDGNEYYFDYW_CQQYNSYLYTF;CARDRGQWLVREEDYYYGMDVW_CQQYYSTPLTF;CARIWAVAADHSFDYW_CQQYNNWPPWTF;CARDKGATFDYW_CQQSYSTPYTF;CARDRWSLHIVGASPRGPSFDYW_CQQANSFPVTF;CASGSSDRYSSGWYWGYFDYW_CQAWDSSTVVF;CARAEIYGSGSKYYYYGMDVW_CQSADSSGTYYVF;CARGPDRFSGSYDNWFDPW_CQHTRAF;CARDIVRDFDWPGVGYW_CAAWDDSLNGYVF;CARGWSGYSSSLHPYYFDYW_CCSYAGSSTTLVF;CARDLYSGYSYGSAVYW_CQQRSNWPIF;CARESPFGGQSVAVGGTPDYW_CCSYAGSGTFVF;CARGPGYCSGGSCYGMFDYW_CQSADSSGTYVVF;CARGTRRDGYNLIYW_CQQYDNPPLTF;CARAVPARPEYCGGDCYIYYYGMDVW_CQSADSSGTYWVF;CVLYYGSGSYYRFDYW_CQSYDSSLSAVF;CARDSSSPATRHFDYW_CMQATQFPYTF;CARGRGRYYDSSGEW_CQQYNSYPYTF;CARESRPTVTTRTTSGMDVW_CLQHNSYPRTF;CARDIGYSSGWYWTPGVNYYYGMDVW_CQQYGSSPWTF;CARDRGVGARHFDYW_CQQYNNWPPWTF;CGRAAISVLRKMPPTFW_CQQYGSSPYTF;CARETYYYDSSGYYGPHAFDIW_CLLSYSGARVF;CARDSEIFGSSWYSYFDYW_CQQYNSYSYTF;CARTYVWGEVDYYYYGMDVW_CLQHNSYPWTF;CARVYSYGYRYFDYW_CQQSYSTLWTF;CARDGGYSYGYAQGYYGMDVW_CQSADSSGTHVVF;CARDRSAERRGYFDYW_CNSRDSSGNHYVF;CARVKSGGSSSLRQDAFDIW_CQQRSNWPYTF;CAREDSSGWLEFPNWFDPW_CCSYAGSSTYVF;CAREGEQWLDGAFDYW_CQSADSSGTYKVF;CARDGGGWYGLVDYW_CQQYNNWPLTF;CARGNDAFDIW_CQQYNSYSGTF;CARDGKPSKTFDYW_CQQSYSTPLTF;CARDCGGPVTTTTNDAFDIW_CQQYYSYPRTF;CARDCDGGCDYW_CQSADSSGTYRVF;CARGGDYYYGMDVW_CQQYNNWPLTF;CARALSLGPRTYYYDSPQRGHDAFDIW_CQQSYSTSWTF;CARGETYYYDSSGYYWGYYFDYW_CQQYNSYPLTF;CARDQQWLGDFDYW_CSSYAGSNNLWVF	22	30	CARDEGIAARTRGETHYYYYGMDVW_CQQYYSTPYTF;CAREPPDLTMVRTKGVRWFDPW_CQQYYSNPLTF;CARDEMVRRDGYNFAFDIW_CQQYYSTPPLTF;CAKDGIVFYGSGSYNDYW_CQQYYETPTF;CARVRGAFGEPPPYNWFDPW_CQSADSSGTYYVF;CARGGLYSSSWSVHSTFQHW_CQQYGSSPRTF;CARDLGARDGYNKFDYW_CQQYYSTPALTF;CAHTPGSGQKGSIYW_CQQYYSTPWTF;CARLGPYGSGSYSPVDYW_CQQYYSNPQAF;CARGAAAGTLDAFDIW_CQQYYSTPLTF;CAADRIRGSSANYDYGMDVW_CQQYYSLRTF;CTRGGGALGNW_CQQYYSIPWTF;CARGPGIYGDYGGGRPGYFDYW_CQQYYSTPPITF;CARGPSRSYNVYYFDYW_CQQYYSTGTF;CARGRGARYDYGYGLVPNYFDYW_CQQHSSSPPTF;CARGPMTTVATPRTQYFQFW_CQQYYSTPWTF;CSKDWAATGREIGYW_CQQYYRTPYTF;CARRDCSGGSTQSLPQRHLTCYYGMDVW_CQQYYSTLYTF;CARDQYSSGWYLGGWGYFDYW_CQQYYSTLRTF;CARGVVGHPHLIDFW_CQQYYHMGTF;CARQDCSGGSCYLDYW_CQVWDSSSDHPVF;CAKGYSSSWYYNYGMDVW_CQQYYSTPTF;CARDRYFGPW_CQQYYSTPWTF;CARITMIGGAFDIW_CQQYYSTPSITF;CVRGGSGTLSWYDSW_CQQYLSSPDTF;CTRDLLVNWNDPGLISYYNSFDVW_CQQYYNSPRTF;CARSDDNGDYVFNYW_CQQYYSTPPTF;CARELASHLGDYFDYW_CQQYYSTPPKTF;CARKARQWEVAIDSW_CHQYYTTPLF;CSVYDSSGYLYGAFDIW_CQQYYSTPLTF	0	NA
21	37	CARDRDGAFAIW_CAIWYSNTHVIF;CASRVHGLVTVTTGGAFDIW_CQQYYSYPPAF;CARGGDPTWFDPW_CCSYAGSSIVVF;CARAGAVARGYFDYW_CQQYYSFPPTF;CARGRGAAAGTSILNYW_CQQYYSTPLGF;CARGGRVWSQATPTKNWFDPW_CQQYNNWPPWTF;CARKSGPPQYRYFDYW_CQQSYSTPLHF;CARGVGGCSSTSCYTRGYYGMDVW_CQQANSFLTF;CARGVRVAPIDYW_CAAWDDSLWVF;CARGPVYYYGSGSYYYFDYW_CLQDYNYPFTF;CARGTRGRSSGYYSNW_CQQYNNWPPYTF;CARGRSSGYYPHFDYW_CNSRDSSGNHYVF;CARGGRYCSGGSCYNWFDPW_CLQDYNYPWTF;CARVDNVWTTWGYW_CQQSYSTPPTF;CARDRVHDYVWGSYRDLDYW_CQQSYSTLMYTF;CARGPIVVVIAASPYYYYGMDVW_CQQRSNWPPGCTF;CARRYSYGYKRLSGWIWYFDLW_CAAWDDSLNGYVF;CASSGWFDPW_CAAWDDSLSGRVF;CARSLGPEFYYFDYW_CQQSYSTPWTF;CARGMGSSSWYPNTKLVNWFDPW_CQQYYSTPPTF;CARGEYGDYAFDYW_CAAWDDSLNGYVF;CARGTIAVAGKRYYYFDYW_CQVWDSSSDHHVVF;CARALYYDILTGYYPRYYFDYW_CQQLNSYPITF;CARGSGYYVGSYFDYW_CNSRDSSGNHPPVVF;CARDLPAVYYYGMDVW_CQQSYSTLFTF;CARGNTRLRGYSYGLQMARGGYGMDVW_CQQYGSSPGTF;CASSAPPYGHFDYW_CNSRDSSGNHVVF;CARSVTGTMGIYYYGMDVW_CQQYGSSRGTF;CARGRGYYGSGSYFSFSYYYGMDVW_CAAWDDSLNGQVF;CARDRRGYSYGYPWFDPW_CNSRDSSGNHRVF;CARGRVYGDYVFWFDPW_CQQSYSTPLTF;CARAYGMDVW_CQKYNSAPYTF;CARGTRGRSSGYYSNW_CQQYNNWPPYTF;CASLERVRRFYYYYGMDVW_CLLYYGGARVF;CARYNWNLNFDYW_CAAWDDSLNANYVF;CSIHPYYYDSSSHSEYFQHW_CQQYDNLPPAF;CARGSPYCSGGSCYLNWFDPW_CQQYYSYPRTF	1	1	CARDPHYYDSSGYYYWYFDLW_CSSYAGSNNPYVF	0	NA
21	37	CARDRDGAFAIW_CAIWYSNTHVIF;CASRVHGLVTVTTGGAFDIW_CQQYYSYPPAF;CARGGDPTWFDPW_CCSYAGSSIVVF;CARAGAVARGYFDYW_CQQYYSFPPTF;CARGRGAAAGTSILNYW_CQQYYSTPLGF;CARGGRVWSQATPTKNWFDPW_CQQYNNWPPWTF;CARKSGPPQYRYFDYW_CQQSYSTPLHF;CARGVGGCSSTSCYTRGYYGMDVW_CQQANSFLTF;CARGVRVAPIDYW_CAAWDDSLWVF;CARGPVYYYGSGSYYYFDYW_CLQDYNYPFTF;CARGTRGRSSGYYSNW_CQQYNNWPPYTF;CARGRSSGYYPHFDYW_CNSRDSSGNHYVF;CARGGRYCSGGSCYNWFDPW_CLQDYNYPWTF;CARVDNVWTTWGYW_CQQSYSTPPTF;CARDRVHDYVWGSYRDLDYW_CQQSYSTLMYTF;CARGPIVVVIAASPYYYYGMDVW_CQQRSNWPPGCTF;CARRYSYGYKRLSGWIWYFDLW_CAAWDDSLNGYVF;CASSGWFDPW_CAAWDDSLSGRVF;CARSLGPEFYYFDYW_CQQSYSTPWTF;CARGMGSSSWYPNTKLVNWFDPW_CQQYYSTPPTF;CARGEYGDYAFDYW_CAAWDDSLNGYVF;CARGTIAVAGKRYYYFDYW_CQVWDSSSDHHVVF;CARALYYDILTGYYPRYYFDYW_CQQLNSYPITF;CARGSGYYVGSYFDYW_CNSRDSSGNHPPVVF;CARDLPAVYYYGMDVW_CQQSYSTLFTF;CARGNTRLRGYSYGLQMARGGYGMDVW_CQQYGSSPGTF;CASSAPPYGHFDYW_CNSRDSSGNHVVF;CARSVTGTMGIYYYGMDVW_CQQYGSSRGTF;CARGRGYYGSGSYFSFSYYYGMDVW_CAAWDDSLNGQVF;CARDRRGYSYGYPWFDPW_CNSRDSSGNHRVF;CARGRVYGDYVFWFDPW_CQQSYSTPLTF;CARAYGMDVW_CQKYNSAPYTF;CARGTRGRSSGYYSNW_CQQYNNWPPYTF;CASLERVRRFYYYYGMDVW_CLLYYGGARVF;CARYNWNLNFDYW_CAAWDDSLNANYVF;CSIHPYYYDSSSHSEYFQHW_CQQYDNLPPAF;CARGSPYCSGGSCYLNWFDPW_CQQYYSYPRTF	2	2	CAREVVLMVHRRGGLNMDVW_CQQYYSTPLTF;NA_CQQANSFPLTF	0	NA
21	37	CARDRDGAFAIW_CAIWYSNTHVIF;CASRVHGLVTVTTGGAFDIW_CQQYYSYPPAF;CARGGDPTWFDPW_CCSYAGSSIVVF;CARAGAVARGYFDYW_CQQYYSFPPTF;CARGRGAAAGTSILNYW_CQQYYSTPLGF;CARGGRVWSQATPTKNWFDPW_CQQYNNWPPWTF;CARKSGPPQYRYFDYW_CQQSYSTPLHF;CARGVGGCSSTSCYTRGYYGMDVW_CQQANSFLTF;CARGVRVAPIDYW_CAAWDDSLWVF;CARGPVYYYGSGSYYYFDYW_CLQDYNYPFTF;CARGTRGRSSGYYSNW_CQQYNNWPPYTF;CARGRSSGYYPHFDYW_CNSRDSSGNHYVF;CARGGRYCSGGSCYNWFDPW_CLQDYNYPWTF;CARVDNVWTTWGYW_CQQSYSTPPTF;CARDRVHDYVWGSYRDLDYW_CQQSYSTLMYTF;CARGPIVVVIAASPYYYYGMDVW_CQQRSNWPPGCTF;CARRYSYGYKRLSGWIWYFDLW_CAAWDDSLNGYVF;CASSGWFDPW_CAAWDDSLSGRVF;CARSLGPEFYYFDYW_CQQSYSTPWTF;CARGMGSSSWYPNTKLVNWFDPW_CQQYYSTPPTF;CARGEYGDYAFDYW_CAAWDDSLNGYVF;CARGTIAVAGKRYYYFDYW_CQVWDSSSDHHVVF;CARALYYDILTGYYPRYYFDYW_CQQLNSYPITF;CARGSGYYVGSYFDYW_CNSRDSSGNHPPVVF;CARDLPAVYYYGMDVW_CQQSYSTLFTF;CARGNTRLRGYSYGLQMARGGYGMDVW_CQQYGSSPGTF;CASSAPPYGHFDYW_CNSRDSSGNHVVF;CARSVTGTMGIYYYGMDVW_CQQYGSSRGTF;CARGRGYYGSGSYFSFSYYYGMDVW_CAAWDDSLNGQVF;CARDRRGYSYGYPWFDPW_CNSRDSSGNHRVF;CARGRVYGDYVFWFDPW_CQQSYSTPLTF;CARAYGMDVW_CQKYNSAPYTF;CARGTRGRSSGYYSNW_CQQYNNWPPYTF;CASLERVRRFYYYYGMDVW_CLLYYGGARVF;CARYNWNLNFDYW_CAAWDDSLNANYVF;CSIHPYYYDSSSHSEYFQHW_CQQYDNLPPAF;CARGSPYCSGGSCYLNWFDPW_CQQYYSYPRTF	5	441	NA_CQQYDELPVTF;CATTYYYDSSGYYQNDAFDIW_CQQYYSYPRTF;CAREIEGDGVFEIW_CMIWHSSAWVV;CARHIRGNRFGNDAFDIW_CQQYYSFPYTF;CARRLITMIEGGAFDIW_CQVWDSSSDHVVF;CAKVMIEHPSNRGHFDYW_CMQALQTPYTF;CTTDDEKRPYSGSYLPFDYW_CQSYDSSNVVF;CARGGRVSVAVYWDYYYYGMDVW_CQKYNSAPFTF;CAHSAQYYDILTGYYKAPWGGAFDIW_CQQYNSYSWTF;CARDDFGGATFYSSFDYW_CQQSYSTPYTF;CARAAKIFGVVTAFDIW_CQQYGSSPWTF;CVKDYSTSGWYYFDFW_CQQYGSSLPYTF;CARVVPAAFYGMDVW_CQQYGSSLFTF;CAGGSGYCTNGVCYPRGFDYYYGMDVW_CAAWDDSPPWVF;CAKDDTAMVTADFFDYW_CQTWGTGIWVF;CARTPRWLQCFDYW_CQQYNSYSWTF;CARDQWLAYYFDYW_CQSYDSSNHWVF;CAHRYYSNIDYW_CMQGTHWPWTF;CARDWGYYDSSGYSPRGYYYYYGMDVW_CQQLNSYSFTF;CAKDRVGYGDYVDYW_CQQYNNWPPWTF;CARLGSSPYYW_CQSYDSSLSGYVF;CTRYYGDVW_CQQYYSFPWTF;CAKDHYYDSSGYYSGLGYW_CQSADSSGTYRVVF;CATGLVVPAAILYGMDVW_CQQYGSSRGLTF;CAKDDGDAAAGLIYW_CAAWDDSLSGVVF;CAKDGGGEEALELPDYW_CGTWDSSLSAVVF;CATLRYPSLGVDYW_CHQYNNWPFTF;CARKDSSGSDAFDLW_CQQSYSTPYTF;CARDVVQLWYQIDYW_CQQSYSTPPNTF;CAKYVDTAMNQFDPW_CQQANSFPITF;CARGLHYYDSSGRSLYYFDYW_CQQYGSSPPGQTF;CANQPPSLYW_CQQYNNWPGTF;CARVGYDYVWGSYRYTGVMDVW_CSSYAGSSYVF;CARGRPYYYDSSGYPYDAFDIW_CMQALQTPLTF;CAKERVVTAIPVVIFDYW_CQQSYSTPRLTF;CARPYGDYAYFDYW_CQSYDSSLSGYVF;CARDWWERQDSKRPDYFDSW_CQQTNSFPITF;CARHSNDGSDYFDYW_CQESYGALLTYTF;CASTEIEMLVPRYCSSTSCYFVWFDPW_CGTWDSSLSAGHGVF;CASASSTGTDAFDIW_CQAWDSSTHVVF;CARDGSWYAAWFDPW_CQSYDSSLSGSVVF;CARDPSLGDPGWGYFDYW_CQQYNSYSTWTF;CVREMTGSFTGGLDPW_CMQGTHWPPTF;CAREVNTAMAYYYYYYGMDVW_CQQYGSSQWTF;CARERRGGGHYYDSSGYYLSDYW_CQQSYSTP;CARGGGYSSGWATREVVYW_CQSYDSSLGAVF;CAKVPTVTTFLGYYYGMDVW_CQQSYSTPWYTF;CARDLRPAANFDYW_CQVWDSSSDYVF;CARLSYSSSWYYFDYW_CQQSYSTLYTF;CARVPKVRYCSSTSCYKDYYYGMDVW_CQVWDSSSDSWVF;CATWHYYDSSGEDGMDVW_CQQYNNWPRTF;CARGRSSWHLDYW_CMQALQTPFTF;CARDPWELHGFDYW_CQQYGSSSFTF;CAREAYYYGMDVW_CNSRDSSGNHNYVF;CARDRSVVTMVRGVIPFYW_CCSYAGSYTVVF;CARHEKMNYYDILTGYSPPYYYYYGMDVW_CQSYDSSLSAYVVF;CAHYQGIAVTGTWFDPW_CQSYDSSNVVF;CARESSSWFPYW_CQQSYSTPFTF;CARERDYSPGRYYGMDVW_CGTWDSSLSAGVF;CARHPTPAAMVGYYYYGMDVW_CQQANSFPLTF;CARDGPMTAIGGYGMDVW_CQSYGSLGGSVF;CAKGRTTEGTDAFDMW_CQQVHSYPITF;CAKDRSSLLWFGELLYMPEEYGMDVW_CQQYNNWPLTF;CTNYGMDVW_CSSYAGSNNWVF;CARVDSFAPNSGYGAQLLNWFDPW_CQQYNNWPLTF;CAREDYDTASFGYW_CQQYDNLPYTF;CAKDFGRGSYHRAEYFQHW_CQQYNNWPPWTF;CARGGSLPLITMIVGFFW_CQQYGSSPEYTF;CTREAEMATISIDYW_CQVWDSSSDHVVF;CARDAPIWDTAIVYW_CQQYGSSLPWTF;CARLLVSAYNWFDPW_CQQSYSIPAF;CARIPMTTVTSYGMDVW_CQQYGSSSITF;CARDDEWEPYDYW_CCSYAGSSTYVF;CTTVLRYFDWLLSDYGMDVW_CLLSYSGARGVF;CAIGTGIVGTTFPREYW_CMQALQTSWTF;CAKDMELGWLIDYW_CMQALQTPLTF;CARETVVTPQNAFDIW_CAAWDDSLNGYVF;CARERNIVVVPAAETFDYW_CQQYNNWPPLTF;CARIGFGEYDYGMDVW_CQSYDSSLSVVF;CARGVGATDFDYW_CQSYDSSLSGVVF;CARDPSNWGSFGYW_CQAWDSSTYVF;CARVDGYNYSFDYW_CQQYNNWWTF;CAKEPYGGNSFVYYFDYW_CQQYGSSPGLTF;CAKAEWGGTENYIPYYFDFW_CQSYDNNNLIF;CARSHCSSTSCYPNYYYGMDVW_CQQSYSTPRTF;CARDFGERYCSGGSCYSFDPYYYYGMDVW_CLQHNSYPWTF;CAKEYPGPGQLDDAFDIW_CQSYDSSLSGKVF;CARVDTAMVTGLAISPPWDYGMDVW_CQQYNSYPWTF;CAKDIGDGSGSNSQKRDYYYGMDVW_CQQSYSTPRTF;CATDPYNSGWFASLKNQVLYYW_CQQSYSTPQTF;CAREHTGGWLQRYIDYW_CQSADSSGTYPRVVF;CARGYCDSTSCYAVGYFDLW_CQTWGTGIVVF;CARDPDPNWSKDWFDPW_CQQYNNWPPLTF;CAKGRYSFGLDNFDYW_CQQDGNSPTF;CASRAVQSSGWRQDYYYGMDVW_CQSYDSSLSGVF;CAREASEGPW_CQSYDSSNSWVF;CARLGGYSSRGNWFDPW_CQQSYSTPPYTF;CARDPHHTFGGVLVW_CQKYNSARTF;CAGYYYDSSGYLSSFDIW_CQSYDSSLSVVF;CARLPYRYSGSSNDAFDIW_CAAWDDSLSGPVF;CARAGYGDYVGDFDYW_CQSADSSGTYVVF;CARDYYGSRSDSGMDVW_CQQSYTTPYTL;CAKDGREAAAGTDYYYGMDVW_CQAWDSSTVVF;CARDSPGWGSSGFYYGMDVW_CQQYGSSPRYTF;CARVSGDTMIVVVHRDGMDVW_CQQYNSYSVTF;CAKNLATTGSHW_CLQDYNYPRTF;CAKDGGRGVVIIFYFDYW_CQQYGSSPITF;CARGIAVVTLWGPFDIW_CQQYNNWPRTF;CARDRWVPAAVPHYYYYGMDVW_CQQANSFPLTF;CAREGAAGPPPGHYYYYGMDVW_CMQALQTPFTF;CAKQGHFTDTKRIDYW_CQQYDSYPITF;CAVIPVTGQEASLSAEYFQHW_CQQSYSTPFTF;CARDSPSSGSYGLFDYW_CQTWGTGIRRVF;CASPGGGLLWFGELFRSYFDYW_CVLYMGSGFWVF;CAHRPVSDDILTGYRYNWFDPW_CQSYDSSLSGSVVF;CARGFIGYNFDSW_CQQSYRTPITF;CAREEGYCSGGSCEYNYYYGMDVW_CQQYGSSLITF;CARGRRVFLALSYW_CQQYGSSPHTF;CARGAGRIGQVDVW_CQQYNNWHTF;CARGYYDSSGQSLDYYYYGMDVW_CQQYYSYPFTF;CARTGKNGSGSYWFDPW_CQQYRTF;CARTDIVATPDGGFDYW_CQTWGTGIHVVF;CAREGFYYYGSGSVSGGNWFDPW_CQVWDSSTVVF;CAKVPLGWGAAGGAYFDYW_CQQYGSSPATF;CARVGCSGDTCYSYDWFDPW_CGTWDSSLTAVVF;CARGGILTGKLSDYW_CQQYDNLPTF;CAHGLTGYYTYYFDYW_CQQYYSFPPTF;CARQVGANPFADYW_CAAWDDSLSGPVF;CSVYDAERGYFDYW_CCSYAGGDTSYYVF;CARLYGDYGDYW_CNSRDSSGNLFVVF;CARPYSSSWSPMDVW_CQSYDSSLSGHVVF;CARDKGYSSSWYIRSSWFDPW_CLLSYSGARLVF;CARAVCGDDCYLLDSW_CAAWDRSLGAVVF;CARTTTVVTGDAFDIW_CQSADSSGTYPVF;CAKGRGDYYYYGMDVW_CQQYDNLPITF;CTTGGALNYW_CQAWDSSTACVF;CARDLTTRDYSDAFDIW_CQQYGSSPRTF;CARAGLEINTPDSSGYYYGGGYFDYW_CQQYDNLPPRRFTF;CAKDHGYDFWSGYSDAFDIW_CQQSYSTPLYTF;CARESGYTNYYYYGMDVW_CQQYNSYPLTF;CARKYQLPYYYGMDVW_CQQSYNTPDTF;CARDSTYYYDSSGYPVSDAFDIW_CQQSYSTRRYTF;CAREVYSSSTNWFDPW_CQVWDSSTDVVF;CARANAEYSSSLLFDYW_CQSYDNSLSAYVF;CAHSPYDYVWGSYRQSWFDPW_CQAWDSSTVF;CTTIYYDILTGDYW_CMQALQTPITF;CARLDYDFWSGTPERMDVW_CQQYGSSPPWTF;CARVRKNWNYDLDDWYFDLW_CQVWDSSSDHYVF;CATRRVRGEGLAYW_CQQYNSYSRTF;CARNYDSSGYYVPPYFDYW_CQQYNNWPPYTF;CARDPANYFDYW_CQQSYSTLWTF;CAREESSSWYRYW_CQQYGSSPLTF;CARIVQGGSYLSGGIDYW_CMQSIQLLFTF;CARDRLIIRFLERPNWFDPW_CCSYAGSSTPVF;CAREYSNNWYFFDYW_CQQYAGSPLTF;CARVSGVGTSFAGFDPW_CQSADISATVF;CAREPTPRYSGSYRGFNYFDYW_CQQYYSFPLTF;CARAADYCTSASCPNEYFQHW_CQSYDSSLSVF;CARGRMTVHNDDSGFPEYLYYYGLDVW_CMQVMDNPRTL;CATSRVAVAGVDYW_CQSYDSSLSGVVF;CARDLGIAVAGRVEGYFDYW_CCSYAGSYTLVF;CARDVSNVLVIAVSPSWFDPW_CQQTYSIPYTF;CARDAPDRGSSWYSALFDYW_CQQYNNWPPTF;CARRDGGYCSSTSCSFDYW_CQQYNSYSPTF;CARAEIFGVVIQAFDYW_CQSYDSSLSGSVF;CVKKVIGFDDW_CQQSDTFGYTF;CAKGMDGSGSYYNKDGMDVW_CQAWDSSTGVF;CARVNGLLGEYYYGMDVW_CMQALQTPPNTF;CAKDWAVGWEFVDSW_CQQSHTVPLTF;CARDEGAAAYFDYW_CCSYAGSSTCWVF;CARAAGYCSSTSCYEIYYYYGMDVW_CQSYDSSLSVPF;CTRSYVLRFLEWFSPFDYW_CQQYGSSLWTF;CASSGSYQGNWFDPW_CQQSYSTPYTF;CARSPPRYDLSLVDAFDIW_CQQYNSYSTTF;CARETIAAAGSNFDYW_CQQSYSTPRTF;CARVSGYSYYFDYW_CQQLNSYLLTF;CATYIAAPRDYYYGMDVW_CMQALQTPYTF;CATGKTYSAPHAYYYFDYW_CQQANSFPRTF;CAKEVHSSGFDYW_CQSADSSGTYPWVF;CTTDHIVVVTAMIFGYYFDYW_CQQLNSPLTF;CAREGPTVTKFDYW_CQSYDSSLSGSVF;CEVKAAAGNFYW_CSSYAGSVVF;CAKDIEGGSGYYLTPGGFQHW_CCSYAGSSTFVVF;CARDAMAIGDYYYYGMDVW_CQQLNSYPSLTF;CARREGAGYDILTGSYYYYYGMDVW_CLLYYGGAQLGVF;CTTRLWRISQYYYDSSGYGHFDYW_CQSADSSGTYVF;CARTTLLAAAIDYW_CQQYYSFPYTF;CARAKAARPTPTYYYYYYGMDVW_CQAWDSSTGDVF;CARSGYDSSWVGYDFDYW_CQAWDSSTPVF;CAREGLEIDAFDIW_CQQSYSTPWTF;CAHTSAYYDSSGYYPPFDYW_CQQSYSTPLTF;CARATQDSSGWYGFWYFDYW_CQQYNNWPPTF;CARMLVVVAATGYYYYGMDVW_CQQYGSSQTF;CAREAYDSSAYSTIDYW_CQTWGTGIHVF;CATSLVVVPAAILRGGVGGHYYGMDVW_CGTWDSSLSAVVF;CARSAGSSGSFEYFQHW_CQQYGSSPLYTF;CARRLFLYSSSGYYFDSW_CQQASSFPPLSF;NA_CQQSYNTPRTF;CARGGGAVAGTIDFHYW_CCSYAGTDLWLF;CAKDRGYYDSSGYYYSDYGMDVW_CQSADSSGTYVF;CAKDGFGGASDHW_CQHYDRSPWTF;CARAIQMGCSDGSCLW_CQQYDNLPSYTF;CARKGRWLPDGDDAFDIW_CQQYYSYPLTF;CARAGLRSWFDPW_CMQSIQLPNTF;CARHSYGAYYYYGMDVW_CQQYGGSPLFTF;CAAGVMTARYDYW_CQQSYSTPLTF;CAHFMTTVTTGYFDPW_CIQVRQTPFTF;CAREGGGDILTTYYYYGMDVW_CQQYGSSTRALTF;CARGFGGGDYRSMDVW_CQQLITYPITF;CARTTYGGNSLNWFDPW_CQVWDSSSDHPVF;CARGYGSGNYYYYGMDVW_CMQALQTPWTF;CARSNYDILTGLDYW_CMQALQTPYTF;CAREDSGSYGYFDYW_CQQYNNWPQTF;CARRVLYYRFDPW_CNSRDSSGNHLF;CARGDYDYVWGSSPDAFDIW_CMQGTHWPLTF;CARDVRGYYYDSSGYSGEGYWW_CQQSYSTPYTF;CTRDRYSSSWYKGLYYYYGMDVW_CQQSYSTPYTF;CARVFFRVVYAMAYW_CQQYNNWPPMYTF;CASSLRYFDWTVNNWFDPW_CQQYGSSPQTF;CTRGYCSSTSCYTGWFDPW_CQAWDSSHVVF;CARDGRWELLGNQHW_CCSYAGSSTYVF;CARVYYDSSGYYYFDYW_CQQSYSTPWAF;CARGRVRWELLGDDAFDIW_CQQYDNLPLTF;CCTYVFVGIVPTIVDYW_CQQYNDWPPAGTF;CARDIQYYYDSSGYDAFDIW_CQQSYSTPWTF;CATSWGIAALYGMDVW_CNSRDSSGNPYVF;CAKDYPVAGDLDAFDIW_CCSYAGSSTWVF;CARANWDNWNDGLDYW_CGTWDSRLSSYVF;CARAGYCSSTSCSKEDVW_CQQSYSTPPRTF;CAREPLGGDYYYYYYGMDVW_CQQYGSSPTF;CARLSLRARFRGAFDIW_CCSYAGSYSVVF;CAHSLPSDIDYYYDSSGYSPSPPLFDYW_CQQYNNWPLTF;CASGYGGKTYYFDYW_CQQYGSSPGTF;CLGRELGHSW_CLQHNSYPWTF;CTAVLRYFDWLLMEAHENYYYYGMDVW_CQSADSSGGVF;CARDRSRWEFLYYFDYW_CQQYGSSGYTF;CARARYYDSNSYSYAW_CQTWGTGIWVF;CARLDYYDSSGYYDW_CQTWGTGIPVF;CARDYIAVAGPGENWFDPW_CQQSYSTRTF;CARDRGGYGVRWFDPW_CQQYDNLPPTF;CARRGNAIFGVVTHYYYYGMDVW_CMQALQTPLFTF;CSNYDILTGYYWFHYW_CQQYNNWPFTF;CASSFLDTSIVEYYFDYW_CATWDDSLSGLF;CARIVVVVTSRWFDPW_CQVWDSSSDHYVF;CARSLEWLDDYW_CQSYDSSLSGSVF;CARDAYGGYSFYYYGMDVW_CQQYGSSPFTF;CAGGSGSYYHLDPW_CQQANSFPYTF;CARPRLDYGDYGAGLGYW_CQKYNSAPFTF;CARDRGLRKKYFQHW_CQQYGSSPSTF;CVSQLYYLDGRGYYYDYYYDYW_CLQHHDYPWTF;CTTVSPYGDYVGVYFDYW_CQQYYSYPPTF;CAKDFMEYYYYGMDVW_CSAWDSSLSAVVF;CARSPGSGSYTW_CQQYGSSPLTF;CARLPYAGGPYYYYGMDVW_CMQRIEFPFTF;CARGKPRSLELWSFYYYYGMDVW_CQQSYSTPPTF;CAMGGYDSSGVQLDYW_CAAWDDSLSGYVF;CAHRYCSSTSCYGLGDWFDPW_CQSADSSGTYLVF;CARHSEGLGPVDYW_CGTWDSSLSAWVF;CARAIFGVVSVMGFDYW_CMQALQTLTF;CAKSMKSFDYW_CQQSYSTPLTF;CTTEGGDGYNSFDYW_CQQYDNLPITF;CARDTTYGDYYYGMDVW_CQSADSSGNWVF;CARDGKGYSYGSGNYYGMDVW_CQQSYSTLYTF;CAHRTTTYYFDYW_CQQYNSYPYTF;CTTDLVWFGELANAFDIW_CLQHNSYLPEWTF;CTRGGTLGARSGYYDYYYGMDVW_CQQYNSYPLTF;CAKDEGRVVAVAGTGEHAFDIW_CQQYNSYSPTWTF;CAKDITIFGVVISHLDYW_CLQDYNYPLTF;CARTYYYDSSGYRNAFDIW_CQSADSSGTYPVVF;CAKCFYYDSSGYYYYYYGMDVW_CCSYAGSSTLVF;CARDLLSISGSPFDPW_CQQRSNWPPGGGGLTF;CARGGINGGAYFDYW_CQQYGSSPWTF;CARDRGPAGLDYW_CQQSYSTRYTF;CARRGYYYDSSGYYYDWFDPW_CNSRDSSGNRVVF;CAKGLNTAMVSYYFDYW_CVLYMGSGIWVF;CAKDIREGWSSGYYPVLDYW_CQVWDSSVVF;CAKDSPSGYYYYYYYGMDVW_CQQLNSYPITF;CARDRIAAADHNWFDPW_CAAWDDSLNGWVF;CARDIGGIAAAGSPPSAFDIW_CQQYNSYSTF;CAHSYYYGSGRGGWFDPW_CQSADSSGTYVF;CARDGSSSIFDYW_CNSRDSSGNHVVF;CAKPLRFGYSSSSCFDYW_CSSYAGSNNYVF;CAHTGFESLDYW_CQSYDNSLNGLGVF;CARDEDYYYDSSGSVDYW_CQQSYSTPWTF;CARQIAAAGPENWFDPW_CQSADSSGTYLVF;CARGLPVDVW_CGTWDSSLSAGHVVF;CARLIYYGSGRFGAFDIW_CQQYDNLPWTF;CARNEITIPLDVW_CQQYGSSPLVTF;CTTDHGDAYNYRW_CQQYGSSPRTF;CARDHRMNIAVAGTNWFDPW_CQKYNSAPLFTF;CARALREEQWLNNAFDIW_CQQYYSYPTF;CAHRPPYYDSSGYLSW_CQQYGSSLWTF;CARHYVDTAMVINQYYFDYW_CQSYDSSLSDVF;CARDNYDILTGHYGMDVW_CAAWDDSLSGLYVF;CAKDSSSSDWFDPW_CQQYYSYPLTF;CARDYVAVAGTLDYW_CQQYYSTPYTF;CTRDLAYSNYEPPNHNWFDPW_CLQHNSYPLTF;CARERYYYYGMDVW_CYSTDSSGNHGVF;CAKEGITGYYYYYGMDVW_CQQSYSTPHTF;CAKVALRYFDWLPPYFDYW_CQQYYSYPQNLTF;CARAHDSTGYQDFDYW_CQQAKSFPYTF;CARVGVYGSGSYLVGGDYW_CQQSYSTPWTF;CARGPYYGSGSGEFDPW_CQQYYSYPLTF;CARGSCYSSACYYYYGMDVW_CGTWDSSLSAVVF;CARDFDAAEGAFDIW_CQVWDSSSDPTFYVF;CARGAHSSGYYIDYW_CQQYYSFPFTF;NA_CHQYNNWSSWTF;CAREQDFGGNPFDCW_CMQVLHIPRAF;CARGTMVRGHYYYYGMDVW_CQQSYSTPLTF;CARGYSYGYLDWFDPW_CQSYDSSLSGVVF;CARAAPYSSSSLDYW_CQQSYSTLTWTF;CARRRITMNDYFDYW_CQSYDSSLSGVVF;CARGPDGGAFDIW_CQRGLTF;CARDLIARTALTYYYYGMDVW_CQSYDSSLSGGVF;CARYGVYGDYPGALFDYW_CAAWDDSLSGLWVF;CAKDRRGCSSTSCYTFDYW_CQQSYSTLSF;CARVSGYNSYYFDYW_CQQSYSTPRTF;CAAPSPRFTSSTGGGMELPLHVW_CCSYARGSSLVF;CAKDARWRPRVASIDALDIW_CQQYNNWPRTF;CARHIERYCSGGSCYEALDYW_CMQALHPITF;CASYLEMATRYYFDYW_CLQHNSFWTF;CARVTRVTQSNDFWTSYYTDCFDAW_CYSTDSSGNHKVF;CARLYSSSWTNYFDYW_CQQYYSYPLTF;CARGTVYSVPGGHYGDYVRDPKYYYYGMDVW_CQSADSSGTWVF;CARGAAGVRGPIGYW_CAAWDDSLSGWVF;CARVAVAGTTNWFDPW_CQQANSFPYTF;CARVLGGPGATTFDYW_CLQDYNYPWTF;CARTPVSTSYDSPGWYSSGWFFDYW_CQTWGTGIHVVF;CARTMVRGVTPADAFDIW_CQQYNSYSSTF;CAKSMGATILHAFDIW_CQQYNSYPLTF;CARANSGSYSFFFLRLDYFDYW_CQQYNNWPLTF;CARAAGTGGYYYGMDVW_CVLYMGSGISVF;CARAGQFGDSYYYYYYGMDVW_CLQDYNYPQTF;CAHFTKRPTDAFDIW_CNSRDSSGNHRVF;CAAGFGLSGSYIHYYYYGMDVW_CQQYGSSPPLTF;CATDNWNFGADSGFGYW_CMQGTHWRTF;CARVLGSFSFGYDGFDIW_CQQLNAYPTF;CARDPGIAVAETVYYYYYYGMDVW_CMQALQTPPTF;CARTVGAGYKIGKGYFDYW_CQAWDSSTVVF;CARDQDLAALNYW_CGTWDSSLSAKVF;CTTENVLLWFGEPEYYYYYYGMDVW_CQSADSSGTYAVVF;CARSLFEGTVMAFRAEHMDVW_CQQYKTFFAVSF;NA_CQAWDSSTVVF;CARPPSHDSPMYHYW_CQSADSSGLWVF;CARDTMWWSYGMDVW_CCSYAGSGEVF;CARLRRYSSGYYYIAGDFDYW_CQSYDSSLSGVVF;CARDKGGTTVTTSNWFDPW_CQQYDNLPLTF;CARDGGGYYQKKGYFQHW_CGTWDSSLSAVVF;CARDDIVVVPAAIDYW_CQSYDSSLSGPYVF;CARKFDCW_CQQYGTSLPVTF;CARGVLRFLEWLSNMDYYYYGMDVW_CMQALQTPRALTF;CAKDGSYYDSSGYSDYW_CQQYNNWPPWTF;CAKDKSYSVEYW_CMLFMGSGIWVF;CAKADVRSNWNDMHFDYW_CQAWDSSTVVF;CARATPRGYGGNSLNWFDPW_CQQYNSYPFTF;CAEGYQLPGLYYW_CNSRDSSGNHLF;CARHAGSGSYYFWFDPW_CQQYGSSPYTF;CAKDLQIGYCSSTSCRNAFDIW_CQQYGSSPPRVTF;CARGRGSYFDYW_CQQYGSSLWTF;CARTCSSTSCYTYGMDVW_CQQYNNWQYTF;CAHRGYSYGPLFDYW_CLLYYGGAQLVF;CARLPTLRYGSGSYYNGALDYYYGMDVW_CMQALQTPLTF;CARSIAAASPFDPW_CQQYDNLPPTF;CARGPPYGHLGYW_CQQYNNWPPITF;CAKDILGGGYFDYW_CQTWGTGMGVF;CAKDASYGYLFEYWYFDLW_CQQYNNWPPWTF;CARFGAKNYYDSW_CQQYNNWPGTF;CAREKWLRPQLDYW_CQQYGSSPKTF;CVKGPYYDGSGNSFGRKAFDIW_CQQYGSSPYTF;CARGASKGNQPALHYGMDVW_CQQSYSTPPAF;CATTLASPTHDYGDYEGGYMDVW_CQQYGSSPLTF;CALGIDAFDIW_CQQYNNWPKTF;NA_CQSYDDSLSGTVF;CARGFYYGSGSPLSGMDVW_CQQSYSTPRTF;CAKDPAASGSPWYFDYW_CQQYYSFPRTF;CAREVSRQSGSRPIKWFDPW_CQQSYSPPPLTF;CTPSLETYGDYALGYYW_CQSADSSGTYPYVF;CAKDFGGPLQFDYW_CQQYGSSPRTF;CAKDMLFSNNYW_CQTWGTGINWVF;CARDENHLYYGDLAYW_CQQSYSIPRAF;CARGSRLLLWFGELKVGPGFDPW_CQQYNSYWTF;CAMKGGRDGYNTRVYYYYGMDVW_CCSYAGSSTPYVF;CAKDIGPTNCSSTSCHAYYYYGMDVW_CQQYNSYSTF;CWRDRREAPIEMEVASTRG_CMQSTHWPYTF;CTRHTHCSGGSCYDAFDIW_CQQSYSTPRYTF;CAREPPHGSGTDYNWFDPW_CQSYDSSLSAYVF;CVKDLYDTGSYYYFDYW_CSSYTRSSTLVF;CSRHEGVGGNSDYW_CVLYMGSGISMF;CARNHDYGDYMFGGMDVW_CQSADSSGTYVF;CTTSGGDW_CMQSIQLPRTF;CARDRTSFGYSYGNIDYW_CQTWGTGILVF;CAKDELASYGGVGYYW_CQSADSSGTYFWVF;CAREPKHSGYCSSTSCYIGNWFDPW_CQSYDSSLSGNVVF;CARASWDSSSWGLGFDPW_CQAWDSSTGVF;CARTRVRGVISPFDYW_CQQANSFPPTF;CTREYYDFWSGDYW_CQQYDNLPLTF;CARDGGRGSGWSTPDYW_CNSRDSSGNHVVF;CARHYDFWSGDNPYWYYYYGMDVW_CQQYGSSPPWTF;CTTTTADIVVVPAAIQTVDYW_CQQYDNLPLTF;CAIMVRGVIGSYYYYGMDVW_CQQSYSTTWTF;CAKDNGYGGNSLQHW_CCSYAGSSTLVF;NA_CQQSYNTLWSF;CARARYRRDGYHNLYAFDIW_NA;CARGFSETGPGYKRFYYYFDLW_CQQYGSSPQTF;CARVKGDYYYYYGMDVW_CMQALQTPHTF;CARDPPLYSSGWFTGDYW_CQQYNSYPRTF;CAKDGGEHRGNDYW_CQVWDSSSDHYVF;CARGYDFWSGYLPHYGMDVW_CQVWDSSSDHPGVF;CARETKQYIDYRSPTVGRPYDYYYGMDVW_CLLFYGGAQLGVF;CAKGVWESTTEDAFDIW_CQQYNSYSPFTF;CAKDQGYCSSTSCYPYYYGMDVW_CQAWDSSTVVF;CARLGGYDSTFDYW_CSSYTSSSTYVF;CARVAAAGTYFDYW_CQQYGSSPETF;CARINQHGSGTYSPDYYYYGIDVW_CMQALQTPMYTF;CARKSIAAAGLPYYYYYGMDVW_CMQALQTRFTF;CAQGGYSYGYYDYW_CAAWDDSLNGVVF;CARQRGGTAVPVYYFDYW_CQQYGSSPLYTF;CARALYYDSSGYQPNRYYFDYW_CQSYDSSLSGYVVF;CTRALNSNHFDYW_CQQANSFPLTF;CARVTDPDAFDIW_CNSRDSSGNHYVF;CARSAWHPAATGGMDVW_CLQDYNYPYTF;CARVSLVVPQQFDYW_CQAWDSSTVVF;CAKVPGYSTGWYYFDYW_CQQCDSSPEWTF;CAKDSTCSSTSCYRGYYYYGMDVW_CQQYYSYPITF;CARGRNGGNRFDWFDPW_CQSYDSSLSGSGVF;CARGKNWFDPW_CQQYGSSPLTF;CASGYSSGRPDYW_CQQYDNLPITF;CARLSDGDYTFDYW_CQQYNSYWTF;CARGGTAGYSYGYAYW_CQAWDSSTAVVF;CAKDIVVVPAAPITLYYYYGMDVW_CMQALQTSFTF;CARWRLYYDSRGYYYGMFDYW_CQQSYDTPLTF;CARSRRIVGATSFDWFDPW_CQQYNSYSRTF;CASEDSGYGGGFDYW_CQSYDSSLSEGVF;CAHGRDYDSSSLPFDYW_CQQYNSYPYTF;CARAGAYYYGSAIDYW_CQQYGSSPGLTF;CAKGSSHSGGWFDPW_CQQYNSYWTF;CARDLLRAYSSSSTSSIDYW_CQQYYSYPRTF;CAKDVSGYLDAFDIW_CGTWDSSLSAGWVF;CAREGSRYFDYW_CQVWDSSSDHYVF;CASHDSSGYYLLDYW_CQVWDSSSDHVVF;CARYCSSTSCYTTYYYYYYGMDVW_CQQYYSYPLTF	0	NA
21	37	CARDRDGAFAIW_CAIWYSNTHVIF;CASRVHGLVTVTTGGAFDIW_CQQYYSYPPAF;CARGGDPTWFDPW_CCSYAGSSIVVF;CARAGAVARGYFDYW_CQQYYSFPPTF;CARGRGAAAGTSILNYW_CQQYYSTPLGF;CARGGRVWSQATPTKNWFDPW_CQQYNNWPPWTF;CARKSGPPQYRYFDYW_CQQSYSTPLHF;CARGVGGCSSTSCYTRGYYGMDVW_CQQANSFLTF;CARGVRVAPIDYW_CAAWDDSLWVF;CARGPVYYYGSGSYYYFDYW_CLQDYNYPFTF;CARGTRGRSSGYYSNW_CQQYNNWPPYTF;CARGRSSGYYPHFDYW_CNSRDSSGNHYVF;CARGGRYCSGGSCYNWFDPW_CLQDYNYPWTF;CARVDNVWTTWGYW_CQQSYSTPPTF;CARDRVHDYVWGSYRDLDYW_CQQSYSTLMYTF;CARGPIVVVIAASPYYYYGMDVW_CQQRSNWPPGCTF;CARRYSYGYKRLSGWIWYFDLW_CAAWDDSLNGYVF;CASSGWFDPW_CAAWDDSLSGRVF;CARSLGPEFYYFDYW_CQQSYSTPWTF;CARGMGSSSWYPNTKLVNWFDPW_CQQYYSTPPTF;CARGEYGDYAFDYW_CAAWDDSLNGYVF;CARGTIAVAGKRYYYFDYW_CQVWDSSSDHHVVF;CARALYYDILTGYYPRYYFDYW_CQQLNSYPITF;CARGSGYYVGSYFDYW_CNSRDSSGNHPPVVF;CARDLPAVYYYGMDVW_CQQSYSTLFTF;CARGNTRLRGYSYGLQMARGGYGMDVW_CQQYGSSPGTF;CASSAPPYGHFDYW_CNSRDSSGNHVVF;CARSVTGTMGIYYYGMDVW_CQQYGSSRGTF;CARGRGYYGSGSYFSFSYYYGMDVW_CAAWDDSLNGQVF;CARDRRGYSYGYPWFDPW_CNSRDSSGNHRVF;CARGRVYGDYVFWFDPW_CQQSYSTPLTF;CARAYGMDVW_CQKYNSAPYTF;CARGTRGRSSGYYSNW_CQQYNNWPPYTF;CASLERVRRFYYYYGMDVW_CLLYYGGARVF;CARYNWNLNFDYW_CAAWDDSLNANYVF;CSIHPYYYDSSSHSEYFQHW_CQQYDNLPPAF;CARGSPYCSGGSCYLNWFDPW_CQQYYSYPRTF	8	1	CARGTPGWYW_CQQYGSSPTF	0	NA
21	37	CARDRDGAFAIW_CAIWYSNTHVIF;CASRVHGLVTVTTGGAFDIW_CQQYYSYPPAF;CARGGDPTWFDPW_CCSYAGSSIVVF;CARAGAVARGYFDYW_CQQYYSFPPTF;CARGRGAAAGTSILNYW_CQQYYSTPLGF;CARGGRVWSQATPTKNWFDPW_CQQYNNWPPWTF;CARKSGPPQYRYFDYW_CQQSYSTPLHF;CARGVGGCSSTSCYTRGYYGMDVW_CQQANSFLTF;CARGVRVAPIDYW_CAAWDDSLWVF;CARGPVYYYGSGSYYYFDYW_CLQDYNYPFTF;CARGTRGRSSGYYSNW_CQQYNNWPPYTF;CARGRSSGYYPHFDYW_CNSRDSSGNHYVF;CARGGRYCSGGSCYNWFDPW_CLQDYNYPWTF;CARVDNVWTTWGYW_CQQSYSTPPTF;CARDRVHDYVWGSYRDLDYW_CQQSYSTLMYTF;CARGPIVVVIAASPYYYYGMDVW_CQQRSNWPPGCTF;CARRYSYGYKRLSGWIWYFDLW_CAAWDDSLNGYVF;CASSGWFDPW_CAAWDDSLSGRVF;CARSLGPEFYYFDYW_CQQSYSTPWTF;CARGMGSSSWYPNTKLVNWFDPW_CQQYYSTPPTF;CARGEYGDYAFDYW_CAAWDDSLNGYVF;CARGTIAVAGKRYYYFDYW_CQVWDSSSDHHVVF;CARALYYDILTGYYPRYYFDYW_CQQLNSYPITF;CARGSGYYVGSYFDYW_CNSRDSSGNHPPVVF;CARDLPAVYYYGMDVW_CQQSYSTLFTF;CARGNTRLRGYSYGLQMARGGYGMDVW_CQQYGSSPGTF;CASSAPPYGHFDYW_CNSRDSSGNHVVF;CARSVTGTMGIYYYGMDVW_CQQYGSSRGTF;CARGRGYYGSGSYFSFSYYYGMDVW_CAAWDDSLNGQVF;CARDRRGYSYGYPWFDPW_CNSRDSSGNHRVF;CARGRVYGDYVFWFDPW_CQQSYSTPLTF;CARAYGMDVW_CQKYNSAPYTF;CARGTRGRSSGYYSNW_CQQYNNWPPYTF;CASLERVRRFYYYYGMDVW_CLLYYGGARVF;CARYNWNLNFDYW_CAAWDDSLNANYVF;CSIHPYYYDSSSHSEYFQHW_CQQYDNLPPAF;CARGSPYCSGGSCYLNWFDPW_CQQYYSYPRTF	9	14	CARSGTTYYDILTGYYNYW_CQQYGSSRWTF;CARGNDYYGSGEFDYW_CSSYTSSSTLVF;CARDGDTAMVINYFDYW_CQSADSSGTYWVF;CARGKGEGRYYYDSSGYYYFDYW_CQQRSNWPPLTF;CARNKQHIVGATLHTHYSNWFDPW_NA;CARTSRGLIAAAAAVDYW_NA;CAKRGGLMVRGVAVDYW_CQQYYSYPWTF;CAKGGWFGELLFRLDYW_CQQYDNLLTF;CARRLAYNGNWDYGDFDYW_CCSYSKTATF;CARERPRGAAETW_CQAWDSSTWVF;NA_CQQRSNWPPYTF;NA_CCSYAGSSTVVF;CARDSKQQLADNWFDPW_CQAWDSSTLVVF;CARLWVFLTMVRGPDFDLW_CHQSSSLPLTF	0	NA
21	37	CARDRDGAFAIW_CAIWYSNTHVIF;CASRVHGLVTVTTGGAFDIW_CQQYYSYPPAF;CARGGDPTWFDPW_CCSYAGSSIVVF;CARAGAVARGYFDYW_CQQYYSFPPTF;CARGRGAAAGTSILNYW_CQQYYSTPLGF;CARGGRVWSQATPTKNWFDPW_CQQYNNWPPWTF;CARKSGPPQYRYFDYW_CQQSYSTPLHF;CARGVGGCSSTSCYTRGYYGMDVW_CQQANSFLTF;CARGVRVAPIDYW_CAAWDDSLWVF;CARGPVYYYGSGSYYYFDYW_CLQDYNYPFTF;CARGTRGRSSGYYSNW_CQQYNNWPPYTF;CARGRSSGYYPHFDYW_CNSRDSSGNHYVF;CARGGRYCSGGSCYNWFDPW_CLQDYNYPWTF;CARVDNVWTTWGYW_CQQSYSTPPTF;CARDRVHDYVWGSYRDLDYW_CQQSYSTLMYTF;CARGPIVVVIAASPYYYYGMDVW_CQQRSNWPPGCTF;CARRYSYGYKRLSGWIWYFDLW_CAAWDDSLNGYVF;CASSGWFDPW_CAAWDDSLSGRVF;CARSLGPEFYYFDYW_CQQSYSTPWTF;CARGMGSSSWYPNTKLVNWFDPW_CQQYYSTPPTF;CARGEYGDYAFDYW_CAAWDDSLNGYVF;CARGTIAVAGKRYYYFDYW_CQVWDSSSDHHVVF;CARALYYDILTGYYPRYYFDYW_CQQLNSYPITF;CARGSGYYVGSYFDYW_CNSRDSSGNHPPVVF;CARDLPAVYYYGMDVW_CQQSYSTLFTF;CARGNTRLRGYSYGLQMARGGYGMDVW_CQQYGSSPGTF;CASSAPPYGHFDYW_CNSRDSSGNHVVF;CARSVTGTMGIYYYGMDVW_CQQYGSSRGTF;CARGRGYYGSGSYFSFSYYYGMDVW_CAAWDDSLNGQVF;CARDRRGYSYGYPWFDPW_CNSRDSSGNHRVF;CARGRVYGDYVFWFDPW_CQQSYSTPLTF;CARAYGMDVW_CQKYNSAPYTF;CARGTRGRSSGYYSNW_CQQYNNWPPYTF;CASLERVRRFYYYYGMDVW_CLLYYGGARVF;CARYNWNLNFDYW_CAAWDDSLNANYVF;CSIHPYYYDSSSHSEYFQHW_CQQYDNLPPAF;CARGSPYCSGGSCYLNWFDPW_CQQYYSYPRTF	15	98	CAKDFHRLTLLRYCSGGSCYSAFDIW_CCSYAGSSTYVF;CAKRPDTTGRSWYFDYW_CQQYNNWLWTF;CAKFDIAAADTGKGEDYW_CMQGTHWPPLTF;CAKDSLFDRIILIATDIW_CAAWDDSLNGWVF;CAKYPSFSSRRWYFDLW_CQQYNNWPPPYTF;CAKLPSYSYGPFDYW_CQVWDSSSDHPVF;CAKDRQQLVIDAFDIW_CQQANSFSYTF;CARRRYYGGNSNKGWYFDLW_CQQRSNWRTF;CAKVLGFGPHYDILTGYYPFDYW_CQQSYSTPLTF;CASVQWLVDYW_CQQSYSTPMYTF;CAKDQSPSAKNGDYVSFDYW_CMQALQKTF;CAKDLRFLEWLLPYYYGMDVW_CMQALQTPWTF;CAKDPNYWRYFDWLTGYYFDYW_CQQRSNWPPWTF;CARDGGFGGSWLDPW_CQQRSHFRTF;CAKGEQFIAVNNWFDPW_CQQRSNWPITF;CAKDIRGNSWYGDSEGIW_CMQGTHWPYTF;CASGMVDFDYW_CMQGTHWPPTF;CAKGDSRYWYFDLW_CQQRSNWPLTF;CARGSISSQRWFGPW_CQQYNYYYTF;CAKWGHSSWYDNWFDPW_CQSADSSGTYVVF;CARGGAVLRYFDWEPQGPLEDNWFDPW_CQQRSNTWTF;CARNMASGMDVW_CQQRSNWPLFLTF;CAKMGASRWGPSYYFDCW_CQQYGSSPRTF;CAHRPLDILTGYRVDYFDYW_CQQSYSTLGTF;CAKDHPTNWFDPW_CQQYYSYPRTF;CAKAQNYYDSSGYYPFDYW_CQVWDSSSDHSVVF;CAKAPESSAYYGPDYW_CAAWDDSLSGHWVF;CAKGATSCAYW_CQQSYSTPRTF;CARGRLGGYSLPGFDYW_CNSRDSSGNHVVF;CARAIWYYDILTGYYSYYGMDVW_CSSYAGSNNLEVF;CARARGDFWSGYTHWYFDLW_CQQRSNWPPWYTF;CAKASARYCSGGSCYGTAFDIW_CQQSYSTPVF;CAKFHDSSGYYYLYGFDYW_CQAWDSSTYVF;CAKGAAASRTDYW_CQQSYSTPPYTF;CAQTGILTGYPRVGNAFDIW_CQQRSNWLGFTF;CAKDEWERGAFDIW_CQQYNSYSPWTF;CAKADLLYSGSYGAW_CQQSYSTPYTF;CAKDGIVVVTAIKFGHGMDVW_CQQANSFPYTF;CAKRLDYW_CMQATQFPYTF;CANISPPPRYYGSGSYYNFAFDIW_CQQLNSYPFTF;CAKDYDSGSYYEGGAFDIW_CQQRSNWPLTF;CAKEDYNSGSCLDYW_CQQLNSYPQVTF;CAQIAAAGTMGFDYW_CQQRSNWPSLTF;CAKVRGIVGATPCYFDYW_CQVWDSSSDHPVF;CTTEVCSGYDCDLGDYW_CQQRSNWPTF;CARSVDTAMGNAHDW_CQQYGSSPPTF;CAKDRGYRGDYSNWFDPW_CQQYNSYPRTF;CARDRPPYSNYVIYGMDVW_CQQRSNWPPLTF;CAKPSIVATIWAFDYW_CQQYDNLPPITF;CARDHKQWRVSYVWFDPW_CQQRNTWPRPTF;CAKGRYSSSWYEDWYFDLW_CQQRSNWPPLTF;CARDISKGAAGTGDWFDPW_CQQRSNWPLTF;CAKDAEGQGPVLLWLGGMDVW_CQQYNSYSYTF;CATGIAVAGTLGYYGMDVW_CQQYNNWPRFTF;CAKGTHYYGSGSMWGMDVW_CQQRSNWPPYTF;CAREGEITMIVANDAFDIW_CQQSYSTPPTF;CATSDWSW_CQQRINWPITF;CAKASVAVAGTGGMDVW_CQVWDSSSDHVVF;CAKFFVVLSFWSGYYDYW_CQQLNSYPQTF;CAKGRNFVVVTAICDYW_CQQYGSSPLTF;CAKSLKLFAIDYW_CQSADSSGTYWVF;CANDRDASSAWYGPVGYW_CQQHYSTPGTF;CAKGGYCSGGSCPLDYYYGMDVW_CMQALQTPLTF;CARARSSGWYHYW_CQQRSNWPPTF;CAKDHDEGATTYFDYW_CQAWDSSTVVF;CAKDSRYSLLIAVAGTEDYW_CQQRSNWPWTF;CAKDRGPAEKYYYDSSGTQLIGAFDIW_CQQYYSYPPGTF;CAKVEGIWFGELSDFYYYYGMDVW_CQQRSNWPLTF;CAKALHAAVVGPAAIPFDYW_CSSYVGSNNYVF;CAKDHLMITFGGVGQGVPWFDPW_CQKYNSAPRTF;CAKAEGVKYNWNYGDYW_CQQSGSSPPTF;CATDLNLAVAGEGGYW_CQQRSNWPLTF;CARDSYDFWSGYTPPNYYYYYGMDVW_CQQRSNWYTF;CAKETLGAVDYW_CCSYAGSSRVF;CAKAAMVRGVIDWYFDLW_CQQYYSYPPFTF;CASATTVSHW_CQQRSNWPLTF;CAKGGGADFDHW_CQQYSIWPLSF;CAKDRDGYNADDAFDIW_CQQSYSTPLTF;CAKSYGSGSYYRTSEYYFDYW_CQQYNNWPPGTF;CARDCSSTSCLAYW_CQLRSNWPTF;CAKRDSSSWGWDRGAFDIW_CQQLNSYPGFTF;CAKGFDYYGSGSYSPFDYW_CQQYNNWPPEYTF;CARHEKGIAAAVYYFDYW_CQQRSNWPLTF;CAKDGRWELGTFDIW_CQQYDNLPQF;CAKDRRLGPWIPDYW_CQQYDNLPQAF;CAKDVTDGYNIPYYFDSW_CQQRSNWPLTF;CAKDRCTITSCSYQNW_CMQALQIPPTF;CAKDRSFDYPDYW_CQQYYSFPYTF;CTSWAIPQALTDYYYYGMDVW_CQQRSNWPPSITF;CAKLGEEDGSGSPSYYYYGMDVW_CQQYNNWPPLTF;CAKILYSSGWWGGAFDIW_CQQYNSYPLTF;CAKDDDRGYGWFGELLGRYGMDVW_CQQRSNWLLTF;CAKDKASSWQDRYYYYGMDVW_CVLYMGSGIRVF;CAKVGVGATSHFDYW_CQQSYSTPRYTF;CAKDLPRSVVVTANSYYYGMDVW_CQQYNSYPVTF;CTTPTWGNYYYYGMDVW_CQQRSTGRDTF;CARVFRRYGSGSYYNLW_CQQRSNWLTF;CARDPGDYVEIEWYFDLW_CQQRSNWPRLTF	0	NA
21	37	CARDRDGAFAIW_CAIWYSNTHVIF;CASRVHGLVTVTTGGAFDIW_CQQYYSYPPAF;CARGGDPTWFDPW_CCSYAGSSIVVF;CARAGAVARGYFDYW_CQQYYSFPPTF;CARGRGAAAGTSILNYW_CQQYYSTPLGF;CARGGRVWSQATPTKNWFDPW_CQQYNNWPPWTF;CARKSGPPQYRYFDYW_CQQSYSTPLHF;CARGVGGCSSTSCYTRGYYGMDVW_CQQANSFLTF;CARGVRVAPIDYW_CAAWDDSLWVF;CARGPVYYYGSGSYYYFDYW_CLQDYNYPFTF;CARGTRGRSSGYYSNW_CQQYNNWPPYTF;CARGRSSGYYPHFDYW_CNSRDSSGNHYVF;CARGGRYCSGGSCYNWFDPW_CLQDYNYPWTF;CARVDNVWTTWGYW_CQQSYSTPPTF;CARDRVHDYVWGSYRDLDYW_CQQSYSTLMYTF;CARGPIVVVIAASPYYYYGMDVW_CQQRSNWPPGCTF;CARRYSYGYKRLSGWIWYFDLW_CAAWDDSLNGYVF;CASSGWFDPW_CAAWDDSLSGRVF;CARSLGPEFYYFDYW_CQQSYSTPWTF;CARGMGSSSWYPNTKLVNWFDPW_CQQYYSTPPTF;CARGEYGDYAFDYW_CAAWDDSLNGYVF;CARGTIAVAGKRYYYFDYW_CQVWDSSSDHHVVF;CARALYYDILTGYYPRYYFDYW_CQQLNSYPITF;CARGSGYYVGSYFDYW_CNSRDSSGNHPPVVF;CARDLPAVYYYGMDVW_CQQSYSTLFTF;CARGNTRLRGYSYGLQMARGGYGMDVW_CQQYGSSPGTF;CASSAPPYGHFDYW_CNSRDSSGNHVVF;CARSVTGTMGIYYYGMDVW_CQQYGSSRGTF;CARGRGYYGSGSYFSFSYYYGMDVW_CAAWDDSLNGQVF;CARDRRGYSYGYPWFDPW_CNSRDSSGNHRVF;CARGRVYGDYVFWFDPW_CQQSYSTPLTF;CARAYGMDVW_CQKYNSAPYTF;CARGTRGRSSGYYSNW_CQQYNNWPPYTF;CASLERVRRFYYYYGMDVW_CLLYYGGARVF;CARYNWNLNFDYW_CAAWDDSLNANYVF;CSIHPYYYDSSSHSEYFQHW_CQQYDNLPPAF;CARGSPYCSGGSCYLNWFDPW_CQQYYSYPRTF	16	68	CARQVGVGKWYLEDW_CCSYASGDNLVF;CARLIKYSGSYEMVDYW_CAAWDDSLNGYYVF;CARGGFITMIGYGMDVW_CQQYDNLPFTF;CARDLRWCSGGSCYGNYYGMDVW_CAAWDDSLNGQVF;CARDGRDYYDSSGYYYDDAFDIW_CQSADSSGTVVF;CARDHPLMVRENLGFDPW_CAAWDDSLNGPVF;CARDLRNYYDFWSGSPNPKINWFDPW_CQKYNSAPLTF;CARDLPAARYGDYGGFDYW_CAAWDDSLNGVVF;CARDLFPIQYGSEPYGMDVW_CQQYGSSPRTF;CARDIGPLDVW_CQVWDSSSDHRVF;CARDQGDGDYGAFDIW_CQQSYSTSSWTF;CARILEIVDPSGSYQYYFDYW_CGTWDSSLSAVVF;CARDGHYSGSYYVGYW_CCSYAGSYTYWVF;CAREEYSSSWHPYYFDYW_CGTWDSSLSAYVF;CAKDFRGWFDPW_CATWDDSLNGWVF;CARDRSGGSWFDPW_CVLYMGSGVF;CARASTAAYYYYYYGMDVW_CAAWDDSLNGHVVF;CAHHLSFGGNWAFAHW_CAAWDDSLNGSYVF;CASNLGYCSSISCYGFDYW_CQQYGSSPLYTF;CAKELPYYDSSGGPEYW_CAAWDDSLNGWVF;CARGEDYYGSGSYYGMDVW_CQAWDSNTVIF;CARVLGITGTTRRFDYW_CQQYYSYPFTF;CARDREQLAPFDYW_CQSADSSGTYVF;CAKDLIDTMIVVVITPPFDYW_CAAWDDSLNWVF;CARGGHLWSEEVMNRFYYYLGMDVW_CGAWDGSLNGYVF;CARDGYSGYDRADYYYYYGMDVW_CQSYDSSLSGSRVF;CARDHIAVAATPAEYYYYGMDVW_CQAWDSSTVVF;CARARDRQGAYYYGSGSYVPYYYYGMDVW_CCSYAGSSPWVF;CARQNFDILTGYSIDYW_CAAWDDSLNGLYVF;CARDNSGSYVVEYYFDYW_CAAWDDSLNGWVF;CARQYVEWLREMDVW_CAAWDDRLNGWVF;CARNYYYDSSGSGFDYW_CQQANSFPPTF;CAHRHHCSSTSCSPWDDWFDPW_CAAWDDSLNGPVF;CARQNFDILTGYSIDYW_CAAWDDSLNGLYVF;CAKTQVDGKALWFEPW_CATWDSILSGWIF;CARELLWFGEGINWFDPW_CAAWDDSLNGVVF;CARHNTITLRYFDWTKLGYFDLW_CAAWDDSLNGVVF;CARDRYDYGDYPAEYFQHW_CAAWDDSLNGVVF;CAREQLGGFDYW_CAAWDDSLSVVVF;CAIIPLATPVTIIMDYW_CMQSIQLPPQPTF;CAREQQLVPYYYYGMDVW_CAAWDDSLNGWVF;CARDGAGHYGSGSYFGSW_CATWDDSLNGFVIF;CASRTNHYYDIQRHYW_CQQSYSTPGVTF;CARHIMVRGVPPNFDYW_CAAWDDSLNGPVF;CASTGGGSYPILNW_CQQYYSYPLTF;CARGGPYPINSGYYYEVDYW_CAAWDDSLNGRYVF;CARGPNDAFDVW_CQQYARSPPWTF;CAHHASFGGNWAFAHW_CAAWDDSLNGSYVF;CARDRGYGSGSYFSGFDYW_CQQYNNWPPRTF;CARERGMYSSGWYNWFDPW_CQQYYSYPYTF;CARGGDGYNYHPYW_CQKYNSAPTF;CAKDSIPIYDSSGTTFDYW_CAAWDDSLNGWVF;CARDQRSYADYW_CQQYYSYPQTF;CARDLQRGYSYGYW_CAAWDDSLNGVVF;CARDIHGNGALYYYYGMDVW_CAAWDDSLNGLYVF;CARDNIVVVPAAMFEASDYYYGMDVW_CMQALQTPYTF;CARDELRQLVLW_CQSYDSSNPWVF;CARSYGSGSYPRPSPLAWFDPW_CAAWDDSLNGPVF;CARDLIGFGASFDYW_CQQYNNWPPYTF;CARMMGTYYGDHPTIVGYFDYW_CQQYNNWPLTF;CARDGLDYDSNAIDYW_CQQYDNLPYTF;CARHGGDCGLDCYSNWFDPW_CQHWTF;CAREPADSSSLW_CQSYDSSNWVF;CARSGQWLEGWFDPW_CQQYNSYSPTF;CAREGREGGGFDYW_CAAWDDSLSGWVF;CARFVPGGYDGFDIW_CASWDKNLNAFVF;CARDPVPVILGYCSGGRCSPLDYW_CQNYNSAPRTF;CAKDWDDYDSESGVYNYYGMDVW_CSAWDDSLNGVVF	0	NA
21	37	CARDRDGAFAIW_CAIWYSNTHVIF;CASRVHGLVTVTTGGAFDIW_CQQYYSYPPAF;CARGGDPTWFDPW_CCSYAGSSIVVF;CARAGAVARGYFDYW_CQQYYSFPPTF;CARGRGAAAGTSILNYW_CQQYYSTPLGF;CARGGRVWSQATPTKNWFDPW_CQQYNNWPPWTF;CARKSGPPQYRYFDYW_CQQSYSTPLHF;CARGVGGCSSTSCYTRGYYGMDVW_CQQANSFLTF;CARGVRVAPIDYW_CAAWDDSLWVF;CARGPVYYYGSGSYYYFDYW_CLQDYNYPFTF;CARGTRGRSSGYYSNW_CQQYNNWPPYTF;CARGRSSGYYPHFDYW_CNSRDSSGNHYVF;CARGGRYCSGGSCYNWFDPW_CLQDYNYPWTF;CARVDNVWTTWGYW_CQQSYSTPPTF;CARDRVHDYVWGSYRDLDYW_CQQSYSTLMYTF;CARGPIVVVIAASPYYYYGMDVW_CQQRSNWPPGCTF;CARRYSYGYKRLSGWIWYFDLW_CAAWDDSLNGYVF;CASSGWFDPW_CAAWDDSLSGRVF;CARSLGPEFYYFDYW_CQQSYSTPWTF;CARGMGSSSWYPNTKLVNWFDPW_CQQYYSTPPTF;CARGEYGDYAFDYW_CAAWDDSLNGYVF;CARGTIAVAGKRYYYFDYW_CQVWDSSSDHHVVF;CARALYYDILTGYYPRYYFDYW_CQQLNSYPITF;CARGSGYYVGSYFDYW_CNSRDSSGNHPPVVF;CARDLPAVYYYGMDVW_CQQSYSTLFTF;CARGNTRLRGYSYGLQMARGGYGMDVW_CQQYGSSPGTF;CASSAPPYGHFDYW_CNSRDSSGNHVVF;CARSVTGTMGIYYYGMDVW_CQQYGSSRGTF;CARGRGYYGSGSYFSFSYYYGMDVW_CAAWDDSLNGQVF;CARDRRGYSYGYPWFDPW_CNSRDSSGNHRVF;CARGRVYGDYVFWFDPW_CQQSYSTPLTF;CARAYGMDVW_CQKYNSAPYTF;CARGTRGRSSGYYSNW_CQQYNNWPPYTF;CASLERVRRFYYYYGMDVW_CLLYYGGARVF;CARYNWNLNFDYW_CAAWDDSLNANYVF;CSIHPYYYDSSSHSEYFQHW_CQQYDNLPPAF;CARGSPYCSGGSCYLNWFDPW_CQQYYSYPRTF	17	1	CARHGINYYDSSGYSGNDAFDIW_CQQYDNLFTF	0	NA
21	37	CARDRDGAFAIW_CAIWYSNTHVIF;CASRVHGLVTVTTGGAFDIW_CQQYYSYPPAF;CARGGDPTWFDPW_CCSYAGSSIVVF;CARAGAVARGYFDYW_CQQYYSFPPTF;CARGRGAAAGTSILNYW_CQQYYSTPLGF;CARGGRVWSQATPTKNWFDPW_CQQYNNWPPWTF;CARKSGPPQYRYFDYW_CQQSYSTPLHF;CARGVGGCSSTSCYTRGYYGMDVW_CQQANSFLTF;CARGVRVAPIDYW_CAAWDDSLWVF;CARGPVYYYGSGSYYYFDYW_CLQDYNYPFTF;CARGTRGRSSGYYSNW_CQQYNNWPPYTF;CARGRSSGYYPHFDYW_CNSRDSSGNHYVF;CARGGRYCSGGSCYNWFDPW_CLQDYNYPWTF;CARVDNVWTTWGYW_CQQSYSTPPTF;CARDRVHDYVWGSYRDLDYW_CQQSYSTLMYTF;CARGPIVVVIAASPYYYYGMDVW_CQQRSNWPPGCTF;CARRYSYGYKRLSGWIWYFDLW_CAAWDDSLNGYVF;CASSGWFDPW_CAAWDDSLSGRVF;CARSLGPEFYYFDYW_CQQSYSTPWTF;CARGMGSSSWYPNTKLVNWFDPW_CQQYYSTPPTF;CARGEYGDYAFDYW_CAAWDDSLNGYVF;CARGTIAVAGKRYYYFDYW_CQVWDSSSDHHVVF;CARALYYDILTGYYPRYYFDYW_CQQLNSYPITF;CARGSGYYVGSYFDYW_CNSRDSSGNHPPVVF;CARDLPAVYYYGMDVW_CQQSYSTLFTF;CARGNTRLRGYSYGLQMARGGYGMDVW_CQQYGSSPGTF;CASSAPPYGHFDYW_CNSRDSSGNHVVF;CARSVTGTMGIYYYGMDVW_CQQYGSSRGTF;CARGRGYYGSGSYFSFSYYYGMDVW_CAAWDDSLNGQVF;CARDRRGYSYGYPWFDPW_CNSRDSSGNHRVF;CARGRVYGDYVFWFDPW_CQQSYSTPLTF;CARAYGMDVW_CQKYNSAPYTF;CARGTRGRSSGYYSNW_CQQYNNWPPYTF;CASLERVRRFYYYYGMDVW_CLLYYGGARVF;CARYNWNLNFDYW_CAAWDDSLNANYVF;CSIHPYYYDSSSHSEYFQHW_CQQYDNLPPAF;CARGSPYCSGGSCYLNWFDPW_CQQYYSYPRTF	18	55	CARETTPVVTASTYYYYYGMDVW_CSSYTSSSTWVF;CARDWVRGVNDMDVW_CSSYTSSSTRVF;CTRPQRKWELPYPDAFDIW_CSSYTSSSTLF;CARGGAAVTTYYYYFYGMDAW_CCSYSSTNTLYVF;CARDGSGYLEQYYFDYW_CAAWDDSLNGYVF;CARGQGRTTSDYW_CSSYTSSSTLVVF;CARDPITMVRGVIISGWYFDLW_CSSYTSSSTLDVVF;CAKGADPYYDFWSGYSELFPLGMDVW_CSSYTSSSTVVF;CAREFKSFWSGYGDYYYGMDVW_CSSYTSSSTRVF;CARVVDDYYDSSGRYYFDYW_CSSYTSSSTQVF;CARHPFRVFGGWRDYW_CSSYTSSSTLWVF;CTGPDRMAYYDSSGYWEGVLDYW_CSSYTSSSPLYVF;CTRCGSSWTSYTMYDW_CSSYTGSRLYVF;CAKASLYGSGSYPPKYW_CSSYTSSSTYVF;CARDRPALWFGELHGMDVW_CSSYTSSSTLVF;CAKDHWEYYWYFDLW_CSSYTSSSTLVF;CARQISILRLLVWFDPW_CSSYTSSRGVF;CARHSPPRLWFGAFNYYYGMDVW_CSSYTGSSTLVF;CARRIAVAATVTGAMDVW_CTSYTSSSTLVF;CARYYDILTGYYYDYFDYW_CSSYTSSSTSF;CAKDPRLGPYFDYW_CSSYTSSSTRVF;CARILSDYYDSIGAFDYW_CSSYTSSSTPVVF;CARDRVAIMRGIKPNGMDVW_CQQLNSYPQTF;CARELTGDRDYW_CNSYTRSSTYVF;CARVNTMVRGLSTTKYYYPMDVW_CSSYTLSILIF;CARGGLPLGYCSGGSCSRRYYGMDVW_CSSYTSSSTLVVF;CARVEYGDYSGWFDPW_CSSYTSSSTWVF;CARGINYCSGGSCYYYYYYGMDVW_CSSYTSSSTLEGVF;CAREGPSRPAANYW_CSSYTSSSTEVF;CVRDQGSGGNYFDPW_CSSYTSSSLYVF;CARDDYYYDSSGYYPRFDYW_CSSYTSSSTLGVF;CARGSRYSYGDPCFDYW_CSSYTSSSTPVVVF;CARYYQDRFDYW_CSSYTSSSTLEVF;CARGPYDILTGSIYYYGMDVW_CSSYTSSSTLIF;CARDLGWSEGNYYYYGMDVW_CSSYTSSSTYVF;CAYDSSGYSLDYW_CQQYGSSPF;CARDQGTAAKPLDYW_CSSYTSSSTRVF;CARGGYSGYESDYW_CSSYTSSSTRVF;CARSSVGRQWPKGMDVW_CSSYTSSSTLAF;CAKDIRGRMATIMSW_CSSYTSSSTLVVF;CARVELHYYYYYGMDVW_CSSYTSSSTLF;CARGMIVVVMRYGMDVW_CSSYTSSSPVVF;CAKGILRYFDWHLEGMDVW_CSSYRNISTVF;CAKDIVSYSNYVLSNW_CSSYTSSSTQHVVF;CARHGSYLGYFQHW_CSSYTSSSTVVF;CAKDKGPDYYYGMDVW_CSSYTSSSTLYVF;CARSMVRGKYRAEYFQHW_CSSYTSSSTLNVVF;CATLSGMDVW_CSSYTSSSTLVVF;CAREGRPPRKPKNNWFDPW_CSSYAGSNNLVF;CARGYSYGPFDYW_CSSYTSSSTLVVF;CASPITTVTTRGAFDIW_CSSYTSSSTFYVF;CAETSYCSGGSCPMSEYGPVFDPW_CSSYTSSSTPWVF;CAKDCGEPWYNWNDGIGYW_CSSYTSSSTWVF;CARDSRLGGVDPW_CSSYTSSSTRVF;CAKAPGGYNWDNYHYYYFAMDVW_CSSYTSSSTLYVF	0	NA
21	37	CARDRDGAFAIW_CAIWYSNTHVIF;CASRVHGLVTVTTGGAFDIW_CQQYYSYPPAF;CARGGDPTWFDPW_CCSYAGSSIVVF;CARAGAVARGYFDYW_CQQYYSFPPTF;CARGRGAAAGTSILNYW_CQQYYSTPLGF;CARGGRVWSQATPTKNWFDPW_CQQYNNWPPWTF;CARKSGPPQYRYFDYW_CQQSYSTPLHF;CARGVGGCSSTSCYTRGYYGMDVW_CQQANSFLTF;CARGVRVAPIDYW_CAAWDDSLWVF;CARGPVYYYGSGSYYYFDYW_CLQDYNYPFTF;CARGTRGRSSGYYSNW_CQQYNNWPPYTF;CARGRSSGYYPHFDYW_CNSRDSSGNHYVF;CARGGRYCSGGSCYNWFDPW_CLQDYNYPWTF;CARVDNVWTTWGYW_CQQSYSTPPTF;CARDRVHDYVWGSYRDLDYW_CQQSYSTLMYTF;CARGPIVVVIAASPYYYYGMDVW_CQQRSNWPPGCTF;CARRYSYGYKRLSGWIWYFDLW_CAAWDDSLNGYVF;CASSGWFDPW_CAAWDDSLSGRVF;CARSLGPEFYYFDYW_CQQSYSTPWTF;CARGMGSSSWYPNTKLVNWFDPW_CQQYYSTPPTF;CARGEYGDYAFDYW_CAAWDDSLNGYVF;CARGTIAVAGKRYYYFDYW_CQVWDSSSDHHVVF;CARALYYDILTGYYPRYYFDYW_CQQLNSYPITF;CARGSGYYVGSYFDYW_CNSRDSSGNHPPVVF;CARDLPAVYYYGMDVW_CQQSYSTLFTF;CARGNTRLRGYSYGLQMARGGYGMDVW_CQQYGSSPGTF;CASSAPPYGHFDYW_CNSRDSSGNHVVF;CARSVTGTMGIYYYGMDVW_CQQYGSSRGTF;CARGRGYYGSGSYFSFSYYYGMDVW_CAAWDDSLNGQVF;CARDRRGYSYGYPWFDPW_CNSRDSSGNHRVF;CARGRVYGDYVFWFDPW_CQQSYSTPLTF;CARAYGMDVW_CQKYNSAPYTF;CARGTRGRSSGYYSNW_CQQYNNWPPYTF;CASLERVRRFYYYYGMDVW_CLLYYGGARVF;CARYNWNLNFDYW_CAAWDDSLNANYVF;CSIHPYYYDSSSHSEYFQHW_CQQYDNLPPAF;CARGSPYCSGGSCYLNWFDPW_CQQYYSYPRTF	20	44	CARDQEYSSGWDGPDYYYYYGMDVW_CQQSYSTPQTF;CARDDRFGGDTLGWFDPW_CQSYDSSLSGSGYVF;CAREGWGLGYCSSTSCYTGPFGYW_CQQYGSSPPYTF;CARDRLDGYNSFYYGMDVW_CQSYDSSLSGSVF;CARDAGRDGNEYYFDYW_CQQYNSYLYTF;CARDRGQWLVREEDYYYGMDVW_CQQYYSTPLTF;CARIWAVAADHSFDYW_CQQYNNWPPWTF;CARDKGATFDYW_CQQSYSTPYTF;CARDRWSLHIVGASPRGPSFDYW_CQQANSFPVTF;CASGSSDRYSSGWYWGYFDYW_CQAWDSSTVVF;CARAEIYGSGSKYYYYGMDVW_CQSADSSGTYYVF;CARGPDRFSGSYDNWFDPW_CQHTRAF;CARDIVRDFDWPGVGYW_CAAWDDSLNGYVF;CARGWSGYSSSLHPYYFDYW_CCSYAGSSTTLVF;CARDLYSGYSYGSAVYW_CQQRSNWPIF;CARESPFGGQSVAVGGTPDYW_CCSYAGSGTFVF;CARGPGYCSGGSCYGMFDYW_CQSADSSGTYVVF;CARGTRRDGYNLIYW_CQQYDNPPLTF;CARAVPARPEYCGGDCYIYYYGMDVW_CQSADSSGTYWVF;CVLYYGSGSYYRFDYW_CQSYDSSLSAVF;CARDSSSPATRHFDYW_CMQATQFPYTF;CARGRGRYYDSSGEW_CQQYNSYPYTF;CARESRPTVTTRTTSGMDVW_CLQHNSYPRTF;CARDIGYSSGWYWTPGVNYYYGMDVW_CQQYGSSPWTF;CARDRGVGARHFDYW_CQQYNNWPPWTF;CGRAAISVLRKMPPTFW_CQQYGSSPYTF;CARETYYYDSSGYYGPHAFDIW_CLLSYSGARVF;CARDSEIFGSSWYSYFDYW_CQQYNSYSYTF;CARTYVWGEVDYYYYGMDVW_CLQHNSYPWTF;CARVYSYGYRYFDYW_CQQSYSTLWTF;CARDGGYSYGYAQGYYGMDVW_CQSADSSGTHVVF;CARDRSAERRGYFDYW_CNSRDSSGNHYVF;CARVKSGGSSSLRQDAFDIW_CQQRSNWPYTF;CAREDSSGWLEFPNWFDPW_CCSYAGSSTYVF;CAREGEQWLDGAFDYW_CQSADSSGTYKVF;CARDGGGWYGLVDYW_CQQYNNWPLTF;CARGNDAFDIW_CQQYNSYSGTF;CARDGKPSKTFDYW_CQQSYSTPLTF;CARDCGGPVTTTTNDAFDIW_CQQYYSYPRTF;CARDCDGGCDYW_CQSADSSGTYRVF;CARGGDYYYGMDVW_CQQYNNWPLTF;CARALSLGPRTYYYDSPQRGHDAFDIW_CQQSYSTSWTF;CARGETYYYDSSGYYWGYYFDYW_CQQYNSYPLTF;CARDQQWLGDFDYW_CSSYAGSNNLWVF	0	NA
21	37	CARDRDGAFAIW_CAIWYSNTHVIF;CASRVHGLVTVTTGGAFDIW_CQQYYSYPPAF;CARGGDPTWFDPW_CCSYAGSSIVVF;CARAGAVARGYFDYW_CQQYYSFPPTF;CARGRGAAAGTSILNYW_CQQYYSTPLGF;CARGGRVWSQATPTKNWFDPW_CQQYNNWPPWTF;CARKSGPPQYRYFDYW_CQQSYSTPLHF;CARGVGGCSSTSCYTRGYYGMDVW_CQQANSFLTF;CARGVRVAPIDYW_CAAWDDSLWVF;CARGPVYYYGSGSYYYFDYW_CLQDYNYPFTF;CARGTRGRSSGYYSNW_CQQYNNWPPYTF;CARGRSSGYYPHFDYW_CNSRDSSGNHYVF;CARGGRYCSGGSCYNWFDPW_CLQDYNYPWTF;CARVDNVWTTWGYW_CQQSYSTPPTF;CARDRVHDYVWGSYRDLDYW_CQQSYSTLMYTF;CARGPIVVVIAASPYYYYGMDVW_CQQRSNWPPGCTF;CARRYSYGYKRLSGWIWYFDLW_CAAWDDSLNGYVF;CASSGWFDPW_CAAWDDSLSGRVF;CARSLGPEFYYFDYW_CQQSYSTPWTF;CARGMGSSSWYPNTKLVNWFDPW_CQQYYSTPPTF;CARGEYGDYAFDYW_CAAWDDSLNGYVF;CARGTIAVAGKRYYYFDYW_CQVWDSSSDHHVVF;CARALYYDILTGYYPRYYFDYW_CQQLNSYPITF;CARGSGYYVGSYFDYW_CNSRDSSGNHPPVVF;CARDLPAVYYYGMDVW_CQQSYSTLFTF;CARGNTRLRGYSYGLQMARGGYGMDVW_CQQYGSSPGTF;CASSAPPYGHFDYW_CNSRDSSGNHVVF;CARSVTGTMGIYYYGMDVW_CQQYGSSRGTF;CARGRGYYGSGSYFSFSYYYGMDVW_CAAWDDSLNGQVF;CARDRRGYSYGYPWFDPW_CNSRDSSGNHRVF;CARGRVYGDYVFWFDPW_CQQSYSTPLTF;CARAYGMDVW_CQKYNSAPYTF;CARGTRGRSSGYYSNW_CQQYNNWPPYTF;CASLERVRRFYYYYGMDVW_CLLYYGGARVF;CARYNWNLNFDYW_CAAWDDSLNANYVF;CSIHPYYYDSSSHSEYFQHW_CQQYDNLPPAF;CARGSPYCSGGSCYLNWFDPW_CQQYYSYPRTF	22	30	CARDEGIAARTRGETHYYYYGMDVW_CQQYYSTPYTF;CAREPPDLTMVRTKGVRWFDPW_CQQYYSNPLTF;CARDEMVRRDGYNFAFDIW_CQQYYSTPPLTF;CAKDGIVFYGSGSYNDYW_CQQYYETPTF;CARVRGAFGEPPPYNWFDPW_CQSADSSGTYYVF;CARGGLYSSSWSVHSTFQHW_CQQYGSSPRTF;CARDLGARDGYNKFDYW_CQQYYSTPALTF;CAHTPGSGQKGSIYW_CQQYYSTPWTF;CARLGPYGSGSYSPVDYW_CQQYYSNPQAF;CARGAAAGTLDAFDIW_CQQYYSTPLTF;CAADRIRGSSANYDYGMDVW_CQQYYSLRTF;CTRGGGALGNW_CQQYYSIPWTF;CARGPGIYGDYGGGRPGYFDYW_CQQYYSTPPITF;CARGPSRSYNVYYFDYW_CQQYYSTGTF;CARGRGARYDYGYGLVPNYFDYW_CQQHSSSPPTF;CARGPMTTVATPRTQYFQFW_CQQYYSTPWTF;CSKDWAATGREIGYW_CQQYYRTPYTF;CARRDCSGGSTQSLPQRHLTCYYGMDVW_CQQYYSTLYTF;CARDQYSSGWYLGGWGYFDYW_CQQYYSTLRTF;CARGVVGHPHLIDFW_CQQYYHMGTF;CARQDCSGGSCYLDYW_CQVWDSSSDHPVF;CAKGYSSSWYYNYGMDVW_CQQYYSTPTF;CARDRYFGPW_CQQYYSTPWTF;CARITMIGGAFDIW_CQQYYSTPSITF;CVRGGSGTLSWYDSW_CQQYLSSPDTF;CTRDLLVNWNDPGLISYYNSFDVW_CQQYYNSPRTF;CARSDDNGDYVFNYW_CQQYYSTPPTF;CARELASHLGDYFDYW_CQQYYSTPPKTF;CARKARQWEVAIDSW_CHQYYTTPLF;CSVYDSSGYLYGAFDIW_CQQYYSTPLTF	0	NA
22	30	CARDEGIAARTRGETHYYYYGMDVW_CQQYYSTPYTF;CAREPPDLTMVRTKGVRWFDPW_CQQYYSNPLTF;CARDEMVRRDGYNFAFDIW_CQQYYSTPPLTF;CAKDGIVFYGSGSYNDYW_CQQYYETPTF;CARVRGAFGEPPPYNWFDPW_CQSADSSGTYYVF;CARGGLYSSSWSVHSTFQHW_CQQYGSSPRTF;CARDLGARDGYNKFDYW_CQQYYSTPALTF;CAHTPGSGQKGSIYW_CQQYYSTPWTF;CARLGPYGSGSYSPVDYW_CQQYYSNPQAF;CARGAAAGTLDAFDIW_CQQYYSTPLTF;CAADRIRGSSANYDYGMDVW_CQQYYSLRTF;CTRGGGALGNW_CQQYYSIPWTF;CARGPGIYGDYGGGRPGYFDYW_CQQYYSTPPITF;CARGPSRSYNVYYFDYW_CQQYYSTGTF;CARGRGARYDYGYGLVPNYFDYW_CQQHSSSPPTF;CARGPMTTVATPRTQYFQFW_CQQYYSTPWTF;CSKDWAATGREIGYW_CQQYYRTPYTF;CARRDCSGGSTQSLPQRHLTCYYGMDVW_CQQYYSTLYTF;CARDQYSSGWYLGGWGYFDYW_CQQYYSTLRTF;CARGVVGHPHLIDFW_CQQYYHMGTF;CARQDCSGGSCYLDYW_CQVWDSSSDHPVF;CAKGYSSSWYYNYGMDVW_CQQYYSTPTF;CARDRYFGPW_CQQYYSTPWTF;CARITMIGGAFDIW_CQQYYSTPSITF;CVRGGSGTLSWYDSW_CQQYLSSPDTF;CTRDLLVNWNDPGLISYYNSFDVW_CQQYYNSPRTF;CARSDDNGDYVFNYW_CQQYYSTPPTF;CARELASHLGDYFDYW_CQQYYSTPPKTF;CARKARQWEVAIDSW_CHQYYTTPLF;CSVYDSSGYLYGAFDIW_CQQYYSTPLTF	1	1	CARDPHYYDSSGYYYWYFDLW_CSSYAGSNNPYVF	0	NA
22	30	CARDEGIAARTRGETHYYYYGMDVW_CQQYYSTPYTF;CAREPPDLTMVRTKGVRWFDPW_CQQYYSNPLTF;CARDEMVRRDGYNFAFDIW_CQQYYSTPPLTF;CAKDGIVFYGSGSYNDYW_CQQYYETPTF;CARVRGAFGEPPPYNWFDPW_CQSADSSGTYYVF;CARGGLYSSSWSVHSTFQHW_CQQYGSSPRTF;CARDLGARDGYNKFDYW_CQQYYSTPALTF;CAHTPGSGQKGSIYW_CQQYYSTPWTF;CARLGPYGSGSYSPVDYW_CQQYYSNPQAF;CARGAAAGTLDAFDIW_CQQYYSTPLTF;CAADRIRGSSANYDYGMDVW_CQQYYSLRTF;CTRGGGALGNW_CQQYYSIPWTF;CARGPGIYGDYGGGRPGYFDYW_CQQYYSTPPITF;CARGPSRSYNVYYFDYW_CQQYYSTGTF;CARGRGARYDYGYGLVPNYFDYW_CQQHSSSPPTF;CARGPMTTVATPRTQYFQFW_CQQYYSTPWTF;CSKDWAATGREIGYW_CQQYYRTPYTF;CARRDCSGGSTQSLPQRHLTCYYGMDVW_CQQYYSTLYTF;CARDQYSSGWYLGGWGYFDYW_CQQYYSTLRTF;CARGVVGHPHLIDFW_CQQYYHMGTF;CARQDCSGGSCYLDYW_CQVWDSSSDHPVF;CAKGYSSSWYYNYGMDVW_CQQYYSTPTF;CARDRYFGPW_CQQYYSTPWTF;CARITMIGGAFDIW_CQQYYSTPSITF;CVRGGSGTLSWYDSW_CQQYLSSPDTF;CTRDLLVNWNDPGLISYYNSFDVW_CQQYYNSPRTF;CARSDDNGDYVFNYW_CQQYYSTPPTF;CARELASHLGDYFDYW_CQQYYSTPPKTF;CARKARQWEVAIDSW_CHQYYTTPLF;CSVYDSSGYLYGAFDIW_CQQYYSTPLTF	2	2	CAREVVLMVHRRGGLNMDVW_CQQYYSTPLTF;NA_CQQANSFPLTF	0	NA
22	30	CARDEGIAARTRGETHYYYYGMDVW_CQQYYSTPYTF;CAREPPDLTMVRTKGVRWFDPW_CQQYYSNPLTF;CARDEMVRRDGYNFAFDIW_CQQYYSTPPLTF;CAKDGIVFYGSGSYNDYW_CQQYYETPTF;CARVRGAFGEPPPYNWFDPW_CQSADSSGTYYVF;CARGGLYSSSWSVHSTFQHW_CQQYGSSPRTF;CARDLGARDGYNKFDYW_CQQYYSTPALTF;CAHTPGSGQKGSIYW_CQQYYSTPWTF;CARLGPYGSGSYSPVDYW_CQQYYSNPQAF;CARGAAAGTLDAFDIW_CQQYYSTPLTF;CAADRIRGSSANYDYGMDVW_CQQYYSLRTF;CTRGGGALGNW_CQQYYSIPWTF;CARGPGIYGDYGGGRPGYFDYW_CQQYYSTPPITF;CARGPSRSYNVYYFDYW_CQQYYSTGTF;CARGRGARYDYGYGLVPNYFDYW_CQQHSSSPPTF;CARGPMTTVATPRTQYFQFW_CQQYYSTPWTF;CSKDWAATGREIGYW_CQQYYRTPYTF;CARRDCSGGSTQSLPQRHLTCYYGMDVW_CQQYYSTLYTF;CARDQYSSGWYLGGWGYFDYW_CQQYYSTLRTF;CARGVVGHPHLIDFW_CQQYYHMGTF;CARQDCSGGSCYLDYW_CQVWDSSSDHPVF;CAKGYSSSWYYNYGMDVW_CQQYYSTPTF;CARDRYFGPW_CQQYYSTPWTF;CARITMIGGAFDIW_CQQYYSTPSITF;CVRGGSGTLSWYDSW_CQQYLSSPDTF;CTRDLLVNWNDPGLISYYNSFDVW_CQQYYNSPRTF;CARSDDNGDYVFNYW_CQQYYSTPPTF;CARELASHLGDYFDYW_CQQYYSTPPKTF;CARKARQWEVAIDSW_CHQYYTTPLF;CSVYDSSGYLYGAFDIW_CQQYYSTPLTF	5	441	NA_CQQYDELPVTF;CATTYYYDSSGYYQNDAFDIW_CQQYYSYPRTF;CAREIEGDGVFEIW_CMIWHSSAWVV;CARHIRGNRFGNDAFDIW_CQQYYSFPYTF;CARRLITMIEGGAFDIW_CQVWDSSSDHVVF;CAKVMIEHPSNRGHFDYW_CMQALQTPYTF;CTTDDEKRPYSGSYLPFDYW_CQSYDSSNVVF;CARGGRVSVAVYWDYYYYGMDVW_CQKYNSAPFTF;CAHSAQYYDILTGYYKAPWGGAFDIW_CQQYNSYSWTF;CARDDFGGATFYSSFDYW_CQQSYSTPYTF;CARAAKIFGVVTAFDIW_CQQYGSSPWTF;CVKDYSTSGWYYFDFW_CQQYGSSLPYTF;CARVVPAAFYGMDVW_CQQYGSSLFTF;CAGGSGYCTNGVCYPRGFDYYYGMDVW_CAAWDDSPPWVF;CAKDDTAMVTADFFDYW_CQTWGTGIWVF;CARTPRWLQCFDYW_CQQYNSYSWTF;CARDQWLAYYFDYW_CQSYDSSNHWVF;CAHRYYSNIDYW_CMQGTHWPWTF;CARDWGYYDSSGYSPRGYYYYYGMDVW_CQQLNSYSFTF;CAKDRVGYGDYVDYW_CQQYNNWPPWTF;CARLGSSPYYW_CQSYDSSLSGYVF;CTRYYGDVW_CQQYYSFPWTF;CAKDHYYDSSGYYSGLGYW_CQSADSSGTYRVVF;CATGLVVPAAILYGMDVW_CQQYGSSRGLTF;CAKDDGDAAAGLIYW_CAAWDDSLSGVVF;CAKDGGGEEALELPDYW_CGTWDSSLSAVVF;CATLRYPSLGVDYW_CHQYNNWPFTF;CARKDSSGSDAFDLW_CQQSYSTPYTF;CARDVVQLWYQIDYW_CQQSYSTPPNTF;CAKYVDTAMNQFDPW_CQQANSFPITF;CARGLHYYDSSGRSLYYFDYW_CQQYGSSPPGQTF;CANQPPSLYW_CQQYNNWPGTF;CARVGYDYVWGSYRYTGVMDVW_CSSYAGSSYVF;CARGRPYYYDSSGYPYDAFDIW_CMQALQTPLTF;CAKERVVTAIPVVIFDYW_CQQSYSTPRLTF;CARPYGDYAYFDYW_CQSYDSSLSGYVF;CARDWWERQDSKRPDYFDSW_CQQTNSFPITF;CARHSNDGSDYFDYW_CQESYGALLTYTF;CASTEIEMLVPRYCSSTSCYFVWFDPW_CGTWDSSLSAGHGVF;CASASSTGTDAFDIW_CQAWDSSTHVVF;CARDGSWYAAWFDPW_CQSYDSSLSGSVVF;CARDPSLGDPGWGYFDYW_CQQYNSYSTWTF;CVREMTGSFTGGLDPW_CMQGTHWPPTF;CAREVNTAMAYYYYYYGMDVW_CQQYGSSQWTF;CARERRGGGHYYDSSGYYLSDYW_CQQSYSTP;CARGGGYSSGWATREVVYW_CQSYDSSLGAVF;CAKVPTVTTFLGYYYGMDVW_CQQSYSTPWYTF;CARDLRPAANFDYW_CQVWDSSSDYVF;CARLSYSSSWYYFDYW_CQQSYSTLYTF;CARVPKVRYCSSTSCYKDYYYGMDVW_CQVWDSSSDSWVF;CATWHYYDSSGEDGMDVW_CQQYNNWPRTF;CARGRSSWHLDYW_CMQALQTPFTF;CARDPWELHGFDYW_CQQYGSSSFTF;CAREAYYYGMDVW_CNSRDSSGNHNYVF;CARDRSVVTMVRGVIPFYW_CCSYAGSYTVVF;CARHEKMNYYDILTGYSPPYYYYYGMDVW_CQSYDSSLSAYVVF;CAHYQGIAVTGTWFDPW_CQSYDSSNVVF;CARESSSWFPYW_CQQSYSTPFTF;CARERDYSPGRYYGMDVW_CGTWDSSLSAGVF;CARHPTPAAMVGYYYYGMDVW_CQQANSFPLTF;CARDGPMTAIGGYGMDVW_CQSYGSLGGSVF;CAKGRTTEGTDAFDMW_CQQVHSYPITF;CAKDRSSLLWFGELLYMPEEYGMDVW_CQQYNNWPLTF;CTNYGMDVW_CSSYAGSNNWVF;CARVDSFAPNSGYGAQLLNWFDPW_CQQYNNWPLTF;CAREDYDTASFGYW_CQQYDNLPYTF;CAKDFGRGSYHRAEYFQHW_CQQYNNWPPWTF;CARGGSLPLITMIVGFFW_CQQYGSSPEYTF;CTREAEMATISIDYW_CQVWDSSSDHVVF;CARDAPIWDTAIVYW_CQQYGSSLPWTF;CARLLVSAYNWFDPW_CQQSYSIPAF;CARIPMTTVTSYGMDVW_CQQYGSSSITF;CARDDEWEPYDYW_CCSYAGSSTYVF;CTTVLRYFDWLLSDYGMDVW_CLLSYSGARGVF;CAIGTGIVGTTFPREYW_CMQALQTSWTF;CAKDMELGWLIDYW_CMQALQTPLTF;CARETVVTPQNAFDIW_CAAWDDSLNGYVF;CARERNIVVVPAAETFDYW_CQQYNNWPPLTF;CARIGFGEYDYGMDVW_CQSYDSSLSVVF;CARGVGATDFDYW_CQSYDSSLSGVVF;CARDPSNWGSFGYW_CQAWDSSTYVF;CARVDGYNYSFDYW_CQQYNNWWTF;CAKEPYGGNSFVYYFDYW_CQQYGSSPGLTF;CAKAEWGGTENYIPYYFDFW_CQSYDNNNLIF;CARSHCSSTSCYPNYYYGMDVW_CQQSYSTPRTF;CARDFGERYCSGGSCYSFDPYYYYGMDVW_CLQHNSYPWTF;CAKEYPGPGQLDDAFDIW_CQSYDSSLSGKVF;CARVDTAMVTGLAISPPWDYGMDVW_CQQYNSYPWTF;CAKDIGDGSGSNSQKRDYYYGMDVW_CQQSYSTPRTF;CATDPYNSGWFASLKNQVLYYW_CQQSYSTPQTF;CAREHTGGWLQRYIDYW_CQSADSSGTYPRVVF;CARGYCDSTSCYAVGYFDLW_CQTWGTGIVVF;CARDPDPNWSKDWFDPW_CQQYNNWPPLTF;CAKGRYSFGLDNFDYW_CQQDGNSPTF;CASRAVQSSGWRQDYYYGMDVW_CQSYDSSLSGVF;CAREASEGPW_CQSYDSSNSWVF;CARLGGYSSRGNWFDPW_CQQSYSTPPYTF;CARDPHHTFGGVLVW_CQKYNSARTF;CAGYYYDSSGYLSSFDIW_CQSYDSSLSVVF;CARLPYRYSGSSNDAFDIW_CAAWDDSLSGPVF;CARAGYGDYVGDFDYW_CQSADSSGTYVVF;CARDYYGSRSDSGMDVW_CQQSYTTPYTL;CAKDGREAAAGTDYYYGMDVW_CQAWDSSTVVF;CARDSPGWGSSGFYYGMDVW_CQQYGSSPRYTF;CARVSGDTMIVVVHRDGMDVW_CQQYNSYSVTF;CAKNLATTGSHW_CLQDYNYPRTF;CAKDGGRGVVIIFYFDYW_CQQYGSSPITF;CARGIAVVTLWGPFDIW_CQQYNNWPRTF;CARDRWVPAAVPHYYYYGMDVW_CQQANSFPLTF;CAREGAAGPPPGHYYYYGMDVW_CMQALQTPFTF;CAKQGHFTDTKRIDYW_CQQYDSYPITF;CAVIPVTGQEASLSAEYFQHW_CQQSYSTPFTF;CARDSPSSGSYGLFDYW_CQTWGTGIRRVF;CASPGGGLLWFGELFRSYFDYW_CVLYMGSGFWVF;CAHRPVSDDILTGYRYNWFDPW_CQSYDSSLSGSVVF;CARGFIGYNFDSW_CQQSYRTPITF;CAREEGYCSGGSCEYNYYYGMDVW_CQQYGSSLITF;CARGRRVFLALSYW_CQQYGSSPHTF;CARGAGRIGQVDVW_CQQYNNWHTF;CARGYYDSSGQSLDYYYYGMDVW_CQQYYSYPFTF;CARTGKNGSGSYWFDPW_CQQYRTF;CARTDIVATPDGGFDYW_CQTWGTGIHVVF;CAREGFYYYGSGSVSGGNWFDPW_CQVWDSSTVVF;CAKVPLGWGAAGGAYFDYW_CQQYGSSPATF;CARVGCSGDTCYSYDWFDPW_CGTWDSSLTAVVF;CARGGILTGKLSDYW_CQQYDNLPTF;CAHGLTGYYTYYFDYW_CQQYYSFPPTF;CARQVGANPFADYW_CAAWDDSLSGPVF;CSVYDAERGYFDYW_CCSYAGGDTSYYVF;CARLYGDYGDYW_CNSRDSSGNLFVVF;CARPYSSSWSPMDVW_CQSYDSSLSGHVVF;CARDKGYSSSWYIRSSWFDPW_CLLSYSGARLVF;CARAVCGDDCYLLDSW_CAAWDRSLGAVVF;CARTTTVVTGDAFDIW_CQSADSSGTYPVF;CAKGRGDYYYYGMDVW_CQQYDNLPITF;CTTGGALNYW_CQAWDSSTACVF;CARDLTTRDYSDAFDIW_CQQYGSSPRTF;CARAGLEINTPDSSGYYYGGGYFDYW_CQQYDNLPPRRFTF;CAKDHGYDFWSGYSDAFDIW_CQQSYSTPLYTF;CARESGYTNYYYYGMDVW_CQQYNSYPLTF;CARKYQLPYYYGMDVW_CQQSYNTPDTF;CARDSTYYYDSSGYPVSDAFDIW_CQQSYSTRRYTF;CAREVYSSSTNWFDPW_CQVWDSSTDVVF;CARANAEYSSSLLFDYW_CQSYDNSLSAYVF;CAHSPYDYVWGSYRQSWFDPW_CQAWDSSTVF;CTTIYYDILTGDYW_CMQALQTPITF;CARLDYDFWSGTPERMDVW_CQQYGSSPPWTF;CARVRKNWNYDLDDWYFDLW_CQVWDSSSDHYVF;CATRRVRGEGLAYW_CQQYNSYSRTF;CARNYDSSGYYVPPYFDYW_CQQYNNWPPYTF;CARDPANYFDYW_CQQSYSTLWTF;CAREESSSWYRYW_CQQYGSSPLTF;CARIVQGGSYLSGGIDYW_CMQSIQLLFTF;CARDRLIIRFLERPNWFDPW_CCSYAGSSTPVF;CAREYSNNWYFFDYW_CQQYAGSPLTF;CARVSGVGTSFAGFDPW_CQSADISATVF;CAREPTPRYSGSYRGFNYFDYW_CQQYYSFPLTF;CARAADYCTSASCPNEYFQHW_CQSYDSSLSVF;CARGRMTVHNDDSGFPEYLYYYGLDVW_CMQVMDNPRTL;CATSRVAVAGVDYW_CQSYDSSLSGVVF;CARDLGIAVAGRVEGYFDYW_CCSYAGSYTLVF;CARDVSNVLVIAVSPSWFDPW_CQQTYSIPYTF;CARDAPDRGSSWYSALFDYW_CQQYNNWPPTF;CARRDGGYCSSTSCSFDYW_CQQYNSYSPTF;CARAEIFGVVIQAFDYW_CQSYDSSLSGSVF;CVKKVIGFDDW_CQQSDTFGYTF;CAKGMDGSGSYYNKDGMDVW_CQAWDSSTGVF;CARVNGLLGEYYYGMDVW_CMQALQTPPNTF;CAKDWAVGWEFVDSW_CQQSHTVPLTF;CARDEGAAAYFDYW_CCSYAGSSTCWVF;CARAAGYCSSTSCYEIYYYYGMDVW_CQSYDSSLSVPF;CTRSYVLRFLEWFSPFDYW_CQQYGSSLWTF;CASSGSYQGNWFDPW_CQQSYSTPYTF;CARSPPRYDLSLVDAFDIW_CQQYNSYSTTF;CARETIAAAGSNFDYW_CQQSYSTPRTF;CARVSGYSYYFDYW_CQQLNSYLLTF;CATYIAAPRDYYYGMDVW_CMQALQTPYTF;CATGKTYSAPHAYYYFDYW_CQQANSFPRTF;CAKEVHSSGFDYW_CQSADSSGTYPWVF;CTTDHIVVVTAMIFGYYFDYW_CQQLNSPLTF;CAREGPTVTKFDYW_CQSYDSSLSGSVF;CEVKAAAGNFYW_CSSYAGSVVF;CAKDIEGGSGYYLTPGGFQHW_CCSYAGSSTFVVF;CARDAMAIGDYYYYGMDVW_CQQLNSYPSLTF;CARREGAGYDILTGSYYYYYGMDVW_CLLYYGGAQLGVF;CTTRLWRISQYYYDSSGYGHFDYW_CQSADSSGTYVF;CARTTLLAAAIDYW_CQQYYSFPYTF;CARAKAARPTPTYYYYYYGMDVW_CQAWDSSTGDVF;CARSGYDSSWVGYDFDYW_CQAWDSSTPVF;CAREGLEIDAFDIW_CQQSYSTPWTF;CAHTSAYYDSSGYYPPFDYW_CQQSYSTPLTF;CARATQDSSGWYGFWYFDYW_CQQYNNWPPTF;CARMLVVVAATGYYYYGMDVW_CQQYGSSQTF;CAREAYDSSAYSTIDYW_CQTWGTGIHVF;CATSLVVVPAAILRGGVGGHYYGMDVW_CGTWDSSLSAVVF;CARSAGSSGSFEYFQHW_CQQYGSSPLYTF;CARRLFLYSSSGYYFDSW_CQQASSFPPLSF;NA_CQQSYNTPRTF;CARGGGAVAGTIDFHYW_CCSYAGTDLWLF;CAKDRGYYDSSGYYYSDYGMDVW_CQSADSSGTYVF;CAKDGFGGASDHW_CQHYDRSPWTF;CARAIQMGCSDGSCLW_CQQYDNLPSYTF;CARKGRWLPDGDDAFDIW_CQQYYSYPLTF;CARAGLRSWFDPW_CMQSIQLPNTF;CARHSYGAYYYYGMDVW_CQQYGGSPLFTF;CAAGVMTARYDYW_CQQSYSTPLTF;CAHFMTTVTTGYFDPW_CIQVRQTPFTF;CAREGGGDILTTYYYYGMDVW_CQQYGSSTRALTF;CARGFGGGDYRSMDVW_CQQLITYPITF;CARTTYGGNSLNWFDPW_CQVWDSSSDHPVF;CARGYGSGNYYYYGMDVW_CMQALQTPWTF;CARSNYDILTGLDYW_CMQALQTPYTF;CAREDSGSYGYFDYW_CQQYNNWPQTF;CARRVLYYRFDPW_CNSRDSSGNHLF;CARGDYDYVWGSSPDAFDIW_CMQGTHWPLTF;CARDVRGYYYDSSGYSGEGYWW_CQQSYSTPYTF;CTRDRYSSSWYKGLYYYYGMDVW_CQQSYSTPYTF;CARVFFRVVYAMAYW_CQQYNNWPPMYTF;CASSLRYFDWTVNNWFDPW_CQQYGSSPQTF;CTRGYCSSTSCYTGWFDPW_CQAWDSSHVVF;CARDGRWELLGNQHW_CCSYAGSSTYVF;CARVYYDSSGYYYFDYW_CQQSYSTPWAF;CARGRVRWELLGDDAFDIW_CQQYDNLPLTF;CCTYVFVGIVPTIVDYW_CQQYNDWPPAGTF;CARDIQYYYDSSGYDAFDIW_CQQSYSTPWTF;CATSWGIAALYGMDVW_CNSRDSSGNPYVF;CAKDYPVAGDLDAFDIW_CCSYAGSSTWVF;CARANWDNWNDGLDYW_CGTWDSRLSSYVF;CARAGYCSSTSCSKEDVW_CQQSYSTPPRTF;CAREPLGGDYYYYYYGMDVW_CQQYGSSPTF;CARLSLRARFRGAFDIW_CCSYAGSYSVVF;CAHSLPSDIDYYYDSSGYSPSPPLFDYW_CQQYNNWPLTF;CASGYGGKTYYFDYW_CQQYGSSPGTF;CLGRELGHSW_CLQHNSYPWTF;CTAVLRYFDWLLMEAHENYYYYGMDVW_CQSADSSGGVF;CARDRSRWEFLYYFDYW_CQQYGSSGYTF;CARARYYDSNSYSYAW_CQTWGTGIWVF;CARLDYYDSSGYYDW_CQTWGTGIPVF;CARDYIAVAGPGENWFDPW_CQQSYSTRTF;CARDRGGYGVRWFDPW_CQQYDNLPPTF;CARRGNAIFGVVTHYYYYGMDVW_CMQALQTPLFTF;CSNYDILTGYYWFHYW_CQQYNNWPFTF;CASSFLDTSIVEYYFDYW_CATWDDSLSGLF;CARIVVVVTSRWFDPW_CQVWDSSSDHYVF;CARSLEWLDDYW_CQSYDSSLSGSVF;CARDAYGGYSFYYYGMDVW_CQQYGSSPFTF;CAGGSGSYYHLDPW_CQQANSFPYTF;CARPRLDYGDYGAGLGYW_CQKYNSAPFTF;CARDRGLRKKYFQHW_CQQYGSSPSTF;CVSQLYYLDGRGYYYDYYYDYW_CLQHHDYPWTF;CTTVSPYGDYVGVYFDYW_CQQYYSYPPTF;CAKDFMEYYYYGMDVW_CSAWDSSLSAVVF;CARSPGSGSYTW_CQQYGSSPLTF;CARLPYAGGPYYYYGMDVW_CMQRIEFPFTF;CARGKPRSLELWSFYYYYGMDVW_CQQSYSTPPTF;CAMGGYDSSGVQLDYW_CAAWDDSLSGYVF;CAHRYCSSTSCYGLGDWFDPW_CQSADSSGTYLVF;CARHSEGLGPVDYW_CGTWDSSLSAWVF;CARAIFGVVSVMGFDYW_CMQALQTLTF;CAKSMKSFDYW_CQQSYSTPLTF;CTTEGGDGYNSFDYW_CQQYDNLPITF;CARDTTYGDYYYGMDVW_CQSADSSGNWVF;CARDGKGYSYGSGNYYGMDVW_CQQSYSTLYTF;CAHRTTTYYFDYW_CQQYNSYPYTF;CTTDLVWFGELANAFDIW_CLQHNSYLPEWTF;CTRGGTLGARSGYYDYYYGMDVW_CQQYNSYPLTF;CAKDEGRVVAVAGTGEHAFDIW_CQQYNSYSPTWTF;CAKDITIFGVVISHLDYW_CLQDYNYPLTF;CARTYYYDSSGYRNAFDIW_CQSADSSGTYPVVF;CAKCFYYDSSGYYYYYYGMDVW_CCSYAGSSTLVF;CARDLLSISGSPFDPW_CQQRSNWPPGGGGLTF;CARGGINGGAYFDYW_CQQYGSSPWTF;CARDRGPAGLDYW_CQQSYSTRYTF;CARRGYYYDSSGYYYDWFDPW_CNSRDSSGNRVVF;CAKGLNTAMVSYYFDYW_CVLYMGSGIWVF;CAKDIREGWSSGYYPVLDYW_CQVWDSSVVF;CAKDSPSGYYYYYYYGMDVW_CQQLNSYPITF;CARDRIAAADHNWFDPW_CAAWDDSLNGWVF;CARDIGGIAAAGSPPSAFDIW_CQQYNSYSTF;CAHSYYYGSGRGGWFDPW_CQSADSSGTYVF;CARDGSSSIFDYW_CNSRDSSGNHVVF;CAKPLRFGYSSSSCFDYW_CSSYAGSNNYVF;CAHTGFESLDYW_CQSYDNSLNGLGVF;CARDEDYYYDSSGSVDYW_CQQSYSTPWTF;CARQIAAAGPENWFDPW_CQSADSSGTYLVF;CARGLPVDVW_CGTWDSSLSAGHVVF;CARLIYYGSGRFGAFDIW_CQQYDNLPWTF;CARNEITIPLDVW_CQQYGSSPLVTF;CTTDHGDAYNYRW_CQQYGSSPRTF;CARDHRMNIAVAGTNWFDPW_CQKYNSAPLFTF;CARALREEQWLNNAFDIW_CQQYYSYPTF;CAHRPPYYDSSGYLSW_CQQYGSSLWTF;CARHYVDTAMVINQYYFDYW_CQSYDSSLSDVF;CARDNYDILTGHYGMDVW_CAAWDDSLSGLYVF;CAKDSSSSDWFDPW_CQQYYSYPLTF;CARDYVAVAGTLDYW_CQQYYSTPYTF;CTRDLAYSNYEPPNHNWFDPW_CLQHNSYPLTF;CARERYYYYGMDVW_CYSTDSSGNHGVF;CAKEGITGYYYYYGMDVW_CQQSYSTPHTF;CAKVALRYFDWLPPYFDYW_CQQYYSYPQNLTF;CARAHDSTGYQDFDYW_CQQAKSFPYTF;CARVGVYGSGSYLVGGDYW_CQQSYSTPWTF;CARGPYYGSGSGEFDPW_CQQYYSYPLTF;CARGSCYSSACYYYYGMDVW_CGTWDSSLSAVVF;CARDFDAAEGAFDIW_CQVWDSSSDPTFYVF;CARGAHSSGYYIDYW_CQQYYSFPFTF;NA_CHQYNNWSSWTF;CAREQDFGGNPFDCW_CMQVLHIPRAF;CARGTMVRGHYYYYGMDVW_CQQSYSTPLTF;CARGYSYGYLDWFDPW_CQSYDSSLSGVVF;CARAAPYSSSSLDYW_CQQSYSTLTWTF;CARRRITMNDYFDYW_CQSYDSSLSGVVF;CARGPDGGAFDIW_CQRGLTF;CARDLIARTALTYYYYGMDVW_CQSYDSSLSGGVF;CARYGVYGDYPGALFDYW_CAAWDDSLSGLWVF;CAKDRRGCSSTSCYTFDYW_CQQSYSTLSF;CARVSGYNSYYFDYW_CQQSYSTPRTF;CAAPSPRFTSSTGGGMELPLHVW_CCSYARGSSLVF;CAKDARWRPRVASIDALDIW_CQQYNNWPRTF;CARHIERYCSGGSCYEALDYW_CMQALHPITF;CASYLEMATRYYFDYW_CLQHNSFWTF;CARVTRVTQSNDFWTSYYTDCFDAW_CYSTDSSGNHKVF;CARLYSSSWTNYFDYW_CQQYYSYPLTF;CARGTVYSVPGGHYGDYVRDPKYYYYGMDVW_CQSADSSGTWVF;CARGAAGVRGPIGYW_CAAWDDSLSGWVF;CARVAVAGTTNWFDPW_CQQANSFPYTF;CARVLGGPGATTFDYW_CLQDYNYPWTF;CARTPVSTSYDSPGWYSSGWFFDYW_CQTWGTGIHVVF;CARTMVRGVTPADAFDIW_CQQYNSYSSTF;CAKSMGATILHAFDIW_CQQYNSYPLTF;CARANSGSYSFFFLRLDYFDYW_CQQYNNWPLTF;CARAAGTGGYYYGMDVW_CVLYMGSGISVF;CARAGQFGDSYYYYYYGMDVW_CLQDYNYPQTF;CAHFTKRPTDAFDIW_CNSRDSSGNHRVF;CAAGFGLSGSYIHYYYYGMDVW_CQQYGSSPPLTF;CATDNWNFGADSGFGYW_CMQGTHWRTF;CARVLGSFSFGYDGFDIW_CQQLNAYPTF;CARDPGIAVAETVYYYYYYGMDVW_CMQALQTPPTF;CARTVGAGYKIGKGYFDYW_CQAWDSSTVVF;CARDQDLAALNYW_CGTWDSSLSAKVF;CTTENVLLWFGEPEYYYYYYGMDVW_CQSADSSGTYAVVF;CARSLFEGTVMAFRAEHMDVW_CQQYKTFFAVSF;NA_CQAWDSSTVVF;CARPPSHDSPMYHYW_CQSADSSGLWVF;CARDTMWWSYGMDVW_CCSYAGSGEVF;CARLRRYSSGYYYIAGDFDYW_CQSYDSSLSGVVF;CARDKGGTTVTTSNWFDPW_CQQYDNLPLTF;CARDGGGYYQKKGYFQHW_CGTWDSSLSAVVF;CARDDIVVVPAAIDYW_CQSYDSSLSGPYVF;CARKFDCW_CQQYGTSLPVTF;CARGVLRFLEWLSNMDYYYYGMDVW_CMQALQTPRALTF;CAKDGSYYDSSGYSDYW_CQQYNNWPPWTF;CAKDKSYSVEYW_CMLFMGSGIWVF;CAKADVRSNWNDMHFDYW_CQAWDSSTVVF;CARATPRGYGGNSLNWFDPW_CQQYNSYPFTF;CAEGYQLPGLYYW_CNSRDSSGNHLF;CARHAGSGSYYFWFDPW_CQQYGSSPYTF;CAKDLQIGYCSSTSCRNAFDIW_CQQYGSSPPRVTF;CARGRGSYFDYW_CQQYGSSLWTF;CARTCSSTSCYTYGMDVW_CQQYNNWQYTF;CAHRGYSYGPLFDYW_CLLYYGGAQLVF;CARLPTLRYGSGSYYNGALDYYYGMDVW_CMQALQTPLTF;CARSIAAASPFDPW_CQQYDNLPPTF;CARGPPYGHLGYW_CQQYNNWPPITF;CAKDILGGGYFDYW_CQTWGTGMGVF;CAKDASYGYLFEYWYFDLW_CQQYNNWPPWTF;CARFGAKNYYDSW_CQQYNNWPGTF;CAREKWLRPQLDYW_CQQYGSSPKTF;CVKGPYYDGSGNSFGRKAFDIW_CQQYGSSPYTF;CARGASKGNQPALHYGMDVW_CQQSYSTPPAF;CATTLASPTHDYGDYEGGYMDVW_CQQYGSSPLTF;CALGIDAFDIW_CQQYNNWPKTF;NA_CQSYDDSLSGTVF;CARGFYYGSGSPLSGMDVW_CQQSYSTPRTF;CAKDPAASGSPWYFDYW_CQQYYSFPRTF;CAREVSRQSGSRPIKWFDPW_CQQSYSPPPLTF;CTPSLETYGDYALGYYW_CQSADSSGTYPYVF;CAKDFGGPLQFDYW_CQQYGSSPRTF;CAKDMLFSNNYW_CQTWGTGINWVF;CARDENHLYYGDLAYW_CQQSYSIPRAF;CARGSRLLLWFGELKVGPGFDPW_CQQYNSYWTF;CAMKGGRDGYNTRVYYYYGMDVW_CCSYAGSSTPYVF;CAKDIGPTNCSSTSCHAYYYYGMDVW_CQQYNSYSTF;CWRDRREAPIEMEVASTRG_CMQSTHWPYTF;CTRHTHCSGGSCYDAFDIW_CQQSYSTPRYTF;CAREPPHGSGTDYNWFDPW_CQSYDSSLSAYVF;CVKDLYDTGSYYYFDYW_CSSYTRSSTLVF;CSRHEGVGGNSDYW_CVLYMGSGISMF;CARNHDYGDYMFGGMDVW_CQSADSSGTYVF;CTTSGGDW_CMQSIQLPRTF;CARDRTSFGYSYGNIDYW_CQTWGTGILVF;CAKDELASYGGVGYYW_CQSADSSGTYFWVF;CAREPKHSGYCSSTSCYIGNWFDPW_CQSYDSSLSGNVVF;CARASWDSSSWGLGFDPW_CQAWDSSTGVF;CARTRVRGVISPFDYW_CQQANSFPPTF;CTREYYDFWSGDYW_CQQYDNLPLTF;CARDGGRGSGWSTPDYW_CNSRDSSGNHVVF;CARHYDFWSGDNPYWYYYYGMDVW_CQQYGSSPPWTF;CTTTTADIVVVPAAIQTVDYW_CQQYDNLPLTF;CAIMVRGVIGSYYYYGMDVW_CQQSYSTTWTF;CAKDNGYGGNSLQHW_CCSYAGSSTLVF;NA_CQQSYNTLWSF;CARARYRRDGYHNLYAFDIW_NA;CARGFSETGPGYKRFYYYFDLW_CQQYGSSPQTF;CARVKGDYYYYYGMDVW_CMQALQTPHTF;CARDPPLYSSGWFTGDYW_CQQYNSYPRTF;CAKDGGEHRGNDYW_CQVWDSSSDHYVF;CARGYDFWSGYLPHYGMDVW_CQVWDSSSDHPGVF;CARETKQYIDYRSPTVGRPYDYYYGMDVW_CLLFYGGAQLGVF;CAKGVWESTTEDAFDIW_CQQYNSYSPFTF;CAKDQGYCSSTSCYPYYYGMDVW_CQAWDSSTVVF;CARLGGYDSTFDYW_CSSYTSSSTYVF;CARVAAAGTYFDYW_CQQYGSSPETF;CARINQHGSGTYSPDYYYYGIDVW_CMQALQTPMYTF;CARKSIAAAGLPYYYYYGMDVW_CMQALQTRFTF;CAQGGYSYGYYDYW_CAAWDDSLNGVVF;CARQRGGTAVPVYYFDYW_CQQYGSSPLYTF;CARALYYDSSGYQPNRYYFDYW_CQSYDSSLSGYVVF;CTRALNSNHFDYW_CQQANSFPLTF;CARVTDPDAFDIW_CNSRDSSGNHYVF;CARSAWHPAATGGMDVW_CLQDYNYPYTF;CARVSLVVPQQFDYW_CQAWDSSTVVF;CAKVPGYSTGWYYFDYW_CQQCDSSPEWTF;CAKDSTCSSTSCYRGYYYYGMDVW_CQQYYSYPITF;CARGRNGGNRFDWFDPW_CQSYDSSLSGSGVF;CARGKNWFDPW_CQQYGSSPLTF;CASGYSSGRPDYW_CQQYDNLPITF;CARLSDGDYTFDYW_CQQYNSYWTF;CARGGTAGYSYGYAYW_CQAWDSSTAVVF;CAKDIVVVPAAPITLYYYYGMDVW_CMQALQTSFTF;CARWRLYYDSRGYYYGMFDYW_CQQSYDTPLTF;CARSRRIVGATSFDWFDPW_CQQYNSYSRTF;CASEDSGYGGGFDYW_CQSYDSSLSEGVF;CAHGRDYDSSSLPFDYW_CQQYNSYPYTF;CARAGAYYYGSAIDYW_CQQYGSSPGLTF;CAKGSSHSGGWFDPW_CQQYNSYWTF;CARDLLRAYSSSSTSSIDYW_CQQYYSYPRTF;CAKDVSGYLDAFDIW_CGTWDSSLSAGWVF;CAREGSRYFDYW_CQVWDSSSDHYVF;CASHDSSGYYLLDYW_CQVWDSSSDHVVF;CARYCSSTSCYTTYYYYYYGMDVW_CQQYYSYPLTF	0	NA
22	30	CARDEGIAARTRGETHYYYYGMDVW_CQQYYSTPYTF;CAREPPDLTMVRTKGVRWFDPW_CQQYYSNPLTF;CARDEMVRRDGYNFAFDIW_CQQYYSTPPLTF;CAKDGIVFYGSGSYNDYW_CQQYYETPTF;CARVRGAFGEPPPYNWFDPW_CQSADSSGTYYVF;CARGGLYSSSWSVHSTFQHW_CQQYGSSPRTF;CARDLGARDGYNKFDYW_CQQYYSTPALTF;CAHTPGSGQKGSIYW_CQQYYSTPWTF;CARLGPYGSGSYSPVDYW_CQQYYSNPQAF;CARGAAAGTLDAFDIW_CQQYYSTPLTF;CAADRIRGSSANYDYGMDVW_CQQYYSLRTF;CTRGGGALGNW_CQQYYSIPWTF;CARGPGIYGDYGGGRPGYFDYW_CQQYYSTPPITF;CARGPSRSYNVYYFDYW_CQQYYSTGTF;CARGRGARYDYGYGLVPNYFDYW_CQQHSSSPPTF;CARGPMTTVATPRTQYFQFW_CQQYYSTPWTF;CSKDWAATGREIGYW_CQQYYRTPYTF;CARRDCSGGSTQSLPQRHLTCYYGMDVW_CQQYYSTLYTF;CARDQYSSGWYLGGWGYFDYW_CQQYYSTLRTF;CARGVVGHPHLIDFW_CQQYYHMGTF;CARQDCSGGSCYLDYW_CQVWDSSSDHPVF;CAKGYSSSWYYNYGMDVW_CQQYYSTPTF;CARDRYFGPW_CQQYYSTPWTF;CARITMIGGAFDIW_CQQYYSTPSITF;CVRGGSGTLSWYDSW_CQQYLSSPDTF;CTRDLLVNWNDPGLISYYNSFDVW_CQQYYNSPRTF;CARSDDNGDYVFNYW_CQQYYSTPPTF;CARELASHLGDYFDYW_CQQYYSTPPKTF;CARKARQWEVAIDSW_CHQYYTTPLF;CSVYDSSGYLYGAFDIW_CQQYYSTPLTF	8	1	CARGTPGWYW_CQQYGSSPTF	0	NA
22	30	CARDEGIAARTRGETHYYYYGMDVW_CQQYYSTPYTF;CAREPPDLTMVRTKGVRWFDPW_CQQYYSNPLTF;CARDEMVRRDGYNFAFDIW_CQQYYSTPPLTF;CAKDGIVFYGSGSYNDYW_CQQYYETPTF;CARVRGAFGEPPPYNWFDPW_CQSADSSGTYYVF;CARGGLYSSSWSVHSTFQHW_CQQYGSSPRTF;CARDLGARDGYNKFDYW_CQQYYSTPALTF;CAHTPGSGQKGSIYW_CQQYYSTPWTF;CARLGPYGSGSYSPVDYW_CQQYYSNPQAF;CARGAAAGTLDAFDIW_CQQYYSTPLTF;CAADRIRGSSANYDYGMDVW_CQQYYSLRTF;CTRGGGALGNW_CQQYYSIPWTF;CARGPGIYGDYGGGRPGYFDYW_CQQYYSTPPITF;CARGPSRSYNVYYFDYW_CQQYYSTGTF;CARGRGARYDYGYGLVPNYFDYW_CQQHSSSPPTF;CARGPMTTVATPRTQYFQFW_CQQYYSTPWTF;CSKDWAATGREIGYW_CQQYYRTPYTF;CARRDCSGGSTQSLPQRHLTCYYGMDVW_CQQYYSTLYTF;CARDQYSSGWYLGGWGYFDYW_CQQYYSTLRTF;CARGVVGHPHLIDFW_CQQYYHMGTF;CARQDCSGGSCYLDYW_CQVWDSSSDHPVF;CAKGYSSSWYYNYGMDVW_CQQYYSTPTF;CARDRYFGPW_CQQYYSTPWTF;CARITMIGGAFDIW_CQQYYSTPSITF;CVRGGSGTLSWYDSW_CQQYLSSPDTF;CTRDLLVNWNDPGLISYYNSFDVW_CQQYYNSPRTF;CARSDDNGDYVFNYW_CQQYYSTPPTF;CARELASHLGDYFDYW_CQQYYSTPPKTF;CARKARQWEVAIDSW_CHQYYTTPLF;CSVYDSSGYLYGAFDIW_CQQYYSTPLTF	9	14	CARSGTTYYDILTGYYNYW_CQQYGSSRWTF;CARGNDYYGSGEFDYW_CSSYTSSSTLVF;CARDGDTAMVINYFDYW_CQSADSSGTYWVF;CARGKGEGRYYYDSSGYYYFDYW_CQQRSNWPPLTF;CARNKQHIVGATLHTHYSNWFDPW_NA;CARTSRGLIAAAAAVDYW_NA;CAKRGGLMVRGVAVDYW_CQQYYSYPWTF;CAKGGWFGELLFRLDYW_CQQYDNLLTF;CARRLAYNGNWDYGDFDYW_CCSYSKTATF;CARERPRGAAETW_CQAWDSSTWVF;NA_CQQRSNWPPYTF;NA_CCSYAGSSTVVF;CARDSKQQLADNWFDPW_CQAWDSSTLVVF;CARLWVFLTMVRGPDFDLW_CHQSSSLPLTF	0	NA
22	30	CARDEGIAARTRGETHYYYYGMDVW_CQQYYSTPYTF;CAREPPDLTMVRTKGVRWFDPW_CQQYYSNPLTF;CARDEMVRRDGYNFAFDIW_CQQYYSTPPLTF;CAKDGIVFYGSGSYNDYW_CQQYYETPTF;CARVRGAFGEPPPYNWFDPW_CQSADSSGTYYVF;CARGGLYSSSWSVHSTFQHW_CQQYGSSPRTF;CARDLGARDGYNKFDYW_CQQYYSTPALTF;CAHTPGSGQKGSIYW_CQQYYSTPWTF;CARLGPYGSGSYSPVDYW_CQQYYSNPQAF;CARGAAAGTLDAFDIW_CQQYYSTPLTF;CAADRIRGSSANYDYGMDVW_CQQYYSLRTF;CTRGGGALGNW_CQQYYSIPWTF;CARGPGIYGDYGGGRPGYFDYW_CQQYYSTPPITF;CARGPSRSYNVYYFDYW_CQQYYSTGTF;CARGRGARYDYGYGLVPNYFDYW_CQQHSSSPPTF;CARGPMTTVATPRTQYFQFW_CQQYYSTPWTF;CSKDWAATGREIGYW_CQQYYRTPYTF;CARRDCSGGSTQSLPQRHLTCYYGMDVW_CQQYYSTLYTF;CARDQYSSGWYLGGWGYFDYW_CQQYYSTLRTF;CARGVVGHPHLIDFW_CQQYYHMGTF;CARQDCSGGSCYLDYW_CQVWDSSSDHPVF;CAKGYSSSWYYNYGMDVW_CQQYYSTPTF;CARDRYFGPW_CQQYYSTPWTF;CARITMIGGAFDIW_CQQYYSTPSITF;CVRGGSGTLSWYDSW_CQQYLSSPDTF;CTRDLLVNWNDPGLISYYNSFDVW_CQQYYNSPRTF;CARSDDNGDYVFNYW_CQQYYSTPPTF;CARELASHLGDYFDYW_CQQYYSTPPKTF;CARKARQWEVAIDSW_CHQYYTTPLF;CSVYDSSGYLYGAFDIW_CQQYYSTPLTF	15	98	CAKDFHRLTLLRYCSGGSCYSAFDIW_CCSYAGSSTYVF;CAKRPDTTGRSWYFDYW_CQQYNNWLWTF;CAKFDIAAADTGKGEDYW_CMQGTHWPPLTF;CAKDSLFDRIILIATDIW_CAAWDDSLNGWVF;CAKYPSFSSRRWYFDLW_CQQYNNWPPPYTF;CAKLPSYSYGPFDYW_CQVWDSSSDHPVF;CAKDRQQLVIDAFDIW_CQQANSFSYTF;CARRRYYGGNSNKGWYFDLW_CQQRSNWRTF;CAKVLGFGPHYDILTGYYPFDYW_CQQSYSTPLTF;CASVQWLVDYW_CQQSYSTPMYTF;CAKDQSPSAKNGDYVSFDYW_CMQALQKTF;CAKDLRFLEWLLPYYYGMDVW_CMQALQTPWTF;CAKDPNYWRYFDWLTGYYFDYW_CQQRSNWPPWTF;CARDGGFGGSWLDPW_CQQRSHFRTF;CAKGEQFIAVNNWFDPW_CQQRSNWPITF;CAKDIRGNSWYGDSEGIW_CMQGTHWPYTF;CASGMVDFDYW_CMQGTHWPPTF;CAKGDSRYWYFDLW_CQQRSNWPLTF;CARGSISSQRWFGPW_CQQYNYYYTF;CAKWGHSSWYDNWFDPW_CQSADSSGTYVVF;CARGGAVLRYFDWEPQGPLEDNWFDPW_CQQRSNTWTF;CARNMASGMDVW_CQQRSNWPLFLTF;CAKMGASRWGPSYYFDCW_CQQYGSSPRTF;CAHRPLDILTGYRVDYFDYW_CQQSYSTLGTF;CAKDHPTNWFDPW_CQQYYSYPRTF;CAKAQNYYDSSGYYPFDYW_CQVWDSSSDHSVVF;CAKAPESSAYYGPDYW_CAAWDDSLSGHWVF;CAKGATSCAYW_CQQSYSTPRTF;CARGRLGGYSLPGFDYW_CNSRDSSGNHVVF;CARAIWYYDILTGYYSYYGMDVW_CSSYAGSNNLEVF;CARARGDFWSGYTHWYFDLW_CQQRSNWPPWYTF;CAKASARYCSGGSCYGTAFDIW_CQQSYSTPVF;CAKFHDSSGYYYLYGFDYW_CQAWDSSTYVF;CAKGAAASRTDYW_CQQSYSTPPYTF;CAQTGILTGYPRVGNAFDIW_CQQRSNWLGFTF;CAKDEWERGAFDIW_CQQYNSYSPWTF;CAKADLLYSGSYGAW_CQQSYSTPYTF;CAKDGIVVVTAIKFGHGMDVW_CQQANSFPYTF;CAKRLDYW_CMQATQFPYTF;CANISPPPRYYGSGSYYNFAFDIW_CQQLNSYPFTF;CAKDYDSGSYYEGGAFDIW_CQQRSNWPLTF;CAKEDYNSGSCLDYW_CQQLNSYPQVTF;CAQIAAAGTMGFDYW_CQQRSNWPSLTF;CAKVRGIVGATPCYFDYW_CQVWDSSSDHPVF;CTTEVCSGYDCDLGDYW_CQQRSNWPTF;CARSVDTAMGNAHDW_CQQYGSSPPTF;CAKDRGYRGDYSNWFDPW_CQQYNSYPRTF;CARDRPPYSNYVIYGMDVW_CQQRSNWPPLTF;CAKPSIVATIWAFDYW_CQQYDNLPPITF;CARDHKQWRVSYVWFDPW_CQQRNTWPRPTF;CAKGRYSSSWYEDWYFDLW_CQQRSNWPPLTF;CARDISKGAAGTGDWFDPW_CQQRSNWPLTF;CAKDAEGQGPVLLWLGGMDVW_CQQYNSYSYTF;CATGIAVAGTLGYYGMDVW_CQQYNNWPRFTF;CAKGTHYYGSGSMWGMDVW_CQQRSNWPPYTF;CAREGEITMIVANDAFDIW_CQQSYSTPPTF;CATSDWSW_CQQRINWPITF;CAKASVAVAGTGGMDVW_CQVWDSSSDHVVF;CAKFFVVLSFWSGYYDYW_CQQLNSYPQTF;CAKGRNFVVVTAICDYW_CQQYGSSPLTF;CAKSLKLFAIDYW_CQSADSSGTYWVF;CANDRDASSAWYGPVGYW_CQQHYSTPGTF;CAKGGYCSGGSCPLDYYYGMDVW_CMQALQTPLTF;CARARSSGWYHYW_CQQRSNWPPTF;CAKDHDEGATTYFDYW_CQAWDSSTVVF;CAKDSRYSLLIAVAGTEDYW_CQQRSNWPWTF;CAKDRGPAEKYYYDSSGTQLIGAFDIW_CQQYYSYPPGTF;CAKVEGIWFGELSDFYYYYGMDVW_CQQRSNWPLTF;CAKALHAAVVGPAAIPFDYW_CSSYVGSNNYVF;CAKDHLMITFGGVGQGVPWFDPW_CQKYNSAPRTF;CAKAEGVKYNWNYGDYW_CQQSGSSPPTF;CATDLNLAVAGEGGYW_CQQRSNWPLTF;CARDSYDFWSGYTPPNYYYYYGMDVW_CQQRSNWYTF;CAKETLGAVDYW_CCSYAGSSRVF;CAKAAMVRGVIDWYFDLW_CQQYYSYPPFTF;CASATTVSHW_CQQRSNWPLTF;CAKGGGADFDHW_CQQYSIWPLSF;CAKDRDGYNADDAFDIW_CQQSYSTPLTF;CAKSYGSGSYYRTSEYYFDYW_CQQYNNWPPGTF;CARDCSSTSCLAYW_CQLRSNWPTF;CAKRDSSSWGWDRGAFDIW_CQQLNSYPGFTF;CAKGFDYYGSGSYSPFDYW_CQQYNNWPPEYTF;CARHEKGIAAAVYYFDYW_CQQRSNWPLTF;CAKDGRWELGTFDIW_CQQYDNLPQF;CAKDRRLGPWIPDYW_CQQYDNLPQAF;CAKDVTDGYNIPYYFDSW_CQQRSNWPLTF;CAKDRCTITSCSYQNW_CMQALQIPPTF;CAKDRSFDYPDYW_CQQYYSFPYTF;CTSWAIPQALTDYYYYGMDVW_CQQRSNWPPSITF;CAKLGEEDGSGSPSYYYYGMDVW_CQQYNNWPPLTF;CAKILYSSGWWGGAFDIW_CQQYNSYPLTF;CAKDDDRGYGWFGELLGRYGMDVW_CQQRSNWLLTF;CAKDKASSWQDRYYYYGMDVW_CVLYMGSGIRVF;CAKVGVGATSHFDYW_CQQSYSTPRYTF;CAKDLPRSVVVTANSYYYGMDVW_CQQYNSYPVTF;CTTPTWGNYYYYGMDVW_CQQRSTGRDTF;CARVFRRYGSGSYYNLW_CQQRSNWLTF;CARDPGDYVEIEWYFDLW_CQQRSNWPRLTF	0	NA
22	30	CARDEGIAARTRGETHYYYYGMDVW_CQQYYSTPYTF;CAREPPDLTMVRTKGVRWFDPW_CQQYYSNPLTF;CARDEMVRRDGYNFAFDIW_CQQYYSTPPLTF;CAKDGIVFYGSGSYNDYW_CQQYYETPTF;CARVRGAFGEPPPYNWFDPW_CQSADSSGTYYVF;CARGGLYSSSWSVHSTFQHW_CQQYGSSPRTF;CARDLGARDGYNKFDYW_CQQYYSTPALTF;CAHTPGSGQKGSIYW_CQQYYSTPWTF;CARLGPYGSGSYSPVDYW_CQQYYSNPQAF;CARGAAAGTLDAFDIW_CQQYYSTPLTF;CAADRIRGSSANYDYGMDVW_CQQYYSLRTF;CTRGGGALGNW_CQQYYSIPWTF;CARGPGIYGDYGGGRPGYFDYW_CQQYYSTPPITF;CARGPSRSYNVYYFDYW_CQQYYSTGTF;CARGRGARYDYGYGLVPNYFDYW_CQQHSSSPPTF;CARGPMTTVATPRTQYFQFW_CQQYYSTPWTF;CSKDWAATGREIGYW_CQQYYRTPYTF;CARRDCSGGSTQSLPQRHLTCYYGMDVW_CQQYYSTLYTF;CARDQYSSGWYLGGWGYFDYW_CQQYYSTLRTF;CARGVVGHPHLIDFW_CQQYYHMGTF;CARQDCSGGSCYLDYW_CQVWDSSSDHPVF;CAKGYSSSWYYNYGMDVW_CQQYYSTPTF;CARDRYFGPW_CQQYYSTPWTF;CARITMIGGAFDIW_CQQYYSTPSITF;CVRGGSGTLSWYDSW_CQQYLSSPDTF;CTRDLLVNWNDPGLISYYNSFDVW_CQQYYNSPRTF;CARSDDNGDYVFNYW_CQQYYSTPPTF;CARELASHLGDYFDYW_CQQYYSTPPKTF;CARKARQWEVAIDSW_CHQYYTTPLF;CSVYDSSGYLYGAFDIW_CQQYYSTPLTF	16	68	CARQVGVGKWYLEDW_CCSYASGDNLVF;CARLIKYSGSYEMVDYW_CAAWDDSLNGYYVF;CARGGFITMIGYGMDVW_CQQYDNLPFTF;CARDLRWCSGGSCYGNYYGMDVW_CAAWDDSLNGQVF;CARDGRDYYDSSGYYYDDAFDIW_CQSADSSGTVVF;CARDHPLMVRENLGFDPW_CAAWDDSLNGPVF;CARDLRNYYDFWSGSPNPKINWFDPW_CQKYNSAPLTF;CARDLPAARYGDYGGFDYW_CAAWDDSLNGVVF;CARDLFPIQYGSEPYGMDVW_CQQYGSSPRTF;CARDIGPLDVW_CQVWDSSSDHRVF;CARDQGDGDYGAFDIW_CQQSYSTSSWTF;CARILEIVDPSGSYQYYFDYW_CGTWDSSLSAVVF;CARDGHYSGSYYVGYW_CCSYAGSYTYWVF;CAREEYSSSWHPYYFDYW_CGTWDSSLSAYVF;CAKDFRGWFDPW_CATWDDSLNGWVF;CARDRSGGSWFDPW_CVLYMGSGVF;CARASTAAYYYYYYGMDVW_CAAWDDSLNGHVVF;CAHHLSFGGNWAFAHW_CAAWDDSLNGSYVF;CASNLGYCSSISCYGFDYW_CQQYGSSPLYTF;CAKELPYYDSSGGPEYW_CAAWDDSLNGWVF;CARGEDYYGSGSYYGMDVW_CQAWDSNTVIF;CARVLGITGTTRRFDYW_CQQYYSYPFTF;CARDREQLAPFDYW_CQSADSSGTYVF;CAKDLIDTMIVVVITPPFDYW_CAAWDDSLNWVF;CARGGHLWSEEVMNRFYYYLGMDVW_CGAWDGSLNGYVF;CARDGYSGYDRADYYYYYGMDVW_CQSYDSSLSGSRVF;CARDHIAVAATPAEYYYYGMDVW_CQAWDSSTVVF;CARARDRQGAYYYGSGSYVPYYYYGMDVW_CCSYAGSSPWVF;CARQNFDILTGYSIDYW_CAAWDDSLNGLYVF;CARDNSGSYVVEYYFDYW_CAAWDDSLNGWVF;CARQYVEWLREMDVW_CAAWDDRLNGWVF;CARNYYYDSSGSGFDYW_CQQANSFPPTF;CAHRHHCSSTSCSPWDDWFDPW_CAAWDDSLNGPVF;CARQNFDILTGYSIDYW_CAAWDDSLNGLYVF;CAKTQVDGKALWFEPW_CATWDSILSGWIF;CARELLWFGEGINWFDPW_CAAWDDSLNGVVF;CARHNTITLRYFDWTKLGYFDLW_CAAWDDSLNGVVF;CARDRYDYGDYPAEYFQHW_CAAWDDSLNGVVF;CAREQLGGFDYW_CAAWDDSLSVVVF;CAIIPLATPVTIIMDYW_CMQSIQLPPQPTF;CAREQQLVPYYYYGMDVW_CAAWDDSLNGWVF;CARDGAGHYGSGSYFGSW_CATWDDSLNGFVIF;CASRTNHYYDIQRHYW_CQQSYSTPGVTF;CARHIMVRGVPPNFDYW_CAAWDDSLNGPVF;CASTGGGSYPILNW_CQQYYSYPLTF;CARGGPYPINSGYYYEVDYW_CAAWDDSLNGRYVF;CARGPNDAFDVW_CQQYARSPPWTF;CAHHASFGGNWAFAHW_CAAWDDSLNGSYVF;CARDRGYGSGSYFSGFDYW_CQQYNNWPPRTF;CARERGMYSSGWYNWFDPW_CQQYYSYPYTF;CARGGDGYNYHPYW_CQKYNSAPTF;CAKDSIPIYDSSGTTFDYW_CAAWDDSLNGWVF;CARDQRSYADYW_CQQYYSYPQTF;CARDLQRGYSYGYW_CAAWDDSLNGVVF;CARDIHGNGALYYYYGMDVW_CAAWDDSLNGLYVF;CARDNIVVVPAAMFEASDYYYGMDVW_CMQALQTPYTF;CARDELRQLVLW_CQSYDSSNPWVF;CARSYGSGSYPRPSPLAWFDPW_CAAWDDSLNGPVF;CARDLIGFGASFDYW_CQQYNNWPPYTF;CARMMGTYYGDHPTIVGYFDYW_CQQYNNWPLTF;CARDGLDYDSNAIDYW_CQQYDNLPYTF;CARHGGDCGLDCYSNWFDPW_CQHWTF;CAREPADSSSLW_CQSYDSSNWVF;CARSGQWLEGWFDPW_CQQYNSYSPTF;CAREGREGGGFDYW_CAAWDDSLSGWVF;CARFVPGGYDGFDIW_CASWDKNLNAFVF;CARDPVPVILGYCSGGRCSPLDYW_CQNYNSAPRTF;CAKDWDDYDSESGVYNYYGMDVW_CSAWDDSLNGVVF	0	NA
22	30	CARDEGIAARTRGETHYYYYGMDVW_CQQYYSTPYTF;CAREPPDLTMVRTKGVRWFDPW_CQQYYSNPLTF;CARDEMVRRDGYNFAFDIW_CQQYYSTPPLTF;CAKDGIVFYGSGSYNDYW_CQQYYETPTF;CARVRGAFGEPPPYNWFDPW_CQSADSSGTYYVF;CARGGLYSSSWSVHSTFQHW_CQQYGSSPRTF;CARDLGARDGYNKFDYW_CQQYYSTPALTF;CAHTPGSGQKGSIYW_CQQYYSTPWTF;CARLGPYGSGSYSPVDYW_CQQYYSNPQAF;CARGAAAGTLDAFDIW_CQQYYSTPLTF;CAADRIRGSSANYDYGMDVW_CQQYYSLRTF;CTRGGGALGNW_CQQYYSIPWTF;CARGPGIYGDYGGGRPGYFDYW_CQQYYSTPPITF;CARGPSRSYNVYYFDYW_CQQYYSTGTF;CARGRGARYDYGYGLVPNYFDYW_CQQHSSSPPTF;CARGPMTTVATPRTQYFQFW_CQQYYSTPWTF;CSKDWAATGREIGYW_CQQYYRTPYTF;CARRDCSGGSTQSLPQRHLTCYYGMDVW_CQQYYSTLYTF;CARDQYSSGWYLGGWGYFDYW_CQQYYSTLRTF;CARGVVGHPHLIDFW_CQQYYHMGTF;CARQDCSGGSCYLDYW_CQVWDSSSDHPVF;CAKGYSSSWYYNYGMDVW_CQQYYSTPTF;CARDRYFGPW_CQQYYSTPWTF;CARITMIGGAFDIW_CQQYYSTPSITF;CVRGGSGTLSWYDSW_CQQYLSSPDTF;CTRDLLVNWNDPGLISYYNSFDVW_CQQYYNSPRTF;CARSDDNGDYVFNYW_CQQYYSTPPTF;CARELASHLGDYFDYW_CQQYYSTPPKTF;CARKARQWEVAIDSW_CHQYYTTPLF;CSVYDSSGYLYGAFDIW_CQQYYSTPLTF	17	1	CARHGINYYDSSGYSGNDAFDIW_CQQYDNLFTF	0	NA
22	30	CARDEGIAARTRGETHYYYYGMDVW_CQQYYSTPYTF;CAREPPDLTMVRTKGVRWFDPW_CQQYYSNPLTF;CARDEMVRRDGYNFAFDIW_CQQYYSTPPLTF;CAKDGIVFYGSGSYNDYW_CQQYYETPTF;CARVRGAFGEPPPYNWFDPW_CQSADSSGTYYVF;CARGGLYSSSWSVHSTFQHW_CQQYGSSPRTF;CARDLGARDGYNKFDYW_CQQYYSTPALTF;CAHTPGSGQKGSIYW_CQQYYSTPWTF;CARLGPYGSGSYSPVDYW_CQQYYSNPQAF;CARGAAAGTLDAFDIW_CQQYYSTPLTF;CAADRIRGSSANYDYGMDVW_CQQYYSLRTF;CTRGGGALGNW_CQQYYSIPWTF;CARGPGIYGDYGGGRPGYFDYW_CQQYYSTPPITF;CARGPSRSYNVYYFDYW_CQQYYSTGTF;CARGRGARYDYGYGLVPNYFDYW_CQQHSSSPPTF;CARGPMTTVATPRTQYFQFW_CQQYYSTPWTF;CSKDWAATGREIGYW_CQQYYRTPYTF;CARRDCSGGSTQSLPQRHLTCYYGMDVW_CQQYYSTLYTF;CARDQYSSGWYLGGWGYFDYW_CQQYYSTLRTF;CARGVVGHPHLIDFW_CQQYYHMGTF;CARQDCSGGSCYLDYW_CQVWDSSSDHPVF;CAKGYSSSWYYNYGMDVW_CQQYYSTPTF;CARDRYFGPW_CQQYYSTPWTF;CARITMIGGAFDIW_CQQYYSTPSITF;CVRGGSGTLSWYDSW_CQQYLSSPDTF;CTRDLLVNWNDPGLISYYNSFDVW_CQQYYNSPRTF;CARSDDNGDYVFNYW_CQQYYSTPPTF;CARELASHLGDYFDYW_CQQYYSTPPKTF;CARKARQWEVAIDSW_CHQYYTTPLF;CSVYDSSGYLYGAFDIW_CQQYYSTPLTF	18	55	CARETTPVVTASTYYYYYGMDVW_CSSYTSSSTWVF;CARDWVRGVNDMDVW_CSSYTSSSTRVF;CTRPQRKWELPYPDAFDIW_CSSYTSSSTLF;CARGGAAVTTYYYYFYGMDAW_CCSYSSTNTLYVF;CARDGSGYLEQYYFDYW_CAAWDDSLNGYVF;CARGQGRTTSDYW_CSSYTSSSTLVVF;CARDPITMVRGVIISGWYFDLW_CSSYTSSSTLDVVF;CAKGADPYYDFWSGYSELFPLGMDVW_CSSYTSSSTVVF;CAREFKSFWSGYGDYYYGMDVW_CSSYTSSSTRVF;CARVVDDYYDSSGRYYFDYW_CSSYTSSSTQVF;CARHPFRVFGGWRDYW_CSSYTSSSTLWVF;CTGPDRMAYYDSSGYWEGVLDYW_CSSYTSSSPLYVF;CTRCGSSWTSYTMYDW_CSSYTGSRLYVF;CAKASLYGSGSYPPKYW_CSSYTSSSTYVF;CARDRPALWFGELHGMDVW_CSSYTSSSTLVF;CAKDHWEYYWYFDLW_CSSYTSSSTLVF;CARQISILRLLVWFDPW_CSSYTSSRGVF;CARHSPPRLWFGAFNYYYGMDVW_CSSYTGSSTLVF;CARRIAVAATVTGAMDVW_CTSYTSSSTLVF;CARYYDILTGYYYDYFDYW_CSSYTSSSTSF;CAKDPRLGPYFDYW_CSSYTSSSTRVF;CARILSDYYDSIGAFDYW_CSSYTSSSTPVVF;CARDRVAIMRGIKPNGMDVW_CQQLNSYPQTF;CARELTGDRDYW_CNSYTRSSTYVF;CARVNTMVRGLSTTKYYYPMDVW_CSSYTLSILIF;CARGGLPLGYCSGGSCSRRYYGMDVW_CSSYTSSSTLVVF;CARVEYGDYSGWFDPW_CSSYTSSSTWVF;CARGINYCSGGSCYYYYYYGMDVW_CSSYTSSSTLEGVF;CAREGPSRPAANYW_CSSYTSSSTEVF;CVRDQGSGGNYFDPW_CSSYTSSSLYVF;CARDDYYYDSSGYYPRFDYW_CSSYTSSSTLGVF;CARGSRYSYGDPCFDYW_CSSYTSSSTPVVVF;CARYYQDRFDYW_CSSYTSSSTLEVF;CARGPYDILTGSIYYYGMDVW_CSSYTSSSTLIF;CARDLGWSEGNYYYYGMDVW_CSSYTSSSTYVF;CAYDSSGYSLDYW_CQQYGSSPF;CARDQGTAAKPLDYW_CSSYTSSSTRVF;CARGGYSGYESDYW_CSSYTSSSTRVF;CARSSVGRQWPKGMDVW_CSSYTSSSTLAF;CAKDIRGRMATIMSW_CSSYTSSSTLVVF;CARVELHYYYYYGMDVW_CSSYTSSSTLF;CARGMIVVVMRYGMDVW_CSSYTSSSPVVF;CAKGILRYFDWHLEGMDVW_CSSYRNISTVF;CAKDIVSYSNYVLSNW_CSSYTSSSTQHVVF;CARHGSYLGYFQHW_CSSYTSSSTVVF;CAKDKGPDYYYGMDVW_CSSYTSSSTLYVF;CARSMVRGKYRAEYFQHW_CSSYTSSSTLNVVF;CATLSGMDVW_CSSYTSSSTLVVF;CAREGRPPRKPKNNWFDPW_CSSYAGSNNLVF;CARGYSYGPFDYW_CSSYTSSSTLVVF;CASPITTVTTRGAFDIW_CSSYTSSSTFYVF;CAETSYCSGGSCPMSEYGPVFDPW_CSSYTSSSTPWVF;CAKDCGEPWYNWNDGIGYW_CSSYTSSSTWVF;CARDSRLGGVDPW_CSSYTSSSTRVF;CAKAPGGYNWDNYHYYYFAMDVW_CSSYTSSSTLYVF	0	NA
22	30	CARDEGIAARTRGETHYYYYGMDVW_CQQYYSTPYTF;CAREPPDLTMVRTKGVRWFDPW_CQQYYSNPLTF;CARDEMVRRDGYNFAFDIW_CQQYYSTPPLTF;CAKDGIVFYGSGSYNDYW_CQQYYETPTF;CARVRGAFGEPPPYNWFDPW_CQSADSSGTYYVF;CARGGLYSSSWSVHSTFQHW_CQQYGSSPRTF;CARDLGARDGYNKFDYW_CQQYYSTPALTF;CAHTPGSGQKGSIYW_CQQYYSTPWTF;CARLGPYGSGSYSPVDYW_CQQYYSNPQAF;CARGAAAGTLDAFDIW_CQQYYSTPLTF;CAADRIRGSSANYDYGMDVW_CQQYYSLRTF;CTRGGGALGNW_CQQYYSIPWTF;CARGPGIYGDYGGGRPGYFDYW_CQQYYSTPPITF;CARGPSRSYNVYYFDYW_CQQYYSTGTF;CARGRGARYDYGYGLVPNYFDYW_CQQHSSSPPTF;CARGPMTTVATPRTQYFQFW_CQQYYSTPWTF;CSKDWAATGREIGYW_CQQYYRTPYTF;CARRDCSGGSTQSLPQRHLTCYYGMDVW_CQQYYSTLYTF;CARDQYSSGWYLGGWGYFDYW_CQQYYSTLRTF;CARGVVGHPHLIDFW_CQQYYHMGTF;CARQDCSGGSCYLDYW_CQVWDSSSDHPVF;CAKGYSSSWYYNYGMDVW_CQQYYSTPTF;CARDRYFGPW_CQQYYSTPWTF;CARITMIGGAFDIW_CQQYYSTPSITF;CVRGGSGTLSWYDSW_CQQYLSSPDTF;CTRDLLVNWNDPGLISYYNSFDVW_CQQYYNSPRTF;CARSDDNGDYVFNYW_CQQYYSTPPTF;CARELASHLGDYFDYW_CQQYYSTPPKTF;CARKARQWEVAIDSW_CHQYYTTPLF;CSVYDSSGYLYGAFDIW_CQQYYSTPLTF	20	44	CARDQEYSSGWDGPDYYYYYGMDVW_CQQSYSTPQTF;CARDDRFGGDTLGWFDPW_CQSYDSSLSGSGYVF;CAREGWGLGYCSSTSCYTGPFGYW_CQQYGSSPPYTF;CARDRLDGYNSFYYGMDVW_CQSYDSSLSGSVF;CARDAGRDGNEYYFDYW_CQQYNSYLYTF;CARDRGQWLVREEDYYYGMDVW_CQQYYSTPLTF;CARIWAVAADHSFDYW_CQQYNNWPPWTF;CARDKGATFDYW_CQQSYSTPYTF;CARDRWSLHIVGASPRGPSFDYW_CQQANSFPVTF;CASGSSDRYSSGWYWGYFDYW_CQAWDSSTVVF;CARAEIYGSGSKYYYYGMDVW_CQSADSSGTYYVF;CARGPDRFSGSYDNWFDPW_CQHTRAF;CARDIVRDFDWPGVGYW_CAAWDDSLNGYVF;CARGWSGYSSSLHPYYFDYW_CCSYAGSSTTLVF;CARDLYSGYSYGSAVYW_CQQRSNWPIF;CARESPFGGQSVAVGGTPDYW_CCSYAGSGTFVF;CARGPGYCSGGSCYGMFDYW_CQSADSSGTYVVF;CARGTRRDGYNLIYW_CQQYDNPPLTF;CARAVPARPEYCGGDCYIYYYGMDVW_CQSADSSGTYWVF;CVLYYGSGSYYRFDYW_CQSYDSSLSAVF;CARDSSSPATRHFDYW_CMQATQFPYTF;CARGRGRYYDSSGEW_CQQYNSYPYTF;CARESRPTVTTRTTSGMDVW_CLQHNSYPRTF;CARDIGYSSGWYWTPGVNYYYGMDVW_CQQYGSSPWTF;CARDRGVGARHFDYW_CQQYNNWPPWTF;CGRAAISVLRKMPPTFW_CQQYGSSPYTF;CARETYYYDSSGYYGPHAFDIW_CLLSYSGARVF;CARDSEIFGSSWYSYFDYW_CQQYNSYSYTF;CARTYVWGEVDYYYYGMDVW_CLQHNSYPWTF;CARVYSYGYRYFDYW_CQQSYSTLWTF;CARDGGYSYGYAQGYYGMDVW_CQSADSSGTHVVF;CARDRSAERRGYFDYW_CNSRDSSGNHYVF;CARVKSGGSSSLRQDAFDIW_CQQRSNWPYTF;CAREDSSGWLEFPNWFDPW_CCSYAGSSTYVF;CAREGEQWLDGAFDYW_CQSADSSGTYKVF;CARDGGGWYGLVDYW_CQQYNNWPLTF;CARGNDAFDIW_CQQYNSYSGTF;CARDGKPSKTFDYW_CQQSYSTPLTF;CARDCGGPVTTTTNDAFDIW_CQQYYSYPRTF;CARDCDGGCDYW_CQSADSSGTYRVF;CARGGDYYYGMDVW_CQQYNNWPLTF;CARALSLGPRTYYYDSPQRGHDAFDIW_CQQSYSTSWTF;CARGETYYYDSSGYYWGYYFDYW_CQQYNSYPLTF;CARDQQWLGDFDYW_CSSYAGSNNLWVF	0	NA
22	30	CARDEGIAARTRGETHYYYYGMDVW_CQQYYSTPYTF;CAREPPDLTMVRTKGVRWFDPW_CQQYYSNPLTF;CARDEMVRRDGYNFAFDIW_CQQYYSTPPLTF;CAKDGIVFYGSGSYNDYW_CQQYYETPTF;CARVRGAFGEPPPYNWFDPW_CQSADSSGTYYVF;CARGGLYSSSWSVHSTFQHW_CQQYGSSPRTF;CARDLGARDGYNKFDYW_CQQYYSTPALTF;CAHTPGSGQKGSIYW_CQQYYSTPWTF;CARLGPYGSGSYSPVDYW_CQQYYSNPQAF;CARGAAAGTLDAFDIW_CQQYYSTPLTF;CAADRIRGSSANYDYGMDVW_CQQYYSLRTF;CTRGGGALGNW_CQQYYSIPWTF;CARGPGIYGDYGGGRPGYFDYW_CQQYYSTPPITF;CARGPSRSYNVYYFDYW_CQQYYSTGTF;CARGRGARYDYGYGLVPNYFDYW_CQQHSSSPPTF;CARGPMTTVATPRTQYFQFW_CQQYYSTPWTF;CSKDWAATGREIGYW_CQQYYRTPYTF;CARRDCSGGSTQSLPQRHLTCYYGMDVW_CQQYYSTLYTF;CARDQYSSGWYLGGWGYFDYW_CQQYYSTLRTF;CARGVVGHPHLIDFW_CQQYYHMGTF;CARQDCSGGSCYLDYW_CQVWDSSSDHPVF;CAKGYSSSWYYNYGMDVW_CQQYYSTPTF;CARDRYFGPW_CQQYYSTPWTF;CARITMIGGAFDIW_CQQYYSTPSITF;CVRGGSGTLSWYDSW_CQQYLSSPDTF;CTRDLLVNWNDPGLISYYNSFDVW_CQQYYNSPRTF;CARSDDNGDYVFNYW_CQQYYSTPPTF;CARELASHLGDYFDYW_CQQYYSTPPKTF;CARKARQWEVAIDSW_CHQYYTTPLF;CSVYDSSGYLYGAFDIW_CQQYYSTPLTF	21	37	CARDRDGAFAIW_CAIWYSNTHVIF;CASRVHGLVTVTTGGAFDIW_CQQYYSYPPAF;CARGGDPTWFDPW_CCSYAGSSIVVF;CARAGAVARGYFDYW_CQQYYSFPPTF;CARGRGAAAGTSILNYW_CQQYYSTPLGF;CARGGRVWSQATPTKNWFDPW_CQQYNNWPPWTF;CARKSGPPQYRYFDYW_CQQSYSTPLHF;CARGVGGCSSTSCYTRGYYGMDVW_CQQANSFLTF;CARGVRVAPIDYW_CAAWDDSLWVF;CARGPVYYYGSGSYYYFDYW_CLQDYNYPFTF;CARGTRGRSSGYYSNW_CQQYNNWPPYTF;CARGRSSGYYPHFDYW_CNSRDSSGNHYVF;CARGGRYCSGGSCYNWFDPW_CLQDYNYPWTF;CARVDNVWTTWGYW_CQQSYSTPPTF;CARDRVHDYVWGSYRDLDYW_CQQSYSTLMYTF;CARGPIVVVIAASPYYYYGMDVW_CQQRSNWPPGCTF;CARRYSYGYKRLSGWIWYFDLW_CAAWDDSLNGYVF;CASSGWFDPW_CAAWDDSLSGRVF;CARSLGPEFYYFDYW_CQQSYSTPWTF;CARGMGSSSWYPNTKLVNWFDPW_CQQYYSTPPTF;CARGEYGDYAFDYW_CAAWDDSLNGYVF;CARGTIAVAGKRYYYFDYW_CQVWDSSSDHHVVF;CARALYYDILTGYYPRYYFDYW_CQQLNSYPITF;CARGSGYYVGSYFDYW_CNSRDSSGNHPPVVF;CARDLPAVYYYGMDVW_CQQSYSTLFTF;CARGNTRLRGYSYGLQMARGGYGMDVW_CQQYGSSPGTF;CASSAPPYGHFDYW_CNSRDSSGNHVVF;CARSVTGTMGIYYYGMDVW_CQQYGSSRGTF;CARGRGYYGSGSYFSFSYYYGMDVW_CAAWDDSLNGQVF;CARDRRGYSYGYPWFDPW_CNSRDSSGNHRVF;CARGRVYGDYVFWFDPW_CQQSYSTPLTF;CARAYGMDVW_CQKYNSAPYTF;CARGTRGRSSGYYSNW_CQQYNNWPPYTF;CASLERVRRFYYYYGMDVW_CLLYYGGARVF;CARYNWNLNFDYW_CAAWDDSLNANYVF;CSIHPYYYDSSSHSEYFQHW_CQQYDNLPPAF;CARGSPYCSGGSCYLNWFDPW_CQQYYSYPRTF	0	NA
