genes;avg_log2FC;p_val;adj.P.Val;pct.1;pct.2;tested_cluster;control_cluster;min.pct
LEF1;1,97576712270288;0;0;0,941;0,245;0;All_Others;0,75
CD3E;1,5647015245003;0;0;0,997;0,349;0;All_Others;0,75
TCF7;1,73858694765365;0;0;0,974;0,33;0;All_Others;0,75
CCR7;1,89372202845111;0;0;0,932;0,294;0;All_Others;0,75
CD3D;1,54686473995059;0;0;0,948;0,314;0;All_Others;0,75
IL7R;0,935743434109058;0;0;0,942;0,335;0;All_Others;0,75
CD7;1,20957998113947;0;0;0,917;0,338;0;All_Others;0,75
CD27;1,65615695740025;0;0;0,831;0,259;0;All_Others;0,75
CD3G;1,45505746951393;0;0;0,86;0,293;0;All_Others;0,75
IFITM1;0,949099292191268;0;0;0,992;0,433;0;All_Others;0,75
LCK;1,27860061004589;0;0;0,904;0,363;0;All_Others;0,75
LDLRAP1;1,87533792511911;0;0;0,76;0,234;0;All_Others;0,75
CAMK4;1,44098803063779;0;0;0,751;0,231;0;All_Others;0,75
PIK3IP1;1,57273016532334;0;0;0,793;0,284;0;All_Others;0,75
NOSIP;1,32024868793333;0;0;0,915;0,485;0;All_Others;0,75
NPM1;1,1878849150123;0;0;0,999;0,792;0;All_Others;0,75
SARAF;1,17469347889885;0;0;0,999;0,809;0;All_Others;0,75
RPSA;0,928725309368012;0;0;1;0,872;0;All_Others;0,75
EEF1B2;1,10756381802377;0;0;1;0,898;0;All_Others;0,75
RPS5;1,07400068665197;0;0;1;0,912;0;All_Others;0,75
RPL22;0,805544305375612;0;0;1;0,926;0;All_Others;0,75
RPL38;0,754541740612667;0;0;0,999;0,928;0;All_Others;0,75
RPL10A;0,88008035767877;0;0;1;0,933;0;All_Others;0,75
RPS29;0,887867876233277;0;0;1;0,936;0;All_Others;0,75
RPL4;0,730052748173497;0;0;1;0,938;0;All_Others;0,75
RPL3;0,993644127824765;0;0;1;0,94;0;All_Others;0,75
RPL24;0,676362036730223;0;0;1;0,954;0;All_Others;0,75
RPS25;1,03474510311375;0;0;1;0,955;0;All_Others;0,75
RPS16;0,772079880357347;0;0;1;0,956;0;All_Others;0,75
RPS27;0,965686584934809;0;0;1;0,963;0;All_Others;0,75
RPL5;0,88901406641035;0;0;1;0,965;0;All_Others;0,75
RPS6;0,924337999329025;0;0;1;0,965;0;All_Others;0,75
RPL14;0,940450774952034;0;0;1;0,967;0;All_Others;0,75
NACA;0,661561540513373;0;0;1;0,968;0;All_Others;0,75
RPL29;0,708911757427816;0;0;1;0,969;0;All_Others;0,75
RPS18;0,904290950100743;0;0;1;0,97;0;All_Others;0,75
RPL36;0,762175972915682;0;0;1;0,971;0;All_Others;0,75
RPS4X;0,875894483232407;0;0;1;0,971;0;All_Others;0,75
RPL6;0,602326391937988;0;0;1;0,973;0;All_Others;0,75
RPL18A;0,67912317749053;0;0;1;0,974;0;All_Others;0,75
RPS19;0,682449395527007;0;0;1;0,974;0;All_Others;0,75
RPS23;0,825343906906767;0;0;1;0,976;0;All_Others;0,75
RPLP2;0,610261497582802;0;0;1;0,977;0;All_Others;0,75
RPS3;0,972445631019945;0;0;1;0,977;0;All_Others;0,75
RPL12;0,634833877848751;0;0;1;0,977;0;All_Others;0,75
RPL35A;0,79257843583094;0;0;1;0,978;0;All_Others;0,75
RPS3A;1,00734099134184;0;0;1;0,978;0;All_Others;0,75
RPS13;0,75301003982154;0;0;1;0,979;0;All_Others;0,75
RPS14;0,900675465523375;0;0;1;0,98;0;All_Others;0,75
RPL18;0,728756316960619;0;0;1;0,98;0;All_Others;0,75
RPS15A;0,954627850528089;0;0;1;0,981;0;All_Others;0,75
RPL37;0,746596572203615;0;0;1;0,981;0;All_Others;0,75
RPL30;0,907123768177295;0;0;1;0,982;0;All_Others;0,75
RPS27A;0,9110613190447;0;0;1;0,982;0;All_Others;0,75
RPS21;0,850474768172626;0;0;1;0,982;0;All_Others;0,75
RPL39;0,663569189653482;0;0;1;0,983;0;All_Others;0,75
RPS15;0,653933435364761;0;0;1;0,983;0;All_Others;0,75
RPL34;0,813658467541442;0;0;1;0,984;0;All_Others;0,75
RPL32;0,947600824392111;0;0;1;0,984;0;All_Others;0,75
RPS12;1,06063238404867;0;0;1;0,984;0;All_Others;0,75
RPL19;0,80858920510399;0;0;1;0,984;0;All_Others;0,75
RPS8;0,785357527339852;0;0;1;0,985;0;All_Others;0,75
TPT1;0,648989977369117;0;0;1;0,985;0;All_Others;0,75
RPL28;0,633757561174349;0;0;1;0,986;0;All_Others;0,75
RPS28;0,722204700597352;0;0;1;0,986;0;All_Others;0,75
RPL10;0,853402305907726;0;0;1;0,986;0;All_Others;0,75
EEF1A1;0,697524802318487;0;0;1;0,987;0;All_Others;0,75
RPL41;0,623058764163702;0;0;1;0,987;0;All_Others;0,75
RPL13;0,820447385357606;0;0;1;0,988;0;All_Others;0,75
RPL11;0,755495982649779;0;0;1;0,988;0;All_Others;0,75
RPS4Y1;0,869762459184191;2,96439387504748e-323;5,38393215586123e-319;0,998;0,872;0;All_Others;0,75
RPL8;0,576601915527135;2,37151510003798e-322;4,30714572468899e-318;1;0,978;0;All_Others;0,75
RPS7;0,550815195278691;3,36193832272628e-315;6,10595238173547e-311;1;0,977;0;All_Others;0,75
RPS2P5;0,822960772130807;4,51041048383737e-311;8,19180752074542e-307;0,997;0,856;0;All_Others;0,75
RACK1;0,597588499966037;8,67679742214859e-309;1,57587994781063e-304;1;0,964;0;All_Others;0,75
LEPROTL1;1,32931811944904;3,88596978346855e-304;7,05769832073557e-300;0,845;0,424;0;All_Others;0,75
C12orf57;1,11386871839787;2,884038224534e-300;5,23799022339866e-296;0,968;0,625;0;All_Others;0,75
RPLP0;0,657816047815275;1,92073979115966e-297;3,48844760870417e-293;1;0,964;0;All_Others;0,75
LAT;1,26814875773363;1,49249417673675e-296;2,71066792378928e-292;0,807;0,318;0;All_Others;0,75
RPL7A;0,596648473685837;5,53786412271101e-288;1,00578688196677e-283;1;0,954;0;All_Others;0,75
TOMM7;0,732287910605375;2,00013523142219e-277;3,63264560730899e-273;0,998;0,909;0;All_Others;0,75
GYPC;1,27348776895177;1,55684186502705e-276;2,82753619526212e-272;0,859;0,444;0;All_Others;0,75
RGS10;1,11657960078771;8,4918931714872e-275;1,54229763780551e-270;0,86;0,466;0;All_Others;0,75
IL32;0,784414590182878;5,84734725477581e-273;1,06199520841238e-268;0,982;0,382;0;All_Others;0,75
NDFIP1;1,20290172093435;6,10244593123282e-273;1,1083262300305e-268;0,882;0,516;0;All_Others;0,75
RPS9;0,523118253842041;7,17137714450381e-272;1,30246551698478e-267;1;0,966;0;All_Others;0,75
SELL;0,937503971586847;8,37628596598825e-272;1,52130105714279e-267;0,985;0,644;0;All_Others;0,75
RPL31;0,665381793828328;4,20956363074103e-270;7,64540946615185e-266;0,999;0,924;0;All_Others;0,75
EEF1D;0,621022653551437;7,0160600057482e-268;1,27425681824399e-263;1;0,958;0;All_Others;0,75
GIMAP7;0,977855208553881;2,60659525225157e-259;4,73409829713929e-255;0,969;0,65;0;All_Others;0,75
RPL37A;0,538434034665939;1,88975913181095e-258;3,43218053519505e-254;1;0,959;0;All_Others;0,75
RPS2;0,547488302394401;1,25252628075401e-253;2,27483823110543e-249;1;0,959;0;All_Others;0,75
HSPA8;0,818181784536898;8,84430757762979e-253;1,60630314224912e-248;0,996;0,769;0;All_Others;0,75
TLE5;0,834830156419295;3,05717526307118e-243;5,55244171278988e-239;0,993;0,726;0;All_Others;0,75
LBH;1,10143612359529;4,87959073698008e-230;8,86231269650322e-226;0,814;0,373;0;All_Others;0,75
NOP53;0,851407681525598;6,277513422306e-226;1,14012198775922e-221;0,965;0,721;0;All_Others;0,75
ETS1;0,924937919686026;8,78149311161875e-225;1,5948947789322e-220;0,899;0,451;0;All_Others;0,75
BTG1;0,679727020565836;2,32921806517617e-222;4,23032584997296e-218;0,997;0,908;0;All_Others;0,75
EIF3E;0,920802976278906;4,95730363936726e-219;9,00345486981881e-215;0,945;0,691;0;All_Others;0,75
EVL;0,850614929087376;7,781525357718e-215;1,41328063546874e-210;0,945;0,551;0;All_Others;0,75
EEF2;0,561552278973723;8,96866246906504e-214;1,62888847763159e-209;1;0,94;0;All_Others;0,75
RPL27;0,562276659055484;6,19100824170306e-212;1,12441091685811e-207;0,999;0,933;0;All_Others;0,75
RPL13A;0,561091114120013;2,36674844148879e-209;4,29848851943195e-205;0,999;0,938;0;All_Others;0,75
BTF3;0,570736162287416;1,22937873981273e-199;2,23279766724787e-195;0,999;0,92;0;All_Others;0,75
LTB;0,648604330874299;3,58367577091396e-195;6,50867193513394e-191;0,986;0,542;0;All_Others;0,75
CD247;0,559994034798274;2,92403249170469e-183;5,31062781143406e-179;0,763;0,323;0;All_Others;0,75
RPS20;0,699743585668725;2,99738833916646e-180;5,44385670159413e-176;0,983;0,807;0;All_Others;0,75
RPL21;0,817815258018943;1,33295482999344e-171;2,42091256223409e-167;0,911;0,676;0;All_Others;0,75
TMEM123;0,919370947475764;4,56757724694466e-171;8,2956337959009e-167;0,842;0,523;0;All_Others;0,75
RPL23A;0,593036572375685;1,05013215038031e-170;1,90725001152073e-166;0,995;0,871;0;All_Others;0,75
SNRPD2;0,697339233443137;7,11508018887165e-170;1,29224086390287e-165;0,971;0,793;0;All_Others;0,75
COX7C;0,546462396803275;6,28515670071902e-164;1,14151015998459e-159;0,993;0,906;0;All_Others;0,75
FCMR;0,714394238305388;1,29723355133943e-161;2,35603557594267e-157;0,827;0,411;0;All_Others;0,75
UQCRB;0,612030399017414;1,32497484570777e-150;2,40641931477445e-146;0,987;0,845;0;All_Others;0,75
HINT1;0,593731131274855;3,33850108365179e-146;6,06338566812839e-142;0,986;0,839;0;All_Others;0,75
ST13;0,81473936708642;1,26082375239374e-138;2,2899080990975e-134;0,848;0,569;0;All_Others;0,75
SEPTIN1;0,877773579247057;1,40023919862126e-137;2,54311443253592e-133;0,764;0,43;0;All_Others;0,75
ANP32B;0,752939096802988;1,41444927751992e-134;2,56892277783167e-130;0,894;0,675;0;All_Others;0,75
HSP90AB1;0,616936802725716;4,52222359389539e-133;8,21326249123282e-129;0,96;0,773;0;All_Others;0,75
PRMT2;0,780338869755187;1,52243988969038e-131;2,76505532765567e-127;0,798;0,502;0;All_Others;0,75
SOD1;0,782318095873349;1,84682974449365e-128;3,35421218194936e-124;0,84;0,558;0;All_Others;0,75
UXT;0,725907672762524;7,99157996270156e-121;1,45143075282586e-116;0,871;0,643;0;All_Others;0,75
RBL2;0,745249990110559;1,81406878993225e-116;3,29471173627495e-112;0,754;0,465;0;All_Others;0,75
MZT2B;0,653493423015314;5,10816389328072e-112;9,27744726297645e-108;0,906;0,688;0;All_Others;0,75
TBC1D10C;0,640055875533855;2,68277577093402e-111;4,87245735517037e-107;0,805;0,489;0;All_Others;0,75
TRAF3IP3;0,541669754002708;8,5059959622218e-107;1,54485898665872e-102;0,917;0,691;0;All_Others;0,75
SUN2;0,616744316761656;7,72448398296557e-106;1,40292078098621e-101;0,816;0,543;0;All_Others;0,75
EIF3H;0,603618145196803;5,76456442125569e-103;1,04696019018846e-98;0,937;0,74;0;All_Others;0,75
H4C3;0,616133555503747;3,90518855138421e-102;7,09260344702401e-98;0,888;0,657;0;All_Others;0,75
RPS26;0,591428296579504;9,42306187101067e-102;1,71141649701296e-97;0,91;0,722;0;All_Others;0,75
EIF4B;0,617079545902224;4,07657800199925e-99;7,40388096723103e-95;0,888;0,683;0;All_Others;0,75
EIF4A2;0,613772303976226;6,55075599966405e-94;1,18974830465898e-89;0,83;0,577;0;All_Others;0,75
LINC00869;0,623138507907638;2,00892739107705e-89;3,64861392767414e-85;0,785;0,538;0;All_Others;0,75
CNN2;0,591995587267125;6,15890719291865e-88;1,11858072437788e-83;0,865;0,64;0;All_Others;0,75
SSR2;0,526399445294336;5,44618645324396e-84;9,89136383638168e-80;0,899;0,696;0;All_Others;0,75
EIF3L;0,500959974864545;1,00775319405866e-77;1,83028135104934e-73;0,925;0,756;0;All_Others;0,75
HMGN1;0,527631100531133;4,99893239741599e-71;9,07906102018692e-67;0,825;0,582;0;All_Others;0,75
SMDT1;0,51413358926803;1,85613527633203e-68;3,37111288887424e-64;0,88;0,696;0;All_Others;0,75
RSL1D1;0,585525368451335;5,7086448973376e-65;1,03680408625445e-60;0,783;0,582;0;All_Others;0,75
ADD3;0,536574051730858;8,55381883550973e-65;1,55354457690528e-60;0,761;0,55;0;All_Others;0,75
RPL36A;0,531292878772944;6,25240198421061e-64;1,13556124837233e-59;0,826;0,638;0;All_Others;0,75
C19orf53;0,546347387752208;1,34250066747338e-57;2,43824971226515e-53;0,753;0,559;0;All_Others;0,75
NSA2;0,530742067117358;1,97318923074112e-54;3,58370628087203e-50;0,764;0,577;0;All_Others;0,75
S100A12;2,71454623376848;0;0;0,976;0,207;1;All_Others;0,75
FCN1;2,18713031063135;0;0;0,988;0,247;1;All_Others;0,75
VCAN;2,51309057857803;0;0;0,983;0,245;1;All_Others;0,75
MNDA;2,38369590338275;0;0;0,973;0,247;1;All_Others;0,75
LYZ;2,27310113746775;0;0;1;0,284;1;All_Others;0,75
CST3;1,59805000825018;0;0;0,999;0,285;1;All_Others;0,75
S100A9;2,93601172499755;0;0;1;0,286;1;All_Others;0,75
S100A8;2,62520498034821;0;0;1;0,292;1;All_Others;0,75
CSF3R;2,34220956210786;0;0;0,896;0,213;1;All_Others;0,75
CD14;2,39301739467726;0;0;0,884;0,201;1;All_Others;0,75
CSTA;2,35975575597002;0;0;0,895;0,213;1;All_Others;0,75
SERPINA1;1,94275680114716;0;0;0,902;0,221;1;All_Others;0,75
TYROBP;1,90894072471126;0;0;0,999;0,322;1;All_Others;0,75
LST1;1,81951057833087;0;0;0,94;0,285;1;All_Others;0,75
CD36;2,30279445214542;0;0;0,864;0,21;1;All_Others;0,75
CEBPD;2,10402427028181;0;0;0,965;0,316;1;All_Others;0,75
SPI1;1,91571585934211;0;0;0,937;0,294;1;All_Others;0,75
CTSD;2,49394673899258;0;0;0,836;0,199;1;All_Others;0,75
FCER1G;1,43885227692694;0;0;0,958;0,327;1;All_Others;0,75
MS4A6A;1,95457005525038;0;0;0,834;0,205;1;All_Others;0,75
CFD;1,97597621887134;0;0;0,841;0,215;1;All_Others;0,75
TYMP;1,96768726596752;0;0;0,95;0,327;1;All_Others;0,75
TNFAIP2;1,99511301203488;0;0;0,832;0,214;1;All_Others;0,75
NCF2;2,19306712913692;0;0;0,813;0,21;1;All_Others;0,75
CYBB;1,92962254887904;0;0;0,902;0,302;1;All_Others;0,75
FPR1;2,32054247442827;0;0;0,777;0,183;1;All_Others;0,75
CD68;1,92977751170536;0;0;0,815;0,223;1;All_Others;0,75
RGS2;2,49124982569441;0;0;0,76;0,172;1;All_Others;0,75
LGALS1;1,85072271933865;0;0;0,974;0,39;1;All_Others;0,75
LGALS3;1,86925939137274;0;0;0,834;0,256;1;All_Others;0,75
STXBP2;2,19296809460067;0;0;0,84;0,262;1;All_Others;0,75
LILRB2;1,82519763971237;0;0;0,783;0,206;1;All_Others;0,75
LRP1;2,06057908188998;0;0;0,752;0,182;1;All_Others;0,75
GRN;1,93978294360289;0;0;0,869;0,307;1;All_Others;0,75
MPEG1;1,97824703270513;0;0;0,787;0,227;1;All_Others;0,75
AIF1;1,75547128657814;0;0;0,989;0,439;1;All_Others;0,75
APLP2;2,0152109175853;0;0;0,879;0,336;1;All_Others;0,75
BLVRB;2,13693553973223;0;0;0,793;0,251;1;All_Others;0,75
PGD;2,17091705340544;0;0;0,806;0,294;1;All_Others;0,75
RNF130;1,77858502688449;0;0;0,824;0,318;1;All_Others;0,75
FOSB;1,94047326831583;0;0;0,83;0,345;1;All_Others;0,75
CTSS;1,88781529275887;0;0;0,991;0,514;1;All_Others;0,75
PYCARD;1,75813804945611;0;0;0,892;0,416;1;All_Others;0,75
BRI3;1,79175599460537;0;0;0,917;0,461;1;All_Others;0,75
FOS;2,24702237715183;0;0;0,998;0,542;1;All_Others;0,75
GPX1;1,70544214850716;0;0;0,995;0,59;1;All_Others;0,75
DUSP1;1,85494110118148;0;0;0,967;0,564;1;All_Others;0,75
TALDO1;1,80969690187302;0;0;0,936;0,539;1;All_Others;0,75
S100A11;1,77667231272442;0;0;0,996;0,606;1;All_Others;0,75
GSTP1;1,58261097396654;0;0;0,965;0,595;1;All_Others;0,75
TKT;1,66431308449223;0;0;0,925;0,593;1;All_Others;0,75
TSPO;1,84177904832956;0;0;0,982;0,658;1;All_Others;0,75
PSAP;1,53675234280727;0;0;0,986;0,673;1;All_Others;0,75
COTL1;1,3046933624916;0;0;0,984;0,709;1;All_Others;0,75
S100A4;1,64015613656097;0;0;1;0,761;1;All_Others;0,75
S100A10;1,36148495334547;0;0;0,983;0,801;1;All_Others;0,75
S100A6;1,90381417114687;0;0;1;0,88;1;All_Others;0,75
GAPDH;1,29748746529829;0;0;0,992;0,919;1;All_Others;0,75
OAZ1;1,1065400775361;0;0;0,991;0,933;1;All_Others;0,75
ATP5F1E;0,871223251686857;0;0;1;0,969;1;All_Others;0,75
FTL;1,6381691455217;0;0;1;0,975;1;All_Others;0,75
FTH1;1,17307274125902;0;0;1;0,978;1;All_Others;0,75
FGR;1,66872838574386;2,96439387504748e-323;5,38393215586123e-319;0,847;0,305;1;All_Others;0,75
SH3BGRL3;1,01285431325547;5,92878775009496e-323;1,07678643117225e-318;0,996;0,951;1;All_Others;0,75
MYO1F;1,76092818349064;2,4141737519478e-311;4,3846223682876e-307;0,823;0,325;1;All_Others;0,75
CAPG;1,80311685453545;7,24240503393754e-299;1,31536560226374e-294;0,764;0,278;1;All_Others;0,75
AHNAK;1,4252331925471;7,18297086004541e-298;1,30457116760145e-293;0,947;0,535;1;All_Others;0,75
GABARAP;1,19538411069947;2,93423816883531e-285;5,32916336223869e-281;0,969;0,848;1;All_Others;0,75
ANXA5;1,5870303275253;4,3739275073424e-285;7,94392713883526e-281;0,837;0,338;1;All_Others;0,75
SAT1;1,31618237845197;5,87269245733619e-285;1,0665984041014e-280;0,934;0,551;1;All_Others;0,75
AP1S2;1,73806508462291;2,71358199934943e-280;4,92840762721843e-276;0,801;0,359;1;All_Others;0,75
ZEB2;1,58095653947166;2,46496310475365e-277;4,47686599085358e-273;0,79;0,294;1;All_Others;0,75
JAML;1,65410072714792;2,30986776735556e-265;4,19518183907117e-261;0,799;0,332;1;All_Others;0,75
ANXA2;1,49956734244228;5,03858857868248e-265;9,15108457660311e-261;0,834;0,377;1;All_Others;0,75
CDC42EP3;1,85158394124982;1,95965746188694e-263;3,55912988227907e-259;0,764;0,338;1;All_Others;0,75
SERF2;0,797462102629747;2,97353278503545e-263;5,40053024418138e-259;0,996;0,97;1;All_Others;0,75
VIM;0,912624173653663;3,44773479890498e-261;6,26177594177123e-257;0,994;0,93;1;All_Others;0,75
C4orf48;1,74109929090703;1,04815066781875e-259;1,90365124289242e-255;0,772;0,334;1;All_Others;0,75
IL17RA;1,60693744497097;1,8812011705742e-256;3,41663756599686e-252;0,793;0,383;1;All_Others;0,75
ELOB;1,15855818100789;2,44150491579306e-255;4,43426122806336e-251;0,956;0,822;1;All_Others;0,75
FGF23;1,43103324922961;1,37926073479673e-247;2,50501334653782e-243;0,89;0,575;1;All_Others;0,75
CTSB;1,5399079093073;3,19208903684269e-244;5,79747210871369e-240;0,787;0,358;1;All_Others;0,75
H3-3A;0,9665715918253;1,57590182282736e-242;2,86215289061905e-238;0,97;0,869;1;All_Others;0,75
SERPINB1;1,46889766722439;1,60234807534673e-241;2,91018457444473e-237;0,846;0,53;1;All_Others;0,75
ITGB2;1,04599713540763;2,22535252777108e-241;4,04168526093783e-237;0,96;0,78;1;All_Others;0,75
FCGRT;1,59034196848589;4,14756128507551e-240;7,53280080595415e-236;0,77;0,341;1;All_Others;0,75
MYL6;0,828258654527308;7,95828386893326e-239;1,44538351627566e-234;0,987;0,939;1;All_Others;0,75
CYBA;0,884441170262597;4,25707956533495e-232;7,73170790656134e-228;0,986;0,914;1;All_Others;0,75
KLF6;1,27012025227922;4,46330792663152e-232;8,10625985634817e-228;0,927;0,655;1;All_Others;0,75
SRGN;1,05970148846067;5,43690386992381e-218;9,87450480855563e-214;0,924;0,623;1;All_Others;0,75
PKM;1,12965013012325;1,58747925424848e-217;2,88317982156609e-213;0,897;0,718;1;All_Others;0,75
LAMTOR4;1,2043179974278;6,71941442084735e-210;1,2203800471143e-205;0,908;0,66;1;All_Others;0,75
EFHD2;1,10938785663847;8,66352090849006e-206;1,57346866739996e-201;0,847;0,42;1;All_Others;0,75
ATP6V0B;1,41669664572404;2,27587852924108e-198;4,13345058480764e-194;0,812;0,467;1;All_Others;0,75
CTSZ;1,3598794071533;6,79652577901464e-198;1,23438501198464e-193;0,767;0,352;1;All_Others;0,75
GNAI2;0,95255768197134;7,87846913488425e-195;1,43088756427768e-190;0,934;0,815;1;All_Others;0,75
RAC1;1,17617463969975;1,93333353859469e-193;3,51132037279567e-189;0,876;0,605;1;All_Others;0,75
WDR74;1,56984148096256;2,38301713589299e-188;4,32803572220885e-184;0,786;0,472;1;All_Others;0,75
AP2S1;1,30006971348284;7,95752603683795e-185;1,44524587881051e-180;0,802;0,466;1;All_Others;0,75
LSP1;0,85257052146409;8,23462343471157e-185;1,49557230821232e-180;0,957;0,877;1;All_Others;0,75
CAST;1,18677031241081;1,08769538731337e-181;1,97547236243854e-177;0,855;0,571;1;All_Others;0,75
AL359976.1;1,42342968058329;1,85504767367708e-179;3,36913758493232e-175;0,764;0,415;1;All_Others;0,75
VSIR;1,1830156439955;4,19427718620995e-179;7,61764622559452e-175;0,857;0,593;1;All_Others;0,75
LTA4H;1,33665974369521;4,11967557737382e-174;7,48215478362634e-170;0,781;0,488;1;All_Others;0,75
CARD16;1,32442298455463;8,8082524527524e-174;1,59975481046889e-169;0,771;0,434;1;All_Others;0,75
MT-ND1;0,570572191797539;1,90979305595236e-171;3,46856614822068e-167;0,998;0,995;1;All_Others;0,75
TLN1;1,0026320241505;2,58123253728873e-171;4,68803453422379e-167;0,853;0,536;1;All_Others;0,75
FLNA;0,989021667921258;3,92118811238103e-168;7,12166184970644e-164;0,876;0,579;1;All_Others;0,75
LRRFIP1;1,00787522877491;2,37112239623168e-160;4,30643249603598e-156;0,899;0,681;1;All_Others;0,75
ATP5MPL;1,08848732266552;2,84296051505891e-160;5,16338488745e-156;0,844;0,675;1;All_Others;0,75
IQGAP1;1,15481378549589;1,05894588592088e-157;1,9232575180095e-153;0,816;0,501;1;All_Others;0,75
ALDOA;1,10033013502558;1,19486985510242e-156;2,17012263083701e-152;0,845;0,651;1;All_Others;0,75
MT-ND4;0,566969910218464;1,19184639233174e-149;2,16463141775291e-145;0,995;0,991;1;All_Others;0,75
MCL1;1,14779181111899;7,67689605673573e-148;1,39427786182434e-143;0,831;0,609;1;All_Others;0,75
ANXA1;0,981116631652596;6,06833171611106e-147;1,10213040628009e-142;0,868;0,578;1;All_Others;0,75
ARPC1B;1,11072860655421;3,44400575985088e-143;6,25500326104117e-139;0,812;0,545;1;All_Others;0,75
LAMTOR1;1,18298342880625;4,51919650633469e-141;8,20776469480507e-137;0,753;0,478;1;All_Others;0,75
UQCR11;0,830757097891325;1,30360296899626e-138;2,367603712291e-134;0,923;0,825;1;All_Others;0,75
COX8A;0,958836471349948;1,14236494743048e-132;2,07476321752324e-128;0,859;0,668;1;All_Others;0,75
GNG5;1,00206762283336;1,82209450450726e-131;3,30928803908609e-127;0,836;0,618;1;All_Others;0,75
MT-ND2;0,537663445116852;7,01833814095507e-128;1,27467057316026e-123;0,994;0,983;1;All_Others;0,75
GRB2;1,0521471551502;4,17914590951511e-126;7,59016480086134e-122;0,789;0,551;1;All_Others;0,75
CNPY3;1,10276146336691;9,05015098643068e-124;1,64368842215554e-119;0,757;0,481;1;All_Others;0,75
TPM3;0,729250975220756;9,8524054449327e-124;1,78939387690868e-119;0,931;0,851;1;All_Others;0,75
IER2;0,874692390932204;2,27755929957679e-120;4,13650319989137e-116;0,95;0,821;1;All_Others;0,75
LCP1;0,736649411944807;7,2185553595754e-118;1,31103402440608e-113;0,915;0,793;1;All_Others;0,75
RHOG;1,03150944261386;2,19304526027726e-116;3,98300880171555e-112;0,781;0,544;1;All_Others;0,75
ENO1;0,869662363076875;4,17213791066185e-114;7,57743687334406e-110;0,858;0,732;1;All_Others;0,75
ARPC3;0,658478884344829;1,02519646240919e-112;1,86196181502757e-108;0,952;0,892;1;All_Others;0,75
NDUFB1;0,999992868861892;5,318384048716e-111;9,659249109278e-107;0,798;0,573;1;All_Others;0,75
CLIC1;0,750396654343979;5,10202582721337e-109;9,26629930738493e-105;0,896;0,671;1;All_Others;0,75
ZFP36;0,85025790919941;3,84503354080453e-108;6,98334991680918e-104;0,873;0,786;1;All_Others;0,75
TPI1;0,875187397318014;2,08064946669357e-104;3,77887556140887e-100;0,831;0,654;1;All_Others;0,75
GNB2;0,905714919569666;2,52607036694468e-100;4,58784900044493e-96;0,805;0,641;1;All_Others;0,75
FKBP1A;0,903002160998194;7,30294613582093e-100;1,3263610771878e-95;0,77;0,59;1;All_Others;0,75
VAMP8;0,816183140778113;2,47531144242126e-99;4,4956606417255e-95;0,831;0,655;1;All_Others;0,75
C1orf162;0,927140822544167;5,68128215179496e-98;1,031834464409e-93;0,77;0,511;1;All_Others;0,75
ZYX;0,843472518769702;8,30842964486744e-94;1,50897699210082e-89;0,793;0,585;1;All_Others;0,75
COX6B1;0,652152760940389;7,97855579375008e-87;1,44906530326089e-82;0,901;0,833;1;All_Others;0,75
SERP1;0,684375161622219;1,83192376417784e-86;3,3271399404998e-82;0,9;0,819;1;All_Others;0,75
UQCRQ;0,906643189503758;9,91512036109423e-84;1,80078415998193e-79;0,769;0,601;1;All_Others;0,75
ARPC5;0,704012252169602;1,85032651812313e-80;3,36056302221523e-76;0,855;0,757;1;All_Others;0,75
POLR2L;0,758182946640747;1,01642570511742e-77;1,84603236563426e-73;0,81;0,667;1;All_Others;0,75
EMP3;0,556984269400806;3,93387588080627e-77;7,14470537472034e-73;0,933;0,861;1;All_Others;0,75
SAMHD1;0,6488329725484;2,80532016772498e-74;5,09502248862211e-70;0,834;0,657;1;All_Others;0,75
SRRM2;0,745217044458538;1,72325187952035e-73;3,12977006358487e-69;0,825;0,685;1;All_Others;0,75
ACTR2;0,743943490160583;5,56937349135768e-66;1,01150961350038e-61;0,77;0,62;1;All_Others;0,75
JUN;0,664287151345437;6,30448218829478e-66;1,1450200550381e-61;0,895;0,807;1;All_Others;0,75
COX5B;0,639060716908553;1,18528716258091e-65;2,15271854467946e-61;0,847;0,777;1;All_Others;0,75
SEC61B;0,675376411702551;6,96154383225818e-59;1,26435559081473e-54;0,754;0,624;1;All_Others;0,75
ATP5ME;0,699964938452952;5,33874349904078e-56;9,69622594295787e-52;0,794;0,686;1;All_Others;0,75
ATP5MF;0,668030598530224;7,94384395818055e-55;1,44276093968475e-50;0,778;0,683;1;All_Others;0,75
MSN;0,585039855889286;2,90820645526751e-54;5,28188456405685e-50;0,799;0,677;1;All_Others;0,75
NDUFA1;0,617802337878494;2,30604044540835e-50;4,18823065695065e-46;0,816;0,748;1;All_Others;0,75
GPX4;0,516797604900979;1,34622198761529e-40;2,44500837390689e-36;0,818;0,757;1;All_Others;0,75
HIGD2A;0,556145176293614;5,38587620938561e-40;9,78182837148614e-36;0,825;0,733;1;All_Others;0,75
PSMA7;0,50576939336104;1,974404391215e-28;3,58591325532469e-24;0,756;0,699;1;All_Others;0,75
H1-10;0,572056558539679;7,14620350441336e-14;1,29789348047155e-09;0,764;0,721;1;All_Others;0,75
FCN1;2,01200323309015;0;0;0,995;0,249;2;All_Others;0,75
VCAN;1,82922362731323;0;0;0,983;0,248;2;All_Others;0,75
TNFAIP2;2,48809488657089;0;0;0,922;0,201;2;All_Others;0,75
MNDA;1,61449124171914;0;0;0,967;0,251;2;All_Others;0,75
LYZ;1,8806545342234;0;0;0,999;0,287;2;All_Others;0,75
CST3;1,8544779857644;0;0;0,993;0,289;2;All_Others;0,75
LGALS2;2,99710002299246;0;0;0,843;0,14;2;All_Others;0,75
S100A9;1,23698661161306;0;0;0,992;0,29;2;All_Others;0,75
SERPINA1;2,03562976611891;0;0;0,919;0,221;2;All_Others;0,75
CSF3R;2,04044138183748;0;0;0,907;0,214;2;All_Others;0,75
MS4A6A;2,23484200310098;0;0;0,885;0,199;2;All_Others;0,75
CD14;2,00609968438149;0;0;0,887;0,203;2;All_Others;0,75
LST1;1,7722146813932;0;0;0,955;0,286;2;All_Others;0,75
SPI1;1,97763026872357;0;0;0,962;0,293;2;All_Others;0,75
TYROBP;1,69973341216249;0;0;0,991;0,326;2;All_Others;0,75
DUSP6;2,46888951136797;0;0;0,834;0,181;2;All_Others;0,75
LILRB2;2,17000353212472;0;0;0,846;0,198;2;All_Others;0,75
CD36;2,00803700691291;0;0;0,86;0,213;2;All_Others;0,75
CSTA;1,67572134753508;0;0;0,866;0,22;2;All_Others;0,75
CEBPD;1,62484297724283;0;0;0,963;0,319;2;All_Others;0,75
TYMP;1,96546747484221;0;0;0,966;0,327;2;All_Others;0,75
NCF2;2,0235273616828;0;0;0,844;0,207;2;All_Others;0,75
CYBB;1,82024646608146;0;0;0,934;0,299;2;All_Others;0,75
CFD;1,80650335692031;0;0;0,851;0,216;2;All_Others;0,75
FCER1G;1,37718245640234;0;0;0,963;0,329;2;All_Others;0,75
CD68;1,84311893857996;0;0;0,845;0,22;2;All_Others;0,75
MPEG1;1,9569253068912;0;0;0,843;0,22;2;All_Others;0,75
LRP1;2,39144696774476;0;0;0,798;0,176;2;All_Others;0,75
LGALS3;1,93212884293143;0;0;0,869;0,253;2;All_Others;0,75
HCK;1,95543180085165;0;0;0,816;0,201;2;All_Others;0,75
FGR;1,81998134763248;0;0;0,909;0,297;2;All_Others;0,75
FGL2;2,15676138016388;0;0;0,816;0,209;2;All_Others;0,75
GRN;1,75701815208507;0;0;0,896;0,304;2;All_Others;0,75
CFP;1,9992883827503;0;0;0,834;0,252;2;All_Others;0,75
LGALS1;1,68026799001938;0;0;0,974;0,393;2;All_Others;0,75
FPR1;1,8638407302471;0;0;0,765;0,187;2;All_Others;0,75
ZEB2;1,95895544865153;0;0;0,859;0,285;2;All_Others;0,75
BLVRB;1,71806699084446;0;0;0,812;0,25;2;All_Others;0,75
APLP2;1,62583796690108;0;0;0,894;0,336;2;All_Others;0,75
MYO1F;1,69152382563285;0;0;0,877;0,319;2;All_Others;0,75
AIF1;1,75852829952151;0;0;0,988;0,441;2;All_Others;0,75
FCGRT;1,78602116248856;0;0;0,864;0,328;2;All_Others;0,75
TNFRSF1B;1,88672018089556;0;0;0,839;0,306;2;All_Others;0,75
ANXA5;1,74144855914774;0;0;0,864;0,335;2;All_Others;0,75
CTSS;1,80938242000876;0;0;0,994;0,515;2;All_Others;0,75
FOS;1,66112539691332;0;0;0,997;0,544;2;All_Others;0,75
AHNAK;1,69681183394642;0;0;0,972;0,532;2;All_Others;0,75
SAT1;1,75156639180395;0;0;0,971;0,546;2;All_Others;0,75
DUSP1;1,57103367799826;0;0;0,975;0,564;2;All_Others;0,75
GPX1;1,54785299391195;0;0;0,984;0,593;2;All_Others;0,75
GSTP1;1,65991861085811;0;0;0,973;0,595;2;All_Others;0,75
PSAP;1,78447594656152;0;0;0,991;0,673;2;All_Others;0,75
COTL1;1,49341221675538;0;0;0,991;0,709;2;All_Others;0,75
FTL;1,54303339357585;0;0;0,998;0,976;2;All_Others;0,75
FTH1;1,28146810107318;0;0;0,997;0,979;2;All_Others;0,75
RNF130;1,60887380047927;1,74505962373712e-318;3,16937728863135e-314;0,855;0,315;2;All_Others;0,75
BRI3;1,46577271168141;6,18944690352788e-318;1,12412734661873e-313;0,929;0,461;2;All_Others;0,75
S100A10;1,35131151772472;1,30995379580798e-317;2,37913808394645e-313;0,982;0,801;2;All_Others;0,75
CTSB;1,71439982975818;5,34051959569245e-317;9,69945168969663e-313;0,846;0,35;2;All_Others;0,75
HLA-DRB1;1,03920302954159;2,93512097959703e-316;5,33076672314413e-312;0,945;0,34;2;All_Others;0,75
ANXA2;1,57686656230311;3,75747753383599e-314;6,82433069695292e-310;0,891;0,369;2;All_Others;0,75
JAML;1,62711673757279;1,49775043429939e-311;2,72021433877456e-307;0,848;0,325;2;All_Others;0,75
S100A11;1,34030269803142;1,36193727683121e-310;2,47355048218085e-306;0,979;0,611;2;All_Others;0,75
S100A4;1,27544985226527;2,07488373872861e-309;3,7684038462789e-305;0,994;0,763;2;All_Others;0,75
S100A8;0,501322924405269;1,51435288667191e-308;2,75036771277352e-304;0,995;0,296;2;All_Others;0,75
S100A6;1,28252196863509;1,33142821199776e-301;2,41813991863033e-297;0,995;0,881;2;All_Others;0,75
PTPRE;1,73779927579032;1,77895280038836e-298;3,23093407606533e-294;0,777;0,262;2;All_Others;0,75
CTSZ;1,56255130194784;2,04940060970131e-293;3,72212138733951e-289;0,85;0,34;2;All_Others;0,75
SH3BGRL3;0,977569341789875;2,31479978678566e-292;4,20413937276012e-288;0,991;0,952;2;All_Others;0,75
PYCARD;1,43132618709314;3,91897046512282e-280;7,11763415875607e-276;0,895;0,418;2;All_Others;0,75
CTSH;1,65886214708553;9,09763946598784e-279;1,65231327981271e-274;0,769;0,267;2;All_Others;0,75
AP1S2;1,53322005978927;3,31347917734613e-275;6,01794088189604e-271;0,841;0,354;2;All_Others;0,75
TSPO;1,16621423086575;2,42919993189101e-274;4,41191291630045e-270;0,964;0,662;2;All_Others;0,75
TKT;1,31323344434374;1,09193839199143e-267;1,98317850753483e-263;0,931;0,594;2;All_Others;0,75
NPC2;1,54230649190277;3,61852006327895e-265;6,57195613892722e-261;0,838;0,407;2;All_Others;0,75
GABARAP;1,05937569407843;4,78915676426576e-263;8,69806651525947e-259;0,97;0,848;2;All_Others;0,75
LYST;1,63400831472968;5,52072820686805e-262;1,00267465693138e-257;0,777;0,296;2;All_Others;0,75
STXBP2;1,37720348300619;1,06739274538618e-258;1,93859870417038e-254;0,777;0,275;2;All_Others;0,75
OAZ1;0,811014086999873;2,06548232455517e-251;3,7513289978571e-247;0,99;0,933;2;All_Others;0,75
RAC1;1,24903171783517;5,55298495712485e-249;1,00853312791301e-244;0,926;0,598;2;All_Others;0,75
FOSB;1,54974366486953;5,23137957635927e-246;9,50123158658371e-242;0,81;0,35;2;All_Others;0,75
EFHD2;1,16223076175956;4,27924985635332e-241;7,77197358910891e-237;0,891;0,415;2;All_Others;0,75
MT-ND4;0,787201251614103;2,45410329893772e-239;4,45714241153069e-235;0,999;0,991;2;All_Others;0,75
CAPG;1,45036457929139;3,00519137132291e-237;5,45802856859668e-233;0,756;0,281;2;All_Others;0,75
C4orf48;1,47469935995394;1,96490065451478e-234;3,56865256872974e-230;0,783;0,334;2;All_Others;0,75
TALDO1;1,15120061931206;1,64818277889466e-231;2,99342956302848e-227;0,913;0,544;2;All_Others;0,75
SAMHD1;1,16551646938812;5,0213351585584e-231;9,11974891497376e-227;0,933;0,642;2;All_Others;0,75
MT-ND1;0,735512458792342;3,52712190710086e-227;6,40595880767659e-223;1;0,995;2;All_Others;0,75
CALM2;1,08126132134711;2,07143324468781e-226;3,76213705900199e-222;0,954;0,814;2;All_Others;0,75
POU2F2;1,52027632266965;7,71838204654575e-224;1,40181254729364e-219;0,78;0,341;2;All_Others;0,75
FGF23;1,21088804811375;2,69575725000067e-223;4,89603431745122e-219;0,921;0,571;2;All_Others;0,75
FLNA;1,16413409891064;1,14701037897411e-218;2,08320025029277e-214;0,909;0,575;2;All_Others;0,75
ATP5F1E;0,634412159010201;5,35032157868748e-217;9,7172540512122e-213;0,986;0,972;2;All_Others;0,75
IL17RA;1,38651801111138;9,27240941389604e-217;1,6840549977518e-212;0,814;0,381;2;All_Others;0,75
GNAI2;0,959420984655054;1,73056775714426e-216;3,1430571605254e-212;0,957;0,812;2;All_Others;0,75
AP2S1;1,2895015558245;3,86218951083574e-215;7,01450858957986e-211;0,845;0,461;2;All_Others;0,75
CYBA;0,82309050978239;1,30455124150321e-214;2,36932596481812e-210;0,991;0,913;2;All_Others;0,75
KLF6;1,20022896643691;1,61371675622217e-212;2,9308323726507e-208;0,949;0,653;2;All_Others;0,75
CEBPB;1,43706689068266;8,59575960805595e-210;1,56116186001512e-205;0,783;0,374;2;All_Others;0,75
WDR74;1,47585425092036;2,28099838504274e-208;4,14274926691462e-204;0,826;0,467;2;All_Others;0,75
ITGB2;0,920269401713479;2,15642532296357e-204;3,91649967156643e-200;0,967;0,78;2;All_Others;0,75
MACROH2A1;1,33072165161584;3,86447506664732e-202;7,01865961604487e-198;0,821;0,445;2;All_Others;0,75
GAPDH;0,775508575445191;7,89471716899585e-200;1,43383853223303e-195;0,988;0,92;2;All_Others;0,75
CAST;1,13467905710873;2,85804955324104e-196;5,19078959859638e-192;0,902;0,565;2;All_Others;0,75
TLN1;1,03708976786112;2,08066053007343e-193;3,77889565471937e-189;0,882;0,533;2;All_Others;0,75
VSIR;1,11713926030866;5,59784187511994e-191;1,01668004135928e-186;0,893;0,588;2;All_Others;0,75
HLA-DPA1;0,745009232696819;6,5977300273291e-190;1,19827972756351e-185;0,822;0,368;2;All_Others;0,75
ATP6V0B;1,21191924789439;1,92977107559744e-189;3,50485022750007e-185;0,841;0,464;2;All_Others;0,75
MT-ND2;0,704536219153666;1,83417284245245e-186;3,33122471646214e-182;0,998;0,983;2;All_Others;0,75
IQGAP1;1,18061740815714;8,90321615988016e-186;1,61700211895743e-181;0,848;0,498;2;All_Others;0,75
VAMP8;1,10209089711788;3,25876006936721e-183;5,91856003798473e-179;0,887;0,646;2;All_Others;0,75
SERF2;0,604859230759771;4,58219917919397e-180;8,32219014925209e-176;0,989;0,971;2;All_Others;0,75
HLA-DPB1;0,71373516245912;8,37741672648111e-177;1,5215064258635e-172;0,809;0,376;2;All_Others;0,75
LSP1;0,764243136132259;2,29540212967155e-176;4,16890934790947e-172;0,97;0,875;2;All_Others;0,75
CARD16;1,18952050097956;2,70689984719883e-176;4,91627150248252e-172;0,806;0,43;2;All_Others;0,75
LAMTOR4;0,99943202199107;1,53166823299133e-175;2,78181584475886e-171;0,909;0,661;2;All_Others;0,75
VIM;0,776608299622439;3,12993427368868e-174;5,68458662787337e-170;0,995;0,93;2;All_Others;0,75
TCIRG1;1,28274094863311;1,90707697523216e-173;3,46363320241665e-169;0,753;0,365;2;All_Others;0,75
LRRFIP1;0,974683313222566;2,9284127855389e-173;5,31858330109575e-169;0,925;0,677;2;All_Others;0,75
H3-3A;0,74489863133069;6,31951550012059e-171;1,1477504051319e-166;0,964;0,871;2;All_Others;0,75
GLIPR1;1,14925608953253;1,42160114414993e-160;2,58191199800511e-156;0,798;0,428;2;All_Others;0,75
C1orf162;1,09982942240293;1,31929063645246e-155;2,39609565392496e-151;0,83;0,503;2;All_Others;0,75
CNPY3;1,13732362423731;5,37820448913993e-153;9,76789499317594e-149;0,804;0,475;2;All_Others;0,75
SRGN;0,790493428101618;4,05116065113361e-152;7,35771797458887e-148;0,929;0,623;2;All_Others;0,75
ZFP36;0,935371063375571;3,17180386686094e-151;5,76063018299284e-147;0,932;0,777;2;All_Others;0,75
AL359976.1;1,10943612404058;1,63460404698404e-148;2,96876787013241e-144;0,763;0,416;2;All_Others;0,75
GRB2;1,04326159086701;1,17258385901592e-147;2,12964680474471e-143;0,844;0,543;2;All_Others;0,75
LCP1;0,80059125440968;2,49281183110995e-147;4,52744484766189e-143;0,95;0,788;2;All_Others;0,75
MYL6;0,562622313925432;7,03041338414995e-142;1,27686367882931e-137;0,984;0,94;2;All_Others;0,75
PRELID1;1,17871858194836;7,36168893710544e-141;1,33702994475709e-136;0,78;0,495;2;All_Others;0,75
ZYX;0,89020026804901;1,30979661278937e-128;2,37885260814806e-124;0,857;0,575;2;All_Others;0,75
ELOB;0,681365071600053;7,2526299837938e-128;1,31722265765663e-123;0,947;0,824;2;All_Others;0,75
ARRB2;0,98449207389156;7,69727799599032e-124;1,39797962963176e-119;0,812;0,53;2;All_Others;0,75
PGLS;0,998441590459381;1,35300822346794e-119;2,45733353546247e-115;0,777;0,478;2;All_Others;0,75
COX8A;0,801856591707969;2,82496198231838e-119;5,13069595228664e-115;0,882;0,665;2;All_Others;0,75
FKBP1A;0,866556225401343;2,85039706267787e-116;5,17689114523556e-112;0,821;0,582;2;All_Others;0,75
SRRM2;0,810556001813555;4,42808403412798e-116;8,04228622278324e-112;0,894;0,674;2;All_Others;0,75
MCL1;0,947059769008158;4,81179737238868e-114;8,73918638773233e-110;0,855;0,606;2;All_Others;0,75
ARPC1B;0,85941588295086;1,66010599804835e-113;3,01508451365541e-109;0,823;0,544;2;All_Others;0,75
RHOG;0,946151207395135;3,3504153393239e-113;6,08502433928006e-109;0,796;0,542;2;All_Others;0,75
MTRNR2L6;1,22621578475451;1,48832362572198e-111;2,70309336903626e-107;0,788;0,504;2;All_Others;0,75
LTA4H;0,939357559105826;1,63412501420242e-110;2,96789785079443e-106;0,778;0,489;2;All_Others;0,75
CSTB;0,945672614057822;4,78955578950142e-110;8,69879122489247e-106;0,789;0,536;2;All_Others;0,75
GPX4;0,786289069590825;1,03551561571877e-109;1,88070346126843e-105;0,891;0,746;2;All_Others;0,75
LAMTOR1;0,913871163126699;2,12678213532586e-101;3,86266171417883e-97;0,752;0,48;2;All_Others;0,75
GNG5;0,797765029394118;3,61373846338859e-99;6,56327179720636e-95;0,828;0,621;2;All_Others;0,75
ATP5MPL;0,755422691486054;3,93889983801594e-99;7,15382988580455e-95;0,86;0,673;2;All_Others;0,75
TPI1;0,771697930156014;2,81315346848907e-97;5,10924932946985e-93;0,857;0,651;2;All_Others;0,75
CLIC1;0,614751089586793;6,7632144551618e-97;1,22833500934649e-92;0,919;0,669;2;All_Others;0,75
ATP6V1F;0,95644911376773;8,1536366874784e-96;1,48086349517983e-91;0,752;0,515;2;All_Others;0,75
TPM3;0,600173780730012;2,65461868109414e-95;4,82131844860317e-91;0,938;0,85;2;All_Others;0,75
RHOA;0,585356773790415;2,9358379778076e-93;5,33206893529417e-89;0,95;0,899;2;All_Others;0,75
GNB2;0,723168456360733;2,98528827054154e-90;5,42188055695754e-86;0,841;0,636;2;All_Others;0,75
MSN;0,697054072925386;1,04734055025882e-88;1,90217990738008e-84;0,856;0,668;2;All_Others;0,75
EMP3;0,608710018328009;2,96002300225087e-88;5,37599377668803e-84;0,94;0,86;2;All_Others;0,75
ALDOA;0,704284115050423;2,32789587792248e-87;4,22792449348281e-83;0,835;0,653;2;All_Others;0,75
PKM;0,631782944270079;1,65177081667348e-86;2,99994615724238e-82;0,89;0,72;2;All_Others;0,75
ACTR2;0,774620456668531;1,31629295461804e-83;2,39065126417728e-79;0,806;0,615;2;All_Others;0,75
AKAP13;0,821601687426146;2,08414799153929e-80;3,78522958223367e-76;0,75;0,505;2;All_Others;0,75
ANXA1;0,653281849377794;2,67228194918925e-80;4,85339847611751e-76;0,857;0,581;2;All_Others;0,75
SERP1;0,566347426830069;7,93595558852726e-80;1,44132825398832e-75;0,927;0,815;2;All_Others;0,75
NDUFB1;0,752653877958489;5,38053087585985e-79;9,77212017673666e-75;0,791;0,575;2;All_Others;0,75
PAK2;0,813351976445071;1,85263497618713e-78;3,36475564375106e-74;0,762;0,537;2;All_Others;0,75
AC010970.1;1,02852086587398;1,58589443575994e-77;2,8803014742272e-73;0,959;0,915;2;All_Others;0,75
MTDH;0,735501339418048;4,21888011660369e-75;7,66233006777562e-71;0,784;0,56;2;All_Others;0,75
SERPINB1;0,685515824260624;9,1522070968854e-75;1,66222385293633e-70;0,779;0,543;2;All_Others;0,75
ENO1;0,583713237305348;1,36443774614905e-73;2,4780918345559e-69;0,877;0,73;2;All_Others;0,75
UQCR11;0,525195649423031;3,39899452766118e-72;6,17325386113823e-68;0,921;0,826;2;All_Others;0,75
CAPNS1;0,698885286417268;1,46937500898159e-71;2,66867889131236e-67;0,762;0,531;2;All_Others;0,75
IER2;0,576624424872564;1,84465516265589e-68;3,35026270641563e-64;0,938;0,823;2;All_Others;0,75
ARPC5;0,545018467323859;3,92692943446415e-66;7,13208923887379e-62;0,88;0,753;2;All_Others;0,75
POLR2L;0,626159833258093;1,26474015294986e-63;2,29702106578753e-59;0,822;0,666;2;All_Others;0,75
COX5B;0,557299424671689;2,26939321546881e-60;4,12167195793446e-56;0,875;0,773;2;All_Others;0,75
PTPN6;0,529995542021635;2,99871104171022e-56;5,4462589939541e-52;0,81;0,615;2;All_Others;0,75
TUBA1A;0,776865713090189;3,48020608064507e-56;6,32075028366758e-52;0,752;0,586;2;All_Others;0,75
ATP5MF;0,567175290560087;4,0293004768439e-54;7,31801552604389e-50;0,811;0,678;2;All_Others;0,75
CD44;0,61116045381909;5,04159811932585e-53;9,15655050431961e-49;0,809;0,674;2;All_Others;0,75
UQCRQ;0,575806073656735;1,6876710079734e-52;3,06514808468128e-48;0,774;0,601;2;All_Others;0,75
ATP5ME;0,549076657906737;3,29050849978843e-48;5,97622153731575e-44;0,809;0,684;2;All_Others;0,75
GRK2;0,5517586385891;6,43412759403023e-38;1,16856625362777e-33;0,77;0,626;2;All_Others;0,75
WAS;0,521112513062003;2,12572143599115e-36;3,86073527204712e-32;0,752;0,609;2;All_Others;0,75
IL32;1,40225816595578;3,09597658845206e-191;5,62291267994663e-187;0,97;0,467;3;All_Others;0,75
IL7R;1,44720707780692;6,68094478725991e-187;1,21339319226214e-182;0,92;0,421;3;All_Others;0,75
CD3E;1,111844219989;2,76554567324403e-146;5,02278405174581e-142;0,974;0,441;3;All_Others;0,75
B2M;0,578639708805176;1,71251132924637e-139;3,11026307617726e-135;1;0,996;3;All_Others;0,75
LTB;1,22811670314401;8,88830786851533e-138;1,61429447507975e-133;0,977;0,605;3;All_Others;0,75
CD3D;1,12458467948625;1,35498626214204e-136;2,46092604930237e-132;0,915;0,405;3;All_Others;0,75
CD3G;1,18938458230409;3,91409692063621e-133;7,10878282725948e-129;0,845;0,373;3;All_Others;0,75
TCF7;1,07096640064741;4,30767341403709e-125;7,82359645457415e-121;0,899;0,426;3;All_Others;0,75
RPS29;0,659822656104619;3,40247290338328e-117;6,17957128712471e-113;0,999;0,945;3;All_Others;0,75
SPOCK2;1,16443460178024;4,40704902357067e-111;8,00408243660904e-107;0,763;0,356;3;All_Others;0,75
IFITM1;0,797685100729347;9,40148970194295e-106;1,70749855966688e-101;0,97;0,512;3;All_Others;0,75
RPS18;0,606908064174471;2,53477746026168e-101;4,60366282332727e-97;1;0,974;3;All_Others;0,75
ETS1;1,0228072488461;1,09044620731771e-98;1,98046840173043e-94;0,885;0,515;3;All_Others;0,75
RPS6;0,543408029615782;4,12207709909692e-92;7,48651642737983e-88;1;0,97;3;All_Others;0,75
RPL14;0,534071986465499;2,59501275134012e-91;4,71306215898392e-87;1;0,972;3;All_Others;0,75
TLE5;0,751432144326011;2,774239758062e-91;5,0385742485922e-87;0,99;0,763;3;All_Others;0,75
RPS25;0,585182348534076;1,216862973388e-90;2,21006653226729e-86;1;0,961;3;All_Others;0,75
HSPA8;0,727554738162187;1,89004481444161e-90;3,43269939198885e-86;0,991;0,801;3;All_Others;0,75
RPS15A;0,530392594384534;1,00729690497931e-87;1,82945263882342e-83;1;0,984;3;All_Others;0,75
RPS3;0,550264876172855;2,38122995932844e-86;4,32478985213232e-82;1;0,98;3;All_Others;0,75
RPS4X;0,504029753611916;5,56763128908235e-86;1,01119319472314e-81;1;0,975;3;All_Others;0,75
RPL3;0,592674278927066;2,06625113569346e-84;3,75272531264646e-80;1;0,949;3;All_Others;0,75
RPS27A;0,505395736906621;3,10749705095989e-84;5,64383614395336e-80;1;0,985;3;All_Others;0,75
RPL4;0,510984272457737;1,92925989548802e-83;3,50392182218534e-79;0,997;0,947;3;All_Others;0,75
RPS27;0,598194393441054;4,206079112563e-83;7,63908088423693e-79;1;0,968;3;All_Others;0,75
LCK;0,831889221965082;1,34560497945056e-82;2,4438877636781e-78;0,865;0,442;3;All_Others;0,75
RPSA;0,638613138800122;1,8654798535254e-82;3,38808450997284e-78;1;0,889;3;All_Others;0,75
ARHGAP15;1,06755925819471;1,64315330043094e-80;2,98429502424267e-76;0,754;0,44;3;All_Others;0,75
SARAF;0,629049484197585;5,15363743691928e-80;9,36003631293279e-76;0,994;0,836;3;All_Others;0,75
LEF1;0,900934318044152;1,42928002636043e-79;2,5958583838758e-75;0,76;0,358;3;All_Others;0,75
EEF2;0,506350119583757;5,21255701688697e-79;9,46704605407011e-75;1;0,948;3;All_Others;0,75
LAT;0,90562411449888;6,40417586437341e-78;1,1631264204875e-73;0,759;0,39;3;All_Others;0,75
NOSIP;0,896263946927292;1,45986810261657e-77;2,65141244797221e-73;0,859;0,55;3;All_Others;0,75
GSTK1;0,914991976920041;2,66027017046429e-76;4,83158268359724e-72;0,894;0,727;3;All_Others;0,75
GIMAP7;0,71143971221243;1,52320605388674e-74;2,7664468350691e-70;0,948;0,696;3;All_Others;0,75
RPS12;0,525876091217929;2,3883338735382e-74;4,33769198112008e-70;1;0,986;3;All_Others;0,75
EVL;0,72505421246077;3,14151169703066e-73;5,70561354414708e-69;0,939;0,607;3;All_Others;0,75
CD247;0,568974883207515;6,4489447626961e-71;1,17125734780087e-66;0,771;0,383;3;All_Others;0,75
TMEM123;0,854263316123646;4,39498242800455e-70;7,98216708574187e-66;0,851;0,566;3;All_Others;0,75
HINT1;0,578325029168882;1,26521140906443e-66;2,29787696114282e-62;0,979;0,86;3;All_Others;0,75
CD52;0,546102423678196;7,33560900121057e-65;1,33229330679986e-60;0,995;0,888;3;All_Others;0,75
NPM1;0,572811306751986;9,6618132175941e-65;1,75477851657944e-60;0,981;0,822;3;All_Others;0,75
KLF2;0,57146822137633;4,56751314841888e-63;8,29551738015837e-59;0,973;0,882;3;All_Others;0,75
ARL4C;0,72150686826101;5,01802557108554e-63;9,11373804220555e-59;0,766;0,442;3;All_Others;0,75
RPS2P5;0,508800543219164;3,07705243010006e-62;5,58854262354772e-58;0,992;0,876;3;All_Others;0,75
LEPROTL1;0,732599890458347;1,51377287236238e-54;2,74931429078455e-50;0,791;0,487;3;All_Others;0,75
FXYD5;0,521620001829234;1,20617654698374e-53;2,19065784463188e-49;0,992;0,93;3;All_Others;0,75
SOD1;0,647624108949457;5,56336471005653e-51;1,01041829864047e-46;0,848;0,596;3;All_Others;0,75
C12orf57;0,529607495348698;3,36883589092887e-45;6,11847974510502e-41;0,934;0,676;3;All_Others;0,75
NOP53;0,506250271834886;1,45238890513468e-44;2,6378287295056e-40;0,94;0,757;3;All_Others;0,75
MIF;0,553669347675139;8,38148917150873e-44;1,52224606332941e-39;0,938;0,789;3;All_Others;0,75
PEBP1;0,665730022937944;1,33560121921884e-42;2,42571893434526e-38;0,751;0,498;3;All_Others;0,75
TBC1D10C;0,568847702361551;7,37426417786064e-37;1,33931385998305e-32;0,784;0,535;3;All_Others;0,75
FAM107B;0,597184535284086;4,93527457355225e-34;8,9634456804856e-30;0,768;0,543;3;All_Others;0,75
SELL;0,527599921998273;1,03949403284936e-32;1,88792906246101e-28;0,85;0,704;3;All_Others;0,75
ADD3;0,573367676371667;3,52223468569661e-31;6,39708263616219e-27;0,775;0,578;3;All_Others;0,75
CCL5;3,58426029004075;0;0;0,949;0,089;4;All_Others;0,75
NKG7;2,03068963589316;0;0;0,892;0,104;4;All_Others;0,75
CST7;2,45471445797938;0;0;0,803;0,074;4;All_Others;0,75
GZMA;2,65525267115594;0;0;0,778;0,063;4;All_Others;0,75
CTSW;2,19948801598718;1,6819604102542e-299;3,05477649710367e-295;0,945;0,263;4;All_Others;0,75
IL32;1,9160702158546;9,46017442945145e-247;1,71815687987697e-242;0,992;0,48;4;All_Others;0,75
B2M;0,90002075880189;3,01033809515684e-191;5,46737604842386e-187;1;0,996;4;All_Others;0,75
ARL4C;1,63385604087598;8,59625394002975e-136;1,5612516405882e-131;0,875;0,445;4;All_Others;0,75
HLA-A;0,773276266464612;1,02781000855661e-134;1,86670853754052e-130;0,998;0,981;4;All_Others;0,75
GZMM;1,68742206265618;1,48292015745502e-131;2,69327958996981e-127;0,757;0,292;4;All_Others;0,75
IL7R;1,65724611115988;1,01912840592579e-127;1,85094101084242e-123;0,865;0,439;4;All_Others;0,75
CD81;1,52662365557804;1,79817686265522e-126;3,2658488179544e-122;0,873;0,484;4;All_Others;0,75
CD3E;1,17882427726108;3,8224910373198e-115;6,94240822198022e-111;0,975;0,456;4;All_Others;0,75
HLA-B;0,650281096681043;5,3854149482313e-110;9,78099062897768e-106;1;0,991;4;All_Others;0,75
CD3D;1,21182160239912;2,26526531072366e-103;4,11417485733632e-99;0,903;0,42;4;All_Others;0,75
CALM1;0,86260938506592;1,63636360395483e-98;2,97196357750276e-94;0,987;0,9;4;All_Others;0,75
HCST;1,13552080811342;4,34109707606129e-98;7,88430050954251e-94;0,937;0,712;4;All_Others;0,75
LCK;1,15503739112571;6,05807426259559e-92;1,10026744757261e-87;0,888;0,453;4;All_Others;0,75
SLC9A3R1;1,28397060645936;3,24414619037958e-80;5,8920183109674e-76;0,801;0,477;4;All_Others;0,75
PAXX;1,29363111166333;5,59236314898868e-80;1,01568499511932e-75;0,803;0,489;4;All_Others;0,75
MYL12A;0,670895110208861;1,38254824482505e-78;2,51098412225126e-74;0,979;0,913;4;All_Others;0,75
IFITM1;0,866711841941675;1,22060111388751e-75;2,2168557430425e-71;0,977;0,525;4;All_Others;0,75
CD3G;1,1029864048545;1,55924426866481e-75;2,83189944074902e-71;0,806;0,389;4;All_Others;0,75
HLA-C;0,574838524543133;3,2673257543795e-71;5,93411703510405e-67;0,996;0,979;4;All_Others;0,75
HLA-E;0,600381277475855;6,22997750783468e-71;1,13148851497294e-66;0,996;0,95;4;All_Others;0,75
PLAAT4;1,10192271718053;8,11004583310144e-67;1,47294652420788e-62;0,805;0,483;4;All_Others;0,75
CD99;0,899484891102918;3,43098509778514e-66;6,23135513459738e-62;0,907;0,68;4;All_Others;0,75
MT-ND4L;0,578459603427992;4,41070258448071e-61;8,01071803393387e-57;0,994;0,938;4;All_Others;0,75
CD7;0,753309551034296;4,96055554041683e-49;9,00936097250504e-45;0,801;0,44;4;All_Others;0,75
HSPA8;0,609202411328606;2,752674412489e-47;4,99940726796252e-43;0,977;0,807;4;All_Others;0,75
FYN;0,924332645103024;3,15017314759406e-47;5,72134447066033e-43;0,761;0,497;4;All_Others;0,75
GIMAP4;0,772074918589035;8,96897870161663e-45;1,62894591178761e-40;0,884;0,666;4;All_Others;0,75
LINC00869;0,818318107337064;9,41342064451671e-44;1,70966545745712e-39;0,805;0,577;4;All_Others;0,75
PDIA3;0,863613235129175;5,55774949360536e-42;1,00939846302861e-37;0,778;0,587;4;All_Others;0,75
SEPTIN7;0,734491535781498;1,56936170241559e-40;2,85027472392719e-36;0,846;0,657;4;All_Others;0,75
PPIB;0,61064593188429;9,63352500701008e-37;1,74964081177317e-32;0,873;0,75;4;All_Others;0,75
PSMB9;0,769129875515388;8,67953503800791e-36;1,576377153603e-31;0,793;0,641;4;All_Others;0,75
SSR2;0,577573433676847;8,70449488890912e-35;1,58091036172367e-30;0,892;0,729;4;All_Others;0,75
RPL36AL;0,548277589869274;9,97700609998547e-34;1,81202384787936e-29;0,941;0,863;4;All_Others;0,75
CNN2;0,668207718144406;1,141337796424e-33;2,07289770586527e-29;0,854;0,678;4;All_Others;0,75
PSME1;0,573823302735443;1,18035068535803e-33;2,14375291474725e-29;0,915;0,828;4;All_Others;0,75
LY6E;0,664819143802788;4,48013393244201e-33;8,13681924810117e-29;0,795;0,597;4;All_Others;0,75
GUK1;0,698869436837903;1,98090703797133e-32;3,59772336236352e-28;0,787;0,598;4;All_Others;0,75
SUN2;0,751773871472472;2,2196586052171e-32;4,0313439587953e-28;0,789;0,589;4;All_Others;0,75
ANXA1;0,562247325692916;2,6089745915935e-30;4,73841965325212e-26;0,852;0,605;4;All_Others;0,75
GIMAP7;0,500752967468669;1,35993152623015e-29;2,4699076379392e-25;0,935;0,704;4;All_Others;0,75
UBB;0,554059727775961;1,55866216618476e-29;2,83084222622475e-25;0,899;0,745;4;All_Others;0,75
MIF;0,51710033037447;1,0168127387247e-28;1,84673529607181e-24;0,924;0,795;4;All_Others;0,75
ETS1;0,533343258894923;3,0033509577743e-27;5,45468600950969e-23;0,81;0,53;4;All_Others;0,75
TBC1D10C;0,549289619737338;1,0597739269362e-24;1,92476140610152e-20;0,761;0,543;4;All_Others;0,75
HSP90B1;0,504295116800559;7,03123652102153e-22;1,27701317694793e-17;0,793;0,661;4;All_Others;0,75
LTB;0,615659358367272;1,14211216711982e-21;2,07430411792302e-17;0,841;0,624;4;All_Others;0,75
KRTCAP2;0,586030377839742;3,89799819077562e-21;7,07954431408667e-17;0,755;0,607;4;All_Others;0,75
HNRNPF;0,564665802865876;3,47257392261243e-20;6,30688875824869e-16;0,776;0,642;4;All_Others;0,75
MS4A1;4,4655752195472;0;0;1;0,047;5;All_Others;0,75
CD79A;4,48788563958203;0;0;0,998;0,077;5;All_Others;0,75
BANK1;4,37264480327515;0;0;0,934;0,054;5;All_Others;0,75
CD79B;4,08369121768252;0;0;0,968;0,111;5;All_Others;0,75
IGHM;4,2264707199294;0;0;0,888;0,051;5;All_Others;0,75
RALGPS2;3,77617950418757;0;0;0,884;0,097;5;All_Others;0,75
NIBAN3;3,94200628670385;0;0;0,848;0,064;5;All_Others;0,75
FCER2;4,46328456409356;0;0;0,814;0,039;5;All_Others;0,75
HLA-DQB1;3,25641020922447;0;0;0,987;0,218;5;All_Others;0,75
TCL1A;4,48660053777241;0;0;0,759;0,037;5;All_Others;0,75
HVCN1;3,3730962049323;0;0;0,901;0,194;5;All_Others;0,75
AFF3;3,6722032208691;0;0;0,801;0,1;5;All_Others;0,75
NAA35;3,41421415894778;0;0;0,78;0,12;5;All_Others;0,75
HLA-DQA1;2,84109186039745;0;0;0,987;0,337;5;All_Others;0,75
HLA-DRB1;2,43373109678886;1,66844479961035e-313;3,03022944505233e-309;1;0,389;5;All_Others;0,75
HLA-DPB1;2,41254561015851;2,40204639894331e-303;4,36259666976084e-299;0,998;0,403;5;All_Others;0,75
HLA-DPA1;2,33421705579221;1,45972017866923e-294;2,65114378849906e-290;0,998;0,397;5;All_Others;0,75
HLA-DMA;2,39029491040184;8,70810330799591e-292;1,58156572279822e-287;0,941;0,266;5;All_Others;0,75
CD37;2,21355223361423;5,78528479371778e-289;1,05072342423502e-284;1;0,908;5;All_Others;0,75
CD74;2,97230698842052;2,75594224997026e-288;5,00534231439598e-284;1;0,869;5;All_Others;0,75
HLA-DMB;2,42479180433153;3,83152052982615e-252;6,95880758627025e-248;0,812;0,205;5;All_Others;0,75
MEF2C;2,44568998502003;1,50135867271011e-244;2,7267676213761e-240;0,871;0,266;5;All_Others;0,75
HLA-DRB3;2,1133196813525;8,20498094381594e-231;1,49018863901585e-226;0,816;0,214;5;All_Others;0,75
HLA-DRA;1,99833944719975;2,81085444131172e-218;5,10507383631035e-214;0,854;0,252;5;All_Others;0,75
SNX2;2,1385294332424;2,68919588242193e-214;4,88411756165472e-210;0,901;0,369;5;All_Others;0,75
FCMR;1,75528653619956;2,10751377337876e-171;3,82766651521051e-167;0,945;0,472;5;All_Others;0,75
CD52;1,04189136521712;3,41895772490883e-157;6,20951101997941e-153;1;0,891;5;All_Others;0,75
LTB;1,2835438809298;1,09991382599032e-140;1,99766349076362e-136;0,996;0,614;5;All_Others;0,75
EZR;1,63798263636781;4,61627870450508e-132;8,38408538312212e-128;0,856;0,462;5;All_Others;0,75
RPL18A;0,707976432344652;9,7509097693493e-129;1,77096023230922e-124;1;0,979;5;All_Others;0,75
PRKCB;1,55775916928568;7,75694031613926e-118;1,40881550021721e-113;0,835;0,437;5;All_Others;0,75
LAPTM5;0,899142983666728;1,30795364336904e-109;2,37550540708684e-105;0,992;0,934;5;All_Others;0,75
SP100;1,45639267692557;3,82790290557569e-107;6,95223725710656e-103;0,843;0,506;5;All_Others;0,75
SYNGR2;1,5178976363139;2,64365277788006e-101;4,80140217518577e-97;0,799;0,451;5;All_Others;0,75
SNX3;1,27191074440386;7,03253409318787e-101;1,27724884200478e-96;0,86;0,583;5;All_Others;0,75
MT-ND4L;0,680048294200395;5,38952771633278e-94;9,7884602384036e-90;1;0,938;5;All_Others;0,75
POLD4;1,54496187716085;7,12891761641412e-94;1,29475401749313e-89;0,767;0,432;5;All_Others;0,75
CD81;1,17457775974908;3,15509150367565e-87;5,73027718897571e-83;0,837;0,486;5;All_Others;0,75
RPL8;0,509243749361232;5,22917003560054e-81;9,4972186186577e-77;1;0,981;5;All_Others;0,75
ISG20;1,29340762017521;6,54491365223098e-80;1,18868721751819e-75;0,767;0,413;5;All_Others;0,75
RPS5;0,702128740265509;2,40264907932482e-78;4,36369125786973e-74;0,996;0,926;5;All_Others;0,75
RPS23;0,539585740004068;1,23836661165918e-76;2,24912144009539e-72;1;0,98;5;All_Others;0,75
SEC62;1,07073314152152;1,78844123829415e-64;3,24816697698983e-60;0,829;0,592;5;All_Others;0,75
PTPN6;0,996489526293819;7,06269762936212e-63;1,28272714344475e-58;0,867;0,629;5;All_Others;0,75
ZFP36L1;0,919821044912092;7,25255701199207e-62;1,317209404518e-57;0,92;0,726;5;All_Others;0,75
SELL;0,783798488101527;9,66750945100048e-62;1,75581306649071e-57;0,966;0,701;5;All_Others;0,75
RPS19;0,500040012589672;2,9342865699525e-61;5,32925126834773e-57;1;0,978;5;All_Others;0,75
LIMD2;0,68369551454471;5,16025357372168e-61;9,37205254059331e-57;0,989;0,892;5;All_Others;0,75
RPSA;0,636147788490683;2,60677095116216e-60;4,73441740150071e-56;1;0,893;5;All_Others;0,75
BTG1;0,673222404350727;3,99037168063018e-60;7,24731304636053e-56;0,998;0,923;5;All_Others;0,75
EEF2;0,526340741925023;1,01176700493599e-59;1,83757123436474e-55;0,996;0,95;5;All_Others;0,75
RPS11;0,560711504328903;6,79224053509136e-57;1,23360672598329e-52;0,996;0,935;5;All_Others;0,75
SMAP2;0,790303722328081;4,8917990072466e-54;8,88448535696128e-50;0,922;0,729;5;All_Others;0,75
STK17A;0,987971044499966;3,32145377911764e-51;6,03242435363346e-47;0,757;0,467;5;All_Others;0,75
RPS27;0,563275675596943;5,9944039288052e-51;1,0887036415496e-46;1;0,969;5;All_Others;0,75
RCSD1;0,789114259291273;4,15027446733769e-48;7,53772848757871e-44;0,877;0,684;5;All_Others;0,75
CD53;0,803692850695445;8,83480622038667e-47;1,60457750574663e-42;0,841;0,656;5;All_Others;0,75
RASGRP2;0,840077376873529;1,61986878019506e-44;2,94200567859027e-40;0,755;0,54;5;All_Others;0,75
TAGLN2;0,548345880673434;4,83963368873014e-38;8,78974270547168e-34;0,917;0,765;5;All_Others;0,75
CSK;0,710108225033164;7,68707396512216e-33;1,39612637354549e-28;0,799;0,639;5;All_Others;0,75
GDI2;0,645610989387532;6,63112371711219e-32;1,20434468950192e-27;0,825;0,648;5;All_Others;0,75
MT-ND6;0,512508725501415;1,23794108666299e-28;2,24834860159732e-24;0,892;0,764;5;All_Others;0,75
HMGN1;0,588614247867067;1,57460750595453e-28;2,85980215231461e-24;0,81;0,622;5;All_Others;0,75
UCP2;0,614217830200591;7,8773003265106e-28;1,43067528530086e-23;0,861;0,705;5;All_Others;0,75
PNISR;0,573239006703181;6,59656446089361e-25;1,1980680373875e-20;0,808;0,678;5;All_Others;0,75
ATP6V1G1;0,519085732454142;1,34152215783131e-21;2,43647254305323e-17;0,863;0,756;5;All_Others;0,75
EIF4A2;0,513816765589646;2,38748689505882e-19;4,33615369880583e-15;0,761;0,623;5;All_Others;0,75
H1-4;0,500928821414474;5,59233787078381e-15;1,01568040409175e-10;0,801;0,686;5;All_Others;0,75
GNLY;8,49583542818042;0;0;0,998;0,025;6;All_Others;0,75
GZMB;6,4248582512356;0;0;0,955;0,012;6;All_Others;0,75
GZMA;5,44125881261076;0;0;0,998;0,058;6;All_Others;0,75
CST7;5,57083006624968;0;0;1;0,07;6;All_Others;0,75
KLRD1;6,00736549063358;0;0;0,964;0,052;6;All_Others;0,75
PRF1;6,05921963035871;0;0;0,996;0,101;6;All_Others;0,75
NKG7;6,04975380701215;0;0;1;0,106;6;All_Others;0,75
KLRF1;7,98488309194547;0;0;0,897;0,007;6;All_Others;0,75
FCGR3A;5,27660353632529;0;0;0,901;0,026;6;All_Others;0,75
CLIC3;6,19723313161994;0;0;0,906;0,036;6;All_Others;0,75
FGFBP2;8,05062391249766;0;0;0,881;0,012;6;All_Others;0,75
HOPX;5,12174405416962;0;0;0,951;0,083;6;All_Others;0,75
SPON2;7,46450493095793;0;0;0,888;0,03;6;All_Others;0,75
KLRB1;3,33782463156731;0;0;0,919;0,076;6;All_Others;0,75
IL2RB;5,57274814636938;0;0;0,901;0,061;6;All_Others;0,75
TBX21;6,31483443891297;0;0;0,839;0,022;6;All_Others;0,75
CCL5;3,87861079368975;0;0;0,883;0,1;6;All_Others;0,75
MATK;4,33762956721571;0;0;0,832;0,087;6;All_Others;0,75
CX3CR1;4,30927618456554;0;0;0,874;0,136;6;All_Others;0,75
CTSW;4,05946589886473;0;0;1;0,267;6;All_Others;0,75
CCL4;6,60257700132887;0;0;0,751;0,027;6;All_Others;0,75
APMAP;3,66146869873154;0;0;0,85;0,177;6;All_Others;0,75
GZMM;3,14148741150698;3,76306291832062e-296;6,8344748722539e-292;0,93;0,287;6;All_Others;0,75
CD247;3,06307295735631;1,5187935892264e-294;2,75843291675299e-290;0,987;0,386;6;All_Others;0,75
IFITM1;2,36621238556105;5,99852185909179e-259;1,08945154004825e-254;0,998;0,528;6;All_Others;0,75
EFHD2;2,50999478821546;9,19125189944484e-250;1,66931516997717e-245;0,993;0,455;6;All_Others;0,75
B2M;1,3249359856837;1,76306742477637e-246;3,20208305687884e-242;1;0,996;6;All_Others;0,75
ABHD17A;2,72977901362566;8,72824011850396e-241;1,58522297032269e-236;0,962;0,471;6;All_Others;0,75
CD7;2,49206356983292;1,18028694320125e-237;2,14363714624211e-233;0,982;0,434;6;All_Others;0,75
PFN1;1,53341476005614;8,51751031563836e-229;1,54695022352624e-224;1;0,981;6;All_Others;0,75
IFITM2;2,64326141782967;9,36875002738358e-220;1,70155237997341e-215;0,951;0,52;6;All_Others;0,75
PLEK;2,39138047608195;4,40350785182984e-212;7,99765096049335e-208;0,915;0,333;6;All_Others;0,75
ARL4C;2,25049292378768;1,66792424932049e-206;3,02928402161588e-202;0,955;0,444;6;All_Others;0,75
SRGN;1,94045424129291;9,31676100640376e-206;1,69211013398305e-201;0,996;0,649;6;All_Others;0,75
XBP1;2,58314943053418;4,15240124034005e-196;7,54159113270559e-192;0,881;0,365;6;All_Others;0,75
ZAP70;2,2381775317526;1,25062170733779e-194;2,2713791448669e-190;0,901;0,34;6;All_Others;0,75
HCST;1,95578750852726;5,96454917146142e-188;1,08328142052082e-183;0,98;0,712;6;All_Others;0,75
MYL12A;1,45478575251178;1,34619324287924e-187;2,44495616771727e-183;0,998;0,912;6;All_Others;0,75
HLA-A;1,03463861534666;7,1586100030441e-184;1,30014674875287e-179;1;0,981;6;All_Others;0,75
PLAAT4;2,14083933597589;9,25834402720142e-184;1,68150044222032e-179;0,939;0,479;6;All_Others;0,75
CTSC;2,38316644931997;2,06476031061339e-176;3,75001767613603e-172;0,841;0,358;6;All_Others;0,75
RAP1B;1,79382992948795;3,7977609157619e-174;6,89749337520677e-170;0,973;0,688;6;All_Others;0,75
CD99;1,79395881336298;1,09990333800469e-173;1,99764444248412e-169;0,971;0,679;6;All_Others;0,75
ARPC5L;2,43010612779385;1,26515022322455e-172;2,29776583542043e-168;0,776;0,277;6;All_Others;0,75
SLC9A3R1;2,15432992664223;3,23844629361358e-171;5,88166615846098e-167;0,904;0,474;6;All_Others;0,75
CFL1;1,2107843197026;7,30203565857028e-170;1,32619571630953e-165;1;0,965;6;All_Others;0,75
CALM1;1,34408772088404;6,88880157471384e-169;1,25114414199953e-164;0,996;0,901;6;All_Others;0,75
HLA-B;0,88692818802693;1,24307526070435e-168;2,25767328849123e-164;1;0,991;6;All_Others;0,75
LITAF;2,03966066315061;1,40445979929493e-166;2,55077988747945e-162;0,926;0,522;6;All_Others;0,75
RAC2;1,4495694977125;8,33934067248804e-164;1,51459105293728e-159;0,984;0,831;6;All_Others;0,75
CD81;2,004351534106;2,17638075852084e-163;3,95274273362555e-159;0,919;0,485;6;All_Others;0,75
ALOX5AP;2,40432272886788;2,36985110594093e-160;4,30412357860992e-156;0,809;0,336;6;All_Others;0,75
HLA-C;1,04864842464857;2,52546931456716e-159;4,58675736911687e-155;1;0,979;6;All_Others;0,75
ITGB2;1,50663451913876;5,06298990405879e-159;9,19540226375157e-155;0,998;0,796;6;All_Others;0,75
CLIC1;1,54316805258948;6,31895002552464e-152;1,14764770363578e-147;0,982;0,689;6;All_Others;0,75
FCER1G;1,58856216505722;1,83312763947896e-148;3,32932641882168e-144;0,96;0,39;6;All_Others;0,75
GNG2;2,26733589978902;2,22215571245435e-146;4,03587920495959e-142;0,771;0,313;6;All_Others;0,75
JAK1;1,73594273526891;2,42419609379144e-143;4,40282494554401e-139;0,942;0,723;6;All_Others;0,75
PLAC8;2,02568334054457;2,89359572426681e-143;5,25534855441339e-139;0,848;0,395;6;All_Others;0,75
DHRS7;1,93552689730347;1,03946628024062e-137;1,88787865817302e-133;0,834;0,405;6;All_Others;0,75
UBB;1,47102424495415;8,34556974987687e-136;1,51572237797264e-131;0,957;0,744;6;All_Others;0,75
PDIA3;1,77586603277608;1,11968515128004e-134;2,0335721717548e-130;0,897;0,583;6;All_Others;0,75
TGFB1;1,36005071863149;6,08289813581562e-130;1,10477595942683e-125;0,962;0,769;6;All_Others;0,75
CYBA;1,08373635161425;4,11783757636607e-121;7,47881660619605e-117;0,998;0,92;6;All_Others;0,75
CCND3;1,48069776976923;2,93248053744262e-120;5,32597115210328e-116;0,935;0,681;6;All_Others;0,75
LY6E;1,69670012287171;8,14363215604578e-119;1,47904647218103e-114;0,899;0,593;6;All_Others;0,75
PSME1;1,1981032619256;2,33448205558406e-118;4,23988630935176e-114;0,957;0,826;6;All_Others;0,75
HLA-E;0,970814311750695;2,47965920606709e-118;4,50355705005906e-114;0,998;0,95;6;All_Others;0,75
CD63;1,91205563874506;2,88453261588416e-118;5,23888813696881e-114;0,805;0,387;6;All_Others;0,75
PRKCH;1,86402062285653;4,51185017733249e-117;8,19442229207127e-113;0,76;0,318;6;All_Others;0,75
SYTL1;1,78425656105158;1,01167068075812e-111;1,8373962903929e-107;0,778;0,368;6;All_Others;0,75
SEPTIN7;1,3901572697531;1,78870165953423e-106;3,24863995404607e-102;0,908;0,656;6;All_Others;0,75
ARPC2;1,0406407029292;2,35396025239255e-105;4,27526261039536e-101;0,98;0,902;6;All_Others;0,75
ADGRE5;1,58168895113002;5,12266290335953e-102;9,30378036508157e-98;0,832;0,457;6;All_Others;0,75
PPP1R18;1,56820468774243;8,46801814701668e-101;1,53796145586117e-96;0,852;0,528;6;All_Others;0,75
OSTF1;1,65533659152704;9,29289289049568e-101;1,68777520677183e-96;0,796;0,452;6;All_Others;0,75
EVL;1,21535823074703;2,65480401218063e-98;4,82165504692247e-94;0,953;0,618;6;All_Others;0,75
DENND2D;1,70712929557585;3,18370493217569e-98;5,78224489781749e-94;0,771;0,383;6;All_Others;0,75
BIN2;1,44857609219635;1,61146489511615e-97;2,92674254250995e-93;0,87;0,573;6;All_Others;0,75
MBP;1,59268752221131;7,58967000431653e-97;1,37843586618397e-92;0,798;0,449;6;All_Others;0,75
CD53;1,31070578675641;1,96458106991341e-93;3,56807213917673e-89;0,895;0,655;6;All_Others;0,75
IFITM3;1,56635135928241;2,54406046249018e-92;4,62052261197466e-88;0,787;0,439;6;All_Others;0,75
ACTB;0,892230104029598;5,09598085777706e-92;9,2553204338947e-88;1;0,994;6;All_Others;0,75
DBI;1,50350307168009;9,03499445398813e-90;1,64093569273332e-85;0,841;0,552;6;All_Others;0,75
SUN2;1,30923898878224;7,86380134912373e-89;1,42822360102785e-84;0,888;0,586;6;All_Others;0,75
PTPRC;0,796851577029421;1,59928143731624e-87;2,90461494645375e-83;0,996;0,937;6;All_Others;0,75
PPP1CA;1,24185800066275;4,5474697239532e-86;8,25911451264381e-82;0,892;0,665;6;All_Others;0,75
FAM49B;1,4558789896446;6,43240137536198e-84;1,16825273779324e-79;0,789;0,475;6;All_Others;0,75
PSME2;1,36146376898843;4,12970242314268e-83;7,50036554091174e-79;0,843;0,585;6;All_Others;0,75
MYL12B;0,995667385794253;2,79001971728972e-81;5,06723381054159e-77;0,955;0,812;6;All_Others;0,75
ANXA6;1,36726047387401;1,02991725085037e-80;1,87053571099445e-76;0,845;0,582;6;All_Others;0,75
FYN;1,42249766573137;3,53113693331604e-80;6,41325089828859e-76;0,805;0,497;6;All_Others;0,75
PSMB9;1,25592093922925;2,32708326328511e-77;4,22644862277842e-73;0,872;0,638;6;All_Others;0,75
CALR;1,55279812418269;3,6511446957071e-77;6,63120899634323e-73;0,816;0,551;6;All_Others;0,75
PSMB10;1,31055786125227;3,18190501645751e-76;5,77897589089013e-72;0,83;0,58;6;All_Others;0,75
LCP1;0,968935829441155;3,61136290215437e-76;6,55895730289278e-72;0,964;0,803;6;All_Others;0,75
SELPLG;1,30058886479961;5,41077853025758e-76;9,82705596665381e-72;0,823;0,54;6;All_Others;0,75
PPIB;1,18544530805121;3,97427114761547e-75;7,21807125829922e-71;0,897;0,75;6;All_Others;0,75
NDUFB2;1,1958239569257;1,67471701636855e-72;3,04162104512856e-68;0,863;0,654;6;All_Others;0,75
ACTG1;0,8889819501953;2,44204848329401e-72;4,43524845535859e-68;0,998;0,972;6;All_Others;0,75
ARHGDIB;0,621263383227655;1,21236434607283e-71;2,20189612533747e-67;1;0,953;6;All_Others;0,75
CORO1A;0,757368977095143;1,50849716122943e-71;2,7397325442249e-67;0,991;0,95;6;All_Others;0,75
YWHAZ;0,892683507178468;1,24704998039405e-68;2,26489217439167e-64;0,951;0,833;6;All_Others;0,75
PRDX5;1,26750115535989;5,5688608204856e-68;1,0114165022166e-63;0,783;0,522;6;All_Others;0,75
TXNIP;0,770076174563469;1,65512236937529e-66;3,0060332472594e-62;0,993;0,958;6;All_Others;0,75
MSN;1,01060707863624;1,4514528423353e-62;2,63612865224938e-58;0,883;0,684;6;All_Others;0,75
TYROBP;0,776772768063449;5,24733947053981e-61;9,5302179463944e-57;0,973;0,391;6;All_Others;0,75
WDR1;1,15449070520855;3,27088735805394e-60;5,94058561969756e-56;0,798;0,57;6;All_Others;0,75
MYL6;0,575793903086571;6,11697933827379e-60;1,11096578741729e-55;0,993;0,943;6;All_Others;0,75
PCBP1;0,701907498776345;1,07109058552304e-58;1,94531472142694e-54;0,975;0,893;6;All_Others;0,75
PRMT2;1,10020192272734;5,73500637315349e-58;1,04159185749214e-53;0,805;0,552;6;All_Others;0,75
KLF2;0,740814684853183;7,69899415982304e-56;1,39829131930706e-51;0,984;0,885;6;All_Others;0,75
GUK1;1,04582912598344;1,79802341458946e-55;3,26557012557738e-51;0,807;0,599;6;All_Others;0,75
H3-3B;0,550110858032053;1,14055704290359e-51;2,0714797013215e-47;0,989;0,968;6;All_Others;0,75
FGR;0,837266599939595;5,82634131620787e-51;1,05818010984967e-46;0,765;0,363;6;All_Others;0,75
CSK;0,95997852646123;2,00999425272731e-50;3,65055156180334e-46;0,814;0,64;6;All_Others;0,75
TLE5;0,742032671275875;4,30731932614785e-49;7,82295336014973e-45;0,966;0,773;6;All_Others;0,75
TBC1D10C;1,05046600146787;1,04621021509073e-46;1,90012699264779e-42;0,78;0,544;6;All_Others;0,75
CAPNS1;1,06536821323991;1,50895937302202e-43;2,7405720132826e-39;0,756;0,554;6;All_Others;0,75
ACTR3;0,832608652606926;1,68535985809734e-43;3,06095057427639e-39;0,848;0,702;6;All_Others;0,75
HLA-F;0,974760487859702;1,03095699246024e-41;1,87242408970629e-37;0,765;0,595;6;All_Others;0,75
UBC;0,549112256815877;1,16703294821098e-41;2,11956524054079e-37;0,993;0,959;6;All_Others;0,75
EIF3G;0,945109090709568;2,09116431024114e-41;3,79797262025995e-37;0,841;0,739;6;All_Others;0,75
HSPA8;0,702702927754558;3,29790478245448e-41;5,98965466589383e-37;0,962;0,809;6;All_Others;0,75
LCP2;0,908778907523857;1,20631031749681e-40;2,1909007986377e-36;0,76;0,541;6;All_Others;0,75
DRAP1;0,906082637068658;3,42297440858932e-40;6,21680612087992e-36;0,762;0,557;6;All_Others;0,75
ARF1;0,842889055176296;6,83494060922947e-40;1,24136191344826e-35;0,807;0,661;6;All_Others;0,75
RHOA;0,554734620924517;7,77318763513757e-40;1,41176633829369e-35;0,969;0,903;6;All_Others;0,75
CAPZB;0,733316295090018;1,14783435256655e-39;2,08469675113136e-35;0,89;0,778;6;All_Others;0,75
LSP1;0,550863254739446;1,65154441357162e-39;2,99953496392877e-35;0,971;0,884;6;All_Others;0,75
EMP3;0,618721027531892;1,7082162575131e-39;3,10246236689529e-35;0,964;0,867;6;All_Others;0,75
PPIA;0,610052623851951;4,2733039689938e-39;7,76117466848654e-35;0,955;0,882;6;All_Others;0,75
CIRBP;0,782212297531247;7,26340807253515e-39;1,31918017413383e-34;0,895;0,773;6;All_Others;0,75
HSP90B1;0,778689520187361;5,55765150641335e-38;1,00938066659479e-33;0,818;0,661;6;All_Others;0,75
FLNA;0,750706568661466;1,07503717291979e-37;1,95248251345693e-33;0,852;0,61;6;All_Others;0,75
ICAM3;0,880349119313387;1,38686329728162e-37;2,51882112052289e-33;0,78;0,607;6;All_Others;0,75
POLR2L;0,821560521303782;1,40339727114094e-37;2,54885012384618e-33;0,843;0,68;6;All_Others;0,75
LCK;0,86479304897624;2,08410128943256e-37;3,78514476186742e-33;0,765;0,463;6;All_Others;0,75
CAP1;0,689064267378534;6,84312110513564e-33;1,24284765511473e-28;0,863;0,766;6;All_Others;0,75
SUB1;0,689692450801617;1,64029911571226e-32;2,97911125395661e-28;0,843;0,716;6;All_Others;0,75
HNRNPF;0,824800751536425;1,92678150850865e-32;3,49942057575342e-28;0,767;0,644;6;All_Others;0,75
TRAPPC1;0,768110883015218;2,09291505038626e-32;3,80115231451153e-28;0,767;0,609;6;All_Others;0,75
UCP2;0,699485340416808;8,52735829011855e-32;1,54873881265133e-27;0,854;0,707;6;All_Others;0,75
GIMAP4;0,758356445230971;2,65279943121002e-30;4,81801432696364e-26;0,83;0,671;6;All_Others;0,75
TPI1;0,649385302750736;5,6856883387834e-30;1,03263471608984e-25;0,834;0,672;6;All_Others;0,75
HNRNPA2B1;0,531648432841386;5,14984818050166e-29;9,35315426542711e-25;0,982;0,934;6;All_Others;0,75
GIMAP7;0,576496069073142;1,61910838031879e-28;2,94062464033498e-24;0,908;0,708;6;All_Others;0,75
YPEL3;0,779154527916111;2,47620681683756e-27;4,49728682074037e-23;0,796;0,679;6;All_Others;0,75
TUBA1B;0,776135418756804;2,60406703348614e-27;4,72950654621752e-23;0,778;0,649;6;All_Others;0,75
HSP90AA1;0,608722162274317;2,77535852321217e-27;5,04060614985795e-23;0,881;0,765;6;All_Others;0,75
SSR4;0,714164220263789;2,92438733413464e-27;5,31127227625534e-23;0,805;0,725;6;All_Others;0,75
UBL5;0,554687002589075;1,17512672118555e-26;2,13426515101719e-22;0,901;0,808;6;All_Others;0,75
ARL6IP5;0,632677792385826;9,57972251741767e-26;1,7398692036134e-21;0,834;0,716;6;All_Others;0,75
RBM3;0,691966877722146;1,5065528546481e-24;2,73620129461188e-20;0,818;0,713;6;All_Others;0,75
COX6A1;0,560555005403723;1,99534020193868e-23;3,62393687476103e-19;0,854;0,747;6;All_Others;0,75
ARHGEF1;0,627829563840628;1,49940325234308e-22;2,72321618690549e-18;0,753;0,646;6;All_Others;0,75
NCL;0,546129975431456;2,412854866626e-22;4,38222700876614e-18;0,872;0,768;6;All_Others;0,75
ANXA1;0,610116957283564;3,26853809638408e-22;5,93631889065276e-18;0,818;0,609;6;All_Others;0,75
HNRNPK;0,517883904468982;1,35798690837731e-20;2,46637582299487e-16;0,877;0,807;6;All_Others;0,75
ATP5F1B;0,537626594407441;1,76725233691198e-20;3,20968369429955e-16;0,798;0,693;6;All_Others;0,75
CDC42;0,54611486377906;5,72168172977869e-20;1,03917183576241e-15;0,827;0,755;6;All_Others;0,75
H4C3;0,516778343409894;4,72390693717565e-14;8,57955977929842e-10;0,794;0,701;6;All_Others;0,75
TRAF3IP3;0,506666011733356;5,49485847370042e-14;9,97976195993471e-10;0,807;0,735;6;All_Others;0,75
H1-4;0,551567753901354;1,03294994497789e-11;1,87604369006885e-07;0,751;0,69;6;All_Others;0,75
TRBV20-1;6,9866079980737;0;0;0,811;0,012;7;All_Others;0,75
CD3E;1,20325553679382;2,39983700425019e-102;4,3585839671192e-98;0,993;0,461;7;All_Others;0,75
LEF1;1,2608952351573;5,91453895718939e-98;1,07419856540474e-93;0,909;0,368;7;All_Others;0,75
TCF7;1,19875161798126;8,63601742169509e-95;1,56847348412826e-90;0,962;0,442;7;All_Others;0,75
CD3D;1,17193285602455;3,01085272711872e-89;5,46831072299301e-85;0,95;0,424;7;All_Others;0,75
RPS27A;0,643558641244364;1,83936898208063e-86;3,34066194525484e-82;1;0,985;7;All_Others;0,75
RPL30;0,620366481820599;1,67485011876984e-84;3,04186278570978e-80;1;0,985;7;All_Others;0,75
RPS15A;0,653919512763798;2,72199291508404e-84;4,94368353237563e-80;1;0,984;7;All_Others;0,75
RPL34;0,560667074472949;1,47760908883025e-83;2,6836336271335e-79;1;0,987;7;All_Others;0,75
RPS12;0,697361597435683;4,99029160064626e-83;9,06336760509374e-79;1;0,986;7;All_Others;0,75
RPS14;0,584994995501037;9,07819850133569e-80;1,64878241181259e-75;1;0,984;7;All_Others;0,75
RPS3A;0,634787507912166;2,84953546376986e-78;5,17532630929882e-74;1;0,982;7;All_Others;0,75
RPL11;0,529186688401028;5,75866412954447e-78;1,04588857920787e-73;1;0,99;7;All_Others;0,75
RPL32;0,60093846015987;1,80168929367125e-76;3,27222809516573e-72;0,998;0,987;7;All_Others;0,75
RPL14;0,636176835623557;1,8569588556765e-76;3,37260867367966e-72;0,998;0,973;7;All_Others;0,75
IL7R;1,00952495695733;8,92901699379067e-76;1,62168806641226e-71;0,933;0,441;7;All_Others;0,75
CD3G;1,14321073750798;1,97663764993397e-75;3,58996929981008e-71;0,854;0,391;7;All_Others;0,75
RPS3;0,652009364987117;6,12130281423553e-75;1,11175101712146e-70;1;0,981;7;All_Others;0,75
RPS27;0,735458963862627;4,50901326284307e-74;8,18926988797559e-70;1;0,969;7;All_Others;0,75
RPS25;0,683579672973658;3,38618699325862e-73;6,1499928171563e-69;1;0,962;7;All_Others;0,75
CCR7;1,12642266642275;4,86056790132084e-73;8,82776342237891e-69;0,864;0,408;7;All_Others;0,75
RPL35A;0,52630647760233;8,20269082271418e-73;1,48977270722135e-68;1;0,982;7;All_Others;0,75
RPL5;0,615296096845839;2,1132801853055e-72;3,83813947255184e-68;1;0,971;7;All_Others;0,75
RPL37;0,512334774413313;2,4187053911076e-71;4,39285273132963e-67;1;0,984;7;All_Others;0,75
RPL3;0,69982110469868;4,36760213290959e-71;7,93243899379039e-67;1;0,951;7;All_Others;0,75
RPL10;0,57601090287413;9,4043301618389e-71;1,70801444399318e-66;1;0,989;7;All_Others;0,75
RPS4X;0,584621605729436;3,37878013193861e-69;6,1365404756269e-65;1;0,976;7;All_Others;0,75
RPL19;0,509131196916162;5,36191413770205e-69;9,73830845689447e-65;1;0,987;7;All_Others;0,75
NOSIP;1,05923500290392;6,20963940878645e-69;1,1277947094238e-64;0,897;0,561;7;All_Others;0,75
RPS6;0,61211365132255;7,69608188940643e-69;1,397762392754e-64;1;0,971;7;All_Others;0,75
RPL13;0,554065642176467;1,32267356584325e-66;2,40223973028452e-62;1;0,99;7;All_Others;0,75
PIK3IP1;1,16906508971666;1,62287283243918e-66;2,94746163827603e-62;0,787;0,373;7;All_Others;0,75
RPS21;0,552858225752169;3,72148662130632e-66;6,75896400161653e-62;1;0,985;7;All_Others;0,75
SARAF;0,795017470446215;5,08766003926662e-66;9,24020816331604e-62;0,995;0,842;7;All_Others;0,75
RPL36;0,543806685967666;1,03497715863345e-65;1,87972551551007e-61;0,998;0,976;7;All_Others;0,75
CD27;1,1765125840416;9,07542711267768e-65;1,64827907220452e-60;0,778;0,361;7;All_Others;0,75
RPS18;0,622898452676352;5,879760796733e-64;1,06788215590265e-59;1;0,975;7;All_Others;0,75
RPS8;0,503707739566025;1,79044801755931e-63;3,25181168949122e-59;1;0,988;7;All_Others;0,75
RPS29;0,622435642752921;7,14793172908557e-63;1,29820736063652e-58;0,998;0,948;7;All_Others;0,75
IL32;0,85859418870255;5,57375783233098e-62;1,01230589750795e-57;0,981;0,487;7;All_Others;0,75
EEF1B2;0,677973305694214;3,01854391777929e-60;5,48227946347075e-56;0,993;0,916;7;All_Others;0,75
NPM1;0,738227783536577;3,51621169156384e-59;6,38614367421824e-55;0,998;0,828;7;All_Others;0,75
RPS23;0,519573458805994;2,74530172980823e-57;4,98601700167772e-53;0,998;0,98;7;All_Others;0,75
GIMAP7;0,820936097246169;1,03759989217341e-55;1,88448892416534e-51;0,976;0,705;7;All_Others;0,75
RPL10A;0,570084526775811;2,43422560685065e-55;4,42104054716215e-51;0,998;0,944;7;All_Others;0,75
RPS5;0,64856262770571;9,57631355429742e-55;1,7392500677315e-50;1;0,927;7;All_Others;0,75
IFITM1;0,727014895769397;3,52463528540552e-54;6,40144260535351e-50;0,971;0,531;7;All_Others;0,75
RPL4;0,540762371101824;4,53310881784356e-54;8,23303223496748e-50;0,998;0,949;7;All_Others;0,75
LTB;0,762471774448951;1,40440882642195e-52;2,55068731054754e-48;0,983;0,619;7;All_Others;0,75
ETS1;0,858119310366505;4,44839603050731e-52;8,07917687060737e-48;0,897;0,529;7;All_Others;0,75
TLE5;0,742265711798832;7,08307727099063e-52;1,28642849395732e-47;0,986;0,773;7;All_Others;0,75
C12orf57;0,806900212107782;2,67839785456074e-49;4,86450618345322e-45;0,952;0,685;7;All_Others;0,75
LCK;0,844611941758547;3,35113805215809e-49;6,08633693032952e-45;0,866;0,459;7;All_Others;0,75
RPL38;0,515683191649897;9,93935838025868e-49;1,80518626902258e-44;0,998;0,941;7;All_Others;0,75
RPSA;0,626530716491988;1,21794569908848e-48;2,21203297868449e-44;0,995;0,894;7;All_Others;0,75
LAT;0,922469877386703;2,80032339785274e-46;5,08594735518015e-42;0,768;0,405;7;All_Others;0,75
RPL22;0,508990209479554;3,16456468243793e-46;5,74748237624377e-42;0,995;0,939;7;All_Others;0,75
NDFIP1;0,841659172133115;6,09746938364086e-46;1,10742238945685e-41;0,864;0,58;7;All_Others;0,75
RPS2P5;0,576587021276037;1,67273492775805e-43;3,03802117579418e-39;0,983;0,882;7;All_Others;0,75
LEPROTL1;0,908259991468711;4,9756840009503e-43;9,03683728252593e-39;0,828;0,498;7;All_Others;0,75
TMEM123;0,915266363028038;5,19957718117547e-42;9,44347207645089e-38;0,837;0,578;7;All_Others;0,75
NOP53;0,678938807526466;8,94463726220335e-41;1,62452501956137e-36;0,947;0,764;7;All_Others;0,75
CD7;0,610900493421758;1,39014235981921e-40;2,52477655390364e-36;0,84;0,443;7;All_Others;0,75
HSPA8;0,611798162783658;1,66220600680747e-39;3,01889854956372e-35;0,988;0,808;7;All_Others;0,75
EVL;0,658546618497037;3,18227639226351e-38;5,77965038362899e-34;0,928;0,621;7;All_Others;0,75
FCMR;0,620619980409548;1,44286112079431e-32;2,62052436758662e-28;0,83;0,484;7;All_Others;0,75
SELL;0,575710699137514;4,81336045947404e-31;8,74202526649676e-27;0,943;0,705;7;All_Others;0,75
RGS10;0,655943328925943;1,18070445288079e-29;2,14439542732209e-25;0,801;0,537;7;All_Others;0,75
GYPC;0,696033056586553;2,78835476384462e-29;5,0642099220946e-25;0,789;0,519;7;All_Others;0,75
SOD1;0,67715501949683;6,51293792578724e-29;1,18287978608148e-24;0,828;0,607;7;All_Others;0,75
LBH;0,725351132006395;9,70977987669093e-29;1,76349022120461e-24;0,763;0,452;7;All_Others;0,75
EIF3E;0,610951575932743;1,24136728416651e-28;2,25457126150322e-24;0,907;0,737;7;All_Others;0,75
TRAF3IP3;0,555875970312315;8,33581104829996e-28;1,51395000259224e-23;0,935;0,729;7;All_Others;0,75
RPS20;0,507073269021578;8,96838835806785e-28;1,62883869359228e-23;0,959;0,839;7;All_Others;0,75
MZT2B;0,540968197265068;2,14760867471553e-24;3,90048687501835e-20;0,911;0,726;7;All_Others;0,75
PLAAT4;0,557745853528796;1,1274443461177e-23;2,04766442141896e-19;0,761;0,489;7;All_Others;0,75
ANP32B;0,531676358980672;1,68741376360864e-22;3,06468087746602e-18;0,892;0,713;7;All_Others;0,75
SUN2;0,566431658060373;9,73175061029259e-22;1,76748054584134e-17;0,821;0,59;7;All_Others;0,75
ST13;0,574463554597973;2,24006378506522e-21;4,06840384643546e-17;0,809;0,619;7;All_Others;0,75
RPL21;0,519140010217749;5,68040974832789e-21;1,03167601849131e-16;0,883;0,718;7;All_Others;0,75
TBC1D10C;0,51725633801363;8,92847539444046e-20;1,62158970113828e-15;0,782;0,545;7;All_Others;0,75
GSTK1;0,534182879406436;7,97342147499755e-16;1,44813280828905e-11;0,859;0,735;7;All_Others;0,75
S100A8;3,37751700987142;5,29306165464641e-282;9,61325857716881e-278;1;0,369;8;All_Others;0,75
S100A12;3,28896004212086;2,51804565458026e-279;4,57327451784866e-275;1;0,289;8;All_Others;0,75
RBP7;2,95861058085374;3,97933636417726e-196;7,22727070461874e-192;0,777;0,189;8;All_Others;0,75
MNDA;2,22394508802558;3,20836113072645e-191;5,82702548562538e-187;0,972;0,326;8;All_Others;0,75
S100A6;2,14222861225136;8,64208621702769e-188;1,56957569873657e-183;1;0,893;8;All_Others;0,75
S100A9;2,04798971380435;7,81474508600644e-182;1,41931400252049e-177;1;0,364;8;All_Others;0,75
S100A4;1,87998357053033;3,9266349660495e-179;7,1315544253391e-175;1;0,787;8;All_Others;0,75
TYROBP;1,76518540903121;5,77132928116888e-160;1,04818882404589e-155;0,992;0,396;8;All_Others;0,75
LYZ;1,80015022775692;4,86442272973228e-158;8,83476456173976e-154;1;0,362;8;All_Others;0,75
VCAN;1,78488465835711;6,45500693850808e-157;1,17235836017184e-152;0,989;0,325;8;All_Others;0,75
FCN1;1,76613327223536;2,56769662340742e-152;4,66345060743255e-148;0,986;0,328;8;All_Others;0,75
RGS2;2,48537196016463;3,22722604103902e-149;5,86128793573506e-145;0,78;0,235;8;All_Others;0,75
S100A11;1,80922867417827;3,67075087473507e-147;6,66681773869383e-143;0,997;0,649;8;All_Others;0,75
CEBPD;1,87808505330977;3,72777100826162e-145;6,77037770520476e-141;0,972;0,386;8;All_Others;0,75
CSTA;2,145571722309;7,301848274108e-144;1,32616168354349e-139;0,854;0,289;8;All_Others;0,75
TSPO;1,84868341300929;8,22920396547382e-142;1,49458802420936e-137;0,983;0,693;8;All_Others;0,75
AIF1;1,75624664202286;3,1686302822413e-138;5,75486631860664e-134;0,994;0,499;8;All_Others;0,75
ATP5F1E;1,07918474945756;8,60913961858776e-138;1,56359193752791e-133;1;0,973;8;All_Others;0,75
CST3;1,55256503769267;3,94140464983967e-136;7,1583791250388e-132;1;0,363;8;All_Others;0,75
FOS;1,8843730429394;7,28301663830737e-135;1,32274148184938e-130;1;0,591;8;All_Others;0,75
STXBP2;2,16275374478116;2,61097732806409e-127;4,74205702323001e-123;0,839;0,325;8;All_Others;0,75
CFD;2,13419867724143;2,67444844173034e-123;4,85733325987065e-119;0,808;0,285;8;All_Others;0,75
LST1;1,67628064387701;1,91307355974082e-122;3,47452419920128e-118;0,915;0,358;8;All_Others;0,75
GAPDH;1,32871981236461;2,59906187185831e-122;4,72041617166906e-118;0,992;0,927;8;All_Others;0,75
GPX1;1,51933551800209;7,15476901368529e-120;1,29944914826552e-115;0,994;0,634;8;All_Others;0,75
CD14;1,75542298460327;4,24130236964362e-117;7,70305336374674e-113;0,834;0,277;8;All_Others;0,75
CTSD;2,13688916541158;6,01210561038106e-117;1,09191862095741e-112;0,763;0,271;8;All_Others;0,75
FCER1G;1,60247246087518;9,5192703703583e-117;1,72888988466448e-112;0,955;0,396;8;All_Others;0,75
FTL;1,38811252643199;2,26980777552989e-115;4,12242488191738e-111;1;0,978;8;All_Others;0,75
GABARAP;1,39295638453458;3,91650490552046e-115;7,11315620940626e-111;0,975;0,861;8;All_Others;0,75
SERF2;0,997759165612623;6,80295371887501e-113;1,23555245442208e-108;1;0,972;8;All_Others;0,75
LGALS1;1,52596918824778;2,38043117327781e-109;4,32333909690716e-105;0,969;0,454;8;All_Others;0,75
MYL6;1,08795902655188;1,401013613452e-108;2,54452092475152e-104;0,997;0,944;8;All_Others;0,75
SERPINA1;1,63197193221556;7,08215896252757e-107;1,28626171077426e-102;0,837;0,298;8;All_Others;0,75
TALDO1;1,70471023663446;1,27394706863968e-104;2,31374266606339e-100;0,91;0,583;8;All_Others;0,75
CTSS;1,50015140463757;5,74211987335835e-101;1,04288381139934e-96;0,969;0,567;8;All_Others;0,75
BRI3;1,68585589245074;3,16666005970335e-100;5,75128800043323e-96;0,893;0,512;8;All_Others;0,75
FTH1;1,12608006941931;1,48066531041688e-99;2,68918433677913e-95;1;0,981;8;All_Others;0,75
TYMP;1,52792022924718;2,20331663575517e-98;4,00166367385854e-94;0,901;0,397;8;All_Others;0,75
CSF3R;1,63865530489676;4,30238513554346e-97;7,81399188317404e-93;0,789;0,292;8;All_Others;0,75
ELOB;1,36931860153529;1,42078427998779e-96;2,58042840931382e-92;0,952;0,837;8;All_Others;0,75
OAZ1;1,07546322955308;7,96873683048159e-96;1,44728198315207e-91;0,989;0,939;8;All_Others;0,75
SH3BGRL3;1,00541987129796;4,54382081339497e-95;8,25248736128795e-91;0,994;0,956;8;All_Others;0,75
CYBB;1,5880734044758;1,80283442197642e-87;3,27430787719358e-83;0,831;0,37;8;All_Others;0,75
COTL1;1,20161989109762;1,31335110367028e-85;2,38530827448596e-81;0,977;0,739;8;All_Others;0,75
CD36;1,51273306267577;2,37197819920187e-85;4,30798680539044e-81;0,766;0,285;8;All_Others;0,75
ACTB;0,62960566345978;1,3305477821787e-84;2,41654088199295e-80;1;0,994;8;All_Others;0,75
LGALS3;1,68585957871948;1,30191814651384e-83;2,36454373769843e-79;0,766;0,322;8;All_Others;0,75
PYCARD;1,48015495314454;4,86359396145176e-78;8,83325935278869e-74;0,851;0,47;8;All_Others;0,75
SPI1;1,2351522423324;1,63764099509536e-75;2,9742835752922e-71;0,862;0,367;8;All_Others;0,75
DUSP1;1,35395851602646;2,05542699121196e-75;3,73306650143915e-71;0,924;0,609;8;All_Others;0,75
GSTP1;1,25961794205384;3,1159730191047e-69;5,65923019729795e-65;0,924;0,637;8;All_Others;0,75
SRGN;1,17559044710152;1,51824663699411e-68;2,7574395421087e-64;0,918;0,656;8;All_Others;0,75
SERPINB1;1,56797952447988;1,58791494957695e-66;2,88397113142166e-62;0,794;0,567;8;All_Others;0,75
APLP2;1,46685611388181;3,07102294640678e-66;5,57759187526399e-62;0,777;0,399;8;All_Others;0,75
H3-3A;0,985971995093935;6,7141364415062e-65;1,21942146050636e-60;0,946;0,881;8;All_Others;0,75
PSAP;1,01407320855332;3,67931389923947e-64;6,68236990379872e-60;0,958;0,708;8;All_Others;0,75
CYBA;0,872190107303852;6,36629518648785e-63;1,15624653176992e-58;0,977;0,922;8;All_Others;0,75
TKT;1,25506732903006;6,29487742488933e-62;1,1432756379084e-57;0,856;0,632;8;All_Others;0,75
S100A10;1,04913040702914;2,42304210012593e-58;4,40072906224871e-54;0,935;0,822;8;All_Others;0,75
VIM;0,717504712381932;5,80292558830565e-54;1,05392734534807e-49;0,989;0,937;8;All_Others;0,75
ALDOA;1,22143157460755;5,94546314120054e-48;1,07981501570484e-43;0,803;0,673;8;All_Others;0,75
PKM;1,04139261503969;5,98917438400454e-48;1,0877538516229e-43;0,848;0,74;8;All_Others;0,75
LSP1;0,860264328359649;8,29126673877286e-47;1,50585986509593e-42;0,93;0,886;8;All_Others;0,75
GNG5;1,23823419891926;4,23614304247504e-46;7,69368299374317e-42;0,786;0,644;8;All_Others;0,75
RAC1;1,05389320355014;7,36624763404212e-44;1,33785789529473e-39;0,817;0,637;8;All_Others;0,75
EFHD2;0,943383021062344;5,8948693633285e-42;1,07062617376772e-37;0,792;0,469;8;All_Others;0,75
ARPC3;0,808937217182612;2,40149370439356e-41;4,36159286591958e-37;0,921;0,899;8;All_Others;0,75
CLIC1;0,898992671087544;5,12730661807521e-41;9,31221427974819e-37;0,865;0,697;8;All_Others;0,75
UQCR11;0,872758396042501;6,74902044951986e-40;1,2257570940418e-35;0,89;0,837;8;All_Others;0,75
ITGB2;0,780627306582577;2,02538106274442e-38;3,67849708615641e-34;0,915;0,802;8;All_Others;0,75
LAMTOR4;1,10123898871492;2,75587269803954e-38;5,00521599417941e-34;0,789;0,692;8;All_Others;0,75
FGF23;1,13448648186779;1,3373882350968e-37;2,42896451258281e-33;0,775;0,614;8;All_Others;0,75
COX8A;1,05058112237484;1,19305736351414e-36;2,16683078361438e-32;0,792;0,691;8;All_Others;0,75
SERP1;0,825176409652654;1,40520154810573e-31;2,55212705166963e-27;0,862;0,829;8;All_Others;0,75
CAST;0,981615490575978;1,70998474595504e-28;3,10567429560355e-24;0,766;0,606;8;All_Others;0,75
ATP5MF;0,993292365184766;4,17633353301742e-27;7,58505696266624e-23;0,755;0,695;8;All_Others;0,75
VSIR;0,868061120107284;1,9630915481022e-26;3,56536686966322e-22;0,752;0,626;8;All_Others;0,75
ATP5MC2;0,540278599148974;3,17045390325546e-26;5,75817837909257e-22;0,944;0,946;8;All_Others;0,75
ANXA1;0,781455793584427;5,02285352729539e-26;9,12250657627388e-22;0,797;0,612;8;All_Others;0,75
TPI1;0,893124528470342;6,11865838396318e-26;1,11127073569539e-21;0,758;0,676;8;All_Others;0,75
SAT1;0,700053402807757;8,1913784865766e-26;1,48771816073204e-21;0,777;0,599;8;All_Others;0,75
GNAI2;0,688349762079319;2,12069959433555e-25;3,85161460323222e-21;0,862;0,831;8;All_Others;0,75
LRRFIP1;0,821680481215606;3,88680212655531e-25;7,05921002224975e-21;0,783;0,709;8;All_Others;0,75
IER2;0,859240721198094;4,10407493444062e-25;7,45382089593106e-21;0,879;0,838;8;All_Others;0,75
NDUFA1;0,820774609755005;6,61920515095564e-23;1,20218003951656e-18;0,763;0,758;8;All_Others;0,75
AHNAK;0,603789078906997;1,1181470695737e-22;2,03077870775975e-18;0,808;0,585;8;All_Others;0,75
KLF6;0,77455362132496;1,77012327360314e-22;3,21489788951802e-18;0,794;0,69;8;All_Others;0,75
RHOA;0,501390138981721;1,9209885434588e-21;3,48889939262987e-17;0,885;0,907;8;All_Others;0,75
COX6B1;0,627647583612551;6,28896174353807e-20;1,14220123186138e-15;0,839;0,843;8;All_Others;0,75
ARPC5;0,71732295996917;7,3360741225752e-20;1,33237778214211e-15;0,789;0,77;8;All_Others;0,75
GMFG;0,683603098591604;1,84899429942424e-19;3,3581434466143e-15;0,839;0,858;8;All_Others;0,75
COX5B;0,729231916751884;4,16841275245786e-19;7,57067124101397e-15;0,792;0,787;8;All_Others;0,75
TPM3;0,52658819256631;3,65934153343262e-18;6,64609609302032e-14;0,859;0,863;8;All_Others;0,75
LCP1;0,564648552189456;7,19540165588779e-18;1,30682884874234e-13;0,817;0,81;8;All_Others;0,75
EMP3;0,505146769165912;6,91297043593784e-16;1,25553369057503e-11;0,887;0,871;8;All_Others;0,75
JUN;0,589664126520375;3,59578276539542e-14;6,53066065851116e-10;0,834;0,819;8;All_Others;0,75
ENO1;0,640127985522596;4,73072481811276e-13;8,59194241465639e-09;0,749;0,75;8;All_Others;0,75
UBL5;0,63976286295613;1,79268978815024e-12;3,25588319323847e-08;0,769;0,814;8;All_Others;0,75
ZFP36;0,527808421530404;2,64454616804007e-11;4,80302475039438e-07;0,786;0,799;8;All_Others;0,75
COX6A1;0,577338689276199;3,17522766539706e-10;5,76684848589415e-06;0,71;0,754;8;All_Others;0,75
MT-CYB;1,71788827342126;7,44196798092946e-135;1,35161022469641e-130;1;0,996;9;All_Others;0,75
MT-CO3;1,53440518068904;4,08493979338183e-128;7,41906765274009e-124;1;0,999;9;All_Others;0,75
MT-ND3;1,63374413380862;1,07751735839535e-125;1,95698702631763e-121;1;0,995;9;All_Others;0,75
MT-ND4L;1,94296144993828;2,95952036396502e-125;5,37508088503328e-121;0,988;0,94;9;All_Others;0,75
MT-CO2;1,4692106150097;2,90510134355835e-122;5,27624506017067e-118;1;1;9;All_Others;0,75
MT-CO1;1,33221982153996;2,11364939219045e-115;3,8388100260963e-111;1;1;9;All_Others;0,75
MT-ND5;1,6012845168876;1,63042875725421e-111;2,96118470892509e-107;0,996;0,976;9;All_Others;0,75
MTRNR2L12;2,07965722987649;1,09783446581758e-108;1,99388695681789e-104;1;0,999;9;All_Others;0,75
MTRNR2L8;2,07744566565825;1,56202614700134e-97;2,83695188818384e-93;1;0,995;9;All_Others;0,75
MT-ND1;1,09536833402372;1,76376391177339e-66;3,20334801656282e-62;0,996;0,996;9;All_Others;0,75
MT-ATP6;1,31653971798537;7,34752572797438e-63;1,33445762271471e-58;0,962;0,982;9;All_Others;0,75
MTRNR2L1;1,84286085975925;9,21363212272965e-62;1,67337986613016e-57;0,919;0,939;9;All_Others;0,75
MT-ND6;1,71715930305493;5,69768707053911e-53;1,03481392575131e-48;0,838;0,769;9;All_Others;0,75
DDX17;2,10931529652666;1,12730990330903e-50;2,04742024638987e-46;0,792;0,725;9;All_Others;0,75
MBNL1;1,68758878737714;2,10010792642933e-48;3,81421601598094e-44;0,808;0,788;9;All_Others;0,75
RIPOR2;1,79114155547265;1,25793903859124e-40;2,28466888188941e-36;0,762;0,761;9;All_Others;0,75
MT-ND2;1,04752282836807;3,21896528916336e-38;5,8462847581785e-34;0,946;0,986;9;All_Others;0,75
PTPRC;1,2214268286601;1,33317226170118e-36;2,42130746170168e-32;0,885;0,942;9;All_Others;0,75
MT-ND4;0,87970870655886;1,58897341569449e-36;2,88589351758434e-32;0,965;0,993;9;All_Others;0,75
SF1;1,23956331111737;3,61819224337353e-16;6,571360752415e-12;0,681;0,79;9;All_Others;0,75
SON;0,838267324637617;1,5041703942031e-07;0,00273187426995167;0,658;0,843;9;All_Others;0,75
FYB1;0,799229720877497;1,86790592513529e-06;0,0339249074123071;0,654;0,799;9;All_Others;0,75
TRBV7-2;9,59170689026712;0;0;1;0,016;10;All_Others;0,75
CD3D;1,15734433129579;3,22248603743012e-46;5,85267914118059e-42;0,943;0,436;10;All_Others;0,75
RPL30;0,612544289588097;1,00172099782598e-42;1,81932567625155e-38;1;0,986;10;All_Others;0,75
TCF7;1,0654742968832;2,24239036967818e-42;4,0726293894095e-38;0,943;0,455;10;All_Others;0,75
RPS15A;0,637070038030422;7,57716335853557e-42;1,37616440917723e-37;1;0,985;10;All_Others;0,75
CD3E;1,04813277673033;1,13518095362959e-41;2,06171564798207e-37;0,995;0,474;10;All_Others;0,75
RPL34;0,537924326131983;2,94917646587225e-40;5,35629429731718e-36;1;0,987;10;All_Others;0,75
RPL32;0,59882415808033;6,39963163157575e-40;1,16230109692679e-35;1;0,987;10;All_Others;0,75
IL7R;1,02816722404979;5,15570149159725e-39;9,36378504903892e-35;0,928;0,453;10;All_Others;0,75
LEF1;1,07879941293103;6,97189220617272e-38;1,26623506248509e-33;0,856;0,382;10;All_Others;0,75
RPS14;0,539863311213079;1,5017886478505e-37;2,72754854222608e-33;1;0,984;10;All_Others;0,75
RPS3;0,636708024738406;2,28586617071024e-37;4,15159013924393e-33;1;0,981;10;All_Others;0,75
RPS29;0,663698785599276;2,41905917504321e-37;4,39349527371348e-33;1;0,949;10;All_Others;0,75
RPL3;0,677567459742359;2,55788225195347e-37;4,64562574599789e-33;1;0,952;10;All_Others;0,75
RPL35A;0,512779298648197;9,08007402229211e-37;1,64912304392869e-32;1;0,983;10;All_Others;0,75
RPL19;0,522221627885401;9,52090072973412e-37;1,72918599053431e-32;1;0,987;10;All_Others;0,75
RPS3A;0,591287505511009;1,11227781617106e-36;2,02011896972988e-32;1;0,982;10;All_Others;0,75
RPL11;0,501396171958845;1,7318963535523e-36;3,14547015732169e-32;1;0,99;10;All_Others;0,75
RPS27A;0,580862408152796;1,87074756891417e-36;3,39765173466192e-32;1;0,986;10;All_Others;0,75
RPS25;0,651016975340415;2,26072963684119e-35;4,10593716643097e-31;1;0,963;10;All_Others;0,75
RPS12;0,641119691546352;5,2683362609944e-35;9,56835231721803e-31;1;0,987;10;All_Others;0,75
RPL14;0,586303510003499;1,39433289796806e-34;2,53238740928959e-30;1;0,974;10;All_Others;0,75
RPL5;0,584332115629688;4,07338689290861e-34;7,39808527490062e-30;1;0,972;10;All_Others;0,75
LTB;0,934738917509871;4,93086909844012e-34;8,95544445658695e-30;0,986;0,628;10;All_Others;0,75
RPS4X;0,571375253637155;5,71392350875495e-34;1,03776278766007e-29;0,995;0,977;10;All_Others;0,75
CD3G;1,06957954915354;7,12814555200704e-34;1,29461379515552e-29;0,833;0,403;10;All_Others;0,75
CD27;1,13383896203948;8,9856943449657e-34;1,63198180693267e-29;0,789;0,371;10;All_Others;0,75
IL32;0,892347228534824;2,35698871816395e-33;4,28076290992937e-29;0,957;0,499;10;All_Others;0,75
RPS18;0,611086116986583;2,392396266904e-33;4,34507009995104e-29;1;0,976;10;All_Others;0,75
RPS27;0,670653822211701;4,27189408333482e-33;7,75861403415271e-29;1;0,97;10;All_Others;0,75
RPS21;0,531186612905532;5,64621619353931e-33;1,02546578507061e-28;1;0,985;10;All_Others;0,75
RPL10;0,543039745217359;8,24620652485881e-33;1,49767602904486e-28;1;0,989;10;All_Others;0,75
IFITM1;0,786730668959406;1,08612616266908e-32;1,97262233663958e-28;1;0,541;10;All_Others;0,75
RPL13;0,535009982790269;1,16115554344051e-32;2,10889069799666e-28;1;0,99;10;All_Others;0,75
SARAF;0,73282235199881;7,67721861080375e-31;1,39433644409418e-26;1;0,846;10;All_Others;0,75
LCK;0,893350575278451;4,38471445851953e-30;7,96351839956317e-26;0,914;0,467;10;All_Others;0,75
HSPA8;0,748104185300563;1,17127911584656e-29;2,12727713020053e-25;0,995;0,812;10;All_Others;0,75
FLT3LG;1,09063141152024;5,0442514916539e-29;9,16136955914182e-25;0,766;0,363;10;All_Others;0,75
GIMAP7;0,838331112411066;5,05181121557364e-29;9,17509952972484e-25;0,952;0,712;10;All_Others;0,75
EEF1B2;0,647541628177131;6,16288593824422e-29;1,11930334410391e-24;1;0,918;10;All_Others;0,75
RPS6;0,540138030234126;1,17512303880383e-27;2,13425846307551e-23;1;0,972;10;All_Others;0,75
RPL22;0,543131164426338;1,26261138133677e-27;2,29315479078384e-23;0,995;0,941;10;All_Others;0,75
CD247;0,623981728267536;8,5818426978906e-27;1,55863427079089e-22;0,828;0,406;10;All_Others;0,75
LAT;1,01113029122264;3,13200303140333e-26;5,68834390563473e-22;0,775;0,413;10;All_Others;0,75
NOSIP;0,864768450355127;1,33380029260016e-24;2,42244809142041e-20;0,885;0,569;10;All_Others;0,75
ETS1;0,759179645363747;2,41842588964643e-24;4,39234510077584e-20;0,904;0,538;10;All_Others;0,75
RPL10A;0,533122697912062;6,21149864449135e-24;1,12813238381252e-19;1;0,946;10;All_Others;0,75
NPM1;0,610723356744231;9,41843856302449e-24;1,71057681181651e-19;0,995;0,832;10;All_Others;0,75
TOMM7;0,541339791185344;1,25497352845067e-23;2,2792829223721e-19;1;0,926;10;All_Others;0,75
RPSA;0,596628362359946;6,32395349309694e-23;1,14855643341627e-18;0,995;0,896;10;All_Others;0,75
CCR7;0,808854776251677;1,3517236401225e-22;2,45500047519048e-18;0,789;0,421;10;All_Others;0,75
RPS5;0,561233783434094;4,98487961468924e-22;9,0535383561986e-18;1;0,929;10;All_Others;0,75
LEPROTL1;0,870034668482104;8,15258177149928e-22;1,4806719013397e-17;0,823;0,506;10;All_Others;0,75
HINT1;0,536547293766418;1,43039051054726e-21;2,59787524525594e-17;0,981;0,867;10;All_Others;0,75
TLE5;0,624261091491485;2,10047186039133e-21;3,81487699284273e-17;0,976;0,778;10;All_Others;0,75
RPS4Y1;0,549248845718697;1,47345842993865e-20;2,67609520045457e-16;0,986;0,897;10;All_Others;0,75
EVL;0,638211948332609;2,39416616902816e-20;4,34828459618894e-16;0,943;0,628;10;All_Others;0,75
C12orf57;0,702675727998542;4,79586615893166e-20;8,71025211785168e-16;0,952;0,692;10;All_Others;0,75
RPS2P5;0,514439169508054;3,06126991749789e-19;5,55987842415967e-15;0,986;0,884;10;All_Others;0,75
GYPC;0,855877931413312;7,07224015788075e-19;1,2844602574743e-14;0,799;0,526;10;All_Others;0,75
CD7;0,611779118670334;1,02678722715886e-18;1,86485096196592e-14;0,809;0,453;10;All_Others;0,75
SELL;0,684433541454456;1,33206584933482e-18;2,4192979955619e-14;0,904;0,712;10;All_Others;0,75
NDFIP1;0,687089069958949;4,40876291592703e-18;8,00719520790667e-14;0,837;0,587;10;All_Others;0,75
TMEM123;0,771176399042647;4,50833575045462e-18;8,18803938997568e-14;0,833;0,584;10;All_Others;0,75
PLAAT4;0,642327187098203;5,40666176956176e-17;9,81957910587807e-13;0,789;0,495;10;All_Others;0,75
KLF2;0,529420591825248;1,84802421205794e-16;3,35638157393964e-12;0,976;0,888;10;All_Others;0,75
NOP53;0,543474855805;4,80889144153081e-16;8,73390863610825e-12;0,938;0,769;10;All_Others;0,75
ARL4C;0,597020078306146;4,56955651004689e-15;8,29922853354716e-11;0,761;0,463;10;All_Others;0,75
SOD1;0,687049107728049;1,77696109216499e-14;3,22731673559005e-10;0,813;0,613;10;All_Others;0,75
GSTK1;0,598633048001674;2,51688457114155e-14;4,57116575810729e-10;0,9;0,737;10;All_Others;0,75
TBC1D10C;0,566006261050979;2,82016281400801e-13;5,12197970280134e-09;0,809;0,55;10;All_Others;0,75
SEPTIN1;0,605769226125781;2,7164709728989e-12;4,93365458097899e-08;0,751;0,495;10;All_Others;0,75
MZT2B;0,52927813790652;3,2887268445643e-12;5,97298569509768e-08;0,89;0,731;10;All_Others;0,75
UXT;0,503657228142877;2,08644119838555e-11;3,78939450450784e-07;0,9;0,686;10;All_Others;0,75
RGS10;0,500763889161883;2,60291507089362e-11;4,72741435175699e-07;0,794;0,543;10;All_Others;0,75
RPL21;0,554904989754128;3,36222170813431e-11;6,10646706631353e-07;0,909;0,721;10;All_Others;0,75
ANP32B;0,530673614130932;5,64787037026771e-11;1,02576621664802e-06;0,89;0,718;10;All_Others;0,75
FAM107B;0,565889591247046;2,2438750129055e-10;4,07532579843897e-06;0,761;0,558;10;All_Others;0,75
EIF4A2;0,504208733102187;3,03067699205525e-09;5,50431555297074e-05;0,785;0,627;10;All_Others;0,75
TRBV5-1;10,1528807915285;0;0;1;0,003;11;All_Others;0,75
CD3D;1,16821239511175;3,23733879421876e-46;5,87965471806012e-42;0,96;0,437;11;All_Others;0,75
RPS3A;0,674542580335429;1,23854538421221e-44;2,24944612680621e-40;1;0,982;11;All_Others;0,75
RPS14;0,607359511311759;2,84849143644848e-44;5,17343014687773e-40;1;0,984;11;All_Others;0,75
RPS15A;0,661992719689008;4,86966753984335e-44;8,84429018586349e-40;1;0,985;11;All_Others;0,75
CD3E;1,10908290918513;7,99402703515097e-44;1,45187519012412e-39;0,995;0,474;11;All_Others;0,75
RPS3;0,692802724218848;6,52810058874922e-43;1,18563362892863e-38;0,995;0,982;11;All_Others;0,75
LEF1;1,2128035529681;1,5612285671576e-42;2,83550332367163e-38;0,869;0,382;11;All_Others;0,75
RPS12;0,698006538591204;4,74523409887925e-42;8,6182941703845e-38;1;0,987;11;All_Others;0,75
TCF7;1,13437824499704;2,62668995722684e-41;4,77059430031538e-37;0,949;0,455;11;All_Others;0,75
RPL32;0,617695382678324;5,30024482878095e-41;9,62630465803196e-37;1;0,987;11;All_Others;0,75
RPL11;0,545595182997453;7,75530153008446e-41;1,40851786389394e-36;1;0,99;11;All_Others;0,75
RPL30;0,608066673192192;1,13955658574445e-40;2,06966267102908e-36;0,995;0,986;11;All_Others;0,75
RPL34;0,547205308065417;4,84669436791265e-40;8,80256631100295e-36;1;0,987;11;All_Others;0,75
RPS27A;0,618090755523094;6,79966899901554e-39;1,2349558836012e-34;1;0,986;11;All_Others;0,75
RPL19;0,533238115213935;1,02999643203982e-38;1,87067951987071e-34;1;0,987;11;All_Others;0,75
RPL37;0,529821901406967;1,1111038574144e-38;2,01798682583603e-34;1;0,984;11;All_Others;0,75
RPL3;0,717168438896414;1,16439316884574e-38;2,11477087325764e-34;1;0,952;11;All_Others;0,75
RPL10;0,595480819906907;1,54868042345257e-38;2,81271338507456e-34;1;0,989;11;All_Others;0,75
SARAF;0,866603364943784;2,46331621790795e-38;4,47387491496443e-34;1;0,846;11;All_Others;0,75
RPL35A;0,536376184258;4,80519161793708e-38;8,72718901649733e-34;0,995;0,983;11;All_Others;0,75
RPS29;0,707374322119039;6,00015289223697e-38;1,08974776828808e-33;0,99;0,949;11;All_Others;0,75
RPS4X;0,622658422029321;6,19147357459739e-38;1,12449543061838e-33;1;0,977;11;All_Others;0,75
RPL36;0,581257098954796;4,78909518848958e-37;8,69795468133478e-33;1;0,977;11;All_Others;0,75
RPS6;0,63391009855264;6,71854415556712e-37;1,2202219895341e-32;1;0,972;11;All_Others;0,75
RPS21;0,58023879799916;7,62718603942689e-37;1,38524952848071e-32;1;0,985;11;All_Others;0,75
RPS25;0,688766001016717;1,14445103853196e-36;2,07855197618175e-32;1;0,963;11;All_Others;0,75
RPS18;0,653368977134797;8,57418970714757e-36;1,55724433461214e-31;0,995;0,976;11;All_Others;0,75
RPL14;0,626300726577021;1,7692800483792e-35;3,2133664238663e-31;1;0,974;11;All_Others;0,75
NOSIP;1,11093170133961;3,5592313490562e-35;6,46427597615587e-31;0,919;0,569;11;All_Others;0,75
RPL13;0,559582283311243;6,131318035932e-35;1,11356998168597e-30;1;0,99;11;All_Others;0,75
RPS27;0,704628572516726;1,09190145337649e-34;1,98311141962238e-30;0,995;0,97;11;All_Others;0,75
CD27;1,18098646546641;2,77702216110091e-34;5,04362764899147e-30;0,788;0,371;11;All_Others;0,75
RPS23;0,556247386244888;6,95750234026695e-34;1,26362157503928e-29;1;0,981;11;All_Others;0,75
CD3G;1,04902606221246;8,26564444694607e-34;1,50120634445435e-29;0,874;0,402;11;All_Others;0,75
RPS8;0,515081375678122;1,98740886614023e-33;3,60953198268388e-29;1;0,988;11;All_Others;0,75
LCK;0,978252623960833;2,02850448428676e-33;3,68416984436161e-29;0,924;0,468;11;All_Others;0,75
NPM1;0,775797410447753;6,50467537948926e-33;1,18137914242284e-28;1;0,832;11;All_Others;0,75
IL7R;0,912323906110973;8,85083380834034e-33;1,60748843627077e-28;0,924;0,453;11;All_Others;0,75
RPS5;0,707850858067001;1,38419430458004e-32;2,51397369597826e-28;0,995;0,929;11;All_Others;0,75
RPL29;0,504413204181086;1,5303813377256e-31;2,77947858557723e-27;0,995;0,975;11;All_Others;0,75
EEF1B2;0,68991590212396;1,96906697586013e-30;3,57621944155717e-26;1;0,918;11;All_Others;0,75
CCR7;1,02925394653016;1,97466001051443e-30;3,58637751109631e-26;0,833;0,42;11;All_Others;0,75
IFITM1;0,790255149461161;6,44332310809689e-30;1,17023634289256e-25;0,985;0,542;11;All_Others;0,75
RPL38;0,589493664303138;7,5483306534256e-30;1,37092781327516e-25;0,99;0,942;11;All_Others;0,75
RPS16;0,521710226577769;1,05966732312262e-29;1,9245677922553e-25;1;0,965;11;All_Others;0,75
RPL5;0,553749235014889;4,76442327603819e-29;8,65314555394056e-25;0,995;0,972;11;All_Others;0,75
RPL10A;0,59460289675457;9,28705133078937e-29;1,68671426269797e-24;0,995;0,946;11;All_Others;0,75
LEPROTL1;0,960345580087671;3,0011782064523e-27;5,45073985855866e-23;0,854;0,505;11;All_Others;0,75
CD7;0,842060359068506;4,79811768400001e-27;8,71434133768082e-23;0,879;0,452;11;All_Others;0,75
IL32;0,785417310869814;6,55201659120607e-27;1,18997725329485e-22;0,98;0,499;11;All_Others;0,75
RPL4;0,525248959195917;7,85916949703765e-27;1,42738236405198e-22;1;0,95;11;All_Others;0,75
RPL22;0,544059719412405;5,58884266654191e-26;1,01504560509734e-21;0,985;0,941;11;All_Others;0,75
C12orf57;0,806431448785536;1,83454185462669e-24;3,331894916373e-20;0,955;0,692;11;All_Others;0,75
RPS2P5;0,57627592966574;2,88253946621606e-23;5,23526817854161e-19;0,99;0,884;11;All_Others;0,75
GIMAP7;0,74457897529316;3,98031366188662e-23;7,22904567271849e-19;0,965;0,712;11;All_Others;0,75
LAT;0,919396653235856;4,96187775719679e-23;9,01176238262081e-19;0,793;0,413;11;All_Others;0,75
RPS4Y1;0,592320953623802;5,11213849747623e-23;9,28466593911632e-19;0,98;0,897;11;All_Others;0,75
TOMM7;0,570030076815813;1,03991782966996e-22;1,88869876224658e-18;0,99;0,926;11;All_Others;0,75
HSPA8;0,653060727834275;5,28369742351101e-22;9,59625126058069e-18;0,985;0,813;11;All_Others;0,75
LTB;0,698811099470792;6,56219396773767e-22;1,19182566842052e-17;0,99;0,628;11;All_Others;0,75
RPSA;0,583431612023854;7,27777153567405e-22;1,32178886630912e-17;1;0,897;11;All_Others;0,75
ETS1;0,766003937998332;4,18591202219363e-21;7,60245341470808e-17;0,879;0,539;11;All_Others;0,75
EVL;0,689175306655145;1,12756038663889e-20;2,04787517421355e-16;0,929;0,628;11;All_Others;0,75
GYPC;0,836890905731231;1,35330501090029e-20;2,4578725607971e-16;0,823;0,525;11;All_Others;0,75
TLE5;0,655619449262264;3,63551022602169e-20;6,60281367250059e-16;0,97;0,778;11;All_Others;0,75
BTG1;0,507366486632805;1,90766563104173e-18;3,46470231909799e-14;0,995;0,925;11;All_Others;0,75
NOP53;0,622494075241984;7,84258196398763e-18;1,42436973629943e-13;0,949;0,769;11;All_Others;0,75
RPL21;0,638387386165829;1,89988940069747e-17;3,45057912954674e-13;0,904;0,722;11;All_Others;0,75
LBH;0,797220481911066;1,47658393557811e-16;2,68177174379697e-12;0,768;0,46;11;All_Others;0,75
SELL;0,606476725148366;4,82662030499192e-16;8,76610779792633e-12;0,934;0,711;11;All_Others;0,75
RPS20;0,507527450050417;1,37870381776985e-15;2,50400187383361e-11;0,965;0,842;11;All_Others;0,75
RGS10;0,652028029327709;2,13514701779105e-15;3,8778540137121e-11;0,793;0,544;11;All_Others;0,75
NDFIP1;0,723036411187736;2,23810100353004e-15;4,06483904261125e-11;0,818;0,588;11;All_Others;0,75
CYTIP;0,76636845456866;8,07621100034663e-15;1,46680144188296e-10;0,753;0,488;11;All_Others;0,75
HINT1;0,512074730990978;1,07094200525829e-14;1,94504486995011e-10;0,965;0,868;11;All_Others;0,75
EIF3E;0,591760264920116;1,1649091860411e-14;2,11570806368784e-10;0,894;0,741;11;All_Others;0,75
TBC1D10C;0,632726487527487;1,29381680060708e-14;2,34983007326258e-10;0,818;0,55;11;All_Others;0,75
PLAAT4;0,598982268288789;4,51669671802684e-13;8,20322457928035e-09;0,753;0,496;11;All_Others;0,75
FCMR;0,529456226018525;4,0813104450852e-12;7,41247603036374e-08;0,793;0,493;11;All_Others;0,75
SOD1;0,636173924527842;4,38178939773975e-12;7,95820590417494e-08;0,818;0,613;11;All_Others;0,75
TMEM123;0,571202097271815;4,91764832616037e-11;8,93143288997247e-07;0,793;0,586;11;All_Others;0,75
MZT2B;0,519040545623893;7,07151773681709e-11;1,28432905136072e-06;0,884;0,731;11;All_Others;0,75
UXT;0,508714492477851;9,80988908099876e-11;1,78167205489099e-06;0,859;0,688;11;All_Others;0,75
ANP32B;0,53007731236331;1,71141588082988e-10;3,10827352276323e-06;0,864;0,719;11;All_Others;0,75
RBL2;0,613760811863777;2,63690196528855e-10;4,78914134935707e-06;0,753;0,521;11;All_Others;0,75
RPS26;0,532541736705261;2,9549959423529e-10;5,36686363050133e-06;0,904;0,759;11;All_Others;0,75
PRMT2;0,562721248933688;4,02236088167769e-10;7,30541183330303e-06;0,788;0,56;11;All_Others;0,75
EIF4A2;0,503285837884149;1,45414841560976e-08;0,000264102435243044;0,783;0,627;11;All_Others;0,75
ST13;0,539176451545277;1,67209708840915e-08;0,00030368627319687;0,793;0,624;11;All_Others;0,75
TRBV7-9;10,7559492047151;0;0;1;0,003;12;All_Others;0,75
RPS12;0,722315437599435;4,42507563232118e-42;8,03682236342172e-38;1;0,987;12;All_Others;0,75
CD3D;1,10499091344153;5,18876117847517e-41;9,4238280523466e-37;0,978;0,437;12;All_Others;0,75
LEF1;1,25978586804929;1,42901714561875e-38;2,59538093987277e-34;0,861;0,383;12;All_Others;0,75
CD3E;1,07253025601382;1,68619585927412e-38;3,06246891961365e-34;1;0,475;12;All_Others;0,75
RPS14;0,593585513405269;5,70002228338831e-38;1,03523804710898e-33;1;0,984;12;All_Others;0,75
CD27;1,20936708009694;1,17171331761458e-36;2,1280657274516e-32;0,856;0,371;12;All_Others;0,75
RPS3;0,664270700523681;3,18403925635124e-36;5,78285209738513e-32;1;0,981;12;All_Others;0,75
RPL32;0,605635553951896;8,72294763362414e-36;1,58426174921882e-31;1;0,987;12;All_Others;0,75
TCF7;1,0525638898346;1,0382869716424e-35;1,88573679789692e-31;0,956;0,456;12;All_Others;0,75
RPS18;0,671592261770653;1,73149754924511e-35;3,14474584893896e-31;1;0,976;12;All_Others;0,75
RPL34;0,53132992739646;7,23170676829307e-35;1,31342258325739e-30;1;0,987;12;All_Others;0,75
CD3G;1,04132878865134;2,33198618473477e-34;4,23535330871529e-30;0,894;0,403;12;All_Others;0,75
RPS15A;0,612418968774222;4,50348362635738e-34;8,17922696219027e-30;1;0,985;12;All_Others;0,75
RPL5;0,634567556949134;1,47929766428684e-33;2,68670041787776e-29;1;0,972;12;All_Others;0,75
RPL30;0,572148104057867;5,31357794972119e-33;9,65052027228363e-29;1;0,986;12;All_Others;0,75
SARAF;0,824744994219773;5,34676703889681e-33;9,71079829604438e-29;0,989;0,846;12;All_Others;0,75
RPL14;0,624336582987142;8,69237169179423e-33;1,57870854666367e-28;1;0,974;12;All_Others;0,75
RPS6;0,611339353790119;1,8863890104585e-32;3,42605972079473e-28;1;0,972;12;All_Others;0,75
RPS27A;0,587556828387436;2,07412310475529e-32;3,76702238285656e-28;1;0,986;12;All_Others;0,75
RPS4X;0,587614913704297;2,82571277927234e-32;5,13205954971442e-28;1;0,977;12;All_Others;0,75
RPS25;0,656849027122001;5,58327993777995e-32;1,01403530229959e-27;1;0,963;12;All_Others;0,75
RPL11;0,504587203256077;6,21150364398751e-32;1,12813329182101e-27;1;0,99;12;All_Others;0,75
EEF1B2;0,729253465473301;6,76477042579975e-32;1,22861760473375e-27;1;0,918;12;All_Others;0,75
RPS3A;0,591062601276248;9,72506886036952e-32;1,76626700642031e-27;1;0,982;12;All_Others;0,75
RPL10A;0,628271253046512;2,82560468868576e-31;5,13186323559109e-27;1;0,946;12;All_Others;0,75
RPS29;0,641408817979864;5,96739867094907e-31;1,08379894661777e-26;1;0,949;12;All_Others;0,75
RPL10;0,556881078508405;3,2278133178258e-30;5,86235454783522e-26;1;0,989;12;All_Others;0,75
NPM1;0,79766291366002;3,72738349072063e-30;6,7696738958468e-26;0,994;0,832;12;All_Others;0,75
RPS8;0,508072480530806;8,49878947372666e-30;1,54355014421824e-25;1;0,988;12;All_Others;0,75
RPS5;0,689828922696983;1,00394543428233e-29;1,82336569774356e-25;1;0,929;12;All_Others;0,75
IL7R;0,834895937617105;1,30756325320804e-29;2,37479638047645e-25;0,944;0,454;12;All_Others;0,75
CCR7;1,15295113584471;5,07296484935355e-29;9,21351875939592e-25;0,839;0,421;12;All_Others;0,75
RPL13;0,53041832339376;1,20147623196725e-28;2,18212113249891e-24;1;0,99;12;All_Others;0,75
RPS21;0,530822132257041;2,67982983161085e-28;4,86710694017163e-24;1;0,985;12;All_Others;0,75
LCK;0,938364560334372;4,73978735907355e-28;8,60840180154938e-24;0,9;0,469;12;All_Others;0,75
RPL3;0,625498066012912;4,74615866615018e-27;8,61997336946197e-23;1;0,952;12;All_Others;0,75
RPS19;0,54848880908034;5,2127020728127e-27;9,46730950464243e-23;1;0,979;12;All_Others;0,75
IL32;0,776389808508314;1,17554357407985e-26;2,13502223924382e-22;0,994;0,5;12;All_Others;0,75
RPL36;0,508190548545439;1,18068392588267e-26;2,14435814618811e-22;1;0,977;12;All_Others;0,75
RPL4;0,550187398842633;1,52019377362172e-26;2,76097593165176e-22;1;0,951;12;All_Others;0,75
FLT3LG;1,0773628656178;1,71941882404533e-26;3,12280846823112e-22;0,767;0,364;12;All_Others;0,75
RPS27;0,641382662200733;5,76462855472047e-26;1,04697183810833e-21;1;0,97;12;All_Others;0,75
IFITM1;0,706859397646593;5,87014163497213e-26;1,06613512374364e-21;1;0,542;12;All_Others;0,75
PIK3IP1;1,02755563266732;2,01114604365423e-25;3,65264344448481e-21;0,772;0,384;12;All_Others;0,75
RPS23;0,501709795005256;1,79025895556496e-24;3,25146831509709e-20;1;0,981;12;All_Others;0,75
LAT;1,02909900104215;2,27571713324807e-24;4,13315745740515e-20;0,789;0,414;12;All_Others;0,75
LEPROTL1;0,939614973448914;7,22713981850203e-24;1,31259313383634e-19;0,85;0,506;12;All_Others;0,75
RPSA;0,619507014781629;3,04338693400094e-23;5,52739934953251e-19;1;0,897;12;All_Others;0,75
RPL22;0,520056590680764;5,42429584328027e-23;9,85160611056562e-19;1;0,941;12;All_Others;0,75
TLE5;0,642036047801228;1,59910227605904e-21;2,90428955377843e-17;0,994;0,778;12;All_Others;0,75
NOSIP;0,801975342311675;2,43082656111402e-21;4,41486720029528e-17;0,894;0,57;12;All_Others;0,75
HSPA8;0,626919109426971;1,38762190870569e-20;2,52019891059127e-16;1;0,813;12;All_Others;0,75
CD2;0,82699231832131;2,07156656398637e-20;3,76237919351205e-16;0,75;0,364;12;All_Others;0,75
TMEM123;0,840262274183758;2,55432128931696e-20;4,63915832565746e-16;0,883;0,584;12;All_Others;0,75
RPS2P5;0,557147884567764;2,72748023687758e-20;4,95364960621706e-16;0,994;0,884;12;All_Others;0,75
RGS10;0,730802673208556;3,40315380448305e-20;6,18080793970212e-16;0,883;0,542;12;All_Others;0,75
ETS1;0,786938706717763;9,8282975695713e-20;1,78501540458554e-15;0,9;0,539;12;All_Others;0,75
EVL;0,664789032776601;4,54406468706688e-19;8,25293028465087e-15;0,939;0,629;12;All_Others;0,75
C12orf57;0,696006712139307;8,67394863867422e-19;1,57536255175601e-14;0,95;0,692;12;All_Others;0,75
RPS4Y1;0,55506187596786;1,91866626018516e-18;3,48468166174829e-14;0,994;0,897;12;All_Others;0,75
GYPC;0,865559574440359;3,41625746160375e-17;6,20460680176474e-13;0,833;0,526;12;All_Others;0,75
CD7;0,542035185294551;1,51517363483572e-16;2,75185835558863e-12;0,833;0,453;12;All_Others;0,75
NDFIP1;0,696892805479939;1,90530718995425e-16;3,46041891839491e-12;0,889;0,587;12;All_Others;0,75
TRBC2;0,667707311763961;7,26066599795792e-16;1,31868215854912e-11;0,761;0,418;12;All_Others;0,75
RPL21;0,652154861432352;3,00711153268467e-15;5,4615159656619e-11;0,922;0,722;12;All_Others;0,75
GIMAP7;0,628640905318566;3,70609708212566e-15;6,73101352055663e-11;0,961;0,713;12;All_Others;0,75
LTB;0,529265804120593;1,21496350040386e-14;2,20661670943349e-10;0,978;0,629;12;All_Others;0,75
TRAF3IP3;0,568380661887237;3,2423803670283e-14;5,8888112225968e-10;0,928;0,735;12;All_Others;0,75
MCUB;0,768175678752356;3,58871509190339e-14;6,51782434991493e-10;0,761;0,498;12;All_Others;0,75
RBL2;0,699440438812401;6,33884757223778e-14;1,15126149606983e-09;0,761;0,521;12;All_Others;0,75
SEPTIN1;0,713929897684021;2,24923486462443e-13;4,0850603611309e-09;0,783;0,495;12;All_Others;0,75
SEPTIN6;0,663140187985869;7,49006130488205e-13;1,36034493419268e-08;0,789;0,517;12;All_Others;0,75
ST13;0,577490765260171;1,03511791043125e-12;1,87998114892524e-08;0,861;0,623;12;All_Others;0,75
LBH;0,659427179193753;1,10568177772725e-12;2,00813924470823e-08;0,756;0,461;12;All_Others;0,75
PRMT2;0,627289251758107;2,37540379070692e-12;4,3142083646819e-08;0,794;0,56;12;All_Others;0,75
TBC1D10C;0,529277886156944;2,48447482460121e-11;4,51230317644071e-07;0,806;0,551;12;All_Others;0,75
SMDT1;0,571168409303278;3,36140422710168e-11;6,10498235726207e-07;0,906;0,732;12;All_Others;0,75
SUN2;0,503318466556616;2,43883177693588e-10;4,42940627327094e-06;0,85;0,596;12;All_Others;0,75
SOD1;0,583675619574651;2,71434251478207e-10;4,92978887534719e-06;0,811;0,614;12;All_Others;0,75
SELL;0,52123826219434;9,46485030586626e-10;1,71900611255143e-05;0,85;0,714;12;All_Others;0,75
FCER1A;8,36415446874429;0;0;0,872;0,009;13;All_Others;0,75
CLEC10A;6,07075844940485;0;0;0,848;0,027;13;All_Others;0,75
PLD4;2,92048629803102;3,56030709232931e-280;6,46622974108849e-276;0,805;0,06;13;All_Others;0,75
RTN1;3,08333726738631;1,29297621420587e-227;2,34830340024071e-223;0,787;0,07;13;All_Others;0,75
GPAT3;2,82309976891308;1,2430796144928e-203;2,25768119584182e-199;0,799;0,08;13;All_Others;0,75
HLA-DRB3;3,58626311845437;1,71808025774238e-166;3,12037736411171e-162;1;0,235;13;All_Others;0,75
IGFBP7;1,97081563079656;5,2056632428684e-153;9,45452558169758e-149;0,799;0,1;13;All_Others;0,75
HLA-DQB1;3,51475297322937;1,82232657841228e-152;3,30970953171239e-148;1;0,249;13;All_Others;0,75
HLA-DRA;3,11363133031885;1,15278552285988e-145;2,09368906661811e-141;1;0,274;13;All_Others;0,75
IL13RA1;2,3586604444517;6,1295347340701e-144;1,11324609840181e-139;0,793;0,108;13;All_Others;0,75
GSN;2,61124091221372;1,4893812248372e-142;2,70501418054932e-138;0,915;0,168;13;All_Others;0,75
CIITA;2,24776646065854;4,68506785595992e-137;8,50902023999441e-133;0,945;0,161;13;All_Others;0,75
NAPSB;2,96049605523136;7,93004690736282e-132;1,44025511931523e-127;0,988;0,273;13;All_Others;0,75
CPVL;2,77275491178786;2,9244854470394e-130;5,31145046891296e-126;0,939;0,196;13;All_Others;0,75
CST3;2,81945725059374;3,34972495550979e-126;6,08377046419689e-122;1;0,376;13;All_Others;0,75
HLA-DRB1;3,25152958334078;1,11857824862329e-122;2,03156181514962e-118;1;0,414;13;All_Others;0,75
HLA-DMA;2,55965081269229;7,70097278791769e-122;1,39865067774161e-117;0,994;0,293;13;All_Others;0,75
HLA-DPA1;3,51192490333018;9,64474702998449e-121;1,75167895558578e-116;1;0,421;13;All_Others;0,75
HLA-DQA1;3,07550635560326;1,66194379185948e-119;3,01842231477518e-115;1;0,363;13;All_Others;0,75
HLA-DPB1;3,52773663602514;5,10945496444145e-119;9,27979210641856e-115;1;0,427;13;All_Others;0,75
CD86;1,89695310176835;2,68715139852615e-114;4,88040437000319e-110;0,793;0,125;13;All_Others;0,75
ALDH2;2,06329614761158;3,68853726483869e-113;6,69912138040003e-109;0,927;0,189;13;All_Others;0,75
BASP1;2,48282232677894;7,31151547120901e-113;1,32791743988098e-108;0,817;0,155;13;All_Others;0,75
HLA-DMB;2,07436425213387;7,61340433749887e-113;1,38274649577654e-108;0,988;0,226;13;All_Others;0,75
HDAC9;1,85381315815063;7,7632810486548e-113;1,40996710405668e-108;0,823;0,136;13;All_Others;0,75
PEA15;2,15458262296045;6,32510609400717e-108;1,14876576879358e-103;0,823;0,152;13;All_Others;0,75
AHR;2,22075914519117;1,50497345115588e-107;2,73333278198931e-103;0,762;0,131;13;All_Others;0,75
CD1D;2,07065836341753;2,40108839557e-105;4,36085674403424e-101;0,787;0,14;13;All_Others;0,75
SPECC1;1,63044601307125;5,15430120711157e-104;9,36124185235603e-100;0,793;0,13;13;All_Others;0,75
CD33;1,72216258771913;1,67748983746278e-102;3,0466570427999e-98;0,866;0,161;13;All_Others;0,75
CDK2AP1;1,87588279974435;2,6846618328062e-99;4,87588282074263e-95;0,823;0,154;13;All_Others;0,75
ZNF385A;1,83454768502942;4,97995689350388e-99;9,04459770998175e-95;0,902;0,186;13;All_Others;0,75
IMPA2;1,64008653333327;9,24247332593944e-97;1,67861800545712e-92;0,75;0,127;13;All_Others;0,75
RAB32;1,8028209548548;9,27410269255781e-97;1,68436253102235e-92;0,89;0,191;13;All_Others;0,75
CTSZ;1,93838914140025;1,17536694088395e-86;2,13470143803343e-82;1;0,401;13;All_Others;0,75
KCNK6;1,75220471027405;5,83264001700581e-86;1,0593240798886e-81;0,774;0,152;13;All_Others;0,75
CD74;2,63878671174177;9,79607184691237e-86;1,77916256883622e-81;1;0,874;13;All_Others;0,75
CCDC88A;1,76923633442797;1,73743905390476e-85;3,15553680970183e-81;0,97;0,264;13;All_Others;0,75
SULF2;1,44811579215976;2,61328243609207e-85;4,74624356043042e-81;0,811;0,157;13;All_Others;0,75
LMO2;1,41038428595327;5,53733994232292e-85;1,00569168032469e-80;0,939;0,206;13;All_Others;0,75
PAK1;1,80530232867779;3,28587735140255e-84;5,96781044561732e-80;0,939;0,254;13;All_Others;0,75
IGSF6;1,75357998843894;5,73138157634875e-83;1,04093352189646e-78;0,915;0,237;13;All_Others;0,75
ANXA2;1,934312029595;6,05649256191594e-83;1,09998017909517e-78;1;0,432;13;All_Others;0,75
ACTB;1,17636282521914;4,82789998998126e-81;8,76843196180396e-77;1;0,995;13;All_Others;0,75
SAMHD1;1,76220878180748;3,886922160992e-79;7,05942802879367e-75;1;0,677;13;All_Others;0,75
FES;1,3326041581621;8,06237428771726e-79;1,46428841813521e-74;0,854;0,18;13;All_Others;0,75
IRF5;1,47228929621364;1,96949219901722e-77;3,57699173185507e-73;0,799;0,166;13;All_Others;0,75
CFP;1,78365466800578;8,16927151063583e-77;1,48370309176168e-72;0,982;0,321;13;All_Others;0,75
FGL2;1,66653032976858;1,41227259436645e-76;2,56496948588834e-72;0,951;0,282;13;All_Others;0,75
CLEC4A;1,61107371843287;2,03315974658696e-76;3,69262473175123e-72;0,762;0,162;13;All_Others;0,75
LGALS2;1,68012398801308;8,76897624488681e-76;1,59262146559634e-71;0,89;0,226;13;All_Others;0,75
PLBD1;1,18137804341058;1,96218108291131e-75;3,56371328278352e-71;0,921;0,223;13;All_Others;0,75
SHTN1;1,50459067630884;5,23677969383715e-75;9,51103927994704e-71;0,787;0,169;13;All_Others;0,75
ADAM15;1,46384408430337;1,09651105777592e-74;1,99148338313263e-70;0,756;0,153;13;All_Others;0,75
FGD2;1,3140964034068;7,83165266041381e-74;1,42238475618436e-69;0,774;0,159;13;All_Others;0,75
PRCP;1,77387782776554;8,62785181065663e-74;1,56699044585146e-69;0,823;0,196;13;All_Others;0,75
CPPED1;1,37037944716209;1,29513130128105e-72;2,35221746938665e-68;0,848;0,195;13;All_Others;0,75
RASSF4;1,31729114136195;2,38560483086554e-72;4,33273549381799e-68;0,817;0,178;13;All_Others;0,75
GRN;1,64599142950159;4,38047856039561e-72;7,95582516139051e-68;1;0,376;13;All_Others;0,75
DUSP23;1,61260280709215;2,33444019301848e-71;4,23981027856016e-67;0,805;0,181;13;All_Others;0,75
LGALS9;1,42757971313772;7,33582412048355e-71;1,33233237676222e-66;0,878;0,212;13;All_Others;0,75
LAP3;1,62315060535683;9,87273946133707e-71;1,79308694096804e-66;0,799;0,182;13;All_Others;0,75
RAB31;1,39426179245297;2,1771452451154e-70;3,95413119417858e-66;0,921;0,238;13;All_Others;0,75
CTSH;1,58997209560474;2,19145782743229e-70;3,98012570618253e-66;0,97;0,326;13;All_Others;0,75
RNASE6;1,48066799477228;9,51937311525217e-70;1,7289085451921e-65;0,835;0,2;13;All_Others;0,75
LRRC25;1,26633819529875;1,11344171831298e-68;2,02223284880003e-64;0,787;0,174;13;All_Others;0,75
LY86;1,48129588210099;2,42046600618845e-68;4,39605036043946e-64;0,921;0,255;13;All_Others;0,75
JAK2;1,45695253945387;3,16795331208579e-67;5,75363680541022e-63;0,793;0,183;13;All_Others;0,75
MACROH2A1;1,50494295895361;1,28714569459994e-64;2,3377140105324e-60;1;0,488;13;All_Others;0,75
YIF1B;1,53049232593965;1,04296601531168e-63;1,89423487700907e-59;0,829;0,208;13;All_Others;0,75
JAML;1,51001141113656;1,09947113763584e-61;1,99685948017422e-57;0,982;0,388;13;All_Others;0,75
C20orf27;1,43591529821322;2,36104843253773e-61;4,28813616317502e-57;0,902;0,258;13;All_Others;0,75
ITGAX;1,13803419270032;9,33117440651658e-61;1,69472789571154e-56;0,78;0,184;13;All_Others;0,75
ABI3;1,25147721032362;9,46437318177269e-61;1,71891945727355e-56;0,768;0,183;13;All_Others;0,75
VIM;1,23880364632238;1,96077186986578e-60;3,56115387005023e-56;1;0,938;13;All_Others;0,75
ANXA5;1,3881113969771;4,70228734694304e-58;8,54029427951796e-54;0,988;0,399;13;All_Others;0,75
KCTD12;1,00498874017107;2,55977701991326e-57;4,64906702356646e-53;0,921;0,245;13;All_Others;0,75
GSTP1;1,39201296070293;6,7928352389471e-57;1,23371473609757e-52;1;0,642;13;All_Others;0,75
COTL1;1,29112254955477;3,00292522635346e-56;5,45391279610316e-52;1;0,744;13;All_Others;0,75
TGFBI;0,96969163808609;5,61363811231053e-56;1,01954895395784e-51;0,848;0,214;13;All_Others;0,75
MFSD1;1,27844099221226;9,64196851158687e-56;1,75117432107441e-51;0,89;0,263;13;All_Others;0,75
YBX1;0,910804245706808;2,17271855171475e-55;3,94609143362434e-51;1;0,905;13;All_Others;0,75
C7orf50;1,31357218363027;4,23339601328737e-55;7,68869383933253e-51;0,78;0,197;13;All_Others;0,75
LSP1;1,06837834038971;7,24161997153005e-55;1,31522301922929e-50;1;0,886;13;All_Others;0,75
EMILIN2;0,937577348822219;2,42586120406605e-54;4,40584911882477e-50;0,787;0,195;13;All_Others;0,75
TMSB4X;0,677926252804403;2,45909182671025e-54;4,46620257567115e-50;1;0,991;13;All_Others;0,75
DAPP1;1,02429042015029;9,4266597323098e-54;1,71206994058211e-49;0,823;0,211;13;All_Others;0,75
TNFSF13B;1,01884847252745;7,26430924637791e-53;1,31934384532716e-48;0,902;0,258;13;All_Others;0,75
RNF130;1,35689626244584;1,09923088452095e-52;1,99642313246695e-48;0,945;0,381;13;All_Others;0,75
S100A10;1,27861426315308;1,97233932961564e-52;3,58216269044793e-48;1;0,824;13;All_Others;0,75
KLF4;0,997953285850546;2,56946505626811e-52;4,66666243519414e-48;0,872;0,245;13;All_Others;0,75
SPI1;1,23441516034906;3,798331598257e-52;6,89852984875437e-48;1;0,375;13;All_Others;0,75
EIF4EBP1;1,14230506264401;4,76483914458425e-52;8,65390085439392e-48;0,75;0,19;13;All_Others;0,75
HMGA1;1,43484809137527;7,16139881971653e-52;1,30065325363692e-47;0,89;0,293;13;All_Others;0,75
MAP4K1;1,12665607939657;7,2548284406332e-52;1,3176219413878e-47;0,768;0,192;13;All_Others;0,75
TMEM14C;1,43555223650248;7,89891171310683e-52;1,43460034533446e-47;0,86;0,268;13;All_Others;0,75
KIAA0930;1,15435345090239;8,53056842627474e-52;1,54932183758002e-47;0,823;0,223;13;All_Others;0,75
ETV6;1,28038572862753;1,64676693586275e-51;2,99085810891393e-47;0,86;0,253;13;All_Others;0,75
CASP1;1,38844007776958;8,58164353143863e-51;1,55859809817988e-46;0,909;0,339;13;All_Others;0,75
ATP5F1B;1,19737244339647;8,58972575461034e-51;1,56006599155233e-46;0,994;0,692;13;All_Others;0,75
CFL1;0,748315200949803;1,102026363132e-50;2,00150028072033e-46;1;0,967;13;All_Others;0,75
SLC25A5;1,25229357520491;1,96151021882285e-50;3,56249485942607e-46;0,988;0,667;13;All_Others;0,75
UNC93B1;1,00727601065804;2,8580574579639e-50;5,19080395515404e-46;0,774;0,198;13;All_Others;0,75
ARF5;1,2261870517812;8,42908456465321e-50;1,53089033863232e-45;1;0,575;13;All_Others;0,75
MARCHF1;1,055526196754;1,28058760846733e-49;2,32580321449837e-45;0,872;0,254;13;All_Others;0,75
MEF2C;0,862183873524781;2,8474293137809e-49;5,17150111968888e-45;0,939;0,29;13;All_Others;0,75
BID;1,14627936976358;9,6050669967513e-49;1,74447226794997e-44;0,811;0,226;13;All_Others;0,75
PLCB2;1,08619946735116;1,43013799643475e-48;2,5974166291248e-44;0,866;0,255;13;All_Others;0,75
CAPG;1,24950182225477;5,23287484980937e-48;9,50394730222377e-44;0,939;0,337;13;All_Others;0,75
HEXB;1,21928610345877;9,17261065909197e-48;1,66592954790428e-43;0,848;0,255;13;All_Others;0,75
RBPJ;1,21234052578251;1,81765214925805e-47;3,30121983348247e-43;0,866;0,266;13;All_Others;0,75
RNH1;1,2500647833069;1,88045091670184e-47;3,41527495491388e-43;0,963;0,444;13;All_Others;0,75
CD302;0,953416101858722;3,9637772760604e-47;7,1990122887809e-43;0,787;0,216;13;All_Others;0,75
SYK;0,978413726079684;4,82709364946762e-47;8,76696748616309e-43;0,957;0,301;13;All_Others;0,75
LYZ;1,32023134978896;5,56008199070824e-47;1,00982209115243e-42;1;0,375;13;All_Others;0,75
FCGRT;1,13300405725445;9,23665007987443e-47;1,67756038750679e-42;0,982;0,392;13;All_Others;0,75
NME2;1,27468616800224;2,61090262874234e-46;4,74192135432184e-42;0,982;0,474;13;All_Others;0,75
GLIPR1;1,21109300818178;2,61714430749814e-46;4,75325749127813e-42;0,994;0,471;13;All_Others;0,75
UNC119;1,17063559531478;2,81266032094779e-46;5,10835367490538e-42;0,78;0,22;13;All_Others;0,75
PTRHD1;1,19484347167348;3,3213695852394e-46;6,03227144071179e-42;0,872;0,285;13;All_Others;0,75
LGALS1;1,27852613139082;3,76228379616619e-46;6,83305983059703e-42;1;0,465;13;All_Others;0,75
FCER1G;1,17536480929245;4,69155224000315e-46;8,52079717829373e-42;0,988;0,407;13;All_Others;0,75
ACTG1;0,855957905467742;8,90187444519643e-46;1,61675843673658e-41;1;0,973;13;All_Others;0,75
C1orf162;1,18791681572881;9,93332509663929e-46;1,80409050405163e-41;0,994;0,54;13;All_Others;0,75
GAPDH;0,935863831094429;1,43535228242578e-45;2,60688681534169e-41;1;0,928;13;All_Others;0,75
CAT;1,2858812453033;1,4506089285628e-45;2,63459593605576e-41;0,872;0,305;13;All_Others;0,75
PFN1;0,603670089426254;1,9816924217733e-45;3,59914977642467e-41;1;0,982;13;All_Others;0,75
ATG3;1,19205813008357;2,13003249302816e-45;3,86856501383775e-41;0,927;0,359;13;All_Others;0,75
TMSB10;0,503326037280547;3,84059007889302e-45;6,97527970128549e-41;1;0,988;13;All_Others;0,75
AP1S2;1,10276104869154;5,17871987909694e-45;9,40559104441586e-41;0,994;0,412;13;All_Others;0,75
CSTB;1,16961934952414;7,98550589805958e-45;1,45032758120558e-40;0,994;0,564;13;All_Others;0,75
PRDX3;1,14980752391038;4,27558476917837e-44;7,76531705778175e-40;0,927;0,319;13;All_Others;0,75
RNPEP;0,980697837725747;5,02750769249665e-44;9,13095947111242e-40;0,78;0,215;13;All_Others;0,75
PPT1;1,2177396507556;6,26293067848665e-44;1,13747346982675e-39;0,963;0,424;13;All_Others;0,75
CRTAP;1,06842625591379;7,20785507501643e-44;1,30909063872448e-39;0,957;0,341;13;All_Others;0,75
SPINT2;1,26795091803706;2,43541937144991e-43;4,42320866242733e-39;0,866;0,312;13;All_Others;0,75
ELOVL1;1,09113830392871;4,36523112987449e-43;7,92813277807805e-39;0,75;0,207;13;All_Others;0,75
TUBA1B;1,41588538648143;4,53443343277764e-43;8,23543800061074e-39;0,994;0,649;13;All_Others;0,75
OGFRL1;0,963526095219984;1,40919393100724e-42;2,55937801749535e-38;0,829;0,261;13;All_Others;0,75
MAN2B1;1,13751632433912;7,51824632012748e-42;1,36546389666155e-37;0,854;0,28;13;All_Others;0,75
HCK;0,657444018969978;8,40301152731132e-42;1,52615495359028e-37;0,915;0,276;13;All_Others;0,75
MLEC;1,08612005171043;3,02976839205725e-41;5,50266535365438e-37;0,793;0,241;13;All_Others;0,75
PPIA;0,770230683205241;3,21324157416021e-41;5,83588934698978e-37;1;0,884;13;All_Others;0,75
YWHAE;1,15028091200121;9,00325515347661e-41;1,63517120097442e-36;0,927;0,361;13;All_Others;0,75
TPI1;0,99341569481187;1,56807585971108e-40;2,84793937640726e-36;0,994;0,674;13;All_Others;0,75
TXN;1,15247880782536;2,22848070153373e-40;4,04736665012556e-36;0,945;0,413;13;All_Others;0,75
ARPC3;0,77328282004255;3,8921245858534e-40;7,06887667282695e-36;1;0,898;13;All_Others;0,75
CALHM6;1,03191275668177;6,52377612605072e-40;1,18484822001333e-35;0,848;0,287;13;All_Others;0,75
AP2S1;0,987380350879178;8,07859508826978e-40;1,46723443993156e-35;0,994;0,506;13;All_Others;0,75
PRKCD;0,820507183678969;9,38530833789413e-40;1,70455970032833e-35;0,829;0,251;13;All_Others;0,75
ATP5MC3;1,02506633639044;1,02116478156998e-39;1,8546394762874e-35;0,988;0,665;13;All_Others;0,75
VDAC1;1,17559794629037;1,0433540304904e-39;1,89493959017667e-35;0,884;0,329;13;All_Others;0,75
SKAP2;0,798817116487819;1,04614176949921e-39;1,90000268176446e-35;0,793;0,232;13;All_Others;0,75
TPP1;0,931711569331974;2,82076133561252e-39;5,12306673773947e-35;0,902;0,305;13;All_Others;0,75
GABARAP;0,816961610841567;4,80530779772959e-39;8,72740002223648e-35;1;0,863;13;All_Others;0,75
MYD88;1,12119563443107;5,83281152632143e-39;1,0593552294105e-34;0,841;0,292;13;All_Others;0,75
PTPRE;0,884523026025343;9,65801150691007e-39;1,75408804988501e-34;0,921;0,324;13;All_Others;0,75
MTMR14;1,11724998167476;9,76557076139764e-39;1,77362296168504e-34;0,78;0,251;13;All_Others;0,75
PRELID1;1,03076227623285;1,45645055667177e-38;2,64520550102726e-34;1;0,526;13;All_Others;0,75
PARVG;1,12670679614926;1,55744365519762e-38;2,82862916656992e-34;0,909;0,382;13;All_Others;0,75
LGALS3;0,716700472518161;2,14301606662082e-38;3,89214578019673e-34;0,957;0,328;13;All_Others;0,75
SYNGR2;1,1511663762931;3,14103502820529e-38;5,70474781822645e-34;0,939;0,462;13;All_Others;0,75
GDI2;1,0731164530434;3,2996597383449e-38;5,99284201678201e-34;0,982;0,652;13;All_Others;0,75
SRA1;0,782334198306028;1,98143754500164e-37;3,59868686923199e-33;0,78;0,228;13;All_Others;0,75
LAT2;0,761849794707289;3,05684671003308e-37;5,55184499476209e-33;0,835;0,261;13;All_Others;0,75
SCNM1;0,981262919099938;3,80814466391829e-37;6,91635233860839e-33;0,823;0,262;13;All_Others;0,75
TMEM109;1,05808796372166;6,19753959905546e-37;1,12559714198045e-32;0,805;0,263;13;All_Others;0,75
RAC1;0,884937781077317;1,85511032712997e-36;3,36925137613345e-32;1;0,637;13;All_Others;0,75
UVRAG;0,968278998755102;1,87267065606959e-36;3,40114444555359e-32;0,756;0,235;13;All_Others;0,75
TIMP2;0,547101523189011;2,19460886616164e-36;3,98584862272277e-32;0,841;0,26;13;All_Others;0,75
LAMTOR2;1,01196485048816;2,91611908567009e-36;5,29625548339402e-32;0,878;0,321;13;All_Others;0,75
PPP1R14B;0,99178032020276;4,30955267344095e-36;7,82700956550345e-32;0,793;0,273;13;All_Others;0,75
SLC25A3;0,900895232852326;5,38579553563826e-36;9,78168185182621e-32;0,994;0,742;13;All_Others;0,75
ARL5A;1,02770676191822;1,76290405012588e-35;3,20178633583862e-31;0,768;0,245;13;All_Others;0,75
CYC1;1,01230372117024;2,7657821750691e-35;5,02321358636049e-31;0,89;0,324;13;All_Others;0,75
EFHD2;0,822354270337773;3,93103835635083e-35;7,13955186280437e-31;0,988;0,472;13;All_Others;0,75
COX5A;0,989153999651245;9,06251771029046e-35;1,64593446654295e-30;0,988;0,58;13;All_Others;0,75
CLEC7A;0,658363967173165;1,75807503335472e-34;3,19301587557885e-30;0,756;0,236;13;All_Others;0,75
PYCARD;0,83940388263306;3,49593495601462e-34;6,34931706711376e-30;0,988;0,475;13;All_Others;0,75
PLEK;0,643086494085188;3,81404988818956e-34;6,92707740692987e-30;0,951;0,351;13;All_Others;0,75
ID2;1,05510210412057;4,76457967579998e-34;8,65342960718792e-30;0,817;0,302;13;All_Others;0,75
CSTA;0,687177502841943;6,7761946904384e-34;1,23069247967742e-29;0,872;0,3;13;All_Others;0,75
TNFRSF1A;0,74858057470747;9,57585754338545e-34;1,73916724702967e-29;0,848;0,277;13;All_Others;0,75
ATP5MF;0,854576143279202;1,08849175658662e-33;1,97691872831262e-29;1;0,691;13;All_Others;0,75
ACAA1;1,03644084942311;2,01872964137223e-33;3,66641677466025e-29;0,835;0,308;13;All_Others;0,75
ARPC2;0,668205641924797;2,88945125899359e-33;5,24782137658416e-29;1;0,904;13;All_Others;0,75
SLC25A6;0,706240123309145;3,06755495821915e-33;5,57129331511762e-29;1;0,904;13;All_Others;0,75
TIMP1;0,793829541713164;3,40548635545065e-33;6,18504431876947e-29;0,97;0,444;13;All_Others;0,75
SEC13;0,930902883241223;4,67180049250818e-33;8,48492405449336e-29;0,835;0,287;13;All_Others;0,75
DECR1;1,07116113686837;9,28820577565353e-33;1,6869239329742e-28;0,817;0,312;13;All_Others;0,75
HSD17B10;0,846710853161206;9,50622635436007e-33;1,72652083047888e-28;0,768;0,24;13;All_Others;0,75
ATP2B1;0,97674765564525;9,55024782217668e-33;1,73451600946373e-28;0,793;0,274;13;All_Others;0,75
PLEKHO1;0,892138287194372;1,36112927914662e-32;2,4720829967861e-28;0,933;0,381;13;All_Others;0,75
PPA1;1,12118302393256;1,6620036854323e-32;3,01853109348214e-28;0,89;0,392;13;All_Others;0,75
TXNDC17;0,815434776267095;2,1418067573178e-32;3,88994943264059e-28;0,854;0,296;13;All_Others;0,75
YWHAH;0,858872897793916;2,19961805966064e-32;3,99494631995566e-28;0,872;0,324;13;All_Others;0,75
ETFA;0,811266453241809;2,91172655508348e-32;5,28827776934261e-28;0,811;0,263;13;All_Others;0,75
PGLS;0,895885176545643;3,3665229718312e-32;6,11427902143983e-28;0,988;0,511;13;All_Others;0,75
SUPT4H1;0,870358818968821;6,64642397957091e-32;1,20712352316967e-27;0,848;0,298;13;All_Others;0,75
SNX10;0,680038111797328;6,87882917053794e-32;1,2493329539531e-27;0,799;0,262;13;All_Others;0,75
DNAJC15;0,85860261825185;7,99605642158019e-32;1,45224376728739e-27;0,902;0,343;13;All_Others;0,75
COMT;0,800013432078164;8,46907370960412e-32;1,5381531671383e-27;0,884;0,328;13;All_Others;0,75
VPS35;0,897174708450106;9,30605630307538e-32;1,69016594576455e-27;0,902;0,337;13;All_Others;0,75
MYDGF;0,947559012227519;9,68247159783176e-32;1,7585304915982e-27;0,86;0,308;13;All_Others;0,75
ANXA1;1,01129917406715;1,60178628940865e-31;2,90916425882399e-27;0,988;0,613;13;All_Others;0,75
LST1;0,567389461495125;1,97442462459819e-31;3,58595000319524e-27;0,976;0,368;13;All_Others;0,75
VAMP8;0,792530562592943;2,99056655407225e-31;5,43146697550602e-27;1;0,674;13;All_Others;0,75
TYMP;0,666277087168503;3,02355061923191e-31;5,491372634649e-27;0,994;0,406;13;All_Others;0,75
LAMTOR1;0,848732611335624;8,05080806749174e-31;1,46218776121785e-26;0,963;0,51;13;All_Others;0,75
TPM4;0,784225991862951;9,03163646117369e-31;1,64032581407837e-26;0,915;0,4;13;All_Others;0,75
FAM162A;0,835283934551786;2,50079563748312e-30;4,54194503679684e-26;0,762;0,246;13;All_Others;0,75
PICALM;0,535357164178611;2,76907221414733e-30;5,02918895533438e-26;0,793;0,251;13;All_Others;0,75
ATP5F1C;0,916131585276623;3,16040813870499e-30;5,739933261516e-26;0,97;0,479;13;All_Others;0,75
HACD4;0,904700043706514;4,32074820417736e-30;7,84734288842692e-26;0,829;0,322;13;All_Others;0,75
NCF2;0,542415562842781;1,25920649083297e-29;2,28697082865083e-25;0,835;0,286;13;All_Others;0,75
IFNGR1;0,837679587977011;1,65358581905344e-29;3,00324256456485e-25;0,762;0,269;13;All_Others;0,75
MPEG1;0,541937477846746;1,81980209230809e-29;3,30512456004995e-25;0,854;0,297;13;All_Others;0,75
CAPZA2;0,828855730041171;2,58646683545903e-29;4,69754106656069e-25;0,933;0,371;13;All_Others;0,75
NPC2;0,886404840210474;2,64394269881054e-29;4,8019287295797e-25;0,97;0,458;13;All_Others;0,75
MAP3K11;0,509015276857014;3,19395177596413e-29;5,80085521550605e-25;0,756;0,239;13;All_Others;0,75
ZYX;0,824813688339257;4,8559500615343e-29;8,8193765017586e-25;1;0,608;13;All_Others;0,75
CKLF;0,723032802622792;6,71194323019713e-29;1,2190231294684e-24;0,854;0,31;13;All_Others;0,75
NAGK;0,662741512746827;6,77390452403531e-29;1,23027653965529e-24;0,89;0,331;13;All_Others;0,75
FIBP;0,79680734506192;1,0887825160281e-28;1,97744680561023e-24;0,768;0,261;13;All_Others;0,75
CLIC1;0,763431713101758;1,16120555983789e-28;2,10898153777758e-24;1;0,698;13;All_Others;0,75
TXN2;0,72833241586969;1,29746505274891e-28;2,35645602880257e-24;0,829;0,28;13;All_Others;0,75
BAG1;0,707604156348112;1,90922934319383e-28;3,46754233310863e-24;0,774;0,258;13;All_Others;0,75
ENO1;0,742858571659101;2,21045715214405e-28;4,01463227972403e-24;0,988;0,746;13;All_Others;0,75
FKBP1A;0,782594748115312;2,56450150929463e-28;4,6576476411809e-24;0,994;0,609;13;All_Others;0,75
ATOX1;0,677344780121084;3,06529536268915e-28;5,56718943771603e-24;0,774;0,263;13;All_Others;0,75
SFT2D1;0,767239186282981;3,37086863936361e-28;6,1221716228122e-24;0,774;0,261;13;All_Others;0,75
ZEB2;0,754147634003015;3,88487431161556e-28;7,05570872475619e-24;0,884;0,356;13;All_Others;0,75
NUDT3;0,682386726704473;4,14288733688372e-28;7,52431198124821e-24;0,768;0,258;13;All_Others;0,75
SDHB;0,791519142930555;4,375974759526e-28;7,94764535825111e-24;0,75;0,248;13;All_Others;0,75
MIS18BP1;0,743515064537728;5,11468999754405e-28;9,28929997353951e-24;0,762;0,266;13;All_Others;0,75
RAB24;0,711130190711149;5,36986108955346e-28;9,752741710847e-24;0,756;0,261;13;All_Others;0,75
GPX1;0,693780757065004;5,73746407532098e-28;1,0420382253598e-23;1;0,641;13;All_Others;0,75
PSMA4;0,859032362311526;6,40320693970342e-28;1,16295044438894e-23;0,835;0,313;13;All_Others;0,75
CNPY3;0,827765206757747;7,18018467787765e-28;1,30406514119614e-23;0,976;0,513;13;All_Others;0,75
CAPN2;0,872366010076886;1,39007361908042e-27;2,52465170697386e-23;0,866;0,372;13;All_Others;0,75
CMTM6;0,771847154407224;2,03707417956597e-27;3,69973412492771e-23;0,89;0,356;13;All_Others;0,75
CARD16;0,839040318048316;2,84585746328536e-27;5,16864632481887e-23;0,933;0,474;13;All_Others;0,75
TAGLN2;0,884834445569994;3,85032656190869e-27;6,99296310173857e-23;1;0,77;13;All_Others;0,75
FAM49B;0,843799764347427;4,0336426499928e-27;7,32590178091692e-23;0,951;0,481;13;All_Others;0,75
POMP;0,800991231696541;6,05216925785002e-27;1,09919498061072e-22;0,951;0,428;13;All_Others;0,75
SSR1;0,823740900151925;6,35068521458386e-27;1,15341144867272e-22;0,921;0,381;13;All_Others;0,75
GTF3C6;0,769302056864886;6,53551979829133e-27;1,18698110576567e-22;0,75;0,255;13;All_Others;0,75
GNG5;0,69179877120556;1,3053021353427e-26;2,37068973820942e-22;1;0,643;13;All_Others;0,75
FGR;0,502178809958643;1,68930163851805e-26;3,06810963587649e-22;0,982;0,372;13;All_Others;0,75
UBE2L3;0,779641905381535;1,807172259591e-26;3,28218625786918e-22;0,902;0,358;13;All_Others;0,75
CD63;0,761279360461727;2,65554785742449e-26;4,82300601865435e-22;0,933;0,398;13;All_Others;0,75
NDUFA12;0,888357925447509;2,6881455188429e-26;4,88220989132248e-22;0,963;0,562;13;All_Others;0,75
RHOG;0,777814438918452;2,7885969369743e-26;5,06464975693272e-22;0,988;0,57;13;All_Others;0,75
RAB7A;0,853600170405534;3,89947721826034e-26;7,08223052380443e-22;0,951;0,471;13;All_Others;0,75
PTTG1IP;0,635144681668007;3,99012436350292e-26;7,246863868994e-22;0,829;0,311;13;All_Others;0,75
UQCRC1;0,758929032498024;4,52161208503863e-26;8,21215186884716e-22;0,921;0,383;13;All_Others;0,75
PFDN2;0,75673121444653;5,59310875388517e-26;1,01582041188062e-21;0,854;0,318;13;All_Others;0,75
ATP6AP1;0,881017628438905;5,88215300285247e-26;1,06831662837806e-21;0,768;0,297;13;All_Others;0,75
MYADM;0,713648010461818;7,51684980274786e-26;1,36521026117507e-21;0,787;0,29;13;All_Others;0,75
ACTR2;0,794165064127656;7,76577391898492e-26;1,41041985916604e-21;1;0,635;13;All_Others;0,75
THEMIS2;0,594580015181392;7,98961136608561e-26;1,45107321630847e-21;0,756;0,266;13;All_Others;0,75
NDUFB5;0,859589713182014;8,34719264651943e-26;1,51601712846086e-21;0,823;0,341;13;All_Others;0,75
IL6R;0,687069192693874;9,91098590776051e-26;1,80003326056746e-21;0,762;0,279;13;All_Others;0,75
MYL6;0,507717107281943;1,27699521620358e-25;2,31927871166895e-21;1;0,945;13;All_Others;0,75
RTN4;0,815077597941429;1,32021195033801e-25;2,3977689442039e-21;0,939;0,462;13;All_Others;0,75
SRSF3;0,8153402131066;1,50485109690379e-25;2,73311056219666e-21;0,982;0,549;13;All_Others;0,75
RBM3;0,75420967136993;3,47309523881701e-25;6,30783557273945e-21;1;0,713;13;All_Others;0,75
NCOA4;0,515712838811808;3,66248018533872e-25;6,65179651261217e-21;0,909;0,41;13;All_Others;0,75
RTF2;0,723883213340701;5,78453626817004e-25;1,05058747702504e-20;0,848;0,316;13;All_Others;0,75
HDLBP;0,558561046649201;6,56892903024098e-25;1,19304889047237e-20;0,75;0,259;13;All_Others;0,75
PREX1;0,635351176941876;6,81831865555875e-25;1,23834303422258e-20;0,866;0,333;13;All_Others;0,75
NDUFAB1;0,791487975180948;7,91140504491217e-25;1,43686938425695e-20;0,915;0,412;13;All_Others;0,75
ATP6V0B;0,64883971511646;9,17992814756038e-25;1,66725855015992e-20;0,982;0,508;13;All_Others;0,75
ATP5PB;0,756894049223144;1,40892645966737e-24;2,55889223604788e-20;0,988;0,611;13;All_Others;0,75
EIF4E2;0,60202097934657;1,4198687811383e-24;2,57876568030338e-20;0,829;0,296;13;All_Others;0,75
QKI;0,656541268212048;1,49254950697745e-24;2,71076841457244e-20;0,872;0,349;13;All_Others;0,75
SUB1;0,719914664120055;1,73196774707247e-24;3,14559982223301e-20;0,994;0,717;13;All_Others;0,75
SRGN;0,615058113883479;1,83930075535595e-24;3,34053803187748e-20;1;0,66;13;All_Others;0,75
HSBP1;0,552016393449901;1,85477562670644e-24;3,36864349322424e-20;0,878;0,342;13;All_Others;0,75
AIF1;0,524522597696672;2,00928984942033e-24;3,6492722245172e-20;1;0,509;13;All_Others;0,75
NDUFS2;0,783510243231931;2,35115895637481e-24;4,27017489656793e-20;0,835;0,334;13;All_Others;0,75
TIMM8B;0,649529208172098;2,86076095006803e-24;5,19571403751356e-20;0,768;0,283;13;All_Others;0,75
MAT2A;0,700362609024006;3,17972312381272e-24;5,77501313746867e-20;0,805;0,297;13;All_Others;0,75
ATP5MC1;0,809398609690196;4,50563463230834e-24;8,18313361919841e-20;0,896;0,399;13;All_Others;0,75
COX7B;0,776344372744959;5,0428631133927e-24;9,15884798654383e-20;0,976;0,556;13;All_Others;0,75
RPS6KA1;0,650305883609159;6,24387590638487e-24;1,13401274211762e-19;0,787;0,293;13;All_Others;0,75
ADA2;0,631098258396879;7,06024968112768e-24;1,28228254708641e-19;0,835;0,334;13;All_Others;0,75
NDUFS7;0,783644705171701;1,10733411971656e-23;2,01114022822922e-19;0,921;0,425;13;All_Others;0,75
EIF3L;0,671146080102816;1,34385836475206e-23;2,44071556206269e-19;0,988;0,788;13;All_Others;0,75
AKR1A1;0,614834810554608;1,55676354486015e-23;2,82739395017501e-19;0,811;0,297;13;All_Others;0,75
MDH2;0,774155865185038;2,25637564300309e-23;4,09802944282222e-19;0,976;0,482;13;All_Others;0,75
APEX1;0,795496483976566;2,49163272824046e-23;4,52530336103033e-19;0,957;0,484;13;All_Others;0,75
ALYREF;0,700509290347222;3,0009278321213e-23;5,45028512869871e-19;0,841;0,331;13;All_Others;0,75
PKM;0,607746089411495;3,0237287006082e-23;5,49169606604461e-19;1;0,739;13;All_Others;0,75
SSR3;0,688762546960102;3,485850497537e-23;6,3310016736267e-19;0,854;0,342;13;All_Others;0,75
PSMB2;0,626126609918869;3,76523294244458e-23;6,83841607006785e-19;0,866;0,331;13;All_Others;0,75
ALDOA;0,69735260859119;4,94565388660814e-23;8,98229658885771e-19;0,982;0,673;13;All_Others;0,75
CNPPD1;0,641508607146725;6,50936584380317e-23;1,18223102455153e-18;0,799;0,294;13;All_Others;0,75
APPL1;0,531793757880662;2,2947548977717e-22;4,16773384533295e-18;0,774;0,286;13;All_Others;0,75
ITGB2;0,573706168617189;2,57281335809589e-22;4,67274362097375e-18;1;0,803;13;All_Others;0,75
CIAO2A;0,611453593303273;2,6347282232124e-22;4,78519339899837e-18;0,854;0,339;13;All_Others;0,75
OSTC;0,815353092523777;2,70718267935553e-22;4,91678518224552e-18;0,848;0,379;13;All_Others;0,75
PSMB3;0,668425708329825;2,862070319392e-22;5,19809211407976e-18;0,976;0,544;13;All_Others;0,75
IFI16;0,729791472188016;2,97013435955357e-22;5,3943580238212e-18;0,854;0,38;13;All_Others;0,75
SNX5;0,606161861900137;3,07665197614856e-22;5,58781531908101e-18;0,768;0,28;13;All_Others;0,75
GRSF1;0,665332340017361;3,62511845563257e-22;6,58394013911987e-18;0,829;0,336;13;All_Others;0,75
DBI;0,706168028762596;5,00789745760825e-22;9,09534336250811e-18;0,963;0,559;13;All_Others;0,75
PDIA6;0,756480796159407;5,35390482288098e-22;9,72376193931643e-18;0,787;0,323;13;All_Others;0,75
CYBA;0,548427615844379;5,68278107055906e-22;1,03210669803494e-17;1;0,923;13;All_Others;0,75
ILK;0,514939494176089;5,69153544045937e-22;1,03369666669623e-17;0,78;0,299;13;All_Others;0,75
IDH3G;0,566712868008938;6,00852659065302e-22;1,0912685993944e-17;0,78;0,285;13;All_Others;0,75
CLTA;0,714326524285573;6,29158294861319e-22;1,14267729512713e-17;0,921;0,458;13;All_Others;0,75
ARPC1B;0,632535304517738;8,61714623149604e-22;1,56504609856431e-17;0,976;0,576;13;All_Others;0,75
VDAC3;0,638855004882546;1,05090773407789e-21;1,90865862663226e-17;0,793;0,303;13;All_Others;0,75
OS9;0,667423977547017;1,14345022994552e-21;2,07673430762705e-17;0,854;0,368;13;All_Others;0,75
NFKBIA;0,748094740507782;1,18475050897984e-21;2,15174387440919e-17;0,89;0,418;13;All_Others;0,75
CAP1;0,60761579218222;1,52306754172203e-21;2,76619526927556e-17;1;0,766;13;All_Others;0,75
COX8A;0,601415643007738;1,53845142922062e-21;2,79413548575049e-17;1;0,69;13;All_Others;0,75
GNAI2;0,52002866148641;1,92457840006007e-21;3,49541929018911e-17;1;0,829;13;All_Others;0,75
BRK1;0,689872763913087;2,34775201945434e-21;4,26398721773297e-17;0,988;0,632;13;All_Others;0,75
CYB5R3;0,696692927211079;2,73343519112824e-21;4,96446499412711e-17;0,75;0,289;13;All_Others;0,75
REL;0,54884251508399;3,04405512102726e-21;5,5286129108097e-17;0,902;0,391;13;All_Others;0,75
UQCRFS1;0,712987986780353;3,84726848883396e-21;6,98740902942023e-17;0,848;0,359;13;All_Others;0,75
EIF6;0,630053222905762;4,40520185367431e-21;8,00072760664327e-17;0,78;0,295;13;All_Others;0,75
EID1;0,665558101093236;4,65978510188948e-21;8,46310170205167e-17;0,976;0,551;13;All_Others;0,75
VPS29;0,663242005840374;5,34531298809317e-21;9,70815744897482e-17;0,909;0,42;13;All_Others;0,75
PGK1;0,610546561520686;6,10086128027917e-21;1,1080384257243e-16;1;0,736;13;All_Others;0,75
CCT6A;0,753717245742205;7,87990553532636e-21;1,43114844332597e-16;0,89;0,424;13;All_Others;0,75
POLR2E;0,753461894319792;8,84088409142126e-21;1,60568136868393e-16;0,86;0,39;13;All_Others;0,75
HPS1;0,641450089278905;1,11207438245026e-20;2,01974949340616e-16;0,799;0,325;13;All_Others;0,75
CALM2;0,612363004207451;1,13093123537456e-20;2,05399730968728e-16;1;0,83;13;All_Others;0,75
TMEM165;0,561522403334555;1,18361118807198e-20;2,14967463977632e-16;0,793;0,3;13;All_Others;0,75
SNX3;0,997492863631384;1,18733024932035e-20;2,15642919881562e-16;0,945;0,592;13;All_Others;0,75
DNAJC4;0,632097855136609;1,20657847269077e-20;2,19138782210098e-16;0,774;0,302;13;All_Others;0,75
SDHC;0,65861857728251;1,31900772985339e-20;2,39558183895972e-16;0,86;0,349;13;All_Others;0,75
CTSB;0,54384274101602;1,35285074407664e-20;2,45704752139199e-16;0,902;0,411;13;All_Others;0,75
PPIB;0,637227511168439;1,45159319264911e-20;2,63638355648931e-16;0,988;0,753;13;All_Others;0,75
BLOC1S1;0,511801114235438;2,50788569394948e-20;4,55482199735105e-16;0,811;0,317;13;All_Others;0,75
SRP72;0,707744184187087;4,829320127538e-20;8,77101121563451e-16;0,823;0,347;13;All_Others;0,75
GLUD1;0,594740732740312;4,83613455964642e-20;8,78338758722983e-16;0,787;0,308;13;All_Others;0,75
SNRPD1;0,664921656636483;7,31231638437729e-20;1,3280629017306e-15;0,86;0,352;13;All_Others;0,75
CAPNS1;0,64264791929595;8,11948614922495e-20;1,47466107442223e-15;0,963;0,556;13;All_Others;0,75
PPM1G;0,651644041355212;8,62949029827808e-20;1,56728802797326e-15;0,848;0,371;13;All_Others;0,75
WSB1;0,616065018862683;1,62950597400051e-19;2,95950874997972e-15;0,945;0,513;13;All_Others;0,75
SERPINB6;0,523781799996461;1,67419030696793e-19;3,04066443551515e-15;0,787;0,321;13;All_Others;0,75
ATP5F1A;0,680341101474467;2,2568898499355e-19;4,09896334545285e-15;0,976;0,656;13;All_Others;0,75
ARPC5;0,524820953438549;2,87333563792622e-19;5,2185521856016e-15;1;0,767;13;All_Others;0,75
VASP;0,582693252726693;3,01317785873918e-19;5,47253362704211e-15;0,951;0,479;13;All_Others;0,75
LPXN;0,561404111209364;3,0320976562001e-19;5,50689576319062e-15;0,78;0,309;13;All_Others;0,75
GSTO1;0,500967772350169;3,82587377467223e-19;6,94855194955971e-15;0,878;0,393;13;All_Others;0,75
PSMB6;0,699907574370907;4,44668048564675e-19;8,07606109803162e-15;0,89;0,432;13;All_Others;0,75
PRPF40A;0,625783576858536;4,68383103060999e-19;8,50677391779387e-15;0,909;0,412;13;All_Others;0,75
C1QBP;0,70410649870254;7,86233864253067e-19;1,42795794425642e-14;0,945;0,492;13;All_Others;0,75
MTDH;0,611097616938293;8,03423113780809e-19;1,4591770592487e-14;0,982;0,585;13;All_Others;0,75
DOCK2;0,515365349427965;1,14117842674811e-18;2,07260825865992e-14;0,787;0,318;13;All_Others;0,75
RNASET2;0,650056672394066;1,2498821645491e-18;2,27003598725407e-14;0,982;0,676;13;All_Others;0,75
DCXR;0,527823514815158;1,25035251841266e-18;2,27089024394108e-14;0,793;0,326;13;All_Others;0,75
TUFM;0,686642198597374;1,46396210246688e-18;2,65884797050034e-14;0,951;0,552;13;All_Others;0,75
SCP2;0,627456159360921;1,71258329325494e-18;3,11039377720963e-14;0,829;0,358;13;All_Others;0,75
MRPL33;0,589625957944373;2,67945003283923e-18;4,8664171496426e-14;0,89;0,402;13;All_Others;0,75
NDUFS8;0,627733850028816;2,68975451337896e-18;4,88513214719887e-14;0,89;0,405;13;All_Others;0,75
NDUFS6;0,60971050166824;3,35215359281255e-18;6,08818135526616e-14;0,902;0,425;13;All_Others;0,75
NDUFA6;0,685618241158325;3,98419912453923e-18;7,23610244998816e-14;0,909;0,45;13;All_Others;0,75
DDOST;0,668630946710487;9,07355287668704e-18;1,6479386734639e-13;0,872;0,431;13;All_Others;0,75
UQCR10;0,541649642717523;9,75169742831383e-18;1,77110328693036e-13;0,994;0,725;13;All_Others;0,75
ADRM1;0,522236955538021;1,4311795854388e-17;2,59930836307394e-13;0,787;0,311;13;All_Others;0,75
TOMM22;0,574639797047273;1,67150573135607e-17;3,03578870928889e-13;0,878;0,387;13;All_Others;0,75
SND1;0,504774952187108;1,69706732249424e-17;3,08221367111404e-13;0,762;0,309;13;All_Others;0,75
HADHA;0,602260466109726;1,95899224634054e-17;3,55792171780368e-13;0,945;0,543;13;All_Others;0,75
SH3BGRL;0,592211193330237;2,8973377940667e-17;5,26214490158394e-13;0,951;0,611;13;All_Others;0,75
LDHA;0,636585615261519;2,92233103072292e-17;5,30753761799897e-13;0,945;0,571;13;All_Others;0,75
NDUFA4;0,56689550666813;2,95506249953352e-17;5,36698451165278e-13;0,982;0,715;13;All_Others;0,75
HIGD2A;0,525900389982069;3,50103276181228e-17;6,35857570200346e-13;1;0,741;13;All_Others;0,75
RPN1;0,569548499515485;3,60418854231533e-17;6,54592723055311e-13;0,884;0,404;13;All_Others;0,75
PTPN2;0,506342202393538;4,70880062429417e-17;8,55212369384306e-13;0,756;0,311;13;All_Others;0,75
KIF5B;0,500928546341354;4,90777835791419e-17;8,91350705364376e-13;0,768;0,319;13;All_Others;0,75
REEP5;0,521892143108854;8,42995902058579e-17;1,53104915731879e-12;0,909;0,418;13;All_Others;0,75
SLIRP;0,56142611513794;9,66536465269619e-17;1,75542352822268e-12;0,799;0,341;13;All_Others;0,75
APH1A;0,608115753225802;1,00494619758479e-16;1,8251832840535e-12;0,854;0,413;13;All_Others;0,75
AHNAK;0,508825879636035;1,12004911764943e-16;2,0342332074749e-12;0,988;0,587;13;All_Others;0,75
CANX;0,603287255967742;1,16043629107358e-16;2,10758439184784e-12;0,915;0,499;13;All_Others;0,75
C1orf43;0,591192662243655;1,18759529753135e-16;2,15691057937645e-12;0,799;0,354;13;All_Others;0,75
MLF2;0,595070427518039;1,52394057652232e-16;2,76778087507983e-12;0,811;0,359;13;All_Others;0,75
SRSF9;0,569822202062095;1,61760275954922e-16;2,93789013189329e-12;0,994;0,597;13;All_Others;0,75
PSMD7;0,544036418787544;1,97222669283312e-16;3,58195811952352e-12;0,811;0,35;13;All_Others;0,75
NAA38;0,569039282847173;2,95943086352966e-16;5,37491833434257e-12;0,921;0,459;13;All_Others;0,75
SEC11A;0,533788459184962;3,34330538714196e-16;6,07211124412723e-12;0,945;0,493;13;All_Others;0,75
CCT8;0,576523140775494;3,34600621747623e-16;6,07701649218033e-12;0,866;0,404;13;All_Others;0,75
EIF3A;0,529905172195268;3,63040792026179e-16;6,59354686477947e-12;0,951;0,502;13;All_Others;0,75
SNRPF;0,598984397945106;7,47787579528127e-16;1,35813180193898e-11;0,909;0,458;13;All_Others;0,75
RPN2;0,543111404545443;8,40120442490813e-16;1,52582674765181e-11;0,884;0,425;13;All_Others;0,75
CLNS1A;0,561975108580938;8,54471230164742e-16;1,5518906482252e-11;0,866;0,407;13;All_Others;0,75
GNB2;0,50552082672438;9,37919379312272e-16;1,70344917670695e-11;0,982;0,659;13;All_Others;0,75
SNRPG;0,578467474334712;1,3219940768292e-15;2,40100564233719e-11;0,927;0,502;13;All_Others;0,75
PRKAR1A;0,512018865512142;1,71627061502215e-15;3,11709069100322e-11;0,89;0,415;13;All_Others;0,75
PSMD8;0,558665701137657;1,80019346418039e-15;3,26951136964442e-11;0,872;0,414;13;All_Others;0,75
DYNLL1;0,506993502440019;1,80615964693001e-15;3,28034715075428e-11;0,939;0,506;13;All_Others;0,75
OXA1L;0,557797682054722;1,9147990619895e-15;3,47765805638533e-11;0,951;0,549;13;All_Others;0,75
SNX17;0,567358736143635;1,92581576488529e-15;3,49766659218467e-11;0,866;0,428;13;All_Others;0,75
HSP90B1;0,524082613993181;2,08267920632322e-15;3,78256197452422e-11;0,988;0,663;13;All_Others;0,75
PSMA6;0,509265227283217;2,43135295146324e-15;4,41582323044753e-11;0,86;0,376;13;All_Others;0,75
GADD45GIP1;0,525754385985924;2,69276074543191e-15;4,89059206585343e-11;0,811;0,363;13;All_Others;0,75
RGS19;0,516858514588072;4,39613512259486e-15;7,98426060965678e-11;0,902;0,457;13;All_Others;0,75
SRSF2;0,57092923156156;9,46988545180016e-15;1,71992059575594e-10;0,933;0,525;13;All_Others;0,75
UQCRH;0,50036339131198;1,05493714563711e-14;1,91597684390612e-10;1;0,753;13;All_Others;0,75
PARK7;0,538311005252373;1,34895724655577e-14;2,44997615119459e-10;0,945;0,623;13;All_Others;0,75
EIF3I;0,558390462188172;1,55802351395397e-14;2,8296823060432e-10;0,86;0,423;13;All_Others;0,75
RBX1;0,514712766226606;1,8574978658374e-14;3,37358762393389e-10;0,902;0,494;13;All_Others;0,75
SEM1;0,510602162006499;5,60817527843522e-14;1,01855679406941e-09;0,951;0,542;13;All_Others;0,75
DEK;0,506144995716976;6,96065568417601e-14;1,26419428536005e-09;0,945;0,531;13;All_Others;0,75
ACTR3;0,521938723489237;1,1259296142871e-12;2,04491336546823e-08;0,976;0,704;13;All_Others;0,75
IFITM3;0,733996407301115;7,718248984529e-12;1,40178838057016e-07;0,787;0,45;13;All_Others;0,75
GHITM;0,504707381358924;8,16471671325941e-12;1,48287584946217e-07;0,902;0,493;13;All_Others;0,75
FCGR3A;4,97660092437294;0;0;1;0,057;14;All_Others;0,75
TCF7L2;4,6984030635975;8,85551474936382e-296;1,60833858877946e-291;0,908;0,054;14;All_Others;0,75
RHOC;4,2526514180987;9,24044778017317e-246;1,67825012583505e-241;0,89;0,064;14;All_Others;0,75
SIGLEC10;4,10039892679338;1,36102997634597e-205;2,47190264303955e-201;0,798;0,06;14;All_Others;0,75
MS4A7;4,32907966573359;1,63815130618239e-156;2,97521040228845e-152;0,982;0,147;14;All_Others;0,75
MTSS1;3,39825110785657;4,81946161509843e-150;8,75310618534177e-146;0,963;0,131;14;All_Others;0,75
HMOX1;3,5420175855959;7,22766437366816e-145;1,31268840354561e-140;0,908;0,118;14;All_Others;0,75
CSF1R;3,58930275688905;3,4286678586859e-135;6,22714656494533e-131;0,936;0,144;14;All_Others;0,75
SECTM1;2,96459235187632;1,24287917485357e-115;2,25731715736906e-111;0,78;0,098;14;All_Others;0,75
LILRA1;3,04774315985518;1,98121958614454e-115;3,59829101235572e-111;0,835;0,117;14;All_Others;0,75
MAFB;3,06714742485393;2,62506198351476e-113;4,76763757445951e-109;0,927;0,155;14;All_Others;0,75
GPBAR1;2,90475652157691;4,12396398710814e-112;7,48994339338581e-108;0,761;0,096;14;All_Others;0,75
ABI3;3,0913259117655;5,96059757392286e-108;1,08256373137587e-103;0,945;0,185;14;All_Others;0,75
RRAS;3,15525796256569;1,08003407376119e-106;1,96155788476507e-102;0,817;0,122;14;All_Others;0,75
ADGRE2;2,7750582447357;1,95206732699546e-101;3,54534467928916e-97;0,89;0,149;14;All_Others;0,75
WARS1;3,03729320581429;3,658987415849e-101;6,64545294466495e-97;0,917;0,175;14;All_Others;0,75
LRRC25;2,86564273736208;1,15061856327948e-100;2,08975343462819e-96;0,927;0,176;14;All_Others;0,75
PILRA;2,80730735588822;1,67411374276078e-98;3,04052537960213e-94;0,945;0,185;14;All_Others;0,75
FAM110A;2,91509926250031;4,4352884004193e-98;8,05537079284154e-94;0,927;0,174;14;All_Others;0,75
INSIG1;3,18956396062211;5,45648687486498e-98;9,91007146212978e-94;0,78;0,123;14;All_Others;0,75
LILRB1;2,73157637817714;1,19965416819203e-91;2,17881190027036e-87;0,899;0,173;14;All_Others;0,75
LILRB2;2,85762927184734;1,90057365922032e-90;3,45182187987594e-86;1;0,28;14;All_Others;0,75
LST1;3,16914029047016;4,42529823635499e-90;8,03722665686793e-86;1;0,372;14;All_Others;0,75
SERPINA1;2,79614759769959;1,81818003000393e-86;3,30217857049315e-82;1;0,311;14;All_Others;0,75
LILRA5;2,51382846073975;5,45046229297047e-86;9,89912961649297e-82;0,881;0,172;14;All_Others;0,75
BCL2A1;2,92707200947235;6,76725553600164e-85;1,22906895044862e-80;0,844;0,162;14;All_Others;0,75
HCK;2,54894691460219;6,27622155515503e-84;1,13988735884726e-79;1;0,279;14;All_Others;0,75
SLC7A7;2,42968418918307;1,45308747899398e-81;2,63909747934886e-77;0,927;0,2;14;All_Others;0,75
FCER1G;2,59037409833787;9,95778011930119e-80;1,80853202526748e-75;1;0,411;14;All_Others;0,75
CFD;2,58306686437475;5,74589373839622e-79;1,04356922076752e-74;1;0,297;14;All_Others;0,75
SCIMP;2,35004449341607;1,46505696285009e-78;2,66083645592833e-74;0,872;0,171;14;All_Others;0,75
CD68;2,41595393715862;4,17452686881659e-77;7,58177569914469e-73;0,991;0,3;14;All_Others;0,75
LYN;2,700077111351;1,20908209643799e-76;2,19593490355068e-72;0,991;0,337;14;All_Others;0,75
FGD2;2,26076914843497;2,28669275043131e-74;4,15309137333335e-70;0,826;0,162;14;All_Others;0,75
HK3;2,11128137289359;1,51394186807143e-72;2,74962122079134e-68;0,899;0,191;14;All_Others;0,75
AIF1;2,41641117589087;4,45373832109986e-72;8,08887953878157e-68;1;0,512;14;All_Others;0,75
BID;2,49889643815946;5,40416900644677e-71;9,81505174950863e-67;0,908;0,228;14;All_Others;0,75
TBXAS1;2,20699661984427;1,83930030472961e-70;3,34053721344991e-66;0,945;0,243;14;All_Others;0,75
LGALS9;2,11814384679653;1,51385664373378e-69;2,74946643634929e-65;0,927;0,215;14;All_Others;0,75
COTL1;2,46329068061717;3,02626388196848e-69;5,49630046243115e-65;1;0,746;14;All_Others;0,75
SAT1;2,75051772868954;3,46031849298185e-69;6,28463044695364e-65;1;0,601;14;All_Others;0,75
IFITM3;3,24693579031421;3,46939656387737e-69;6,30111803931408e-65;0,991;0,45;14;All_Others;0,75
LILRA2;2,23022247779751;1,12784794290409e-68;2,04839743390241e-64;0,872;0,202;14;All_Others;0,75
PSAP;2,50137372060446;2,47097024152333e-68;4,48777615265467e-64;1;0,714;14;All_Others;0,75
C5AR1;2,00061716929045;2,54597536816184e-67;4,62400046365553e-63;0,771;0,146;14;All_Others;0,75
PIK3AP1;2,260952427158;2,66264446755434e-67;4,8358948819722e-63;0,826;0,175;14;All_Others;0,75
CST3;2,09293393413798;2,67660527509878e-67;4,8612505006344e-63;1;0,38;14;All_Others;0,75
ITGAX;2,03771813845691;8,61870329668789e-65;1,56532889274446e-60;0,853;0,186;14;All_Others;0,75
NPC2;2,28927314024971;1,37020874187894e-64;2,48857311700053e-60;1;0,461;14;All_Others;0,75
SPI1;2,10503941969357;2,88547115152318e-64;5,2405927053964e-60;1;0,379;14;All_Others;0,75
CX3CR1;1,95394480451413;3,87231179946333e-64;7,03289269018531e-60;0,798;0,165;14;All_Others;0,75
PECAM1;2,50372337950198;5,11083347013193e-64;9,28229574845361e-60;0,972;0,353;14;All_Others;0,75
TNFRSF1B;2,20401877875133;8,99629099532317e-64;1,63390637057059e-59;0,991;0,373;14;All_Others;0,75
MARCKS;2,0555339491231;1,51967862215039e-62;2,76004031354955e-58;0,835;0,19;14;All_Others;0,75
CDK2AP1;2,09276450087397;2,38054222741993e-62;4,32354079344007e-58;0,78;0,159;14;All_Others;0,75
RAB24;2,1101031632876;9,39818239699567e-62;1,70689788694235e-57;0,945;0,262;14;All_Others;0,75
FTL;2,03805340897234;2,63564320188356e-61;4,78685518326092e-57;1;0,979;14;All_Others;0,75
HLA-DPA1;2,15440493752931;3,75863893822794e-61;6,82644003960959e-57;1;0,425;14;All_Others;0,75
CEBPB;2,35575527998095;3,77068291715986e-61;6,84831431414574e-57;0,982;0,424;14;All_Others;0,75
TIMP1;2,43527798273979;2,12641067169551e-60;3,86198706193339e-56;0,991;0,447;14;All_Others;0,75
NAAA;2,31315351271356;6,08409366759858e-59;1,10499309190925e-54;0,936;0,334;14;All_Others;0,75
CALHM6;2,18762023163279;9,98711346073995e-59;1,81385954673959e-54;0,927;0,29;14;All_Others;0,75
STX11;1,96111328401451;2,06542921752391e-58;3,75123254486693e-54;0,761;0,159;14;All_Others;0,75
FTH1;1,83262601866437;2,96243700174733e-58;5,3803780825735e-54;1;0,981;14;All_Others;0,75
CPPED1;1,87020287287677;1,08122995935893e-55;1,96372985218769e-51;0,826;0,199;14;All_Others;0,75
MAPKAPK3;2,26867022039216;1,82707104599022e-55;3,31832643372743e-51;0,798;0,213;14;All_Others;0,75
FBP1;2,12707516293168;4,69252282341858e-55;8,52255995189282e-51;0,752;0,168;14;All_Others;0,75
UNC119;2,14842867677209;2,38264802450791e-54;4,32736534211127e-50;0,826;0,223;14;All_Others;0,75
FGL2;1,78442859293247;4,73720989289384e-54;8,60372060747379e-50;0,963;0,286;14;All_Others;0,75
RHOB;2,08023491004871;1,23976637593776e-53;2,25166369197816e-49;0,872;0,252;14;All_Others;0,75
NAPSB;1,74335788448258;1,29125078731603e-53;2,34516967992337e-49;0,945;0,278;14;All_Others;0,75
LMO2;1,97763087606929;2,84848098603481e-53;5,17341116683643e-49;0,826;0,212;14;All_Others;0,75
DUSP6;1,6793921252839;8,3670661760137e-52;1,51962655888761e-47;0,927;0,265;14;All_Others;0,75
CTSS;1,85929954549838;1,52892282629658e-51;2,77682963711985e-47;1;0,577;14;All_Others;0,75
TCIRG1;1,89110933216616;5,76062152083791e-51;1,04624408061458e-46;0,982;0,412;14;All_Others;0,75
RXRA;1,64450079257328;2,03751548817777e-49;3,70053562962847e-45;0,807;0,194;14;All_Others;0,75
CALM2;1,53281144347054;3,68655678569163e-49;6,69552443417314e-45;1;0,831;14;All_Others;0,75
FGR;1,75963049714992;1,46536287133484e-48;2,66139204691834e-44;0,991;0,375;14;All_Others;0,75
ANXA5;1,67493716593737;3,25747081049931e-48;5,91621848602885e-44;0,991;0,402;14;All_Others;0,75
CFP;1,78447791099039;6,6286413000643e-48;1,20389383291768e-43;0,963;0,325;14;All_Others;0,75
YBX1;1,18271878457222;1,97123372535456e-47;3,58015469198895e-43;1;0,906;14;All_Others;0,75
ATG3;1,82537416697254;2,54369816973561e-47;4,61986461587382e-43;0,936;0,362;14;All_Others;0,75
CPVL;1,65914754944937;3,22041769101395e-47;5,84892261041954e-43;0,798;0,202;14;All_Others;0,75
S100A11;1,65095527414017;3,28202835454754e-47;5,96081989752924e-43;1;0,658;14;All_Others;0,75
STXBP2;1,6957946232722;8,42676532570263e-47;1,53046911845411e-42;0,963;0,338;14;All_Others;0,75
VASP;1,66481867715922;3,02826135025072e-46;5,49992826432536e-42;0,991;0,482;14;All_Others;0,75
MYD88;1,77453168411095;3,28306890555121e-46;5,96270974626211e-42;0,908;0,294;14;All_Others;0,75
CUX1;2,2532348240456;3,82702619134219e-46;6,95064496871569e-42;0,807;0,261;14;All_Others;0,75
IGSF6;1,68922021363519;3,27600559844321e-45;5,94988136789256e-41;0,853;0,242;14;All_Others;0,75
CLEC7A;1,47205744391554;7,2824799421355e-45;1,32264400709065e-40;0,872;0,237;14;All_Others;0,75
CTSC;1,96542111285036;1,07306843104104e-44;1,94890688445674e-40;0,917;0,375;14;All_Others;0,75
VAMP5;1,94318761300391;3,5003590305767e-44;6,35735207133341e-40;0,844;0,265;14;All_Others;0,75
ASAH1;1,78783296432131;3,91149384101806e-44;7,10405511405701e-40;0,954;0,403;14;All_Others;0,75
HLA-DRB1;1,47883658820011;2,45853257003105e-43;4,46518685369038e-39;1;0,418;14;All_Others;0,75
NFKBIZ;1,93651435445212;3,79324482579867e-43;6,88929125261554e-39;0,844;0,284;14;All_Others;0,75
HLA-DRA;1,53780869933916;3,99317711615267e-42;7,25240827835648e-38;0,917;0,279;14;All_Others;0,75
CASP1;1,75656705667311;5,04953650789128e-42;9,17096820563213e-38;0,917;0,342;14;All_Others;0,75
PRELID1;1,60378188360466;1,09777859076802e-41;1,99378547655287e-37;0,982;0,529;14;All_Others;0,75
CARD16;1,56529883618389;1,82539081868071e-41;3,3152748048879e-37;0,972;0,477;14;All_Others;0,75
DRAP1;1,72955204420692;2,51089843966205e-41;4,56029374611422e-37;0,963;0,562;14;All_Others;0,75
HLA-DPB1;1,54933666441182;1,19662951856507e-40;2,17331853161787e-36;0,972;0,43;14;All_Others;0,75
SPN;1,71127350399251;1,81969672280382e-40;3,30493318795629e-36;0,89;0,351;14;All_Others;0,75
ARPC3;1,1021290313331;3,81290880968438e-40;6,92500498014876e-36;1;0,899;14;All_Others;0,75
PLAC8;1,72215294300669;4,95550996312694e-40;9,00019719503115e-36;0,917;0,411;14;All_Others;0,75
ARPC2;1,03254666708973;5,27113955857741e-40;9,57344366628828e-36;1;0,904;14;All_Others;0,75
SH3BP2;1,54109390017068;8,1707292210286e-40;1,48396784112321e-35;0,881;0,284;14;All_Others;0,75
PFN1;0,843485181327076;9,33624642605108e-40;1,6956490758994e-35;1;0,982;14;All_Others;0,75
ACTB;0,886662731235849;1,24584498546282e-39;2,26270366259758e-35;1;0,995;14;All_Others;0,75
OAZ1;1,03335195082137;1,78533216101661e-39;3,24252027083837e-35;1;0,94;14;All_Others;0,75
NAP1L1;1,76136507600262;2,13581125342521e-39;3,87906039847087e-35;0,972;0,618;14;All_Others;0,75
RGS19;1,53289364030637;2,50429033421705e-39;4,54829210500501e-35;0,963;0,459;14;All_Others;0,75
HLA-DRB3;1,45151859914179;2,588391142375e-39;4,70103599278148e-35;0,826;0,242;14;All_Others;0,75
UTRN;1,57379561223286;1,26362582802494e-38;2,2949972288589e-34;0,908;0,338;14;All_Others;0,75
RNF149;1,67946526689048;1,27328895865312e-38;2,31254740670581e-34;0,927;0,391;14;All_Others;0,75
HSBP1;1,47332522292233;1,44573771951811e-38;2,6257488461888e-34;0,927;0,344;14;All_Others;0,75
PTPN6;1,44686565531319;1,60446997306663e-38;2,91403836508361e-34;0,991;0,638;14;All_Others;0,75
CTSZ;1,50527003225239;1,67963749188754e-38;3,05055761276614e-34;0,972;0,405;14;All_Others;0,75
CYBB;1,36138808356151;2,0860868021541e-38;3,78875085007227e-34;1;0,381;14;All_Others;0,75
LYST;1,48919937550775;2,37946120051577e-38;4,32157743237674e-34;0,927;0,356;14;All_Others;0,75
CSTB;1,72251417808355;2,79388707782852e-38;5,07425771075215e-34;0,963;0,567;14;All_Others;0,75
ZFAND5;1,61904308700098;3,16471514287126e-38;5,74775564248278e-34;0,927;0,381;14;All_Others;0,75
FKBP1A;1,41939307677486;5,81692947545844e-38;1,05647073133276e-33;0,991;0,611;14;All_Others;0,75
MYL6;1,01289846091094;8,02079475439323e-38;1,4567367432929e-33;0,991;0,945;14;All_Others;0,75
BRI3;1,40924887317209;1,01199101246213e-37;1,83797807683372e-33;0,991;0,521;14;All_Others;0,75
LFNG;1,7836888356813;1,11362105299426e-37;2,02255855644818e-33;0,89;0,334;14;All_Others;0,75
TYMP;1,43396212813825;3,21383696323135e-37;5,83697069262079e-33;0,982;0,41;14;All_Others;0,75
POU2F2;1,53772597558749;5,2571570707382e-37;9,54804867187473e-33;0,945;0,396;14;All_Others;0,75
TYROBP;1,35428564591716;5,26624329672731e-37;9,56455107551614e-33;1;0,412;14;All_Others;0,75
LGALS3;1,395244961944;6,8694043712064e-37;1,24762122189851e-32;0,936;0,332;14;All_Others;0,75
RARA;1,57687243552245;2,08234676658794e-36;3,78195819747701e-32;0,771;0,226;14;All_Others;0,75
TNFSF10;1,61496626001772;3,07933168112886e-36;5,59268219926623e-32;0,826;0,271;14;All_Others;0,75
SEC14L1;1,73382487894781;5,77038422290709e-36;1,04801718256439e-31;0,752;0,224;14;All_Others;0,75
RHOA;0,992830321323532;1,58466248064354e-35;2,87806399734479e-31;1;0,905;14;All_Others;0,75
NCF2;1,20782437850198;2,60696328095986e-35;4,7347667108793e-31;0,917;0,289;14;All_Others;0,75
ALDOA;1,429649782818;6,5789022008008e-35;1,19486021770944e-30;0,963;0,675;14;All_Others;0,75
ATP6V0C;1,38895572601233;9,56367064585502e-35;1,73695386270019e-30;0,982;0,601;14;All_Others;0,75
ADGRE5;1,57769168838007;1,13262272549213e-34;2,05706939403881e-30;0,954;0,47;14;All_Others;0,75
GNAI2;1,07013434779407;2,76268768784394e-34;5,01759337866216e-30;0,991;0,83;14;All_Others;0,75
KLF4;1,22003996328915;4,73886503536111e-34;8,60672667722285e-30;0,817;0,25;14;All_Others;0,75
RAB10;1,59663604156095;7,49040720686664e-34;1,36040775691112e-29;0,853;0,368;14;All_Others;0,75
LTA4H;1,49119838920853;9,8436221063454e-34;1,78779864695445e-29;0,972;0,524;14;All_Others;0,75
TMSB4X;0,596856311324903;1,03478104822592e-33;1,87936933978791e-29;1;0,991;14;All_Others;0,75
PRAM1;1,07388913777003;2,4256905071439e-33;4,40553909907476e-29;0,798;0,233;14;All_Others;0,75
CFL1;0,784254212087812;3,37906995768903e-33;6,13706685715482e-29;1;0,967;14;All_Others;0,75
SH3BGRL;1,35973207290511;5,08812599564358e-33;9,24105443328787e-29;0,972;0,613;14;All_Others;0,75
MSN;1,21397095016367;6,14124207785461e-33;1,11537238617995e-28;0,982;0,691;14;All_Others;0,75
ITGA4;1,4405130848046;6,51846927143527e-33;1,18388438907807e-28;0,945;0,49;14;All_Others;0,75
ARAP1;1,30839229832216;1,04994468473399e-32;1,90690953641388e-28;0,798;0,26;14;All_Others;0,75
C20orf27;1,6150908663096;1,34749676207525e-32;2,44732361928106e-28;0,771;0,264;14;All_Others;0,75
ANXA2;1,34144283716701;1,94915413635776e-32;3,54005374245296e-28;0,963;0,436;14;All_Others;0,75
PYCARD;1,3635163599224;2,91122054157357e-32;5,28735874760592e-28;0,954;0,479;14;All_Others;0,75
RHOG;1,30102824612087;4,72129135137499e-32;8,57480935236725e-28;0,963;0,573;14;All_Others;0,75
SLC11A1;1,13153277203765;7,04884425812789e-32;1,28021109416119e-27;0,789;0,24;14;All_Others;0,75
EHBP1L1;1,39109945582446;9,78080376535022e-32;1,77638957986291e-27;0,862;0,318;14;All_Others;0,75
GNG5;1,24826046803612;1,88741772927726e-31;3,42792807991336e-27;0,982;0,646;14;All_Others;0,75
RNH1;1,46041187245794;2,26083988200489e-31;4,10613739369728e-27;0,927;0,447;14;All_Others;0,75
RAB31;1,11831443274586;6,14831971200023e-31;1,11665782609348e-26;0,798;0,244;14;All_Others;0,75
ZEB2;1,33962186228168;1,25953364997933e-30;2,28756501509246e-26;0,908;0,359;14;All_Others;0,75
IFNGR2;1,41126947977686;1,8797176454358e-30;3,4139431876405e-26;0,853;0,334;14;All_Others;0,75
SNX10;1,37597435420669;2,94012933729086e-30;5,33986290238766e-26;0,78;0,266;14;All_Others;0,75
LCP1;1,06966303221442;3,10559210894181e-30;5,64037638826011e-26;0,991;0,809;14;All_Others;0,75
PRKCD;1,23298727630684;6,0776049880226e-30;1,10381461792466e-25;0,789;0,255;14;All_Others;0,75
CD74;0,619482835092044;1,03482486554111e-29;1,87944892079576e-25;1;0,875;14;All_Others;0,75
GDI2;1,18324526112116;1,24747766522046e-29;2,2656689355734e-25;0,954;0,654;14;All_Others;0,75
THEMIS2;1,315361876138;2,20086855513687e-29;3,99721746983959e-25;0,798;0,268;14;All_Others;0,75
CTSH;1,22779218604241;2,21582259109524e-29;4,02437698994717e-25;0,89;0,331;14;All_Others;0,75
GNB2;1,17002394418704;2,63924720044163e-29;4,7934007654421e-25;0,972;0,661;14;All_Others;0,75
ITGAL;1,45061576558396;3,25464420472319e-29;5,91108480461826e-25;0,817;0,315;14;All_Others;0,75
LGALS1;1,17894414767276;4,45682924052489e-29;8,0944932666413e-25;0,991;0,468;14;All_Others;0,75
ARRB2;1,13715602098107;1,87446739778417e-28;3,40440768785562e-24;0,982;0,565;14;All_Others;0,75
MTPN;1,22941539165382;3,59582193472909e-28;6,53073179785498e-24;0,945;0,496;14;All_Others;0,75
PTP4A2;1,08606486711817;3,97391396157872e-28;7,21742253701928e-24;0,991;0,718;14;All_Others;0,75
WSB1;1,31169556543874;4,93902075436463e-28;8,97024949407704e-24;0,936;0,515;14;All_Others;0,75
PAK1;1,09296195818198;5,22126985240115e-28;9,48287030593097e-24;0,798;0,26;14;All_Others;0,75
CAPNS1;1,21215925119615;5,57648016546362e-28;1,0128003276515e-23;0,972;0,559;14;All_Others;0,75
UBE2J1;1,21432413457674;1,49160618721512e-27;2,7090551572201e-23;0,826;0,291;14;All_Others;0,75
MPEG1;1,06136001540695;2,00686613743702e-27;3,64487027881311e-23;0,872;0,3;14;All_Others;0,75
MAP3K1;1,20857601070163;2,16483590234029e-27;3,93177496583043e-23;0,826;0,296;14;All_Others;0,75
UCP2;1,0418100136451;2,87877139726024e-27;5,22842461170405e-23;1;0,711;14;All_Others;0,75
PTPN18;1,19966770539764;3,4328340721527e-27;6,23471324184373e-23;0,826;0,323;14;All_Others;0,75
TUBA1B;1,33331576620713;4,14409672092405e-27;7,52650846454225e-23;0,954;0,652;14;All_Others;0,75
SYNGR2;1,34462770888528;5,50073510449984e-27;9,99043509679262e-23;0,899;0,466;14;All_Others;0,75
VSIR;1,20777331996545;7,22827247199165e-27;1,31279884636312e-22;0,982;0,626;14;All_Others;0,75
TAF10;1,06223064192597;7,46932116876759e-27;1,35657811067157e-22;0,982;0,69;14;All_Others;0,75
WASF2;1,23243541482677;7,82884670991064e-27;1,42187513945397e-22;0,945;0,506;14;All_Others;0,75
C1orf162;1,19421688005199;8,13608830344931e-27;1,47767635767246e-22;0,963;0,543;14;All_Others;0,75
HLA-DQA1;0,839236319946776;2,94009634088295e-26;5,33980297431161e-22;0,881;0,369;14;All_Others;0,75
RNF130;1,07223644814748;2,9438370217148e-26;5,34659679883843e-22;0,908;0,384;14;All_Others;0,75
CMTM6;1,49209161342618;7,16696323656098e-26;1,30166386302421e-21;0,817;0,36;14;All_Others;0,75
CYBA;0,86581826311371;7,71174416619075e-26;1,40060697546356e-21;1;0,923;14;All_Others;0,75
GABARAP;0,832409198121175;1,82454011410073e-25;3,31372975522974e-21;1;0,864;14;All_Others;0,75
TPM3;0,865175771706648;3,10330865704614e-25;5,6362291829272e-21;0,991;0,861;14;All_Others;0,75
MOB1A;1,18259137420994;4,7543075893127e-25;8,63477344370973e-21;0,927;0,474;14;All_Others;0,75
PFKL;1,36116716268272;6,04664367787504e-25;1,09819142477566e-20;0,798;0,317;14;All_Others;0,75
CSK;1,05577085160708;6,59763371576912e-25;1,19826223545799e-20;0,972;0,644;14;All_Others;0,75
TIMP2;0,967184193905872;1,23976467401343e-24;2,25166060094319e-20;0,771;0,264;14;All_Others;0,75
RNASET2;1,10168797418842;1,34598742509227e-24;2,44458236145258e-20;0,991;0,677;14;All_Others;0,75
CAP1;0,975332382478161;2,45810120973652e-24;4,46440341712347e-20;0,982;0,768;14;All_Others;0,75
FCGRT;1,03275853148307;4,48187196022501e-24;8,13997585416067e-20;0,927;0,396;14;All_Others;0,75
EFHD2;0,854754252177987;5,23254577172211e-24;9,50334963060169e-20;0,982;0,476;14;All_Others;0,75
CAPZB;0,95748817829348;7,53985813360264e-24;1,36938903422491e-19;0,982;0,781;14;All_Others;0,75
PLEK;0,939806327524269;7,58016366387415e-24;1,37670932463282e-19;0,862;0,355;14;All_Others;0,75
CORO1B;1,25219683473475;1,08995004676743e-23;1,979567274939e-19;0,771;0,306;14;All_Others;0,75
CHCHD10;1,1959288648897;1,47385562433058e-23;2,6768165849092e-19;0,908;0,512;14;All_Others;0,75
TPI1;0,913325467694338;2,22929443194167e-23;4,04884454729247e-19;0,991;0,676;14;All_Others;0,75
VPS29;1,24466457692955;2,2903617784745e-23;4,15975506206539e-19;0,872;0,423;14;All_Others;0,75
SEC11A;1,07904550545655;2,32709834586457e-23;4,22647601575924e-19;0,954;0,496;14;All_Others;0,75
IFITM2;1,09644667558116;2,32815981868572e-23;4,228403862697e-19;0,954;0,536;14;All_Others;0,75
AP2S1;1,03855116897163;2,3448732455163e-23;4,25875878850671e-19;0,954;0,509;14;All_Others;0,75
MT-CO1;0,513699738812125;4,99400801172561e-23;9,07011735089606e-19;1;1;14;All_Others;0,75
ZNF706;1,14974541090507;7,58661526902648e-23;1,37788106516059e-18;0,927;0,511;14;All_Others;0,75
ARPC1B;0,967623856554518;9,82154006320243e-23;1,78378810627883e-18;0,991;0,578;14;All_Others;0,75
SERF2;0,609673407472855;1,42190280926223e-22;2,58245988218206e-18;1;0,973;14;All_Others;0,75
MYO1G;1,02872381471992;1,52188009315254e-22;2,76403862518365e-18;0,899;0,428;14;All_Others;0,75
MBD2;1,27531551858473;2,00671474698768e-22;3,64459532347902e-18;0,89;0,427;14;All_Others;0,75
ATP6V1B2;1,01960590906365;6,20742089562263e-22;1,12739178306298e-17;0,798;0,304;14;All_Others;0,75
ARPC5;0,867793986756135;7,77986414049307e-22;1,41297892519635e-17;1;0,768;14;All_Others;0,75
MYO1F;0,73612540432658;1,06117030841215e-21;1,92729751413815e-17;0,954;0,39;14;All_Others;0,75
EMP3;0,969115146697057;1,08114785556273e-21;1,96358073527302e-17;0,991;0,87;14;All_Others;0,75
LSP1;0,782954383754937;1,09870764282467e-21;1,99547282089816e-17;1;0,887;14;All_Others;0,75
VMP1;0,990876478662566;1,5632839552678e-21;2,83923631955737e-17;0,798;0,314;14;All_Others;0,75
YWHAH;1,29541625322614;1,80399328399546e-21;3,27641260239255e-17;0,761;0,329;14;All_Others;0,75
PPT1;1,00233432917265;2,14389644675118e-21;3,89374472658949e-17;0,917;0,427;14;All_Others;0,75
LRRFIP1;0,909141874821801;2,27249159583898e-21;4,12729923636275e-17;0,991;0,709;14;All_Others;0,75
MEF2C;0,718311085886019;2,68315094590059e-21;4,87313874794465e-17;0,807;0,295;14;All_Others;0,75
STK10;1,11425933813345;2,89270563162853e-21;5,25373196816373e-17;0,917;0,434;14;All_Others;0,75
S100A4;0,922537852084597;4,84734605976573e-21;8,80374991374652e-17;1;0,793;14;All_Others;0,75
LY6E;1,10769166125293;5,26104949064302e-21;9,55511808490585e-17;0,927;0,604;14;All_Others;0,75
HIGD2A;0,871937453247159;5,64242328064456e-21;1,02477691623066e-16;0,972;0,743;14;All_Others;0,75
CTSB;1,05308805923227;1,01641787050512e-20;1,84601813641139e-16;0,881;0,414;14;All_Others;0,75
RILPL2;1,11151409671252;1,5083434455715e-20;2,73945336584695e-16;0,789;0,326;14;All_Others;0,75
GRINA;1,08688539002602;2,06292435724124e-20;3,74668321762153e-16;0,844;0,399;14;All_Others;0,75
TMPO;1,10106186539847;2,37811254865786e-20;4,31912801087241e-16;0,835;0,415;14;All_Others;0,75
VPS35;1,29579449708253;3,22538601511318e-20;5,85794608064856e-16;0,752;0,342;14;All_Others;0,75
FCN1;0,848669829081406;3,25098009234577e-20;5,90443004371838e-16;0,908;0,347;14;All_Others;0,75
NAGK;0,902306969079432;5,31458549416233e-20;9,65235017449763e-16;0,826;0,335;14;All_Others;0,75
REEP5;0,975810505428823;7,1409342619572e-20;1,29693648065667e-15;0,89;0,421;14;All_Others;0,75
CAPZA2;1,04372314205829;7,48107361447761e-20;1,35871258986142e-15;0,826;0,376;14;All_Others;0,75
CD52;0,699692438890329;1,00088787437556e-19;1,81781255744089e-15;1;0,896;14;All_Others;0,75
SH3BGRL3;0,665327458863455;1,11108610778713e-19;2,01795458896299e-15;1;0,957;14;All_Others;0,75
TLN1;0,910976446027872;1,21403168702285e-19;2,2049243499709e-15;0,982;0,577;14;All_Others;0,75
ATP6V0B;0,844045919368481;1,56510779444248e-19;2,84254877626643e-15;0,954;0,511;14;All_Others;0,75
H3-3A;0,620798694412337;1,68518178880454e-19;3,0606271648268e-15;1;0,882;14;All_Others;0,75
LAMTOR4;0,815147704600923;2,06430539901111e-19;3,74919146568397e-15;0,982;0,692;14;All_Others;0,75
ADA2;1,09865132670868;2,30070601318735e-19;4,17854226115086e-15;0,789;0,338;14;All_Others;0,75
COX5A;0,917587420608798;2,36068515168892e-19;4,28747637249742e-15;0,945;0,583;14;All_Others;0,75
PKN1;1,1603972663543;2,77348429985895e-19;5,03720218540382e-15;0,862;0,447;14;All_Others;0,75
C4orf48;0,694903401073361;3,65121075915891e-19;6,63132898078442e-15;0,908;0,391;14;All_Others;0,75
SLC25A6;0,674216734010716;3,67960109133431e-19;6,68289150208137e-15;1;0,905;14;All_Others;0,75
DOK2;1,0347432187724;4,53497582537173e-19;8,23642309404013e-15;0,807;0,359;14;All_Others;0,75
HCLS1;0,779531525323414;5,12685732607943e-19;9,31139827562546e-15;0,991;0,793;14;All_Others;0,75
COX7B;0,913589117754645;9,46636037445154e-19;1,71928037120789e-14;0,936;0,559;14;All_Others;0,75
FPR1;0,550348620623114;1,19160711153106e-18;2,1641968359627e-14;0,752;0,262;14;All_Others;0,75
DOCK2;1,04827630330672;1,5475562937085e-18;2,81067174063337e-14;0,752;0,321;14;All_Others;0,75
UBE2R2;0,968520713673604;1,75205599293757e-18;3,18208409437321e-14;0,89;0,443;14;All_Others;0,75
SLC25A5;0,948381902752492;3,29010268469771e-18;5,97548449594798e-14;0,945;0,67;14;All_Others;0,75
PSME2;0,970681897285517;3,8265981786703e-18;6,949867612101e-14;0,936;0,593;14;All_Others;0,75
SAMHD1;0,862510772542043;4,01304012911806e-18;7,28848348250423e-14;0,972;0,679;14;All_Others;0,75
DOCK8;0,991461037248274;4,16041733234016e-18;7,5561499589962e-14;0,908;0,491;14;All_Others;0,75
MVP;1,06400877406532;4,62961092361152e-18;8,40829935946324e-14;0,807;0,364;14;All_Others;0,75
GRN;0,643546190357605;6,04817978199447e-18;1,09847041200584e-13;0,917;0,381;14;All_Others;0,75
PPP1CA;0,850318708556799;8,75456847181418e-18;1,59000472585089e-13;0,954;0,673;14;All_Others;0,75
AP1S2;0,831898193994341;1,08558520325878e-17;1,97163984615859e-13;0,89;0,417;14;All_Others;0,75
SNX2;0,785760237814604;1,89309804198954e-17;3,43824466386139e-13;0,853;0,394;14;All_Others;0,75
TXNDC17;0,898008278967016;2,03171937480631e-17;3,69000872852322e-13;0,771;0,301;14;All_Others;0,75
RAP1B;0,793854981641033;3,08862114236215e-17;5,60955371875814e-13;0,972;0,699;14;All_Others;0,75
ENY2;0,925150488543851;3,45871027489243e-17;6,28170960125963e-13;0,835;0,419;14;All_Others;0,75
GLIPR1;0,829848773655278;3,89880381202758e-17;7,0810074834045e-13;0,927;0,475;14;All_Others;0,75
IRF1;1,11799730523767;4,01519216721823e-17;7,29239201410175e-13;0,826;0,407;14;All_Others;0,75
PSMB9;0,778848610132602;5,67769123157773e-17;1,03118228147915e-12;0,963;0,646;14;All_Others;0,75
COX5B;0,773087761191809;6,87443923585639e-17;1,24853565401624e-12;0,991;0,785;14;All_Others;0,75
PGK1;0,831750070514709;8,30565101610173e-17;1,5084723375444e-12;0,945;0,738;14;All_Others;0,75
ITGB2;0,654741254293488;1,24234186973078e-16;2,25634130380504e-12;0,991;0,804;14;All_Others;0,75
PGLS;0,817928038060546;1,33459300285391e-16;2,42388781178327e-12;0,927;0,515;14;All_Others;0,75
MYL12B;0,665024911700481;1,85951910283801e-16;3,37725859457439e-12;0,982;0,817;14;All_Others;0,75
S100A6;0,66769209635048;2,9351038411612e-16;5,33073559631698e-12;1;0,896;14;All_Others;0,75
DYNLL1;0,917533929710279;4,9681682342663e-16;9,02318714707445e-12;0,872;0,509;14;All_Others;0,75
CD4;0,894258560925663;5,35850155563639e-16;9,73211052534681e-12;0,807;0,364;14;All_Others;0,75
ARL6IP4;0,762547050871947;5,80442159061704e-16;1,05419904928787e-11;0,991;0,717;14;All_Others;0,75
ZNF106;0,840558476393909;6,93260138879688e-16;1,25909906423329e-11;0,761;0,347;14;All_Others;0,75
ATP5F1B;0,769699581626768;1,37880167484329e-15;2,50417960185039e-11;0,954;0,695;14;All_Others;0,75
ACTR2;0,814211735104821;1,61529482415298e-15;2,93369845962664e-11;0,963;0,638;14;All_Others;0,75
COX6B1;0,606619191209147;1,85812289664146e-15;3,37472280488022e-11;0,991;0,841;14;All_Others;0,75
CLIC1;0,705114442184784;2,28925568563085e-15;4,15774617624275e-11;0,982;0,7;14;All_Others;0,75
HM13;0,782366370457524;3,47679966659044e-15;6,31456355446156e-11;0,807;0,38;14;All_Others;0,75
DUSP1;0,550462976604357;3,48971859523743e-15;6,33802691267022e-11;0,963;0,617;14;All_Others;0,75
ITM2B;0,557055645297565;3,94691426856034e-15;7,16838569455929e-11;1;0,936;14;All_Others;0,75
ZYX;0,804341793926672;3,98988083632984e-15;7,24642157494225e-11;0,936;0,611;14;All_Others;0,75
COX8A;0,762015361427567;7,31273361912758e-15;1,32813867990595e-10;0,963;0,692;14;All_Others;0,75
SELPLG;0,874094222947471;7,60532122262723e-15;1,38127844045356e-10;0,917;0,549;14;All_Others;0,75
IQGAP1;0,65418263863458;8,41743243308941e-15;1,5287740784977e-10;0,954;0,542;14;All_Others;0,75
FLNA;0,776059603645748;1,12286718285328e-14;2,03935137749812e-10;0,963;0,618;14;All_Others;0,75
RBX1;0,817756625774839;1,12613001947813e-14;2,04527734137619e-10;0,862;0,497;14;All_Others;0,75
H2AZ1;0,828531724413098;1,26538026386371e-14;2,29818363522928e-10;0,927;0,618;14;All_Others;0,75
REL;0,781206972858651;1,31858450181679e-14;2,39481317219965e-10;0,826;0,395;14;All_Others;0,75
MACROH2A1;0,769171039808485;1,71054003473892e-14;3,10668281109283e-10;0,881;0,493;14;All_Others;0,75
GSTO1;0,772682477364087;1,93105235742622e-14;3,50717729155751e-10;0,826;0,397;14;All_Others;0,75
POMP;0,845016298279171;2,20570194169562e-14;4,00599586650759e-10;0,853;0,432;14;All_Others;0,75
CAPZA1;0,850196646625153;2,64646761248198e-14;4,80651447778977e-10;0,862;0,507;14;All_Others;0,75
RAC1;0,637694964412522;3,45242257957499e-14;6,2702898890241e-10;0,972;0,64;14;All_Others;0,75
GNB1;0,752109568519184;3,52641898466463e-14;6,40468215994790e-10;0,936;0,518;14;All_Others;0,75
JAML;0,653247900610561;3,90400951190512e-14;7,09046207552208e-10;0,826;0,394;14;All_Others;0,75
UQCRC1;0,814905387105182;6,13608662441521e-14;1,11443605272629e-09;0,807;0,387;14;All_Others;0,75
CDC42;0,641936683491839;1,03022503277769e-13;1,87109470453084e-09;0,963;0,756;14;All_Others;0,75
CLTA;0,787628889435459;1,69410866296223e-13;3,07684015367199e-09;0,853;0,461;14;All_Others;0,75
RTN4;0,840818417085909;2,30836305631155e-13;4,19244898287303e-09;0,853;0,466;14;All_Others;0,75
PARVG;0,846043938535276;2,34747050708402e-13;4,26347593496601e-09;0,761;0,387;14;All_Others;0,75
ZBTB7A;0,778046904757462;2,48344648863198e-13;4,5104355126534e-09;0,826;0,443;14;All_Others;0,75
IL10RA;0,767363670942639;2,76121957671889e-13;5,01492699523685e-09;0,826;0,427;14;All_Others;0,75
ACTR3;0,755996787421632;2,78187495056833e-13;5,0524412852222e-09;0,954;0,706;14;All_Others;0,75
CLTB;0,701711492642158;2,86080545500917e-13;5,19579486738766e-09;0,761;0,324;14;All_Others;0,75
POLD4;0,865702422505461;3,78652935798879e-13;6,87709461997924e-09;0,844;0,446;14;All_Others;0,75
TKT;0,622535711588564;4,99214779447196e-13;9,06673882431998e-09;0,936;0,637;14;All_Others;0,75
PLEKHO1;0,728183647640332;6,0349509862611e-13;1,09606779812474e-08;0,789;0,386;14;All_Others;0,75
CD63;0,916315728963362;6,37350956193861e-13;1,15755680663929e-08;0,771;0,403;14;All_Others;0,75
DBNL;0,849436618427147;7,04018995976131e-13;1,27863930049185e-08;0,826;0,445;14;All_Others;0,75
M6PR;0,85001738536913;8,28365617388908e-13;1,50447763430173e-08;0,835;0,456;14;All_Others;0,75
ATP6V0D1;0,645030578770255;1,03374747739417e-12;1,8774921684433e-08;0,807;0,386;14;All_Others;0,75
PAK2;0,688786434641159;1,50768254350467e-12;2,73825303551318e-08;0,927;0,564;14;All_Others;0,75
GRB2;0,57468097557926;1,77878184425934e-12;3,23062358554381e-08;0,954;0,581;14;All_Others;0,75
ATP5MC3;0,733087108616971;1,88790971237115e-12;3,42882161960848e-08;0,917;0,668;14;All_Others;0,75
PTGES3;0,807295473405613;1,98180663293237e-12;3,59935720673176e-08;0,917;0,68;14;All_Others;0,75
VAMP8;0,660660574696122;2,14050512761123e-12;3,88758541276751e-08;0,945;0,677;14;All_Others;0,75
SHKBP1;0,904392978531597;2,18481383531317e-12;3,96805888769578e-08;0,761;0,361;14;All_Others;0,75
TBCB;0,774776849176624;3,40551809158621e-12;6,18510195793888e-08;0,789;0,411;14;All_Others;0,75
RAB5IF;0,715799889876888;4,71098243910411e-12;8,55608630590088e-08;0,789;0,405;14;All_Others;0,75
GRK2;0,698344221088623;5,83007086206217e-12;1,05885746996773e-07;0,936;0,643;14;All_Others;0,75
SRGN;0,506479624453965;9,44607391553707e-12;1,71559594453984e-07;0,972;0,662;14;All_Others;0,75
TAX1BP1;0,789179807576257;1,35319273925134e-11;2,45766865302829e-07;0,862;0,476;14;All_Others;0,75
PET100;0,630261481802791;2,66587644025637e-11;4,84176479079361e-07;0,872;0,537;14;All_Others;0,75
PSMB3;0,757057002388473;3,52469712656013e-11;6,40155492125851e-07;0,908;0,548;14;All_Others;0,75
ITSN2;0,693559234914576;3,53184856933199e-11;6,41454337162075e-07;0,78;0,389;14;All_Others;0,75
PRR13;0,738698695073286;4,04320352809534e-11;7,34326624772675e-07;0,853;0,496;14;All_Others;0,75
NDUFA4;0,667550316157711;5,42483905350411e-11;9,85259268897416e-07;0,936;0,717;14;All_Others;0,75
MGAT1;0,718376884308928;5,64661128426093e-11;1,02553754144747e-06;0,771;0,403;14;All_Others;0,75
SEPTIN9;0,583796246336087;7,36026944615601e-11;1,33677213681085e-06;0,963;0,73;14;All_Others;0,75
NDUFS7;0,667897186152956;9,14783430954005e-11;1,66142966729866e-06;0,817;0,429;14;All_Others;0,75
SSNA1;0,6508028881153;9,89891434763683e-11;1,7978408238178e-06;0,761;0,374;14;All_Others;0,75
LCP2;0,722024941228372;1,35277964278029e-10;2,45691838721757e-06;0,881;0,547;14;All_Others;0,75
STMP1;0,646194915980654;1,47036947876025e-10;2,67048504732436e-06;0,789;0,444;14;All_Others;0,75
RNF181;0,730971384245548;1,80501041767082e-10;3,27825992057373e-06;0,789;0,409;14;All_Others;0,75
BST2;0,645373666990019;2,77460757848423e-10;5,03924228404305e-06;0,844;0,456;14;All_Others;0,75
OSTF1;0,630157143664293;3,85149512017725e-10;6,99508543726592e-06;0,798;0,465;14;All_Others;0,75
CNPY3;0,588484126465474;5,59189538869379e-10;1,01560004049457e-05;0,844;0,517;14;All_Others;0,75
CCT5;0,721148295324318;7,76193221521309e-10;1,409722128927e-05;0,771;0,411;14;All_Others;0,75
NDUFA6;0,731507994974115;9,31571583691748e-10;1,69192031030095e-05;0,761;0,454;14;All_Others;0,75
SLC25A3;0,523241843741571;1,35117674556415e-09;2,45400720529362e-05;0,945;0,744;14;All_Others;0,75
CD48;0,517061375019256;1,51811982639454e-09;2,75720922869777e-05;0,954;0,749;14;All_Others;0,75
ATP5MD;0,530847907486467;1,60360428700151e-09;2,91246610605215e-05;0,936;0,682;14;All_Others;0,75
ATP5F1C;0,653958280079672;1,83395356926942e-09;3,33082647250712e-05;0,844;0,484;14;All_Others;0,75
RAP1A;0,597965488758327;1,89634030198147e-09;3,44413325645875e-05;0,872;0,504;14;All_Others;0,75
AUP1;0,608671983252929;2,35258834754028e-09;4,27277095680265e-05;0,78;0,415;14;All_Others;0,75
NOP10;0,537831297833458;3,29281926296028e-09;5,98041834538847e-05;0,89;0,548;14;All_Others;0,75
BAX;0,616200337209766;3,31786572511608e-09;6,02590772995583e-05;0,872;0,497;14;All_Others;0,75
NDUFS6;0,673717886414413;3,92389416381761e-09;7,12657658032555e-05;0,761;0,43;14;All_Others;0,75
DNAJA1;0,63326818835234;4,33072204246927e-09;7,8654573735327e-05;0,78;0,428;14;All_Others;0,75
OTUB1;0,577713352672047;7,59346837584258e-09;0,000137912572642053;0,835;0,461;14;All_Others;0,75
ABRACL;0,659266599500623;9,72976783390862e-09;0,000176712043399448;0,835;0,596;14;All_Others;0,75
SOD2;0,550582612307497;1,17490806551085e-08;0,00021338680285808;0,826;0,516;14;All_Others;0,75
PRDX1;0,650347585852617;1,31933702041947e-08;0,000239617989648584;0,826;0,533;14;All_Others;0,75
NME2;0,607222169193124;1,52439151199476e-08;0,000276859986408488;0,817;0,479;14;All_Others;0,75
ARL6IP5;0,51145713127474;1,62719358282509e-08;0,000295530898512693;0,945;0,719;14;All_Others;0,75
PSMB6;0,524036101557022;1,98246091262583e-08;0,000360054550951103;0,826;0,436;14;All_Others;0,75
PSMB8;0,630314183204308;2,42925237901557e-08;0,000441200817076808;0,881;0,598;14;All_Others;0,75
PRKCB;0,507305773123113;2,75948371033239e-08;0,000501177431470569;0,807;0,455;14;All_Others;0,75
BRK1;0,545234367640125;3,23780050807886e-08;0,000588049328277283;0,89;0,636;14;All_Others;0,75
MDH2;0,647724841045469;3,45915735079198e-08;0,000628252158050839;0,826;0,486;14;All_Others;0,75
RASGRP2;0,527746075112732;7,53292216214532e-08;0,00136812932308883;0,862;0,549;14;All_Others;0,75
PSMB10;0,548958791177369;8,56240881572044e-08;0,00155510468911115;0,853;0,589;14;All_Others;0,75
DDX21;0,622969758744264;1,56476229364504e-07;0,00284192127771813;0,817;0,466;14;All_Others;0,75
WAS;0,520453334387096;1,81731243847096e-07;0,00330060285075096;0,872;0,626;14;All_Others;0,75
HMGN2;0,515807673519579;2,1180464144144e-07;0,00384679589785943;0,927;0,724;14;All_Others;0,75
AURKAIP1;0,580395877502297;2,54153396952704e-07;0,00461593399545502;0,789;0,457;14;All_Others;0,75
NDUFB2;0,505519516302781;6,66258962439954e-07;0,0121005952758344;0,917;0,661;14;All_Others;0,75
MS4A1;3,56803321722948;1,44398936956976e-201;2,6225734930126e-197;0,99;0,092;15;All_Others;0,75
IGHM;3,29733701742248;8,83982571643501e-195;1,60548914661893e-190;0,971;0,089;15;All_Others;0,75
TCL1A;3,64501362230411;6,06682634342612e-182;1,10185700049305e-177;0,835;0,07;15;All_Others;0,75
BANK1;3,55770480213751;1,64912777776105e-181;2,99514586996962e-177;0,951;0,095;15;All_Others;0,75
FCER2;3,57252520412359;2,07735208622035e-171;3,77288685899341e-167;0,835;0,075;15;All_Others;0,75
CD79A;3,59116312498112;1,52857830663234e-167;2,77620392050565e-163;1;0,12;15;All_Others;0,75
NIBAN3;3,54699645350508;2,04130465932281e-164;3,70741752226209e-160;0,922;0,1;15;All_Others;0,75
CD79B;3,32913297878365;7,38706106836191e-126;1,34163803123589e-121;0,961;0,151;15;All_Others;0,75
RALGPS2;3,20571295665515;2,9615787628387e-105;5,37881934906764e-101;0,845;0,134;15;All_Others;0,75
AFF3;2,95810926027529;6,46350398590464e-87;1,17390159392e-82;0,786;0,133;15;All_Others;0,75
HLA-DQB1;2,69149039125944;8,70683502447029e-81;1,58133537714429e-76;0,971;0,254;15;All_Others;0,75
HVCN1;2,64596099508194;3,83592628668784e-80;6,96680932188246e-76;0,942;0,227;15;All_Others;0,75
HLA-DQA1;2,4388604911334;1,28324011711662e-65;2,3306207007072e-61;0,99;0,368;15;All_Others;0,75
HLA-DRB1;2,27830931917293;7,34656152579133e-64;1,33428250431422e-59;1;0,418;15;All_Others;0,75
HLA-DPB1;2,18226480451134;2,27879516384189e-59;4,13874777656965e-55;1;0,431;15;All_Others;0,75
HLA-DPA1;2,07723089465927;4,29611774798212e-58;7,80260905388513e-54;1;0,425;15;All_Others;0,75
CD37;2,08376479830867;2,54783209198045e-57;4,62737264545489e-53;1;0,913;15;All_Others;0,75
CD74;2,58512862937577;1,45802025950009e-55;2,64805639530406e-51;1;0,875;15;All_Others;0,75
MEF2C;2,2922594384698;7,54759646145443e-53;1,37079446932935e-48;0,922;0,294;15;All_Others;0,75
HLA-DRA;1,94074939511635;2,64347805736006e-52;4,80108484777735e-48;0,922;0,28;15;All_Others;0,75
HLA-DMB;2,21727473968593;7,44757099769098e-52;1,35262784460064e-47;0,825;0,233;15;All_Others;0,75
BIRC3;2,17909447564367;7,78333787386782e-50;1,41360982465187e-45;0,767;0,209;15;All_Others;0,75
HLA-DMA;2,02468794127049;9,61382964466089e-46;1,74606374006331e-41;0,874;0,299;15;All_Others;0,75
HLA-DRB3;2,0061443719726;1,26971503589139e-44;2,30605644818594e-40;0,806;0,242;15;All_Others;0,75
FCMR;1,75686263012692;4,62324758829104e-41;8,39674226985418e-37;0,981;0,494;15;All_Others;0,75
CD52;1,08102343507582;7,09717593642867e-35;1,28898909357417e-30;1;0,896;15;All_Others;0,75
CXCR4;1,90412681232442;1,77192440724102e-32;3,21816910843114e-28;0,796;0,318;15;All_Others;0,75
SNX2;1,74465199466422;2,0871534526881e-31;3,79068810077213e-27;0,825;0,395;15;All_Others;0,75
EZR;1,51911141702134;3,58212154242069e-28;6,50584914534445e-24;0,874;0,48;15;All_Others;0,75
RPL18A;0,666927421538698;3,46974755978832e-25;6,30175551808755e-21;1;0,98;15;All_Others;0,75
PRKCB;1,53329742481226;8,10214650748541e-25;1,4715118486895e-20;0,825;0,455;15;All_Others;0,75
STK17A;1,34895387094022;2,37805676248281e-23;4,31902669202128e-19;0,883;0,479;15;All_Others;0,75
LTB;1,09119953468224;6,11137722500864e-23;1,10994833160607e-18;0,99;0,632;15;All_Others;0,75
POLD4;1,52320113363124;6,49701229623888e-23;1,1799873732429e-18;0,796;0,447;15;All_Others;0,75
SYNGR2;1,45761815384384;9,31576971479025e-22;1,6919300956002e-17;0,816;0,467;15;All_Others;0,75
RPS5;0,769178889536457;1,24346268400949e-21;2,25837692669803e-17;1;0,93;15;All_Others;0,75
SNX3;1,12722750859626;6,15571422312795e-21;1,1180008172045e-16;0,903;0,595;15;All_Others;0,75
RPS23;0,569027926874012;3,11104283410202e-19;5,65027599529608e-15;1;0,981;15;All_Others;0,75
RPL8;0,533558186418511;6,39892360136006e-19;1,16217250447901e-14;1;0,982;15;All_Others;0,75
RPSA;0,720009157335873;1,80029869925441e-18;3,26970249758585e-14;1;0,898;15;All_Others;0,75
SEC62;1,03396860468785;1,70569319006967e-17;3,09787997180454e-13;0,883;0,603;15;All_Others;0,75
RPL12;0,50997175463454;6,62629647705217e-16;1,20346796616222e-11;1;0,982;15;All_Others;0,75
LAPTM5;0,723425241200411;1,19554700585385e-15;2,17135247203176e-11;0,981;0,937;15;All_Others;0,75
MT-ND4L;0,601092877743383;1,46247199252467e-15;2,65614163282331e-11;1;0,941;15;All_Others;0,75
SP100;1,04453983148909;1,63334570322913e-15;2,96648246620475e-11;0,825;0,522;15;All_Others;0,75
BTG1;0,728048622271144;6,10711176788981e-15;1,10917363928415e-10;0,961;0,927;15;All_Others;0,75
CD81;0,982220842582084;1,57466313989784e-14;2,85990319468245e-10;0,825;0,502;15;All_Others;0,75
RPS11;0,514294334865128;1,27489217616047e-13;2,31545917034265e-09;1;0,938;15;All_Others;0,75
SELL;0,80779775132649;2,54117323037722e-13;4,61527882101111e-09;0,951;0,714;15;All_Others;0,75
RPS2P5;0,575781476470085;8,05062456665095e-13;1,46215443379515e-08;1;0,885;15;All_Others;0,75
UCP2;0,748873288845322;2,40333080752201e-12;4,36492941262147e-08;0,874;0,712;15;All_Others;0,75
SMAP2;0,829189474349187;7,44579452396489e-12;1,3523052014425e-07;0,922;0,739;15;All_Others;0,75
ANKRD44;0,800471740606468;1,06757639534902e-10;1,93893224923289e-06;0,796;0,535;15;All_Others;0,75
LIMD2;0,591174271133054;1,75972239037025e-10;3,19600780539045e-06;0,99;0,896;15;All_Others;0,75
MTPN;0,758096771092343;8,84818879648983e-10;1,60700804921848e-05;0,757;0,499;15;All_Others;0,75
RCSD1;0,733276222798924;1,04141498057581e-09;1,89141788772179e-05;0,864;0,693;15;All_Others;0,75
ZFP36L1;0,778713475914677;1,21054634262531e-09;2,19859426747609e-05;0,883;0,735;15;All_Others;0,75
TAGLN2;0,619776275518114;1,78694700830666e-09;3,24545315648655e-05;0,922;0,773;15;All_Others;0,75
GDI2;0,77028311397412;2,17449444734432e-09;3,94931681526676e-05;0,854;0,656;15;All_Others;0,75
PTPN6;0,845397619311518;3,14456871703432e-09;5,71116570387774e-05;0,825;0,64;15;All_Others;0,75
TCEA1;0,877675849044156;3,14910470773811e-09;5,71940397019396e-05;0,757;0,544;15;All_Others;0,75
CD53;0,738123292292489;7,11267063321162e-08;0,0012918032404039;0,816;0,665;15;All_Others;0,75
CSK;0,594556389693685;1,65988510004626e-07;0,00301468331870402;0,825;0,646;15;All_Others;0,75
SELENOH;0,554623299772216;2,0531857565053e-07;0,00372899597096493;0,835;0,654;15;All_Others;0,75
UBB;0,524096415143365;7,57660886674398e-07;0,0137606370237804;0,893;0,753;15;All_Others;0,75
ERP29;0,521502190816657;1,02614208425326e-06;0,0186367925342077;0,893;0,739;15;All_Others;0,75
LTA4H;0,541042675657277;1,69252317253413e-06;0,0307396058595648;0,757;0,527;15;All_Others;0,75
CD79A;3,42147548969673;3,09676127315449e-109;5,62433782430318e-105;1;0,123;16;All_Others;0,75
MS4A1;3,20747690288698;2,86490012690751e-108;5,20323161048943e-104;0,912;0,096;16;All_Others;0,75
BANK1;3,31911026985233;2,97347559171738e-93;5,4004263696771e-89;0,853;0,099;16;All_Others;0,75
FCER2;3,11670837679247;1,29539586695053e-86;2,35269797355555e-82;0,75;0,079;16;All_Others;0,75
IGHM;3,32137897824207;8,67817265827469e-85;1,57612971819585e-80;0,794;0,094;16;All_Others;0,75
CD79B;3,10430572105582;1,86835932011494e-76;3,39331419719275e-72;0,941;0,154;16;All_Others;0,75
NIBAN3;2,91374860999017;7,39065688456378e-66;1,34229110337447e-61;0,75;0,104;16;All_Others;0,75
RALGPS2;2,86259581252324;4,57835567794381e-59;8,31520958228155e-55;0,809;0,137;16;All_Others;0,75
PLPP5;2,90900890368084;1,89587685685597e-56;3,44329154742181e-52;0,765;0,13;16;All_Others;0,75
HLA-DQB1;2,53473012461612;7,78273071883536e-42;1,41349955315488e-37;0,882;0,258;16;All_Others;0,75
HVCN1;2,58262116511734;1,38921616654465e-41;2,52309440167839e-37;0,853;0,23;16;All_Others;0,75
HLA-DQA1;2,21421161632596;1,25332067892755e-36;2,27628101706822e-32;0,971;0,37;16;All_Others;0,75
HLA-DRB1;1,97785456173169;1,07811141182609e-33;1,95806594615855e-29;0,985;0,42;16;All_Others;0,75
BIRC3;2,40274404791977;1,280942334484e-33;2,32644746788984e-29;0,765;0,211;16;All_Others;0,75
CD74;2,38407456909325;7,60203603394819e-33;1,38068178448567e-28;1;0,876;16;All_Others;0,75
HLA-DPA1;2,04331230494316;3,69338676709027e-32;6,70792904638934e-28;0,956;0,428;16;All_Others;0,75
HLA-DPB1;2,03899449865448;1,78815373899045e-30;3,24764482075445e-26;0,926;0,433;16;All_Others;0,75
MEF2C;1,95346326419701;1,85590540007659e-30;3,3706953876191e-26;0,912;0,297;16;All_Others;0,75
HLA-DMA;1,83701629866715;1,71986984082243e-25;3,12362760490169e-21;0,838;0,301;16;All_Others;0,75
CD37;1,7829662643666;7,12991991327484e-23;1,29493605464898e-18;0,985;0,913;16;All_Others;0,75
ZCCHC7;1,88025992464319;1,87369024346629e-22;3,40299622018347e-18;0,75;0,272;16;All_Others;0,75
SNX2;1,88321805539477;3,02532656755053e-22;5,49459811198528e-18;0,853;0,396;16;All_Others;0,75
PRKCB;1,5893402693005;7,11181373730466e-19;1,29164761096927e-14;0,882;0,456;16;All_Others;0,75
FCMR;1,41928550694915;2,3800803291154e-17;4,32270189373939e-13;0,897;0,496;16;All_Others;0,75
HLA-DRA;1,28997901957475;2,71786015707356e-16;4,93617761727701e-12;0,75;0,283;16;All_Others;0,75
POLD4;1,51642563481944;1,53673128258347e-15;2,79101135542809e-11;0,838;0,448;16;All_Others;0,75
CD52;0,889783465832034;4,15767364212197e-15;7,55116686882193e-11;0,956;0,897;16;All_Others;0,75
ISG20;1,36561839321522;9,37285970496814e-14;1,70229877961631e-09;0,809;0,431;16;All_Others;0,75
RPL18A;0,580247544686058;6,52133046176281e-13;1,18440403846536e-08;1;0,98;16;All_Others;0,75
CD81;0,992014221688749;2,59942613075925e-12;4,72107773868496e-08;0,882;0,503;16;All_Others;0,75
EZR;1,21914916633741;9,09049459708356e-12;1,65101562872232e-07;0,809;0,482;16;All_Others;0,75
SNX3;1,09682577207126;3,37026090172952e-11;6,12106784972116e-07;0,868;0,596;16;All_Others;0,75
LAPTM5;0,810002456154762;2,34357633260023e-10;4,25640333526854e-06;0,971;0,937;16;All_Others;0,75
SEC62;1,02489761700445;3,68457411473851e-10;6,69192350718809e-06;0,868;0,604;16;All_Others;0,75
SYNGR2;1,11161337201662;3,87635474351846e-10;7,04023548517824e-06;0,765;0,469;16;All_Others;0,75
LTB;0,923632345772159;5,32035512845968e-10;9,66282898430846e-06;0,882;0,634;16;All_Others;0,75
SP100;0,959213237378175;9,29451588240312e-10;1,68806997456205e-05;0,824;0,523;16;All_Others;0,75
RPL22L1;1,16515938949773;1,17531463216756e-09;2,13460643494273e-05;0,779;0,435;16;All_Others;0,75
MT-ND4L;0,518599059952042;9,45272025883026e-09;0,000171680305340875;0,985;0,941;16;All_Others;0,75
CD53;0,83728053467277;4,76961614758555e-08;0,000866257684724488;0,882;0,665;16;All_Others;0,75
RPS5;0,549940187888159;5,91702391461732e-08;0,0010746498833728;1;0,93;16;All_Others;0,75
RPSA;0,564242560019436;7,74853572874366e-08;0,00140728905905442;1;0,898;16;All_Others;0,75
PTPN6;0,829651693595006;1,17049208491578e-06;0,0212584772462403;0,853;0,641;16;All_Others;0,75
CLEC4C;10,3701981921957;0;0;1;0,003;17;All_Others;0,75
LILRA4;10,0906984316536;0;0;1;0,005;17;All_Others;0,75
IL3RA;7,69048502896213;0;0;0,983;0,015;17;All_Others;0,75
SERPINF1;7,20815627125005;0;0;1;0,033;17;All_Others;0,75
LRRC26;15,5147581373627;0;0;0,966;0;17;All_Others;0,75
DNASE1L3;6,74216617864521;0;0;0,931;0,012;17;All_Others;0,75
DERL3;6,90860178574231;0;0;0,897;0,014;17;All_Others;0,75
TPM2;7,70208043475517;0;0;0,879;0,013;17;All_Others;0,75
SCT;14,0053701674429;0;0;0,845;0;17;All_Others;0,75
PPM1J;8,86099804075668;0;0;0,828;0,003;17;All_Others;0,75
PTPRS;7,08690780287045;0;0;0,81;0,009;17;All_Others;0,75
PACSIN1;7,81623029798696;0;0;0,793;0,003;17;All_Others;0,75
MAP1A;7,56000744865229;0;0;0,776;0,005;17;All_Others;0,75
AL357143.1;9,2675642919219;0;0;0,759;0,002;17;All_Others;0,75
TNFRSF21;8,36509238787555;0;0;0,759;0,004;17;All_Others;0,75
BX571818.1;6,25058806862602;1,82372836849326e-306;3,31225546285746e-302;0,966;0,033;17;All_Others;0,75
MZB1;6,2045422756085;2,92441808962461e-295;5,31132813437621e-291;0,983;0,036;17;All_Others;0,75
JCHAIN;4,84485244471862;9,42351079153363e-288;1,71149802995834e-283;0,983;0,037;17;All_Others;0,75
GAS6;6,35375296866405;6,06462828876367e-279;1,10145778980526e-274;0,81;0,025;17;All_Others;0,75
LGMN;5,56549415644981;7,04339192773727e-271;1,27922084191564e-266;0,879;0,03;17;All_Others;0,75
ZFAT;5,6908678259361;2,4834008613352e-267;4,510352644357e-263;0,862;0,03;17;All_Others;0,75
P2RY14;5,37101270396606;3,76972609864874e-261;6,84657654036583e-257;0,81;0,026;17;All_Others;0,75
IGKC;3,90426663746999;1,34952685291681e-208;2,4510106702675e-204;0,983;0,05;17;All_Others;0,75
GZMB;4,82996100774125;1,53552575905543e-188;2,78882188359647e-184;0,931;0,053;17;All_Others;0,75
PLD4;6,72410083789876;3,43961102736641e-185;6,24702154790287e-181;1;0,068;17;All_Others;0,75
BLNK;4,54112004567702;4,94143967986799e-176;8,97464274657624e-172;0,966;0,06;17;All_Others;0,75
TSPAN13;4,42679528396772;3,91183688273884e-175;7,10467814643029e-171;0,897;0,051;17;All_Others;0,75
SPIB;4,35637237215759;3,85501125883908e-146;7,00147144830355e-142;0,776;0,045;17;All_Others;0,75
CLIC3;3,92501763767685;1,06056408317846e-134;1,92619648786871e-130;0,931;0,073;17;All_Others;0,75
CCDC50;5,67357752661128;2,48083431054199e-134;4,50569127480636e-130;1;0,098;17;All_Others;0,75
TCF4;5,54274212937619;7,26338802087759e-133;1,31917653235179e-128;1;0,1;17;All_Others;0,75
ITM2C;6,2096146840258;1,51093989311008e-119;2,74416903386653e-115;1;0,114;17;All_Others;0,75
UGCG;5,61038223431782;5,8328376274085e-119;1,05935996988993e-114;1;0,114;17;All_Others;0,75
BCL11A;4,35702623776287;3,99683269900066e-118;7,259047547925e-114;0,966;0,099;17;All_Others;0,75
ST6GALNAC4;4,17193602161079;2,59653741119363e-112;4,71583124620986e-108;0,776;0,061;17;All_Others;0,75
CXCR3;3,77834791053476;1,62222285207591e-107;2,94628114394026e-103;0,862;0,077;17;All_Others;0,75
CBFA2T3;3,72618966516153;1,3969160835094e-106;2,53707899086977e-102;0,879;0,081;17;All_Others;0,75
C12orf75;4,84563477565269;6,29926406809268e-104;1,14407234004699e-99;1;0,134;17;All_Others;0,75
RUNX2;3,92822523665554;2,07730410598883e-96;3,77279971729692e-92;0,862;0,09;17;All_Others;0,75
LILRB4;3,93735120269729;6,59663844637741e-93;1,19808147463106e-88;0,81;0,08;17;All_Others;0,75
TXNDC5;3,47461867365189;8,25810641421391e-88;1,49983728694953e-83;0,776;0,076;17;All_Others;0,75
NIBAN3;3,31516297893215;9,06281162660266e-87;1,64598784762358e-82;0,897;0,104;17;All_Others;0,75
WDFY4;3,3298721670561;1,15109047460115e-86;2,09061051997061e-82;0,776;0,073;17;All_Others;0,75
RUBCNL;3,24000954101397;2,05676178438633e-85;3,73549075280245e-81;0,793;0,077;17;All_Others;0,75
IRF8;5,37640818331557;1,66698639355109e-80;3,02758068796748e-76;1;0,19;17;All_Others;0,75
IRF7;5,62244717590399;1,58576075150835e-76;2,88005867688946e-72;1;0,203;17;All_Others;0,75
SLC1A5;3,37701402783903;7,25276343233805e-75;1,31724689458124e-70;0,81;0,097;17;All_Others;0,75
OPN3;3,20700440879892;3,9694006760097e-73;7,20922550776882e-69;0,793;0,09;17;All_Others;0,75
IGHM;1,51099611148845;7,47281402618117e-73;1,35721248343503e-68;0,862;0,094;17;All_Others;0,75
APP;4,29948241297347;5,1645518846027e-65;9,37985913281543e-61;1;0,241;17;All_Others;0,75
CYB561A3;3,54658606397663;7,54603052240709e-65;1,37051006347958e-60;0,966;0,197;17;All_Others;0,75
RPS6KA4;3,08523131467499;7,99694701326296e-62;1,45240551654882e-57;0,983;0,188;17;All_Others;0,75
SEL1L3;3,31005632646726;3,51796278658238e-61;6,38932401299092e-57;0,862;0,138;17;All_Others;0,75
CD2AP;3,0524900415224;5,4882542199949e-61;9,96776731435473e-57;0,845;0,126;17;All_Others;0,75
PPP1R14B;4,51134844556183;7,18398727738289e-61;1,30475576931828e-56;1;0,278;17;All_Others;0,75
SLC15A4;3,01513741249809;1,16278706778158e-60;2,11185387250491e-56;0,897;0,156;17;All_Others;0,75
GAPT;2,90895165785001;2,72624394971741e-58;4,95140426147677e-54;0,948;0,172;17;All_Others;0,75
MAPKAPK2;3,45305710418598;9,00750517886037e-58;1,63594309058462e-53;0,931;0,195;17;All_Others;0,75
SULF2;2,62940914689782;9,97593234010627e-57;1,8118288316101e-52;0,931;0,164;17;All_Others;0,75
RNASE6;3,11540851409299;1,9421972964413e-56;3,52741872979669e-52;0,948;0,206;17;All_Others;0,75
GSN;2,56473314176695;5,88119814885747e-56;1,06814320779549e-51;0,948;0,176;17;All_Others;0,75
NAPSB;3,40791644280963;3,05538112687642e-55;5,54918320263295e-51;1;0,281;17;All_Others;0,75
CCDC186;3,25768814227854;9,60035465203657e-55;1,74361641190288e-50;0,845;0,152;17;All_Others;0,75
HIGD1A;3,1752218263398;5,77170278092492e-54;1,04825665907158e-49;0,845;0,154;17;All_Others;0,75
AFF3;1,97578693523308;8,76836804502758e-54;1,59251100433791e-49;0,879;0,135;17;All_Others;0,75
VEGFB;2,99156505659314;1,7488686486386e-51;3,17629523965742e-47;1;0,278;17;All_Others;0,75
SELENOS;3,09205973340817;4,55298611948163e-51;8,26913339020253e-47;0,948;0,225;17;All_Others;0,75
UNC93B1;2,74938054311855;4,08898268499162e-50;7,42641035248178e-46;0,931;0,204;17;All_Others;0,75
SMC6;2,58640781841497;1,41493429225173e-49;2,56980366158758e-45;0,793;0,126;17;All_Others;0,75
CXXC5;2,3384464098578;5,96176827348502e-49;1,08277635383035e-44;0,879;0,156;17;All_Others;0,75
HERPUD1;3,33475222597628;2,8097968929458e-48;5,10315311696817e-44;0,983;0,341;17;All_Others;0,75
ALOX5AP;3,28991922329985;8,94695082942119e-47;1,62494520963948e-42;0,983;0,355;17;All_Others;0,75
OFD1;2,79978305956125;2,12304058760769e-46;3,85586631521309e-42;0,914;0,215;17;All_Others;0,75
STMN1;3,192461124051;1,70724778157725e-45;3,1007034209006e-41;0,879;0,213;17;All_Others;0,75
TGFBI;2,46373615008379;4,57408351190209e-45;8,30745047431658e-41;0,948;0,221;17;All_Others;0,75
DDAH2;2,32110480236743;5,44646094888006e-45;9,89186237535597e-41;0,776;0,127;17;All_Others;0,75
TP53I13;2,47875756635999;9,50686747763142e-44;1,72663727128742e-39;0,862;0,178;17;All_Others;0,75
RRBP1;2,90194966977552;9,29618581633583e-43;1,68837326796291e-38;0,828;0,176;17;All_Others;0,75
CCDC88A;2,3149446089106;2,15958802754284e-42;3,92224377562331e-38;1;0,272;17;All_Others;0,75
FCHSD2;2,5446287625493;2,5686830266988e-41;4,66524211309037e-37;0,81;0,166;17;All_Others;0,75
HLA-DMA;2,25490650876233;7,01065500696959e-41;1,27327516236582e-36;1;0,301;17;All_Others;0,75
PHB;2,85398172083611;2,61765901071317e-40;4,75419229525727e-36;0,914;0,278;17;All_Others;0,75
PLAC8;2,56664185466548;4,95159107250823e-40;8,99307970588945e-36;1;0,413;17;All_Others;0,75
PLEK;2,40107055491539;1,16656677045635e-39;2,11871856850283e-35;1;0,357;17;All_Others;0,75
PDIA4;2,5814933923659;2,43987257230919e-39;4,43129656582796e-35;0,914;0,227;17;All_Others;0,75
MPEG1;2,32259220060764;1,59911445381746e-38;2,90431167102327e-34;0,983;0,303;17;All_Others;0,75
SEC61B;2,83733529164632;2,73953374934638e-38;4,97554119556289e-34;1;0,64;17;All_Others;0,75
TXN;2,86629625943097;2,45160498726344e-37;4,45260497786786e-33;0,966;0,419;17;All_Others;0,75
LAIR1;2,28495324251421;3,78414787837441e-36;6,8727693767036e-32;0,897;0,263;17;All_Others;0,75
PTPRE;2,20127275871979;3,86668013667159e-36;7,02266446422295e-32;1;0,33;17;All_Others;0,75
PARP10;2,33870566571753;7,73755818473113e-36;1,40529531751087e-31;0,828;0,186;17;All_Others;0,75
NPC2;2,47455458836472;1,9407935260594e-35;3,52486920202909e-31;0,983;0,464;17;All_Others;0,75
SPCS1;2,36652140953044;2,5991093421864e-35;4,72050238727895e-31;1;0,62;17;All_Others;0,75
HLA-DRB3;2,0011096667674;4,24419590315737e-34;7,70830859931441e-30;0,914;0,244;17;All_Others;0,75
MLEC;2,20210089715325;7,88454946100201e-34;1,43199187310719e-29;0,897;0,247;17;All_Others;0,75
UBE2J1;2,40035290119401;1,01921344222271e-33;1,85109545376488e-29;0,914;0,294;17;All_Others;0,75
PPIB;2,05930502135456;1,50996592700123e-33;2,74240011661963e-29;1;0,756;17;All_Others;0,75
HSP90B1;2,17523196055367;2,80212870472414e-33;5,08922615351999e-29;1;0,666;17;All_Others;0,75
MIIP;2,15896391758192;8,57166596498532e-32;1,55678597256063e-27;0,81;0,185;17;All_Others;0,75
HLA-DPA1;1,98611431959712;3,56081514315459e-31;6,46715246299737e-27;0,983;0,428;17;All_Others;0,75
B4GALT1;2,17822683484041;4,4974338228615e-31;8,16823930908106e-27;0,759;0,168;17;All_Others;0,75
ARHGAP17;2,21881491729364;9,88354720803015e-31;1,79504984392244e-26;0,828;0,214;17;All_Others;0,75
CAT;2,26219370303007;1,3170407161507e-30;2,3920093486729e-26;0,931;0,311;17;All_Others;0,75
CHD9;2,06077512426699;1,77720823342509e-30;3,22776559354665e-26;0,845;0,215;17;All_Others;0,75
TAGLN2;1,78395220208003;2,44523303493761e-30;4,44103223805368e-26;1;0,773;17;All_Others;0,75
ERCC1;2,03769318858511;3,63533754027394e-30;6,60250004064553e-26;0,862;0,226;17;All_Others;0,75
DCK;2,24383244524043;4,63467483536327e-30;8,41749643598677e-26;0,879;0,284;17;All_Others;0,75
PLP2;1,92310143513839;1,09089860537016e-29;1,98129004707329e-25;1;0,537;17;All_Others;0,75
SEC11C;1,95891614998369;1,50663090082396e-29;2,73634304207647e-25;0,862;0,238;17;All_Others;0,75
C12orf45;2,02865321998073;3,22416124503334e-29;5,85572165322955e-25;0,845;0,247;17;All_Others;0,75
SYK;1,83455323240378;3,70913760776578e-29;6,7365357232242e-25;0,948;0,308;17;All_Others;0,75
RNF5;2,23198430663933;3,73185098396165e-29;6,77778775707114e-25;0,828;0,22;17;All_Others;0,75
FCER1G;1,73767854575325;4,11809512216602e-29;7,47928436087792e-25;1;0,414;17;All_Others;0,75
TUBA1B;2,00686301821705;6,25453702396441e-29;1,13594901429242e-24;1;0,653;17;All_Others;0,75
GRN;1,79197177544434;8,0846395131472e-29;1,46833222837779e-24;1;0,383;17;All_Others;0,75
MAN2B1;2,1376905739464;8,5102173362128e-29;1,54562567260297e-24;0,862;0,287;17;All_Others;0,75
MEF2C;1,76549277232279;1,5109345574404e-28;2,74415934322326e-24;0,931;0,297;17;All_Others;0,75
CTSC;1,82912361677447;2,41354705561765e-28;4,38348416241278e-24;1;0,378;17;All_Others;0,75
PARK7;1,65573291629614;3,60881095279451e-28;6,55432245246539e-24;0,983;0,627;17;All_Others;0,75
PPM1K;2,01431319541445;1,20579241774476e-27;2,18996018910804e-23;0,914;0,298;17;All_Others;0,75
TACC1;1,90655491281927;2,28660276186109e-27;4,15292793609211e-23;0,897;0,278;17;All_Others;0,75
TM9SF2;1,93896423328632;3,01704058305117e-27;5,47954910693754e-23;0,966;0,444;17;All_Others;0,75
SFT2D2;2,14571903509272;4,06677945066078e-27;7,3860848382901e-23;0,759;0,202;17;All_Others;0,75
PDIA6;1,83737976884893;4,51594358300171e-27;8,20185673544771e-23;0,931;0,327;17;All_Others;0,75
CD74;2,13447759864047;6,49166864586039e-27;1,17901685946116e-22;1;0,876;17;All_Others;0,75
STX7;1,77450059342556;7,07716937057456e-27;1,28535550108375e-22;0,897;0,262;17;All_Others;0,75
HLA-DPB1;1,5525816299745;1,04735405066925e-26;1,90220442682549e-22;1;0,433;17;All_Others;0,75
TMEM109;2,00568307794436;2,3193071911611e-26;4,21232572058679e-22;0,845;0,269;17;All_Others;0,75
LMAN1;1,97416835258836;5,09086741558278e-26;9,24603340018145e-22;0,793;0,204;17;All_Others;0,75
VAMP8;1,6422277308649;6,30689977658338e-26;1,14545913742307e-21;0,983;0,678;17;All_Others;0,75
HLA-DRB1;1,51078672518836;1,04942349159293e-25;1,90596294543108e-21;1;0,421;17;All_Others;0,75
MDFIC;1,93883876044229;1,30657742605861e-25;2,37300592120765e-21;0,828;0,259;17;All_Others;0,75
CD68;1,64784459670133;1,49761871044138e-25;2,71997510190363e-21;0,931;0,304;17;All_Others;0,75
CYBA;1,24545586179574;2,12641454809358e-25;3,86199410224755e-21;1;0,924;17;All_Others;0,75
GNAS;1,12567685369938;2,7680151990402e-25;5,02726920449681e-21;1;0,911;17;All_Others;0,75
NUDT22;2,11005037733426;3,15419391876591e-25;5,72864699526264e-21;0,793;0,228;17;All_Others;0,75
SEC61G;1,86385740034609;3,44386400424498e-25;6,25474580450972e-21;0,948;0,589;17;All_Others;0,75
TRAM1;1,7345320507356;4,20258234719065e-25;7,63273005896766e-21;0,966;0,462;17;All_Others;0,75
TMED9;1,9847240240612;7,68253571549327e-25;1,39530213664789e-20;0,897;0,319;17;All_Others;0,75
RNF130;1,60878211849971;1,00178984000856e-24;1,81945070742355e-20;0,966;0,387;17;All_Others;0,75
HLA-DRA;1,61192141280127;1,28631022293447e-24;2,33619662689358e-20;0,897;0,283;17;All_Others;0,75
SSR4;1,66424996997641;1,54715452889925e-24;2,80994205538682e-20;1;0,727;17;All_Others;0,75
SPINT2;1,87900404034468;2,05282469229067e-24;3,72834020613832e-20;0,879;0,319;17;All_Others;0,75
HLA-DMB;1,64598947146043;2,06885194912122e-24;3,75744890999396e-20;0,828;0,236;17;All_Others;0,75
LIME1;1,84351997510487;2,61432130825243e-24;4,74813036004806e-20;0,845;0,26;17;All_Others;0,75
UCP2;1,62757957168845;2,88336795073953e-24;5,23677287213313e-20;1;0,712;17;All_Others;0,75
SSR3;1,84853517049223;7,57176284409194e-24;1,37518356774398e-19;0,931;0,347;17;All_Others;0,75
LYN;1,60220906967786;8,68302336800678e-24;1,57701070409739e-19;0,931;0,341;17;All_Others;0,75
SKAP2;1,72903172734069;9,88972796575669e-24;1,79617239314073e-19;0,81;0,239;17;All_Others;0,75
SND1;1,89414161847808;1,12623639174059e-23;2,04547053467926e-19;0,862;0,313;17;All_Others;0,75
USF2;1,80015109185633;1,2469990755349e-23;2,26479972098649e-19;0,862;0,275;17;All_Others;0,75
CNDP2;1,85429361619821;1,25870977444627e-23;2,28606869234932e-19;0,776;0,223;17;All_Others;0,75
P4HB;1,60759911773521;1,25912336979105e-23;2,2868198642145e-19;0,983;0,494;17;All_Others;0,75
MYDGF;1,70899292073997;1,82466141506964e-23;3,31395006204949e-19;0,914;0,314;17;All_Others;0,75
CTSZ;1,54776494905526;2,35588126943825e-23;4,27875156155374e-19;1;0,408;17;All_Others;0,75
CDK2AP2;2,06022406084009;4,85178780637716e-23;8,8118170139422e-19;0,862;0,351;17;All_Others;0,75
KIF5B;1,63849665295695;1,43582421490908e-22;2,60774393911788e-18;0,931;0,323;17;All_Others;0,75
OSTC;1,9282689516698;1,83196421200389e-22;3,32721340184147e-18;0,897;0,384;17;All_Others;0,75
TMED10;1,71483929492083;4,36022138820858e-22;7,91903408526442e-18;0,931;0,405;17;All_Others;0,75
ODC1;1,61597063153249;6,42094162528832e-22;1,16617141798487e-17;0,759;0,23;17;All_Others;0,75
CD164;1,75249494851337;6,73104475740939e-22;1,22249234884069e-17;0,948;0,532;17;All_Others;0,75
CTSB;1,58688566640143;9,54680044358806e-22;1,73388989656446e-17;0,948;0,416;17;All_Others;0,75
IRF2BP2;1,68033314092615;9,96122322668886e-22;1,80915736243123e-17;0,845;0,277;17;All_Others;0,75
SPCS3;1,67439542062743;1,25493080329019e-21;2,27920532493564e-17;0,897;0,34;17;All_Others;0,75
CUX1;1,68156697427692;2,10967298366897e-21;3,83158807293958e-17;0,81;0,264;17;All_Others;0,75
CYTH4;1,68609730697303;2,50155282845937e-21;4,54332024704791e-17;0,862;0,314;17;All_Others;0,75
CNPY3;1,51500568750039;4,75920556630699e-21;8,64366914952675e-17;1;0,518;17;All_Others;0,75
CANX;1,54842277027098;5,76691060646881e-21;1,04738630434686e-16;0,948;0,504;17;All_Others;0,75
CMTM3;1,68795335791279;1,13888699851834e-20;2,06844656670901e-16;0,81;0,258;17;All_Others;0,75
SAMHD1;1,35597500274996;1,35954633547671e-20;2,4692080544928e-16;1;0,68;17;All_Others;0,75
IQGAP2;1,54530575125548;1,50129511571428e-20;2,72665218916027e-16;0,879;0,33;17;All_Others;0,75
RPN2;1,66131016361436;1,55864579836598e-20;2,83081249899229e-16;0,931;0,43;17;All_Others;0,75
NADK;1,50998860152489;1,7189551395162e-20;3,12196632438933e-16;0,828;0,256;17;All_Others;0,75
CCDC107;1,44643116641804;1,72783312892313e-20;3,13809052875019e-16;0,81;0,228;17;All_Others;0,75
NUCB2;1,74984007307967;1,98047012832172e-20;3,59692984705791e-16;0,845;0,326;17;All_Others;0,75
KDELR2;1,77713732714487;5,96154201030122e-20;1,08273525991091e-15;0,81;0,288;17;All_Others;0,75
HM13;1,64351656448469;8,77136394036074e-20;1,59305511884832e-15;0,897;0,382;17;All_Others;0,75
TRIM22;1,44287209636071;2,15542377910993e-19;3,91468066761945e-15;0,914;0,377;17;All_Others;0,75
HLA-DQA1;0,883104379631327;2,40968413567002e-19;4,37646832720389e-15;0,983;0,371;17;All_Others;0,75
PAXX;1,75928084700541;2,74267574144834e-19;4,98124768161847e-15;0,931;0,504;17;All_Others;0,75
COMT;1,421418014481;2,96855746619782e-19;5,39149407010848e-15;0,914;0,335;17;All_Others;0,75
PDIA3;1,31908976066177;3,18218703019048e-19;5,77948808423195e-15;1;0,595;17;All_Others;0,75
CAPG;1,26186500952057;3,35450183330514e-19;6,0924462296488e-15;0,931;0,344;17;All_Others;0,75
RNASET2;1,3255621964581;9,40497667046723e-19;1,70813186289026e-14;0,966;0,679;17;All_Others;0,75
YPEL5;1,5640120136521;9,65489411195111e-19;1,75352186861256e-14;0,81;0,288;17;All_Others;0,75
ATP2A3;1,52457141664392;1,53546863907739e-18;2,78871814229235e-14;0,776;0,238;17;All_Others;0,75
HLA-DQB1;0,598707854465856;1,86021472112439e-18;3,37852197650611e-14;0,828;0,259;17;All_Others;0,75
ETV6;1,30841574622485;6,20795332199006e-18;1,12748848233983e-13;0,793;0,261;17;All_Others;0,75
DNAJA1;1,40527091208162;6,77905136125754e-18;1,23121130823159e-13;0,931;0,429;17;All_Others;0,75
A1BG;1,69464025283644;8,51335690735855e-18;1,54619588151446e-13;0,759;0,256;17;All_Others;0,75
H3-3B;0,814649269850583;9,62570771350927e-18;1,74822103492755e-13;1;0,969;17;All_Others;0,75
SPCS2;1,6241809574529;1,36511063858338e-17;2,47931394179514e-13;0,793;0,306;17;All_Others;0,75
CD4;1,58960478954992;1,53913986696809e-17;2,79538582638744e-13;0,914;0,366;17;All_Others;0,75
GPX1;1,1644205107134;4,68186299696153e-17;8,50319957508153e-13;1;0,645;17;All_Others;0,75
TMED2;1,57588859751365;8,99606500207565e-17;1,63386532567698e-12;0,81;0,358;17;All_Others;0,75
SRP14;0,995619795123816;1,09056437521673e-16;1,98068301826862e-12;0,983;0,88;17;All_Others;0,75
CALM2;0,996525544366476;1,29048681407029e-16;2,34378215171447e-12;1;0,832;17;All_Others;0,75
ERP29;1,12838255008021;1,53648642488035e-16;2,7905666448677e-12;1;0,739;17;All_Others;0,75
DHRS7;1,31372288163886;1,64004093014842e-16;2,97864233733557e-12;0,897;0,423;17;All_Others;0,75
SFT2D1;1,50842118403639;2,6037588850144e-16;4,72894688696316e-12;0,776;0,267;17;All_Others;0,75
SELPLG;1,2937971401309;3,39184673185901e-16;6,16027203440233e-12;0,966;0,551;17;All_Others;0,75
CHCHD2;1,06759490098726;4,05758949180446e-16;7,36939403501527e-12;1;0,805;17;All_Others;0,75
MYL12A;0,765209383015159;4,31162432822323e-16;7,83077210491903e-12;1;0,916;17;All_Others;0,75
MTDH;1,30737909286386;5,60969876680346e-16;1,01883349002684e-11;0,948;0,59;17;All_Others;0,75
TUBB;1,29066483471958;6,59835995731223e-16;1,19839413544705e-11;0,966;0,568;17;All_Others;0,75
OGT;1,58008855722991;7,50032690555389e-16;1,3622093725867e-11;0,862;0,385;17;All_Others;0,75
PPM1G;1,43175422153343;1,9926875455578e-15;3,61911912024208e-11;0,828;0,377;17;All_Others;0,75
SRGN;1,0608600291434;2,34111147123719e-15;4,25192665406098e-11;0,983;0,664;17;All_Others;0,75
SLC3A2;1,50007134679505;3,80592798217662e-15;6,91232640122917e-11;0,776;0,286;17;All_Others;0,75
UBC;0,763730333679022;5,01251560781224e-15;9,1037308469086e-11;1;0,96;17;All_Others;0,75
SEC13;1,42079007800138;7,96844339801286e-15;1,4472286899471e-10;0,793;0,294;17;All_Others;0,75
TIMM13;1,48912509095921;1,10256823290079e-14;2,00248442459442e-10;0,776;0,303;17;All_Others;0,75
PPP1R15A;1,31424878529569;1,73410072334912e-14;3,14947373374666e-10;0,81;0,357;17;All_Others;0,75
OS9;1,16128705023388;2,57640358118469e-14;4,67926418414763e-10;0,879;0,373;17;All_Others;0,75
MLF2;1,30013320186027;2,59093312425373e-14;4,70565274026963e-10;0,828;0,365;17;All_Others;0,75
FCGRT;1,07062356933233;2,71277612289288e-14;4,92694399439804e-10;0,948;0,399;17;All_Others;0,75
FAM49B;1,1892899929037;3,11793614871948e-14;5,66279563330432e-10;0,931;0,487;17;All_Others;0,75
TMEM258;1,06635658692612;3,20911956783193e-14;5,82840295909634e-10;0,983;0,699;17;All_Others;0,75
HSPA5;1,10101116453685;3,70915877801895e-14;6,73657417263801e-10;0,966;0,483;17;All_Others;0,75
AKAP9;1,15518475203808;3,85418546058566e-14;6,99997163351567e-10;0,897;0,38;17;All_Others;0,75
GRSF1;1,52344941038689;4,08261459367839e-14;7,4148446250387e-10;0,793;0,342;17;All_Others;0,75
GABARAPL2;1,21871554126294;4,30071711287614e-14;7,81096242040564e-10;0,931;0,527;17;All_Others;0,75
CIAO2A;1,29089805014966;4,5727470749896e-14;8,30502323759612e-10;0,845;0,345;17;All_Others;0,75
CST3;1,18505589794856;4,6871423024594e-14;8,51278784972677e-10;1;0,383;17;All_Others;0,75
RPN1;1,44235110801823;7,04663080364662e-14;1,2798090865583e-09;0,81;0,41;17;All_Others;0,75
PRKCB;1,13537237746883;7,25411104327659e-14;1,31749164767989e-09;0,931;0,456;17;All_Others;0,75
PTBP3;1,25502533820443;7,49142920886953e-14;1,36059337291488e-09;0,793;0,341;17;All_Others;0,75
ZNF706;1,17290627793281;7,8314381983949e-14;1,42234580559248e-09;0,948;0,513;17;All_Others;0,75
COPE;1,16202345222132;1,13055446906597e-13;2,05331302671761e-09;0,914;0,517;17;All_Others;0,75
CLTC;1,22146066353064;1,53994236401368e-13;2,79684332152164e-09;0,81;0,307;17;All_Others;0,75
RBX1;1,12892646212846;3,32931983042999e-13;6,04671067602695e-09;0,948;0,499;17;All_Others;0,75
ARHGAP9;1,13817077192311;3,33943107362973e-13;6,06507471592632e-09;0,948;0,464;17;All_Others;0,75
ATP6V0B;0,973534473504042;3,4269210500737e-13;6,22397401114385e-09;0,983;0,514;17;All_Others;0,75
JAML;0,918563795599236;3,78285406270067e-13;6,87041954867697e-09;0,914;0,395;17;All_Others;0,75
SUB1;0,978650732109795;4,89576473578544e-13;8,89168791313352e-09;0,948;0,721;17;All_Others;0,75
SUMO3;1,21526731527721;5,47386919553886e-13;9,94164123293767e-09;0,81;0,342;17;All_Others;0,75
XBP1;1,16599779319916;5,50421593131855e-13;9,99675697446076e-09;0,828;0,388;17;All_Others;0,75
ARF1;0,962532484919987;5,63027915701281e-13;1,02257130049667e-08;1;0,666;17;All_Others;0,75
NAPA;1,33492402699021;6,58221083138334e-13;1,19546113119584e-08;0,828;0,38;17;All_Others;0,75
ACTN4;1,09390576243462;8,70665990000644e-13;1,58130357103917e-08;0,81;0,315;17;All_Others;0,75
PSMA6;1,22126065980562;1,01306456375912e-12;1,83992786069931e-08;0,862;0,382;17;All_Others;0,75
CCS;1,37025740083682;1,11149778968046e-12;2,01870228561765e-08;0,776;0,312;17;All_Others;0,75
TRABD;1,16536578280505;1,18802652630768e-12;2,15769377708001e-08;0,914;0,461;17;All_Others;0,75
CDKN2D;1,23443062591994;1,23461913404441e-12;2,24231527125146e-08;0,793;0,337;17;All_Others;0,75
TMBIM6;0,86355864043948;2,01729817707766e-12;3,66381694920845e-08;0,983;0,765;17;All_Others;0,75
RBBP4;1,12441903302167;2,03873119066537e-12;3,70274358848644e-08;0,897;0,439;17;All_Others;0,75
SSR1;1,1080070099059;2,77834821078091e-12;5,04603602042029e-08;0,845;0,388;17;All_Others;0,75
PHYKPL;1,2533011475651;3,02031158248588e-12;5,48548989611085e-08;0,759;0,329;17;All_Others;0,75
COMMD6;0,869889072999856;3,13146139099178e-12;5,68736017831927e-08;1;0,878;17;All_Others;0,75
DYNLL1;1,12834232151804;3,77682544129202e-12;6,85947036647456e-08;0,948;0,511;17;All_Others;0,75
CIAO2B;1,22719292487213;3,98633020089893e-12;7,23997291087263e-08;0,879;0,422;17;All_Others;0,75
ATP5F1B;0,978789190440364;5,11179916571586e-12;9,28404964477315e-08;0,931;0,696;17;All_Others;0,75
FERMT3;0,976963262868125;5,2598087009109e-12;9,55286456259437e-08;0,897;0,495;17;All_Others;0,75
MYL6;0,594506024878521;9,37261496866035e-12;1,70225433060809e-07;1;0,945;17;All_Others;0,75
PPIA;0,671473864380719;1,116763994272e-11;2,02826676639681e-07;1;0,885;17;All_Others;0,75
DDOST;1,23152827432221;1,23335750479072e-11;2,2400239002009e-07;0,879;0,436;17;All_Others;0,75
UBB;0,860133063249976;1,39498188773504e-11;2,53356610450439e-07;0,983;0,753;17;All_Others;0,75
DNM2;1,20859555837824;1,53298682561861e-11;2,78421067268852e-07;0,776;0,326;17;All_Others;0,75
CYBB;0,644510885988976;1,70193694542894e-11;3,09105788028804e-07;0,948;0,384;17;All_Others;0,75
PRMT1;1,05533738529754;2,07023327313952e-11;3,75995767067599e-07;0,845;0,356;17;All_Others;0,75
C1orf43;1,0799039084837;2,14084656895925e-11;3,88820553854379e-07;0,828;0,359;17;All_Others;0,75
SLC25A5;0,924822776830435;4,4279022524984e-11;8,04195607098759e-07;0,966;0,671;17;All_Others;0,75
APEX1;1,20737636647719;6,04114126245334e-11;1,09719207608678e-06;0,879;0,49;17;All_Others;0,75
SIVA1;1,10252903300541;7,77912297864623e-11;1,41284431538173e-06;0,81;0,377;17;All_Others;0,75
ANKRD12;0,949962478487056;1,50796623252744e-10;2,73876827151633e-06;0,983;0,616;17;All_Others;0,75
NHP2;1,15854598434033;1,70182799382447e-10;3,090860002384e-06;0,828;0,392;17;All_Others;0,75
RPLP0;0,528844118986537;2,73203043021827e-10;4,96191366736242e-06;1;0,971;17;All_Others;0,75
ZEB2;0,571574397145011;2,83081977639264e-10;5,14133487788431e-06;0,897;0,362;17;All_Others;0,75
ILF2;1,05054048243387;2,91697168163421e-10;5,29780396818406e-06;0,81;0,374;17;All_Others;0,75
GABARAP;0,588463141473806;2,95307975084496e-10;5,36338344348462e-06;1;0,864;17;All_Others;0,75
CCDC69;0,825441081547192;3,41182163663977e-10;6,19655045646516e-06;0,81;0,338;17;All_Others;0,75
DBNL;1,01427496352791;3,55718114979973e-10;6,46055240426627e-06;0,879;0,447;17;All_Others;0,75
LAPTM4A;1,08071836040154;4,20250759775726e-10;7,63259429904673e-06;0,793;0,356;17;All_Others;0,75
SENP6;1,1111566119152;4,30420643479855e-10;7,81729972688113e-06;0,776;0,36;17;All_Others;0,75
SRPRA;1,11245178416086;4,817606290803e-10;8,74973654535642e-06;0,793;0,382;17;All_Others;0,75
COX6A1;0,707365591702731;7,18617856013486e-10;1,30515375009169e-05;0,948;0,751;17;All_Others;0,75
PSMB6;0,946174356389667;7,92158819353732e-10;1,43871884771025e-05;0,862;0,438;17;All_Others;0,75
SNX3;0,909280773329721;7,99991289666574e-10;1,45294418029243e-05;0,914;0,596;17;All_Others;0,75
MYL12B;0,653617239098847;1,05209928559956e-09;1,91082272250592e-05;1;0,818;17;All_Others;0,75
CALR;0,989616728353421;1,08817081212437e-09;1,97633582898028e-05;0,914;0,562;17;All_Others;0,75
TPM4;0,83308466263972;1,19908467455764e-09;2,17777758593159e-05;0,81;0,407;17;All_Others;0,75
SEPTIN9;0,833211118158986;1,57316796443787e-09;2,85718765701206e-05;0,948;0,732;17;All_Others;0,75
LSP1;0,632318838103264;1,60929074342716e-09;2,9227938482124e-05;1;0,887;17;All_Others;0,75
MACROH2A1;0,904830687908027;1,8573859314927e-09;3,37338432877703e-05;0,862;0,495;17;All_Others;0,75
PEBP1;0,858017178495013;2,04002845126811e-09;3,70509967319315e-05;0,931;0,517;17;All_Others;0,75
HMGN1;0,796781983991165;2,33063037898529e-09;4,23289089431309e-05;0,966;0,631;17;All_Others;0,75
TPP1;0,771463572682421;2,41049404276977e-09;4,37793928047846e-05;0,776;0,313;17;All_Others;0,75
PSAP;0,614339647890022;2,75422913559456e-09;5,00223095606684e-05;1;0,716;17;All_Others;0,75
OST4;0,680168761275882;3,0227960389089e-09;5,49000216586634e-05;0,983;0,848;17;All_Others;0,75
ATP6V0C;0,850958237578938;3,18122343277868e-09;5,77773799861263e-05;0,914;0,603;17;All_Others;0,75
ADD1;0,994029707803308;3,35283724077444e-09;6,08942299669453e-05;0,81;0,387;17;All_Others;0,75
NUCB1;1,02280745817095;3,38438363807378e-09;6,14671756346961e-05;0,828;0,421;17;All_Others;0,75
GRINA;0,820831276317991;4,82661754596308e-09;8,76610278697815e-05;0,793;0,402;17;All_Others;0,75
MGAT1;0,927109857189639;6,18311604703079e-09;0,000112297753646173;0,793;0,405;17;All_Others;0,75
APBB1IP;0,853945975044912;6,21654051410579e-09;0,000112904808817189;0,931;0,616;17;All_Others;0,75
M6PR;0,883738270913503;6,94523051689455e-09;0,000126139276647839;0,845;0,458;17;All_Others;0,75
VPS13C;0,871173301426716;7,00826343500989e-09;0,00012728408050665;0,828;0,439;17;All_Others;0,75
SCAF11;0,836754746254365;7,86273090008113e-09;0,000142802918607274;0,879;0,542;17;All_Others;0,75
SRP72;1,00958644133163;8,09104337134168e-09;0,000146949529710308;0,759;0,353;17;All_Others;0,75
PRDX3;0,907141267192503;8,39024311954183e-09;0,000152383595537119;0,776;0,327;17;All_Others;0,75
GUK1;0,832327843415416;8,88615392755054e-09;0,000161390327632173;0,914;0,607;17;All_Others;0,75
ATP5MF;0,690888610633996;8,95814922902445e-09;0,000162697906297542;0,983;0,695;17;All_Others;0,75
NDUFA4;0,701381265096749;9,17654690929699e-09;0,000166664444966652;0,983;0,718;17;All_Others;0,75
PRKAR1A;1,07090142126651;1,1537806958187e-08;0,000209549649974593;0,793;0,421;17;All_Others;0,75
POMP;0,872021606941012;1,49977867469078e-08;0,000272389802897339;0,828;0,435;17;All_Others;0,75
WDR74;0,838144874892577;1,52186477432163e-08;0,000276401080312295;0,897;0,515;17;All_Others;0,75
H2AZ2;0,846943486713476;1,74879343935462e-08;0,000317615864455586;0,879;0,477;17;All_Others;0,75
KRTCAP2;0,834117598222203;1,80771622818315e-08;0,000328317421362624;0,914;0,613;17;All_Others;0,75
ATP5MC1;0,922757821545692;2,45332668176409e-08;0,000445573191941995;0,81;0,405;17;All_Others;0,75
LUC7L3;0,782689187459532;2,49921837093379e-08;0,000453908040528996;0,897;0,487;17;All_Others;0,75
TXNL4A;0,835485194061431;2,57151653175014e-08;0,00046703883249646;0,879;0,495;17;All_Others;0,75
ATP5MC3;0,742814309274381;2,5758445573533e-08;0,000467824888506506;0,966;0,669;17;All_Others;0,75
YWHAE;0,892554050084196;3,55120006548444e-08;0,000644968955893285;0,776;0,368;17;All_Others;0,75
SELENOF;0,891934446643814;4,55083241286723e-08;0,000826522182824946;0,828;0,458;17;All_Others;0,75
EIF5;0,799693166194073;4,6895106217027e-08;0,000851708919113645;0,914;0,53;17;All_Others;0,75
LAMTOR5;0,956608313498288;4,81731376740144e-08;0,00087492052643545;0,793;0,413;17;All_Others;0,75
C11orf58;0,722535551082181;5,17547910875228e-08;0,000939970515731589;0,914;0,604;17;All_Others;0,75
HMGN2;0,725782729533287;6,76770909572104e-08;0,00122915132596486;0,931;0,725;17;All_Others;0,75
ACADVL;0,925923272995825;7,15677312218847e-08;0,00129981313445187;0,793;0,402;17;All_Others;0,75
KTN1;0,900440427601067;7,66666048138484e-08;0,00139241887662912;0,862;0,48;17;All_Others;0,75
HINT1;0,577246890559358;9,53346960753333e-08;0,0017314687501202;1;0,869;17;All_Others;0,75
SEPTIN2;0,860772628794049;1,12905933910783e-07;0,00205059757168764;0,828;0,423;17;All_Others;0,75
COX17;0,678677828241707;1,23275143201623e-07;0,00223892315082788;0,845;0,388;17;All_Others;0,75
C4orf3;0,713549232034679;1,24755354836644e-07;0,00226580675454313;0,879;0,628;17;All_Others;0,75
PYCARD;0,544652164723578;1,25837057565061e-07;0,00228545263949664;0,897;0,482;17;All_Others;0,75
CHMP4B;0,863873460373653;1,47190253214992e-07;0,00267326937889069;0,793;0,388;17;All_Others;0,75
RBM3;0,663216173356499;1,70347994856632e-07;0,00309386028258614;0,966;0,717;17;All_Others;0,75
LMAN2;0,97179012215821;1,7276786200884e-07;0,00313780990980456;0,776;0,41;17;All_Others;0,75
GNG5;0,664019353926749;1,8806736800558e-07;0,00341567953771735;0,931;0,648;17;All_Others;0,75
DBI;0,768562717844972;2,10125611537069e-07;0,00381630135673624;0,931;0,563;17;All_Others;0,75
UBXN4;0,780160353338794;2,4890619704926e-07;0,00452063435080865;0,862;0,488;17;All_Others;0,75
CD99;0,520195678985055;2,69616916937277e-07;0,00489678244541483;0,983;0,691;17;All_Others;0,75
EIF1B;0,799705518969517;2,81541669584878e-07;0,00511335980300055;0,793;0,391;17;All_Others;0,75
SELENOH;0,740110253250746;2,95409686178892e-07;0,00536523072038103;0,897;0,654;17;All_Others;0,75
SEM1;0,641318564183774;3,40231254451901e-07;0,00617928004335542;0,948;0,547;17;All_Others;0,75
SLC38A1;0,626008659457936;4,51709964494844e-07;0,00820395637515536;0,759;0,346;17;All_Others;0,75
HNRNPR;0,785154696439947;4,87686182832656e-07;0,00885735645260669;0,828;0,442;17;All_Others;0,75
CCT8;0,81734561141191;4,91204873982524e-07;0,00892126292127061;0,759;0,41;17;All_Others;0,75
CRTAP;0,583343955791097;5,47541669606246e-07;0,00994445180338863;0,759;0,35;17;All_Others;0,75
UBL5;0,56234107102336;6,99607226919279e-07;0,0127062664553079;0,983;0,811;17;All_Others;0,75
ANKRD11;0,741534353554797;7,46991777993178e-07;0,0135668646719121;0,828;0,463;17;All_Others;0,75
SRSF9;0,586387954479634;7,61497598481245e-07;0,0138303193836164;0,931;0,602;17;All_Others;0,75
HNRNPA3;0,780492982626659;8,12842571305233e-07;0,0147628467800456;0,828;0,498;17;All_Others;0,75
WDR1;0,748460569312185;8,42879064163231e-07;0,0153083695633326;0,897;0,58;17;All_Others;0,75
ERH;0,753054339298964;8,69505450946826e-07;0,0157919580000963;0,879;0,489;17;All_Others;0,75
BSG;0,717179460906152;9,14814586409321e-07;0,0166148625183661;0,828;0,429;17;All_Others;0,75
ATP6V0E1;0,594336386081132;9,2799292523951e-07;0,0168542075082;0,983;0,69;17;All_Others;0,75
KDELR1;0,741612290532769;1,11819716945651e-06;0,0203086969916692;0,776;0,398;17;All_Others;0,75
NDUFC1;0,619706024631124;1,22358567081256e-06;0,0222227629532978;0,914;0,487;17;All_Others;0,75
NUCKS1;0,705304349381389;1,24789454865406e-06;0,022664260792655;0,828;0,47;17;All_Others;0,75
DDX17;0,652655341207456;1,31302522971641e-06;0,0238471642221094;0,966;0,725;17;All_Others;0,75
NCOA4;0,50426232914365;1,38156034643815e-06;0,0250918990120098;0,776;0,417;17;All_Others;0,75
COX7A2;0,60472075923981;1,39968247711047e-06;0,0254210331492804;1;0,706;17;All_Others;0,75
GNB1;0,67346738891467;1,52674270643299e-06;0,027728701034236;0,862;0,52;17;All_Others;0,75
EID1;0,753780058094344;1,86028568899074e-06;0,0337865086834499;0,897;0,556;17;All_Others;0,75
HMGN3;0,656904964402034;2,00627696730925e-06;0,0364380022802707;0,845;0,48;17;All_Others;0,75
PSMB3;0,567059601825052;2,03593331137367e-06;0,0369766208011686;0,931;0,55;17;All_Others;0,75
NEDD8;0,7118602440265;2,12698747328562e-06;0,0386303464898134;0,845;0,52;17;All_Others;0,75
PDCD4;0,68249626744061;2,34302048715479e-06;0,0425539380877053;0,828;0,443;17;All_Others;0,75
TMEM14B;0,691428620488057;2,37627540216157e-06;0,0431579138540585;0,81;0,431;17;All_Others;0,75
ATP5MD;0,649030808212822;2,43633399319786e-06;0,0442486979844595;0,948;0,684;17;All_Others;0,75
GLIPR1;0,593619621893789;2,53744588806841e-06;0,0460850922190985;0,879;0,478;17;All_Others;0,75
IGLV2-14;10,3131574373727;0;0;1;0,005;18;All_Others;0,75
MS4A1;3,60272280733856;3,01473313883882e-114;5,47535832675907e-110;1;0,096;18;All_Others;0,75
FCRLA;3,9009515262126;1,14009087446528e-111;2,07063304620384e-107;0,789;0,061;18;All_Others;0,75
BANK1;3,5131077072043;2,37913528652143e-104;4,32098550738023e-100;0,965;0,099;18;All_Others;0,75
FCER2;3,40503729487148;4,68699451087795e-95;8,51251943065654e-91;0,842;0,079;18;All_Others;0,75
IGHM;3,00880723406652;2,85395789566335e-90;5,18335833010377e-86;0,895;0,094;18;All_Others;0,75
CD79A;3,30375277679539;4,51860935434506e-90;8,2066983093615e-86;1;0,124;18;All_Others;0,75
NIBAN3;3,16427914808759;2,78783460558591e-79;5,06326521066512e-75;0,877;0,104;18;All_Others;0,75
CD79B;3,07873381211409;7,31470832834915e-69;1,32849732659477e-64;0,965;0,155;18;All_Others;0,75
AFF3;3,02061227010775;9,26734614312183e-59;1,68313540651379e-54;0,842;0,136;18;All_Others;0,75
RALGPS2;3,05102928467107;1,03148673850593e-54;1,87338621447448e-50;0,825;0,138;18;All_Others;0,75
HLA-DQB1;2,66521894032579;7,04965811122261e-47;1,28035890616025e-42;0,982;0,258;18;All_Others;0,75
HVCN1;2,75132245051635;1,06846711990956e-43;1,94054998317974e-39;0,93;0,23;18;All_Others;0,75
HLA-DQA1;2,46399143158988;1,46588341578056e-38;2,66233745974066e-34;1;0,371;18;All_Others;0,75
HLA-DRB1;2,2104846702295;3,12992351779607e-35;5,68456709302121e-31;1;0,421;18;All_Others;0,75
HLA-DPB1;2,24060655074933;4,32952518543721e-34;7,86328364179107e-30;1;0,433;18;All_Others;0,75
MEF2C;2,31592813028632;2,95444284865601e-33;5,36585910172905e-29;0,947;0,297;18;All_Others;0,75
HLA-DPA1;2,05169658150659;7,57560041020677e-33;1,37588054650175e-28;1;0,428;18;All_Others;0,75
CD74;2,54957444918377;1,47347404194335e-31;2,67612355497752e-27;1;0,876;18;All_Others;0,75
CD37;1,94049894668509;2,08280273336541e-31;3,78278632433825e-27;1;0,913;18;All_Others;0,75
BIRC3;2,33375303740404;9,22381283192857e-31;1,67522888653487e-26;0,807;0,211;18;All_Others;0,75
HLA-DMB;2,30506520594244;4,76347905970937e-30;8,65143066824416e-26;0,825;0,236;18;All_Others;0,75
HLA-DMA;2,04710501240507;7,21280745653945e-29;1,30999009025669e-24;0,93;0,301;18;All_Others;0,75
HLA-DRB3;1,70357437050712;6,53598283284968e-25;1,18706520210216e-20;0,842;0,245;18;All_Others;0,75
ADK;2,14190020868851;6,88673858581075e-25;1,25076946195495e-20;0,789;0,247;18;All_Others;0,75
SNX2;1,88538642136943;1,04161635432862e-23;1,89178362273164e-19;0,93;0,396;18;All_Others;0,75
FCMR;1,77087021810483;1,11240996464525e-23;2,0203589777887e-19;0,965;0,497;18;All_Others;0,75
HLA-DRA;1,83768319301828;1,62328171109403e-22;2,94820424368897e-18;0,825;0,284;18;All_Others;0,75
CALHM6;1,78956278486764;3,02331439004126e-21;5,49094359519293e-17;0,842;0,294;18;All_Others;0,75
ISG20;1,48693865465784;1,73395610661063e-16;3,14921108082622e-12;0,895;0,431;18;All_Others;0,75
CD52;0,902271137316554;6,80535638432003e-16;1,2359888265202e-11;1;0,897;18;All_Others;0,75
NAPSB;1,40634221175907;8,02986944728867e-16;1,45838488901657e-11;0,772;0,283;18;All_Others;0,75
SYNGR2;1,40356896900079;1,40261902723093e-14;2,54743667725681e-10;0,86;0,468;18;All_Others;0,75
LTB;1,1713769806898;4,80852776243161e-14;8,73324812212829e-10;0,982;0,634;18;All_Others;0,75
CD81;1,15296748494978;1,44544437193608e-13;2,62521606831031e-09;0,912;0,504;18;All_Others;0,75
SEC62;1,19107789395507;2,81900401377314e-13;5,11987508981477e-09;0,895;0,604;18;All_Others;0,75
SNX3;1,14577672135957;3,03899262184006e-13;5,51941839978591e-09;0,912;0,597;18;All_Others;0,75
RPL18A;0,636437885852274;5,72659158760386e-13;1,04006356414061e-08;1;0,98;18;All_Others;0,75
PRKCB;1,15371454247195;1,72345212460174e-12;3,13013374870167e-08;0,842;0,457;18;All_Others;0,75
EZR;1,21579756589226;5,67938884293948e-12;1,03149060165467e-07;0,86;0,482;18;All_Others;0,75
POLD4;1,16274043685945;1,65708159027571e-11;3,00959158425874e-07;0,842;0,449;18;All_Others;0,75
RPL8;0,510259490613484;2,3196493854152e-11;4,21294721379109e-07;1;0,982;18;All_Others;0,75
LAPTM5;0,821978418455598;4,58034909200518e-11;8,31883002089982e-07;1;0,937;18;All_Others;0,75
MT-ND4L;0,634363259147201;5,16986843904961e-11;9,38951505900191e-07;1;0,941;18;All_Others;0,75
SP100;1,19721212545132;6,15096365305783e-11;1,11713801866836e-06;0,842;0,523;18;All_Others;0,75
REL;1,12236147040953;5,14492471995448e-10;9,34421227638133e-06;0,807;0,398;18;All_Others;0,75
RPSA;0,68633395600694;1,19591906247041e-09;2,17202820125877e-05;1;0,898;18;All_Others;0,75
FOXP1;0,95739655662548;1,62926086219288e-08;0,000295906357791471;0,825;0,489;18;All_Others;0,75
LBH;0,84765796145744;3,85130902584133e-08;0,000699474745273303;0,825;0,464;18;All_Others;0,75
RPS11;0,546716356945461;4,56179130581271e-08;0,000828512536961704;0,982;0,938;18;All_Others;0,75
YWHAZ;0,635147838564918;4,65145246250905e-08;0,000844796796240894;0,965;0,838;18;All_Others;0,75
MTRNR2L8;0,669702785980131;5,60487815836288e-08;0,00101795797112187;1;0,995;18;All_Others;0,75
BTG1;0,614155665475606;1,02373361180738e-07;0,00185930498576457;1;0,927;18;All_Others;0,75
MTRNR2L12;0,607557632481312;1,75772004459451e-07;0,00319237114499254;1;0,999;18;All_Others;0,75
CD53;0,835696525266737;2,41085279868987e-07;0,00437859085298054;0,86;0,665;18;All_Others;0,75
SELL;0,640996937799616;3,25981620018713e-07;0,00592047818277987;0,965;0,715;18;All_Others;0,75
MKNK2;0,890404965610815;3,61319737996819e-07;0,00656228908149823;0,772;0,445;18;All_Others;0,75
RCSD1;0,733638842142341;5,73428401316529e-07;0,0104146066247108;0,877;0,694;18;All_Others;0,75
STK17A;0,968060562566023;5,83956182842662e-07;0,0106058121927884;0,789;0,482;18;All_Others;0,75
TAGLN2;0,679209215015081;9,6543660395589e-07;0,0175342596010469;0,93;0,773;18;All_Others;0,75
RPS5;0,541114309499087;1,24166282477767e-06;0,022551080223612;1;0,93;18;All_Others;0,75
LIMD2;0,507421416227762;1,79197841422405e-06;0,0325459119591373;0,982;0,897;18;All_Others;0,75
TUBB1;13,0866897536393;0;0;1;0,004;19;All_Others;0,75
CAVIN2;12,0955066246623;0;0;1;0,005;19;All_Others;0,75
SPARC;11,6143181290014;0;0;1;0,008;19;All_Others;0,75
MPIG6B;10,4705367755928;0;0;1;0,009;19;All_Others;0,75
GNG11;11,0348091543311;0;0;1;0,01;19;All_Others;0,75
PPBP;12,8559390631289;0;0;1;0,011;19;All_Others;0,75
CLU;10,1016781308611;0;0;1;0,018;19;All_Others;0,75
TREML1;12,7630499684008;0;0;0,979;0,001;19;All_Others;0,75
ITGA2B;11,0245991506205;0;0;0,979;0,003;19;All_Others;0,75
PF4;11,9916529469345;0;0;0,979;0,004;19;All_Others;0,75
GP9;12,4337870480775;0;0;0,936;0,003;19;All_Others;0,75
CMTM5;12,4393007642996;0;0;0,915;0,001;19;All_Others;0,75
MYL9;10,8927539782049;0;0;0,894;0,005;19;All_Others;0,75
ACRBP;9,56292362639082;0;0;0,894;0,018;19;All_Others;0,75
GMPR;9,93810577088673;0;0;0,872;0,005;19;All_Others;0,75
DDX11L10;13,6680920086846;0;0;0,851;0,001;19;All_Others;0,75
CXCR2P1;8,69301494456934;0;0;0,851;0,013;19;All_Others;0,75
ALOX12;12,4465266399738;0;0;0,83;0,001;19;All_Others;0,75
ITGB3;10,9164926567288;0;0;0,83;0,002;19;All_Others;0,75
SH3BGRL2;9,81197508464347;0;0;0,809;0,005;19;All_Others;0,75
C2orf88;9,11686621929938;0;0;0,809;0,008;19;All_Others;0,75
PTCRA;9,48648806861827;0;0;0,787;0,006;19;All_Others;0,75
GUCY1B1;9,58594442683326;0;0;0,766;0,005;19;All_Others;0,75
TRIM58;8,43131586042932;7,70817763522541e-277;1,39995922210964e-272;0,83;0,022;19;All_Others;0,75
PRKAR2B;9,66298960319425;5,89324244250174e-269;1,07033069240717e-264;1;0,035;19;All_Others;0,75
CD9;8,16376072100164;6,60090329661161e-252;1,1988560567306e-247;0,809;0,023;19;All_Others;0,75
CA2;7,49125760535583;1,5300838084731e-228;2,77893821294885e-224;0,872;0,03;19;All_Others;0,75
THBS1;7,03394464695096;5,03091516595456e-200;9,13714812440667e-196;0,894;0,037;19;All_Others;0,75
PTGS1;7,48442151442923;1,79035152971316e-199;3,25163644826504e-195;0,894;0,038;19;All_Others;0,75
MAP3K7CL;7,55797264289449;2,67004216985235e-196;4,84933058888584e-192;0,83;0,032;19;All_Others;0,75
MTURN;7,20969879286751;1,20818702062079e-180;2,19430926685148e-176;0,979;0,052;19;All_Others;0,75
MMD;7,61431191246767;2,109172099844e-174;3,83067836773667e-170;0,915;0,046;19;All_Others;0,75
TSC22D1;8,21970978742128;3,74874038936535e-172;6,80846229516535e-168;0,809;0,036;19;All_Others;0,75
SNCA;6,82772478054601;2,82724823531678e-164;5,13484824498234e-160;0,787;0,035;19;All_Others;0,75
DMTN;6,49594877187146;9,79792248152722e-158;1,77949868109497e-153;0,809;0,039;19;All_Others;0,75
ENDOD1;5,93880375284479;2,22731546030805e-131;4,04525033901148e-127;0,766;0,042;19;All_Others;0,75
CDKN1A;6,33223165525954;1,35981351859894e-109;2,4696933124794e-105;0,83;0,062;19;All_Others;0,75
SMIM3;5,64430633587257;1,8461693338549e-97;3,35301274414727e-93;0,787;0,063;19;All_Others;0,75
TPM1;6,023902381484;3,16390495013797e-97;5,74628417044059e-93;0,894;0,085;19;All_Others;0,75
PDLIM1;5,57558890774101;2,97626683629182e-92;5,4054958280732e-88;0,851;0,079;19;All_Others;0,75
FHL1;5,77185171729905;2,49309028174232e-88;4,5279505697004e-84;0,766;0,066;19;All_Others;0,75
PGRMC1;6,14732509651266;1,39184291275795e-85;2,52786509815099e-81;0,851;0,089;19;All_Others;0,75
TSPAN33;5,4140497818308;1,0126207166714e-77;1,83912174561859e-73;0,83;0,092;19;All_Others;0,75
F13A1;6,09051855996214;8,13131743080293e-76;1,47680987178243e-71;0,979;0,144;19;All_Others;0,75
CCL5;3,77947104130462;5,98200832769365e-74;1,08645235247572e-69;1;0,134;19;All_Others;0,75
MARCHF2;5,56193096946795;3,46019964435587e-72;6,28441459407914e-68;1;0,162;19;All_Others;0,75
RGS18;6,38497305050053;2,44454262515887e-69;4,43977831581353e-65;0,979;0,163;19;All_Others;0,75
PARVB;5,54087642753431;1,09186754947704e-66;1,98304984336021e-62;0,936;0,148;19;All_Others;0,75
VCL;5,84760694786216;3,08957282495834e-65;5,61128216468933e-61;1;0,192;19;All_Others;0,75
SNN;5,25576884150533;2,23804010557322e-64;4,06472843974209e-60;0,915;0,145;19;All_Others;0,75
BEX3;5,02457376711689;2,9469627057317e-62;5,35227366614992e-58;0,936;0,164;19;All_Others;0,75
H2AC6;6,4562170860701;1,92364866086401e-61;3,49373069786121e-57;0,979;0,192;19;All_Others;0,75
RNF11;5,73673166189379;1,01699379671522e-58;1,84706413359418e-54;0,936;0,176;19;All_Others;0,75
NRGN;8,19605491878776;2,74937530606289e-57;4,99341543087142e-53;1;0,23;19;All_Others;0,75
MPP1;5,45864506124104;1,3454195492876e-56;2,44355098541614e-52;0,915;0,168;19;All_Others;0,75
RUFY1;5,28988220245501;3,39713370542127e-53;6,1698742357861e-49;0,936;0,196;19;All_Others;0,75
CCDC92;4,66784589298021;9,53570943028063e-53;1,73187554672757e-48;0,809;0,129;19;All_Others;0,75
TUBA1C;5,3697338134224;1,00880674309866e-52;1,83219480681578e-48;0,83;0,142;19;All_Others;0,75
GRAP2;5,19555386796785;1,19501107276509e-51;2,17037911035595e-47;0,915;0,193;19;All_Others;0,75
CD151;4,31490097818829;1,27518081842351e-51;2,31598340242077e-47;0,894;0,166;19;All_Others;0,75
SLC40A1;5,18001042893981;4,10495631077712e-48;7,45542165163341e-44;0,787;0,139;19;All_Others;0,75
LIMS1;5,51775530778684;2,11291495052851e-47;3,83747613314989e-43;0,979;0,263;19;All_Others;0,75
GSN;4,28916781654434;1,20382537913542e-44;2,18638765358576e-40;0,851;0,177;19;All_Others;0,75
CDKN2D;4,42651600007955;3,16432803328649e-41;5,74705257405493e-37;1;0,337;19;All_Others;0,75
CTSA;4,50343796501812;3,87232459651536e-40;7,0329159321912e-36;0,979;0,342;19;All_Others;0,75
NCOA4;5,32672108299374;1,62534684809691e-39;2,9519549455136e-35;1;0,416;19;All_Others;0,75
RSU1;4,10748684398152;6,6068348979677e-39;1,19993335416889e-34;0,894;0,237;19;All_Others;0,75
NT5C3A;4,7031067649578;5,89396173252283e-38;1,0704613298608e-33;0,787;0,17;19;All_Others;0,75
PTPN18;4,13954836561228;1,50366175301327e-36;2,73095047582269e-32;0,957;0,326;19;All_Others;0,75
ACTN1;3,75874944082041;1,90348058123505e-36;3,4571014316391e-32;0,957;0,344;19;All_Others;0,75
MFSD1;4,24885942739483;2,10407448405929e-36;3,82142007794848e-32;0,894;0,271;19;All_Others;0,75
ODC1;5,46590120528365;1,48836417102719e-35;2,70316700741958e-31;0,83;0,231;19;All_Others;0,75
TPM4;4,55601151249657;1,78975238324015e-35;3,25054827844076e-31;0,979;0,407;19;All_Others;0,75
SNAP23;3,51049853010911;2,65681845642384e-35;4,82531368055698e-31;0,936;0,31;19;All_Others;0,75
ILK;4,34383788997616;3,48133192536904e-35;6,32279504285525e-31;0,915;0,305;19;All_Others;0,75
TUBA4A;5,05460521995909;4,17366741008776e-35;7,58021475020139e-31;0,979;0,427;19;All_Others;0,75
KIF2A;4,15352437042282;8,01741194093391e-35;1,45612235671242e-30;0,957;0,377;19;All_Others;0,75
TLN1;4,10843865036588;6,97487715052162e-34;1,26677718807774e-29;1;0,58;19;All_Others;0,75
MAX;4,35057286032506;7,25472391848236e-33;1,31760295807477e-28;0,957;0,445;19;All_Others;0,75
GPX1;4,15123253969359;7,25577958641119e-33;1,317794688484e-28;1;0,646;19;All_Others;0,75
RGS10;3,86983971836397;1,24781456106942e-32;2,26628080581429e-28;1;0,547;19;All_Others;0,75
RAB32;3,6454913897005;2,15835494370883e-32;3,92000424876398e-28;0,787;0,201;19;All_Others;0,75
TPST2;3,73854334234336;6,07771174182442e-32;1,10383400655015e-27;0,83;0,241;19;All_Others;0,75
TAGLN2;3,99424203094556;8,63938919340732e-32;1,56908586530664e-27;1;0,773;19;All_Others;0,75
GNAS;3,03014233850133;1,2301295212342e-31;2,23416123646556e-27;1;0,911;19;All_Others;0,75
MTPN;3,19230207151471;1,27108528388685e-31;2,3085450925953e-27;0,979;0,499;19;All_Others;0,75
OAZ1;3,04059836173084;1,28777484159606e-31;2,33885666730676e-27;1;0,941;19;All_Others;0,75
FERMT3;3,71644900792408;4,2616098322951e-31;7,73993577741435e-27;0,979;0,495;19;All_Others;0,75
DAPP1;3,65368964923363;5,85868871537384e-31;1,0640550444862e-26;0,787;0,219;19;All_Others;0,75
YWHAH;4,14856274366635;6,71365262094899e-31;1,21933358901676e-26;0,894;0,331;19;All_Others;0,75
OST4;3,14793473376688;1,7955129668844e-30;3,26101065045545e-26;1;0,848;19;All_Others;0,75
TGFB1;4,00201691625571;2,06060348427854e-30;3,74246804814668e-26;1;0,778;19;All_Others;0,75
WBP2;3,67667582545834;4,72977616443322e-30;8,59021946984361e-26;0,894;0,337;19;All_Others;0,75
CALM3;3,51927052178127;4,93917582606226e-30;8,97053113529428e-26;1;0,633;19;All_Others;0,75
APP;3,3867274586795;2,17499272967373e-28;3,95022179563342e-24;0,809;0,243;19;All_Others;0,75
TMSB4X;2,27970910993218;2,22295756393184e-28;4,037335527613e-24;1;0,991;19;All_Others;0,75
MYL12A;2,61412209103663;2,63313344172575e-28;4,78229695686232e-24;1;0,916;19;All_Others;0,75
HLA-E;2,56833852321473;3,63211500522867e-28;6,59664727249632e-24;1;0,952;19;All_Others;0,75
TIMP1;3,14186408603657;4,00132559273755e-28;7,26720754152995e-24;0,936;0,451;19;All_Others;0,75
ADIPOR1;3,58590343813015;6,06297915936222e-28;1,10115827492337e-23;0,83;0,283;19;All_Others;0,75
SAT1;2,60015487037681;7,84675998177312e-28;1,42512854788963e-23;1;0,604;19;All_Others;0,75
PKM;2,68770093335793;9,02465183385061e-28;1,63905726606395e-23;0,979;0,743;19;All_Others;0,75
SH3BGRL3;2,32868204764423;1,074696621589e-26;1,95186400412994e-22;1;0,957;19;All_Others;0,75
ACTB;2,08294459678721;1,26814498570768e-26;2,30320492304228e-22;1;0,995;19;All_Others;0,75
FLNA;2,91902716425729;3,81596100522153e-26;6,93054837768334e-22;0,979;0,62;19;All_Others;0,75
H3-3A;2,26382804642938;5,66495162278683e-26;1,02886851373054e-21;0,979;0,883;19;All_Others;0,75
RAP1B;3,46754899718159;6,47700797348406e-26;1,17635418814417e-21;0,979;0,701;19;All_Others;0,75
NPTN;3,29924983331733;6,54381443093907e-26;1,18848757694715e-21;0,766;0,235;19;All_Others;0,75
PRDX6;3,54439529649571;7,52310232417288e-26;1,36634584411628e-21;0,915;0,482;19;All_Others;0,75
CYB5R3;3,66028258874655;1,1948356064665e-25;2,17006042846445e-21;0,809;0,295;19;All_Others;0,75
MYL6;2,70555159375484;1,96955451536872e-25;3,57710491081267e-21;1;0,945;19;All_Others;0,75
FTH1;1,97857018061307;2,21748225645345e-25;4,02739127417075e-21;1;0,981;19;All_Others;0,75
GLUL;3,07089184084836;3,56658371608237e-25;6,4776293451488e-21;0,787;0,247;19;All_Others;0,75
FKBP1A;2,56388281960769;8,07566049206352e-25;1,46670145856858e-20;0,957;0,614;19;All_Others;0,75
CD99;2,45512005322585;3,10413594079078e-24;5,63773169566422e-20;0,979;0,691;19;All_Others;0,75
YWHAZ;2,70014124227011;6,06437399903033e-24;1,10141160570389e-19;0,979;0,838;19;All_Others;0,75
SRGN;2,60764994939824;8,72277468898881e-24;1,58423033901415e-19;0,979;0,665;19;All_Others;0,75
CAPN1;3,43571016735081;1,01458384228474e-23;1,84268717435754e-19;0,766;0,263;19;All_Others;0,75
MYH9;2,51957545128071;1,06681617435964e-23;1,93755153587199e-19;0,957;0,73;19;All_Others;0,75
ITGB1;2,89938946157101;1,73709904476754e-23;3,1549192851068e-19;0,851;0,34;19;All_Others;0,75
LAMTOR1;2,64861799746298;3,9121819914471e-23;7,10530493286622e-19;0,915;0,516;19;All_Others;0,75
NAP1L1;2,78250795927629;5,5650343818816e-23;1,01072154443734e-18;0,957;0,621;19;All_Others;0,75
WDR1;2,60938256920184;8,52468808788241e-23;1,5482538505212e-18;0,957;0,58;19;All_Others;0,75
ARPC1B;2,28932130069554;1,91535332864325e-22;3,47866471548188e-18;0,957;0,581;19;All_Others;0,75
GPX4;2,25594199607757;1,96148911894733e-22;3,56245653783214e-18;1;0,765;19;All_Others;0,75
ITM2B;1,92606235354356;2,2664466995823e-22;4,11632049578138e-18;1;0,936;19;All_Others;0,75
ARF1;2,80273284702045;5,44100716875191e-22;9,88195721988721e-18;0,936;0,667;19;All_Others;0,75
ARPC5;2,11467743640615;6,83708189102872e-22;1,24175081304864e-17;0,957;0,77;19;All_Others;0,75
WIPF1;2,55724182339281;1,72042518254061e-21;3,12463621653026e-17;0,915;0,531;19;All_Others;0,75
ZYX;2,55336216938736;5,5564314211019e-21;1,00915907470053e-16;0,936;0,613;19;All_Others;0,75
SERF2;1,39290658959253;5,62625788821063e-21;1,02184095765681e-16;1;0,973;19;All_Others;0,75
R3HDM4;3,20556109857775;3,102755464115e-20;5,63522447392566e-16;0,83;0,396;19;All_Others;0,75
MKRN1;2,77886758598496;9,52935389139134e-20;1,7307212537545e-15;0,766;0,338;19;All_Others;0,75
DYNLL1;2,35924990288625;1,72042702811919e-19;3,12463956847008e-15;0,872;0,511;19;All_Others;0,75
HACD4;2,99904334973003;1,74336534715626e-19;3,1663001435052e-15;0,766;0,329;19;All_Others;0,75
CAPZA2;2,70512529586918;4,98362279069674e-19;9,05125571246343e-15;0,809;0,379;19;All_Others;0,75
RAB11A;3,24081998143987;5,12442702479734e-18;9,30698436243692e-14;0,766;0,353;19;All_Others;0,75
PLEKHO1;3,03881180777978;6,20796292602996e-18;1,12749022662556e-13;0,787;0,389;19;All_Others;0,75
RAB1B;3,06816773453137;3,4175784930611e-17;6,20700605909757e-13;0,766;0,375;19;All_Others;0,75
HMGB1;1,69927332613041;9,71671574037128e-17;1,76474991276623e-12;0,957;0,847;19;All_Others;0,75
TPM3;1,45777799710294;1,41536687500963e-16;2,57058931839249e-12;0,936;0,862;19;All_Others;0,75
UQCRH;1,64824108367232;5,11201751008878e-16;9,28444620182325e-12;0,957;0,757;19;All_Others;0,75
PTP4A2;1,81991174746613;2,50600669715057e-15;4,55140936336487e-11;0,915;0,72;19;All_Others;0,75
AP2S1;1,92162639778383;4,49731343198008e-15;8,16802065516222e-11;0,872;0,513;19;All_Others;0,75
PPDPF;1,64947165455336;1,24761554786994e-14;2,26591935804138e-10;0,979;0,89;19;All_Others;0,75
MSN;1,74156103373497;2,18141683658928e-14;3,96188925861345e-10;0,894;0,693;19;All_Others;0,75
ACTG1;1,0715891284493;2,58409363784871e-14;4,69323086506083e-10;1;0,973;19;All_Others;0,75
FKBP8;1,96193083492577;4,85217749786953e-14;8,81252477163064e-10;0,872;0,619;19;All_Others;0,75
CCND3;1,96521428645572;9,08789849610452e-14;1,6505441248625e-09;0,872;0,692;19;All_Others;0,75
AP2M1;2,05510248149933;9,13438117036494e-14;1,65898630816168e-09;0,787;0,478;19;All_Others;0,75
CD68;1,7137430408766;1,00885406790354e-13;1,83228075812641e-09;0,766;0,305;19;All_Others;0,75
SH3BGRL;2,18924814607859;1,9582229574598e-13;3,55652453533849e-09;0,894;0,616;19;All_Others;0,75
BIN2;2,03321045432081;2,23147198921957e-13;4,05279942682058e-09;0,851;0,586;19;All_Others;0,75
RHOA;1,15318908020901;4,15165479026249e-13;7,54023543007473e-09;1;0,906;19;All_Others;0,75
TALDO1;1,63360065732707;7,73929804581589e-13;1,40561131108108e-08;0,851;0,594;19;All_Others;0,75
PRKCB;2,10796878031463;1,04961972829417e-12;1,90631935052787e-08;0,766;0,458;19;All_Others;0,75
SOD2;1,9884773117181;8,0086776320417e-12;1,45453603153141e-07;0,766;0,519;19;All_Others;0,75
SQSTM1;1,98019201170434;1,21201537208647e-11;2,20126231878345e-07;0,809;0,572;19;All_Others;0,75
TSC22D3;1,46752980696563;1,47534305033243e-11;2,67951804801375e-07;0,936;0,74;19;All_Others;0,75
GABARAPL2;2,03509124911776;3,62550396694424e-11;6,58464030476413e-07;0,766;0,528;19;All_Others;0,75
GAPDH;0,971267747380502;1,50052522865434e-10;2,725253920282e-06;0,957;0,929;19;All_Others;0,75
MBNL1;1,49932145104052;2,29914008362641e-10;4,17569821988229e-06;0,894;0,788;19;All_Others;0,75
ARL6IP5;1,37013098325206;3,69724926761004e-10;6,71494411983335e-06;0,851;0,721;19;All_Others;0,75
CALM1;1,03457301752272;5,95138354276574e-10;1,08089027903711e-05;1;0,905;19;All_Others;0,75
RAC1;1,54574588069109;7,63816827671038e-10;1,38724412241614e-05;0,83;0,643;19;All_Others;0,75
CAPZB;1,42881729102337;5,57431281648592e-09;0,000101240669373017;0,83;0,783;19;All_Others;0,75
MTRNR2L1;1,04654060323055;1,20122594277064e-08;0,000218166655726003;0,936;0,939;19;All_Others;0,75
TRAPPC1;1,72508135696487;2,1741122677285e-08;0,00039486227006485;0,766;0,616;19;All_Others;0,75
MT-ND2;0,785349806213149;3,13948768189747e-08;0,000570193752786219;1;0,985;19;All_Others;0,75
TUBA1B;1,62352462707479;9,71086965116891e-08;0,0017636881460453;0,787;0,655;19;All_Others;0,75
MTRNR2L12;0,826419956747288;9,80479096174634e-08;0,00178074613447237;1;0,999;19;All_Others;0,75
B2M;0,508838698254816;5,43872249398753e-07;0,00987780779358016;1;0,997;19;All_Others;0,75
EIF4G2;1,11573413366747;6,121747145479e-07;0,011118317165619;0,83;0,683;19;All_Others;0,75
BRK1;1,24690654242181;6,90700680534248e-07;0,012544505759863;0,787;0,638;19;All_Others;0,75
IGHV3-33;9,47765567893252;0;0;1;0,004;20;All_Others;0,75
TCL1A;3,78410931709199;1,00050808638329e-90;1,81712278648933e-86;0,886;0,075;20;All_Others;0,75
MS4A1;3,39484446187586;7,51668149602797e-87;1,3651796933086e-82;1;0,097;20;All_Others;0,75
IGHM;3,35579208214779;3,12662430440988e-83;5,67857506166922e-79;0,955;0,095;20;All_Others;0,75
FCER2;3,54032465806838;4,15189746200105e-80;7,5406761704863e-76;0,864;0,08;20;All_Others;0,75
BANK1;3,24712616849734;8,07198032222432e-79;1,46603306612238e-74;0,977;0,101;20;All_Others;0,75
CD79A;3,3417850843323;9,40704387321455e-71;1,70850730825323e-66;1;0,125;20;All_Others;0,75
NIBAN3;3,17579254958888;1,6602592563319e-60;3,01536286135001e-56;0,864;0,105;20;All_Others;0,75
CD79B;3,24157546664099;8,60899885351191e-56;1,56356637177483e-51;0,977;0,156;20;All_Others;0,75
AFF3;2,96645366359304;1,24888309935882e-47;2,26822148505549e-43;0,864;0,137;20;All_Others;0,75
PLPP5;3,2942783899218;2,253008361694e-43;4,09191378650865e-39;0,795;0,132;20;All_Others;0,75
HLA-DQB1;2,8702693609768;4,78923977796122e-40;8,69821728473317e-36;1;0,259;20;All_Others;0,75
RALGPS2;2,87637851111273;2,29883229210687e-39;4,1751392089245e-35;0,795;0,139;20;All_Others;0,75
NAA35;3,16986207978036;8,26441618229807e-38;1,50098326702898e-33;0,795;0,155;20;All_Others;0,75
HVCN1;2,82506230796685;2,09604890458479e-33;3,80684402050689e-29;0,886;0,231;20;All_Others;0,75
HLA-DRB1;2,27057085772765;2,48146831936194e-28;4,50684276162516e-24;1;0,422;20;All_Others;0,75
HLA-DQA1;2,45999696565767;4,57325735722538e-28;8,30595001219273e-24;0,977;0,372;20;All_Others;0,75
HLA-DPA1;2,14924169889056;1,46437463432684e-26;2,65959721086442e-22;1;0,429;20;All_Others;0,75
HLA-DMA;2,30473905054781;2,16014371686286e-26;3,92325301856633e-22;0,932;0,302;20;All_Others;0,75
HLA-DPB1;2,23607533732666;5,15034581499147e-26;9,3540580691875e-22;1;0,434;20;All_Others;0,75
CD74;2,6305001541333;8,07313518837928e-26;1,46624281291344e-21;1;0,876;20;All_Others;0,75
HLA-DRA;2,15004986870343;8,57339479086145e-26;1,55709996191626e-21;0,932;0,284;20;All_Others;0,75
CD37;2,06588128114445;1,28072323006168e-25;2,32604953043802e-21;1;0,913;20;All_Others;0,75
HLA-DMB;2,42652686145354;1,61541027233656e-23;2,93390813661765e-19;0,795;0,237;20;All_Others;0,75
MEF2C;2,08144387516115;4,20155191036614e-21;7,63085857960699e-17;0,864;0,299;20;All_Others;0,75
STX7;2,22931194657091;1,09559109313437e-18;1,98981254335064e-14;0,773;0,263;20;All_Others;0,75
LAPTM5;1,04339664259968;4,461575365957e-16;8,1031131796511e-12;1;0,937;20;All_Others;0,75
POLD4;1,85891710654203;8,77339423755314e-16;1,5934238614244e-11;0,864;0,449;20;All_Others;0,75
CD52;1,00449765917167;1,15537082977772e-15;2,09838450104229e-11;1;0,897;20;All_Others;0,75
FCMR;1,75099777178179;1,70334685371691e-15;3,09361855572064e-11;0,955;0,497;20;All_Others;0,75
SNX2;2,09810949459328;4,83902815822667e-15;8,78864294097128e-11;0,795;0,397;20;All_Others;0,75
RPL18A;0,747575643848884;1,04222096535991e-14;1,89288171728667e-10;1;0,98;20;All_Others;0,75
CXCR4;1,8912414870656;1,64474185112994e-13;2,98718015002221e-09;0,75;0,321;20;All_Others;0,75
LTB;1,09917780357812;1,11923759381465e-12;2,03275931788617e-08;1;0,634;20;All_Others;0,75
ISG20;1,56135397002187;2,50413999127714e-12;4,54801905215755e-08;0,818;0,432;20;All_Others;0,75
BTG1;0,92412823443938;8,58700752372714e-12;1,55957230645932e-07;1;0,927;20;All_Others;0,75
RPL8;0,58844961575316;4,4847430601264e-10;8,14519034580157e-06;1;0,982;20;All_Others;0,75
SMAP2;1,05286764423098;5,44993933921435e-09;9,89817982788111e-05;0,909;0,74;20;All_Others;0,75
PTPN6;1,14149192109393;6,44143669402459e-09;0,000116989373236875;0,864;0,641;20;All_Others;0,75
EZR;1,30289377988996;9,61337925886428e-09;0,000174598194099493;0,773;0,483;20;All_Others;0,75
PRKCB;1,18755300655809;1,04177786350225e-08;0,000189207695569278;0,795;0,458;20;All_Others;0,75
SNX3;1,24109839629337;2,13632026709456e-08;0,000387998486909713;0,841;0,597;20;All_Others;0,75
ZFP36L1;0,975118119886829;3,48974160240505e-08;0,000633806869828804;0,909;0,736;20;All_Others;0,75
SYNGR2;1,35026189164826;6,30049497193554e-08;0,00114429589680293;0,773;0,469;20;All_Others;0,75
RPS23;0,522880435880929;7,92428271139485e-08;0,00143920822604353;1;0,981;20;All_Others;0,75
LIMD2;0,765582459937029;8,18597233107471e-08;0,00148673629476979;1;0,897;20;All_Others;0,75
RPS5;0,673406982246191;2,27353259069662e-07;0,0041291898912232;1;0,93;20;All_Others;0,75
UCP2;0,847660445049202;5,91256087251641e-07;0,0107383930566643;0,932;0,713;20;All_Others;0,75
GDI2;0,98005714065764;8,30063358284947e-07;0,0150756107131712;0,818;0,657;20;All_Others;0,75
MTRNR2L12;0,536608483878084;1,46615776095339e-06;0,0266283572544355;1;0,999;20;All_Others;0,75
SELL;0,846681754249594;1,86314466947195e-06;0,0338384334869495;0,955;0,715;20;All_Others;0,75
RPL13A;0,508400617745692;2,17673338148683e-06;0,0395338316745639;1;0,951;20;All_Others;0,75
RPS2P5;0,559010843353397;2,59981694041019e-06;0,0472178752717299;1;0,886;20;All_Others;0,75
IGHV4-34;10,3405919559072;0;0;1;0,005;21;All_Others;0,75
TCL1A;3,43835244450173;1,16459371518755e-86;2,11513510552363e-82;0,925;0,075;21;All_Others;0,75
FCER2;3,79792735556262;2,02084850207228e-85;3,67026504946368e-81;0,925;0,08;21;All_Others;0,75
MS4A1;3,38466396834857;4,46126629962232e-80;8,10255185337406e-76;1;0,098;21;All_Others;0,75
IGHM;3,38165342880224;5,2328330956112e-79;9,50387146824906e-75;0,975;0,095;21;All_Others;0,75
BANK1;3,30176550847261;4,13333633638613e-73;7,50696545414449e-69;0,975;0,101;21;All_Others;0,75
FCRLA;3,52108966773345;1,03365916739877e-69;1,87733177982964e-65;0,75;0,062;21;All_Others;0,75
FCRL1;3,42208093114442;2,77513060602234e-66;5,04019220665777e-62;0,775;0,07;21;All_Others;0,75
CD19;3,54654808631313;1,47129486719417e-65;2,67216573779806e-61;0,75;0,066;21;All_Others;0,75
CD79A;3,34142250176312;1,55162312814612e-64;2,81805792533897e-60;1;0,126;21;All_Others;0,75
CD79B;3,02296572314195;5,20104141939597e-52;9,44613142590695e-48;1;0,157;21;All_Others;0,75
NIBAN3;3,06299508912703;9,07200694114342e-49;1,64765790065047e-44;0,825;0,106;21;All_Others;0,75
SWAP70;3,11951651265693;2,23753837599903e-41;4,06381719848943e-37;0,875;0,149;21;All_Others;0,75
PLPP5;3,31936106123977;3,17345940747482e-41;5,76363697585577e-37;0,825;0,132;21;All_Others;0,75
RALGPS2;3,01866232717463;6,87996872597343e-39;1,24953992001129e-34;0,825;0,139;21;All_Others;0,75
HLA-DQB1;2,94696179590714;7,91821831021304e-37;1,43810680950089e-32;1;0,259;21;All_Others;0,75
HLA-DQA1;2,56511664333497;1,57195699133346e-28;2,85498828765983e-24;1;0,372;21;All_Others;0,75
HLA-DRB1;2,32501753429474;1,85496660999022e-26;3,36899035706424e-22;1;0,422;21;All_Others;0,75
HVCN1;2,77227202700319;3,56043142155003e-25;6,46645554781917e-21;0,825;0,232;21;All_Others;0,75
HLA-DMB;2,28372519318182;1,21304634426061e-24;2,20313477044611e-20;0,875;0,237;21;All_Others;0,75
CYB561A3;2,65311378228227;1,54433894635601e-24;2,80482839437179e-20;0,775;0,199;21;All_Others;0,75
HLA-DPB1;2,25568617023758;2,41124142914651e-24;4,3792966836159e-20;1;0,434;21;All_Others;0,75
HLA-DMA;2,3252961669601;2,82861006562994e-24;5,1373216011971e-20;0,925;0,302;21;All_Others;0,75
CD37;2,03782121828904;1,61362918280151e-23;2,9306733218041e-19;1;0,913;21;All_Others;0,75
HLA-DPA1;2,08004099479287;4,25937198286209e-23;7,73587139527413e-19;1;0,429;21;All_Others;0,75
CD74;2,57444403200491;4,94811955074434e-23;8,98677472806187e-19;1;0,876;21;All_Others;0,75
HLA-DRB3;1,98992479757466;4,04681317182081e-21;7,34982208266095e-17;0,85;0,246;21;All_Others;0,75
MEF2C;2,01279893746519;2,25288391946307e-20;4,09168777452882e-16;0,9;0,299;21;All_Others;0,75
ZCCHC7;1,93392870950697;4,63165514097698e-19;8,41201206704239e-15;0,85;0,273;21;All_Others;0,75
FCMR;1,78653106102778;1,87020922092695e-18;3,39667398704753e-14;0,975;0,497;21;All_Others;0,75
ADK;2,27208284058264;2,27031342726915e-18;4,12334324660623e-14;0,775;0,248;21;All_Others;0,75
LAPTM5;1,16433215805414;3,82534834755158e-17;6,94759766882317e-13;1;0,937;21;All_Others;0,75
HLA-DRA;1,80980498797355;1,07375666468915e-16;1,95015685440843e-12;0,85;0,284;21;All_Others;0,75
CXCR4;1,78540317535666;2,25492230813788e-14;4,09538989604002e-10;0,8;0,321;21;All_Others;0,75
NAPSB;1,32669958567357;3,54428940631456e-14;6,4371384197485e-10;0,85;0,283;21;All_Others;0,75
SYPL1;1,82232019806157;6,64569592557813e-14;1,2069912940035e-09;0,75;0,303;21;All_Others;0,75
SNX2;1,83658780981753;1,21138478005432e-13;2,20011703753465e-09;0,825;0,398;21;All_Others;0,75
POLD4;1,6520664156987;1,65942322948686e-13;3,01384446939404e-09;0,875;0,449;21;All_Others;0,75
CD52;0,991604033647972;1,55555173584463e-12;2,82519306264102e-08;1;0,897;21;All_Others;0,75
LTB;1,20878677939074;3,1626414181204e-11;5,74398934359027e-07;1;0,634;21;All_Others;0,75
RPL18A;0,716098031642881;3,17273415009968e-11;5,76231976341104e-07;1;0,98;21;All_Others;0,75
RPL22L1;1,4505727012482;1,55442295029349e-10;2,82314296232304e-06;0,825;0,436;21;All_Others;0,75
ELOVL5;1,43234002925842;2,10985133572657e-10;3,83191199594659e-06;0,75;0,315;21;All_Others;0,75
RPL8;0,552942484258097;7,24369978674539e-10;1,3156007552687e-05;1;0,982;21;All_Others;0,75
EZR;1,34829077725703;9,45618193495723e-10;1,71743176302693e-05;0,85;0,483;21;All_Others;0,75
SYNGR2;1,43242236328068;6,25860679089438e-09;0,000113668816536224;0,775;0,47;21;All_Others;0,75
ZFP36L1;1,19092760596708;1,41896679734975e-08;0,000257712749734662;0,925;0,736;21;All_Others;0,75
SP100;1,14332099871492;2,23207925569431e-08;0,000405390234419201;0,825;0,524;21;All_Others;0,75
SEC62;1,0417246380115;2,72778984946202e-08;0,000495421192459293;0,875;0,605;21;All_Others;0,75
ISG20;1,31928490062486;3,09660265270216e-08;0,000562404973783767;0,75;0,432;21;All_Others;0,75
LIMD2;0,633323675313417;9,62639779269184e-08;0,00174834636710869;0,975;0,897;21;All_Others;0,75
RPS5;0,688056289314058;1,01999321758668e-07;0,00185251168178093;1;0,93;21;All_Others;0,75
BTG1;0,721790646456422;1,36784599524164e-07;0,00248428189655787;1;0,927;21;All_Others;0,75
RPS23;0,532305011453278;1,64090180942607e-07;0,00298020586627963;1;0,981;21;All_Others;0,75
MT-ND4L;0,601507769301126;3,2288699392356e-07;0,00586427358363969;1;0,941;21;All_Others;0,75
PRKCB;1,22768185194611;9,58932347428228e-07;0,0174161292939915;0,75;0,458;21;All_Others;0,75
SNX3;1,00468651203504;1,23661960676773e-06;0,0224594852981156;0,8;0,598;21;All_Others;0,75
MTRNR2L12;0,521796601103565;2,68426356804895e-06;0,0487515949229051;1;0,999;21;All_Others;0,75
IGKV4-1;10,6062972805573;0;0;1;0,007;22;All_Others;0,75
IGKC;4,56330427476649;7,19275962708676e-77;1,3063490034715e-72;0,833;0,054;22;All_Others;0,75
MS4A1;3,32117643167996;5,21103319441575e-56;9,46427848769789e-52;0,967;0,099;22;All_Others;0,75
CD79A;3,37425259532518;2,51701520041438e-49;4,57140300699261e-45;1;0,127;22;All_Others;0,75
BANK1;3,14075520445821;2,74952803146895e-46;4,99369281075391e-42;0,9;0,102;22;All_Others;0,75
IGHM;2,97699776235509;4,52700018181953e-41;8,22193773022063e-37;0,833;0,097;22;All_Others;0,75
FCER2;3,07181429963666;6,3139855807485e-41;1,14674606117554e-36;0,767;0,081;22;All_Others;0,75
CD79B;3,19825856962415;1,33798794717343e-40;2,43005370965639e-36;1;0,157;22;All_Others;0,75
NIBAN3;2,62725022726893;3,49573217448111e-36;6,3489487752926e-32;0,833;0,107;22;All_Others;0,75
AFF3;2,98538195053024;7,25507545834506e-30;1,31766680474463e-25;0,833;0,138;22;All_Others;0,75
SWAP70;2,69027079972672;6,56689590393624e-27;1,1926796340729e-22;0,833;0,15;22;All_Others;0,75
RALGPS2;3,04516106146846;1,16053087769859e-25;2,10775618007619e-21;0,767;0,14;22;All_Others;0,75
CXXC5;2,52925329340897;1,47540290154135e-24;2,6796267497794e-20;0,833;0,158;22;All_Others;0,75
HLA-DQB1;2,47451030084459;3,23923896574792e-21;5,88310580959137e-17;0,933;0,26;22;All_Others;0,75
HLA-DQA1;2,3338806085333;2,42919062138282e-20;4,41189600655548e-16;1;0,373;22;All_Others;0,75
HLA-DRB1;2,03258452639334;7,20193843007466e-18;1,30801605767016e-13;1;0,423;22;All_Others;0,75
SNX2;2,04074490942329;1,3052870120954e-16;2,37066227136766e-12;0,967;0,398;22;All_Others;0,75
HLA-DPB1;1,87625831049077;2,55987347785507e-16;4,64924221048038e-12;1;0,435;22;All_Others;0,75
HLA-DPA1;1,88497833987783;4,73388383087485e-16;8,59767981363491e-12;1;0,43;22;All_Others;0,75
CD74;2,33454216044899;6,31488277615451e-16;1,14690900980518e-11;1;0,876;22;All_Others;0,75
CD37;1,75569156539173;4,40383021388652e-15;7,9982364344607e-11;1;0,913;22;All_Others;0,75
HVCN1;1,96476087237029;8,10997207657007e-15;1,47293312854666e-10;0,8;0,233;22;All_Others;0,75
HLA-DRA;1,50451686466146;2,83909518198592e-13;5,15636466952282e-09;0,9;0,285;22;All_Others;0,75
HLA-DMA;1,60879735348703;5,75401430003894e-13;1,04504407717307e-08;0,9;0,303;22;All_Others;0,75
ALOX5;1,77290881762685;8,90294771049381e-12;1,61695336317989e-07;0,767;0,24;22;All_Others;0,75
HLA-DRB3;1,63607309663568;2,18445566397962e-11;3,96740837691978e-07;0,767;0,247;22;All_Others;0,75
EZR;1,47748324410426;1,62698107802168e-10;2,95492303390298e-06;0,933;0,483;22;All_Others;0,75
SH3BP5;1,6132796788383;3,87669625060354e-10;7,04085573034614e-06;0,767;0,282;22;All_Others;0,75
SYPL1;1,59902795116243;8,8467423726402e-10;1,60674534971891e-05;0,767;0,303;22;All_Others;0,75
CD52;1,00576043992394;1,99451584207696e-09;3,62243967238018e-05;1;0,897;22;All_Others;0,75
FCMR;1,47831864681898;2,8597691841943e-09;5,19391279233369e-05;0,967;0,498;22;All_Others;0,75
PRKCB;1,64652603543248;3,43150611756539e-09;6,23230141072227e-05;0,833;0,458;22;All_Others;0,75
MBD4;1,55365689784487;4,15940006189746e-09;7,55430239241816e-05;0,767;0,317;22;All_Others;0,75
MT-ND4L;0,859536648595603;1,07927476359231e-08;0,000196017882563636;1;0,941;22;All_Others;0,75
CD81;1,24451322148243;2,31347751167117e-08;0,000420173785669717;0,933;0,505;22;All_Others;0,75
LTB;1,07337040807551;2,83680761119231e-08;0,000515220998344747;0,967;0,635;22;All_Others;0,75
SYNGR2;1,16764629702506;1,74134970954998e-07;0,00316263934248468;0,867;0,47;22;All_Others;0,75
PLCG2;1,06662514774886;2,77041927963426e-07;0,00503163549567175;0,9;0,45;22;All_Others;0,75
POLD4;1,49896245780011;3,22464852905856e-07;0,00585660665847615;0,833;0,45;22;All_Others;0,75
RPL18A;0,63630852302141;4,19062442427185e-07;0,00761101207936253;1;0,98;22;All_Others;0,75
PTPRCAP;1,07043749366946;5,16782826733169e-07;0,00938580969912781;0,833;0,338;22;All_Others;0,75
RPS5;0,725295995954153;2,06055724195473e-06;0,0374238406283819;1;0,93;22;All_Others;0,75
MT-ATP8;1,00857411630344;2,30901297519601e-06;0,0419362936555099;0,867;0,539;22;All_Others;0,75
RPS19;0,559426197995736;2,34013631333926e-06;0,0425015557228676;1;0,979;22;All_Others;0,75
SNX3;1,2422008082763;2,60515328585584e-06;0,0473147939777138;0,9;0,598;22;All_Others;0,75
