TCR_highlight_aa_all	nbCell_byClone_Clust0	nbCell_byClone_Clust1	nbCell_byClone_Clust2	nbCell_byClone_Clust3	nbCell_byClone_Clust4	nbCell_byClone_Clust5	nbCell_byClone_Clust6	nbCell_byClone_Clust7	nbCell_byClone_Clust8	nbCell_byClone_Clust9	nbCell_byClone_Clust10	nbCell_byClone_Clust11	nbCell_byClone_Clust12	nbCell_byClone_Clust13	nbCell_byClone_Clust14	nbCell_byClone_Clust15	nbCell_byClone_Clust16	nbCell_byClone_Clust17	nbCell_byClone_Clust18	nbCell_byClone_Clust19	nbCell_byClone_Clust20	nbCell_byClone_Clust21	nbCell_byClone_Clust22	nbCell_byClone_Clust23	nbCell_byClone_Clust24
CAAADDKIIF_CASSYQWGAFF	0	0	0	1	0	0	0	0	0	0	0	0	0	0	0	0	0	0	0	0	0	0	0	0	0
CAAAEGSNYQLIW_CATTDGRDEQFF	0	0	0	0	0	0	0	0	1	0	0	0	0	0	0	0	0	0	0	0	0	0	0	0	0
CAAAGLAGNTGKLIF_CASSPPAEPQHF	0	0	0	1	0	0	0	0	0	0	0	0	0	0	0	0	0	0	0	0	0	0	0	0	0
CAAAGYGGGSQGNLIF_CASSLDRGKGQPQHF	0	0	0	0	0	0	0	0	0	1	0	0	0	0	0	0	0	0	0	0	0	0	0	0	0
CAAANSGYSTLTF_CASRSGPNTEAFF	0	0	0	0	0	0	0	0	0	0	0	1	0	0	0	0	0	0	0	0	0	0	0	0	0
CAAAPAYSGAGSYQLTF_CASSLARRPDYEQYF	0	0	0	0	0	1	0	0	0	0	0	0	0	0	0	0	0	0	0	0	0	0	0	0	0
CAAAYNFNKFYF_CASSPDRDGTEAFF	0	1	0	0	0	0	0	0	0	0	0	0	0	0	0	0	0	0	0	0	0	0	0	0	0
CAAAYNTDKLIF_CASSERGLAGGGFIGSYNEQFF	0	1	0	0	0	0	0	0	0	0	0	0	0	0	0	0	0	0	0	0	0	0	0	0	0
CAADDGSSNTGKLIF_CASSRGTEAFF	0	0	0	1	0	0	0	0	0	0	0	0	0	0	0	0	0	0	0	0	0	0	0	0	0
CAADFTGNQFYF_CAWSVRSPNQPQHF	0	0	0	0	0	0	0	0	1	0	0	0	0	0	0	0	0	0	0	0	0	0	0	0	0
CAADNTDKLIF_CASSPLDRRTDTQYF	0	0	0	1	0	0	0	0	0	0	0	0	0	0	0	0	0	0	0	0	0	0	0	0	0
CAADPSSGSARQLTF_CASSFLQGPLIEETQYF	0	0	0	0	0	0	0	0	1	0	0	0	0	0	0	0	0	0	0	0	0	0	0	0	0
CAADSGAGSYQLTF_CASSPNPDSVGYTF	0	0	0	0	0	0	0	0	0	0	1	0	0	0	0	0	0	0	0	0	0	0	0	0	0
CAADSGGGADGLTF_CASSTSQGVWAYEQYF	0	0	0	0	0	0	0	0	0	0	0	0	1	0	0	0	0	0	0	0	0	0	0	0	0
CAADSNNARLMF_CASRTRDHPGYNEQFF	0	0	0	0	0	0	0	0	0	0	0	1	0	0	0	0	0	0	0	0	0	0	0	0	0
CAADSYNNAGNMLTF_NA	0	0	0	1	0	0	0	0	0	0	0	0	0	0	0	0	0	0	0	0	0	0	0	0	0
CAADTDKLIF_CASSPLAGDYNEQFF	0	1	0	0	0	0	0	0	0	0	0	0	0	0	0	0	0	0	0	0	0	0	0	0	0
CAAEGATNKLIF_CASSGRKTEIQETQYF	0	1	0	0	0	0	0	0	0	0	0	0	0	0	0	0	0	0	0	0	0	0	0	0	0
CAAEGYQKVTF_CSVGRGRTNEAFF	0	1	0	0	0	0	0	0	0	0	0	0	0	0	0	0	0	0	0	0	0	0	0	0	0
CAAEMYSGGGADGLTF_CASSYSREVYEQYF	0	0	0	0	0	1	0	0	0	0	0	0	0	0	0	0	0	0	0	0	0	0	0	0	0
CAAEPGSARQLTF_CASGFGGLAGRDTQYF	0	1	0	0	0	0	0	0	0	0	0	0	0	0	0	0	0	0	0	0	0	0	0	0	0
CAAESGGSYIPTF_CASSSGQGIRSYEQYF	0	0	0	1	0	0	0	0	0	0	0	0	0	0	0	0	0	0	0	0	0	0	0	0	0
CAAESNYQLIW_CSARDRMSYEQYF	0	0	0	0	0	0	0	1	0	0	0	0	0	0	0	0	0	0	0	0	0	0	0	0	0
CAAESSGSARQLTF_CASSPQGTYEQYF	0	1	0	0	0	0	0	0	0	0	0	0	0	0	0	0	0	0	0	0	0	0	0	0	0
CAAEYYGGSQGNLIF_NA	0	1	0	0	0	0	0	0	0	0	0	0	0	0	0	0	0	0	0	0	0	0	0	0	0
CAAFFQKLVF_CASSLPGTKGEQFF	0	0	0	0	0	1	0	0	0	0	0	0	0	0	0	0	0	0	0	0	0	0	0	0	0
CAAFLTSGTYKYIF_CASRPDPGANYGYTF	0	0	0	0	0	0	0	0	0	0	0	1	0	0	0	0	0	0	0	0	0	0	0	0	0
CAAFMKTSYDKVIF_CASGLVNGQDRNYGYTF	0	1	0	0	0	0	0	0	0	0	0	0	0	0	0	0	0	0	0	0	0	0	0	0	0
CAAFNTGTASKLTF_CASAPGSTGNTIYF	0	1	0	0	0	0	0	0	0	0	0	0	0	0	0	0	0	0	0	0	0	0	0	0	0
CAAFYGGATNKLIF_CASSPIWGGAFF	0	1	0	0	0	0	0	0	0	0	0	0	0	0	0	0	0	0	0	0	0	0	0	0	0
CAAFYGGSQGNLIF_CATSPRRQGPPNYGYTF	0	0	0	1	0	0	0	0	0	0	0	0	0	0	0	0	0	0	0	0	0	0	0	0	0
CAAFYSGSARQLTF_CASSRMGSGEDTQYF	0	1	0	0	0	0	0	0	0	0	0	0	0	0	0	0	0	0	0	0	0	0	0	0	0
CAAGAGYSTLTF_CASSIIPTGGNTIYF	0	0	0	1	0	0	0	0	0	0	0	0	0	0	0	0	0	0	0	0	0	0	0	0	0
CAAGDDKIIF_CASSFPGGSSYEQYF	0	0	0	1	0	0	0	0	0	0	0	0	0	0	0	0	0	0	0	0	0	0	0	0	0
CAAGGAGFQKLVF_CASSLYSQNYRGEKLFF	0	0	0	0	0	0	0	0	0	0	1	0	0	0	0	0	0	0	0	0	0	0	0	0	0
CAAGGATNKLIF_CASSRSWENTEAFF	0	0	0	0	0	0	0	0	0	0	1	0	0	0	0	0	0	0	0	0	0	0	0	0	0
CAAGGATNKLIF_CASTPLRGQGSQPQHF	0	1	0	0	0	0	0	0	0	0	0	0	0	0	0	0	0	0	0	0	0	0	0	0	0
CAAGGATNKLIF_NA	0	0	0	0	0	0	0	0	0	1	0	0	0	0	0	0	0	0	0	0	0	0	0	0	0
CAAGGSNYKLTF_CASSLSAFSDTQYF	0	0	0	0	0	0	0	0	0	0	1	0	0	0	0	0	0	0	0	0	0	0	0	0	0
CAAGGTGRRALTF_CASSQDFLETWSSYEQYF	0	1	0	0	0	0	0	0	0	0	0	0	0	0	0	0	0	0	0	0	0	0	0	0	0
CAAGISGTYKYIF_CATSEPPGRRNTGELFF	0	1	0	0	0	0	0	0	0	0	0	0	0	0	0	0	0	0	0	0	0	0	0	0	0
CAAGISGYSTLTF_CASSPRPGVGTSGRPRDEQFF	0	1	0	0	0	0	0	0	0	0	0	0	0	0	0	0	0	0	0	0	0	0	0	0	0
CAAGLYGNKLVF_NA	0	1	0	0	0	0	0	0	0	0	0	0	0	0	0	0	0	0	0	0	0	0	0	0	0
CAAGNDYKLSF_CASSLAGVTSTDTQYF	0	0	0	0	0	0	0	0	0	0	1	0	0	0	0	0	0	0	0	0	0	0	0	0	0
CAAGNRDDKIIF_CASSARTGGNYGYTF	0	1	0	0	0	0	0	0	0	0	0	0	0	0	0	0	0	0	0	0	0	0	0	0	0
CAAGPTSGTYKYIF_CASSSGGGVNSPLHF	0	0	0	1	0	0	0	0	0	0	0	0	0	0	0	0	0	0	0	0	0	0	0	0	0
CAAGRGNTPLVF_CASSVDSVGELFF	0	0	0	0	0	0	0	0	1	0	0	0	0	0	0	0	0	0	0	0	0	0	0	0	0
CAAGRGSGTYKYIF_CASSLLGGENTEAFF	0	0	0	0	0	0	0	0	0	0	0	1	0	0	0	0	0	0	0	0	0	0	0	0	0
CAAGRGSTLGRLYF_CASSLASGTYNEQFF	0	0	0	0	0	1	0	0	0	0	0	0	0	0	0	0	0	0	0	0	0	0	0	0	0
CAAGRTGNQFYF_CASSLWTGRNYGYTF	0	0	0	0	0	0	0	0	1	0	0	0	0	0	0	0	0	0	0	0	0	0	0	0	0
CAAGSGNTGKLIF_CASSIGGSPFDEQFF	0	0	0	0	0	0	0	0	0	0	0	0	1	0	0	0	0	0	0	0	0	0	0	0	0
CAAGSSGSARQLTF_CASSSYLNTEAFF	0	1	0	0	0	0	0	0	0	0	0	0	0	0	0	0	0	0	0	0	0	0	0	0	0
CAAGVSGSARQLTF_CASKRDTLGIYEQYF	0	1	0	0	0	0	0	0	0	0	0	0	0	0	0	0	0	0	0	0	0	0	0	0	0
CAAGYNDYKLSF_CASSSRTGGRGDEQFF	0	0	0	0	0	0	0	0	1	0	0	0	0	0	0	0	0	0	0	0	0	0	0	0	0
CAAGYSTLTF_CASSTEPGPGELFF	0	1	0	0	0	0	0	0	0	0	0	0	0	0	0	0	0	0	0	0	0	0	0	0	0
CAAHGGSQGNLIF_CASSYSLTFEAFF	0	0	0	1	0	0	0	0	0	0	0	0	0	0	0	0	0	0	0	0	0	0	0	0	0
CAAHNTDKLIF_CASRPGPSTDTQYF	0	0	0	0	0	0	0	0	0	0	0	1	0	0	0	0	0	0	0	0	0	0	0	0	0
CAAHSGNTPLVF_CASSRLEGGANNEQFF	0	0	0	0	0	1	0	0	0	0	0	0	0	0	0	0	0	0	0	0	0	0	0	0	0
CAAHYGGSQGNLIF_CASSVDGNEQFF	0	0	0	1	0	0	0	0	0	0	0	0	0	0	0	0	0	0	0	0	0	0	0	0	0
CAAIETSGSRLTF_CASSPSDRVNSPLHF	0	0	0	0	0	0	0	0	1	0	0	0	0	0	0	0	0	0	0	0	0	0	0	0	0
CAAIHNFGNEKLTF_CSARHPPQYEQYF	0	0	0	0	0	0	0	1	0	0	0	0	0	0	0	0	0	0	0	0	0	0	0	0	0
CAAILGFQKLVF_CASSFQPSGGAYTGELFF	0	0	0	0	0	0	0	0	1	0	0	0	0	0	0	0	0	0	0	0	0	0	0	0	0
CAAILSGTYKYIF_CASSRGGSGNTIYF	0	0	0	0	0	0	0	0	0	0	0	0	0	0	0	1	0	0	0	0	0	0	0	0	0
CAAINNAGNMLTF_CASSRRQTTNTEAFF	0	1	0	0	0	0	0	0	0	0	0	0	0	0	0	0	0	0	0	0	0	0	0	0	0
CAAIPDKLIF_CASSTRGAGTEAFF	0	0	0	1	0	0	0	0	0	0	0	0	0	0	0	0	0	0	0	0	0	0	0	0	0
CAAIPIGFGNVLHC_CSARDGGGTLAYEQYF	0	0	0	0	0	0	0	1	0	0	0	0	0	0	0	0	0	0	0	0	0	0	0	0	0
CAAIPLNTGFQKLVF_CASSSTYTEAFF	0	0	0	1	0	0	0	0	0	0	0	0	0	0	0	0	0	0	0	0	0	0	0	0	0
CAAIPNNAGNMLTF_CASRTGTGGFGYTF	0	1	0	0	0	0	0	0	0	0	0	0	0	0	0	0	0	0	0	0	0	0	0	0	0
CAAIPPNDYKLSF_CASSSGGANQPQHF	0	0	0	1	0	0	0	0	0	0	0	0	0	0	0	0	0	0	0	0	0	0	0	0	0
CAAIRGSNYQLIW_CASSTSLTGYNEQFF	0	1	0	0	0	0	0	0	0	0	0	0	0	0	0	0	0	0	0	0	0	0	0	0	0
CAAIRSGGSYIPTF_CSVSEADTQYF	0	0	0	1	0	0	0	0	0	0	0	0	0	0	0	0	0	0	0	0	0	0	0	0	0
CAAISNSGYALNF_CASSLHLQDLNTEAFF	0	0	0	0	0	0	0	0	0	0	1	0	0	0	0	0	0	0	0	0	0	0	0	0	0
CAAISPGNTPLVF_CASSPGTGGYEQYF	0	1	0	0	0	0	0	0	0	0	0	0	0	0	0	0	0	0	0	0	0	0	0	0	0
CAAITGGGADGLTF_CASSLTHTEKLFF	0	0	0	0	0	0	0	0	0	0	0	0	1	0	0	0	0	0	0	0	0	0	0	0	0
CAAIWGGGSYIPTF_CASSQGAYNEQFF	0	1	0	0	0	0	0	0	0	0	0	0	0	0	0	0	0	0	0	0	0	0	0	0	0
CAAKADNTGKLIF_CASSLWTGNYGYTF	0	1	0	0	0	0	0	0	0	0	0	0	0	0	0	0	0	0	0	0	0	0	0	0	0
CAAKASARQLTF_CASSRRTSGVDEQYF	0	0	0	0	0	0	0	0	0	0	0	1	0	0	0	0	0	0	0	0	0	0	0	0	0
CAAKETSGSRLTF_CASTSMGGFLNEQFF	0	1	0	0	0	0	0	0	0	0	0	0	0	0	0	0	0	0	0	0	0	0	0	0	0
CAAKEYGNKLVF_CAASGGDWNEQFF	0	0	0	1	0	0	0	0	0	0	0	0	0	0	0	0	0	0	0	0	0	0	0	0	0
CAAKGGSYIPTF_CSVAPQGLNYEQYF	0	0	0	0	0	1	0	0	0	0	0	0	0	0	0	0	0	0	0	0	0	0	0	0	0
CAAKGGTSYGKLTF_CAISELPDAQGPQHF	0	1	0	0	0	0	0	0	0	0	0	0	0	0	0	0	0	0	0	0	0	0	0	0	0
CAAKGHGGSQGNLIF_CASSEVGLNSPLHF	0	1	0	0	0	0	0	0	0	0	0	0	0	0	0	0	0	0	0	0	0	0	0	0	0
CAAKGNSGTYKYIF_CASSLNLAGGDADTQYF	0	1	0	0	0	0	0	0	0	0	0	0	0	0	0	0	0	0	0	0	0	0	0	0	0
CAAKGWDSNYQLIW_CASSLLVGSTLGETQYF	0	0	0	0	0	0	0	0	0	0	0	1	0	0	0	0	0	0	0	0	0	0	0	0	0
CAAKKGFQKLVF_CAWSGIGTENFNEQFF	0	1	0	0	0	0	0	0	0	0	0	0	0	0	0	0	0	0	0	0	0	0	0	0	0
CAAKLIQGAQKLVF_CSARSSGTPHEKLFF	0	0	0	0	0	0	0	1	0	0	0	0	0	0	0	0	0	0	0	0	0	0	0	0	0
CAAKLSF_CASSPGLGPYEQYF	0	0	0	1	0	0	0	0	0	0	0	0	0	0	0	0	0	0	0	0	0	0	0	0	0
CAAKQGNNARLMF_CASSPVGRGDGYTF	0	1	0	0	0	0	0	0	0	0	0	0	0	0	0	0	0	0	0	0	0	0	0	0	0
CAAKQKDSSYKLIF_CASTPPGTSYNEQFF	0	1	0	0	0	0	0	0	0	0	0	0	0	0	0	0	0	0	0	0	0	0	0	0	0
CAAKREGNTGKLIF_CASSQGSGRPYEQYF	0	0	0	0	0	0	0	0	0	0	0	0	0	0	0	0	0	0	0	0	0	1	0	0	0
CAAKRGAGGTSYGKLTF_CASSVRGEGANYGYTF	0	1	0	0	0	0	0	0	0	0	0	0	0	0	0	0	0	0	0	0	0	0	0	0	0
CAAKRTGTASKLTF_CASSLEARTNEKLFF	0	0	0	0	0	0	0	0	0	0	0	0	0	0	0	1	0	0	0	0	0	0	0	0	0
CAALDQFYF_CASSPRRDPLNTEAFF	0	1	0	0	0	0	0	0	0	0	0	0	0	0	0	0	0	0	0	0	0	0	0	0	0
CAALDRGSTLGRLYF_CASSASTGGWVLRQETQYF	0	1	0	0	0	0	0	0	0	0	0	0	0	0	0	0	0	0	0	0	0	0	0	0	0
CAALDSNYQLIW_CASSDAATNEQFF	0	0	0	0	0	1	0	0	0	0	0	0	0	0	0	0	0	0	0	0	0	0	0	0	0
CAALDSNYQLIW_CASSSAGALRGGANVLTF	0	0	0	0	0	0	0	0	0	0	0	1	0	0	0	0	0	0	0	0	0	0	0	0	0
CAALDSNYQLIW_CASSYSPDRYNEQFF	0	0	0	0	0	1	0	0	0	0	0	0	0	0	0	0	0	0	0	0	0	0	0	0	0
CAALDSNYQLIW_CSARVGDMNTEAFF	0	0	0	0	0	1	0	0	0	0	0	0	0	0	0	0	0	0	0	0	0	0	0	0	0
CAALDSNYQLIW_CSVGSGSSYNEQFF	0	0	0	0	0	2	0	0	0	0	0	0	0	0	0	0	0	0	0	0	0	0	0	0	0
CAALFNQAGTALIF_CSARGTGTEYSTNEKLFF	0	0	0	0	0	0	0	1	0	0	0	0	0	0	0	0	0	0	0	0	0	0	0	0	0
CAALGAASKLTF_CASSPGTGGTGFTGELFF	0	0	0	1	0	0	0	0	0	0	0	0	0	0	0	0	0	0	0	0	0	0	0	0	0
CAALGGATNKLIF_CATSRWPGVNTEAFF	0	0	0	0	0	0	0	0	1	0	0	0	0	0	0	0	0	0	0	0	0	0	0	0	0
CAALGGSYIPTF_CASRGGGTEAFF	0	0	0	1	0	0	0	0	0	0	0	0	0	0	0	0	0	0	0	0	0	0	0	0	0
CAALKNTGNQFYF_CASSWGQADTGELFF	0	1	0	0	0	0	0	0	0	0	0	0	0	0	0	0	0	0	0	0	0	0	0	0	0
CAALLNARLMF_CASTGGTPDTQYF	0	0	0	0	0	0	0	0	1	0	0	0	0	0	0	0	0	0	0	0	0	0	0	0	0
CAALNDYKLSF_CASSDSYGYTF	0	1	0	0	0	0	0	0	0	0	0	0	0	0	0	0	0	0	0	0	0	0	0	0	0
CAALNDYKLSF_CASSLNPSLYNEQFF	0	0	0	0	0	0	0	0	0	0	0	1	0	0	0	0	0	0	0	0	0	0	0	0	0
CAALNQAGTALIF_CASSSGGGEQYF	0	0	0	1	0	0	0	0	0	0	0	0	0	0	0	0	0	0	0	0	0	0	0	0	0
CAALRGSGNTGKLIF_CASSLLVGQPQHF	0	0	0	0	0	0	0	0	0	0	0	1	0	0	0	0	0	0	0	0	0	0	0	0	0
CAALRSNDYKLSF_CASSFETIYGYTF	0	1	0	0	0	0	0	0	0	0	0	0	0	0	0	0	0	0	0	0	0	0	0	0	0
CAALSGGSNYKLTF_CASSMAVLDEQYF	0	0	0	0	0	0	0	0	1	0	0	0	0	0	0	0	0	0	0	0	0	0	0	0	0
CAALTGGGNKLTF_CASSLRGENEQFF	0	0	0	1	0	0	0	0	0	0	0	0	0	0	0	0	0	0	0	0	0	0	0	0	0
CAALTGGGNKLTF_CATSAHSGTGSLEQYF	0	1	0	0	0	0	0	0	0	0	0	0	0	0	0	0	0	0	0	0	0	0	0	0	0
CAALTHTGANSKLTF_CASSLDSRYAQYF	0	0	0	0	0	0	0	0	1	0	0	0	0	0	0	0	0	0	0	0	0	0	0	0	0
CAALTQGGSEKLVF_CASRRQGWGTEAFF	0	1	0	0	0	0	0	0	0	0	0	0	0	0	0	0	0	0	0	0	0	0	0	0	0
CAALVGGGGADGLTF_CASSLGPGQGGEKLFF	0	1	0	0	0	0	0	0	0	0	0	0	0	0	0	0	0	0	0	0	0	0	0	0	0
CAALYNQGGKLIF_CSAEGQPFSYNEQFF	0	1	0	0	0	0	0	0	0	0	0	0	0	0	0	0	0	0	0	0	0	0	0	0	0
CAALYYGNNRLAF_CASSEVTGLADEQYF	0	0	0	0	0	0	0	0	1	0	0	0	0	0	0	0	0	0	0	0	0	0	0	0	0
CAAMDSNYQLIW_CASSHTGTSGVNEQFF	0	0	0	0	0	1	0	0	0	0	0	0	0	0	0	0	0	0	0	0	0	0	0	0	0
CAAMDSNYQLIW_CASSQDQGSGANVLTF	0	0	0	0	0	1	0	0	0	0	0	0	0	0	0	0	0	0	0	0	0	0	0	0	0
CAAMDSNYQLIW_CASSRGDSTDTQYF	0	0	0	0	0	1	0	0	0	0	0	0	0	0	0	0	0	0	0	0	0	0	0	0	0
CAAMDSNYQLIW_CASSYQGANTGELFF	0	0	0	0	0	1	0	0	0	0	0	0	0	0	0	0	0	0	0	0	0	0	0	0	0
CAAMDSNYQLIW_CASSYSAGGPYEQYF	0	0	0	0	0	1	0	0	0	0	0	0	0	0	0	0	0	0	0	0	0	0	0	0	0
CAAMDSNYQLIW_CASSYSERDTQYF	0	0	0	0	0	1	0	0	0	0	0	0	0	0	0	0	0	0	0	0	0	0	0	0	0
CAAMDSNYQLIW_CASSYVEGSSYEQYF	0	0	0	0	0	3	0	0	0	0	0	0	0	0	0	0	0	0	0	0	0	0	0	0	0
CAAMDSNYQLIW_CSAKLLETGGFVDEQFF	0	0	0	0	0	1	0	0	0	0	0	0	0	0	0	0	0	0	0	0	0	0	0	0	0
CAAMNTGFQKLVF_CSARWAGATEAFF	0	0	0	0	0	0	0	1	0	0	0	0	0	0	0	0	0	0	0	0	0	0	0	0	0
CAAMSLPDAGKSTF_CASSPSASSSYNEQFF	0	0	0	1	0	0	0	0	0	0	0	0	0	0	0	0	0	0	0	0	0	0	0	0	0
CAANAGNNRKLIW_CASSYGTGDGYTF	0	0	0	1	0	0	0	0	0	0	0	0	0	0	0	0	0	0	0	0	0	0	0	0	0
CAANDNDMRF_CASSLDFRRPQAGYTF	0	0	0	0	0	1	0	0	0	0	0	0	0	0	0	0	0	0	0	0	0	0	0	0	0
CAANFGNEKLTF_CASSFGGRAETQYF	0	1	0	0	0	0	0	0	0	0	0	0	0	0	0	0	0	0	0	0	0	0	0	0	0
CAANFNKFYF_CASTYTAITTEAFF	0	0	0	1	0	0	0	0	0	0	0	0	0	0	0	0	0	0	0	0	0	0	0	0	0
CAANGDYKLSF_CSARRLAGGNTGELFF	0	0	0	0	0	0	0	1	0	0	0	0	0	0	0	0	0	0	0	0	0	0	0	0	0
CAANLLNSNARLMF_CASSLLTQGSEQYF	0	0	0	0	0	0	0	0	0	0	0	1	0	0	0	0	0	0	0	0	0	0	0	0	0
CAANNAGNNRKLIW_CSARVAGRNAYEQYF	0	0	0	0	0	0	0	1	0	0	0	0	0	0	0	0	0	0	0	0	0	0	0	0	0
CAANNFNKFYF_CSVERSYNEQFF	0	0	0	1	0	0	0	0	0	0	0	0	0	0	0	0	0	0	0	0	0	0	0	0	0
CAANNNAGNMLTF_CSVERGSSYNEQFF	0	0	0	0	0	0	0	0	1	0	0	0	0	0	0	0	0	0	0	0	0	0	0	0	0
CAANSGGGADGLTF_CASRGGLAGTDTQYF	0	0	0	0	0	1	0	0	0	0	0	0	0	0	0	0	0	0	0	0	0	0	0	0	0
CAANSGNTPLVF_CASSWVGGVRETQYF	0	1	0	0	0	0	0	0	0	0	0	0	0	0	0	0	0	0	0	0	0	0	0	0	0
CAANSGYALNF_CASSPVAGGNTGELFF	0	1	0	0	0	0	0	0	0	0	0	0	0	0	0	0	0	0	0	0	0	0	0	0	0
CAANTDKLIF_CASSLGGNTEAFF	0	0	0	0	0	0	0	0	0	0	1	0	0	0	0	0	0	0	0	0	0	0	0	0	0
CAANTGNQFYF_CASSDRGGGMKETQYF	0	1	0	0	0	0	0	0	0	0	0	0	0	0	0	0	0	0	0	0	0	0	0	0	0
CAANVDKIIF_CASSLGGNTEAFF	0	1	0	0	0	0	0	0	0	0	0	0	0	0	0	0	0	0	0	0	0	0	0	0	0
CAANYNQGGKLIF_CASSHRDRDYEQYF	0	0	0	0	0	0	0	0	0	1	0	0	0	0	0	0	0	0	0	0	0	0	0	0	0
CAAPDGQKLLF_CASSGQGASTGELFF	0	1	0	0	0	0	0	0	0	0	0	0	0	0	0	0	0	0	0	0	0	0	0	0	0
CAAPDRGSTLGRLYF_CASSADGEKLFF	0	1	0	0	0	0	0	0	0	0	0	0	0	0	0	0	0	0	0	0	0	0	0	0	0
CAAPETSGSRLTF_CASSQDRDITRSTEAFF	0	0	0	0	0	0	0	0	0	0	0	0	0	0	0	0	0	0	0	0	0	1	0	0	0
CAAPGGSNYKLTF_NA	0	0	0	0	0	0	0	0	1	0	0	0	0	0	0	0	0	0	0	0	0	0	0	0	0
CAAPGRTSYGKLTF_CASIITGEVGETQYF	0	0	0	0	0	0	0	0	0	0	1	0	0	0	0	0	0	0	0	0	0	0	0	0	0
CAAPGSGAGSYQLTF_CASSSGQGATDTQYF	0	0	0	0	0	0	0	0	0	0	0	1	0	0	0	0	0	0	0	0	0	0	0	0	0
CAAPIATNKLIF_CASSQEGVEQFF	0	0	0	0	0	0	1	0	0	0	0	0	0	0	0	0	0	0	0	0	0	0	0	0	0
CAAPIQGAQKLVF_CASSQDPGDYGYTF	0	0	0	1	0	0	0	0	0	0	0	0	0	0	0	0	0	0	0	0	0	0	0	0	0
CAAPLSGGYNKLIF_CASSLTRDLETQYF	0	0	0	0	0	0	0	0	1	0	0	0	0	0	0	0	0	0	0	0	0	0	0	0	0
CAAPMDSNYQLIW_CASSAYGDDYGYTF	0	0	0	1	0	0	0	0	0	0	0	0	0	0	0	0	0	0	0	0	0	0	0	0	0
CAAPNAGAGSYQLTF_CASSLGHSSGNTIYF	0	0	0	0	0	0	0	0	0	0	0	0	1	0	0	0	0	0	0	0	0	0	0	0	0
CAAPNAGGTSYGKLTF_CASSSGLLGRAEPQHF	0	0	0	0	0	0	0	0	0	0	0	0	1	0	0	0	0	0	0	0	0	0	0	0	0
CAAPPLSDGQKLLF_CASSQDSSLAEPQEQFF	0	0	0	1	0	0	0	0	0	0	0	0	0	0	0	0	0	0	0	0	0	0	0	0	0
CAAPPSFGNQFYF_CSAQTVLYGYTF	0	0	0	0	0	0	0	0	0	0	0	0	0	0	0	0	0	0	0	0	0	0	0	0	1
CAAPPSPGSSNTGKLIF_CASSSLGGTYEQYF	0	1	0	0	0	0	0	0	0	0	0	0	0	0	0	0	0	0	0	0	0	0	0	0	0
CAAPQGGSEKLVF_CASSYVGFTEAFF	0	0	0	0	0	0	1	0	0	0	0	0	0	0	0	0	0	0	0	0	0	0	0	0	0
CAAPQTGANNLFF_CASSTGYGRNEQFF	0	0	0	1	0	0	0	0	0	0	0	0	0	0	0	0	0	0	0	0	0	0	0	0	0
CAAPRGYGGSQGNLIF_CASLRNLGTEAFF	0	0	0	1	0	0	0	0	0	0	0	0	0	0	0	0	0	0	0	0	0	0	0	0	0
CAAPRNTGFQKLVF_CASSPSETDTQYF	0	0	0	0	0	1	0	0	0	0	0	0	0	0	0	0	0	0	0	0	0	0	0	0	0
CAAPTSGTYKYIF_CASSPVAGGHNEQFF	0	0	0	0	0	0	0	0	0	0	0	0	0	0	0	0	0	0	0	0	0	1	0	0	0
CAAQDPMEYGNKLVF_CASSYSALRRDTQYF	0	0	0	0	0	0	0	0	1	0	0	0	0	0	0	0	0	0	0	0	0	0	0	0	0
CAAQDVLHC_CASSRRYTEAFF	0	0	0	0	0	0	0	0	0	0	0	0	1	0	0	0	0	0	0	0	0	0	0	0	0
CAAQKDFGNVLHC_CASSRRGLEKGTEAFF	0	1	0	0	0	0	0	0	0	0	0	0	0	0	0	0	0	0	0	0	0	0	0	0	0
CAAQSTSGSRLTF_CASRRDRRIYGYTF	0	0	0	0	0	0	0	0	0	0	1	0	0	0	0	0	0	0	0	0	0	0	0	0	0
CAAQVGGGNKLTF_CASSPPGTGYYEQYF	0	0	0	1	0	0	0	0	0	0	0	0	0	0	0	0	0	0	0	0	0	0	0	0	0
CAAQVTGNQFYF_CSARSGPINTEAFF	0	0	0	0	0	0	0	1	0	0	0	0	0	0	0	0	0	0	0	0	0	0	0	0	0
CAAQYGGQKLLF_CASIDRGPSSYNEQFF	0	1	0	0	0	0	0	0	0	0	0	0	0	0	0	0	0	0	0	0	0	0	0	0	0
CAARAAGNKLTF_CASSGRGLGNEKLFF	0	0	0	0	0	0	0	0	0	1	0	0	0	0	0	0	0	0	0	0	0	0	0	0	0
CAARAAWVPQSRTGRRALTF_CASLGVGNTEAFF	0	0	0	0	0	0	0	0	1	0	0	0	0	0	0	0	0	0	0	0	0	0	0	0	0
CAARAGNKLTF_CSAKVTSRRNEQFF	0	0	0	0	0	0	0	1	0	0	0	0	0	0	0	0	0	0	0	0	0	0	0	0	0
CAARALSTNKLIF_CASSFGYEQFF	0	0	0	0	0	0	0	0	0	0	1	0	0	0	0	0	0	0	0	0	0	0	0	0	0
CAARANTGNQFYF_CASRPPSYGYTF	0	1	0	0	0	0	0	0	0	0	0	0	0	0	0	0	0	0	0	0	0	0	0	0	0
CAARASGSRLTF_CASSPGPSWNEQFF	0	0	0	0	0	0	0	0	0	0	0	0	0	0	0	1	0	0	0	0	0	0	0	0	0
CAARAYSGAGSYQLTF_CASSYGQGFNQPQHF	0	0	0	1	0	0	0	0	0	0	0	0	0	0	0	0	0	0	0	0	0	0	0	0	0
CAARDAGNNRKLIW_CASSLGQGSESYNEQFF	0	1	0	0	0	0	0	0	0	0	0	0	0	0	0	0	0	0	0	0	0	0	0	0	0
CAARDIQGAQKLVF_CASSYSIGGNTEAFF	0	0	0	1	0	0	0	0	0	0	0	0	0	0	0	0	0	0	0	0	0	0	0	0	0
CAARDQKVTF_CASSRQDYNSPLHF	0	0	0	0	0	0	0	0	1	0	0	0	0	0	0	0	0	0	0	0	0	0	0	0	0
CAARDTGTASKLTF_CASTGGQINSPLHF	0	1	0	0	0	0	0	0	0	0	0	0	0	0	0	0	0	0	0	0	0	0	0	0	0
CAARDTTSGTYKYIF_CASSPSRRGKETQYF	0	0	0	0	0	1	0	0	0	0	0	0	0	0	0	0	0	0	0	0	0	0	0	0	0
CAAREYGNNRLAF_NA	0	0	0	0	0	1	0	0	0	0	0	0	0	0	0	0	0	0	0	0	0	0	0	0	0
CAARFGGGNKLTF_CAWSRGAYEQYF	0	1	0	0	0	0	0	0	0	0	0	0	0	0	0	0	0	0	0	0	0	0	0	0	0
CAARFTGGGNKLTF_CASSLEGTGYYEQYF	0	1	0	0	0	0	0	0	0	0	0	0	0	0	0	0	0	0	0	0	0	0	0	0	0
CAARFVEYGNKLVF_CASSLSARREQFF	0	0	0	1	0	0	0	0	0	0	0	0	0	0	0	0	0	0	0	0	0	0	0	0	0
CAARGAGGFKTIF_CASSLTLAGSYEQYF	0	0	0	0	0	0	0	0	0	0	0	1	0	0	0	0	0	0	0	0	0	0	0	0	0
CAARGAGSYQLTF_CASALGQAYNEQFF	0	0	0	1	0	0	0	0	0	0	0	0	0	0	0	0	0	0	0	0	0	0	0	0	0
CAARGFGNVLHC_CASLGMGEKLFF	0	1	0	0	0	0	0	0	0	0	0	0	0	0	0	0	0	0	0	0	0	0	0	0	0
CAARGGGTSYGKLTF_CASSLGRAVVYGYTF	0	0	0	0	0	0	0	0	1	0	0	0	0	0	0	0	0	0	0	0	0	0	0	0	0
CAARGGSQGNLIF_CSVRSYEGGSYNEQFF	0	1	0	0	0	0	0	0	0	0	0	0	0	0	0	0	0	0	0	0	0	0	0	0	0
CAARGKGHAGNMLTF_CASSVEVTSGGNEQFF	0	1	0	0	0	0	0	0	0	0	0	0	0	0	0	0	0	0	0	0	0	0	0	0	0
CAARGNFGNEKLTF_CASSLLTDGGQETQYF	0	1	0	0	0	0	0	0	0	0	0	0	0	0	0	0	0	0	0	0	0	0	0	0	0
CAARGNTGFQKLVF_CASSADSSTDTQYF	0	1	0	0	0	0	0	0	0	0	0	0	0	0	0	0	0	0	0	0	0	0	0	0	0
CAARGRTGRRALTF_CASSLGQGEGYTF	0	1	0	0	0	0	0	0	0	0	0	0	0	0	0	0	0	0	0	0	0	0	0	0	0
CAARGSGNTPLVF_CASSLSPSYEQYF	0	1	0	0	0	0	0	0	0	0	0	0	0	0	0	0	0	0	0	0	0	0	0	0	0
CAARGSNDYKLSF_CASSSWGSSYNEQFF	0	1	0	0	0	0	0	0	0	0	0	0	0	0	0	0	0	0	0	0	0	0	0	0	0
CAARGSQGNLIF_CASSYGLAGTYNEQFF	0	0	0	1	0	0	0	0	0	0	0	0	0	0	0	0	0	0	0	0	0	0	0	0	0
CAARGVDSNYQLIW_CASSESRQGPYGYTF	0	1	0	0	0	0	0	0	0	0	0	0	0	0	0	0	0	0	0	0	0	0	0	0	0
CAARIVFAGSYQLTF_CASSNPKTANYGYTF	0	0	0	0	0	0	0	0	1	0	0	0	0	0	0	0	0	0	0	0	0	0	0	0	0
CAARKANFGNEKLTF_CSVTRDRVRSNQPQHF	0	0	0	0	0	0	0	1	0	0	0	0	0	0	0	0	0	0	0	0	0	0	0	0	0
CAARLNF_CATRGDGRRVGELFF	0	0	0	1	0	0	0	0	0	0	0	0	0	0	0	0	0	0	0	0	0	0	0	0	0
CAARLPYILTGGGNKLTF_CASSPGASDEQFF	0	0	0	1	0	0	0	0	0	0	0	0	0	0	0	0	0	0	0	0	0	0	0	0	0
CAARMDSSYKLIF_CASSVADYNNEQFF	0	0	0	0	0	1	0	0	0	0	0	0	0	0	0	0	0	0	0	0	0	0	0	0	0
CAARNSGGYQKVTF_CASSGGQGSNQPQHF	0	1	0	0	0	0	0	0	0	0	0	0	0	0	0	0	0	0	0	0	0	0	0	0	0
CAARNSGNTPLVF_CASSLIGPLAKNIQYF	0	0	0	0	0	0	0	0	0	0	1	0	0	0	0	0	0	0	0	0	0	0	0	0	0
CAARNTGNQFYF_CASSAPLTGIYGYTF	0	1	0	0	0	0	0	0	0	0	0	0	0	0	0	0	0	0	0	0	0	0	0	0	0
CAARNTGTASKLTF_CASSAYRGSYEQYF	0	0	0	1	0	0	0	0	0	0	0	0	0	0	0	0	0	0	0	0	0	0	0	0	0
CAARPADRGSTLGRLYF_NA	0	1	0	0	0	0	0	0	0	0	0	0	0	0	0	0	0	0	0	0	0	0	0	0	0
CAARPDYGGSQGNLIF_CASSLGLADNEQFF	0	1	0	0	0	0	0	0	0	0	0	0	0	0	0	0	0	0	0	0	0	0	0	0	0
CAARPTGNQFYF_CASSVNLAGQETQYF	0	1	0	0	0	0	0	0	0	0	0	0	0	0	0	0	0	0	0	0	0	0	0	0	0
CAARPTQPTRQLTF_CASSFRTGNTEAFF	0	1	0	0	0	0	0	0	0	0	0	0	0	0	0	0	0	0	0	0	0	0	0	0	0
CAARPWETSGSRLTF_CSATDYSPEQFF	0	0	0	0	0	0	0	0	0	0	0	0	0	0	0	0	0	0	0	0	0	0	0	0	1
CAARPYSGGGADGLTF_CASSHNWNTEAFF	0	1	0	0	0	0	0	0	0	0	0	0	0	0	0	0	0	0	0	0	0	0	0	0	0
CAARQGTYKYIF_NA	0	1	0	0	0	0	0	0	0	0	0	0	0	0	0	0	0	0	0	0	0	0	0	0	0
CAARRDAGNKLTF_CSALAGGRGETQYF	0	0	0	0	0	0	0	1	0	0	0	0	0	0	0	0	0	0	0	0	0	0	0	0	0
CAARRGAGNMLTF_CSALYRGRGDTEAFF	0	1	0	0	0	0	0	0	0	0	0	0	0	0	0	0	0	0	0	0	0	0	0	0	0
CAARRGETSGSRLTF_CASSPGSTAKNIQYF	0	1	0	0	0	0	0	0	0	0	0	0	0	0	0	0	0	0	0	0	0	0	0	0	0
CAARRGSNDYKLSF_CASSLGPNNEKLFF	0	1	0	0	0	0	0	0	0	0	0	0	0	0	0	0	0	0	0	0	0	0	0	0	0
CAARRLIQTGANNLFF_CASAGSGNTIYF	0	1	0	0	0	0	0	0	0	0	0	0	0	0	0	0	0	0	0	0	0	0	0	0	0
CAARRPNTGNQFYF_CASSLSGLEFTSLRDTQYF	0	0	0	0	0	0	0	0	0	0	1	0	0	0	0	0	0	0	0	0	0	0	0	0	0
CAARRVYSGAGSYQLTF_CASSERLRQGVGNTIYF	0	1	0	0	0	0	0	0	0	0	0	0	0	0	0	0	0	0	0	0	0	0	0	0	0
CAARSGAGSYQLTF_CSASPTTSYEQYF	0	0	0	0	0	0	0	1	0	0	0	0	0	0	0	0	0	0	0	0	0	0	0	0	0
CAARSRRGDKLIF_CAWSGLAGTGELFF	0	1	0	0	0	0	0	0	0	0	0	0	0	0	0	0	0	0	0	0	0	0	0	0	0
CAARSSGNTPLVF_CASSLRTVEQYF	0	0	0	0	0	0	0	0	1	0	0	0	0	0	0	0	0	0	0	0	0	0	0	0	0
CAARSYGQNFVF_CASSLGQGVAEQFF	0	0	0	0	0	0	0	0	0	0	0	0	1	0	0	0	0	0	0	0	0	0	0	0	0
CAARTNNNARLMF_CASSGTGARHTEAFF	0	1	0	0	0	0	0	0	0	0	0	0	0	0	0	0	0	0	0	0	0	0	0	0	0
CAARTSGAGSYQLTF_CASRHGGSSYNEQFF	0	0	0	0	0	0	0	0	1	0	0	0	0	0	0	0	0	0	0	0	0	0	0	0	0
CAARTSGHSGGSNYKLTF_NA	0	1	0	0	0	0	0	0	0	0	0	0	0	0	0	0	0	0	0	0	0	0	0	0	0
CAARVTGANSKLTF_CASSWPGGSSYNEQFF	0	0	0	0	0	0	0	0	0	0	0	2	0	0	0	0	0	0	0	0	0	0	0	0	0
CAARWGGGKLIF_CASRRGQGGTDTQYF	0	0	0	1	0	0	0	0	0	0	0	0	0	0	0	0	0	0	0	0	0	0	0	0	0
CAARWNTGNQFYF_CASSPRGAGANVLTF	0	1	0	0	0	0	0	0	0	0	0	0	0	0	0	0	0	0	0	0	0	0	0	0	0
CAARYSGAGSYQLTF_CSVEVGGQGEPQHF	0	1	0	0	0	0	0	0	0	0	0	0	0	0	0	0	0	0	0	0	0	0	0	0	0
CAARYSNYQLIW_CATSRERLAGETQYF	0	1	0	0	0	0	0	0	0	0	0	0	0	0	0	0	0	0	0	0	0	0	0	0	0
CAARYSSASKIIF_CASRGLGQGDGANVLTF	0	0	0	1	0	0	0	0	0	0	0	0	0	0	0	0	0	0	0	0	0	0	0	0	0
CAASADQGAQKLVF_CASSRTGNTGELFF	0	0	0	0	0	0	0	0	0	0	1	0	0	0	0	0	0	0	0	0	0	0	0	0	0
CAASADYNTDKLIF_CASSLVGTGNSPLHF	0	0	0	0	0	0	0	0	0	0	0	1	0	0	0	0	0	0	0	0	0	0	0	0	0
CAASAEGWTDKLIF_CASSSRQEISNEAFF	0	1	0	0	0	0	0	0	0	0	0	0	0	0	0	0	0	0	0	0	0	0	0	0	0
CAASAESYIPTF_CSAREGASGGLSGGNEQFF	0	0	0	0	0	0	0	1	0	0	0	0	0	0	0	0	0	0	0	0	0	0	0	0	0
CAASAFSGNTGKLIF_CASSLPGTEAFF	0	0	0	0	0	0	0	0	1	0	0	0	0	0	0	0	0	0	0	0	0	0	0	0	0
CAASAGAGNNRKLIW_CASSQGGGAFF	0	0	0	0	0	0	0	0	0	0	0	0	0	0	0	1	0	0	0	0	0	0	0	0	0
CAASAGNAGNMLTF_CASSQDPAGGWSSYNEQFF	0	0	0	0	0	0	0	0	0	0	0	0	0	0	0	0	0	0	0	0	0	1	0	0	0
CAASAGQGAQKLVF_CASGGRGGFSNQPQHF	0	0	0	0	0	0	0	0	1	0	0	0	0	0	0	0	0	0	0	0	0	0	0	0	0
CAASAGRNTPLVF_CASSLNSSPLHF	0	0	0	0	0	0	0	0	0	0	1	0	0	0	0	0	0	0	0	0	0	0	0	0	0
CAASAGYSTLTF_CASSIPRVINYGYTF	0	0	0	1	0	0	0	0	0	0	0	0	0	0	0	0	0	0	0	0	0	0	0	0	0
CAASAHARLMF_CASSEPGNQPQHF	0	0	0	1	0	0	0	0	0	0	0	0	0	0	0	0	0	0	0	0	0	0	0	0	0
CAASAKGGGNKLTF_CASSSTQGRMNTEAFF	0	0	0	0	0	1	0	0	0	0	0	0	0	0	0	0	0	0	0	0	0	0	0	0	0
CAASAKNYGQNFVF_CASSYAQRNSPLHF	0	0	0	1	0	0	0	0	0	0	0	0	0	0	0	0	0	0	0	0	0	0	0	0	0
CAASALGGGGADGLTF_CASSFPGRGRYEQFF	0	1	0	0	0	0	0	0	0	0	0	0	0	0	0	0	0	0	0	0	0	0	0	0	0
CAASANAGNMLTF_CASSLRQGGEAFF	0	0	0	0	0	0	0	0	0	0	0	0	0	0	0	1	0	0	0	0	0	0	0	0	0
CAASANAGNMLTF_CASSLRYNEQFF	0	0	0	0	0	0	0	0	1	0	0	0	0	0	0	0	0	0	0	0	0	0	0	0	0
CAASANFGNEKLTF_CASSVFVSNEQFF	0	1	0	0	0	0	0	0	0	0	0	0	0	0	0	0	0	0	0	0	0	0	0	0	0
CAASANFGNEKLTF_CASSVGGHPYNEQFF	0	0	0	1	0	0	0	0	0	0	0	0	0	0	0	0	0	0	0	0	0	0	0	0	0
CAASANNAGNMLTF_CASRISGDDEQFF	0	0	0	1	0	0	0	0	0	0	0	0	0	0	0	0	0	0	0	0	0	0	0	0	0
CAASANTGGFKTIF_CASRNRGASLGYTF	0	1	0	0	0	0	0	0	0	0	0	0	0	0	0	0	0	0	0	0	0	0	0	0	0
CAASAPISRQLTF_CSADGLAGAHQETQYF	0	0	0	0	0	0	0	1	0	0	0	0	0	0	0	0	0	0	0	0	0	0	0	0	0
CAASAPQGGSEKLVF_CASSIDPSSYNEQFF	0	0	0	1	0	0	0	0	0	0	0	0	0	0	0	0	0	0	0	0	0	0	0	0	0
CAASAQGGSEKLVF_CASSASSYNSPLHF	0	0	0	0	0	0	0	0	1	0	0	0	0	0	0	0	0	0	0	0	0	0	0	0	0
CAASAQTGGSYIPTF_CASSLGTSPTKQYF	0	0	0	0	0	0	0	0	0	0	0	1	0	0	0	0	0	0	0	0	0	0	0	0	0
CAASARDSSYKLIF_CASRVTAILPDTQYF	0	0	0	1	0	0	0	0	0	0	0	0	0	0	0	0	0	0	0	0	0	0	0	0	0
CAASARGGATNKLIF_CASSQEETTYGYTF	0	0	0	1	0	0	0	0	0	0	0	0	0	0	0	0	0	0	0	0	0	0	0	0	0
CAASARGGGSEKLVF_CAITPDRGMSEAFF	0	1	0	0	0	0	0	0	0	0	0	0	0	0	0	0	0	0	0	0	0	0	0	0	0
CAASARGGSQGNLIF_CASSQEATNPRNGYTF	0	0	0	0	0	0	0	0	0	0	0	0	1	0	0	0	0	0	0	0	0	0	0	0	0
CAASARGSEKLVF_CATSPDSYTEAFF	0	0	0	1	0	0	0	0	0	0	0	0	0	0	0	0	0	0	0	0	0	0	0	0	0
CAASARGSGTYKYIF_CASSAHGDSGWSTEAFF	0	1	0	0	0	0	0	0	0	0	0	0	0	0	0	0	0	0	0	0	0	0	0	0	0
CAASARGTSYGKLTF_CASSLFVAGDPNEQFF	0	1	0	0	0	0	0	0	0	0	0	0	0	0	0	0	0	0	0	0	0	0	0	0	0
CAASASGSARQLTF_CASSSPGQFHGYTF	0	0	0	0	0	0	0	0	0	0	1	0	0	0	0	0	0	0	0	0	0	0	0	0	0
CAASASGSRLTF_CASSQDSKGNTEAFF	0	0	0	0	0	1	0	0	0	0	0	0	0	0	0	0	0	0	0	0	0	0	0	0	0
CAASASGTASKLTF_CASNQPDRITAFF	0	1	0	0	0	0	0	0	0	0	0	0	0	0	0	0	0	0	0	0	0	0	0	0	0
CAASASGTYKYIF_CATSRRGYGYTF	0	1	0	0	0	0	0	0	0	0	0	0	0	0	0	0	0	0	0	0	0	0	0	0	0
CAASASQGAQKLVF_CASSYSGRTNEKLFF	0	1	0	0	0	0	0	0	0	0	0	0	0	0	0	0	0	0	0	0	0	0	0	0	0
CAASASYGGSQGNLIF_CASYSPIDEQFF	0	0	0	0	0	0	0	0	0	0	0	0	1	0	0	0	0	0	0	0	0	0	0	0	0
CAASAVDTDKLIF_CSAWGDRTYNEQFF	0	0	0	0	0	0	0	1	0	0	0	0	0	0	0	0	0	0	0	0	0	0	0	0	0
CAASAVGYNFNKFYF_CSARRGGQTRTEAFF	0	0	0	0	0	0	0	1	0	0	0	0	0	0	0	0	0	0	0	0	0	0	0	0	0
CAASAVKLIF_CASSPIQGGRNTEAFF	0	1	0	0	0	0	0	0	0	0	0	0	0	0	0	0	0	0	0	0	0	0	0	0	0
CAASAWDNAGNMLTF_CASSLGGISYEQYF	0	0	0	1	0	0	0	0	0	0	0	0	0	0	0	0	0	0	0	0	0	0	0	0	0
CAASAYDSSGYALNF_CASSLAHRNIQYF	0	0	0	0	0	0	0	0	0	0	0	0	1	0	0	0	0	0	0	0	0	0	0	0	0
CAASAYGGSQGNLIF_CSAADRRFNQPQHF	0	0	0	0	0	0	0	0	0	0	0	0	0	0	0	0	0	0	0	0	0	0	0	0	1
CAASAYSGGGADGLTF_CASRPTGLGNTGELFF	0	1	0	0	0	0	0	0	0	0	0	0	0	0	0	0	0	0	0	0	0	0	0	0	0
CAASDAGGYQKVTF_CASGWDGSTDTQYF	0	0	0	1	0	0	0	0	0	0	0	0	0	0	0	0	0	0	0	0	0	0	0	0	0
CAASDDSGGYNKLIF_CAGSPWQGNQPQHF	0	1	0	0	0	0	0	0	0	0	0	0	0	0	0	0	0	0	0	0	0	0	0	0	0
CAASDGGYNKLIF_CASTSTDRVEAFF	0	0	0	1	0	0	0	0	0	0	0	0	0	0	0	0	0	0	0	0	0	0	0	0	0
CAASDGNYGGSQGNLIF_CASNLSPSGAYNEQFF	0	1	0	0	0	0	0	0	0	0	0	0	0	0	0	0	0	0	0	0	0	0	0	0	0
CAASDIGGADGLTF_CASRQGFSGNTIYF	0	0	0	0	0	0	0	0	0	0	0	0	1	0	0	0	0	0	0	0	0	0	0	0	0
CAASDKVGDTGRRALTF_CASSPLHQPQHF	0	1	0	0	0	0	0	0	0	0	0	0	0	0	0	0	0	0	0	0	0	0	0	0	0
CAASDLRGNEKLTF_CASRRTGVGGPEAFF	0	1	0	0	0	0	0	0	0	0	0	0	0	0	0	0	0	0	0	0	0	0	0	0	0
CAASDNTDKLIF_NA	0	0	0	1	0	0	0	0	0	0	0	0	0	0	0	0	0	0	0	0	0	0	0	0	0
CAASDRGSTLGRLYF_CASSPYERASGTGEQYF	0	1	0	0	0	0	0	0	0	0	0	0	0	0	0	0	0	0	0	0	0	0	0	0	0
CAASDSGGSNYKLTF_CASSLTGGYGYTF	0	0	0	0	0	0	0	0	0	0	0	1	0	0	0	0	0	0	0	0	0	0	0	0	0
CAASDSGGSQGNLIF_CASSESWASNSPLHF	0	0	0	0	0	0	0	0	1	0	0	0	0	0	0	0	0	0	0	0	0	0	0	0	0
CAASDSNTGKLIF_CSVVRLGNTEAFF	0	1	0	0	0	0	0	0	0	0	0	0	0	0	0	0	0	0	0	0	0	0	0	0	0
CAASDTGRRALTF_CASSFYRNEQFF	0	0	0	0	0	1	0	0	0	0	0	0	0	0	0	0	0	0	0	0	0	0	0	0	0
CAASDTGTASKLTF_CASSSQWHTQYF	0	1	0	0	0	0	0	0	0	0	0	0	0	0	0	0	0	0	0	0	0	0	0	0	0
CAASDTSGTYKYIF_CASRSPSGLLGYTF	0	0	0	0	0	0	0	0	0	0	1	0	0	0	0	0	0	0	0	0	0	0	0	0	0
CAASEAGQGFSFIF_CAWSYLGGRNEQFF	0	1	0	0	0	0	0	0	0	0	0	0	0	0	0	0	0	0	0	0	0	0	0	0	0
CAASEGAGSYQLTF_CAISESGRGGQGIRYEQYF	0	1	0	0	0	0	0	0	0	0	0	0	0	0	0	0	0	0	0	0	0	0	0	0	0
CAASEGGGADGLTF_CASSFGRAYNEQFF	0	0	0	0	0	0	0	0	0	0	1	0	0	0	0	0	0	0	0	0	0	0	0	0	0
CAASEGNYGQNFVF_CASKTGHLSNNEQYF	0	0	0	0	0	0	0	0	0	0	0	1	0	0	0	0	0	0	0	0	0	0	0	0	0
CAASEGPGGGNKLTF_CASSHRGGRTYGEQYF	0	0	0	0	0	0	0	0	0	0	0	0	0	0	0	1	0	0	0	0	0	0	0	0	0
CAASEGTGGFKTIF_CAWNKAGVGGYTF	0	1	0	0	0	0	0	0	0	0	0	0	0	0	0	0	0	0	0	0	0	0	0	0	0
CAASEKDFGNEKLTF_CASSEDLAFNSPLHF	0	0	0	1	0	0	0	0	0	0	0	0	0	0	0	0	0	0	0	0	0	0	0	0	0
CAASELDFGNEKLTF_CASSTFRGGFYNEQFF	0	0	0	0	0	0	0	0	0	0	1	0	0	0	0	0	0	0	0	0	0	0	0	0	0
CAASELRGNTPLVF_CSARVGVNTEAFF	0	0	0	0	0	0	0	1	0	0	0	0	0	0	0	0	0	0	0	0	0	0	0	0	0
CAASEMNRDDKIIF_CASSLGYGYTF	0	0	0	1	0	0	0	0	0	0	0	0	0	0	0	0	0	0	0	0	0	0	0	0	0
CAASENNARLMF_CASRSQGGEQYF	0	0	0	0	0	0	0	0	0	0	0	0	1	0	0	0	0	0	0	0	0	0	0	0	0
CAASENTGTASKLTF_CSAGGLAGVRNEQFF	0	0	0	0	0	0	0	0	0	0	0	0	0	0	0	0	0	0	0	0	0	0	0	0	1
CAASERARLMF_CASSYGTAYNEQFF	0	0	0	1	0	0	0	0	0	0	0	0	0	0	0	0	0	0	0	0	0	0	0	0	0
CAASESAGNKLTF_CASSLYRGNSYNEQFF	0	0	0	0	0	0	0	0	1	0	0	0	0	0	0	0	0	0	0	0	0	0	0	0	0
CAASESGNTPLVF_CASSLGTGPKNIQYF	0	0	0	1	0	0	0	0	0	0	0	0	0	0	0	0	0	0	0	0	0	0	0	0	0
CAASEVGGSQGNLIF_CASRQHLAGGYGNTIYF	0	0	0	1	0	0	0	0	0	0	0	0	0	0	0	0	0	0	0	0	0	0	0	0	0
CAASEVGNAGNMLTF_CAISLDRSYGYTF	0	1	0	0	0	0	0	0	0	0	0	0	0	0	0	0	0	0	0	0	0	0	0	0	0
CAASEWAGDKIIF_CASSFGGGLSGNTIYF	0	1	0	0	0	0	0	0	0	0	0	0	0	0	0	0	0	0	0	0	0	0	0	0	0
CAASFGNEKLTF_CASSKDSYEQYF	0	0	0	1	0	0	0	0	0	0	0	0	0	0	0	0	0	0	0	0	0	0	0	0	0
CAASFNAGNMLTF_CASSPNRGGYGYTF	0	0	0	1	0	0	0	0	0	0	0	0	0	0	0	0	0	0	0	0	0	0	0	0	0
CAASFNSGSARQLTF_CSARPPPGWTGELFF	0	0	0	0	0	0	0	1	0	0	0	0	0	0	0	0	0	0	0	0	0	0	0	0	0
CAASFNTNAGKSTF_NA	0	1	0	0	0	0	0	0	0	0	0	0	0	0	0	0	0	0	0	0	0	0	0	0	0
CAASFSSGSARQLTF_CASSWDRAVNTEAFF	0	1	0	0	0	0	0	0	0	0	0	0	0	0	0	0	0	0	0	0	0	0	0	0	0
CAASFYHAGSTLGRLYF_CASRLQGGNQPQHF	0	0	0	0	0	0	0	0	1	0	0	0	0	0	0	0	0	0	0	0	0	0	0	0	0
CAASGAAGNKLTF_CASSHIGTIGTGELFF	0	0	0	0	0	0	0	0	0	0	1	0	0	0	0	0	0	0	0	0	0	0	0	0	0
CAASGDPYGNKLVF_CASSSTGMGGEKLFF	0	1	0	0	0	0	0	0	0	0	0	0	0	0	0	0	0	0	0	0	0	0	0	0	0
CAASGDSGYALNF_CASSPQGGNQPQHF	0	1	0	0	0	0	0	0	0	0	0	0	0	0	0	0	0	0	0	0	0	0	0	0	0
CAASGEGGGADGLTF_CASSLGRIGQRTDTQYF	0	1	0	0	0	0	0	0	0	0	0	0	0	0	0	0	0	0	0	0	0	0	0	0	0
CAASGGAQKLVF_CASSYFPGGTGEQFF	0	0	0	0	0	1	0	0	0	0	0	0	0	0	0	0	0	0	0	0	0	0	0	0	0
CAASGGGGNKLTF_CASSLPGGEKLFF	0	1	0	0	0	0	0	0	0	0	0	0	0	0	0	0	0	0	0	0	0	0	0	0	0
CAASGGNQFYF_CASSANTNSNQPQHF	0	1	0	0	0	0	0	0	0	0	0	0	0	0	0	0	0	0	0	0	0	0	0	0	0
CAASGGNTGGFKTIF_CASTADRAYNEQFF	0	0	0	1	0	0	0	0	0	0	0	0	0	0	0	0	0	0	0	0	0	0	0	0	0
CAASGGTSYGKLTF_CASRDSSNQPQHF	0	0	0	1	0	0	0	0	0	0	0	0	0	0	0	0	0	0	0	0	0	0	0	0	0
CAASGHQGGKLIF_CASSFDRYTQYF	0	0	0	1	0	0	0	0	0	0	0	0	0	0	0	0	0	0	0	0	0	0	0	0	0
CAASGIGTDKLIF_CASSLETGGYTEAFF	0	0	0	0	0	0	0	0	0	0	1	0	0	0	0	0	0	0	0	0	0	0	0	0	0
CAASGNGQNFVF_CASSRWGPYEQYF	0	0	0	0	0	0	0	0	0	0	0	0	0	0	0	1	0	0	0	0	0	0	0	0	0
CAASGNTDKLIF_CASSTGRGLGGYTF	0	1	0	0	0	0	0	0	0	0	0	0	0	0	0	0	0	0	0	0	0	0	0	0	0
CAASGREGGGNKLTF_CASSLGTGSPLHF	0	0	0	0	0	0	0	0	0	0	1	0	0	0	0	0	0	0	0	0	0	0	0	0	0
CAASGSGGGADGLTF_CASSLGPQGSYTF	0	0	0	0	0	0	0	0	0	0	0	1	0	0	0	0	0	0	0	0	0	0	0	0	0
CAASGSQGAQKLVF_CATGSTDTQYF	0	1	0	0	0	0	0	0	0	0	0	0	0	0	0	0	0	0	0	0	0	0	0	0	0
CAASGVGGNEKLTF_CASSLGRRQYF	0	0	0	0	0	0	0	0	0	0	1	0	0	0	0	0	0	0	0	0	0	0	0	0	0
CAASGWSGNQFYF_CASSSGSPGAEAFF	0	1	0	0	0	0	0	0	0	0	0	0	0	0	0	0	0	0	0	0	0	0	0	0	0
CAASGYSTLTF_CASQQGANTEAFF	0	0	0	0	0	1	0	0	0	0	0	0	0	0	0	0	0	0	0	0	0	0	0	0	0
CAASHMNRDDKIIF_CASSIRSGAQETQYF	0	0	0	1	0	0	0	0	0	0	0	0	0	0	0	0	0	0	0	0	0	0	0	0	0
CAASIARADGLTF_CSASSESLVLHF	0	0	0	0	0	0	0	1	0	0	0	0	0	0	0	0	0	0	0	0	0	0	0	0	0
CAASIDAWTGYGGSQGNLIF_CASSIDQGGLSNQPQHF	0	0	0	1	0	0	0	0	0	0	0	0	0	0	0	0	0	0	0	0	0	0	0	0	0
CAASIDSSASKIIF_CASSSLAGGRYNEQFF	0	1	0	0	0	0	0	0	0	0	0	0	0	0	0	0	0	0	0	0	0	0	0	0	0
CAASIEGSARQLTF_CASSLSGGRQETQYF	0	1	0	0	0	0	0	0	0	0	0	0	0	0	0	0	0	0	0	0	0	0	0	0	0
CAASIELAGNMLTF_CASSQESNPNTEAFF	0	0	0	1	0	0	0	0	0	0	0	0	0	0	0	0	0	0	0	0	0	0	0	0	0
CAASIENTDKLIF_CASSPGGSSRVSGYTF	0	1	0	0	0	0	0	0	0	0	0	0	0	0	0	0	0	0	0	0	0	0	0	0	0
CAASIGARLMF_CASSDSYNSPLHF	0	0	0	1	0	0	0	0	0	0	0	0	0	0	0	0	0	0	0	0	0	0	0	0	0
CAASIGDNYGQNFVF_CAAGTGNYEQYF	0	1	0	0	0	0	0	0	0	0	0	0	0	0	0	0	0	0	0	0	0	0	0	0	0
CAASIGGSQGNLIF_CAISPEPGSYNEQFF	0	0	0	0	0	0	0	0	1	0	0	0	0	0	0	0	0	0	0	0	0	0	0	0	0
CAASIGGTYKYIF_CATTGQEDGELFF	0	0	0	1	0	0	0	0	0	0	0	0	0	0	0	0	0	0	0	0	0	0	0	0	0
CAASIGKSTF_CASSFTVSSYNEQFF	0	1	0	0	0	0	0	0	0	0	0	0	0	0	0	0	0	0	0	0	0	0	0	0	0
CAASIGLGAQKLVF_CSARESQGPGYTF	0	0	0	0	0	0	0	1	0	0	0	0	0	0	0	0	0	0	0	0	0	0	0	0	0
CAASIIQGAQKLVF_CAWSRKGAQGANVLTF	0	1	0	0	0	0	0	0	0	0	0	0	0	0	0	0	0	0	0	0	0	0	0	0	0
CAASIKGTGNQFYF_CSASGGRLNYGYTF	0	0	0	0	0	0	0	1	0	0	0	0	0	0	0	0	0	0	0	0	0	0	0	0	0
CAASILGGSYIPTF_CASSLPGAGELFF	0	1	0	0	0	0	0	0	0	0	0	0	0	0	0	0	0	0	0	0	0	0	0	0	0
CAASILNDYKLSF_CAISESEWVSGSSDEQFF	0	1	0	0	0	0	0	0	0	0	0	0	0	0	0	0	0	0	0	0	0	0	0	0	0
CAASINGGNQFYF_CASSLGGAFSQPQHF	0	0	0	0	0	0	0	0	0	0	0	0	1	0	0	0	0	0	0	0	0	0	0	0	0
CAASINNARLMF_CATSRGWEDGYTF	0	1	0	0	0	0	0	0	0	0	0	0	0	0	0	0	0	0	0	0	0	0	0	0	0
CAASIPNFGNEKLTF_CASSEDTSYEQYF	0	1	0	0	0	0	0	0	0	0	0	0	0	0	0	0	0	0	0	0	0	0	0	0	0
CAASIREKLTF_CASSYDGGLYEQYF	0	1	0	0	0	0	0	0	0	0	0	0	0	0	0	0	0	0	0	0	0	0	0	0	0
CAASIRGTGNQFYF_CSARPGSAGDHTEAFF	0	0	0	0	0	0	0	1	0	0	0	0	0	0	0	0	0	0	0	0	0	0	0	0	0
CAASIRGYSTLTF_CASSLLSRGQETQYF	0	0	0	0	0	0	0	0	0	0	1	0	0	0	0	0	0	0	0	0	0	0	0	0	0
CAASIRQAGTALIF_CASRADTLYGYTF	0	0	0	1	0	0	0	0	0	0	0	0	0	0	0	0	0	0	0	0	0	0	0	0	0
CAASIRRYSSASKIIF_CASSGSLTGISYEQYF	0	1	0	0	0	0	0	0	0	0	0	0	0	0	0	0	0	0	0	0	0	0	0	0	0
CAASISFGNVLHC_CASSLGSYEQYF	0	1	0	0	0	0	0	0	0	0	0	0	0	0	0	0	0	0	0	0	0	0	0	0	0
CAASISGSARQLTF_CASRGLGYRNTGELFF	0	1	0	0	0	0	0	0	0	0	0	0	0	0	0	0	0	0	0	0	0	0	0	0	0
CAASISGSARQLTF_CATVGVAYEQYF	0	0	0	1	0	0	0	0	0	0	0	0	0	0	0	0	0	0	0	0	0	0	0	0	0
CAASISNTPLVF_CSVLGAGQGATDTQYF	0	1	0	0	0	0	0	0	0	0	0	0	0	0	0	0	0	0	0	0	0	0	0	0	0
CAASITPHKAAGNKLTF_CASSLASGGSSYNEQFF	0	0	0	0	0	0	0	0	0	0	1	0	0	0	0	0	0	0	0	0	0	0	0	0	0
CAASIVAGNMLTF_CSVVGQEKNYGYTF	0	0	0	1	0	0	0	0	0	0	0	0	0	0	0	0	0	0	0	0	0	0	0	0	0
CAASIVPNDYKLSF_CASSQGHNNYGYTF	0	0	0	0	0	0	0	0	0	0	0	0	0	0	0	1	0	0	0	0	0	0	0	0	0
CAASIYGQNFVF_CASSRQGETYEQYF	0	1	0	0	0	0	0	0	0	0	0	0	0	0	0	0	0	0	0	0	0	0	0	0	0
CAASIYGSRGGKLIF_CASSYDEIGPDSIYTGELFF	0	1	0	0	0	0	0	0	0	0	0	0	0	0	0	0	0	0	0	0	0	0	0	0	0
CAASKAGNQFYF_CASSGLAGGGDTQYF	0	1	0	0	0	0	0	0	0	0	0	0	0	0	0	0	0	0	0	0	0	0	0	0	0
CAASKANAGNMLTF_CASSSPGTATEAFF	0	0	0	0	0	0	0	0	0	1	0	0	0	0	0	0	0	0	0	0	0	0	0	0	0
CAASKAYNNNDMRF_CASKTGTGFYEQYF	0	0	0	1	0	0	0	0	0	0	0	0	0	0	0	0	0	0	0	0	0	0	0	0	0
CAASKDNYGQNFVF_CASSQGRARNTDTQYF	0	0	0	0	0	1	0	0	0	0	0	0	0	0	0	0	0	0	0	0	0	0	0	0	0
CAASKGGSYIPTF_CASSFGGLIGQPQHF	0	1	0	0	0	0	0	0	0	0	0	0	0	0	0	0	0	0	0	0	0	0	0	0	0
CAASKGNGNNRLAF_CASSSEGVQPQHF	0	1	0	0	0	0	0	0	0	0	0	0	0	0	0	0	0	0	0	0	0	0	0	0	0
CAASKGSARQLTF_CASSYRGGSEDTQYF	0	0	0	1	0	0	0	0	0	0	0	0	0	0	0	0	0	0	0	0	0	0	0	0	0
CAASKGSMTSGTYKYIF_CASSHRQGGGYTF	0	1	0	0	0	0	0	0	0	0	0	0	0	0	0	0	0	0	0	0	0	0	0	0	0
CAASKKGTDKLIF_CASSLEANTEAFF	0	0	0	0	0	0	0	0	0	0	1	0	0	0	0	0	0	0	0	0	0	0	0	0	0
CAASKNSGGYQKVTF_CASSTGPVLTDTQYF	0	0	0	1	0	0	0	0	0	0	0	0	0	0	0	0	0	0	0	0	0	0	0	0	0
CAASKRGSTLGRLYF_CSARDSDSPSSYNEQFF	0	0	0	0	0	0	0	1	0	0	0	0	0	0	0	0	0	0	0	0	0	0	0	0	0
CAASKWRQTGANNLFF_CASSYASGRANTGELFF	0	1	0	0	0	0	0	0	0	0	0	0	0	0	0	0	0	0	0	0	0	0	0	0	0
CAASLAGNQFYF_CASSVVGQGARGYTF	0	0	0	0	0	0	0	0	0	0	0	1	0	0	0	0	0	0	0	0	0	0	0	0	0
CAASLEWTGKLIF_CASSYSGGYTF	0	1	0	0	0	0	0	0	0	0	0	0	0	0	0	0	0	0	0	0	0	0	0	0	0
CAASLGAGSYQLTF_CSARASGGLTYEQYF	0	0	0	0	0	0	0	1	0	0	0	0	0	0	0	0	0	0	0	0	0	0	0	0	0
CAASLGGFKTIF_CASSSEGHQANYGYTF	0	0	0	0	0	0	0	0	0	0	1	0	0	0	0	0	0	0	0	0	0	0	0	0	0
CAASLIGNQFYF_CAWSAWDREAEAFF	0	1	0	0	0	0	0	0	0	0	0	0	0	0	0	0	0	0	0	0	0	0	0	0	0
CAASLINARLMF_CSAKADRVAFF	0	0	0	0	0	0	0	1	0	0	0	0	0	0	0	0	0	0	0	0	0	0	0	0	0
CAASLKRGSYIPTF_CASSYPTGNTEAFF	0	1	0	0	0	0	0	0	0	0	0	0	0	0	0	0	0	0	0	0	0	0	0	0	0
CAASLNTNAGKSTF_CASSVARRPDTQYF	0	0	0	1	0	0	0	0	0	0	0	0	0	0	0	0	0	0	0	0	0	0	0	0	0
CAASMDWRGANNLFF_CASSRDRSINEKLFF	0	0	0	0	0	0	0	0	0	1	0	0	0	0	0	0	0	0	0	0	0	0	0	0	0
CAASMGGFKTIF_CASSQDVGSEQYF	0	0	0	0	0	0	0	0	0	0	0	0	0	0	0	1	0	0	0	0	0	0	0	0	0
CAASMGGLTGGGNKLTF_CSARDRRGFYGYTF	0	0	0	0	0	0	0	1	0	0	0	0	0	0	0	0	0	0	0	0	0	0	0	0	0
CAASMRSARQLTF_CASSSPGQGAWGYTF	0	0	0	0	0	0	0	0	0	0	1	0	0	0	0	0	0	0	0	0	0	0	0	0	0
CAASMRSGANNLFF_CASSLVEGTEAFF	0	1	0	0	0	0	0	0	0	0	0	0	0	0	0	0	0	0	0	0	0	0	0	0	0
CAASMSGNTGKLIF_CASTPLGTGVTEAFF	0	0	0	0	0	0	0	0	1	0	0	0	0	0	0	0	0	0	0	0	0	0	0	0	0
CAASMSGTYKYIF_CASGPFQRGNEQFF	0	1	0	0	0	0	0	0	0	0	0	0	0	0	0	0	0	0	0	0	0	0	0	0	0
CAASNGLTGGGNKLTF_CASSFGQGTDTQYF	0	1	0	0	0	0	0	0	0	0	0	0	0	0	0	0	0	0	0	0	0	0	0	0	0
CAASNGNSGYSTLTF_CASRVGRHSGAGNTEAFF	0	1	0	0	0	0	0	0	0	0	0	0	0	0	0	0	0	0	0	0	0	0	0	0	0
CAASNHYSSASKIIF_CASSEGLGVLNTEAFF	0	1	0	0	0	0	0	0	0	0	0	0	0	0	0	0	0	0	0	0	0	0	0	0	0
CAASNPNTGTASKLTF_CASTFPGGSVYNEQFF	0	1	0	0	0	0	0	0	0	0	0	0	0	0	0	0	0	0	0	0	0	0	0	0	0
CAASNPPGNTGKLIF_CSARMWQETQYF	0	0	0	0	0	0	0	1	0	0	0	0	0	0	0	0	0	0	0	0	0	0	0	0	0
CAASNSGGSNYKLTF_CASSSVRQGKREVYGYTF	0	1	0	0	0	0	0	0	0	0	0	0	0	0	0	0	0	0	0	0	0	0	0	0	0
CAASNSGNTGKLIF_CSARKHQPANEKLFF	0	0	0	0	0	0	0	1	0	0	0	0	0	0	0	0	0	0	0	0	0	0	0	0	0
CAASNSGTGFQKLVF_CASSIRVRGWNTEAFF	0	0	0	1	0	0	0	0	0	0	0	0	0	0	0	0	0	0	0	0	0	0	0	0	0
CAASNTGNQFYF_CASSLDRGRGYTF	0	1	0	0	0	0	0	0	0	0	0	0	0	0	0	0	0	0	0	0	0	0	0	0	0
CAASNTGTASKLTF_NA	0	0	0	0	0	0	0	0	1	0	0	0	0	0	0	0	0	0	0	0	0	0	0	0	0
CAASNVNRGSTLGRLYF_CASSWGQGAGSYEQYF	0	1	0	0	0	0	0	0	0	0	0	0	0	0	0	0	0	0	0	0	0	0	0	0	0
CAASNWNAGNMLTF_CASSPQRVAGSYNEQFF	0	0	0	1	0	0	0	0	0	0	0	0	0	0	0	0	0	0	0	0	0	0	0	0	0
CAASPAGTYKYIF_CASSLGQTNTGELFF	0	0	0	1	0	0	0	0	0	0	0	0	0	0	0	0	0	0	0	0	0	0	0	0	0
CAASPFSGNTPLVF_CASSGRTTNEKLFF	0	1	0	0	0	0	0	0	0	0	0	0	0	0	0	0	0	0	0	0	0	0	0	0	0
CAASPFTGTASKLTF_CASRFRRGGPGELFF	0	1	0	0	0	0	0	0	0	0	0	0	0	0	0	0	0	0	0	0	0	0	0	0	0
CAASPGLNFGNEKLTF_CASSSHRSGDEQYF	0	0	0	1	0	0	0	0	0	0	0	0	0	0	0	0	0	0	0	0	0	0	0	0	0
CAASPGNSGNTPLVF_CSARRSGPTNQPQHF	0	0	0	0	0	0	0	1	0	0	0	0	0	0	0	0	0	0	0	0	0	0	0	0	0
CAASPHNYGQNFVF_CASRWDRANGELFF	0	0	0	1	0	0	0	0	0	0	0	0	0	0	0	0	0	0	0	0	0	0	0	0	0
CAASPKGGSEKLVF_CASGLNTEAFF	0	1	0	0	0	0	0	0	0	0	0	0	0	0	0	0	0	0	0	0	0	0	0	0	0
CAASPPRTGGFKTIF_CASSETPSSYEQYF	0	0	0	1	0	0	0	0	0	0	0	0	0	0	0	0	0	0	0	0	0	0	0	0	0
CAASPPWGSRLTF_CASSHVVGQGIYGYTF	0	1	0	0	0	0	0	0	0	0	0	0	0	0	0	0	0	0	0	0	0	0	0	0	0
CAASPRYRSGGYQKVTF_CASRGQGNEQFF	0	0	0	1	0	0	0	0	0	0	0	0	0	0	0	0	0	0	0	0	0	0	0	0	0
CAASQAGTALIF_CASSLSGVSPGANVLTF	0	0	0	0	0	0	0	0	0	0	0	1	0	0	0	0	0	0	0	0	0	0	0	0	0
CAASQEYGNKLVF_CASSQVWTGEAPEAFF	0	1	0	0	0	0	0	0	0	0	0	0	0	0	0	0	0	0	0	0	0	0	0	0	0
CAASQGSNYQLIW_CASSEGGRGIYEQYF	0	0	0	0	0	0	0	0	1	0	0	0	0	0	0	0	0	0	0	0	0	0	0	0	0
CAASQSNNDMRF_CASSPAYTVAYEQYF	0	0	0	0	0	0	0	0	0	0	0	0	0	0	0	0	0	0	0	0	0	1	0	0	0
CAASRAGGSYIPTF_CASTGTFANTGELFF	0	0	0	1	0	0	0	0	0	0	0	0	0	0	0	0	0	0	0	0	0	0	0	0	0
CAASRDDKIIF_CASSLGGEITNQPQHF	0	0	0	1	0	0	0	0	0	0	0	0	0	0	0	0	0	0	0	0	0	0	0	0	0
CAASRDDYKLSF_CASSFGQGTDTQYF	0	0	0	1	0	0	0	0	0	0	0	0	0	0	0	0	0	0	0	0	0	0	0	0	0
CAASRGDSNYQLIW_CASSPLGQGYEQFF	0	1	0	0	0	0	0	0	0	0	0	0	0	0	0	0	0	0	0	0	0	0	0	0	0
CAASRGGADGLTF_CASSFTGGNTEAFF	0	1	0	0	0	0	0	0	0	0	0	0	0	0	0	0	0	0	0	0	0	0	0	0	0
CAASRGIGGSQGNLIF_CASSLTAGYNSPLHF	0	1	0	0	0	0	0	0	0	0	0	0	0	0	0	0	0	0	0	0	0	0	0	0	0
CAASRGNQGGKLIF_CATSGRGADYQETQYF	0	0	0	0	0	0	0	0	1	0	0	0	0	0	0	0	0	0	0	0	0	0	0	0	0
CAASRGTGANNLFF_CASKGDTKGIWFGSTEAFF	0	1	0	0	0	0	0	0	0	0	0	0	0	0	0	0	0	0	0	0	0	0	0	0	0
CAASRGTGNQFYF_CSARGVSGSGEQYF	0	0	0	0	0	0	0	1	0	0	0	0	0	0	0	0	0	0	0	0	0	0	0	0	0
CAASRGYSTLTF_CASSPGPGQVTYEQYF	0	0	0	0	0	0	0	0	0	0	0	0	1	0	0	0	0	0	0	0	0	0	0	0	0
CAASRILNKFYF_CSVQVYNQPQHF	0	0	0	1	0	0	0	0	0	0	0	0	0	0	0	0	0	0	0	0	0	0	0	0	0
CAASRLSGSARQLTF_CASSGLRPTQYF	0	0	0	0	0	0	0	0	0	1	0	0	0	0	0	0	0	0	0	0	0	0	0	0	0
CAASRLTGGGNKLTF_NA	0	1	0	0	0	0	0	0	0	0	0	0	0	0	0	0	0	0	0	0	0	0	0	0	0
CAASRNNNDMRF_CASSSPWGTSGLSADTQYF	0	1	0	0	0	0	0	0	0	0	0	0	0	0	0	0	0	0	0	0	0	0	0	0	0
CAASRNQGGKLIF_CASSPYSGPYNEQFF	0	0	0	0	0	0	0	0	0	0	0	1	0	0	0	0	0	0	0	0	0	0	0	0	0
CAASRNTGNQFYF_CASSRGAYNSPLHF	0	0	0	1	0	0	0	0	0	0	0	0	0	0	0	0	0	0	0	0	0	0	0	0	0
CAASRRWDGGSQGNLIF_CASSSSGTGSWETQYF	0	0	0	0	0	0	0	0	0	0	0	1	0	0	0	0	0	0	0	0	0	0	0	0	0
CAASRTGGFKTIF_CASSTQGDEQYF	0	1	0	0	0	0	0	0	0	0	0	0	0	0	0	0	0	0	0	0	0	0	0	0	0
CAASRVYGGSQGNLIF_CASSRQGADTEAFF	0	1	0	0	0	0	0	0	0	0	0	0	0	0	0	0	0	0	0	0	0	0	0	0	0
CAASRWGADGLTF_CASSPRGTNYGYTF	0	1	0	0	0	0	0	0	0	0	0	0	0	0	0	0	0	0	0	0	0	0	0	0	0
CAASRYFGNEKLTF_CASSAGGLADTQYF	0	1	0	0	0	0	0	0	0	0	0	0	0	0	0	0	0	0	0	0	0	0	0	0	0
CAASRYGGSQGNLIF_CASSIDRYSNQPQHF	0	1	0	0	0	0	0	0	0	0	0	0	0	0	0	0	0	0	0	0	0	0	0	0	0
CAASSALSGNTPLVF_CASSQEGDRGYEQYF	0	0	0	1	0	0	0	0	0	0	0	0	0	0	0	0	0	0	0	0	0	0	0	0	0
CAASSDGQNFVF_CASSPFPGQNTEAFF	0	0	0	0	0	0	0	0	0	0	0	0	0	0	0	0	0	0	0	0	0	1	0	0	0
CAASSGANNLFF_CASSLARASNEKLFF	0	0	0	0	0	0	0	0	0	0	1	0	0	0	0	0	0	0	0	0	0	0	0	0	0
CAASSGQGFSFIF_CASSYSWTGYTEAFF	0	0	0	0	0	1	0	0	0	0	0	0	0	0	0	0	0	0	0	0	0	0	0	0	0
CAASSGTGFQKLVF_CASSWTGPNTEAFF	0	0	0	1	0	0	0	0	0	0	0	0	0	0	0	0	0	0	0	0	0	0	0	0	0
CAASSHTGTASKLTF_CASSQETGLNTEAFF	0	0	0	0	0	0	0	0	0	0	0	0	0	0	0	0	0	0	0	0	0	1	0	0	0
CAASSNTGKLIF_CASSLTGLVSDEQFF	0	0	0	1	0	0	0	0	0	0	0	0	0	0	0	0	0	0	0	0	0	0	0	0	0
CAASSPNTGNQFYF_CASSLSGTGTGNTIYF	0	1	0	0	0	0	0	0	0	0	0	0	0	0	0	0	0	0	0	0	0	0	0	0	0
CAASSQEAGTYKYIF_CASGTSGSYNEQFF	0	0	0	1	0	0	0	0	0	0	0	0	0	0	0	0	0	0	0	0	0	0	0	0	0
CAASSRGQGGKLIF_CSVRDRYNEKLFF	0	1	0	0	0	0	0	0	0	0	0	0	0	0	0	0	0	0	0	0	0	0	0	0	0
CAASSRGSTLGRLYF_CASSSRRAGATNTEAFF	0	1	0	0	0	0	0	0	0	0	0	0	0	0	0	0	0	0	0	0	0	0	0	0	0
CAASSRSGGGADGLTF_CSANGGDGYTF	0	0	0	0	0	0	0	0	0	0	0	0	0	0	0	0	0	0	0	0	0	0	0	0	1
CAASSRWAGYSTLTF_NA	0	1	0	0	0	0	0	0	0	0	0	0	0	0	0	0	0	0	0	0	0	0	0	0	0
CAASSRYGNKLVF_CSAWTSGRTDTQYF	0	0	0	0	0	0	0	1	0	0	0	0	0	0	0	0	0	0	0	0	0	0	0	0	0
CAASSSGNTGKLIF_CASSYSRGTEAFF	0	0	0	1	0	0	0	0	0	0	0	0	0	0	0	0	0	0	0	0	0	0	0	0	0
CAASSSGTYKYIF_CASSLDRGRNQPQHF	0	1	0	0	0	0	0	0	0	0	0	0	0	0	0	0	0	0	0	0	0	0	0	0	0
CAASSSNTGKLIF_CATSSRDRTRAGYTF	0	1	0	0	0	0	0	0	0	0	0	0	0	0	0	0	0	0	0	0	0	0	0	0	0
CAASSSPGRKLIF_CASSIAGTYGYTF	0	1	0	0	0	0	0	0	0	0	0	0	0	0	0	0	0	0	0	0	0	0	0	0	0
CAASSSTGGFKTIF_CAISQGQGPYEQYF	0	1	0	0	0	0	0	0	0	0	0	0	0	0	0	0	0	0	0	0	0	0	0	0	0
CAASSYSGAGSYQLTF_CASSLFPIGPGGYTF	0	0	0	1	0	0	0	0	0	0	0	0	0	0	0	0	0	0	0	0	0	0	0	0	0
CAASTENSGYSTLTF_CASSRLAGRRGEDEQFF	0	0	0	1	0	0	0	0	0	0	0	0	0	0	0	0	0	0	0	0	0	0	0	0	0
CAASTGKLIF_CASSRSGGHPNYGYTF	0	0	0	0	0	0	0	0	0	0	1	0	0	0	0	0	0	0	0	0	0	0	0	0	0
CAASTGTASKLTF_CSARTHRTYEQYF	0	0	0	0	0	0	0	1	0	0	0	0	0	0	0	0	0	0	0	0	0	0	0	0	0
CAASTNNARLMF_CASRSSYSGNTIYF	0	0	0	0	0	0	0	0	0	0	1	0	0	0	0	0	0	0	0	0	0	0	0	0	0
CAASTNSGYALNF_CSAVLRQVEKAFF	0	0	0	0	0	0	0	1	0	0	0	0	0	0	0	0	0	0	0	0	0	0	0	0	0
CAASTSGTNAGKSTF_CASSLARVANYGYTF	0	0	0	1	0	0	0	0	0	0	0	0	0	0	0	0	0	0	0	0	0	0	0	0	0
CAASTWAGGFKTIF_CASSPTGQADTEAFF	0	0	0	0	0	0	0	0	1	0	0	0	0	0	0	0	0	0	0	0	0	0	0	0	0
CAASVAGTGNQFYF_CSARVLAGANVLTF	0	0	0	0	0	0	0	1	0	0	0	0	0	0	0	0	0	0	0	0	0	0	0	0	0
CAASVGLGANSKLTF_CASSSLTGVGEKLFF	0	1	0	0	0	0	0	0	0	0	0	0	0	0	0	0	0	0	0	0	0	0	0	0	0
CAASVGSSNTGKLIF_CASSQVGGSYTDTQYF	0	0	0	0	0	0	0	0	0	0	0	0	0	0	0	1	0	0	0	0	0	0	0	0	0
CAASVGYALNF_CASSFQTGSAYEQYF	0	1	0	0	0	0	0	0	0	0	0	0	0	0	0	0	0	0	0	0	0	0	0	0	0
CAASVISNTGNQFYF_CASSDPSGRGEQYF	0	1	0	0	0	0	0	0	0	0	0	0	0	0	0	0	0	0	0	0	0	0	0	0	0
CAASVRSGGGADGLTF_CASSYTAYTEAFF	0	0	0	0	0	0	0	0	0	0	0	0	0	0	0	0	0	0	0	0	0	1	0	0	0
CAASWGYGNKLVF_CASGGEGSGKGNEQFF	0	0	0	0	0	1	0	0	0	0	0	0	0	0	0	0	0	0	0	0	0	0	0	0	0
CAASWKGRGETSGSRLTF_CSASYHTAQYF	0	0	0	0	0	0	0	1	0	0	0	0	0	0	0	0	0	0	0	0	0	0	0	0	0
CAASWTGGYNKLIF_CASSQGLAEGEFF	0	1	0	0	0	0	0	0	0	0	0	0	0	0	0	0	0	0	0	0	0	0	0	0	0
CAASWVESGTYKYIF_CASSSRIYNEQFF	0	1	0	0	0	0	0	0	0	0	0	0	0	0	0	0	0	0	0	0	0	0	0	0	0
CAASYFTNAGKSTF_CASSYSRTVSAGNTIYF	0	0	0	0	0	1	0	0	0	0	0	0	0	0	0	0	0	0	0	0	0	0	0	0	0
CAATEGNYGQNFVF_CAWRDRRNTEAFF	0	0	0	1	0	0	0	0	0	0	0	0	0	0	0	0	0	0	0	0	0	0	0	0	0
CAATFAAGNKLTF_CASGLSQGSGNYGYTF	0	1	0	0	0	0	0	0	0	0	0	0	0	0	0	0	0	0	0	0	0	0	0	0	0
CAATFPLYKLSF_CASSHYGGQQETQYF	0	0	0	0	0	0	0	0	0	0	0	0	0	0	0	1	0	0	0	0	0	0	0	0	0
CAATFRRGATNKLIF_CSAADRRVGAFF	0	0	0	0	0	0	0	1	0	0	0	0	0	0	0	0	0	0	0	0	0	0	0	0	0
CAATGFSGGGADGLTF_CASSLGLGPGELFF	0	0	0	1	0	0	0	0	0	0	0	0	0	0	0	0	0	0	0	0	0	0	0	0	0
CAATGGFKTIF_CASSLEGGKYQPQHF	0	0	0	0	0	0	0	0	0	0	0	1	0	0	0	0	0	0	0	0	0	0	0	0	0
CAATGGGNKLTF_CASSLANRGSGNTIYF	0	0	0	0	0	0	0	0	0	0	1	0	0	0	0	0	0	0	0	0	0	0	0	0	0
CAATGTASKLTF_CASSFLRGLHTEAFF	0	1	0	0	0	0	0	0	0	0	0	0	0	0	0	0	0	0	0	0	0	0	0	0	0
CAATGTASKLTF_CASSPRWGSPYEQYF	0	0	0	1	0	0	0	0	0	0	0	0	0	0	0	0	0	0	0	0	0	0	0	0	0
CAATINSPTGSARQLTF_CASSYDITDEETQYF	0	1	0	0	0	0	0	0	0	0	0	0	0	0	0	0	0	0	0	0	0	0	0	0	0
CAATKTSGSRLTF_CASSWSLPGTRGTGELFF	0	1	0	0	0	0	0	0	0	0	0	0	0	0	0	0	0	0	0	0	0	0	0	0	0
CAATLNQGGKLIF_CASSRPLDRTETQYF	0	0	0	1	0	0	0	0	0	0	0	0	0	0	0	0	0	0	0	0	0	0	0	0	0
CAATLPMEYGNKLVF_CASSELDSNSPLHF	0	1	0	0	0	0	0	0	0	0	0	0	0	0	0	0	0	0	0	0	0	0	0	0	0
CAATMDSNYQLIW_CASSPTGNSNQPQHF	0	1	0	0	0	0	0	0	0	0	0	0	0	0	0	0	0	0	0	0	0	0	0	0	0
CAATPGNSNYKLTF_CASSYYLRSTAAYEQYF	0	1	0	0	0	0	0	0	0	0	0	0	0	0	0	0	0	0	0	0	0	0	0	0	0
CAATPMYSGGGADGLTF_CASALRTSGRAGEQYF	0	1	0	0	0	0	0	0	0	0	0	0	0	0	0	0	0	0	0	0	0	0	0	0	0
CAATPPGDDMRF_CASSSGQGDSYEQYF	0	0	0	1	0	0	0	0	0	0	0	0	0	0	0	0	0	0	0	0	0	0	0	0	0
CAATPSNTGKLIF_CASSPGLGQSYEQYF	0	1	0	0	0	0	0	0	0	0	0	0	0	0	0	0	0	0	0	0	0	0	0	0	0
CAATPSTGNQFYF_CATSRDWSGNTIYF	0	1	0	0	0	0	0	0	0	0	0	0	0	0	0	0	0	0	0	0	0	0	0	0	0
CAATRGNTGFQKLVF_CASSFGATGPLHF	0	0	0	0	0	1	0	0	0	0	0	0	0	0	0	0	0	0	0	0	0	0	0	0	0
CAATRIYGGSQGNLIF_CASSPGLAETQYF	0	1	0	0	0	0	0	0	0	0	0	0	0	0	0	0	0	0	0	0	0	0	0	0	0
CAATSFSGNTGKLIF_CASRTSGGYEQYF	0	0	0	0	0	0	0	0	0	0	0	0	0	0	0	1	0	0	0	0	0	0	0	0	0
CAATSGGSYIPTF_CASSLGGSGSYNEQFF	0	0	0	0	0	0	0	0	0	0	0	0	1	0	0	0	0	0	0	0	0	0	0	0	0
CAATSSGNTPLVF_CASSPGQGWDTEAFF	0	0	0	1	0	0	0	0	0	0	0	0	0	0	0	0	0	0	0	0	0	0	0	0	0
CAATTLVF_CASSFGTGRGSQKLFF	0	1	0	0	0	0	0	0	0	0	0	0	0	0	0	0	0	0	0	0	0	0	0	0	0
CAATVRGSGGSNYKLTF_CASSSGGPTYEQYF	0	1	0	0	0	0	0	0	0	0	0	0	0	0	0	0	0	0	0	0	0	0	0	0	0
CAATYQGGKLIF_CASSPGTSSTDTQYF	0	0	0	0	0	0	0	0	0	0	0	0	1	0	0	0	0	0	0	0	0	0	0	0	0
CAAVAQGGSEKLVF_CASSRPRSPQETQYF	0	1	0	0	0	0	0	0	0	0	0	0	0	0	0	0	0	0	0	0	0	0	0	0	0
CAAVGGLTF_CASSGPIAASSTDTQYF	0	0	0	1	0	0	0	0	0	0	0	0	0	0	0	0	0	0	0	0	0	0	0	0	0
CAAVHYGGATNKLIF_CASSWGLASQETQYF	0	1	0	0	0	0	0	0	0	0	0	0	0	0	0	0	0	0	0	0	0	0	0	0	0
CAAVNDYKLSF_CASSRRVPETQYF	0	1	0	0	0	0	0	0	0	0	0	0	0	0	0	0	0	0	0	0	0	0	0	0	0
CAAVQGAQKLVF_CSARGSPEHSSTEAFF	0	0	0	0	0	0	0	1	0	0	0	0	0	0	0	0	0	0	0	0	0	0	0	0	0
CAAVRAGNMLTF_CASSLAVATEQFF	0	0	0	0	0	0	0	0	0	0	1	0	0	0	0	0	0	0	0	0	0	0	0	0	0
CAAVTGGGNKLTF_CASSQALGTGGWAQYF	0	0	0	1	0	0	0	0	0	0	0	0	0	0	0	0	0	0	0	0	0	0	0	0	0
CAAWGGGGFKTIF_CASSPRFNLGRRQYGYTF	0	1	0	0	0	0	0	0	0	0	0	0	0	0	0	0	0	0	0	0	0	0	0	0	0
CAAWSQAGTALIF_CASRDNGGANTQYF	0	1	0	0	0	0	0	0	0	0	0	0	0	0	0	0	0	0	0	0	0	0	0	0	0
CAAYNFNKFYF_CASRSSGGGTDTQYF	0	0	0	1	0	0	0	0	0	0	0	0	0	0	0	0	0	0	0	0	0	0	0	0	0
CAAYNYGQNFVF_CASSLDPGTEAFF	0	0	0	1	0	0	0	0	0	0	0	0	0	0	0	0	0	0	0	0	0	0	0	0	0
CAAYSGSARQLTF_CASSQGASGGLSSYNEQFF	0	0	0	0	0	0	0	0	0	0	1	0	0	0	0	0	0	0	0	0	0	0	0	0	0
CAAYSRRGGSYIPTF_CSARDRGLTYNEQFF	0	0	0	0	0	0	0	1	0	0	0	0	0	0	0	0	0	0	0	0	0	0	0	0	0
CACDSGGGADGLTF_CASSGLQNTEAFF	0	1	0	0	0	0	0	0	0	0	0	0	0	0	0	0	0	0	0	0	0	0	0	0	0
CACGGSNYKLTF_CSARLPRNKNYEQYF	0	0	0	0	0	0	0	1	0	0	0	0	0	0	0	0	0	0	0	0	0	0	0	0	0
CACIRGGGNKLTF_CASSRDFSTDTQYF	0	1	0	0	0	0	0	0	0	0	0	0	0	0	0	0	0	0	0	0	0	0	0	0	0
CACLISSSAGKSTF_CASSLGASGNTIYF	0	0	0	1	0	0	0	0	0	0	0	0	0	0	0	0	0	0	0	0	0	0	0	0	0
CACLTGANNLFF_CASKRAGADWDEQFF	0	0	0	0	0	1	0	0	0	0	0	0	0	0	0	0	0	0	0	0	0	0	0	0	0
CACNSNYQLIW_CASSLAGVTNEKLFF	0	0	0	0	0	0	0	0	0	0	1	0	0	0	0	0	0	0	0	0	0	0	0	0	0
CACQGDDKIIF_NA	0	0	0	1	0	0	0	0	0	0	0	0	0	0	0	0	0	0	0	0	0	0	0	0	0
CACRSGNTGKLIF_CSVEPLAGVEETQYF	0	0	0	1	0	0	0	0	0	0	0	0	0	0	0	0	0	0	0	0	0	0	0	0	0
CACSGGSNYKLTF_CASSENWGEETQYF	0	1	0	0	0	0	0	0	0	0	0	0	0	0	0	0	0	0	0	0	0	0	0	0	0
CADGSARQLTF_CASSVGQGAYEQYF	0	0	0	1	0	0	0	0	0	0	0	0	0	0	0	0	0	0	0	0	0	0	0	0	0
CADLTTDSWGKLQF_CAWNRQRNTEAFF	0	1	0	0	0	0	0	0	0	0	0	0	0	0	0	0	0	0	0	0	0	0	0	0	0
CADLWNQGGKLIF_CASTSNPAGAEKLFF	0	0	0	1	0	0	0	0	0	0	0	0	0	0	0	0	0	0	0	0	0	0	0	0	0
CADPWGLMF_CATFLTSGGTYNEQFF	0	0	0	1	0	0	0	0	0	0	0	0	0	0	0	0	0	0	0	0	0	0	0	0	0
CADQGWGSNYKLTF_CASSLQGTEAFF	0	1	0	0	0	0	0	0	0	0	0	0	0	0	0	0	0	0	0	0	0	0	0	0	0
CADRGARLMF_CASSGQGNTGELFF	0	0	0	1	0	0	0	0	0	0	0	0	0	0	0	0	0	0	0	0	0	0	0	0	0
CADRLDGSARQLTF_CASSLGGARYGYTF	0	0	0	0	0	0	0	0	0	0	1	0	0	0	0	0	0	0	0	0	0	0	0	0	0
CADSRGYSGGGADGLTF_CAWSRGGSRSDTQYF	0	1	0	0	0	0	0	0	0	0	0	0	0	0	0	0	0	0	0	0	0	0	0	0	0
CADSSSASKIIF_CASSQDPSGIWTEAFF	0	0	0	1	0	0	0	0	0	0	0	0	0	0	0	0	0	0	0	0	0	0	0	0	0
CADSWTGGFKTIF_CASSVLGGSTDTQYF	0	0	0	0	0	0	0	0	0	0	0	0	1	0	0	0	0	0	0	0	0	0	0	0	0
CADTSGTYKYIF_CASQYGENTEAFF	0	0	0	1	0	0	0	0	0	0	0	0	0	0	0	0	0	0	0	0	0	0	0	0	0
CAEARPDGNEKLTF_CSASSGKTSYEQYF	0	0	0	0	0	0	0	1	0	0	0	0	0	0	0	0	0	0	0	0	0	0	0	0	0
CAECVGGNEKLTF_CASSPPLNTQYF	0	1	0	0	0	0	0	0	0	0	0	0	0	0	0	0	0	0	0	0	0	0	0	0	0
CAEEGFGNVLHC_CASSIGTGTGGYTF	0	0	0	0	0	0	0	0	0	0	1	0	0	0	0	0	0	0	0	0	0	0	0	0	0
CAEFQLSGTYKYIF_CASSWGGGDEQYF	0	1	0	0	0	0	0	0	0	0	0	0	0	0	0	0	0	0	0	0	0	0	0	0	0
CAEGFGNEKLTF_CASSLNGVTEAFF	0	0	0	0	0	0	0	0	0	0	0	0	1	0	0	0	0	0	0	0	0	0	0	0	0
CAEGGAQKLVF_CASSLRRGEQFF	0	0	0	1	0	0	0	0	0	0	0	0	0	0	0	0	0	0	0	0	0	0	0	0	0
CAEGGFTGTASKLTF_CSARQANTEAFF	0	0	0	0	0	0	0	1	0	0	0	0	0	0	0	0	0	0	0	0	0	0	0	0	0
CAEGGSQGNLIF_CASSRASLVFEQFF	0	0	0	1	0	0	0	0	0	0	0	0	0	0	0	0	0	0	0	0	0	0	0	0	0
CAEGNYGQNFVF_CASSVGVGKGLEQYF	0	1	0	0	0	0	0	0	0	0	0	0	0	0	0	0	0	0	0	0	0	0	0	0	0
CAEGTGGSYIPTF_CASSYSGRADSPLHF	0	1	0	0	0	0	0	0	0	0	0	0	0	0	0	0	0	0	0	0	0	0	0	0	0
CAEIANFNKFYF_CSARDLDGYGYTF	0	0	0	0	0	0	0	0	1	0	0	0	0	0	0	0	0	0	0	0	0	0	0	0	0
CAEIGGKLIF_CASSLGNMNTEAFF	0	0	0	1	0	0	0	0	0	0	0	0	0	0	0	0	0	0	0	0	0	0	0	0	0
CAEIGGSYIPTF_CAWGDSSTDTQYF	0	0	0	0	0	0	0	0	1	0	0	0	0	0	0	0	0	0	0	0	0	0	0	0	0
CAEIHNQAGTALIF_CASSDGTLLSYEQYF	0	1	0	0	0	0	0	0	0	0	0	0	0	0	0	0	0	0	0	0	0	0	0	0	0
CAEIKGGGNKLTF_CASSYSGRADSYF	0	0	0	0	0	1	0	0	0	0	0	0	0	0	0	0	0	0	0	0	0	0	0	0	0
CAEILGHILTGGGNKLTF_CSAQSRGRLMETQYF	0	0	0	0	0	0	0	0	0	0	0	0	0	0	0	0	0	0	0	0	0	0	0	0	1
CAEILQGGKLIF_CASSAALTEAFF	0	0	0	0	0	0	0	0	1	0	0	0	0	0	0	0	0	0	0	0	0	0	0	0	0
CAEIPGSIGRGSYIPTF_CASSSRQGGYEQYF	0	0	0	1	0	0	0	0	0	0	0	0	0	0	0	0	0	0	0	0	0	0	0	0	0
CAEIPYNQGGKLIF_CASSLGNTEAFF	0	0	0	1	0	0	0	0	0	0	0	0	0	0	0	0	0	0	0	0	0	0	0	0	0
CAEIVGPGGGADGLTF_CAIGRGQDYEQYF	0	1	0	0	0	0	0	0	0	0	0	0	0	0	0	0	0	0	0	0	0	0	0	0	0
CAEIVGYSTLTF_CSAREGSPLHF	0	0	0	0	0	0	0	0	0	0	0	0	0	0	0	0	0	0	0	0	0	0	0	0	1
CAEIVSGGYQKVTF_CASSDREWEKLFF	0	1	0	0	0	0	0	0	0	0	0	0	0	0	0	0	0	0	0	0	0	0	0	0	0
CAEKASRGATNKLIF_CASRRTMNTEAFF	0	0	0	0	0	0	0	0	1	0	0	0	0	0	0	0	0	0	0	0	0	0	0	0	0
CAEKDFQKLVF_CASSPRTDMNTEAFF	0	0	0	0	0	0	0	0	0	0	0	0	1	0	0	0	0	0	0	0	0	0	0	0	0
CAEKEGGYSTLTF_CSAREGPRTGGTDTQYF	0	0	0	0	0	0	0	1	0	0	0	0	0	0	0	0	0	0	0	0	0	0	0	0	0
CAEKENAGNMLTF_CASSQDTGGSGYTF	0	1	0	0	0	0	0	0	0	0	0	0	0	0	0	0	0	0	0	0	0	0	0	0	0
CAEKFSDGQKLLF_CASSPTGGGESAEAFF	0	1	0	0	0	0	0	0	0	0	0	0	0	0	0	0	0	0	0	0	0	0	0	0	0
CAEKGAGNMLTF_CASSQDTSRRQETQYF	0	0	0	1	0	0	0	0	0	0	0	0	0	0	0	0	0	0	0	0	0	0	0	0	0
CAEKGFQKLVF_CASSITGYGYTF	0	0	0	1	0	0	0	0	0	0	0	0	0	0	0	0	0	0	0	0	0	0	0	0	0
CAEKGGKLIF_CASSDPAAEAFF	0	0	0	1	0	0	0	0	0	0	0	0	0	0	0	0	0	0	0	0	0	0	0	0	0
CAEKGSGTSYGKLTF_CASSPPGLARNEQFF	0	1	0	0	0	0	0	0	0	0	0	0	0	0	0	0	0	0	0	0	0	0	0	0	0
CAEKGSNFGNEKLTF_CASSPKGIDQPQHF	0	1	0	0	0	0	0	0	0	0	0	0	0	0	0	0	0	0	0	0	0	0	0	0	0
CAEKKGGSYIPTF_CASSMPSPGTTEAFF	0	0	0	0	0	0	0	0	0	0	0	0	1	0	0	0	0	0	0	0	0	0	0	0	0
CAEKLGEYNNNDMRF_CASSLGVFNEKLFF	0	0	0	0	0	0	0	0	0	0	0	0	0	0	0	0	0	0	0	0	0	1	0	0	0
CAEKLNGQKLLF_CASSPGGSYEQYF	0	0	0	0	0	0	0	0	0	0	0	1	0	0	0	0	0	0	0	0	0	0	0	0	0
CAEKPGNQFYF_CSARPGTSWTQHF	0	0	0	0	0	0	0	1	0	0	0	0	0	0	0	0	0	0	0	0	0	0	0	0	0
CAEKRRNNNARLMF_CASSYTTGTSGQETQYF	0	1	0	0	0	0	0	0	0	0	0	0	0	0	0	0	0	0	0	0	0	0	0	0	0
CAEKTGANNLFF_CASRGGLGNEAFF	0	1	0	0	0	0	0	0	0	0	0	0	0	0	0	0	0	0	0	0	0	0	0	0	0
CAEKVTDKLIF_CASSYSGGYTF	0	0	0	1	0	0	0	0	0	0	0	0	0	0	0	0	0	0	0	0	0	0	0	0	0
CAELGTGRRALTF_CASSPPGQGLQTQYF	0	1	0	0	0	0	0	0	0	0	0	0	0	0	0	0	0	0	0	0	0	0	0	0	0
CAELLSAGTYKYIF_CASRTLTSYEQYF	0	1	0	0	0	0	0	0	0	0	0	0	0	0	0	0	0	0	0	0	0	0	0	0	0
CAELQGGADGLTF_CASSLLRGNGNTIYF	0	0	0	1	0	0	0	0	0	0	0	0	0	0	0	0	0	0	0	0	0	0	0	0	0
CAELRSSNTGKLIF_CASSSRAGTGGVQQYF	0	0	0	0	0	0	0	0	0	0	1	0	0	0	0	0	0	0	0	0	0	0	0	0	0
CAEMDSSYKLIF_CSADKDGQNTEAFF	0	0	0	0	0	0	0	0	0	0	0	0	0	0	0	0	0	0	0	0	0	0	0	0	1
CAEMNQAGTALIF_CASSSGGTGDTQYF	0	0	0	0	0	0	0	0	0	0	1	0	0	0	0	0	0	0	0	0	0	0	0	0	0
CAEMPASGGYNKLIF_CASSSGQSYEQYF	0	0	0	1	0	0	0	0	0	0	0	0	0	0	0	0	0	0	0	0	0	0	0	0	0
CAEMPGYALNF_CASARRGTTGELFF	0	0	0	1	0	0	0	0	0	0	0	0	0	0	0	0	0	0	0	0	0	0	0	0	0
CAEMTGGFKTIF_CSALPRDRASYEQYF	0	0	0	0	0	0	0	1	0	0	0	0	0	0	0	0	0	0	0	0	0	0	0	0	0
CAENAGGTSYGKLTF_CASSLNAGANNSPLHF	0	1	0	0	0	0	0	0	0	0	0	0	0	0	0	0	0	0	0	0	0	0	0	0	0
CAENANNARLMF_CASSSTGVNEQYF	0	0	0	0	0	0	0	0	0	0	0	1	0	0	0	0	0	0	0	0	0	0	0	0	0
CAENDMGDDKIIF_CSASQLRGPGNTIYF	0	0	0	0	0	0	0	1	0	0	0	0	0	0	0	0	0	0	0	0	0	0	0	0	0
CAENDRAAGNKLTF_CASSPAARQGTYNEQFF	0	0	0	1	0	0	0	0	0	0	0	0	0	0	0	0	0	0	0	0	0	0	0	0	0
CAENEGFQKLVF_CASGKQGGYEQYF	0	1	0	0	0	0	0	0	0	0	0	0	0	0	0	0	0	0	0	0	0	0	0	0	0
CAENGEYGNKLVF_CASSLYENTGELFF	0	0	0	1	0	0	0	0	0	0	0	0	0	0	0	0	0	0	0	0	0	0	0	0	0
CAENGGRYGGSQGNLIF_CASSLSRITDTQYF	0	1	0	0	0	0	0	0	0	0	0	0	0	0	0	0	0	0	0	0	0	0	0	0	0
CAENGKGGSEKLVF_CSASLGLARNTQYF	0	0	0	0	0	0	0	1	0	0	0	0	0	0	0	0	0	0	0	0	0	0	0	0	0
CAENGSARQLTF_CASSSRGTRYTEAFF	0	0	0	1	0	0	0	0	0	0	0	0	0	0	0	0	0	0	0	0	0	0	0	0	0
CAENHLYGGATNKLIF_CAWSVQGPFLRSEQYF	0	1	0	0	0	0	0	0	0	0	0	0	0	0	0	0	0	0	0	0	0	0	0	0	0
CAENIAAGNKLTF_CASSVGDSINQPQHF	0	1	0	0	0	0	0	0	0	0	0	0	0	0	0	0	0	0	0	0	0	0	0	0	0
CAENIEGTALIF_CASSRGLAPSSGTQYF	0	1	0	0	0	0	0	0	0	0	0	0	0	0	0	0	0	0	0	0	0	0	0	0	0
CAENIKGGSYIPTF_CASSLTGVVGNTIYF	0	1	0	0	0	0	0	0	0	0	0	0	0	0	0	0	0	0	0	0	0	0	0	0	0
CAENILPNAGKSTF_CASSQAGATNEKLFF	0	1	0	0	0	0	0	0	0	0	0	0	0	0	0	0	0	0	0	0	0	0	0	0	0
CAENINNFNKFYF_CASSLGWGSGENQPQHF	0	0	0	0	0	0	0	0	0	0	0	0	1	0	0	0	0	0	0	0	0	0	0	0	0
CAENIRSSGDKLTF_CASSPPLTAKSSGNTIYF	0	1	0	0	0	0	0	0	0	0	0	0	0	0	0	0	0	0	0	0	0	0	0	0	0
CAENKAETGGSYIPTF_CASSYNRWEQFF	0	1	0	0	0	0	0	0	0	0	0	0	0	0	0	0	0	0	0	0	0	0	0	0	0
CAENKGYSTLTF_CASSPGGTSSEAFF	0	1	0	0	0	0	0	0	0	0	0	0	0	0	0	0	0	0	0	0	0	0	0	0	0
CAENKNNNDMRF_CSVKGQGSEQFF	0	1	0	0	0	0	0	0	0	0	0	0	0	0	0	0	0	0	0	0	0	0	0	0	0
CAENLASGGSNYKLTF_CATSRDDGPLGYTF	0	0	0	1	0	0	0	0	0	0	0	0	0	0	0	0	0	0	0	0	0	0	0	0	0
CAENLPRQNFVF_CASGLGGQGGETQYF	0	1	0	0	0	0	0	0	0	0	0	0	0	0	0	0	0	0	0	0	0	0	0	0	0
CAENLRGYSTLTF_CASSGGFTDTQYF	0	0	0	0	0	1	0	0	0	0	0	0	0	0	0	0	0	0	0	0	0	0	0	0	0
CAENLSYNKLIF_CASSEETQYF	0	1	0	0	0	0	0	0	0	0	0	0	0	0	0	0	0	0	0	0	0	0	0	0	0
CAENMANDRGSTLGRLYF_CASSLAGLAGGRDTGELFF	0	0	0	0	0	0	0	0	0	0	0	0	1	0	0	0	0	0	0	0	0	0	0	0	0
CAENMASGGSYIPTF_CASSFRVAGGLDEQFF	0	1	0	0	0	0	0	0	0	0	0	0	0	0	0	0	0	0	0	0	0	0	0	0	0
CAENMNRGGSYIPTF_CASSQAVSGGAGELFF	0	1	0	0	0	0	0	0	0	0	0	0	0	0	0	0	0	0	0	0	0	0	0	0	0
CAENPFFSGGYNKLIF_CSAATLVLAGGQGTDTQYF	0	0	0	0	0	0	0	1	0	0	0	0	0	0	0	0	0	0	0	0	0	0	0	0	0
CAENPFSDGQKLLF_CASSVPTFHNTDQPQHF	0	1	0	0	0	0	0	0	0	0	0	0	0	0	0	0	0	0	0	0	0	0	0	0	0
CAENPGNQFYF_NA	0	0	0	1	0	0	0	0	0	0	0	0	0	0	0	0	0	0	0	0	0	0	0	0	0
CAENPPGAAGNKLTF_CASSARGDADTQYF	0	0	0	1	0	0	0	0	0	0	0	0	0	0	0	0	0	0	0	0	0	0	0	0	0
CAENPRMDSSYKLIF_CASRSPGQGSGELFF	0	0	0	0	0	0	0	0	0	0	0	0	1	0	0	0	0	0	0	0	0	0	0	0	0
CAENRERRGNKLVF_CASSPRRGDTGELFF	0	1	0	0	0	0	0	0	0	0	0	0	0	0	0	0	0	0	0	0	0	0	0	0	0
CAENRINARLMF_CSASSGPDTQYF	0	0	0	0	0	0	0	1	0	0	0	0	0	0	0	0	0	0	0	0	0	0	0	0	0
CAENRRGAQKLVF_CATSFSGNEQFF	0	1	0	0	0	0	0	0	0	0	0	0	0	0	0	0	0	0	0	0	0	0	0	0	0
CAENRVNRDDKIIF_CASSLGSLGAFF	0	0	0	0	0	1	0	0	0	0	0	0	0	0	0	0	0	0	0	0	0	0	0	0	0
CAENRYSGGGADGLTF_CSVAQGYEQYF	0	0	0	1	0	0	0	0	0	0	0	0	0	0	0	0	0	0	0	0	0	0	0	0	0
CAENSGGGADGLTF_CASSYSLAEETQYF	0	0	0	1	0	0	0	0	0	0	0	0	0	0	0	0	0	0	0	0	0	0	0	0	0
CAENSGGYQKVTF_CSALYDLGLGNTIYF	0	0	0	0	0	0	0	0	0	0	0	0	0	0	0	0	0	0	0	0	0	0	0	0	1
CAENSGSGNTGKLIF_CASSRTGLPGNTIYF	0	0	0	0	0	0	0	0	0	0	0	0	0	0	0	0	0	0	0	0	0	1	0	0	0
CAENTDSGYSTLTF_CASSMKVPGDTEAFF	0	0	0	1	0	0	0	0	0	0	0	0	0	0	0	0	0	0	0	0	0	0	0	0	0
CAENTGGFKTIF_CASSHSRGAYNEQFF	0	0	0	0	0	1	0	0	0	0	0	0	0	0	0	0	0	0	0	0	0	0	0	0	0
CAENTGGFKTIF_CASSSRGDRLYNEQFF	0	0	0	1	0	0	0	0	0	0	0	0	0	0	0	0	0	0	0	0	0	0	0	0	0
CAENTRGYSTLTF_CAAERGPYSYEQYF	0	0	0	1	0	0	0	0	0	0	0	0	0	0	0	0	0	0	0	0	0	0	0	0	0
CAENYGGATNKLIF_CASSYGQIADTQYF	0	0	0	1	0	0	0	0	0	0	0	0	0	0	0	0	0	0	0	0	0	0	0	0	0
CAEPASGGYNKLIF_CASSLRQTNQPQHF	0	0	0	0	0	0	0	0	0	0	0	0	0	0	0	1	0	0	0	0	0	0	0	0	0
CAEPFANAGKSTF_CASSLSFQGYQPQHF	0	0	0	1	0	0	0	0	0	0	0	0	0	0	0	0	0	0	0	0	0	0	0	0	0
CAEPKGREGAQKLVF_CATNQNTGELFF	0	1	0	0	0	0	0	0	0	0	0	0	0	0	0	0	0	0	0	0	0	0	0	0	0
CAEPPPWGGYNKLIF_CASSYSPKGSQFRGEKLFF	0	1	0	0	0	0	0	0	0	0	0	0	0	0	0	0	0	0	0	0	0	0	0	0	0
CAEPQGAQKLVF_CASSRRGGDNSPLHF	0	0	0	0	0	0	0	0	0	1	0	0	0	0	0	0	0	0	0	0	0	0	0	0	0
CAEQGAQKLVF_CASSLLAGTEAFF	0	1	0	0	0	0	0	0	0	0	0	0	0	0	0	0	0	0	0	0	0	0	0	0	0
CAEQGGYQKVTF_CSARDRYEQYF	0	0	0	0	0	0	0	1	0	0	0	0	0	0	0	0	0	0	0	0	0	0	0	0	0
CAERDGGSQGNLIF_CASSGPRDSYNEQFF	0	0	0	0	0	0	0	0	0	0	0	0	1	0	0	0	0	0	0	0	0	0	0	0	0
CAERDSSASKIIF_CATSPGNTIYF	0	0	0	1	0	0	0	0	0	0	0	0	0	0	0	0	0	0	0	0	0	0	0	0	0
CAERDYIPTF_CASSYSGTGRNEQFF	0	0	0	0	0	0	0	0	0	0	1	0	0	0	0	0	0	0	0	0	0	0	0	0	0
CAERERGGSYIPTF_CASSPWTSGRAHEQYF	0	0	0	1	0	0	0	0	0	0	0	0	0	0	0	0	0	0	0	0	0	0	0	0	0
CAERETGRRALTF_CASKEGTYEQYF	0	1	0	0	0	0	0	0	0	0	0	0	0	0	0	0	0	0	0	0	0	0	0	0	0
CAERGAAGNKLTF_CSASPMDRINEKLFF	0	0	0	0	0	0	0	1	0	0	0	0	0	0	0	0	0	0	0	0	0	0	0	0	0
CAERGELTGGGNKLTF_CASSLGTGRLNTEAFF	0	1	0	0	0	0	0	0	0	0	0	0	0	0	0	0	0	0	0	0	0	0	0	0	0
CAERGGYNKLIF_CASSFGQGTNSPLHF	0	0	0	0	0	0	0	0	0	1	0	0	0	0	0	0	0	0	0	0	0	0	0	0	0
CAERGSGNTGKLIF_CASLSLDYGYTF	0	0	0	1	0	0	0	0	0	0	0	0	0	0	0	0	0	0	0	0	0	0	0	0	0
CAERGSYSSASKIIF_CASSAKQGRDGYTF	0	0	0	0	0	0	0	0	0	0	1	0	0	0	0	0	0	0	0	0	0	0	0	0	0
CAERGYNFNKFYF_CASSLEWSSRIEQFF	0	0	0	0	0	0	0	0	0	0	1	0	0	0	0	0	0	0	0	0	0	0	0	0	0
CAERNPAGANNLFF_CASSPAGLTGGSKNIQYF	0	1	0	0	0	0	0	0	0	0	0	0	0	0	0	0	0	0	0	0	0	0	0	0	0
CAERPPNSGGYQKVTF_CASSFGDRGRRWNTEAFF	0	1	0	0	0	0	0	0	0	0	0	0	0	0	0	0	0	0	0	0	0	0	0	0	0
CAERRAGNMLTF_CSVTDPERNEQFF	0	0	0	1	0	0	0	0	0	0	0	0	0	0	0	0	0	0	0	0	0	0	0	0	0
CAERRESGYALNF_CASSPRGEQGMNTEAFF	0	0	0	1	0	0	0	0	0	0	0	0	0	0	0	0	0	0	0	0	0	0	0	0	0
CAERRGAGTALIF_CASSSTPGVDYGYTF	0	0	0	1	0	0	0	0	0	0	0	0	0	0	0	0	0	0	0	0	0	0	0	0	0
CAERSGGYQKVTF_CASSQTSTGAYGYTF	0	0	0	0	0	0	0	0	0	0	0	0	0	0	0	1	0	0	0	0	0	0	0	0	0
CAERSGNTGKLIF_CASSSQDAEAFF	0	0	0	1	0	0	0	0	0	0	0	0	0	0	0	0	0	0	0	0	0	0	0	0	0
CAERSNDYKLSF_CASSPPQGLHAEAFF	0	0	0	1	0	0	0	0	0	0	0	0	0	0	0	0	0	0	0	0	0	0	0	0	0
CAERSNYQLIW_CASEYGTGVFAGELFF	0	0	0	1	0	0	0	0	0	0	0	0	0	0	0	0	0	0	0	0	0	0	0	0	0
CAERTPGFQKLVF_CASEGVISYEQYF	0	0	0	0	0	0	0	0	1	0	0	0	0	0	0	0	0	0	0	0	0	0	0	0	0
CAERTSYDKVIF_CASSLERRRQETQYF	0	0	0	0	0	0	0	0	0	0	0	1	0	0	0	0	0	0	0	0	0	0	0	0	0
CAERTSYDKVIF_NA	0	0	0	1	0	0	0	0	0	0	0	0	0	0	0	0	0	0	0	0	0	0	0	0	0
CAERVFSGGYNKLIF_CASSLEGLPGAGELFF	0	1	0	0	0	0	0	0	0	0	0	0	0	0	0	0	0	0	0	0	0	0	0	0	0
CAERVPGGTSYGKLTF_CAWSMGGVGEQYF	0	1	0	0	0	0	0	0	0	0	0	0	0	0	0	0	0	0	0	0	0	0	0	0	0
CAERVRKLIF_CASSFSGTEAFF	0	0	0	0	0	0	0	0	0	0	1	0	0	0	0	0	0	0	0	0	0	0	0	0	0
CAERWGYQKVTF_CASSLPGGDALNEQFF	0	0	0	1	0	0	0	0	0	0	0	0	0	0	0	0	0	0	0	0	0	0	0	0	0
CAERYDYKLSF_CASSKEGATSYEQYF	0	1	0	0	0	0	0	0	0	0	0	0	0	0	0	0	0	0	0	0	0	0	0	0	0
CAERYNQGGKLIF_CASSHTGAGVVGTEAFF	0	1	0	0	0	0	0	0	0	0	0	0	0	0	0	0	0	0	0	0	0	0	0	0	0
CAESDRGYSTLTF_CASSLSPDRFTEAFF	0	1	0	0	0	0	0	0	0	0	0	0	0	0	0	0	0	0	0	0	0	0	0	0	0
CAESFGNEKLTF_CASSLSQGADQPQHF	0	0	0	0	0	0	0	0	0	0	0	0	1	0	0	0	0	0	0	0	0	0	0	0	0
CAESFSYGNNRLAF_CSALGLGRNEQFF	0	0	0	0	0	0	0	1	0	0	0	0	0	0	0	0	0	0	0	0	0	0	0	0	0
CAESGHNQGGKLIF_CASSREQETQYF	0	1	0	0	0	0	0	0	0	0	0	0	0	0	0	0	0	0	0	0	0	0	0	0	0
CAESGSGYALNF_CARGGSGTTDTQYF	0	1	0	0	0	0	0	0	0	0	0	0	0	0	0	0	0	0	0	0	0	0	0	0	0
CAESGSSASKIIF_CASSPLTGEGEDTQYF	0	0	0	0	0	0	0	0	0	0	0	1	0	0	0	0	0	0	0	0	0	0	0	0	0
CAESIASGTYKYIF_CASSRGARTYEQYF	0	1	0	0	0	0	0	0	0	0	0	0	0	0	0	0	0	0	0	0	0	0	0	0	0
CAESIDDYKLSF_CASSLSQGDTEAFF	0	1	0	0	0	0	0	0	0	0	0	0	0	0	0	0	0	0	0	0	0	0	0	0	0
CAESIDGATNKLIF_CSVPKEDMYVDEQFF	0	0	0	0	0	0	0	0	1	0	0	0	0	0	0	0	0	0	0	0	0	0	0	0	0
CAESIGDYKLSF_CASSTRQGNTIYF	0	1	0	0	0	0	0	0	0	0	0	0	0	0	0	0	0	0	0	0	0	0	0	0	0
CAESIGGSSASKIIF_CSARNGGEAFF	0	0	0	0	0	0	0	0	0	0	0	0	0	0	0	0	0	0	0	0	0	0	0	0	1
CAESIGNQFYF_CSAPTLTSGLYEQYF	0	0	0	0	0	0	0	1	0	0	0	0	0	0	0	0	0	0	0	0	0	0	0	0	0
CAESIGYGGATNKLIF_CASSYGTGGRGGELFF	0	0	0	0	0	1	0	0	0	0	0	0	0	0	0	0	0	0	0	0	0	0	0	0	0
CAESINDYKLSF_CASSPDRGLQETQYF	0	1	0	0	0	0	0	0	0	0	0	0	0	0	0	0	0	0	0	0	0	0	0	0	0
CAESIPLRGKLIF_CSARGVRTEAFF	0	0	0	0	0	0	0	1	0	0	0	0	0	0	0	0	0	0	0	0	0	0	0	0	0
CAESIPRGYNKLIF_CASSERGTGVNEQFF	0	1	0	0	0	0	0	0	0	0	0	0	0	0	0	0	0	0	0	0	0	0	0	0	0
CAESIRRSQGNLIF_CASTPDEVPINSNQPQHF	0	1	0	0	0	0	0	0	0	0	0	0	0	0	0	0	0	0	0	0	0	0	0	0	0
CAESKGSNYQLIW_CASSLAGGNTGELFF	0	0	0	0	0	0	0	0	0	0	0	1	0	0	0	0	0	0	0	0	0	0	0	0	0
CAESLQAGTALIF_CASSSGTGGIDTQYF	0	0	0	0	0	2	0	0	0	0	0	0	0	0	0	0	0	0	0	0	0	0	0	0	0
CAESLSGYALNF_CASSSPSGGYEQYF	0	0	0	0	0	0	0	0	0	0	1	0	0	0	0	0	0	0	0	0	0	0	0	0	0
CAESLTSGGYNKLIF_CASSQSVGELFF	0	0	0	0	0	0	0	0	0	0	0	0	0	0	0	1	0	0	0	0	0	0	0	0	0
CAESLTTDSWGKFQF_CASTPVPPSAQPQHF	0	0	0	1	0	0	0	0	0	0	0	0	0	0	0	0	0	0	0	0	0	0	0	0	0
CAESMEYGQNFVF_CASSPGQLNSPLHF	0	0	0	0	0	0	0	0	1	0	0	0	0	0	0	0	0	0	0	0	0	0	0	0	0
CAESNPKSTGRRALTF_CASSPGGPQHF	0	0	0	1	0	0	0	0	0	0	0	0	0	0	0	0	0	0	0	0	0	0	0	0	0
CAESNTDKLIF_CASSESGTDTQYF	0	0	0	1	0	0	0	0	0	0	0	0	0	0	0	0	0	0	0	0	0	0	0	0	0
CAESPNYGQNFVF_CASSAQGNRYEQYF	0	0	0	1	0	0	0	0	0	0	0	0	0	0	0	0	0	0	0	0	0	0	0	0	0
CAESPPPGRRALTF_CASSPTRQAGEQYF	0	0	0	1	0	0	0	0	0	0	0	0	0	0	0	0	0	0	0	0	0	0	0	0	0
CAESPPTGGFKTIF_NA	0	0	0	0	0	0	0	0	1	0	0	0	0	0	0	0	0	0	0	0	0	0	0	0	0
CAESPSSGGYNKLIF_CASSSRRGIDEQYF	0	1	0	0	0	0	0	0	0	0	0	0	0	0	0	0	0	0	0	0	0	0	0	0	0
CAESQGGYQKVTF_CASSIHNEQFF	0	0	0	1	0	0	0	0	0	0	0	0	0	0	0	0	0	0	0	0	0	0	0	0	0
CAESRDGATNKLIF_CASSPFAGRALETQYF	0	0	0	0	0	0	0	0	0	0	0	0	0	0	0	0	0	0	0	0	0	1	0	0	0
CAESRDSYKLIF_CASSGRRGGPTDTQYF	0	0	0	0	0	0	0	0	0	0	0	0	0	0	0	1	0	0	0	0	0	0	0	0	0
CAESRDTGGFKTIF_NA	0	0	0	1	0	0	0	0	0	0	0	0	0	0	0	0	0	0	0	0	0	0	0	0	0
CAESRRNNNARLMF_CASSLEIPGQGWDTQYF	0	1	0	0	0	0	0	0	0	0	0	0	0	0	0	0	0	0	0	0	0	0	0	0	0
CAESSGNARLMF_CSASGGASDTQYF	0	0	0	0	0	0	0	1	0	0	0	0	0	0	0	0	0	0	0	0	0	0	0	0	0
CAESSSGGSYIPTF_CASSQTGGGTDTQYF	0	1	0	0	0	0	0	0	0	0	0	0	0	0	0	0	0	0	0	0	0	0	0	0	0
CAESSTSGTYKYIF_CASASAIYGYTF	0	1	0	0	0	0	0	0	0	0	0	0	0	0	0	0	0	0	0	0	0	0	0	0	0
CAESTGNAGNMLTF_CASSILISYEQYF	0	0	0	1	0	0	0	0	0	0	0	0	0	0	0	0	0	0	0	0	0	0	0	0	0
CAESTRGGAAGNKLTF_CASSPQGLAGVGYEQYF	0	0	0	1	0	0	0	0	0	0	0	0	0	0	0	0	0	0	0	0	0	0	0	0	0
CAESTTSGTYKYIF_CSVLPGQGNYGYTF	0	0	0	1	0	0	0	0	0	0	0	0	0	0	0	0	0	0	0	0	0	0	0	0	0
CAETAGTASKLTF_CASSLGSNIQYF	0	0	0	0	0	1	0	0	0	0	0	0	0	0	0	0	0	0	0	0	0	0	0	0	0
CAETDNYGQNFVF_CSAPRDVGKLFF	0	0	0	0	0	0	0	1	0	0	0	0	0	0	0	0	0	0	0	0	0	0	0	0	0
CAETEAAGNKLTF_CATSDLTSVWGDAGELFF	0	0	0	1	0	0	0	0	0	0	0	0	0	0	0	0	0	0	0	0	0	0	0	0	0
CAETEGYGGSQGNLIF_CAIRAAGRAQETQYF	0	1	0	0	0	0	0	0	0	0	0	0	0	0	0	0	0	0	0	0	0	0	0	0	0
CAETLDRGSTLGRLYF_CASRAGGSDEQYF	0	0	0	0	0	1	0	0	0	0	0	0	0	0	0	0	0	0	0	0	0	0	0	0	0
CAETLFNDMRF_CASSYGTGIENTEAFF	0	0	0	1	0	0	0	0	0	0	0	0	0	0	0	0	0	0	0	0	0	0	0	0	0
CAETLSGNTGKLIF_CSVGRGAVAKNIQYF	0	0	0	0	0	0	0	1	0	0	0	0	0	0	0	0	0	0	0	0	0	0	0	0	0
CAETNYGGSQGNLIF_CASSQDVREKLFF	0	1	0	0	0	0	0	0	0	0	0	0	0	0	0	0	0	0	0	0	0	0	0	0	0
CAETPGGYQKVTF_CASSFLTGGGANVLTF	0	1	0	0	0	0	0	0	0	0	0	0	0	0	0	0	0	0	0	0	0	0	0	0	0
CAETPQAGTALIF_CASRDSWASYGYTF	0	0	0	1	0	0	0	0	0	0	0	0	0	0	0	0	0	0	0	0	0	0	0	0	0
CAETPQGGSYIPTF_CASSPLGQGYNSPLHF	0	0	0	0	0	0	0	0	0	0	1	0	0	0	0	0	0	0	0	0	0	0	0	0	0
CAETPYGGYQKVTF_CSARAVISGSPSGNTIYF	0	0	0	0	0	0	0	1	0	0	0	0	0	0	0	0	0	0	0	0	0	0	0	0	0
CAETPYSTLTF_CATSTSNTEAFF	0	1	0	0	0	0	0	0	0	0	0	0	0	0	0	0	0	0	0	0	0	0	0	0	0
CAETSGGTSYGKLTF_CASSPGLAGGWEQYF	0	0	0	1	0	0	0	0	0	0	0	0	0	0	0	0	0	0	0	0	0	0	0	0	0
CAETVRGSTLGRLYF_CASTQTGIANEKLFF	0	1	0	0	0	0	0	0	0	0	0	0	0	0	0	0	0	0	0	0	0	0	0	0	0
CAEVFSGGYNKLIF_CSARVRGSNRETQYF	0	0	0	0	0	0	0	1	0	0	0	0	0	0	0	0	0	0	0	0	0	0	0	0	0
CAEWGGGFKTIF_CASSLGRNNQPQHF	0	0	0	0	0	0	0	0	0	0	1	0	0	0	0	0	0	0	0	0	0	0	0	0	0
CAFAIYNQGGKLIF_CASSPNPSSYNEQFF	0	1	0	0	0	0	0	0	0	0	0	0	0	0	0	0	0	0	0	0	0	0	0	0	0
CAFANDYKLSF_CSARETGVSYEQYF	0	0	0	0	0	0	0	0	0	0	0	0	0	0	0	0	0	0	0	0	0	0	0	0	1
CAFCTPPTASKLTF_CASSYAQSQLGETQYF	0	1	0	0	0	0	0	0	0	0	0	0	0	0	0	0	0	0	0	0	0	0	0	0	0
CAFDGSGNTGKLIF_CASSLNRASYEQYF	0	0	0	0	0	0	0	0	0	0	0	1	0	0	0	0	0	0	0	0	0	0	0	0	0
CAFDHNQGGKLIF_CSASSGYPYEQYF	0	0	0	0	0	0	0	1	0	0	0	0	0	0	0	0	0	0	0	0	0	0	0	0	0
CAFEGSSGDKLTF_CASSLGQFGSGANVLTF	0	0	0	0	0	0	0	0	1	0	0	0	0	0	0	0	0	0	0	0	0	0	0	0	0
CAFELSGGYQKVTF_CASSPWAVKVNEQFF	0	0	0	1	0	0	0	0	0	0	0	0	0	0	0	0	0	0	0	0	0	0	0	0	0
CAFGPNTGGFKTIF_CASSLDVTSYNEQFF	0	0	0	1	0	0	0	0	0	0	0	0	0	0	0	0	0	0	0	0	0	0	0	0	0
CAFGSGNTGKLIF_CASSPPGTVSGNTIYF	0	1	0	0	0	0	0	0	0	0	0	0	0	0	0	0	0	0	0	0	0	0	0	0	0
CAFGTGTYKYIF_CASSQDLGHGETQYF	0	0	0	0	0	0	0	0	1	0	0	0	0	0	0	0	0	0	0	0	0	0	0	0	0
CAFGTNAGKSTF_CASSLVAESPLHF	0	0	0	0	0	0	0	0	0	0	1	0	0	0	0	0	0	0	0	0	0	0	0	0	0
CAFIGANTGNQFYF_CAISEKTGSGGNTIYF	0	0	0	0	0	0	1	0	0	0	0	0	0	0	0	0	0	0	0	0	0	0	0	0	0
CAFIGTSGTYKYIF_CASSLTSEAFF	0	1	0	0	0	0	0	0	0	0	0	0	0	0	0	0	0	0	0	0	0	0	0	0	0
CAFILQTGNQFYF_CASSLGTGGASGNTIYF	0	0	0	0	0	0	0	0	0	0	1	0	0	0	0	0	0	0	0	0	0	0	0	0	0
CAFIPEYGQNFVF_CASSPGQTYEQYF	0	0	0	1	0	0	0	0	0	0	0	0	0	0	0	0	0	0	0	0	0	0	0	0	0
CAFIPGGGADGLTF_CASSIKGGHQPQHF	0	0	0	0	0	3	0	0	0	0	0	0	0	0	0	0	0	0	0	0	0	0	0	0	0
CAFIPTGNQFYF_CATSSRTGRALYEQYF	0	1	0	0	0	0	0	0	0	0	0	0	0	0	0	0	0	0	0	0	0	0	0	0	0
CAFIQGNQFYF_CASAAGEQYF	0	0	0	1	0	0	0	0	0	0	0	0	0	0	0	0	0	0	0	0	0	0	0	0	0
CAFISGGSYIPTF_CSAWDFGNTIYF	0	0	0	0	0	0	0	1	0	0	0	0	0	0	0	0	0	0	0	0	0	0	0	0	0
CAFISTGNQFYF_CASSLTSRGHSPLHF	0	1	0	0	0	0	0	0	0	0	0	0	0	0	0	0	0	0	0	0	0	0	0	0	0
CAFITGTASKLTF_CASRRASGATYEQYF	0	0	0	0	0	0	0	0	1	0	0	0	0	0	0	0	0	0	0	0	0	0	0	0	0
CAFLDSGYALNF_CASRAGTGSYGYTF	0	1	0	0	0	0	0	0	0	0	0	0	0	0	0	0	0	0	0	0	0	0	0	0	0
CAFLMPNNNARLMF_CAWSSGRRVLYNEQFF	0	0	0	1	0	0	0	0	0	0	0	0	0	0	0	0	0	0	0	0	0	0	0	0	0
CAFLSSGSARQLTF_CASSRTSNTGELFF	0	1	0	0	0	0	0	0	0	0	0	0	0	0	0	0	0	0	0	0	0	0	0	0	0
CAFMDSNYQLIW_CASSEGTGGYYGYTF	0	1	0	0	0	0	0	0	0	0	0	0	0	0	0	0	0	0	0	0	0	0	0	0	0
CAFMDSNYQLIW_CASSGRNNSPLHF	0	0	0	0	0	0	0	0	0	0	0	1	0	0	0	0	0	0	0	0	0	0	0	0	0
CAFMDSSYKLIF_CASSYSWSGGDSPLHF	0	1	0	0	0	0	0	0	0	0	0	0	0	0	0	0	0	0	0	0	0	0	0	0	0
CAFMEDGGSNYKLTF_CSAGGRFYNEQFF	0	0	0	0	0	0	0	1	0	0	0	0	0	0	0	0	0	0	0	0	0	0	0	0	0
CAFMEPIKAAGNKLTF_CASSSITGDETQYF	0	1	0	0	0	0	0	0	0	0	0	0	0	0	0	0	0	0	0	0	0	0	0	0	0
CAFMGGSQGNLIF_CASSLGGEKLFF	0	0	0	0	0	1	0	0	0	0	0	0	0	0	0	0	0	0	0	0	0	0	0	0	0
CAFMIAQGAQKLVF_CASNQPGLAGIYNEQFF	0	1	0	0	0	0	0	0	0	0	0	0	0	0	0	0	0	0	0	0	0	0	0	0	0
CAFMITSGGGADGLTF_CASSYSGGWETQYF	0	1	0	0	0	0	0	0	0	0	0	0	0	0	0	0	0	0	0	0	0	0	0	0	0
CAFMIWGGGSNYKLTF_CATSDRTGLELFF	0	1	0	0	0	0	0	0	0	0	0	0	0	0	0	0	0	0	0	0	0	0	0	0	0
CAFMKDFGNEKLTF_CSARRHSGLTDTQYF	0	0	0	0	0	0	0	1	0	0	0	0	0	0	0	0	0	0	0	0	0	0	0	0	0
CAFMKGSGYSTLTF_CASSQWSAVTDTQYF	0	1	0	0	0	0	0	0	0	0	0	0	0	0	0	0	0	0	0	0	0	0	0	0	0
CAFMKHGAGNNRKLIW_CASSLTGNYEQYF	0	1	0	0	0	0	0	0	0	0	0	0	0	0	0	0	0	0	0	0	0	0	0	0	0
CAFMKHHMFSGAGSYQLTF_NA	0	0	0	0	0	0	0	0	1	0	0	0	0	0	0	0	0	0	0	0	0	0	0	0	0
CAFMKHVANAGKSTF_CASSLLWGQLNSPLHF	0	1	0	0	0	0	0	0	0	0	0	0	0	0	0	0	0	0	0	0	0	0	0	0	0
CAFMKHVSGAGSYQLTF_CASSQDPFDTQYF	0	0	0	0	0	0	0	0	0	0	0	0	0	0	0	0	0	0	0	0	0	1	0	0	0
CAFMKLAGYSTLTF_CASSLRGYEQYF	0	0	0	0	0	1	0	0	0	0	0	0	0	0	0	0	0	0	0	0	0	0	0	0	0
CAFMKLGLTGGGNKLTF_CASRGVLSYEQYF	0	0	0	1	0	0	0	0	0	0	0	0	0	0	0	0	0	0	0	0	0	0	0	0	0
CAFMKLRGQGAQKLVF_CASSPDRASNQPQHF	0	0	0	1	0	0	0	0	0	0	0	0	0	0	0	0	0	0	0	0	0	0	0	0	0
CAFMKPNSGGSNYKLTF_CASSVLLGDSPLHF	0	0	0	1	0	0	0	0	0	0	0	0	0	0	0	0	0	0	0	0	0	0	0	0	0
CAFMKPVDGGSQGNLIF_CASSSWAQGAGETQYF	0	0	0	0	0	1	0	0	0	0	0	0	0	0	0	0	0	0	0	0	0	0	0	0	0
CAFMKPWGGTASKLTF_CASSGGTTRWIAEAFF	0	1	0	0	0	0	0	0	0	0	0	0	0	0	0	0	0	0	0	0	0	0	0	0	0
CAFMKQAGANNLFF_CASSLLGQSGYTF	0	1	0	0	0	0	0	0	0	0	0	0	0	0	0	0	0	0	0	0	0	0	0	0	0
CAFMKRTGANNLFF_CASSRNRDTGNTGELFF	0	0	0	1	0	0	0	0	0	0	0	0	0	0	0	0	0	0	0	0	0	0	0	0	0
CAFMNRDDKIIF_CASSFTGDTEAFF	0	1	0	0	0	0	0	0	0	0	0	0	0	0	0	0	0	0	0	0	0	0	0	0	0
CAFMNRDDKIIF_CASSLTPSSRANTGELFF	0	0	0	0	0	0	0	0	0	0	0	0	1	0	0	0	0	0	0	0	0	0	0	0	0
CAFMNSGYSTLTF_CSARARAPDTQYF	0	0	0	0	0	0	0	1	0	0	0	0	0	0	0	0	0	0	0	0	0	0	0	0	0
CAFMRGGANSKLTF_CASTDRTYNEQFF	0	1	0	0	0	0	0	0	0	0	0	0	0	0	0	0	0	0	0	0	0	0	0	0	0
CAFMTLRGADGLTF_CASSLGSGSNQPQHF	0	0	0	0	0	0	0	0	0	0	1	0	0	0	0	0	0	0	0	0	0	0	0	0	0
CAFMTTTSGTYKYIF_CASSRIFRDRDSEQYF	0	1	0	0	0	0	0	0	0	0	0	0	0	0	0	0	0	0	0	0	0	0	0	0	0
CAFNLGATNKLIF_CASTLDRLGNSPLHF	0	0	0	0	0	0	0	0	1	0	0	0	0	0	0	0	0	0	0	0	0	0	0	0	0
CAFNNAGNMLTF_CASSLSQGVRNSPLHF	0	0	0	0	0	0	0	0	0	0	1	0	0	0	0	0	0	0	0	0	0	0	0	0	0
CAFNNAGNMLTF_CASSPDRGINQPQHF	0	1	0	0	0	0	0	0	0	0	0	0	0	0	0	0	0	0	0	0	0	0	0	0	0
CAFNNYGQNFVF_CASSLDPGQGPHEQYF	0	1	0	0	0	0	0	0	0	0	0	0	0	0	0	0	0	0	0	0	0	0	0	0	0
CAFNRGGGADGLTF_CSVPRGQGNTEAFF	0	1	0	0	0	0	0	0	0	0	0	0	0	0	0	0	0	0	0	0	0	0	0	0	0
CAFNRLSGYALNF_CASSLSTGYNSPLHF	0	0	0	0	0	1	0	0	0	0	0	0	0	0	0	0	0	0	0	0	0	0	0	0	0
CAFNSGYALNF_CASSLTTGRNQPQHF	0	1	0	0	0	0	0	0	0	0	0	0	0	0	0	0	0	0	0	0	0	0	0	0	0
CAFQDLNRDDKIIF_CASSDDPSTDTQYF	0	0	0	0	0	1	0	0	0	0	0	0	0	0	0	0	0	0	0	0	0	0	0	0	0
CAFQVVDSSYKLIF_CASSLNTGYEAFF	0	0	0	1	0	0	0	0	0	0	0	0	0	0	0	0	0	0	0	0	0	0	0	0	0
CAFREWGGADGLTF_CASSPGQEQFF	0	1	0	0	0	0	0	0	0	0	0	0	0	0	0	0	0	0	0	0	0	0	0	0	0
CAFRGGSEKLVF_CASSMGTGEQGQPQHF	0	0	0	1	0	0	0	0	0	0	0	0	0	0	0	0	0	0	0	0	0	0	0	0	0
CAFRGGTGRRALTF_CASSMKGQDTQYF	0	0	0	1	0	0	0	0	0	0	0	0	0	0	0	0	0	0	0	0	0	0	0	0	0
CAFRGRSNDYKLSF_CASSYGASGSYEQYF	0	0	0	0	0	1	0	0	0	0	0	0	0	0	0	0	0	0	0	0	0	0	0	0	0
CAFRGSGYALNF_CSATGTGGLGELFF	0	0	0	0	0	0	0	1	0	0	0	0	0	0	0	0	0	0	0	0	0	0	0	0	0
CAFRIGNNDMRF_CASSERVLYGYTF	0	1	0	0	0	0	0	0	0	0	0	0	0	0	0	0	0	0	0	0	0	0	0	0	0
CAFSGATNKLIF_CASSYLDSWNTEAFF	0	1	0	0	0	0	0	0	0	0	0	0	0	0	0	0	0	0	0	0	0	0	0	0	0
CAFSGGLRARLMF_CASNLQNLNIQYF	0	1	0	0	0	0	0	0	0	0	0	0	0	0	0	0	0	0	0	0	0	0	0	0	0
CAFSGTASKLTF_CASSLALLTGGWAGSTVPQYF	0	1	0	0	0	0	0	0	0	0	0	0	0	0	0	0	0	0	0	0	0	0	0	0	0
CAFSINNARLMF_CASSLVQGNTEAFF	0	0	0	0	0	0	0	0	0	0	1	0	0	0	0	0	0	0	0	0	0	0	0	0	0
CAFSLNSNSGYALNF_CASSFLEKLFF	0	0	0	1	0	0	0	0	0	0	0	0	0	0	0	0	0	0	0	0	0	0	0	0	0
CAFSTGNQFYF_CASTKDREKPQHF	0	1	0	0	0	0	0	0	0	0	0	0	0	0	0	0	0	0	0	0	0	0	0	0	0
CAFSTSGTYKYIF_CASTGGTSSTDTQYF	0	1	0	0	0	0	0	0	0	0	0	0	0	0	0	0	0	0	0	0	0	0	0	0	0
CAFTLNFGNEKLTF_CASRGGGTGGSLSGYTF	0	0	0	0	0	0	0	0	1	0	0	0	0	0	0	0	0	0	0	0	0	0	0	0	0
CAFVLLGFGNVLHC_CASSLLNRGYGYTF	0	0	0	1	0	0	0	0	0	0	0	0	0	0	0	0	0	0	0	0	0	0	0	0	0
CAFVPGNTPLVF_CASSTRLSGNQPQHF	0	1	0	0	0	0	0	0	0	0	0	0	0	0	0	0	0	0	0	0	0	0	0	0	0
CAFVPYNQGGKLIF_CATSREAGNQPQHF	0	1	0	0	0	0	0	0	0	0	0	0	0	0	0	0	0	0	0	0	0	0	0	0	0
CAFVSTGNQFYF_CASRLDRGGAGELFF	0	1	0	0	0	0	0	0	0	0	0	0	0	0	0	0	0	0	0	0	0	0	0	0	0
CAFWHTGRRALTF_NA	0	0	0	1	0	0	0	0	0	0	0	0	0	0	0	0	0	0	0	0	0	0	0	0	0
CAFWNYGGSQGNLIF_CASSARREGDTQYF	0	0	0	1	0	0	0	0	0	0	0	0	0	0	0	0	0	0	0	0	0	0	0	0	0
CAFYGGSQGNLIF_CASSLVGVDNSPLHF	0	0	0	0	0	0	0	0	1	0	0	0	0	0	0	0	0	0	0	0	0	0	0	0	0
CAGAAGYALNF_CASSLEDRSSTDTQYF	0	0	0	0	0	0	0	0	0	0	0	1	0	0	0	0	0	0	0	0	0	0	0	0	0
CAGAALLDSNYQLIW_CASSPRNGGIHQETQYF	0	0	0	0	0	0	0	0	0	0	0	0	0	0	0	0	0	0	0	0	0	1	0	0	0
CAGAALYNTNAGKSTF_CASTRTEGYEQYF	0	1	0	0	0	0	0	0	0	0	0	0	0	0	0	0	0	0	0	0	0	0	0	0	0
CAGADQTGANNLFF_CASSYVGTGVGETQYF	0	0	0	0	0	1	0	0	0	0	0	0	0	0	0	0	0	0	0	0	0	0	0	0	0
CAGAGDYKLSF_CASSILAGANTGELFF	0	0	0	1	0	0	0	0	0	0	0	0	0	0	0	0	0	0	0	0	0	0	0	0	0
CAGAGLGGGATNKLIF_CASSQRGEGGWGYGYTF	0	1	0	0	0	0	0	0	0	0	0	0	0	0	0	0	0	0	0	0	0	0	0	0	0
CAGAGNTGKLIF_CASSYSTQGFTEAFF	0	1	0	0	0	0	0	0	0	0	0	0	0	0	0	0	0	0	0	0	0	0	0	0	0
CAGAGTSYDKVIF_CASSTGSNTEAFF	0	0	0	1	0	0	0	0	0	0	0	0	0	0	0	0	0	0	0	0	0	0	0	0	0
CAGAGTTDSWGKLQF_CASSGGQGGEKLFF	0	1	0	0	0	0	0	0	0	0	0	0	0	0	0	0	0	0	0	0	0	0	0	0	0
CAGAINQAGTALIF_CASSPQGIPNQPQHF	0	1	0	0	0	0	0	0	0	0	0	0	0	0	0	0	0	0	0	0	0	0	0	0	0
CAGAKGNTPLVF_CASSVTALNTEAFF	0	0	0	1	0	0	0	0	0	0	0	0	0	0	0	0	0	0	0	0	0	0	0	0	0
CAGALFYSGYALNF_CASSQGSGSSYNEQFF	0	1	0	0	0	0	0	0	0	0	0	0	0	0	0	0	0	0	0	0	0	0	0	0	0
CAGALGGYQKVTF_CASSLVVAGGPVVTGELFF	0	0	0	1	0	0	0	0	0	0	0	0	0	0	0	0	0	0	0	0	0	0	0	0	0
CAGALGNYGQNFVF_CASSVDAPSGAYNEQFF	0	0	0	1	0	0	0	0	0	0	0	0	0	0	0	0	0	0	0	0	0	0	0	0	0
CAGALGNYQLIW_CASSMGQGFTNEQFF	0	1	0	0	0	0	0	0	0	0	0	0	0	0	0	0	0	0	0	0	0	0	0	0	0
CAGALYNFNKFYF_CASSQDALGVDTEAFF	0	0	0	0	0	0	0	0	0	0	0	0	0	0	0	0	0	0	0	0	0	1	0	0	0
CAGANRDDKIIF_CASSQDSLIGAPYQPQHF	0	1	0	0	0	0	0	0	0	0	0	0	0	0	0	0	0	0	0	0	0	0	0	0	0
CAGAPSGTYKYIF_CASSILAATSEQYF	0	0	0	0	0	0	0	0	1	0	0	0	0	0	0	0	0	0	0	0	0	0	0	0	0
CAGAQGGQGAQKLVF_CASSPRTGTGYNSPLHF	0	1	0	0	0	0	0	0	0	0	0	0	0	0	0	0	0	0	0	0	0	0	0	0	0
CAGAQGGSEKLVF_CASRRTATYEQYF	0	1	0	0	0	0	0	0	0	0	0	0	0	0	0	0	0	0	0	0	0	0	0	0	0
CAGAQGGSEKLVF_CASSLAGGRQPQHF	0	0	0	1	0	0	0	0	0	0	0	0	0	0	0	0	0	0	0	0	0	0	0	0	0
CAGAQGGSEKLVF_CAWSRQGFGAFF	0	1	0	0	0	0	0	0	0	0	0	0	0	0	0	0	0	0	0	0	0	0	0	0	0
CAGARDSNYQLIW_CASSLERARGTEAFF	0	1	0	0	0	0	0	0	0	0	0	0	0	0	0	0	0	0	0	0	0	0	0	0	0
CAGARIQGAQKLVF_NA	0	0	0	0	0	0	0	0	0	0	1	0	0	0	0	0	0	0	0	0	0	0	0	0	0
CAGARSKLTF_CSARDSWLLAAAQYF	0	0	0	0	0	0	0	1	0	0	0	0	0	0	0	0	0	0	0	0	0	0	0	0	0
CAGASNSGYALNF_CASSAGTGYGYTF	0	0	0	1	0	0	0	0	0	0	0	0	0	0	0	0	0	0	0	0	0	0	0	0	0
CAGASNYGQNFVF_CASSLLRGRNGELFF	0	1	0	0	0	0	0	0	0	0	0	0	0	0	0	0	0	0	0	0	0	0	0	0	0
CAGCGAGSYQLTF_CASSVGTSGSNEQFF	0	0	0	1	0	0	0	0	0	0	0	0	0	0	0	0	0	0	0	0	0	0	0	0	0
CAGCRGNYKLTF_CAISFDDLEQFF	0	0	0	1	0	0	0	0	0	0	0	0	0	0	0	0	0	0	0	0	0	0	0	0	0
CAGCTSYGKLTF_CASSIIDFSVGTIYF	0	0	0	0	0	0	0	0	0	0	0	0	1	0	0	0	0	0	0	0	0	0	0	0	0
CAGDGGTALIF_CASSDWDSVNTEAFF	0	0	0	0	0	0	0	0	0	0	1	0	0	0	0	0	0	0	0	0	0	0	0	0	0
CAGDNAGNMLTF_CASSQVYRDTQYF	0	0	0	0	0	0	0	0	0	0	0	0	0	0	0	1	0	0	0	0	0	0	0	0	0
CAGDRGYSTLTF_CASSQDAGTSNSEQYF	0	0	0	0	0	0	0	0	0	0	0	0	0	0	0	0	0	0	0	0	0	1	0	0	0
CAGDRNAGNMLTF_CSVEKGAGETQYF	0	1	0	0	0	0	0	0	0	0	0	0	0	0	0	0	0	0	0	0	0	0	0	0	0
CAGDSGGSNYKLTF_CASSYRTDTYSNQPQHF	0	0	0	1	0	0	0	0	0	0	0	0	0	0	0	0	0	0	0	0	0	0	0	0	0
CAGDSGGSNYKLTF_CATSIAGAETQYF	0	1	0	0	0	0	0	0	0	0	0	0	0	0	0	0	0	0	0	0	0	0	0	0	0
CAGDSGGYQKVTF_CASSKTSGGTGELFF	0	0	0	0	0	0	0	0	0	0	0	1	0	0	0	0	0	0	0	0	0	0	0	0	0
CAGDSGTYKYIF_NA	0	1	0	0	0	0	0	0	0	0	0	0	0	0	0	0	0	0	0	0	0	0	0	0	0
CAGDSGYSTLTF_CASSPWDRANYGYTF	0	0	0	0	0	0	0	0	0	0	0	0	1	0	0	0	0	0	0	0	0	0	0	0	0
CAGDSPAGSARQLTF_CASSKTGWNTEAFF	0	1	0	0	0	0	0	0	0	0	0	0	0	0	0	0	0	0	0	0	0	0	0	0	0
CAGDTGGFKTIF_CASRSGLLDNEKLFF	0	0	0	0	0	0	0	0	1	0	0	0	0	0	0	0	0	0	0	0	0	0	0	0	0
CAGEAGSYQLTF_CASSLPGQGSSPLHF	0	1	0	0	0	0	0	0	0	0	0	0	0	0	0	0	0	0	0	0	0	0	0	0	0
CAGEETSGSRLTF_CASSTDHPETQYF	0	0	0	0	0	0	0	0	0	0	0	1	0	0	0	0	0	0	0	0	0	0	0	0	0
CAGEIYNQGGKLIF_CASSFDRLNSPLHF	0	0	0	0	0	0	0	0	0	0	0	0	1	0	0	0	0	0	0	0	0	0	0	0	0
CAGEPKTSYDKVIF_CASSTGLAGYEQYF	0	0	0	1	0	0	0	0	0	0	0	0	0	0	0	0	0	0	0	0	0	0	0	0	0
CAGERAGAGSYQLTF_CASSLLTAVNTEAFF	0	0	0	0	0	0	0	0	0	0	0	1	0	0	0	0	0	0	0	0	0	0	0	0	0
CAGERHSGGYQKVTF_CASSRTGTGGPSYEQYF	0	0	0	1	0	0	0	0	0	0	0	0	0	0	0	0	0	0	0	0	0	0	0	0	0
CAGETGNQFYF_CASSYLQDTQYF	0	0	0	1	0	0	0	0	0	0	0	0	0	0	0	0	0	0	0	0	0	0	0	0	0
CAGEVPGANNLFF_CASSFGQAPGNTIYF	0	1	0	0	0	0	0	0	0	0	0	0	0	0	0	0	0	0	0	0	0	0	0	0	0
CAGFSGGYQKVTF_CASSQLFTSTDTQYF	0	1	0	0	0	0	0	0	0	0	0	0	0	0	0	0	0	0	0	0	0	0	0	0	0
CAGFYKTSGSRLTF_CASSRGRMNVNYEQYF	0	1	0	0	0	0	0	0	0	0	0	0	0	0	0	0	0	0	0	0	0	0	0	0	0
CAGGAAGNKLTF_CSAHPTGNSPLHF	0	0	0	0	0	0	0	1	0	0	0	0	0	0	0	0	0	0	0	0	0	0	0	0	0
CAGGDSWGKLQF_CASSQEDGTYEQYF	0	0	0	0	0	0	0	0	1	0	0	0	0	0	0	0	0	0	0	0	0	0	0	0	0
CAGGDYGQNFVF_CASSLRQADTEAFF	0	1	0	0	0	0	0	0	0	0	0	0	0	0	0	0	0	0	0	0	0	0	0	0	0
CAGGEAGKSTF_CASSLAYRGEKLFF	0	0	0	0	0	0	0	0	1	0	0	0	0	0	0	0	0	0	0	0	0	0	0	0	0
CAGGGATNKLIF_CASSLSQGASNGYTF	0	0	0	0	0	1	0	0	0	0	0	0	0	0	0	0	0	0	0	0	0	0	0	0	0
CAGGGGADGLTF_CASSPRDIAYEQYF	0	0	0	1	0	0	0	0	0	0	0	0	0	0	0	0	0	0	0	0	0	0	0	0	0
CAGGGGADGLTF_CASTAGTEAFF	0	0	0	1	0	0	0	0	0	0	0	0	0	0	0	0	0	0	0	0	0	0	0	0	0
CAGGGGANSKLTF_CASSLLGSPDTQYF	0	0	0	0	0	0	0	0	1	0	0	0	0	0	0	0	0	0	0	0	0	0	0	0	0
CAGGGGFGNVLHC_CASSLDQGRGYGYTF	0	0	0	0	0	0	0	0	0	0	0	0	1	0	0	0	0	0	0	0	0	0	0	0	0
CAGGGRGTDKLIF_CASRQGQGFRAFF	0	0	0	1	0	0	0	0	0	0	0	0	0	0	0	0	0	0	0	0	0	0	0	0	0
CAGGGSARQLTF_CSAGTRAQPQHF	0	0	0	0	0	0	0	1	0	0	0	0	0	0	0	0	0	0	0	0	0	0	0	0	0
CAGGGTASKLTF_CASSPLLRSGGPKEQYF	0	0	0	0	0	0	0	0	0	0	0	0	0	0	0	1	0	0	0	0	0	0	0	0	0
CAGGGTTDSWGKLQF_CAWSGGGGEKLFF	0	0	0	1	0	0	0	0	0	0	0	0	0	0	0	0	0	0	0	0	0	0	0	0	0
CAGGGYIPTF_CASSEGAEASTGELFF	0	0	0	1	0	0	0	0	0	0	0	0	0	0	0	0	0	0	0	0	0	0	0	0	0
CAGGGYSGAGSYQLTF_CASSLGQTTEAFF	0	0	0	1	0	0	0	0	0	0	0	0	0	0	0	0	0	0	0	0	0	0	0	0	0
CAGGIQGAQKLVF_CASSLTNSGNTIYF	0	0	0	0	0	0	0	0	0	0	0	1	0	0	0	0	0	0	0	0	0	0	0	0	0
CAGGPGTGGFKTIF_CASSLGQGASNIQYF	0	1	0	0	0	0	0	0	0	0	0	0	0	0	0	0	0	0	0	0	0	0	0	0	0
CAGGPSYNNNDMRF_CASVRERGNTEAFF	0	0	0	1	0	0	0	0	0	0	0	0	0	0	0	0	0	0	0	0	0	0	0	0	0
CAGGQETSGSRLTF_CASSYSGSWVNSYEQYF	0	1	0	0	0	0	0	0	0	0	0	0	0	0	0	0	0	0	0	0	0	0	0	0	0
CAGGRGSYIPTF_CASSFGGLYNEQFF	0	0	0	1	0	0	0	0	0	0	0	0	0	0	0	0	0	0	0	0	0	0	0	0	0
CAGGRQAGTALIF_CASSQLSSGNTIYF	0	1	0	0	0	0	0	0	0	0	0	0	0	0	0	0	0	0	0	0	0	0	0	0	0
CAGGRSGGSNYKLTF_CASSPTGPKETQYF	0	1	0	0	0	0	0	0	0	0	0	0	0	0	0	0	0	0	0	0	0	0	0	0	0
CAGGRSSNTGKLIF_CASSLADSGAFF	0	0	0	0	0	0	0	0	0	0	0	0	1	0	0	0	0	0	0	0	0	0	0	0	0
CAGGRSYNTDKLIF_CASSLVGRRASSGNTIYF	0	0	0	0	0	0	0	0	0	0	1	0	0	0	0	0	0	0	0	0	0	0	0	0	0
CAGGRYNFNKFYF_CASSRGAGTGELFF	0	0	0	1	0	0	0	0	0	0	0	0	0	0	0	0	0	0	0	0	0	0	0	0	0
CAGGSGSARQLTF_CASSHQGVRSEQFF	0	0	0	1	0	0	0	0	0	0	0	0	0	0	0	0	0	0	0	0	0	0	0	0	0
CAGGSNYKLTF_CSVDGDAVGEQFF	0	1	0	0	0	0	0	0	0	0	0	0	0	0	0	0	0	0	0	0	0	0	0	0	0
CAGGTGNQFYF_CASSSDTQYF	0	0	0	0	0	0	0	0	0	0	1	0	0	0	0	0	0	0	0	0	0	0	0	0	0
CAGGTSTDKLIF_CAWKTPWRNTGELFF	0	0	0	0	0	0	0	0	0	1	0	0	0	0	0	0	0	0	0	0	0	0	0	0	0
CAGGVYYGGSQGNLIF_CASSLAGGDHEQYF	0	0	0	1	0	0	0	0	0	0	0	0	0	0	0	0	0	0	0	0	0	0	0	0	0
CAGHDSWGKLQF_CASSDGTAYEQYF	0	0	0	1	0	0	0	0	0	0	0	0	0	0	0	0	0	0	0	0	0	0	0	0	0
CAGHFGNEKLTF_CASSGTGSSGNTIYF	0	1	0	0	0	0	0	0	0	0	0	0	0	0	0	0	0	0	0	0	0	0	0	0	0
CAGHNDYKLSF_CASSLYANTEAFF	0	1	0	0	0	0	0	0	0	0	0	0	0	0	0	0	0	0	0	0	0	0	0	0	0
CAGHQRSDSNYQLIW_CAWSAINPEKLFF	0	1	0	0	0	0	0	0	0	0	0	0	0	0	0	0	0	0	0	0	0	0	0	0	0
CAGHSRDDKIIF_CASSDYSLFNQPQHF	0	0	0	1	0	0	0	0	0	0	0	0	0	0	0	0	0	0	0	0	0	0	0	0	0
CAGHTGGGNKLTF_CASSQVPVLRSYEQYF	0	0	0	0	0	0	0	0	0	0	0	0	0	0	0	1	0	0	0	0	0	0	0	0	0
CAGIKAAGNKLTF_CSALEGGNYGYTF	0	0	0	0	0	0	0	1	0	0	0	0	0	0	0	0	0	0	0	0	0	0	0	0	0
CAGKNTGGFKTIF_CASSEGVTTKNIQYF	0	1	0	0	0	0	0	0	0	0	0	0	0	0	0	0	0	0	0	0	0	0	0	0	0
CAGKVPGDYKLSF_CASTHLSGRRDEQYF	0	0	0	1	0	0	0	0	0	0	0	0	0	0	0	0	0	0	0	0	0	0	0	0	0
CAGLDNYGQNFVF_CASRDFTGELFF	0	0	0	0	0	1	0	0	0	0	0	0	0	0	0	0	0	0	0	0	0	0	0	0	0
CAGLEYGNKLVF_CASTSRSSYNEQFF	0	0	0	1	0	0	0	0	0	0	0	0	0	0	0	0	0	0	0	0	0	0	0	0	0
CAGLGFGNVLHC_CASRYDLDSPSSYNEQFF	0	1	0	0	0	0	0	0	0	0	0	0	0	0	0	0	0	0	0	0	0	0	0	0	0
CAGLGGSNYKLTF_NA	0	0	0	0	0	0	0	0	1	0	0	0	0	0	0	0	0	0	0	0	0	0	0	0	0
CAGLGRLYF_CASSLRQVGTGELFF	0	0	0	0	0	0	0	0	0	0	0	0	1	0	0	0	0	0	0	0	0	0	0	0	0
CAGLGTRGATNKLIF_CASSPAGRAPLNEQFF	0	0	0	1	0	0	0	0	0	0	0	0	0	0	0	0	0	0	0	0	0	0	0	0	0
CAGLIDTPLVF_CASSYPTQGRNSPLHF	0	0	0	1	0	0	0	0	0	0	0	0	0	0	0	0	0	0	0	0	0	0	0	0	0
CAGLLFSTGTASKLTF_CASSSTGGTEAFF	0	0	0	1	0	0	0	0	0	0	0	0	0	0	0	0	0	0	0	0	0	0	0	0	0
CAGLLNSGYALNF_CSALTLSSSYNEQFF	0	0	0	0	0	0	0	1	0	0	0	0	0	0	0	0	0	0	0	0	0	0	0	0	0
CAGLMTTDSWGKLQF_CASSRGQLNTEAFF	0	0	0	0	0	0	0	0	0	0	0	0	1	0	0	0	0	0	0	0	0	0	0	0	0
CAGLNQAGTALIF_CASSVGGRIQETQYF	0	1	0	0	0	0	0	0	0	0	0	0	0	0	0	0	0	0	0	0	0	0	0	0	0
CAGLPGSARQLTF_CASSLVGSGPQETQYF	0	0	0	1	0	0	0	0	0	0	0	0	0	0	0	0	0	0	0	0	0	0	0	0	0
CAGLQGGKLIF_CAWSVGTGGGKLFF	0	1	0	0	0	0	0	0	0	0	0	0	0	0	0	0	0	0	0	0	0	0	0	0	0
CAGLRGGSNYKLTF_CASLQGGDYEQYF	0	1	0	0	0	0	0	0	0	0	0	0	0	0	0	0	0	0	0	0	0	0	0	0	0
CAGLRGSQGNLIF_CASSPGLGTFYNEQFF	0	1	0	0	0	0	0	0	0	0	0	0	0	0	0	0	0	0	0	0	0	0	0	0	0
CAGLSGNMLTF_CASTQQGARGYTF	0	1	0	0	0	0	0	0	0	0	0	0	0	0	0	0	0	0	0	0	0	0	0	0	0
CAGLSNAGNNRKLIW_CASSGTSTDTQYF	0	1	0	0	0	0	0	0	0	0	0	0	0	0	0	0	0	0	0	0	0	0	0	0	0
CAGLSPQTGANNLFF_CASSQGVSYNSPLHF	0	1	0	0	0	0	0	0	0	0	0	0	0	0	0	0	0	0	0	0	0	0	0	0	0
CAGLSPYSGGSNYKLTF_CSARGVSSYNEQFF	0	0	0	0	0	0	0	1	0	0	0	0	0	0	0	0	0	0	0	0	0	0	0	0	0
CAGLTGGGNKLTF_CSASGPNSPLHF	0	0	0	0	0	0	0	1	0	0	0	0	0	0	0	0	0	0	0	0	0	0	0	0	0
CAGLTYNTDKLIF_CASSQMIGSSYNEQFF	0	0	0	0	0	1	0	0	0	0	0	0	0	0	0	0	0	0	0	0	0	0	0	0	0
CAGLYNNNDMRF_CAISELAGNEQFF	0	0	0	1	0	0	0	0	0	0	0	0	0	0	0	0	0	0	0	0	0	0	0	0	0
CAGLYSGGGADGLTF_CATALDRARGYTF	0	1	0	0	0	0	0	0	0	0	0	0	0	0	0	0	0	0	0	0	0	0	0	0	0
CAGNAGGTSYGKLTF_CAISETLAGTSDGYTF	0	0	0	1	0	0	0	0	0	0	0	0	0	0	0	0	0	0	0	0	0	0	0	0	0
CAGNDYKLSF_CASSLVPTDTQYF	0	0	0	0	0	0	0	0	0	0	1	0	0	0	0	0	0	0	0	0	0	0	0	0	0
CAGNFGNEKLTF_CASSQDSGGTNTYEQYF	0	0	0	0	0	0	0	0	0	0	0	0	0	0	0	0	0	0	0	0	0	1	0	0	0
CAGNNAGGTSYGKLTF_CASSKSGGRFYEQYF	0	0	0	1	0	0	0	0	0	0	0	0	0	0	0	0	0	0	0	0	0	0	0	0	0
CAGPGAQKLVF_CAWSVGGAYGYTF	0	0	0	1	0	0	0	0	0	0	0	0	0	0	0	0	0	0	0	0	0	0	0	0	0
CAGPGETSGSRLTF_CASSFSQYRGYTF	0	1	0	0	0	0	0	0	0	0	0	0	0	0	0	0	0	0	0	0	0	0	0	0	0
CAGPGGTASKLTF_CASSVGTRLTDTQYF	0	0	0	1	0	0	0	0	0	0	0	0	0	0	0	0	0	0	0	0	0	0	0	0	0
CAGPGGTSYGKLTF_CASSVESASASGNTIYF	0	1	0	0	0	0	0	0	0	0	0	0	0	0	0	0	0	0	0	0	0	0	0	0	0
CAGPGSGGSNYKLTF_CASSPPGVEQYF	0	0	0	1	0	0	0	0	0	0	0	0	0	0	0	0	0	0	0	0	0	0	0	0	0
CAGPGTPLVF_CASSIAGVYISSYNEQFF	0	0	0	1	0	0	0	0	0	0	0	0	0	0	0	0	0	0	0	0	0	0	0	0	0
CAGPGYGGSQGNLIF_CASTEPARRRDEQYF	0	1	0	0	0	0	0	0	0	0	0	0	0	0	0	0	0	0	0	0	0	0	0	0	0
CAGPHASGSRLTF_CASSLWIETGKLFF	0	1	0	0	0	0	0	0	0	0	0	0	0	0	0	0	0	0	0	0	0	0	0	0	0
CAGPIYNQGGKLIF_CASSPNPGTEAFF	0	1	0	0	0	0	0	0	0	0	0	0	0	0	0	0	0	0	0	0	0	0	0	0	0
CAGPLNNNDMRF_CASSPRYGSYEEQFF	0	0	0	1	0	0	0	0	0	0	0	0	0	0	0	0	0	0	0	0	0	0	0	0	0
CAGPLQGAQKLVF_CASSVDTGYYNSPLHF	0	1	0	0	0	0	0	0	0	0	0	0	0	0	0	0	0	0	0	0	0	0	0	0	0
CAGPLRGGSNYKLTF_CASSLGGTGGQPQHF	0	0	0	0	0	0	0	0	0	0	1	0	0	0	0	0	0	0	0	0	0	0	0	0	0
CAGPNAIGNQFYF_CASSLGTALWEQYF	0	0	0	0	0	0	0	0	0	0	1	0	0	0	0	0	0	0	0	0	0	0	0	0	0
CAGPNNNARLMF_CASSYSGGPGNTIYF	0	0	0	0	0	0	0	0	1	0	0	0	0	0	0	0	0	0	0	0	0	0	0	0	0
CAGPNSGGGADGLTF_CASTSSGYGYTF	0	0	0	0	0	0	0	0	0	0	0	1	0	0	0	0	0	0	0	0	0	0	0	0	0
CAGPPGGAGNMLTF_CSVLTSGGNNEQFF	0	1	0	0	0	0	0	0	0	0	0	0	0	0	0	0	0	0	0	0	0	0	0	0	0
CAGPPVGGTSYGKLTF_CASSYGQVYEQYF	0	0	0	1	0	0	0	0	0	0	0	0	0	0	0	0	0	0	0	0	0	0	0	0	0
CAGPRDYKLSF_CASRSSNTEAFF	0	0	0	1	0	0	0	0	0	0	0	0	0	0	0	0	0	0	0	0	0	0	0	0	0
CAGPSSNTGKLIF_CASNRGVGGNQPQHF	0	1	0	0	0	0	0	0	0	0	0	0	0	0	0	0	0	0	0	0	0	0	0	0	0
CAGPTSYDKVIF_CASSPDSEAFF	0	1	0	0	0	0	0	0	0	0	0	0	0	0	0	0	0	0	0	0	0	0	0	0	0
CAGPVNSGTYKYIF_CASSKVRGRAERWEQFF	0	0	0	0	0	0	0	0	0	0	0	1	0	0	0	0	0	0	0	0	0	0	0	0	0
CAGPYTGGFKTIF_CAVRTGTPKSDEQFF	0	1	0	0	0	0	0	0	0	0	0	0	0	0	0	0	0	0	0	0	0	0	0	0	0
CAGQASGTYKYIF_CASSWGFGVNTEAFF	0	0	0	1	0	0	0	0	0	0	0	0	0	0	0	0	0	0	0	0	0	0	0	0	0
CAGQDGQKLLF_CASSRQGRSPLHF	0	0	0	1	0	0	0	0	0	0	0	0	0	0	0	0	0	0	0	0	0	0	0	0	0
CAGQDQTGANNLFF_CASSLQGSEQYF	0	1	0	0	0	0	0	0	0	0	0	0	0	0	0	0	0	0	0	0	0	0	0	0	0
CAGQEAGIQGAQKLVF_CASSPGTGVAYEQYF	0	0	0	1	0	0	0	0	0	0	0	0	0	0	0	0	0	0	0	0	0	0	0	0	0
CAGQEDTRNAGNMLTF_CASRTVSLSYEQYF	0	1	0	0	0	0	0	0	0	0	0	0	0	0	0	0	0	0	0	0	0	0	0	0	0
CAGQGGNQGGKLIF_CATSRDQKNIQYF	0	0	0	0	0	0	0	0	1	0	0	0	0	0	0	0	0	0	0	0	0	0	0	0	0
CAGQGNRDDKIIF_CASSLLAVRISYEQYF	0	1	0	0	0	0	0	0	0	0	0	0	0	0	0	0	0	0	0	0	0	0	0	0	0
CAGQGPRTNAGKSTF_CASSKTQGVGGEAFF	0	1	0	0	0	0	0	0	0	0	0	0	0	0	0	0	0	0	0	0	0	0	0	0	0
CAGQGSTGNQFYF_CASSPRSSYNSPLHF	0	1	0	0	0	0	0	0	0	0	0	0	0	0	0	0	0	0	0	0	0	0	0	0	0
CAGQGTGRRALTF_CSARGSGLDFYNEQFF	0	0	0	0	0	0	0	1	0	0	0	0	0	0	0	0	0	0	0	0	0	0	0	0	0
CAGQGTNAGKSTF_CASSQGWQGDQPQHF	0	0	0	0	0	0	0	0	0	0	0	0	0	0	0	0	0	0	0	0	0	1	0	0	0
CAGQGVTSYDKVIF_CATSTDRGPILPQHF	0	0	0	0	0	0	1	0	0	0	0	0	0	0	0	0	0	0	0	0	0	0	0	0	0
CAGQHPSGSARQLTF_CARGQGPGELFF	0	1	0	0	0	0	0	0	0	0	0	0	0	0	0	0	0	0	0	0	0	0	0	0	0
CAGQIIQGAQKLVF_CSAREGYWGSNQPQHF	0	0	0	0	0	0	0	0	0	0	0	0	0	0	0	0	0	0	0	0	0	0	0	0	1
CAGQLAGSQGNLIF_CAISGTLTDTQYF	0	1	0	0	0	0	0	0	0	0	0	0	0	0	0	0	0	0	0	0	0	0	0	0	0
CAGQLFRTGTASKLTF_CASSPPAEEAFF	0	0	0	0	0	0	0	0	0	0	0	0	1	0	0	0	0	0	0	0	0	0	0	0	0
CAGQLGGGSNYKLTF_CASRATGGSRQPQHF	0	1	0	0	0	0	0	0	0	0	0	0	0	0	0	0	0	0	0	0	0	0	0	0	0
CAGQLGGSGNNARLMF_CASSSGLHNEQFF	0	1	0	0	0	0	0	0	0	0	0	0	0	0	0	0	0	0	0	0	0	0	0	0	0
CAGQLGYQAGTALIF_CASSERGIQYF	0	0	0	0	0	0	0	0	0	0	0	0	1	0	0	0	0	0	0	0	0	0	0	0	0
CAGQLNPVRNNNARLMF_CASSLRTDTNSYEQYF	0	0	0	1	0	0	0	0	0	0	0	0	0	0	0	0	0	0	0	0	0	0	0	0	0
CAGQLSAGNNRKLIW_CASSIGAGNIQYF	0	1	0	0	0	0	0	0	0	0	0	0	0	0	0	0	0	0	0	0	0	0	0	0	0
CAGQLTGDDKIIF_CASSQDWGQGASGYTF	0	0	0	0	0	0	0	0	0	0	0	0	0	0	0	0	0	0	0	0	0	1	0	0	0
CAGQLVVGSQGNLIF_CASSPRQFDYGYTF	0	0	0	1	0	0	0	0	0	0	0	0	0	0	0	0	0	0	0	0	0	0	0	0	0
CAGQNFGNEKLTF_CASSLGGRLNTEAFF	0	0	0	0	0	0	0	0	0	0	0	1	0	0	0	0	0	0	0	0	0	0	0	0	0
CAGQPNSGGSNYKLTF_CASSFGTGTYEQYF	0	1	0	0	0	0	0	0	0	0	0	0	0	0	0	0	0	0	0	0	0	0	0	0	0
CAGQRKYSGGGADGLTF_CASSLAGATYNEQFF	0	0	0	0	0	0	0	0	0	0	0	1	0	0	0	0	0	0	0	0	0	0	0	0	0
CAGQRNDYKLSF_CASRTAGSPLHF	0	0	0	0	0	1	0	0	0	0	0	0	0	0	0	0	0	0	0	0	0	0	0	0	0
CAGQRYGQNFVF_CASSQGVPGDSYTDTQYF	0	0	0	0	0	0	0	0	0	0	0	0	0	0	0	1	0	0	0	0	0	0	0	0	0
CAGQSGGSYIPTF_CASSPRTGSETQYF	0	1	0	0	0	0	0	0	0	0	0	0	0	0	0	0	0	0	0	0	0	0	0	0	0
CAGQSYGGSQGNLIF_CASRPGGATEAFF	0	0	0	0	0	1	0	0	0	0	0	0	0	0	0	0	0	0	0	0	0	0	0	0	0
CAGQTSGTYKYIF_CASSRQGTGANVLTF	0	0	0	0	0	0	0	0	1	0	0	0	0	0	0	0	0	0	0	0	0	0	0	0	0
CAGQVSGYALNF_CASSLVQRLNYGYTF	0	1	0	0	0	0	0	0	0	0	0	0	0	0	0	0	0	0	0	0	0	0	0	0	0
CAGRATGGATNKLIF_CASSFRTGSTEAFF	0	0	0	0	0	0	0	0	0	1	0	0	0	0	0	0	0	0	0	0	0	0	0	0	0
CAGRDNYGQNFVF_CASSPRATGELFF	0	0	0	0	0	0	0	0	1	0	0	0	0	0	0	0	0	0	0	0	0	0	0	0	0
CAGRDSGAGSYQLTF_CAISESVSQPQHF	0	1	0	0	0	0	0	0	0	0	0	0	0	0	0	0	0	0	0	0	0	0	0	0	0
CAGRDSNYQLIW_CASSQEGGGAYNEQFF	0	0	0	0	0	1	0	0	0	0	0	0	0	0	0	0	0	0	0	0	0	0	0	0	0
CAGREGSGAGSYQLTF_CASSLVGGWDSPLHF	0	1	0	0	0	0	0	0	0	0	0	0	0	0	0	0	0	0	0	0	0	0	0	0	0
CAGRGGAQKLVF_CSARDQGYNEQFF	0	0	0	0	0	0	0	1	0	0	0	0	0	0	0	0	0	0	0	0	0	0	0	0	0
CAGRGGGADGLTF_CASSQDRQGRNYGYTF	0	0	0	0	0	1	0	0	0	0	0	0	0	0	0	0	0	0	0	0	0	0	0	0	0
CAGRGGGFKTIF_CSVDETQYF	0	1	0	0	0	0	0	0	0	0	0	0	0	0	0	0	0	0	0	0	0	0	0	0	0
CAGRGGGSYIPTF_CASSRGSNTEAFF	0	0	0	1	0	0	0	0	0	0	0	0	0	0	0	0	0	0	0	0	0	0	0	0	0
CAGRGGQKLLF_CAWSLEMSGANVLTF	0	1	0	0	0	0	0	0	0	0	0	0	0	0	0	0	0	0	0	0	0	0	0	0	0
CAGRGGSNYKLTF_CASSSLDRRGTGELFF	0	1	0	0	0	0	0	0	0	0	0	0	0	0	0	0	0	0	0	0	0	0	0	0	0
CAGRGNTGKLIF_CASSLARTSEETDTQYF	0	0	0	0	0	0	0	0	0	0	0	0	1	0	0	0	0	0	0	0	0	0	0	0	0
CAGRGSGITGSARQLTF_CASSYGQGEGYEQYF	0	0	0	1	0	0	0	0	0	0	0	0	0	0	0	0	0	0	0	0	0	0	0	0	0
CAGRGSGNTGKLIF_CASSWGTSLVTDTQYF	0	1	0	0	0	0	0	0	0	0	0	0	0	0	0	0	0	0	0	0	0	0	0	0	0
CAGRGSGSARQLTF_CASSLAGGNQPQHF	0	1	0	0	0	0	0	0	0	0	0	0	0	0	0	0	0	0	0	0	0	0	0	0	0
CAGRGSGTYKYIF_CATSSPTSESYEQYF	0	0	0	0	0	0	0	0	1	0	0	0	0	0	0	0	0	0	0	0	0	0	0	0	0
CAGRGSGYALNF_CASGVVLGSYEQYF	0	0	0	1	0	0	0	0	0	0	0	0	0	0	0	0	0	0	0	0	0	0	0	0	0
CAGRGSNYQLIW_CASSPGTANTEAFF	0	0	0	0	0	0	0	0	0	0	1	0	0	0	0	0	0	0	0	0	0	0	0	0	0
CAGRGTGFQKLVF_CASAPYRGYGANVLTF	0	1	0	0	0	0	0	0	0	0	0	0	0	0	0	0	0	0	0	0	0	0	0	0	0
CAGRISNFGNEKLTF_CASSYPRQPQHF	0	0	0	1	0	0	0	0	0	0	0	0	0	0	0	0	0	0	0	0	0	0	0	0	0
CAGRLGYNKLIF_CASSLREMNTEAFF	0	0	0	1	0	0	0	0	0	0	0	0	0	0	0	0	0	0	0	0	0	0	0	0	0
CAGRMTYSGGGADGLTF_CSAHWAGANYGYTF	0	0	0	0	0	0	0	1	0	0	0	0	0	0	0	0	0	0	0	0	0	0	0	0	0
CAGRNSNYKLTF_CSAREVRQGGGYGYTF	0	0	0	0	0	0	0	1	0	0	0	0	0	0	0	0	0	0	0	0	0	0	0	0	0
CAGRNTGTASKLTF_CASSEWTGDAYSPLHF	0	1	0	0	0	0	0	0	0	0	0	0	0	0	0	0	0	0	0	0	0	0	0	0	0
CAGRSTSGGSNYKLTF_CASSIDRDRYGYTF	0	0	0	1	0	0	0	0	0	0	0	0	0	0	0	0	0	0	0	0	0	0	0	0	0
CAGRTTSGTYKYIF_CASSYLADRMEYF	0	1	0	0	0	0	0	0	0	0	0	0	0	0	0	0	0	0	0	0	0	0	0	0	0
CAGRVAGGTSYGKLTF_CASSLVRVGYGYTF	0	0	0	1	0	0	0	0	0	0	0	0	0	0	0	0	0	0	0	0	0	0	0	0	0
CAGRWAGGTSYGKLTF_CASSPPGQGRDEQYF	0	1	0	0	0	0	0	0	0	0	0	0	0	0	0	0	0	0	0	0	0	0	0	0	0
CAGRWTSGTYKYIF_CASSFQDNTYEQYF	0	0	0	1	0	0	0	0	0	0	0	0	0	0	0	0	0	0	0	0	0	0	0	0	0
CAGRYDFNKFYF_CASSVSSRNTEAFF	0	0	0	0	0	0	0	0	1	0	0	0	0	0	0	0	0	0	0	0	0	0	0	0	0
CAGSAGNTPLVF_CASSSSQGIRLDTQYF	0	0	0	0	0	0	0	0	0	0	0	0	1	0	0	0	0	0	0	0	0	0	0	0	0
CAGSAYTNAGKSTF_CASSYPGTTYGYTF	0	0	0	0	0	1	0	0	0	0	0	0	0	0	0	0	0	0	0	0	0	0	0	0	0
CAGSGGGADGLTF_CASSPGQEETQYF	0	1	0	0	0	0	0	0	0	0	0	0	0	0	0	0	0	0	0	0	0	0	0	0	0
CAGSGGGADGLTF_CASSPRRSRSSYNEQFF	0	1	0	0	0	0	0	0	0	0	0	0	0	0	0	0	0	0	0	0	0	0	0	0	0
CAGSGTASKLTF_CASSLLRSAGGYTF	0	1	0	0	0	0	0	0	0	0	0	0	0	0	0	0	0	0	0	0	0	0	0	0	0
CAGSHTGNQFYF_CASSYSTLLGSSYEQYF	0	1	0	0	0	0	0	0	0	0	0	0	0	0	0	0	0	0	0	0	0	0	0	0	0
CAGSKSNDYKLSF_CASSYGAGGIGEQFF	0	0	0	1	0	0	0	0	0	0	0	0	0	0	0	0	0	0	0	0	0	0	0	0	0
CAGSLDSNYQLIW_CASRGLNGYTF	0	0	0	1	0	0	0	0	0	0	0	0	0	0	0	0	0	0	0	0	0	0	0	0	0
CAGSMDSSYKLIF_CASSYYLSGGLDTQYF	0	1	0	0	0	0	0	0	0	0	0	0	0	0	0	0	0	0	0	0	0	0	0	0	0
CAGSNQAGTALIF_CAISGTGFSGANVLTF	0	0	0	0	0	0	0	0	0	0	1	0	0	0	0	0	0	0	0	0	0	0	0	0	0
CAGSNYGGSQGNLIF_CASSLAPTDQTGTYEQYF	0	1	0	0	0	0	0	0	0	0	0	0	0	0	0	0	0	0	0	0	0	0	0	0	0
CAGSPIQGAQKLVF_CSVSMTALNGYTF	0	1	0	0	0	0	0	0	0	0	0	0	0	0	0	0	0	0	0	0	0	0	0	0	0
CAGSQGGSEKLVF_CSAILPGREGPTGELFF	0	0	0	0	0	0	0	1	0	0	0	0	0	0	0	0	0	0	0	0	0	0	0	0	0
CAGSQYNNNDMRF_CASSQAYNEQFF	0	1	0	0	0	0	0	0	0	0	0	0	0	0	0	0	0	0	0	0	0	0	0	0	0
CAGSRSDQAGTALIF_CASSLGMGNTEAFF	0	0	0	0	0	0	0	0	0	0	0	1	0	0	0	0	0	0	0	0	0	0	0	0	0
CAGSRSGYSTLTF_CASSYTDRLYEQYF	0	1	0	0	0	0	0	0	0	0	0	0	0	0	0	0	0	0	0	0	0	0	0	0	0
CAGSSGGGADGLTF_CAISPTSSIQYF	0	1	0	0	0	0	0	0	0	0	0	0	0	0	0	0	0	0	0	0	0	0	0	0	0
CAGSTGGGNKLTF_CASSLGTNYGYTF	0	0	0	0	0	0	0	0	0	0	1	0	0	0	0	0	0	0	0	0	0	0	0	0	0
CAGSVLYAGGTSYGKLTF_CASSETDYLGSPLHF	0	0	0	1	0	0	0	0	0	0	0	0	0	0	0	0	0	0	0	0	0	0	0	0	0
CAGSYSGGGADGLTF_CASREGADTQYF	0	0	0	0	0	0	0	0	0	0	0	1	0	0	0	0	0	0	0	0	0	0	0	0	0
CAGTGNQFYF_CASSQTGVTDTQYF	0	0	0	0	0	0	0	0	0	0	0	0	0	0	0	1	0	0	0	0	0	0	0	0	0
CAGTGYGQNFVF_CASSPLPPATEAFF	0	0	0	0	0	0	0	0	0	0	1	0	0	0	0	0	0	0	0	0	0	0	0	0	0
CAGTLNDYKLSF_CASSFGLAGGETQYF	0	0	0	1	0	0	0	0	0	0	0	0	0	0	0	0	0	0	0	0	0	0	0	0	0
CAGTLTLSGGYNKLIF_CASFSDSNTGELFF	0	0	0	1	0	0	0	0	0	0	0	0	0	0	0	0	0	0	0	0	0	0	0	0	0
CAGTNTGNQFYF_CASSLRSNEQFF	0	0	0	1	0	0	0	0	0	0	0	0	0	0	0	0	0	0	0	0	0	0	0	0	0
CAGTSGTYKYIF_CASSLDSTHGQPQHF	0	1	0	0	0	0	0	0	0	0	0	0	0	0	0	0	0	0	0	0	0	0	0	0	0
CAGTSGTYKYIF_CASSPRDYPMRADTQYF	0	0	0	1	0	0	0	0	0	0	0	0	0	0	0	0	0	0	0	0	0	0	0	0	0
CAGTTDSWGKLQF_CASSQGEDSPLHF	0	0	0	1	0	0	0	0	0	0	0	0	0	0	0	0	0	0	0	0	0	0	0	0	0
CAGTTQGGSEKLVF_CASSSGQGTYEQYF	0	0	0	1	0	0	0	0	0	0	0	0	0	0	0	0	0	0	0	0	0	0	0	0	0
CAGTVGGTASKLTF_NA	0	1	0	0	0	0	0	0	0	0	0	0	0	0	0	0	0	0	0	0	0	0	0	0	0
CAGTYGNNRLAF_CSVEGTSGGTNTGELFF	0	0	0	0	0	1	0	0	0	0	0	0	0	0	0	0	0	0	0	0	0	0	0	0	0
CAGTYNTDKLIF_CASSISAARYYGYTF	0	0	0	1	0	0	0	0	0	0	0	0	0	0	0	0	0	0	0	0	0	0	0	0	0
CAGVASGGGADGLTF_CASSFNSPYNEQFF	0	0	0	1	0	0	0	0	0	0	0	0	0	0	0	0	0	0	0	0	0	0	0	0	0
CAGVGNTGKLIF_CASSLIGDVSYTF	0	0	0	0	0	3	0	0	0	0	0	0	0	0	0	0	0	0	0	0	0	0	0	0	0
CAGVGQGGKLIF_CASSLISQGAIDTQYF	0	0	0	0	0	0	0	0	0	0	0	0	1	0	0	0	0	0	0	0	0	0	0	0	0
CAGVIGSARQLTF_CASSFWGSAQPQHF	0	1	0	0	0	0	0	0	0	0	0	0	0	0	0	0	0	0	0	0	0	0	0	0	0
CAGVLGVDSNYQLIW_CASTSGGGGEIYGYTF	0	0	0	1	0	0	0	0	0	0	0	0	0	0	0	0	0	0	0	0	0	0	0	0	0
CAGVNAGNMLTF_CASSQDLSGNTIYF	0	0	0	1	0	0	0	0	0	0	0	0	0	0	0	0	0	0	0	0	0	0	0	0	0
CAGVPLNYGGSQGNLIF_NA	0	0	0	1	0	0	0	0	0	0	0	0	0	0	0	0	0	0	0	0	0	0	0	0	0
CAGVTGGGNKLTF_CASSNSQGAHEKLFF	0	0	0	0	0	1	0	0	0	0	0	0	0	0	0	0	0	0	0	0	0	0	0	0	0
CAGVTNFNKFYF_CASRIGPSSGANVLTF	0	0	0	0	0	0	0	0	1	0	0	0	0	0	0	0	0	0	0	0	0	0	0	0	0
CAGWANNNARLMF_CASSAGLAGLDTQYF	0	0	0	1	0	0	0	0	0	0	0	0	0	0	0	0	0	0	0	0	0	0	0	0	0
CAGWEYGNKLVF_CASSSGAAAEQFF	0	1	0	0	0	0	0	0	0	0	0	0	0	0	0	0	0	0	0	0	0	0	0	0	0
CAGWRSGTYKYIF_CASSLSLGVAGEQETQYF	0	1	0	0	0	0	0	0	0	0	0	0	0	0	0	0	0	0	0	0	0	0	0	0	0
CAGYDPRGNQFYF_CASSSQGTSGRLERYEQYF	0	0	0	1	0	0	0	0	0	0	0	0	0	0	0	0	0	0	0	0	0	0	0	0	0
CAGYFGNEKLTF_CASSPGVLDSPLHF	0	0	0	0	0	0	0	0	0	0	0	1	0	0	0	0	0	0	0	0	0	0	0	0	0
CAGYNFNKFYF_CASSPGTAYGYTF	0	0	0	0	0	0	0	0	1	0	0	0	0	0	0	0	0	0	0	0	0	0	0	0	0
CAGYNTDKLIF_CASSIGFLNTGELFF	0	0	0	1	0	0	0	0	0	0	0	0	0	0	0	0	0	0	0	0	0	0	0	0	0
CAGYNYGQNFVF_CAIRGTSNEKLFF	0	0	0	0	0	0	0	0	1	0	0	0	0	0	0	0	0	0	0	0	0	0	0	0	0
CAGYSNYQLIW_CASSLLGGFQPSGEQYF	0	1	0	0	0	0	0	0	0	0	0	0	0	0	0	0	0	0	0	0	0	0	0	0	0
CAGYSWGKFQF_CSAPSGLNTEAFF	0	0	0	0	0	0	0	1	0	0	0	0	0	0	0	0	0	0	0	0	0	0	0	0	0
CAHGGGNEKLTF_CSARAPGQLEEQYF	0	0	0	0	0	1	0	0	0	0	0	0	0	0	0	0	0	0	0	0	0	0	0	0	0
CAHKSDYNQGGKLIF_CASSLEWAGANVLTF	0	1	0	0	0	0	0	0	0	0	0	0	0	0	0	0	0	0	0	0	0	0	0	0	0
CAHMDSNYQLIW_CSAPGEEADSSEQFF	0	0	0	0	0	1	0	0	0	0	0	0	0	0	0	0	0	0	0	0	0	0	0	0	0
CAHMDSNYQLIW_CSARAVLAGDAGEQFF	0	0	0	0	0	6	0	0	0	0	0	0	0	0	0	0	0	0	0	0	0	0	0	0	0
CAHNQAGTALIF_CASSWDGTTTNYGYTF	0	0	0	0	0	0	0	0	0	0	1	0	0	0	0	0	0	0	0	0	0	0	0	0	0
CAHPRGFGNVLHC_CSVPREGGGYTF	0	0	0	1	0	0	0	0	0	0	0	0	0	0	0	0	0	0	0	0	0	0	0	0	0
CAHSSGGGADGLTF_CASTRRREQFF	0	1	0	0	0	0	0	0	0	0	0	0	0	0	0	0	0	0	0	0	0	0	0	0	0
CAILILTGGGNKLTF_CASSFPGGYSYNEQFF	0	0	0	0	0	0	0	0	0	0	0	1	0	0	0	0	0	0	0	0	0	0	0	0	0
CAINQAGTALIF_CASSQVWDSTLLGGEQFF	0	0	0	1	0	0	0	0	0	0	0	0	0	0	0	0	0	0	0	0	0	0	0	0	0
CAIRKGGPGGGNKLTF_CASSELGTMNTEAFF	0	1	0	0	0	0	0	0	0	0	0	0	0	0	0	0	0	0	0	0	0	0	0	0	0
CAIRKTGANNLFF_CASSLGQGGYEQYF	0	1	0	0	0	0	0	0	0	0	0	0	0	0	0	0	0	0	0	0	0	0	0	0	0
CAIRWDTGRRALTF_CASSVDTSGLQYF	0	1	0	0	0	0	0	0	0	0	0	0	0	0	0	0	0	0	0	0	0	0	0	0	0
CAISASGGSYIPTF_CASSLFQGGETQYF	0	0	0	0	0	0	0	0	0	0	0	1	0	0	0	0	0	0	0	0	0	0	0	0	0
CAISNYQLIW_CASMLRDRLGSPLHF	0	1	0	0	0	0	0	0	0	0	0	0	0	0	0	0	0	0	0	0	0	0	0	0	0
CAIYAGNMLTF_CASSLAGVGYEQYF	0	0	0	0	0	0	0	0	0	0	0	0	1	0	0	0	0	0	0	0	0	0	0	0	0
CAKEGKTSYDKVIF_CASSPRDRANYGYTF	0	1	0	0	0	0	0	0	0	0	0	0	0	0	0	0	0	0	0	0	0	0	0	0	0
CAKWGPTGFQKLVF_CASSLSGAGELFF	0	0	0	1	0	0	0	0	0	0	0	0	0	0	0	0	0	0	0	0	0	0	0	0	0
CAKYNFNKFYF_CASSRLAGTDTQYF	0	0	0	0	0	0	0	0	1	0	0	0	0	0	0	0	0	0	0	0	0	0	0	0	0
CALAAAGQNFVF_CASSYTGLPSYNEQFF	0	0	0	1	0	0	0	0	0	0	0	0	0	0	0	0	0	0	0	0	0	0	0	0	0
CALAGITDSWGKFQF_CASSEAKGLSSYNSPLHF	0	1	0	0	0	0	0	0	0	0	0	0	0	0	0	0	0	0	0	0	0	0	0	0	0
CALANQAGTALIF_CASSYQGAAGYTF	0	1	0	0	0	0	0	0	0	0	0	0	0	0	0	0	0	0	0	0	0	0	0	0	0
CALARNQGGKLIF_CASSPGAEAFF	0	0	0	0	0	0	0	0	0	0	0	0	1	0	0	0	0	0	0	0	0	0	0	0	0
CALDAGNMLTF_CASSYRDRPYEQYF	0	0	0	1	0	0	0	0	0	0	0	0	0	0	0	0	0	0	0	0	0	0	0	0	0
CALDDNTGKLIF_CASSIQYGRGIPFTGELFF	0	0	0	1	0	0	0	0	0	0	0	0	0	0	0	0	0	0	0	0	0	0	0	0	0
CALDEANFGNEKLTF_CSVEGRAGELFF	0	0	0	0	0	0	0	2	0	0	0	0	0	0	0	0	0	0	0	0	0	0	0	0	0
CALDESGGFKTIF_CATSDLQGNGYTF	0	1	0	0	0	0	0	0	0	0	0	0	0	0	0	0	0	0	0	0	0	0	0	0	0
CALDGGSGNTGKLIF_CASSQDRGTSWYTGELFF	0	0	0	0	0	0	0	0	0	0	0	0	0	0	0	0	0	0	0	0	0	1	0	0	0
CALDGSGANNLFF_CASSRTSGNTGELFF	0	0	0	0	0	0	0	0	0	0	0	1	0	0	0	0	0	0	0	0	0	0	0	0	0
CALDGTGSQGNLIF_CASSLALGREEETQYF	0	1	0	0	0	0	0	0	0	0	0	0	0	0	0	0	0	0	0	0	0	0	0	0	0
CALDIPGSGNTPLVF_CASSLFLAMNTGELFF	0	0	0	0	0	0	0	0	0	0	1	0	0	0	0	0	0	0	0	0	0	0	0	0	0
CALDISPSGGYQKVTF_CASSERGVYEQYF	0	1	0	0	0	0	0	0	0	0	0	0	0	0	0	0	0	0	0	0	0	0	0	0	0
CALDITLGQAGTALIF_CASSDFQGTGELFF	0	0	0	0	0	0	0	0	1	0	0	0	0	0	0	0	0	0	0	0	0	0	0	0	0
CALDLTYSGGGADGLTF_CASSLYSTVGSNYGYTF	0	0	0	0	0	0	0	0	0	0	1	0	0	0	0	0	0	0	0	0	0	0	0	0	0
CALDMGGKLIF_CASSLNSGTNTDTQYF	0	0	0	1	0	0	0	0	0	0	0	0	0	0	0	0	0	0	0	0	0	0	0	0	0
CALDMGSNYQLIW_CASSGSQGKGYYGYTF	0	0	0	0	0	0	0	0	1	0	0	0	0	0	0	0	0	0	0	0	0	0	0	0	0
CALDNYGQNFVF_CASSTGRRGSGNTIYF	0	1	0	0	0	0	0	0	0	0	0	0	0	0	0	0	0	0	0	0	0	0	0	0	0
CALDPNTGNQFYF_CASSSSRTGSGYTF	0	0	0	0	0	0	0	0	0	0	0	0	1	0	0	0	0	0	0	0	0	0	0	0	0
CALDPTGGGNKLTF_CASKGGGYNEKLFF	0	1	0	0	0	0	0	0	0	0	0	0	0	0	0	0	0	0	0	0	0	0	0	0	0
CALDQTGANNLFF_CASSVGAGENSPLHF	0	0	0	1	0	0	0	0	0	0	0	0	0	0	0	0	0	0	0	0	0	0	0	0	0
CALDRDNYGQNFVF_CASSSYNEQFF	0	0	0	0	0	0	0	0	0	0	1	0	0	0	0	0	0	0	0	0	0	0	0	0	0
CALDRDSGYSTLTF_CASSYTRGSRGSPLHF	0	0	0	0	0	0	0	0	0	0	0	0	1	0	0	0	0	0	0	0	0	0	0	0	0
CALDRSASKIIF_CASSLGVTNYGYTF	0	0	0	1	0	0	0	0	0	0	0	0	0	0	0	0	0	0	0	0	0	0	0	0	0
CALDTSGTYKYIF_CASSPRPRGETQYF	0	1	0	0	0	0	0	0	0	0	0	0	0	0	0	0	0	0	0	0	0	0	0	0	0
CALEADSGAGSYQLTF_CASGLAGGPGEQYF	0	0	0	1	0	0	0	0	0	0	0	0	0	0	0	0	0	0	0	0	0	0	0	0	0
CALEADSWGKLQF_CASSFGTGQNTEAFF	0	0	0	1	0	0	0	0	0	0	0	0	0	0	0	0	0	0	0	0	0	0	0	0	0
CALEDNARLMF_CASRRQGARNTEAFF	0	0	0	0	0	0	0	0	1	0	0	0	0	0	0	0	0	0	0	0	0	0	0	0	0
CALEDPAGSGNTGKLIF_CASSRTGEQFF	0	0	0	0	0	0	0	0	0	0	0	0	0	0	0	1	0	0	0	0	0	0	0	0	0
CALEGDMRF_CAISFREQETQYF	0	0	0	0	0	0	0	0	1	0	0	0	0	0	0	0	0	0	0	0	0	0	0	0	0
CALEHSSASKIIF_CASKSSDFGDGYTF	0	0	0	0	0	0	0	0	0	0	1	0	0	0	0	0	0	0	0	0	0	0	0	0	0
CALENTGNQFYF_CASSLGLHYEQYF	0	0	0	1	0	0	0	0	0	0	0	0	0	0	0	0	0	0	0	0	0	0	0	0	0
CALFRNSGNTPLVF_CASSLWTGSEAFF	0	0	0	1	0	0	0	0	0	0	0	0	0	0	0	0	0	0	0	0	0	0	0	0	0
CALFSGNTGKLIF_CASSEGLRNTEAFF	0	1	0	0	0	0	0	0	0	0	0	0	0	0	0	0	0	0	0	0	0	0	0	0	0
CALGAPNNNNDMRF_CASRVGQGNTIYF	0	1	0	0	0	0	0	0	0	0	0	0	0	0	0	0	0	0	0	0	0	0	0	0	0
CALGDSGGGADGLTF_CASSTDRDQQYF	0	1	0	0	0	0	0	0	0	0	0	0	0	0	0	0	0	0	0	0	0	0	0	0	0
CALGDSGSARQLTF_CASSPEQGRTDTQYF	0	1	0	0	0	0	0	0	0	0	0	0	0	0	0	0	0	0	0	0	0	0	0	0	0
CALGFGNVLHC_CASSLGAGAYEQYF	0	1	0	0	0	0	0	0	0	0	0	0	0	0	0	0	0	0	0	0	0	0	0	0	0
CALGFPNTGNQFYF_CASSDRSVLNTEAFF	0	0	0	0	0	0	0	0	0	1	0	0	0	0	0	0	0	0	0	0	0	0	0	0	0
CALGGDGGFKTIF_CASSELAGGQDEQFF	0	0	0	0	0	1	0	0	0	0	0	0	0	0	0	0	0	0	0	0	0	0	0	0	0
CALGGSARQLTF_CASSLSAPTGELFF	0	0	0	0	0	0	0	0	0	0	0	0	1	0	0	0	0	0	0	0	0	0	0	0	0
CALGGSGGSNYKLTF_CSARVQGLNYGYTF	0	0	0	0	0	0	0	0	0	0	0	0	0	0	0	0	0	0	0	0	0	0	0	0	1
CALGGTGFQKLVF_CAWTEGLAGGTDTQYF	0	1	0	0	0	0	0	0	0	0	0	0	0	0	0	0	0	0	0	0	0	0	0	0	0
CALGGWGIQGAQKLVF_CASSLWFGYGYTF	0	1	0	0	0	0	0	0	0	0	0	0	0	0	0	0	0	0	0	0	0	0	0	0	0
CALGGYSTLTF_CASADTHPRNTEAFF	0	0	0	1	0	0	0	0	0	0	0	0	0	0	0	0	0	0	0	0	0	0	0	0	0
CALGHNTNAGKSTF_CASSLRQGGGYTF	0	1	0	0	0	0	0	0	0	0	0	0	0	0	0	0	0	0	0	0	0	0	0	0	0
CALGIKAAGNKLTF_CASSLGTRARIQPQHF	0	1	0	0	0	0	0	0	0	0	0	0	0	0	0	0	0	0	0	0	0	0	0	0	0
CALGIYNQGGKLIF_CASSSGDSNQPQHF	0	1	0	0	0	0	0	0	0	0	0	0	0	0	0	0	0	0	0	0	0	0	0	0	0
CALGPPGTALIF_CASTGQGTNTEAFF	0	0	0	1	0	0	0	0	0	0	0	0	0	0	0	0	0	0	0	0	0	0	0	0	0
CALGPSYSGAGSYQLTF_CASSLEVNTEAFF	0	0	0	0	0	0	0	0	1	0	0	0	0	0	0	0	0	0	0	0	0	0	0	0	0
CALGRASGSRLTF_CASSHGARALNYGYTF	0	1	0	0	0	0	0	0	0	0	0	0	0	0	0	0	0	0	0	0	0	0	0	0	0
CALGSGGSNYKLTF_CAWSVGADTQYF	0	0	0	0	0	0	0	0	0	1	0	0	0	0	0	0	0	0	0	0	0	0	0	0	0
CALGSGGYNKLIF_CASSFSTSGRAGRNEQFF	0	1	0	0	0	0	0	0	0	0	0	0	0	0	0	0	0	0	0	0	0	0	0	0	0
CALGSGSNYQLIW_CASSQRGQGVGNEQFF	0	0	0	0	0	0	0	0	1	0	0	0	0	0	0	0	0	0	0	0	0	0	0	0	0
CALGSGSRLTF_CASSSIGELFF	0	0	0	1	0	0	0	0	0	0	0	0	0	0	0	0	0	0	0	0	0	0	0	0	0
CALGSGTYKYIF_CASPGQGNTEAFF	0	1	0	0	0	0	0	0	0	0	0	0	0	0	0	0	0	0	0	0	0	0	0	0	0
CALGTGRRALTF_CASSTRGDEQYF	0	0	0	1	0	0	0	0	0	0	0	0	0	0	0	0	0	0	0	0	0	0	0	0	0
CALGVSGGSYIPTF_CASRPTSGSVGEQFF	0	1	0	0	0	0	0	0	0	0	0	0	0	0	0	0	0	0	0	0	0	0	0	0	0
CALGYARLMF_CASSFGGDSGNTIYF	0	1	0	0	0	0	0	0	0	0	0	0	0	0	0	0	0	0	0	0	0	0	0	0	0
CALGYSSASKIIF_CSARDSSGANTGELFF	0	0	0	0	0	0	0	1	0	0	0	0	0	0	0	0	0	0	0	0	0	0	0	0	0
CALHMDTGRRALTF_CAWSGGRETQYF	0	1	0	0	0	0	0	0	0	0	0	0	0	0	0	0	0	0	0	0	0	0	0	0	0
CALHSGSARQLTF_CASSEATGRNSPLHF	0	1	0	0	0	0	0	0	0	0	0	0	0	0	0	0	0	0	0	0	0	0	0	0	0
CALHSWGKLQF_CASSQQGPQETQYF	0	0	0	0	0	1	0	0	0	1	0	0	0	0	0	0	0	0	0	0	0	0	0	0	0
CALHTNAGKSTF_CASSHGSQSPLHF	0	0	0	0	0	0	0	0	0	0	0	0	0	0	0	1	0	0	0	0	0	0	0	0	0
CALIGFGNVLHC_CASRMGGNYGYTF	0	1	0	0	0	0	0	0	0	0	0	0	0	0	0	0	0	0	0	0	0	0	0	0	0
CALIGFGNVLHC_CATSDPGQYPQYF	0	1	0	0	0	0	0	0	0	0	0	0	0	0	0	0	0	0	0	0	0	0	0	0	0
CALIKAAGNKLTF_CASSLRQDWGYTF	0	0	0	0	0	1	0	0	0	0	0	0	0	0	0	0	0	0	0	0	0	0	0	0	0
CALINTDKLIF_CASSIGDRVTDTQYF	0	0	0	0	0	0	1	0	0	0	0	0	0	0	0	0	0	0	0	0	0	0	0	0	0
CALIPSGSARQLTF_CAIREEFSYNEQFF	0	1	0	0	0	0	0	0	0	0	0	0	0	0	0	0	0	0	0	0	0	0	0	0	0
CALIRVDSSYKLIF_CASSYAAGTTDTQYF	0	1	0	0	0	0	0	0	0	0	0	0	0	0	0	0	0	0	0	0	0	0	0	0	0
CALISGGYQKVTF_CASRKQGERSYEQYF	0	1	0	0	0	0	0	0	0	0	0	0	0	0	0	0	0	0	0	0	0	0	0	0	0
CALIVTDKLIF_CASSQVWSYGYTF	0	0	0	0	0	0	0	0	0	0	0	0	0	0	0	1	0	0	0	0	0	0	0	0	0
CALKGGKLIF_CASSFWEGEQFF	0	1	0	0	0	0	0	0	0	0	0	0	0	0	0	0	0	0	0	0	0	0	0	0	0
CALKGGTGFQKLVF_CASSLDGTGDSPLHF	0	1	0	0	0	0	0	0	0	0	0	0	0	0	0	0	0	0	0	0	0	0	0	0	0
CALKGSNKFYF_CASSVEDTGPEQYF	0	1	0	0	0	0	0	0	0	0	0	0	0	0	0	0	0	0	0	0	0	0	0	0	0
CALKLVF_CASSPGGVTGELFF	0	0	0	1	0	0	0	0	0	0	0	0	0	0	0	0	0	0	0	0	0	0	0	0	0
CALKMAGGGNKLTF_CASSQLLRAANTEAFF	0	1	0	0	0	0	0	0	0	0	0	0	0	0	0	0	0	0	0	0	0	0	0	0	0
CALKNTGNQFYF_CASSLSQGRYEQYF	0	1	0	0	0	0	0	0	0	0	0	0	0	0	0	0	0	0	0	0	0	0	0	0	0
CALKPASGSRLTF_CASSPIGGNNQPQHF	0	0	0	0	0	0	0	0	0	0	0	0	1	0	0	0	0	0	0	0	0	0	0	0	0
CALKSGGSTLGRLYF_CASSLPSGGEETQYF	0	1	0	0	0	0	0	0	0	0	0	0	0	0	0	0	0	0	0	0	0	0	0	0	0
CALKTGGSYIPTF_CASSISQGTNEKLFF	0	0	0	0	0	0	0	0	0	0	0	0	1	0	0	0	0	0	0	0	0	0	0	0	0
CALKTGLTGGGNKLTF_CASSDGARNTQYF	0	1	0	0	0	0	0	0	0	0	0	0	0	0	0	0	0	0	0	0	0	0	0	0	0
CALKTGSGSEKLVF_CASSLGRLEGTDTQYF	0	0	0	0	0	0	0	0	0	0	0	1	0	0	0	0	0	0	0	0	0	0	0	0	0
CALKVGSGSARQLTF_CASSLGTATNYGYTF	0	1	0	0	0	0	0	0	0	0	0	0	0	0	0	0	0	0	0	0	0	0	0	0	0
CALLDSGYALNF_CSALHSGSSYNEQFF	0	0	0	0	0	0	0	1	0	0	0	0	0	0	0	0	0	0	0	0	0	0	0	0	0
CALLEYGNKLVF_CASSYSESINIQYF	0	1	0	0	0	0	0	0	0	0	0	0	0	0	0	0	0	0	0	0	0	0	0	0	0
CALLEYNFNKFYF_CASSDILAGVRSYEQYF	0	1	0	0	0	0	0	0	0	0	0	0	0	0	0	0	0	0	0	0	0	0	0	0	0
CALLREFGNEKLTF_CASSLGQLSTDTQYF	0	0	0	0	0	0	0	0	0	0	0	1	0	0	0	0	0	0	0	0	0	0	0	0	0
CALLRGGADGLTF_CASSWLGTDAFF	0	1	0	0	0	0	0	0	0	0	0	0	0	0	0	0	0	0	0	0	0	0	0	0	0
CALLSGYSGAGSYQLTF_CSARDFQLGASGVLSSYEQYF	0	0	0	0	0	0	0	1	0	0	0	0	0	0	0	0	0	0	0	0	0	0	0	0	0
CALLTGGGNKLTF_CANRISGEEGYTF	0	1	0	0	0	0	0	0	0	0	0	0	0	0	0	0	0	0	0	0	0	0	0	0	0
CALLTYSGGYQKVTF_CASSSLGTGGPNEKLFF	0	0	0	1	0	0	0	0	0	0	0	0	0	0	0	0	0	0	0	0	0	0	0	0	0
CALLWAGNMLTF_CASSSRMYTGELFF	0	1	0	0	0	0	0	0	0	0	0	0	0	0	0	0	0	0	0	0	0	0	0	0	0
CALLYQGAQKLVF_CASRRQTTDTQYF	0	1	0	0	0	0	0	0	0	0	0	0	0	0	0	0	0	0	0	0	0	0	0	0	0
CALMDSGYALNF_CASSYSGTGGVDEQYF	0	0	0	0	0	0	0	0	0	0	0	1	0	0	0	0	0	0	0	0	0	0	0	0	0
CALMDSNYQLIW_CASSNPGPVQETQYF	0	0	0	0	0	0	0	0	1	0	0	0	0	0	0	0	0	0	0	0	0	0	0	0	0
CALMGDYARLMF_CASSLEPLRDSSGANVLTF	0	0	0	1	0	0	0	0	0	0	0	0	0	0	0	0	0	0	0	0	0	0	0	0	0
CALNDAGGTSYGKLTF_CSAISGGAGEQYF	0	0	0	0	0	0	0	1	0	0	0	0	0	0	0	0	0	0	0	0	0	0	0	0	0
CALNDRGSTLGRLYF_CASSLEQRETQYF	0	1	0	0	0	0	0	0	0	0	0	0	0	0	0	0	0	0	0	0	0	0	0	0	0
CALNDYKLSF_CASSAEGDGSNEKLFF	0	0	0	0	0	0	0	0	0	0	0	0	1	0	0	0	0	0	0	0	0	0	0	0	0
CALNKMYSGGGADGLTF_CASSSDRNTEAFF	0	1	0	0	0	0	0	0	0	0	0	0	0	0	0	0	0	0	0	0	0	0	0	0	0
CALNLDDMRF_CASSRDFATNEKLFF	0	1	0	0	0	0	0	0	0	0	0	0	0	0	0	0	0	0	0	0	0	0	0	0	0
CALNLWNSGNTPLVF_CASSQTGGNTGELFF	0	0	0	0	0	0	0	0	0	0	1	0	0	0	0	0	0	0	0	0	0	0	0	0	0
CALNNAGNMLTF_CASSDRPRNEQFF	0	0	0	1	0	0	0	0	0	0	0	0	0	0	0	0	0	0	0	0	0	0	0	0	0
CALNNFNKFYF_CASSPVGQVNTEAFF	0	1	0	0	0	0	0	0	0	0	0	0	0	0	0	0	0	0	0	0	0	0	0	0	0
CALNRAFSSGSARQLTF_CASSEVEGWTEAFF	0	0	0	1	0	0	0	0	0	0	0	0	0	0	0	0	0	0	0	0	0	0	0	0	0
CALNRDDKIIF_CASSREILAGLNEQFF	0	1	0	0	0	0	0	0	0	0	0	0	0	0	0	0	0	0	0	0	0	0	0	0	0
CALNSGGSNYKLTF_CSIREREGRPYEQYF	0	0	0	0	0	0	0	0	0	0	1	0	0	0	0	0	0	0	0	0	0	0	0	0	0
CALNTGFQKLVF_CATSDRLAGSYNEQFF	0	1	0	0	0	0	0	0	0	0	0	0	0	0	0	0	0	0	0	0	0	0	0	0	0
CALNTGNQFYF_CASSPRPGTGGASGELFF	0	0	0	1	0	0	0	0	0	0	0	0	0	0	0	0	0	0	0	0	0	0	0	0	0
CALPANQAGTALIF_CASRQTGGRTYEQFF	0	0	0	1	0	0	0	0	0	0	0	0	0	0	0	0	0	0	0	0	0	0	0	0	0
CALPGSGGYQKVTF_CASSFQRNRYGYTF	0	0	0	1	0	0	0	0	0	0	0	0	0	0	0	0	0	0	0	0	0	0	0	0	0
CALPIAGNMLTF_CASSYGAGVVFEQYF	0	0	0	1	0	0	0	0	0	0	0	0	0	0	0	0	0	0	0	0	0	0	0	0	0
CALPLSSGSARQLTF_NA	0	1	0	0	0	0	0	0	0	0	0	0	0	0	0	0	0	0	0	0	0	0	0	0	0
CALPNMDTGRRALTF_CASTYDSSPQYF	0	0	0	0	0	0	0	0	0	0	0	0	1	0	0	0	0	0	0	0	0	0	0	0	0
CALPPTNAGKSTF_CASLGGTKQFF	0	0	0	1	0	0	0	0	0	0	0	0	0	0	0	0	0	0	0	0	0	0	0	0	0
CALQAGTALIF_CASSMMGYEQYF	0	0	0	1	0	0	0	0	0	0	0	0	0	0	0	0	0	0	0	0	0	0	0	0	0
CALQVMSDMRF_CSANRLAGATDTQYF	0	0	0	0	0	0	0	1	0	0	0	0	0	0	0	0	0	0	0	0	0	0	0	0	0
CALRADQKVTF_CASSVGQASPLHF	0	0	0	0	0	1	0	0	0	0	0	0	0	0	0	0	0	0	0	0	0	0	0	0	0
CALRADSSYKLIF_CSAIQGYEQYF	0	0	0	0	0	0	0	1	0	0	0	0	0	0	0	0	0	0	0	0	0	0	0	0	0
CALRAGNNRKLIW_CASSTGYTEAFF	0	0	0	1	0	0	0	0	0	0	0	0	0	0	0	0	0	0	0	0	0	0	0	0	0
CALRANQAGTALIF_CASSPGGGHETQYF	0	0	0	0	0	0	0	0	0	0	1	0	0	0	0	0	0	0	0	0	0	0	0	0	0
CALRAPNAGNNRKLIW_CASSLRQGAGTDTQYF	0	0	0	0	0	0	0	0	0	0	0	0	1	0	0	0	0	0	0	0	0	0	0	0	0
CALRDLNRDDKIIF_CATSRPPTSLTYNEQFF	0	0	0	1	0	0	0	0	0	0	0	0	0	0	0	0	0	0	0	0	0	0	0	0	0
CALRDMEYGNKLVF_CSVINRGQTEAFF	0	0	0	0	0	0	0	1	0	0	0	0	0	0	0	0	0	0	0	0	0	0	0	0	0
CALRENTNAGKSTF_CASSAGSATSYEQYF	0	1	0	0	0	0	0	0	0	0	0	0	0	0	0	0	0	0	0	0	0	0	0	0	0
CALRGAGGSYIPTF_CSADQGYGELFF	0	0	0	0	0	1	0	0	0	0	0	0	0	0	0	0	0	0	0	0	0	0	0	0	0
CALRGAGNNRKLIW_CASSYSDRGPMYGYTF	0	0	0	0	0	0	0	0	1	0	0	0	0	0	0	0	0	0	0	0	0	0	0	0	0
CALRGARSGGYQKVTF_CASSFARSSTDTQYF	0	0	0	1	0	0	0	0	0	0	0	0	0	0	0	0	0	0	0	0	0	0	0	0	0
CALRGDNTDKLIF_CSARQGGGGTNEKLFF	0	0	0	0	0	0	0	1	0	0	0	0	0	0	0	0	0	0	0	0	0	0	0	0	0
CALRGDSNYQLIW_CASSQVAGGPYEQYF	0	0	0	0	0	0	0	0	0	0	0	0	0	0	0	0	0	0	0	0	0	1	0	0	0
CALRGDTGRRALTF_CASSQYGGDSYEQYF	0	0	0	0	0	1	0	0	0	0	0	0	0	0	0	0	0	0	0	0	0	0	0	0	0
CALRGLMDSNYQLIW_CASSVRPSGDSTDTQYF	0	0	0	0	0	0	0	0	0	0	0	1	0	0	0	0	0	0	0	0	0	0	0	0	0
CALRGPIQETSGSRLTF_CASSFGGAGAIRNEKLFF	0	0	0	1	0	0	0	0	0	0	0	0	0	0	0	0	0	0	0	0	0	0	0	0	0
CALRGRDTGRRALTF_CSASDRDTPSYEQYF	0	0	0	0	0	0	0	1	0	0	0	0	0	0	0	0	0	0	0	0	0	0	0	0	0
CALRGTGNQFYF_CAIHGTRNQPQHF	0	0	0	0	0	0	0	0	0	1	0	0	0	0	0	0	0	0	0	0	0	0	0	0	0
CALRGWGGGFKTIF_CSAGAGADTGELFF	0	0	0	0	0	0	0	1	0	0	0	0	0	0	0	0	0	0	0	0	0	0	0	0	0
CALRGYQKVTF_CASIPPPGYNEQFF	0	1	0	0	0	0	0	0	0	0	0	0	0	0	0	0	0	0	0	0	0	0	0	0	0
CALRKNTGNQFYF_CASSSAGTGVRYEQYF	0	0	0	1	0	0	0	0	0	0	0	0	0	0	0	0	0	0	0	0	0	0	0	0	0
CALRLLFTGNQFYF_CASSLKGQGNEQFF	0	0	0	0	0	0	0	0	1	0	0	0	0	0	0	0	0	0	0	0	0	0	0	0	0
CALRMDSSYKLIF_CASSLMGGGPLETQYF	0	1	0	0	0	0	0	0	0	0	0	0	0	0	0	0	0	0	0	0	0	0	0	0	0
CALRNGGGGADGLTF_CASGLDWAGELFF	0	1	0	0	0	0	0	0	0	0	0	0	0	0	0	0	0	0	0	0	0	0	0	0	0
CALRNNNARLMF_CASWGGTEQYF	0	0	0	0	0	0	0	0	1	0	0	0	0	0	0	0	0	0	0	0	0	0	0	0	0
CALRNQAGTALIF_CASRGQGDQPQHF	0	1	0	0	0	0	0	0	0	0	0	0	0	0	0	0	0	0	0	0	0	0	0	0	0
CALRNSGNTGKLIF_CASSTWTSGSSYNEQFF	0	1	0	0	0	0	0	0	0	0	0	0	0	0	0	0	0	0	0	0	0	0	0	0	0
CALRNSGYALNF_CAWRDRTPNLNTEAFF	0	1	0	0	0	0	0	0	0	0	0	0	0	0	0	0	0	0	0	0	0	0	0	0	0
CALRNYGGSQGNLIF_CASSSQGIIDTQYF	0	0	0	1	0	0	0	0	0	0	0	0	0	0	0	0	0	0	0	0	0	0	0	0	0
CALRPGGSQGNLIF_CASSRRTSGNYEQYF	0	1	0	0	0	0	0	0	0	0	0	0	0	0	0	0	0	0	0	0	0	0	0	0	0
CALRPNTGNQFYF_CASKPPGRGTGELFF	0	1	0	0	0	0	0	0	0	0	0	0	0	0	0	0	0	0	0	0	0	0	0	0	0
CALRPPNQGGKLIF_CASSVETNTEAFF	0	1	0	0	0	0	0	0	0	0	0	0	0	0	0	0	0	0	0	0	0	0	0	0	0
CALRPSGGSNYKLTF_CASSQARDSLEQYF	0	0	0	0	0	0	0	0	1	0	0	0	0	0	0	0	0	0	0	0	0	0	0	0	0
CALRRAHQAGTALIF_CSAGDSGGNTEAFF	0	0	0	0	0	0	0	1	0	0	0	0	0	0	0	0	0	0	0	0	0	0	0	0	0
CALRRGGNKLTF_CASSFGLAEQETQYF	0	0	0	0	0	0	0	0	0	0	0	1	0	0	0	0	0	0	0	0	0	0	0	0	0
CALRRNNLFF_CAWSIAGVGSDTQYF	0	1	0	0	0	0	0	0	0	0	0	0	0	0	0	0	0	0	0	0	0	0	0	0	0
CALRRNSGGSNYKLTF_CASSQDGGSGNTIYF	0	0	0	0	0	0	0	0	0	0	0	0	0	0	0	1	0	0	0	0	0	0	0	0	0
CALRRTGANNLFF_CASSEDRASNQPQHF	0	1	0	0	0	0	0	0	0	0	0	0	0	0	0	0	0	0	0	0	0	0	0	0	0
CALRSGNQFYF_CSARGEFGANVLTF	0	0	0	0	0	0	0	1	0	0	0	0	0	0	0	0	0	0	0	0	0	0	0	0	0
CALRSNTGKLIF_CASSYGQENTEAFF	0	1	0	0	0	0	0	0	0	0	0	0	0	0	0	0	0	0	0	0	0	0	0	0	0
CALRSNTNAGKSTF_CSARDAGGLVTEAFF	0	0	0	0	0	1	0	0	0	0	0	0	0	0	0	0	0	0	0	0	0	0	0	0	0
CALRSPPNAGGTSYGKLTF_CASSEGVGSQPQHF	0	1	0	0	0	0	0	0	0	0	0	0	0	0	0	0	0	0	0	0	0	0	0	0	0
CALRSTTSGTYKYIF_CASSFGVAGTQETQYF	0	0	0	0	0	0	0	0	0	0	0	0	1	0	0	0	0	0	0	0	0	0	0	0	0
CALRTGNQFYF_CATSDPGLAGGYEQFF	0	1	0	0	0	0	0	0	0	0	0	0	0	0	0	0	0	0	0	0	0	0	0	0	0
CALRTQYSSASKIIF_CASSRGTSNQPQHF	0	1	0	0	0	0	0	0	0	0	0	0	0	0	0	0	0	0	0	0	0	0	0	0	0
CALRVSGGSYIPTF_CASSFRPGSKETQYF	0	1	0	0	0	0	0	0	0	0	0	0	0	0	0	0	0	0	0	0	0	0	0	0	0
CALSAADSWGKLQF_CASSPGQGVTGELFF	0	0	0	1	0	0	0	0	0	0	0	0	0	0	0	0	0	0	0	0	0	0	0	0	0
CALSADRGSTLGRLYF_CSAPRVRNIQYF	0	0	0	0	0	0	0	0	0	0	0	0	0	0	0	0	0	0	0	0	0	0	0	0	1
CALSAFGGSQGNLIF_CASSSGISRNYGYTF	0	1	0	0	0	0	0	0	0	0	0	0	0	0	0	0	0	0	0	0	0	0	0	0	0
CALSAGGYQKVTF_CSVEKGFGDRRNYGYTF	0	0	0	1	0	0	0	0	0	0	0	0	0	0	0	0	0	0	0	0	0	0	0	0	0
CALSAGRDDKIIF_CASSLPSYEQYF	0	0	0	0	0	1	0	0	0	0	0	0	0	0	0	0	0	0	0	0	0	0	0	0	0
CALSAHNTGGFKTIF_CSVLMGGDQPQHF	0	1	0	0	0	0	0	0	0	0	0	0	0	0	0	0	0	0	0	0	0	0	0	0	0
CALSAKGGSEKLVF_CASSAGGGGYTGELFF	0	0	0	0	0	0	0	0	0	0	1	0	0	0	0	0	0	0	0	0	0	0	0	0	0
CALSALTGNQFYF_CASSFPGQGYGYTF	0	0	0	0	0	0	0	0	0	0	1	0	0	0	0	0	0	0	0	0	0	0	0	0	0
CALSAPTNAGKSTF_CASSLAGRQNQPQHF	0	1	0	0	0	0	0	0	0	0	0	0	0	0	0	0	0	0	0	0	0	0	0	0	0
CALSASGNTGKLIF_CASSHGALDRAKNIQYF	0	0	0	1	0	0	0	0	0	0	0	0	0	0	0	0	0	0	0	0	0	0	0	0	0
CALSASGYSTLTF_CASRTGAGNTIYF	0	0	0	1	0	0	0	0	0	0	0	0	0	0	0	0	0	0	0	0	0	0	0	0	0
CALSDDNYGQNFVF_CASSLLTVGSYEQYF	0	1	0	0	0	0	0	0	0	0	0	0	0	0	0	0	0	0	0	0	0	0	0	0	0
CALSDDRGSTLGRLYF_CASSLRTSADEQFF	0	0	0	1	0	0	0	0	0	0	0	0	0	0	0	0	0	0	0	0	0	0	0	0	0
CALSDEEGGSYIPTF_CASSQERTGSSTIYF	0	0	0	0	0	0	0	0	0	0	0	0	0	0	0	0	0	0	0	0	0	1	0	0	0
CALSDFGEKLTF_CASRSGAGSQYEQYF	0	0	0	1	0	0	0	0	0	0	0	0	0	0	0	0	0	0	0	0	0	0	0	0	0
CALSDGARLMF_NA	0	0	0	1	0	0	0	0	0	0	0	0	0	0	0	0	0	0	0	0	0	0	0	0	0
CALSDGGSGNTGKLIF_CASSPRGATDTQYF	0	1	0	0	0	0	0	0	0	0	0	0	0	0	0	0	0	0	0	0	0	0	0	0	0
CALSDGNNNARLMF_CASRGPGLTGYTF	0	1	0	0	0	0	0	0	0	0	0	0	0	0	0	0	0	0	0	0	0	0	0	0	0
CALSDGNQFYF_CASSRQGGQKVTDTQYF	0	0	0	0	0	0	0	0	0	0	0	1	0	0	0	0	0	0	0	0	0	0	0	0	0
CALSDKGGTSYGKLTF_CASSLQSYEQFF	0	0	0	0	0	0	0	0	0	0	0	1	0	0	0	0	0	0	0	0	0	0	0	0	0
CALSDLGGGSNYKLTF_CASSFLGGSNNSPLHF	0	0	0	0	0	0	0	0	0	0	1	0	0	0	0	0	0	0	0	0	0	0	0	0	0
CALSDLGRDDKIIF_CASSGPTGREGQPQHF	0	0	0	1	0	0	0	0	0	0	0	0	0	0	0	0	0	0	0	0	0	0	0	0	0
CALSDLGSSNTGKLIF_CAWRGQGNSPLHF	0	1	0	0	0	0	0	0	0	0	0	0	0	0	0	0	0	0	0	0	0	0	0	0	0
CALSDLQGAQKLVF_CASSEQGQGYEQYF	0	1	0	0	0	0	0	0	0	0	0	0	0	0	0	0	0	0	0	0	0	0	0	0	0
CALSDLSGGSQGNLIF_CSAPGRINSQPQHF	0	0	0	0	0	0	0	1	0	0	0	0	0	0	0	0	0	0	0	0	0	0	0	0	0
CALSDNSGYSTLTF_CASTLSMQGYTF	0	0	0	1	0	0	0	0	0	0	0	0	0	0	0	0	0	0	0	0	0	0	0	0	0
CALSDPDDMRF_CASSHGLGSYEQYF	0	0	0	0	0	0	0	0	0	0	0	0	0	0	0	1	0	0	0	0	0	0	0	0	0
CALSDPDNAGNMLTF_CSATPGQLAKNIQYF	0	0	0	0	0	0	0	1	0	0	0	0	0	0	0	0	0	0	0	0	0	0	0	0	0
CALSDPQETSGSRLTF_CASTLQGPLMNTEAFF	0	1	0	0	0	0	0	0	0	0	0	0	0	0	0	0	0	0	0	0	0	0	0	0	0
CALSDPRSSASKIIF_CASSLALGGNTIYF	0	1	0	0	0	0	0	0	0	0	0	0	0	0	0	0	0	0	0	0	0	0	0	0	0
CALSDPVNTGNQFYF_CASRPGTGRRSNQPQHF	0	0	0	0	0	0	0	0	1	0	0	0	0	0	0	0	0	0	0	0	0	0	0	0	0
CALSDQAGNQFYF_CASSLVWGRVNTEAFF	0	0	0	0	0	0	0	0	0	0	0	1	0	0	0	0	0	0	0	0	0	0	0	0	0
CALSDQNNNARLMF_CASSLLGTWPPSHSGANVLTF	0	1	0	0	0	0	0	0	0	0	0	0	0	0	0	0	0	0	0	0	0	0	0	0	0
CALSDQSGGSNYKLTF_CASSLGTGDQPQHF	0	0	0	0	0	0	0	0	0	0	0	1	0	0	0	0	0	0	0	0	0	0	0	0	0
CALSDQTGANNLFF_CASSGQGRWGYTF	0	1	0	0	0	0	0	0	0	0	0	0	0	0	0	0	0	0	0	0	0	0	0	0	0
CALSDQTSNTGKLIF_CASSLGRASTDTQYF	0	0	0	1	0	0	0	0	0	0	0	0	0	0	0	0	0	0	0	0	0	0	0	0	0
CALSDQTSYDKVIF_CSVPPRTGVDTQYF	0	1	0	0	0	0	0	0	0	0	0	0	0	0	0	0	0	0	0	0	0	0	0	0	0
CALSDQVAAGNKLTF_CASSFGQGRIEQYF	0	0	0	1	0	0	0	0	0	0	0	0	0	0	0	0	0	0	0	0	0	0	0	0	0
CALSDRDFGNEKLTF_CASRPRRDRGTQYF	0	0	0	0	0	0	0	0	1	0	0	0	0	0	0	0	0	0	0	0	0	0	0	0	0
CALSDRGATNKLIF_CASSFSTGDGYTF	0	0	0	0	0	1	0	0	0	0	0	0	0	0	0	0	0	0	0	0	0	0	0	0	0
CALSDRGFQKLVF_CAWSYRANTEAFF	0	1	0	0	0	0	0	0	0	0	0	0	0	0	0	0	0	0	0	0	0	0	0	0	0
CALSDRGGNKLTF_CSARGGVSTDTQYF	0	0	0	0	0	0	0	1	0	0	0	0	0	0	0	0	0	0	0	0	0	0	0	0	0
CALSDRGSGGYQKVTF_CASSLGRATAGYTF	0	1	0	0	0	0	0	0	0	0	0	0	0	0	0	0	0	0	0	0	0	0	0	0	0
CALSDRGSQGNLIF_CSAQVGGSYNSPLHF	0	0	0	0	0	0	0	1	0	0	0	0	0	0	0	0	0	0	0	0	0	0	0	0	0
CALSDRNDKIIF_CSGLTAEVRQETQYF	0	1	0	0	0	0	0	0	0	0	0	0	0	0	0	0	0	0	0	0	0	0	0	0	0
CALSDRNSARQLTF_CASTKVGLEQYF	0	1	0	0	0	0	0	0	0	0	0	0	0	0	0	0	0	0	0	0	0	0	0	0	0
CALSDRTGGFKTIF_CASSLTGSGGNTIYF	0	1	0	0	0	0	0	0	0	0	0	0	0	0	0	0	0	0	0	0	0	0	0	0	0
CALSDSGGGADGLTF_CASSSRLASVTYNEQFF	0	1	0	0	0	0	0	0	0	0	0	0	0	0	0	0	0	0	0	0	0	0	0	0	0
CALSDSGGSYIPTF_CASSPRTVIEYGYTF	0	1	0	0	0	0	0	0	0	0	0	0	0	0	0	0	0	0	0	0	0	0	0	0	0
CALSDSTDSWGKLQF_CAAGTSGGPDTQYF	0	1	0	0	0	0	0	0	0	0	0	0	0	0	0	0	0	0	0	0	0	0	0	0	0
CALSDSTGANSKLTF_CASSSPMGTTYNEQFF	0	0	0	1	0	0	0	0	0	0	0	0	0	0	0	0	0	0	0	0	0	0	0	0	0
CALSDSWGKLQF_CASRHGLAGTDTQYF	0	0	0	0	0	1	0	0	0	0	0	0	0	0	0	0	0	0	0	0	0	0	0	0	0
CALSDVAAGNKLTF_CASSLGPSEEQFF	0	1	0	0	0	0	0	0	0	0	0	0	0	0	0	0	0	0	0	0	0	0	0	0	0
CALSDYMFSGGYNKLIF_CSASRTGEIWTYEQYF	0	0	0	0	0	0	0	1	0	0	0	0	0	0	0	0	0	0	0	0	0	0	0	0	0
CALSEAAGAGSYQLTF_CSAASSGSGSLLRTDTQYF	0	0	0	0	0	0	0	1	0	0	0	0	0	0	0	0	0	0	0	0	0	0	0	0	0
CALSEADNTDKLIF_CASSQWTQITNQPQHF	0	0	0	1	0	0	0	0	0	0	0	0	0	0	0	0	0	0	0	0	0	0	0	0	0
CALSEADRGSTLGRLYF_CASSPGRGRRNTEAFF	0	0	0	0	0	0	0	0	1	0	0	0	0	0	0	0	0	0	0	0	0	0	0	0	0
CALSEADRGSTLGRLYF_CASSQNPWDGYTF	0	0	0	0	0	0	0	0	1	0	0	0	0	0	0	0	0	0	0	0	0	0	0	0	0
CALSEADTGGFKTIF_CASSLSAGGYTF	0	0	0	0	0	0	0	0	0	0	0	1	0	0	0	0	0	0	0	0	0	0	0	0	0
CALSEAETSGSRLTF_CASSYQTGQGSYGYTF	0	0	0	0	0	0	0	0	0	0	0	1	0	0	0	0	0	0	0	0	0	0	0	0	0
CALSEAFSGGYQKVTF_CASSKPGQGTYEQYF	0	0	0	1	0	0	0	0	0	0	0	0	0	0	0	0	0	0	0	0	0	0	0	0	0
CALSEAGFGNVLHC_CASNTGGAGNQPQHF	0	0	0	1	0	0	0	0	0	0	0	0	0	0	0	0	0	0	0	0	0	0	0	0	0
CALSEAGFQKLVF_CASSQGTSGRTGELFF	0	0	0	0	0	0	0	0	0	0	0	0	1	0	0	0	0	0	0	0	0	0	0	0	0
CALSEAGGSQGNLIF_CASSLPGQGLYEQYF	0	0	0	1	0	0	0	0	0	0	0	0	0	0	0	0	0	0	0	0	0	0	0	0	0
CALSEAGNYGQNFVF_CASTKGGNQETQYF	0	0	0	1	0	0	0	0	0	0	0	0	0	0	0	0	0	0	0	0	0	0	0	0	0
CALSEAGPVPQIIF_CASSERVKSSGNTIYF	0	0	0	1	0	0	0	0	0	0	0	0	0	0	0	0	0	0	0	0	0	0	0	0	0
CALSEAGTGNQFYF_CASSLRLTYNEQFF	0	1	0	0	0	0	0	0	0	0	0	0	0	0	0	0	0	0	0	0	0	0	0	0	0
CALSEAGYSTLTF_CASSSGQGRTEAFF	0	1	0	0	0	0	0	0	0	0	0	0	0	0	0	0	0	0	0	0	0	0	0	0	0
CALSEALGNQGGKLIF_CASSFPLGVGLNEQFF	0	0	0	0	0	0	0	0	0	0	0	0	1	0	0	0	0	0	0	0	0	0	0	0	0
CALSEANYGGATNKLIF_CASSQGAGLTDTQYF	0	0	0	1	0	0	0	0	0	0	0	0	0	0	0	0	0	0	0	0	0	0	0	0	0
CALSEAPTGGFKTIF_CASSQEIVGAQYF	0	0	0	0	0	0	0	0	0	0	0	0	0	0	0	0	0	0	0	0	0	1	0	0	0
CALSEAPYGNNRLAF_CSTPVIAGGGGETQYF	0	1	0	0	0	0	0	0	0	0	0	0	0	0	0	0	0	0	0	0	0	0	0	0	0
CALSEARGNNRLAF_CASNARGTVNYGYTF	0	0	0	1	0	0	0	0	0	0	0	0	0	0	0	0	0	0	0	0	0	0	0	0	0
CALSEARSSASKIIF_CASSLGDRARTNEKLFF	0	0	0	0	0	0	0	0	0	0	0	1	0	0	0	0	0	0	0	0	0	0	0	0	0
CALSEASGSEKLVF_CASSYRGRGYTF	0	1	0	0	0	0	0	0	0	0	0	0	0	0	0	0	0	0	0	0	0	0	0	0	0
CALSEASNAGKSTF_CASSYSKGGRSYGYTF	0	0	0	1	0	0	0	0	0	0	0	0	0	0	0	0	0	0	0	0	0	0	0	0	0
CALSEASSDGQKLLF_CSVARHPGPNTEAFF	0	1	0	0	0	0	0	0	0	0	0	0	0	0	0	0	0	0	0	0	0	0	0	0	0
CALSEAVDSNYQLIW_CASSPGTSGIQNTGELFF	0	0	0	1	0	0	0	0	0	0	0	0	0	0	0	0	0	0	0	0	0	0	0	0	0
CALSEAWAEKLVF_CASSLGEGLQETQYF	0	0	0	0	0	0	0	0	0	0	0	1	0	0	0	0	0	0	0	0	0	0	0	0	0
CALSEAWGDTGNQFYF_CASEEYRRQVGQPQHF	0	0	0	1	0	0	0	0	0	0	0	0	0	0	0	0	0	0	0	0	0	0	0	0	0
CALSEAYDYKLSF_CASSPGLDPRETQYF	0	1	0	0	0	0	0	0	0	0	0	0	0	0	0	0	0	0	0	0	0	0	0	0	0
CALSEDWYNNNDMRF_CSARKRGTKTSNQPQHF	0	0	0	0	0	0	0	1	0	0	0	0	0	0	0	0	0	0	0	0	0	0	0	0	0
CALSEEATDSWGKFQF_CAISYRVNSPLHF	0	1	0	0	0	0	0	0	0	0	0	0	0	0	0	0	0	0	0	0	0	0	0	0	0
CALSEEGNTDKLIF_CASSSKLGLSYEQYF	0	0	0	0	0	0	0	0	0	0	1	0	0	0	0	0	0	0	0	0	0	0	0	0	0
CALSEEGTGFQKLVF_CASSTSGHSNQPQHF	0	0	0	1	0	0	0	0	0	0	0	0	0	0	0	0	0	0	0	0	0	0	0	0	0
CALSEELDDKIIF_CASSSREGRASSYNEQFF	0	0	0	0	0	0	0	0	0	0	1	0	0	0	0	0	0	0	0	0	0	0	0	0	0
CALSEENTGGFKTIF_CSVDRDRLNYGYTF	0	1	0	0	0	0	0	0	0	0	0	0	0	0	0	0	0	0	0	0	0	0	0	0	0
CALSEERGFKTIF_CAWSTGADTQYF	0	1	0	0	0	0	0	0	0	0	0	0	0	0	0	0	0	0	0	0	0	0	0	0	0
CALSEETNAGKSTF_CASSSGQYEQYF	0	0	0	0	0	0	0	0	0	0	0	1	0	0	0	0	0	0	0	0	0	0	0	0	0
CALSEEYRDDKIIF_CSAPSGTGVWEQYF	0	0	0	0	0	1	0	0	0	0	0	0	0	0	0	0	0	0	0	0	0	0	0	0	0
CALSEGDMRF_CASSYFRDTQYF	0	1	0	0	0	0	0	0	0	0	0	0	0	0	0	0	0	0	0	0	0	0	0	0	0
CALSEGDTGTASKLTF_CASSLGQGFQPQHF	0	0	0	0	0	0	0	0	0	0	0	0	1	0	0	0	0	0	0	0	0	0	0	0	0
CALSEGETSGSRLTF_CASSLPVNSPLHF	0	0	0	1	0	0	0	0	0	0	0	0	0	0	0	0	0	0	0	0	0	0	0	0	0
CALSEGETSGSRLTF_CASSPGTAVLYF	0	0	0	1	0	0	0	0	0	0	0	0	0	0	0	0	0	0	0	0	0	0	0	0	0
CALSEGGGKLIF_CSAGGQGARINEKLFF	0	0	0	0	0	0	0	1	0	0	0	0	0	0	0	0	0	0	0	0	0	0	0	0	0
CALSEGGKLIF_CASSLGYGYTF	0	0	0	0	0	0	0	0	0	0	1	0	0	0	0	0	0	0	0	0	0	0	0	0	0
CALSEGNTDKLIF_CASSLAWTGVNEQFF	0	0	0	0	0	0	0	0	0	0	1	0	0	0	0	0	0	0	0	0	0	0	0	0	0
CALSEGSGNFGNEKLTF_CASGLGGPLYGYTF	0	1	0	0	0	0	0	0	0	0	0	0	0	0	0	0	0	0	0	0	0	0	0	0	0
CALSEGSSNTGKLIF_CASSPSGSTSGRSNEQFF	0	1	0	0	0	0	0	0	0	0	0	0	0	0	0	0	0	0	0	0	0	0	0	0	0
CALSEGTYKYIF_CASSFSISGSGNTIYF	0	1	0	0	0	0	0	0	0	0	0	0	0	0	0	0	0	0	0	0	0	0	0	0	0
CALSEIITGGGNKLTF_CASSVGELLRGTEAFF	0	1	0	0	0	0	0	0	0	0	0	0	0	0	0	0	0	0	0	0	0	0	0	0	0
CALSELRGGSEKLVF_CASSFTGLAGVGYNEQFF	0	0	0	0	0	0	0	0	0	0	0	1	0	0	0	0	0	0	0	0	0	0	0	0	0
CALSELRNNNARLMF_CASSPRLENTEAFF	0	1	0	0	0	0	0	0	0	0	0	0	0	0	0	0	0	0	0	0	0	0	0	0	0
CALSENSGGSNYKLTF_CASRAPGQGALEQYF	0	1	0	0	0	0	0	0	0	0	0	0	0	0	0	0	0	0	0	0	0	0	0	0	0
CALSENSSASKIIF_CASSPTGGTNNEQFF	0	1	0	0	0	0	0	0	0	0	0	0	0	0	0	0	0	0	0	0	0	0	0	0	0
CALSENTGNQFYF_CASSRAGHNTGELFF	0	0	0	0	0	1	0	0	0	0	0	0	0	0	0	0	0	0	0	0	0	0	0	0	0
CALSEPFNFGNEKLTF_CASSAGGLLLAGKNEQFF	0	1	0	0	0	0	0	0	0	0	0	0	0	0	0	0	0	0	0	0	0	0	0	0	0
CALSEPGDRDDKIIF_CASSIFGGRQPQHF	0	0	0	0	0	1	0	0	0	0	0	0	0	0	0	0	0	0	0	0	0	0	0	0	0
CALSEPRYFNKFYF_CASSEDNRGLGYGYTF	0	1	0	0	0	0	0	0	0	0	0	0	0	0	0	0	0	0	0	0	0	0	0	0	0
CALSERDYKLSF_CASSLAGQAPLHF	0	1	0	0	0	0	0	0	0	0	0	0	0	0	0	0	0	0	0	0	0	0	0	0	0
CALSERETSGSRLTF_CASSLDSTPLHF	0	0	0	1	0	0	0	0	0	0	0	0	0	0	0	0	0	0	0	0	0	0	0	0	0
CALSERGWDTDKLIF_CASSYGGQANQPQHF	0	0	0	1	0	0	0	0	0	0	0	0	0	0	0	0	0	0	0	0	0	0	0	0	0
CALSERNSGNTPLVF_CASSLAGNTEAFF	0	0	0	0	0	0	0	0	0	0	0	0	1	0	0	0	0	0	0	0	0	0	0	0	0
CALSESANDYKLSF_CASSLGRGWGEGTEAFF	0	0	0	0	0	0	0	0	0	0	0	1	0	0	0	0	0	0	0	0	0	0	0	0	0
CALSESGGYQKVTF_CSDGTFPPTDTQYF	0	0	0	1	0	0	0	0	0	0	0	0	0	0	0	0	0	0	0	0	0	0	0	0	0
CALSESGYALNF_CASSEGSRGYTF	0	0	0	1	0	0	0	0	0	0	0	0	0	0	0	0	0	0	0	0	0	0	0	0	0
CALSESYNFNKFYF_CSARSGALQETQYF	0	0	0	0	0	0	0	1	0	0	0	0	0	0	0	0	0	0	0	0	0	0	0	0	0
CALSETDTGNQFYF_CASSLQGVRLHEQFF	0	0	0	0	0	0	0	0	0	0	0	1	0	0	0	0	0	0	0	0	0	0	0	0	0
CALSETNFGNEKLTF_CASSQGRGPHYGYTF	0	0	0	1	0	0	0	0	0	0	0	0	0	0	0	0	0	0	0	0	0	0	0	0	0
CALSEVGSARQLTF_CASSQVLGSNYGYTF	0	0	0	0	0	1	0	0	0	0	0	0	0	0	0	0	0	0	0	0	0	0	0	0	0
CALSEVNTGFQKLVF_CASRKTVDGTEAFF	0	0	0	1	0	0	0	0	0	0	0	0	0	0	0	0	0	0	0	0	0	0	0	0	0
CALSFYNQGGKLIF_CASSQGTVNYGYTF	0	0	0	0	0	0	0	0	0	0	0	0	0	0	0	1	0	0	0	0	0	0	0	0	0
CALSGGATNKLIF_CASSVGSGGTEAFF	0	0	0	1	0	0	0	0	0	0	0	0	0	0	0	0	0	0	0	0	0	0	0	0	0
CALSGGDSGGSNYKLTF_CASSYQGAGTSGVEQYF	0	0	0	1	0	0	0	0	0	0	0	0	0	0	0	0	0	0	0	0	0	0	0	0	0
CALSGGGDFGNEKLTF_CASSIEIMRLAGPQFF	0	0	0	1	0	0	0	0	0	0	0	0	0	0	0	0	0	0	0	0	0	0	0	0	0
CALSGGGFKTIF_NA	0	0	0	0	0	0	0	0	0	1	0	0	0	0	0	0	0	0	0	0	0	0	0	0	0
CALSGGGGNKLTF_CASSPGRPTYNEQFF	0	0	0	0	0	0	0	0	0	0	0	0	1	0	0	0	0	0	0	0	0	0	0	0	0
CALSGGGQGAQKLVF_CSARNTNYGYTF	0	0	0	0	0	0	0	1	0	0	0	0	0	0	0	0	0	0	0	0	0	0	0	0	0
CALSGGGSQGNLIF_CASSFQREWFETQYF	0	0	0	0	0	0	0	0	0	0	1	0	0	0	0	0	0	0	0	0	0	0	0	0	0
CALSGGSGNTGKLIF_CASARPGRAEAFF	0	1	0	0	0	0	0	0	0	0	0	0	0	0	0	0	0	0	0	0	0	0	0	0	0
CALSGGTDKLIF_CSARDRAKEAFF	0	0	0	0	0	0	0	1	0	0	0	0	0	0	0	0	0	0	0	0	0	0	0	0	0
CALSGGTSYGKLTF_NA	0	1	0	0	0	0	0	0	0	0	0	0	0	0	0	0	0	0	0	0	0	0	0	0	0
CALSGGYQKVTF_CAWTRTGESGNTIYF	0	1	0	0	0	0	0	0	0	0	0	0	0	0	0	0	0	0	0	0	0	0	0	0	0
CALSGGYSTLTF_CATSDPGTSGRSSYNEQFF	0	1	0	0	0	0	0	0	0	0	0	0	0	0	0	0	0	0	0	0	0	0	0	0	0
CALSGLTNNAGNMLTF_CASSQVIRSPLHF	0	1	0	0	0	0	0	0	0	0	0	0	0	0	0	0	0	0	0	0	0	0	0	0	0
CALSGMFSGGYNKLIF_CASSSGSLIGGPQHF	0	0	0	1	0	0	0	0	0	0	0	0	0	0	0	0	0	0	0	0	0	0	0	0	0
CALSGNNAGNMLTF_CATSDGGTVGVNYGYTF	0	1	0	0	0	0	0	0	0	0	0	0	0	0	0	0	0	0	0	0	0	0	0	0	0
CALSGNTDKLIF_CASSSRVGGLREQYF	0	0	0	0	0	0	0	0	0	0	0	0	1	0	0	0	0	0	0	0	0	0	0	0	0
CALSGPNTGNQFYF_CASSQGSSGTHEQYF	0	0	0	0	0	0	0	0	0	0	0	0	0	0	0	0	0	0	0	0	0	1	0	0	0
CALSGPSSASKIIF_CASSSRDDEKLFF	0	1	0	0	0	0	0	0	0	0	0	0	0	0	0	0	0	0	0	0	0	0	0	0	0
CALSGRGSWGKFQF_CASSYTGGENTDTQYF	0	0	0	1	0	0	0	0	0	0	0	0	0	0	0	0	0	0	0	0	0	0	0	0	0
CALSGRNQAGTALIF_CASSRGTVDNQPQHF	0	0	0	0	0	0	0	0	0	0	0	0	0	0	0	1	0	0	0	0	0	0	0	0	0
CALSGRRTGGFKTIF_CSARKRFLASGETQYF	0	1	0	0	0	0	0	0	0	0	0	0	0	0	0	0	0	0	0	0	0	0	0	0	0
CALSGRVYNNNDMRF_CASSLDGLGTQYF	0	1	0	0	0	0	0	0	0	0	0	0	0	0	0	0	0	0	0	0	0	0	0	0	0
CALSGSSSNYQLIW_CASSLDLTTPLNEQFF	0	0	0	0	0	0	0	0	0	0	0	1	0	0	0	0	0	0	0	0	0	0	0	0	0
CALSGTYKYIF_CASSPAPAGVLSEQYF	0	1	0	0	0	0	0	0	0	0	0	0	0	0	0	0	0	0	0	0	0	0	0	0	0
CALSGVGGFKTIF_CASSEAGSYGYTF	0	1	0	0	0	0	0	0	0	0	0	0	0	0	0	0	0	0	0	0	0	0	0	0	0
CALSGVSNYQLIW_CASGQGTNTEAFF	0	0	0	1	0	0	0	0	0	0	0	0	0	0	0	0	0	0	0	0	0	0	0	0	0
CALSGWGGAQKLVF_CASSSVRDRSRVGTEAFF	0	0	0	0	0	0	0	0	0	0	0	0	1	0	0	0	0	0	0	0	0	0	0	0	0
CALSGWYSSASKIIF_CASSSGTSGGALYEQYF	0	0	0	1	0	0	0	0	0	0	0	0	0	0	0	0	0	0	0	0	0	0	0	0	0
CALSHPSTDNQGGKLIF_CASSWSAEGSPQHF	0	1	0	0	0	0	0	0	0	0	0	0	0	0	0	0	0	0	0	0	0	0	0	0	0
CALSHTGGFKTIF_CASSSQGGEAFF	0	0	0	1	0	0	0	0	0	0	0	0	0	0	0	0	0	0	0	0	0	0	0	0	0
CALSHYNQGGKLIF_CASSLDGYTDTQYF	0	1	0	0	0	0	0	0	0	0	0	0	0	0	0	0	0	0	0	0	0	0	0	0	0
CALSILTGGGNKLTF_CASRDRGTYEQYF	0	1	0	0	0	0	0	0	0	0	0	0	0	0	0	0	0	0	0	0	0	0	0	0	0
CALSKGGGGNKLTF_CASSLKVTEVYEQYF	0	1	0	0	0	0	0	0	0	0	0	0	0	0	0	0	0	0	0	0	0	0	0	0	0
CALSLGPTDKLIF_CASSLGPLVSGNTIYF	0	0	0	1	0	0	0	0	0	0	0	0	0	0	0	0	0	0	0	0	0	0	0	0	0
CALSLNYGGSQGNLIF_CASSPGTTYEQYF	0	0	0	1	0	0	0	0	0	0	0	0	0	0	0	0	0	0	0	0	0	0	0	0	0
CALSLSGSARQLTF_CASKGGGMNTEAFF	0	0	0	0	0	0	0	0	0	0	0	1	0	0	0	0	0	0	0	0	0	0	0	0	0
CALSLTDKLIF_CATLQSSYNEQFF	0	0	0	0	0	0	1	0	0	0	0	0	0	0	0	0	0	0	0	0	0	0	0	0	0
CALSLTGGGNKLTF_CASSSSSDRGQNSPLHF	0	1	0	0	0	0	0	0	0	0	0	0	0	0	0	0	0	0	0	0	0	0	0	0	0
CALSLWNSGNTPLVF_CASSDGTGAYEQYF	0	0	0	0	0	1	0	0	0	0	0	0	0	0	0	0	0	0	0	0	0	0	0	0	0
CALSNFGNEKLTF_CASSTSGGSTDTQYF	0	0	0	1	0	0	0	0	0	0	0	0	0	0	0	0	0	0	0	0	0	0	0	0	0
CALSNSGSARQLTF_CASSLGTGKETQYF	0	0	0	0	0	0	0	0	0	0	0	0	1	0	0	0	0	0	0	0	0	0	0	0	0
CALSNSNTGKLIF_CASSLRGADTQYF	0	0	0	1	0	0	0	0	0	0	0	0	0	0	0	0	0	0	0	0	0	0	0	0	0
CALSPDNQGGKLIF_CASSVMSGRALGETQYF	0	1	0	0	0	0	0	0	0	0	0	0	0	0	0	0	0	0	0	0	0	0	0	0	0
CALSPGGGGSNYKLTF_CASSQERGRASF	0	0	0	0	0	0	0	0	0	0	0	0	0	0	0	1	0	0	0	0	0	0	0	0	0
CALSPGGYNKLIF_CASSLQGSGNTIYF	0	1	0	0	0	0	0	0	0	0	0	0	0	0	0	0	0	0	0	0	0	0	0	0	0
CALSPGQKLLF_CASGGLAGMVETQYF	0	0	0	1	0	0	0	0	0	0	0	0	0	0	0	0	0	0	0	0	0	0	0	0	0
CALSPLGGYQKVTF_CASSLGPLAGGSGANVLTF	0	0	0	0	0	1	0	0	0	0	0	0	0	0	0	0	0	0	0	0	0	0	0	0	0
CALSPLGGYQKVTF_CASSSPDQLNEQFF	0	1	0	0	0	0	0	0	0	0	0	0	0	0	0	0	0	0	0	0	0	0	0	0	0
CALSPPPFQGAQKLVF_CASSSPKNKETQYF	0	1	0	0	0	0	0	0	0	0	0	0	0	0	0	0	0	0	0	0	0	0	0	0	0
CALSPSGAGSYQLTF_CASSATGDYGYTF	0	1	0	0	0	0	0	0	0	0	0	0	0	0	0	0	0	0	0	0	0	0	0	0	0
CALSPTGNQFYF_CASSYLRGGGAEKLFF	0	1	0	0	0	0	0	0	0	0	0	0	0	0	0	0	0	0	0	0	0	0	0	0	0
CALSPYSGAGSYQLTF_CASSLEQGLNYGYTF	0	0	0	0	0	0	0	0	0	0	0	0	1	0	0	0	0	0	0	0	0	0	0	0	0
CALSQREGGSYIPTF_CASSPLRDRGPGANVLTF	0	0	0	0	0	1	0	0	0	0	0	0	0	0	0	0	0	0	0	0	0	0	0	0	0
CALSRATDSWGKLQF_CSASSPNIQYF	0	0	0	0	0	0	0	1	0	0	0	0	0	0	0	0	0	0	0	0	0	0	0	0	0
CALSRGGRLVWDSGGGADGLTF_CASSFGVHQPQHF	0	1	0	0	0	0	0	0	0	0	0	0	0	0	0	0	0	0	0	0	0	0	0	0	0
CALSRPGYSSASKIIF_CASSPPRDRANNEQFF	0	1	0	0	0	0	0	0	0	0	0	0	0	0	0	0	0	0	0	0	0	0	0	0	0
CALSRYNQGGKLIF_CSANQPGTIQETQYF	0	0	0	0	0	0	0	1	0	0	0	0	0	0	0	0	0	0	0	0	0	0	0	0	0
CALSRYRDDKIIF_CASSQNRDRNEKLFF	0	0	0	0	0	0	0	0	0	0	0	0	0	0	0	1	0	0	0	0	0	0	0	0	0
CALSRYSGAGSYQLTF_CASSFGVLKTQYF	0	0	0	1	0	0	0	0	0	0	0	0	0	0	0	0	0	0	0	0	0	0	0	0	0
CALSSANNARLMF_CASSLGGRTALYEQYF	0	0	0	0	0	0	0	0	0	0	1	0	0	0	0	0	0	0	0	0	0	0	0	0	0
CALSSARQLTF_CASSIRGDGEQFF	0	0	0	1	0	0	0	0	0	0	0	0	0	0	0	0	0	0	0	0	0	0	0	0	0
CALSSGNNDMRF_CASSSTGAHYGYTF	0	0	0	0	0	0	0	0	0	0	0	0	1	0	0	0	0	0	0	0	0	0	0	0	0
CALSSGNTPLVF_CASCLGGSYNEQFF	0	0	0	1	0	0	0	0	0	0	0	0	0	0	0	0	0	0	0	0	0	0	0	0	0
CALSSGSARQLTF_CASSRQSYTEAFF	0	1	0	0	0	0	0	0	0	0	0	0	0	0	0	0	0	0	0	0	0	0	0	0	0
CALSSNNARLMF_CASSYVGRHTIYF	0	0	0	1	0	0	0	0	0	0	0	0	0	0	0	0	0	0	0	0	0	0	0	0	0
CALSSQGGSEKLVF_CSAREAGFVSYEQYF	0	0	0	0	0	0	0	1	0	0	0	0	0	0	0	0	0	0	0	0	0	0	0	0	0
CALSSSGGYNKLIF_CASSLARQTTGELFF	0	0	0	0	0	0	0	0	0	0	0	1	0	0	0	0	0	0	0	0	0	0	0	0	0
CALSSSTGANNLFF_CASIVGLAGYNEQFF	0	0	0	0	0	0	0	0	0	0	0	1	0	0	0	0	0	0	0	0	0	0	0	0	0
CALSTNFGNEKLTF_CASRQGDLATNEKLFF	0	1	0	0	0	0	0	0	0	0	0	0	0	0	0	0	0	0	0	0	0	0	0	0	0
CALSVFPQGAQKLVF_CASSLRGRGDQPQHF	0	0	0	0	0	0	0	0	0	0	1	0	0	0	0	0	0	0	0	0	0	0	0	0	0
CALSVGGYQKVTF_CASSEGDFIGYTF	0	0	0	1	0	0	0	0	0	0	0	0	0	0	0	0	0	0	0	0	0	0	0	0	0
CALSVGSGGSNYKLTF_CASSQEVGGAKNIQYF	0	1	0	0	0	0	0	0	0	0	0	0	0	0	0	0	0	0	0	0	0	0	0	0	0
CALSVGTGRRALTF_CASSVGGTGYQPQHF	0	1	0	0	0	0	0	0	0	0	0	0	0	0	0	0	0	0	0	0	0	0	0	0	0
CALSVMNTGFQKLVF_CASRGQGAPAEAFF	0	0	0	0	0	0	0	0	0	1	0	0	0	0	0	0	0	0	0	0	0	0	0	0	0
CALSVRGGSNYKLTF_CASSRRKGGTGELFF	0	1	0	0	0	0	0	0	0	0	0	0	0	0	0	0	0	0	0	0	0	0	0	0	0
CALSVRSGAGSYQLTF_CASSSLNRTYTQYF	0	0	0	0	0	0	0	0	0	0	0	0	1	0	0	0	0	0	0	0	0	0	0	0	0
CALSVSRDDKIIF_CASSLPSYEQYF	0	0	0	0	0	1	0	0	0	0	0	0	0	0	0	0	0	0	0	0	0	0	0	0	0
CALSYPAYSGAGSYQLTF_CASSFPGGGGNAEAFF	0	0	0	0	0	0	0	0	0	0	0	0	1	0	0	0	0	0	0	0	0	0	0	0	0
CALSYSSASKIIF_CASSLAGQPQHF	0	1	0	0	0	0	0	0	0	0	0	0	0	0	0	0	0	0	0	0	0	0	0	0	0
CALTAYSGGGADGLTF_CASSLLAGATGELFF	0	1	0	0	0	0	0	0	0	0	0	0	0	0	0	0	0	0	0	0	0	0	0	0	0
CALTDNQAGTALIF_CASSPGQGTQYNEQFF	0	0	0	1	0	0	0	0	0	0	0	0	0	0	0	0	0	0	0	0	0	0	0	0	0
CALTGAGSYQLTF_CASSLWGGKDQPQHF	0	0	0	0	0	0	0	0	0	0	1	0	0	0	0	0	0	0	0	0	0	0	0	0	0
CALTLDTGRRALTF_CASSQDSNTEAFF	0	1	0	0	0	0	0	0	0	0	0	0	0	0	0	0	0	0	0	0	0	0	0	0	0
CALTLLSNDYKLSF_CASSPLRTGELFF	0	0	0	1	0	0	0	0	0	0	0	0	0	0	0	0	0	0	0	0	0	0	0	0	0
CALTLPYGNKLVF_CASSPPGRENTEAFF	0	0	0	0	0	0	0	0	0	0	0	0	1	0	0	0	0	0	0	0	0	0	0	0	0
CALTLTGGGNKLTF_CASKSTLRETQYF	0	0	0	1	0	0	0	0	0	0	0	0	0	0	0	0	0	0	0	0	0	0	0	0	0
CALTLYSSASKIIF_CASSLPSEPGQGSSGANVLTF	0	1	0	0	0	0	0	0	0	0	0	0	0	0	0	0	0	0	0	0	0	0	0	0	0
CALTNSGNTPLVF_CASSIRDSFSNQPQHF	0	0	0	1	0	0	0	0	0	0	0	0	0	0	0	0	0	0	0	0	0	0	0	0	0
CALTPKRGYNTNAGKSTF_CASTPSGLAGNTGELFF	0	0	0	1	0	0	0	0	0	0	0	0	0	0	0	0	0	0	0	0	0	0	0	0	0
CALTPNNAGNMLTF_CASSLDRQGNEAFF	0	1	0	0	0	0	0	0	0	0	0	0	0	0	0	0	0	0	0	0	0	0	0	0	0
CALTPQGTGAGSYQLTF_CASSLLFGLAGVYNEQFF	0	1	0	0	0	0	0	0	0	0	0	0	0	0	0	0	0	0	0	0	0	0	0	0	0
CALTRSGGSNYKLTF_CASSFVNTEAFF	0	0	0	1	0	0	0	0	0	0	0	0	0	0	0	0	0	0	0	0	0	0	0	0	0
CALTSGGSNYKLTF_CASSFGMNTEAFF	0	0	0	0	0	0	0	0	0	0	0	1	0	0	0	0	0	0	0	0	0	0	0	0	0
CALTSGGYNKLIF_CSVSGTEGVNTEAFF	0	1	0	0	0	0	0	0	0	0	0	0	0	0	0	0	0	0	0	0	0	0	0	0	0
CALTSGSRLTF_CASSIVPTGLNTEAFF	0	0	0	0	0	1	0	0	0	0	0	0	0	0	0	0	0	0	0	0	0	0	0	0	0
CALTSNSGNTGKLIF_CASSQSAGLDQPQHF	0	0	0	0	0	1	0	0	0	0	0	0	0	0	0	0	0	0	0	0	0	0	0	0	0
CALTSPNTGNQFYF_CASSLSPGSRYEQFF	0	0	0	0	0	0	0	0	0	0	0	1	0	0	0	0	0	0	0	0	0	0	0	0	0
CALTSTGSARQLTF_CASTDSGQGYGYTF	0	1	0	0	0	0	0	0	0	0	0	0	0	0	0	0	0	0	0	0	0	0	0	0	0
CALTSTSGTYKYIF_CASSHVGSLNTEAFF	0	0	0	1	0	0	0	0	0	0	0	0	0	0	0	0	0	0	0	0	0	0	0	0	0
CALTTGTSYGKLTF_CASSLVAGQVTNYGYTF	0	0	0	1	0	0	0	0	0	0	0	0	0	0	0	0	0	0	0	0	0	0	0	0	0
CALTTNTGNQFYF_CASSLGLSGNTEAFF	0	1	0	0	0	0	0	0	0	0	0	0	0	0	0	0	0	0	0	0	0	0	0	0	0
CALTTPGGTDKLIF_CASSGLAGVTYNEQFF	0	0	0	0	0	0	0	0	0	0	0	1	0	0	0	0	0	0	0	0	0	0	0	0	0
CALTTRSGGYNKLIF_CASGEVIATGGFYEQYF	0	1	0	0	0	0	0	0	0	0	0	0	0	0	0	0	0	0	0	0	0	0	0	0	0
CALTVYGGSQGNLIF_CASSWTSGVYNEQFF	0	1	0	0	0	0	0	0	0	0	0	0	0	0	0	0	0	0	0	0	0	0	0	0	0
CALTYGSGNTGKLIF_CASSLAGSGSGDTIYF	0	0	0	0	0	0	0	0	0	0	1	0	0	0	0	0	0	0	0	0	0	0	0	0	0
CALVGAAGNKLTF_CASSFPDGFTGELFF	0	1	0	0	0	0	0	0	0	0	0	0	0	0	0	0	0	0	0	0	0	0	0	0	0
CALVGSGGYQKVTF_CSAPGQGAEQYF	0	0	0	0	0	0	0	1	0	0	0	0	0	0	0	0	0	0	0	0	0	0	0	0	0
CALVHTGRRALTF_CASSYSLGGGSYEQYF	0	1	0	0	0	0	0	0	0	0	0	0	0	0	0	0	0	0	0	0	0	0	0	0	0
CALVRGSTLGRLYF_CASSLRDTRAVNYGYTF	0	0	0	0	0	0	0	0	0	1	0	0	0	0	0	0	0	0	0	0	0	0	0	0	0
CALYGQNFVF_CASSYSAVSNQPQHF	0	0	0	1	0	0	0	0	0	0	0	0	0	0	0	0	0	0	0	0	0	0	0	0	0
CALYMDTGRRALTF_CASSQPDETQYF	0	0	0	0	0	0	0	0	1	0	0	0	0	0	0	0	0	0	0	0	0	0	0	0	0
CALYNFNKFYF_CSVAVGSTDTQYF	0	1	0	0	0	0	0	0	0	0	0	0	0	0	0	0	0	0	0	0	0	0	0	0	0
CALYNYGQNFVF_CASSPDPTLNEKLFF	0	0	0	1	0	0	0	0	0	0	0	0	0	0	0	0	0	0	0	0	0	0	0	0	0
CALYPGNQFYF_CASSLEYGWTASNTGELFF	0	1	0	0	0	0	0	0	0	0	0	0	0	0	0	0	0	0	0	0	0	0	0	0	0
CALYRDDYKLSF_CASSLEVANSYEQYF	0	1	0	0	0	0	0	0	0	0	0	0	0	0	0	0	0	0	0	0	0	0	0	0	0
CALYTNFNKFYF_CAWSLGYNEQFF	0	1	0	0	0	0	0	0	0	0	0	0	0	0	0	0	0	0	0	0	0	0	0	0	0
CALYYFGGSQGNLIF_CASSRNRAWEQFF	0	1	0	0	0	0	0	0	0	0	0	0	0	0	0	0	0	0	0	0	0	0	0	0	0
CAMALTGGGNKLTF_CSAETRGDTIYF	0	0	0	0	0	0	0	1	0	0	0	0	0	0	0	0	0	0	0	0	0	0	0	0	0
CAMEPGGSYIPTF_CSARGTDYNEQFF	0	0	0	0	0	1	0	0	0	0	0	0	0	0	0	0	0	0	0	0	0	0	0	0	0
CAMGGSTLGRLYF_NA	0	0	0	0	0	1	0	0	0	0	0	0	0	0	0	0	0	0	0	0	0	0	0	0	0
CAMGYNAGNMLTF_CASTGIISNNEQFF	0	0	0	1	0	0	0	0	0	0	0	0	0	0	0	0	0	0	0	0	0	0	0	0	0
CAMIASGGSYIPTF_CASSQGLGQGGTQYF	0	0	0	0	0	0	0	0	0	0	0	0	0	0	0	1	0	0	0	0	0	0	0	0	0
CAMIPTGTASKLTF_CASSRLAGGGFDEQYF	0	1	0	0	0	0	0	0	0	0	0	0	0	0	0	0	0	0	0	0	0	0	0	0	0
CAMIPYGGATNKLIF_CASSLGIPLSGQPQHF	0	0	0	0	0	0	0	0	0	0	1	0	0	0	0	0	0	0	0	0	0	0	0	0	0
CAMIQSGYALNF_CASSLSGRHNQPQHF	0	0	0	1	0	0	0	0	0	0	0	0	0	0	0	0	0	0	0	0	0	0	0	0	0
CAMKLSGGYNKLIF_CASSLLAGDSTGELFF	0	1	0	0	0	0	0	0	0	0	0	0	0	0	0	0	0	0	0	0	0	0	0	0	0
CAMKRGQGGKLIF_CSAPSPGGDHSPLHF	0	0	0	0	0	0	0	1	0	0	0	0	0	0	0	0	0	0	0	0	0	0	0	0	0
CAMKVGNEKLTF_CASSLAGQGYNEQFF	0	1	0	0	0	0	0	0	0	0	0	0	0	0	0	0	0	0	0	0	0	0	0	0	0
CAMMDSSYKLIF_CASSITRGQGVGAFF	0	1	0	0	0	0	0	0	0	0	0	0	0	0	0	0	0	0	0	0	0	0	0	0	0
CAMMGGSNYKLTF_CASKGSVSAGELFF	0	0	0	0	0	1	0	0	0	0	0	0	0	0	0	0	0	0	0	0	0	0	0	0	0
CAMMMDSNYQLIW_CASSLGGTYEQYF	0	0	0	0	0	0	1	0	0	0	0	0	0	0	0	0	0	0	0	0	0	0	0	0	0
CAMNGGTSYGKLTF_CASKGLGPSSYEQYF	0	0	0	1	0	0	0	0	0	0	0	0	0	0	0	0	0	0	0	0	0	0	0	0	0
CAMNRGTSYGKLTF_CASIKGASQGVVYGYTF	0	0	0	1	0	0	0	0	0	0	0	0	0	0	0	0	0	0	0	0	0	0	0	0	0
CAMRAGGSYIPTF_CASSGRRAGRSYNSPLHF	0	1	0	0	0	0	0	0	0	0	0	0	0	0	0	0	0	0	0	0	0	0	0	0	0
CAMRDDKIIF_CASSLDRRESSPLHF	0	1	0	0	0	0	0	0	0	0	0	0	0	0	0	0	0	0	0	0	0	0	0	0	0
CAMRDGYSSASKIIF_CSAVPGTGGDRQPQHF	0	0	0	0	0	0	0	1	0	0	0	0	0	0	0	0	0	0	0	0	0	0	0	0	0
CAMRDHQAGTALIF_CASNPGVGETQYF	0	1	0	0	0	0	0	0	0	0	0	0	0	0	0	0	0	0	0	0	0	0	0	0	0
CAMRDNQAGTALIF_CASSQDRLAGDLQETQYF	0	1	0	0	0	0	0	0	0	0	0	0	0	0	0	0	0	0	0	0	0	0	0	0	0
CAMRDPLVGFQKLVF_CAISRDTQETQYF	0	1	0	0	0	0	0	0	0	0	0	0	0	0	0	0	0	0	0	0	0	0	0	0	0
CAMRDPRDDKIIF_CASSPSSTYYNEQFF	0	0	0	0	0	0	0	0	0	0	1	0	0	0	0	0	0	0	0	0	0	0	0	0	0
CAMRDQRGQKLLF_CASSLGGPGYTF	0	0	0	1	0	0	0	0	0	0	0	0	0	0	0	0	0	0	0	0	0	0	0	0	0
CAMRDTGGFKTIF_CASSAGGGVANYGYTF	0	0	0	1	0	0	0	0	0	0	0	0	0	0	0	0	0	0	0	0	0	0	0	0	0
CAMRDVASGGSYIPTF_CASSLEGLWNQETQYF	0	0	0	0	0	0	0	0	0	0	0	1	0	0	0	0	0	0	0	0	0	0	0	0	0
CAMREAFMDSSYKLIF_CASSFAGTEGSPLHF	0	0	0	1	0	0	0	0	0	0	0	0	0	0	0	0	0	0	0	0	0	0	0	0	0
CAMREALNNNDMRF_CASSLSVANYGYTF	0	0	0	1	0	0	0	0	0	0	0	0	0	0	0	0	0	0	0	0	0	0	0	0	0
CAMREANTGGFKTIF_CSVGTTEWDAEAFF	0	0	0	1	0	0	0	0	0	0	0	0	0	0	0	0	0	0	0	0	0	0	0	0	0
CAMREAPGSSYKLIF_CASSLSGTSGRETQYF	0	0	0	1	0	0	0	0	0	0	0	0	0	0	0	0	0	0	0	0	0	0	0	0	0
CAMREARLSGTYKYIF_CASSVAFGEQYF	0	1	0	0	0	0	0	0	0	0	0	0	0	0	0	0	0	0	0	0	0	0	0	0	0
CAMREATDKLIF_CASSLGQTQPQHF	0	0	0	1	0	0	0	0	0	0	0	0	0	0	0	0	0	0	0	0	0	0	0	0	0
CAMREAYGGATNKLIF_CASSPGTLQGRGNTIYF	0	1	0	0	0	0	0	0	0	0	0	0	0	0	0	0	0	0	0	0	0	0	0	0	0
CAMREAYGNNRLAF_CASSLSGGRYGYTF	0	1	0	0	0	0	0	0	0	0	0	0	0	0	0	0	0	0	0	0	0	0	0	0	0
CAMREDIRGGSNYKLTF_CASSLVPAAYEQYF	0	0	0	0	0	0	0	0	0	0	0	0	1	0	0	0	0	0	0	0	0	0	0	0	0
CAMREDISGNQFYF_CASSPRWPGANTGELFF	0	1	0	0	0	0	0	0	0	0	0	0	0	0	0	0	0	0	0	0	0	0	0	0	0
CAMREEAGGYNKLIF_CASPEPPEAFF	0	0	0	1	0	0	0	0	0	0	0	0	0	0	0	0	0	0	0	0	0	0	0	0	0
CAMREELHTGANSKLTF_CASSLLGYNEQFF	0	1	0	0	0	0	0	0	0	0	0	0	0	0	0	0	0	0	0	0	0	0	0	0	0
CAMREETGANSKLTF_CASSPQGRKQYF	0	1	0	0	0	0	0	0	0	0	0	0	0	0	0	0	0	0	0	0	0	0	0	0	0
CAMREETGGSYIPTF_CASSQEALADALRETQYF	0	0	0	1	0	0	0	0	0	0	0	0	0	0	0	0	0	0	0	0	0	0	0	0	0
CAMREFMNNNAGNMLTF_CASSPGTQIYGYTF	0	0	0	0	0	1	0	0	0	0	0	0	0	0	0	0	0	0	0	0	0	0	0	0	0
CAMREFNTGGFKTIF_CASRPTGSENQPQHF	0	0	0	0	0	0	0	0	1	0	0	0	0	0	0	0	0	0	0	0	0	0	0	0	0
CAMREGAAWGYQKVTF_CASSYSTGVGYEQYF	0	0	0	1	0	0	0	0	0	0	0	0	0	0	0	0	0	0	0	0	0	0	0	0	0
CAMREGAGNTPLVF_CSASHARTSWGPYEQYF	0	0	0	0	0	1	0	0	0	0	0	0	0	0	0	0	0	0	0	0	0	0	0	0	0
CAMREGALGDYKLSF_CASSPSMNTQYF	0	0	0	0	0	1	0	0	0	0	0	0	0	0	0	0	0	0	0	0	0	0	0	0	0
CAMREGAQAGTALIF_CSARHRGYKGNTIYF	0	0	0	0	0	0	0	1	0	0	0	0	0	0	0	0	0	0	0	0	0	0	0	0	0
CAMREGENSGGGADGLTF_CASNRPGLAYNEQFF	0	0	0	1	0	0	0	0	0	0	0	0	0	0	0	0	0	0	0	0	0	0	0	0	0
CAMREGFKTIF_CASGPLMRQNNEKLFF	0	1	0	0	0	0	0	0	0	0	0	0	0	0	0	0	0	0	0	0	0	0	0	0	0
CAMREGGAAGNKLTF_CASSPRTFTGIEEKLFF	0	0	0	0	0	0	0	0	0	0	0	0	0	0	0	0	0	0	0	0	0	1	0	0	0
CAMREGGDSGGGADGLTF_CASSPLGRHLGAFF	0	0	0	0	0	2	0	0	0	0	0	0	0	0	0	0	0	0	0	0	0	0	0	0	0
CAMREGGDSWGKFQF_CASSVGQGVYEQYF	0	0	0	1	0	0	0	0	0	0	0	0	0	0	0	0	0	0	0	0	0	0	0	0	0
CAMREGGGGGFKTIF_CATRGLASTDTQYF	0	0	0	1	0	0	0	0	0	0	0	0	0	0	0	0	0	0	0	0	0	0	0	0	0
CAMREGGGGSYIPTF_CASSLDRVTGELFF	0	1	0	0	0	0	0	0	0	0	0	0	0	0	0	0	0	0	0	0	0	0	0	0	0
CAMREGGNTDKLIF_CASSQNEQFF	0	0	0	1	0	0	0	0	0	0	0	0	0	0	0	0	0	0	0	0	0	0	0	0	0
CAMREGGRTSYDKVIF_CASSVFKQGAHSPLHF	0	1	0	0	0	0	0	0	0	0	0	0	0	0	0	0	0	0	0	0	0	0	0	0	0
CAMREGGYSSASKIIF_CASSPPSANYGYTF	0	1	0	0	0	0	0	0	0	0	0	0	0	0	0	0	0	0	0	0	0	0	0	0	0
CAMREGILTGGGNKLTF_CASSRQTSGITSGANVLTF	0	0	0	1	0	0	0	0	0	0	0	0	0	0	0	0	0	0	0	0	0	0	0	0	0
CAMREGLGSGYALNF_CSATSGGKINSPLHF	0	0	0	0	0	0	0	1	0	0	0	0	0	0	0	0	0	0	0	0	0	0	0	0	0
CAMREGLGTALIF_CASSMLGGNTEAFF	0	1	0	0	0	0	0	0	0	0	0	0	0	0	0	0	0	0	0	0	0	0	0	0	0
CAMREGLNDYKLSF_CSARERQGSNQPQHF	0	0	0	0	0	0	0	1	0	0	0	0	0	0	0	0	0	0	0	0	0	0	0	0	0
CAMREGLWQKVTF_CAWSTEPSGYNEQFF	0	0	0	1	0	0	0	0	0	0	0	0	0	0	0	0	0	0	0	0	0	0	0	0	0
CAMREGMIYNQGGKLIF_CASSRDRGFQPQHF	0	1	0	0	0	0	0	0	0	0	0	0	0	0	0	0	0	0	0	0	0	0	0	0	0
CAMREGNDYKLSF_CASSELGLRKETQYF	0	1	0	0	0	0	0	0	0	0	0	0	0	0	0	0	0	0	0	0	0	0	0	0	0
CAMREGPGGGADGLTF_CASSLEGYQPQHF	0	0	0	0	0	0	0	0	0	0	0	1	0	0	0	0	0	0	0	0	0	0	0	0	0
CAMREGPNDYKLSF_CASSLRPGDNQPQHF	0	1	0	0	0	0	0	0	0	0	0	0	0	0	0	0	0	0	0	0	0	0	0	0	0
CAMREGPSGSARQLTF_CSASSGGVYGYTF	0	0	0	0	0	0	0	1	0	0	0	0	0	0	0	0	0	0	0	0	0	0	0	0	0
CAMREGQAGTALIF_CSVPRTRLQVEQFF	0	1	0	0	0	0	0	0	0	0	0	0	0	0	0	0	0	0	0	0	0	0	0	0	0
CAMREGQGAGSYQLTF_CASRPNRNTEAFF	0	0	0	1	0	0	0	0	0	0	0	0	0	0	0	0	0	0	0	0	0	0	0	0	0
CAMREGQGGGYNKLIF_CASSIVPLTGVLANTEAFF	0	0	0	1	0	0	0	0	0	0	0	0	0	0	0	0	0	0	0	0	0	0	0	0	0
CAMREGQLNSGYSTLTF_CASSSNYFGNTEAFF	0	0	0	1	0	0	0	0	0	0	0	0	0	0	0	0	0	0	0	0	0	0	0	0	0
CAMREGRGAAGNKLTF_CASSPLQEKGLRRIHTGELFF	0	0	0	1	0	0	0	0	0	0	0	0	0	0	0	0	0	0	0	0	0	0	0	0	0
CAMREGRGGQKLLF_CASSQEAGDHEQYF	0	0	0	0	0	0	0	0	0	0	0	0	0	0	0	0	0	0	0	0	0	1	0	0	0
CAMREGRNGANNLFF_CSPSTSGLYEQYF	0	0	0	0	0	0	0	1	0	0	0	0	0	0	0	0	0	0	0	0	0	0	0	0	0
CAMREGRSGGSYIPTF_CAISDPIDRGAPQYF	0	0	0	1	0	0	0	0	0	0	0	0	0	0	0	0	0	0	0	0	0	0	0	0	0
CAMREGWMDSSYKLIF_CATSDSGNVDEQFF	0	0	0	0	0	1	0	0	0	0	0	0	0	0	0	0	0	0	0	0	0	0	0	0	0
CAMREGYGNQGGKLIF_NA	0	1	0	0	0	0	0	0	0	0	0	0	0	0	0	0	0	0	0	0	0	0	0	0	0
CAMREGYQKVTF_CASSQFDRGGSNQPQHF	0	0	0	0	0	0	0	0	0	0	0	0	0	0	0	0	0	0	0	0	0	1	0	0	0
CAMREMNRDDKIIF_CASSLGLGTGELFF	0	0	0	1	0	0	0	0	0	0	0	0	0	0	0	0	0	0	0	0	0	0	0	0	0
CAMRENFGNEKLTF_CASSLVPSPDYGYTF	0	0	0	1	0	0	0	0	0	0	0	0	0	0	0	0	0	0	0	0	0	0	0	0	0
CAMREPISNFGNEKLTF_CASMGPHQPQHF	0	0	0	1	0	0	0	0	0	0	0	0	0	0	0	0	0	0	0	0	0	0	0	0	0
CAMREPLMYSGGGADGLTF_CSARTAETQYF	0	0	0	0	0	0	0	1	0	0	0	0	0	0	0	0	0	0	0	0	0	0	0	0	0
CAMREPSTTSGTYKYIF_CASSLPNSPGRDGYTF	0	0	0	0	0	1	0	0	0	0	0	0	0	0	0	0	0	0	0	0	0	0	0	0	0
CAMREPWFSDGQKLLF_CASSRFNDVRYGYTF	0	1	0	0	0	0	0	0	0	0	0	0	0	0	0	0	0	0	0	0	0	0	0	0	0
CAMRERENTGFQKLVF_CATNQGFMNTEAFF	0	0	0	1	0	0	0	0	0	0	0	0	0	0	0	0	0	0	0	0	0	0	0	0	0
CAMRERLSGGGADGLTF_CASSRLAGGLNEQFF	0	0	0	0	0	0	0	0	0	0	0	0	1	0	0	0	0	0	0	0	0	0	0	0	0
CAMRESGSARQLTF_CASSLGSSSSYEQYF	0	0	0	0	0	0	0	0	0	0	1	0	0	0	0	0	0	0	0	0	0	0	0	0	0
CAMREVKDGQKLLF_CATSRGRGVSQPQHF	0	0	0	1	0	0	0	0	0	0	0	0	0	0	0	0	0	0	0	0	0	0	0	0	0
CAMRGDFGNEKLTF_CASTRGGVIGELFF	0	0	0	1	0	0	0	0	0	0	0	0	0	0	0	0	0	0	0	0	0	0	0	0	0
CAMRGDGQKLLF_CASSPKTTDRGEAFF	0	1	0	0	0	0	0	0	0	0	0	0	0	0	0	0	0	0	0	0	0	0	0	0	0
CAMRGGGSYIPTF_CASSVGDRAYEQYF	0	0	0	0	0	1	0	0	0	0	0	0	0	0	0	0	0	0	0	0	0	0	0	0	0
CAMRGSGGYQKVTF_CASSLRDRPYEQYF	0	1	0	0	0	0	0	0	0	0	0	0	0	0	0	0	0	0	0	0	0	0	0	0	0
CAMRGSTGTASKLTF_CASSPTSYYNEQFF	0	0	0	0	0	0	0	0	0	0	0	0	0	0	0	0	0	0	0	0	0	1	0	0	0
CAMRHYGGATNKLIF_CAWTGPGQGFTGELFF	0	0	0	1	0	0	0	0	0	0	0	0	0	0	0	0	0	0	0	0	0	0	0	0	0
CAMRILISGGYNKLIF_CASSHGLAGVSSSYEQYF	0	0	0	0	0	1	0	0	0	0	0	0	0	0	0	0	0	0	0	0	0	0	0	0	0
CAMRLATGGGNKLTF_CASSPRQRNQPQHF	0	0	0	1	0	0	0	0	0	0	0	0	0	0	0	0	0	0	0	0	0	0	0	0	0
CAMRLGEAAGNKLTF_CASRPTGGRYQPQHF	0	1	0	0	0	0	0	0	0	0	0	0	0	0	0	0	0	0	0	0	0	0	0	0	0
CAMRLSGGSYIPTF_CASRARGTTEAFF	0	0	0	1	0	0	0	0	0	0	0	0	0	0	0	0	0	0	0	0	0	0	0	0	0
CAMRLTGFQKLVF_CASSQIGAPTPYNEQFF	0	1	0	0	0	0	0	0	0	0	0	0	0	0	0	0	0	0	0	0	0	0	0	0	0
CAMRNSGGYQKVTF_CASSPPGESGANVLTF	0	1	0	0	0	0	0	0	0	0	0	0	0	0	0	0	0	0	0	0	0	0	0	0	0
CAMRPRSFSGNTGKLIF_CASSFSDVNEQYF	0	1	0	0	0	0	0	0	0	0	0	0	0	0	0	0	0	0	0	0	0	0	0	0	0
CAMRPYNTNAGKSTF_CASSSLQGDDEQFF	0	0	0	1	0	0	0	0	0	0	0	0	0	0	0	0	0	0	0	0	0	0	0	0	0
CAMRRGNNRLAF_CASSLAGIDEKLFF	0	0	0	0	0	0	0	0	0	0	0	1	0	0	0	0	0	0	0	0	0	0	0	0	0
CAMRSTDSWGKFQF_CASSGTRTSGAYNEQFF	0	0	0	1	0	0	0	0	0	0	0	0	0	0	0	0	0	0	0	0	0	0	0	0	0
CAMRVGYSTLTF_CSASGGGGTGELFF	0	0	0	0	0	0	0	1	0	0	0	0	0	0	0	0	0	0	0	0	0	0	0	0	0
CAMRVLGAQKLVF_CASSLDQGATNEKLFF	0	0	0	0	0	0	0	0	0	0	0	1	0	0	0	0	0	0	0	0	0	0	0	0	0
CAMRVLIQGAQKLVF_CASKLQGHYGYTF	0	0	0	0	0	1	0	0	0	0	0	0	0	0	0	0	0	0	0	0	0	0	0	0	0
CAMRVLNTGFQKLVF_CSARVQGHYEQYF	0	0	0	0	0	1	0	0	0	0	0	0	0	0	0	0	0	0	0	0	0	0	0	0	0
CAMRVPARPSDGNNRLAF_CSATGTSGPTRGRETQYF	0	0	0	0	0	2	0	0	0	0	0	0	0	0	0	0	0	0	0	0	0	0	0	0	0
CAMRVPGNQFYF_CASSIRQGVYNEQFF	0	0	0	0	0	1	0	0	0	0	0	0	0	0	0	0	0	0	0	0	0	0	0	0	0
CAMRVPKGGKLIF_CATSRDLRQGRNEQYF	0	1	0	0	0	0	0	0	0	0	0	0	0	0	0	0	0	0	0	0	0	0	0	0	0
CAMRVTDKLIF_CASSLGDWSSYEQYF	0	1	0	0	0	0	0	0	0	0	0	0	0	0	0	0	0	0	0	0	0	0	0	0	0
CAMSAGAAGNKLTF_CASSILTSGELFF	0	1	0	0	0	0	0	0	0	0	0	0	0	0	0	0	0	0	0	0	0	0	0	0	0
CAMSAGATNAGKSTF_CSARGYTGNNGYTF	0	0	0	0	0	0	0	1	0	0	0	0	0	0	0	0	0	0	0	0	0	0	0	0	0
CAMSAGNQAGTALIF_CASSPRGNEQYF	0	0	0	0	0	0	0	0	0	0	0	1	0	0	0	0	0	0	0	0	0	0	0	0	0
CAMSAGSARQLTF_CSASRAGGANVLTF	0	0	0	0	0	0	0	1	0	0	0	0	0	0	0	0	0	0	0	0	0	0	0	0	0
CAMSALDRGGSNYKLTF_CSARTDYNEQFF	0	0	0	0	0	0	0	1	0	0	0	0	0	0	0	0	0	0	0	0	0	0	0	0	0
CAMSAMGGNEKLTF_CASSPGTANTEAFF	0	0	0	0	0	0	0	0	0	0	0	1	0	0	0	0	0	0	0	0	0	0	0	0	0
CAMSANAGKSTF_CASSLRDVYGYTF	0	0	0	0	0	1	0	0	0	0	0	0	0	0	0	0	0	0	0	0	0	0	0	0	0
CAMSANNFNKFYF_CATSETGHSRTGELFF	0	0	0	0	0	0	0	0	0	0	0	1	0	0	0	0	0	0	0	0	0	0	0	0	0
CAMSAPYQKVTF_CASSVGDDQPQHF	0	1	0	0	0	0	0	0	0	0	0	0	0	0	0	0	0	0	0	0	0	0	0	0	0
CAMSAQAAGNKLTF_CSVAQSIWETGDYNSPLHF	0	1	0	0	0	0	0	0	0	0	0	0	0	0	0	0	0	0	0	0	0	0	0	0	0
CAMSAQTNAGKSTF_CASSPGKVWSPLHF	0	0	0	1	0	0	0	0	0	0	0	0	0	0	0	0	0	0	0	0	0	0	0	0	0
CAMSARSNNARLMF_CASSRLNRDTEAFF	0	1	0	0	0	0	0	0	0	0	0	0	0	0	0	0	0	0	0	0	0	0	0	0	0
CAMSASGTYKYIF_CASSVVDSSYEQYF	0	0	0	1	0	0	0	0	0	0	0	0	0	0	0	0	0	0	0	0	0	0	0	0	0
CAMSAWTGNQFYF_CASSAGLAGGYSYNEQFF	0	1	0	0	0	0	0	0	0	0	0	0	0	0	0	0	0	0	0	0	0	0	0	0	0
CAMSDEGDSNYQLIW_CSARPGLAGDTDTQYF	0	0	0	0	0	0	0	1	0	0	0	0	0	0	0	0	0	0	0	0	0	0	0	0	0
CAMSDGSSSASKIIF_CSVFTTHSYEQYF	0	1	0	0	0	0	0	0	0	0	0	0	0	0	0	0	0	0	0	0	0	0	0	0	0
CAMSDLSGGYQKVTF_CASSSYHPGPLLNTEAFF	0	0	0	0	0	1	1	0	0	0	0	0	0	0	0	0	0	0	0	0	0	0	0	0	0
CAMSENQGAQKLVF_CASSSSGYGYTF	0	1	0	0	0	0	0	0	0	0	0	0	0	0	0	0	0	0	0	0	0	0	0	0	0
CAMSEQGAQKLVF_CSARGVEARNTEAFF	0	0	0	0	0	0	0	1	0	0	0	0	0	0	0	0	0	0	0	0	0	0	0	0	0
CAMSERRYSTLTF_CASSSGTGSGNQPQHF	0	1	0	0	0	0	0	0	0	0	0	0	0	0	0	0	0	0	0	0	0	0	0	0	0
CAMSETPSGGSYIPTF_CASSVSQGASTNEKLFF	0	1	0	0	0	0	0	0	0	0	0	0	0	0	0	0	0	0	0	0	0	0	0	0	0
CAMSGDTGGFKTIF_CATSDSGTREDTQYF	0	0	0	0	0	0	0	0	1	0	0	0	0	0	0	0	0	0	0	0	0	0	0	0	0
CAMSGEGFSGGGADGLTF_CASSLLTGNYGYTF	0	0	0	0	0	0	0	0	1	0	0	0	0	0	0	0	0	0	0	0	0	0	0	0	0
CAMSGGLAAGNKLTF_CASNQGASQPQHF	0	1	0	0	0	0	0	0	0	0	0	0	0	0	0	0	0	0	0	0	0	0	0	0	0
CAMSINAGGTSYGKLTF_CASSPTGRDTQYF	0	0	0	1	0	0	0	0	0	0	0	0	0	0	0	0	0	0	0	0	0	0	0	0	0
CAMSKEGGYQKVTF_CAWRQEKLFF	0	1	0	0	0	0	0	0	0	0	0	0	0	0	0	0	0	0	0	0	0	0	0	0	0
CAMSLKAAGNKLTF_CSAETGYQPQHF	0	0	0	0	0	0	0	1	0	0	0	0	0	0	0	0	0	0	0	0	0	0	0	0	0
CAMSLNNAGNMLTF_CASSPQSYEQYF	0	1	0	0	0	0	0	0	0	0	0	0	0	0	0	0	0	0	0	0	0	0	0	0	0
CAMSLSTYNTNAGKSTF_CASIEFF	0	0	0	0	0	0	0	0	0	0	0	0	0	0	0	0	0	0	0	0	0	1	0	0	0
CAMSPEGGGFKTIF_CASSLTFGTSPSTDTQYF	0	0	0	1	0	0	0	0	0	0	0	0	0	0	0	0	0	0	0	0	0	0	0	0	0
CAMSPLGIKAAGNKLTF_CASSLGQGVANSPLHF	0	0	0	1	0	0	0	0	0	0	0	0	0	0	0	0	0	0	0	0	0	0	0	0	0
CAMSRPGAQKLVF_CASSLGLSTEAFF	0	1	0	0	0	0	0	0	0	0	0	0	0	0	0	0	0	0	0	0	0	0	0	0	0
CAMSSGGSNYKLTF_CASNLAGSSNQPQHF	0	1	0	0	0	0	0	0	0	0	0	0	0	0	0	0	0	0	0	0	0	0	0	0	0
CAMSSGSARQLTF_CASSQALDTQYF	0	1	0	0	0	0	0	0	0	0	0	0	0	0	0	0	0	0	0	0	0	0	0	0	0
CAMSSLMDTGRRALTF_CASSPRDTPTDTQYF	0	0	0	0	0	0	0	0	1	0	0	0	0	0	0	0	0	0	0	0	0	0	0	0	0
CAMSSLTGANNLFF_CASSLGGSYEQYF	0	0	0	0	0	1	0	0	0	0	0	0	0	0	0	0	0	0	0	0	0	0	0	0	0
CAMSSMFSGGYNKLIF_CASSRHNRATNEKLFF	0	1	0	0	0	0	0	0	0	0	0	0	0	0	0	0	0	0	0	0	0	0	0	0	0
CAMSSVYNFNKFYF_CASSFSGTGDEDSPLHF	0	0	0	0	0	0	0	0	0	0	1	0	0	0	0	0	0	0	0	0	0	0	0	0	0
CAMSTGGGNKLTF_CSARTGVADTQYF	0	0	0	0	0	0	0	1	0	0	0	0	0	0	0	0	0	0	0	0	0	0	0	0	0
CAMSVARGADGLTF_CSARTPTSGVTDTQYF	0	0	0	0	0	0	0	1	0	0	0	0	0	0	0	0	0	0	0	0	0	0	0	0	0
CAMSWIRDDKIIF_CASTPGTGGRTEAFF	0	1	0	0	0	0	0	0	0	0	0	0	0	0	0	0	0	0	0	0	0	0	0	0	0
CAMSYQGGSEKLVF_CAWSVHGQGHYEQYF	0	1	0	0	0	0	0	0	0	0	0	0	0	0	0	0	0	0	0	0	0	0	0	0	0
CAMSYTNAGKSTF_NA	0	0	0	0	0	0	0	0	0	1	0	0	0	0	0	0	0	0	0	0	0	0	0	0	0
CAMTINTGNQFYF_CASSTSDTQYF	0	1	0	0	0	0	0	0	0	0	0	0	0	0	0	0	0	0	0	0	0	0	0	0	0
CAMTKVTGGGNKLTF_CSASQGYEQYF	0	0	0	0	0	1	0	0	0	0	0	0	0	0	0	0	0	0	0	0	0	0	0	0	0
CAMTNTGTASKLTF_CASSRPGQGTDTQYF	0	1	0	0	0	0	0	0	0	0	0	0	0	0	0	0	0	0	0	0	0	0	0	0	0
CAMTPLSASKIIF_CASSLVLRSQTTDTQYF	0	0	0	0	0	0	0	0	0	0	0	0	1	0	0	0	0	0	0	0	0	0	0	0	0
CAMTPNSGYSTLTF_CASSPNLQGNQPQHF	0	0	0	0	0	0	0	0	0	0	0	0	0	0	0	1	0	0	0	0	0	0	0	0	0
CAMTRSNTGKLIF_CASSQEVPGGPISEQFF	0	0	0	0	0	0	0	0	0	0	0	0	0	0	0	0	0	0	0	0	0	1	0	0	0
CAMVGVRAGTALIF_CASSQDQYGTEAFF	0	1	0	0	0	0	0	0	0	0	0	0	0	0	0	0	0	0	0	0	0	0	0	0	0
CANAGGTSYGKLTF_CASSSTTGHTIYF	0	0	0	0	0	0	0	0	0	0	0	1	0	0	0	0	0	0	0	0	0	0	0	0	0
CANDNYGQNFVF_CASSGFQGYTEAFF	0	1	0	0	0	0	0	0	0	0	0	0	0	0	0	0	0	0	0	0	0	0	0	0	0
CANPNFGNEKLTF_CASSAYQGASNQPQHF	0	1	0	0	0	0	0	0	0	0	0	0	0	0	0	0	0	0	0	0	0	0	0	0	0
CANTDSWGKLQF_CSAEKGPYEQYF	0	0	0	0	0	0	0	1	0	0	0	0	0	0	0	0	0	0	0	0	0	0	0	0	0
CAPAFSDGQKLLF_CASSIWTGSLGGGANVLTF	0	0	0	0	0	0	0	0	0	0	0	1	0	0	0	0	0	0	0	0	0	0	0	0	0
CAPASYNNNDMRF_CASSWGDSGNTIYF	0	0	0	1	0	0	0	0	0	0	0	0	0	0	0	0	0	0	0	0	0	0	0	0	0
CAPDSGGYQKVTF_CSAREEGRVREKLFF	0	0	0	0	0	0	0	1	0	0	0	0	0	0	0	0	0	0	0	0	0	0	0	0	0
CAPDSWGKLQF_CASATGSLSGELFF	0	0	0	1	0	0	0	0	0	0	0	0	0	0	0	0	0	0	0	0	0	0	0	0	0
CAPERGSQGNLIF_CASSVVDRGGEQYF	0	1	0	0	0	0	0	0	0	0	0	0	0	0	0	0	0	0	0	0	0	0	0	0	0
CAPESGGYQKVTF_NA	0	1	0	0	0	0	0	0	0	0	0	0	0	0	0	0	0	0	0	0	0	0	0	0	0
CAPESYNTDKLIF_CASSATSTGELFF	0	0	0	1	0	0	0	0	0	0	0	0	0	0	0	0	0	0	0	0	0	0	0	0	0
CAPFFGNEKLTF_CASSATPTGVRNYGYTF	0	0	0	0	0	0	0	0	1	0	0	0	0	0	0	0	0	0	0	0	0	0	0	0	0
CAPFFSGGYNKLIF_CASRPLSDRGSYEQYF	0	0	0	0	0	0	0	0	0	0	0	1	0	0	0	0	0	0	0	0	0	0	0	0	0
CAPGALCWESNYQLIW_CAAGPGAFF	0	1	0	0	0	0	0	0	0	0	0	0	0	0	0	0	0	0	0	0	0	0	0	0	0
CAPGDDYKLSF_CASTRTSGSYNEQFF	0	1	0	0	0	0	0	0	0	0	0	0	0	0	0	0	0	0	0	0	0	0	0	0	0
CAPGGGIYNQGGKLIF_CASSLSGRAHEQYF	0	0	0	0	0	1	0	0	0	0	0	0	0	0	0	0	0	0	0	0	0	0	0	0	0
CAPGGTSYGKLTF_CASSLGQGGNTIYF	0	0	0	0	0	0	0	0	0	0	1	0	0	0	0	0	0	0	0	0	0	0	0	0	0
CAPGMDSSYKLIF_CASSLSVGGDEQFF	0	0	0	0	0	0	0	0	0	1	0	0	0	0	0	0	0	0	0	0	0	0	0	0	0
CAPGRGASKIIF_CASSLETGPDTQYF	0	1	0	0	0	0	0	0	0	0	0	0	0	0	0	0	0	0	0	0	0	0	0	0	0
CAPGRNDMRF_CASRGQGTSSSGNTIYF	0	0	0	1	0	0	0	0	0	0	0	0	0	0	0	0	0	0	0	0	0	0	0	0	0
CAPGSNNRKLIW_CATSGTGYAGELFF	0	1	0	0	0	0	0	0	0	0	0	0	0	0	0	0	0	0	0	0	0	0	0	0	0
CAPGSSASKIIF_CASSLRSVLHGYTF	0	1	0	0	0	0	0	0	0	0	0	0	0	0	0	0	0	0	0	0	0	0	0	0	0
CAPHFGNEKLTF_CASSLSYGQDQPQHF	0	0	0	0	0	0	0	0	0	0	0	0	1	0	0	0	0	0	0	0	0	0	0	0	0
CAPHSGNTPLVF_CASSLSQGLETQYF	0	0	0	0	0	0	0	0	0	0	0	0	1	0	0	0	0	0	0	0	0	0	0	0	0
CAPKDTDGQKLLF_CASSLDSREQFF	0	0	0	0	0	0	0	0	1	0	0	0	0	0	0	0	0	0	0	0	0	0	0	0	0
CAPKGSNYQLIW_CSANRDTFYYEQYF	0	0	0	0	0	0	0	1	0	0	0	0	0	0	0	0	0	0	0	0	0	0	0	0	0
CAPLRTTSGTYKYIF_CASSTRTGMREKLFF	0	0	0	0	0	0	0	0	1	0	0	0	0	0	0	0	0	0	0	0	0	0	0	0	0
CAPLSGGYNKLIF_CASTPYGGVEDTQYF	0	0	0	1	0	0	0	0	0	0	0	0	0	0	0	0	0	0	0	0	0	0	0	0	0
CAPMDSNYQLIW_CASSADTYNEQFF	0	0	0	0	0	1	0	0	0	0	0	0	0	0	0	0	0	0	0	0	0	0	0	0	0
CAPMDSNYQLIW_CSASRLAGGPYEQYF	0	0	0	0	0	1	0	0	0	0	0	0	0	0	0	0	0	0	0	0	0	0	0	0	0
CAPMDTGRRALTF_CASSRGQGIADTEAFF	0	0	0	0	0	0	0	0	0	0	0	0	0	0	0	0	0	0	0	0	0	1	0	0	0
CAPMNSGYSTLTF_CSARDMDRVSTGELFF	0	1	0	0	0	0	0	0	0	0	0	0	0	0	0	0	0	0	0	0	0	0	0	0	0
CAPNSGGYQKVTF_CASSFGTVYEQYF	0	0	0	1	0	0	0	0	0	0	0	0	0	0	0	0	0	0	0	0	0	0	0	0	0
CAPPALYSSASKIIF_CASSLRDISQEAFF	0	0	0	0	0	0	0	0	0	1	0	0	0	0	0	0	0	0	0	0	0	0	0	0	0
CAPPGGGADGLTF_NA	0	1	0	0	0	0	0	0	0	0	0	0	0	0	0	0	0	0	0	0	0	0	0	0	0
CAPPKEYGNKLVF_CASSYGGSDSPLHF	0	0	0	1	0	0	0	0	0	0	0	0	0	0	0	0	0	0	0	0	0	0	0	0	0
CAPPPYTSSASKIIF_CASSYPQGTPSYEQYF	0	1	0	0	0	0	0	0	0	0	0	0	0	0	0	0	0	0	0	0	0	0	0	0	0
CAPPSGGSQGNLIF_CAISETGGSPLHF	0	1	0	0	0	0	0	0	0	0	0	0	0	0	0	0	0	0	0	0	0	0	0	0	0
CAPPSPGGSTLGRLYF_CASSESRSQTYGYTF	0	0	0	0	0	0	0	0	1	0	0	0	0	0	0	0	0	0	0	0	0	0	0	0	0
CAPQGGKLIF_NA	0	1	0	0	0	0	0	0	0	0	0	0	0	0	0	0	0	0	0	0	0	0	0	0	0
CAPRDTGRRALTF_CASSSRDGLYGYTF	0	0	0	0	0	0	0	0	0	0	0	0	1	0	0	0	0	0	0	0	0	0	0	0	0
CAPRGFSGGYNKLIF_CASSPPAVSNEQFF	0	1	0	0	0	0	0	0	0	0	0	0	0	0	0	0	0	0	0	0	0	0	0	0	0
CAPRGGSEKLVF_CASSDSLATNEKLFF	0	0	0	1	0	0	0	0	0	0	0	0	0	0	0	0	0	0	0	0	0	0	0	0	0
CAPRGTGANNLFF_CASSPGRDTQYF	0	1	0	0	0	0	0	0	0	0	0	0	0	0	0	0	0	0	0	0	0	0	0	0	0
CAPRVFYGGATNKLIF_CASSFRQRGEQYF	0	0	0	1	0	0	0	0	0	0	0	0	0	0	0	0	0	0	0	0	0	0	0	0	0
CAPSEGGYNKLIF_CASSFPASHIQYF	0	0	0	1	0	0	0	0	0	0	0	0	0	0	0	0	0	0	0	0	0	0	0	0	0
CAPSGGGGNKLTF_CACRGLAANTEAFF	0	1	0	0	0	0	0	0	0	0	0	0	0	0	0	0	0	0	0	0	0	0	0	0	0
CAPSGYQKVTF_CASSYSTGEETQYF	0	0	0	0	0	0	0	0	1	0	0	0	0	0	0	0	0	0	0	0	0	0	0	0	0
CAPSNGGATNKLIF_CASSLATGGGETQYF	0	0	0	1	0	0	0	0	0	0	0	0	0	0	0	0	0	0	0	0	0	0	0	0	0
CAPSSGGSNYKLTF_CASSVGGGLNYEQFF	0	0	0	1	0	0	0	0	0	0	0	0	0	0	0	0	0	0	0	0	0	0	0	0	0
CAPSSGGYNKLIF_CSVEQGSTEAFF	0	0	0	0	0	0	0	0	1	0	0	0	0	0	0	0	0	0	0	0	0	0	0	0	0
CAPTLSPGGGNKLTF_CASRDNNQPQHF	0	0	0	0	0	0	0	0	0	1	0	0	0	0	0	0	0	0	0	0	0	0	0	0	0
CAPTRFNKFYF_CNTALGFGEQFF	0	0	0	0	0	0	0	1	0	0	0	0	0	0	0	0	0	0	0	0	0	0	0	0	0
CAPTVQSYNTDKLIF_CASSDRTGGRSEQYF	0	0	0	1	0	0	0	0	0	0	0	0	0	0	0	0	0	0	0	0	0	0	0	0	0
CAPTYATDKLIF_CSARDGRSVGYTF	0	0	0	0	0	0	0	1	0	0	0	0	0	0	0	0	0	0	0	0	0	0	0	0	0
CAPVGGKLIF_CASSSNFWPPNNEQFF	0	0	0	1	0	0	0	0	0	0	0	0	0	0	0	0	0	0	0	0	0	0	0	0	0
CAPWSWVYANNLFF_CASSRRGQPQHF	0	0	0	1	0	0	0	0	0	0	0	0	0	0	0	0	0	0	0	0	0	0	0	0	0
CAPYNTDKLIF_CASSRSEPYNEQFF	0	1	0	0	0	0	0	0	0	0	0	0	0	0	0	0	0	0	0	0	0	0	0	0	0
CAPYSGAGSYQLTF_CASSASTGGNQPQHF	0	1	0	0	0	0	0	0	0	0	0	0	0	0	0	0	0	0	0	0	0	0	0	0	0
CAPYYGGSQGNLIF_CASSRPGTGSTGELFF	0	0	0	0	0	0	0	0	0	0	0	1	0	0	0	0	0	0	0	0	0	0	0	0	0
CAPYYGQNFVF_CASSYSSYGYTF	0	1	0	0	0	0	0	0	0	0	0	0	0	0	0	0	0	0	0	0	0	0	0	0	0
CAQASGYALNF_CASSLGLHYGYTF	0	0	0	1	0	0	0	0	0	0	0	0	0	0	0	0	0	0	0	0	0	0	0	0	0
CAQESSARQLTF_CASRQSSTDTQYF	0	0	0	1	0	0	0	0	0	0	0	0	0	0	0	0	0	0	0	0	0	0	0	0	0
CAQGETSGSRLTF_CASSPQGRSSYEQYF	0	1	0	0	0	0	0	0	0	0	0	0	0	0	0	0	0	0	0	0	0	0	0	0	0
CAQKPKYRGRRALTF_CSARDRIGGETQYF	0	0	0	0	0	0	0	1	0	0	0	0	0	0	0	0	0	0	0	0	0	0	0	0	0
CAQYAGGTSYGKLTF_CASSQEDTEAFF	0	0	0	1	0	0	0	0	0	0	0	0	0	0	0	0	0	0	0	0	0	0	0	0	0
CARAGSYQLTF_CASSIGQGVRQPQHF	0	0	0	1	0	0	0	0	0	0	0	0	0	0	0	0	0	0	0	0	0	0	0	0	0
CARALGGGADGLTF_CASSLSGTGFEQYF	0	0	0	1	0	0	0	0	0	0	0	0	0	0	0	0	0	0	0	0	0	0	0	0	0
CARAPSGGYNKLIF_CASSLSFGSDGELFF	0	1	0	0	0	0	0	0	0	0	0	0	0	0	0	0	0	0	0	0	0	0	0	0	0
CARAYSGGGADGLTF_CASSFSDRVDEQYF	0	0	0	0	0	0	0	0	0	0	0	0	1	0	0	0	0	0	0	0	0	0	0	0	0
CARGGSARQLTF_CASKGSSYEQYF	0	1	0	0	0	0	0	0	0	0	0	0	0	0	0	0	0	0	0	0	0	0	0	0	0
CARHQTGANNLFF_CASSYGGGRRGTEAFF	0	1	0	0	0	0	0	0	0	0	0	0	0	0	0	0	0	0	0	0	0	0	0	0	0
CARNNAGNNRKLIW_CAITSGRYEQYF	0	1	0	0	0	0	0	0	0	0	0	0	0	0	0	0	0	0	0	0	0	0	0	0	0
CARNSGNTPLVF_CASSLAPDRGSYGYTF	0	0	0	0	0	0	0	0	0	0	1	0	0	0	0	0	0	0	0	0	0	0	0	0	0
CARPLMNTGFQKLVF_CSAKFGGNNQPQHF	0	0	0	0	0	0	0	1	0	0	0	0	0	0	0	0	0	0	0	0	0	0	0	0	0
CARQKSDSNYQLIW_NA	0	1	0	0	0	0	0	0	0	0	0	0	0	0	0	0	0	0	0	0	0	0	0	0	0
CARSGAGSYQLTF_CASSYTGGGADTQYF	0	0	0	1	0	0	0	0	0	0	0	0	0	0	0	0	0	0	0	0	0	0	0	0	0
CARSNDYKLSF_CSARQGARNSPLHF	0	0	0	0	0	0	0	0	0	0	0	0	0	0	0	0	0	0	0	0	0	0	0	0	1
CARSNNNNDMRF_CASKPRANYGYTF	0	0	0	0	0	0	0	0	1	0	0	0	0	0	0	0	0	0	0	0	0	0	0	0	0
CARTNSGNTPLVF_CASSPGDGDYYGYTF	0	0	0	0	0	0	0	0	0	0	1	0	0	0	0	0	0	0	0	0	0	0	0	0	0
CASAGSTF_CSARGGTAEETQYF	0	0	0	0	0	1	0	0	0	0	0	0	0	0	0	0	0	0	0	0	0	0	0	0	0
CASARGGSTLGRLYF_CASSPGYTDTQYF	0	1	0	0	0	0	0	0	0	0	0	0	0	0	0	0	0	0	0	0	0	0	0	0	0
CASDSGGYNKLIF_CSANPSGREWGEQFF	0	0	0	0	0	0	0	1	0	0	0	0	0	0	0	0	0	0	0	0	0	0	0	0	0
CASGAGSYQLTF_CASRPNRRQKLNQPQHF	0	0	0	1	0	0	0	0	0	0	0	0	0	0	0	0	0	0	0	0	0	0	0	0	0
CASGPGAGSYQLTF_CASSLGQSEKLFF	0	0	0	0	0	0	0	0	0	0	1	0	0	0	0	0	0	0	0	0	0	0	0	0	0
CASGRYGNKLVF_CASSSTDTQYF	0	0	0	0	0	0	0	0	0	0	0	0	1	0	0	0	0	0	0	0	0	0	0	0	0
CASHGGEYGNKLVF_CASKRDRGGNTEAFF	0	1	0	0	0	0	0	0	0	0	0	0	0	0	0	0	0	0	0	0	0	0	0	0	0
CASLGGSARQLTF_CASSLGTGAREQYF	0	1	0	0	0	0	0	0	0	0	0	0	0	0	0	0	0	0	0	0	0	0	0	0	0
CASLWPGAQKLVF_CASSRWGQGVDGYTF	0	1	0	0	0	0	0	0	0	0	0	0	0	0	0	0	0	0	0	0	0	0	0	0	0
CASMDSNYQLIW_CASQPSGGAADEQFF	0	1	0	0	0	0	0	0	0	0	0	0	0	0	0	0	0	0	0	0	0	0	0	0	0
CASMDSSYKLIF_CASSVGQKANTGELFF	0	1	0	0	0	0	0	0	0	0	0	0	0	0	0	0	0	0	0	0	0	0	0	0	0
CASNFGNEKLTF_CASSQSMGLAGNEQFF	0	0	0	0	0	0	0	0	0	0	0	0	1	0	0	0	0	0	0	0	0	0	0	0	0
CASNTGKLIF_CSARASQDWAEAFF	0	0	0	0	0	1	0	0	0	0	0	0	0	0	0	0	0	0	0	0	0	0	0	0	0
CASPLYNTDKLIF_CASSLNRNYGYTF	0	0	0	1	0	0	0	0	0	0	0	0	0	0	0	0	0	0	0	0	0	0	0	0	0
CASPNSNSGYALNF_CASSTTVNTEAFF	0	0	0	0	0	1	0	0	0	0	0	0	0	0	0	0	0	0	0	0	0	0	0	0	0
CASPRSSASKIIF_CASSHQGGGNSGNTIYF	0	0	0	1	0	0	0	0	0	0	0	0	0	0	0	0	0	0	0	0	0	0	0	0	0
CASQNRDDKIIF_CASSYSAYEQYF	0	0	0	0	0	0	0	0	1	0	0	0	0	0	0	0	0	0	0	0	0	0	0	0	0
CASQRIDNAGNMLTF_CASSWRSGQGTEAFF	0	0	0	0	0	0	0	0	0	0	0	1	0	0	0	0	0	0	0	0	0	0	0	0	0
CASRLNDYKLSF_CSVPDRTTGYTF	0	0	0	1	0	0	0	0	0	0	0	0	0	0	0	0	0	0	0	0	0	0	0	0	0
CASRNQAGTALIF_CASSPLGAEGSNQPQHF	0	0	0	0	0	0	0	0	1	0	0	0	0	0	0	0	0	0	0	0	0	0	0	0	0
CASRRYSGAGSYQLTF_CASSQEPPEGRTEAFF	0	0	0	0	0	0	0	0	0	0	0	0	0	0	0	0	0	0	0	0	0	1	0	0	0
CASSAYSGAGSYQLTF_CASSLQGYGYTF	0	0	0	0	0	0	0	0	0	0	0	0	0	0	0	1	0	0	0	0	0	0	0	0	0
CASSERSNDYKLSF_CASSQAGTGGGFEQYF	0	0	0	0	0	0	0	0	0	0	0	0	0	0	0	0	0	0	0	0	0	1	0	0	0
CASSFSGGYNKLIF_CASSLTSGRIHEQYF	0	0	0	1	0	0	0	0	0	0	0	0	0	0	0	0	0	0	0	0	0	0	0	0	0
CASSGGYQKVTF_CSVSTDGSYEQYF	0	1	0	0	0	0	0	0	0	0	0	0	0	0	0	0	0	0	0	0	0	0	0	0	0
CASSLGDYKLSF_CSASRQANSPLHF	0	0	0	0	0	0	0	0	0	0	0	0	0	0	0	0	0	0	0	0	0	0	0	0	1
CASSPYNFNKFYF_CASSLSNDITYNEQFF	0	0	0	1	0	0	0	0	0	0	0	0	0	0	0	0	0	0	0	0	0	0	0	0	0
CASSSMGGYSTLTF_CASSPPVGGNEKLFF	0	1	0	0	0	0	0	0	0	0	0	0	0	0	0	0	0	0	0	0	0	0	0	0	0
CASSYSGAGSYQLTF_CASSLQHTGELFF	0	1	0	0	0	0	0	0	0	0	0	0	0	0	0	0	0	0	0	0	0	0	0	0	0
CASTGGFKTIF_CSVEDSGQGAGYTF	0	1	0	0	0	0	0	0	0	0	0	0	0	0	0	0	0	0	0	0	0	0	0	0	0
CASTMDSNYQLIW_CASSPGTLPSGEQYF	0	1	0	0	0	0	0	0	0	0	0	0	0	0	0	0	0	0	0	0	0	0	0	0	0
CASYTGRRALTF_CASSPGGQNTQYF	0	1	0	0	0	0	0	0	0	0	0	0	0	0	0	0	0	0	0	0	0	0	0	0	0
CATAAATDSWGKFQF_CASSTQRGGHKGGSDEQFF	0	1	0	0	0	0	0	0	0	0	0	0	0	0	0	0	0	0	0	0	0	0	0	0	0
CATADAVTPRRPSGSRLTF_CASSSPRTGTFPANYGYTF	0	0	0	0	0	0	0	0	0	0	0	0	1	0	0	0	0	0	0	0	0	0	0	0	0
CATAEAGNNRKLIW_CSVEFGVATEAFF	0	0	0	0	0	0	0	0	1	0	0	0	0	0	0	0	0	0	0	0	0	0	0	0	0
CATAFTGGGNKLTF_CASSYSGQGRYTEAFF	0	0	0	1	0	0	0	0	0	0	0	0	0	0	0	0	0	0	0	0	0	0	0	0	0
CATAGFQKLVF_CASSSRDRGSYEQYF	0	0	0	0	0	0	0	0	0	0	0	1	0	0	0	0	0	0	0	0	0	0	0	0	0
CATAGYSGGGADGLTF_CASSQAQAYEQYF	0	0	0	0	0	0	0	0	0	0	0	0	0	0	0	0	0	0	0	0	0	1	0	0	0
CATALFQGAQKLVF_CASRGGRGSSYNEQFF	0	1	0	0	0	0	0	0	0	0	0	0	0	0	0	0	0	0	0	0	0	0	0	0	0
CATALNDYKLSF_CASRGVSYNEQFF	0	1	0	0	0	0	0	0	0	0	0	0	0	0	0	0	0	0	0	0	0	0	0	0	0
CATAPGVVDF_CASRGQSYGYTF	0	0	0	0	0	1	0	0	0	0	0	0	0	0	0	0	0	0	0	0	0	0	0	0	0
CATATNNNDMRF_CASSFRDWQGTQYF	0	0	0	0	0	0	0	0	0	0	0	0	0	0	0	1	0	0	0	0	0	0	0	0	0
CATDAADSWGKFQF_CASGGTSGIAGELFF	0	0	0	0	0	1	0	0	0	0	0	0	0	0	0	0	0	0	0	0	0	0	0	0	0
CATDAEGGQKLLF_CASSIKGGLYNEQFF	0	0	0	0	0	1	0	0	0	0	0	0	0	0	0	0	0	0	0	0	0	0	0	0	0
CATDAGGGSEKLVF_CASSHSDRGNQPQHF	0	0	0	0	0	0	0	0	0	0	0	0	0	0	0	1	0	0	0	0	0	0	0	0	0
CATDAGYSTLTF_CASSYRAEQHYGYTF	0	1	0	0	0	0	0	0	0	0	0	0	0	0	0	0	0	0	0	0	0	0	0	0	0
CATDANDYKLSF_CASRNRGTEAFF	0	0	0	1	0	0	0	0	0	0	0	0	0	0	0	0	0	0	0	0	0	0	0	0	0
CATDANFGNEKLTF_CASSLRQVEGNTIYF	0	0	0	0	0	0	0	0	0	0	0	0	0	0	0	1	0	0	0	0	0	0	0	0	0
CATDANTGFQKLVF_CASSYSSTAFYEQYF	0	0	0	1	0	0	0	0	0	0	0	0	0	0	0	0	0	0	0	0	0	0	0	0	0
CATDARGGAQKLVF_CASSFSEAFF	0	0	0	1	0	0	0	0	0	0	0	0	0	0	0	0	0	0	0	0	0	0	0	0	0
CATDARTSGTYKYIF_CASSLGGPLEQYF	0	0	0	1	0	0	0	0	0	0	0	0	0	0	0	0	0	0	0	0	0	0	0	0	0
CATDATGAQKLVF_CASSYGIGQGKNGYTF	0	0	0	1	0	0	0	0	0	0	0	0	0	0	0	0	0	0	0	0	0	0	0	0	0
CATDATGGFKTIF_CSASPPRTAIYEQYF	0	0	0	0	0	0	0	0	0	0	0	0	0	0	0	0	0	0	0	0	0	0	0	0	1
CATDAWQGAQKLVF_CASSNTPNTEAFF	0	1	0	0	0	0	0	0	0	0	0	0	0	0	0	0	0	0	0	0	0	0	0	0	0
CATDDIQGAQKLVF_CASSQDRRGYEQYF	0	0	0	0	0	0	0	0	0	0	0	0	0	0	0	0	0	0	0	0	0	1	0	0	0
CATDDKSTF_CATLTSSGELFF	0	0	0	0	0	1	0	0	0	0	0	0	0	0	0	0	0	0	0	0	0	0	0	0	0
CATDDQAGTALIF_CATSVGSGTFYEQYF	0	0	0	0	0	0	0	0	1	0	0	0	0	0	0	0	0	0	0	0	0	0	0	0	0
CATDEAAGNKLTF_CSVEGLREVDTQYF	0	0	0	1	0	0	0	0	0	0	0	0	0	0	0	0	0	0	0	0	0	0	0	0	0
CATDEGGSYIPTF_CASSMRGGAPSTDTQYF	0	0	0	1	0	0	0	0	0	0	0	0	0	0	0	0	0	0	0	0	0	0	0	0	0
CATDEGSNDYKLSF_CASSLVAEETQYF	0	0	0	1	0	0	0	0	0	0	0	0	0	0	0	0	0	0	0	0	0	0	0	0	0
CATDEGYNQGGKLIF_CASSHVEGGGAQTGELFF	0	1	0	0	0	0	0	0	0	0	0	0	0	0	0	0	0	0	0	0	0	0	0	0	0
CATDERGAGSYQLTF_CSARDRLSGGEQYF	0	0	0	0	0	0	0	1	0	0	0	0	0	0	0	0	0	0	0	0	0	0	0	0	0
CATDFFFLGRGGSEKLVF_CASSGGTVQETQYF	0	1	0	0	0	0	0	0	0	0	0	0	0	0	0	0	0	0	0	0	0	0	0	0	0
CATDGFLTGAGSYQLTF_CSVEEADRRGLGQQYF	0	1	0	0	0	0	0	0	0	0	0	0	0	0	0	0	0	0	0	0	0	0	0	0	0
CATDGGNQFYF_CASSYPQGVNTEAFF	0	0	0	1	0	0	0	0	0	0	0	0	0	0	0	0	0	0	0	0	0	0	0	0	0
CATDGGYNKLIF_CASSLSQGMNTEAFF	0	0	0	0	0	0	0	0	0	0	0	0	1	0	0	0	0	0	0	0	0	0	0	0	0
CATDGNQGGKLIF_CASSSPGNEQYF	0	0	0	1	0	0	0	0	0	0	0	0	0	0	0	0	0	0	0	0	0	0	0	0	0
CATDGRENWETSGSRLTF_CATRRWTRGNTIYF	0	1	0	0	0	0	0	0	0	0	0	0	0	0	0	0	0	0	0	0	0	0	0	0	0
CATDGSDYKLSF_CASSSNDRGQETQYF	0	0	0	1	0	0	0	0	0	0	0	0	0	0	0	0	0	0	0	0	0	0	0	0	0
CATDGTGTASKLTF_CASRASTGNNYEQYF	0	1	0	0	0	0	0	0	0	0	0	0	0	0	0	0	0	0	0	0	0	0	0	0	0
CATDNAGNMLTF_CASSLTSAGRTEAFF	0	0	0	1	0	0	0	0	0	0	0	0	0	0	0	0	0	0	0	0	0	0	0	0	0
CATDNNNDMRF_CASSLMSGSGANVLTF	0	1	0	0	0	0	0	0	0	0	0	0	0	0	0	0	0	0	0	0	0	0	0	0	0
CATDNRPGTASKLTF_CSARKGLSDQPQHF	0	0	0	0	0	0	0	1	0	0	0	0	0	0	0	0	0	0	0	0	0	0	0	0	0
CATDPGDTDKLIF_CASSLDLATPGELFF	0	0	0	0	0	0	0	0	0	0	0	1	0	0	0	0	0	0	0	0	0	0	0	0	0
CATDPHSGNTPLVF_CASSRGGQGNQPQHF	0	1	0	0	0	0	0	0	0	0	0	0	0	0	0	0	0	0	0	0	0	0	0	0	0
CATDPIQGAQKLVF_CASSHGTGRSPLHF	0	1	0	0	0	0	0	0	0	0	0	0	0	0	0	0	0	0	0	0	0	0	0	0	0
CATDPQGATNKLIF_CASSQAGTTEAFF	0	0	0	0	0	0	0	0	0	0	0	0	0	0	0	1	0	0	0	0	0	0	0	0	0
CATDPSFYNQGGKLIF_CASVGMDTEAFF	0	1	0	0	0	0	0	0	0	0	0	0	0	0	0	0	0	0	0	0	0	0	0	0	0
CATDPTGGGNKLTF_CASSRGPIYSNQPQHF	0	1	0	0	0	0	0	0	0	0	0	0	0	0	0	0	0	0	0	0	0	0	0	0	0
CATDPYNTDKLIF_CSARRTPAAGYTF	0	0	0	0	0	0	0	1	0	0	0	0	0	0	0	0	0	0	0	0	0	0	0	0	0
CATDQGGGSEKLVF_CASSQRDRDEKLFF	0	0	0	0	0	0	0	0	0	0	0	0	0	0	0	1	0	0	0	0	0	0	0	0	0
CATDRGNAGKSTF_NA	0	0	0	0	0	0	0	0	1	0	0	0	0	0	0	0	0	0	0	0	0	0	0	0	0
CATDRGNLIF_CASSFAGTSGGVTDTQYF	0	0	0	1	0	0	0	0	0	0	0	0	0	0	0	0	0	0	0	0	0	0	0	0	0
CATDRGRGSTLGRLYF_CASSPSTDTQYF	0	0	0	1	0	0	0	0	0	0	0	0	0	0	0	0	0	0	0	0	0	0	0	0	0
CATDRKGPGNTPLVF_CASSIGRTLSYEQYF	0	1	0	0	0	0	0	0	0	0	0	0	0	0	0	0	0	0	0	0	0	0	0	0	0
CATDRMDSSYKLIF_CASSEGGETQYF	0	1	0	0	0	0	0	0	0	0	0	0	0	0	0	0	0	0	0	0	0	0	0	0	0
CATDSGGANNLFF_CASSGLAGTGELFF	0	0	0	1	0	0	0	0	0	0	0	0	0	0	0	0	0	0	0	0	0	0	0	0	0
CATDSGGGNYKLTF_CASSLGAGGFEPQHF	0	0	0	0	0	0	0	0	0	0	1	0	0	0	0	0	0	0	0	0	0	0	0	0	0
CATDSGSARQLTF_CASSYSGTSGGPQFF	0	0	0	0	0	1	0	0	0	0	0	0	0	0	0	0	0	0	0	0	0	0	0	0	0
CATDSNNARLMF_CASSPGGGRNEQFF	0	0	0	1	0	0	0	0	0	0	0	0	0	0	0	0	0	0	0	0	0	0	0	0	0
CATDSNNARLMF_CASTSGLAGEDTQYF	0	0	0	1	0	0	0	0	0	0	0	0	0	0	0	0	0	0	0	0	0	0	0	0	0
CATDVDSNYQLIW_CASSYSIVRGLYEQYF	0	0	0	1	0	0	0	0	0	0	0	0	0	0	0	0	0	0	0	0	0	0	0	0	0
CATDVGGTYKYIF_CASSYRQVLQPNYGYTF	0	0	0	0	0	0	0	0	0	0	0	0	1	0	0	0	0	0	0	0	0	0	0	0	0
CATDVPPNFNKFYF_CASSLNLLGGSTDTQYF	0	0	0	0	0	0	0	0	0	1	0	0	0	0	0	0	0	0	0	0	0	0	0	0	0
CATDVSDGQKLLF_CASSIKGGLYNEQFF	0	0	0	0	0	7	0	0	0	0	0	0	0	0	0	0	0	0	0	0	0	0	0	0	0
CATDYGTGGFKTIF_CATSASGRGLGNQPQHF	0	1	0	0	0	0	0	0	0	0	0	0	0	0	0	0	0	0	0	0	0	0	0	0	0
CATDYSGYSTLTF_CASRGHTSGSNTGELFF	0	1	0	0	0	0	0	0	0	0	0	0	0	0	0	0	0	0	0	0	0	0	0	0	0
CATELTGGGNKLTF_CSASPGTSGRQGEQFF	0	0	0	0	0	0	0	1	0	0	0	0	0	0	0	0	0	0	0	0	0	0	0	0	0
CATEPATGGFKTIF_CASSFNEVETQYF	0	0	0	1	0	0	0	0	0	0	0	0	0	0	0	0	0	0	0	0	0	0	0	0	0
CATEPIKAAGNKLTF_CASTSHGGMLNYGYTF	0	0	0	1	0	0	0	0	0	0	0	0	0	0	0	0	0	0	0	0	0	0	0	0	0
CATEPNSGGSNYKLTF_CSARRTGNNQPQHF	0	0	0	0	0	0	0	1	0	0	0	0	0	0	0	0	0	0	0	0	0	0	0	0	0
CATETNNAGNMLTF_CASSYSRARGYTF	0	1	0	0	0	0	0	0	0	0	0	0	0	0	0	0	0	0	0	0	0	0	0	0	0
CATETQKLVF_CASSFQGALFYTGELFF	0	1	0	0	0	0	0	0	0	0	0	0	0	0	0	0	0	0	0	0	0	0	0	0	0
CATETSGTYKYIF_NA	0	0	0	0	0	0	0	0	1	0	0	0	0	0	0	0	0	0	0	0	0	0	0	0	0
CATEYIQGAQKLVF_CASSLSWRDQPQHF	0	1	0	0	0	0	0	0	0	0	0	0	0	0	0	0	0	0	0	0	0	0	0	0	0
CATGFQKLVF_CASSRGQGGNQPQHF	0	1	0	0	0	0	0	0	0	0	0	0	0	0	0	0	0	0	0	0	0	0	0	0	0
CATGGGANNLFF_CASSPPTGTSGQEQYF	0	1	0	0	0	0	0	0	0	0	0	0	0	0	0	0	0	0	0	0	0	0	0	0	0
CATGGGNKLTF_CASSYGQGNTEAFF	0	0	0	1	0	0	0	0	0	0	0	0	0	0	0	0	0	0	0	0	0	0	0	0	0
CATGKGGSNYKLTF_CASSRVLPNEQFF	0	1	0	0	0	0	0	0	0	0	0	0	0	0	0	0	0	0	0	0	0	0	0	0	0
CATGKGNTPLVF_CASRTPGETEAFF	0	0	0	1	0	0	0	0	0	0	0	0	0	0	0	0	0	0	0	0	0	0	0	0	0
CATGKYSGGGADGLTF_CASSGQGGPTEAFF	0	1	0	0	0	0	0	0	0	0	0	0	0	0	0	0	0	0	0	0	0	0	0	0	0
CATGLISNFGNEKLTF_CASSWLQTARRYNEQFF	0	1	0	0	0	0	0	0	0	0	0	0	0	0	0	0	0	0	0	0	0	0	0	0	0
CATGLSGGSYIPTF_CASSYAVPNTEAFF	0	0	0	0	0	0	0	0	1	0	0	0	0	0	0	0	0	0	0	0	0	0	0	0	0
CATGNDYKLSF_CASRVGGDEQYF	0	0	0	1	0	0	0	0	0	0	0	0	0	0	0	0	0	0	0	0	0	0	0	0	0
CATGPWGSSNTGKLIF_CASSPRDTNTDTQYF	0	0	0	1	0	0	0	0	0	0	0	0	0	0	0	0	0	0	0	0	0	0	0	0	0
CATGQVAAGNKLTF_CASRTSGSAGKQFF	0	0	0	0	0	0	0	0	0	0	1	0	0	0	0	0	0	0	0	0	0	0	0	0	0
CATGTASKLTF_CASSYRQGRTDTQYF	0	1	0	0	0	0	0	0	0	0	0	0	0	0	0	0	0	0	0	0	0	0	0	0	0
CATKASGGSYIPTF_CASSFTSEGFATEAFF	0	0	0	1	0	0	0	0	0	0	0	0	0	0	0	0	0	0	0	0	0	0	0	0	0
CATLNSGGSNYKLTF_CASSYSTRGHGYTF	0	1	0	0	0	0	0	0	0	0	0	0	0	0	0	0	0	0	0	0	0	0	0	0	0
CATLQGAQKLVF_CASPGDNSNEQFF	0	0	0	1	0	0	0	0	0	0	0	0	0	0	0	0	0	0	0	0	0	0	0	0	0
CATLRGGSQGNLIF_CASRRQEIPYGYTF	0	0	0	1	0	0	0	0	0	0	0	0	0	0	0	0	0	0	0	0	0	0	0	0	0
CATMANFNKFYF_CASSPRDVGSNEQFF	0	1	0	0	0	0	0	0	0	0	0	0	0	0	0	0	0	0	0	0	0	0	0	0	0
CATMIKAAGNKLTF_CSAREGGQLYGYTF	0	0	0	0	0	0	0	1	0	0	0	0	0	0	0	0	0	0	0	0	0	0	0	0	0
CATNTGNQFYF_NA	0	0	0	1	0	0	0	0	0	0	0	0	0	0	0	0	0	0	0	0	0	0	0	0	0
CATPLSPGTALIF_CASSIRDGGYNEQFF	0	1	0	0	0	0	0	0	0	0	0	0	0	0	0	0	0	0	0	0	0	0	0	0	0
CATPRYNQGGKLIF_CASRHEPGGAWGNQPQHF	0	0	0	0	0	1	0	0	0	0	0	0	0	0	0	0	0	0	0	0	0	0	0	0	0
CATPSLSGTYKYIF_CASSIQTGGSDEQFF	0	1	0	0	0	0	0	0	0	0	0	0	0	0	0	0	0	0	0	0	0	0	0	0	0
CATQNSGGSNYKLTF_CATSRDQRTGGGYEQFF	0	1	0	0	0	0	0	0	0	0	0	0	0	0	0	0	0	0	0	0	0	0	0	0	0
CATQPTHDNDMRF_CASSAGQGFQPQHF	0	0	0	1	0	0	0	0	0	0	0	0	0	0	0	0	0	0	0	0	0	0	0	0	0
CATRGSARQLTF_CASSLWSGGTDTQYF	0	1	0	0	0	0	0	0	0	0	0	0	0	0	0	0	0	0	0	0	0	0	0	0	0
CATRGSNSGYALNF_CATSDLRRGEQYF	0	1	0	0	0	0	0	0	0	0	0	0	0	0	0	0	0	0	0	0	0	0	0	0	0
CATRNYGQNFVF_CASSFSGVNYGYTF	0	1	0	0	0	0	0	0	0	0	0	0	0	0	0	0	0	0	0	0	0	0	0	0	0
CATRYRVYSGGGADGLTF_CASSYKLAGDTYEQYF	0	0	0	0	0	0	0	0	1	0	0	0	0	0	0	0	0	0	0	0	0	0	0	0	0
CATTGGSYIPTF_CAWSDGFRERLNSPLHF	0	0	0	1	0	0	0	0	0	0	0	0	0	0	0	0	0	0	0	0	0	0	0	0	0
CATTNAGNNRKLIW_CASSEGGEQYF	0	1	0	0	0	0	0	0	0	0	0	0	0	0	0	0	0	0	0	0	0	0	0	0	0
CATTNTDKLIF_CSAPVLAANPYNEQFF	0	0	0	0	0	0	0	1	0	0	0	0	0	0	0	0	0	0	0	0	0	0	0	0	0
CATTYGNKLVF_CASSQGSSYYEQYF	0	0	0	0	0	1	0	0	0	0	0	0	0	0	0	0	0	0	0	0	0	0	0	0	0
CATVGNKLTF_CASGLGPDPPLHF	0	1	0	0	0	0	0	0	0	0	0	0	0	0	0	0	0	0	0	0	0	0	0	0	0
CATVHTVSNTNAGKSTF_CASSFGQGSGNTIYF	0	0	0	0	0	0	0	0	0	0	0	0	1	0	0	0	0	0	0	0	0	0	0	0	0
CATVLNARLMF_CASSQEVGVLGFNQPQHF	0	0	0	1	0	0	0	0	0	0	0	0	0	0	0	0	0	0	0	0	0	0	0	0	0
CATVNTGGFKTIF_CASSPEGNGSPLHF	0	0	0	0	0	0	0	0	0	0	0	0	1	0	0	0	0	0	0	0	0	0	0	0	0
CATVPNSGGYQKVTF_CSARGPRQGLQNTEAFF	0	0	0	0	0	0	0	0	0	0	0	0	0	0	0	0	0	0	0	0	0	0	0	0	1
CATVPNYGGATNKLIF_CASSPTGQQPQHF	0	1	0	0	0	0	0	0	0	0	0	0	0	0	0	0	0	0	0	0	0	0	0	0	0
CATVPYNNNDMRF_CASSLGDVWDTEAFF	0	0	0	0	0	0	0	0	0	0	0	0	1	0	0	0	0	0	0	0	0	0	0	0	0
CATVRGNKLTF_CASSPSGRQETQYF	0	0	0	0	0	0	0	0	0	0	1	0	0	0	0	0	0	0	0	0	0	0	0	0	0
CATVSSNDYKLSF_CASSYSNSGKPTDTQYF	0	0	0	1	0	0	0	0	0	0	0	0	0	0	0	0	0	0	0	0	0	0	0	0	0
CATVTSGYALNF_CASSWDSGSSGNTIYF	0	0	0	1	0	0	0	0	0	0	0	0	0	0	0	0	0	0	0	0	0	0	0	0	0
CATVVNSGNTPLVF_CASSQRTDTQYF	0	1	0	0	0	0	0	0	0	0	0	0	0	0	0	0	0	0	0	0	0	0	0	0	0
CATVVYGNNRLAF_CASSPVAVNQPQHF	0	1	0	0	0	0	0	0	0	0	0	0	0	0	0	0	0	0	0	0	0	0	0	0	0
CATYNNAGNMLTF_CASSPARMAGQQFF	0	1	0	0	0	0	0	0	0	0	0	0	0	0	0	0	0	0	0	0	0	0	0	0	0
CATYRSGSARQLTF_NA	0	1	0	0	0	0	0	0	0	0	0	0	0	0	0	0	0	0	0	0	0	0	0	0	0
CATYSVGLTGGFKTIF_CASSPYVTPGPHNEQFF	0	1	0	0	0	0	0	0	0	0	0	0	0	0	0	0	0	0	0	0	0	0	0	0	0
CAVADNFNKFYF_CASSPDGEPSYEQYF	0	1	0	0	0	0	0	0	0	0	0	0	0	0	0	0	0	0	0	0	0	0	0	0	0
CAVADSNYQLIW_CASSFGGSQPQHF	0	0	0	1	0	0	0	0	0	0	0	0	0	0	0	0	0	0	0	0	0	0	0	0	0
CAVAGGSYIPTF_CSARGQGVWTEAFF	0	0	0	0	0	0	0	1	0	0	0	0	0	0	0	0	0	0	0	0	0	0	0	0	0
CAVAGRNNNARLMF_CASSLAGIETYEQYF	0	0	0	0	0	0	0	0	0	0	1	0	0	0	0	0	0	0	0	0	0	0	0	0	0
CAVAGYSTLTF_CAWSSRQGAWEQYF	0	0	0	1	0	0	0	0	0	0	0	0	0	0	0	0	0	0	0	0	0	0	0	0	0
CAVAHSGGYNKLIF_CSVLRGRNTEAFF	0	1	0	0	0	0	0	0	0	0	0	0	0	0	0	0	0	0	0	0	0	0	0	0	0
CAVAISGNTGKLIF_CASSPTGQSVETQYF	0	0	0	1	0	0	0	0	0	0	0	0	0	0	0	0	0	0	0	0	0	0	0	0	0
CAVAITGGGNKLTF_CARSGDRAFAYGYTF	0	1	0	0	0	0	0	0	0	0	0	0	0	0	0	0	0	0	0	0	0	0	0	0	0
CAVALMNYGGSQGNLIF_CSARGVRAGFLFNEQFF	0	0	0	0	0	0	0	1	0	0	0	0	0	0	0	0	0	0	0	0	0	0	0	0	0
CAVALSNRDDKIIF_CASSEYYRGHEQYF	0	0	0	0	0	0	0	0	1	0	0	0	0	0	0	0	0	0	0	0	0	0	0	0	0
CAVALTGSARQLTF_CASTDRPNYGYTF	0	1	0	0	0	0	0	0	0	0	0	0	0	0	0	0	0	0	0	0	0	0	0	0	0
CAVANDYKLSF_CASSLRGVGANVLTF	0	0	0	1	0	0	0	0	0	0	0	0	0	0	0	0	0	0	0	0	0	0	0	0	0
CAVAPDGQKLLF_CASSYRDRDETQYF	0	0	0	0	0	0	0	0	0	0	0	1	0	0	0	0	0	0	0	0	0	0	0	0	0
CAVAPGGSSGDKLTF_CASSLMFPGGEKLFF	0	0	0	0	0	0	0	0	0	0	1	0	0	0	0	0	0	0	0	0	0	0	0	0	0
CAVAPGNTPLVF_CASSSGAAYGYTF	0	1	0	0	0	0	0	0	0	0	0	0	0	0	0	0	0	0	0	0	0	0	0	0	0
CAVAPGTASKLTF_CAWSASGSYEQFF	0	1	0	0	0	0	0	0	0	0	0	0	0	0	0	0	0	0	0	0	0	0	0	0	0
CAVAPPFGNEKLTF_CASSFTPYGQGAVAGNTIYF	0	0	0	0	0	1	0	0	0	0	0	0	0	0	0	0	0	0	0	0	0	0	0	0	0
CAVAPPYNNNDMRF_CASSLGTGGRHEQYF	0	1	0	0	0	0	0	0	0	0	0	0	0	0	0	0	0	0	0	0	0	0	0	0	0
CAVAPYSSASKIIF_CASMTGVNTEAFF	0	1	0	0	0	0	0	0	0	0	0	0	0	0	0	0	0	0	0	0	0	0	0	0	0
CAVARLFSSGSARQLTF_CASSVRGSTDTQYF	0	1	0	0	0	0	0	0	0	0	0	0	0	0	0	0	0	0	0	0	0	0	0	0	0
CAVARTGGGNKLTF_CAWEKQGAPLEQYF	0	1	0	0	0	0	0	0	0	0	0	0	0	0	0	0	0	0	0	0	0	0	0	0	0
CAVASGAGSYQLTF_CAWSVGGTGDTQYF	0	0	0	0	0	0	0	0	1	0	0	0	0	0	0	0	0	0	0	0	0	0	0	0	0
CAVASGTYKYIF_CASRDLDGNYGYTF	0	1	0	0	0	0	0	0	0	0	0	0	0	0	0	0	0	0	0	0	0	0	0	0	0
CAVASGTYKYIF_CASSYRGLEAFF	0	0	0	1	0	0	0	0	0	0	0	0	0	0	0	0	0	0	0	0	0	0	0	0	0
CAVATPLQGAQKLVF_CASSPWRRSHYGYTF	0	0	0	0	0	0	0	0	0	0	0	1	0	0	0	0	0	0	0	0	0	0	0	0	0
CAVAVSGGYQKVTF_CASSTQIRNLEQYF	0	0	0	1	0	0	0	0	0	0	0	0	0	0	0	0	0	0	0	0	0	0	0	0	0
CAVAYGTDKLIF_CASRIAGTNTGELFF	0	1	0	0	0	0	0	0	0	0	0	0	0	0	0	0	0	0	0	0	0	0	0	0	0
CAVAYTGANSKLTF_CASSQANTYSNQPQHF	0	0	0	1	0	0	0	0	0	0	0	0	0	0	0	0	0	0	0	0	0	0	0	0	0
CAVAYTGNQFYF_CAISEVVNTEAFF	0	0	0	0	0	0	0	0	0	1	0	0	0	0	0	0	0	0	0	0	0	0	0	0	0
CAVCPGMSGATNKLIF_CASSPQGGDSPLHF	0	1	0	0	0	0	0	0	0	0	0	0	0	0	0	0	0	0	0	0	0	0	0	0	0
CAVDDYKLSF_CASRNPLSYEQYF	0	0	0	1	0	0	0	0	0	0	0	0	0	0	0	0	0	0	0	0	0	0	0	0	0
CAVDEAGSYQLTF_CASSFDTEAFF	0	0	0	1	0	0	0	0	0	0	0	0	0	0	0	0	0	0	0	0	0	0	0	0	0
CAVDESNDMRF_CAWENTEAFF	0	0	0	1	0	0	0	0	0	0	0	0	0	0	0	0	0	0	0	0	0	0	0	0	0
CAVDFSLGEIKAAGNKLTF_CASSFGTVVEQYF	0	0	0	1	0	0	0	0	0	0	0	0	0	0	0	0	0	0	0	0	0	0	0	0	0
CAVDGDNYGQNFVF_CASSEAGQSAGEQYF	0	1	0	0	0	0	0	0	0	0	0	0	0	0	0	0	0	0	0	0	0	0	0	0	0
CAVDGGAQKLVF_CASSFLNTGELFF	0	0	0	0	0	0	0	0	0	0	1	0	0	0	0	0	0	0	0	0	0	0	0	0	0
CAVDGGATNKLIF_CASSTGTGEVNTEAFF	0	0	0	1	0	0	0	0	0	0	0	0	0	0	0	0	0	0	0	0	0	0	0	0	0
CAVDGGGNKLVF_CASSLGDRVRGYTF	0	0	0	0	0	0	0	0	0	0	0	1	0	0	0	0	0	0	0	0	0	0	0	0	0
CAVDGNTGNQFYF_CASSSGSHGGFNEKLFF	0	0	0	1	0	0	0	0	0	0	0	0	0	0	0	0	0	0	0	0	0	0	0	0	0
CAVDGRGSNYKLTF_CGGQGRGYNSPLHF	0	0	0	1	0	0	0	0	0	0	0	0	0	0	0	0	0	0	0	0	0	0	0	0	0
CAVDGRTNAGKSTF_CASSLGGSNTEAFF	0	1	0	0	0	0	0	0	0	0	0	0	0	0	0	0	0	0	0	0	0	0	0	0	0
CAVDIRTGNQFYF_CASSLDSPRHEQFF	0	0	0	0	0	1	0	0	0	0	0	0	0	0	0	0	0	0	0	0	0	0	0	0	0
CAVDLDQGGSEKLVF_CASSPYNEQFF	0	1	0	0	0	0	0	0	0	0	0	0	0	0	0	0	0	0	0	0	0	0	0	0	0
CAVDLDRGSTLGRLYF_CASQGWQNTGELFF	0	1	0	0	0	0	0	0	0	0	0	0	0	0	0	0	0	0	0	0	0	0	0	0	0
CAVDLGGGSNYKLTF_CASSFDIFNEQFF	0	0	0	1	0	0	0	0	0	0	0	0	0	0	0	0	0	0	0	0	0	0	0	0	0
CAVDLSGNTGKLIF_CASSRGPNQPQHF	0	1	0	0	0	0	0	0	0	0	0	0	0	0	0	0	0	0	0	0	0	0	0	0	0
CAVDLSIYALNF_CASSFTGGDEQYF	0	0	0	1	0	0	0	0	0	0	0	0	0	0	0	0	0	0	0	0	0	0	0	0	0
CAVDMELGFGNVLHC_CASSFSTRTDTQYF	0	1	0	0	0	0	0	0	0	0	0	0	0	0	0	0	0	0	0	0	0	0	0	0	0
CAVDMGQSYQLIW_CATSMRITGDAAFF	0	1	0	0	0	0	0	0	0	0	0	0	0	0	0	0	0	0	0	0	0	0	0	0	0
CAVDMNTGTASKLTF_CASSDRSFYSNQPQHF	0	1	0	0	0	0	0	0	0	0	0	0	0	0	0	0	0	0	0	0	0	0	0	0	0
CAVDMTRGAVNDMRF_CASGGTGVTEAFF	0	1	0	0	0	0	0	0	0	0	0	0	0	0	0	0	0	0	0	0	0	0	0	0	0
CAVDNAGNQFYF_CASSFRHRTYEQYF	0	1	0	0	0	0	0	0	0	0	0	0	0	0	0	0	0	0	0	0	0	0	0	0	0
CAVDNFGNEKLTF_CASSAGPTRYQETQYF	0	1	0	0	0	0	0	0	0	0	0	0	0	0	0	0	0	0	0	0	0	0	0	0	0
CAVDNKSQAGTALIF_CASSLRGGSDTQYF	0	0	0	0	0	0	0	0	0	0	1	0	0	0	0	0	0	0	0	0	0	0	0	0	0
CAVDNNNDMRF_CASSDDRTDYEQYF	0	0	0	1	0	0	0	0	0	0	0	0	0	0	0	0	0	0	0	0	0	0	0	0	0
CAVDNTGGFKTIF_CASRATVSGNTIYF	0	1	0	0	0	0	0	0	0	0	0	0	0	0	0	0	0	0	0	0	0	0	0	0	0
CAVDPGGGAQKLVF_CSAPFGRLETQYF	0	0	0	0	0	0	0	1	0	0	0	0	0	0	0	0	0	0	0	0	0	0	0	0	0
CAVDPIQGAQKLVF_CASSLESGNYGYTF	0	0	0	0	0	0	0	0	0	0	0	1	0	0	0	0	0	0	0	0	0	0	0	0	0
CAVDPPIGNNDMRF_CASRGGVGTEAFF	0	0	0	0	0	1	0	0	0	0	0	0	0	0	0	0	0	0	0	0	0	0	0	0	0
CAVDPSGAGSYQLTF_CASSLDVAPSWGGYTF	0	1	0	0	0	0	0	0	0	0	0	0	0	0	0	0	0	0	0	0	0	0	0	0	0
CAVDPWSGAGSYQLTF_CASSQTTRTANTEAFF	0	0	0	0	0	0	0	0	0	0	0	0	0	0	0	1	0	0	0	0	0	0	0	0	0
CAVDQGGSEKLVF_CASSLLSGEKLFF	0	0	0	1	0	0	0	0	0	0	0	0	0	0	0	0	0	0	0	0	0	0	0	0	0
CAVDQNYGGSQGNLIF_CASSARRHEQYF	0	0	0	0	0	0	0	0	0	0	0	0	1	0	0	0	0	0	0	0	0	0	0	0	0
CAVDRATNKLIF_CSARDSTGWLTGELFF	0	0	0	0	0	0	0	1	0	0	0	0	0	0	0	0	0	0	0	0	0	0	0	0	0
CAVDRHGNKLVF_CASSQSFWRQGGTDTQYF	0	0	0	0	0	0	0	0	0	0	0	0	0	0	0	0	0	0	0	0	0	1	0	0	0
CAVDRSGGGADGLTF_CASSLDRLLGPQHF	0	1	0	0	0	0	0	0	0	0	0	0	0	0	0	0	0	0	0	0	0	0	0	0	0
CAVDSNYQLIW_CASRLRTGNYGYTF	0	1	0	0	0	0	0	0	0	0	0	0	0	0	0	0	0	0	0	0	0	0	0	0	0
CAVDSNYQLIW_CSARDYETGVYEQYF	0	0	0	0	0	0	0	1	0	0	0	0	0	0	0	0	0	0	0	0	0	0	0	0	0
CAVDSWRNYGQNFVF_CSGGQGPTNEKLFF	0	0	0	0	0	0	0	1	0	0	0	0	0	0	0	0	0	0	0	0	0	0	0	0	0
CAVDTGGFKTIF_CSARGTSGVSFNEQFF	0	0	0	0	0	0	0	1	0	0	0	0	0	0	0	0	0	0	0	0	0	0	0	0	0
CAVDTNAGKSTF_CASSYSRANEQFF	0	1	0	0	0	0	0	0	0	0	0	0	0	0	0	0	0	0	0	0	0	0	0	0	0
CAVDTSGANNLFF_CASSFGGNTIYF	0	0	0	1	0	0	0	0	0	0	0	0	0	0	0	0	0	0	0	0	0	0	0	0	0
CAVDVSGANSKLTF_CASSLGLGSLYEQYF	0	0	0	0	0	0	0	0	0	0	0	0	1	0	0	0	0	0	0	0	0	0	0	0	0
CAVDVWGGSEKLVF_CASSLSYEQYF	0	1	0	0	0	0	0	0	0	0	0	0	0	0	0	0	0	0	0	0	0	0	0	0	0
CAVEAGGSYIPTF_CASRYEVTGATEALHF	0	1	0	0	0	0	0	0	0	0	0	0	0	0	0	0	0	0	0	0	0	0	0	0	0
CAVEAGGYQKVTF_CASSPGLAEEQFF	0	1	0	0	0	0	0	0	0	0	0	0	0	0	0	0	0	0	0	0	0	0	0	0	0
CAVEAGSQGNLIF_CSARGGIGQPQHF	0	0	0	0	0	0	0	1	0	0	0	0	0	0	0	0	0	0	0	0	0	0	0	0	0
CAVEAPGGSEKLVF_CASSQVRGQRTSSGANVLTF	0	1	0	0	0	0	0	0	0	0	0	0	0	0	0	0	0	0	0	0	0	0	0	0	0
CAVEARGSQGNLIF_CASSYGLTNTGELFF	0	0	0	0	0	0	0	0	0	0	1	0	0	0	0	0	0	0	0	0	0	0	0	0	0
CAVEDGDGGSQGNLIF_CATSDPGQGSNEQFF	0	1	0	0	0	0	0	0	0	0	0	0	0	0	0	0	0	0	0	0	0	0	0	0	0
CAVEDINSGNTPLVF_CASSPLEGQGYF	0	0	0	0	0	0	0	0	0	0	1	0	0	0	0	0	0	0	0	0	0	0	0	0	0
CAVEDKSGYSTLTF_CASIKSGGHTDTQYF	0	1	0	0	0	0	0	0	0	0	0	0	0	0	0	0	0	0	0	0	0	0	0	0	0
CAVEDKYTGRRALTF_CASSIGNEQFF	0	0	0	0	0	0	0	0	0	0	0	0	0	0	0	1	0	0	0	0	0	0	0	0	0
CAVEDLGNNARLMF_CASSLRVGEKLFF	0	1	0	0	0	0	0	0	0	0	0	0	0	0	0	0	0	0	0	0	0	0	0	0	0
CAVEDLGTYKYIF_CASSLSGSNQPQHF	0	1	0	0	0	0	0	0	0	0	0	0	0	0	0	0	0	0	0	0	0	0	0	0	0
CAVEDNDMRF_CASRNRGETQYF	0	1	0	0	0	0	0	0	0	0	0	0	0	0	0	0	0	0	0	0	0	0	0	0	0
CAVEDRGTDKLIF_CASSLAPGPGEETQYF	0	0	0	0	0	0	0	0	0	0	0	0	1	0	0	0	0	0	0	0	0	0	0	0	0
CAVEDRNDYKLSF_CASSYPNDGYTF	0	1	0	0	0	0	0	0	0	0	0	0	0	0	0	0	0	0	0	0	0	0	0	0	0
CAVEDRNTGFQKLVF_CASISGLAGVEEQFF	0	1	0	0	0	0	0	0	0	0	0	0	0	0	0	0	0	0	0	0	0	0	0	0	0
CAVEDRRGYNKLIF_CASSRGQGTDTQYF	0	1	0	0	0	0	0	0	0	0	0	0	0	0	0	0	0	0	0	0	0	0	0	0	0
CAVEDRRGYNQGGKLIF_CASSIGGSGRTDTQYF	0	0	0	1	0	0	0	0	0	0	0	0	0	0	0	0	0	0	0	0	0	0	0	0	0
CAVEDRRSGNTPLVF_CASSTGLAGFTDTQYF	0	0	0	0	0	0	0	0	0	0	1	0	0	0	0	0	0	0	0	0	0	0	0	0	0
CAVEDSGGGADGLTF_CASSLALNTGYGYTF	0	1	0	0	0	0	0	0	0	0	0	0	0	0	0	0	0	0	0	0	0	0	0	0	0
CAVEDSGGYNKLIF_CASSEDSERGGYEQYF	0	1	0	0	0	0	0	0	0	0	0	0	0	0	0	0	0	0	0	0	0	0	0	0	0
CAVEDSSYKLIF_CASSVGGGADTQYF	0	0	0	0	0	1	0	0	0	0	0	0	0	0	0	0	0	0	0	0	0	0	0	0	0
CAVEDYGGATNKLIF_CASTLDPSGTEAFF	0	0	0	0	0	0	0	0	0	0	0	1	0	0	0	0	0	0	0	0	0	0	0	0	0
CAVEDYGGSQGNLIF_CASSEKTGYEQYF	0	0	0	1	0	0	0	0	0	0	0	0	0	0	0	0	0	0	0	0	0	0	0	0	0
CAVEEADSSYKLIF_CAARDSNQPQHF	0	1	0	0	0	0	0	0	0	0	0	0	0	0	0	0	0	0	0	0	0	0	0	0	0
CAVEEGGGSQGNLIF_CASSRRAGSNSPLHF	0	1	0	0	0	0	0	0	0	0	0	0	0	0	0	0	0	0	0	0	0	0	0	0	0
CAVEEGSDGQKLLF_CASTGGSNQPQHF	0	1	0	0	0	0	0	0	0	0	0	0	0	0	0	0	0	0	0	0	0	0	0	0	0
CAVEEGTDKLIF_CASRGGGITDTQYF	0	1	0	0	0	0	0	0	0	0	0	0	0	0	0	0	0	0	0	0	0	0	0	0	0
CAVEEGWNTGNQFYF_CASTPRSAVMNTEAFF	0	1	0	0	0	0	0	0	0	0	0	0	0	0	0	0	0	0	0	0	0	0	0	0	0
CAVEEGWSSYKLIF_CASSQEGGLAHQETQYF	0	0	0	0	0	0	0	0	0	0	0	0	0	0	0	1	0	0	0	0	0	0	0	0	0
CAVEENKAAGNKLTF_CASSPTGSGELFF	0	1	0	0	0	0	0	0	0	0	0	0	0	0	0	0	0	0	0	0	0	0	0	0	0
CAVEENQAGTALIF_CASSQFSGGGLKTQYF	0	0	0	0	0	0	0	0	0	0	0	0	0	0	0	1	0	0	0	0	0	0	0	0	0
CAVEERDSSYKLIF_CAWKAPSTDTQYF	0	1	0	0	0	0	0	0	0	0	0	0	0	0	0	0	0	0	0	0	0	0	0	0	0
CAVEGFSGGYNKLIF_CASTQSLRQGNEQYF	0	1	0	0	0	0	0	0	0	0	0	0	0	0	0	0	0	0	0	0	0	0	0	0	0
CAVEGGGNKLTF_CASSYGQGATGEQYF	0	0	0	1	0	0	0	0	0	0	0	0	0	0	0	0	0	0	0	0	0	0	0	0	0
CAVEGGTSYGKLTF_CASSLDLEKLFF	0	0	0	0	0	1	0	0	0	0	0	0	0	0	0	0	0	0	0	0	0	0	0	0	0
CAVEGGYQKVTF_CASRRSSGSGELFF	0	0	0	0	0	0	0	0	0	0	0	0	0	0	0	0	0	0	0	0	0	1	0	0	0
CAVEGGYQKVTF_CASSSNTGGEQYF	0	0	0	1	0	0	0	0	0	0	0	0	0	0	0	0	0	0	0	0	0	0	0	0	0
CAVEGILTGGGNKLTF_CASSYGDYQYEQYF	0	0	0	1	0	0	0	0	0	0	0	0	0	0	0	0	0	0	0	0	0	0	0	0	0
CAVEGKGNTPLVF_CASSSLYRAAEAFF	0	1	0	0	0	0	0	0	0	0	0	0	0	0	0	0	0	0	0	0	0	0	0	0	0
CAVEGNSGYSTLTF_CASTGLGSTEAFF	0	1	0	0	0	0	0	0	0	0	0	0	0	0	0	0	0	0	0	0	0	0	0	0	0
CAVEGRDGGTSYGKLTF_CASSLGASGYYEQYF	0	0	0	0	0	0	0	0	0	0	1	0	0	0	0	0	0	0	0	0	0	0	0	0	0
CAVEGSAGYDSNYQLIW_CASSLKQGWGTEAFF	0	1	0	0	0	0	0	0	0	0	0	0	0	0	0	0	0	0	0	0	0	0	0	0	0
CAVEGSARQLTF_CASGQGKTYEQYF	0	0	0	1	0	0	0	0	0	0	0	0	0	0	0	0	0	0	0	0	0	0	0	0	0
CAVEGTGGFKTIF_CASSRMVPQSGGITEAFF	0	0	0	0	0	0	0	0	0	0	0	0	0	0	0	0	0	0	0	0	0	1	0	0	0
CAVEHNFNKFYF_CASSQSWAGQAHPEAFF	0	0	0	0	0	0	0	0	0	0	0	0	0	0	0	1	0	0	0	0	0	0	0	0	0
CAVEIGGGKLIF_CSAREGGTGGYEQYF	0	0	0	0	0	0	0	0	0	0	0	0	0	0	0	0	0	0	0	0	0	0	0	0	1
CAVEKGGKLIF_CSVENPTGGYYNEQFF	0	2	0	0	0	0	0	0	0	0	0	0	0	0	0	0	0	0	0	0	0	0	0	0	0
CAVELSGGSNYKLTF_CASSLTRQDYGYTF	0	0	0	0	0	0	0	0	0	0	1	0	0	0	0	0	0	0	0	0	0	0	0	0	0
CAVEMKGNKLVF_CASSSISGTGVAGYTF	0	0	0	1	0	0	0	0	0	0	0	0	0	0	0	0	0	0	0	0	0	0	0	0	0
CAVENGQNFVF_CASSGRGSRMETQYF	0	1	0	0	0	0	0	0	0	0	0	0	0	0	0	0	0	0	0	0	0	0	0	0	0
CAVENNQGGKLIF_CASSLVGGEFGKAFF	0	0	0	0	0	0	0	0	0	0	1	0	0	0	0	0	0	0	0	0	0	0	0	0	0
CAVENQAGTALIF_CASSQDVGRNTEAFF	0	0	0	0	0	0	0	0	0	0	0	0	0	0	0	1	0	0	0	0	0	0	0	0	0
CAVEPGTGNQFYF_CASSGIGGAGYEQYF	0	0	0	1	0	0	0	0	0	0	0	0	0	0	0	0	0	0	0	0	0	0	0	0	0
CAVEPHSGAGSYQLTF_CASSLILATSTDTQYF	0	0	0	1	0	0	0	0	0	0	0	0	0	0	0	0	0	0	0	0	0	0	0	0	0
CAVEPHSGNTPLVF_CASSDSGQSYAGYTF	0	1	0	0	0	0	0	0	0	0	0	0	0	0	0	0	0	0	0	0	0	0	0	0	0
CAVEPLGFQKLVF_CASSSGGLDTGELFF	0	1	0	0	0	0	0	0	0	0	0	0	0	0	0	0	0	0	0	0	0	0	0	0	0
CAVEPRMDSNYQLIW_CASSGFMYEQYF	0	0	0	0	0	0	0	0	0	1	0	0	0	0	0	0	0	0	0	0	0	0	0	0	0
CAVERGDNNDMRF_CASKRTGTELQPQHF	0	0	0	1	0	0	0	0	0	0	0	0	0	0	0	0	0	0	0	0	0	0	0	0	0
CAVERGSQGNLIF_CASSPQNQGTNF	0	1	0	0	0	0	0	0	0	0	0	0	0	0	0	0	0	0	0	0	0	0	0	0	0
CAVERGYGQNFVF_CATSDYVPGQGPETQYF	0	0	0	1	0	0	0	0	0	0	0	0	0	0	0	0	0	0	0	0	0	0	0	0	0
CAVERLTGYALNF_CASSLLAGQADTQYF	0	0	0	1	0	0	0	0	0	0	0	0	0	0	0	0	0	0	0	0	0	0	0	0	0
CAVESDSGGGADGLTF_CASSFLGGAYEQYF	0	0	0	0	0	0	0	0	1	0	0	0	0	0	0	0	0	0	0	0	0	0	0	0	0
CAVESNDYKLSF_CASSPPGLAADTQYF	0	1	0	0	0	0	0	0	0	0	0	0	0	0	0	0	0	0	0	0	0	0	0	0	0
CAVESRTYKYIF_CASRDGTGGAEKLFF	0	0	0	1	0	0	0	0	0	0	0	0	0	0	0	0	0	0	0	0	0	0	0	0	0
CAVESSGNTPLVF_CASAGDRGYYGYTF	0	0	0	0	0	0	0	0	0	0	0	1	0	0	0	0	0	0	0	0	0	0	0	0	0
CAVEVGGAQKLVF_CASSSRGFQPQHF	0	1	0	0	0	0	0	0	0	0	0	0	0	0	0	0	0	0	0	0	0	0	0	0	0
CAVEVGGGADGLTF_CAWSVHREGTEQFF	0	1	0	0	0	0	0	0	0	0	0	0	0	0	0	0	0	0	0	0	0	0	0	0	0
CAVEVGTASKLTF_CASSEWEGIKDGYTF	0	0	0	1	0	0	0	0	0	0	0	0	0	0	0	0	0	0	0	0	0	0	0	0	0
CAVEVLSGGYNKLIF_CASTEGGRAGELFF	0	1	0	0	0	0	0	0	0	0	0	0	0	0	0	0	0	0	0	0	0	0	0	0	0
CAVEVSGGSNYKLTF_CSVDLGPDIQYF	0	0	0	1	0	0	0	0	0	0	0	0	0	0	0	0	0	0	0	0	0	0	0	0	0
CAVEVVTDSWGKFQF_NA	0	0	0	1	0	0	0	0	0	0	0	0	0	0	0	0	0	0	0	0	0	0	0	0	0
CAVEYGGSQGNLIF_CASSVEGSTYNEQFF	0	1	0	0	0	0	0	0	0	0	0	0	0	0	0	0	0	0	0	0	0	0	0	0	0
CAVFFGGYNKLIF_CASSLGVAGGNTDTQYF	0	0	0	0	0	0	0	0	0	0	0	1	0	0	0	0	0	0	0	0	0	0	0	0	0
CAVFFSGSARQLTF_CASSSDRAQPQHF	0	1	0	0	0	0	0	0	0	0	0	0	0	0	0	0	0	0	0	0	0	0	0	0	0
CAVFGYGGSQGNLIF_CASSSGGRKEETQYF	0	0	0	0	0	0	0	0	0	0	0	1	0	0	0	0	0	0	0	0	0	0	0	0	0
CAVFHTGGFKTIF_CAISEPGQGPEQYF	0	0	0	1	0	0	0	0	0	0	0	0	0	0	0	0	0	0	0	0	0	0	0	0	0
CAVFKSSGTYKYIF_CASSANYFGEKLFF	0	0	0	0	0	1	0	0	0	0	0	0	0	0	0	0	0	0	0	0	0	0	0	0	0
CAVFNAGANSKLTF_CASSPPRGSSGANVLTF	0	2	0	0	0	0	0	0	0	0	0	0	0	0	0	0	0	0	0	0	0	0	0	0	0
CAVFPGGTSYGKLTF_CASSPRGPTDTQYF	0	0	0	0	0	0	0	0	1	0	0	0	0	0	0	0	0	0	0	0	0	0	0	0	0
CAVFRRNFGNEKLTF_CASGLVPDRRELFF	0	0	0	1	0	0	0	0	0	0	0	0	0	0	0	0	0	0	0	0	0	0	0	0	0
CAVFSGSARQLTF_CASHLQPQITTEAFF	0	1	0	0	0	0	0	0	0	0	0	0	0	0	0	0	0	0	0	0	0	0	0	0	0
CAVFTGFQKLVF_CASGLVPQGASYNEQFF	0	0	0	0	0	0	1	0	0	0	0	0	0	0	0	0	0	0	0	0	0	0	0	0	0
CAVFTGGGNKLTF_CASSPGQGTDTQYF	0	1	0	0	0	0	0	0	0	0	0	0	0	0	0	0	0	0	0	0	0	0	0	0	0
CAVFTGTASKLTF_CASSLHGTSGPTDTQYF	0	0	0	0	0	0	0	0	0	0	0	1	0	0	0	0	0	0	0	0	0	0	0	0	0
CAVFYSGGGADGLTF_CASSYRRSNTEAFF	0	1	0	0	0	0	0	0	0	0	0	0	0	0	0	0	0	0	0	0	0	0	0	0	0
CAVGAAGNKLTF_CASSLGTGFPEQFF	0	0	0	0	0	0	0	0	0	0	0	0	1	0	0	0	0	0	0	0	0	0	0	0	0
CAVGADSWGKLQF_CASSLRLAGDTQYF	0	1	0	0	0	0	0	0	0	0	0	0	0	0	0	0	0	0	0	0	0	0	0	0	0
CAVGADYGQNFVF_CASSFAQGTGNTIYF	0	1	0	0	0	0	0	0	0	0	0	0	0	0	0	0	0	0	0	0	0	0	0	0	0
CAVGAEAAGNKLTF_CASSQDINKPNYGYTF	0	0	0	0	0	0	0	0	1	0	0	0	0	0	0	0	0	0	0	0	0	0	0	0	0
CAVGAFNDMRF_CASSVGDTGYEQYF	0	1	0	0	0	0	0	0	0	0	0	0	0	0	0	0	0	0	0	0	0	0	0	0	0
CAVGAGAAGNKLTF_CASSVVPELNSPLHF	0	1	0	0	0	0	0	0	0	0	0	0	0	0	0	0	0	0	0	0	0	0	0	0	0
CAVGAGANAGKSTF_CASSLQDHEQFF	0	1	0	0	0	0	0	0	0	0	0	0	0	0	0	0	0	0	0	0	0	0	0	0	0
CAVGAGDSNYQLIW_CASSWAAGDYGYTF	0	1	0	0	0	0	0	0	0	0	0	0	0	0	0	0	0	0	0	0	0	0	0	0	0
CAVGAGGGADGLTF_CASGWSASTDTQYF	0	1	0	0	0	0	0	0	0	0	0	0	0	0	0	0	0	0	0	0	0	0	0	0	0
CAVGAGKAAGNKLTF_CASSPTGKTDTQYF	0	1	0	0	0	0	0	0	0	0	0	0	0	0	0	0	0	0	0	0	0	0	0	0	0
CAVGAGRYSGYSTLTF_CSVLASDTDTQYF	0	1	0	0	0	0	0	0	0	0	0	0	0	0	0	0	0	0	0	0	0	0	0	0	0
CAVGAGSGGYQKVTF_CAGGDFSGNTIYF	0	1	0	0	0	0	0	0	0	0	0	0	0	0	0	0	0	0	0	0	0	0	0	0	0
CAVGAGSGYALNF_CAWRGLIAANEQFF	0	1	0	0	0	0	0	0	0	0	0	0	0	0	0	0	0	0	0	0	0	0	0	0	0
CAVGALSDGQKLLF_CASSLSNGAFF	0	0	0	1	0	0	0	0	0	0	0	0	0	0	0	0	0	0	0	0	0	0	0	0	0
CAVGALTGGGADGLTF_CASSRGGLGTDTQYF	0	0	0	0	0	0	0	0	1	0	0	0	0	0	0	0	0	0	0	0	0	0	0	0	0
CAVGANNYGQNFVF_CASSGGGYTEAFF	0	0	0	0	0	0	0	0	0	0	0	0	0	0	0	1	0	0	0	0	0	0	0	0	0
CAVGANTNAGKSTF_CASSLRGAGGETQYF	0	0	0	1	0	0	0	0	0	0	0	0	0	0	0	0	0	0	0	0	0	0	0	0	0
CAVGAPDSWGKFQF_CASSPRGGTDTQYF	0	1	0	0	0	0	0	0	0	0	0	0	0	0	0	0	0	0	0	0	0	0	0	0	0
CAVGAPGNAGNMLTF_CASSPPGLVYEQYF	0	1	0	0	0	0	0	0	0	0	0	0	0	0	0	0	0	0	0	0	0	0	0	0	0
CAVGAPNFGNEKLTF_CSASRTGSSSQHF	0	0	0	0	0	0	0	1	0	0	0	0	0	0	0	0	0	0	0	0	0	0	0	0	0
CAVGAQRPLVF_CASSPQEASYNEQFF	0	0	0	0	0	0	0	0	0	0	1	0	0	0	0	0	0	0	0	0	0	0	0	0	0
CAVGARGAQKLVF_CASTGRRTGNNQPQHF	0	0	0	1	0	0	0	0	0	0	0	0	0	0	0	0	0	0	0	0	0	0	0	0	0
CAVGARGGGADGLTF_CSAPQGFSNQPQHF	0	0	0	0	0	0	0	0	0	0	0	0	0	0	0	0	0	0	0	0	0	0	0	0	1
CAVGARSGGYNKLIF_CSATGGQGRPGGNTIYF	0	0	0	0	0	0	0	1	0	0	0	0	0	0	0	0	0	0	0	0	0	0	0	0	0
CAVGATGGGNKLTF_CASSLTSGGGDTQYF	0	1	0	0	0	0	0	0	0	0	0	0	0	0	0	0	0	0	0	0	0	0	0	0	0
CAVGAVALGRLYF_CASSYSGGAVGNEQFF	0	0	0	1	0	0	0	0	0	0	0	0	0	0	0	0	0	0	0	0	0	0	0	0	0
CAVGDSNYQLIW_CASSKGGEVYNEQFF	0	0	0	0	0	1	0	0	0	0	0	0	0	0	0	0	0	0	0	0	0	0	0	0	0
CAVGDSNYQLIW_CASSQRLSTNEKLFF	0	1	0	0	0	0	0	0	0	0	0	0	0	0	0	0	0	0	0	0	0	0	0	0	0
CAVGDSWGKLQF_CSASPSAASASSEQYF	0	0	0	0	0	0	0	1	0	0	0	0	0	0	0	0	0	0	0	0	0	0	0	0	0
CAVGDTNAGKSTF_CASSLLGVRVGNTIYF	0	0	0	0	0	0	0	0	0	0	0	1	0	0	0	0	0	0	0	0	0	0	0	0	0
CAVGEEDSSYKLIF_CASSPSGTGSGLGGTQYF	0	1	0	0	0	0	0	0	0	0	0	0	0	0	0	0	0	0	0	0	0	0	0	0	0
CAVGEGAGNMLTF_CAWGWNTEAFF	0	0	0	1	0	0	0	0	0	0	0	0	0	0	0	0	0	0	0	0	0	0	0	0	0
CAVGEHNTDKLIF_CASSGLAGGPVGVDTQYF	0	0	0	1	0	0	0	0	0	0	0	0	0	0	0	0	0	0	0	0	0	0	0	0	0
CAVGESSSNTGKLIF_CSALGENTEAFF	0	0	0	0	0	0	0	0	0	0	0	0	0	0	0	0	0	0	0	0	0	0	0	0	1
CAVGFGNVLHC_CAISNSGTGYEQYF	0	1	0	0	0	0	0	0	0	0	0	0	0	0	0	0	0	0	0	0	0	0	0	0	0
CAVGFNYGNNRLAF_CASSLPEHRELFF	0	1	0	0	0	0	0	0	0	0	0	0	0	0	0	0	0	0	0	0	0	0	0	0	0
CAVGFVSGGYNKLIF_CASSLGQGTYEQYF	0	0	0	0	0	0	0	0	0	0	0	1	0	0	0	0	0	0	0	0	0	0	0	0	0
CAVGGAGGSYIPTF_CASSQDRGPLSQIEAFF	0	0	0	0	0	0	0	0	0	0	0	0	0	0	0	0	0	0	0	0	0	1	0	0	0
CAVGGATNKLIF_CASTRTANTEAFF	0	1	0	0	0	0	0	0	0	0	0	0	0	0	0	0	0	0	0	0	0	0	0	0	0
CAVGGDDSWGKLQF_CASSLGGILGTEAFF	0	1	0	0	0	0	0	0	0	0	0	0	0	0	0	0	0	0	0	0	0	0	0	0	0
CAVGGFRNNNARLMF_CATSRVRDYNEQFF	0	1	0	0	0	0	0	0	0	0	0	0	0	0	0	0	0	0	0	0	0	0	0	0	0
CAVGGFRNNNDMRF_CASSPRALGGNIQYF	0	1	0	0	0	0	0	0	0	0	0	0	0	0	0	0	0	0	0	0	0	0	0	0	0
CAVGGGAQKLVF_CASSSFYNSPLHF	0	0	0	0	0	0	0	0	1	0	0	0	0	0	0	0	0	0	0	0	0	0	0	0	0
CAVGGGDMRF_CASIHGDNEQFF	0	0	0	1	0	0	0	0	0	0	0	0	0	0	0	0	0	0	0	0	0	0	0	0	0
CAVGGGGGADGLTF_CASSLGFSNQPQHF	0	1	0	0	0	0	0	0	0	0	0	0	0	0	0	0	0	0	0	0	0	0	0	0	0
CAVGGIEYGNKLVF_CASSLPQGAAYGYTF	0	0	0	0	0	0	0	0	0	0	1	0	0	0	0	0	0	0	0	0	0	0	0	0	0
CAVGGMYSGGGADGLTF_CASRSTVGRSPLHF	0	1	0	0	0	0	0	0	0	0	0	0	0	0	0	0	0	0	0	0	0	0	0	0	0
CAVGGPGTYKYIF_CASSLRTDSGANVLTF	0	0	0	1	0	0	0	0	0	0	0	0	0	0	0	0	0	0	0	0	0	0	0	0	0
CAVGGSGGYNKLIF_CASSLEGSLSYNEQFF	0	0	0	0	0	0	0	0	0	0	1	0	0	0	0	0	0	0	0	0	0	0	0	0	0
CAVGGSNDYKLSF_CASSGGQSSTGELFF	0	0	0	0	0	0	0	0	1	0	0	0	0	0	0	0	0	0	0	0	0	0	0	0	0
CAVGGSNYKLTF_CASSINGGSGQFF	0	0	0	1	0	0	0	0	0	0	0	0	0	0	0	0	0	0	0	0	0	0	0	0	0
CAVGGSNYKLTF_CSGRTSVYNEQFF	0	1	0	0	0	0	0	0	0	0	0	0	0	0	0	0	0	0	0	0	0	0	0	0	0
CAVGGSQGNLIF_CASSLTQGITDTQYF	0	1	0	0	0	0	0	0	0	0	0	0	0	0	0	0	0	0	0	0	0	0	0	0	0
CAVGGVTGGGNKLTF_CASSQEWAGGGTDTQYF	0	0	0	1	0	0	0	0	0	0	0	0	0	0	0	0	0	0	0	0	0	0	0	0	0
CAVGGYSGGGADGLTF_CASSQKGSGANVLTF	0	0	0	0	0	0	0	0	0	0	0	0	0	0	0	1	0	0	0	0	0	0	0	0	0
CAVGHAGNNRKLIW_CASSTQTPSNYGYTF	0	1	0	0	0	0	0	0	0	0	0	0	0	0	0	0	0	0	0	0	0	0	0	0	0
CAVGHASRRALTF_CASSEGGSSYEQYF	0	1	0	0	0	0	0	0	0	0	0	0	0	0	0	0	0	0	0	0	0	0	0	0	0
CAVGHHGSGNTGKLIF_CASRTGTSGANVLTF	0	1	0	0	0	0	0	0	0	0	0	0	0	0	0	0	0	0	0	0	0	0	0	0	0
CAVGHNNARLMF_CASGAPGQAFYGYTF	0	1	0	0	0	0	0	0	0	0	0	0	0	0	0	0	0	0	0	0	0	0	0	0	0
CAVGHYGQNFVF_CATTRTGGAAGELFF	0	1	0	0	0	0	0	0	0	0	0	0	0	0	0	0	0	0	0	0	0	0	0	0	0
CAVGIWAGTALIF_CATSTRHYEQYF	0	1	0	0	0	0	0	0	0	0	0	0	0	0	0	0	0	0	0	0	0	0	0	0	0
CAVGKIQGAQKLVF_CAISESTLPLWPQHF	0	1	0	0	0	0	0	0	0	0	0	0	0	0	0	0	0	0	0	0	0	0	0	0	0
CAVGKNTDKLIF_CSASLTDTGTYGYTF	0	0	0	0	0	0	0	1	0	0	0	0	0	0	0	0	0	0	0	0	0	0	0	0	0
CAVGLGGYQKVTF_CASRIAGGPNEKLFF	0	1	0	0	0	0	0	0	0	0	0	0	0	0	0	0	0	0	0	0	0	0	0	0	0
CAVGLGYKLSF_CASSVARTDTGELFF	0	1	0	0	0	0	0	0	0	0	0	0	0	0	0	0	0	0	0	0	0	0	0	0	0
CAVGLHSNYQLIW_CAITGFRDQPQHF	0	0	0	0	0	0	0	0	1	0	0	0	0	0	0	0	0	0	0	0	0	0	0	0	0
CAVGLMNSGGYQKVTF_CSAPNGGRNTEAFF	0	0	0	0	0	0	0	1	0	0	0	0	0	0	0	0	0	0	0	0	0	0	0	0	0
CAVGLNDYKLSF_CASSLHRGLDQPQHF	0	1	0	0	0	0	0	0	0	0	0	0	0	0	0	0	0	0	0	0	0	0	0	0	0
CAVGLRNAGNMLTF_CASSLMQSPYNEQFF	0	0	0	0	0	0	0	0	0	0	1	0	0	0	0	0	0	0	0	0	0	0	0	0	0
CAVGLSYNTDKLIF_CASSLAAYYEQYF	0	1	0	0	0	0	0	0	0	0	0	0	0	0	0	0	0	0	0	0	0	0	0	0	0
CAVGLYNFNKFYF_CASSLQGGENTEAFF	0	1	0	0	0	0	0	0	0	0	0	0	0	0	0	0	0	0	0	0	0	0	0	0	0
CAVGNGQKLLF_NA	0	0	0	0	0	0	0	0	0	1	0	0	0	0	0	0	0	0	0	0	0	0	0	0	0
CAVGNNARLMF_CASSSPPRASIGYTF	0	1	0	0	0	0	0	0	0	0	0	0	0	0	0	0	0	0	0	0	0	0	0	0	0
CAVGNQAGTALIF_CSVGKSDGYTF	0	1	0	0	0	0	0	0	0	0	0	0	0	0	0	0	0	0	0	0	0	0	0	0	0
CAVGNSGYALNF_CSAPDRKDSNEKLFF	0	0	0	0	0	0	0	1	0	0	0	0	0	0	0	0	0	0	0	0	0	0	0	0	0
CAVGNTGNQFYF_CAISASLSTDTQYF	0	0	0	0	0	0	0	0	1	0	0	0	0	0	0	0	0	0	0	0	0	0	0	0	0
CAVGPAHSGYSTLTF_CSVDPGLAPNEQFF	0	1	0	0	0	0	0	0	0	0	0	0	0	0	0	0	0	0	0	0	0	0	0	0	0
CAVGPDSWGKFQF_CASSEGTASYEQYF	0	0	0	1	0	0	0	0	0	0	0	0	0	0	0	0	0	0	0	0	0	0	0	0	0
CAVGPGEAGTALIF_CASSGHRDGSYEQYF	0	1	0	0	0	0	0	0	0	0	0	0	0	0	0	0	0	0	0	0	0	0	0	0	0
CAVGPKAAGNKLTF_CASSPLAGLRQIYEQYF	0	0	0	0	0	0	0	0	0	0	0	0	1	0	0	0	0	0	0	0	0	0	0	0	0
CAVGPKAAGNKLTF_CSALQLGAEAFF	0	0	0	0	0	0	0	1	0	0	0	0	0	0	0	0	0	0	0	0	0	0	0	0	0
CAVGPMDSSYKLIF_CASSRGAGELFF	0	0	0	0	0	0	0	0	0	0	0	0	0	0	0	1	0	0	0	0	0	0	0	0	0
CAVGPMDSSYKLIF_CASTISTEAFF	0	1	0	0	0	0	0	0	0	0	0	0	0	0	0	0	0	0	0	0	0	0	0	0	0
CAVGPNQAGTALIF_CSAPTGTGGGTEAFF	0	0	0	0	0	0	0	0	0	0	0	0	0	0	0	0	0	0	0	0	0	0	0	0	1
CAVGPPGFQKLVF_CASTLGQNNEQFF	0	0	0	1	0	0	0	0	0	0	0	0	0	0	0	0	0	0	0	0	0	0	0	0	0
CAVGPPSGGYNKLIF_CASSLSHGSLEQYF	0	1	0	0	0	0	0	0	0	0	0	0	0	0	0	0	0	0	0	0	0	0	0	0	0
CAVGPRDNNNDMRF_CSVVRQGAVNEQFF	0	1	0	0	0	0	0	0	0	0	0	0	0	0	0	0	0	0	0	0	0	0	0	0	0
CAVGPRIRNAGNNRKLIW_CASSLAGSRGNEQFF	0	1	0	0	0	0	0	0	0	0	0	0	0	0	0	0	0	0	0	0	0	0	0	0	0
CAVGPRNSGNTPLVF_CASSPLGGAETQYF	0	1	0	0	0	0	0	0	0	0	0	0	0	0	0	0	0	0	0	0	0	0	0	0	0
CAVGPTGFQKLVF_CASSLSGTGYEQYF	0	1	0	0	0	0	0	0	0	0	0	0	0	0	0	0	0	0	0	0	0	0	0	0	0
CAVGPTSGTYKYIF_CSVGALPGMARDTQYF	0	1	0	0	0	0	0	0	0	0	0	0	0	0	0	0	0	0	0	0	0	0	0	0	0
CAVGPYNQGGKLIF_CSARQVLDDTEAFF	0	0	0	0	0	0	0	1	0	0	0	0	0	0	0	0	0	0	0	0	0	0	0	0	0
CAVGQAGTALIF_CASSLLGTGDLYGYTF	0	0	0	1	0	0	0	0	0	0	0	0	0	0	0	0	0	0	0	0	0	0	0	0	0
CAVGQGAQKLVF_CASTPGTQQRYTF	0	1	0	0	0	0	0	0	0	0	0	0	0	0	0	0	0	0	0	0	0	0	0	0	0
CAVGQGEAAGNKLTF_CASSQEPGMNTEAFF	0	0	0	0	0	0	0	0	0	0	0	0	0	0	0	0	0	0	0	0	0	1	0	0	0
CAVGRGSTLGRLYF_CATRGDLYEQYF	0	0	0	0	0	0	0	0	0	0	1	0	0	0	0	0	0	0	0	0	0	0	0	0	0
CAVGRLTGANNLFF_CASSSDRVSYGYTF	0	0	0	0	0	0	0	0	0	0	0	0	1	0	0	0	0	0	0	0	0	0	0	0	0
CAVGRNLNAGNMLTF_CASSYVVARATNTGELFF	0	1	0	0	0	0	0	0	0	0	0	0	0	0	0	0	0	0	0	0	0	0	0	0	0
CAVGRYNQGGKLIF_CASSYGRGTEAFF	0	0	0	0	0	1	0	0	0	0	0	0	0	0	0	0	0	0	0	0	0	0	0	0	0
CAVGSGGTYKYIF_CATSTVDDYNEQFF	0	0	0	1	0	0	0	0	0	0	0	0	0	0	0	0	0	0	0	0	0	0	0	0	0
CAVGSGTYKYIF_CASSNYPASLDYEQYF	0	1	0	0	0	0	0	0	0	0	0	0	0	0	0	0	0	0	0	0	0	0	0	0	0
CAVGSGYQLTF_CASSLYGDTGQPQHF	0	1	0	0	0	0	0	0	0	0	0	0	0	0	0	0	0	0	0	0	0	0	0	0	0
CAVGSNDYKLSF_CASSVYQETQYF	0	0	0	0	0	0	0	0	1	0	0	0	0	0	0	0	0	0	0	0	0	0	0	0	0
CAVGSNDYKLSF_CSARTSGRDTQYF	0	0	0	0	0	0	0	1	0	0	0	0	0	0	0	0	0	0	0	0	0	0	0	0	0
CAVGSNTNAGKSTF_CASSSGQNWVPLHF	0	0	0	1	0	0	0	0	0	0	0	0	0	0	0	0	0	0	0	0	0	0	0	0	0
CAVGSNYQLIW_CASSFRLEAGAYNEQFF	0	1	0	0	0	0	0	0	0	0	0	0	0	0	0	0	0	0	0	0	0	0	0	0	0
CAVGSREGSYIPTF_CASSLHIQETQYF	0	1	0	0	0	0	0	0	0	0	0	0	0	0	0	0	0	0	0	0	0	0	0	0	0
CAVGSRGSQGNLIF_CASRPGQGLGNEKLFF	0	1	0	0	0	0	0	0	0	0	0	0	0	0	0	0	0	0	0	0	0	0	0	0	0
CAVGSSNTGKLIF_CASSEMTGWNTEAFF	0	1	0	0	0	0	0	0	0	0	0	0	0	0	0	0	0	0	0	0	0	0	0	0	0
CAVGSSPAYSGAGSYQLTF_CASSQIRADYGYTF	0	1	0	0	0	0	0	0	0	0	0	0	0	0	0	0	0	0	0	0	0	0	0	0	0
CAVGSVDNDMRF_CASSPGRGPWNTEAFF	0	0	0	1	0	0	0	0	0	0	0	0	0	0	0	0	0	0	0	0	0	0	0	0	0
CAVGSYGNNRLAF_CASSQVGGRNTEAFF	0	0	0	0	0	0	0	0	0	0	0	0	0	0	0	1	0	0	0	0	0	0	0	0	0
CAVGSYGQNFVF_CASSPGGNEQFF	0	0	0	1	0	0	0	0	0	0	0	0	0	0	0	0	0	0	0	0	0	0	0	0	0
CAVGTGGFKTIF_CASSYRVAGAHGEQYF	0	1	0	0	0	0	0	0	0	0	0	0	0	0	0	0	0	0	0	0	0	0	0	0	0
CAVGTNFGNEKLTF_CASSVAPLYEQYF	0	0	0	1	0	0	0	0	0	0	0	0	0	0	0	0	0	0	0	0	0	0	0	0	0
CAVGTNTGNQFYF_CASSPRGGFMNTEAFF	0	1	0	0	0	0	0	0	0	0	0	0	0	0	0	0	0	0	0	0	0	0	0	0	0
CAVGTPAGTALIF_CASTRSSPYEQYF	0	1	0	0	0	0	0	0	0	0	0	0	0	0	0	0	0	0	0	0	0	0	0	0	0
CAVGTQGGSEKLVF_CASSQDGLSGEKLFF	0	0	0	0	0	0	0	0	0	0	0	0	0	0	0	1	0	0	0	0	0	0	0	0	0
CAVGVARNFVF_CASTGQGNSPLHF	0	1	0	0	0	0	0	0	0	0	0	0	0	0	0	0	0	0	0	0	0	0	0	0	0
CAVGVGARLMF_CASSSVRDRGPFSPLHF	0	1	0	0	0	0	0	0	0	0	0	0	0	0	0	0	0	0	0	0	0	0	0	0	0
CAVGVGNEKLTF_CASSYSFQRPPYNEQFF	0	1	0	0	0	0	0	0	0	0	0	0	0	0	0	0	0	0	0	0	0	0	0	0	0
CAVGVNDYKLSF_CASSLGTEAFF	0	0	0	1	0	0	0	0	0	0	0	0	0	0	0	0	0	0	0	0	0	0	0	0	0
CAVGVNNDMRF_CASSSRYSSYNEQFF	0	1	0	0	0	0	0	0	0	0	0	0	0	0	0	0	0	0	0	0	0	0	0	0	0
CAVGVNTDKLIF_CSARLVAHEQYF	0	0	0	0	0	0	0	1	0	0	0	0	0	0	0	0	0	0	0	0	0	0	0	0	0
CAVGVSGTASKLTF_CASSPSGGSYNEQFF	0	1	0	0	0	0	0	0	0	0	0	0	0	0	0	0	0	0	0	0	0	0	0	0	0
CAVGVWGATNKLIF_CASSLSLSDQGVRVEAFF	0	1	0	0	0	0	0	0	0	0	0	0	0	0	0	0	0	0	0	0	0	0	0	0	0
CAVGVYKLSF_CASSSSQGRTEAFF	0	0	0	0	0	1	0	0	0	0	0	0	0	0	0	0	0	0	0	0	0	0	0	0	0
CAVGWGDMRF_CATSGKTGHLRLAVPTGELFF	0	1	0	0	0	0	0	0	0	0	0	0	0	0	0	0	0	0	0	0	0	0	0	0	0
CAVGYDTGNQFYF_CASNKGVTKNIQYF	0	1	0	0	0	0	0	0	0	0	0	0	0	0	0	0	0	0	0	0	0	0	0	0	0
CAVGYSSASKIIF_CASSGLGLAAYNEQFF	0	0	0	1	0	0	0	0	0	0	0	0	0	0	0	0	0	0	0	0	0	0	0	0	0
CAVGYSTLTF_CASSLEGQGSGEQYF	0	0	0	1	0	0	0	0	0	0	0	0	0	0	0	0	0	0	0	0	0	0	0	0	0
CAVGYYSGGYQKVTF_CASSDPGQGRPEAFF	0	0	0	1	0	0	0	0	0	0	0	0	0	0	0	0	0	0	0	0	0	0	0	0	0
CAVHAGYSSASKIIF_CASSTGGTGDHEQYF	0	0	0	0	0	0	0	0	0	0	0	1	0	0	0	0	0	0	0	0	0	0	0	0	0
CAVHDSNYQLIW_CASRPGGMMNEQFF	0	0	0	0	0	0	0	0	0	0	1	0	0	0	0	0	0	0	0	0	0	0	0	0	0
CAVHDSSGNTPLVF_CASTSGGGLTGELFF	0	0	0	1	0	0	0	0	0	0	0	0	0	0	0	0	0	0	0	0	0	0	0	0	0
CAVHDYKLSF_CASSSEKAEAFF	0	0	0	1	0	0	0	0	0	0	0	0	0	0	0	0	0	0	0	0	0	0	0	0	0
CAVHINYQLIW_CASSPDRGEVFIKLFF	0	0	0	1	0	0	0	0	0	0	0	0	0	0	0	0	0	0	0	0	0	0	0	0	0
CAVHIRQGGKLIF_CASSQDRAPTEAFF	0	0	0	0	0	0	0	0	0	0	0	0	0	0	0	1	0	0	0	0	0	0	0	0	0
CAVHTGGFKTIF_CASSASSGDIHEQYF	0	0	0	0	0	0	0	0	0	0	0	0	1	0	0	0	0	0	0	0	0	0	0	0	0
CAVIAGGTSYGKLTF_CATSDVGQGNEQFF	0	1	0	0	0	0	0	0	0	0	0	0	0	0	0	0	0	0	0	0	0	0	0	0	0
CAVIFRGSTLGRLYF_CASSLHPELAGDYNEQFF	0	0	0	1	0	0	0	0	0	0	0	0	0	0	0	0	0	0	0	0	0	0	0	0	0
CAVIGAGAQKLVF_CASSLGGVGETQYF	0	0	0	0	0	0	0	0	0	0	1	0	0	0	0	0	0	0	0	0	0	0	0	0	0
CAVIGAGSYQLTF_CASSTTDRGGTEAFF	0	0	0	0	0	1	0	0	0	0	0	0	0	0	0	0	0	0	0	0	0	0	0	0	0
CAVIGGGADGLTF_CASSQLGGVTDTQYF	0	0	0	0	0	0	0	0	0	0	0	0	0	0	0	1	0	0	0	0	0	0	0	0	0
CAVIGYSSASKIIF_CASSQMTSGSRNEQFF	0	0	0	0	0	0	0	0	0	0	1	0	0	0	0	0	0	0	0	0	0	0	0	0	0
CAVIHASGGSYIPTF_CASSLARLAGFTGELFF	0	0	0	0	0	0	0	0	0	0	0	1	0	0	0	0	0	0	0	0	0	0	0	0	0
CAVIKAAGNKLTF_CASSPGRDTQYF	0	0	0	0	0	0	0	0	0	0	1	0	0	0	0	0	0	0	0	0	0	0	0	0	0
CAVIKGAQKLVF_CASSSFGQGGYEQYF	0	0	0	0	0	0	0	0	0	0	1	0	0	0	0	0	0	0	0	0	0	0	0	0	0
CAVIKSGSARQLTF_CASSPPVTGELFF	0	1	0	0	0	0	0	0	0	0	0	0	0	0	0	0	0	0	0	0	0	0	0	0	0
CAVILRYNTDKLIF_CASSPDRDQPQHF	0	1	0	0	0	0	0	0	0	0	0	0	0	0	0	0	0	0	0	0	0	0	0	0	0
CAVILSGGYNKLIF_CASSPVGPANTGELFF	0	1	0	0	0	0	0	0	0	0	0	0	0	0	0	0	0	0	0	0	0	0	0	0	0
CAVINDYKLSF_CSADRGDEQYF	0	0	0	0	0	0	0	1	0	0	0	0	0	0	0	0	0	0	0	0	0	0	0	0	0
CAVINSGGYQKVTF_CASSSDRGRGIEAFF	0	0	0	0	0	0	0	0	1	0	0	0	0	0	0	0	0	0	0	0	0	0	0	0	0
CAVINSGSARQLTF_CASSQARDRRNTEAFF	0	0	0	1	0	0	0	0	0	0	0	0	0	0	0	0	0	0	0	0	0	0	0	0	0
CAVINTGGGNKLTF_CASSLTRGLEGYTF	0	0	0	0	0	0	0	0	0	0	1	0	0	0	0	0	0	0	0	0	0	0	0	0	0
CAVIPGSSNTGKLIF_CASSIRDGEAFF	0	0	0	1	0	0	0	0	0	0	0	0	0	0	0	0	0	0	0	0	0	0	0	0	0
CAVIPMNSGYSTLTF_CASSRPGRSSYEQYF	0	1	0	0	0	0	0	0	0	0	0	0	0	0	0	0	0	0	0	0	0	0	0	0	0
CAVIPNTGFQKLVF_CSTWAGGYGYTF	0	0	0	0	0	0	0	1	0	0	0	0	0	0	0	0	0	0	0	0	0	0	0	0	0
CAVIPRNNNDMRF_CASSVHTEAFF	0	0	0	0	0	0	0	0	1	0	0	0	0	0	0	0	0	0	0	0	0	0	0	0	0
CAVIPSDQGGKLIF_CSAGGLDYGYTF	0	1	0	0	0	0	0	0	0	0	0	0	0	0	0	0	0	0	0	0	0	0	0	0	0
CAVIPYSGGGADGLTF_CASTDNYEQYF	0	0	0	1	0	0	0	0	0	0	0	0	0	0	0	0	0	0	0	0	0	0	0	0	0
CAVIQGGSGNTGKLIF_CASSERGVLYGYTF	0	0	0	0	0	1	0	0	0	0	0	0	0	0	0	0	0	0	0	0	0	0	0	0	0
CAVIRAGRRALTF_CSARESWDRGEKLFF	0	0	0	0	0	0	0	1	0	0	0	0	0	0	0	0	0	0	0	0	0	0	0	0	0
CAVIRGGLTGGGNKLTF_CASSQDRESYNEQFF	0	0	0	0	0	1	0	0	0	0	0	0	0	0	0	0	0	0	0	0	0	0	0	0	0
CAVIRRPGGSYIPTF_CASSMVAANTDTQYF	0	0	0	0	0	1	0	0	0	0	0	0	0	0	0	0	0	0	0	0	0	0	0	0	0
CAVIRSGGSNYKLTF_CASSLVGDRENEQFF	0	0	0	0	0	0	0	0	1	0	0	0	0	0	0	0	0	0	0	0	0	0	0	0	0
CAVIRVDSNYQLIW_CASSHGEGSYNEQFF	0	0	0	0	0	0	0	0	0	0	0	1	0	0	0	0	0	0	0	0	0	0	0	0	0
CAVIRVVSGNQFYF_CASSQGEGRRNYGYTF	0	1	0	0	0	0	0	0	0	0	0	0	0	0	0	0	0	0	0	0	0	0	0	0	0
CAVISGGYNKLIF_CATYGQANYGYTF	0	0	0	1	0	0	0	0	0	0	0	0	0	0	0	0	0	0	0	0	0	0	0	0	0
CAVISGNTPLVF_CASSFLLTGQYGYTF	0	0	0	0	0	0	0	0	0	0	1	0	0	0	0	0	0	0	0	0	0	0	0	0	0
CAVISGYALNF_CATQGRGKNTEAFF	0	1	0	0	0	0	0	0	0	0	0	0	0	0	0	0	0	0	0	0	0	0	0	0	0
CAVISNDYKLSF_CSARDLTGREQYF	0	0	0	0	0	1	0	0	0	0	0	0	0	0	0	0	0	0	0	0	0	0	0	0	0
CAVISRMKTSYDKVIF_CASRAQTVWFGEQFF	0	0	0	1	0	0	0	0	0	0	0	0	0	0	0	0	0	0	0	0	0	0	0	0	0
CAVITDSWGKFQF_CASSSPTGITDEQFF	0	0	0	0	0	0	0	0	0	0	1	0	0	0	0	0	0	0	0	0	0	0	0	0	0
CAVIVGGSYIPTF_CASSPRSLYSNQPQHF	0	1	0	0	0	0	0	0	0	0	0	0	0	0	0	0	0	0	0	0	0	0	0	0	0
CAVIVGTGGFKTIF_CASHVGGLGYGYTF	0	0	0	0	0	0	0	0	0	1	0	0	0	0	0	0	0	0	0	0	0	0	0	0	0
CAVIYFYNQGGKLIF_CAWSVPRTATYEQYF	0	1	0	0	0	0	0	0	0	0	0	0	0	0	0	0	0	0	0	0	0	0	0	0	0
CAVIYNQGGKLIF_CASSPLGYYGYTF	0	0	0	0	0	0	0	0	0	0	0	0	0	0	0	1	0	0	0	0	0	0	0	0	0
CAVKAAGNKLTF_CASSLKLQGAPAF	0	0	0	0	0	0	0	0	1	0	0	0	0	0	0	0	0	0	0	0	0	0	0	0	0
CAVKAAGNKLTF_CATRQGLTPMNTEAFF	0	0	0	1	0	0	0	0	0	0	0	0	0	0	0	0	0	0	0	0	0	0	0	0	0
CAVKAGRRALTF_CASSLYDGDSPLHF	0	0	0	0	0	0	0	0	0	0	0	0	1	0	0	0	0	0	0	0	0	0	0	0	0
CAVKAWDQGGKLIF_CASSANTGAGELFF	0	0	0	0	0	1	0	0	0	0	0	0	0	0	0	0	0	0	0	0	0	0	0	0	0
CAVKDAGNMLTF_CSARATEGNQPQHF	0	0	0	0	0	0	0	1	0	0	0	0	0	0	0	0	0	0	0	0	0	0	0	0	0
CAVKDQGAQKLVF_CASSPLGGEQFF	0	0	0	0	0	0	0	0	0	0	0	0	0	0	0	1	0	0	0	0	0	0	0	0	0
CAVKDSNYQLIW_CASSPDEGGAYEQYF	0	0	0	0	0	1	0	0	0	0	0	0	0	0	0	0	0	0	0	0	0	0	0	0	0
CAVKDSNYQLIW_CASSQVGLAEAFF	0	0	0	0	0	0	0	0	0	0	0	0	0	0	0	1	0	0	0	0	0	0	0	0	0
CAVKDSNYQLIW_CASSSSEEGYNEQFF	0	0	0	0	0	1	0	0	0	0	0	0	0	0	0	0	0	0	0	0	0	0	0	0	0
CAVKDSNYQLIW_CATHKLGQQADTQYF	0	0	0	0	0	1	0	0	0	0	0	0	0	0	0	0	0	0	0	0	0	0	0	0	0
CAVKDSSYKLIF_CASSPRDRTEAFF	0	0	0	0	0	0	0	0	0	0	0	0	1	0	0	0	0	0	0	0	0	0	0	0	0
CAVKDTGRRALTF_CASSLESSGRYEQFF	0	1	0	0	0	0	0	0	0	0	0	0	0	0	0	0	0	0	0	0	0	0	0	0	0
CAVKEESNFGNEKLTF_CASSLARLADHNEQFF	0	0	0	1	0	0	0	0	0	0	0	0	0	0	0	0	0	0	0	0	0	0	0	0	0
CAVKEPGGYNKLIF_CAWSSTGGTEAFF	0	1	0	0	0	0	0	0	0	0	0	0	0	0	0	0	0	0	0	0	0	0	0	0	0
CAVKFDDDYKLSF_CASSLARQGTNYGYTF	0	0	0	1	0	0	0	0	0	0	0	0	0	0	0	0	0	0	0	0	0	0	0	0	0
CAVKFGSGGSYIPTF_CASSLGAGADTQYF	0	0	0	1	0	0	0	0	0	0	0	0	0	0	0	0	0	0	0	0	0	0	0	0	0
CAVKGDMRF_CASNPGLSTDTQYF	0	0	0	0	0	0	0	0	0	0	0	0	1	0	0	0	0	0	0	0	0	0	0	0	0
CAVKGENFNKFYF_CASSLYRGDAEAFF	0	1	0	0	0	0	0	0	0	0	0	0	0	0	0	0	0	0	0	0	0	0	0	0	0
CAVKGGADGLTF_CASSLQGPMNTEAFF	0	1	0	0	0	0	0	0	0	0	0	0	0	0	0	0	0	0	0	0	0	0	0	0	0
CAVKGGSYIPTF_CASSVTGLSSYEQYF	0	0	0	0	0	0	0	0	0	0	0	1	0	0	0	0	0	0	0	0	0	0	0	0	0
CAVKGGSYQLTF_CASSNPLGAGLKPSTDTQYF	0	1	0	0	0	0	0	0	0	0	0	0	0	0	0	0	0	0	0	0	0	0	0	0	0
CAVKGHNYGQNFVF_CASSYSRRERNIQYF	0	1	0	0	0	0	0	0	0	0	0	0	0	0	0	0	0	0	0	0	0	0	0	0	0
CAVKGNTGFQKLVF_CSAGQPGTYFKSYTF	0	0	0	0	0	0	0	1	0	0	0	0	0	0	0	0	0	0	0	0	0	0	0	0	0
CAVKGNYGQNFVF_CASSSAGGVSGANVLTF	0	1	0	0	0	0	0	0	0	0	0	0	0	0	0	0	0	0	0	0	0	0	0	0	0
CAVKGPGGYQKVTF_CASSLGGQGSADTQYF	0	1	0	0	0	0	0	0	0	0	0	0	0	0	0	0	0	0	0	0	0	0	0	0	0
CAVKGRGSTLGRLYF_CASSDQGDRTEAFF	0	0	0	0	0	0	0	0	0	1	0	0	0	0	0	0	0	0	0	0	0	0	0	0	0
CAVKGSGTYKYIF_CASRDTGSGDIQYF	0	0	0	1	0	0	0	0	0	0	0	0	0	0	0	0	0	0	0	0	0	0	0	0	0
CAVKGSNYKLTF_CASSEALTGYGYTF	0	0	0	1	0	0	0	0	0	0	0	0	0	0	0	0	0	0	0	0	0	0	0	0	0
CAVKGSSGSARQLTF_CASSQELGGQILYEQYF	0	0	0	0	0	1	0	0	0	0	0	0	0	0	0	0	0	0	0	0	0	0	0	0	0
CAVKGSYIPTF_CASSPDRGRNEQFF	0	0	0	1	0	0	0	0	0	0	0	0	0	0	0	0	0	0	0	0	0	0	0	0	0
CAVKGTSGSRLTF_CASSLVQAGTSPLHF	0	0	0	0	0	0	0	0	0	0	1	0	0	0	0	0	0	0	0	0	0	0	0	0	0
CAVKGVTGGGNKLTF_CASSLRRDRPYEQYF	0	1	0	0	0	0	0	0	0	0	0	0	0	0	0	0	0	0	0	0	0	0	0	0	0
CAVKGWGAGGTSYGKLTF_CASSDLAGGPSYNEQFF	0	0	0	1	0	0	0	0	0	0	0	0	0	0	0	0	0	0	0	0	0	0	0	0	0
CAVKKGSTLGRLYF_CASSFRDRGGQPQHF	0	1	0	0	0	0	0	0	0	0	0	0	0	0	0	0	0	0	0	0	0	0	0	0	0
CAVKKNNQGGKLIF_CASSVLLAGTLDTQYF	0	0	0	1	0	0	0	0	0	0	0	0	0	0	0	0	0	0	0	0	0	0	0	0	0
CAVKLTGGGNKLTF_CASQRDLSYEQYF	0	0	0	1	0	0	0	0	0	0	0	0	0	0	0	0	0	0	0	0	0	0	0	0	0
CAVKLYNTDKLIF_CASSRQGAKNTEAFF	0	1	0	0	0	0	0	0	0	0	0	0	0	0	0	0	0	0	0	0	0	0	0	0	0
CAVKMDSSYKLIF_CASSPPGGLTEAFF	0	0	0	0	0	0	0	0	0	0	1	0	0	0	0	0	0	0	0	0	0	0	0	0	0
CAVKNQGGKLIF_CSPLKGDEQFF	0	0	0	0	0	0	0	1	0	0	0	0	0	0	0	0	0	0	0	0	0	0	0	0	0
CAVKNSGGYQKVTF_CSASWGRTEAFF	0	0	0	0	0	0	0	1	0	0	0	0	0	0	0	0	0	0	0	0	0	0	0	0	0
CAVKPGSARQLTF_CASSLTGDRGHAETQYF	0	0	0	0	0	0	0	0	0	1	0	0	0	0	0	0	0	0	0	0	0	0	0	0	0
CAVKPMNRDDKIIF_CASSEGYGSPLHF	0	0	0	0	0	1	0	0	0	0	0	0	0	0	0	0	0	0	0	0	0	0	0	0	0
CAVKRAPYSGAGSYQLTF_CASSFGGDYGYTF	0	1	0	0	0	0	0	0	0	0	0	0	0	0	0	0	0	0	0	0	0	0	0	0	0
CAVKRGDYKLSF_CASSEGGENQPQHF	0	0	0	0	0	1	0	0	0	0	0	0	0	0	0	0	0	0	0	0	0	0	0	0	0
CAVKRGDYKLSF_NA	0	0	0	0	0	1	0	0	0	0	0	0	0	0	0	0	0	0	0	0	0	0	0	0	0
CAVKRNGQNFVF_CATSRARSTGYGYTF	0	1	0	0	0	0	0	0	0	0	0	0	0	0	0	0	0	0	0	0	0	0	0	0	0
CAVKRTGRRALTF_NA	0	0	0	0	0	1	0	0	0	0	0	0	0	0	0	0	0	0	0	0	0	0	0	0	0
CAVKRTSYDKVIF_CSARLAQETQYF	0	0	0	0	0	0	0	1	0	0	0	0	0	0	0	0	0	0	0	0	0	0	0	0	0
CAVKSEWTSYDKVIF_CASSFGETQYF	0	0	0	0	0	0	0	0	0	0	0	0	1	0	0	0	0	0	0	0	0	0	0	0	0
CAVKSGGADGLTF_CSATGDHYGYTF	0	0	0	0	0	0	0	1	0	0	0	0	0	0	0	0	0	0	0	0	0	0	0	0	0
CAVKSGSGGYNKLIF_CASSDDRWSEQFF	0	1	0	0	0	0	0	0	0	0	0	0	0	0	0	0	0	0	0	0	0	0	0	0	0
CAVKTGGFKTIF_CASSPWTSGTLEQFF	0	1	0	0	0	0	0	0	0	0	0	0	0	0	0	0	0	0	0	0	0	0	0	0	0
CAVKTGTASKLTF_CASSLDGGPAYNEQFF	0	0	0	0	0	0	0	0	0	0	1	0	0	0	0	0	0	0	0	0	0	0	0	0	0
CAVKTSGTYKYIF_CASAYRGSTERRINEKLFF	0	1	0	0	0	0	0	0	0	0	0	0	0	0	0	0	0	0	0	0	0	0	0	0	0
CAVKVGAGGYQKVTF_CASRQGSTDTQYF	0	0	0	1	0	0	0	0	0	0	0	0	0	0	0	0	0	0	0	0	0	0	0	0	0
CAVKVP_CASSLPAHEGGLLDEQFF	0	1	0	0	0	0	0	0	0	0	0	0	0	0	0	0	0	0	0	0	0	0	0	0	0
CAVKVSSGSARQLTF_CASSFIGGQGNQPQHF	0	0	0	1	0	0	0	0	0	0	0	0	0	0	0	0	0	0	0	0	0	0	0	0	0
CAVLDSNYQLIW_CASSDESEGLYTF	0	0	0	0	0	1	0	0	0	0	0	0	0	0	0	0	0	0	0	0	0	0	0	0	0
CAVLDSNYQLIW_CASSDQESDYNEQFF	0	0	0	0	0	1	0	0	0	0	0	0	0	0	0	0	0	0	0	0	0	0	0	0	0
CAVLDSNYQLIW_CASSDSTNTGELFF	0	0	0	0	0	1	0	0	0	0	0	0	0	0	0	0	0	0	0	0	0	0	0	0	0
CAVLDSNYQLIW_CASSDTSGTDTQYF	0	0	0	0	0	1	0	0	0	0	0	0	0	0	0	0	0	0	0	0	0	0	0	0	0
CAVLDSNYQLIW_CASSPHGQGHNTGELFF	0	0	0	0	0	1	0	0	0	0	0	0	0	0	0	0	0	0	0	0	0	0	0	0	0
CAVLDSNYQLIW_CASSQGLGEADTQYF	0	0	0	0	0	2	0	0	0	0	0	0	0	0	0	0	0	0	0	0	0	0	0	0	0
CAVLDSNYQLIW_CSAAGLTSSYNEQFF	0	0	0	0	0	1	0	0	0	0	0	0	0	0	0	0	0	0	0	0	0	0	0	0	0
CAVLDSNYQLIW_CSAPGGERYEQYF	0	0	0	0	0	1	0	0	0	0	0	0	0	0	0	0	0	0	0	0	0	0	0	0	0
CAVLDSNYQLIW_CSAYVTTGSSYEQYF	0	0	0	0	0	1	0	0	0	0	0	0	0	0	0	0	0	0	0	0	0	0	0	0	0
CAVLDSSYKLIF_CASSEASGGYNEQFF	0	0	0	0	0	1	0	0	0	0	0	0	0	0	0	0	0	0	0	0	0	0	0	0	0
CAVLEGSSNTGKLIF_CASSSGRGYGNTIYF	0	1	0	0	0	0	0	0	0	0	0	0	0	0	0	0	0	0	0	0	0	0	0	0	0
CAVLEGTAGNKLTF_CASTISGNYGYTF	0	0	0	0	0	0	0	0	0	0	0	0	1	0	0	0	0	0	0	0	0	0	0	0	0
CAVLEYGNKLVF_CASSTVSYNSPLHF	0	1	0	0	0	0	0	0	0	0	0	0	0	0	0	0	0	0	0	0	0	0	0	0	0
CAVLFSDGQKLLF_CASSLSQGNSPLHF	0	0	0	0	0	0	0	0	0	0	0	0	1	0	0	0	0	0	0	0	0	0	0	0	0
CAVLGGGNKLVF_CASSLPSGYEQYF	0	0	0	0	0	0	0	0	0	0	0	0	0	0	0	1	0	0	0	0	0	0	0	0	0
CAVLGSGNTGKLIF_CATSGASHGNTEAFF	0	1	0	0	0	0	0	0	0	0	0	0	0	0	0	0	0	0	0	0	0	0	0	0	0
CAVLKAAGNKLTF_CASSLGVQENSPLHF	0	0	0	1	0	0	0	0	0	0	0	0	0	0	0	0	0	0	0	0	0	0	0	0	0
CAVLLAGSQGNLIF_CASRGWSQETQYF	0	1	0	0	0	0	0	0	0	0	0	0	0	0	0	0	0	0	0	0	0	0	0	0	0
CAVLMDSSYKLIF_CASSSFGRAGETQYF	0	0	0	0	0	0	0	0	0	0	0	0	1	0	0	0	0	0	0	0	0	0	0	0	0
CAVLNQAGTALIF_CASRNGRAGANSPLHF	0	0	0	1	0	0	0	0	0	0	0	0	0	0	0	0	0	0	0	0	0	0	0	0	0
CAVLNSGGYQKVTF_CASSVDRDYEQYF	0	0	0	1	0	0	0	0	0	0	0	0	0	0	0	0	0	0	0	0	0	0	0	0	0
CAVLNSNYQLIW_CASRSDGPYNEQFF	0	0	0	0	0	1	0	0	0	0	0	0	0	0	0	0	0	0	0	0	0	0	0	0	0
CAVLNTGNQFYF_CSARVGYEQYF	0	0	0	0	0	0	0	1	0	0	0	0	0	0	0	0	0	0	0	0	0	0	0	0	0
CAVLNTNAGKSTF_CASSLTGTGGEAFF	0	0	0	1	0	0	0	0	0	0	0	0	0	0	0	0	0	0	0	0	0	0	0	0	0
CAVLPASGGYQKVTF_CASRDTGRYNEQFF	0	1	0	0	0	0	0	0	0	0	0	0	0	0	0	0	0	0	0	0	0	0	0	0	0
CAVLPGGFKTIF_CASSGGGNYGYTF	0	0	0	0	0	0	0	0	0	0	0	1	0	0	0	0	0	0	0	0	0	0	0	0	0
CAVLPRGSQGNLIF_CASSSQGWAYNEQFF	0	1	0	0	0	0	0	0	0	0	0	0	0	0	0	0	0	0	0	0	0	0	0	0	0
CAVLRGAQKLVF_CASSQDWVGYGYTF	0	1	0	0	0	0	0	0	0	0	0	0	0	0	0	0	0	0	0	0	0	0	0	0	0
CAVLRLGSYQLTF_CASHKAGQANTEAFF	0	1	0	0	0	0	0	0	0	0	0	0	0	0	0	0	0	0	0	0	0	0	0	0	0
CAVLRMDSSYKLIF_CASSNHEQYF	0	0	0	1	0	0	0	0	0	0	0	0	0	0	0	0	0	0	0	0	0	0	0	0	0
CAVLRNRDDKIIF_CASSAWAGEGTDTQYF	0	1	0	0	0	0	0	0	0	0	0	0	0	0	0	0	0	0	0	0	0	0	0	0	0
CAVLSAGTASKLTF_CASGGGDWPGELFF	0	0	0	0	0	1	0	0	0	0	0	0	0	0	0	0	0	0	0	0	0	0	0	0	0
CAVLSDQTGANNLFF_CASSLAPGLYHEQYF	0	0	0	0	0	0	0	0	0	0	0	1	0	0	0	0	0	0	0	0	0	0	0	0	0
CAVLSGGSYIPTF_CSAYHATSAKDNEQFF	0	0	0	0	0	0	0	1	0	0	0	0	0	0	0	0	0	0	0	0	0	0	0	0	0
CAVLSGGYNKLIF_CASSEIDRGLYNEQFF	0	0	0	1	0	0	0	0	0	0	0	0	0	0	0	0	0	0	0	0	0	0	0	0	0
CAVLSLGTALIF_CASSARTDLNTEAFF	0	0	0	0	0	1	0	0	0	0	0	0	0	0	0	0	0	0	0	0	0	0	0	0	0
CAVLTGANNLFF_CASSWGGTANTEAFF	0	0	0	0	0	0	0	0	0	0	0	1	0	0	0	0	0	0	0	0	0	0	0	0	0
CAVLTGTASKLTF_CSASIFGSNTEAFF	0	0	0	0	0	0	0	1	0	0	0	0	0	0	0	0	0	0	0	0	0	0	0	0	0
CAVLTGTASKLTF_CSASINEQFF	0	0	0	0	0	0	0	1	0	0	0	0	0	0	0	0	0	0	0	0	0	0	0	0	0
CAVLVPGGATNKLIF_CASRPAFGGYTF	0	1	0	0	0	0	0	0	0	0	0	0	0	0	0	0	0	0	0	0	0	0	0	0	0
CAVLYYGQNFVF_CSALDLNSPLHF	0	0	0	0	0	0	0	1	0	0	0	0	0	0	0	0	0	0	0	0	0	0	0	0	0
CAVMDRGSTLGRLYF_CASSLSQGQAAYEQYF	0	0	0	0	0	0	0	0	0	0	0	0	1	0	0	0	0	0	0	0	0	0	0	0	0
CAVMDSNYQLIW_CASNPSTGGGGEQYF	0	0	0	0	0	1	0	0	0	0	0	0	0	0	0	0	0	0	0	0	0	0	0	0	0
CAVMDSNYQLIW_CASRTSGDTGELFF	0	0	0	0	0	3	0	0	0	0	0	0	0	0	0	0	0	0	0	0	0	0	0	0	0
CAVMDSNYQLIW_CASSDELAGGDEQFF	0	0	0	0	0	2	0	0	0	0	0	0	0	0	0	0	0	0	0	0	0	0	0	0	0
CAVMDSNYQLIW_CASSDSSGSNEQFF	0	0	0	0	0	1	0	0	0	0	0	0	0	0	0	0	0	0	0	0	0	0	0	0	0
CAVMDSNYQLIW_CASSETSGRATDTQYF	0	0	0	0	0	1	0	0	0	0	0	0	0	0	0	0	0	0	0	0	0	0	0	0	0
CAVMDSNYQLIW_CASSPRDRDTGELFF	0	0	0	0	0	1	0	0	0	0	0	0	0	0	0	0	0	0	0	0	0	0	0	0	0
CAVMDSNYQLIW_CASSPRYNQPQHF	0	0	0	0	0	1	0	0	0	0	0	0	0	0	0	0	0	0	0	0	0	0	0	0	0
CAVMDSNYQLIW_CASSQDGITSGANVLTF	0	0	0	0	0	2	0	0	0	0	0	0	0	0	0	0	0	0	0	0	0	0	0	0	0
CAVMDSNYQLIW_CASSQDGQGYNEQFF	0	0	0	0	0	1	0	0	0	0	0	0	0	0	0	0	0	0	0	0	0	0	0	0	0
CAVMDSNYQLIW_CASSQDRGGGHYEQYF	0	0	0	0	0	1	0	0	0	0	0	0	0	0	0	0	0	0	0	0	0	0	0	0	0
CAVMDSNYQLIW_CASSQEGPGSGGAGEQFF	0	0	0	0	0	1	0	0	0	0	0	0	0	0	0	0	0	0	0	0	0	0	0	0	0
CAVMDSNYQLIW_CASSQGGTGVEKLFF	0	0	0	0	0	1	0	0	0	0	0	0	0	0	0	0	0	0	0	0	0	0	0	0	0
CAVMDSNYQLIW_CASSQVASGTYEQYF	0	0	0	0	0	1	0	0	0	0	0	0	0	0	0	0	0	0	0	0	0	0	0	0	0
CAVMDSNYQLIW_CASSYSGTGGYEQYF	0	0	0	0	0	1	0	0	0	0	0	0	0	0	0	0	0	0	0	0	0	0	0	0	0
CAVMDSNYQLIW_CASSYVGSGANVLTF	0	0	0	0	0	1	0	0	0	0	0	0	0	0	0	0	0	0	0	0	0	0	0	0	0
CAVMDSNYQLIW_CASTGGEKSTDTQYF	0	0	0	0	0	1	0	0	0	0	0	0	0	0	0	0	0	0	0	0	0	0	0	0	0
CAVMDSNYQLIW_CATSDLGDAGELFF	0	0	0	0	0	1	0	0	0	0	0	0	0	0	0	0	0	0	0	0	0	0	0	0	0
CAVMDSNYQLIW_CATSREGAGANVLTF	0	0	0	0	0	1	0	0	0	0	0	0	0	0	0	0	0	0	0	0	0	0	0	0	0
CAVMDSNYQLIW_CSADRGHTEAFF	0	0	0	0	0	1	0	0	0	0	0	0	0	0	0	0	0	0	0	0	0	0	0	0	0
CAVMDSNYQLIW_CSAPRVGADNSPLHF	0	0	0	0	0	1	0	0	0	0	0	0	0	0	0	0	0	0	0	0	0	0	0	0	0
CAVMDSNYQLIW_CSARAGDTEAFF	0	0	0	0	0	1	0	0	0	0	0	0	0	0	0	0	0	0	0	0	0	0	0	0	0
CAVMDSNYQLIW_CSARDGTSGETQYF	0	0	0	0	0	1	0	0	0	0	0	0	0	0	0	0	0	0	0	0	0	0	0	0	0
CAVMDSNYQLIW_CSARDHGRDYNEQFF	0	0	0	0	0	1	0	0	0	0	0	0	0	0	0	0	0	0	0	0	0	0	0	0	0
CAVMDSNYQLIW_CSARDPGQGASPLHF	0	0	0	0	0	1	0	0	0	0	0	0	0	0	0	0	0	0	0	0	0	0	0	0	0
CAVMDSNYQLIW_CSARLADNEQFF	0	0	0	0	0	1	0	0	0	0	0	0	0	0	0	0	0	0	0	0	0	0	0	0	0
CAVMDSNYQLIW_CSARQGDYGYTF	0	0	0	0	0	1	0	0	0	0	0	0	0	0	0	0	0	0	0	0	0	0	0	0	0
CAVMDSNYQLIW_NA	0	0	0	0	0	4	0	0	0	0	0	0	0	0	0	0	0	0	0	0	0	0	0	0	0
CAVMDSSYKLIF_CASGAGTGDYNEQFF	0	0	0	0	0	1	0	0	0	0	0	0	0	0	0	0	0	0	0	0	0	0	0	0	0
CAVMDSSYKLIF_CASIPGGADYGYTF	0	1	0	0	0	0	0	0	0	0	0	0	0	0	0	0	0	0	0	0	0	0	0	0	0
CAVMDSSYKLIF_CASSDSASGGYNEQFF	0	0	0	0	0	1	0	0	0	0	0	0	0	0	0	0	0	0	0	0	0	0	0	0	0
CAVMDSSYKLIF_CASSDSGGGYNEQFF	0	0	0	0	0	1	0	0	0	0	0	0	0	0	0	0	0	0	0	0	0	0	0	0	0
CAVMDSSYKLIF_CASSDSSGSTDTQYF	0	0	0	0	0	1	0	0	0	0	0	0	0	0	0	0	0	0	0	0	0	0	0	0	0
CAVMDSSYKLIF_CASSETSGSTDTQYF	0	0	0	0	0	1	0	0	0	0	0	0	0	0	0	0	0	0	0	0	0	0	0	0	0
CAVMDSSYKLIF_CASSPIAGGSTDTQYF	0	0	0	0	0	1	0	0	0	0	0	0	0	0	0	0	0	0	0	0	0	0	0	0	0
CAVMDSSYKLIF_CASSQDPGSGANVLTF	0	0	0	0	0	3	0	0	0	0	0	0	0	0	0	0	0	0	0	0	0	0	0	0	0
CAVMDSSYKLIF_CASSVAEGGNEQFF	0	0	0	0	0	1	0	0	0	0	0	0	0	0	0	0	0	0	0	0	0	0	0	0	0
CAVMDSSYKLIF_CASSVGEFNEQFF	0	0	0	0	0	1	0	0	0	0	0	0	0	0	0	0	0	0	0	0	0	0	0	0	0
CAVMDSSYKLIF_CASSYSDNYGYTF	0	0	0	0	0	1	0	0	0	0	0	0	0	0	0	0	0	0	0	0	0	0	0	0	0
CAVMDSSYKLIF_CASSYSESYEQYF	0	0	0	0	0	1	0	0	0	0	0	0	0	0	0	0	0	0	0	0	0	0	0	0	0
CAVMDSSYKLIF_CASSYSTSGGHEQFF	0	0	0	0	0	1	0	0	0	0	0	0	0	0	0	0	0	0	0	0	0	0	0	0	0
CAVMGGTSYGKLTF_CASSPGAGPGNTIYF	0	1	0	0	0	0	0	0	0	0	0	0	0	0	0	0	0	0	0	0	0	0	0	0	0
CAVMGTGGFKTIF_CASSEDRGIAKNIQYF	0	0	0	0	0	0	0	0	1	0	0	0	0	0	0	0	0	0	0	0	0	0	0	0	0
CAVMSGGSYIPTF_CSAGTGSDYGYTF	0	0	0	0	0	0	0	1	0	0	0	0	0	0	0	0	0	0	0	0	0	0	0	0	0
CAVMSSGYALNF_CASSPTGGWPQHF	0	0	0	1	0	0	0	0	0	0	0	0	0	0	0	0	0	0	0	0	0	0	0	0	0
CAVNAAGGYNKLIF_CATSDGSTDTQYF	0	0	0	0	0	0	0	0	1	0	0	0	0	0	0	0	0	0	0	0	0	0	0	0	0
CAVNAFSGGYNKLIF_CSAVTDRAEDSPLHF	0	0	0	0	0	0	0	1	0	0	0	0	0	0	0	0	0	0	0	0	0	0	0	0	0
CAVNAGGSQGNLIF_CASARGYEQYF	0	1	0	0	0	0	0	0	0	0	0	0	0	0	0	0	0	0	0	0	0	0	0	0	0
CAVNAGNTGKLIF_CSANQQGASNYGYTF	0	0	0	0	0	0	0	1	0	0	0	0	0	0	0	0	0	0	0	0	0	0	0	0	0
CAVNAGRTGGYNKLIF_CASSVGRNTGELFF	0	1	0	0	0	0	0	0	0	0	0	0	0	0	0	0	0	0	0	0	0	0	0	0	0
CAVNAGSARQLTF_CAGGFSTEAFF	0	0	0	1	0	0	0	0	0	0	0	0	0	0	0	0	0	0	0	0	0	0	0	0	0
CAVNAGSYGQNFVF_CSARAPGTGNSPLHF	0	0	0	0	0	0	0	1	0	0	0	0	0	0	0	0	0	0	0	0	0	0	0	0	0
CAVNAGTGGFKTIF_CASSIGQEFEKLFF	0	1	0	0	0	0	0	0	0	0	0	0	0	0	0	0	0	0	0	0	0	0	0	0	0
CAVNAISNFGNEKLTF_CASSLDRQETQYF	0	1	0	0	0	0	0	0	0	0	0	0	0	0	0	0	0	0	0	0	0	0	0	0	0
CAVNAKDTGRRALTF_CASSLNTGGNTEAFF	0	0	0	1	0	0	0	0	0	0	0	0	0	0	0	0	0	0	0	0	0	0	0	0	0
CAVNAPSGGNKLVF_CASRERDGYTGELFF	0	0	0	0	0	0	0	0	1	0	0	0	0	0	0	0	0	0	0	0	0	0	0	0	0
CAVNARGSSASKIIF_CAWRTLNTEAFF	0	0	0	1	0	0	0	0	0	0	0	0	0	0	0	0	0	0	0	0	0	0	0	0	0
CAVNARSSASKIIF_CASSQDGGDRALPFYNEQFF	0	0	0	0	0	0	0	0	0	0	0	0	0	0	0	1	0	0	0	0	0	0	0	0	0
CAVNDDSWGKFQF_CATSSRDRGSEQYF	0	1	0	0	0	0	0	0	0	0	0	0	0	0	0	0	0	0	0	0	0	0	0	0	0
CAVNDGSSNTGKLIF_CASSSPPGQGVVYGYTF	0	0	0	0	0	0	0	0	0	0	0	1	0	0	0	0	0	0	0	0	0	0	0	0	0
CAVNDRSSGSARQLTF_CASRAAVNQPQHF	0	0	0	0	0	0	0	0	0	1	0	0	0	0	0	0	0	0	0	0	0	0	0	0	0
CAVNDYKLSF_CASSMDRGNQPQHF	0	0	0	0	0	0	0	0	1	0	0	0	0	0	0	0	0	0	0	0	0	0	0	0	0
CAVNEGFGNVLHC_CASSYPRRGYNEQFF	0	0	0	0	0	0	0	0	0	0	0	1	0	0	0	0	0	0	0	0	0	0	0	0	0
CAVNEGNNARLMF_CASGPVYSNQPQHF	0	1	0	0	0	0	0	0	0	0	0	0	0	0	0	0	0	0	0	0	0	0	0	0	0
CAVNEGQAGTALIF_CASSLWETQYF	0	1	0	0	0	0	0	0	0	0	0	0	0	0	0	0	0	0	0	0	0	0	0	0	0
CAVNEVKTSYDKVIF_CASSSSGDEQFF	0	0	0	1	0	0	0	0	0	0	0	0	0	0	0	0	0	0	0	0	0	0	0	0	0
CAVNFDDYKLSF_CASSERYQITEAFF	0	1	0	0	0	0	0	0	0	0	0	0	0	0	0	0	0	0	0	0	0	0	0	0	0
CAVNGAGSYQLTF_CASRTRGPGTGELFF	0	1	0	0	0	0	0	0	0	0	0	0	0	0	0	0	0	0	0	0	0	0	0	0	0
CAVNGDTGRRALTF_CASRRDGESNQPQHF	0	0	0	1	0	0	0	0	0	0	0	0	0	0	0	0	0	0	0	0	0	0	0	0	0
CAVNGGATNKLIF_CASMMGADQPQHF	0	1	0	0	0	0	0	0	0	0	0	0	0	0	0	0	0	0	0	0	0	0	0	0	0
CAVNGGDSGYALNF_CASSSQGNTEAFF	0	0	0	0	0	0	0	0	0	0	0	1	0	0	0	0	0	0	0	0	0	0	0	0	0
CAVNGGSQGNLIF_CATKGSGGSYEQYF	0	0	0	1	0	0	0	0	0	0	0	0	0	0	0	0	0	0	0	0	0	0	0	0	0
CAVNGGYSSASKIIF_CASGWDRSANYGYTF	0	0	0	1	0	0	0	0	0	0	0	0	0	0	0	0	0	0	0	0	0	0	0	0	0
CAVNGKTGGSYIPTF_CASSLAGYGETQYF	0	0	0	0	0	0	0	0	0	0	1	0	0	0	0	0	0	0	0	0	0	0	0	0	0
CAVNGNKLVF_CASSYSFGPTANYGYTF	0	2	0	0	0	0	0	0	0	0	0	0	0	0	0	0	0	0	0	0	0	0	0	0	0
CAVNGNTGKLIF_CAISETGTGNTIYF	0	0	0	1	0	0	0	0	0	0	0	0	0	0	0	0	0	0	0	0	0	0	0	0	0
CAVNGNTGRRALTF_CASSQRESSYNEQFF	0	0	0	0	0	0	0	0	0	0	1	0	0	0	0	0	0	0	0	0	0	0	0	0	0
CAVNGTNAGKSTF_CASSMTSGGPDTQYF	0	0	0	1	0	0	0	0	0	0	0	0	0	0	0	0	0	0	0	0	0	0	0	0	0
CAVNGYDYKLSF_CARKEGRHAYNSPLHF	0	0	0	0	0	0	0	0	0	0	0	1	0	0	0	0	0	0	0	0	0	0	0	0	0
CAVNGYGGSQGNLIF_CASSLEGGQGRAFF	0	0	0	0	0	0	0	0	0	0	0	0	1	0	0	0	0	0	0	0	0	0	0	0	0
CAVNGYSSASKIIF_CASSGTGNEQFF	0	1	0	0	0	0	0	0	0	0	0	0	0	0	0	0	0	0	0	0	0	0	0	0	0
CAVNHDYKLSF_CASSDTSGPGDTQYF	0	0	0	0	0	2	0	0	0	0	0	0	0	0	0	0	0	0	0	0	0	0	0	0	0
CAVNIAGGTSYGKLTF_CASSSGATGNTIYF	0	0	0	0	0	0	0	0	1	0	0	0	0	0	0	0	0	0	0	0	0	0	0	0	0
CAVNIGGNTGKLIF_CASSYRGVLSNGYTF	0	0	0	1	0	0	0	0	0	0	0	0	0	0	0	0	0	0	0	0	0	0	0	0	0
CAVNIGQAGTALIF_NA	0	1	0	0	0	0	0	0	0	0	0	0	0	0	0	0	0	0	0	0	0	0	0	0	0
CAVNIYYGNNRLAF_CASGLGGQGLREQYF	0	0	0	0	0	0	0	0	1	0	0	0	0	0	0	0	0	0	0	0	0	0	0	0	0
CAVNKGGSYIPTF_CASGLGGFDYGYTF	0	0	0	0	0	0	0	0	0	1	0	0	0	0	0	0	0	0	0	0	0	0	0	0	0
CAVNKGGYQKVTF_CASSTSGRTDTQYF	0	0	0	1	0	0	0	0	0	0	0	0	0	0	0	0	0	0	0	0	0	0	0	0	0
CAVNKGVDSSYKLIF_CASSRQIDSNQPQHF	0	1	0	0	0	0	0	0	0	0	0	0	0	0	0	0	0	0	0	0	0	0	0	0	0
CAVNKNSGYSTLTF_CASNPTWNTEAFF	0	1	0	0	0	0	0	0	0	0	0	0	0	0	0	0	0	0	0	0	0	0	0	0	0
CAVNKYSGGGADGLTF_CASSSALRNTEAFF	0	0	0	1	0	0	0	0	0	0	0	0	0	0	0	0	0	0	0	0	0	0	0	0	0
CAVNLPGTASKLTF_CSARDPAGSSYNEQFF	0	0	0	0	0	0	0	1	0	0	0	0	0	0	0	0	0	0	0	0	0	0	0	0	0
CAVNLQMDSNYQLIW_CASSHTGGWTEAFF	0	0	0	1	0	0	0	0	0	0	0	0	0	0	0	0	0	0	0	0	0	0	0	0	0
CAVNLRTDGQKLLF_CASSGQGADYGYTF	0	1	0	0	0	0	0	0	0	0	0	0	0	0	0	0	0	0	0	0	0	0	0	0	0
CAVNLSGFKTIF_CASSVGMSGLGTDTQYF	0	0	0	0	0	1	0	0	0	0	0	0	0	0	0	0	0	0	0	0	0	0	0	0	0
CAVNMDPGGYQKVTF_CSAREHRSSYNEQFF	0	0	0	0	0	0	0	1	0	0	0	0	0	0	0	0	0	0	0	0	0	0	0	0	0
CAVNMDSNYQLIW_CAIAPYQNTGELFF	0	1	0	0	0	0	0	0	0	0	0	0	0	0	0	0	0	0	0	0	0	0	0	0	0
CAVNMGAGNTNAGKSTF_CSARRETQYF	0	0	0	0	0	0	0	1	0	0	0	0	0	0	0	0	0	0	0	0	0	0	0	0	0
CAVNMGERNNNDMRF_CASSLSTGVTYEQFF	0	1	0	0	0	0	0	0	0	0	0	0	0	0	0	0	0	0	0	0	0	0	0	0	0
CAVNMNRDDKIIF_CASSVAAVNEKLFF	0	0	0	0	0	0	0	0	1	0	0	0	0	0	0	0	0	0	0	0	0	0	0	0	0
CAVNMPFNQAGTALIF_CASSLDYGQGYNSPLHF	0	1	0	0	0	0	0	0	0	0	0	0	0	0	0	0	0	0	0	0	0	0	0	0	0
CAVNMRPERLTGGGNKLTF_CSARSVLAGEAETQYF	0	0	0	0	0	0	0	1	0	0	0	0	0	0	0	0	0	0	0	0	0	0	0	0	0
CAVNPGRRALTF_CASSVQPAGENYGYTF	0	1	0	0	0	0	0	0	0	0	0	0	0	0	0	0	0	0	0	0	0	0	0	0	0
CAVNPGSGGGADGLTF_CASSPQGQPSPLHF	0	1	0	0	0	0	0	0	0	0	0	0	0	0	0	0	0	0	0	0	0	0	0	0	0
CAVNPLAKAAGNKLTF_CASSLTRANTEAFF	0	0	0	1	0	0	0	0	0	0	0	0	0	0	0	0	0	0	0	0	0	0	0	0	0
CAVNPLFQGGKLIF_CASSHKGTQETQYF	0	0	0	1	0	0	0	0	0	0	0	0	0	0	0	0	0	0	0	0	0	0	0	0	0
CAVNPQRGTYKYIF_CSASATSGPRGTQYF	0	0	0	0	0	0	0	1	0	0	0	0	0	0	0	0	0	0	0	0	0	0	0	0	0
CAVNPRGGGGADGLTF_CASSPDRAVGNQPQHF	0	1	0	0	0	0	0	0	0	0	0	0	0	0	0	0	0	0	0	0	0	0	0	0	0
CAVNPYRGSTLGRLYF_CAWSWTGGETQYF	0	0	0	0	0	0	0	0	1	0	0	0	0	0	0	0	0	0	0	0	0	0	0	0	0
CAVNPYSSASKIIF_CASTQQGSGANVLTF	0	0	0	0	0	0	0	0	0	1	0	0	0	0	0	0	0	0	0	0	0	0	0	0	0
CAVNPYSSASKIIF_CAWSVRDYHSYEQYF	0	1	0	0	0	0	0	0	0	0	0	0	0	0	0	0	0	0	0	0	0	0	0	0	0
CAVNRAGRRALTF_CSAIVAPGQERPSSYNEQFF	0	0	0	0	0	0	0	1	0	0	0	0	0	0	0	0	0	0	0	0	0	0	0	0	0
CAVNRDDKIIF_CASSLVGLRAFF	0	0	0	0	0	0	0	0	0	0	1	0	0	0	0	0	0	0	0	0	0	0	0	0	0
CAVNRDSNYQLIW_CASSSTGFSGANVLTF	0	1	0	0	0	0	0	0	0	0	0	0	0	0	0	0	0	0	0	0	0	0	0	0	0
CAVNRGGGFKTIF_CSATTSSTDTQYF	0	0	0	0	0	0	0	1	0	0	0	0	0	0	0	0	0	0	0	0	0	0	0	0	0
CAVNRGGYNKLIF_CASSLGGQGARTEAFF	0	0	0	1	0	0	0	0	0	0	0	0	0	0	0	0	0	0	0	0	0	0	0	0	0
CAVNRLDTGRRALTF_CAISESNRALYEQYF	0	1	0	0	0	0	0	0	0	0	0	0	0	0	0	0	0	0	0	0	0	0	0	0	0
CAVNRLSSASKIIF_CASSPITTGDYGYTF	0	1	0	0	0	0	0	0	0	0	0	0	0	0	0	0	0	0	0	0	0	0	0	0	0
CAVNRNFGNEKLTF_CASSVTRGYTEAFF	0	1	0	0	0	0	0	0	0	0	0	0	0	0	0	0	0	0	0	0	0	0	0	0	0
CAVNRNTGGFKTIF_CATAGTQETQYF	0	1	0	0	0	0	0	0	0	0	0	0	0	0	0	0	0	0	0	0	0	0	0	0	0
CAVNRRSGNTPLVF_CASSPDRDKAGNTIYF	0	1	0	0	0	0	0	0	0	0	0	0	0	0	0	0	0	0	0	0	0	0	0	0	0
CAVNRSNDYKLSF_CASRRARGEKLFF	0	0	0	0	0	0	0	0	1	0	0	0	0	0	0	0	0	0	0	0	0	0	0	0	0
CAVNRYKLSF_CASSLQGPGLYGYTF	0	0	0	1	0	0	0	0	0	0	0	0	0	0	0	0	0	0	0	0	0	0	0	0	0
CAVNSAAGNKLTF_CAISGGTGKSGIYEQYF	0	0	0	1	0	0	0	0	0	0	0	0	0	0	0	0	0	0	0	0	0	0	0	0	0
CAVNSGGYQKVTF_CASSLVPDSPLHF	0	0	0	0	0	0	0	0	0	0	0	0	1	0	0	0	0	0	0	0	0	0	0	0	0
CAVNSGNTPLVF_CASSLSQGRETQYF	0	0	0	0	0	0	0	0	0	0	0	0	1	0	0	0	0	0	0	0	0	0	0	0	0
CAVNSLNTGNQFYF_CASSPGTDRTDTQYF	0	0	0	1	0	0	0	0	0	0	0	0	0	0	0	0	0	0	0	0	0	0	0	0	0
CAVNSNNFNKFYF_CASSPSGRETQYF	0	0	0	0	0	0	0	0	1	0	0	0	0	0	0	0	0	0	0	0	0	0	0	0	0
CAVNSNSGYALNF_CASSLPRTINEQFF	0	0	0	0	0	0	0	0	0	0	1	0	0	0	0	0	0	0	0	0	0	0	0	0	0
CAVNSNYQLIW_CASSHGTTYGYTF	0	0	0	1	0	0	0	0	0	0	0	0	0	0	0	0	0	0	0	0	0	0	0	0	0
CAVNSNYQLIW_CASSSWTPPYEQYF	0	1	0	0	0	0	0	0	0	0	0	0	0	0	0	0	0	0	0	0	0	0	0	0	0
CAVNSWTGTASKLTF_CASSLAGGRYDTQYF	0	0	0	0	0	0	0	0	1	0	0	0	0	0	0	0	0	0	0	0	0	0	0	0	0
CAVNTGAGNQFYF_CASSVASGGKGYTF	0	0	0	0	0	1	0	0	0	0	0	0	0	0	0	0	0	0	0	0	0	0	0	0	0
CAVNTGFQKLVF_CASINSGQNTEAFF	0	0	0	1	0	0	0	0	0	0	0	0	0	0	0	0	0	0	0	0	0	0	0	0	0
CAVNTGFQKLVF_CASSGLVTDTQYF	0	0	0	1	0	0	0	0	0	0	0	0	0	0	0	0	0	0	0	0	0	0	0	0	0
CAVNTGFQKLVF_CASSKPGQGAGDTQYF	0	1	0	0	0	0	0	0	0	0	0	0	0	0	0	0	0	0	0	0	0	0	0	0	0
CAVNTGGFKTIF_CASTIGLAGGRDEQFF	0	0	0	0	0	0	0	0	1	0	0	0	0	0	0	0	0	0	0	0	0	0	0	0	0
CAVNTGNQFYF_CASSSRQGGTEAFF	0	0	0	0	0	0	0	0	0	0	0	0	1	0	0	0	0	0	0	0	0	0	0	0	0
CAVNTGNQFYF_CSASRLAGGGEQYF	0	0	0	0	0	0	0	1	0	0	0	0	0	0	0	0	0	0	0	0	0	0	0	0	0
CAVNTHSGGYNKLIF_CASSQAENTGELFF	0	0	0	1	0	0	0	0	0	0	0	0	0	0	0	0	0	0	0	0	0	0	0	0	0
CAVNTNSGNTPLVF_CSAKGPVAKNIQYF	0	0	0	0	0	0	0	1	0	0	0	0	0	0	0	0	0	0	0	0	0	0	0	0	0
CAVNTPNTGNQFYF_CASSRFQETQYF	0	1	0	0	0	0	0	0	0	0	0	0	0	0	0	0	0	0	0	0	0	0	0	0	0
CAVNVGRAAGNKLTF_CASSLGDRDDEQFF	0	0	0	0	0	0	0	0	1	0	0	0	0	0	0	0	0	0	0	0	0	0	0	0	0
CAVNVPYNTGKLIF_CASSPGQGSYTF	0	0	0	0	0	0	0	0	0	0	0	1	0	0	0	0	0	0	0	0	0	0	0	0	0
CAVNVRYNNNDMRF_CAWSVKGGETQYF	0	1	0	0	0	0	0	0	0	0	0	0	0	0	0	0	0	0	0	0	0	0	0	0	0
CAVNVYGNNRLAF_CASSAPSSQDGRNRYTF	0	0	0	0	0	1	0	0	0	0	0	0	0	0	0	0	0	0	0	0	0	0	0	0	0
CAVNWGTGANNLFF_NA	0	1	0	0	0	0	0	0	0	0	0	0	0	0	0	0	0	0	0	0	0	0	0	0	0
CAVNWLGFQKLVF_CASSLTGEGAGEAFF	0	0	0	0	0	0	0	0	0	0	0	0	1	0	0	0	0	0	0	0	0	0	0	0	0
CAVNYFNTGNQFYF_CASSFGQGDYEQYF	0	0	0	0	0	0	0	0	0	0	0	0	1	0	0	0	0	0	0	0	0	0	0	0	0
CAVNYGGSQGNLIF_CASSLRGSGAKNIQYF	0	1	0	0	0	0	0	0	0	0	0	0	0	0	0	0	0	0	0	0	0	0	0	0	0
CAVNYGQNFVF_CASRPWTGEETQYF	0	0	0	0	0	0	0	0	0	0	0	0	0	0	0	1	0	0	0	0	0	0	0	0	0
CAVPEETSGSRLTF_CASSFRVGNEQFF	0	0	0	0	0	1	0	0	0	0	0	0	0	0	0	0	0	0	0	0	0	0	0	0	0
CAVPESSGSRLTF_CASSLLATLSTDTQYF	0	0	0	0	0	0	0	0	0	0	0	1	0	0	0	0	0	0	0	0	0	0	0	0	0
CAVPFSSNTGKLIF_CASSQERTGGKETQYF	0	1	0	0	0	0	0	0	0	0	0	0	0	0	0	0	0	0	0	0	0	0	0	0	0
CAVPFTGGFKTIF_CSADAGTSGYNEQFF	0	0	0	0	0	0	0	1	0	0	0	0	0	0	0	0	0	0	0	0	0	0	0	0	0
CAVPGFSGGYNKLIF_CASSPAINEQFF	0	0	0	0	0	1	0	0	0	0	0	0	0	0	0	0	0	0	0	0	0	0	0	0	0
CAVPGGMNRDDKIIF_CASSWGLASNYGYTF	0	0	0	1	0	0	0	0	0	0	0	0	0	0	0	0	0	0	0	0	0	0	0	0	0
CAVPIAGNNRKLIW_CASSPGPGQGDTEAFF	0	0	0	0	0	0	0	0	0	0	0	0	1	0	0	0	0	0	0	0	0	0	0	0	0
CAVPISSGSARQLTF_CASSLAVAYEQYF	0	0	0	1	0	0	0	0	0	0	0	0	0	0	0	0	0	0	0	0	0	0	0	0	0
CAVPITTSGTYKYIF_CASSLVGDKVEKLFF	0	0	0	0	0	0	0	0	0	0	0	0	1	0	0	0	0	0	0	0	0	0	0	0	0
CAVPIYNQGGKLIF_CASSRLGETQYF	0	1	0	0	0	0	0	0	0	0	0	0	0	0	0	0	0	0	0	0	0	0	0	0	0
CAVPKGNTGFQKLVF_CASSLAILMNTEAFF	0	0	0	0	0	0	0	0	0	0	0	0	1	0	0	0	0	0	0	0	0	0	0	0	0
CAVPKPMDSNYQLIW_CASSPGPGGNTIYF	0	0	0	0	0	1	0	0	0	0	0	0	0	0	0	0	0	0	0	0	0	0	0	0	0
CAVPLGANSKLTF_CSANLGIAHNQPQHF	0	0	0	0	0	0	0	1	0	0	0	0	0	0	0	0	0	0	0	0	0	0	0	0	0
CAVPLVTSGTYKYIF_CASSDTPVDGYTF	0	1	0	0	0	0	0	0	0	0	0	0	0	0	0	0	0	0	0	0	0	0	0	0	0
CAVPMIKAAGNKLTF_CASSYSRGEKLFF	0	1	0	0	0	0	0	0	0	0	0	0	0	0	0	0	0	0	0	0	0	0	0	0	0
CAVPMNRDDKIIF_CAISEVGRGSPLHF	0	1	0	0	0	0	0	0	0	0	0	0	0	0	0	0	0	0	0	0	0	0	0	0	0
CAVPNQAGTALIF_CASSIVLLGDTEAFF	0	1	0	0	0	0	0	0	0	0	0	0	0	0	0	0	0	0	0	0	0	0	0	0	0
CAVPNQAGTALIF_CASSLDDPNQPQHF	0	0	0	0	0	0	0	0	0	0	0	1	0	0	0	0	0	0	0	0	0	0	0	0	0
CAVPPGGGADGLTF_CSASKGGDGYEQYF	0	0	0	0	0	0	0	1	0	0	0	0	0	0	0	0	0	0	0	0	0	0	0	0	0
CAVPPNTGNQFYF_CASSLGLHPSTDTQYF	0	0	0	0	0	0	0	0	0	0	0	0	1	0	0	0	0	0	0	0	0	0	0	0	0
CAVPPRGSNYQLIW_CASRPDRQPNYGYTF	0	0	0	0	0	0	0	0	0	0	1	0	0	0	0	0	0	0	0	0	0	0	0	0	0
CAVPPRNRDDKIIF_CASNTRGRSTDTQYF	0	0	0	0	0	0	0	0	0	0	1	0	0	0	0	0	0	0	0	0	0	0	0	0	0
CAVPRMGNTPLVF_CASSMRRGGGEETQYF	0	0	0	0	0	0	0	0	0	0	0	1	0	0	0	0	0	0	0	0	0	0	0	0	0
CAVPRSSGNTGKLIF_CSVVVGPEQYF	0	0	0	1	0	0	0	0	0	0	0	0	0	0	0	0	0	0	0	0	0	0	0	0	0
CAVPRTRQLTF_CASSLSQGSTEAFF	0	1	0	0	0	0	0	0	0	0	0	0	0	0	0	0	0	0	0	0	0	0	0	0	0
CAVPRVAMDSNYQLIW_CASSYLANEKLFF	0	1	0	0	0	0	0	0	0	0	0	0	0	0	0	0	0	0	0	0	0	0	0	0	0
CAVPSFSGGYNKLIF_CASSPPGANEQFF	0	0	0	0	0	1	0	0	0	0	0	0	0	0	0	0	0	0	0	0	0	0	0	0	0
CAVPSGGYQKVTF_CASTGDTMNTEAFF	0	1	0	0	0	0	0	0	0	0	0	0	0	0	0	0	0	0	0	0	0	0	0	0	0
CAVPSGNTPLVF_CASSSGTENTEAFF	0	0	0	0	0	0	0	0	0	0	0	1	0	0	0	0	0	0	0	0	0	0	0	0	0
CAVPSGSRLTF_CASSPHIANTGELFF	0	0	0	0	0	0	0	0	1	0	0	0	0	0	0	0	0	0	0	0	0	0	0	0	0
CAVPTGTASKLTF_CASGAGGTNEKLFF	0	0	0	1	0	0	0	0	0	0	0	0	0	0	0	0	0	0	0	0	0	0	0	0	0
CAVPVLGTDKLIF_CSVVGSSSFYGYTF	0	1	0	0	0	0	0	0	0	0	0	0	0	0	0	0	0	0	0	0	0	0	0	0	0
CAVPVNGGQLIW_NA	0	0	0	0	0	0	0	0	0	0	1	0	0	0	0	0	0	0	0	0	0	0	0	0	0
CAVPYKAAGNKLTF_CASSVNGEGFHEQYF	0	0	0	1	0	0	0	0	0	0	0	0	0	0	0	0	0	0	0	0	0	0	0	0	0
CAVPYNTDKLIF_CASSLSRANEQYF	0	0	0	0	0	0	0	0	0	0	0	1	0	0	0	0	0	0	0	0	0	0	0	0	0
CAVPYSGAGSYQLTF_CASSSGLTGELFF	0	0	0	0	0	0	0	0	0	0	0	1	0	0	0	0	0	0	0	0	0	0	0	0	0
CAVQAAGGSYIPTF_CSARDGGTYQETQYF	0	0	0	0	0	0	0	1	0	0	0	0	0	0	0	0	0	0	0	0	0	0	0	0	0
CAVQAAGGYQKVTF_CASSLSSMETQYF	0	0	0	0	0	0	0	0	0	0	0	0	1	0	0	0	0	0	0	0	0	0	0	0	0
CAVQAAGNKLTF_CASSQDNRRDTQYF	0	0	0	0	0	0	0	0	0	0	0	0	0	0	0	0	0	0	0	0	0	1	0	0	0
CAVQAANNARLMF_CATRQGLEQYF	0	0	0	1	0	0	0	0	0	0	0	0	0	0	0	0	0	0	0	0	0	0	0	0	0
CAVQAGDNFNKFYF_CSARAGTASNQPQHF	0	0	0	0	0	0	0	1	0	0	0	0	0	0	0	0	0	0	0	0	0	0	0	0	0
CAVQAGFGNVLHC_CASSGFTGNEKLFF	0	0	0	1	0	0	0	0	0	0	0	0	0	0	0	0	0	0	0	0	0	0	0	0	0
CAVQAGGANNLFF_CASSLQAGETQYF	0	0	0	0	0	0	0	0	0	0	1	0	0	0	0	0	0	0	0	0	0	0	0	0	0
CAVQAGGGSNYKLTF_CASSLKFLSSDEQYF	0	1	0	0	0	0	0	0	0	0	0	0	0	0	0	0	0	0	0	0	0	0	0	0	0
CAVQAGRETSGSRLTF_CASKRAGASYGYTF	0	0	0	0	0	0	0	0	1	0	0	0	0	0	0	0	0	0	0	0	0	0	0	0	0
CAVQAGSFQKLVF_CASSQESVNQPQHF	0	0	0	0	0	1	0	0	0	0	0	0	0	0	0	0	0	0	0	0	0	0	0	0	0
CAVQAIRDDKIIF_CSATRTSGTPDTQYF	0	0	0	0	0	0	0	1	0	0	0	0	0	0	0	0	0	0	0	0	0	0	0	0	0
CAVQALNTDKLIF_CATKEGGEAFF	0	1	0	0	0	0	0	0	0	0	0	0	0	0	0	0	0	0	0	0	0	0	0	0	0
CAVQALSQGNLIF_CASSGDLQETQYF	0	1	0	0	0	0	0	0	0	0	0	0	0	0	0	0	0	0	0	0	0	0	0	0	0
CAVQANDYKLSF_CASSKQGGTEAFF	0	1	0	0	0	0	0	0	0	0	0	0	0	0	0	0	0	0	0	0	0	0	0	0	0
CAVQANSGYSTLTF_CASSQDLNEQFF	0	1	0	0	0	0	0	0	0	0	0	0	0	0	0	0	0	0	0	0	0	0	0	0	0
CAVQAQVDGGATNKLIF_CSARDRDRVKNIQYF	0	0	0	0	0	0	0	0	0	0	0	0	0	0	0	0	0	0	0	0	0	0	0	0	1
CAVQARGGSYIPTF_CASSRGGAGYGYTF	0	1	0	0	0	0	0	0	0	0	0	0	0	0	0	0	0	0	0	0	0	0	0	0	0
CAVQARNFGNEKLTF_CASSYSWVFYEQYF	0	1	0	0	0	0	0	0	0	0	0	0	0	0	0	0	0	0	0	0	0	0	0	0	0
CAVQATGYSTLTF_CASSIPREGDTQYF	0	0	0	1	0	0	0	0	0	0	0	0	0	0	0	0	0	0	0	0	0	0	0	0	0
CAVQATLNAGNMLTF_CSVVSQGAGYTF	0	1	0	0	0	0	0	0	0	0	0	0	0	0	0	0	0	0	0	0	0	0	0	0	0
CAVQAWGAAGNKLTF_CASSLTANTEAFF	0	0	0	1	0	0	0	0	0	0	0	0	0	0	0	0	0	0	0	0	0	0	0	0	0
CAVQAYGQNFVF_CASSSAPLNTQYF	0	0	0	1	0	0	0	0	0	0	0	0	0	0	0	0	0	0	0	0	0	0	0	0	0
CAVQDINFNKFYF_CASRNTGTMYF	0	0	0	1	0	0	0	0	0	0	0	0	0	0	0	0	0	0	0	0	0	0	0	0	0
CAVQDSNDYKLSF_CASSLGQGGNQPQHF	0	1	0	0	0	0	0	0	0	0	0	0	0	0	0	0	0	0	0	0	0	0	0	0	0
CAVQEDSSYKLIF_NA	0	0	1	0	0	0	0	0	0	0	0	0	0	0	0	0	0	0	0	0	0	0	0	0	0
CAVQGAQKLVF_CASSSPTGLGYGYTF	0	0	0	0	0	0	0	0	1	0	0	0	0	0	0	0	0	0	0	0	0	0	0	0	0
CAVQGFSGGYQKVTF_CAWRTSGYNEQFF	0	0	0	1	0	0	0	0	0	0	0	0	0	0	0	0	0	0	0	0	0	0	0	0	0
CAVQGGNRDDKIIF_CASSYQIGNTIYF	0	0	0	1	0	0	0	0	0	0	0	0	0	0	0	0	0	0	0	0	0	0	0	0	0
CAVQGKTDKLIF_CASSPWDISTDTQYF	0	0	0	1	0	0	0	0	0	0	0	0	0	0	0	0	0	0	0	0	0	0	0	0	0
CAVQGNYGGSQGNLIF_CASSYSRFASSYNEQFF	0	0	0	1	0	0	0	0	0	0	0	0	0	0	0	0	0	0	0	0	0	0	0	0	0
CAVQGSGNFNKFYF_CASRTPGRQETQYF	0	0	0	1	0	0	0	0	0	0	0	0	0	0	0	0	0	0	0	0	0	0	0	0	0
CAVQGYDNFNKFYF_CASSRELGSPLHF	0	0	0	0	0	0	0	0	1	0	0	0	0	0	0	0	0	0	0	0	0	0	0	0	0
CAVQGYSGGGADGLTF_CASSLSGAEQFF	0	0	0	0	0	2	0	0	0	0	0	0	0	0	0	0	0	0	0	0	0	0	0	0	0
CAVQGYSGGGADGLTF_CASSLTGSEAFF	0	0	0	0	0	1	0	0	0	0	0	0	0	0	0	0	0	0	0	0	0	0	0	0	0
CAVQITDKLIF_CASSFGRNYGYTF	0	0	0	0	0	0	0	0	0	0	0	0	1	0	0	0	0	0	0	0	0	0	0	0	0
CAVQKDSSYKLIF_CASSSRAGRRGTEAFF	0	1	0	0	0	0	0	0	0	0	0	0	0	0	0	0	0	0	0	0	0	0	0	0	0
CAVQKGNKLVF_CASSPRGRVATNEKLFF	0	1	0	0	0	0	0	0	0	0	0	0	0	0	0	0	0	0	0	0	0	0	0	0	0
CAVQLIKAAGNKLTF_CASRPASFRLETQYF	0	0	0	0	0	0	0	0	0	0	1	0	0	0	0	0	0	0	0	0	0	0	0	0	0
CAVQNNYGQNFVF_CASSLGRRGSNQPQHF	0	1	0	0	0	0	0	0	0	0	0	0	0	0	0	0	0	0	0	0	0	0	0	0	0
CAVQPERDNYGQNFVF_CASSSKGLAVAKNIQYF	0	0	0	1	0	0	0	0	0	0	0	0	0	0	0	0	0	0	0	0	0	0	0	0	0
CAVQPNSGGSNYKLTF_CASSLSRGDGYTF	0	0	0	0	0	0	0	0	0	0	1	0	0	0	0	0	0	0	0	0	0	0	0	0	0
CAVQPPNYGQNFVF_CASIKTDEAFF	0	0	0	0	0	0	0	0	0	0	0	0	1	0	0	0	0	0	0	0	0	0	0	0	0
CAVQPVQPPLRMTGTSGSRLTF_CASRRTGVETQYF	0	0	0	0	0	0	0	0	0	0	0	0	0	0	0	1	0	0	0	0	0	0	0	0	0
CAVQRADSWGKFQF_CASSYSKQARHEQYF	0	1	0	0	0	0	0	0	0	0	0	0	0	0	0	0	0	0	0	0	0	0	0	0	0
CAVQRAGFGNVLHC_CASKTTASSYNEQFF	0	1	0	0	0	0	0	0	0	0	0	0	0	0	0	0	0	0	0	0	0	0	0	0	0
CAVQRGSGNTGKLIF_CASSPGPRATEAFF	0	0	0	0	0	0	0	0	0	0	0	0	1	0	0	0	0	0	0	0	0	0	0	0	0
CAVQSLGFQKLVF_CASSFRDPLVQGNQPQHF	0	1	0	0	0	0	0	0	0	0	0	0	0	0	0	0	0	0	0	0	0	0	0	0	0
CAVQVRFGNEKLTF_CASSLSRQGWGTQYF	0	0	0	1	0	0	0	0	0	0	0	0	0	0	0	0	0	0	0	0	0	0	0	0	0
CAVQWVMGGAQKLVF_CASSDSVLGATQYF	0	1	0	0	0	0	0	0	0	0	0	0	0	0	0	0	0	0	0	0	0	0	0	0	0
CAVRADSNYQLIW_CATYWGGTGEQFF	0	0	0	0	0	0	1	0	0	0	0	0	0	0	0	0	0	0	0	0	0	0	0	0	0
CAVRAGGGNKLTF_CASGAGTAEVF	0	0	0	1	0	0	0	0	0	0	0	0	0	0	0	0	0	0	0	0	0	0	0	0	0
CAVRAGGSYIPTF_CASRGVPGQGSIDGYTF	0	1	0	0	0	0	0	0	0	0	0	0	0	0	0	0	0	0	0	0	0	0	0	0	0
CAVRAGGSYIPTF_CASRVRKNTEAFF	0	1	0	0	0	0	0	0	0	0	0	0	0	0	0	0	0	0	0	0	0	0	0	0	0
CAVRAGSSNTGKLIF_CASSSVGAGLSYNEQFF	0	1	0	0	0	0	0	0	0	0	0	0	0	0	0	0	0	0	0	0	0	0	0	0	0
CAVRAGYSSASKIIF_CASSLDGPLEQYF	0	1	0	0	0	0	0	0	0	0	0	0	0	0	0	0	0	0	0	0	0	0	0	0	0
CAVRALFSGGYNKLIF_CSARAKGRDGYTF	0	0	0	0	0	0	0	1	0	0	0	0	0	0	0	0	0	0	0	0	0	0	0	0	0
CAVRANRDDKIIF_CASSEYAEGQPQHF	0	0	0	0	0	1	0	0	0	0	0	0	0	0	0	0	0	0	0	0	0	0	0	0	0
CAVRANSGYSTLTF_CSARDLKTGPNTEAFF	0	0	0	0	0	0	0	1	0	0	0	0	0	0	0	0	0	0	0	0	0	0	0	0	0
CAVRANTGGFKTIF_CAIQTGAGNTIYF	0	0	0	1	0	0	0	0	0	0	0	0	0	0	0	0	0	0	0	0	0	0	0	0	0
CAVRANTGNQFYF_CASSSSVAKNIQYF	0	0	0	0	0	0	0	0	0	0	1	0	0	0	0	0	0	0	0	0	0	0	0	0	0
CAVRANYNQGGKLIF_CASSQDRVGLAGDTQYF	0	0	0	0	0	0	0	0	0	0	0	0	0	0	0	0	0	0	0	0	0	1	0	0	0
CAVRAPGSGAGSYQLTF_CASSLGLNQPQHF	0	1	0	0	0	0	0	0	0	0	0	0	0	0	0	0	0	0	0	0	0	0	0	0	0
CAVRAPTIKAAGNKLTF_CASSPLVPNTGELFF	0	0	0	1	0	0	0	0	0	0	0	0	0	0	0	0	0	0	0	0	0	0	0	0	0
CAVRARDGANSKLTF_CASSILAGRGEGGYTQYF	0	0	0	0	0	0	0	0	0	0	0	1	0	0	0	0	0	0	0	0	0	0	0	0	0
CAVRAREYGNKLVF_CASSSGQHTEAFF	0	1	0	0	0	0	0	0	0	0	0	0	0	0	0	0	0	0	0	0	0	0	0	0	0
CAVRARNSGNTPLVF_CASNPYPAPMNTEAFF	0	0	0	0	0	0	0	0	0	0	0	0	1	0	0	0	0	0	0	0	0	0	0	0	0
CAVRASGTYKYIF_CASSLSGTLWAFF	0	0	0	1	0	0	0	0	0	0	0	0	0	0	0	0	0	0	0	0	0	0	0	0	0
CAVRAVRNNNDMRF_CSARGGGPGNTIYF	0	0	0	0	0	0	0	0	0	0	0	0	0	0	0	0	0	0	0	0	0	0	0	0	1
CAVRDAGGSYIPTF_CASSLRAPRGSYNEQFF	0	0	0	0	0	0	0	0	0	0	1	0	0	0	0	0	0	0	0	0	0	0	0	0	0
CAVRDASGGSYIPTF_CATSDPGSEQFF	0	1	0	0	0	0	0	0	0	0	0	0	0	0	0	0	0	0	0	0	0	0	0	0	0
CAVRDDNYGQNFVF_CASSPPLDRGTEAFF	0	1	0	0	0	0	0	0	0	0	0	0	0	0	0	0	0	0	0	0	0	0	0	0	0
CAVRDDSSASKIIF_CASSDSFAGNSPLHF	0	1	0	0	0	0	0	0	0	0	0	0	0	0	0	0	0	0	0	0	0	0	0	0	0
CAVRDDSSASKIIF_CASSTAGNTEAFF	0	1	0	0	0	0	0	0	0	0	0	0	0	0	0	0	0	0	0	0	0	0	0	0	0
CAVRDDSWGKLQF_CASTSGLPTGELFF	0	1	0	0	0	0	0	0	0	0	0	0	0	0	0	0	0	0	0	0	0	0	0	0	0
CAVRDDTDKLIF_CASSASRQGINSPLHF	0	0	0	1	0	0	0	0	0	0	0	0	0	0	0	0	0	0	0	0	0	0	0	0	0
CAVRDDTGRRALTF_NA	0	1	0	0	0	0	0	0	0	0	0	0	0	0	0	0	0	0	0	0	0	0	0	0	0
CAVRDEAAGNKLTF_CSARIRGLETQYF	0	0	0	0	0	0	0	0	0	0	0	0	0	0	0	0	0	0	0	0	0	0	0	0	1
CAVRDFNKFYF_CSAPTGAGTEAFF	0	0	0	0	0	0	0	1	0	0	0	0	0	0	0	0	0	0	0	0	0	0	0	0	0
CAVRDFQGGKLIF_CATRGLGTGELFF	0	1	0	0	0	0	0	0	0	0	0	0	0	0	0	0	0	0	0	0	0	0	0	0	0
CAVRDGAGSYQLTF_CASSDVDEQFF	0	1	0	0	0	0	0	0	0	0	0	0	0	0	0	0	0	0	0	0	0	0	0	0	0
CAVRDGDSNYQLIW_CASSPQGGTDTQYF	0	0	0	0	0	0	0	0	0	0	0	0	1	0	0	0	0	0	0	0	0	0	0	0	0
CAVRDGDTGRRALTF_CATSRSGGPYEQYF	0	1	0	0	0	0	0	0	0	0	0	0	0	0	0	0	0	0	0	0	0	0	0	0	0
CAVRDGDYKLSF_CASSDSGSGGGEQFF	0	0	0	0	0	1	0	0	0	0	0	0	0	0	0	0	0	0	0	0	0	0	0	0	0
CAVRDGDYKLSF_CASSPRDTDTQYF	0	0	0	0	0	1	0	0	0	0	0	0	0	0	0	0	0	0	0	0	0	0	0	0	0
CAVRDGDYKLSF_CASSQQTSGADTQYF	0	0	0	0	0	1	0	0	0	0	0	0	0	0	0	0	0	0	0	0	0	0	0	0	0
CAVRDGDYKLSF_CASSYSENTEAFF	0	0	0	0	0	1	0	0	0	0	0	0	0	0	0	0	0	0	0	0	0	0	0	0	0
CAVRDGDYQLIW_CASSQEDGASYEQYF	0	0	0	0	0	1	0	0	0	0	0	0	0	0	0	0	0	0	0	0	0	0	0	0	0
CAVRDGEDSSYKLIF_CASRLKGRGAGTEAFF	0	0	0	1	0	0	0	0	0	0	0	0	0	0	0	0	0	0	0	0	0	0	0	0	0
CAVRDGGATNKLIF_CASSIVGRQAGQPQHF	0	0	0	1	0	0	0	0	0	0	0	0	0	0	0	0	0	0	0	0	0	0	0	0	0
CAVRDGGGKLIF_CASRSQGDQPQHF	0	1	0	0	0	0	0	0	0	0	0	0	0	0	0	0	0	0	0	0	0	0	0	0	0
CAVRDGGKAAGNKLTF_CASSTGGYNSPLHF	0	1	0	0	0	0	0	0	0	0	0	0	0	0	0	0	0	0	0	0	0	0	0	0	0
CAVRDGGSQGNLIF_CASSYRDTSYEQYF	0	0	0	1	0	0	0	0	0	0	0	0	0	0	0	0	0	0	0	0	0	0	0	0	0
CAVRDGMDSSYKLIF_CASSPLAGGWDEQFF	0	0	0	0	0	1	0	0	0	0	0	0	0	0	0	0	0	0	0	0	0	0	0	0	0
CAVRDGNKLVF_CASSPPSTDTQYF	0	1	0	0	0	0	0	0	0	0	0	0	0	0	0	0	0	0	0	0	0	0	0	0	0
CAVRDGNNRKLIW_CSVEYSYEQYF	0	0	0	1	0	0	0	0	0	0	0	0	0	0	0	0	0	0	0	0	0	0	0	0	0
CAVRDGSGGYQKVTF_CASSVENGNRGYTF	0	0	0	1	0	0	0	0	0	0	0	0	0	0	0	0	0	0	0	0	0	0	0	0	0
CAVRDGSTGFQKLVF_CSAPVGGPYEQYF	0	0	0	0	0	0	0	1	0	0	0	0	0	0	0	0	0	0	0	0	0	0	0	0	0
CAVRDGTGYSTLTF_CASAARQDNQPQHF	0	0	0	1	0	0	0	0	0	0	0	0	0	0	0	0	0	0	0	0	0	0	0	0	0
CAVRDGYTPLVF_CASSQANGQPQHF	0	1	0	0	0	0	0	0	0	0	0	0	0	0	0	0	0	0	0	0	0	0	0	0	0
CAVRDIGTGGFKTIF_CASSLTPQQYNEQFF	0	1	0	0	0	0	0	0	0	0	0	0	0	0	0	0	0	0	0	0	0	0	0	0	0
CAVRDLDTDKLIF_CASSYASWDYTF	0	1	0	0	0	0	0	0	0	0	0	0	0	0	0	0	0	0	0	0	0	0	0	0	0
CAVRDLGANDYKLSF_CSAREGHSEYEQYF	0	0	0	0	0	0	0	1	0	0	0	0	0	0	0	0	0	0	0	0	0	0	0	0	0
CAVRDLGGFKTIF_CASSLAVKETQYF	0	0	0	1	0	0	0	0	0	0	0	0	0	0	0	0	0	0	0	0	0	0	0	0	0
CAVRDLGLEKSGGSYIPTF_CASSLALPQFF	0	0	0	0	0	0	0	0	0	0	1	0	0	0	0	0	0	0	0	0	0	0	0	0	0
CAVRDLLTGGGNKLTF_CSARGTELYEQYF	0	0	0	0	0	0	0	1	0	0	0	0	0	0	0	0	0	0	0	0	0	0	0	0	0
CAVRDLYQGGKLIF_CASSIPGGETEAFF	0	0	0	0	0	0	0	0	0	0	0	0	1	0	0	0	0	0	0	0	0	0	0	0	0
CAVRDMARYKLSF_CASSTDPGNEQFF	0	1	0	0	0	0	0	0	0	0	0	0	0	0	0	0	0	0	0	0	0	0	0	0	0
CAVRDMGQAGNNRKLIW_CASSPPNRGGSTEAFF	0	1	0	0	0	0	0	0	0	0	0	0	0	0	0	0	0	0	0	0	0	0	0	0	0
CAVRDMGTYNTDKLIF_CASSQFPRGTDTQYF	0	0	0	0	0	0	0	0	0	0	0	0	0	0	0	1	0	0	0	0	0	0	0	0	0
CAVRDNDYKLSF_CASSELAGGQETQYF	0	0	0	0	0	1	0	0	0	0	0	0	0	0	0	0	0	0	0	0	0	0	0	0	0
CAVRDNDYKLSF_CASSIDTQPQHF	0	1	0	0	0	0	0	0	0	0	0	0	0	0	0	0	0	0	0	0	0	0	0	0	0
CAVRDNSGNTPLVF_CSAREALSGFYEQYF	0	0	0	0	0	0	0	1	0	0	0	0	0	0	0	0	0	0	0	0	0	0	0	0	0
CAVRDNTGRRALTF_CASSKAPGRLSTDTQYF	0	1	0	0	0	0	0	0	0	0	0	0	0	0	0	0	0	0	0	0	0	0	0	0	0
CAVRDNTNAGKSTF_CASRVTGGASSYEQYF	0	0	0	0	0	0	0	0	0	0	0	1	0	0	0	0	0	0	0	0	0	0	0	0	0
CAVRDNYGQNFVF_CSASKTSEQYF	0	0	0	0	0	0	0	0	0	0	0	0	0	0	0	0	0	0	0	0	0	0	0	0	1
CAVRDPGYKLSF_CASSPSSGTSNEQFF	0	0	0	1	0	0	0	0	0	0	0	0	0	0	0	0	0	0	0	0	0	0	0	0	0
CAVRDPLGGKLIF_CASSSSRGANQPQHF	0	0	0	0	0	0	0	0	0	0	1	0	0	0	0	0	0	0	0	0	0	0	0	0	0
CAVRDPNSGGYQKVTF_CASSLLIGAAQGEKLFF	0	0	0	0	0	0	0	0	0	0	1	0	0	0	0	0	0	0	0	0	0	0	0	0	0
CAVRDPSNDYKLSF_CASRREAGNQPQHF	0	0	0	0	0	0	0	0	1	0	0	0	0	0	0	0	0	0	0	0	0	0	0	0	0
CAVRDQAGTALIF_CSAPKREGHYEQYF	0	0	0	0	0	0	0	1	0	0	0	0	0	0	0	0	0	0	0	0	0	0	0	0	0
CAVRDQDTNAGKSTF_CASSLGHNYEQYF	0	0	0	0	0	0	0	0	0	0	1	0	0	0	0	0	0	0	0	0	0	0	0	0	0
CAVRDQRSGANNLFF_CASRPVGGNTEAFF	0	0	0	1	0	0	0	0	0	0	0	0	0	0	0	0	0	0	0	0	0	0	0	0	0
CAVRDQSGAGTALIF_CASSQGSKYDYEQYF	0	0	0	0	0	0	0	0	0	0	0	0	0	0	0	0	0	0	0	0	0	1	0	0	0
CAVRDRDAGNMLTF_CASATWDRGPFSGNTIYF	0	0	0	1	0	0	0	0	0	0	0	0	0	0	0	0	0	0	0	0	0	0	0	0	0
CAVRDRDYKLSF_CASSDGTGSGTLHF	0	0	0	0	0	1	0	0	0	0	0	0	0	0	0	0	0	0	0	0	0	0	0	0	0
CAVRDRGFKTIF_CASSLGGNHEQYF	0	0	0	0	0	0	0	0	1	0	0	0	0	0	0	0	0	0	0	0	0	0	0	0	0
CAVRDRGTGGFKTIF_CASGFPEGEQYF	0	0	0	0	0	0	0	0	1	0	0	0	0	0	0	0	0	0	0	0	0	0	0	0	0
CAVRDRSGNTGKLIF_CSASRTGGSYEQYF	0	0	0	0	0	0	0	0	0	0	0	0	0	0	0	0	0	0	0	0	0	0	0	0	1
CAVRDSDYKLSF_CASSDSSGSGTDTQYF	0	0	0	0	0	2	0	0	0	0	0	0	0	0	0	0	0	0	0	0	0	0	0	0	0
CAVRDSEGGGYQKVTF_CASSQKGQDWNEQFF	0	0	0	0	0	0	0	0	0	0	0	0	0	0	0	1	0	0	0	0	0	0	0	0	0
CAVRDSGNTGKLIF_CASTPAANHYGYTF	0	0	0	0	0	0	0	0	0	0	0	0	0	0	0	1	0	0	0	0	0	0	0	0	0
CAVRDSGNTPLVF_CAISESWEQYF	0	0	0	1	0	0	0	0	0	0	0	0	0	0	0	0	0	0	0	0	0	0	0	0	0
CAVRDSGNTPLVF_CASSPGRRNSYEQYF	0	0	0	0	0	0	0	0	0	0	1	0	0	0	0	0	0	0	0	0	0	0	0	0	0
CAVRDSNYQLIW_CASSDGTGGTDTQYF	0	0	0	0	0	1	0	0	0	0	0	0	0	0	0	0	0	0	0	0	0	0	0	0	0
CAVRDSNYQLIW_CASSEDRGATDTQYF	0	0	0	0	0	1	0	0	0	0	0	0	0	0	0	0	0	0	0	0	0	0	0	0	0
CAVRDSNYQLIW_CASSEGGSTGELFF	0	0	0	0	0	1	0	0	0	0	0	0	0	0	0	0	0	0	0	0	0	0	0	0	0
CAVRDSNYQLIW_CASSELAGSYNEQFF	0	0	0	0	0	1	0	0	0	0	0	0	0	0	0	0	0	0	0	0	0	0	0	0	0
CAVRDSNYQLIW_CASSGTSTGELFF	0	0	0	0	0	1	0	0	0	0	0	0	0	0	0	0	0	0	0	0	0	0	0	0	0
CAVRDSNYQLIW_CASSQGLAGVNEQYF	0	0	0	0	0	0	0	0	0	0	0	0	0	0	0	0	0	0	0	0	0	1	0	0	0
CAVRDSNYQLIW_CASSSANTGELFF	0	0	0	0	0	1	0	0	0	0	0	0	0	0	0	0	0	0	0	0	0	0	0	0	0
CAVRDSNYQLIW_CASSSGTSGGADTQYF	0	0	0	0	0	1	0	0	0	0	0	0	0	0	0	0	0	0	0	0	0	0	0	0	0
CAVRDSNYQLIW_CASSYGTSTDTQYF	0	0	0	0	0	1	0	0	0	0	0	0	0	0	0	0	0	0	0	0	0	0	0	0	0
CAVRDSNYQLIW_CASSYSDYNEQFF	0	0	0	0	0	1	0	0	0	0	0	0	0	0	0	0	0	0	0	0	0	0	0	0	0
CAVRDSNYQLIW_CASSYSMDGSYEQYF	0	0	0	0	0	1	0	0	0	0	0	0	0	0	0	0	0	0	0	0	0	0	0	0	0
CAVRDSNYQLIW_CSAEQGARVTEAFF	0	0	0	0	0	1	0	0	0	0	0	0	0	0	0	0	0	0	0	0	0	0	0	0	0
CAVRDSNYQLIW_NA	0	0	0	0	0	1	0	0	0	0	0	0	0	0	0	0	0	0	0	0	0	0	0	0	0
CAVRDSRDDKIIF_CTPILYNEQFF	0	0	0	0	0	0	0	1	0	0	0	0	0	0	0	0	0	0	0	0	0	0	0	0	0
CAVRDSSGGSYIPTF_CSAQGDGEQYF	0	0	0	0	0	0	0	1	0	0	0	0	0	0	0	0	0	0	0	0	0	0	0	0	0
CAVRDSSSSGSARQLTF_CASTPSSEYSYEQYF	0	0	0	1	0	0	0	0	0	0	0	0	0	0	0	0	0	0	0	0	0	0	0	0	0
CAVRDSWGKLQF_CASSSLDRGLYTGELFF	0	0	0	1	0	0	0	0	0	0	0	0	0	0	0	0	0	0	0	0	0	0	0	0	0
CAVRDTGGFKTIF_CASSLEYGSSYEQYF	0	0	0	0	0	0	0	0	0	0	0	0	1	0	0	0	0	0	0	0	0	0	0	0	0
CAVRDTSGGGFKTIF_CASSQSRNTEAFF	0	0	0	0	0	0	0	0	0	0	0	0	0	0	0	0	0	0	0	0	0	1	0	0	0
CAVRDVGFGNVLHC_CASSLKYQETQYF	0	0	0	1	0	0	0	0	0	0	0	0	0	0	0	0	0	0	0	0	0	0	0	0	0
CAVRDVLNSGGYQKVTF_CASRGMGTASSEQFF	0	0	0	1	0	0	0	0	0	0	0	0	0	0	0	0	0	0	0	0	0	0	0	0	0
CAVRDVVNQAGTALIF_CAISEPGQDYGYTF	0	1	0	0	0	0	0	0	0	0	0	0	0	0	0	0	0	0	0	0	0	0	0	0	0
CAVRDWSRDDKIIF_CASSYPPTGRTDNEQFF	0	0	0	1	0	0	0	0	0	0	0	0	0	0	0	0	0	0	0	0	0	0	0	0	0
CAVRDYAGFQKLVF_CASSSATESYNSPLHF	0	0	0	1	0	0	0	0	0	0	0	0	0	0	0	0	0	0	0	0	0	0	0	0	0
CAVRDYDGGSQGNLIF_CATSGRGAGNEQFF	0	0	0	0	0	1	0	0	0	0	0	0	0	0	0	0	0	0	0	0	0	0	0	0	0
CAVRDYNAGNNRKLIW_CASSLRDRGLETQYF	0	0	0	0	0	0	0	0	0	0	0	0	0	0	0	1	0	0	0	0	0	0	0	0	0
CAVRDYNSGYSTLTF_CASSIAGDVVNQPQHF	0	0	0	1	0	0	0	0	0	0	0	0	0	0	0	0	0	0	0	0	0	0	0	0	0
CAVRDYNTNAGKSTF_CASSLRGQTYEQYF	0	0	0	0	0	0	0	1	0	0	0	0	0	0	0	0	0	0	0	0	0	0	0	0	0
CAVREDSNYQLIW_CASSLGGIQPQHF	0	0	0	0	0	1	0	0	0	0	0	0	0	0	0	0	0	0	0	0	0	0	0	0	0
CAVREDTNAGKSTF_CASGDGANVLTF	0	0	0	1	0	0	0	0	0	0	0	0	0	0	0	0	0	0	0	0	0	0	0	0	0
CAVREEYKLSF_CASSSDGGRKQFF	0	1	0	0	0	0	0	0	0	0	0	0	0	0	0	0	0	0	0	0	0	0	0	0	0
CAVREFSGGYNKLIF_CASSPPDRPEGEQYF	0	1	0	0	0	0	0	0	0	0	0	0	0	0	0	0	0	0	0	0	0	0	0	0	0
CAVRENNNDMRF_CASSFSPGTPNTEAFF	0	0	0	1	0	0	0	0	0	0	0	0	0	0	0	0	0	0	0	0	0	0	0	0	0
CAVREYSGAGSYQLTF_CASSLWADASGNTIYF	0	0	0	0	0	1	0	0	0	0	0	0	0	0	0	0	0	0	0	0	0	0	0	0	0
CAVRFISGGYNKLIF_CASSVSDLVSGEQYF	0	0	0	0	0	1	0	0	0	0	0	0	0	0	0	0	0	0	0	0	0	0	0	0	0
CAVRFRGGGADGLTF_CASSQSGRDHAEQFF	0	1	0	0	0	0	0	0	0	0	0	0	0	0	0	0	0	0	0	0	0	0	0	0	0
CAVRFSDGQKLLF_CASSPSRGMEKLFF	0	1	0	0	0	0	0	0	0	0	0	0	0	0	0	0	0	0	0	0	0	0	0	0	0
CAVRFSGNTGKLIF_CASSLQTATNEKLFF	0	0	0	0	0	0	0	0	0	0	0	0	1	0	0	0	0	0	0	0	0	0	0	0	0
CAVRFSNDYKLSF_CASSPQAGLNTEAFF	0	0	0	1	0	0	0	0	0	0	0	0	0	0	0	0	0	0	0	0	0	0	0	0	0
CAVRGAMDSSYKLIF_CSATDGTEAFF	0	0	0	0	0	0	0	1	0	0	0	0	0	0	0	0	0	0	0	0	0	0	0	0	0
CAVRGDSNYQLIW_CASSPHWTDTQYF	0	0	0	0	0	0	0	0	0	0	0	1	0	0	0	0	0	0	0	0	0	0	0	0	0
CAVRGGFSGGYNKLIF_CSARDGEASYEQYF	0	0	0	0	0	1	0	0	0	0	0	0	0	0	0	0	0	0	0	0	0	0	0	0	0
CAVRGGGADGLTF_CASSPSGSSYNEQFF	0	0	0	1	0	0	0	0	0	0	0	0	0	0	0	0	0	0	0	0	0	0	0	0	0
CAVRGGGATNKLIF_CASSQLDRVDGYTF	0	0	0	0	0	0	0	0	0	0	0	1	0	0	0	0	0	0	0	0	0	0	0	0	0
CAVRGGGNTPLVF_CASTPGYRLNTEAFF	0	0	0	0	0	0	0	0	1	0	0	0	0	0	0	0	0	0	0	0	0	0	0	0	0
CAVRGGGYQKVTF_CASSLNGPSLSSGNTIYF	0	0	0	0	0	0	0	0	0	0	1	0	0	0	0	0	0	0	0	0	0	0	0	0	0
CAVRGGMTGYSTLTF_CASSLTGGQGTFSTDTQYF	0	0	0	0	0	0	0	0	1	0	0	0	0	0	0	0	0	0	0	0	0	0	0	0	0
CAVRGGSGNTGKLIF_CASSYSPPPDVGYTF	0	1	0	0	0	0	0	0	0	0	0	0	0	0	0	0	0	0	0	0	0	0	0	0	0
CAVRGGSNYKLTF_CASSSPGDSYEQYF	0	1	0	0	0	0	0	0	0	0	0	0	0	0	0	0	0	0	0	0	0	0	0	0	0
CAVRGGSSGSARQLTF_CASSPWTVGYTF	0	0	0	0	0	0	0	0	0	0	0	1	0	0	0	0	0	0	0	0	0	0	0	0	0
CAVRGGVEGTASKLTF_CASSPTGAGQETQYF	0	0	0	0	0	0	0	0	0	0	0	1	0	0	0	0	0	0	0	0	0	0	0	0	0
CAVRGIDSGYALNF_CATGQTGQGYSGANVLTF	0	0	0	1	0	0	0	0	0	0	0	0	0	0	0	0	0	0	0	0	0	0	0	0	0
CAVRGLWGGATNKLIF_CASSEFRDSQLGYTF	0	0	0	1	0	0	0	0	0	0	0	0	0	0	0	0	0	0	0	0	0	0	0	0	0
CAVRGNNARLMF_CASSSTGVSNQPQHF	0	0	0	1	0	0	0	0	0	0	0	0	0	0	0	0	0	0	0	0	0	0	0	0	0
CAVRGNNNDMRF_CASSAQGANTGELFF	0	1	0	0	0	0	0	0	0	0	0	0	0	0	0	0	0	0	0	0	0	0	0	0	0
CAVRGNQAGTALIF_CASSADTGELFF	0	1	0	0	0	0	0	0	0	0	0	0	0	0	0	0	0	0	0	0	0	0	0	0	0
CAVRGNQGGKLIF_CASSLQGPGYEQYF	0	0	0	0	0	0	0	0	0	0	0	0	1	0	0	0	0	0	0	0	0	0	0	0	0
CAVRGNQGGKLIF_CSARDRAGSHEQYF	0	0	0	0	0	0	0	1	0	0	0	0	0	0	0	0	0	0	0	0	0	0	0	0	0
CAVRGNTDKLIF_CASSEVTLGYEQYF	0	1	0	0	0	0	0	0	0	0	0	0	0	0	0	0	0	0	0	0	0	0	0	0	0
CAVRGPFKAAGNKLTF_CASSLGPLNEQYF	0	0	0	1	0	0	0	0	0	0	0	0	0	0	0	0	0	0	0	0	0	0	0	0	0
CAVRGPNNNARLMF_CASSIFPGSLEQYF	0	1	0	0	0	0	0	0	0	0	0	0	0	0	0	0	0	0	0	0	0	0	0	0	0
CAVRGPSGGSYIPTF_CASMDRGTTGELFF	0	1	0	0	0	0	0	0	0	0	0	0	0	0	0	0	0	0	0	0	0	0	0	0	0
CAVRGPSSNTGKLIF_CASSHILGGYNNEQFF	0	0	0	0	0	0	0	0	0	0	0	0	0	0	0	1	0	0	0	0	0	0	0	0	0
CAVRGRASGNTPLVF_CASSVSRTDQETQYF	0	1	0	0	0	0	0	0	0	0	0	0	0	0	0	0	0	0	0	0	0	0	0	0	0
CAVRGRGNTPLVF_CSARTGISYEQYF	0	0	0	0	0	0	0	1	0	0	0	0	0	0	0	0	0	0	0	0	0	0	0	0	0
CAVRGRNTGGFKTIF_CASSLPSTGELFF	0	1	0	0	0	0	0	0	0	0	0	0	0	0	0	0	0	0	0	0	0	0	0	0	0
CAVRGSLGGTSYGKLTF_CASSGTGGRTEAFF	0	0	0	0	0	0	0	0	0	0	0	0	0	0	0	1	0	0	0	0	0	0	0	0	0
CAVRGSSGGSYIPTF_CASSQYRGNEQFF	0	0	0	1	0	0	0	0	0	0	0	0	0	0	0	0	0	0	0	0	0	0	0	0	0
CAVRGSSSNTGKLIF_CASSFRDRATVEAFF	0	0	0	0	0	0	0	0	1	0	0	0	0	0	0	0	0	0	0	0	0	0	0	0	0
CAVRGSYSGAGSYQLTF_CASMPAGRINEKLFF	0	1	0	0	0	0	0	0	0	0	0	0	0	0	0	0	0	0	0	0	0	0	0	0	0
CAVRGTDKLIF_CASRPEGVAKNIQYF	0	0	0	0	0	0	0	0	0	0	0	0	1	0	0	0	0	0	0	0	0	0	0	0	0
CAVRGTDKLIF_CASSYSMRAYSETQYF	0	0	0	1	0	0	0	0	0	0	0	0	0	0	0	0	0	0	0	0	0	0	0	0	0
CAVRGTGFQKLVF_CASSESYPGGITEAFF	0	0	0	0	0	1	0	0	0	0	0	0	0	0	0	0	0	0	0	0	0	0	0	0	0
CAVRGTGGFKTIF_CASSLAIRGYEKLFF	0	0	0	1	0	0	0	0	0	0	0	0	0	0	0	0	0	0	0	0	0	0	0	0	0
CAVRGVAIYNQGGKLIF_CASGALYEQYF	0	1	0	0	0	0	0	0	0	0	0	0	0	0	0	0	0	0	0	0	0	0	0	0	0
CAVRGVNFGNEKLTF_CASSQGQQYEQYF	0	0	0	0	0	0	0	0	1	0	0	0	0	0	0	0	0	0	0	0	0	0	0	0	0
CAVRGYDYKLSF_CASSYSTGSGETQYF	0	1	0	0	0	0	0	0	0	0	0	0	0	0	0	0	0	0	0	0	0	0	0	0	0
CAVRGYGAGSYQLTF_CASSQDRQGSGTDTQYF	0	1	0	0	0	0	0	0	0	0	0	0	0	0	0	0	0	0	0	0	0	0	0	0	0
CAVRGYQKVTF_CSALWLRVEDEQFF	0	0	0	0	0	0	0	0	0	0	0	0	0	0	0	0	0	0	0	0	0	0	0	0	1
CAVRHDKIIF_CSARWPSGSYEQYF	0	0	0	0	0	0	0	1	0	0	0	0	0	0	0	0	0	0	0	0	0	0	0	0	0
CAVRHLDNYGQNFVF_CASRSKRTEAFF	0	0	0	1	0	0	0	0	0	0	0	0	0	0	0	0	0	0	0	0	0	0	0	0	0
CAVRIIQGAQKLVF_CASSLWNQPQHF	0	1	0	0	0	0	0	0	0	0	0	0	0	0	0	0	0	0	0	0	0	0	0	0	0
CAVRISGNTGKLIF_CASSLATTGELFF	0	1	0	0	0	0	0	0	0	0	0	0	0	0	0	0	0	0	0	0	0	0	0	0	0
CAVRKDGGSNYKLTF_CASSLGIAWITEAFF	0	1	0	0	0	0	0	0	0	0	0	0	0	0	0	0	0	0	0	0	0	0	0	0	0
CAVRKGGATNKLIF_CSASPPGNQPQHF	0	0	0	0	0	1	0	0	0	0	0	0	0	0	0	0	0	0	0	0	0	0	0	0	0
CAVRKTTGGLTGGGNKLTF_CASSPNPGRSGFNDEQYF	0	0	0	0	0	0	0	0	0	0	0	0	0	0	0	1	0	0	0	0	0	0	0	0	0
CAVRLDSNYQLIW_CASSLAGQRPAFF	0	0	0	0	0	0	0	0	0	0	0	0	1	0	0	0	0	0	0	0	0	0	0	0	0
CAVRLDSNYQLIW_CASSLTVNTEAFF	0	0	0	1	0	0	0	0	0	0	0	0	0	0	0	0	0	0	0	0	0	0	0	0	0
CAVRLFSGGYNKLIF_CATQDRHNQPQHF	0	0	0	1	0	0	0	0	0	0	0	0	0	0	0	0	0	0	0	0	0	0	0	0	0
CAVRLIVGNYGGSQGNLIF_CASSFWEDGELFF	0	1	0	0	0	0	0	0	0	0	0	0	0	0	0	0	0	0	0	0	0	0	0	0	0
CAVRLMNRDDKIIF_CASSPSGGPPYEQYF	0	1	0	0	0	0	0	0	0	0	0	0	0	0	0	0	0	0	0	0	0	0	0	0	0
CAVRLMNRDDKIIF_CSANLAGAYEQYF	0	0	0	0	0	0	0	1	0	0	0	0	0	0	0	0	0	0	0	0	0	0	0	0	0
CAVRLNEAAGNKLTF_CASSLFPRGGKLFF	0	0	0	1	0	0	0	0	0	0	0	0	0	0	0	0	0	0	0	0	0	0	0	0	0
CAVRLRFSDGQKLLF_CASSSTMSSYNEQFF	0	0	0	1	0	0	0	0	0	0	0	0	0	0	0	0	0	0	0	0	0	0	0	0	0
CAVRLSNYQLIW_CASSLVGPGELFF	0	0	0	0	0	1	0	0	0	0	0	0	0	0	0	0	0	0	0	0	0	0	0	0	0
CAVRLVTQGAQKLVF_CASSLPQLAQHF	0	1	0	0	0	0	0	0	0	0	0	0	0	0	0	0	0	0	0	0	0	0	0	0	0
CAVRLYNNNDMRF_CASSMSGVPYEQYF	0	0	0	1	0	0	0	0	0	0	0	0	0	0	0	0	0	0	0	0	0	0	0	0	0
CAVRLYSSASKIIF_CAWSVAGAVLDEQFF	0	1	0	0	0	0	0	0	0	0	0	0	0	0	0	0	0	0	0	0	0	0	0	0	0
CAVRLYTGGFKTIF_CAWGNGQDNQETQYF	0	0	0	1	0	0	0	0	0	0	0	0	0	0	0	0	0	0	0	0	0	0	0	0	0
CAVRMDSSYKLIF_CASSAGEKQFF	0	0	0	1	0	0	0	0	0	0	0	0	0	0	0	0	0	0	0	0	0	0	0	0	0
CAVRNAGKSTF_CASSQGGGGTEAFF	0	0	0	0	0	0	0	0	0	0	0	0	0	0	0	0	0	0	0	0	0	1	0	0	0
CAVRNGGSQGNLIF_CASSFRGGTGGEKLFF	0	0	0	0	0	0	0	0	0	0	1	0	0	0	0	0	0	0	0	0	0	0	0	0	0
CAVRNNARLMF_CSAHSRVLNQPQHF	0	0	0	0	0	0	0	1	0	0	0	0	0	0	0	0	0	0	0	0	0	0	0	0	0
CAVRNNFNKFYF_CASSPRAIRGGNTEAFF	0	0	0	0	0	0	0	0	0	0	0	1	0	0	0	0	0	0	0	0	0	0	0	0	0
CAVRNSGNTPLVF_CASSVSGVYEQYF	0	0	0	1	0	0	0	0	0	0	0	0	0	0	0	0	0	0	0	0	0	0	0	0	0
CAVRNTGGFKTIF_CAWTAGRLGTEAFF	0	1	0	0	0	0	0	0	0	0	0	0	0	0	0	0	0	0	0	0	0	0	0	0	0
CAVRPAGSGYSTLTF_CASSWDRGPDTQYF	0	0	0	0	0	1	0	0	0	0	0	0	0	0	0	0	0	0	0	0	0	0	0	0	0
CAVRPANDYKLSF_CSARSEVNQPQHF	0	1	0	0	0	0	0	0	0	0	0	0	0	0	0	0	0	0	0	0	0	0	0	0	0
CAVRPDSGYALNF_CASSPVGWETQYF	0	0	0	0	0	0	0	0	0	0	0	1	0	0	0	0	0	0	0	0	0	0	0	0	0
CAVRPGNDMRF_CASSEGGVFGNTIYF	0	1	0	0	0	0	0	0	0	0	0	0	0	0	0	0	0	0	0	0	0	0	0	0	0
CAVRPGNQFYF_CASSLSQGNYGYTF	0	1	0	0	0	0	0	0	0	0	0	0	0	0	0	0	0	0	0	0	0	0	0	0	0
CAVRPGNQFYF_CASSSSQGAYGYTF	0	0	0	0	0	1	0	0	0	0	0	0	0	0	0	0	0	0	0	0	0	0	0	0	0
CAVRPGTGRRALTF_CASSSPTGTNTGELFF	0	0	0	0	0	0	0	0	0	0	1	0	0	0	0	0	0	0	0	0	0	0	0	0	0
CAVRPGTNAGKSTF_CASSPGSYNEQFF	0	0	0	0	0	0	0	0	0	0	0	0	1	0	0	0	0	0	0	0	0	0	0	0	0
CAVRPLGGYNKLIF_CASSDGTAYEQYF	0	0	0	1	0	0	0	0	0	0	0	0	0	0	0	0	0	0	0	0	0	0	0	0	0
CAVRPLRSNSGYALNF_CAISESIVGGGYGYTF	0	1	0	0	0	0	0	0	0	0	0	0	0	0	0	0	0	0	0	0	0	0	0	0	0
CAVRPNQAGTALIF_CASSENTGELFF	0	1	0	0	0	0	0	0	0	0	0	0	0	0	0	0	0	0	0	0	0	0	0	0	0
CAVRPNQAGTALIF_CSARDHGGPEAFF	0	0	0	0	0	0	0	1	0	0	0	0	0	0	0	0	0	0	0	0	0	0	0	0	0
CAVRPNSGGSNYKLTF_CASRTGAGTDTQYF	0	1	0	0	0	0	0	0	0	0	0	0	0	0	0	0	0	0	0	0	0	0	0	0	0
CAVRPNTGNQFYF_CASSHYGGSHNEQFF	0	0	0	1	0	0	0	0	0	0	0	0	0	0	0	0	0	0	0	0	0	0	0	0	0
CAVRPPGRGYQKVTF_CASSLELGAVFETQYF	0	1	0	0	0	0	0	0	0	0	0	0	0	0	0	0	0	0	0	0	0	0	0	0	0
CAVRPPRNYGGSQGNLIF_CASAGTGGSGANVLTF	0	1	0	0	0	0	0	0	0	0	0	0	0	0	0	0	0	0	0	0	0	0	0	0	0
CAVRPPVTDSNYQLIW_CASSSDRGRTEAFF	0	1	0	0	0	0	0	0	0	0	0	0	0	0	0	0	0	0	0	0	0	0	0	0	0
CAVRPRGDSWGKFQF_CASSLDSRLGGRETQYF	0	1	0	0	0	0	0	0	0	0	0	0	0	0	0	0	0	0	0	0	0	0	0	0	0
CAVRPRMDSSYKLIF_CSARPSGTAFNQPQHF	0	0	0	0	0	0	0	1	0	0	0	0	0	0	0	0	0	0	0	0	0	0	0	0	0
CAVRPRRIKGGGADGLTF_CASSSPRTTSYEQYF	0	0	0	0	0	0	0	0	0	0	0	0	1	0	0	0	0	0	0	0	0	0	0	0	0
CAVRPRRSYIPTF_CASSLKGQGEQYF	0	1	0	0	0	0	0	0	0	0	0	0	0	0	0	0	0	0	0	0	0	0	0	0	0
CAVRPSASYNTDKLIF_CASRDNRVGEQYF	0	1	0	0	0	0	0	0	0	0	0	0	0	0	0	0	0	0	0	0	0	0	0	0	0
CAVRPSGGATNKLIF_CASSLDLGTGGDEQYF	0	0	0	1	0	0	0	0	0	0	0	0	0	0	0	0	0	0	0	0	0	0	0	0	0
CAVRPSGGYNKLIF_CSAGSGPTYEQYF	0	0	0	0	0	0	0	1	0	0	0	0	0	0	0	0	0	0	0	0	0	0	0	0	0
CAVRPSGYSTLTF_CASSLGVVTATGAFF	0	1	0	0	0	0	0	0	0	0	0	0	0	0	0	0	0	0	0	0	0	0	0	0	0
CAVRPSNTGKLIF_CASSATSGSLGSEQFF	0	0	0	0	0	0	0	0	0	0	1	0	0	0	0	0	0	0	0	0	0	0	0	0	0
CAVRPSNTGNQFYF_CASSRITGTGNFKSYGYTF	0	1	0	0	0	0	0	0	0	0	0	0	0	0	0	0	0	0	0	0	0	0	0	0	0
CAVRPSTDSWGKFQF_CASSQDKYSFNTEAFF	0	0	0	0	0	0	0	0	0	0	0	0	0	0	0	0	0	0	0	0	0	1	0	0	0
CAVRPTAGTALIF_CAIPWGQGSYNSPLHF	0	0	0	0	0	0	0	0	0	0	1	0	0	0	0	0	0	0	0	0	0	0	0	0	0
CAVRPTGGGNKLTF_CASSWAEGYEQFF	0	1	0	0	0	0	0	0	0	0	0	0	0	0	0	0	0	0	0	0	0	0	0	0	0
CAVRPWSGGYQKVTF_CSARVGTARSEAFF	0	0	0	0	0	0	0	1	0	0	0	0	0	0	0	0	0	0	0	0	0	0	0	0	0
CAVRPYGQNFVF_CASSLGETQYF	0	0	0	0	0	2	0	0	0	0	0	2	0	0	0	0	0	0	0	0	0	0	0	0	0
CAVRQEGGKLIF_CASSFLGGRNTGELFF	0	0	0	0	0	0	0	0	0	0	1	0	0	0	0	0	0	0	0	0	0	0	0	0	0
CAVRQNNNAGNMLTF_CATRPRDRDEKLFF	0	0	0	1	0	0	0	0	0	0	0	0	0	0	0	0	0	0	0	0	0	0	0	0	0
CAVRQVVQGAQKLVF_CASSRDSGNTIYF	0	0	0	1	0	0	0	0	0	0	0	0	0	0	0	0	0	0	0	0	0	0	0	0	0
CAVRRDSGYSTLTF_CASSSRTGREETQYF	0	1	0	0	0	0	0	0	0	0	0	0	0	0	0	0	0	0	0	0	0	0	0	0	0
CAVRREETSGSRLTF_CASSLSQGPGELFF	0	0	0	0	0	0	0	0	0	0	1	0	0	0	0	0	0	0	0	0	0	0	0	0	0
CAVRRGAAGNKLTF_CASSLPGASGSEQYF	0	1	0	0	0	0	0	0	0	0	0	0	0	0	0	0	0	0	0	0	0	0	0	0	0
CAVRRMDSSYKLIF_CASSGSGSTGELFF	0	0	0	1	0	0	0	0	0	0	0	0	0	0	0	0	0	0	0	0	0	0	0	0	0
CAVRRNYGGSQGNLIF_CASSLRRAGELFF	0	0	0	0	0	0	0	0	0	0	1	0	0	0	0	0	0	0	0	0	0	0	0	0	0
CAVRRSPNAGKSTF_CASSLEGQVNTEAFF	0	1	0	0	0	0	0	0	0	0	0	0	0	0	0	0	0	0	0	0	0	0	0	0	0
CAVRRTGFQKLVF_CASSFRGNTEAFF	0	0	0	1	0	0	0	0	0	0	0	0	0	0	0	0	0	0	0	0	0	0	0	0	0
CAVRRYNQGGKLIF_CASSTDAAGANVLTF	0	1	0	0	0	0	0	0	0	0	0	0	0	0	0	0	0	0	0	0	0	0	0	0	0
CAVRSDNNNDMRF_CASSVESGRYYEQYF	0	0	0	1	0	0	0	0	0	0	0	0	0	0	0	0	0	0	0	0	0	0	0	0	0
CAVRSGNTGKLIF_CASSLWGGTTNTGELFF	0	1	0	0	0	0	0	0	0	0	0	0	0	0	0	0	0	0	0	0	0	0	0	0	0
CAVRSLNRDDKIIF_CASSLVRDGQNTQYF	0	1	0	0	0	0	0	0	0	0	0	0	0	0	0	0	0	0	0	0	0	0	0	0	0
CAVRSNDYKLSF_CSGGQGGTDTQYF	0	1	0	0	0	0	0	0	0	0	0	0	0	0	0	0	0	0	0	0	0	0	0	0	0
CAVRSSGNTPLVF_CAGGRETNEKLFF	0	1	0	0	0	0	0	0	0	0	0	0	0	0	0	0	0	0	0	0	0	0	0	0	0
CAVRSSGTYKYIF_CASSLPGAKDTQYF	0	1	0	0	0	0	0	0	0	0	0	0	0	0	0	0	0	0	0	0	0	0	0	0	0
CAVRSSGYSTLTF_CASSLDDRGRGYTF	0	0	0	0	0	0	0	0	0	0	1	0	0	0	0	0	0	0	0	0	0	0	0	0	0
CAVRSSSGGGADGLTF_CASVNRGSTEAFF	0	0	0	0	0	0	0	0	1	0	0	0	0	0	0	0	0	0	0	0	0	0	0	0	0
CAVRSSYDKVIF_CATSDSSLGADIMGYTF	0	1	0	0	0	0	0	0	0	0	0	0	0	0	0	0	0	0	0	0	0	0	0	0	0
CAVRSTYNFNKFYF_CASSQNSGASSGANVLTF	0	0	0	0	0	0	0	0	0	0	1	0	0	0	0	0	0	0	0	0	0	0	0	0	0
CAVRSYNTDKLIF_CASSAPPEGRNTGELFF	0	0	0	0	0	0	0	0	0	0	0	0	1	0	0	0	0	0	0	0	0	0	0	0	0
CAVRTEGGSYIPTF_CASSLLGTSNYGYTF	0	0	0	0	0	0	0	0	0	0	0	0	1	0	0	0	0	0	0	0	0	0	0	0	0
CAVRTGGFKTIF_CASSFVGQSGANYGYTF	0	0	0	0	0	0	0	0	0	0	0	0	1	0	0	0	0	0	0	0	0	0	0	0	0
CAVRTGTSGAQKLVF_CASSQPGALNTEAFF	0	0	0	0	0	0	0	0	1	0	0	0	0	0	0	0	0	0	0	0	0	0	0	0	0
CAVRTNAGKSTF_CSARGEGTGDPNEQFF	0	0	0	0	0	0	0	1	0	0	0	0	0	0	0	0	0	0	0	0	0	0	0	0	0
CAVRTNQAGTALIF_CASRGTGVGYGYTF	0	1	0	0	0	0	0	0	0	0	0	0	0	0	0	0	0	0	0	0	0	0	0	0	0
CAVRTNTGTASKLTF_CASSRGLVNTEAFF	0	0	0	0	0	0	0	0	0	1	0	0	0	0	0	0	0	0	0	0	0	0	0	0	0
CAVRTRNQFYF_CSAYRGYTEAFF	0	0	0	0	0	0	0	1	0	0	0	0	0	0	0	0	0	0	0	0	0	0	0	0	0
CAVRTTAGNKLTF_CAISGDNEQFF	0	1	0	0	0	0	0	0	0	0	0	0	0	0	0	0	0	0	0	0	0	0	0	0	0
CAVRTTGGGNKLTF_CAWSGPGSFYSSGANVLTF	0	1	0	0	0	0	0	0	0	0	0	0	0	0	0	0	0	0	0	0	0	0	0	0	0
CAVRTYNDMRF_CASSLGGQYSYEQYF	0	0	0	0	0	0	0	0	0	0	0	1	0	0	0	0	0	0	0	0	0	0	0	0	0
CAVRVLMDTGRRALTF_CATRTEYSMETQYF	0	0	0	1	0	0	0	0	0	0	0	0	0	0	0	0	0	0	0	0	0	0	0	0	0
CAVRVPNQAGTALIF_CATAPRGGDLYTGELFF	0	0	0	0	0	0	0	0	0	0	0	1	0	0	0	0	0	0	0	0	0	0	0	0	0
CAVRVRNTDKLIF_NA	0	0	0	0	0	0	0	0	1	0	0	0	0	0	0	0	0	0	0	0	0	0	0	0	0
CAVRVRSSGSARQLTF_CASSFGREKLFF	0	1	0	0	0	0	0	0	0	0	0	0	0	0	0	0	0	0	0	0	0	0	0	0	0
CAVRWTSGAGSYQLTF_CATSRDRGTGNQPQHF	0	0	0	1	0	0	0	0	0	0	0	0	0	0	0	0	0	0	0	0	0	0	0	0	0
CAVRYTGNQFYF_CASSLPGLAMFF	0	1	0	0	0	0	0	0	0	0	0	0	0	0	0	0	0	0	0	0	0	0	0	0	0
CAVSAASGGSYIPTF_CASTLTASGNTIYF	0	0	0	0	0	1	0	0	0	0	0	0	0	0	0	0	0	0	0	0	0	0	0	0	0
CAVSADTNAGKSTF_CASSRDRQGSGNTIYF	0	0	0	0	0	0	0	0	0	0	0	1	0	0	0	0	0	0	0	0	0	0	0	0	0
CAVSAFDADGLTF_CASSLERTVRTF	0	1	0	0	0	0	0	0	0	0	0	0	0	0	0	0	0	0	0	0	0	0	0	0	0
CAVSAGGGADGLTF_CASSTRDRGRTNEKLFF	0	1	0	0	0	0	0	0	0	0	0	0	0	0	0	0	0	0	0	0	0	0	0	0	0
CAVSAISGYALNF_CASSPRRQVDTEAFF	0	1	0	0	0	0	0	0	0	0	0	0	0	0	0	0	0	0	0	0	0	0	0	0	0
CAVSAMDSNYQLIW_CASSFSLYNEQFF	0	0	0	0	0	1	0	0	0	0	0	0	0	0	0	0	0	0	0	0	0	0	0	0	0
CAVSAMDTGRRALTF_CASSLWLEGNYGYTF	0	1	0	0	0	0	0	0	0	0	0	0	0	0	0	0	0	0	0	0	0	0	0	0	0
CAVSANNNDMRF_CASSLAPRHTGELFF	0	0	0	0	0	0	0	0	1	0	0	0	0	0	0	0	0	0	0	0	0	0	0	0	0
CAVSAPNSGNTPLVF_CASSYDRVPYGYTF	0	0	0	0	0	1	0	0	0	0	0	0	0	0	0	0	0	0	0	0	0	0	0	0	0
CAVSASNTGGFKTIF_CAWSVQGGPHNEQFF	0	0	0	0	0	0	0	0	1	0	0	0	0	0	0	0	0	0	0	0	0	0	0	0	0
CAVSDAAAGNKLTF_CASSYSSRHGYTF	0	0	0	0	0	0	0	0	1	0	0	0	0	0	0	0	0	0	0	0	0	0	0	0	0
CAVSDANAGGTSYGKLTF_CSAGGINEKLFF	0	0	0	0	0	0	0	1	0	0	0	0	0	0	0	0	0	0	0	0	0	0	0	0	0
CAVSDDGNKLVF_CSARETVNYGYTF	0	0	0	0	0	0	0	1	0	0	0	0	0	0	0	0	0	0	0	0	0	0	0	0	0
CAVSDFDYKLSF_CASSQNLAGTTDTQYF	0	1	0	0	0	0	0	0	0	0	0	0	0	0	0	0	0	0	0	0	0	0	0	0	0
CAVSDFSGAGNQFYF_CASARGELFF	0	0	0	1	0	0	0	0	0	0	0	0	0	0	0	0	0	0	0	0	0	0	0	0	0
CAVSDGESQGNLIF_CSARARQGAGTEAFF	0	0	0	0	0	0	0	1	0	0	0	0	0	0	0	0	0	0	0	0	0	0	0	0	0
CAVSDGGNTGKLIF_CASSQLRGDTQYF	0	0	0	0	0	0	0	0	1	0	0	0	0	0	0	0	0	0	0	0	0	0	0	0	0
CAVSDGPRRGSTLGRLYF_NA	0	1	0	0	0	0	0	0	0	0	0	0	0	0	0	0	0	0	0	0	0	0	0	0	0
CAVSDGRRNNDMRF_CASRGTGTGYGYTF	0	1	0	0	0	0	0	0	0	0	0	0	0	0	0	0	0	0	0	0	0	0	0	0	0
CAVSDGRTALIF_CASTPTGASSYNEQFF	0	0	0	1	0	0	0	0	0	0	0	0	0	0	0	0	0	0	0	0	0	0	0	0	0
CAVSDGYSSASKIIF_CASSLDSYEQYF	0	1	0	0	0	0	0	0	0	0	0	0	0	0	0	0	0	0	0	0	0	0	0	0	0
CAVSDHNNQGGKLIF_CAWSLRGMNSYEQYF	0	1	0	0	0	0	0	0	0	0	0	0	0	0	0	0	0	0	0	0	0	0	0	0	0
CAVSDHTNAGKSTF_CASTTGTSGGRETQYF	0	0	0	0	0	0	0	0	0	0	0	0	1	0	0	0	0	0	0	0	0	0	0	0	0
CAVSDIGGSYIPTF_CASSDRGRNTEAFF	0	0	0	1	0	0	0	0	0	0	0	0	0	0	0	0	0	0	0	0	0	0	0	0	0
CAVSDLGGATNKLIF_CSARDFQGMETEAFF	0	0	0	0	0	0	0	1	0	0	0	0	0	0	0	0	0	0	0	0	0	0	0	0	0
CAVSDLREGGGNKLTF_CASSMVGNYGYTF	0	0	0	1	0	0	0	0	0	0	0	0	0	0	0	0	0	0	0	0	0	0	0	0	0
CAVSDLTGTASKLTF_CASSQEGAGRAGELFF	0	0	0	0	0	0	0	0	0	0	0	0	0	0	0	0	0	0	0	0	0	1	0	0	0
CAVSDNTGTASKLTF_CSATEVFEQFF	0	1	0	0	0	0	0	0	0	0	0	0	0	0	0	0	0	0	0	0	0	0	0	0	0
CAVSDNYGGSQGNLIF_CASSLRQNTEAFF	0	0	0	0	0	0	0	0	0	0	1	0	0	0	0	0	0	0	0	0	0	0	0	0	0
CAVSDPGANNLFF_CATSLDRAYTEAFF	0	1	0	0	0	0	0	0	0	0	0	0	0	0	0	0	0	0	0	0	0	0	0	0	0
CAVSDPGGGYNKLIF_CSAMTSGGIYEQYF	0	0	0	0	0	0	0	1	0	0	0	0	0	0	0	0	0	0	0	0	0	0	0	0	0
CAVSDPLNTGNQFYF_CASKPSSVTYYGYTF	0	0	0	0	0	0	0	0	0	0	0	1	0	0	0	0	0	0	0	0	0	0	0	0	0
CAVSDPPGAGSYQLTF_CASSSTGSGANVLTF	0	1	0	0	0	0	0	0	0	0	0	0	0	0	0	0	0	0	0	0	0	0	0	0	0
CAVSDPSQGNLIF_CASSSGGNYNEQFF	0	0	0	0	0	0	0	0	0	0	0	1	0	0	0	0	0	0	0	0	0	0	0	0	0
CAVSDQGGKLIF_CASSSTALTEAFF	0	0	0	0	0	0	0	0	1	0	0	0	0	0	0	0	0	0	0	0	0	0	0	0	0
CAVSDQNSGYSTLTF_CASSGRTGRYNEQFF	0	1	0	0	0	0	0	0	0	0	0	0	0	0	0	0	0	0	0	0	0	0	0	0	0
CAVSDQSFQKLVF_CSVEGGTYYGYTF	0	0	0	1	0	0	0	0	0	0	0	0	0	0	0	0	0	0	0	0	0	0	0	0	0
CAVSDREDSSYKLIF_CASSVGPGDEQYF	0	0	0	1	0	0	0	0	0	0	0	0	0	0	0	0	0	0	0	0	0	0	0	0	0
CAVSDRGGGTSYGKLTF_CASTRQGGYTF	0	0	0	0	0	0	0	0	0	0	0	0	1	0	0	0	0	0	0	0	0	0	0	0	0
CAVSDRGNAGNMLTF_CASSQALGQAFF	0	1	0	0	0	0	0	0	0	0	0	0	0	0	0	0	0	0	0	0	0	0	0	0	0
CAVSDRGNTPLVF_CASSLTPRGQETQYF	0	0	0	0	0	0	0	0	1	0	0	0	0	0	0	0	0	0	0	0	0	0	0	0	0
CAVSDRGSQGNLIF_CASSLGLAGGKQYF	0	1	0	0	0	0	0	0	0	0	0	0	0	0	0	0	0	0	0	0	0	0	0	0	0
CAVSDRGSSYKLIF_CASSATGPSYEQYF	0	0	0	1	0	0	0	0	0	0	0	0	0	0	0	0	0	0	0	0	0	0	0	0	0
CAVSDRGYQKVTF_CSAPASGLGEQFF	0	0	0	0	0	0	0	0	0	0	0	0	0	0	0	0	0	0	0	0	0	0	0	0	1
CAVSDRLNAGNMLTF_CASSLDRGKSNEQFF	0	0	0	1	0	0	0	0	0	0	0	0	0	0	0	0	0	0	0	0	0	0	0	0	0
CAVSDRNTGFQKLVF_CSATDRVTGELFF	0	0	0	0	0	0	0	1	0	0	0	0	0	0	0	0	0	0	0	0	0	0	0	0	0
CAVSDRRAGGTSYGKLTF_CASRRLNTEAFF	0	0	0	1	0	0	0	0	0	0	0	0	0	0	0	0	0	0	0	0	0	0	0	0	0
CAVSDRSDMRF_CASSARRDRLYGYTF	0	0	0	0	0	0	0	0	0	0	1	0	0	0	0	0	0	0	0	0	0	0	0	0	0
CAVSDRSSASKIIF_CSASPGDQSNSPLHF	0	0	0	0	0	0	0	1	0	0	0	0	0	0	0	0	0	0	0	0	0	0	0	0	0
CAVSDRYKLSF_CSAQEPGAPLNEQYF	0	0	0	0	0	0	0	1	0	0	0	0	0	0	0	0	0	0	0	0	0	0	0	0	0
CAVSDRYNKLIF_CATQDRTLNTEAFF	0	1	0	0	0	0	0	0	0	0	0	0	0	0	0	0	0	0	0	0	0	0	0	0	0
CAVSDSNYQLIW_CASSPSSGQGNGYTF	0	0	0	0	0	1	0	0	0	0	0	0	0	0	0	0	0	0	0	0	0	0	0	0	0
CAVSDSNYQLIW_CATMPGGVDSSSYNEQFF	0	0	0	0	0	1	0	0	0	0	0	0	0	0	0	0	0	0	0	0	0	0	0	0	0
CAVSDSNYQLIW_CSAREPDGTTYEQYF	0	0	0	0	0	1	0	0	0	0	0	0	0	0	0	0	0	0	0	0	0	0	0	0	0
CAVSDSWGKFQF_CSARGTGSGDGYTF	0	0	0	0	0	0	0	1	0	0	0	0	0	0	0	0	0	0	0	0	0	0	0	0	0
CAVSDTDGQKLLF_CASSWVTDTQYF	0	0	0	1	0	0	0	0	0	0	0	0	0	0	0	0	0	0	0	0	0	0	0	0	0
CAVSDTGSGNTGKLIF_CASNWGRGANTEAFF	0	1	0	0	0	0	0	0	0	0	0	0	0	0	0	0	0	0	0	0	0	0	0	0	0
CAVSDVGTSGSRLTF_CSAHLLSGGNRRETQYF	0	0	0	0	0	0	0	0	0	0	0	0	0	0	0	0	0	0	0	0	0	0	0	0	1
CAVSDWADKLIF_CASSHRSVKSTDTQYF	0	0	0	1	0	0	0	0	0	0	0	0	0	0	0	0	0	0	0	0	0	0	0	0	0
CAVSDWDGGFKTIF_CASSSQTGSGEQYF	0	1	0	0	0	0	0	0	0	0	0	0	0	0	0	0	0	0	0	0	0	0	0	0	0
CAVSDYKLSF_CASSLNQAGANVLTF	0	0	0	1	0	0	0	0	0	0	0	0	0	0	0	0	0	0	0	0	0	0	0	0	0
CAVSDYKLSF_CASSPRGVAEYTDTQYF	0	1	0	0	0	0	0	0	0	0	0	0	0	0	0	0	0	0	0	0	0	0	0	0	0
CAVSDYQAGTALIF_CASSLVSGGANEQFF	0	0	0	0	0	0	0	0	0	0	1	0	0	0	0	0	0	0	0	0	0	0	0	0	0
CAVSEAGGFKTIF_CASSLRRTGLYNEQFF	0	0	0	0	0	0	0	0	0	0	1	0	0	0	0	0	0	0	0	0	0	0	0	0	0
CAVSEAGRRALTF_CASSLQGAGYGYTF	0	1	0	0	0	0	0	0	0	0	0	0	0	0	0	0	0	0	0	0	0	0	0	0	0
CAVSEANFGNEKLTF_CASSLDGPLPNNEQFF	0	1	0	0	0	0	0	0	0	0	0	0	0	0	0	0	0	0	0	0	0	0	0	0	0
CAVSEDDKIIF_CASSPGDFFQAFF	0	0	0	1	0	0	0	0	0	0	0	0	0	0	0	0	0	0	0	0	0	0	0	0	0
CAVSEDTGGFKTIF_CASSSTDRAGKAFF	0	0	0	0	0	0	0	0	1	0	0	0	0	0	0	0	0	0	0	0	0	0	0	0	0
CAVSEGGFKTIF_CASSHPPGQGPDEQFF	0	1	0	0	0	0	0	0	0	0	0	0	0	0	0	0	0	0	0	0	0	0	0	0	0
CAVSEGGGYNKLIF_CSVETAASGVNEQFF	0	1	0	0	0	0	0	0	0	0	0	0	0	0	0	0	0	0	0	0	0	0	0	0	0
CAVSEGGKTSYDKVIF_CASSQGLTYNEQFF	0	1	0	0	0	0	0	0	0	0	0	0	0	0	0	0	0	0	0	0	0	0	0	0	0
CAVSEGLTGGGNKLTF_CASSFAGSYNEQFF	0	1	0	0	0	0	0	0	0	0	0	0	0	0	0	0	0	0	0	0	0	0	0	0	0
CAVSEGNQAGTALIF_CASSLVVFPGETQYF	0	1	0	0	0	0	0	0	0	0	0	0	0	0	0	0	0	0	0	0	0	0	0	0	0
CAVSEGTSGSRLTF_CASSMEGGHLRGYTF	0	1	0	0	0	0	0	0	0	0	0	0	0	0	0	0	0	0	0	0	0	0	0	0	0
CAVSEHNAGNMLTF_CASTETSYTYEQYF	0	0	0	1	0	0	0	0	0	0	0	0	0	0	0	0	0	0	0	0	0	0	0	0	0
CAVSELGGYSTLTF_CASSPRGDYGYTF	0	0	0	1	0	0	0	0	0	0	0	0	0	0	0	0	0	0	0	0	0	0	0	0	0
CAVSELRTSYDKVIF_CASRDRGWDEQYF	0	0	0	1	0	0	0	0	0	0	0	0	0	0	0	0	0	0	0	0	0	0	0	0	0
CAVSEPGYSSASKIIF_CASRTRSDNEQFF	0	0	0	0	0	0	0	0	0	0	0	0	1	0	0	0	0	0	0	0	0	0	0	0	0
CAVSEPSGSARQLTF_CASSDRPGNTIYF	0	0	0	0	0	0	0	0	1	0	0	0	0	0	0	0	0	0	0	0	0	0	0	0	0
CAVSEQSNYQLIW_CASSLTEETQYF	0	1	0	0	0	0	0	0	0	0	0	0	0	0	0	0	0	0	0	0	0	0	0	0	0
CAVSERGRRALTF_CASRDRDSEAFF	0	1	0	0	0	0	0	0	0	0	0	0	0	0	0	0	0	0	0	0	0	0	0	0	0
CAVSERRSGNTPLVF_CASSLRQRGGNEQFF	0	1	0	0	0	0	0	0	0	0	0	0	0	0	0	0	0	0	0	0	0	0	0	0	0
CAVSERYGGATNKLIF_CASSLRPLRLAGSSYNEQFF	0	1	0	0	0	0	0	0	0	0	0	0	0	0	0	0	0	0	0	0	0	0	0	0	0
CAVSESGGSEKLVF_CASSEQVGGYTF	0	1	0	0	0	0	0	0	0	0	0	0	0	0	0	0	0	0	0	0	0	0	0	0	0
CAVSESGGYNKLIF_CASSSYGHPNSGANVLTF	0	0	0	1	0	0	0	0	0	0	0	0	0	0	0	0	0	0	0	0	0	0	0	0	0
CAVSETGGGNKLTF_CASSLALARSTDTQYF	0	0	0	0	0	1	0	0	0	0	0	0	0	0	0	0	0	0	0	0	0	0	0	0	0
CAVSFTGGGNKLTF_CASSAPGLAGPQGDTQYF	0	0	0	1	0	0	0	0	0	0	0	0	0	0	0	0	0	0	0	0	0	0	0	0	0
CAVSFTGNTGKLIF_CASSRTGLGGGQPQHF	0	1	0	0	0	0	0	0	0	0	0	0	0	0	0	0	0	0	0	0	0	0	0	0	0
CAVSGAAGNKLTF_CASSLRKRGPGDGYTF	0	1	0	0	0	0	0	0	0	0	0	0	0	0	0	0	0	0	0	0	0	0	0	0	0
CAVSGAGNNRKLIW_CASIEQGTNEKLFF	0	1	0	0	0	0	0	0	0	0	0	0	0	0	0	0	0	0	0	0	0	0	0	0	0
CAVSGDSNFGNEKLTF_CASSLMGTDTQYF	0	0	0	0	0	0	0	0	0	0	0	0	1	0	0	0	0	0	0	0	0	0	0	0	0
CAVSGDSSYKLIF_CASRLHGDSQETQYF	0	0	0	1	0	0	0	0	0	0	0	0	0	0	0	0	0	0	0	0	0	0	0	0	0
CAVSGGGATNKLIF_CASSLWTGISEAFF	0	1	0	0	0	0	0	0	0	0	0	0	0	0	0	0	0	0	0	0	0	0	0	0	0
CAVSGGGGYQKVTF_CASSPNTGRSGADTQYF	0	1	0	0	0	0	0	0	0	0	0	0	0	0	0	0	0	0	0	0	0	0	0	0	0
CAVSGGGSYIPTF_CASSLRDREGGEQYF	0	0	0	0	0	0	0	0	1	0	0	0	0	0	0	0	0	0	0	0	0	0	0	0	0
CAVSGGSNYKLTF_CASSSIGEKLFF	0	0	0	0	0	0	0	0	0	1	0	0	0	0	0	0	0	0	0	0	0	0	0	0	0
CAVSGGTSGSRLTF_CASSQEGDGYNEQFF	0	0	0	0	0	1	0	0	0	0	0	0	0	0	0	0	0	0	0	0	0	0	0	0	0
CAVSGGYNKLIF_CASRTAQGDTEAFF	0	1	0	0	0	0	0	0	0	0	0	0	0	0	0	0	0	0	0	0	0	0	0	0	0
CAVSGKTGANNLFF_CASSYDGVSPLHF	0	1	0	0	0	0	0	0	0	0	0	0	0	0	0	0	0	0	0	0	0	0	0	0	0
CAVSGLKWESGGGADGLTF_CASSSWGISNQPQHF	0	0	0	0	0	0	0	0	0	0	0	1	0	0	0	0	0	0	0	0	0	0	0	0	0
CAVSGNAGNMLTF_CASSERGFSLSGANVLTF	0	1	0	0	0	0	0	0	0	0	0	0	0	0	0	0	0	0	0	0	0	0	0	0	0
CAVSGNTPLVF_CASSELWGGQNEQFF	0	0	0	1	0	0	0	0	0	0	0	0	0	0	0	0	0	0	0	0	0	0	0	0	0
CAVSGPGDGNKLVF_CSGTGNHYEQYF	0	0	0	0	0	0	0	1	0	0	0	0	0	0	0	0	0	0	0	0	0	0	0	0	0
CAVSGPQGGSEKLVF_CASSLTGTSGGFEQYF	0	0	0	0	0	0	0	0	1	0	0	0	0	0	0	0	0	0	0	0	0	0	0	0	0
CAVSGPSGGYNKLIF_CASSFHPEKFF	0	0	0	0	0	0	0	0	1	0	0	0	0	0	0	0	0	0	0	0	0	0	0	0	0
CAVSGQGAQKLVF_CASSAGRSYEQYF	0	1	0	0	0	0	0	0	0	0	0	0	0	0	0	0	0	0	0	0	0	0	0	0	0
CAVSGRASARLMF_CSASRTELAKNIQYF	0	0	0	0	0	0	0	0	0	0	0	0	0	0	0	1	0	0	0	0	0	0	0	0	0
CAVSGRTARQLTF_CASSLTDGSSGELFF	0	1	0	0	0	0	0	0	0	0	0	0	0	0	0	0	0	0	0	0	0	0	0	0	0
CAVSGSARQLTF_CASSFRTSGGTDTQYF	0	0	0	0	0	0	0	0	0	0	1	0	0	0	0	0	0	0	0	0	0	0	0	0	0
CAVSGSGTYKYIF_CASSPFWVRSGNTIYF	0	1	0	0	0	0	0	0	0	0	0	0	0	0	0	0	0	0	0	0	0	0	0	0	0
CAVSGTGRRALTF_NA	0	1	0	0	0	0	0	0	0	0	0	0	0	0	0	0	0	0	0	0	0	0	0	0	0
CAVSGTTGFQKLVF_CASLLSGSNTGELFF	0	1	0	0	0	0	0	0	0	0	0	0	0	0	0	0	0	0	0	0	0	0	0	0	0
CAVSGTYKYIF_CASSSSQGFTEAFF	0	0	0	0	0	1	0	0	0	0	0	0	0	0	0	0	0	0	0	0	0	0	0	0	0
CAVSGTYKYIF_CASSSSYGYTF	0	0	0	0	0	0	0	0	0	0	0	1	0	0	0	0	0	0	0	0	0	0	0	0	0
CAVSGVDFGNEKLTF_CSAVRPGAQGFNQPQHF	0	0	0	0	0	0	0	1	0	0	0	0	0	0	0	0	0	0	0	0	0	0	0	0	0
CAVSGVETDKLIF_CASSSTSGSNEQFF	0	0	0	0	0	0	0	0	0	0	0	0	1	0	0	0	0	0	0	0	0	0	0	0	0
CAVSGWQAGTALIF_CASSIKETQYF	0	0	0	0	0	0	0	0	0	0	1	0	0	0	0	0	0	0	0	0	0	0	0	0	0
CAVSGYNKLIF_CSVGGRFEAFF	0	1	0	0	0	0	0	0	0	0	0	0	0	0	0	0	0	0	0	0	0	0	0	0	0
CAVSHLASKLTF_CAWSSGLAGGPGELFF	0	1	0	0	0	0	0	0	0	0	0	0	0	0	0	0	0	0	0	0	0	0	0	0	0
CAVSHYGGATNKLIF_CSARDLNRVGHEQYF	0	0	0	0	0	0	0	1	0	0	0	0	0	0	0	0	0	0	0	0	0	0	0	0	0
CAVSKGYQKVTF_CSVAADRTGSYTF	0	1	0	0	0	0	0	0	0	0	0	0	0	0	0	0	0	0	0	0	0	0	0	0	0
CAVSLDPDKLIF_CSASGLAGDRGDEQFF	0	0	0	0	0	0	0	1	0	0	0	0	0	0	0	0	0	0	0	0	0	0	0	0	0
CAVSLDTGRRALTF_CASSPRGGGSGANVLTF	0	1	0	0	0	0	0	0	0	0	0	0	0	0	0	0	0	0	0	0	0	0	0	0	0
CAVSLFGNEKLTF_CASGGRGNIQYF	0	1	0	0	0	0	0	0	0	0	0	0	0	0	0	0	0	0	0	0	0	0	0	0	0
CAVSLFSGGYNKLIF_CASGVPRGGGAYEQYF	0	0	0	0	0	0	0	0	0	0	0	1	0	0	0	0	0	0	0	0	0	0	0	0	0
CAVSLNSGGYQKVTF_CASSFGLAGHPFKETQYF	0	1	0	0	0	0	0	0	0	0	0	0	0	0	0	0	0	0	0	0	0	0	0	0	0
CAVSLNTGNQFYF_CASSRQENTEAFF	0	1	0	0	0	0	0	0	0	0	0	0	0	0	0	0	0	0	0	0	0	0	0	0	0
CAVSLRYKLSF_CASSSNTGSTEAFF	0	1	0	0	0	0	0	0	0	0	0	0	0	0	0	0	0	0	0	0	0	0	0	0	0
CAVSLTGGFKTIF_CASRRTSGSSYEQYF	0	1	0	0	0	0	0	0	0	0	0	0	0	0	0	0	0	0	0	0	0	0	0	0	0
CAVSLTPPRDRDDKIIF_CATSDSRTSGYNEQFF	0	1	0	0	0	0	0	0	0	0	0	0	0	0	0	0	0	0	0	0	0	0	0	0	0
CAVSLTSNTGNQFYF_CASSKFGGTEAFF	0	0	0	1	0	0	0	0	0	0	0	0	0	0	0	0	0	0	0	0	0	0	0	0	0
CAVSLVNTGGFKTIF_CASSPLKREDSYEQYF	0	1	0	0	0	0	0	0	0	0	0	0	0	0	0	0	0	0	0	0	0	0	0	0	0
CAVSLYSSASKIIF_CSARATRTGGTKNIQYF	0	0	0	0	0	0	0	1	0	0	0	0	0	0	0	0	0	0	0	0	0	0	0	0	0
CAVSLYYGGSQGNLIF_CSVSILLDEQYF	0	1	0	0	0	0	0	0	0	0	0	0	0	0	0	0	0	0	0	0	0	0	0	0	0
CAVSMDSNYQLIW_CASSSHEGNTEAFF	0	1	0	0	0	0	0	0	0	0	0	0	0	0	0	0	0	0	0	0	0	0	0	0	0
CAVSMNTGFQKLVF_CASSISGLGEAFF	0	0	0	1	0	0	0	0	0	0	0	0	0	0	0	0	0	0	0	0	0	0	0	0	0
CAVSNAGNMLTF_CASSLSGANYNEQFF	0	1	0	0	0	0	0	0	0	0	0	0	0	0	0	0	0	0	0	0	0	0	0	0	0
CAVSNQAGTALIF_CASSLDAGSGTEAFF	0	0	0	0	0	0	0	0	0	0	1	0	0	0	0	0	0	0	0	0	0	0	0	0	0
CAVSNRDDKIIF_CASSADRNYGYTF	0	1	0	0	0	0	0	0	0	0	0	0	0	0	0	0	0	0	0	0	0	0	0	0	0
CAVSNTGNQFYF_CASSNSGRATDTQYF	0	0	0	1	0	0	0	0	0	0	0	0	0	0	0	0	0	0	0	0	0	0	0	0	0
CAVSNYGQNFVF_CSVEVPGSYNEQFF	0	0	0	0	0	0	1	0	0	0	0	0	0	0	0	0	0	0	0	0	0	0	0	0	0
CAVSPAVGHTGFQKLVF_CASRPFRESSYNEQFF	0	0	0	0	0	0	0	0	1	0	0	0	0	0	0	0	0	0	0	0	0	0	0	0	0
CAVSPDRGNNTDKLIF_CASSLGYSGPTYEQYF	0	1	0	0	0	0	0	0	0	0	0	0	0	0	0	0	0	0	0	0	0	0	0	0	0
CAVSPDTGFQKLVF_NA	0	1	0	0	0	0	0	0	0	0	0	0	0	0	0	0	0	0	0	0	0	0	0	0	0
CAVSPFFEFYF_CASSPGGYVTEAFF	0	0	0	0	0	0	0	0	0	0	0	0	0	0	0	1	0	0	0	0	0	0	0	0	0
CAVSPFPSGTYKYIF_NA	0	0	0	1	0	0	0	0	0	0	0	0	0	0	0	0	0	0	0	0	0	0	0	0	0
CAVSPGGSNYKLTF_CASSWGRGSQPLHF	0	1	0	0	0	0	0	0	0	0	0	0	0	0	0	0	0	0	0	0	0	0	0	0	0
CAVSPGGYNKLIF_CASSFSSGASNEQFF	0	1	0	0	0	0	0	0	0	0	0	0	0	0	0	0	0	0	0	0	0	0	0	0	0
CAVSPGNQFYF_CASSYSRGSGALKAFF	0	1	0	0	0	0	0	0	0	0	0	0	0	0	0	0	0	0	0	0	0	0	0	0	0
CAVSPKETSGSRLTF_CASSLRGGTGYSGELFF	0	0	0	0	0	0	0	0	0	0	0	1	0	0	0	0	0	0	0	0	0	0	0	0	0
CAVSPLQGAQKLVF_CASSGGQVNTEAFF	0	0	0	0	0	0	0	0	0	0	0	1	0	0	0	0	0	0	0	0	0	0	0	0	0
CAVSPLYNFNKFYF_CASRSSGGGTGELFF	0	1	0	0	0	0	0	0	0	0	0	0	0	0	0	0	0	0	0	0	0	0	0	0	0
CAVSPNAGNNRKLIW_CASSRTGGDGYTF	0	1	0	0	0	0	0	0	0	0	0	0	0	0	0	0	0	0	0	0	0	0	0	0	0
CAVSPNSGGYQKVTF_CASSYSQGLGNSPLHF	0	0	0	0	0	0	0	0	1	0	0	0	0	0	0	0	0	0	0	0	0	0	0	0	0
CAVSPPFGNEKLTF_CSGRQGHSGNTIYF	0	0	0	0	0	0	0	1	0	0	0	0	0	0	0	0	0	0	0	0	0	0	0	0	0
CAVSPPGSGGYNKLIF_CASSLTSGGGNEQFF	0	1	0	0	0	0	0	0	0	0	0	0	0	0	0	0	0	0	0	0	0	0	0	0	0
CAVSPPTDSWGKLQF_CASRTTSGSLEYF	0	1	0	0	0	0	0	0	0	0	0	0	0	0	0	0	0	0	0	0	0	0	0	0	0
CAVSPPTGGGNKLTF_CASSLLGRTNSPLHF	0	1	0	0	0	0	0	0	0	0	0	0	0	0	0	0	0	0	0	0	0	0	0	0	0
CAVSPPYGGYQKVTF_CASSAQGKNTGELFF	0	0	0	1	0	0	0	0	0	0	0	0	0	0	0	0	0	0	0	0	0	0	0	0	0
CAVSPSGGSNYKLTF_CATSDVRQNGTYEQYF	0	0	0	0	0	0	0	0	1	0	0	0	0	0	0	0	0	0	0	0	0	0	0	0	0
CAVSPSLIYNQGGKLIF_CASSQDWGADGNTIYF	0	0	0	1	0	0	0	0	0	0	0	0	0	0	0	0	0	0	0	0	0	0	0	0	0
CAVSQAGTALIF_CASSGGTATFGNTIYF	0	1	0	0	0	0	0	0	0	0	0	0	0	0	0	0	0	0	0	0	0	0	0	0	0
CAVSQNYGGATNKLIF_CASSQGLAVETQYF	0	1	0	0	0	0	0	0	0	0	0	0	0	0	0	0	0	0	0	0	0	0	0	0	0
CAVSQPSNTGKLIF_CSARALAGGRSYEQYF	0	0	0	0	0	0	0	1	0	0	0	0	0	0	0	0	0	0	0	0	0	0	0	0	0
CAVSQTNAGKSTF_CASSFSGVMNTEAFF	0	0	0	0	0	1	0	0	0	0	0	0	0	0	0	0	0	0	0	0	0	0	0	0	0
CAVSREGAQKLVF_CASSLQGGAGEQYF	0	0	0	0	0	0	0	0	0	0	0	1	0	0	0	0	0	0	0	0	0	0	0	0	0
CAVSRGDKLIF_CASSWGGEGGELFF	0	1	0	0	0	0	0	0	0	0	0	0	0	0	0	0	0	0	0	0	0	0	0	0	0
CAVSRGGGATNKLIF_CASSLAKGRTEAFF	0	0	0	0	0	0	0	0	0	0	0	1	0	0	0	0	0	0	0	0	0	0	0	0	0
CAVSRGGSEKLVF_CSAGTMMGLGGEQFF	0	0	0	0	0	0	0	1	0	0	0	0	0	0	0	0	0	0	0	0	0	0	0	0	0
CAVSRGTSYDKVIF_CASSLFPNRNYGYTF	0	1	0	0	0	0	0	0	0	0	0	0	0	0	0	0	0	0	0	0	0	0	0	0	0
CAVSRNQGGKLIF_CASSLVRENTEAFF	0	0	0	0	0	0	0	0	0	0	0	0	1	0	0	0	0	0	0	0	0	0	0	0	0
CAVSRNTGNQFYF_CASSPEGNRDYGYTF	0	1	0	0	0	0	0	0	0	0	0	0	0	0	0	0	0	0	0	0	0	0	0	0	0
CAVSRPSGNTPLVF_CASSLGVETQYF	0	0	0	0	0	0	0	0	0	0	0	1	0	0	0	0	0	0	0	0	0	0	0	0	0
CAVSRPSNTGKLIF_CASSPKWTDNEQFF	0	1	0	0	0	0	0	0	0	0	0	0	0	0	0	0	0	0	0	0	0	0	0	0	0
CAVSRSSYKLIF_CASSLTKRRNTEAFF	0	0	0	0	0	1	0	0	0	0	0	0	0	0	0	0	0	0	0	0	0	0	0	0	0
CAVSRTDSWGKLQF_CASTPSSYNSPLHF	0	1	0	0	0	0	0	0	0	0	0	0	0	0	0	0	0	0	0	0	0	0	0	0	0
CAVSRVTSYDKVIF_CSVEDDRGGGETQYF	0	0	0	1	0	0	0	0	0	0	0	0	0	0	0	0	0	0	0	0	0	0	0	0	0
CAVSSASKIIF_CASSLVLAGDHTGELFF	0	1	0	0	0	0	0	0	0	0	0	0	0	0	0	0	0	0	0	0	0	0	0	0	0
CAVSSASKIIF_CATSGPGQGLHNEQFF	0	1	0	0	0	0	0	0	0	0	0	0	0	0	0	0	0	0	0	0	0	0	0	0	0
CAVSSDGQKLLF_CASSLEGINPYNSPLHF	0	0	0	1	0	0	0	0	0	0	0	0	0	0	0	0	0	0	0	0	0	0	0	0	0
CAVSSGGSYIPTF_CASSQPRGETYEQYF	0	0	0	0	0	0	0	0	1	0	0	0	0	0	0	0	0	0	0	0	0	0	0	0	0
CAVSSIDNFNKFYF_CASSSPSGGSYEQYF	0	0	0	0	0	0	0	0	1	0	0	0	0	0	0	0	0	0	0	0	0	0	0	0	0
CAVSSLSGGYNKLIF_CASSWDRGRVHNEQFF	0	0	0	0	0	0	0	0	1	0	0	0	0	0	0	0	0	0	0	0	0	0	0	0	0
CAVSSMNRDDKIIF_CASSGRHTEAFF	0	1	0	0	0	0	0	0	0	0	0	0	0	0	0	0	0	0	0	0	0	0	0	0	0
CAVSSNTGGFKTIF_CASSLYQQLSTDTQYF	0	1	0	0	0	0	0	0	0	0	0	0	0	0	0	0	0	0	0	0	0	0	0	0	0
CAVSSSGNTPLVF_CASSLVTGGAQNNEQFF	0	0	0	0	0	0	0	0	0	0	0	1	0	0	0	0	0	0	0	0	0	0	0	0	0
CAVSSSNTGKLIF_CASSPGTGNNEQFF	0	1	0	0	0	0	0	0	0	0	0	0	0	0	0	0	0	0	0	0	0	0	0	0	0
CAVSSTGANNLFF_CASSGLNRAGTEAFF	0	1	0	0	0	0	0	0	0	0	0	0	0	0	0	0	0	0	0	0	0	0	0	0	0
CAVSSYGGSQGNLIF_CASKAYGANVLTF	0	1	0	0	0	0	0	0	0	0	0	0	0	0	0	0	0	0	0	0	0	0	0	0	0
CAVSTGANNLFF_CASSTDWGNTEAFF	0	0	0	0	0	0	0	0	0	0	1	0	0	0	0	0	0	0	0	0	0	0	0	0	0
CAVSTGFQKLVF_CASSGKGSSYEQYF	0	1	0	0	0	0	0	0	0	0	0	0	0	0	0	0	0	0	0	0	0	0	0	0	0
CAVSTGGGADGLTF_CASSPPGTGSDEQYF	0	1	0	0	0	0	0	0	0	0	0	0	0	0	0	0	0	0	0	0	0	0	0	0	0
CAVSTNDYKLSF_CASSFLSGGPANEQFF	0	0	0	1	0	0	0	0	0	0	0	0	0	0	0	0	0	0	0	0	0	0	0	0	0
CAVSTPNYGGSQGNLIF_CASSPRTGGSEQFF	0	1	0	0	0	0	0	0	0	0	0	0	0	0	0	0	0	0	0	0	0	0	0	0	0
CAVSTPSGGYQKVTF_CASSRDTYEQYF	0	1	0	0	0	0	0	0	0	0	0	0	0	0	0	0	0	0	0	0	0	0	0	0	0
CAVSVGAAGNKLTF_CASSLPDRVRETQYF	0	1	0	0	0	0	0	0	0	0	0	0	0	0	0	0	0	0	0	0	0	0	0	0	0
CAVSVGSDGQKLLF_CSAHNNYGYTF	0	1	0	0	0	0	0	0	0	0	0	0	0	0	0	0	0	0	0	0	0	0	0	0	0
CAVSVMIKAAGNKLTF_CASSLNGGVGYNEQFF	0	0	0	1	0	0	0	0	0	0	0	0	0	0	0	0	0	0	0	0	0	0	0	0	0
CAVSVNQAGTALIF_CSARDSAGALYGYTF	0	0	0	0	0	0	0	1	0	0	0	0	0	0	0	0	0	0	0	0	0	0	0	0	0
CAVSVNTGGFKTIF_CASSLDRAGATDTQYF	0	0	0	0	0	0	0	0	0	0	0	1	0	0	0	0	0	0	0	0	0	0	0	0	0
CAVSVPGGFKTIF_CASSLSGDYNEQFF	0	1	0	0	0	0	0	0	0	0	0	0	0	0	0	0	0	0	0	0	0	0	0	0	0
CAVSVPGGNTGKLIF_CASSVVGGSPGNTIYF	0	1	0	0	0	0	0	0	0	0	0	0	0	0	0	0	0	0	0	0	0	0	0	0	0
CAVSVRAAGNKLTF_CSARDPRPGGGIFRDEQFF	0	0	0	0	0	0	0	0	0	0	0	0	0	0	0	0	0	0	0	0	0	0	0	0	1
CAVSVSGNTGKLIF_CASRRPGTGAPGTGELFF	0	0	0	1	0	0	0	0	0	0	0	0	0	0	0	0	0	0	0	0	0	0	0	0	0
CAVSVSNDYKLSF_CASSVARGSYNEQFF	0	0	0	1	0	0	0	0	0	0	0	0	0	0	0	0	0	0	0	0	0	0	0	0	0
CAVSVSTGTASKLTF_CASSLFGTNTGELFF	0	0	0	0	0	0	0	0	0	0	1	0	0	0	0	0	0	0	0	0	0	0	0	0	0
CAVSYNTDKLIF_CATSTRASLGYTF	0	1	0	0	0	0	0	0	0	0	0	0	0	0	0	0	0	0	0	0	0	0	0	0	0
CAVSYSGGSNYKLTF_CASSPSQPKYF	0	1	0	0	0	0	0	0	0	0	0	0	0	0	0	0	0	0	0	0	0	0	0	0	0
CAVTAAQGGSEKLVF_CASSLLTVGYGYTF	0	1	0	0	0	0	0	0	0	0	0	0	0	0	0	0	0	0	0	0	0	0	0	0	0
CAVTAYSSASKIIF_CASRWTGFSGTEETQYF	0	0	0	1	0	0	0	0	0	0	0	0	0	0	0	0	0	0	0	0	0	0	0	0	0
CAVTDASGNTPLVF_NA	0	1	0	0	0	0	0	0	0	0	0	0	0	0	0	0	0	0	0	0	0	0	0	0	0
CAVTDNFNKFYF_CSARGPPEGTGNTIYF	0	0	0	0	0	0	0	1	0	0	0	0	0	0	0	0	0	0	0	0	0	0	0	0	0
CAVTDSGGGADGLTF_CASSWRLGTKNQPQHF	0	1	0	0	0	0	0	0	0	0	0	0	0	0	0	0	0	0	0	0	0	0	0	0	0
CAVTDSNYQLIW_CASRPSGNPETQYF	0	1	0	0	0	0	0	0	0	0	0	0	0	0	0	0	0	0	0	0	0	0	0	0	0
CAVTDSNYQLIW_CASSQEGGGSYNEQFF	0	0	0	0	0	1	0	0	0	0	0	0	0	0	0	0	0	0	0	0	0	0	0	0	0
CAVTDSNYQLIW_CASSYSAISSPQHF	0	0	0	0	0	1	0	0	0	0	0	0	0	0	0	0	0	0	0	0	0	0	0	0	0
CAVTFNAGNNRKLIW_CAIRRDTSTDTQYF	0	1	0	0	0	0	0	0	0	0	0	0	0	0	0	0	0	0	0	0	0	0	0	0	0
CAVTFNKLIF_CASSSGSAGGTGELFF	0	0	0	0	0	0	0	0	0	0	0	1	0	0	0	0	0	0	0	0	0	0	0	0	0
CAVTFSGGYNKLIF_CASSQVPGQVPSRNSPLHF	0	0	0	0	0	0	0	0	0	0	0	0	0	0	0	1	0	0	0	0	0	0	0	0	0
CAVTFSNDYKLSF_CSVRRSDNQPQHF	0	1	0	0	0	0	0	0	0	0	0	0	0	0	0	0	0	0	0	0	0	0	0	0	0
CAVTGDTGNQFYF_CASSRGQGAYEQYF	0	0	0	0	0	0	0	0	1	0	0	0	0	0	0	0	0	0	0	0	0	0	0	0	0
CAVTGGATNKLIF_CASSFGAAAINNEQFF	0	1	0	0	0	0	0	0	0	0	0	0	0	0	0	0	0	0	0	0	0	0	0	0	0
CAVTGGFKTIF_CASSYAGGAMNTEAFF	0	1	0	0	0	0	0	0	0	0	0	0	0	0	0	0	0	0	0	0	0	0	0	0	0
CAVTGGYGNKLVF_CASSPTSGEYNEQFF	0	0	0	0	0	0	0	0	0	0	1	0	0	0	0	0	0	0	0	0	0	0	0	0	0
CAVTGGYSTLTF_CASSEGTGELFF	0	0	0	1	0	0	0	0	0	0	0	0	0	0	0	0	0	0	0	0	0	0	0	0	0
CAVTGNQFYF_CASIVRLNTGELFF	0	0	0	1	0	0	0	0	0	0	0	0	0	0	0	0	0	0	0	0	0	0	0	0	0
CAVTGNQFYF_CASSALRTPTGELFF	0	1	0	0	0	0	0	0	0	0	0	0	0	0	0	0	0	0	0	0	0	0	0	0	0
CAVTGRDDKIIF_CASSSIDGDWGYTF	0	0	0	0	0	0	0	0	0	0	1	0	0	0	0	0	0	0	0	0	0	0	0	0	0
CAVTGTGFQKLVF_CASSAGTGGTEAFF	0	0	0	1	0	0	0	0	0	0	0	0	0	0	0	0	0	0	0	0	0	0	0	0	0
CAVTHSGAGSYQLTF_CAISESRNSGNTIYF	0	1	0	0	0	0	0	0	0	0	0	0	0	0	0	0	0	0	0	0	0	0	0	0	0
CAVTISGSARQLTF_CASRGGLAGTDTQYF	0	0	0	0	0	1	0	0	0	0	0	0	0	0	0	0	0	0	0	0	0	0	0	0	0
CAVTLADRGSTLGRLYF_CASSYSDRVAEAFF	0	1	0	0	0	0	0	0	0	0	0	0	0	0	0	0	0	0	0	0	0	0	0	0	0
CAVTLASGGYNKLIF_CASSQLTDEKLFF	0	1	0	0	0	0	0	0	0	0	0	0	0	0	0	0	0	0	0	0	0	0	0	0	0
CAVTLGTNAGKSTF_CASSGTGGSYEQYF	0	0	0	0	0	1	0	0	0	0	0	0	0	0	0	0	0	0	0	0	0	0	0	0	0
CAVTLLTSGFKTIF_CASSLGSMGIATGELFF	0	1	0	0	0	0	0	0	0	0	0	0	0	0	0	0	0	0	0	0	0	0	0	0	0
CAVTLNAGNMLTF_CASSRTGTKGNTIYF	0	0	0	1	0	0	0	0	0	0	0	0	0	0	0	0	0	0	0	0	0	0	0	0	0
CAVTLSFGNEKLTF_CSVLILGQLNQPQHF	0	1	0	0	0	0	0	0	0	0	0	0	0	0	0	0	0	0	0	0	0	0	0	0	0
CAVTLSYNTDKLIF_CASRTRSYGVIQQETQYF	0	0	0	0	0	0	0	0	0	1	0	0	0	0	0	0	0	0	0	0	0	0	0	0	0
CAVTMIKAAGNKLTF_CASSLPTGGHMNTEAFF	0	0	0	0	0	0	0	0	1	0	0	0	0	0	0	0	0	0	0	0	0	0	0	0	0
CAVTNFGNEKLTF_CSVGKATDTQYF	0	1	0	0	0	0	0	0	0	0	0	0	0	0	0	0	0	0	0	0	0	0	0	0	0
CAVTNSNSGYALNF_CASSLVPGTLSYEQYF	0	0	0	0	0	0	0	0	0	0	1	0	0	0	0	0	0	0	0	0	0	0	0	0	0
CAVTNTGNQFYF_CASSLGQDGGTQYF	0	0	0	0	0	0	0	0	0	0	0	1	0	0	0	0	0	0	0	0	0	0	0	0	0
CAVTNWGTSYGKLTF_CASSPPGTGLSGANVLTF	0	1	0	0	0	0	0	0	0	0	0	0	0	0	0	0	0	0	0	0	0	0	0	0	0
CAVTNYGQNFVF_CSVELASDYNEQFF	0	0	0	1	0	0	0	0	0	0	0	0	0	0	0	0	0	0	0	0	0	0	0	0	0
CAVTPDSGGYQKVTF_CAWQGLAGANEQFF	0	1	0	0	0	0	0	0	0	0	0	0	0	0	0	0	0	0	0	0	0	0	0	0	0
CAVTPNAGKSTF_CASSHGGGDTEAFF	0	1	0	0	0	0	0	0	0	0	0	0	0	0	0	0	0	0	0	0	0	0	0	0	0
CAVTPNAGNNRKLIW_CATSDSAGTGGYGYTF	0	1	0	0	0	0	0	0	0	0	0	0	0	0	0	0	0	0	0	0	0	0	0	0	0
CAVTPNNARLMF_CASSLVAGISADTQYF	0	0	0	1	0	0	0	0	0	0	0	0	0	0	0	0	0	0	0	0	0	0	0	0	0
CAVTPNQAGTALIF_CASSQDLAGGYTQYF	0	0	0	0	0	0	0	0	0	0	0	0	0	0	0	0	0	0	0	0	0	1	0	0	0
CAVTPREYGNKLVF_CASSRAGAPTDTQYF	0	0	0	0	0	0	0	0	0	0	0	1	0	0	0	0	0	0	0	0	0	0	0	0	0
CAVTPYSSASKIIF_CSASGSNQPQHF	0	0	0	0	0	0	0	1	0	0	0	0	0	0	0	0	0	0	0	0	0	0	0	0	0
CAVTQGGNNRLAF_CASSPQGFSFRNTEAFF	0	0	0	0	0	0	0	0	0	0	0	1	0	0	0	0	0	0	0	0	0	0	0	0	0
CAVTQGGSEKLVF_CATSAPGRPSGANVLTF	0	1	0	0	0	0	0	0	0	0	0	0	0	0	0	0	0	0	0	0	0	0	0	0	0
CAVTRDQKVTF_CASRLGAGGNYGYTF	0	0	0	1	0	0	0	0	0	0	0	0	0	0	0	0	0	0	0	0	0	0	0	0	0
CAVTRGGNTDKLIF_CASSLVGRYIGSGANVLTF	0	0	0	0	0	0	0	0	0	0	0	1	0	0	0	0	0	0	0	0	0	0	0	0	0
CAVTRLYSSASKIIF_CASSLVLSGGEYEQYF	0	0	0	0	0	0	0	0	1	0	0	0	0	0	0	0	0	0	0	0	0	0	0	0	0
CAVTRNQAGTALIF_CASSGDRGSTYGYTF	0	0	0	1	0	0	0	0	0	0	0	0	0	0	0	0	0	0	0	0	0	0	0	0	0
CAVTRTSYDKVIF_CASSLGQMNTEAFF	0	1	0	0	0	0	0	0	0	0	0	0	0	0	0	0	0	0	0	0	0	0	0	0	0
CAVTSDYKLSF_CASSEADTEAFF	0	1	0	0	0	0	0	0	0	0	0	0	0	0	0	0	0	0	0	0	0	0	0	0	0
CAVTSFSDGQKLLF_CSASNWIDSYEQYF	0	0	0	0	0	0	0	1	0	0	0	0	0	0	0	0	0	0	0	0	0	0	0	0	0
CAVTSGNTPLVF_NA	0	1	0	0	0	0	0	0	0	0	0	0	0	0	0	0	0	0	0	0	0	0	0	0	0
CAVTSGSRLTF_CASSLDSNQPQHF	0	1	0	0	0	0	0	0	0	0	0	0	0	0	0	0	0	0	0	0	0	0	0	0	0
CAVTSNAGNMLTF_CASSHGQGRSYEQYF	0	0	0	0	0	0	0	0	1	0	0	0	0	0	0	0	0	0	0	0	0	0	0	0	0
CAVTSNDYKLSF_CASSPMGGELFF	0	0	0	1	0	0	0	0	0	0	0	0	0	0	0	0	0	0	0	0	0	0	0	0	0
CAVTSNFGNEKLTF_CASRIGGGLVQPQHF	0	1	0	0	0	0	0	0	0	0	0	0	0	0	0	0	0	0	0	0	0	0	0	0	0
CAVTSRDSGAGSYQLTF_CASSSGTGIYGYTF	0	0	0	0	0	0	0	0	0	0	0	1	0	0	0	0	0	0	0	0	0	0	0	0	0
CAVTSSGAGSYQLTF_CASSPVPSSEQFF	0	1	0	0	0	0	0	0	0	0	0	0	0	0	0	0	0	0	0	0	0	0	0	0	0
CAVTSSNYKLTF_CASSQDLLYGYTF	0	0	0	0	0	0	0	0	0	0	0	1	0	0	0	0	0	0	0	0	0	0	0	0	0
CAVTSTGNQFYF_CSAQTGGTTEAFF	0	0	0	0	0	0	0	1	0	0	0	0	0	0	0	0	0	0	0	0	0	0	0	0	0
CAVTSVGGGYNKLIF_CASSVEGSYTGELFF	0	0	0	1	0	0	0	0	0	0	0	0	0	0	0	0	0	0	0	0	0	0	0	0	0
CAVTSYSGGGADGLTF_CASSAALVNSPLHF	0	0	0	0	0	0	0	0	0	0	1	0	0	0	0	0	0	0	0	0	0	0	0	0	0
CAVTTALGANNLFF_CAWSRRGGQGLAWFRTEAFF	0	1	0	0	0	0	0	0	0	0	0	0	0	0	0	0	0	0	0	0	0	0	0	0	0
CAVTTARLMF_CAVWDQSSYEQYF	0	0	0	1	0	0	0	0	0	0	0	0	0	0	0	0	0	0	0	0	0	0	0	0	0
CAVTTAVRDTGFQKLVF_CASSPNYPAHYGYTF	0	1	0	0	0	0	0	0	0	0	0	0	0	0	0	0	0	0	0	0	0	0	0	0	0
CAVTTSGGYNKLIF_CASSFLGPGNTIYF	0	1	0	0	0	0	0	0	0	0	0	0	0	0	0	0	0	0	0	0	0	0	0	0	0
CAVTTSGTYKYIF_CASSLAPISYSYEQYF	0	0	0	1	0	0	0	0	0	0	0	0	0	0	0	0	0	0	0	0	0	0	0	0	0
CAVTTSGTYKYIF_CASSTQRTANYGYTF	0	0	0	0	0	0	0	0	1	0	0	0	0	0	0	0	0	0	0	0	0	0	0	0	0
CAVTTTDSWGKFQF_CASSYSGQLNTEAFF	0	0	0	0	0	0	0	0	1	0	0	0	0	0	0	0	0	0	0	0	0	0	0	0	0
CAVTYGNKLVF_CASSYLFRGGGSEQFF	0	0	0	1	0	0	0	0	0	0	0	0	0	0	0	0	0	0	0	0	0	0	0	0	0
CAVTYGSSGSARQLTF_CASSYFLSGANVLTF	0	0	0	0	0	0	0	0	1	0	0	0	0	0	0	0	0	0	0	0	0	0	0	0	0
CAVTYGYNQGGKLIF_CASSLLPTGVNTEAFF	0	0	0	1	0	0	0	0	0	0	0	0	0	0	0	0	0	0	0	0	0	0	0	0	0
CAVTYPTGYSTLTF_CASSPPGQRREKLFF	0	1	0	0	0	0	0	0	0	0	0	0	0	0	0	0	0	0	0	0	0	0	0	0	0
CAVVAIDKLIF_CASSVDLKANVLTF	0	1	0	0	0	0	0	0	0	0	0	0	0	0	0	0	0	0	0	0	0	0	0	0	0
CAVVASGGSYIPTF_CASSFDNYGYTF	0	0	0	1	0	0	0	0	0	0	0	0	0	0	0	0	0	0	0	0	0	0	0	0	0
CAVVDSNYQLIW_CARESQVPSFF	0	0	0	0	0	1	0	0	0	0	0	0	0	0	0	0	0	0	0	0	0	0	0	0	0
CAVVDSNYQLIW_CASSFLETISGANVLTF	0	0	0	0	0	1	0	0	0	0	0	0	0	0	0	0	0	0	0	0	0	0	0	0	0
CAVVDSNYQLIW_CASSHPTGSGANVLTF	0	0	0	0	0	1	0	0	0	0	0	0	0	0	0	0	0	0	0	0	0	0	0	0	0
CAVVDSNYQLIW_CASSYSASSSYEQYF	0	0	0	0	0	1	0	0	0	0	0	0	0	0	0	0	0	0	0	0	0	0	0	0	0
CAVVDSNYQLIW_CSARDTGGYHEQYF	0	0	0	0	0	1	0	0	0	0	0	0	0	0	0	0	0	0	0	0	0	0	0	0	0
CAVVDTGGFKTIF_CASSEGGRGRRNTEAFF	0	1	0	0	0	0	0	0	0	0	0	0	0	0	0	0	0	0	0	0	0	0	0	0	0
CAVVEQGGKLIF_CASGQGLANYNEQFF	0	0	0	1	0	0	0	0	0	0	0	0	0	0	0	0	0	0	0	0	0	0	0	0	0
CAVVEYGNKLVF_CASSTGTGVQPQHF	0	0	0	0	0	1	0	0	0	0	0	0	0	0	0	0	0	0	0	0	0	0	0	0	0
CAVVFYNQGGKLIF_CASSRQTGGAEYGYTF	0	0	0	1	0	0	0	0	0	0	0	0	0	0	0	0	0	0	0	0	0	0	0	0	0
CAVVGGADGLTF_CASNGAGGPNQPQHF	0	1	0	0	0	0	0	0	0	0	0	0	0	0	0	0	0	0	0	0	0	0	0	0	0
CAVVGGGADGLTF_CAISLDRYYEQYF	0	1	0	0	0	0	0	0	0	0	0	0	0	0	0	0	0	0	0	0	0	0	0	0	0
CAVVGGTSYGKLTF_CASSRSEGARPLHF	0	0	0	0	0	0	0	0	1	0	0	0	0	0	0	0	0	0	0	0	0	0	0	0	0
CAVVGTGSARQLTF_CASSLDWSGSYEQYF	0	0	0	0	0	0	0	0	0	0	1	0	0	0	0	0	0	0	0	0	0	0	0	0	0
CAVVGVSGGYNKLIF_CASSDRQGAYTEAFF	0	0	0	0	0	0	0	0	1	0	0	0	0	0	0	0	0	0	0	0	0	0	0	0	0
CAVVIASGSRLTF_CASSLGGIRNTIYF	0	0	0	0	0	0	0	0	0	0	1	0	0	0	0	0	0	0	0	0	0	0	0	0	0
CAVVILSGTYKYIF_CASSFDPSEAFF	0	1	0	0	0	0	0	0	0	0	0	0	0	0	0	0	0	0	0	0	0	0	0	0	0
CAVVKAAGNKLTF_NA	0	0	0	0	0	0	0	0	0	1	0	0	0	0	0	0	0	0	0	0	0	0	0	0	0
CAVVKSGAGSYQLTF_CASVLDSGNTIYF	0	0	0	1	0	0	0	0	0	0	0	0	0	0	0	0	0	0	0	0	0	0	0	0	0
CAVVLAYGGSQGNLIF_CASSQGPPGEQYF	0	0	0	1	0	0	0	0	0	0	0	0	0	0	0	0	0	0	0	0	0	0	0	0	0
CAVVLNYGQNFVF_CASSLGWTGKVDF	0	1	0	0	0	0	0	0	0	0	0	0	0	0	0	0	0	0	0	0	0	0	0	0	0
CAVVLRGATNKLIF_CASSLGRQDEKLFF	0	1	0	0	0	0	0	0	0	0	0	0	0	0	0	0	0	0	0	0	0	0	0	0	0
CAVVMTGGFKTIF_CSARDKRREERRGSWTEAFF	0	0	0	0	0	0	0	1	0	0	0	0	0	0	0	0	0	0	0	0	0	0	0	0	0
CAVVNSGNTGKLIF_CASSLTGATNTEAFF	0	0	0	0	0	1	0	0	0	0	0	0	0	0	0	0	0	0	0	0	0	0	0	0	0
CAVVNYGGATNKLIF_CASSAWDRKETQYF	0	0	0	1	0	0	0	0	0	0	0	0	0	0	0	0	0	0	0	0	0	0	0	0	0
CAVVPNSGYSTLTF_CSVRRRLADGELFF	0	0	0	1	0	0	0	0	0	0	0	0	0	0	0	0	0	0	0	0	0	0	0	0	0
CAVVPRGGSYIPTF_CASSEAEFWARGYGYTF	0	1	0	0	0	0	0	0	0	0	0	0	0	0	0	0	0	0	0	0	0	0	0	0	0
CAVVRNQGGKLIF_CASSQDRASGRARGDNEQFF	0	0	0	0	0	1	0	0	0	0	0	0	0	0	0	0	0	0	0	0	0	0	0	0	0
CAVVSGAGSYQLTF_CASSPRQDTEAFF	0	1	0	0	0	0	0	0	0	0	0	0	0	0	0	0	0	0	0	0	0	0	0	0	0
CAVVSGSARQLTF_CALWSGELFF	0	0	0	0	0	1	0	0	0	0	0	0	0	0	0	0	0	0	0	0	0	0	0	0	0
CAVVTTSGTYKYIF_CASSSPGQGNYGYTF	0	1	0	0	0	0	0	0	0	0	0	0	0	0	0	0	0	0	0	0	0	0	0	0	0
CAVVTWGSNSGYALNF_CASSVGGGAEAFF	0	0	0	1	0	0	0	0	0	0	0	0	0	0	0	0	0	0	0	0	0	0	0	0	0
CAVVTYRLTF_CASSSSAGEEANIQYF	0	0	0	0	0	0	0	0	0	0	0	0	1	0	0	0	0	0	0	0	0	0	0	0	0
CAVVYSGAGSYQLTF_CASSVAGSSYEQYF	0	0	0	0	0	0	0	0	0	0	0	1	0	0	0	0	0	0	0	0	0	0	0	0	0
CAVWAYNFNKFYF_CSAGAGGNFNEQFF	0	0	0	0	0	0	0	1	0	0	0	0	0	0	0	0	0	0	0	0	0	0	0	0	0
CAVWNSGTYKYIF_CSASEGSNYGYTF	0	0	0	0	0	0	0	1	0	0	0	0	0	0	0	0	0	0	0	0	0	0	0	0	0
CAVWVREYGNKLVF_CASSSTGTSGDTQYF	0	0	0	0	0	1	0	0	0	0	0	0	0	0	0	0	0	0	0	0	0	0	0	0	0
CAVYAGNNRKLIW_CASSFLAGGYNEQFF	0	0	0	0	0	0	0	0	0	0	0	1	0	0	0	0	0	0	0	0	0	0	0	0	0
CAVYFGNEKLTF_CASKAPTNEKLFF	0	1	0	0	0	0	0	0	0	0	0	0	0	0	0	0	0	0	0	0	0	0	0	0	0
CAVYGGGTSYGKLTF_CASSQRLAVGELFF	0	0	0	0	0	0	0	0	0	0	0	0	0	0	0	1	0	0	0	0	0	0	0	0	0
CAVYNDMRF_CASSVNKKSETPNTEAFF	0	0	0	0	0	0	0	0	1	0	0	0	0	0	0	0	0	0	0	0	0	0	0	0	0
CAVYNTGNQFYF_CSARDRSGRGAGELFF	0	0	0	0	0	0	0	1	0	0	0	0	0	0	0	0	0	0	0	0	0	0	0	0	0
CAVYPLGGQNFVF_CASSRGVKRTDTQYF	0	0	0	1	0	0	0	0	0	0	0	0	0	0	0	0	0	0	0	0	0	0	0	0	0
CAVYRAAGNKLTF_CASSHGTIATNEKLFF	0	0	0	1	0	0	0	0	0	0	0	0	0	0	0	0	0	0	0	0	0	0	0	0	0
CAVYSGAGSYQLTF_CASSSDGVPSYEQYF	0	1	0	0	0	0	0	0	0	0	0	0	0	0	0	0	0	0	0	0	0	0	0	0	0
CAVYSGNTGKLIF_CSASTRAGGIDEQFF	0	0	0	0	0	0	0	1	0	0	0	0	0	0	0	0	0	0	0	0	0	0	0	0	0
CAVYSGTYKYIF_CASSRDRGDSNQPQHF	0	0	0	1	0	0	0	0	0	0	0	0	0	0	0	0	0	0	0	0	0	0	0	0	0
CAVYTGANSKLTF_CASSLSSYEQYF	0	0	0	0	0	0	0	0	0	0	0	0	0	0	0	1	0	0	0	0	0	0	0	0	0
CAVYTGFQKLVF_CASSSGTGKEKLFF	0	0	0	0	0	1	0	0	0	0	0	0	0	0	0	0	0	0	0	0	0	0	0	0	0
CAVYTGGFKTIF_CASSSGTSGANTGELFF	0	0	0	0	0	0	0	0	0	1	0	0	0	0	0	0	0	0	0	0	0	0	0	0	0
CAVYTGGGNKLTF_CSAISGRAEETQYF	0	0	0	0	0	0	0	1	0	0	0	0	0	0	0	0	0	0	0	0	0	0	0	0	0
CAVYTPFPGFQKLVF_CASSPEGTVINEQFF	0	0	0	0	0	0	0	0	0	0	1	0	0	0	0	0	0	0	0	0	0	0	0	0	0
CAVYVSGTYKYIF_CASSRTSVAGAYNEQFF	0	0	0	1	0	0	0	0	0	0	0	0	0	0	0	0	0	0	0	0	0	0	0	0	0
CAWGDNAGNMLTF_CSASYGRAPDTQYF	0	0	0	0	0	0	0	1	0	0	0	0	0	0	0	0	0	0	0	0	0	0	0	0	0
CAYADTGRRALTF_CASSIEAPNEQFF	0	1	0	0	0	0	0	0	0	0	0	0	0	0	0	0	0	0	0	0	0	0	0	0	0
CAYFARATNKLIF_CASSLGGQPQHF	0	0	0	0	0	0	0	0	0	0	0	0	1	0	0	0	0	0	0	0	0	0	0	0	0
CAYGASKIIF_CSVGGALSYNEQFF	0	0	0	1	0	0	0	0	0	0	0	0	0	0	0	0	0	0	0	0	0	0	0	0	0
CAYGDWGTGTASKLTF_CASSPRLAGGETQYF	0	0	0	0	0	0	0	0	1	0	0	0	0	0	0	0	0	0	0	0	0	0	0	0	0
CAYGLYTGTASKLTF_NA	0	1	0	0	0	0	0	0	0	0	0	0	0	0	0	0	0	0	0	0	0	0	0	0	0
CAYGSSNTGKLIF_CASSGRSLAGANEQFF	0	1	0	0	0	0	0	0	0	0	0	0	0	0	0	0	0	0	0	0	0	0	0	0	0
CAYGTQGGSEKLVF_CASTQTGGPYEQYF	0	0	0	1	0	0	0	0	0	0	0	0	0	0	0	0	0	0	0	0	0	0	0	0	0
CAYKDRDDKIIF_CSATLGGPSNQPQHF	0	0	0	0	0	0	0	1	0	0	0	0	0	0	0	0	0	0	0	0	0	0	0	0	0
CAYKGFGNTDKLIF_CASSALTGAYNEQFF	0	1	0	0	0	0	0	0	0	0	0	0	0	0	0	0	0	0	0	0	0	0	0	0	0
CAYKGGSGGSNYKLTF_CASSISGRWSYEQYF	0	1	0	0	0	0	0	0	0	0	0	0	0	0	0	0	0	0	0	0	0	0	0	0	0
CAYKTFGNDMRF_CASSSSRGAANTGELFF	0	1	0	0	0	0	0	0	0	0	0	0	0	0	0	0	0	0	0	0	0	0	0	0	0
CAYLPKKTSGSRLTF_CASSQSPHQDTQYF	0	1	0	0	0	0	0	0	0	0	0	0	0	0	0	0	0	0	0	0	0	0	0	0	0
CAYLSGTYKYIF_CASSGTGGEGLAFYEQFF	0	0	0	1	0	0	0	0	0	0	0	0	0	0	0	0	0	0	0	0	0	0	0	0	0
CAYLSSGTYKYIF_CASSFLQGDEQYF	0	0	0	1	0	0	0	0	0	0	0	0	0	0	0	0	0	0	0	0	0	0	0	0	0
CAYNNDMRF_CASSPQGMRAFF	0	1	0	0	0	0	0	0	0	0	0	0	0	0	0	0	0	0	0	0	0	0	0	0	0
CAYNNNARLMF_CASSGDRLSGGYTF	0	1	0	0	0	0	0	0	0	0	0	0	0	0	0	0	0	0	0	0	0	0	0	0	0
CAYPTLLIQGAQKLVF_CASSYSYSKLMNTEAFF	0	1	0	0	0	0	0	0	0	0	0	0	0	0	0	0	0	0	0	0	0	0	0	0	0
CAYQGDYGGSQGNLIF_CASSYSSGDQPQHF	0	0	0	0	0	0	0	0	1	0	0	0	0	0	0	0	0	0	0	0	0	0	0	0	0
CAYRATGNQFYF_CASRVQGALTDTQYF	0	0	0	0	0	0	0	0	0	0	0	1	0	0	0	0	0	0	0	0	0	0	0	0	0
CAYRDPNYQLIW_CASSVGNYGYTF	0	0	0	1	0	0	0	0	0	0	0	0	0	0	0	0	0	0	0	0	0	0	0	0	0
CAYRGDSNYQLIW_CASSLVPGGVAYSYNEQFF	0	0	0	0	0	0	0	0	0	0	1	0	0	0	0	0	0	0	0	0	0	0	0	0	0
CAYRGNNFNKFYF_CASSFGGMNTEAFF	0	0	0	0	0	0	0	0	0	0	1	0	0	0	0	0	0	0	0	0	0	0	0	0	0
CAYRGSTLGRLYF_CASSTQQGRYQETQYF	0	0	0	0	0	0	0	0	0	0	0	1	0	0	0	0	0	0	0	0	0	0	0	0	0
CAYRGTSGTYKYIF_CASSLGGNYEQYF	0	0	0	1	0	0	0	0	0	0	0	0	0	0	0	0	0	0	0	0	0	0	0	0	0
CAYRNKAAGNKLTF_CAIRQEVSLGYTF	0	0	0	1	0	0	0	0	0	0	0	0	0	0	0	0	0	0	0	0	0	0	0	0	0
CAYRNPRPRLNARLMF_CASSGDLGTTLNEQYF	0	0	0	0	0	0	1	0	0	0	0	0	0	0	0	0	0	0	0	0	0	0	0	0	0
CAYRNSGYALNF_CASSPATGAPRSRLYEQYF	0	1	0	0	0	0	0	0	0	0	0	0	0	0	0	0	0	0	0	0	0	0	0	0	0
CAYRPWNNNARLMF_CASRFTGLDGYTF	0	0	0	0	0	1	0	0	0	0	0	0	0	0	0	0	0	0	0	0	0	0	0	0	0
CAYRPYSGGGADGLTF_CASSQGFLGGYTF	0	0	0	0	0	0	0	0	0	0	0	0	0	0	0	1	0	0	0	0	0	0	0	0	0
CAYRQYDKIIF_CASSIEARSYNEQFF	0	0	0	1	0	0	0	0	0	0	0	0	0	0	0	0	0	0	0	0	0	0	0	0	0
CAYRRAGDDKIIF_CAIRLSTLAGGIDEQFF	0	1	0	0	0	0	0	0	0	0	0	0	0	0	0	0	0	0	0	0	0	0	0	0	0
CAYRRAKGGATNKLIF_CASSYVGPGTEAFF	0	0	0	1	0	0	0	0	0	0	0	0	0	0	0	0	0	0	0	0	0	0	0	0	0
CAYRRAQGGSEKLVF_CASSEYSPGKINSPLHF	0	1	0	0	0	0	0	0	0	0	0	0	0	0	0	0	0	0	0	0	0	0	0	0	0
CAYRRFQGAQKLVF_CASSFRQGPMNTEAFF	0	1	0	0	0	0	0	0	0	0	0	0	0	0	0	0	0	0	0	0	0	0	0	0	0
CAYRRFYGMDSNYQLIW_CASTIGGRGGNTIYF	0	0	0	1	0	0	0	0	0	0	0	0	0	0	0	0	0	0	0	0	0	0	0	0	0
CAYRRGAGYQKVTF_CASSQGAVGLFF	0	0	0	0	0	0	0	0	0	0	1	0	0	0	0	0	0	0	0	0	0	0	0	0	0
CAYRRGGATNKLIF_CASSYPGQGYEQFF	0	0	0	1	0	0	0	0	0	0	0	0	0	0	0	0	0	0	0	0	0	0	0	0	0
CAYRRGSETSGSRLTF_CASSRQGTVNSPLHF	0	0	0	0	0	0	0	0	0	0	1	0	0	0	0	0	0	0	0	0	0	0	0	0	0
CAYRRKAAGNKLTF_CASSYSPALGEQYF	0	0	0	1	0	0	0	0	0	0	0	0	0	0	0	0	0	0	0	0	0	0	0	0	0
CAYRRKNRDDKIIF_CASNAHSGATNEKLFF	0	1	0	0	0	0	0	0	0	0	0	0	0	0	0	0	0	0	0	0	0	0	0	0	0
CAYRSAGGGGSNYKLTF_CASSATSGRKNIQYF	0	1	0	0	0	0	0	0	0	0	0	0	0	0	0	0	0	0	0	0	0	0	0	0	0
CAYRSAIGFGNVLHC_CASSQGGNEQFF	0	0	0	1	0	0	0	0	0	0	0	0	0	0	0	0	0	0	0	0	0	0	0	0	0
CAYRSAINDMRF_CASSLSQGAKNEQFF	0	0	0	0	0	0	0	0	0	0	0	0	1	0	0	0	0	0	0	0	0	0	0	0	0
CAYRSAKGRGLTF_CASSPRPKSSYNEQFF	0	0	0	1	0	0	0	0	0	0	0	0	0	0	0	0	0	0	0	0	0	0	0	0	0
CAYRSALGSARQLTF_CASSLIPRLNTEAFF	0	0	0	0	0	0	0	0	0	0	1	0	0	0	0	0	0	0	0	0	0	0	0	0	0
CAYRSALLPLVF_CASSLSQGLNTEAFF	0	0	0	0	0	0	0	0	0	0	0	0	1	0	0	0	0	0	0	0	0	0	0	0	0
CAYRSALLVLGEEYGNKLVF_CASSWRGQGNTEAFF	0	0	0	1	0	0	0	0	0	0	0	0	0	0	0	0	0	0	0	0	0	0	0	0	0
CAYRSAPGGAGSYQLTF_CASSQAAANQPQHF	0	0	0	0	0	0	0	0	0	0	0	0	0	0	0	1	0	0	0	0	0	0	0	0	0
CAYRSARGNEKLTF_CASSPTSGSYQETQYF	0	0	0	0	0	0	0	0	0	0	1	0	0	0	0	0	0	0	0	0	0	0	0	0	0
CAYRSASAGGTSYGKLTF_CASSLVSRVYFLPAATEAFF	0	0	0	0	0	0	0	0	0	0	1	0	0	0	0	0	0	0	0	0	0	0	0	0	0
CAYRSATNAGNMLTF_CASSLRVAGATGQYF	0	0	0	0	0	0	0	0	0	0	0	1	0	0	0	0	0	0	0	0	0	0	0	0	0
CAYRSENGGSQGNLIF_CASSPMAIFWPEELFF	0	1	0	0	0	0	0	0	0	0	0	0	0	0	0	0	0	0	0	0	0	0	0	0	0
CAYRSEPNSGYALNF_CASSLYVFDTEAFF	0	1	0	0	0	0	0	0	0	0	0	0	0	0	0	0	0	0	0	0	0	0	0	0	0
CAYRSGGATNKLIF_CASSRGLDYNSPLHF	0	1	0	0	0	0	0	0	0	0	0	0	0	0	0	0	0	0	0	0	0	0	0	0	0
CAYRSGGLGGTSYGKLTF_CASSSPDISNTEAFF	0	0	0	1	0	0	0	0	0	0	0	0	0	0	0	0	0	0	0	0	0	0	0	0	0
CAYRSGINDMRF_CASSSSQGTENEQYF	0	0	0	0	0	0	0	0	0	0	0	0	1	0	0	0	0	0	0	0	0	0	0	0	0
CAYRSGPGEGTYKYIF_CASSLGIGQGEGTDTQYF	0	0	0	1	0	0	0	0	0	0	0	0	0	0	0	0	0	0	0	0	0	0	0	0	0
CAYRSGQGGSEKLVF_CASSFPGMEAFF	0	0	0	1	0	0	0	0	0	0	0	0	0	0	0	0	0	0	0	0	0	0	0	0	0
CAYRSGVRAGTASKLTF_CASSLKGLVAEAFF	0	0	0	0	0	0	0	0	0	0	0	1	0	0	0	0	0	0	0	0	0	0	0	0	0
CAYRSPNTGNQFYF_CASSLTQGDYGYTF	0	0	0	0	0	0	0	0	0	0	1	0	0	0	0	0	0	0	0	0	0	0	0	0	0
CAYRSSVSGSNYKLTF_CASSLRSSGANVLTF	0	0	0	0	0	0	0	0	0	0	0	1	0	0	0	0	0	0	0	0	0	0	0	0	0
CAYRSTAYTGANSKLTF_CASSLLLGGFRVLFF	0	0	0	0	0	0	0	0	0	0	0	1	0	0	0	0	0	0	0	0	0	0	0	0	0
CAYRSVLQGGSEKLVF_CASSYLGFFTDTQYF	0	0	0	1	0	0	0	0	0	0	0	0	0	0	0	0	0	0	0	0	0	0	0	0	0
CAYRSVPQGGKLIF_CASRLSGRLYNEQFF	0	0	0	1	0	0	0	0	0	0	0	0	0	0	0	0	0	0	0	0	0	0	0	0	0
CAYRTTFLIQGAQKLVF_CASSLGVGNQPQHF	0	0	0	1	0	0	0	0	0	0	0	0	0	0	0	0	0	0	0	0	0	0	0	0	0
CAYRTYKYIF_CASNLGGGMNTEAFF	0	0	0	0	0	1	0	0	0	0	0	0	0	0	0	0	0	0	0	0	0	0	0	0	0
CAYRWETSGSRLTF_CASSPRQGGTYEQYF	0	1	0	0	0	0	0	0	0	0	0	0	0	0	0	0	0	0	0	0	0	0	0	0	0
CAYSGSKAGGTSYGKLTF_CSALDRGYGYTF	0	1	0	0	0	0	0	0	0	0	0	0	0	0	0	0	0	0	0	0	0	0	0	0	0
CAYSSASKIIF_CASSLNPSGGNEQFF	0	0	0	0	0	1	0	0	0	0	0	0	0	0	0	0	0	0	0	0	0	0	0	0	0
CAYTGSGANNLFF_CASSLNSRRGRGVTEAFF	0	1	0	0	0	0	0	0	0	0	0	0	0	0	0	0	0	0	0	0	0	0	0	0	0
CAYTTGYGQNFVF_CSARDSSGGGTGANVLTF	0	0	0	0	0	0	0	1	0	0	0	0	0	0	0	0	0	0	0	0	0	0	0	0	0
CAYYQDDKIIF_CASSTDRGPSNQPQHF	0	0	0	1	0	0	0	0	0	0	0	0	0	0	0	0	0	0	0	0	0	0	0	0	0
CCEDDSWGKLQF_CASSLTANTGELFF	0	0	0	0	0	0	0	0	0	0	0	0	1	0	0	0	0	0	0	0	0	0	0	0	0
CFNYQLIW_CASSQKSGRGAHEQFF	0	0	0	0	0	0	0	0	0	1	0	0	0	0	0	0	0	0	0	0	0	0	0	0	0
CGAATVGNQFYF_CASSLLASSYNEQFF	0	0	0	0	0	0	0	0	1	0	0	0	0	0	0	0	0	0	0	0	0	0	0	0	0
CGADGGGSNYKLTF_CASSFGSLSRGGQGEQYF	0	1	0	0	0	0	0	0	0	0	0	0	0	0	0	0	0	0	0	0	0	0	0	0	0
CGADGSGAGSYQLTF_CSALPILGVETDTQYF	0	0	0	0	0	0	0	1	0	0	0	0	0	0	0	0	0	0	0	0	0	0	0	0	0
CGADKDGQKLLF_CASSFSWGSYGYTF	0	1	0	0	0	0	0	0	0	0	0	0	0	0	0	0	0	0	0	0	0	0	0	0	0
CGADLNYGQNFVF_CASSLSGSYEQYF	0	0	0	1	0	0	0	0	0	0	0	0	0	0	0	0	0	0	0	0	0	0	0	0	0
CGADRDNARLMF_CASSGNEKLFF	0	1	0	0	0	0	0	0	0	0	0	0	0	0	0	0	0	0	0	0	0	0	0	0	0
CGADRDNYGQNFVF_CASSSLWGAGGLLSYNEQFF	0	1	0	0	0	0	0	0	0	0	0	0	0	0	0	0	0	0	0	0	0	0	0	0	0
CGADRSQGNLIF_CASSFQGEVTEAFF	0	0	0	0	0	0	0	0	0	0	1	0	0	0	0	0	0	0	0	0	0	0	0	0	0
CGADSLYSGTYKYIF_CASSVAPRATESPLHF	0	1	0	0	0	0	0	0	0	0	0	0	0	0	0	0	0	0	0	0	0	0	0	0	0
CGADTTGGFKTIF_CASSPGANGGTGELFF	0	0	0	1	0	0	0	0	0	0	0	0	0	0	0	0	0	0	0	0	0	0	0	0	0
CGADVWGNAGNMLTF_CASSPSGDGDTQYF	0	0	0	1	0	0	0	0	0	0	0	0	0	0	0	0	0	0	0	0	0	0	0	0	0
CGADWWETSGSRLTF_CASRSGRYSRGANVLTF	0	0	0	0	0	0	0	0	0	1	0	0	0	0	0	0	0	0	0	0	0	0	0	0	0
CGAGLLPNFGNEKLTF_CASSLTGVGGYTF	0	0	0	0	0	0	0	0	0	0	0	1	0	0	0	0	0	0	0	0	0	0	0	0	0
CGAMDSNYQLIW_CSARAPSGRGYEQYF	0	0	0	0	0	1	0	0	0	0	0	0	0	0	0	0	0	0	0	0	0	0	0	0	0
CGASHYGGATNKLIF_CASTLAASTDTQYF	0	1	0	0	0	0	0	0	0	0	0	0	0	0	0	0	0	0	0	0	0	0	0	0	0
CGAYAGNMLTF_CASSPSQGYYGYTF	0	0	0	0	0	1	0	0	0	0	0	0	0	0	0	0	0	0	0	0	0	0	0	0	0
CGDKLIF_CASSPGLRTGELFF	0	0	0	0	0	0	0	0	1	0	0	0	0	0	0	0	0	0	0	0	0	0	0	0	0
CGGRGDSNYQLIW_CASSLREMIISPLHF	0	0	0	0	0	0	0	0	0	1	0	0	0	0	0	0	0	0	0	0	0	0	0	0	0
CGGSGNTGKLIF_CASSQGVVIGTGGYEQYF	0	0	0	0	0	2	0	0	0	0	0	0	0	0	0	0	0	0	0	0	0	0	0	0	0
CGINGGSTLGRLYF_CASSYISPGPNYGYTF	0	1	0	0	0	0	0	0	0	0	0	0	0	0	0	0	0	0	0	0	0	0	0	0	0
CGIQGAQKLVF_CASSLTRTEAFF	0	0	0	0	0	0	0	0	1	0	0	0	0	0	0	0	0	0	0	0	0	0	0	0	0
CGLLQTSYDKVIF_CASSLRGGTDTQYF	0	1	0	0	0	0	0	0	0	0	0	0	0	0	0	0	0	0	0	0	0	0	0	0	0
CGQRDDKIIF_CASSRVIRGTEAFF	0	1	0	0	0	0	0	0	0	0	0	0	0	0	0	0	0	0	0	0	0	0	0	0	0
CGTALYGTASKLTF_CASSPIGIRSMPGYTF	0	1	0	0	0	0	0	0	0	0	0	0	0	0	0	0	0	0	0	0	0	0	0	0	0
CGTATGTASKLTF_CSARAVNDYGYTF	0	0	0	0	0	1	0	0	0	0	0	0	0	0	0	0	0	0	0	0	0	0	0	0	0
CGTDGEDGGSQGNLIF_CASTEVWGSTYEQYF	0	0	0	0	0	0	0	0	0	1	0	0	0	0	0	0	0	0	0	0	0	0	0	0	0
CGTDLSGAGSYQLTF_CASSLGSYEQYF	0	0	0	1	0	0	0	0	0	0	0	0	0	0	0	0	0	0	0	0	0	0	0	0	0
CGTDSGAGSYQLTF_CASSRRDTSTDTQYF	0	0	0	1	0	0	0	0	0	0	0	0	0	0	0	0	0	0	0	0	0	0	0	0	0
CGTDYSGSARQLTF_CASSHNSGRGSYEQYF	0	0	0	0	0	0	0	0	0	0	0	0	0	0	0	1	0	0	0	0	0	0	0	0	0
CGTEDTGNQFYF_CAISEGGRGIYQPQHF	0	0	0	1	0	0	0	0	0	0	0	0	0	0	0	0	0	0	0	0	0	0	0	0	0
CGTEIAGTASKLTF_CASPSGVMYAEAFF	0	1	0	0	0	0	0	0	0	0	0	0	0	0	0	0	0	0	0	0	0	0	0	0	0
CGTEIGGSNYKLTF_CASSSWTEADYGYTF	0	1	0	1	0	0	0	0	0	0	0	0	0	0	0	0	0	0	0	0	0	0	0	0	0
CGTEKGYDYKLSF_CASSLSNSGGSTDTQYF	0	0	0	0	0	0	0	0	0	0	0	0	1	0	0	0	0	0	0	0	0	0	0	0	0
CGTENDNNNDMRF_CASSGQGGLGPLFF	0	1	0	0	0	0	0	0	0	0	0	0	0	0	0	0	0	0	0	0	0	0	0	0	0
CGTENSGYSTLTF_CASSSGLFNTEAFF	0	0	0	1	0	0	0	0	0	0	0	0	0	0	0	0	0	0	0	0	0	0	0	0	0
CGTENTGNQFYF_CASSLGLAGDSRQYF	0	0	0	0	0	0	0	0	0	0	1	0	0	0	0	0	0	0	0	0	0	0	0	0	0
CGTENWGNNRLAF_CASSLGGTAAGAFF	0	1	0	0	0	0	0	0	0	0	0	0	0	0	0	0	0	0	0	0	0	0	0	0	0
CGTERWGNTPLVF_CSARDRSWSNSGNTIYF	0	0	0	0	0	0	0	1	0	0	0	0	0	0	0	0	0	0	0	0	0	0	0	0	0
CGTESGNFNKFYF_CASSYSGSGPGANVLTF	0	0	0	0	0	0	0	0	1	0	0	0	0	0	0	0	0	0	0	0	0	0	0	0	0
CGTGRFGANNLFF_CASSQVDRTGELFF	0	0	0	0	0	0	0	0	0	0	0	0	0	0	0	1	0	0	0	0	0	0	0	0	0
CGTGSGGSNYKLTF_CAWSRDSTDTQYF	0	1	0	0	0	0	0	0	0	0	0	0	0	0	0	0	0	0	0	0	0	0	0	0	0
CGTGTDSWGKLQF_CASSRTGTGVNEQFF	0	0	0	0	0	0	0	0	0	0	1	0	0	0	0	0	0	0	0	0	0	0	0	0	0
CGTGYRGSTLGRLYF_CATRSGHTNTGELFF	0	0	0	1	0	0	0	0	0	0	0	0	0	0	0	0	0	0	0	0	0	0	0	0	0
CGTIFGQGGKLIF_CSAISGGAFYNEQFF	0	0	0	0	0	0	0	1	0	0	0	0	0	0	0	0	0	0	0	0	0	0	0	0	0
CGTPREGNTPLVF_CASSARIWGRNNEQFF	0	1	0	0	0	0	0	0	0	0	0	0	0	0	0	0	0	0	0	0	0	0	0	0	0
CGTVKQTGANNLFF_CASSTGHNSPLHF	0	0	0	0	0	1	0	0	0	0	0	0	0	0	0	0	0	0	0	0	0	0	0	0	0
CGTVRDDKLIF_CASSLDFQGDTQYF	0	1	0	0	0	0	0	0	0	0	0	0	0	0	0	0	0	0	0	0	0	0	0	0	0
CGTVRF_CASSQVRGSEQYF	0	0	0	0	0	0	0	0	0	0	0	0	0	0	0	1	0	0	0	0	0	0	0	0	0
CGTVRQGGSEKLVF_CASSLVGGSADTQYF	0	0	0	1	0	0	0	0	0	0	0	0	0	0	0	0	0	0	0	0	0	0	0	0	0
CGTYTPFGNEKLTF_CASSIGRGNSNQPQHF	0	0	0	1	0	0	0	0	0	0	0	0	0	0	0	0	0	0	0	0	0	0	0	0	0
CGVKRNAGNMLTF_CASSQEGMGGSSYNEQFF	0	1	0	0	0	0	0	0	0	0	0	0	0	0	0	0	0	0	0	0	0	0	0	0	0
CGVRSNDYKLSF_CASSPGQGDEQYF	0	0	0	1	0	0	0	0	0	0	0	0	0	0	0	0	0	0	0	0	0	0	0	0	0
CHTNAGNMLTF_CASSTTQGIASYEQYF	0	0	0	0	0	0	0	0	0	0	0	0	1	0	0	0	0	0	0	0	0	0	0	0	0
CIADAMDSSYKLIF_CSARKEQAFF	0	0	0	0	0	0	0	1	0	0	0	0	0	0	0	0	0	0	0	0	0	0	0	0	0
CIAGEYGNKLVF_CASSLESLFQETQYF	0	1	0	0	0	0	0	0	0	0	0	0	0	0	0	0	0	0	0	0	0	0	0	0	0
CIAIGGGSQGNLIF_CSARVGGGGRETQYF	0	0	0	0	0	0	0	1	0	0	0	0	0	0	0	0	0	0	0	0	0	0	0	0	0
CIALNSGGSNYKLTF_CASSPDRGQYGYTF	0	0	0	0	0	0	0	0	0	0	1	0	0	0	0	0	0	0	0	0	0	0	0	0	0
CIAPNAGKSTF_CASSLVGYTF	0	1	0	0	0	0	0	0	0	0	0	0	0	0	0	0	0	0	0	0	0	0	0	0	0
CIAQTPHTQGGSEKLVF_CASRGTSGAQETQYF	0	0	0	1	0	0	0	0	0	0	0	0	0	0	0	0	0	0	0	0	0	0	0	0	0
CICRSWGKLQF_CASSLGAPTEAFF	0	0	0	0	0	7	0	0	0	0	0	0	0	0	0	0	0	0	0	0	0	0	0	0	0
CIDHVYGGSQGNLIF_CASSPSGPRDYGYTF	0	0	0	1	0	0	0	0	0	0	0	0	0	0	0	0	0	0	0	0	0	0	0	0	0
CIETHF_CASMGEGTEQYF	0	1	0	0	0	0	0	0	0	0	0	0	0	0	0	0	0	0	0	0	0	0	0	0	0
CIGEARLMF_CASSLKGSYNEQFF	0	0	0	1	0	0	0	0	0	0	0	0	0	0	0	0	0	0	0	0	0	0	0	0	0
CIHPNAGGTSYGKLTF_CASSLTTSYEQYF	0	1	0	0	0	0	0	0	0	0	0	0	0	0	0	0	0	0	0	0	0	0	0	0	0
CIISKTSYDKVIF_CASSGGTARVQPQHF	0	1	0	0	0	0	0	0	0	0	0	0	0	0	0	0	0	0	0	0	0	0	0	0	0
CILESGAGSYQLTF_CSARDRHTEAFF	0	0	0	0	0	0	0	1	0	0	0	0	0	0	0	0	0	0	0	0	0	0	0	0	0
CILGAFDNARLMF_CSARARKNIQYF	0	0	0	0	0	0	0	1	0	0	0	0	0	0	0	0	0	0	0	0	0	0	0	0	0
CILIIDSNYQLIW_CASSPAGGAASGANVLTF	0	0	0	0	0	0	0	0	0	0	0	1	0	0	0	0	0	0	0	0	0	0	0	0	0
CILKLGNQFYF_CASSSRGTRAEQYF	0	0	0	1	0	0	0	0	0	0	0	0	0	0	0	0	0	0	0	0	0	0	0	0	0
CILNYGGSQGNLIF_CASSGGSRRPYGYTF	0	1	0	0	0	0	0	0	0	0	0	0	0	0	0	0	0	0	0	0	0	0	0	0	0
CILPLYSGGGADGLTF_CASSPAHRSSYEQYF	0	0	0	0	0	0	0	0	0	0	0	0	0	0	0	0	0	0	0	0	0	1	0	0	0
CILRALNNNARLMF_CASSRQGPQPQHF	0	0	0	0	0	1	0	0	0	0	0	0	0	0	0	0	0	0	0	0	0	0	0	0	0
CILRDAAYSGAGSYQLTF_CASSFGAPTGELFF	0	0	0	1	0	0	0	0	0	0	0	0	0	0	0	0	0	0	0	0	0	0	0	0	0
CILRDADTGNQFYF_CASSQDLLAREQYF	0	0	0	0	0	0	0	0	0	0	0	0	0	0	0	0	0	0	0	0	0	1	0	0	0
CILRDAGVRAGNMLTF_CASSPVGGPSYEQYF	0	0	0	1	0	0	0	0	0	0	0	0	0	0	0	0	0	0	0	0	0	0	0	0	0
CILRDATSGTYKYIF_CASGTGDQETQYF	0	0	0	0	0	0	0	0	1	0	0	0	0	0	0	0	0	0	0	0	0	0	0	0	0
CILRDDVAGGFKTIF_CASSPGREKLFF	0	0	0	0	0	0	0	0	0	0	0	0	1	0	0	0	0	0	0	0	0	0	0	0	0
CILRDGNYGQNFVF_CASSGEGGIGNQPQHF	0	0	0	0	0	0	0	0	0	0	1	0	0	0	0	0	0	0	0	0	0	0	0	0	0
CILRDGTSYDKVIF_CASTNPGGFNQPQHF	0	0	0	1	0	0	0	0	0	0	0	0	0	0	0	0	0	0	0	0	0	0	0	0	0
CILRDLYSGNTPLVF_CASSRILAGGSTDTQYF	0	1	0	0	0	0	0	0	0	0	0	0	0	0	0	0	0	0	0	0	0	0	0	0	0
CILRDPGGATNKLIF_CASSLGTGYGYTF	0	0	0	1	0	0	0	0	0	0	0	0	0	0	0	0	0	0	0	0	0	0	0	0	0
CILRDPNYGQNFVF_CASRPGGNQPQHF	0	0	0	0	0	1	0	0	0	0	0	0	0	0	0	0	0	0	0	0	0	0	0	0	0
CILRDRDNQGGKLIF_CASSIQPLGYGYTF	0	0	0	1	0	0	0	0	0	0	0	0	0	0	0	0	0	0	0	0	0	0	0	0	0
CILRDVFWGSEKLVF_CATSDRMVTGTNNQPQHF	0	1	0	0	0	0	0	0	0	0	0	0	0	0	0	0	0	0	0	0	0	0	0	0	0
CILRDVGTSGTYKYIF_CASSFRGSGTDTQYF	0	1	0	0	0	0	0	0	0	0	0	0	0	0	0	0	0	0	0	0	0	0	0	0	0
CILRDVNDMRF_CASSQSAGAYNEQFF	0	0	0	0	0	1	0	0	0	0	0	0	0	0	0	0	0	0	0	0	0	0	0	0	0
CILRDVYSGGSNYKLTF_CASSIQLAGGRNEQFF	0	1	0	0	0	0	0	0	0	0	0	0	0	0	0	0	0	0	0	0	0	0	0	0	0
CILREPVMNRDDKIIF_CASSQSGLASWETQYF	0	0	0	0	0	0	0	0	0	0	0	0	0	0	0	1	0	0	0	0	0	0	0	0	0
CILRGTSGSARQLTF_CASSPGTSPLEQYF	0	1	0	0	0	0	0	0	0	0	0	0	0	0	0	0	0	0	0	0	0	0	0	0	0
CILRRDDKIIF_CASRGTGQETQYF	0	1	0	0	0	0	0	0	0	0	0	0	0	0	0	0	0	0	0	0	0	0	0	0	0
CILRVAGGTSYGKLTF_CASSPPGLAGVIEQFF	0	0	0	0	0	0	0	0	1	0	0	0	0	0	0	0	0	0	0	0	0	0	0	0	0
CILRVPGNQFYF_CSARDRYSLNEKLFF	0	0	0	0	0	0	0	0	0	0	0	0	0	0	0	0	0	0	0	0	0	0	0	0	1
CILTKGMDSWGKLQF_CASSPMSRQTEAFF	0	0	0	0	0	0	0	0	0	0	0	0	1	0	0	0	0	0	0	0	0	0	0	0	0
CILVGGGADGLTF_CASSPSTNYGYTF	0	0	0	1	0	0	0	0	0	0	0	0	0	0	0	0	0	0	0	0	0	0	0	0	0
CIPAPLGFGNVLHC_CASSFTTGANVLTF	0	0	0	0	0	0	0	0	1	0	0	0	0	0	0	0	0	0	0	0	0	0	0	0	0
CIPGDFGNEKLTF_CSATGLAASPYEQYF	0	0	0	0	0	0	0	0	0	0	0	0	0	0	0	0	0	0	0	0	0	0	0	0	1
CIPIYNAGNMLTF_CASSLGRGDTYGYTF	0	0	0	0	0	0	0	0	0	0	0	0	1	0	0	0	0	0	0	0	0	0	0	0	0
CIPPGGSTLGRLYF_CSARRNQETQYF	0	0	0	0	0	0	0	1	0	0	0	0	0	0	0	0	0	0	0	0	0	0	0	0	0
CIRSEDSGYALNF_CASSLGQGSNQPQHF	0	0	0	0	0	1	0	0	0	0	0	0	0	0	0	0	0	0	0	0	0	0	0	0	0
CIVIPPGSSNTGKLIF_CASSVVRLPQHF	0	1	0	0	0	0	0	0	0	0	0	0	0	0	0	0	0	0	0	0	0	0	0	0	0
CIVKTSYDKVIF_CASSLGQGESGYTF	0	0	0	0	0	0	0	0	0	0	1	0	0	0	0	0	0	0	0	0	0	0	0	0	0
CIVLQGGSEKLVF_CASSFRGPNYGYTF	0	0	0	1	0	0	0	0	0	0	0	0	0	0	0	0	0	0	0	0	0	0	0	0	0
CIVPRAGNMLTF_CASSQEPTGDYWFYEQYF	0	0	0	0	0	0	0	0	1	0	0	0	0	0	0	0	0	0	0	0	0	0	0	0	0
CIVRAFTGGGNKLTF_CASSDPGETQYF	0	0	0	0	0	0	0	0	0	0	0	1	0	0	0	0	0	0	0	0	0	0	0	0	0
CIVRAGGGATNKLIF_CASSPGQGTTDTQYF	0	1	0	0	0	0	0	0	0	0	0	0	0	0	0	0	0	0	0	0	0	0	0	0	0
CIVRAPNAGNMLTF_CSARDPRLAKNIQYF	0	0	0	0	0	0	0	1	0	0	0	0	0	0	0	0	0	0	0	0	0	0	0	0	0
CIVRAPNFGNEKLTF_CASSPRADSPLHF	0	1	0	0	0	0	0	0	0	0	0	0	0	0	0	0	0	0	0	0	0	0	0	0	0
CIVRAPPMDTGRRALTF_CSARGGAGYEQYF	0	0	0	0	0	0	0	1	0	0	0	0	0	0	0	0	0	0	0	0	0	0	0	0	0
CIVRAPSGSARQLTF_CASSSTGLAGSHGTQYF	0	1	0	0	0	0	0	0	0	0	0	0	0	0	0	0	0	0	0	0	0	0	0	0	0
CIVRAPYNTNAGKSTF_CASSLGVGGYGYTF	0	1	0	0	0	0	0	0	0	0	0	0	0	0	0	0	0	0	0	0	0	0	0	0	0
CIVRAQNYGGSQGNLIF_CSVEGSLWGAFF	0	1	0	0	0	0	0	0	0	0	0	0	0	0	0	0	0	0	0	0	0	0	0	0	0
CIVRARDNYGQNFVF_CASSETPDRFIEKLFF	0	0	0	0	0	0	0	0	0	0	0	1	0	0	0	0	0	0	0	0	0	0	0	0	0
CIVRARPGNAQKLVF_CSAPGAYEQYF	0	0	0	0	0	0	0	0	0	0	0	0	0	0	0	0	0	0	0	0	0	0	0	0	1
CIVRDDKIIF_CSAGRTGDIYIQYF	0	0	0	0	0	0	0	1	0	0	0	0	0	0	0	0	0	0	0	0	0	0	0	0	0
CIVRDYTGTASKLTF_CAIRDGRSGANVLTF	0	1	0	0	0	0	0	0	0	0	0	0	0	0	0	0	0	0	0	0	0	0	0	0	0
CIVREPYKYIF_CASSPSQGVGANVLTF	0	0	0	0	0	1	0	0	0	0	0	0	0	0	0	0	0	0	0	0	0	0	0	0	0
CIVREYNQGEKLIF_CASSLSAQGYEQYF	0	0	0	1	0	0	0	0	0	0	0	0	0	0	0	0	0	0	0	0	0	0	0	0	0
CIVRFLGAGSYQLTF_CASSLTGGSNAEAFF	0	1	0	0	0	0	0	0	0	0	0	0	0	0	0	0	0	0	0	0	0	0	0	0	0
CIVRGANAGGTSYGKLTF_CASSLQFGGAPMNTEAFF	0	0	0	0	0	0	0	0	0	0	1	0	0	0	0	0	0	0	0	0	0	0	0	0	0
CIVRGGNTGKLIF_CSPRASGGQSLYNEQFF	0	0	0	0	0	0	0	1	0	0	0	0	0	0	0	0	0	0	0	0	0	0	0	0	0
CIVRGLQGAQKLVF_CASSPRTGRSGANVLTF	0	0	0	0	0	0	0	0	0	1	0	0	0	0	0	0	0	0	0	0	0	0	0	0	0
CIVRGSSNFGNEKLTF_CASSLKYRGLNTGELFF	0	0	0	0	0	0	0	0	0	0	1	0	0	0	0	0	0	0	0	0	0	0	0	0	0
CIVRIPNTGNQFYF_CSARDFQGVSGNTIYF	0	0	0	0	0	0	0	1	0	0	0	0	0	0	0	0	0	0	0	0	0	0	0	0	0
CIVRLHRDDKIIF_NA	0	0	0	0	0	0	0	0	0	0	0	0	0	0	0	1	0	0	0	0	0	0	0	0	0
CIVRLPSGNTPLVF_CSARVGLAGDTQYF	0	0	0	0	0	0	0	1	0	0	0	0	0	0	0	0	0	0	0	0	0	0	0	0	0
CIVRNSGGSNYKLTF_CASSLSPRTGRDEQYF	0	1	0	0	0	0	0	0	0	0	0	0	0	0	0	0	0	0	0	0	0	0	0	0	0
CIVRPGRAGNQFYF_CASSLTGATDTQYF	0	0	0	1	0	0	0	0	0	0	0	0	0	0	0	0	0	0	0	0	0	0	0	0	0
CIVRRGSQGNLIF_CASSLAGVSGNTIYF	0	0	0	0	0	0	0	0	0	0	0	1	0	0	0	0	0	0	0	0	0	0	0	0	0
CIVRRIYNQGGKLIF_CSAAGTSGIISYNEQFF	0	0	0	0	0	0	0	1	0	0	0	0	0	0	0	0	0	0	0	0	0	0	0	0	0
CIVRRRVSNYQLIW_CASGDNYGYTF	0	1	0	0	0	0	0	0	0	0	0	0	0	0	0	0	0	0	0	0	0	0	0	0	0
CIVRSGPNTNAGKSTF_CASSQYYEQYF	0	0	0	0	0	0	0	0	0	0	0	0	0	0	0	1	0	0	0	0	0	0	0	0	0
CIVRSRSNDYKLSF_CASSHYNEQFF	0	1	0	0	0	0	0	0	0	0	0	0	0	0	0	0	0	0	0	0	0	0	0	0	0
CIVRSRTGSARQLTF_CASKGEVEMNTEAFF	0	0	0	1	0	0	0	0	0	0	0	0	0	0	0	0	0	0	0	0	0	0	0	0	0
CIVRVAADSWGKLQF_CASSQLGLAKNIQYF	0	0	0	1	0	0	0	0	0	0	0	0	0	0	0	0	0	0	0	0	0	0	0	0	0
CIVRVAAGNQGGKLIF_CSARGNTGELFF	0	0	0	0	0	0	0	1	0	0	0	0	0	0	0	0	0	0	0	0	0	0	0	0	0
CIVRVADAGNMLTF_CSARDIGDPLYNEQFF	0	0	0	0	0	0	0	1	0	0	0	0	0	0	0	0	0	0	0	0	0	0	0	0	0
CIVRVAGGGADGLTF_CASSWSGGVTGELFF	0	0	0	0	0	0	0	0	1	0	0	0	0	0	0	0	0	0	0	0	0	0	0	0	0
CIVRVAGGNAGNMLTF_CSAADLRNEQFF	0	0	0	0	0	0	0	0	0	0	0	0	0	0	0	0	0	0	0	0	0	0	0	0	1
CIVRVAGGSQGNLIF_CASSEVSTAKNIQYF	0	1	0	0	0	0	0	0	0	0	0	0	0	0	0	0	0	0	0	0	0	0	0	0	0
CIVRVAGGSQGNLIF_CASSPRTARTYEQYF	0	1	0	0	0	0	0	0	0	0	0	0	0	0	0	0	0	0	0	0	0	0	0	0	0
CIVRVAGNQGGKLIF_CASSYSPSTDTQYF	0	1	0	0	0	0	0	0	0	0	0	0	0	0	0	0	0	0	0	0	0	0	0	0	0
CIVRVALFSGGYNKLIF_CASSPQGDSGMGAQHF	0	1	0	0	0	0	0	0	0	0	0	0	0	0	0	0	0	0	0	0	0	0	0	0	0
CIVRVANSGGSNYKLTF_CASSVGSGSFYNEQFF	0	1	0	0	0	0	0	0	0	0	0	0	0	0	0	0	0	0	0	0	0	0	0	0	0
CIVRVARNAGGTSYGKLTF_CASSLVGSGGGPGDTQYF	0	0	0	0	0	0	0	0	0	0	0	1	0	0	0	0	0	0	0	0	0	0	0	0	0
CIVRVASRGDSNYQLIW_CASSLGPPGPSYAEQYF	0	1	0	0	0	0	0	0	0	0	0	0	0	0	0	0	0	0	0	0	0	0	0	0	0
CIVRVASSGGSNYKLTF_CASSYQTGNTIYF	0	0	0	1	0	0	0	0	0	0	0	0	0	0	0	0	0	0	0	0	0	0	0	0	0
CIVRVATDKLIF_CASSQFLAGEENEQFF	0	0	0	0	0	0	0	0	0	0	0	1	0	0	0	0	0	0	0	0	0	0	0	0	0
CIVRVDMYSGGGADGLTF_CSASYREGAGELFF	0	0	0	0	0	0	0	1	0	0	0	0	0	0	0	0	0	0	0	0	0	0	0	0	0
CIVRVDSWGKFQF_CASKQGELRTDTQYF	0	0	0	0	0	1	0	0	0	0	0	0	0	0	0	0	0	0	0	0	0	0	0	0	0
CIVRVDTNAGKSTF_CATSDFPHNEQFF	0	0	0	0	0	0	0	0	1	0	0	0	0	0	0	0	0	0	0	0	0	0	0	0	0
CIVRVEELIF_CASSVEIQGDTQYF	0	0	0	1	0	0	0	0	0	0	0	0	0	0	0	0	0	0	0	0	0	0	0	0	0
CIVRVGDNQGGKLIF_CASSTTQNTEAFF	0	0	0	1	0	0	0	0	0	0	0	0	0	0	0	0	0	0	0	0	0	0	0	0	0
CIVRVGGGGANSKLTF_CSVAPGPVQYF	0	0	0	0	0	0	0	1	0	0	0	0	0	0	0	0	0	0	0	0	0	0	0	0	0
CIVRVGGNTGTASKLTF_CASSFSAEKLFF	0	1	0	0	0	0	0	0	0	0	0	0	0	0	0	0	0	0	0	0	0	0	0	0	0
CIVRVGKDFGNVLHC_CASKGQSLSSQYF	0	0	0	0	0	0	0	0	0	1	0	0	0	0	0	0	0	0	0	0	0	0	0	0	0
CIVRVGNYGGSQGNLIF_CASSIGGVSTGSYEQYF	0	0	0	0	0	0	0	0	0	0	0	1	0	0	0	0	0	0	0	0	0	0	0	0	0
CIVRVGRRTSYDKVIF_CASSLEGGAYSYEQYF	0	0	0	0	0	0	0	0	0	0	0	0	1	0	0	0	0	0	0	0	0	0	0	0	0
CIVRVGTNAGKSTF_CASSLALSRGGELFF	0	1	0	0	0	0	0	0	0	0	0	0	0	0	0	0	0	0	0	0	0	0	0	0	0
CIVRVITGGGNKLTF_CASSLTTGATGELFF	0	0	0	0	0	0	0	0	0	0	0	0	1	0	0	0	0	0	0	0	0	0	0	0	0
CIVRVKDYGQNFVF_CASSLRAGTYEQYF	0	0	0	0	0	0	0	0	0	1	0	0	0	0	0	0	0	0	0	0	0	0	0	0	0
CIVRVLNTGNQFYF_CASSPQGYSNQPQHF	0	0	0	1	0	0	0	0	0	0	0	0	0	0	0	0	0	0	0	0	0	0	0	0	0
CIVRVLSNYQLIW_CASEIIYPRPEAFF	0	1	0	0	0	0	0	0	0	0	0	0	0	0	0	0	0	0	0	0	0	0	0	0	0
CIVRVLTGANSKLTF_CASSVILGRDGDQPQHF	0	0	0	1	0	0	0	0	0	0	0	0	0	0	0	0	0	0	0	0	0	0	0	0	0
CIVRVNNFNKFYF_CAWGDYSNQPQHF	0	0	0	1	0	0	0	0	0	0	0	0	0	0	0	0	0	0	0	0	0	0	0	0	0
CIVRVNTNAGKSTF_CASKNSDATDTQYF	0	1	0	0	0	0	0	0	0	0	0	0	0	0	0	0	0	0	0	0	0	0	0	0	0
CIVRVNYGGATNKLIF_CASSQAGTGSGNTIYF	0	1	0	0	0	0	0	0	0	0	0	0	0	0	0	0	0	0	0	0	0	0	0	0	0
CIVRVNYGGSQGNLIF_CASSRDPGPPYEQYF	0	1	0	0	0	0	0	0	0	0	0	0	0	0	0	0	0	0	0	0	0	0	0	0	0
CIVRVQRFGNEKLTF_CASHRDTGELFF	0	1	0	0	0	0	0	0	0	0	0	0	0	0	0	0	0	0	0	0	0	0	0	0	0
CIVRVRMNTGFQKLVF_CASSPRDRGYEQYF	0	0	0	0	0	0	0	0	0	0	0	0	1	0	0	0	0	0	0	0	0	0	0	0	0
CIVRVSSGGYQKVTF_CASSTPPGTGKNQPQHF	0	1	0	0	0	0	0	0	0	0	0	0	0	0	0	0	0	0	0	0	0	0	0	0	0
CIVRVVINTGTASKLTF_CASTAVGGNYGYTF	0	1	0	0	0	0	0	0	0	0	0	0	0	0	0	0	0	0	0	0	0	0	0	0	0
CIVRVVPFNARLMF_CASSSVRSRGLLAKNIQYF	0	1	0	0	0	0	0	0	0	0	0	0	0	0	0	0	0	0	0	0	0	0	0	0	0
CIVRVVPYNQGGKLIF_CASALTGGSPLGGGGELFF	0	1	0	0	0	0	0	0	0	0	0	0	0	0	0	0	0	0	0	0	0	0	0	0	0
CIVRVVYNNARLMF_CASSLTGQGFYEQYF	0	1	0	0	0	0	0	0	0	0	0	0	0	0	0	0	0	0	0	0	0	0	0	0	0
CIVRVWTGANNLFF_CAISEGGLAPGSSYEQYF	0	1	0	0	0	0	0	0	0	0	0	0	0	0	0	0	0	0	0	0	0	0	0	0	0
CIVRVYGDSNYQLIW_CASSSGLSGNTIYF	0	1	0	0	0	0	0	0	0	0	0	0	0	0	0	0	0	0	0	0	0	0	0	0	0
CIVRVYNNNDMRF_CASSPDSSYEQYF	0	0	0	0	0	0	0	0	0	0	0	1	0	0	0	0	0	0	0	0	0	0	0	0	0
CIVSGNSGYSTLTF_CSARDHRGRTNQPQHF	0	0	0	0	0	0	0	1	0	0	0	0	0	0	0	0	0	0	0	0	0	0	0	0	0
CIVSGRDDKIIF_CASSPTLGGGDMNTEAFF	0	0	0	1	0	0	0	0	0	0	0	0	0	0	0	0	0	0	0	0	0	0	0	0	0
CIVSHTGTASKLTF_CASSQDRAGGPKNIQYF	0	1	0	0	0	0	0	0	0	0	0	0	0	0	0	0	0	0	0	0	0	0	0	0	0
CIVSTGGGNKLTF_NA	0	1	0	0	0	0	0	0	0	0	0	0	0	0	0	0	0	0	0	0	0	0	0	0	0
CIVSVTGTASKLTF_CSARVSQGENYGYTF	0	0	0	0	0	0	0	1	0	0	0	0	0	0	0	0	0	0	0	0	0	0	0	0	0
CIVTSGGGADGLTF_CASGPNRGGYNEQFF	0	0	0	0	0	0	0	0	0	0	0	1	0	0	0	0	0	0	0	0	0	0	0	0	0
CLILDSNYQLIW_CASSFTSVNEQFF	0	0	0	0	0	1	0	0	0	0	0	0	0	0	0	0	0	0	0	0	0	0	0	0	0
CLLEGAQKLVF_CASRIWDYTDTQYF	0	0	0	0	0	0	0	0	0	0	1	0	0	0	0	0	0	0	0	0	0	0	0	0	0
CLLFPPNQAGTALIF_CASSEGDRVNTEAFF	0	1	0	0	0	0	0	0	0	0	0	0	0	0	0	0	0	0	0	0	0	0	0	0	0
CLLLPSFMDSNYQLIW_CASSHGSGNTIYF	0	0	0	0	0	0	0	0	0	0	0	0	0	0	0	1	0	0	0	0	0	0	0	0	0
CLPGGDTGRRALTF_CASSSPPGGGSSYNEQFF	0	1	0	0	0	0	0	0	0	0	0	0	0	0	0	0	0	0	0	0	0	0	0	0	0
CLPTAGSYQLTF_CASSVYRENTEAFF	0	0	0	0	0	0	0	0	0	1	0	0	0	0	0	0	0	0	0	0	0	0	0	0	0
CLSGGSNYKLTF_CASSVPFPAYEQYF	0	1	0	0	0	0	0	0	0	0	0	0	0	0	0	0	0	0	0	0	0	0	0	0	0
CLVAPGNTPLVF_CASSLSQGVYTGELFF	0	0	0	0	0	0	0	0	0	0	0	0	1	0	0	0	0	0	0	0	0	0	0	0	0
CLVAPTDSWGKLQF_CASQDRAGSYEQYF	0	0	0	0	0	0	0	0	0	0	0	1	0	0	0	0	0	0	0	0	0	0	0	0	0
CLVGAPLGYSTLTF_CASSQGAFDNEQFF	0	1	0	0	0	0	0	0	0	0	0	0	0	0	0	0	0	0	0	0	0	0	0	0	0
CLVGDDRDDKIIF_CASSSPPGQGFSNEKLFF	0	1	0	0	0	0	0	0	0	0	0	0	0	0	0	0	0	0	0	0	0	0	0	0	0
CLVGDGGGGFKTIF_CASSRGAVSYNEQFF	0	0	0	0	0	0	0	0	0	0	0	0	0	0	0	0	0	0	0	0	0	1	0	0	0
CLVGDGTGRRALTF_NA	0	0	0	1	0	0	0	0	0	0	0	0	0	0	0	0	0	0	0	0	0	0	0	0	0
CLVGDIGTGNQFYF_CASSYSTGTHNGYTF	0	1	0	0	0	0	0	0	0	0	0	0	0	0	0	0	0	0	0	0	0	0	0	0	0
CLVGDIPTGRRALTF_CASSQTSGKTDTQYF	0	0	0	1	0	0	0	0	0	0	0	0	0	0	0	0	0	0	0	0	0	0	0	0	0
CLVGDKAGGFKTIF_CASSSVSRLLEQYF	0	0	0	1	0	0	0	0	0	0	0	0	0	0	0	0	0	0	0	0	0	0	0	0	0
CLVGDLGAGNNRKLIW_CASSLDPSYEQYF	0	0	0	1	0	0	0	0	0	0	0	0	0	0	0	0	0	0	0	0	0	0	0	0	0
CLVGDPANDYKLSF_CASSQVYWNQPQHF	0	0	0	1	0	0	0	0	0	0	0	0	0	0	0	0	0	0	0	0	0	0	0	0	0
CLVGDSHGYQLIW_CASSPKGGGLSSYEQYF	0	0	0	0	0	1	0	0	0	0	0	0	0	0	0	0	0	0	0	0	0	0	0	0	0
CLVGDSWGKLQF_CASSQIVGTDYEQYF	0	0	0	1	0	0	0	0	0	0	0	0	0	0	0	0	0	0	0	0	0	0	0	0	0
CLVGDWLDDYKLSF_CASSFGGDITYEQYF	0	0	0	0	0	0	0	0	0	0	0	0	1	0	0	0	0	0	0	0	0	0	0	0	0
CLVGEETGANNLFF_CASGLGRVDTGELFF	0	1	0	0	0	0	0	0	0	0	0	0	0	0	0	0	0	0	0	0	0	0	0	0	0
CLVGEGRAAGNKLTF_CAWSVTGVETPLHF	0	1	0	0	0	0	0	0	0	0	0	0	0	0	0	0	0	0	0	0	0	0	0	0	0
CLVGERGNNARLMF_CASSQAATTYGYTF	0	1	0	0	0	0	0	0	0	0	0	0	0	0	0	0	0	0	0	0	0	0	0	0	0
CLVGERQTGANNLFF_CASSPQGGISNTEAFF	0	0	0	0	0	1	0	0	0	0	0	0	0	0	0	0	0	0	0	0	0	0	0	0	0
CLVGEYAGNNRKLIW_CASSGTDFYEQYF	0	0	0	1	0	0	0	0	0	0	0	0	0	0	0	0	0	0	0	0	0	0	0	0	0
CLVGFAYSGAGSYQLTF_CSARDRGRKNEQFF	0	0	0	0	0	0	0	1	0	0	0	0	0	0	0	0	0	0	0	0	0	0	0	0	0
CLVGFNTGGFKTIF_CASSDSGYLGGASSYNEQFF	0	1	0	0	0	0	0	0	0	0	0	0	0	0	0	0	0	0	0	0	0	0	0	0	0
CLVGPEYGNKLVF_CASSIDLRGANEQFF	0	0	0	1	0	0	0	0	0	0	0	0	0	0	0	0	0	0	0	0	0	0	0	0	0
CLVGPLPGGFKTIF_CSAWSFGDDQLRPYEQYF	0	0	0	0	0	1	0	0	0	0	0	0	0	0	0	0	0	0	0	0	0	0	0	0	0
CLVGPSYNTDKLIF_CASSLRVSHEQYF	0	0	0	1	0	0	0	0	0	0	0	0	0	0	0	0	0	0	0	0	0	0	0	0	0
CLVGSGNTPLVF_CSARPYSGNSYEQYF	0	0	0	0	0	0	0	1	0	0	0	0	0	0	0	0	0	0	0	0	0	0	0	0	0
CLVVITGGGNKLTF_CASSPPRDLWMNTEAFF	0	0	0	0	0	0	0	0	0	0	0	0	1	0	0	0	0	0	0	0	0	0	0	0	0
CLVVKTGTASKLTF_CSASRGGEGETQYF	0	0	0	0	0	0	0	1	0	0	0	0	0	0	0	0	0	0	0	0	0	0	0	0	0
CLVVPKADGQKLLF_CASSVLTYRDRSRGELFF	0	1	0	0	0	0	0	0	0	0	0	0	0	0	0	0	0	0	0	0	0	0	0	0	0
CLVVPSGGSYIPTF_CASSAQGSNQPQHF	0	1	0	0	0	0	0	0	0	0	0	0	0	0	0	0	0	0	0	0	0	0	0	0	0
CLVVSGNTPLVF_CASSLGGTSTYNEQFF	0	0	0	0	0	0	0	0	0	0	0	0	1	0	0	0	0	0	0	0	0	0	0	0	0
CNDGRGSGNTGKLIF_CASRPTGQGGETQYF	0	1	0	0	0	0	0	0	0	0	0	0	0	0	0	0	0	0	0	0	0	0	0	0	0
CNGGYNKLIF_CASSLAGGHRGVGGELFF	0	1	0	0	0	0	0	0	0	0	0	0	0	0	0	0	0	0	0	0	0	0	0	0	0
CNNARLMF_CASSLRENTEAFF	0	1	0	0	0	0	0	0	0	0	0	0	0	0	0	0	0	0	0	0	0	0	0	0	0
CNQGGKLIF_CASSSTGSTEAFF	0	1	0	0	0	0	0	0	0	0	0	0	0	0	0	0	0	0	0	0	0	0	0	0	0
CPDTGRRALTF_CASSSPGQGTKVPYEQYF	0	0	0	0	0	1	0	0	0	0	0	0	0	0	0	0	0	0	0	0	0	0	0	0	0
CPYIDGSWGKFQF_CASSVRRLATNEKLFF	0	1	0	0	0	0	0	0	0	0	0	0	0	0	0	0	0	0	0	0	0	0	0	0	0
CRGDDKIIF_CSARDQSGRAEYEQYF	0	0	0	0	0	0	0	1	0	0	0	0	0	0	0	0	0	0	0	0	0	0	0	0	0
CRNNFNKFYF_CASSALALSGELFF	0	1	0	0	0	0	0	0	0	0	0	0	0	0	0	0	0	0	0	0	0	0	0	0	0
CSARDDKIIF_CASSLEAWGGQFF	0	1	0	0	0	0	0	0	0	0	0	0	0	0	0	0	0	0	0	0	0	0	0	0	0
CSRYAGNNRKLIW_CATSDFGQGSTGEQFF	0	0	0	0	0	0	0	0	1	0	0	0	0	0	0	0	0	0	0	0	0	0	0	0	0
CTANAGNNRKLIW_CASSIYAGQPQHF	0	0	0	1	0	0	0	0	0	0	0	0	0	0	0	0	0	0	0	0	0	0	0	0	0
CTILKGGSEKLVF_CASSRGGGPQHF	0	1	0	0	0	0	0	0	0	0	0	0	0	0	0	0	0	0	0	0	0	0	0	0	0
CTPAGGKLIF_CASSSYPTGINEKLFF	0	0	0	1	0	0	0	0	0	0	0	0	0	0	0	0	0	0	0	0	0	0	0	0	0
CTQGTNAGKSTF_CSVRQNTGELFF	0	1	0	0	0	0	0	0	0	0	0	0	0	0	0	0	0	0	0	0	0	0	0	0	0
CTRGDGGSQGNLIF_CSARYRGLYGYTF	0	0	0	0	0	0	0	1	0	0	0	0	0	0	0	0	0	0	0	0	0	0	0	0	0
CVAADSNYQLIW_CASSDKTENTGELFF	0	0	0	0	0	1	0	0	0	0	0	0	0	0	0	0	0	0	0	0	0	0	0	0	0
CVAEGNTGKLIF_CASSRSSVGSYNEQFF	0	0	0	0	0	0	0	0	0	0	0	0	0	0	0	0	0	0	0	0	0	1	0	0	0
CVALNYNQGGKLIF_CSASRGTRNEKLFF	0	0	0	0	0	0	0	1	0	0	0	0	0	0	0	0	0	0	0	0	0	0	0	0	0
CVAPRGAGSYQLTF_CASSWTGVGNQPQHF	0	1	0	0	0	0	0	0	0	0	0	0	0	0	0	0	0	0	0	0	0	0	0	0	0
CVASSGGSYIPTF_CASSQDRWNTEAFF	0	0	0	1	0	0	0	0	0	0	0	0	0	0	0	0	0	0	0	0	0	0	0	0	0
CVASSTSGSRLTF_CSAPARGNEQFF	0	0	0	0	0	0	0	1	0	0	0	0	0	0	0	0	0	0	0	0	0	0	0	0	0
CVEEDYGGSQGNLIF_CASSTLPPTANYGYTF	0	0	0	0	0	1	0	0	0	0	0	0	0	0	0	0	0	0	0	0	0	0	0	0	0
CVEGGGNKLTF_CASSRLDRDPLDTIYF	0	0	0	0	0	1	0	0	0	0	0	0	0	0	0	0	0	0	0	0	0	0	0	0	0
CVFMDSNYQLIW_CATSSGTDYNEQFF	0	0	0	0	0	1	0	0	0	0	0	0	0	0	0	0	0	0	0	0	0	0	0	0	0
CVGGHARLMF_NA	0	1	0	0	0	0	0	0	0	0	0	0	0	0	0	0	0	0	0	0	0	0	0	0	0
CVGKDGGSQGNLIF_CAISDRGPDSNQPQHF	0	1	0	0	0	0	0	0	0	0	0	0	0	0	0	0	0	0	0	0	0	0	0	0	0
CVGLYSSASKIIF_CASSSVGRDYGYTF	0	1	0	0	0	0	0	0	0	0	0	0	0	0	0	0	0	0	0	0	0	0	0	0	0
CVGMDSNYQLIW_CSARNPNMNTEAFF	0	0	0	0	0	1	0	0	0	0	0	0	0	0	0	0	0	0	0	0	0	0	0	0	0
CVGNARLMF_CASSRGGPDREQYF	0	1	0	0	0	0	0	0	0	0	0	0	0	0	0	0	0	0	0	0	0	0	0	0	0
CVKREPGDSSYKLIF_CASRSGLEETQYF	0	1	0	0	0	0	0	0	0	0	0	0	0	0	0	0	0	0	0	0	0	0	0	0	0
CVLGGGNKLTF_CASSYTGGGSITEAFF	0	0	0	0	0	0	0	0	0	0	0	1	0	0	0	0	0	0	0	0	0	0	0	0	0
CVLISNFGNEKLTF_CASSLLQTGFVYGYTF	0	0	0	0	0	1	0	0	0	0	0	0	0	0	0	0	0	0	0	0	0	0	0	0	0
CVLLNTDKLIF_CASIRGNEQFF	0	0	0	1	0	0	0	0	0	0	0	0	0	0	0	0	0	0	0	0	0	0	0	0	0
CVLYSGGGADGLTF_CASSIELAILGAQHF	0	0	0	1	0	0	0	0	0	0	0	0	0	0	0	0	0	0	0	0	0	0	0	0	0
CVNGQHNNARLMF_CSAIGVVGLAGGKKGNEQFF	0	0	0	0	0	0	0	1	0	0	0	0	0	0	0	0	0	0	0	0	0	0	0	0	0
CVPMDSNYQLIW_CSASSGLVTDTQYF	0	0	0	0	0	1	0	0	0	0	0	0	0	0	0	0	0	0	0	0	0	0	0	0	0
CVPNSGNTPLVF_CATVRSGGSYNEQFF	0	0	0	0	0	0	0	0	0	0	1	0	0	0	0	0	0	0	0	0	0	0	0	0	0
CVREGVLTGGGNKLTF_CASSLGPSEQFF	0	0	0	0	0	0	1	0	0	0	0	0	0	0	0	0	0	0	0	0	0	0	0	0	0
CVSDGQKLLF_CASSLTGPNSNQPQHF	0	0	0	1	0	0	0	0	0	0	0	0	0	0	0	0	0	0	0	0	0	0	0	0	0
CVSFSGGYNKLIF_CASSSPAGAFIGDEQFF	0	1	0	0	0	0	0	0	0	0	0	0	0	0	0	0	0	0	0	0	0	0	0	0	0
CVSSGSARQLTF_CASSFRGPQGTEAFF	0	0	0	0	0	0	0	0	0	1	0	0	0	0	0	0	0	0	0	0	0	0	0	0	0
CVTERGFQKLVF_CASSSTRADQPQHF	0	0	0	0	0	0	0	0	0	1	0	0	0	0	0	0	0	0	0	0	0	0	0	0	0
CVVAAGTYKYIF_CASSLRTGDEAFF	0	0	0	0	0	0	0	0	0	0	1	0	0	0	0	0	0	0	0	0	0	0	0	0	0
CVVAPGGKLIF_CASSATGANSPLHF	0	1	0	0	0	0	0	0	0	0	0	0	0	0	0	0	0	0	0	0	0	0	0	0	0
CVVAVAGGTSYGKLTF_CASSKRDNEQFF	0	0	0	0	0	1	0	0	0	0	0	0	0	0	0	0	0	0	0	0	0	0	0	0	0
CVVAYSSASKIIF_CASSMGRQGPNQPQHF	0	0	0	1	0	0	0	0	0	0	0	0	0	0	0	0	0	0	0	0	0	0	0	0	0
CVVDGQNFVF_CASSYSLLDSGANVLTF	0	0	0	0	0	0	1	0	0	0	0	0	0	0	0	0	0	0	0	0	0	0	0	0	0
CVVDSGGYNKLIF_CASSLRGGSGNTIYF	0	0	0	1	0	0	0	0	0	0	0	0	0	0	0	0	0	0	0	0	0	0	0	0	0
CVVFDYKLSF_CASSQDPARYSGGVNEQFF	0	0	0	0	0	0	0	0	0	0	0	0	0	0	0	0	0	0	0	0	0	1	0	0	0
CVVGGFGNVLHC_CASSLRYEQYF	0	1	0	0	0	0	0	0	0	0	0	0	0	0	0	0	0	0	0	0	0	0	0	0	0
CVVGGFGNVLHC_CASSWAEGANIQYF	0	1	0	0	0	0	0	0	0	0	0	0	0	0	0	0	0	0	0	0	0	0	0	0	0
CVVGGYQKVTF_CASSQEGGGQPQHF	0	1	0	0	0	0	0	0	0	0	0	0	0	0	0	0	0	0	0	0	0	0	0	0	0
CVVGLLTGGGNKLTF_CASSLPTSASFYYEQYF	0	1	0	0	0	0	0	0	0	0	0	0	0	0	0	0	0	0	0	0	0	0	0	0	0
CVVGVSGYSTLTF_CASSRLAGSSYNEQFF	0	1	0	0	0	0	0	0	0	0	0	0	0	0	0	0	0	0	0	0	0	0	0	0	0
CVVHTGRRALTF_CASSIDRDRGRGTEAFF	0	0	0	1	0	0	0	0	0	0	0	0	0	0	0	0	0	0	0	0	0	0	0	0	0
CVVIGHDYKLSF_CASSLDRGGYGEKLFF	0	0	0	1	0	0	0	0	0	0	0	0	0	0	0	0	0	0	0	0	0	0	0	0	0
CVVIGSSNYKLTF_CASSGRGRLSSYEQYF	0	0	0	0	0	0	0	0	0	0	1	0	0	0	0	0	0	0	0	0	0	0	0	0	0
CVVIISNFGNEKLTF_CASSRYGLAGGPGTGELFF	0	1	0	0	0	0	0	0	0	0	0	0	0	0	0	0	0	0	0	0	0	0	0	0	0
CVVINEKLTF_CASSPTFDQFF	0	0	0	0	0	0	0	0	0	0	1	0	0	0	0	0	0	0	0	0	0	0	0	0	0
CVVISGGSYIPTF_NA	0	0	0	1	0	0	0	0	0	0	0	0	0	0	0	0	0	0	0	0	0	0	0	0	0
CVVITFNSGNTPLVF_CASSYSETYEQYF	0	0	0	1	0	0	0	0	0	0	0	0	0	0	0	0	0	0	0	0	0	0	0	0	0
CVVKGSSNTGKLIF_CASSIGVNTYNEQFF	0	0	0	0	0	0	0	0	0	0	1	0	0	0	0	0	0	0	0	0	0	0	0	0	0
CVVKGSSNTGKLIF_CASSLDRGGIYQPQHF	0	0	0	0	0	0	0	0	0	0	0	0	1	0	0	0	0	0	0	0	0	0	0	0	0
CVVKNSGYALNF_CASSSSGTGGGYTF	0	1	0	0	0	0	0	0	0	0	0	0	0	0	0	0	0	0	0	0	0	0	0	0	0
CVVKRTGGFKTIF_CAWAREGYNEQFF	0	1	0	0	0	0	0	0	0	0	0	0	0	0	0	0	0	0	0	0	0	0	0	0	0
CVVKSDNFNKFYF_CASSEQGWSEAFF	0	1	0	0	0	0	0	0	0	0	0	0	0	0	0	0	0	0	0	0	0	0	0	0	0
CVVKTNAGKSTF_CASSSGLDSSTDTQYF	0	0	0	0	0	0	0	0	0	0	0	0	1	0	0	0	0	0	0	0	0	0	0	0	0
CVVKVGGGNDYKLSF_CASRDGSSYNSPLHF	0	0	0	0	0	0	0	0	0	1	0	0	0	0	0	0	0	0	0	0	0	0	0	0	0
CVVLNDYKLSF_CASSLSHGSLEQYF	0	0	0	0	0	0	0	0	0	0	0	1	0	0	0	0	0	0	0	0	0	0	0	0	0
CVVLNTGTASKLTF_CASSFDHTYNEQFF	0	0	0	0	0	0	0	0	0	0	1	0	0	0	0	0	0	0	0	0	0	0	0	0	0
CVVLYGGYNKLIF_CASSLRRTEAFF	0	1	0	0	0	0	0	0	0	0	0	0	0	0	0	0	0	0	0	0	0	0	0	0	0
CVVNAWISGTYKYIF_CASSLTGTNTEAFF	0	0	0	0	0	0	0	0	0	0	0	1	0	0	0	0	0	0	0	0	0	0	0	0	0
CVVNDGQKLLF_CSAPGLGYTF	0	0	0	1	0	0	0	0	0	0	0	0	0	0	0	0	0	0	0	0	0	0	0	0	0
CVVNDGYQKVTF_CASSLGQGHSPLHF	0	0	0	0	0	1	0	0	0	0	0	0	0	0	0	0	0	0	0	0	0	0	0	0	0
CVVNEGGGGNKLTF_CASSSSDRGWGYTF	0	1	0	0	0	0	0	0	0	0	0	0	0	0	0	0	0	0	0	0	0	0	0	0	0
CVVNGDAGNNRKLIW_CASSWARNSGNTIYF	0	0	0	1	0	0	0	0	0	0	0	0	0	0	0	0	0	0	0	0	0	0	0	0	0
CVVNGDNYGQNFVF_CASRTGSGYEQYF	0	0	0	1	0	0	0	0	0	0	0	0	0	0	0	0	0	0	0	0	0	0	0	0	0
CVVNGEGFQKLVF_CASSLGGFNGELFF	0	0	0	0	0	0	0	0	1	0	0	0	0	0	0	0	0	0	0	0	0	0	0	0	0
CVVNGFMSSNYKLTF_CSARKRGRAVEQFF	0	0	0	0	0	0	0	1	0	0	0	0	0	0	0	0	0	0	0	0	0	0	0	0	0
CVVNGFSGGYNKLIF_CASTARGGAGETQYF	0	0	0	0	0	1	0	0	0	0	0	0	0	0	0	0	0	0	0	0	0	0	0	0	0
CVVNGGSTGGFKTIF_CASSDGGVQPQHF	0	0	0	1	0	0	0	0	0	0	0	0	0	0	0	0	0	0	0	0	0	0	0	0	0
CVVNGGSYIPTF_CASSLPSGNTIYF	0	1	0	0	0	0	0	0	0	0	0	0	0	0	0	0	0	0	0	0	0	0	0	0	0
CVVNGNNFNKFYF_CASSDSFRADTQYF	0	1	0	0	0	0	0	0	0	0	0	0	0	0	0	0	0	0	0	0	0	0	0	0	0
CVVNGQKLLF_CASRKRDGNTEAFF	0	0	0	0	0	0	0	0	0	0	1	0	0	0	0	0	0	0	0	0	0	0	0	0	0
CVVNGRTALIF_CASSYSRSSGAYEQYF	0	1	0	0	0	0	0	0	0	0	0	0	0	0	0	0	0	0	0	0	0	0	0	0	0
CVVNGVGSARQLTF_CASSQNVNFAEAFF	0	0	0	1	0	0	0	0	0	0	0	0	0	0	0	0	0	0	0	0	0	0	0	0	0
CVVNGYGQNFVF_CASSFPRQGAFF	0	0	0	0	0	0	0	0	0	0	0	0	1	0	0	0	0	0	0	0	0	0	0	0	0
CVVNIEAAGNKLTF_CASSLPGLAGDYIEQFF	0	0	0	1	0	0	0	0	0	0	0	0	0	0	0	0	0	0	0	0	0	0	0	0	0
CVVNIGYSSASKIIF_CASSRAQGDTEAFF	0	0	0	0	0	0	0	0	0	0	0	0	1	0	0	0	0	0	0	0	0	0	0	0	0
CVVNIIDTDKLIF_CASSIIASGSSYNEQFF	0	1	0	0	0	0	0	0	0	0	0	0	0	0	0	0	0	0	0	0	0	0	0	0	0
CVVNIPLKGFKTIF_CASRPSWGSNEQFF	0	0	0	0	0	0	0	0	1	0	0	0	0	0	0	0	0	0	0	0	0	0	0	0	0
CVVNIPPNTGNQFYF_CASSTRGRRQSSGEQFF	0	0	0	0	0	0	0	0	0	0	1	0	0	0	0	0	0	0	0	0	0	0	0	0	0
CVVNKEGYQKVTF_CASSEGTPGELFF	0	1	0	0	0	0	0	0	0	0	0	0	0	0	0	0	0	0	0	0	0	0	0	0	0
CVVNKSDYKYIF_CASSLPGTGIEKLFF	0	1	0	0	0	0	0	0	0	0	0	0	0	0	0	0	0	0	0	0	0	0	0	0	0
CVVNKVSDGQKLLF_CAGRDVFRAQNSPLHF	0	1	0	0	0	0	0	0	0	0	0	0	0	0	0	0	0	0	0	0	0	0	0	0	0
CVVNLDTGRRALTF_CASSSRTGIPYEQYF	0	0	0	0	0	0	0	0	0	0	0	0	1	0	0	0	0	0	0	0	0	0	0	0	0
CVVNLGDNKLIF_CASSEGGGYGYTF	0	1	0	0	0	0	0	0	0	0	0	0	0	0	0	0	0	0	0	0	0	0	0	0	0
CVVNLSGGYNKLIF_CASSPRGQGRDTQYF	0	1	0	0	0	0	0	0	0	0	0	0	0	0	0	0	0	0	0	0	0	0	0	0	0
CVVNMENTDKLIF_CASSRPFENTDTQYF	0	0	0	1	0	0	0	0	0	0	0	0	0	0	0	0	0	0	0	0	0	0	0	0	0
CVVNMGSGYSTLTF_CASTYRPLPTEAFF	0	0	0	0	0	1	0	0	0	0	0	0	0	0	0	0	0	0	0	0	0	0	0	0	0
CVVNMNTGFQKLVF_CASSQNGQGGGYTF	0	0	0	0	0	0	0	0	0	0	0	0	0	0	0	1	0	0	0	0	0	0	0	0	0
CVVNNEAQGGKLIF_CASSQVAGVGDTQYF	0	0	0	1	0	0	0	0	0	0	0	0	0	0	0	0	0	0	0	0	0	0	0	0	0
CVVNNPAANNAGNMLTF_CASRRVMGYGYTF	0	1	0	0	0	0	0	0	0	0	0	0	0	0	0	0	0	0	0	0	0	0	0	0	0
CVVNNRGQNFVF_CASSTGSFSNQPQHF	0	0	0	1	0	0	0	0	0	0	0	0	0	0	0	0	0	0	0	0	0	0	0	0	0
CVVNNRNAGNMLTF_CASSGGGGYTF	0	1	0	0	0	0	0	0	0	0	0	0	0	0	0	0	0	0	0	0	0	0	0	0	0
CVVNPNFGNEKLTF_CASSLRLPGTEAFF	0	1	0	0	0	0	0	0	0	0	0	0	0	0	0	0	0	0	0	0	0	0	0	0	0
CVVNPPGSARQLTF_CASTPGRNSPLHF	0	0	0	1	0	0	0	0	0	0	0	0	0	0	0	0	0	0	0	0	0	0	0	0	0
CVVNPSNSGYALNF_CASRETGGTGELFF	0	0	0	0	0	0	0	0	0	0	0	1	0	0	0	0	0	0	0	0	0	0	0	0	0
CVVNPTSGTYKYIF_CASSPVTETQYF	0	0	0	0	0	0	0	0	0	0	0	0	1	0	0	0	0	0	0	0	0	0	0	0	0
CVVNPWDYKLSF_CSVEVGGRLSYGYTF	0	0	0	1	0	0	0	0	0	0	0	0	0	0	0	0	0	0	0	0	0	0	0	0	0
CVVNRLNAGNNRKLIW_CASSPSIELMKQFF	0	0	0	0	0	0	0	0	0	0	0	1	0	0	0	0	0	0	0	0	0	0	0	0	0
CVVNRNARLMF_CASRAGTQETQYF	0	0	0	1	0	0	0	0	0	0	0	0	0	0	0	0	0	0	0	0	0	0	0	0	0
CVVNRNQGGKLIF_CASSLFAGGQPQHF	0	1	0	0	0	0	0	0	0	0	0	0	0	0	0	0	0	0	0	0	0	0	0	0	0
CVVNRRGDSSYKLIF_CASSYSTWGGNQPQHF	0	0	0	0	0	0	0	0	0	0	0	1	0	0	0	0	0	0	0	0	0	0	0	0	0
CVVNSDDKIIF_CASSFRVSYNEQFF	0	0	0	1	0	0	0	0	0	0	0	0	0	0	0	0	0	0	0	0	0	0	0	0	0
CVVNSGTASKLTF_CASSQEEGFYGYTF	0	0	0	1	0	0	0	0	0	0	0	0	0	0	0	0	0	0	0	0	0	0	0	0	0
CVVNSRRSNDYKLSF_CASSESWGYTF	0	1	0	0	0	0	0	0	0	0	0	0	0	0	0	0	0	0	0	0	0	0	0	0	0
CVVNSRTGNQFYF_CASSDFGEFPDEQYF	0	1	0	0	0	0	0	0	0	0	0	0	0	0	0	0	0	0	0	0	0	0	0	0	0
CVVNTDKLIF_CASTAGGEKLFF	0	0	0	0	0	0	0	0	0	0	0	0	1	0	0	0	0	0	0	0	0	0	0	0	0
CVVNTGFQKLVF_CSAHGGGNSGNTIYF	0	0	0	0	0	0	0	0	0	0	0	0	0	0	0	0	0	0	0	0	0	0	0	0	1
CVVNTGGFKTIF_CSARDGTVYEQYF	0	0	0	0	0	0	0	1	0	0	0	0	0	0	0	0	0	0	0	0	0	0	0	0	0
CVVNTGRPRLAF_CASSLLSSGNTIYF	0	0	0	1	0	0	0	0	0	0	0	0	0	0	0	0	0	0	0	0	0	0	0	0	0
CVVNTGRRALTF_CASSQDETASNQPQHF	0	1	0	0	0	0	0	0	0	0	0	0	0	0	0	0	0	0	0	0	0	0	0	0	0
CVVNTGRRALTF_CASTLTSWEQYF	0	0	0	1	0	0	0	0	0	0	0	0	0	0	0	0	0	0	0	0	0	0	0	0	0
CVVNTLYNFNKFYF_CASSLWPSSTGELFF	0	0	0	0	0	0	0	0	0	0	1	0	0	0	0	0	0	0	0	0	0	0	0	0	0
CVVNTNAGKSTF_CASSSGRDYEQYF	0	0	0	1	0	0	0	0	0	0	0	0	0	0	0	0	0	0	0	0	0	0	0	0	0
CVVNTNAGKSTF_CSVEFIGGTEAFF	0	0	0	1	0	0	0	0	0	0	0	0	0	0	0	0	0	0	0	0	0	0	0	0	0
CVVNVAGTYKYIF_CASSPSVNADTQYF	0	0	0	1	0	0	0	0	0	0	0	0	0	0	0	0	0	0	0	0	0	0	0	0	0
CVVNWDTGNQFYF_CASSRPLNLNYGYTF	0	0	0	0	0	0	0	0	1	0	0	0	0	0	0	0	0	0	0	0	0	0	0	0	0
CVVNWGGGGADGLTF_CASRSGTQPQHF	0	0	0	1	0	0	0	0	0	0	0	0	0	0	0	0	0	0	0	0	0	0	0	0	0
CVVNWGGKLIF_CASSLGGGGQETQYF	0	0	0	0	0	2	0	0	0	0	0	0	0	0	0	0	0	0	0	0	0	0	0	0	0
CVVNWGSSNTGKLIF_CASSFPLGGTDTQYF	0	0	0	0	0	1	0	0	0	0	0	0	0	0	0	0	0	0	0	0	0	0	0	0	0
CVVPKGGGSQGNLIF_CASSSGILTEAFF	0	0	0	1	0	0	0	0	0	0	0	0	0	0	0	0	0	0	0	0	0	0	0	0	0
CVVPSGTYKYIF_CASSSLNTEAFF	0	0	0	1	0	0	0	0	0	0	0	0	0	0	0	0	0	0	0	0	0	0	0	0	0
CVVRADTGRRALTF_CASSQGESTGEYEQYF	0	0	0	1	0	0	0	0	0	0	0	0	0	0	0	0	0	0	0	0	0	0	0	0	0
CVVRATSGTYKYIF_CASSEGPQAGYEQYF	0	0	0	1	0	0	0	0	0	0	0	0	0	0	0	0	0	0	0	0	0	0	0	0	0
CVVRDLYGNKLVF_CASSLIPGLASGNEQFF	0	1	0	0	0	0	0	0	0	0	0	0	0	0	0	0	0	0	0	0	0	0	0	0	0
CVVRDNYGQNFVF_CASTPSPGIQYF	0	0	0	1	0	0	0	0	0	0	0	0	0	0	0	0	0	0	0	0	0	0	0	0	0
CVVRDVGDKIIF_CASGVGGTDTQYF	0	0	0	0	0	1	0	0	0	0	0	0	0	0	0	0	0	0	0	0	0	0	0	0	0
CVVRFGGATNKLIF_CASSFGGSNTGELFF	0	1	0	0	0	0	0	0	0	0	0	0	0	0	0	0	0	0	0	0	0	0	0	0	0
CVVRGGFTGGGNKLTF_CASSQGSYEQYF	0	0	0	1	0	0	0	0	0	0	0	0	0	0	0	0	0	0	0	0	0	0	0	0	0
CVVRGGNNNARLMF_CASSQGQETQYF	0	1	0	0	0	0	0	0	0	0	0	0	0	0	0	0	0	0	0	0	0	0	0	0	0
CVVRGGSYIPTF_CASSYQGNQPQHF	0	1	0	0	0	0	0	0	0	0	0	0	0	0	0	0	0	0	0	0	0	0	0	0	0
CVVRGNRDDKIIF_CASSTREYNEQFF	0	0	0	0	0	0	0	0	0	0	0	1	0	0	0	0	0	0	0	0	0	0	0	0	0
CVVRLGDSNYQLIW_CASSGGQYGYTF	0	1	0	0	0	0	0	0	0	0	0	0	0	0	0	0	0	0	0	0	0	0	0	0	0
CVVRLGGSYIPTF_CASSPGTGGSREETQYF	0	0	0	0	0	0	0	0	0	0	1	0	0	0	0	0	0	0	0	0	0	0	0	0	0
CVVRPFTGGGNKLTF_CASSEMGQGVTANYGYTF	0	0	0	0	0	1	0	0	0	0	0	0	0	0	0	0	0	0	0	0	0	0	0	0	0
CVVRPQEGSYIPTF_NA	0	1	0	0	0	0	0	0	0	0	0	0	0	0	0	0	0	0	0	0	0	0	0	0	0
CVVRRQTGFQKLVF_CASSQDQRGPYNEQFF	0	0	0	0	0	0	0	0	0	0	0	0	0	0	0	1	0	0	0	0	0	0	0	0	0
CVVRSTDSWGKLQF_CATSDGDSYYNEQFF	0	0	0	0	0	0	0	0	1	0	0	0	0	0	0	0	0	0	0	0	0	0	0	0	0
CVVRSTGGGNKLTF_CASSVGLAGGQADTQYF	0	1	0	0	0	0	0	0	0	0	0	0	0	0	0	0	0	0	0	0	0	0	0	0	0
CVVSADGQNFVF_CAIRAGDNEKLFF	0	1	0	0	0	0	0	0	0	0	0	0	0	0	0	0	0	0	0	0	0	0	0	0	0
CVVSADQAGTALIF_CASSEERSYEQYF	0	0	0	0	0	0	0	0	1	0	0	0	0	0	0	0	0	0	0	0	0	0	0	0	0
CVVSAGPYGGSQGNLIF_CASSPPGGPLHF	0	0	0	0	0	0	0	0	1	0	0	0	0	0	0	0	0	0	0	0	0	0	0	0	0
CVVSAGRGNNRLAF_CASSPGVAVSSYNEQFF	0	0	0	0	0	0	0	0	1	0	0	0	0	0	0	0	0	0	0	0	0	0	0	0	0
CVVSAGRNAGNMLTF_CASSYSGTDYGYTF	0	1	0	0	0	0	0	0	0	0	0	0	0	0	0	0	0	0	0	0	0	0	0	0	0
CVVSAGTYKYIF_CASSSGNSYNEQFF	0	0	0	0	0	0	0	0	0	0	0	0	1	0	0	0	0	0	0	0	0	0	0	0	0
CVVSANAGKSTF_CASSLGPVGTEAFF	0	0	0	1	0	0	0	0	0	0	0	0	0	0	0	0	0	0	0	0	0	0	0	0	0
CVVSANNNNDMRF_CASSLRVGPNTEAFF	0	0	0	0	0	0	0	0	0	0	0	1	0	0	0	0	0	0	0	0	0	0	0	0	0
CVVSAPNEKLTF_CSATPGGQETQYF	0	0	0	0	0	0	0	0	0	0	0	0	0	0	0	0	0	0	0	0	0	0	0	0	1
CVVSARGGATNKLIF_CSAKAGNTEAFF	0	0	0	0	0	0	0	1	0	0	0	0	0	0	0	0	0	0	0	0	0	0	0	0	0
CVVSARGTDKLIF_CASSPLWAISTDTQYF	0	0	0	0	0	0	0	0	0	0	1	0	0	0	0	0	0	0	0	0	0	0	0	0	0
CVVSARSGGGADGLTF_CASSLTDTEAFF	0	0	0	0	0	0	0	0	0	0	0	0	1	0	0	0	0	0	0	0	0	0	0	0	0
CVVSARTNAGKSTF_CASSLLLAGPSTDTQYF	0	1	0	0	0	0	0	0	0	0	0	0	0	0	0	0	0	0	0	0	0	0	0	0	0
CVVSARTNDYKLSF_CASSSWDTMNTEAFF	0	0	0	1	0	0	0	0	0	0	0	0	0	0	0	0	0	0	0	0	0	0	0	0	0
CVVSASRSGYALNF_CSAPDASTDTQYF	0	0	0	0	0	0	0	1	0	0	0	0	0	0	0	0	0	0	0	0	0	0	0	0	0
CVVSATMFSGGYNKLIF_CASSSTGTSGSHEQFF	0	0	0	0	0	0	0	0	0	0	0	0	0	0	0	1	0	0	0	0	0	0	0	0	0
CVVSAVEASKIIF_CSVEVDRAVSYEQYF	0	0	0	0	0	1	0	0	0	0	0	0	0	0	0	0	0	0	0	0	0	0	0	0	0
CVVSDESGSARQLTF_CASSATGYGETQYF	0	1	0	0	0	0	0	0	0	0	0	0	0	0	0	0	0	0	0	0	0	0	0	0	0
CVVSDFDMRF_CASSLSQGAASYEQYF	0	0	0	0	0	0	0	0	0	0	0	0	1	0	0	0	0	0	0	0	0	0	0	0	0
CVVSDGGTDKLIF_CASSEAGGAIKNSPLHF	0	1	0	0	0	0	0	0	0	0	0	0	0	0	0	0	0	0	0	0	0	0	0	0	0
CVVSDGISGSARQLTF_CASSLVPGTYGYTF	0	1	0	0	0	0	0	0	0	0	0	0	0	0	0	0	0	0	0	0	0	0	0	0	0
CVVSDHGGGADGLTF_CATRGGSELNEQFF	0	0	0	0	0	1	0	0	0	0	0	0	0	0	0	0	0	0	0	0	0	0	0	0	0
CVVSDLWADKLIF_CASSYELALGYNEQFF	0	0	0	0	0	0	0	0	0	0	0	0	0	0	0	1	0	0	0	0	0	0	0	0	0
CVVSDPNKIIF_CASSFTRTDDYEQYF	0	0	0	0	0	0	0	0	0	0	1	0	0	0	0	0	0	0	0	0	0	0	0	0	0
CVVSDRGSTLGRLYF_CASQRDTGSYNEQFF	0	1	0	0	0	0	0	0	0	0	0	0	0	0	0	0	0	0	0	0	0	0	0	0	0
CVVSDRPGGSYIPTF_CASSDSNQPQHF	0	1	0	0	0	0	0	0	0	0	0	0	0	0	0	0	0	0	0	0	0	0	0	0	0
CVVSDRYDRGSTLGRLYF_CASSLSPTWSGEQFF	0	0	0	0	0	0	0	0	0	0	0	0	0	0	0	0	0	0	0	0	0	0	0	1	0
CVVSDSGTYKYIF_CASSLGQAQETQYF	0	0	0	0	0	0	0	0	0	0	0	1	0	0	0	0	0	0	0	0	0	0	0	0	0
CVVSDYDYKLSF_CASSTPRIGSGNTIYF	0	0	0	1	0	0	0	0	0	0	0	0	0	0	0	0	0	0	0	0	0	0	0	0	0
CVVSEGGYQKVTF_CASSFGTDTQYF	0	0	0	0	0	2	0	0	0	0	0	0	0	0	0	0	0	0	0	0	0	0	0	0	0
CVVSEGSSGSARQLTF_CASRASVWDLNTGELFF	0	0	0	0	0	0	0	0	0	0	0	1	0	0	0	0	0	0	0	0	0	0	0	0	0
CVVSEKGGGFKTIF_CASSPEVGRRGYEQFF	0	1	0	0	0	0	0	0	0	0	0	0	0	0	0	0	0	0	0	0	0	0	0	0	0
CVVSELRRALTF_CSVERNNEQFF	0	0	0	0	0	0	0	0	1	0	0	0	0	0	0	0	0	0	0	0	0	0	0	0	0
CVVSERNSYDKVIF_CASSLASSYEQYF	0	1	0	0	0	0	0	0	0	0	0	0	0	0	0	0	0	0	0	0	0	0	0	0	0
CVVSETGGFKTIF_CASSRTGSTTEAFF	0	0	0	0	0	0	0	0	1	0	0	0	0	0	0	0	0	0	0	0	0	0	0	0	0
CVVSEVTGGSYIPTF_CASSQIFGAFVQFF	0	0	1	0	0	0	0	0	0	0	0	0	0	0	0	0	0	0	0	0	0	0	0	0	0
CVVSFNDYKLSF_CSANRDTNTEAFF	0	0	0	0	0	0	0	1	0	0	0	0	0	0	0	0	0	0	0	0	0	0	0	0	0
CVVSFRSYNTDKLIF_CASSYTWENSPLHF	0	1	0	0	0	0	0	0	0	0	0	0	0	0	0	0	0	0	0	0	0	0	0	0	0
CVVSFYGNNRLAF_CASSMTENTEAFF	0	1	0	0	0	0	0	0	0	0	0	0	0	0	0	0	0	0	0	0	0	0	0	0	0
CVVSGAGGSYIPTF_CASMAPLHF	0	0	0	0	0	0	0	0	0	1	0	0	0	0	0	0	0	0	0	0	0	0	0	0	0
CVVSGDGNTPLVF_CASSPGTGQGPQHF	0	1	0	0	0	0	0	0	0	0	0	0	0	0	0	0	0	0	0	0	0	0	0	0	0
CVVSGEYGNKLVF_CAISERGGGGTQETQYF	0	1	0	0	0	0	0	0	0	0	0	0	0	0	0	0	0	0	0	0	0	0	0	0	0
CVVSGLNQAGTALIF_CASSYLRTAGGYEQYF	0	1	0	0	0	0	0	0	0	0	0	0	0	0	0	0	0	0	0	0	0	0	0	0	0
CVVSGLSGSQGNLIF_CASRGPDRIYTEAFF	0	0	0	1	0	0	0	0	0	0	0	0	0	0	0	0	0	0	0	0	0	0	0	0	0
CVVSGQTGANNLFF_CASSEGAGSFYGYTF	0	1	0	0	0	0	0	0	0	0	0	0	0	0	0	0	0	0	0	0	0	0	0	0	0
CVVSGYNKLIF_CASSFPTVGNGYTF	0	1	0	0	0	0	0	0	0	0	0	0	0	0	0	0	0	0	0	0	0	0	0	0	0
CVVSHNTDKLIF_CASSFRGGYEQYF	0	0	0	1	0	0	0	0	0	0	0	0	0	0	0	0	0	0	0	0	0	0	0	0	0
CVVSKAAGNKLTF_CASSRVGAATYNEQFF	0	0	0	0	0	0	0	0	0	0	0	1	0	0	0	0	0	0	0	0	0	0	0	0	0
CVVSKRENNDMRF_CSARDRGIKLFF	0	0	0	0	0	0	0	1	0	0	0	0	0	0	0	0	0	0	0	0	0	0	0	0	0
CVVSLGYQKVTF_CAWSNSILSYEQYF	0	1	0	0	0	0	0	0	0	0	0	0	0	0	0	0	0	0	0	0	0	0	0	0	0
CVVSLKAAGNKLTF_CASSLGTGSNQPQHF	0	0	0	0	0	0	0	0	0	0	0	1	0	0	0	0	0	0	0	0	0	0	0	0	0
CVVSLTDMYSGGGADGLTF_CASSLRTGVESTEAFF	0	0	0	0	0	0	0	0	0	1	0	0	0	0	0	0	0	0	0	0	0	0	0	0	0
CVVSPTGGFKTIF_CASRVEGTHEQYF	0	0	0	1	0	0	0	0	0	0	0	0	0	0	0	0	0	0	0	0	0	0	0	0	0
CVVSPYTGGFKTIF_CSASWLAVGETQYF	0	0	0	0	0	0	0	1	0	0	0	0	0	0	0	0	0	0	0	0	0	0	0	0	0
CVVSPYYGGATNKLIF_CASSPGQGENQPQHF	0	1	0	0	0	0	0	0	0	0	0	0	0	0	0	0	0	0	0	0	0	0	0	0	0
CVVSRDTGRRALTF_CASSPPARGYGYTF	0	0	0	1	0	0	0	0	0	0	0	0	0	0	0	0	0	0	0	0	0	0	0	0	0
CVVSRYSGGGADGLTF_CASSINGGRKDEQFF	0	0	0	0	0	0	0	0	1	0	0	0	0	0	0	0	0	0	0	0	0	0	0	0	0
CVVSSNDYKLSF_CSAHREETQYF	0	0	0	0	0	0	0	1	0	0	0	0	0	0	0	0	0	0	0	0	0	0	0	0	0
CVVSVASGGSYIPTF_CASSLGSRTPLLEAFF	0	0	0	0	0	0	0	0	0	0	1	0	0	0	0	0	0	0	0	0	0	0	0	0	0
CVVSVGTSGGSYIPTF_CASSYFSGTSGGPYNEQFF	0	1	0	0	0	0	0	0	0	0	0	0	0	0	0	0	0	0	0	0	0	0	0	0	0
CVVSVPRQAGTALIF_CAWKKGGFGSPLHF	0	1	0	0	0	0	0	0	0	0	0	0	0	0	0	0	0	0	0	0	0	0	0	0	0
CVVSVSGGFKTIF_CASSRLQNTGELFF	0	1	0	0	0	0	0	0	0	0	0	0	0	0	0	0	0	0	0	0	0	0	0	0	0
CVVSVTGTASKLTF_CASSLAPSPSYNEQFF	0	0	0	0	0	0	0	0	1	0	0	0	0	0	0	0	0	0	0	0	0	0	0	0	0
CVVSYGWAGNNRKLIW_CASSGPGGLGSNQPQHF	0	0	0	1	0	0	0	0	0	0	0	0	0	0	0	0	0	0	0	0	0	0	0	0	0
CVVSYLEYGNKLVF_CASSQTGVEQYF	0	1	0	0	0	0	0	0	0	0	0	0	0	0	0	0	0	0	0	0	0	0	0	0	0
CVVTADYKLSF_CASSFVGQGAGYEQYF	0	0	0	1	0	0	0	0	0	0	0	0	0	0	0	0	0	0	0	0	0	0	0	0	0
CVVTANTGNQFYF_CASSLGGTKNIQYF	0	1	0	0	0	0	0	0	0	0	0	0	0	0	0	0	0	0	0	0	0	0	0	0	0
CVVTDRGSTLGRLYF_CASSTITGTSSYEQYF	0	1	0	0	0	0	0	0	0	0	0	0	0	0	0	0	0	0	0	0	0	0	0	0	0
CVVTDTGNQFYF_CASSLAGTSTDTQYF	0	0	0	0	0	2	0	0	0	0	0	0	0	0	0	0	0	0	0	0	0	0	0	0	0
CVVTDTGNQFYF_CSARDLASGQNEQFF	0	0	0	0	0	2	0	1	0	0	0	0	0	0	0	0	0	0	0	0	0	0	0	0	0
CVVTEGGSYIPTF_CASSVGSGAMNTEAFF	0	0	0	1	0	0	0	0	0	0	0	0	0	0	0	0	0	0	0	0	0	0	0	0	0
CVVTENTGGFKTIF_CASSLRLAGVGDTQYF	0	1	0	0	0	0	0	0	0	0	0	0	0	0	0	0	0	0	0	0	0	0	0	0	0
CVVTFPGGYQKVTF_CASSRNRGETQYF	0	1	0	0	0	0	0	0	0	0	0	0	0	0	0	0	0	0	0	0	0	0	0	0	0
CVVTGDRSGGSYIPTF_CATTSSGHPYEQYF	0	1	0	0	0	0	0	0	0	0	0	0	0	0	0	0	0	0	0	0	0	0	0	0	0
CVVTGTTSGTYKYIF_CASSYSGEQYF	0	0	0	0	0	0	0	0	1	0	0	0	0	0	0	0	0	0	0	0	0	0	0	0	0
CVVTLTNDYKLSF_CASSPDERNPYEQYF	0	1	0	0	0	0	0	0	0	0	0	0	0	0	0	0	0	0	0	0	0	0	0	0	0
CVVTNSGAGSYQLTF_CASSYTDSVNQPQHF	0	0	0	0	0	1	0	0	0	0	0	0	0	0	0	0	0	0	0	0	0	0	0	0	0
CVVTPFSGGYNKLIF_CASSGAGAYNEQFF	0	0	0	0	0	0	0	0	1	0	0	0	0	0	0	0	0	0	0	0	0	0	0	0	0
CVVTPKGGGSQGNLIF_CASSPGRTYEQYF	0	1	0	0	0	0	0	0	0	0	0	0	0	0	0	0	0	0	0	0	0	0	0	0	0
CVVTPLSSYKLIF_CSARDSGQGNTDTQYF	0	0	0	0	0	0	0	1	0	0	0	0	0	0	0	0	0	0	0	0	0	0	0	0	0
CVVTPLTGGGNKLTF_CASRGTGLAGNEQFF	0	0	0	1	0	0	0	0	0	0	0	0	0	0	0	0	0	0	0	0	0	0	0	0	0
CVVTPSNDYKLSF_CATSRDPGQIYEQYF	0	1	0	0	0	0	0	0	0	0	0	0	0	0	0	0	0	0	0	0	0	0	0	0	0
CVVTQGTGTYKYIF_CASSVRGPVNTEAFF	0	1	0	0	0	0	0	0	0	0	0	0	0	0	0	0	0	0	0	0	0	0	0	0	0
CVVTRGGGGKLIF_CASSLGLGTLSYEQYF	0	0	0	0	0	0	0	0	1	0	0	0	0	0	0	0	0	0	0	0	0	0	0	0	0
CVVTRMDSSYKLIF_CASSESGAASTDTQYF	0	1	0	0	0	0	0	0	0	0	0	0	0	0	0	0	0	0	0	0	0	0	0	0	0
CVVTRNTDKLIF_CASSPRGSGRSYNEQFF	0	0	0	0	0	0	0	0	0	0	0	0	1	0	0	0	0	0	0	0	0	0	0	0	0
CVVTSSNDYKLSF_CASTLGDRGNSGNTIYF	0	0	0	1	0	0	0	0	0	0	0	0	0	0	0	0	0	0	0	0	0	0	0	0	0
CVVTSTSGTYKYIF_CASKSRNSYEQYF	0	0	0	1	0	0	0	0	0	0	0	0	0	0	0	0	0	0	0	0	0	0	0	0	0
CVVTTTGNQFYF_CSARTLMTGLNEQFF	0	0	0	0	0	1	0	0	0	0	0	0	0	0	0	0	0	0	0	0	0	0	0	0	0
CVVTYTSGTYKYIF_CASSPLKDEKLFF	0	0	0	0	0	0	0	0	0	1	0	0	0	0	0	0	0	0	0	0	0	0	0	0	0
CVVVGGSQGNLIF_CASSYGSSYNEQFF	0	0	0	1	0	0	0	0	0	0	0	0	0	0	0	0	0	0	0	0	0	0	0	0	0
CVVWKNKLIF_CASSISRDRINYGYTF	0	0	0	0	0	0	0	0	1	0	0	0	0	0	0	0	0	0	0	0	0	0	0	0	0
CVVWSGAGSYQLTF_CASSKGTGANYGYTF	0	0	0	0	0	0	0	0	0	0	0	0	1	0	0	0	0	0	0	0	0	0	0	0	0
CVVYGQAGTALIF_CASSPGTSYEQYF	0	0	0	1	0	0	0	0	0	0	0	0	0	0	0	0	0	0	0	0	0	0	0	0	0
CWSGGYQKVTF_CASSQDGWGTEAFF	0	0	0	0	0	0	0	0	0	0	0	0	0	0	0	0	0	0	0	0	0	1	0	0	0
NA_CAAGRRLSSYNEQFF	0	0	0	0	0	0	0	0	0	0	1	0	0	0	0	0	0	0	0	0	0	0	0	0	0
NA_CAIFATSGGPNEQFF	0	1	0	0	0	0	0	0	0	0	0	0	0	0	0	0	0	0	0	0	0	0	0	0	0
NA_CAISDGTSGNTIYF	0	1	0	0	0	0	0	0	0	0	0	0	0	0	0	0	0	0	0	0	0	0	0	0	0
NA_CAISDTKKGTDTQYF	0	1	0	0	0	0	0	0	0	0	0	0	0	0	0	0	0	0	0	0	0	0	0	0	0
NA_CAISEGTWSNTEAFF	0	1	0	0	0	0	0	0	0	0	0	0	0	0	0	0	0	0	0	0	0	0	0	0	0
NA_CAISEMGPNTEAFF	0	1	0	0	0	0	0	0	0	0	0	0	0	0	0	0	0	0	0	0	0	0	0	0	0
NA_CAISLTDNTEAFF	0	0	0	0	0	0	0	0	0	1	0	0	0	0	0	0	0	0	0	0	0	0	0	0	0
NA_CASDSESGYTF	0	0	0	1	0	0	0	0	0	0	0	0	0	0	0	0	0	0	0	0	0	0	0	0	0
NA_CASEGPYSYEQYF	0	0	0	0	0	0	0	0	0	1	0	0	0	0	0	0	0	0	0	0	0	0	0	0	0
NA_CASFFRSSTYNEQFF	0	1	0	0	0	0	0	0	0	0	0	0	0	0	0	0	0	0	0	0	0	0	0	0	0
NA_CASGFPDTQYF	0	0	0	0	0	0	0	0	1	0	0	0	0	0	0	0	0	0	0	0	0	0	0	0	0
NA_CASGGGNTIYF	0	0	0	0	0	0	0	0	0	1	0	0	0	0	0	0	0	0	0	0	0	0	0	0	0
NA_CASGLAGGPGKETQYF	0	0	0	0	0	0	0	0	0	0	0	0	0	0	0	1	0	0	0	0	0	0	0	0	0
NA_CASGPTGGSTYNSPLHF	0	0	0	0	0	0	0	0	0	0	0	1	0	0	0	0	0	0	0	0	0	0	0	0	0
NA_CASGTTLYEQYF	0	0	0	1	0	0	0	0	0	0	0	0	0	0	0	0	0	0	0	0	0	0	0	0	0
NA_CASKDIYEQYF	0	0	0	1	0	0	0	0	0	0	0	0	0	0	0	0	0	0	0	0	0	0	0	0	0
NA_CASKIGHSYEQYF	0	1	0	0	0	0	0	0	0	0	0	0	0	0	0	0	0	0	0	0	0	0	0	0	0
NA_CASKMAGLNYGYTF	0	0	0	0	0	0	0	0	0	1	0	0	0	0	0	0	0	0	0	0	0	0	0	0	0
NA_CASLDRPGGGPEAFF	0	0	0	1	0	0	0	0	0	0	0	0	0	0	0	0	0	0	0	0	0	0	0	0	0
NA_CASMRAGANSPLHF	0	1	0	0	0	0	0	0	0	0	0	0	0	0	0	0	0	0	0	0	0	0	0	0	0
NA_CASNDEITNEKLFF	0	0	0	0	0	0	0	0	1	0	0	0	0	0	0	0	0	0	0	0	0	0	0	0	0
NA_CASNDNELNTEAFF	0	1	0	0	0	0	0	0	0	0	0	0	0	0	0	0	0	0	0	0	0	0	0	0	0
NA_CASNLGSNRLGEKLFF	0	0	0	0	0	0	0	0	0	0	0	0	1	0	0	0	0	0	0	0	0	0	0	0	0
NA_CASNPRQGVDYEQYF	0	0	0	0	0	1	0	0	0	0	0	0	0	0	0	0	0	0	0	0	0	0	0	0	0
NA_CASNQGSSNQPQHF	0	0	0	0	0	0	0	0	1	0	0	0	0	0	0	0	0	0	0	0	0	0	0	0	0
NA_CASNRFGVTEAFF	0	1	0	0	0	0	0	0	0	0	0	0	0	0	0	0	0	0	0	0	0	0	0	0	0
NA_CASNRQRGGGEETQYF	0	1	0	0	0	0	0	0	0	0	0	0	0	0	0	0	0	0	0	0	0	0	0	0	0
NA_CASQSPFANTGELFF	0	0	0	1	0	0	0	0	0	0	0	0	0	0	0	0	0	0	0	0	0	0	0	0	0
NA_CASRAGGYNEQFF	0	0	0	1	0	0	0	0	0	0	0	0	0	0	0	0	0	0	0	0	0	0	0	0	0
NA_CASRAGRTSPLHF	0	0	0	0	0	0	0	0	1	0	0	0	0	0	0	0	0	0	0	0	0	0	0	0	0
NA_CASREGQVNQPQHF	0	1	0	0	0	0	0	0	0	0	0	0	0	0	0	0	0	0	0	0	0	0	0	0	0
NA_CASRESHLNEKLFF	0	0	0	0	0	0	0	0	0	0	0	0	1	0	0	0	0	0	0	0	0	0	0	0	0
NA_CASRFTGAEAFF	0	1	0	0	0	0	0	0	0	0	0	0	0	0	0	0	0	0	0	0	0	0	0	0	0
NA_CASRGPSEATGELFF	0	0	0	0	0	1	0	0	0	0	0	0	0	0	0	0	0	0	0	0	0	0	0	0	0
NA_CASRGTGGAFNYGYTF	0	0	0	0	0	0	0	0	0	0	0	0	1	0	0	0	0	0	0	0	0	0	0	0	0
NA_CASRGVNGKLFF	0	0	0	1	0	0	0	0	0	0	0	0	0	0	0	0	0	0	0	0	0	0	0	0	0
NA_CASRIQGAGTGELFF	0	0	0	0	0	0	0	0	0	0	0	0	1	0	0	0	0	0	0	0	0	0	0	0	0
NA_CASRIRQGANTEAFF	0	1	0	0	0	0	0	0	0	0	0	0	0	0	0	0	0	0	0	0	0	0	0	0	0
NA_CASRKGQRNSPLHF	0	0	0	1	0	0	0	0	0	0	0	0	0	0	0	0	0	0	0	0	0	0	0	0	0
NA_CASRKTGGPAETQYF	0	0	0	0	0	0	0	0	0	0	0	0	1	0	0	0	0	0	0	0	0	0	0	0	0
NA_CASRPLARTGELFF	0	0	0	0	0	0	0	0	1	0	0	0	0	0	0	0	0	0	0	0	0	0	0	0	0
NA_CASRPRGVGTPLHF	0	1	0	0	0	0	0	0	0	0	0	0	0	0	0	0	0	0	0	0	0	0	0	0	0
NA_CASRQQGTQNTIYF	0	1	0	0	0	0	0	0	0	0	0	0	0	0	0	0	0	0	0	0	0	0	0	0	0
NA_CASRRTGVNEQYF	0	0	0	1	0	0	0	0	0	0	0	0	0	0	0	0	0	0	0	0	0	0	0	0	0
NA_CASRRTSGRASSYNEQFF	0	0	0	1	0	0	0	0	0	0	0	0	0	0	0	0	0	0	0	0	0	0	0	0	0
NA_CASRRVPLLYEQYF	0	1	0	0	0	0	0	0	0	0	0	0	0	0	0	0	0	0	0	0	0	0	0	0	0
NA_CASRSPGQADYGYTF	0	0	0	1	0	0	0	0	0	0	0	0	0	0	0	0	0	0	0	0	0	0	0	0	0
NA_CASRSQGDTEAFF	0	0	0	1	0	0	0	0	0	0	0	0	0	0	0	0	0	0	0	0	0	0	0	0	0
NA_CASRSTGVGTQYF	0	1	0	0	0	0	0	0	0	0	0	0	0	0	0	0	0	0	0	0	0	0	0	0	0
NA_CASRTHDQETQYF	0	1	0	0	0	0	0	0	0	0	0	0	0	0	0	0	0	0	0	0	0	0	0	0	0
NA_CASSAAGQGALNTEAFF	0	0	0	1	0	0	0	0	0	0	0	0	0	0	0	0	0	0	0	0	0	0	0	0	0
NA_CASSAGHASTEAFF	0	0	0	0	0	0	0	0	0	0	1	0	0	0	0	0	0	0	0	0	0	0	0	0	0
NA_CASSAHGSYRATDTQYF	0	0	0	0	0	0	0	0	1	0	0	0	0	0	0	0	0	0	0	0	0	0	0	0	0
NA_CASSALGDSSYEQYF	0	0	0	1	0	0	0	0	0	0	0	0	0	0	0	0	0	0	0	0	0	0	0	0	0
NA_CASSAQQGTGANVLTF	0	0	0	0	0	1	0	0	0	0	0	0	0	0	0	0	0	0	0	0	0	0	0	0	0
NA_CASSAVGGYTF	0	0	0	0	0	0	0	0	0	1	0	0	0	0	0	0	0	0	0	0	0	0	0	0	0
NA_CASSDEGLDTEAFF	0	1	0	0	0	0	0	0	0	0	0	0	0	0	0	0	0	0	0	0	0	0	0	0	0
NA_CASSDRGVRNQPQHF	0	0	0	1	0	0	0	0	0	0	0	0	0	0	0	0	0	0	0	0	0	0	0	0	0
NA_CASSDSGGPGSPLHF	0	1	0	0	0	0	0	0	0	0	0	0	0	0	0	0	0	0	0	0	0	0	0	0	0
NA_CASSDSKQGSSGANVLTF	0	0	0	0	0	2	0	0	0	0	0	0	0	0	0	0	0	0	0	0	0	0	0	0	0
NA_CASSEAGSYNSPLHF	0	1	0	0	0	0	0	0	0	0	0	0	0	0	0	0	0	0	0	0	0	0	0	0	0
NA_CASSEAGVPQAEAFF	0	1	0	0	0	0	0	0	0	0	0	0	0	0	0	0	0	0	0	0	0	0	0	0	0
NA_CASSEGAGSSYEQYF	0	0	0	0	0	1	0	0	0	0	0	0	0	0	0	0	0	0	0	0	0	0	0	0	0
NA_CASSEGGGNNQPQHF	0	1	0	0	0	0	0	0	0	0	0	0	0	0	0	0	0	0	0	0	0	0	0	0	0
NA_CASSEGLAEFYEQYF	0	0	0	0	0	1	0	0	0	0	0	0	0	0	0	0	0	0	0	0	0	0	0	0	0
NA_CASSEGVPGNTIYF	0	0	0	0	0	0	0	0	0	0	0	1	0	0	0	0	0	0	0	0	0	0	0	0	0
NA_CASSELGLAGARTNTGELFF	0	1	0	0	0	0	0	0	0	0	0	0	0	0	0	0	0	0	0	0	0	0	0	0	0
NA_CASSEYERRYEQYF	0	0	0	0	0	1	0	0	0	0	0	0	0	0	0	0	0	0	0	0	0	0	0	0	0
NA_CASSEYKNTEAFF	0	0	0	1	0	0	0	0	0	0	0	0	0	0	0	0	0	0	0	0	0	0	0	0	0
NA_CASSFAPNTEAFF	0	1	0	0	0	0	0	0	0	0	0	0	0	0	0	0	0	0	0	0	0	0	0	0	0
NA_CASSFFGIDTEAFF	0	0	0	0	0	0	0	0	1	0	0	0	0	0	0	0	0	0	0	0	0	0	0	0	0
NA_CASSFGDRGFYEQYF	0	0	0	0	0	0	0	0	0	1	0	0	0	0	0	0	0	0	0	0	0	0	0	0	0
NA_CASSFGQGYNEQFF	0	0	0	1	0	0	0	0	0	0	0	0	0	0	0	0	0	0	0	0	0	0	0	0	0
NA_CASSFGQMMNTEAFF	0	0	0	1	0	0	0	0	0	0	0	0	0	0	0	0	0	0	0	0	0	0	0	0	0
NA_CASSFKGLNTEAFF	0	0	0	0	0	0	0	0	1	0	0	0	0	0	0	0	0	0	0	0	0	0	0	0	0
NA_CASSFNSGANVLTF	0	0	0	1	0	0	0	0	0	0	0	0	0	0	0	0	0	0	0	0	0	0	0	0	0
NA_CASSFQGAGSYGYTF	0	0	0	0	0	0	0	0	1	0	0	0	0	0	0	0	0	0	0	0	0	0	0	0	0
NA_CASSFSGRFEQFF	0	0	0	0	0	0	0	0	1	0	0	0	0	0	0	0	0	0	0	0	0	0	0	0	0
NA_CASSFSGYNEQFF	0	0	0	0	0	0	0	0	0	0	0	1	0	0	0	0	0	0	0	0	0	0	0	0	0
NA_CASSFSRGTSGYTF	0	0	0	0	0	0	0	0	0	0	0	1	0	0	0	0	0	0	0	0	0	0	0	0	0
NA_CASSFTASDTQYF	0	0	0	0	0	0	0	0	0	1	0	0	0	0	0	0	0	0	0	0	0	0	0	0	0
NA_CASSFTRMNTEAFF	0	0	0	0	0	0	0	0	0	1	0	0	0	0	0	0	0	0	0	0	0	0	0	0	0
NA_CASSGGGENYGYTF	0	0	0	1	0	0	0	0	0	0	0	0	0	0	0	0	0	0	0	0	0	0	0	0	0
NA_CASSGGGYEQYF	0	0	0	1	0	0	0	0	0	0	0	0	0	0	0	0	0	0	0	0	0	0	0	0	0
NA_CASSGGSGTDTQYF	0	0	0	1	0	0	0	0	0	0	0	0	0	0	0	0	0	0	0	0	0	0	0	0	0
NA_CASSGQMNTEAFF	0	0	0	0	0	0	0	0	0	0	0	1	0	0	0	0	0	0	0	0	0	0	0	0	0
NA_CASSGRENEKLFF	0	0	0	1	0	0	0	0	0	0	0	0	0	0	0	0	0	0	0	0	0	0	0	0	0
NA_CASSHTSVGPGANVLTF	0	0	0	0	0	0	0	0	1	0	0	0	0	0	0	0	0	0	0	0	0	0	0	0	0
NA_CASSIAGLQNTEAFF	0	0	0	1	0	0	0	0	0	0	0	0	0	0	0	0	0	0	0	0	0	0	0	0	0
NA_CASSIAGPDTQYF	0	0	0	0	0	0	0	0	0	1	0	0	0	0	0	0	0	0	0	0	0	0	0	0	0
NA_CASSIDPLRDTGELFF	0	0	0	1	0	0	0	0	0	0	0	0	0	0	0	0	0	0	0	0	0	0	0	0	0
NA_CASSIDRGDEAFF	0	0	0	0	0	0	0	0	0	0	1	0	0	0	0	0	0	0	0	0	0	0	0	0	0
NA_CASSIGGGQETQYF	0	1	0	0	0	0	0	0	0	0	0	0	0	0	0	0	0	0	0	0	0	0	0	0	0
NA_CASSIGTADISFTGELFF	0	0	0	1	0	0	0	0	0	0	0	0	0	0	0	0	0	0	0	0	0	0	0	0	0
NA_CASSIPVEVGYTF	0	1	0	0	0	0	0	0	0	0	0	0	0	0	0	0	0	0	0	0	0	0	0	0	0
NA_CASSIQGDANEKLFF	0	0	0	1	0	0	0	0	0	0	0	0	0	0	0	0	0	0	0	0	0	0	0	0	0
NA_CASSIQGTPGANVLTF	0	1	0	0	0	0	0	0	0	0	0	0	0	0	0	0	0	0	0	0	0	0	0	0	0
NA_CASSIRDFNQPQHF	0	0	0	1	0	0	0	0	0	0	0	0	0	0	0	0	0	0	0	0	0	0	0	0	0
NA_CASSIRTDRGANEQFF	0	0	0	1	0	0	0	0	0	0	0	0	0	0	0	0	0	0	0	0	0	0	0	0	0
NA_CASSISRDTEAFF	0	1	0	0	0	0	0	0	0	0	0	0	0	0	0	0	0	0	0	0	0	0	0	0	0
NA_CASSISYGGAFAGYTF	0	0	0	1	0	0	0	0	0	0	0	0	0	0	0	0	0	0	0	0	0	0	0	0	0
NA_CASSKTLANYGYTF	0	1	0	0	0	0	0	0	0	0	0	0	0	0	0	0	0	0	0	0	0	0	0	0	0
NA_CASSLAAGGLSGELFF	0	0	0	0	0	0	0	0	1	0	0	0	0	0	0	0	0	0	0	0	0	0	0	0	0
NA_CASSLAEWAGGTQYF	0	1	0	0	0	0	0	0	0	0	0	0	0	0	0	0	0	0	0	0	0	0	0	0	0
NA_CASSLAGAYTDTQYF	0	0	0	1	0	0	0	0	0	0	0	0	0	0	0	0	0	0	0	0	0	0	0	0	0
NA_CASSLAGQPQHF	0	1	0	0	0	0	0	0	0	0	0	0	0	0	0	0	0	0	0	0	0	0	0	0	0
NA_CASSLAGSSYEQYF	0	0	0	1	0	0	0	0	0	0	0	0	0	0	0	0	0	0	0	0	0	0	0	0	0
NA_CASSLALARSTDTQYF	0	0	0	0	0	1	0	0	0	0	0	0	0	0	0	0	0	0	0	0	0	0	0	0	0
NA_CASSLAPARGGTQYF	0	0	0	0	0	0	0	0	0	0	1	0	0	0	0	0	0	0	0	0	0	0	0	0	0
NA_CASSLAPGTGSYEQYF	0	0	0	0	0	0	0	0	0	0	0	1	0	0	0	0	0	0	0	0	0	0	0	0	0
NA_CASSLARAVTNEKLFF	0	0	0	0	0	0	0	0	0	0	0	0	1	0	0	0	0	0	0	0	0	0	0	0	0
NA_CASSLATGSYEQYF	0	0	0	0	0	0	0	0	0	1	0	0	0	0	0	0	0	0	0	0	0	0	0	0	0
NA_CASSLATLREGQPQHF	0	1	0	0	0	0	0	0	0	0	0	0	0	0	0	0	0	0	0	0	0	0	0	0	0
NA_CASSLAVPKHEQYF	0	0	0	0	0	0	0	0	0	0	0	1	0	0	0	0	0	0	0	0	0	0	0	0	0
NA_CASSLDDGYYGYTF	0	0	0	1	0	0	0	0	0	0	0	0	0	0	0	0	0	0	0	0	0	0	0	0	0
NA_CASSLDMGHNEQFF	0	0	0	0	0	0	0	0	0	1	0	0	0	0	0	0	0	0	0	0	0	0	0	0	0
NA_CASSLDREQYF	0	0	0	0	0	0	0	0	0	1	0	0	0	0	0	0	0	0	0	0	0	0	0	0	0
NA_CASSLDWVRTEAFF	0	0	0	0	0	0	0	0	0	1	0	0	0	0	0	0	0	0	0	0	0	0	0	0	0
NA_CASSLEAQAFGTEAFF	0	0	0	0	0	0	0	0	1	0	0	0	0	0	0	0	0	0	0	0	0	0	0	0	0
NA_CASSLERGSNQPQHF	0	1	0	0	0	0	0	0	0	0	0	0	0	0	0	0	0	0	0	0	0	0	0	0	0
NA_CASSLFGTDGNTIYF	0	0	0	1	0	0	0	0	0	0	0	0	0	0	0	0	0	0	0	0	0	0	0	0	0
NA_CASSLGGDETQYF	0	1	0	0	0	0	0	0	0	0	0	0	0	0	0	0	0	0	0	0	0	0	0	0	0
NA_CASSLGGGYNEQFF	0	1	0	0	0	0	0	0	0	0	0	0	0	0	0	0	0	0	0	0	0	0	0	0	0
NA_CASSLGGQETQYF	0	0	0	0	0	0	0	0	0	0	1	0	0	0	0	0	0	0	0	0	0	0	0	0	0
NA_CASSLGGQVGGTEAFF	0	1	0	0	0	0	0	0	0	0	0	0	0	0	0	0	0	0	0	0	0	0	0	0	0
NA_CASSLGGTSGPTQETQYF	0	0	0	1	0	0	0	0	0	0	0	0	0	0	0	0	0	0	0	0	0	0	0	0	0
NA_CASSLGPRANVLTF	0	0	0	0	0	0	0	0	0	0	1	0	0	0	0	0	0	0	0	0	0	0	0	0	0
NA_CASSLGQGFVHEQYF	0	0	0	0	0	1	0	0	0	0	0	0	0	0	0	0	0	0	0	0	0	0	0	0	0
NA_CASSLGQGRYEQYF	0	0	0	1	0	0	0	0	0	0	0	0	0	0	0	0	0	0	0	0	0	0	0	0	0
NA_CASSLGTGAEAFF	0	0	0	1	0	0	0	0	0	0	0	0	0	0	0	0	0	0	0	0	0	0	0	0	0
NA_CASSLGVYNEQFF	0	0	0	0	0	0	0	0	0	0	0	0	1	0	0	0	0	0	0	0	0	0	0	0	0
NA_CASSLIAGNNSPLHF	0	0	0	0	0	0	0	0	0	0	0	0	1	0	0	0	0	0	0	0	0	0	0	0	0
NA_CASSLIGLAVAGELFF	0	0	0	0	0	0	0	0	0	0	0	0	1	0	0	0	0	0	0	0	0	0	0	0	0
NA_CASSLIHATVSYNEQFF	0	1	0	0	0	0	0	0	0	0	0	0	0	0	0	0	0	0	0	0	0	0	0	0	0
NA_CASSLISGSRDEQYF	0	0	0	1	0	0	0	0	0	0	0	0	0	0	0	0	0	0	0	0	0	0	0	0	0
NA_CASSLLAAGGLDTQYF	0	1	0	0	0	0	0	0	0	0	0	0	0	0	0	0	0	0	0	0	0	0	0	0	0
NA_CASSLLAGGPNEQFF	0	0	0	0	0	0	0	0	0	0	0	1	0	0	0	0	0	0	0	0	0	0	0	0	0
NA_CASSLLATGGEQYF	0	0	0	1	0	0	0	0	0	0	0	0	0	0	0	0	0	0	0	0	0	0	0	0	0
NA_CASSLLGAAGNYEQYF	0	0	0	0	0	0	0	0	0	0	0	0	1	0	0	0	0	0	0	0	0	0	0	0	0
NA_CASSLMGEQYF	0	1	0	0	0	0	0	0	0	0	0	0	0	0	0	0	0	0	0	0	0	0	0	0	0
NA_CASSLPHTDTQYF	0	0	0	0	0	0	0	0	0	0	1	0	0	0	0	0	0	0	0	0	0	0	0	0	0
NA_CASSLRETQYF	0	0	0	1	0	0	0	0	0	0	0	0	0	0	0	0	0	0	0	0	0	0	0	0	0
NA_CASSLRGEANTGELFF	0	0	0	1	0	0	0	0	0	0	0	0	0	0	0	0	0	0	0	0	0	0	0	0	0
NA_CASSLRGLNTEAFF	0	0	0	0	0	0	0	0	0	1	0	0	0	0	0	0	0	0	0	0	0	0	0	0	0
NA_CASSLRIAGELFF	0	1	0	0	0	0	0	0	0	0	0	0	0	0	0	0	0	0	0	0	0	0	0	0	0
NA_CASSLRPGGYLNEQFF	0	0	0	0	0	0	0	0	0	1	0	0	0	0	0	0	0	0	0	0	0	0	0	0	0
NA_CASSLRRWDEQYF	0	1	0	0	0	0	0	0	0	0	0	0	0	0	0	0	0	0	0	0	0	0	0	0	0
NA_CASSLSASVYEQYF	0	1	0	0	0	0	0	0	0	0	0	0	0	0	0	0	0	0	0	0	0	0	0	0	0
NA_CASSLSGTDSGNTIYF	0	0	0	0	0	0	0	0	0	0	0	0	1	0	0	0	0	0	0	0	0	0	0	0	0
NA_CASSLSNTGELFF	0	0	0	1	0	0	0	0	0	0	0	0	0	0	0	0	0	0	0	0	0	0	0	0	0
NA_CASSLSWGRGKNQPQHF	0	0	0	0	0	0	0	0	1	0	0	0	0	0	0	0	0	0	0	0	0	0	0	0	0
NA_CASSLTARNEQFF	0	1	0	0	0	0	0	0	0	0	0	0	0	0	0	0	0	0	0	0	0	0	0	0	0
NA_CASSLTGADTQYF	0	1	0	0	0	0	0	0	0	0	0	0	0	0	0	0	0	0	0	0	0	0	0	0	0
NA_CASSLTGGRDQETQYF	0	1	0	0	0	0	0	0	0	0	0	0	0	0	0	0	0	0	0	0	0	0	0	0	0
NA_CASSLTGTGGNQPQHF	0	0	0	0	0	0	0	0	0	1	0	0	0	0	0	0	0	0	0	0	0	0	0	0	0
NA_CASSLTGTGYTGELFF	0	1	0	0	0	0	0	0	0	0	0	0	0	0	0	0	0	0	0	0	0	0	0	0	0
NA_CASSLTPGDTYEQYF	0	0	0	0	0	0	0	0	0	1	0	0	0	0	0	0	0	0	0	0	0	0	0	0	0
NA_CASSLTQGDRAYEQYF	0	0	0	0	0	0	0	0	0	0	0	0	1	0	0	0	0	0	0	0	0	0	0	0	0
NA_CASSLVALNQPQHF	0	1	0	0	0	0	0	0	0	0	0	0	0	0	0	0	0	0	0	0	0	0	0	0	0
NA_CASSLVFGGNTEAFF	0	0	0	1	0	0	0	0	0	0	0	0	0	0	0	0	0	0	0	0	0	0	0	0	0
NA_CASSLVGAPGETQYF	0	1	0	0	0	0	0	0	0	0	0	0	0	0	0	0	0	0	0	0	0	0	0	0	0
NA_CASSLVPGQGAGYGYTF	0	1	0	0	0	0	0	0	0	0	0	0	0	0	0	0	0	0	0	0	0	0	0	0	0
NA_CASSLVSGGKNTEAFF	0	0	0	0	0	0	0	0	0	0	1	0	0	0	0	0	0	0	0	0	0	0	0	0	0
NA_CASSLWLVGEQFF	0	0	0	1	0	0	0	0	0	0	0	0	0	0	0	0	0	0	0	0	0	0	0	0	0
NA_CASSLYASGGPAKNIQYF	0	1	0	0	0	0	0	0	0	0	0	0	0	0	0	0	0	0	0	0	0	0	0	0	0
NA_CASSMTSGETQYF	0	0	0	1	0	0	0	0	0	0	0	0	0	0	0	0	0	0	0	0	0	0	0	0	0
NA_CASSNPGQGHQPQHF	0	0	0	1	0	0	0	0	0	0	0	0	0	0	0	0	0	0	0	0	0	0	0	0	0
NA_CASSNRDGEKLFF	0	1	0	0	0	0	0	0	0	0	0	0	0	0	0	0	0	0	0	0	0	0	0	0	0
NA_CASSNTGTGNTEAFF	0	0	0	0	0	0	0	0	1	0	0	0	0	0	0	0	0	0	0	0	0	0	0	0	0
NA_CASSPEGGGRSYNEQFF	0	0	0	1	0	0	0	0	0	0	0	0	0	0	0	0	0	0	0	0	0	0	0	0	0
NA_CASSPEGTQPYNEQFF	0	0	0	0	0	0	0	0	0	1	0	0	0	0	0	0	0	0	0	0	0	0	0	0	0
NA_CASSPFSGGTNYGYTF	0	0	0	0	0	0	0	0	0	0	0	1	0	0	0	0	0	0	0	0	0	0	0	0	0
NA_CASSPGGTGGTDTQYF	0	0	0	1	0	0	0	0	0	0	0	0	0	0	0	0	0	0	0	0	0	0	0	0	0
NA_CASSPGGVMNTEAFF	0	0	0	1	0	0	0	0	0	0	0	0	0	0	0	0	0	0	0	0	0	0	0	0	0
NA_CASSPGPSNTGELFF	0	0	0	0	0	1	0	0	0	0	0	0	0	0	0	0	0	0	0	0	0	0	0	0	0
NA_CASSPGPSTEQYF	0	0	0	1	0	0	0	0	0	0	0	0	0	0	0	0	0	0	0	0	0	0	0	0	0
NA_CASSPGQANEQFF	0	0	0	0	0	0	0	0	1	0	0	0	0	0	0	0	0	0	0	0	0	0	0	0	0
NA_CASSPGQGGDEQFF	0	0	0	0	0	1	0	0	0	0	0	0	0	0	0	0	0	0	0	0	0	0	0	0	0
NA_CASSPGQGGYNEQFF	0	0	0	0	0	0	0	0	0	0	0	0	1	0	0	0	0	0	0	0	0	0	0	0	0
NA_CASSPLGRHLGAFF	0	0	1	0	0	0	0	0	0	0	0	0	0	0	0	0	0	0	0	0	0	0	0	0	0
NA_CASSPLTGAPIQVAKNIQYF	0	0	0	0	0	0	0	0	1	0	0	0	0	0	0	0	0	0	0	0	0	0	0	0	0
NA_CASSPMEPIGTQYF	0	1	0	0	0	0	0	0	0	0	0	0	0	0	0	0	0	0	0	0	0	0	0	0	0
NA_CASSPNKGYNYGYTF	0	0	0	0	0	1	0	0	0	0	0	0	0	0	0	0	0	0	0	0	0	0	0	0	0
NA_CASSPPGHRSSYNEQFF	0	0	0	0	0	0	0	0	0	0	0	0	1	0	0	0	0	0	0	0	0	0	0	0	0
NA_CASSPPLAGTEAFF	0	0	0	1	0	0	0	0	0	0	0	0	0	0	0	0	0	0	0	0	0	0	0	0	0
NA_CASSPPQGSGILSYEQYF	0	1	0	0	0	0	0	0	0	0	0	0	0	0	0	0	0	0	0	0	0	0	0	0	0
NA_CASSPQDRINQPQHF	0	1	0	0	0	0	0	0	0	0	0	0	0	0	0	0	0	0	0	0	0	0	0	0	0
NA_CASSPQGSYNSPLHF	0	0	0	0	0	0	0	0	0	0	1	0	0	0	0	0	0	0	0	0	0	0	0	0	0
NA_CASSPQLGTNEKLFF	0	1	0	0	0	0	0	0	0	0	0	0	0	0	0	0	0	0	0	0	0	0	0	0	0
NA_CASSPRDRAWEQYF	0	1	0	0	0	0	0	0	0	0	0	0	0	0	0	0	0	0	0	0	0	0	0	0	0
NA_CASSPRDYTDTQYF	0	0	0	0	0	0	0	0	0	0	0	1	0	0	0	0	0	0	0	0	0	0	0	0	0
NA_CASSPRERMEPQHF	0	1	0	0	0	0	0	0	0	0	0	0	0	0	0	0	0	0	0	0	0	0	0	0	0
NA_CASSPRLAGGTTGTDTQYF	0	1	0	0	0	0	0	0	0	0	0	0	0	0	0	0	0	0	0	0	0	0	0	0	0
NA_CASSPRTGKDTEAFF	0	0	0	0	0	0	0	0	0	0	0	0	1	0	0	0	0	0	0	0	0	0	0	0	0
NA_CASSPRTGMGGELFF	0	0	0	1	0	0	0	0	0	0	0	0	0	0	0	0	0	0	0	0	0	0	0	0	0
NA_CASSPSGGSNNEQFF	0	0	0	0	0	0	0	0	0	0	0	0	1	0	0	0	0	0	0	0	0	0	0	0	0
NA_CASSPSRAEQFF	0	0	0	0	0	0	0	0	1	0	0	0	0	0	0	0	0	0	0	0	0	0	0	0	0
NA_CASSPSVGYNEQFF	0	0	0	0	0	0	0	0	0	1	0	0	0	0	0	0	0	0	0	0	0	0	0	0	0
NA_CASSPTGGGGIDEQYF	0	0	0	0	0	1	0	0	0	0	0	0	0	0	0	0	0	0	0	0	0	0	0	0	0
NA_CASSPVSGEQFF	0	1	0	0	0	0	0	0	0	0	0	0	0	0	0	0	0	0	0	0	0	0	0	0	0
NA_CASSQAGTMDNEQFF	0	0	0	0	0	0	0	0	0	0	0	0	0	0	0	1	0	0	0	0	0	0	0	0	0
NA_CASSQAMRGNQPQHF	0	0	0	0	0	0	0	0	0	0	1	0	0	0	0	0	0	0	0	0	0	0	0	0	0
NA_CASSQDGITSGANVLTF	0	0	0	0	0	1	0	0	0	0	0	0	0	0	0	0	0	0	0	0	0	0	0	0	0
NA_CASSQDLGVGNQPQHF	0	0	0	0	0	0	0	0	0	0	0	0	0	0	0	0	0	0	0	0	0	1	0	0	0
NA_CASSQDYPGQVNYEQYF	0	0	0	0	0	0	0	0	1	0	0	0	0	0	0	0	0	0	0	0	0	0	0	0	0
NA_CASSQDYRGSPLHF	0	1	0	0	0	0	0	0	0	0	0	0	0	0	0	0	0	0	0	0	0	0	0	0	0
NA_CASSQEAGTLGELFF	0	0	0	0	0	0	0	0	0	0	0	0	0	0	0	0	0	0	0	0	0	1	0	0	0
NA_CASSQEEGVQPQHF	0	0	0	0	0	0	0	0	0	0	0	0	0	0	0	0	0	0	0	0	0	1	0	0	0
NA_CASSQEFGLVSDTQYF	0	0	0	0	0	0	0	0	0	1	0	0	0	0	0	0	0	0	0	0	0	0	0	0	0
NA_CASSQEGGNTEAFF	0	0	0	1	0	0	0	0	0	0	0	0	0	0	0	0	0	0	0	0	0	0	0	0	0
NA_CASSQEGSEDSISTLYGYTF	0	0	0	0	0	0	0	0	1	0	0	0	0	0	0	0	0	0	0	0	0	0	0	0	0
NA_CASSQELDGYQYF	0	1	0	0	0	0	0	0	0	0	0	0	0	0	0	0	0	0	0	0	0	0	0	0	0
NA_CASSQESLEAGSYNEQFF	0	0	0	0	0	0	0	0	0	0	0	0	0	0	0	1	0	0	0	0	0	0	0	0	0
NA_CASSQGAGQGWYGYTF	0	0	0	1	0	0	0	0	0	0	0	0	0	0	0	0	0	0	0	0	0	0	0	0	0
NA_CASSQGDTQYF	0	0	0	1	0	0	0	0	0	0	0	0	0	0	0	0	0	0	0	0	0	0	0	0	0
NA_CASSQGGGPTDTQYF	0	0	0	0	0	0	0	0	0	1	0	0	0	0	0	0	0	0	0	0	0	0	0	0	0
NA_CASSQGQGISNQPQHF	0	0	0	0	0	0	0	0	1	0	0	0	0	0	0	0	0	0	0	0	0	0	0	0	0
NA_CASSQGQGITEAFF	0	0	0	1	0	0	0	0	0	0	0	0	0	0	0	0	0	0	0	0	0	0	0	0	0
NA_CASSQGRQETQYF	0	0	0	0	0	0	0	0	0	0	0	0	0	0	0	1	0	0	0	0	0	0	0	0	0
NA_CASSQGSGGNMRDTQYF	0	0	0	0	0	0	0	0	0	0	0	0	0	0	0	1	0	0	0	0	0	0	0	0	0
NA_CASSQGTGVSNQPQHF	0	0	0	0	0	0	0	0	0	0	0	0	0	0	0	1	0	0	0	0	0	0	0	0	0
NA_CASSQGVSSNQPQHF	0	0	0	1	0	0	0	0	0	0	0	0	0	0	0	0	0	0	0	0	0	0	0	0	0
NA_CASSQIYGYTF	0	1	0	0	0	0	0	0	0	0	0	0	0	0	0	0	0	0	0	0	0	0	0	0	0
NA_CASSQLRGGKNIQYF	0	0	0	0	0	0	0	0	0	0	0	0	0	0	0	1	0	0	0	0	0	0	0	0	0
NA_CASSQMGLATDTQYF	0	0	0	0	0	0	0	0	0	0	0	0	0	0	0	1	0	0	0	0	0	0	0	0	0
NA_CASSQNSNQPQHF	0	0	0	0	0	0	0	0	0	0	0	0	1	0	0	0	0	0	0	0	0	0	0	0	0
NA_CASSQPLGRDRGGGYTF	0	0	0	0	0	0	0	0	0	0	0	0	0	0	0	1	0	0	0	0	0	0	0	0	0
NA_CASSQQPGSYQPQHF	0	1	0	0	0	0	0	0	0	0	0	0	0	0	0	0	0	0	0	0	0	0	0	0	0
NA_CASSQSATNEKLFF	0	0	0	0	0	0	0	0	0	0	0	0	1	0	0	0	0	0	0	0	0	0	0	0	0
NA_CASSQSGTGRNSPLHF	0	0	0	0	0	0	0	0	0	0	0	0	0	0	0	1	0	0	0	0	0	0	0	0	0
NA_CASSQSRGDNQPQHF	0	0	0	0	0	0	0	0	0	0	0	0	0	0	0	1	0	0	0	0	0	0	0	0	0
NA_CASSQTGSLNTEAFF	0	1	0	0	0	0	0	0	0	0	0	0	0	0	0	0	0	0	0	0	0	0	0	0	0
NA_CASSQVVGSKPQHF	0	0	0	0	0	0	0	0	0	0	0	0	0	0	0	1	0	0	0	0	0	0	0	0	0
NA_CASSRETGNTIYF	0	1	0	0	0	0	0	0	0	0	0	0	0	0	0	0	0	0	0	0	0	0	0	0	0
NA_CASSREYEQYF	0	0	0	0	0	0	0	0	0	0	0	1	0	0	0	0	0	0	0	0	0	0	0	0	0
NA_CASSRGGGNTEAFF	0	0	0	0	0	0	0	0	0	0	0	0	0	0	0	0	0	0	0	0	0	1	0	0	0
NA_CASSRPGGGRTDTQYF	0	0	0	1	0	0	0	0	0	0	0	0	0	0	0	0	0	0	0	0	0	0	0	0	0
NA_CASSRTLGLLREGSQETQYF	0	1	0	0	0	0	0	0	0	0	0	0	0	0	0	0	0	0	0	0	0	0	0	0	0
NA_CASSRTSGGYTEQFF	0	0	0	1	0	0	0	0	0	0	0	0	0	0	0	0	0	0	0	0	0	0	0	0	0
NA_CASSSAYEQYF	0	0	0	0	0	0	0	0	0	0	1	0	0	0	0	0	0	0	0	0	0	0	0	0	0
NA_CASSSAYREAYEQYF	0	0	0	0	0	0	0	0	0	0	0	1	0	0	0	0	0	0	0	0	0	0	0	0	0
NA_CASSSGGANVLTF	0	0	0	1	0	0	0	0	0	0	0	0	0	0	0	0	0	0	0	0	0	0	0	0	0
NA_CASSSGNYGYTF	0	0	0	0	0	1	0	0	0	0	0	0	0	0	0	0	0	0	0	0	0	0	0	0	0
NA_CASSSGTGFNSPLHF	0	0	0	1	0	0	0	0	0	0	0	0	0	0	0	0	0	0	0	0	0	0	0	0	0
NA_CASSSGTSGTYEQYF	0	1	0	0	0	0	0	0	0	0	0	0	0	0	0	0	0	0	0	0	0	0	0	0	0
NA_CASSSKQGDTEAFF	0	0	0	0	0	0	0	0	0	0	1	0	0	0	0	0	0	0	0	0	0	0	0	0	0
NA_CASSSLGQSNTEAFF	0	1	0	0	0	0	0	0	0	0	0	0	0	0	0	0	0	0	0	0	0	0	0	0	0
NA_CASSSPGQGTGELFF	0	0	0	0	0	0	0	0	0	0	0	0	1	0	0	0	0	0	0	0	0	0	0	0	0
NA_CASSSPLAFTYNEQFF	0	1	0	0	0	0	0	0	0	0	0	0	0	0	0	0	0	0	0	0	0	0	0	0	0
NA_CASSSRDSPGTGELFF	0	0	0	0	0	0	0	0	0	0	1	0	0	0	0	0	0	0	0	0	0	0	0	0	0
NA_CASSSRQGNSPLHF	0	0	0	0	0	0	0	0	0	0	0	1	0	0	0	0	0	0	0	0	0	0	0	0	0
NA_CASSSSLTGDTEAFF	0	0	0	1	0	0	0	0	0	0	0	0	0	0	0	0	0	0	0	0	0	0	0	0	0
NA_CASSSYNEQFF	0	1	0	0	0	0	0	0	0	0	0	0	0	0	0	0	0	0	0	0	0	0	0	0	0
NA_CASSSYPTGEKLFF	0	0	0	0	0	0	0	0	1	0	0	0	0	0	0	0	0	0	0	0	0	0	0	0	0
NA_CASSTGTGQLGAEAFF	0	1	0	0	0	0	0	0	0	0	0	0	0	0	0	0	0	0	0	0	0	0	0	0	0
NA_CASSTLLLQDTQYF	0	1	0	0	0	0	0	0	0	0	0	0	0	0	0	0	0	0	0	0	0	0	0	0	0
NA_CASSTRGSNYEQYF	0	0	0	1	0	0	0	0	0	0	0	0	0	0	0	0	0	0	0	0	0	0	0	0	0
NA_CASSTRQGVNTEAFF	0	0	0	1	0	0	0	0	0	0	0	0	0	0	0	0	0	0	0	0	0	0	0	0	0
NA_CASSTRTGWETQYF	0	0	0	0	0	0	0	0	0	0	1	0	0	0	0	0	0	0	0	0	0	0	0	0	0
NA_CASSTSGSEQYF	0	0	0	0	0	1	0	0	0	0	0	0	0	0	0	0	0	0	0	0	0	0	0	0	0
NA_CASSTTGTKDMVWGEQYF	0	0	0	0	0	0	0	0	1	0	0	0	0	0	0	0	0	0	0	0	0	0	0	0	0
NA_CASSVAGSTYEQYF	0	1	0	0	0	0	0	0	0	0	0	0	0	0	0	0	0	0	0	0	0	0	0	0	0
NA_CASSVGDLHTYGYTF	0	0	0	0	0	1	0	0	0	0	0	0	0	0	0	0	0	0	0	0	0	0	0	0	0
NA_CASSVGQYYNEQFF	0	1	0	0	0	0	0	0	0	0	0	0	0	0	0	0	0	0	0	0	0	0	0	0	0
NA_CASSVMSRAENTEAFF	0	1	0	0	0	0	0	0	0	0	0	0	0	0	0	0	0	0	0	0	0	0	0	0	0
NA_CASSVPGTGGRGYTF	0	1	0	0	0	0	0	0	0	0	0	0	0	0	0	0	0	0	0	0	0	0	0	0	0
NA_CASSVSQGLYTEAFF	0	0	0	0	0	0	0	0	0	0	0	0	1	0	0	0	0	0	0	0	0	0	0	0	0
NA_CASSVVGMEGLNEQYF	0	0	0	1	0	0	0	0	0	0	0	0	0	0	0	0	0	0	0	0	0	0	0	0	0
NA_CASSWPGGSSYNEQFF	0	0	0	0	0	1	0	0	0	0	0	0	0	0	0	0	0	0	0	0	0	0	0	0	0
NA_CASSWTLLGTYEQYF	0	1	0	0	0	0	0	0	0	0	0	0	0	0	0	0	0	0	0	0	0	0	0	0	0
NA_CASSYDPTTFAKQYF	0	1	0	0	0	0	0	0	0	0	0	0	0	0	0	0	0	0	0	0	0	0	0	0	0
NA_CASSYGAEGYTF	0	0	0	1	0	0	0	0	0	0	0	0	0	0	0	0	0	0	0	0	0	0	0	0	0
NA_CASSYIGQEIDRETQYF	0	1	0	0	0	0	0	0	0	0	0	0	0	0	0	0	0	0	0	0	0	0	0	0	0
NA_CASSYLDSSNQPQHF	0	0	0	1	0	0	0	0	0	0	0	0	0	0	0	0	0	0	0	0	0	0	0	0	0
NA_CASSYLSNTGELFF	0	0	0	0	0	1	0	0	0	0	0	0	0	0	0	0	0	0	0	0	0	0	0	0	0
NA_CASSYPGGYEQYF	0	0	0	1	0	0	0	0	0	0	0	0	0	0	0	0	0	0	0	0	0	0	0	0	0
NA_CASSYPGNQETQYF	0	0	0	1	0	0	0	0	0	0	0	0	0	0	0	0	0	0	0	0	0	0	0	0	0
NA_CASSYPGTGESEAFF	0	0	0	0	0	0	0	0	0	0	0	0	1	0	0	0	0	0	0	0	0	0	0	0	0
NA_CASSYPTGGSWDTEAFF	0	1	0	0	0	0	0	0	0	0	0	0	0	0	0	0	0	0	0	0	0	0	0	0	0
NA_CASSYQGGNEQYF	0	1	0	0	0	0	0	0	0	0	0	0	0	0	0	0	0	0	0	0	0	0	0	0	0
NA_CASSYQPGNSGNTIYF	0	1	0	0	0	0	0	0	0	0	0	0	0	0	0	0	0	0	0	0	0	0	0	0	0
NA_CASSYSAAHTGELFF	0	0	0	0	0	1	0	0	0	0	0	0	0	0	0	0	0	0	0	0	0	0	0	0	0
NA_CASSYSDYNEQFF	0	0	0	0	0	1	0	0	0	0	0	0	0	0	0	0	0	0	0	0	0	0	0	0	0
NA_CASSYSGGVGTGELFF	0	0	0	1	0	0	0	0	0	0	0	0	0	0	0	0	0	0	0	0	0	0	0	0	0
NA_CASSYSIGPASGYEQYF	0	0	0	1	0	0	0	0	0	0	0	0	0	0	0	0	0	0	0	0	0	0	0	0	0
NA_CASSYSLAGEGADTQYF	0	0	0	0	0	2	0	0	0	0	0	0	0	0	0	0	0	0	0	0	0	0	0	0	0
NA_CASSYSLGQAKNIQYF	0	1	0	0	0	0	0	0	0	0	0	0	0	0	0	0	0	0	0	0	0	0	0	0	0
NA_CASSYSLQGGQSQPQHF	0	1	0	0	0	0	0	0	0	0	0	0	0	0	0	0	0	0	0	0	0	0	0	0	0
NA_CASSYSRGSADTQYF	0	1	0	0	0	0	0	0	0	0	0	0	0	0	0	0	0	0	0	0	0	0	0	0	0
NA_CASSYTRDPPHNEQFF	0	0	0	1	0	0	0	0	0	0	0	0	0	0	0	0	0	0	0	0	0	0	0	0	0
NA_CASTESGGPYEQYF	0	0	0	0	0	0	0	0	0	0	0	0	1	0	0	0	0	0	0	0	0	0	0	0	0
NA_CASTHGVIQYF	0	0	0	0	0	0	0	0	0	0	0	0	1	0	0	0	0	0	0	0	0	0	0	0	0
NA_CASTIGMGNQPQHF	0	0	0	0	0	0	0	0	1	0	0	0	0	0	0	0	0	0	0	0	0	0	0	0	0
NA_CASTLAVVGEQYF	0	0	0	0	0	0	0	0	0	1	0	0	0	0	0	0	0	0	0	0	0	0	0	0	0
NA_CASTPLPPGQSPLHF	0	0	0	0	0	0	0	0	1	0	0	0	0	0	0	0	0	0	0	0	0	0	0	0	0
NA_CASTRPGDTQYF	0	1	0	0	0	0	0	0	0	0	0	0	0	0	0	0	0	0	0	0	0	0	0	0	0
NA_CASTVSVTDTQYF	0	1	0	0	0	0	0	0	0	0	0	0	0	0	0	0	0	0	0	0	0	0	0	0	0
NA_CASVGNQGQPQHF	0	1	0	0	0	0	0	0	0	0	0	0	0	0	0	0	0	0	0	0	0	0	0	0	0
NA_CASVSRTDTQYF	0	0	0	0	0	0	0	0	1	0	0	0	0	0	0	0	0	0	0	0	0	0	0	0	0
NA_CASYEDTIYF	0	0	0	1	0	0	0	0	0	0	0	0	0	0	0	0	0	0	0	0	0	0	0	0	0
NA_CATSDFPGQGDTDTQYF	0	1	0	0	0	0	0	0	0	0	0	0	0	0	0	0	0	0	0	0	0	0	0	0	0
NA_CATSDLDRASSYNEQFF	0	1	0	0	0	0	0	0	0	0	0	0	0	0	0	0	0	0	0	0	0	0	0	0	0
NA_CATSDPTRSDEQFF	0	1	0	0	0	0	0	0	0	0	0	0	0	0	0	0	0	0	0	0	0	0	0	0	0
NA_CATSDTMSGRDRNEQFF	0	0	0	0	0	0	0	0	1	0	0	0	0	0	0	0	0	0	0	0	0	0	0	0	0
NA_CATSEGGTSNTEAFF	0	1	0	0	0	0	0	0	0	0	0	0	0	0	0	0	0	0	0	0	0	0	0	0	0
NA_CATSETDNQPQHF	0	0	0	1	0	0	0	0	0	0	0	0	0	0	0	0	0	0	0	0	0	0	0	0	0
NA_CATSMSGPSYEQYF	0	1	0	0	0	0	0	0	0	0	0	0	0	0	0	0	0	0	0	0	0	0	0	0	0
NA_CATSPGISSYNEQFF	0	0	0	0	0	0	0	0	1	0	0	0	0	0	0	0	0	0	0	0	0	0	0	0	0
NA_CATSRDKPLDRENTEAFF	0	1	0	0	0	0	0	0	0	0	0	0	0	0	0	0	0	0	0	0	0	0	0	0	0
NA_CATSRDLASGGVKDTQYF	0	1	0	0	0	0	0	0	0	0	0	0	0	0	0	0	0	0	0	0	0	0	0	0	0
NA_CATSRDPYNEQFF	0	0	0	1	0	0	0	0	0	0	0	0	0	0	0	0	0	0	0	0	0	0	0	0	0
NA_CATSRGVSSGNTIYF	0	0	0	1	0	0	0	0	0	0	0	0	0	0	0	0	0	0	0	0	0	0	0	0	0
NA_CAWGGTAESGNTIYF	0	0	0	1	0	0	0	0	0	0	0	0	0	0	0	0	0	0	0	0	0	0	0	0	0
NA_CAWRDSNTEAFF	0	1	0	0	0	0	0	0	0	0	0	0	0	0	0	0	0	0	0	0	0	0	0	0	0
NA_CAWSEFLLGAGGPTGQFF	0	1	0	0	0	0	0	0	0	0	0	0	0	0	0	0	0	0	0	0	0	0	0	0	0
NA_CAWSRTGLAGDTQYF	0	0	0	1	0	0	0	0	0	0	0	0	0	0	0	0	0	0	0	0	0	0	0	0	0
NA_CAWSTAQGGAETQYF	0	1	0	0	0	0	0	0	0	0	0	0	0	0	0	0	0	0	0	0	0	0	0	0	0
NA_CAWSVGAYSNQPQHF	0	1	0	0	0	0	0	0	0	0	0	0	0	0	0	0	0	0	0	0	0	0	0	0	0
NA_CAWTSGAGDTQYF	0	1	0	0	0	0	0	0	0	0	0	0	0	0	0	0	0	0	0	0	0	0	0	0	0
NA_CSAAGGREGPGNTIYF	0	0	0	0	0	0	0	1	0	0	0	0	0	0	0	0	0	0	0	0	0	0	0	0	0
NA_CSAGGGDYEQYF	0	1	0	0	0	0	0	0	0	0	0	0	0	0	0	0	0	0	0	0	0	0	0	0	0
NA_CSAHIPGGGGETQYF	0	0	0	0	0	0	0	1	0	0	0	0	0	0	0	0	0	0	0	0	0	0	0	0	0
NA_CSAKAAALRDQPQHF	0	0	0	0	0	0	0	1	0	0	0	0	0	0	0	0	0	0	0	0	0	0	0	0	0
NA_CSALDRGNQPQHF	0	0	0	0	0	0	0	1	0	0	0	0	0	0	0	0	0	0	0	0	0	0	0	0	0
NA_CSAPDGYEQYF	0	0	0	0	0	0	0	0	0	0	0	0	0	0	0	0	0	0	0	0	0	0	0	0	1
NA_CSAPKPGVNTEAFF	0	0	0	0	0	0	0	1	0	0	0	0	0	0	0	0	0	0	0	0	0	0	0	0	0
NA_CSAPRAGGPYEQYF	0	0	0	0	0	0	0	1	0	0	0	0	0	0	0	0	0	0	0	0	0	0	0	0	0
NA_CSARASYEQYF	0	0	0	0	0	0	0	1	0	0	0	0	0	0	0	0	0	0	0	0	0	0	0	0	0
NA_CSARAVLAGDAGEQFF	0	0	0	0	0	1	0	0	0	0	0	0	0	0	0	0	0	0	0	0	0	0	0	0	0
NA_CSARDLSGGDNEQFF	0	0	0	0	0	0	0	1	0	0	0	0	0	0	0	0	0	0	0	0	0	0	0	0	0
NA_CSARGLAEYNEQFF	0	0	0	0	0	0	0	1	0	0	0	0	0	0	0	0	0	0	0	0	0	0	0	0	0
NA_CSARGTGALGEKLFF	0	0	0	0	0	0	0	1	0	0	0	0	0	0	0	0	0	0	0	0	0	0	0	0	0
NA_CSARKEGTEAFF	0	0	0	0	0	0	0	0	0	0	0	0	0	0	0	0	1	0	0	0	0	0	0	0	0
NA_CSARNPNMNTEAFF	0	0	0	0	0	1	0	0	0	0	0	0	0	0	0	0	0	0	0	0	0	0	0	0	0
NA_CSARPLPSGGSYNEQFF	0	0	0	0	0	0	0	1	0	0	0	0	0	0	0	0	0	0	0	0	0	0	0	0	0
NA_CSARPPDGGKGGPGNTIYF	0	0	0	0	0	0	0	1	0	0	0	0	0	0	0	0	0	0	0	0	0	0	0	0	0
NA_CSARRGAGDEQFF	0	0	0	0	0	0	0	1	0	0	0	0	0	0	0	0	0	0	0	0	0	0	0	0	0
NA_CSARSGATDTQYF	0	0	0	0	0	0	0	1	0	0	0	0	0	0	0	0	0	0	0	0	0	0	0	0	0
NA_CSARTGSNYGYTF	0	0	0	0	0	1	0	0	0	0	0	0	0	0	0	0	0	0	0	0	0	0	0	0	0
NA_CSARVAESYGYTF	0	1	0	0	0	0	0	0	0	0	0	0	0	0	0	0	0	0	0	0	0	0	0	0	0
NA_CSARVERELYNEQFF	0	0	0	0	0	0	0	1	0	0	0	0	0	0	0	0	0	0	0	0	0	0	0	0	0
NA_CSASGGARERAFF	0	0	0	0	0	0	0	1	0	0	0	0	0	0	0	0	0	0	0	0	0	0	0	0	0
NA_CSASKRGNYGYTF	0	0	0	0	0	0	0	1	0	0	0	0	0	0	0	0	0	0	0	0	0	0	0	0	0
NA_CSASRSSNQPQHF	0	0	0	0	0	0	0	1	0	0	0	0	0	0	0	0	0	0	0	0	0	0	0	0	0
NA_CSASSTGYEQYF	0	0	0	0	0	0	0	0	0	1	0	0	0	0	0	0	0	0	0	0	0	0	0	0	0
NA_CSATNPSWAQYF	0	0	0	0	0	0	0	0	0	1	0	0	0	0	0	0	0	0	0	0	0	0	0	0	0
NA_CSAYDYIAGRNEQFF	0	0	0	0	0	0	0	1	0	0	0	0	0	0	0	0	0	0	0	0	0	0	0	0	0
NA_CSRFMDSGSSYEQYF	0	0	0	0	0	0	0	0	1	0	0	0	0	0	0	0	0	0	0	0	0	0	0	0	0
NA_CSVARGTTYNEQFF	0	1	0	0	0	0	0	0	0	0	0	0	0	0	0	0	0	0	0	0	0	0	0	0	0
NA_CSVERETQYF	0	1	0	0	0	0	0	0	0	0	0	0	0	0	0	0	0	0	0	0	0	0	0	0	0
NA_CSVGGGHVGAGEAFF	0	0	0	0	0	0	0	1	0	0	0	0	0	0	0	0	0	0	0	0	0	0	0	0	0
NA_CSVMNTGELFF	0	1	0	0	0	0	0	0	0	0	0	0	0	0	0	0	0	0	0	0	0	0	0	0	0
NA_CSVPAGGGLSNNQPQHF	0	1	0	0	0	0	0	0	0	0	0	0	0	0	0	0	0	0	0	0	0	0	0	0	0
NA_CSVRNGGISYEQYF	0	1	0	0	0	0	0	0	0	0	0	0	0	0	0	0	0	0	0	0	0	0	0	0	0
